200 800
1 1 1 1 1 1 1 1 1 1 1 1 
1 1 1 1 1 1 1 1 1 1 1 1 
1 1 1 1 1 1 1 1 1 1 1 1 
1 1 1 1 1 1 1 1 1 1 1 1 
1 1 1 1 1 1 1 1 1 1 1 1 
1 1 1 1 1 1 1 1 1 1 1 1 
1 1 1 1 1 1 1 1 1 1 1 1 
1 1 1 1 1 1 1 1 1 1 1 1 
1 1 1 1 1 1 1 1 1 1 1 1 
1 1 1 1 1 1 1 1 1 1 1 1 
1 1 1 1 1 1 1 1 1 1 1 1 
1 1 1 1 1 1 1 1 1 1 1 1 
1 1 1 1 1 1 1 1 1 1 1 1 
1 1 1 1 1 1 1 1 1 1 1 1 
1 1 1 1 1 1 1 1 1 1 1 1 
1 1 1 1 1 1 1 1 1 1 1 1 
1 1 1 1 1 1 1 1 1 1 1 1 
1 1 1 1 1 1 1 1 1 1 1 1 
1 1 1 1 1 1 1 1 1 1 1 1 
1 1 1 1 1 1 1 1 1 1 1 1 
1 1 1 1 1 1 1 1 1 1 1 1 
1 1 1 1 1 1 1 1 1 1 1 1 
1 1 1 1 1 1 1 1 1 1 1 1 
1 1 1 1 1 1 1 1 1 1 1 1 
1 1 1 1 1 1 1 1 1 1 1 1 
1 1 1 1 1 1 1 1 1 1 1 1 
1 1 1 1 1 1 1 1 1 1 1 1 
1 1 1 1 1 1 1 1 1 1 1 1 
1 1 1 1 1 1 1 1 1 1 1 1 
1 1 1 1 1 1 1 1 1 1 1 1 
1 1 1 1 1 1 1 1 1 1 1 1 
1 1 1 1 1 1 1 1 1 1 1 1 
1 1 1 1 1 1 1 1 1 1 1 1 
1 1 1 1 1 1 1 1 1 1 1 1 
1 1 1 1 1 1 1 1 1 1 1 1 
1 1 1 1 1 1 1 1 1 1 1 1 
1 1 1 1 1 1 1 1 1 1 1 1 
1 1 1 1 1 1 1 1 1 1 1 1 
1 1 1 1 1 1 1 1 1 1 1 1 
1 1 1 1 1 1 1 1 1 1 1 1 
1 1 1 1 1 1 1 1 1 1 1 1 
1 1 1 1 1 1 1 1 1 1 1 1 
1 1 1 1 1 1 1 1 1 1 1 1 
1 1 1 1 1 1 1 1 1 1 1 1 
1 1 1 1 1 1 1 1 1 1 1 1 
1 1 1 1 1 1 1 1 1 1 1 1 
1 1 1 1 1 1 1 1 1 1 1 1 
1 1 1 1 1 1 1 1 1 1 1 1 
1 1 1 1 1 1 1 1 1 1 1 1 
1 1 1 1 1 1 1 1 1 1 1 1 
1 1 1 1 1 1 1 1 1 1 1 1 
1 1 1 1 1 1 1 1 1 1 1 1 
1 1 1 1 1 1 1 1 1 1 1 1 
1 1 1 1 1 1 1 1 1 1 1 1 
1 1 1 1 1 1 1 1 1 1 1 1 
1 1 1 1 1 1 1 1 1 1 1 1 
1 1 1 1 1 1 1 1 1 1 1 1 
1 1 1 1 1 1 1 1 1 1 1 1 
1 1 1 1 1 1 1 1 1 1 1 1 
1 1 1 1 1 1 1 1 1 1 1 1 
1 1 1 1 1 1 1 1 1 1 1 1 
1 1 1 1 1 1 1 1 1 1 1 1 
1 1 1 1 1 1 1 1 1 1 1 1 
1 1 1 1 1 1 1 1 1 1 1 1 
1 1 1 1 1 1 1 1 1 1 1 1 
1 1 1 1 1 1 1 1 1 1 1 1 
1 1 1 1 1 1 1 1 
226
1 3 6 8 21 33 36 44 47 50 51 60 
64 65 69 73 76 77 79 82 83 84 86 89 
91 93 94 96 100 102 104 105 106 107 109 112 
116 118 119 122 124 134 136 137 138 140 142 144 
154 155 156 162 171 173 174 191 199 201 204 205 
208 210 218 223 224 227 233 234 238 241 244 246 
248 249 253 255 256 257 259 262 266 276 286 287 
290 292 293 294 302 308 310 315 316 326 335 337 
343 344 348 353 356 361 363 368 372 374 378 379 
380 385 393 398 402 403 412 413 417 420 428 429 
430 435 436 437 440 442 447 448 450 453 454 462 
472 473 478 483 485 489 493 494 496 499 500 509 
510 511 514 517 518 519 527 531 539 541 542 546 
548 553 560 563 565 576 580 581 582 585 586 597 
603 608 609 616 618 619 623 627 636 637 642 644 
648 649 650 652 656 658 659 660 663 668 669 673 
674 676 677 681 682 684 689 691 692 693 697 704 
710 712 718 739 744 751 753 756 757 758 763 764 
765 767 769 770 773 786 790 794 797 798 
242
1 2 6 7 8 17 21 31 33 34 36 44 
46 48 52 58 60 62 69 72 75 77 81 82 
83 85 88 92 96 101 104 106 107 111 113 119 
125 128 130 135 137 142 147 149 155 156 158 166 
167 169 179 180 181 186 190 192 202 203 206 207 
214 215 220 226 237 239 241 243 250 252 253 254 
255 260 265 267 268 271 279 280 282 287 293 294 
298 299 300 302 305 307 310 316 319 320 324 329 
332 345 346 347 349 351 353 356 357 360 367 368 
373 375 376 382 383 384 401 406 408 409 410 415 
420 421 422 431 433 434 436 437 446 447 450 458 
461 464 469 470 474 478 481 485 493 497 499 501 
510 511 512 517 522 523 530 533 534 537 538 543 
545 548 549 556 557 560 561 563 568 569 570 574 
580 582 583 586 588 590 593 597 598 600 603 606 
610 615 620 625 626 631 639 641 647 650 652 653 
656 660 661 668 669 675 677 681 684 685 690 691 
695 698 703 704 708 709 715 718 721 722 725 728 
730 734 738 741 745 746 749 751 755 756 757 758 
765 766 767 771 772 777 778 783 790 791 793 794 
795 797 
229
2 3 5 6 9 10 11 14 18 21 22 23 
26 32 35 38 42 46 55 60 64 66 71 74 
78 83 84 87 91 92 95 104 106 114 115 117 
118 120 121 128 134 137 145 146 152 156 157 159 
163 165 166 167 168 174 175 186 188 191 194 195 
196 199 201 205 206 207 217 219 221 227 228 230 
232 238 247 248 250 260 265 276 277 278 283 284 
289 293 294 309 311 313 316 322 323 328 329 333 
334 335 337 341 347 353 356 362 363 366 376 377 
382 386 388 390 391 395 396 398 401 402 406 408 
412 415 416 418 423 426 428 430 433 438 439 446 
451 455 456 458 466 467 470 471 476 478 482 483 
485 487 491 495 500 504 506 510 512 515 517 520 
530 541 550 551 554 555 556 561 568 571 572 573 
576 577 578 585 589 595 598 603 607 612 617 622 
623 624 628 629 630 634 635 637 638 640 644 647 
649 652 655 657 666 672 674 677 680 687 688 694 
695 699 706 709 711 714 715 716 718 725 727 735 
737 748 749 750 752 753 758 763 769 783 791 794 
799 
240
5 7 9 15 21 22 23 27 28 46 47 49 
50 56 58 59 60 63 66 68 72 86 95 96 
102 103 106 111 115 119 129 130 135 136 142 144 
145 146 153 156 161 164 166 169 170 171 177 178 
181 184 185 187 189 190 192 193 198 200 201 204 
210 214 217 219 222 224 232 242 243 245 247 249 
254 255 258 261 265 268 272 274 276 277 278 279 
280 283 284 286 287 294 297 299 301 303 305 307 
309 310 311 319 321 322 331 333 337 341 345 354 
361 363 365 373 377 384 386 392 396 403 406 407 
410 411 413 416 418 421 430 432 434 435 437 445 
446 452 453 459 474 475 479 480 481 484 493 494 
495 497 501 502 503 515 519 522 523 526 529 534 
535 537 544 548 550 553 554 556 565 566 571 572 
573 577 578 580 583 589 590 593 598 599 607 612 
614 617 620 622 625 628 630 634 636 639 650 659 
660 662 671 676 679 681 686 687 691 693 694 696 
701 705 712 715 716 718 719 724 729 735 736 737 
738 743 745 747 748 751 753 754 756 764 766 771 
772 776 778 779 781 782 784 785 787 793 797 798 
226
2 4 8 15 20 21 23 24 26 28 29 32 
34 37 38 44 49 50 54 57 61 66 67 68 
76 77 87 92 97 112 114 118 125 131 132 134 
135 137 145 155 156 158 159 161 166 168 169 175 
178 179 182 189 192 200 206 207 212 217 219 231 
238 245 247 249 258 260 265 266 268 269 272 273 
287 290 293 295 297 300 301 307 309 311 315 317 
319 323 326 327 335 339 341 343 347 348 349 350 
352 357 364 365 368 370 372 376 378 385 388 391 
392 395 400 406 413 420 423 424 431 435 437 440 
445 448 451 452 455 456 459 462 466 469 471 472 
473 474 476 478 480 483 495 498 521 526 528 529 
530 531 536 537 541 544 547 548 550 551 552 555 
556 557 559 562 564 568 570 572 576 578 582 586 
588 589 590 591 592 595 596 600 602 608 609 618 
620 621 624 631 634 637 638 645 654 655 661 667 
672 688 689 692 694 695 701 704 707 712 715 716 
719 724 725 726 729 733 743 753 758 760 761 762 
765 770 773 776 778 781 786 788 789 790 
245
1 2 8 11 16 18 20 22 23 29 30 31 
34 43 44 46 49 50 55 56 58 59 60 69 
71 76 81 85 87 88 91 95 96 101 102 104 
109 114 117 118 123 134 136 141 143 145 147 149 
153 154 156 159 163 167 169 172 178 183 186 193 
194 195 198 200 201 206 209 211 212 218 222 223 
233 234 236 238 239 240 241 245 248 250 251 258 
266 268 270 273 274 285 289 298 300 302 303 306 
308 312 315 317 322 324 338 342 344 352 354 355 
363 365 367 369 378 380 383 385 389 391 395 406 
415 418 421 423 424 435 438 439 441 443 450 453 
462 464 467 469 470 472 475 478 484 487 497 499 
501 504 505 508 510 512 518 519 520 521 523 531 
539 542 555 557 558 559 562 563 569 571 573 575 
576 578 579 584 586 587 588 592 595 604 605 610 
612 613 614 616 617 619 625 626 628 630 632 634 
636 638 640 643 645 648 649 654 657 662 664 669 
673 678 681 683 684 685 689 693 694 696 700 702 
704 706 709 711 714 716 718 721 730 731 734 737 
747 748 757 759 762 770 771 772 775 781 783 785 
792 793 798 799 800 
242
1 4 6 9 13 18 19 22 24 26 27 30 
33 37 38 40 43 51 59 61 63 65 66 72 
76 77 79 80 83 84 89 100 101 104 109 116 
117 118 119 120 122 123 124 126 128 131 133 136 
140 142 143 148 154 157 164 168 170 172 175 182 
183 184 186 187 188 190 191 194 196 198 200 202 
213 215 218 221 223 225 228 232 233 235 237 240 
244 245 246 247 253 259 262 265 266 268 272 273 
284 285 289 291 296 297 298 305 307 308 309 313 
314 315 320 325 328 330 340 341 346 347 358 360 
375 385 389 392 394 395 400 404 414 415 419 422 
437 438 440 441 442 449 463 465 468 470 480 484 
486 487 491 492 494 496 498 499 502 506 513 515 
516 525 526 528 529 530 533 552 555 557 558 559 
567 569 572 573 574 575 581 583 585 591 593 596 
599 601 607 608 609 611 614 616 618 621 622 629 
636 638 639 640 655 659 662 671 673 674 675 678 
680 682 684 685 688 693 696 697 701 703 710 712 
719 720 722 725 731 732 740 741 745 751 752 755 
758 759 761 767 773 775 780 784 786 787 792 797 
799 800 
249
3 4 8 18 20 22 31 32 34 40 42 43 
45 46 47 48 57 58 60 66 72 74 76 78 
86 88 90 91 93 96 103 104 106 107 108 123 
124 125 134 140 150 151 153 158 161 163 168 172 
178 180 184 185 191 192 193 195 202 205 207 209 
210 212 215 216 217 219 223 224 228 234 241 245 
246 249 250 251 254 269 271 272 275 279 280 287 
288 290 292 295 296 298 300 301 305 309 311 317 
321 322 323 324 329 335 337 338 339 340 341 345 
346 348 351 352 353 356 360 361 362 366 369 373 
376 382 383 384 393 396 397 399 404 413 419 423 
430 433 434 437 442 445 448 449 458 460 470 472 
473 478 481 483 487 491 493 496 499 507 509 516 
517 518 521 523 525 526 527 531 535 538 548 550 
553 556 559 561 562 568 571 572 573 576 577 579 
584 589 591 598 601 605 606 608 617 619 620 622 
623 624 625 626 628 637 638 639 640 643 657 661 
662 665 667 668 674 675 677 679 683 687 688 700 
701 706 707 710 713 716 719 721 726 739 743 744 
746 747 759 760 762 763 768 770 772 777 778 781 
782 783 786 787 792 793 795 796 800 
249
2 3 5 6 11 12 13 15 18 20 27 28 
31 33 34 37 38 40 44 47 50 54 59 64 
71 76 81 82 83 88 91 94 95 99 102 103 
105 108 109 115 117 127 129 131 132 137 138 140 
142 149 150 153 154 155 160 161 166 172 176 182 
185 188 189 191 193 195 204 214 215 216 217 218 
219 220 225 229 233 236 239 242 243 245 246 249 
250 253 256 267 269 278 281 290 293 295 296 297 
299 303 310 314 315 316 317 318 320 323 324 330 
335 336 339 340 341 342 352 356 359 360 363 366 
367 372 376 377 395 400 402 403 409 410 414 419 
420 428 429 430 433 436 437 438 444 445 451 454 
458 460 463 467 471 473 475 477 491 492 494 498 
500 504 509 513 521 522 523 528 530 533 540 545 
546 556 559 561 563 564 567 570 579 581 582 585 
586 590 593 596 600 601 602 604 606 609 610 614 
615 616 619 622 625 631 634 636 638 643 650 651 
654 663 664 666 670 674 675 676 678 683 686 688 
690 692 700 701 705 707 708 710 713 714 717 723 
725 728 732 736 741 744 753 759 762 764 766 771 
775 776 778 779 782 788 791 794 795 
238
4 6 9 13 17 20 21 31 36 42 43 44 
45 48 49 51 53 58 60 62 64 65 66 69 
75 77 78 79 88 97 98 99 102 106 110 112 
114 115 116 117 118 120 122 123 126 136 137 144 
147 148 156 158 159 160 161 162 163 164 168 171 
178 182 184 186 191 192 195 196 201 205 206 207 
211 215 216 219 225 229 230 231 237 240 245 247 
248 250 251 252 254 256 258 261 277 287 289 291 
292 303 305 313 315 316 330 331 334 336 342 345 
348 349 351 352 360 365 373 379 380 381 384 385 
387 388 389 391 393 394 399 410 417 427 429 431 
435 438 441 445 447 449 452 456 462 464 472 477 
479 481 489 491 494 495 500 503 515 518 525 527 
530 533 535 538 539 540 542 543 544 548 549 552 
553 557 561 563 567 570 571 573 584 585 587 589 
600 601 605 607 610 612 616 618 623 629 632 638 
643 644 645 648 649 652 654 655 662 663 664 670 
677 681 682 683 685 691 697 701 702 703 706 707 
708 718 723 726 732 739 740 741 751 752 753 757 
758 759 771 785 787 788 789 796 797 800 
266
4 5 6 8 12 23 26 30 34 38 40 43 
45 47 49 50 51 55 59 64 67 69 71 74 
75 76 78 79 84 86 91 93 94 95 96 97 
101 102 105 109 114 118 119 120 121 125 127 129 
130 132 133 139 140 142 143 144 147 149 157 158 
159 160 161 163 167 170 174 180 181 182 183 185 
186 189 192 197 198 200 207 208 209 210 211 215 
216 217 221 222 224 234 245 253 258 267 268 271 
275 276 277 281 284 288 295 298 301 303 305 306 
315 320 324 331 332 349 350 351 354 359 360 361 
364 365 366 371 379 384 386 387 388 391 398 399 
407 408 414 429 430 431 432 434 437 438 441 442 
446 447 452 455 469 470 471 473 477 478 481 485 
498 499 504 507 512 513 522 524 527 530 534 535 
538 541 542 543 544 547 549 557 561 569 571 572 
573 574 575 576 577 580 581 583 584 587 592 594 
596 598 604 606 610 611 612 614 618 619 623 625 
628 632 633 635 637 643 644 645 647 650 651 652 
656 657 660 663 665 668 671 672 673 674 679 681 
684 685 686 691 693 695 697 700 707 714 715 718 
720 724 727 728 734 735 737 738 739 740 743 746 
748 757 761 774 775 777 779 783 784 787 789 793 
795 800 
223
10 13 14 15 16 18 23 25 26 37 42 45 
53 55 56 59 63 69 76 77 81 89 93 94 
95 100 103 106 108 116 117 118 121 125 126 129 
130 134 135 138 141 147 159 160 165 168 177 181 
196 201 205 213 216 218 221 223 231 234 237 239 
252 253 254 258 259 263 269 273 274 275 276 285 
286 288 290 300 306 315 317 321 323 324 329 330 
337 338 348 353 355 356 359 361 363 366 374 375 
379 385 388 389 394 399 405 406 409 410 412 413 
414 416 423 424 427 428 429 430 445 447 449 451 
463 468 469 472 473 474 477 478 479 482 484 486 
488 492 498 503 509 510 512 516 517 518 527 529 
533 534 537 545 546 547 549 550 551 552 553 555 
556 562 565 569 574 575 581 586 587 591 594 596 
598 605 615 618 622 626 630 631 634 637 638 643 
645 649 650 652 655 661 662 666 667 671 673 678 
681 689 690 693 694 701 704 706 710 711 713 716 
718 720 736 738 739 742 746 753 756 759 776 780 
783 785 794 795 796 799 800 
204
1 5 6 7 11 19 22 23 30 34 37 44 
46 58 61 62 64 66 68 70 72 75 83 85 
88 90 93 99 101 102 109 111 116 119 124 125 
126 132 136 140 149 154 169 172 173 174 178 198 
199 202 211 216 218 223 226 233 234 238 242 254 
255 260 261 263 265 268 271 283 284 286 287 291 
299 303 304 306 307 309 311 318 319 335 336 337 
339 341 343 349 353 356 358 364 366 371 380 384 
393 401 405 412 413 415 416 417 428 431 432 434 
437 439 440 442 443 448 453 456 474 477 479 480 
483 493 504 507 508 512 516 522 523 525 542 544 
551 552 554 556 560 562 570 571 575 577 581 588 
590 591 592 596 598 604 607 610 615 620 622 624 
625 637 638 639 641 642 643 644 654 662 667 669 
673 678 682 687 692 693 696 698 699 700 703 705 
706 715 716 720 723 725 726 729 730 743 747 750 
751 763 766 767 771 772 773 775 778 785 789 797 
246
1 14 15 16 17 18 19 21 22 23 27 33 
35 41 43 45 46 49 54 57 62 72 75 84 
85 86 87 88 90 91 96 100 101 102 103 106 
109 110 120 123 130 131 152 154 155 160 163 166 
168 171 175 176 177 183 190 196 198 199 200 202 
203 210 214 218 219 220 222 224 230 231 243 245 
254 255 256 257 262 269 273 275 283 287 288 289 
293 296 300 303 308 310 313 314 315 316 320 321 
322 325 328 330 334 339 343 346 347 352 353 360 
363 367 369 371 381 382 383 384 389 393 396 402 
409 410 414 417 418 421 422 423 425 426 429 433 
436 437 441 442 449 454 459 460 463 464 465 468 
470 472 474 477 481 495 496 498 499 500 501 510 
512 515 517 520 522 523 526 527 529 531 532 533 
534 535 537 543 548 549 558 564 566 568 573 574 
575 579 581 584 589 591 597 602 611 618 624 625 
628 629 633 635 636 638 640 642 643 644 652 653 
655 660 661 664 665 666 672 678 685 686 688 693 
694 696 697 700 705 706 710 712 722 726 727 731 
736 737 738 740 743 748 752 759 769 772 773 775 
777 784 785 788 795 798 
214
5 9 10 11 14 15 16 22 25 30 35 38 
40 41 42 45 49 57 58 64 69 72 73 74 
78 83 85 86 90 91 92 102 104 108 109 114 
115 119 120 122 124 129 131 133 137 140 141 144 
149 154 158 161 162 164 176 177 180 184 186 201 
206 207 210 215 220 225 227 228 231 232 235 236 
237 238 248 263 269 271 272 273 274 276 277 288 
292 296 306 307 314 315 319 327 332 336 338 351 
355 357 365 366 367 368 370 374 375 376 380 381 
392 397 401 402 405 414 418 419 424 434 436 440 
447 451 456 457 459 460 461 463 468 470 477 478 
484 489 491 492 493 494 496 506 509 513 515 521 
528 531 535 537 541 550 553 555 556 559 560 562 
564 572 576 577 582 583 585 586 588 595 598 603 
611 612 613 617 620 623 624 638 639 643 645 646 
652 661 662 664 671 683 684 685 686 688 690 695 
706 710 713 719 724 727 728 740 744 747 752 753 
755 756 757 758 763 768 775 776 780 799 
248
4 10 14 15 19 26 27 32 33 37 38 40 
41 42 46 48 51 53 55 56 57 58 59 65 
67 74 82 87 88 89 91 96 99 104 105 106 
107 112 115 116 125 126 127 133 134 137 139 147 
157 161 163 164 169 178 187 194 198 204 205 207 
216 217 221 222 226 227 237 238 239 240 244 245 
251 257 258 259 260 265 268 271 275 281 282 284 
285 287 288 289 292 297 298 303 304 309 313 314 
316 318 322 323 324 328 329 333 335 349 350 352 
355 359 364 365 367 372 373 380 390 391 395 396 
397 399 401 402 407 408 410 413 416 417 426 436 
437 439 442 445 450 458 459 465 468 475 477 480 
481 482 483 485 488 490 491 496 501 503 504 505 
506 507 509 516 521 525 527 533 538 540 541 542 
552 556 557 560 562 567 572 573 577 579 580 583 
590 592 593 597 598 602 605 606 609 610 612 613 
617 618 619 622 623 628 629 634 637 639 640 642 
643 645 651 658 659 662 664 669 670 673 675 677 
679 680 681 686 689 701 704 711 713 714 719 720 
733 739 741 744 747 749 751 755 756 760 762 763 
770 771 774 781 783 788 790 800 
231
7 12 14 16 18 20 24 25 31 34 36 37 
38 39 41 45 46 54 55 56 57 60 61 67 
68 70 74 78 91 93 97 98 99 108 110 111 
119 120 122 123 135 147 148 153 158 161 162 168 
169 170 173 174 176 179 185 187 188 195 197 198 
200 203 205 208 216 219 221 225 229 230 231 233 
239 242 255 258 260 263 266 267 269 270 276 282 
283 285 287 289 293 302 303 305 307 313 319 320 
322 324 325 327 335 336 347 353 359 362 365 366 
370 372 378 384 397 398 402 404 410 415 416 418 
420 425 427 437 452 455 457 459 462 464 466 471 
472 474 479 480 481 483 485 486 490 496 497 498 
499 501 505 511 512 513 517 522 525 530 532 533 
534 536 540 543 545 546 549 551 553 554 555 559 
567 571 572 577 579 584 585 587 588 590 592 597 
602 603 605 606 608 611 613 622 627 635 636 638 
648 653 654 661 662 663 666 681 690 696 701 702 
703 713 716 727 728 730 742 744 745 746 747 756 
758 765 767 770 773 774 778 781 786 788 789 793 
794 797 799 
250
1 3 6 8 10 12 16 18 29 30 31 32 
34 40 45 49 50 57 61 70 71 72 74 77 
78 79 81 84 85 89 90 103 104 105 108 111 
112 115 118 120 121 122 123 125 129 130 131 135 
138 139 141 143 144 145 155 160 163 168 174 176 
183 184 185 186 191 192 195 196 197 201 206 207 
208 225 226 228 229 230 234 245 246 248 251 256 
258 260 262 269 271 276 280 282 288 290 292 296 
298 300 302 306 316 317 319 326 327 330 335 336 
337 339 342 345 347 353 354 362 363 366 368 370 
388 391 392 395 398 409 414 416 418 422 425 433 
434 441 450 452 457 459 460 462 464 468 470 472 
478 480 481 482 485 486 491 493 498 509 510 511 
512 516 528 531 532 535 544 547 548 549 551 554 
556 563 567 568 572 573 575 577 580 581 582 585 
586 591 592 593 594 601 602 603 604 606 607 608 
609 615 619 621 624 627 629 631 635 636 640 643 
649 650 652 653 665 666 671 673 680 688 690 693 
694 698 703 704 706 710 714 718 719 723 724 735 
737 742 745 747 749 750 753 758 763 769 770 771 
775 776 778 782 783 784 786 789 796 798 
259
1 3 13 14 15 17 18 19 24 25 30 40 
42 47 51 53 61 62 71 72 75 76 89 95 
102 103 104 111 115 116 118 122 123 126 127 133 
139 145 146 150 153 155 156 159 161 166 168 170 
179 181 182 187 194 195 207 213 218 219 220 223 
226 227 231 233 234 238 243 246 248 249 251 254 
263 266 275 278 280 286 290 291 294 298 301 306 
309 311 312 314 318 320 321 324 329 331 337 338 
341 342 345 349 350 353 356 357 360 361 362 367 
369 374 375 376 377 379 380 381 382 386 387 400 
401 402 403 404 405 407 411 413 418 421 424 425 
426 429 431 433 436 437 442 446 447 449 450 451 
457 467 469 475 476 483 485 487 491 493 495 498 
505 507 509 512 513 514 518 520 522 530 535 542 
546 549 550 553 554 560 561 563 564 568 570 571 
572 573 574 578 580 582 590 599 600 603 604 608 
610 611 619 624 628 629 630 635 638 639 640 645 
646 648 651 654 655 657 666 668 673 676 679 680 
683 685 686 689 692 699 702 709 711 713 718 721 
735 737 740 741 746 749 754 763 764 765 766 772 
773 775 777 779 780 781 783 784 786 787 788 789 
790 791 794 795 797 798 799 
227
1 6 7 9 11 17 28 35 40 41 43 47 
51 52 53 54 59 60 63 75 79 81 86 87 
90 92 94 103 110 112 123 131 141 143 145 149 
152 154 162 168 169 172 175 176 177 181 182 184 
194 195 196 199 201 202 203 208 210 212 219 223 
237 249 251 253 255 256 261 267 270 271 279 280 
283 289 291 295 297 300 308 316 318 320 323 325 
331 333 336 337 339 343 345 351 352 353 355 361 
365 366 371 376 378 381 385 386 387 389 393 394 
396 399 403 405 406 408 410 411 412 414 415 421 
429 433 434 437 444 445 446 448 456 467 468 474 
477 481 487 493 495 499 510 513 515 519 520 522 
524 526 532 537 539 540 542 547 548 552 553 555 
557 561 562 564 569 574 575 581 582 584 585 592 
600 602 603 608 609 610 611 612 613 622 626 627 
629 630 634 638 640 648 650 654 655 657 665 666 
671 676 690 692 696 698 709 719 721 723 724 725 
726 733 734 743 745 749 752 754 758 763 764 765 
766 767 769 774 775 777 786 788 793 795 796 
250
1 4 5 7 13 14 19 20 26 29 30 35 
43 44 46 47 54 59 64 65 73 75 76 77 
83 87 91 96 99 100 101 105 106 107 108 109 
110 111 112 118 121 124 130 133 134 136 139 144 
148 150 153 163 169 172 175 178 184 188 192 199 
200 202 205 206 207 215 217 220 227 229 231 232 
233 241 242 248 250 251 252 253 255 257 269 274 
275 276 279 280 289 294 304 305 307 315 316 317 
321 325 326 329 330 331 332 333 336 340 353 364 
369 372 374 384 385 389 390 393 396 397 405 407 
412 418 423 425 426 427 433 434 435 439 440 446 
447 449 451 452 453 454 459 460 464 467 469 471 
479 481 482 483 488 489 490 491 495 504 505 507 
509 511 515 518 519 520 523 525 526 528 531 533 
538 540 541 542 544 547 553 556 558 559 560 561 
566 568 569 571 573 574 575 577 583 585 586 588 
589 592 600 604 607 608 610 611 621 623 624 639 
643 654 655 656 666 667 668 675 679 682 685 689 
691 699 700 701 702 704 706 708 709 712 716 723 
724 725 726 728 731 743 744 745 754 759 765 766 
768 775 778 780 785 790 791 792 793 795 
241
1 3 6 10 12 13 14 15 16 26 29 30 
35 39 40 41 42 46 47 48 50 55 62 63 
69 73 74 75 76 77 80 87 88 89 92 98 
106 112 114 118 119 120 124 127 128 132 135 141 
151 153 159 163 172 176 177 185 187 188 191 203 
204 207 209 211 215 218 220 222 228 235 236 239 
240 241 245 247 248 252 255 263 266 267 269 270 
274 278 279 283 284 285 292 293 294 295 296 302 
309 314 323 324 325 327 329 331 343 344 359 360 
372 382 383 395 396 397 399 400 402 407 409 412 
416 417 418 425 430 435 436 439 440 445 447 449 
456 457 461 466 467 469 476 479 480 482 488 490 
492 498 505 507 510 512 514 516 517 518 523 527 
529 531 537 538 550 551 554 561 563 565 572 574 
576 586 589 590 591 593 599 603 604 605 606 613 
614 615 622 624 628 633 641 644 646 651 660 661 
662 671 678 684 687 690 691 697 701 702 703 704 
712 714 718 725 728 738 740 741 743 744 747 749 
752 753 756 758 761 762 763 764 765 769 773 777 
778 779 780 783 784 785 790 791 792 795 796 799 
800 
241
8 11 12 13 15 16 17 19 20 23 27 30 
38 39 40 41 43 44 47 53 54 57 61 65 
68 69 70 74 77 78 79 80 83 91 95 96 
104 105 106 109 111 116 117 122 125 126 136 140 
141 143 145 148 150 161 164 169 170 178 180 186 
187 190 194 196 200 202 203 204 207 218 222 225 
242 243 245 246 250 251 252 254 255 263 265 270 
280 284 287 293 300 302 303 304 307 308 309 310 
311 313 317 318 319 326 330 334 342 344 345 351 
352 355 360 365 367 372 373 374 377 382 386 395 
397 400 401 404 408 409 412 418 427 430 431 434 
435 437 444 448 453 458 459 463 470 478 481 486 
490 491 497 498 501 502 504 505 507 517 519 520 
524 526 529 530 532 536 538 543 544 548 552 553 
556 558 563 565 569 571 581 582 584 589 591 594 
604 605 607 611 612 613 622 623 624 627 629 631 
636 642 645 649 650 660 661 665 667 678 681 682 
688 690 693 697 700 701 705 708 712 713 714 717 
718 719 720 723 725 726 729 730 733 734 746 750 
757 768 769 770 775 776 778 784 787 796 797 798 
799 
248
3 4 7 8 10 14 16 17 21 26 27 28 
31 33 38 42 47 53 55 58 59 60 64 67 
74 75 80 82 84 86 87 88 90 96 105 106 
114 117 119 120 122 132 133 137 150 155 156 158 
159 160 162 164 173 179 180 191 195 198 199 200 
201 207 209 211 214 219 221 226 227 232 237 238 
242 243 244 249 259 260 262 267 271 278 281 283 
286 297 299 300 302 309 310 313 315 317 318 320 
322 325 331 336 337 343 348 349 350 351 352 358 
362 363 368 370 374 377 381 385 387 401 406 411 
412 413 415 416 422 423 425 427 428 430 433 437 
442 443 445 448 456 458 467 468 473 475 477 478 
482 485 486 496 498 499 502 505 506 507 508 510 
513 517 532 533 539 541 542 546 549 556 559 561 
566 567 570 572 574 578 583 593 594 595 596 600 
603 605 606 608 609 610 616 617 619 624 625 632 
633 634 635 640 642 644 647 649 650 652 653 654 
656 658 661 666 667 671 674 676 678 683 687 689 
690 692 694 695 698 706 710 715 724 726 743 744 
746 754 755 759 761 762 764 773 774 775 778 782 
784 785 787 789 796 797 799 800 
229
4 7 9 15 17 19 21 22 27 31 34 39 
42 44 45 46 51 53 64 67 72 74 81 86 
92 93 95 97 103 107 115 116 126 127 132 134 
135 138 143 144 146 147 155 171 174 177 180 182 
185 188 197 200 202 209 212 213 214 217 224 226 
230 232 234 235 240 242 244 250 253 255 264 265 
281 291 292 295 298 301 306 307 308 310 311 314 
316 319 320 321 325 329 330 331 334 339 340 345 
351 352 353 356 357 358 359 365 369 378 382 386 
391 395 396 412 414 415 420 423 426 427 428 436 
437 442 447 453 455 460 461 462 463 467 468 470 
471 477 478 495 497 498 502 504 507 512 515 518 
520 521 526 531 533 537 540 543 554 556 560 561 
562 564 566 567 568 570 571 572 573 576 578 580 
583 584 587 590 592 593 594 595 602 605 607 617 
627 628 636 637 640 646 650 651 653 655 659 660 
663 664 672 673 674 679 683 687 694 695 696 709 
712 713 718 726 728 729 734 741 742 744 745 749 
753 759 760 761 766 772 773 783 787 789 792 797 
798 
225
1 2 3 4 13 15 16 34 36 37 40 44 
45 53 57 63 64 67 68 69 80 81 84 90 
94 96 97 100 104 106 109 114 115 136 139 142 
146 151 154 156 160 161 162 163 169 170 171 175 
176 185 189 194 224 225 228 234 239 240 243 244 
247 252 258 259 262 264 267 268 272 273 278 279 
281 289 293 294 295 305 306 309 310 315 316 320 
325 327 331 332 333 334 338 341 342 348 349 352 
354 355 356 357 363 367 368 371 372 381 389 393 
402 405 406 415 417 419 422 424 435 439 441 451 
455 465 471 473 475 479 488 491 494 495 498 500 
501 502 503 505 508 509 510 520 521 525 527 529 
534 543 551 552 557 559 565 569 572 578 579 580 
581 586 588 589 595 597 600 601 603 607 615 617 
621 625 627 633 637 638 641 642 645 646 648 649 
651 664 671 673 675 679 683 684 688 690 694 695 
696 700 701 703 714 716 718 724 729 730 731 733 
736 741 745 747 749 750 755 766 771 772 774 776 
778 781 784 785 786 791 796 797 799 
227
8 11 13 16 24 28 32 33 36 37 40 47 
52 57 59 63 64 68 69 70 71 73 74 76 
80 83 84 86 88 90 92 97 98 106 111 114 
115 118 122 123 125 128 130 135 140 141 148 155 
156 164 167 168 170 171 172 177 179 188 196 206 
208 215 224 229 232 239 252 253 254 260 264 265 
270 271 275 276 280 281 282 283 289 292 293 298 
300 304 307 309 314 316 322 328 332 334 336 339 
344 350 357 359 363 367 382 385 389 409 410 414 
416 417 418 424 426 427 428 435 436 437 439 446 
453 455 458 459 461 473 478 479 481 484 488 491 
492 503 505 506 510 521 522 527 530 531 532 535 
538 544 547 548 553 557 562 563 583 587 589 593 
594 595 596 599 601 603 605 607 609 614 615 617 
618 621 625 626 635 640 642 647 649 652 653 657 
659 664 666 668 679 687 688 690 692 694 695 697 
701 702 703 705 708 712 715 718 720 721 724 730 
731 732 735 737 738 741 749 750 751 753 759 765 
767 773 774 778 780 786 789 791 793 794 800 
225
3 4 5 8 12 17 18 26 27 31 32 33 
34 39 49 52 56 59 70 72 74 77 79 85 
86 99 105 114 131 137 145 147 148 150 153 154 
156 160 165 178 179 181 189 195 198 200 221 225 
229 230 242 243 246 247 253 254 259 262 263 265 
273 275 277 278 284 289 293 295 300 306 308 309 
310 311 313 317 323 325 326 327 332 335 343 345 
350 357 362 365 367 370 371 372 374 376 377 383 
389 390 393 394 396 397 398 400 404 412 415 419 
423 427 432 433 438 440 446 451 452 457 459 461 
464 468 471 472 473 476 480 484 485 486 492 493 
497 504 505 506 507 509 511 512 514 517 521 523 
528 532 534 538 539 540 546 549 551 553 556 560 
562 567 570 573 575 576 577 578 580 585 593 597 
600 601 602 603 604 606 610 612 613 615 618 628 
631 633 635 636 643 658 661 662 666 669 678 679 
698 699 701 704 706 708 711 714 715 716 717 723 
724 726 728 732 744 746 750 753 755 756 766 769 
771 772 782 784 786 788 790 796 799 
264
3 8 10 12 16 17 18 19 20 23 24 28 
33 34 37 38 39 40 41 44 45 50 51 56 
64 67 69 76 79 80 82 87 89 93 96 97 
99 101 102 103 107 108 110 111 114 115 121 123 
130 133 135 137 138 139 142 144 147 150 151 157 
161 163 166 167 168 178 179 181 186 189 190 194 
198 203 204 205 210 211 212 215 216 221 223 226 
227 228 229 230 234 236 238 246 247 248 251 255 
257 258 260 263 265 272 273 274 279 282 286 290 
291 295 300 301 303 304 305 306 307 308 315 324 
329 334 348 349 350 351 352 354 357 359 360 362 
363 366 368 374 375 380 381 384 395 396 397 401 
405 406 408 411 419 421 423 426 427 428 432 434 
441 443 444 447 451 453 455 457 461 468 469 473 
478 479 480 481 484 490 494 506 508 512 514 515 
518 522 523 526 528 529 530 534 536 538 544 546 
552 561 562 570 576 578 579 584 587 591 606 608 
616 619 621 629 633 634 636 638 642 644 647 650 
652 653 654 658 661 662 663 664 666 667 670 672 
673 675 679 690 693 694 703 708 709 711 714 716 
723 728 731 732 741 745 749 753 754 757 758 759 
760 761 763 765 766 769 770 772 779 783 791 794 
237
1 4 6 9 10 17 20 23 24 25 26 27 
40 44 49 59 61 63 64 65 67 70 73 87 
89 91 98 99 100 104 106 109 110 111 119 123 
124 126 128 129 131 133 134 135 136 142 143 144 
153 154 157 160 161 164 166 168 169 171 179 180 
182 185 187 190 192 196 197 198 200 208 209 216 
219 222 224 225 231 232 233 235 238 244 249 256 
262 263 266 268 270 274 276 277 285 286 291 294 
299 303 306 310 313 318 319 320 325 329 333 335 
336 338 341 343 347 348 349 355 357 359 362 363 
367 372 373 379 385 387 389 391 392 393 394 395 
396 399 410 411 416 420 428 429 430 432 433 436 
437 442 443 445 448 449 451 452 454 457 462 471 
472 473 478 479 491 492 496 497 500 501 502 511 
517 523 524 536 537 546 547 552 553 560 566 567 
570 572 577 580 581 593 594 600 603 611 612 613 
614 615 616 617 620 625 638 642 643 644 654 655 
657 668 675 677 689 690 694 696 697 707 708 709 
724 728 731 732 733 738 739 744 745 748 751 752 
759 764 768 769 773 794 795 796 797 
256
7 8 12 20 24 26 36 37 46 51 53 54 
55 57 69 71 73 75 87 88 91 92 94 95 
97 98 101 104 105 108 109 110 111 113 114 116 
126 128 129 132 138 144 145 148 154 156 157 158 
160 161 164 178 180 181 187 192 196 197 207 208 
213 214 223 225 228 230 235 244 248 256 257 259 
260 267 268 270 273 274 280 284 289 290 294 299 
300 301 302 304 307 310 316 318 319 324 325 331 
336 340 342 344 345 350 353 359 362 365 370 374 
377 378 379 380 387 390 392 397 398 400 401 402 
405 413 416 418 419 420 421 424 425 429 430 432 
434 438 440 442 446 450 453 457 458 461 464 465 
466 468 473 474 475 478 481 483 488 490 493 494 
496 497 499 501 516 517 518 521 527 531 532 533 
534 536 538 541 542 543 545 547 548 552 553 556 
557 560 562 568 588 589 596 599 603 604 606 607 
610 612 619 623 624 625 626 627 628 632 636 645 
649 650 652 654 657 660 662 663 667 668 676 677 
679 688 689 690 694 695 700 702 709 711 718 723 
728 729 730 734 736 740 741 743 745 746 749 750 
751 752 759 764 766 771 772 777 782 783 787 789 
790 792 796 799 
236
1 3 9 13 17 20 24 25 26 29 39 40 
41 42 45 47 50 51 55 59 65 75 76 81 
83 86 94 100 107 108 116 118 120 121 123 126 
128 129 130 131 133 135 139 141 147 155 157 158 
162 173 174 175 181 182 186 187 194 197 199 201 
205 214 224 232 234 235 237 238 239 246 248 249 
252 260 261 264 268 269 275 278 279 280 281 282 
288 289 291 301 305 307 309 313 315 318 320 321 
322 326 330 332 333 336 337 338 349 359 360 361 
364 367 372 374 378 379 385 387 389 394 395 398 
400 403 407 408 409 433 438 439 446 452 453 460 
461 462 465 466 467 471 478 480 481 487 490 492 
494 497 504 510 515 520 523 524 525 527 538 539 
541 543 546 547 549 550 552 560 564 567 569 572 
573 574 576 580 583 591 593 599 601 607 612 616 
617 618 624 631 636 641 643 648 651 658 660 661 
663 673 675 680 682 684 690 691 692 695 705 706 
709 713 715 717 718 720 721 722 724 726 727 730 
735 738 741 743 744 750 752 756 757 758 772 776 
777 782 784 788 797 798 799 800 
235
4 6 7 9 10 15 17 18 20 27 29 32 
33 37 38 39 41 50 63 65 67 72 73 84 
89 94 98 100 102 113 117 118 128 129 131 134 
135 137 140 146 150 151 156 157 158 161 168 172 
173 175 185 186 188 194 195 200 203 205 207 209 
215 216 217 219 220 224 225 234 236 241 242 244 
246 249 251 255 257 261 267 268 270 273 274 283 
285 286 288 304 308 309 311 312 314 316 320 323 
326 328 331 335 336 337 340 344 345 346 350 351 
355 367 369 371 376 380 382 383 394 397 401 403 
404 405 406 410 413 414 419 420 421 430 432 441 
447 452 454 455 456 457 460 464 465 466 469 490 
496 498 503 513 517 525 526 527 529 531 532 539 
541 545 549 550 557 558 563 565 573 578 581 583 
585 586 587 593 596 597 599 600 601 604 609 619 
622 626 627 628 632 633 640 646 651 652 658 661 
669 670 671 672 673 688 693 695 696 698 708 709 
713 714 716 717 721 724 728 729 734 737 740 743 
746 748 751 753 755 756 757 759 761 764 766 776 
777 782 783 787 794 797 799 
245
4 7 11 12 13 21 22 23 27 28 36 39 
40 42 44 54 55 56 57 60 63 65 67 69 
70 71 77 78 84 85 89 94 97 99 101 107 
111 113 122 123 127 128 131 132 135 136 141 154 
155 156 163 164 165 167 168 171 174 179 180 183 
185 187 188 189 198 199 203 204 205 209 210 212 
213 224 230 232 233 235 236 238 244 255 258 265 
266 269 275 276 277 279 285 286 291 298 299 301 
313 317 318 319 325 328 334 335 339 347 355 359 
363 369 374 376 379 381 386 387 389 390 392 395 
397 401 402 404 414 416 417 418 421 423 424 426 
427 429 431 435 437 443 444 456 459 477 482 483 
485 486 487 492 497 499 500 509 512 516 518 519 
521 523 524 525 529 535 537 540 543 547 548 549 
551 554 557 559 562 567 568 569 571 574 584 586 
591 596 600 601 603 607 608 615 621 625 626 627 
632 637 640 649 652 653 654 657 658 659 660 661 
663 665 666 669 670 672 680 681 690 695 698 700 
702 705 706 707 714 715 719 720 725 730 737 739 
741 745 746 747 749 750 752 755 758 768 775 778 
784 786 787 790 792 
247
1 4 10 17 22 23 26 28 36 39 41 49 
53 54 66 67 74 76 82 88 91 92 93 98 
102 109 110 111 112 117 118 121 122 126 129 138 
141 143 146 153 157 160 161 162 163 167 168 170 
171 174 177 181 184 186 189 193 198 201 204 205 
206 207 209 210 211 215 217 218 223 225 237 238 
243 247 249 259 261 264 266 268 270 274 275 277 
283 286 288 289 292 296 299 302 310 315 320 328 
336 338 340 345 347 349 355 358 360 364 365 371 
372 373 375 377 380 382 383 384 386 389 394 396 
402 403 409 412 417 420 422 423 428 430 435 441 
442 446 452 455 459 460 468 471 478 483 486 489 
490 492 493 496 497 502 504 505 511 515 517 518 
523 531 537 540 544 549 550 554 562 564 566 567 
568 573 574 575 576 579 583 585 586 593 599 603 
607 617 621 624 634 635 637 641 643 644 648 649 
652 655 659 661 668 669 671 675 676 679 681 688 
690 693 698 702 705 707 708 711 713 715 718 719 
726 728 730 732 735 736 739 740 742 743 745 746 
752 755 756 766 767 771 777 778 779 780 785 787 
790 791 792 796 797 798 800 
230
3 6 8 11 14 15 16 17 22 23 26 36 
40 41 43 48 54 60 62 63 64 74 78 79 
81 83 87 88 95 104 106 107 109 113 117 124 
125 139 140 142 145 146 157 159 162 169 173 174 
175 176 177 180 183 186 187 190 198 199 201 205 
213 217 221 230 247 254 260 263 264 267 273 275 
283 285 286 287 289 298 299 304 306 309 310 311 
316 317 323 324 325 326 327 328 333 336 340 344 
346 355 361 362 364 367 368 369 373 374 375 380 
384 388 392 394 395 400 407 413 415 418 420 422 
423 424 427 429 431 440 441 444 447 449 451 452 
453 454 455 457 458 460 464 468 478 482 485 486 
497 500 501 507 509 510 512 525 527 531 538 539 
549 554 555 561 565 568 569 570 571 573 575 576 
578 583 584 585 586 587 590 591 592 595 597 601 
607 609 610 611 615 619 624 627 628 629 632 633 
639 642 647 652 653 654 660 664 668 672 674 677 
681 687 690 691 693 695 696 700 701 710 717 728 
729 735 743 750 754 770 771 773 780 783 785 792 
793 797 
248
2 4 5 11 12 14 17 19 21 25 28 29 
30 31 38 40 42 43 47 50 59 60 61 63 
71 74 76 78 80 82 91 92 94 96 97 102 
103 104 106 107 115 125 126 127 137 138 139 143 
146 147 148 149 152 154 155 156 160 164 167 175 
177 178 179 181 182 183 184 185 186 204 205 208 
209 213 214 217 219 224 226 227 231 232 236 237 
239 240 245 251 256 258 267 268 270 275 277 280 
289 294 295 296 305 307 310 311 313 314 319 321 
323 327 329 331 336 342 348 359 361 364 379 383 
385 401 402 407 410 411 413 414 415 416 417 418 
420 425 427 430 434 435 437 441 442 445 453 458 
462 463 464 468 472 473 477 486 487 489 492 498 
501 502 505 507 519 520 521 524 530 532 533 534 
535 539 543 552 559 565 566 567 570 571 572 573 
575 580 581 586 587 589 590 595 597 600 603 604 
605 606 609 615 616 629 634 635 637 645 647 650 
651 652 655 658 666 667 669 670 672 689 690 695 
699 705 708 712 713 720 723 725 728 734 738 739 
743 748 750 751 754 760 773 774 775 776 777 779 
780 781 783 784 786 789 797 798 
228
1 3 6 8 15 16 19 21 22 23 25 27 
33 36 44 45 48 50 51 54 62 63 70 73 
77 82 85 86 91 94 95 97 110 117 121 125 
126 130 132 133 137 138 146 148 151 152 160 163 
165 168 181 182 185 186 187 188 189 193 195 197 
201 205 206 211 217 218 220 222 225 227 234 236 
240 243 246 250 265 270 276 277 281 283 285 287 
291 295 296 297 301 302 307 310 318 322 325 328 
329 330 341 342 347 353 358 360 367 368 370 371 
375 376 382 387 388 391 394 395 396 401 402 406 
409 413 419 424 426 428 435 436 438 442 444 447 
448 452 453 456 457 464 468 469 471 472 474 482 
486 491 495 497 502 503 504 505 508 510 512 529 
542 546 548 555 558 559 566 567 568 569 570 571 
574 582 583 587 588 590 595 598 601 605 614 616 
617 618 619 622 633 638 643 650 651 657 660 669 
670 671 675 676 677 679 686 690 692 694 696 698 
703 704 708 711 714 719 720 724 725 730 732 734 
736 738 743 753 764 770 773 777 778 779 796 798 
245
5 6 7 9 10 20 21 22 27 28 37 44 
45 46 47 53 54 58 59 65 69 72 87 88 
91 94 95 97 106 108 118 126 127 131 132 137 
146 148 149 152 153 154 165 167 173 176 178 179 
181 183 186 189 195 197 199 200 201 206 207 208 
213 214 215 221 224 225 226 227 230 234 235 239 
240 242 243 244 246 251 253 259 262 263 264 265 
272 282 291 292 299 304 307 309 311 312 316 323 
324 327 332 335 337 342 343 348 351 359 362 364 
378 379 380 381 383 384 388 389 395 400 402 414 
417 424 426 427 430 437 438 440 443 444 448 449 
454 457 458 462 465 471 479 481 484 485 486 489 
490 492 496 497 498 500 503 505 512 516 517 521 
524 526 532 536 537 541 543 544 546 547 554 559 
561 562 566 570 573 575 577 580 581 584 586 587 
588 590 591 605 607 611 612 615 617 619 622 625 
627 628 629 632 635 645 647 651 653 656 659 663 
671 672 673 675 685 687 689 690 692 693 696 697 
698 703 704 707 712 715 724 725 726 727 728 729 
730 745 749 752 755 758 762 763 768 770 771 772 
774 776 785 789 793 
226
7 8 9 21 22 30 40 45 50 53 61 64 
66 69 74 79 90 94 95 96 97 98 100 104 
107 109 111 112 114 115 116 118 121 128 136 138 
142 146 147 150 152 153 154 157 160 164 168 172 
173 181 191 194 198 205 206 207 211 214 217 220 
225 238 239 241 242 243 252 260 267 277 278 285 
290 291 300 311 316 320 321 324 331 332 338 340 
352 353 354 357 360 362 365 366 370 373 379 382 
385 387 395 397 398 400 403 408 409 416 419 422 
425 431 432 434 437 442 447 449 453 455 456 457 
458 460 461 475 481 484 485 487 495 496 503 510 
517 518 521 524 533 534 535 541 544 546 548 558 
560 562 563 572 577 582 586 587 595 596 598 599 
601 605 606 607 609 613 616 617 619 621 624 625 
626 627 628 637 643 647 650 655 656 659 662 664 
666 667 670 672 673 679 680 684 685 694 697 699 
701 702 703 704 706 722 726 732 734 736 737 738 
740 742 744 746 749 755 756 759 762 763 765 766 
767 768 772 774 775 778 779 786 792 800 
229
1 6 7 9 10 12 14 15 16 17 20 25 
32 36 38 41 44 46 51 58 61 67 70 72 
82 83 88 89 90 101 102 106 108 111 114 120 
124 132 136 142 143 153 154 162 163 170 171 185 
191 197 201 204 207 211 215 216 217 219 222 229 
231 235 237 241 248 251 255 258 261 264 266 269 
274 275 278 284 286 288 290 292 300 303 304 305 
306 317 322 329 331 332 334 340 347 352 353 360 
369 373 381 386 392 393 399 406 408 409 415 419 
426 427 431 433 437 439 442 443 446 448 451 453 
456 463 464 468 469 471 473 477 478 480 482 483 
484 488 503 505 509 514 517 518 521 528 529 533 
535 536 537 538 541 542 543 550 551 552 566 568 
570 573 575 576 577 585 587 588 592 593 597 603 
604 609 613 614 615 616 619 620 622 625 636 645 
647 648 650 655 657 658 659 662 664 669 672 674 
677 680 685 692 696 700 702 710 712 714 716 720 
725 728 735 741 742 745 747 749 752 753 757 760 
763 764 766 769 771 774 776 777 790 794 795 797 
799 
237
2 4 8 13 16 18 23 24 25 26 27 28 
32 34 36 37 38 39 40 43 46 51 56 57 
61 63 64 65 70 72 83 92 96 97 99 100 
103 104 108 112 114 127 131 133 137 139 144 146 
149 152 153 158 161 162 167 170 173 175 179 182 
183 186 188 189 190 191 197 199 204 206 208 210 
211 217 220 227 228 233 235 236 237 245 247 248 
255 266 268 270 273 274 279 281 283 287 289 293 
295 297 299 305 308 309 310 312 315 316 320 323 
324 325 335 338 339 340 342 344 349 352 356 363 
364 373 374 379 384 385 386 392 393 396 404 406 
409 413 419 420 421 425 437 441 442 447 452 453 
457 460 462 465 466 469 470 474 480 489 492 494 
495 496 506 513 514 518 519 520 527 530 534 538 
539 540 542 544 547 549 558 560 562 571 572 575 
576 578 579 586 589 590 591 595 602 603 604 605 
606 609 612 619 626 629 644 649 650 661 664 666 
669 677 679 680 685 686 694 702 707 712 714 716 
723 730 736 749 751 754 756 760 764 769 771 772 
776 777 779 781 785 792 794 796 800 
251
1 3 9 11 14 17 18 22 28 31 35 38 
41 42 47 54 57 64 68 69 73 83 84 86 
93 95 99 100 106 110 112 116 124 126 129 130 
131 139 144 147 153 157 162 163 164 166 167 169 
170 177 181 187 189 190 193 199 200 202 207 219 
220 221 222 224 228 231 232 233 235 236 240 244 
245 249 252 253 256 259 263 268 275 277 279 289 
292 295 296 298 299 306 309 311 312 317 321 324 
326 332 333 334 335 337 340 347 348 352 353 354 
359 361 365 373 376 377 390 391 392 393 395 396 
397 400 402 403 406 407 415 416 425 426 427 429 
437 439 440 444 446 447 460 461 462 463 465 467 
469 470 472 476 479 481 488 490 492 497 498 502 
507 510 511 519 526 530 531 535 537 539 545 551 
552 556 557 558 560 561 566 567 568 569 571 573 
582 589 597 601 603 604 606 608 614 616 618 620 
625 627 634 641 643 645 646 649 650 655 658 667 
668 670 671 672 676 680 682 685 687 688 691 696 
697 702 706 707 710 715 717 718 719 721 725 726 
732 735 736 741 742 744 745 746 754 762 764 765 
766 767 773 775 778 781 785 790 792 796 798 
260
4 5 6 8 10 11 13 17 18 19 20 23 
26 27 28 31 34 39 40 41 45 46 48 57 
58 59 60 62 63 64 72 73 75 76 78 81 
88 89 92 94 97 101 109 118 122 125 126 127 
129 137 139 140 144 149 151 157 158 161 163 164 
177 181 184 186 188 189 190 195 196 203 205 210 
216 218 220 223 225 226 228 229 232 235 236 237 
245 246 257 266 267 268 270 272 275 276 278 282 
283 288 289 290 292 295 297 301 302 307 315 316 
320 324 325 327 337 345 346 349 352 356 357 359 
361 366 372 378 380 381 383 386 388 389 394 396 
397 403 409 411 413 414 415 417 421 422 425 428 
430 433 434 439 445 452 454 457 462 464 471 476 
480 485 488 490 491 495 498 503 504 520 523 526 
528 532 533 534 537 543 548 550 551 555 556 557 
560 564 567 571 578 579 587 592 593 594 597 598 
599 602 609 610 612 614 615 616 619 624 625 632 
635 637 638 639 640 641 642 646 649 655 657 660 
668 669 673 674 679 680 686 690 691 692 693 699 
701 709 711 714 718 720 722 725 726 735 741 744 
747 752 753 755 757 758 768 769 772 778 779 782 
783 784 785 788 792 793 797 800 
227
7 14 17 20 25 27 28 29 31 33 37 40 
41 48 52 54 58 61 65 67 68 69 74 78 
79 80 81 85 94 98 110 112 113 118 120 124 
144 148 155 160 162 165 167 168 176 179 183 195 
203 214 226 228 229 230 232 237 240 241 250 251 
255 257 261 264 267 269 270 271 272 276 277 284 
290 294 295 298 300 304 314 316 317 323 324 327 
328 329 331 333 335 338 346 348 353 357 359 360 
363 368 369 371 374 375 376 380 383 385 386 393 
400 401 402 404 405 407 408 409 412 415 416 419 
423 424 425 431 436 441 455 456 462 479 482 484 
485 491 495 498 499 511 516 518 521 522 523 524 
532 533 536 542 545 546 547 548 550 555 563 564 
578 586 588 591 594 595 596 598 609 614 617 620 
623 628 636 637 638 639 641 643 647 650 651 652 
654 656 659 662 664 668 669 673 675 676 679 690 
693 703 707 711 713 717 718 720 721 722 724 725 
728 731 738 739 745 748 751 753 754 763 764 770 
771 772 773 775 776 777 780 785 791 793 798 
227
5 8 11 26 27 28 29 36 37 38 40 41 
45 47 49 52 54 56 61 65 70 72 74 79 
87 90 94 98 102 109 115 117 118 119 129 130 
132 134 138 141 142 143 149 151 159 160 162 169 
171 172 177 183 184 187 189 192 195 198 199 203 
204 211 213 216 217 218 221 223 225 226 230 233 
234 235 237 242 249 252 255 258 260 263 272 276 
281 283 287 289 302 304 309 311 314 316 321 322 
324 326 333 336 339 340 341 342 344 348 350 351 
353 355 363 365 366 371 374 375 376 379 380 383 
387 396 404 417 419 420 427 431 432 433 437 444 
448 455 459 465 467 468 471 473 480 481 482 486 
488 500 501 503 504 508 509 510 511 516 520 523 
529 534 539 540 544 545 548 550 560 561 567 571 
575 580 581 585 587 588 594 614 616 617 621 636 
638 643 646 647 649 655 657 660 671 674 675 676 
678 679 681 684 685 687 688 689 691 695 702 710 
714 716 717 721 722 745 747 751 752 753 754 758 
759 762 765 769 770 771 777 783 792 796 800 
233
2 5 18 21 23 24 25 29 31 32 34 35 
37 41 42 47 49 50 51 52 55 57 58 61 
63 66 68 71 75 77 84 85 86 88 93 105 
108 109 110 120 121 123 127 132 134 135 136 142 
143 150 153 157 159 168 169 178 181 182 193 194 
195 196 203 204 210 217 219 226 227 234 238 240 
242 254 255 260 262 268 269 273 274 275 276 280 
285 292 294 295 298 299 309 311 315 316 318 325 
326 333 345 350 353 355 356 366 369 370 371 383 
385 387 389 392 393 394 399 401 408 410 411 414 
420 421 427 428 429 435 440 442 450 451 455 456 
461 463 464 465 466 474 475 476 477 479 482 483 
489 490 493 495 505 507 511 513 515 516 517 518 
531 532 533 542 546 551 552 558 562 568 573 575 
576 577 579 582 584 585 592 594 595 597 598 602 
605 609 618 620 622 627 632 634 640 642 645 647 
649 652 653 659 661 666 667 679 680 684 691 694 
696 698 699 702 706 710 713 714 715 719 724 727 
732 735 737 741 743 754 756 763 776 778 781 782 
784 785 789 792 793 
244
2 3 5 8 11 18 20 22 26 29 34 37 
38 43 47 53 67 68 69 77 78 80 91 92 
100 102 104 107 108 114 117 118 120 123 131 134 
145 146 148 153 161 163 164 167 169 172 174 175 
178 186 188 194 198 200 201 202 209 210 216 218 
219 222 227 231 233 234 236 240 241 244 246 251 
252 264 265 268 270 273 274 278 280 292 293 296 
298 307 310 311 312 314 315 316 318 320 321 327 
328 336 337 338 340 341 343 345 349 357 359 361 
362 365 369 372 376 383 386 388 390 391 396 398 
401 407 408 409 410 412 417 418 421 428 438 440 
444 445 452 453 455 458 459 460 462 463 465 472 
473 476 477 478 482 488 490 492 495 496 499 501 
506 509 513 520 526 527 528 539 544 554 556 565 
567 569 571 575 579 582 583 585 587 589 591 592 
596 597 599 603 610 615 620 625 635 637 645 646 
656 658 660 669 671 673 674 676 684 685 693 696 
697 701 705 713 714 717 719 721 722 723 724 725 
727 728 729 730 732 735 738 741 746 747 748 751 
756 757 762 765 766 769 772 776 781 783 788 789 
793 797 798 799 
261
3 6 7 8 9 10 12 15 21 26 27 34 
37 40 43 44 45 48 49 52 55 58 59 60 
61 62 63 66 68 69 76 77 79 81 90 93 
96 97 102 105 108 109 110 123 125 131 133 138 
144 149 151 156 157 159 160 162 163 164 166 171 
172 175 178 179 181 182 185 190 191 192 194 196 
199 200 203 209 216 219 222 223 224 227 228 232 
233 236 242 244 251 253 257 259 266 271 276 277 
280 283 286 288 289 293 294 296 297 299 300 302 
305 311 312 313 317 327 337 339 345 350 351 353 
354 363 365 366 370 373 377 383 398 399 402 406 
415 417 423 425 429 430 431 434 437 438 439 440 
441 442 444 450 457 459 460 463 464 466 469 470 
471 472 473 474 478 479 486 487 491 496 505 508 
511 513 516 518 520 521 525 529 531 534 539 540 
543 544 548 562 568 569 570 578 580 584 586 589 
590 596 597 605 608 614 615 616 617 623 625 628 
630 634 636 640 642 643 648 649 653 654 658 660 
670 671 673 676 678 681 682 685 686 688 690 692 
697 699 701 710 715 716 719 722 735 737 738 739 
741 747 749 750 751 755 760 764 769 772 777 779 
782 784 786 789 793 794 795 799 800 
261
4 6 8 9 10 14 16 21 24 28 29 30 
34 40 42 48 58 59 76 77 78 82 88 100 
101 103 116 117 121 122 126 127 130 132 133 134 
140 141 147 150 152 153 154 155 156 157 158 159 
160 162 163 166 167 172 173 188 189 190 191 192 
194 200 202 211 212 215 216 217 218 219 220 223 
228 230 240 245 246 247 262 264 267 273 278 279 
280 281 284 288 290 291 295 296 298 299 300 301 
304 306 308 309 312 314 318 321 322 326 327 332 
333 335 337 339 340 352 358 363 365 368 369 370 
376 380 384 386 390 391 392 397 398 401 404 405 
406 412 418 422 425 430 431 432 433 434 436 438 
443 445 458 459 460 470 472 473 475 478 481 482 
483 486 489 490 493 495 498 499 500 505 506 509 
512 516 517 520 522 523 525 542 543 545 547 549 
552 555 560 564 569 574 578 581 584 585 590 595 
599 602 604 605 606 608 612 614 617 619 623 624 
626 628 629 630 633 634 636 638 642 644 649 651 
657 659 665 667 671 672 673 681 683 690 692 698 
700 705 706 709 713 718 722 729 734 735 736 743 
744 747 749 753 754 755 758 759 766 767 769 771 
772 777 784 785 786 791 796 797 799 
212
1 5 6 10 13 21 24 25 27 28 29 32 
40 41 44 46 64 69 75 76 80 81 82 83 
85 88 89 96 98 99 108 110 113 117 118 129 
130 132 140 144 145 148 152 160 168 171 174 178 
184 188 189 196 201 202 203 207 209 212 213 214 
217 221 223 225 228 230 233 234 235 241 243 245 
249 253 254 257 259 272 280 282 297 299 308 318 
328 329 340 347 358 369 372 379 396 397 399 406 
407 414 415 416 418 422 426 431 433 434 438 439 
443 445 454 456 459 468 471 476 481 482 483 485 
490 494 495 499 505 506 511 512 517 524 526 528 
529 530 532 534 537 540 542 551 552 556 562 564 
565 566 571 584 587 592 595 606 610 613 619 621 
625 626 627 629 639 641 643 644 651 661 662 664 
666 669 671 677 685 687 689 691 692 702 708 710 
721 723 724 729 733 734 735 736 737 739 742 743 
744 747 749 752 754 758 759 766 770 771 774 776 
782 783 785 786 787 789 794 796 
247
5 14 16 18 24 25 30 38 39 44 48 49 
52 60 62 63 64 65 68 70 76 77 79 83 
88 92 95 96 98 99 102 104 106 108 111 112 
118 119 124 125 126 127 130 135 138 139 140 149 
155 161 174 175 181 184 185 186 188 189 191 193 
194 196 199 206 208 212 213 215 217 221 223 240 
241 247 249 252 255 260 269 270 271 273 275 278 
284 288 289 292 294 295 297 300 301 307 312 319 
328 330 332 334 335 336 340 342 343 346 348 349 
350 352 355 357 358 359 361 364 365 370 372 373 
376 377 378 379 380 383 385 389 391 393 397 398 
400 406 407 415 417 418 424 427 428 430 431 436 
442 444 457 458 462 463 465 466 467 468 472 473 
475 480 481 482 483 488 491 502 510 511 512 513 
518 519 522 523 527 534 536 538 542 548 555 561 
574 577 585 589 591 592 593 597 600 602 604 608 
617 620 622 625 630 632 634 642 645 646 651 653 
658 659 664 667 670 675 678 681 682 684 687 694 
707 715 718 726 727 728 735 739 742 745 746 750 
758 759 760 763 765 767 769 771 774 776 777 780 
782 785 790 791 795 798 799 
263
4 6 11 13 14 16 17 22 28 39 40 42 
43 44 45 46 51 56 62 63 68 71 74 76 
79 80 85 86 87 89 90 91 93 94 96 103 
104 106 109 113 120 121 126 128 129 137 141 142 
152 154 155 158 159 160 161 165 166 168 171 178 
183 187 189 191 194 196 197 198 201 204 205 206 
207 210 214 220 225 248 249 251 253 256 258 259 
261 262 266 267 269 276 281 283 285 287 289 300 
301 302 307 310 311 312 313 314 317 318 319 320 
322 327 334 335 340 342 344 346 347 351 357 361 
365 367 368 376 380 381 383 388 395 398 402 404 
406 408 410 412 414 416 421 422 424 427 428 431 
434 438 440 442 443 444 446 447 448 454 460 472 
474 477 479 480 487 492 496 498 504 507 510 513 
515 518 520 521 522 527 532 537 540 542 543 555 
557 558 561 563 564 565 572 573 575 585 587 588 
589 590 591 593 603 604 606 607 609 610 613 621 
622 623 634 639 640 642 644 645 648 656 659 661 
663 665 669 670 672 674 675 679 684 686 690 692 
693 697 699 702 703 707 709 712 718 719 720 723 
726 727 728 732 739 741 744 745 749 753 755 760 
769 770 773 774 777 778 784 788 790 796 799 
216
3 4 14 17 18 26 27 37 41 44 45 46 
56 59 61 72 73 75 78 79 83 87 90 93 
97 98 100 103 105 106 109 110 121 126 127 138 
155 159 162 165 167 174 182 192 193 194 198 200 
203 205 206 208 211 221 223 225 236 242 249 255 
256 263 266 273 277 281 286 288 294 298 299 301 
303 306 309 313 326 328 330 332 333 334 346 348 
350 354 355 362 368 369 374 379 382 387 390 391 
396 397 403 412 413 415 417 423 424 425 427 429 
436 437 439 442 448 451 452 455 464 465 467 469 
481 482 485 488 492 493 498 503 504 507 511 519 
524 526 528 529 539 541 545 548 552 556 560 563 
564 566 568 570 571 576 577 580 584 589 595 600 
608 610 611 612 614 615 616 619 624 626 628 630 
641 647 648 657 660 664 665 668 670 676 677 683 
684 687 694 701 707 709 713 717 719 724 725 726 
727 731 734 737 739 740 741 743 746 751 753 754 
772 777 778 779 781 782 784 790 793 795 797 800 
244
2 3 15 18 21 23 24 27 28 32 35 38 
41 42 53 58 61 71 76 82 83 89 91 94 
96 100 110 113 114 121 124 125 133 136 137 140 
141 146 149 151 153 157 161 164 168 173 174 187 
191 192 195 196 208 212 213 217 223 225 230 232 
238 241 246 247 248 249 256 271 272 276 277 281 
287 290 291 294 298 300 302 304 311 312 314 315 
317 319 322 325 327 334 339 340 343 345 349 351 
353 356 363 364 366 367 371 373 375 376 377 382 
390 396 398 400 402 410 412 414 415 416 422 423 
427 428 430 434 437 438 442 444 445 447 453 457 
463 467 469 470 473 475 476 480 481 482 483 485 
487 489 498 500 501 513 515 517 518 519 522 526 
527 528 529 531 533 534 536 544 545 548 550 556 
560 563 564 565 576 577 584 587 597 599 600 610 
614 616 622 623 626 629 630 631 633 635 636 637 
638 639 640 643 645 653 658 659 660 663 664 668 
670 672 673 682 683 688 689 693 695 696 706 708 
709 710 715 719 720 729 732 740 741 742 747 749 
753 755 756 758 760 764 769 774 776 778 783 787 
788 790 792 797 
236
2 3 4 8 9 12 13 15 18 19 23 24 
27 29 35 37 40 42 45 48 54 58 62 63 
64 66 67 70 71 76 78 80 83 86 91 96 
97 104 113 126 133 135 138 149 150 151 159 169 
176 183 189 195 221 227 229 231 235 238 240 249 
253 255 257 259 267 268 272 276 277 279 282 287 
289 290 300 302 308 309 315 317 319 322 323 324 
325 326 330 336 337 338 343 348 350 353 354 355 
357 358 359 368 370 372 375 377 379 380 391 393 
394 396 397 398 400 401 403 405 406 408 410 411 
416 420 424 425 428 429 433 435 437 448 454 456 
462 464 468 469 477 480 490 497 500 503 511 517 
518 519 520 521 522 526 528 530 532 539 540 542 
545 548 551 552 555 556 560 565 567 571 573 576 
581 582 590 593 597 599 600 601 602 606 607 609 
621 629 630 632 638 641 644 649 650 657 659 660 
661 667 671 675 676 682 684 688 689 694 696 699 
701 703 705 706 708 716 717 722 724 727 730 732 
735 741 742 745 746 750 751 757 758 759 762 770 
771 773 777 778 790 791 794 799 
246
3 10 12 18 21 23 26 27 28 43 44 45 
46 51 54 56 60 62 63 74 79 80 89 90 
92 93 101 103 108 109 111 112 114 117 119 122 
124 126 127 130 131 146 149 154 156 157 158 164 
167 171 178 179 184 187 191 192 198 199 205 210 
212 214 218 219 220 221 227 229 233 234 235 237 
238 243 245 249 250 252 253 258 261 266 277 278 
281 282 284 290 292 296 297 301 312 313 314 319 
323 331 332 334 336 338 341 344 345 346 351 353 
354 355 357 361 366 369 372 373 375 377 380 381 
384 391 393 396 398 407 408 411 412 414 415 418 
420 424 426 428 430 431 436 443 444 447 452 455 
456 457 458 459 468 469 475 481 483 488 491 492 
496 497 503 510 512 516 518 525 526 527 533 536 
541 542 546 553 555 556 557 558 564 576 582 583 
586 589 595 601 607 609 612 616 620 622 624 625 
628 633 636 638 641 646 647 649 659 663 664 666 
667 669 670 673 674 680 685 686 687 688 690 692 
698 701 702 705 707 711 712 715 722 723 724 727 
731 742 745 750 753 761 764 767 769 770 774 775 
778 783 785 790 796 798 
247
2 5 8 11 15 17 18 19 23 26 28 37 
38 39 44 45 47 48 52 59 60 65 68 69 
70 71 73 75 76 78 83 88 101 102 103 110 
111 114 117 119 123 136 140 144 146 149 151 153 
155 156 162 166 167 170 172 176 177 178 180 181 
193 194 196 197 201 209 210 216 221 225 232 239 
243 246 248 249 254 258 259 260 266 275 276 277 
280 282 283 284 285 286 290 297 304 305 308 309 
311 319 320 327 331 337 339 341 342 343 347 350 
352 353 354 357 370 373 376 378 382 385 386 388 
389 398 399 400 402 404 405 408 409 410 422 423 
425 432 435 438 446 448 449 458 459 461 463 465 
472 473 474 475 477 480 485 486 487 494 496 499 
501 505 509 515 516 519 525 535 537 539 543 544 
546 556 561 564 565 566 567 577 582 583 585 588 
590 593 598 602 603 606 608 614 616 620 624 625 
628 635 638 647 651 652 654 656 657 661 662 665 
667 670 671 677 678 679 683 686 687 702 703 708 
710 715 718 724 725 726 730 736 738 740 741 744 
751 757 759 761 762 768 769 770 775 778 781 782 
783 784 788 795 797 798 799 
262
9 10 13 16 18 24 25 31 36 38 39 43 
45 46 49 54 55 63 65 67 68 69 71 73 
75 79 84 86 88 89 91 93 94 97 98 104 
105 108 109 110 111 112 121 123 124 126 129 135 
136 138 143 146 150 152 153 159 160 161 162 163 
164 165 166 169 170 178 180 183 186 187 189 191 
196 197 199 206 208 211 213 214 215 218 220 224 
231 232 234 237 238 239 244 245 254 272 275 281 
289 296 299 302 303 307 308 316 320 322 324 325 
330 333 337 341 345 346 349 350 354 356 362 363 
365 367 368 369 370 371 373 374 376 380 382 389 
398 399 403 406 409 411 415 421 423 431 432 438 
444 445 446 449 450 451 454 455 459 462 464 466 
469 470 472 473 474 479 483 485 486 488 491 492 
493 497 506 507 512 515 516 517 518 525 537 538 
542 543 545 554 556 557 558 560 568 569 570 582 
583 584 585 587 591 596 598 601 608 609 612 615 
617 620 622 626 630 631 635 637 640 641 644 646 
649 655 656 660 661 662 663 666 668 672 679 680 
683 689 690 691 696 704 706 707 708 711 714 724 
732 734 736 738 750 755 757 761 763 764 767 769 
772 777 781 782 783 785 788 791 798 799 
248
2 4 7 12 15 23 24 29 36 38 42 43 
44 51 52 54 59 64 65 68 71 77 78 82 
84 88 95 97 100 101 102 105 109 111 112 115 
120 121 122 124 135 138 141 144 154 157 160 167 
170 171 176 178 179 180 181 186 188 189 190 191 
193 194 196 199 201 202 203 204 207 211 213 219 
220 221 226 233 237 238 242 243 245 246 249 253 
255 262 264 266 277 278 280 286 288 289 292 294 
295 298 301 304 308 311 313 315 318 319 323 324 
325 326 327 330 334 339 345 356 357 358 369 379 
380 381 395 396 398 400 404 405 408 412 415 417 
419 421 424 432 434 439 441 445 447 448 449 450 
453 461 465 466 468 469 471 472 483 486 489 490 
491 494 502 505 512 525 529 532 533 534 535 538 
541 544 545 546 548 552 562 565 566 569 571 579 
584 585 588 589 593 599 601 603 610 613 614 615 
616 618 619 622 624 627 628 635 636 639 648 649 
652 654 658 661 665 666 674 676 678 680 683 689 
692 696 701 707 712 714 725 727 728 732 735 736 
741 742 744 745 748 752 756 758 766 768 769 774 
778 782 785 787 788 789 795 799 
235
9 11 20 22 23 24 25 29 30 32 45 47 
48 55 56 58 60 63 64 65 69 70 71 74 
75 86 90 92 104 109 114 115 116 117 125 128 
129 131 132 135 137 146 149 152 154 155 158 164 
168 173 182 186 190 197 203 208 210 211 212 217 
224 240 244 245 246 248 249 254 257 258 260 262 
266 270 275 277 279 281 282 283 286 295 306 307 
311 313 318 323 324 325 327 336 337 346 350 351 
355 359 363 364 367 375 377 378 384 385 386 387 
389 391 392 403 409 413 417 418 419 421 423 429 
436 437 439 445 446 448 452 461 471 474 475 483 
485 487 488 489 490 497 499 500 503 508 509 511 
516 519 520 526 527 532 535 536 538 540 546 551 
552 560 561 563 565 566 568 569 570 573 580 583 
588 590 592 594 598 603 608 610 616 621 623 628 
629 631 636 638 647 658 659 667 672 673 679 681 
684 685 686 694 695 696 700 708 713 716 717 718 
721 727 728 730 731 732 734 735 741 742 746 750 
752 753 754 756 757 760 764 766 772 774 776 781 
783 784 785 786 787 789 794 
222
5 8 9 12 17 19 20 21 26 29 30 41 
51 63 68 69 70 75 78 81 85 88 94 111 
114 119 125 127 128 131 132 135 138 139 148 150 
151 152 153 156 159 161 169 176 177 178 189 190 
194 205 207 210 213 214 215 219 221 225 229 231 
234 235 236 239 240 242 247 252 253 265 266 267 
271 272 273 276 282 286 293 305 306 308 310 320 
321 327 328 329 331 334 339 340 341 350 351 353 
354 358 363 366 372 374 376 377 379 384 389 398 
399 402 405 419 420 421 426 430 432 439 440 441 
442 449 451 454 458 459 461 463 467 471 472 473 
474 476 482 486 487 490 498 499 500 501 504 505 
509 513 519 520 521 533 534 535 538 545 546 551 
559 572 574 575 576 577 581 583 586 593 596 597 
598 610 611 616 618 619 620 622 631 656 659 660 
661 663 676 677 678 679 680 683 688 692 694 695 
698 701 705 707 709 711 717 723 725 729 732 735 
740 743 746 750 751 757 759 760 761 763 765 776 
777 786 789 794 798 800 
224
9 12 13 15 16 20 22 26 37 44 47 52 
53 57 58 59 62 65 67 68 73 74 85 101 
104 111 121 122 128 129 131 134 138 145 150 152 
160 162 163 164 167 169 173 176 180 181 182 187 
188 196 202 203 207 210 211 212 213 219 223 226 
227 230 231 234 238 240 249 250 252 257 258 260 
261 262 270 275 277 279 280 285 287 292 303 317 
319 324 325 329 332 334 337 340 343 344 347 352 
355 361 364 368 371 379 380 383 390 392 401 402 
407 409 411 412 414 419 425 431 439 443 446 447 
451 456 463 466 468 469 470 472 476 479 482 483 
484 491 496 497 500 501 502 505 506 516 518 520 
527 532 537 539 540 545 549 552 554 557 565 567 
570 571 573 574 575 577 579 582 586 587 592 600 
607 611 613 616 617 619 635 638 639 648 649 654 
655 656 659 661 662 667 668 670 672 674 675 676 
678 680 691 694 698 706 708 715 716 717 719 720 
721 725 732 739 743 744 747 754 755 759 760 763 
770 775 779 788 789 791 794 799 
246
2 6 8 10 15 16 18 22 25 26 27 29 
31 36 40 41 42 43 47 51 52 56 57 58 
60 61 64 65 67 69 78 79 80 81 88 89 
92 97 102 104 106 107 117 120 125 126 128 130 
132 138 139 149 150 152 156 157 159 160 162 165 
168 171 175 176 177 181 182 186 194 197 198 200 
207 210 211 213 214 215 217 220 221 223 227 228 
230 232 234 235 238 240 244 247 250 251 252 253 
259 272 277 278 281 285 289 297 301 304 305 310 
311 314 320 322 323 326 328 333 334 336 338 345 
347 350 357 358 360 363 365 368 373 375 378 382 
394 396 401 403 404 405 408 413 414 417 419 421 
422 427 429 431 432 436 437 441 442 446 447 448 
449 450 458 459 467 472 475 478 487 494 498 501 
506 508 512 513 514 515 526 528 531 535 538 539 
542 550 554 557 560 563 564 567 569 584 589 593 
596 600 604 611 613 618 619 628 630 631 632 635 
637 639 648 650 653 659 660 662 663 667 672 675 
683 689 690 694 698 701 703 705 709 726 732 733 
739 741 752 756 758 760 765 767 768 772 773 778 
779 791 795 796 798 800 
251
6 11 12 14 15 16 20 24 30 33 40 45 
51 53 54 57 60 62 66 67 68 70 79 81 
82 85 86 87 88 91 108 122 124 125 126 127 
128 132 136 138 143 146 147 152 154 155 156 161 
163 167 168 174 176 179 180 184 186 191 193 194 
200 204 211 212 213 216 218 220 223 225 227 228 
232 237 239 245 248 249 250 253 260 261 262 263 
264 265 268 270 275 276 280 281 285 293 294 297 
301 304 307 308 311 313 314 315 318 321 324 325 
326 331 334 339 345 346 350 355 356 358 365 367 
370 371 372 375 379 381 382 383 390 391 393 396 
405 407 408 411 413 420 423 425 428 434 436 440 
445 448 450 452 454 462 466 469 472 473 474 475 
476 478 481 482 491 497 503 509 510 512 517 520 
521 526 531 533 534 535 539 540 541 549 554 558 
561 562 565 567 571 576 577 579 581 588 590 591 
595 597 602 605 610 615 618 622 626 628 630 635 
636 637 641 642 644 647 655 656 658 662 665 671 
673 676 682 684 685 690 691 695 698 700 707 716 
717 719 723 724 725 728 729 730 733 735 746 754 
761 764 768 775 776 777 778 786 788 790 794 
231
3 5 6 9 15 17 21 22 24 27 33 38 
44 49 52 53 55 56 58 61 63 64 67 70 
75 76 78 80 83 95 97 98 102 104 106 109 
120 124 126 127 132 133 143 146 147 151 152 153 
156 159 161 167 168 171 174 176 178 181 192 196 
199 209 210 211 219 220 224 228 231 232 235 236 
238 239 244 248 250 256 257 259 260 266 270 271 
273 275 276 281 283 284 290 292 293 294 296 301 
304 305 309 312 315 317 318 322 323 324 326 329 
332 334 336 340 345 346 349 352 353 358 361 364 
368 373 379 382 383 386 390 392 400 403 405 407 
412 415 422 431 432 440 445 449 460 466 475 476 
477 479 488 499 500 507 515 518 519 522 532 534 
536 542 550 556 561 562 564 565 566 570 577 579 
584 591 597 600 603 608 609 612 613 614 616 619 
621 624 633 635 638 640 650 654 655 658 662 664 
666 678 683 684 685 690 693 695 696 698 702 714 
716 717 730 735 739 741 743 749 755 762 764 765 
769 773 774 776 780 783 784 786 790 791 793 794 
796 799 800 
226
3 9 14 18 21 25 31 34 35 37 44 48 
50 54 63 67 69 79 90 92 95 98 99 101 
104 111 112 113 116 117 124 128 132 141 145 146 
148 149 151 153 155 156 171 172 183 184 188 189 
191 202 205 208 214 228 229 235 236 240 243 244 
249 251 252 253 257 262 272 274 277 280 281 286 
295 297 305 306 308 321 322 323 324 325 326 327 
330 333 334 335 337 340 342 348 349 351 358 364 
369 377 383 386 387 391 392 401 406 407 408 420 
423 425 426 430 433 434 439 442 443 449 453 464 
465 468 470 471 475 480 484 486 489 492 493 497 
500 501 502 504 506 508 511 513 514 515 517 523 
533 534 535 541 542 547 549 550 552 553 569 572 
580 581 582 584 588 593 598 600 603 604 605 606 
608 611 612 616 617 623 628 630 633 635 637 641 
643 645 646 652 655 656 657 661 668 672 677 678 
680 685 688 689 691 694 698 699 700 709 710 715 
724 728 731 739 741 743 745 746 747 748 749 753 
754 762 763 765 766 767 770 773 786 796 
245
4 5 13 17 22 23 24 26 27 32 33 43 
44 46 49 56 57 58 61 67 70 71 72 81 
85 87 93 94 102 104 107 109 112 114 116 119 
122 124 125 129 130 131 147 150 151 152 153 155 
156 160 163 165 167 175 178 180 191 196 200 201 
202 208 209 213 217 218 220 221 222 228 231 239 
241 243 247 248 251 253 255 257 258 261 262 263 
267 268 269 290 292 295 301 314 316 317 318 324 
325 328 329 330 332 334 338 341 346 348 353 354 
355 356 364 369 372 374 378 379 384 385 386 390 
392 394 395 397 400 403 409 413 417 422 424 428 
433 435 436 440 442 443 448 449 451 456 463 467 
470 471 472 476 486 488 494 496 499 500 505 511 
514 518 521 524 528 530 535 537 544 547 548 556 
557 558 563 567 574 580 582 583 585 593 605 609 
610 611 617 618 619 622 625 626 628 630 639 640 
642 647 649 653 660 662 663 666 669 671 677 678 
679 682 683 684 685 690 694 698 699 701 702 707 
710 715 717 718 719 724 726 727 739 740 742 748 
749 751 754 756 759 763 768 773 777 780 781 783 
785 795 796 797 800 
239
2 4 6 8 13 16 17 19 20 22 25 27 
34 37 38 40 42 46 51 54 56 59 61 62 
64 68 72 78 79 81 86 88 90 91 92 95 
97 100 105 109 112 120 124 128 132 144 148 151 
158 159 161 162 165 175 176 185 188 193 194 196 
197 198 200 203 204 212 214 222 224 227 230 235 
237 239 240 249 252 257 260 264 267 270 277 279 
283 286 289 295 299 301 303 304 305 315 317 318 
325 326 327 331 333 339 340 346 348 350 351 354 
356 361 365 367 368 369 377 383 384 386 387 392 
393 396 397 401 415 416 421 423 429 430 433 441 
443 450 458 462 463 464 469 470 477 481 486 487 
488 489 490 495 497 498 500 507 508 513 515 525 
530 532 533 534 535 539 543 545 548 555 556 559 
567 569 577 585 586 595 600 604 606 609 610 612 
614 615 617 618 626 633 635 637 644 645 646 655 
659 667 668 669 670 673 674 675 676 685 686 691 
693 696 697 700 703 713 716 717 719 722 723 726 
727 730 732 738 739 740 744 747 748 749 754 755 
758 761 762 772 774 783 788 792 793 795 799 
226
4 6 7 9 10 11 13 15 17 24 25 34 
37 43 45 46 47 50 53 59 79 80 84 88 
91 94 96 98 101 119 120 123 127 140 141 145 
149 151 155 156 160 161 162 164 171 172 179 188 
192 193 194 195 199 200 205 208 211 214 221 223 
226 229 230 232 235 236 237 238 241 245 247 250 
257 259 260 261 263 267 271 272 273 278 279 287 
289 292 298 300 307 308 309 311 315 323 324 332 
335 336 339 345 346 349 350 356 362 363 364 366 
370 374 376 377 383 384 386 387 389 392 393 395 
398 402 404 405 407 409 411 417 418 428 430 434 
439 442 443 445 450 452 454 457 460 468 477 481 
482 488 489 492 496 497 509 524 526 528 530 536 
538 546 549 556 560 561 562 563 576 581 597 599 
606 608 610 629 633 638 646 649 650 653 654 659 
660 661 662 663 666 668 669 679 680 682 685 686 
691 694 696 702 706 707 708 713 716 717 720 721 
730 736 738 743 744 749 750 753 757 758 759 761 
763 767 769 771 772 778 782 793 794 798 
235
3 6 7 9 14 15 16 17 20 22 24 28 
31 36 46 47 50 60 61 65 67 71 75 77 
78 85 86 89 90 91 97 100 106 107 108 112 
115 122 128 129 130 131 136 137 139 141 143 145 
146 156 159 164 171 175 176 179 182 187 190 192 
194 197 199 201 209 210 212 213 215 221 222 224 
227 228 233 235 237 241 243 244 245 250 253 255 
257 258 260 262 263 267 277 282 285 289 301 306 
307 309 313 317 318 321 323 325 329 332 333 335 
345 349 351 358 362 366 368 369 376 390 392 395 
399 403 405 408 409 411 413 414 415 417 419 426 
427 428 446 452 456 459 460 466 467 470 471 473 
475 482 485 488 492 496 500 504 511 513 518 520 
524 526 528 533 534 541 546 547 549 550 552 563 
564 566 567 568 575 577 578 583 586 588 590 594 
595 597 599 601 610 620 622 623 628 630 634 636 
645 648 651 652 655 661 663 668 670 671 676 680 
682 683 697 701 709 713 714 715 717 721 723 724 
726 729 731 739 740 748 749 754 757 761 763 771 
772 775 779 783 784 790 792 
211
2 4 5 11 20 21 23 29 34 36 38 42 
46 47 48 50 55 60 67 69 70 76 77 78 
80 84 85 86 87 89 90 92 96 100 103 107 
110 111 115 119 128 134 143 144 152 158 160 161 
166 169 184 189 191 199 206 210 215 220 223 226 
230 232 235 241 246 248 250 256 264 265 266 267 
269 273 275 278 281 283 290 291 296 301 313 318 
323 324 328 332 340 342 343 344 348 350 357 363 
366 372 378 380 383 388 389 395 396 401 408 411 
412 414 415 424 425 428 430 434 435 445 452 453 
456 457 464 465 473 476 479 483 484 486 493 496 
499 502 504 505 506 507 508 517 521 523 524 531 
539 541 544 546 547 548 552 554 560 567 575 576 
582 591 601 602 606 621 629 633 637 641 643 658 
660 665 667 676 677 680 682 684 691 695 697 698 
700 701 702 710 711 717 719 726 731 736 748 750 
752 756 757 762 764 766 767 768 772 773 774 777 
785 786 788 790 794 795 798 
262
1 2 4 6 8 9 11 12 23 25 26 30 
41 43 44 49 50 52 54 55 56 57 63 64 
69 71 72 74 78 79 82 83 85 87 90 95 
100 102 104 107 108 110 114 115 117 119 127 128 
131 133 134 140 141 148 150 151 153 155 160 164 
167 169 171 172 173 174 178 184 185 186 188 191 
196 197 198 202 204 206 209 214 228 246 250 251 
252 254 256 259 261 263 264 265 271 277 281 283 
285 292 293 294 300 322 324 326 329 330 331 332 
333 338 339 344 345 353 359 360 362 363 367 372 
376 378 381 387 390 396 397 399 400 403 405 406 
408 409 424 426 428 429 431 434 436 441 445 458 
459 465 470 471 489 496 498 499 500 503 504 507 
511 512 519 520 521 523 524 527 529 530 533 540 
549 550 551 555 561 565 567 569 570 573 578 581 
582 583 588 589 594 597 600 604 609 612 616 624 
625 628 629 632 633 641 643 645 646 648 652 653 
654 655 661 662 667 669 670 674 676 677 683 685 
686 687 688 690 693 698 709 711 715 718 719 721 
722 726 727 732 734 738 743 744 746 747 750 752 
753 755 757 758 759 762 768 770 771 772 773 774 
781 783 784 785 786 787 790 791 793 799 
223
1 8 13 15 19 25 29 30 31 32 34 37 
39 44 46 48 50 52 55 60 64 65 69 74 
77 79 82 91 97 102 105 108 109 113 118 119 
121 122 134 135 142 144 148 155 159 160 163 165 
166 167 169 170 172 174 180 182 184 187 192 194 
196 199 202 205 207 209 210 216 219 225 229 232 
235 243 244 247 252 255 256 258 261 264 266 281 
285 287 288 289 294 298 299 301 304 313 315 330 
331 334 335 338 340 342 345 359 366 368 369 371 
379 380 382 386 388 390 391 400 402 406 412 413 
415 416 417 419 420 435 448 451 452 453 459 460 
462 465 469 470 471 472 478 479 481 483 485 490 
495 499 501 506 509 513 517 521 523 531 533 537 
539 542 544 545 549 550 558 560 565 566 570 571 
573 575 576 586 589 598 601 604 609 610 613 623 
630 632 634 638 639 641 647 650 652 656 658 663 
673 675 676 677 678 684 689 692 708 713 715 722 
727 729 731 734 735 737 742 743 745 746 754 756 
762 765 771 773 780 786 798 
237
1 2 5 20 24 25 32 33 36 37 39 44 
48 51 52 60 66 67 68 72 73 74 84 95 
102 105 106 117 119 120 123 131 132 134 136 137 
145 149 150 151 157 159 162 164 165 166 173 174 
177 182 189 197 205 211 216 219 222 223 225 237 
244 245 247 248 256 257 258 261 270 272 277 283 
286 290 294 296 297 298 299 300 301 303 306 310 
325 329 333 334 336 337 339 343 347 350 353 354 
357 360 362 364 365 366 367 368 372 375 376 378 
383 386 389 394 402 404 415 416 417 425 428 431 
433 438 440 443 454 467 468 469 480 485 486 488 
489 492 493 497 498 500 502 504 506 509 511 514 
516 517 521 522 523 526 538 543 544 551 552 554 
555 557 558 560 565 574 575 576 577 589 591 593 
597 598 601 602 604 606 608 609 610 615 621 622 
623 626 628 631 637 648 655 656 661 667 672 674 
675 677 678 682 686 689 690 692 694 696 697 701 
702 703 713 714 717 722 725 728 730 731 740 741 
742 743 746 751 752 754 755 759 765 771 772 778 
781 784 791 792 794 797 798 799 800 
217
1 2 3 7 14 18 19 24 29 37 40 44 
46 54 60 65 66 68 77 78 80 84 89 94 
96 101 103 105 107 114 118 120 122 123 132 135 
138 139 142 145 171 176 185 188 191 192 193 198 
200 211 217 218 224 226 229 234 236 238 245 252 
253 257 264 266 267 271 272 274 276 289 293 294 
295 297 301 311 316 317 321 323 334 337 344 346 
348 349 354 360 363 365 372 377 386 393 396 399 
405 408 410 416 421 424 425 430 437 439 440 441 
442 444 446 453 454 455 458 459 465 466 476 478 
479 481 492 493 494 495 496 501 503 504 506 507 
512 515 520 526 532 533 537 538 539 541 547 549 
553 554 562 563 564 566 568 569 571 573 574 579 
583 587 590 595 600 604 608 609 611 617 618 623 
637 639 641 643 647 648 649 650 658 661 663 669 
673 675 677 678 682 685 697 698 701 710 711 715 
719 721 730 731 736 743 746 747 752 754 756 759 
765 770 771 774 775 776 777 778 781 785 789 790 
795 
219
5 7 10 15 19 23 29 30 31 32 34 38 
39 40 42 45 46 49 50 59 61 64 65 69 
75 76 79 81 82 83 84 89 90 91 92 93 
94 95 99 103 104 105 107 108 112 119 123 126 
127 129 131 138 141 142 145 151 160 162 170 173 
179 180 181 183 191 202 203 204 207 213 215 218 
222 235 236 243 247 260 261 262 264 270 276 278 
279 281 282 283 288 289 291 292 297 298 299 307 
308 310 318 320 326 330 337 344 351 354 355 358 
359 360 361 366 368 380 381 382 384 386 387 393 
394 395 398 404 409 414 415 421 430 436 443 445 
447 449 453 456 459 460 462 469 471 473 476 483 
486 490 494 500 504 512 518 522 523 527 532 536 
537 541 543 549 550 552 561 563 567 577 578 579 
584 586 588 593 608 611 617 618 622 640 644 651 
652 653 655 657 660 662 663 668 673 680 686 691 
693 698 702 705 707 710 718 727 729 732 734 742 
761 762 764 765 768 770 774 780 782 784 788 789 
790 791 794 
230
2 6 7 11 12 13 14 15 17 18 23 25 
28 48 51 57 59 60 62 64 67 71 87 88 
91 95 96 106 108 109 116 129 132 133 135 138 
141 152 153 161 170 172 174 175 176 180 185 190 
193 197 199 202 204 209 217 218 219 224 225 232 
234 235 238 246 248 256 261 266 268 271 274 275 
277 282 283 286 287 290 292 294 303 308 309 310 
314 316 317 321 325 328 329 332 334 339 344 348 
357 358 360 361 363 367 368 373 375 379 383 386 
387 397 400 402 403 404 417 422 423 426 434 437 
449 454 455 456 459 460 463 470 473 475 477 479 
481 488 490 494 498 503 505 509 519 520 521 526 
527 538 541 549 556 557 564 567 568 569 571 576 
578 579 582 585 588 589 591 592 594 595 596 599 
602 605 610 618 627 628 630 631 632 635 636 638 
641 642 649 650 656 659 665 666 669 675 677 679 
686 687 693 695 697 700 702 703 704 706 707 708 
716 718 719 728 731 734 735 737 738 755 756 759 
761 766 769 775 776 778 785 786 787 792 793 795 
796 799 
223
5 6 8 11 12 19 27 33 39 43 47 52 
57 59 62 71 73 74 78 81 90 97 100 102 
105 106 111 122 127 133 141 144 148 152 153 160 
163 165 168 171 174 179 180 181 182 184 185 186 
190 193 196 199 210 217 220 225 229 231 232 235 
238 242 243 245 249 250 256 258 259 260 264 266 
267 268 269 271 275 276 281 282 288 289 294 297 
298 299 305 308 311 315 316 319 324 342 344 348 
360 368 369 370 371 388 390 396 399 404 409 410 
418 420 425 428 430 434 435 442 446 449 455 460 
462 464 465 466 469 470 474 478 480 482 484 485 
489 493 494 498 500 503 505 506 510 516 518 519 
521 523 529 533 534 538 543 544 548 551 552 558 
564 567 569 572 574 575 578 579 580 581 582 587 
588 589 597 599 610 611 617 618 619 624 634 639 
642 643 647 656 657 658 660 668 671 678 688 690 
692 699 705 713 720 723 724 725 729 738 745 750 
757 758 759 760 764 766 767 768 770 772 774 776 
783 788 790 791 792 797 798 
269
1 2 4 9 12 18 22 25 30 34 36 39 
51 57 59 61 64 68 69 70 71 75 80 82 
86 89 92 96 98 100 103 107 111 113 114 119 
127 128 129 130 131 132 134 137 143 146 147 149 
154 158 159 160 163 168 172 176 183 187 203 205 
207 214 215 216 219 224 227 237 244 246 247 248 
251 256 258 259 260 263 266 272 277 278 279 280 
285 287 289 291 295 297 298 304 309 310 312 314 
315 318 323 325 335 336 339 342 346 348 349 352 
357 360 363 364 368 374 375 378 380 383 384 389 
390 395 396 399 404 406 407 414 415 417 419 421 
426 427 428 431 433 434 439 440 442 444 446 447 
448 454 456 461 462 463 464 465 467 472 474 481 
484 485 488 489 491 492 493 496 499 500 502 503 
504 506 514 517 518 519 521 526 528 530 531 532 
533 534 537 538 540 541 548 552 554 563 565 567 
570 572 574 578 580 583 589 590 591 593 598 606 
609 615 616 618 619 620 621 623 625 629 641 642 
644 646 649 650 654 658 659 661 663 666 667 669 
670 674 675 681 684 685 688 691 696 699 703 711 
712 714 715 716 721 723 727 730 737 740 744 750 
751 752 753 754 757 759 760 761 763 766 769 788 
789 791 797 798 800 
236
5 20 23 25 29 30 31 32 37 38 39 41 
45 47 48 50 51 52 53 58 61 76 77 82 
91 94 95 96 102 103 106 117 118 121 122 125 
129 130 132 134 135 139 141 148 149 150 153 155 
158 165 176 179 181 184 193 197 199 201 203 206 
208 213 220 230 231 237 244 247 249 253 254 255 
256 258 263 266 271 274 276 279 285 289 290 292 
318 320 322 325 331 333 335 341 342 343 348 350 
351 353 355 356 359 367 368 370 372 374 376 377 
380 381 382 383 387 388 394 398 401 402 406 407 
409 412 417 419 420 421 432 442 443 444 446 454 
460 466 467 471 473 477 478 491 492 493 497 499 
501 502 508 509 515 516 519 520 521 525 526 533 
541 542 547 549 551 570 574 577 579 581 583 595 
596 598 599 603 604 605 613 616 622 627 632 634 
635 636 638 640 641 644 646 647 655 656 663 667 
668 671 672 675 677 678 683 685 690 694 695 696 
697 699 702 710 716 718 719 721 724 725 726 729 
735 744 745 747 750 756 757 759 762 763 764 769 
773 775 781 792 793 795 798 799 
233
2 4 8 10 13 19 22 23 24 26 28 32 
42 43 46 49 50 55 56 60 61 62 63 72 
73 75 77 81 82 83 88 91 99 101 103 104 
106 107 111 114 115 118 119 122 124 129 138 139 
140 142 144 146 148 153 156 160 161 166 170 177 
182 184 190 194 198 199 201 207 208 209 220 221 
222 224 225 228 229 230 236 237 243 244 245 247 
254 255 256 258 263 264 265 266 267 270 275 286 
287 289 293 294 295 300 303 305 311 315 328 338 
342 346 347 349 350 353 354 356 362 365 367 372 
381 388 392 393 399 400 402 410 421 424 426 427 
431 436 438 440 448 452 453 457 458 461 463 470 
471 474 485 490 491 498 508 509 516 519 520 521 
525 530 536 537 538 539 541 545 551 558 560 564 
566 567 569 573 577 583 587 591 592 596 601 603 
606 607 608 613 620 621 629 633 635 636 639 644 
647 648 650 658 659 661 666 667 678 681 696 697 
702 703 705 706 710 716 718 720 721 740 744 746 
752 755 756 757 760 761 762 764 772 777 780 781 
784 785 789 793 799 
225
12 13 34 39 40 42 46 48 50 60 61 64 
67 68 72 73 74 80 82 84 86 89 94 100 
103 107 111 112 113 119 120 127 128 138 140 143 
144 146 150 154 156 159 160 166 167 172 175 176 
179 195 201 202 208 211 215 219 229 230 233 235 
238 248 250 253 264 268 269 277 279 282 285 286 
288 290 294 297 299 301 304 305 306 309 311 317 
321 322 326 332 333 334 337 339 342 346 351 353 
356 361 366 367 369 373 374 375 377 384 387 389 
400 403 404 407 414 415 426 433 437 440 444 446 
448 449 452 453 456 457 463 472 476 477 482 486 
491 493 494 496 503 511 518 520 523 528 533 534 
539 541 544 547 548 550 551 553 554 557 558 560 
569 575 583 586 591 593 594 595 596 599 603 605 
606 608 612 613 616 620 623 627 633 635 638 639 
640 642 643 647 649 652 663 664 665 672 675 680 
684 687 690 695 699 700 702 710 712 715 716 728 
733 736 740 745 749 752 754 756 760 764 767 768 
770 774 780 781 793 794 796 799 800 
233
6 11 14 15 16 20 23 29 32 36 44 45 
49 50 53 58 61 63 67 68 72 75 76 84 
88 89 100 101 102 103 107 120 123 135 138 141 
144 145 148 152 156 166 168 170 175 181 183 184 
188 191 194 196 198 199 200 203 209 211 213 218 
219 222 224 225 228 230 237 239 240 241 244 245 
254 256 259 261 262 265 266 267 268 270 278 279 
289 291 295 296 302 303 307 318 319 320 324 332 
339 340 350 351 357 363 366 370 371 376 379 388 
389 390 391 403 411 415 418 423 425 426 430 431 
433 434 449 453 455 465 468 469 475 478 483 490 
494 497 507 508 509 512 514 515 518 521 528 530 
537 538 543 546 549 556 563 565 566 568 569 571 
575 576 577 578 581 586 591 597 605 607 614 615 
618 620 627 628 632 640 642 644 645 654 655 657 
663 664 666 673 675 677 679 686 687 689 696 697 
698 701 706 708 710 711 715 717 718 719 720 723 
724 725 727 732 735 739 743 744 747 750 751 752 
753 756 757 761 763 765 767 769 771 774 779 783 
784 787 791 793 794 
241
2 4 11 13 16 19 28 31 35 37 42 48 
49 50 52 55 58 59 60 61 64 67 69 70 
71 73 74 80 82 87 88 92 98 105 107 108 
110 115 116 119 128 129 130 137 138 139 140 143 
146 149 150 153 155 156 159 161 162 163 168 171 
179 187 193 195 198 203 206 207 215 226 229 238 
240 245 246 249 250 252 253 254 256 257 270 274 
276 277 278 279 282 289 297 300 306 307 310 316 
320 332 333 335 336 339 340 345 355 356 358 362 
368 379 380 381 383 386 387 393 397 399 403 405 
407 410 415 419 429 431 433 436 438 442 446 448 
455 463 464 466 469 472 473 479 483 489 491 492 
493 494 498 500 507 516 517 518 519 521 524 525 
528 533 549 552 554 555 558 560 562 563 564 565 
570 571 572 573 574 575 578 579 580 581 582 584 
586 591 596 597 608 612 620 621 622 628 629 634 
643 646 653 662 663 665 671 673 675 677 678 680 
685 687 689 695 699 703 704 705 706 707 709 711 
719 729 732 736 740 744 749 753 754 756 757 760 
761 770 772 776 780 784 787 790 792 795 796 798 
800 
234
6 8 12 15 16 19 21 26 31 34 37 45 
47 53 55 56 59 65 67 73 79 80 87 89 
91 94 95 100 101 102 113 117 120 121 123 129 
130 131 132 133 134 137 139 143 148 150 152 154 
157 164 168 170 183 185 187 194 199 205 206 207 
222 225 226 234 235 245 246 247 248 252 256 262 
264 267 268 274 276 278 282 283 284 288 293 294 
295 305 306 307 308 309 312 314 328 340 343 345 
347 349 352 353 356 357 359 364 366 375 376 377 
379 381 384 388 389 391 392 393 401 403 405 409 
410 417 418 423 425 428 435 437 438 446 450 454 
460 461 462 468 479 483 486 488 491 492 496 498 
500 508 509 513 517 518 528 531 535 536 541 542 
550 553 554 556 557 560 564 577 578 579 580 583 
588 589 590 591 592 595 597 600 604 605 607 608 
611 617 620 624 630 631 635 640 643 654 657 675 
678 682 683 686 697 698 699 701 703 704 705 708 
710 713 714 715 719 722 723 726 728 733 736 745 
747 751 752 753 757 758 760 765 766 767 772 775 
777 779 782 784 787 788 
240
10 12 17 20 21 28 32 36 43 46 48 55 
59 60 63 67 70 71 74 76 80 82 88 90 
91 99 100 101 103 105 107 118 120 124 128 136 
138 139 142 149 152 154 159 164 171 193 199 205 
211 217 220 222 224 230 231 232 244 246 248 249 
255 258 263 267 273 275 276 280 281 285 288 294 
296 298 299 304 305 307 312 315 320 323 324 326 
330 336 337 338 340 342 343 344 347 350 352 358 
360 362 363 364 365 366 367 372 374 382 384 385 
389 390 391 393 400 401 406 409 410 411 418 420 
421 422 426 427 431 435 439 442 443 444 449 454 
458 464 465 467 468 471 479 484 485 487 495 496 
498 499 503 504 505 506 507 509 512 513 520 523 
529 531 532 535 537 540 542 544 546 555 557 563 
565 568 569 576 577 587 589 591 594 596 597 600 
601 603 605 610 612 616 619 622 623 625 629 630 
633 636 642 643 649 650 653 655 656 659 660 668 
669 670 672 676 677 679 687 696 701 704 707 708 
709 717 718 728 732 741 743 744 747 748 750 752 
758 759 767 769 782 783 784 787 791 794 795 797 
265
1 2 3 12 15 17 24 25 29 31 36 39 
48 50 62 63 64 67 69 71 72 78 86 87 
90 92 93 97 100 104 108 109 111 112 116 117 
118 122 124 125 126 130 132 133 134 137 140 144 
145 147 150 154 158 160 162 169 171 173 174 179 
182 183 184 185 189 196 199 200 208 217 219 221 
224 225 236 238 239 243 246 247 248 249 255 256 
259 262 263 264 268 269 270 271 275 279 284 289 
299 300 302 304 305 306 308 310 318 319 320 322 
323 328 329 330 331 336 339 342 344 348 350 352 
369 370 374 376 381 386 389 393 394 398 401 403 
406 407 409 411 412 415 417 419 423 424 426 432 
433 435 436 437 439 441 453 454 455 460 461 462 
467 468 470 472 473 474 475 476 479 480 481 484 
489 497 499 501 507 511 512 513 518 522 523 526 
530 532 533 535 541 544 545 546 550 553 554 562 
563 564 566 567 571 572 575 577 582 588 594 595 
600 603 605 609 610 618 624 625 631 639 641 644 
645 647 650 651 652 654 658 660 663 667 671 672 
673 679 689 690 691 694 700 703 707 709 711 718 
720 723 729 733 743 746 747 754 755 757 759 764 
769 775 776 777 780 781 786 787 791 792 794 796 
799 
263
1 2 3 9 13 18 21 22 26 33 34 35 
36 41 42 43 46 48 52 56 57 60 61 62 
63 65 66 69 75 76 78 79 81 89 95 96 
100 102 107 112 113 120 121 122 124 131 132 136 
138 143 149 150 165 166 169 172 174 176 186 190 
195 200 201 202 204 206 210 211 214 219 220 221 
224 229 234 236 239 246 249 250 251 253 254 255 
258 259 264 265 268 270 272 273 274 280 283 285 
287 288 289 295 299 304 312 313 314 317 320 324 
326 331 335 336 337 338 340 342 345 346 350 360 
362 366 368 369 372 373 376 378 379 381 384 387 
392 396 398 399 402 408 414 415 422 424 426 427 
429 432 436 438 441 443 447 450 454 461 466 469 
472 474 479 480 486 488 494 496 499 503 507 509 
510 511 514 517 518 520 523 524 525 527 528 529 
532 534 538 540 547 554 555 557 559 560 564 569 
572 576 585 587 595 606 607 609 610 612 614 616 
617 624 625 626 628 630 633 636 637 640 641 645 
651 654 670 671 672 673 674 679 681 686 687 688 
692 693 694 696 703 709 711 713 718 725 728 729 
732 734 737 739 745 748 750 754 759 761 762 767 
769 771 773 777 780 785 788 790 796 797 799 
251
2 8 16 17 22 25 26 28 32 33 34 35 
40 41 45 47 48 49 53 54 56 63 65 66 
67 73 76 89 90 97 99 100 103 105 108 112 
115 118 120 123 125 126 135 137 139 140 142 143 
144 151 152 156 158 163 167 173 174 181 182 184 
185 188 189 191 193 194 195 201 204 205 206 209 
214 218 219 220 224 225 229 230 235 249 263 264 
265 267 269 270 272 279 280 284 294 300 301 303 
304 306 308 314 315 320 322 323 330 331 335 338 
340 343 346 347 349 351 356 362 366 371 378 381 
383 385 387 388 389 391 393 396 410 417 421 422 
423 424 433 434 436 444 448 450 451 452 455 457 
462 466 468 469 473 475 480 481 482 485 486 490 
492 494 495 498 502 504 508 513 514 515 518 519 
522 523 524 526 528 537 541 545 547 556 557 559 
562 563 565 569 570 572 573 574 576 577 581 582 
584 591 606 608 609 613 615 618 625 630 631 634 
645 647 653 655 656 658 661 662 667 673 682 687 
689 691 696 707 711 713 714 718 720 725 727 728 
733 735 740 743 744 746 747 752 756 758 764 766 
769 770 771 773 776 777 778 782 788 795 800 
266
1 3 4 7 12 13 22 25 26 31 40 43 
47 49 52 54 59 69 70 71 77 86 92 95 
100 103 109 110 121 127 129 131 139 140 141 142 
147 149 155 156 158 160 163 167 169 174 176 178 
179 180 182 183 184 191 192 193 194 195 196 202 
206 208 219 229 230 231 233 234 240 241 246 249 
261 263 264 265 268 269 274 275 277 280 284 286 
291 293 297 299 300 303 308 311 316 317 322 325 
331 332 333 338 343 345 347 350 352 353 354 355 
357 360 362 363 364 365 369 372 376 377 379 380 
381 383 384 385 389 391 392 394 395 397 398 399 
401 405 406 407 411 417 419 421 422 426 428 432 
437 443 452 453 454 455 457 458 459 461 462 463 
472 478 480 481 484 488 490 491 492 493 497 504 
507 508 512 516 517 518 520 521 522 525 530 532 
533 534 536 537 539 542 543 550 556 557 559 562 
567 568 572 577 583 585 587 589 590 595 596 597 
600 601 609 613 620 622 624 628 635 636 641 642 
643 653 654 655 656 658 659 661 663 665 675 679 
681 685 687 690 692 693 694 697 699 703 705 710 
713 716 720 728 729 733 737 740 744 745 752 753 
754 755 756 757 760 761 765 771 774 781 782 793 
799 800 
247
5 7 12 13 14 23 26 27 35 37 42 46 
49 52 53 55 56 57 64 70 73 78 80 81 
87 97 102 103 106 109 111 116 119 125 128 130 
133 135 139 142 148 149 151 155 156 162 167 176 
182 184 186 187 192 196 197 202 206 210 211 215 
221 225 227 230 234 235 237 238 239 242 244 246 
252 253 257 260 270 273 281 284 285 288 296 303 
304 310 312 316 319 321 324 327 329 331 333 335 
347 348 354 356 357 369 371 374 378 379 381 383 
386 387 392 394 395 397 398 404 408 411 417 420 
423 429 436 438 441 445 448 452 453 456 462 467 
472 473 478 481 484 485 489 492 494 495 499 501 
502 503 505 509 510 513 517 519 522 523 530 532 
533 535 538 539 540 542 544 545 549 550 556 559 
560 562 564 575 578 580 586 588 589 595 596 599 
606 608 609 610 613 616 622 624 627 634 645 646 
651 652 653 654 657 658 661 662 665 674 678 681 
682 684 686 690 693 696 700 703 704 705 708 711 
713 718 719 721 723 727 730 732 736 737 741 742 
743 744 745 746 749 750 752 754 759 767 772 774 
775 777 784 786 787 791 794 
243
4 12 17 18 19 21 25 33 39 42 44 47 
49 56 59 68 69 77 80 83 85 92 93 95 
110 112 113 122 123 127 134 135 136 138 140 141 
142 145 147 153 156 157 158 168 169 171 173 180 
182 183 184 185 186 192 194 195 197 198 200 201 
204 205 208 210 211 216 218 223 224 228 231 237 
241 252 255 262 264 266 267 271 275 276 278 279 
281 282 285 288 289 291 305 307 310 311 312 316 
324 331 332 335 336 338 341 342 343 344 345 348 
354 355 356 357 358 360 366 367 368 376 378 381 
384 386 389 397 398 406 408 410 416 421 432 447 
448 449 450 451 453 454 458 470 471 476 480 481 
484 490 493 499 500 503 504 506 507 508 509 510 
511 512 516 517 518 519 520 523 528 533 538 540 
544 547 555 567 570 571 572 573 577 584 585 586 
588 590 592 595 597 598 599 601 604 607 608 610 
612 614 618 622 624 632 635 645 651 653 657 664 
665 671 678 680 686 694 695 698 708 711 717 718 
722 725 727 728 730 731 733 734 745 746 747 748 
751 754 766 767 771 774 780 781 783 784 787 788 
792 796 798 
244
4 8 17 19 21 22 23 25 27 29 40 44 
45 48 51 55 56 57 63 65 66 70 72 74 
76 78 83 85 86 87 88 89 95 97 105 106 
111 112 115 118 123 132 133 134 136 142 144 145 
149 151 152 155 159 160 162 167 171 174 175 177 
188 189 198 200 202 208 218 220 222 223 224 231 
233 234 237 247 249 250 252 253 254 255 262 266 
269 272 274 275 280 281 284 291 292 297 299 301 
302 303 305 307 309 312 315 317 321 325 326 329 
334 335 337 338 339 341 343 346 349 350 351 352 
353 354 356 357 360 366 372 374 375 379 385 389 
394 396 398 403 405 406 411 418 419 420 424 428 
429 436 439 450 452 455 458 472 474 476 477 480 
481 484 498 499 502 503 504 506 511 513 523 525 
528 529 530 531 536 541 542 545 550 551 552 554 
561 563 578 581 586 587 593 604 608 610 618 620 
623 624 626 627 628 629 633 634 635 640 641 644 
646 647 650 651 653 662 671 674 675 676 679 681 
684 693 702 708 709 712 719 729 730 732 734 735 
736 737 743 752 753 758 760 762 763 772 774 782 
783 785 793 798 
248
2 4 7 13 14 18 19 35 38 39 44 45 
46 51 54 56 57 58 68 71 77 90 96 97 
98 101 104 106 109 110 114 116 117 119 120 123 
125 129 131 132 133 140 142 148 155 159 165 169 
170 171 175 176 182 184 194 197 198 201 207 208 
211 215 218 219 227 229 233 234 239 240 243 244 
247 249 250 256 257 258 260 261 264 268 269 270 
273 279 280 282 284 287 288 292 294 295 296 298 
300 304 307 309 310 312 317 320 321 322 332 336 
339 345 346 349 351 352 355 359 363 365 366 369 
372 377 378 380 381 384 386 388 395 401 403 404 
405 412 421 430 431 432 435 445 447 448 458 463 
466 471 473 474 481 482 488 489 491 494 497 501 
504 506 507 515 516 518 531 534 535 539 544 545 
546 548 552 556 557 561 564 567 568 577 582 584 
586 588 589 590 594 596 609 611 617 618 619 626 
627 632 633 639 642 643 648 651 652 654 655 657 
658 661 663 664 668 669 671 674 675 678 680 684 
689 691 695 696 698 700 716 719 721 722 725 728 
730 731 734 738 739 744 747 760 761 764 768 770 
776 779 781 784 789 791 795 800 
245
2 8 10 11 12 15 17 21 24 26 27 28 
32 37 41 46 49 57 58 62 63 67 69 70 
73 76 86 91 92 94 112 113 115 116 119 120 
122 124 126 134 135 136 142 145 148 150 153 154 
166 168 171 173 177 179 182 185 186 188 189 193 
197 201 204 208 211 212 213 224 225 226 229 231 
233 237 239 240 241 244 245 247 255 265 267 268 
269 276 286 289 292 297 298 299 303 304 305 308 
311 313 317 322 330 331 333 335 338 345 348 350 
355 361 364 368 371 373 375 380 384 386 388 389 
391 394 396 397 399 400 401 403 405 407 411 412 
414 415 419 423 427 429 435 438 439 440 444 445 
446 447 448 449 452 460 463 465 468 469 473 477 
478 483 489 492 494 495 496 498 499 500 502 510 
511 512 514 517 524 528 531 532 538 541 545 547 
550 551 552 553 556 559 565 569 571 579 580 592 
593 594 602 603 605 612 613 614 615 625 632 635 
637 638 639 640 642 643 645 653 667 669 670 672 
673 676 677 679 687 694 698 699 709 710 715 720 
722 723 731 741 742 749 752 755 761 763 768 775 
778 783 787 789 797 
229
9 10 11 13 20 22 23 24 26 28 32 37 
39 41 45 48 52 59 65 69 75 76 82 86 
93 95 104 118 124 125 131 133 135 139 140 143 
144 148 149 158 159 160 161 165 166 168 170 172 
177 190 191 193 200 203 207 208 217 219 220 224 
226 227 228 229 230 234 241 242 248 255 258 261 
263 269 271 273 274 277 283 286 292 293 297 299 
300 306 307 311 313 318 321 324 327 328 332 335 
343 344 345 346 347 352 353 358 360 372 373 379 
381 387 394 395 400 404 408 409 416 418 419 424 
426 427 429 430 432 435 439 443 448 450 452 456 
457 458 460 463 467 471 472 473 482 484 486 490 
493 497 498 502 509 512 519 526 527 531 535 536 
537 540 545 552 560 562 564 577 578 581 585 586 
588 595 597 599 606 611 617 627 628 630 633 634 
637 645 646 647 653 655 658 663 668 674 678 689 
691 692 695 696 697 701 703 704 707 709 713 716 
717 719 724 726 736 739 740 742 744 745 746 747 
749 751 753 754 767 777 778 780 781 782 783 788 
796 
233
4 11 14 22 37 38 44 45 49 53 56 62 
64 65 69 71 78 80 81 83 84 87 89 90 
92 94 95 96 98 100 105 108 109 111 113 127 
129 131 132 133 135 139 141 142 145 151 153 161 
169 171 173 174 176 178 186 189 191 196 203 204 
215 218 224 225 228 231 233 239 243 248 253 255 
257 263 270 271 272 273 281 283 292 296 299 308 
316 319 320 323 327 328 333 334 336 340 342 344 
347 348 349 353 357 362 363 366 367 368 369 370 
375 378 380 383 385 388 390 399 401 405 409 414 
418 420 422 424 425 427 434 435 436 438 439 441 
442 443 455 456 457 460 465 475 478 483 484 488 
489 497 502 505 512 515 522 523 527 530 532 549 
551 552 553 562 565 567 568 569 571 573 583 589 
591 592 594 597 602 604 606 611 613 618 627 631 
634 640 645 647 648 650 655 656 658 662 663 664 
667 672 675 678 683 684 690 693 694 698 699 700 
702 703 704 706 709 712 713 714 720 722 727 737 
746 751 753 757 761 762 764 765 767 774 777 778 
779 783 787 796 798 
232
1 4 5 12 13 16 20 22 31 34 36 38 
44 47 48 50 55 59 62 72 81 86 87 91 
93 94 95 96 102 104 110 111 115 122 123 127 
132 134 140 146 156 165 170 173 177 179 181 189 
190 191 193 197 198 199 201 204 210 213 215 221 
223 226 227 232 235 241 252 257 259 260 264 265 
274 275 281 284 287 288 289 297 299 300 304 307 
314 315 316 319 320 323 326 327 328 329 334 344 
347 350 351 352 354 355 356 360 371 372 374 375 
382 383 386 396 397 398 404 412 417 420 426 432 
434 439 444 446 447 449 450 454 455 456 458 468 
469 471 473 474 475 477 478 480 482 488 493 495 
496 501 504 505 508 509 510 511 517 519 521 522 
527 529 531 534 536 542 543 544 546 547 551 559 
563 564 567 568 569 572 574 577 578 580 583 586 
590 593 596 598 604 609 610 613 627 629 633 643 
644 645 648 655 656 657 659 661 664 671 678 680 
689 691 697 700 705 706 715 716 724 726 730 735 
739 742 757 758 765 770 776 780 781 782 783 784 
785 792 795 800 
236
1 5 6 7 8 11 19 21 24 32 34 41 
45 49 50 51 52 55 58 62 63 65 67 70 
71 72 74 79 83 88 90 92 94 97 100 104 
105 110 115 125 138 150 154 157 160 164 167 171 
172 175 176 180 185 187 191 192 193 194 196 199 
200 201 206 213 215 218 229 230 232 234 236 237 
238 239 242 244 249 252 257 260 261 263 268 269 
271 284 287 290 300 303 304 317 318 324 330 333 
337 338 340 342 346 349 350 353 355 356 357 361 
364 365 366 368 370 372 373 378 381 385 387 388 
390 391 392 394 395 406 408 410 411 414 423 429 
435 436 438 439 442 448 450 451 454 461 463 465 
472 477 479 480 481 488 489 490 492 493 494 496 
497 498 502 503 504 506 509 510 518 521 523 527 
528 530 532 535 543 549 557 562 564 576 577 582 
584 586 591 592 593 596 605 609 610 614 617 619 
625 626 628 635 636 638 640 644 645 647 649 652 
658 661 664 668 670 676 686 693 696 704 708 720 
721 726 729 734 737 738 742 750 751 761 764 765 
772 778 785 788 789 795 796 799 
228
1 6 7 8 14 18 25 30 34 36 38 45 
50 54 58 63 68 71 73 78 79 81 84 87 
89 91 103 106 109 111 112 119 120 122 123 129 
134 139 141 143 145 148 150 151 156 159 161 164 
165 168 171 172 173 175 176 177 188 189 191 193 
198 200 202 203 204 208 209 211 214 215 221 223 
227 229 230 233 236 238 249 250 251 253 257 261 
262 263 271 274 277 281 284 285 290 291 294 297 
303 305 309 312 320 330 337 340 346 351 354 361 
362 363 365 370 375 379 384 387 389 396 400 401 
403 409 415 421 424 426 427 429 436 437 453 459 
468 469 476 483 484 486 487 490 495 496 497 499 
501 505 508 511 513 517 518 521 523 525 527 529 
533 537 539 542 544 546 547 550 551 554 560 564 
572 574 576 580 585 587 589 590 594 597 598 602 
604 609 610 611 612 616 624 631 632 636 637 645 
648 654 655 657 668 669 670 671 680 682 686 688 
693 703 705 709 715 717 721 729 733 734 737 740 
750 757 767 769 774 777 779 781 787 792 793 796 
230
4 5 6 8 14 22 23 26 27 29 43 44 
48 50 60 63 70 71 72 75 76 78 82 87 
90 92 99 101 104 111 118 119 121 123 124 125 
126 127 128 132 134 136 138 141 143 148 150 152 
157 159 161 163 165 177 181 182 184 189 190 191 
192 202 205 206 211 224 225 231 232 237 241 242 
244 246 247 249 250 251 256 257 259 264 266 268 
269 272 275 283 287 289 298 299 300 309 311 318 
323 327 333 337 338 339 341 342 343 346 347 355 
359 365 373 377 382 391 400 403 404 408 409 428 
429 434 437 442 444 448 454 456 459 461 465 468 
472 474 484 487 489 490 505 508 509 510 517 519 
524 526 533 536 538 544 545 552 555 556 557 560 
563 564 570 571 572 573 575 577 581 590 591 592 
597 599 600 603 605 610 612 613 615 616 622 624 
627 631 634 637 639 650 652 655 659 666 674 676 
678 681 683 687 689 691 696 697 698 699 703 711 
713 714 715 717 722 726 731 735 736 737 738 742 
746 754 759 764 765 770 773 775 778 780 781 785 
798 799 
235
2 9 12 13 22 29 30 31 34 37 45 46 
50 56 58 60 61 62 69 70 72 77 78 82 
99 100 105 106 108 111 113 116 124 128 130 137 
140 141 142 145 153 158 161 162 168 171 173 175 
182 190 192 195 206 207 215 221 225 227 231 235 
237 239 243 244 246 247 249 252 256 258 259 262 
272 274 288 293 302 305 308 309 310 313 314 317 
318 319 321 322 328 329 331 338 340 342 343 348 
349 350 351 353 355 358 363 370 372 373 374 376 
377 380 385 386 388 391 395 403 404 408 412 416 
417 423 424 428 429 430 434 437 441 442 445 459 
460 461 464 466 467 469 472 474 475 476 478 482 
498 500 504 507 511 514 515 518 524 527 529 534 
535 539 542 543 544 552 553 556 560 564 565 569 
570 575 577 581 584 585 586 587 591 599 602 604 
605 609 617 621 625 631 633 636 637 639 646 648 
652 666 677 680 686 687 688 690 691 692 695 698 
700 702 703 705 710 716 723 724 727 730 732 738 
740 742 745 747 748 749 750 752 755 756 757 765 
766 768 770 773 787 790 793 
237
2 3 4 19 20 23 39 48 49 55 60 77 
80 81 83 84 85 87 89 91 93 96 103 107 
108 114 117 119 120 124 127 129 131 135 139 141 
142 144 145 147 149 153 158 159 167 169 172 175 
177 178 179 187 190 196 200 201 202 203 204 205 
210 211 215 221 238 239 243 245 252 253 254 255 
259 261 279 280 281 290 294 302 308 311 317 323 
329 331 332 333 334 337 340 341 343 345 346 356 
359 362 366 368 371 372 376 377 378 385 388 390 
393 397 398 401 402 404 406 408 410 418 423 424 
425 426 429 430 431 433 435 443 444 447 448 449 
450 456 457 461 462 463 466 470 472 476 477 478 
479 482 484 486 489 491 497 505 511 512 513 518 
521 526 531 532 535 538 540 543 544 546 547 551 
554 558 559 563 566 568 571 573 575 580 585 588 
592 594 597 599 600 609 620 633 634 636 645 646 
647 650 656 659 661 663 665 667 668 670 678 681 
683 684 689 691 692 697 698 706 708 709 713 714 
716 720 731 733 737 741 744 747 749 750 753 755 
759 762 764 770 774 778 789 791 800 
250
2 3 6 14 15 16 20 23 25 28 33 34 
38 45 47 53 63 66 68 69 78 80 81 82 
84 85 88 89 90 92 94 95 98 102 109 110 
113 115 116 124 125 130 139 145 157 163 167 170 
173 176 179 186 191 193 194 195 197 203 206 207 
210 211 212 213 220 224 225 227 232 233 239 241 
243 246 249 253 255 257 258 259 273 274 277 280 
284 286 292 293 295 297 298 299 300 302 306 307 
311 313 316 320 321 322 323 328 330 331 333 335 
344 347 350 354 357 358 359 363 372 374 381 383 
387 388 390 391 393 394 395 396 398 402 406 413 
417 419 429 430 431 432 433 437 438 445 446 447 
450 452 453 455 462 463 465 472 475 480 481 483 
484 492 495 497 513 516 517 520 522 523 524 529 
530 534 538 541 550 551 552 557 558 560 561 564 
569 574 576 577 578 579 580 584 588 589 592 594 
597 598 600 603 609 610 617 618 619 630 633 638 
639 643 647 651 670 672 674 680 688 695 698 701 
702 705 706 708 713 715 719 720 722 723 727 728 
736 739 741 743 746 752 753 754 755 757 763 766 
768 771 772 773 776 778 784 786 788 795 
251
1 2 3 11 12 13 16 18 20 28 32 37 
40 41 43 51 52 56 60 64 66 68 70 72 
77 78 79 80 85 86 87 88 92 93 94 96 
100 104 108 112 117 125 128 130 134 145 150 151 
152 153 154 156 160 165 171 172 173 176 177 185 
187 188 190 191 198 204 208 223 234 235 236 238 
243 245 248 249 251 252 256 262 269 271 278 281 
282 283 285 286 295 298 302 303 305 308 309 312 
314 316 319 321 324 327 328 330 333 338 340 342 
344 346 351 360 363 364 367 370 373 376 377 378 
380 382 388 390 393 394 404 407 410 412 413 423 
425 428 429 432 439 440 442 446 448 450 452 455 
456 463 464 465 471 478 482 486 487 489 490 492 
497 499 504 505 507 511 514 533 536 540 542 544 
550 551 552 556 561 569 573 575 576 577 578 580 
583 584 585 586 600 601 603 610 613 617 620 629 
630 639 640 642 643 646 648 649 655 665 668 669 
672 678 680 682 685 690 691 693 698 699 700 704 
706 708 709 710 711 717 718 721 724 729 730 737 
738 740 742 754 755 759 762 769 770 771 772 773 
775 778 780 784 785 789 792 794 796 797 800 
222
2 3 11 14 15 18 19 21 23 25 28 32 
42 45 52 55 62 67 68 75 77 81 83 87 
88 95 97 98 99 100 101 104 105 106 107 117 
121 122 123 125 127 133 134 135 136 137 138 144 
146 150 151 153 159 160 162 170 171 175 178 183 
185 186 190 194 221 224 228 235 236 240 244 251 
259 260 262 263 267 273 276 279 291 294 296 299 
302 311 314 326 327 331 332 335 338 346 348 349 
353 355 357 361 368 376 377 380 383 386 393 403 
407 409 410 411 416 418 421 423 430 433 434 442 
443 444 447 448 450 451 455 456 461 462 465 469 
471 475 482 488 491 492 494 501 505 509 512 517 
521 526 529 531 532 535 542 545 550 552 557 559 
564 567 574 575 584 585 586 587 589 594 597 606 
613 614 617 618 620 623 625 626 629 641 644 652 
657 658 659 662 663 665 670 672 673 680 691 697 
699 701 707 708 710 716 718 726 728 730 732 734 
736 737 749 750 757 761 765 770 771 772 773 783 
785 786 789 794 795 797 
219
2 4 5 8 16 17 18 20 21 26 27 38 
40 41 43 44 46 47 49 51 52 54 55 68 
71 72 77 80 81 82 85 91 92 94 96 105 
115 127 130 135 145 146 151 158 171 183 184 190 
199 204 205 208 209 210 211 213 214 215 216 227 
228 229 230 232 236 237 239 240 242 246 254 255 
256 276 280 281 283 284 286 293 294 296 301 305 
313 315 319 321 322 328 329 330 333 334 335 336 
341 346 349 353 354 359 368 369 370 371 378 379 
385 387 399 400 404 406 407 416 423 424 426 429 
432 438 442 443 452 454 457 464 470 479 480 482 
491 497 501 507 512 516 522 523 526 527 532 534 
536 543 544 549 551 554 559 566 568 577 582 586 
587 590 594 595 596 597 602 603 607 619 622 624 
626 628 630 633 638 641 645 650 656 661 665 669 
675 677 678 681 682 685 690 691 696 703 708 710 
714 715 716 722 729 730 731 739 742 745 747 756 
759 761 763 766 767 772 773 778 779 780 785 788 
794 796 797 
224
4 13 19 20 22 26 28 29 31 34 36 41 
44 51 55 57 58 59 60 61 62 64 66 67 
73 79 80 81 82 89 91 103 110 122 131 132 
140 141 143 146 149 151 156 157 158 163 166 169 
170 171 180 181 183 186 188 191 195 196 214 219 
222 224 226 228 231 237 238 241 255 262 263 269 
271 273 275 276 279 280 286 293 295 300 305 306 
312 321 323 330 339 342 345 351 353 355 358 362 
365 369 370 372 373 374 377 381 382 389 391 392 
398 403 405 407 408 415 418 428 430 431 435 437 
438 439 451 453 455 459 461 466 467 469 473 474 
478 481 484 487 490 494 498 501 505 509 517 519 
523 529 530 532 533 536 537 538 541 544 547 553 
554 562 565 569 573 584 585 587 595 596 597 599 
600 601 604 606 609 614 617 620 625 628 631 633 
635 640 641 644 645 649 656 661 663 670 674 679 
691 694 695 698 701 703 706 712 717 720 727 728 
731 739 744 746 749 754 755 756 762 764 768 771 
778 787 788 789 794 795 796 799 
233
4 7 9 11 13 19 21 22 24 26 28 34 
36 38 45 52 58 59 60 64 66 67 69 70 
71 74 80 84 89 92 96 97 102 103 109 121 
122 127 132 133 139 143 146 151 153 156 159 169 
175 184 185 186 187 190 191 193 194 196 199 200 
202 205 206 207 213 217 219 230 232 235 237 239 
241 242 244 245 246 252 259 267 268 271 273 277 
281 282 287 288 289 290 294 308 310 315 318 319 
329 340 344 349 359 363 368 374 376 377 385 388 
390 401 402 403 410 411 412 414 416 418 420 421 
423 428 429 431 435 437 439 440 441 443 447 448 
449 450 451 452 457 465 468 471 474 475 476 478 
483 489 490 495 502 507 508 509 512 522 523 524 
529 533 538 540 541 544 546 547 558 559 560 561 
565 576 578 579 581 588 589 591 593 595 596 609 
610 615 619 622 629 630 631 636 644 645 648 654 
655 658 661 670 674 675 676 677 682 683 684 692 
694 703 706 709 718 724 726 728 731 732 735 742 
743 744 751 752 754 763 769 771 773 775 783 787 
788 792 793 795 799 
246
7 9 11 18 22 24 25 27 28 29 30 32 
36 39 47 48 49 50 54 55 61 63 65 73 
76 79 83 86 88 90 91 93 96 97 101 102 
103 105 106 109 112 116 118 133 134 139 146 149 
152 156 171 174 177 181 182 184 188 192 194 201 
202 208 210 211 212 213 219 220 223 224 225 226 
236 239 242 243 244 245 257 267 270 271 272 274 
275 276 277 284 286 287 288 290 291 300 301 303 
311 313 315 325 333 336 337 338 339 342 347 348 
352 353 355 364 365 370 379 384 388 393 394 397 
398 399 402 404 406 407 411 416 418 426 432 433 
434 436 438 441 442 445 447 453 466 470 472 473 
476 481 482 487 488 490 491 493 500 508 509 511 
517 519 521 523 524 527 531 535 541 545 546 550 
563 569 571 578 580 583 587 590 591 592 594 595 
596 597 598 613 615 619 623 627 629 634 635 640 
641 643 644 646 647 648 650 651 654 658 660 661 
662 663 664 666 668 671 678 679 680 681 682 685 
688 689 697 699 702 703 708 720 731 734 738 739 
740 745 748 753 761 763 766 768 774 775 779 780 
785 788 789 793 797 799 
242
1 3 7 16 17 18 21 23 24 25 34 47 
48 52 54 55 60 65 70 71 74 75 83 84 
86 88 93 96 98 100 105 109 111 112 116 118 
120 121 127 133 136 137 139 143 144 155 156 161 
167 169 172 173 175 176 180 186 190 192 193 199 
210 212 213 219 226 229 232 238 243 244 247 248 
251 252 255 256 257 261 263 264 265 268 276 281 
282 283 286 288 293 297 298 301 305 306 308 309 
312 314 320 325 327 330 331 333 335 338 339 345 
346 350 352 356 363 366 368 369 370 371 376 381 
385 387 388 390 391 394 398 402 404 405 411 413 
419 420 427 428 429 433 437 439 440 442 449 454 
460 468 473 477 478 479 481 484 492 493 494 498 
501 509 512 513 516 519 521 527 533 535 539 543 
544 549 550 553 555 559 563 565 568 572 573 580 
583 585 587 590 591 592 595 599 602 606 610 620 
621 623 626 629 631 639 640 644 646 652 653 654 
660 663 666 667 675 676 677 680 681 694 696 698 
700 704 706 713 718 721 724 727 729 730 731 735 
736 744 748 754 761 763 764 766 776 780 783 785 
786 792 
242
8 10 13 15 19 21 22 23 24 25 32 34 
41 42 46 50 53 60 62 63 67 70 76 88 
92 101 104 105 109 112 113 117 119 121 126 128 
131 132 134 135 136 137 140 146 153 154 156 158 
165 169 171 175 178 182 188 189 199 201 207 213 
220 221 224 225 230 235 242 243 249 252 253 256 
262 269 271 273 274 275 276 281 283 284 287 304 
307 309 310 323 330 331 332 333 338 340 346 347 
349 351 352 357 359 363 368 369 370 371 373 376 
378 383 385 391 393 410 416 420 421 428 429 435 
442 444 445 448 453 454 463 464 465 470 471 476 
482 484 487 492 493 496 497 502 504 505 508 509 
514 515 516 520 528 531 535 536 539 541 543 546 
547 548 550 554 555 557 560 562 568 569 573 574 
576 578 579 582 584 588 596 600 605 609 611 616 
619 624 625 627 628 629 630 631 632 633 638 639 
642 643 644 648 661 662 663 667 668 671 672 673 
676 677 684 685 688 693 694 695 696 698 700 705 
706 717 724 727 728 738 743 744 745 746 748 751 
759 761 763 766 768 770 772 774 776 777 786 795 
796 798 
239
2 5 7 11 13 15 16 17 18 20 22 27 
28 29 33 37 39 40 45 51 53 55 58 60 
63 65 69 75 80 93 97 106 108 110 111 113 
119 120 123 126 134 136 139 140 143 147 148 151 
154 160 161 164 165 170 175 177 179 181 185 191 
199 201 203 222 223 224 227 237 242 247 252 253 
255 261 268 269 274 281 283 284 289 294 295 299 
303 306 308 309 311 317 320 321 326 327 329 332 
338 340 342 350 352 354 355 356 358 359 362 364 
366 370 372 373 377 383 385 391 396 399 402 404 
405 412 416 420 427 439 440 448 451 453 455 458 
459 460 462 474 476 478 480 491 494 500 501 503 
506 511 517 518 519 524 530 532 537 538 539 542 
544 545 556 558 561 563 564 571 574 575 578 582 
583 584 586 588 591 594 596 599 600 603 606 611 
612 616 619 622 623 624 625 627 630 634 639 640 
641 644 645 650 651 652 657 664 665 666 671 676 
678 681 684 687 688 689 692 693 694 705 713 717 
720 721 735 736 739 742 743 745 756 757 765 766 
768 771 773 776 781 782 786 787 791 792 798 
239
1 4 5 6 10 11 12 25 26 31 35 40 
44 45 49 53 55 57 60 61 64 66 71 73 
74 78 87 90 91 92 93 94 95 98 102 103 
106 108 109 115 120 123 129 130 132 134 135 138 
143 152 153 154 164 167 170 171 172 174 176 177 
186 189 196 198 199 202 204 217 219 221 223 226 
228 233 234 235 237 242 246 247 248 255 262 265 
266 268 272 273 274 283 284 285 287 292 293 296 
298 299 300 302 306 308 315 320 323 326 327 328 
330 332 335 339 343 349 352 356 358 360 364 375 
376 379 380 383 392 394 395 404 406 407 408 411 
412 417 423 427 430 431 434 442 449 453 456 457 
459 460 462 470 481 484 486 488 493 502 506 514 
517 527 528 533 535 537 543 546 560 564 569 572 
580 581 583 584 585 589 592 594 601 603 606 608 
613 615 618 619 621 629 637 640 642 645 651 654 
655 663 664 667 668 669 671 673 675 676 682 683 
686 687 693 697 706 707 709 712 714 715 721 724 
725 729 731 732 733 734 737 741 744 745 751 763 
764 769 772 773 777 778 781 785 786 790 798 
255
4 5 7 8 9 10 15 16 19 21 23 26 
28 32 33 36 45 46 47 65 66 69 71 72 
73 82 84 85 86 88 89 92 93 96 98 99 
100 106 111 120 121 123 130 135 138 142 144 149 
155 157 158 170 171 172 173 177 178 182 184 189 
198 199 204 205 208 209 212 214 224 229 230 235 
237 242 245 253 256 260 261 266 268 270 271 279 
281 285 286 289 291 293 295 299 302 309 314 316 
317 320 321 322 323 324 327 336 338 343 346 349 
356 358 369 370 371 373 376 377 383 393 394 395 
396 400 401 402 404 407 410 412 414 419 420 421 
423 425 427 432 438 440 442 443 444 445 446 449 
451 458 460 464 465 467 472 474 477 478 480 484 
487 489 492 493 494 495 496 500 504 508 509 511 
513 514 517 519 520 521 531 533 534 538 541 547 
548 553 555 562 568 570 571 572 575 577 578 579 
581 586 588 589 592 593 595 600 602 609 611 612 
615 617 630 632 638 639 641 647 650 653 654 658 
663 664 665 672 676 679 680 682 685 686 695 702 
712 715 718 723 727 728 730 733 741 742 745 748 
749 751 753 758 760 762 763 767 770 774 779 781 
786 788 790 
227
8 10 15 17 19 20 24 28 30 31 32 36 
44 47 51 54 70 81 87 92 94 97 98 104 
107 110 113 117 121 141 149 151 157 158 164 170 
171 173 177 180 185 187 189 195 196 200 203 205 
207 216 217 221 222 228 230 232 234 236 237 239 
240 251 253 254 256 261 262 266 267 268 270 276 
278 279 282 283 288 289 290 292 298 299 301 304 
305 306 307 308 310 312 313 318 321 322 323 336 
340 341 343 344 348 365 372 374 380 382 383 387 
389 396 397 398 400 407 408 409 411 417 419 423 
425 426 429 431 435 436 439 440 441 443 445 446 
450 453 455 456 457 461 465 466 468 472 474 476 
479 480 481 488 492 497 500 501 503 505 510 513 
514 515 523 525 526 530 532 540 542 543 548 550 
552 553 562 564 567 571 572 579 589 594 598 601 
604 610 615 617 619 621 622 634 635 643 644 651 
656 663 673 674 678 689 694 699 700 701 702 703 
704 712 714 721 722 723 726 727 732 734 735 738 
741 742 744 750 753 758 760 766 777 786 795 
262
1 8 14 15 16 18 20 23 24 29 32 34 
36 37 39 49 58 62 63 65 69 71 73 83 
84 85 86 95 98 99 101 102 107 114 118 121 
123 125 126 127 129 134 143 152 153 157 160 162 
163 168 169 172 178 181 187 188 189 196 197 199 
202 203 208 212 220 222 223 230 234 237 238 239 
243 246 247 250 251 252 254 260 264 265 267 268 
271 272 273 274 278 280 284 285 287 289 295 299 
301 302 303 304 308 311 312 313 320 322 323 331 
332 334 338 340 356 358 363 367 368 373 374 376 
378 379 380 384 385 387 388 389 390 392 393 396 
398 400 404 405 408 412 414 420 423 424 425 426 
431 432 435 440 448 451 454 456 460 465 466 470 
473 475 476 477 478 481 483 484 487 492 493 503 
506 507 516 521 523 535 538 545 547 548 552 554 
557 560 564 567 570 577 580 583 589 591 596 600 
605 611 612 613 616 619 628 629 633 636 637 643 
646 648 649 652 654 655 661 663 667 672 674 675 
677 678 679 682 685 691 692 702 707 709 713 715 
716 720 721 722 726 728 729 730 734 736 737 739 
740 743 749 752 753 754 756 761 762 763 764 769 
770 776 779 783 787 788 793 794 795 796 
236
1 4 7 9 22 28 29 32 35 41 42 45 
48 50 51 56 59 60 63 64 65 67 73 74 
75 76 78 82 84 91 93 97 98 99 101 102 
103 104 116 119 120 122 131 136 137 140 141 150 
156 160 165 172 177 180 195 201 205 206 208 210 
211 214 217 219 220 221 228 238 239 241 243 244 
246 249 255 257 264 269 272 276 278 279 281 282 
285 293 299 307 308 310 312 319 320 323 331 332 
335 338 339 340 341 344 352 354 355 356 358 364 
365 372 373 378 380 389 393 395 399 402 404 414 
415 418 420 422 426 431 435 453 454 455 456 458 
459 462 464 465 468 480 482 484 491 494 499 503 
512 514 517 522 523 525 527 534 536 542 544 545 
546 548 551 553 555 556 558 559 565 577 578 579 
583 585 588 592 593 594 595 596 601 608 615 620 
621 624 625 627 630 631 634 640 642 643 644 648 
652 656 666 668 669 674 677 681 682 683 685 689 
690 691 696 697 713 714 717 722 726 727 729 730 
741 742 744 745 748 753 757 759 762 763 765 768 
780 782 785 787 791 794 795 800 
236
1 4 5 8 9 10 11 14 15 16 17 18 
28 33 34 40 41 44 46 48 51 53 55 57 
63 66 70 71 82 83 84 90 91 92 94 101 
117 119 122 124 130 141 144 146 167 174 175 176 
177 178 179 182 183 186 192 193 194 200 204 205 
207 211 215 217 220 225 231 236 237 239 240 242 
243 245 250 251 252 258 267 270 271 277 282 284 
288 289 295 296 297 303 307 312 317 319 321 326 
332 339 343 344 345 349 350 352 354 355 358 360 
361 364 365 366 368 369 375 385 390 396 397 398 
399 400 403 406 407 410 411 418 422 425 428 435 
437 442 456 457 464 467 474 485 486 487 489 490 
491 493 497 505 508 511 513 514 515 523 524 527 
528 531 533 538 540 542 544 545 546 550 551 557 
561 562 567 568 575 576 577 578 579 587 588 591 
594 595 601 604 605 608 609 619 626 639 642 644 
653 656 657 659 661 665 666 676 678 681 686 687 
690 692 693 696 699 703 710 715 717 725 733 737 
739 740 747 749 753 754 759 760 761 766 767 774 
778 779 781 784 787 791 795 799 
251
1 2 21 29 31 35 37 39 42 48 50 52 
55 57 58 62 64 66 68 70 72 74 75 77 
80 81 83 88 93 94 95 101 111 112 115 116 
121 122 123 135 138 145 148 149 154 155 159 164 
166 170 171 176 178 179 180 181 190 191 193 197 
199 201 206 210 213 214 220 224 226 227 230 232 
234 236 241 242 244 246 247 248 250 254 261 264 
276 279 280 282 289 291 297 298 301 305 308 309 
314 315 332 333 334 337 338 339 341 348 358 359 
360 363 364 365 367 377 381 382 384 387 392 406 
407 410 412 413 414 417 422 423 431 436 441 443 
446 449 450 452 454 471 475 484 488 489 490 491 
492 494 496 497 499 501 503 506 507 509 510 512 
514 516 517 518 520 521 524 525 531 539 540 542 
546 548 556 558 560 561 564 566 573 577 578 581 
584 589 595 598 611 613 620 624 630 631 632 633 
635 641 644 650 654 658 659 660 663 666 668 672 
674 675 680 689 692 693 694 696 699 700 703 706 
708 714 717 718 720 722 723 726 727 729 731 734 
739 740 741 743 746 751 755 756 757 759 761 766 
770 771 772 774 775 778 779 786 787 792 794 
251
1 4 8 11 21 22 23 32 34 37 42 47 
51 55 58 63 64 67 75 76 79 80 85 91 
96 100 103 107 108 110 112 115 119 121 122 123 
126 127 130 131 139 144 145 146 147 155 158 163 
164 165 166 167 168 169 173 174 175 177 179 181 
182 183 185 186 194 195 197 198 203 204 208 209 
211 212 217 220 221 222 224 235 238 241 243 244 
255 256 257 259 262 263 267 268 270 277 279 283 
285 287 289 291 292 295 297 298 301 306 310 311 
312 314 318 319 321 322 323 327 328 329 332 338 
343 354 358 361 364 366 368 371 373 376 377 378 
380 381 387 390 391 393 397 402 408 411 412 414 
421 426 429 437 444 445 446 452 455 457 458 460 
489 491 495 496 497 498 503 505 511 512 514 516 
522 523 527 532 537 544 548 552 553 554 555 556 
558 564 566 567 570 574 576 585 588 597 598 607 
610 613 616 617 618 623 624 629 631 634 636 637 
640 641 646 647 650 654 657 660 661 667 670 680 
682 684 685 688 695 705 706 707 708 712 715 718 
721 722 728 729 734 741 745 746 748 749 752 753 
756 758 761 763 775 781 784 785 789 792 795 
223
1 2 3 10 18 27 37 38 39 44 48 51 
52 53 59 62 63 65 66 72 74 75 76 77 
78 80 81 84 85 91 92 95 96 98 100 101 
103 105 108 117 118 122 123 128 135 142 145 146 
147 149 150 151 152 155 159 160 161 166 168 172 
175 180 186 192 193 197 198 206 209 218 220 225 
227 235 236 242 246 256 260 261 263 264 269 272 
277 279 281 287 289 291 292 298 299 304 305 314 
323 327 330 333 336 338 342 343 348 351 360 362 
363 368 375 380 381 384 385 387 389 391 392 394 
396 397 403 410 411 412 413 416 417 422 427 435 
436 438 439 445 448 450 455 456 474 479 480 485 
489 492 496 497 511 512 514 518 520 524 531 535 
538 540 541 550 562 564 565 567 568 575 582 583 
586 588 589 593 594 599 601 607 613 620 624 628 
629 630 635 636 640 647 657 670 671 675 677 686 
688 694 695 697 699 700 703 704 705 707 712 714 
716 720 730 740 744 747 749 752 757 760 766 771 
773 781 785 787 789 790 791 
252
5 12 14 15 16 17 18 21 24 34 37 40 
43 44 51 52 55 56 60 61 63 64 66 67 
71 73 77 81 83 98 107 110 111 112 118 125 
126 129 137 139 142 144 145 149 153 155 161 162 
167 172 178 182 185 186 187 189 191 199 204 205 
206 207 208 209 213 214 216 228 230 231 240 241 
242 246 249 251 253 256 259 260 265 266 267 268 
269 270 272 277 282 289 291 292 295 296 297 302 
304 306 311 313 323 328 329 337 339 343 344 348 
351 356 357 365 366 370 373 374 379 381 383 385 
388 393 397 400 401 406 418 420 421 423 431 442 
444 448 451 453 457 459 460 461 462 464 469 474 
477 480 483 485 487 493 496 497 498 509 511 513 
516 517 522 525 526 527 530 535 537 538 550 552 
553 556 561 562 564 567 568 569 570 573 574 576 
579 583 584 591 598 600 603 608 609 611 614 615 
617 620 621 623 624 631 632 633 634 641 648 654 
655 657 660 661 663 665 671 674 675 678 687 692 
693 694 699 707 711 712 713 715 720 726 728 730 
731 732 734 739 741 748 750 756 757 759 761 768 
770 772 773 777 778 779 782 784 787 793 794 795 
239
1 2 6 9 13 16 17 20 21 28 30 31 
33 35 37 40 43 44 51 57 61 63 65 70 
74 81 85 87 89 99 100 101 104 108 110 112 
118 121 138 139 141 142 153 155 160 171 177 178 
183 185 191 193 195 198 199 202 203 206 209 214 
217 219 226 230 231 233 240 242 243 244 249 251 
254 256 257 258 262 268 273 277 283 289 293 303 
308 310 311 312 316 320 326 328 330 331 335 342 
343 350 352 353 355 360 361 362 365 374 376 377 
384 386 389 402 417 426 439 445 447 448 451 452 
453 457 459 460 461 463 468 475 480 481 484 485 
486 491 494 496 499 505 513 518 523 528 531 540 
542 545 549 553 555 558 560 565 567 569 572 574 
577 580 583 587 588 592 595 596 600 604 610 612 
617 619 621 623 624 625 634 635 638 640 644 646 
647 649 655 657 659 661 666 667 673 676 678 679 
681 682 684 686 687 688 700 703 704 705 708 709 
710 712 713 715 720 722 727 728 732 734 735 736 
738 740 742 754 756 757 759 760 764 765 768 771 
773 776 777 778 780 782 786 788 790 791 798 
240
2 4 9 18 20 21 23 27 29 35 36 42 
45 51 56 59 73 74 75 78 84 85 91 94 
101 102 105 106 110 112 114 115 117 121 123 126 
129 132 133 142 144 145 146 147 151 159 160 161 
162 163 164 165 169 170 172 176 177 179 180 184 
185 195 202 203 205 208 213 215 216 219 222 226 
227 232 241 246 248 250 254 258 262 263 264 268 
269 272 277 279 283 294 298 299 305 307 311 312 
314 318 321 323 328 329 332 335 336 345 347 349 
350 352 356 360 361 363 369 370 372 374 375 378 
379 387 390 392 399 400 401 404 410 412 416 418 
422 431 433 435 440 443 444 445 450 455 457 458 
459 460 463 469 471 472 475 476 478 481 482 484 
485 491 492 493 496 507 509 512 518 519 523 532 
533 538 539 542 543 545 556 560 566 578 583 585 
586 587 588 589 590 595 608 610 612 615 618 622 
626 634 635 636 646 649 653 657 659 662 665 666 
675 676 680 682 683 688 690 692 693 698 701 709 
711 712 713 717 719 721 735 737 740 741 747 748 
751 753 754 758 762 764 769 784 785 791 795 796 
211
12 15 20 23 24 32 34 35 41 42 44 51 
52 54 65 68 73 74 77 78 79 80 87 90 
94 104 106 116 120 127 131 135 140 142 145 147 
150 151 152 162 167 168 169 171 175 181 183 188 
191 192 194 195 198 199 201 206 211 218 222 224 
229 236 238 245 259 261 264 270 271 272 273 276 
277 281 286 288 296 300 303 315 322 324 328 329 
331 335 338 346 349 361 369 378 381 384 389 390 
396 404 407 413 415 416 417 418 421 423 429 430 
436 444 446 450 452 454 456 458 459 464 465 468 
469 471 477 478 483 486 487 491 493 496 500 501 
505 507 510 516 517 518 519 525 527 528 529 530 
540 543 544 546 549 554 557 561 562 565 568 570 
571 582 589 597 598 600 602 604 607 611 618 621 
623 626 628 629 632 634 638 639 646 648 649 651 
657 658 662 672 679 681 688 689 690 697 701 702 
704 706 709 716 724 729 731 744 745 749 750 751 
762 763 765 773 777 779 788 
266
2 3 8 14 15 18 23 27 28 38 41 43 
46 48 49 51 52 54 64 65 71 80 81 85 
86 88 91 92 94 100 102 103 106 107 110 116 
118 120 121 126 128 134 136 137 145 150 151 152 
156 161 162 164 167 170 171 176 177 178 181 185 
186 187 193 198 200 202 208 210 216 218 219 220 
221 228 229 232 234 235 236 237 241 243 245 246 
247 250 254 258 265 267 268 273 275 277 284 286 
287 288 289 291 292 298 301 302 312 313 318 319 
322 326 329 331 337 338 341 342 345 346 353 357 
359 364 365 366 367 368 369 371 373 378 380 381 
383 385 387 390 392 393 395 404 405 409 414 417 
419 420 421 432 433 435 436 442 446 447 452 454 
459 460 465 469 470 472 473 479 481 482 484 487 
488 489 495 496 497 499 504 516 517 518 519 523 
527 528 532 533 536 537 538 539 542 543 544 547 
550 552 556 559 561 568 569 574 575 576 579 582 
584 585 587 588 591 592 596 602 608 609 611 616 
619 620 626 627 634 636 637 641 643 644 645 648 
652 659 670 672 675 678 679 693 697 699 700 715 
716 719 720 723 731 736 738 739 743 745 747 751 
753 755 756 758 759 765 767 768 779 780 787 789 
799 800 
246
2 11 14 16 17 22 25 27 28 31 33 37 
39 44 47 48 52 55 59 62 66 76 82 83 
87 90 93 97 100 101 102 103 110 111 112 116 
117 118 121 124 126 127 130 140 144 149 151 154 
158 163 179 180 187 189 191 196 197 198 199 200 
202 205 210 211 215 218 220 221 223 224 228 229 
234 237 244 253 255 262 269 274 277 278 285 303 
305 307 316 317 321 324 331 342 345 346 348 352 
357 358 362 364 367 368 371 373 377 379 385 387 
389 391 393 403 406 409 410 411 420 427 430 436 
441 443 445 446 447 453 455 456 457 458 459 464 
469 473 475 477 480 482 486 488 491 492 493 501 
503 510 516 518 519 520 521 523 525 527 529 532 
533 534 535 544 546 554 555 560 563 564 565 570 
580 585 588 591 593 595 597 599 600 605 606 607 
608 609 613 617 618 619 620 621 622 629 633 635 
638 640 642 647 653 655 657 658 663 665 667 668 
669 671 673 675 676 678 680 686 692 693 695 697 
698 699 709 719 723 725 726 728 730 735 737 740 
741 744 748 755 756 758 759 761 764 767 771 772 
777 779 782 785 791 795 
251
2 5 12 15 17 19 20 30 34 35 38 39 
56 59 62 63 64 68 71 72 73 74 75 77 
85 86 87 88 95 103 110 112 114 117 120 121 
124 127 128 130 131 133 137 138 146 147 151 157 
159 161 162 166 167 173 175 178 186 190 192 195 
202 205 206 210 211 212 213 215 217 218 221 224 
230 232 233 237 241 242 247 249 251 256 257 265 
268 270 271 274 281 282 288 289 291 295 296 298 
305 308 309 310 314 316 319 323 330 331 333 334 
336 337 338 344 348 349 354 356 358 359 361 362 
365 370 373 376 377 389 393 394 395 399 406 408 
412 413 422 427 433 435 439 441 443 453 456 458 
461 464 468 469 470 472 473 474 477 480 482 489 
490 491 494 499 503 504 505 506 508 512 513 517 
520 523 531 534 535 536 537 538 539 543 544 546 
549 552 556 559 560 566 567 570 573 574 579 584 
587 589 594 596 597 610 622 624 630 635 641 650 
653 655 665 668 669 674 676 677 678 680 681 685 
692 702 704 706 711 713 717 722 724 725 728 731 
732 736 737 741 747 750 754 757 762 766 768 770 
771 772 773 778 780 781 789 790 791 795 800 
253
4 12 14 22 31 32 33 34 38 40 45 47 
49 59 66 68 70 73 76 79 81 84 88 91 
92 94 96 97 98 107 111 116 117 121 123 127 
128 130 131 133 135 137 145 147 151 153 155 158 
161 162 165 170 172 173 175 177 178 179 181 182 
184 188 191 195 202 204 205 208 217 218 223 230 
233 234 240 244 245 248 251 252 262 265 267 270 
272 274 286 289 298 302 305 310 316 318 320 322 
325 326 331 333 338 339 340 345 351 352 358 360 
368 369 372 377 390 400 401 403 405 409 410 414 
415 416 423 424 427 428 432 433 434 436 438 446 
447 448 450 452 453 455 456 459 462 467 469 472 
473 474 476 477 478 482 484 486 492 496 500 501 
508 510 512 513 516 517 518 522 523 531 533 538 
541 542 556 558 559 560 563 567 568 575 578 583 
584 585 587 592 594 598 600 602 605 613 616 618 
632 635 637 639 644 646 649 650 651 652 653 654 
655 656 658 659 660 661 662 668 669 672 683 684 
686 688 690 698 702 704 706 709 711 712 716 719 
722 726 728 729 730 734 735 736 737 740 752 754 
755 756 757 763 766 769 770 771 776 785 792 797 
800 
253
1 6 7 10 11 14 16 17 27 36 38 41 
44 47 51 56 57 58 60 61 65 69 79 82 
83 92 100 101 102 111 115 118 119 128 132 138 
145 148 149 150 152 153 154 157 159 161 162 168 
172 175 179 182 187 188 191 197 203 207 211 214 
218 224 225 226 227 229 237 241 245 246 250 256 
257 259 260 263 268 271 275 280 290 295 297 298 
301 302 304 305 321 325 330 331 332 334 335 341 
344 351 353 354 357 358 360 363 365 366 372 373 
375 379 380 382 383 385 386 388 390 395 396 404 
409 410 414 415 416 417 418 423 428 429 440 450 
454 456 457 460 461 463 465 468 469 472 475 479 
481 483 489 491 493 498 500 501 502 506 507 508 
509 513 516 518 519 520 525 530 531 533 534 535 
537 541 546 550 552 555 556 559 560 561 564 569 
571 572 577 579 584 587 588 589 590 594 603 604 
607 610 620 621 622 625 626 629 630 637 644 645 
651 652 655 657 662 666 668 669 682 686 689 694 
696 697 702 704 705 710 712 714 717 718 722 724 
725 728 730 733 735 737 739 741 742 745 748 749 
759 764 766 767 768 775 779 782 783 784 786 790 
793 
255
6 7 9 10 11 12 14 15 16 19 21 23 
34 35 37 38 44 46 47 55 62 64 68 74 
75 82 90 91 93 95 105 107 109 112 114 116 
122 123 124 127 134 136 137 143 144 150 155 157 
158 161 162 164 166 167 168 169 170 172 175 177 
186 188 191 192 193 199 201 205 206 211 214 218 
224 232 234 237 239 241 244 246 253 254 255 257 
260 261 263 264 270 273 279 280 281 287 289 291 
296 301 304 311 312 315 317 318 320 323 325 327 
329 340 341 344 345 346 348 354 362 372 373 378 
384 389 391 393 402 408 413 415 418 420 425 426 
429 432 444 446 447 452 453 454 459 461 465 469 
475 480 482 483 488 490 498 501 506 509 511 513 
518 520 521 524 525 526 528 529 531 532 537 540 
542 543 545 547 549 553 555 559 560 561 563 569 
570 572 576 577 578 580 582 586 592 593 595 598 
599 604 605 606 607 609 613 619 621 624 628 631 
636 639 641 644 645 646 649 654 656 657 658 660 
662 668 671 673 675 677 680 682 683 684 685 690 
694 698 699 704 707 717 718 736 739 743 746 749 
751 759 760 762 763 764 765 771 774 779 782 784 
787 796 799 
241
4 10 12 16 18 21 24 28 29 35 41 51 
53 59 64 67 70 73 81 82 84 87 91 94 
97 99 102 106 109 110 111 114 125 126 128 130 
131 137 142 143 146 148 149 157 161 164 165 171 
172 173 181 182 186 187 188 195 196 197 198 200 
210 219 220 231 232 233 237 238 241 243 244 245 
253 256 258 259 265 268 270 272 274 275 277 291 
292 295 296 298 302 306 308 311 313 317 321 323 
330 332 333 334 340 344 347 349 356 361 362 363 
367 371 372 376 378 379 380 381 382 383 384 387 
388 390 391 393 395 398 400 402 405 407 408 409 
411 413 414 420 422 423 424 427 428 448 452 453 
460 464 465 468 469 470 474 478 485 491 494 502 
503 508 515 517 518 519 532 534 535 536 537 539 
540 553 555 556 562 563 564 567 568 570 573 576 
577 579 580 583 585 593 594 598 601 607 608 615 
623 631 640 646 648 656 658 662 664 665 670 676 
683 684 685 693 694 695 700 706 708 710 718 719 
721 723 724 726 734 739 752 753 756 757 764 767 
768 771 774 777 779 781 784 785 786 787 791 798 
800 
243
1 7 9 11 12 13 15 16 17 20 26 28 
29 33 38 41 43 48 56 57 60 63 66 77 
84 86 89 92 93 95 100 101 102 104 108 113 
115 118 120 122 123 127 130 134 140 141 142 144 
147 148 149 150 151 152 160 163 166 167 170 172 
173 193 194 196 199 200 204 208 213 216 217 219 
221 223 228 230 231 238 239 241 245 246 247 252 
253 255 260 261 279 285 286 287 289 294 302 305 
307 321 327 330 331 336 342 344 346 347 350 352 
356 365 369 371 372 375 376 381 382 388 392 393 
396 402 403 405 413 418 419 421 424 426 428 436 
437 443 445 447 453 460 462 464 467 468 470 472 
473 478 483 487 488 492 501 507 508 512 513 515 
526 527 528 529 532 534 535 541 542 544 550 553 
563 564 569 570 579 580 584 586 591 592 593 597 
602 614 617 618 619 621 622 627 628 629 644 646 
648 650 652 657 658 661 664 669 670 677 679 680 
683 685 689 690 691 694 695 697 698 711 713 716 
717 721 722 725 730 732 735 738 739 744 745 746 
747 750 755 756 758 761 771 781 783 787 788 792 
794 797 798 
226
4 5 8 11 15 18 20 21 24 27 32 36 
38 39 41 44 47 48 52 55 60 63 64 78 
85 87 89 93 98 106 107 108 112 121 126 127 
130 135 137 140 142 143 145 148 150 151 160 161 
162 167 173 175 178 179 183 190 191 195 196 198 
200 201 205 207 208 209 212 215 220 221 224 231 
234 238 241 246 247 248 251 252 255 256 257 268 
275 276 279 286 288 290 293 295 297 303 320 333 
338 339 341 343 345 347 348 352 353 354 355 357 
359 363 366 367 368 382 384 385 386 387 388 397 
398 402 403 405 408 410 413 414 415 422 423 433 
434 444 447 449 450 453 456 459 460 472 473 478 
484 488 495 497 500 505 509 512 521 523 529 531 
535 538 548 549 550 552 557 559 560 563 564 566 
567 576 588 591 592 593 594 596 600 603 606 611 
622 624 626 629 633 637 642 646 647 648 650 651 
656 658 661 672 677 678 681 683 689 692 694 695 
702 703 704 708 714 715 719 736 737 741 745 758 
759 762 764 766 769 781 783 789 792 797 
216
1 4 6 7 10 11 15 19 21 22 25 30 
32 36 37 39 49 50 54 55 56 61 62 63 
70 82 83 84 88 92 99 101 109 112 115 121 
125 131 135 137 138 139 144 152 155 159 162 165 
166 168 171 174 178 184 185 188 189 190 200 201 
202 203 208 212 218 220 229 232 239 241 250 251 
256 257 261 263 265 271 273 278 283 284 291 298 
306 310 313 317 328 329 332 333 337 339 343 344 
346 349 353 357 361 362 365 366 371 374 376 382 
401 405 406 411 415 417 419 421 425 426 433 439 
441 444 445 453 455 457 458 462 464 465 466 469 
477 478 479 480 484 486 489 493 494 498 499 506 
511 513 514 515 518 521 524 527 535 541 545 554 
561 562 568 571 575 578 582 583 584 591 592 598 
604 609 611 613 616 618 627 630 637 644 648 652 
665 671 672 674 676 679 681 693 700 703 704 708 
710 713 716 719 737 739 740 741 742 743 746 757 
758 763 766 768 776 777 780 781 784 786 791 800 
237
1 3 4 8 10 12 14 23 26 30 31 32 
36 39 40 41 42 46 47 48 51 68 70 73 
76 77 79 83 84 93 95 97 104 106 108 115 
130 138 142 143 144 146 147 148 149 156 158 160 
165 167 169 173 175 179 192 193 200 204 208 209 
219 220 222 223 227 228 230 234 235 239 240 242 
244 248 250 252 257 258 260 261 263 264 266 269 
271 275 279 280 282 289 292 293 296 298 299 302 
308 309 316 327 330 332 334 336 340 341 343 345 
348 350 351 353 360 362 384 386 389 393 396 420 
422 426 429 431 433 434 436 441 445 446 454 457 
459 469 470 471 474 478 479 480 484 491 495 498 
501 504 509 511 512 514 518 519 521 523 536 539 
540 541 542 549 551 561 562 569 570 576 578 592 
602 603 605 607 613 618 622 628 629 631 632 642 
644 645 647 648 650 654 656 658 659 660 661 662 
663 664 665 667 685 688 690 693 694 697 701 712 
714 721 722 726 729 730 732 736 739 741 742 743 
744 747 748 751 752 754 755 759 760 762 765 770 
772 773 774 779 780 784 785 786 795 
225
4 5 7 14 16 24 26 33 34 44 50 52 
55 60 64 69 72 73 80 81 83 86 92 97 
102 109 116 118 122 129 131 134 140 141 144 145 
156 172 173 174 176 180 184 186 191 203 205 213 
215 216 226 231 233 234 238 239 241 248 250 252 
256 257 258 260 269 274 284 286 287 289 292 296 
299 301 302 308 309 312 314 315 316 317 324 326 
327 328 337 342 343 346 347 352 356 357 360 365 
377 381 384 386 388 391 397 408 409 412 415 416 
419 421 422 423 437 439 459 461 466 467 471 477 
479 490 491 492 499 500 502 503 510 513 515 517 
519 520 525 527 529 532 534 539 543 544 549 556 
557 558 564 566 567 572 581 582 585 587 588 589 
590 594 596 598 601 602 603 605 606 607 609 613 
614 619 620 626 630 634 636 639 641 642 644 646 
647 650 653 654 660 661 663 664 666 670 677 678 
679 680 681 684 686 688 697 698 702 705 708 715 
717 718 719 720 722 723 727 737 747 751 752 756 
759 761 771 778 788 791 795 797 800 
233
2 6 8 10 12 13 20 23 24 26 28 29 
31 32 37 39 42 48 55 56 64 65 66 74 
75 77 78 84 86 90 92 97 99 100 106 108 
114 122 124 126 130 136 137 142 147 150 153 156 
158 159 164 177 178 184 187 188 189 190 201 208 
211 215 218 225 227 229 239 246 254 256 257 261 
262 263 265 266 267 271 272 275 277 279 280 282 
284 285 287 288 297 300 301 305 306 310 315 317 
318 319 320 322 323 324 329 331 332 337 343 344 
345 346 347 352 354 361 363 365 370 372 375 376 
377 378 384 387 396 401 404 406 411 413 419 426 
427 430 432 434 437 439 447 449 453 454 458 459 
460 470 472 473 488 489 494 497 498 506 508 513 
522 525 528 532 533 534 535 538 548 549 550 551 
554 556 558 559 563 570 571 575 584 590 607 608 
615 617 620 624 626 628 630 632 636 637 638 648 
649 652 654 657 669 672 674 684 685 688 692 697 
699 701 704 706 709 711 713 714 715 720 724 727 
735 737 751 752 754 759 760 761 766 769 772 773 
779 781 786 789 795 
230
1 5 7 17 18 19 21 23 27 29 31 32 
34 37 45 53 54 56 60 62 68 69 73 78 
79 84 93 98 104 110 113 115 116 117 121 126 
128 131 132 133 134 135 150 152 153 156 157 158 
159 161 163 165 166 167 168 170 173 174 177 181 
182 196 207 209 213 215 219 221 226 232 239 241 
244 247 249 250 253 259 267 269 273 278 279 283 
285 287 289 293 298 304 317 319 322 323 325 327 
330 333 335 336 345 346 347 349 355 357 359 367 
370 373 375 376 377 385 386 390 394 395 396 397 
407 408 409 410 415 423 432 433 434 435 436 439 
443 446 448 449 452 453 458 461 467 472 473 481 
484 485 490 492 504 505 507 519 520 521 545 546 
547 549 554 555 560 565 568 569 573 576 579 583 
587 588 589 597 603 611 612 614 622 623 628 632 
634 635 639 640 641 642 644 652 653 657 660 664 
665 666 672 680 682 687 697 704 705 715 716 719 
720 722 725 726 728 729 738 740 745 750 755 757 
769 771 772 773 775 776 783 784 785 790 793 794 
797 799 
232
5 8 10 16 22 26 30 37 46 51 55 58 
61 62 63 65 69 75 76 77 80 90 92 93 
107 108 110 116 117 118 120 122 124 125 129 130 
131 136 140 141 145 156 165 168 170 177 182 187 
192 196 200 201 203 209 210 211 214 215 217 225 
227 229 230 235 237 240 242 244 248 251 257 259 
263 264 271 274 277 278 279 289 290 295 296 300 
305 312 317 326 327 328 331 333 335 337 341 342 
344 346 354 364 367 369 370 372 373 374 376 382 
393 394 395 396 405 411 412 414 417 418 425 426 
427 428 429 437 439 440 445 454 473 476 477 480 
484 486 488 491 494 497 499 506 507 512 514 517 
518 521 522 524 528 533 535 539 542 551 554 555 
559 560 568 574 577 581 582 583 586 589 596 599 
600 601 604 609 610 615 620 625 626 627 628 634 
637 638 648 649 660 664 666 671 673 681 684 686 
688 689 692 696 698 700 704 708 710 714 715 716 
720 722 726 728 733 734 741 743 744 747 748 749 
751 755 759 760 764 768 770 771 774 775 776 782 
788 792 793 794 
228
2 3 8 9 13 14 16 21 27 34 45 46 
48 49 55 57 59 60 62 64 74 75 78 79 
80 82 84 90 92 93 95 96 102 108 116 117 
121 126 128 132 133 140 143 145 147 150 157 161 
164 167 170 171 172 179 186 188 194 198 204 205 
206 212 215 218 220 221 224 225 230 232 233 234 
237 239 244 246 253 254 255 257 258 259 265 268 
273 277 278 279 281 283 290 299 307 310 311 313 
314 317 320 324 328 335 336 344 350 352 357 361 
364 367 368 370 373 377 378 382 383 385 387 390 
395 396 397 398 401 403 412 413 414 416 420 421 
425 427 429 434 439 441 443 450 451 454 455 461 
464 465 474 479 484 492 493 498 501 502 504 508 
513 523 525 528 532 538 540 542 545 556 561 563 
567 568 581 582 593 599 601 602 605 610 611 616 
617 625 626 627 634 636 642 649 652 658 660 667 
670 673 675 677 679 682 685 689 692 697 700 708 
727 732 735 737 738 739 741 742 748 758 759 765 
766 770 771 773 775 780 783 787 788 793 797 798 
235
5 10 16 20 22 23 24 30 32 41 43 49 
57 59 60 63 65 67 68 71 74 75 80 84 
87 88 91 98 101 103 105 106 107 108 110 111 
113 119 122 124 126 134 143 145 148 149 151 155 
159 160 162 165 167 179 180 181 187 188 190 193 
200 218 221 222 228 242 243 248 249 251 256 257 
258 265 267 268 274 277 280 285 294 297 302 305 
310 313 320 322 323 325 329 335 337 341 342 349 
351 353 354 359 360 361 365 367 369 370 378 379 
381 382 385 386 391 392 395 396 399 403 412 413 
415 419 423 434 435 439 442 444 447 448 449 453 
454 455 458 461 463 464 466 470 473 476 483 484 
486 489 493 495 502 504 505 510 511 512 513 516 
519 522 523 525 530 540 550 551 558 563 569 570 
574 575 580 581 585 587 588 589 593 597 598 608 
610 623 630 631 633 638 648 651 653 657 658 662 
667 671 672 673 674 677 679 688 689 691 695 696 
697 702 703 707 711 716 717 720 726 736 740 743 
747 752 754 755 758 759 760 761 762 763 766 772 
773 774 776 778 791 795 800 
223
1 2 5 9 10 11 15 27 29 33 49 56 
64 66 77 78 79 81 87 93 96 100 102 110 
111 114 115 124 128 129 134 138 140 150 154 156 
159 161 163 166 172 176 178 181 187 189 194 201 
210 212 217 219 223 230 232 234 237 238 240 242 
244 245 249 252 258 259 262 263 270 271 283 287 
288 292 295 297 301 303 308 309 313 317 318 320 
322 329 338 342 345 348 350 355 358 361 364 367 
369 375 380 382 385 392 394 398 400 401 406 410 
411 420 421 422 425 431 432 433 435 437 441 442 
445 452 455 457 466 473 478 479 484 489 500 501 
503 508 510 516 519 530 531 535 537 540 543 547 
548 551 554 557 558 562 563 564 565 567 574 575 
576 584 585 587 588 595 596 598 599 602 603 604 
605 612 613 615 616 619 622 623 628 629 633 634 
635 637 643 644 645 648 649 657 658 664 673 675 
683 684 686 692 701 706 707 708 709 710 715 726 
733 734 735 738 739 744 751 752 754 757 759 762 
764 766 775 778 781 785 792 
253
1 2 6 7 11 12 16 18 31 33 34 35 
36 41 45 46 47 50 56 63 64 65 69 70 
72 77 82 83 87 89 90 93 94 100 101 107 
110 112 114 116 119 122 123 129 130 131 134 138 
139 144 148 149 150 157 158 159 160 168 170 172 
176 177 178 182 183 186 187 193 199 200 209 211 
212 214 215 218 219 220 222 227 228 230 234 240 
242 244 249 250 251 258 262 263 264 267 268 270 
272 276 278 279 280 281 282 283 289 290 291 292 
299 301 303 304 305 307 310 315 317 319 321 326 
327 329 330 331 337 338 340 341 342 346 347 353 
356 359 374 375 379 382 386 391 393 394 395 396 
403 404 412 414 415 418 420 421 422 424 429 431 
432 436 438 443 444 446 453 460 461 462 478 488 
490 502 503 509 512 514 515 518 519 520 521 537 
538 539 546 553 556 571 573 578 580 582 583 585 
591 600 607 610 613 614 624 628 634 644 650 662 
663 664 665 669 671 672 677 679 683 685 686 696 
697 699 701 706 707 710 713 715 717 718 721 722 
726 727 728 736 737 738 740 746 747 752 753 755 
759 765 766 768 771 774 775 780 784 785 787 791 
796 
223
3 7 11 14 16 18 22 27 30 32 37 40 
42 44 54 60 66 68 69 78 79 82 83 87 
93 95 96 97 100 101 120 122 128 134 138 145 
146 154 159 168 169 170 171 175 176 181 183 184 
187 191 195 201 202 205 208 215 225 228 230 232 
233 234 237 240 247 248 253 255 263 269 270 273 
278 282 284 286 292 295 297 300 301 317 325 326 
327 342 343 346 348 355 357 359 362 363 364 366 
368 371 380 381 384 385 394 411 415 417 418 419 
421 423 426 431 432 434 435 436 439 442 444 447 
452 453 456 459 466 469 474 478 480 484 492 494 
498 503 506 508 512 513 520 523 529 531 533 534 
535 536 539 542 545 546 547 548 551 552 553 555 
557 564 567 570 573 577 578 584 588 590 592 597 
606 610 617 618 622 624 625 626 628 641 642 652 
656 657 658 659 666 669 674 676 677 679 680 683 
684 688 690 691 698 699 700 708 711 712 713 714 
715 717 720 723 732 738 746 747 756 757 758 763 
774 781 782 789 791 793 795 
214
3 6 12 13 15 16 17 22 23 28 36 41 
45 47 48 51 53 57 63 66 67 74 78 80 
85 89 95 99 105 109 113 116 119 121 122 130 
141 144 149 151 152 155 156 157 162 164 168 169 
174 181 184 188 189 194 195 200 201 202 209 210 
214 215 217 219 223 225 229 233 235 237 240 244 
245 246 248 258 259 261 265 267 268 272 278 279 
283 286 293 302 313 316 319 324 329 333 334 342 
343 351 353 370 372 387 394 399 401 402 405 406 
409 413 414 426 427 429 430 438 442 443 446 448 
451 452 461 465 468 469 472 473 474 475 477 481 
489 491 492 493 506 510 517 520 523 530 532 537 
545 546 547 555 559 560 564 571 572 580 586 587 
592 595 600 601 603 617 618 620 623 624 627 633 
636 639 640 643 645 646 660 663 668 670 680 685 
687 688 689 703 707 708 709 715 717 723 724 727 
732 735 740 744 749 752 753 755 756 758 759 762 
767 772 773 775 777 783 789 790 795 797 
236
2 4 5 8 12 13 14 15 16 21 22 23 
26 30 33 40 43 44 45 46 47 48 49 51 
60 67 70 72 73 84 85 87 92 93 94 101 
102 104 111 112 121 126 127 128 130 131 139 140 
141 142 144 148 150 151 153 155 156 159 162 166 
169 178 181 183 189 195 201 204 215 216 221 222 
227 235 244 247 253 258 269 270 273 275 280 281 
288 290 292 293 294 297 298 299 302 304 305 306 
308 310 311 318 320 324 336 337 338 342 343 344 
348 350 356 357 358 361 367 376 378 381 386 387 
392 396 400 402 405 411 424 428 433 437 443 448 
449 452 455 461 464 468 469 470 475 478 489 490 
492 493 497 498 508 512 519 528 529 534 536 537 
541 548 549 554 559 560 563 568 570 580 585 587 
588 589 594 598 599 604 606 609 610 612 613 621 
637 638 641 642 646 647 650 653 654 658 659 660 
667 674 677 685 688 692 693 694 701 703 707 708 
710 714 717 721 727 732 737 739 741 742 743 746 
750 751 754 756 758 760 762 763 767 768 772 773 
774 775 778 781 782 784 785 789 
222
2 11 14 18 19 20 25 28 36 43 46 51 
60 61 68 71 73 74 83 86 98 101 103 106 
110 111 115 121 123 125 126 129 133 135 138 144 
146 147 155 159 161 163 165 166 169 173 177 178 
179 181 187 191 195 197 199 207 211 222 229 231 
234 235 237 238 244 248 252 258 261 276 279 280 
281 289 298 306 308 317 321 324 326 330 331 333 
338 344 349 350 352 356 357 358 359 360 361 370 
373 374 376 381 384 385 387 393 397 400 406 408 
411 412 416 420 421 434 441 443 448 451 453 460 
463 464 465 467 468 469 471 477 479 480 481 483 
484 488 490 491 493 495 502 506 508 514 515 520 
524 526 527 529 531 537 541 542 547 550 551 552 
553 554 556 562 564 566 572 576 578 579 581 585 
588 590 592 596 602 603 612 617 618 626 636 643 
644 657 659 664 666 670 671 677 678 679 682 689 
691 696 705 709 715 717 718 723 724 726 730 733 
737 739 746 750 757 758 764 767 768 770 771 772 
773 779 788 789 791 799 
245
8 9 18 19 28 29 32 37 38 41 42 43 
44 50 51 66 71 72 75 85 87 92 93 95 
98 103 106 111 113 116 118 119 128 129 131 133 
135 141 143 144 149 155 158 166 167 169 175 177 
179 181 187 191 193 194 195 197 198 200 206 219 
221 222 232 233 235 237 238 239 242 247 249 250 
254 257 262 263 266 267 276 277 278 279 285 288 
290 297 302 306 307 308 313 317 322 325 326 327 
328 330 332 334 337 344 345 347 349 352 359 361 
362 365 367 373 374 379 382 386 391 396 397 399 
408 411 412 415 417 418 419 428 429 431 432 433 
438 440 442 445 462 466 467 476 479 481 482 483 
484 489 495 497 500 503 507 511 522 524 525 528 
530 531 532 534 535 546 547 548 553 559 560 561 
562 568 570 577 578 582 584 585 586 588 589 591 
596 600 618 619 620 621 627 629 630 632 634 636 
639 642 645 648 649 655 656 659 661 670 672 677 
680 688 692 695 697 698 704 705 706 708 712 713 
716 718 719 720 727 729 732 740 742 745 750 756 
757 758 759 761 765 767 768 775 776 780 782 785 
793 794 795 796 797 
225
3 8 9 10 11 16 17 23 35 39 49 50 
54 56 60 64 66 75 79 80 85 87 95 97 
104 116 118 119 124 125 126 130 131 132 134 136 
140 144 149 150 153 158 164 165 170 177 178 180 
183 184 185 186 190 194 202 209 212 213 220 223 
224 227 229 230 243 247 248 252 261 265 266 268 
269 273 274 277 280 282 286 289 291 296 299 300 
301 304 306 307 308 309 312 315 318 326 330 346 
349 350 351 358 359 360 361 362 366 368 373 377 
384 387 391 392 397 398 405 407 409 410 412 414 
418 421 422 430 432 445 447 449 452 455 457 462 
463 466 470 471 475 477 484 485 489 490 491 496 
498 499 501 506 507 509 513 519 522 523 524 528 
533 539 543 546 549 562 569 570 573 578 579 581 
582 583 587 588 589 591 592 596 599 601 604 607 
608 609 613 625 629 632 636 638 643 645 647 650 
655 657 665 666 667 675 681 682 685 695 696 699 
702 704 715 716 720 722 724 728 729 735 741 744 
746 749 759 772 779 782 791 795 797 
235
2 10 11 17 18 20 25 33 38 41 44 45 
47 48 49 50 51 59 60 61 65 70 72 73 
76 79 84 86 90 93 95 98 104 116 117 124 
126 132 133 141 144 149 151 152 153 157 158 161 
170 171 177 179 186 188 190 192 196 202 203 204 
206 207 208 211 212 213 216 221 224 228 233 234 
236 239 243 245 247 254 258 261 262 263 273 281 
282 284 287 294 300 301 303 312 313 316 319 320 
322 331 333 336 340 355 360 361 362 363 371 373 
374 378 385 388 390 402 410 412 414 422 424 425 
431 432 434 436 447 448 449 455 458 464 465 470 
472 474 475 476 479 481 483 487 493 496 498 503 
507 508 510 517 519 522 523 531 534 536 537 541 
543 546 550 552 553 554 556 557 559 569 572 573 
575 579 594 603 604 607 608 610 616 619 620 622 
630 631 635 636 637 638 642 646 650 653 656 658 
661 666 672 682 688 694 695 698 700 702 706 708 
709 711 715 716 721 725 727 728 730 732 735 736 
742 746 747 751 752 753 757 764 765 767 768 769 
771 774 776 781 783 790 796 
247
5 12 13 19 21 24 27 31 33 34 35 37 
40 45 48 51 54 58 64 65 74 75 79 80 
85 92 93 96 97 102 109 118 121 122 124 127 
137 139 140 145 146 152 153 155 159 162 164 168 
169 176 180 187 188 193 197 198 200 205 213 214 
215 218 220 226 227 231 232 237 241 243 252 253 
256 257 260 269 272 277 288 290 295 298 306 307 
311 321 323 325 331 334 338 340 343 344 348 353 
354 355 357 361 362 363 367 370 371 374 377 378 
380 381 387 392 393 394 398 401 402 406 407 408 
409 410 414 416 424 425 435 438 440 443 448 453 
456 464 465 470 472 474 476 479 480 482 485 491 
496 499 501 503 504 509 511 514 515 516 517 518 
521 522 526 531 534 535 538 540 544 547 553 554 
560 561 563 565 566 571 573 576 578 579 583 585 
591 593 601 606 607 609 613 614 623 624 628 631 
638 639 643 644 647 648 651 655 657 663 664 665 
669 672 676 678 680 683 685 689 691 695 696 699 
701 706 707 709 715 716 718 721 723 725 726 729 
732 735 736 739 741 745 753 759 764 765 766 767 
769 773 785 793 795 796 797 
232
4 12 13 16 20 23 28 38 39 41 44 46 
55 57 63 65 72 76 79 81 89 96 99 100 
101 103 105 106 107 108 110 115 116 118 119 120 
123 127 133 134 138 141 144 145 148 149 150 151 
155 156 158 163 167 172 174 181 183 188 191 192 
198 201 203 204 208 209 210 211 217 220 223 225 
228 231 237 238 240 241 254 256 266 273 275 281 
282 286 287 289 290 292 299 300 305 308 312 314 
319 324 328 331 333 343 348 353 359 366 367 368 
373 378 386 391 392 393 396 397 401 408 409 414 
415 418 422 424 427 432 433 437 444 445 446 457 
458 462 467 468 474 475 486 487 488 494 497 506 
517 524 525 528 530 531 537 540 550 551 553 554 
562 563 565 567 573 578 579 585 588 593 598 601 
602 604 608 616 619 628 630 631 632 633 637 641 
642 644 646 652 656 659 664 666 667 669 673 674 
679 681 687 700 702 708 712 713 714 715 716 719 
720 726 730 731 732 736 737 743 744 745 748 749 
751 758 761 762 763 764 769 770 773 782 784 785 
788 791 795 798 
245
4 8 9 11 12 17 18 19 21 27 29 35 
36 37 38 42 43 46 49 51 53 54 63 69 
70 71 72 83 85 86 99 102 104 105 108 110 
116 117 118 125 134 136 139 143 145 150 151 153 
156 158 165 171 176 178 188 191 193 196 199 202 
203 213 215 219 226 231 240 243 247 254 256 259 
261 265 266 269 270 271 273 279 281 295 296 299 
302 303 306 308 309 316 322 323 328 334 335 342 
343 345 347 349 350 351 352 353 354 355 356 360 
362 364 366 370 372 373 374 376 377 378 384 385 
387 388 390 391 392 395 405 409 412 415 416 417 
422 427 428 431 433 435 439 441 442 454 455 461 
464 466 475 478 485 495 496 499 500 503 505 508 
510 511 512 514 516 518 519 521 527 540 542 544 
545 549 550 551 557 558 559 569 575 576 577 586 
588 592 597 600 604 606 616 620 625 627 629 635 
638 639 646 656 658 660 662 664 668 669 675 679 
683 685 692 698 699 700 702 703 707 710 711 712 
716 717 718 719 720 721 723 728 734 737 739 740 
741 745 747 748 749 751 753 755 756 766 771 774 
776 790 791 792 799 
219
7 8 9 16 18 22 23 24 25 26 27 32 
33 36 45 47 50 61 62 66 71 74 75 79 
80 83 85 88 92 98 101 102 105 112 116 119 
120 123 130 131 139 144 148 150 153 156 165 166 
178 182 183 186 189 197 203 204 205 209 210 213 
216 217 220 221 222 225 226 234 241 244 245 252 
255 257 258 259 265 283 284 286 287 290 298 299 
302 305 306 307 315 317 319 320 323 327 338 344 
348 349 351 352 353 361 365 367 370 371 372 373 
376 381 383 389 393 405 407 410 411 414 419 430 
439 442 443 447 448 449 454 457 461 463 465 467 
468 472 476 501 506 508 515 517 522 526 533 545 
546 548 554 556 557 562 564 565 570 571 572 578 
579 589 595 596 600 601 605 606 607 608 611 614 
615 622 623 633 634 635 640 642 643 644 650 651 
652 658 660 674 678 680 685 689 694 695 699 704 
706 712 713 717 724 731 732 743 745 748 755 757 
758 762 769 770 771 776 781 782 783 786 787 790 
791 797 799 
264
8 10 13 14 16 18 22 24 26 27 29 32 
33 36 42 47 48 50 52 55 58 62 66 68 
72 74 75 79 84 85 86 88 94 98 103 104 
105 112 115 118 119 129 136 138 146 161 162 166 
167 168 169 171 172 173 174 175 177 179 181 182 
184 185 187 198 215 216 220 223 224 226 227 228 
234 235 236 238 240 242 252 254 255 259 260 262 
263 264 269 275 276 281 283 286 288 291 292 293 
296 302 304 312 313 314 315 320 322 324 328 336 
337 342 343 347 352 353 357 363 369 371 373 375 
382 385 386 388 390 395 396 397 409 414 415 416 
421 424 425 427 430 433 441 447 451 452 453 456 
458 460 465 466 467 468 469 470 472 473 475 477 
478 481 483 484 485 486 492 494 497 500 505 506 
509 511 513 518 519 521 525 529 530 538 539 544 
546 548 553 557 561 565 567 569 570 572 574 575 
577 588 589 590 591 593 598 600 601 606 615 616 
619 620 621 622 628 630 632 633 636 638 639 640 
649 651 656 657 659 665 667 669 674 676 680 681 
685 688 689 691 694 698 700 703 704 713 715 716 
719 728 733 736 745 746 754 757 762 763 764 768 
773 774 776 777 779 788 790 793 795 796 797 798 
240
1 2 4 14 20 24 26 30 31 37 39 44 
47 49 56 58 61 66 68 69 79 80 82 83 
86 90 91 92 94 97 102 104 109 115 117 118 
120 122 123 125 126 127 129 133 134 152 154 157 
160 161 164 165 167 171 173 174 177 181 182 183 
185 197 198 207 211 212 215 217 218 220 227 230 
232 236 239 241 243 244 252 254 262 266 267 270 
271 274 277 283 285 287 288 289 292 295 300 302 
303 307 310 311 312 317 320 321 323 328 329 330 
331 332 346 355 358 359 362 372 373 375 378 386 
387 388 389 392 395 403 407 409 410 413 414 416 
418 420 423 424 426 427 434 436 445 447 454 468 
472 478 481 485 487 494 495 496 499 509 514 516 
520 521 522 527 530 533 546 547 549 551 552 556 
567 571 572 577 579 582 585 589 592 600 601 602 
605 606 609 610 612 614 615 618 623 624 626 630 
632 634 635 640 643 651 654 655 660 661 681 689 
690 691 693 696 699 703 704 705 710 714 720 721 
726 729 735 742 744 745 747 749 751 754 759 767 
768 772 773 784 785 787 788 789 791 796 797 798 
230
2 5 11 17 19 20 22 35 41 44 49 53 
54 56 59 60 62 64 65 67 70 72 74 77 
78 80 81 83 88 98 101 103 107 113 116 118 
128 139 140 143 148 150 151 154 156 159 176 179 
188 189 190 193 196 197 200 201 204 205 209 219 
220 221 226 228 230 232 234 241 243 247 248 251 
253 254 255 262 271 279 280 282 285 293 299 300 
304 308 310 315 317 318 319 322 324 329 332 333 
334 338 347 349 351 357 360 362 368 371 376 377 
382 389 392 400 405 406 407 415 416 424 425 429 
432 433 434 435 437 439 441 444 449 451 458 467 
468 471 474 481 482 485 489 491 492 502 503 504 
509 514 515 517 520 521 530 532 533 536 538 546 
547 549 550 551 552 553 554 555 556 557 560 562 
564 566 569 570 572 573 574 581 585 586 588 589 
591 602 604 608 612 615 618 619 625 626 630 644 
654 658 661 662 664 673 674 675 682 688 692 694 
696 701 702 706 707 710 711 716 721 724 731 738 
739 743 746 748 753 755 756 766 769 782 783 785 
790 793 
230
9 10 13 15 19 22 26 27 33 35 37 39 
40 43 44 52 72 74 79 90 92 93 96 97 
102 112 115 116 117 119 120 127 129 135 142 144 
152 161 162 163 168 169 175 181 184 186 189 190 
194 197 198 199 205 214 215 216 220 221 224 225 
229 233 234 238 239 242 248 255 261 263 264 267 
272 282 285 289 290 291 294 295 300 301 303 306 
310 313 314 315 317 324 327 328 329 333 335 336 
337 340 354 355 358 359 364 366 367 368 372 375 
376 378 385 387 392 397 398 400 401 403 404 408 
413 417 420 421 429 430 432 437 440 442 445 447 
449 455 460 461 466 470 471 474 476 477 478 479 
485 488 490 507 508 513 514 517 521 529 532 538 
542 544 547 552 554 556 560 562 564 569 573 574 
577 582 584 585 589 593 598 600 605 613 615 616 
620 636 637 641 644 645 648 649 656 658 662 664 
665 675 678 682 684 687 693 695 697 698 701 709 
712 713 716 724 725 726 729 741 744 748 749 750 
751 752 753 755 763 764 770 777 782 790 795 797 
799 800 
232
9 10 13 22 30 34 36 43 46 47 53 59 
61 62 63 64 66 68 72 75 76 78 83 89 
90 92 99 100 102 103 107 113 115 117 129 132 
137 139 142 149 150 156 158 161 162 163 167 172 
175 177 182 189 191 198 199 206 207 214 215 221 
222 228 230 235 236 238 239 241 242 243 245 246 
247 269 270 275 277 282 283 285 291 310 314 316 
320 324 325 327 334 338 339 340 343 351 355 360 
362 374 378 381 382 383 385 389 391 393 394 399 
401 402 404 407 409 411 412 414 415 416 419 422 
424 425 426 427 428 429 436 438 440 441 442 445 
449 453 473 474 476 479 480 487 490 494 497 500 
502 508 509 510 514 516 522 526 527 529 530 531 
532 535 536 538 540 541 542 543 552 556 560 572 
574 577 583 587 588 593 595 603 605 608 609 616 
617 623 624 627 629 631 637 641 644 646 650 652 
661 664 665 671 672 680 681 682 689 696 699 701 
703 704 710 719 720 723 726 728 731 733 734 737 
741 742 744 748 749 752 753 767 770 773 775 781 
793 794 798 799 
241
2 4 5 9 12 18 28 30 32 36 37 39 
41 45 47 48 55 57 67 72 73 74 75 77 
79 83 84 88 90 96 99 100 106 107 108 109 
113 115 119 129 130 131 134 138 150 152 154 161 
173 174 175 178 180 185 195 197 202 203 204 205 
212 215 218 223 227 228 229 230 231 242 244 245 
248 251 253 255 256 258 259 265 267 269 271 277 
280 281 284 286 289 294 295 296 301 306 307 308 
309 312 313 316 317 323 324 330 332 334 339 341 
344 348 351 353 354 355 363 364 365 367 369 371 
376 378 381 384 385 386 388 389 391 392 400 407 
408 411 414 420 423 427 429 430 441 448 452 454 
460 471 477 479 481 482 486 487 494 498 499 502 
503 507 508 509 511 512 513 516 524 525 530 531 
538 544 547 549 550 554 558 560 562 564 567 569 
572 573 575 582 584 588 595 596 599 601 609 614 
622 623 626 639 646 655 658 663 664 665 666 674 
677 678 680 682 684 685 689 690 694 696 703 708 
713 716 722 729 737 738 743 744 749 750 751 752 
753 760 761 762 766 768 769 773 777 780 786 788 
797 
227
5 11 12 17 21 26 29 32 37 41 43 46 
48 49 51 57 70 73 75 80 81 91 92 98 
102 104 105 112 115 120 125 126 127 132 135 136 
145 148 151 152 154 160 162 165 170 172 175 176 
177 187 189 192 193 194 197 200 205 206 210 211 
213 216 219 222 223 224 226 230 234 236 237 239 
240 241 242 245 248 251 258 259 260 262 264 269 
275 276 278 281 286 287 292 294 297 299 301 313 
315 320 325 329 332 336 337 338 345 346 354 360 
362 363 367 370 371 378 380 382 384 394 399 404 
408 414 420 425 427 429 436 437 440 443 451 454 
457 458 464 468 471 475 478 481 482 485 486 488 
489 490 496 497 501 508 519 523 528 529 536 537 
538 553 554 557 562 566 572 575 577 578 580 582 
583 584 585 586 587 591 595 596 608 609 615 627 
632 633 636 644 647 648 653 665 667 673 677 678 
679 685 688 691 692 693 696 701 712 720 721 726 
728 729 730 733 743 745 748 760 764 766 767 768 
773 779 786 787 788 789 792 793 794 795 799 
242
2 12 13 16 19 24 25 26 29 31 32 35 
36 43 46 50 51 54 58 65 70 77 79 80 
84 86 87 91 92 95 99 106 111 112 114 117 
122 123 125 126 127 131 132 133 138 140 141 143 
150 151 153 154 160 161 164 165 176 177 179 182 
183 186 187 188 189 192 196 199 201 203 206 209 
211 212 220 224 225 237 240 242 243 247 248 253 
254 263 264 266 267 272 274 279 281 284 286 290 
291 292 295 297 301 303 304 305 306 307 310 313 
314 317 322 324 325 328 331 332 334 335 339 341 
342 351 352 362 366 367 368 376 379 380 385 388 
391 407 416 419 421 429 431 434 440 441 442 453 
464 466 473 475 476 479 480 481 484 487 488 491 
494 498 499 500 504 505 512 529 530 531 534 536 
537 539 543 546 555 556 558 563 566 569 571 572 
574 580 581 587 588 589 592 593 601 605 606 613 
615 626 627 637 640 642 643 646 649 654 655 656 
660 663 664 670 672 674 676 678 685 694 703 705 
708 710 728 740 741 744 745 746 748 752 753 754 
760 761 768 771 776 777 779 780 782 786 794 795 
798 800 
255
3 11 18 20 24 35 36 37 40 45 49 50 
55 56 60 63 65 69 74 77 78 79 85 90 
94 98 101 102 103 106 111 112 118 120 123 136 
139 141 144 147 148 155 156 158 160 163 166 167 
169 174 175 184 185 196 198 199 200 203 209 213 
214 215 221 228 230 231 235 238 239 245 246 247 
248 256 258 270 272 278 282 283 285 289 297 298 
303 306 307 309 315 317 323 324 325 327 328 336 
338 339 340 344 346 351 352 353 354 357 360 362 
364 366 367 368 370 376 377 379 381 386 390 394 
399 400 401 402 405 410 411 412 416 421 422 424 
430 433 437 447 453 454 458 459 462 466 467 470 
471 472 476 477 478 480 481 485 488 499 505 507 
508 519 520 522 526 529 530 531 532 539 546 551 
554 556 565 569 572 578 579 584 585 592 593 598 
606 608 610 612 615 616 618 622 623 628 633 639 
640 642 644 648 650 652 653 661 665 669 671 682 
684 685 690 692 696 701 702 704 706 708 710 715 
716 717 718 722 723 726 728 730 735 737 738 739 
740 743 744 746 748 750 753 754 756 758 761 764 
765 770 773 774 775 776 778 779 780 787 790 793 
794 796 797 
256
3 5 7 9 16 17 20 24 30 33 34 35 
41 44 48 50 51 54 59 62 64 65 68 69 
70 75 77 85 87 94 98 101 103 106 108 110 
111 117 119 129 132 134 136 139 146 148 149 150 
152 154 159 160 163 172 175 176 177 178 179 180 
186 187 188 189 192 193 194 195 202 204 208 210 
212 216 223 226 243 245 250 254 255 261 263 264 
266 267 271 273 274 275 276 281 283 286 288 290 
296 297 298 299 305 309 318 320 323 325 329 330 
331 333 336 337 339 343 346 347 350 361 364 372 
375 377 379 383 384 387 388 389 391 392 409 411 
415 417 423 426 427 428 432 437 441 443 453 458 
460 462 463 464 472 487 495 496 498 499 501 506 
508 509 512 513 516 517 519 520 522 531 541 544 
558 559 560 561 562 563 564 565 568 572 574 575 
577 579 584 585 589 591 595 597 601 602 606 611 
614 615 616 617 620 622 625 630 641 649 652 656 
657 658 659 660 663 665 666 669 670 673 676 679 
683 689 694 696 697 700 704 705 706 708 709 710 
711 718 721 727 730 736 740 743 746 749 750 753 
755 756 757 766 769 771 772 777 779 781 789 790 
797 798 799 800 
234
4 5 6 10 19 21 35 36 38 39 41 47 
48 53 56 61 65 68 74 80 85 86 88 91 
93 95 99 101 102 103 104 105 109 122 124 125 
127 128 135 136 137 138 139 141 143 149 151 154 
156 157 158 160 171 176 177 183 185 188 199 200 
202 203 208 211 212 213 214 215 216 224 226 234 
235 236 244 245 247 250 251 253 254 258 260 261 
263 264 266 268 269 270 278 279 281 288 290 291 
293 296 297 299 300 302 307 311 325 327 330 331 
350 360 369 374 375 377 378 380 382 392 393 397 
398 403 404 407 408 412 414 416 421 425 427 428 
431 434 438 440 445 455 457 459 460 463 465 469 
470 474 476 478 483 488 494 496 497 498 503 507 
510 513 516 534 539 543 544 546 549 552 555 556 
563 565 566 568 572 575 576 581 582 590 594 601 
604 609 615 617 618 620 625 627 628 635 642 650 
651 653 654 662 672 674 677 680 682 686 689 692 
695 696 697 701 703 705 706 710 713 715 716 720 
721 722 730 731 735 739 749 752 764 768 775 777 
779 783 784 790 796 797 
212
1 6 7 8 14 24 26 27 32 33 36 38 
41 45 47 50 51 52 55 57 59 65 68 70 
75 77 92 93 100 102 107 109 117 118 126 127 
130 132 138 141 142 143 148 152 157 159 162 166 
171 172 173 187 190 195 200 203 207 219 222 224 
225 226 228 233 245 251 253 259 267 278 286 291 
292 305 306 311 318 319 320 322 325 329 330 333 
335 343 346 349 351 352 354 358 366 374 375 377 
379 380 386 389 390 394 395 396 398 400 402 404 
407 409 419 428 432 434 435 439 442 445 447 451 
452 467 473 476 479 481 482 486 491 502 505 506 
507 511 521 529 530 537 538 539 541 542 549 552 
557 559 560 563 564 571 579 583 584 596 606 608 
609 628 630 631 632 633 635 642 644 646 650 658 
662 669 672 678 680 684 685 692 694 697 698 700 
706 711 713 714 719 720 725 728 734 736 740 742 
743 747 750 753 755 756 757 762 763 765 766 775 
778 780 782 785 788 791 794 800 
218
3 4 7 12 14 15 17 18 19 22 23 24 
25 29 35 38 40 42 48 55 56 58 61 67 
81 87 88 89 95 104 106 111 114 115 117 123 
135 138 142 143 149 158 165 166 170 172 174 175 
176 179 180 186 187 193 202 204 208 213 215 217 
222 224 230 236 238 241 242 243 248 251 264 266 
269 276 280 281 283 287 290 296 297 301 307 308 
316 320 322 324 326 339 342 343 344 345 347 348 
358 361 363 364 368 369 375 376 378 379 382 389 
391 402 406 410 412 417 430 432 437 440 441 445 
448 452 454 456 457 461 466 469 471 472 473 483 
484 486 496 502 518 523 527 528 530 535 538 542 
544 548 549 551 558 574 575 576 579 588 594 595 
597 611 624 628 630 636 639 641 643 647 650 651 
653 658 659 660 663 665 672 674 680 681 683 687 
688 695 704 705 709 711 714 721 722 725 726 728 
729 730 731 734 741 744 747 754 758 759 760 762 
763 764 765 766 770 771 774 775 776 784 787 790 
793 798 
233
2 6 8 10 15 24 32 34 38 39 41 43 
45 46 52 58 59 63 71 76 78 84 102 109 
110 112 115 118 119 120 121 122 125 133 134 142 
143 148 149 150 155 161 163 165 169 171 173 195 
202 208 209 210 215 217 222 224 228 229 231 238 
239 242 245 246 247 250 255 262 269 270 273 274 
278 279 282 283 284 285 286 292 293 294 295 296 
298 300 303 310 319 321 327 335 338 340 341 342 
345 347 352 355 362 369 371 375 377 383 384 385 
387 396 397 400 401 402 403 404 409 418 423 425 
430 433 443 454 457 461 465 466 468 469 470 471 
477 479 480 483 486 488 490 491 493 496 497 500 
505 509 510 512 518 519 520 523 526 527 528 531 
533 547 555 556 560 563 564 567 568 569 571 573 
574 578 579 585 586 587 588 590 594 597 605 606 
607 609 611 612 616 618 624 628 637 639 641 644 
649 651 655 656 657 660 664 665 666 669 677 682 
683 689 692 695 699 703 717 720 721 723 731 733 
739 740 745 746 751 752 754 761 766 769 773 775 
783 789 796 798 799 
248
1 3 8 9 15 16 29 30 37 38 39 44 
46 49 50 51 54 59 60 65 66 70 74 82 
83 93 94 95 98 100 101 102 103 104 109 114 
118 119 121 123 125 127 137 139 143 149 151 153 
156 165 170 171 172 177 180 184 185 186 187 195 
200 201 212 213 217 218 221 227 228 229 235 237 
238 241 245 246 247 250 257 263 265 266 275 280 
282 283 285 287 288 297 303 305 308 312 321 324 
326 327 330 333 335 337 339 342 345 347 349 352 
356 358 359 360 362 364 375 380 384 386 388 395 
396 400 403 407 408 410 412 417 418 422 428 429 
431 432 440 441 442 443 455 459 460 462 463 469 
470 472 476 477 478 481 487 489 493 495 498 502 
504 507 509 518 523 525 528 533 536 538 540 542 
544 550 553 557 565 574 577 582 583 589 590 599 
607 612 614 615 616 621 622 626 629 630 632 641 
643 649 651 652 659 665 666 667 668 670 671 673 
674 678 679 681 683 685 687 689 694 695 702 706 
712 713 714 715 717 722 731 733 734 736 737 738 
739 740 741 742 743 746 747 754 761 762 765 767 
776 777 788 790 796 797 799 800 
244
2 8 12 14 17 18 19 23 26 36 38 39 
40 41 42 46 50 51 54 60 64 67 70 75 
79 80 82 84 90 93 107 108 109 113 115 119 
122 123 124 125 126 127 132 137 143 148 152 158 
159 163 167 171 175 180 182 187 188 189 191 192 
196 200 205 206 207 211 212 214 215 216 218 221 
225 227 232 237 240 248 255 259 264 267 269 273 
275 276 279 280 284 292 295 299 301 302 308 312 
315 317 318 327 328 330 336 337 338 340 345 346 
347 348 349 356 357 364 366 374 375 379 389 391 
395 399 402 408 409 412 416 417 418 420 423 432 
434 437 443 444 445 450 453 457 459 465 466 470 
473 474 476 479 480 481 484 489 491 492 494 497 
498 501 504 513 514 515 516 522 523 526 533 547 
550 560 562 568 572 576 577 578 582 585 586 590 
591 594 596 597 600 605 609 614 619 623 624 632 
639 647 654 655 657 659 662 663 669 672 673 684 
685 692 694 697 698 704 707 708 715 718 721 725 
727 729 731 732 733 735 738 741 743 748 756 758 
763 769 773 774 778 779 781 782 784 786 788 791 
793 794 795 798 
229
8 9 10 11 12 20 22 24 37 39 44 49 
51 52 55 61 69 79 81 82 84 95 98 100 
101 107 109 111 114 117 119 120 125 127 129 131 
132 133 137 139 140 144 145 147 150 157 158 176 
181 183 186 193 201 202 208 215 217 220 222 226 
227 228 231 237 240 250 255 258 259 262 270 273 
276 286 290 291 294 300 306 309 315 316 318 320 
321 322 323 326 327 328 329 331 332 334 340 341 
345 346 351 355 359 360 361 363 367 368 369 372 
373 378 380 381 384 393 396 400 402 404 411 412 
415 417 423 425 430 431 433 438 439 442 447 453 
456 459 461 463 468 473 474 480 483 487 490 495 
498 505 507 509 513 514 519 520 533 535 536 539 
540 544 549 553 555 558 565 567 569 573 581 584 
589 591 601 604 606 609 611 615 617 622 624 627 
628 630 631 633 640 641 651 652 656 659 662 665 
668 674 681 683 684 685 686 689 698 703 704 705 
707 708 712 713 721 724 725 726 727 732 734 750 
760 761 762 770 772 773 779 781 783 787 789 794 
795 
256
8 13 16 22 28 30 33 34 35 37 43 46 
55 57 58 60 61 64 65 68 70 73 77 81 
85 86 87 93 94 101 102 107 108 111 114 115 
116 121 125 128 130 131 132 133 134 135 136 140 
141 148 153 154 159 161 168 169 170 173 176 177 
181 184 185 186 187 190 197 201 204 206 208 209 
211 212 216 217 218 219 225 228 232 236 241 248 
251 255 257 259 262 264 276 288 296 302 308 309 
315 322 327 328 330 332 334 336 345 350 353 359 
365 366 371 375 380 382 383 384 385 386 387 389 
390 391 398 402 406 416 417 420 424 428 430 431 
434 438 439 440 445 447 448 450 451 452 453 457 
458 462 464 468 469 470 471 472 477 478 479 481 
482 484 496 499 500 502 506 508 514 519 524 525 
534 542 543 546 552 554 560 562 564 565 568 575 
576 578 582 583 584 585 588 591 594 601 602 605 
606 617 619 621 622 626 628 629 631 636 637 638 
643 646 649 650 651 654 656 658 659 667 672 675 
679 681 682 683 685 687 691 696 698 701 707 711 
712 715 717 721 724 731 736 738 740 743 744 749 
750 755 758 760 761 762 769 783 786 788 790 791 
793 795 796 799 
234
1 2 10 11 12 15 20 21 23 28 30 31 
35 36 37 38 39 40 45 46 50 53 57 58 
60 61 62 64 66 72 78 82 84 85 88 90 
96 97 98 99 104 108 110 112 116 117 124 126 
127 129 133 134 141 147 148 153 154 162 171 172 
177 189 196 197 198 199 200 215 216 219 224 225 
227 230 232 237 238 245 246 249 258 259 264 277 
281 288 292 295 299 300 303 317 323 324 326 330 
333 334 336 341 344 352 354 358 360 362 363 364 
366 369 372 385 387 389 393 394 397 399 400 407 
413 415 420 421 425 429 432 438 440 449 452 454 
464 469 477 478 479 482 483 485 494 496 497 501 
515 516 517 521 525 531 532 533 534 537 538 539 
552 553 554 556 562 564 567 571 577 580 581 582 
584 586 587 593 596 597 599 600 604 610 615 617 
618 619 632 636 637 639 647 649 654 655 656 657 
660 661 666 671 675 677 678 683 685 686 688 689 
692 693 697 699 700 702 703 706 709 718 728 734 
737 742 743 745 748 752 753 759 763 769 773 774 
786 788 789 790 795 799 
237
2 7 14 18 20 24 31 33 36 38 44 46 
48 51 54 55 58 59 62 63 64 70 71 73 
74 77 79 82 83 87 92 98 100 103 109 110 
112 119 122 125 126 127 141 146 149 155 157 161 
162 164 166 170 172 173 180 182 187 188 189 194 
195 198 201 214 228 230 231 236 237 242 252 258 
261 263 268 274 276 278 283 284 286 292 295 300 
305 308 309 311 317 321 322 323 324 327 332 333 
345 348 350 351 352 355 363 364 365 367 368 371 
373 376 383 384 385 386 388 389 392 393 394 398 
401 414 419 420 427 428 431 434 435 436 437 440 
441 442 443 446 447 450 455 457 462 466 472 477 
479 480 484 493 497 499 500 503 504 509 510 516 
518 519 520 523 535 537 546 550 552 562 565 568 
569 573 575 576 582 584 586 587 598 601 605 606 
607 609 611 612 625 629 631 632 633 634 637 641 
648 651 652 654 660 662 665 666 667 672 673 674 
676 677 678 679 682 684 686 687 693 696 703 706 
707 718 732 734 737 740 745 752 754 758 762 763 
767 769 774 776 785 788 789 796 799 
248
1 8 12 17 18 19 26 27 28 31 35 37 
38 39 42 48 49 51 55 56 57 59 62 63 
79 80 84 89 90 92 95 96 98 102 103 115 
116 117 127 129 133 135 136 140 143 144 146 147 
148 150 161 163 169 173 176 178 181 185 186 187 
190 191 193 195 197 200 205 214 215 217 218 222 
224 227 229 231 234 235 237 238 239 245 253 255 
259 260 262 263 274 275 282 286 287 291 294 298 
301 305 307 311 316 323 329 337 338 340 343 346 
353 354 361 362 377 380 388 391 393 395 398 400 
403 404 410 412 414 415 416 425 427 429 438 440 
441 443 449 452 453 455 457 461 463 470 471 476 
482 486 492 495 497 498 501 504 505 507 509 512 
514 515 518 519 527 529 532 534 536 540 541 544 
547 553 555 556 564 566 581 586 587 591 594 595 
599 600 602 606 607 609 610 612 614 617 618 626 
627 629 631 633 636 637 640 641 643 644 645 647 
649 651 654 664 668 673 680 686 687 688 691 692 
697 699 702 714 715 716 721 724 732 739 745 746 
747 748 749 750 751 756 759 763 764 765 767 770 
772 773 775 779 782 783 785 788 
243
9 10 13 17 20 24 27 31 35 42 50 51 
52 60 66 70 71 74 75 76 77 80 84 90 
92 94 96 98 103 109 110 116 117 119 128 129 
130 131 134 136 138 140 159 160 162 164 165 167 
178 182 184 186 193 196 201 206 210 212 213 217 
220 223 228 235 239 240 244 247 248 250 253 254 
257 259 264 266 270 272 273 279 283 284 286 287 
294 303 308 310 313 318 320 326 328 330 333 335 
337 339 341 342 344 347 351 354 358 360 362 371 
372 373 375 376 379 381 383 385 391 397 399 400 
405 407 410 420 423 427 428 431 433 435 444 451 
453 459 461 462 464 465 466 469 472 473 476 481 
487 490 491 492 493 497 502 503 506 509 510 518 
519 523 525 530 532 535 538 543 544 545 547 548 
551 552 556 558 560 562 563 564 586 588 589 591 
596 597 602 605 610 613 619 622 625 634 635 636 
638 640 649 652 654 655 656 660 668 669 671 672 
676 677 680 682 686 690 691 692 693 694 695 706 
707 716 718 723 725 727 730 733 735 737 739 749 
750 751 755 759 762 765 768 769 770 776 777 783 
788 793 796 
215
3 4 8 10 13 21 23 26 27 31 34 35 
39 42 46 49 50 53 58 60 64 70 71 73 
88 94 99 101 104 112 115 116 120 122 129 133 
134 139 144 146 151 153 154 159 164 165 168 170 
178 182 183 186 188 191 192 195 205 206 209 212 
215 216 217 219 224 228 238 240 243 249 250 259 
260 263 266 276 279 285 288 290 291 296 310 315 
318 323 324 325 336 337 341 342 346 347 349 354 
355 362 364 374 378 383 385 388 391 393 398 405 
409 411 412 413 414 416 421 428 431 435 442 447 
451 452 453 459 460 468 470 471 474 482 486 489 
490 491 492 497 502 505 506 508 512 516 523 524 
525 528 532 541 548 555 561 562 567 568 571 574 
577 580 582 586 591 601 606 607 609 610 614 618 
624 631 635 639 640 641 645 651 661 663 670 673 
681 683 686 690 696 701 707 708 714 716 718 721 
726 729 730 736 742 744 749 755 760 764 765 769 
771 774 779 781 782 786 789 793 795 798 800 
232
4 5 7 8 11 13 14 15 16 18 27 28 
29 39 44 51 53 54 57 58 63 66 67 70 
75 76 77 82 83 86 87 90 97 99 103 118 
120 121 127 132 143 148 152 157 160 165 166 179 
181 189 193 195 196 199 200 201 202 210 211 212 
213 214 217 219 221 230 234 240 245 246 253 256 
262 263 264 267 268 270 274 278 279 282 285 286 
290 301 302 304 305 307 308 309 312 313 315 327 
329 331 334 342 343 344 347 363 365 369 374 376 
381 383 385 393 394 396 405 412 417 421 422 424 
427 428 431 432 433 439 441 445 454 456 459 460 
461 463 464 470 471 474 475 478 483 489 495 500 
502 506 509 511 515 519 523 525 526 529 532 533 
534 536 542 543 544 545 547 548 549 550 553 557 
558 562 564 565 566 576 577 581 586 612 622 625 
626 627 634 640 641 644 651 652 656 658 659 663 
667 674 676 679 681 683 685 689 691 696 699 706 
708 709 712 713 716 718 721 725 728 729 731 732 
740 741 750 754 756 762 765 774 779 781 785 788 
790 796 797 800 
259
18 23 24 34 35 36 39 41 42 46 54 60 
61 62 69 70 71 75 76 77 78 81 82 85 
86 93 99 101 104 108 115 123 127 130 131 132 
133 138 139 140 142 149 157 162 171 173 176 177 
180 184 185 190 202 205 209 211 215 216 217 221 
225 231 235 237 238 243 249 252 254 256 262 265 
266 267 270 276 277 280 285 287 293 294 299 304 
306 316 317 319 320 321 323 326 328 329 330 333 
342 343 348 350 351 354 355 358 359 360 364 365 
366 368 371 372 374 376 377 378 379 380 381 383 
384 385 386 389 390 392 395 398 401 405 406 415 
418 423 424 425 428 432 445 448 453 457 460 467 
469 472 476 479 481 487 489 492 493 494 498 508 
509 511 516 517 518 519 527 532 533 534 536 539 
545 548 561 562 568 572 575 579 580 581 582 585 
587 588 589 590 592 593 594 596 597 598 599 602 
605 610 611 614 616 618 625 626 627 628 629 633 
634 636 638 640 641 643 646 647 648 651 653 655 
656 657 659 660 675 677 684 688 695 696 697 702 
703 705 709 710 714 717 718 719 723 724 725 727 
740 744 745 753 757 760 761 767 772 776 777 780 
783 784 785 790 794 795 796 
224
3 4 6 9 10 11 17 25 26 28 30 36 
39 40 48 50 51 57 60 62 64 65 66 77 
78 79 82 83 91 95 105 108 114 115 128 129 
131 132 138 139 144 146 149 151 153 154 156 157 
161 162 167 172 175 185 186 188 189 191 192 195 
201 205 207 209 212 213 227 228 229 231 233 237 
243 247 250 251 254 258 260 263 264 269 271 274 
280 284 288 292 296 306 310 314 317 319 320 321 
322 323 327 328 329 330 332 334 336 341 346 347 
348 349 352 356 362 367 372 373 375 376 379 381 
382 384 390 391 393 396 398 400 402 406 412 413 
415 416 418 419 425 435 437 440 445 448 449 450 
451 454 456 461 462 476 477 490 492 509 517 524 
526 535 536 539 543 544 549 554 555 559 562 563 
565 571 585 592 594 600 612 616 619 620 621 622 
623 624 627 632 633 637 645 651 653 655 660 662 
664 665 666 675 677 679 685 692 694 700 701 705 
706 707 714 725 727 729 730 732 742 746 749 753 
763 766 770 772 776 778 782 794 
242
1 3 10 28 29 31 34 37 38 43 44 45 
47 49 52 53 54 63 67 69 70 71 74 77 
79 82 84 91 95 98 107 108 109 115 116 120 
139 142 144 146 147 149 151 155 159 161 162 164 
172 176 180 181 188 189 191 197 199 202 204 210 
212 216 220 227 228 229 230 231 236 241 252 253 
258 262 271 275 276 278 281 284 285 287 288 290 
291 292 294 296 305 313 314 315 316 317 318 322 
323 325 329 336 338 340 347 349 352 354 359 360 
361 365 369 370 372 377 382 383 386 387 391 393 
394 397 401 405 407 408 416 421 422 425 426 427 
434 435 438 451 452 462 463 467 468 469 472 473 
481 488 490 493 494 500 504 506 507 508 518 522 
528 530 536 543 547 548 550 551 555 558 560 561 
566 572 574 575 580 586 587 591 592 598 607 610 
613 616 621 624 627 631 632 633 635 636 639 641 
642 644 646 649 654 657 659 662 665 669 678 679 
680 681 682 686 688 690 691 692 695 697 698 700 
703 704 712 714 722 728 731 735 740 742 743 745 
746 749 756 757 759 764 765 768 771 774 780 781 
790 792 
229
2 5 9 12 14 17 19 24 27 28 35 38 
39 44 53 58 66 70 71 72 80 84 86 96 
105 106 109 110 113 116 117 121 125 131 132 138 
147 151 154 157 158 162 166 171 176 178 181 184 
187 192 194 197 199 203 208 210 212 219 224 227 
228 229 235 240 247 251 256 257 258 260 263 264 
270 272 273 278 280 285 288 294 295 305 306 311 
315 324 328 335 336 337 340 342 345 348 349 356 
357 358 361 362 364 365 366 369 377 390 391 396 
403 408 409 414 418 419 422 424 426 428 430 432 
433 434 435 437 444 447 451 452 454 457 460 463 
467 471 472 473 479 485 487 489 492 494 497 498 
505 508 512 517 519 520 525 528 545 549 551 555 
556 558 563 568 570 575 576 580 581 591 597 600 
602 605 611 617 622 635 639 643 647 652 656 661 
662 663 666 667 673 675 676 677 683 686 687 690 
697 698 700 701 702 706 707 715 719 721 729 730 
732 733 735 737 741 746 749 751 754 755 757 758 
760 763 764 768 769 770 774 775 777 779 784 792 
798 
250
2 4 9 11 12 14 16 17 18 24 25 26 
30 31 34 35 36 38 50 51 52 55 60 64 
67 79 85 87 92 98 108 112 117 122 124 126 
135 137 139 144 146 151 155 161 164 167 174 180 
181 185 186 191 196 197 199 204 217 221 222 229 
230 231 233 236 237 241 249 250 251 255 256 257 
258 259 262 265 267 271 273 278 280 282 288 290 
291 292 295 297 301 302 306 309 310 314 317 318 
322 323 328 330 333 334 337 345 347 350 352 362 
363 366 369 371 372 375 377 378 379 380 383 386 
389 390 402 405 410 412 413 414 417 420 423 425 
427 430 437 438 439 440 442 447 448 449 450 451 
454 455 457 462 465 472 477 479 485 489 494 495 
502 504 509 510 511 512 513 516 518 521 524 526 
533 544 549 551 553 559 563 570 572 575 576 582 
584 585 587 588 589 607 608 609 613 614 615 619 
620 624 629 641 643 646 654 663 664 665 668 670 
671 677 678 679 681 683 688 691 692 696 697 698 
700 701 702 703 704 705 706 711 713 715 716 718 
725 729 731 732 733 743 746 751 754 757 765 769 
771 772 781 783 787 789 790 792 794 795 
249
1 2 7 12 19 24 29 32 33 38 43 45 
48 49 53 54 55 60 65 66 67 72 77 78 
87 93 94 100 101 103 104 105 115 119 120 129 
130 131 134 135 136 137 141 142 143 146 153 155 
157 159 162 175 181 185 186 188 189 191 196 197 
201 207 208 209 210 213 216 218 223 226 228 245 
251 253 254 256 258 259 260 262 268 269 282 283 
285 291 294 297 300 301 304 314 317 324 329 332 
334 342 343 344 350 351 353 354 356 357 360 364 
366 378 380 384 386 387 393 398 399 411 412 417 
418 421 425 426 435 437 439 445 449 453 456 460 
462 464 467 470 474 478 479 485 489 492 496 498 
502 503 504 506 507 510 512 522 527 530 531 532 
536 537 539 540 544 545 549 551 554 555 556 559 
564 566 572 574 575 585 586 588 589 593 594 597 
609 610 612 614 616 617 618 619 620 628 629 632 
637 640 644 647 658 661 669 671 672 680 684 685 
688 693 698 699 700 701 704 705 707 710 712 713 
714 716 718 719 721 722 723 729 732 734 738 739 
740 741 744 746 747 749 752 754 756 757 759 760 
764 769 770 771 775 782 785 795 797 
212
1 2 3 4 5 6 10 16 22 23 24 25 
28 32 43 48 49 57 59 66 67 74 85 87 
88 92 94 103 105 106 108 112 114 128 136 137 
139 151 155 160 166 173 174 181 187 194 196 207 
208 212 226 232 238 244 248 249 252 253 254 259 
260 261 262 270 275 279 284 285 288 289 290 291 
294 297 300 303 305 308 310 314 316 317 319 325 
328 330 331 332 333 342 346 348 356 357 362 370 
375 379 383 400 412 414 416 427 429 430 431 432 
433 435 439 445 452 455 456 461 468 470 471 477 
480 485 486 487 490 493 496 504 506 508 513 515 
518 519 524 537 538 545 548 550 551 554 557 559 
561 562 563 566 570 572 575 576 580 586 588 595 
597 599 601 606 609 610 621 622 623 624 630 631 
633 637 640 648 650 658 660 664 665 667 672 683 
685 688 689 693 694 695 697 700 701 702 703 713 
724 727 732 734 736 738 741 752 753 757 761 766 
767 778 785 787 790 791 794 795 
246
11 12 26 29 30 31 35 41 42 44 56 57 
58 66 75 76 77 80 81 82 85 86 87 89 
95 98 99 101 104 105 117 120 121 122 123 125 
126 128 133 136 137 139 140 143 144 145 148 153 
156 159 160 161 162 168 180 181 185 186 189 191 
196 198 199 202 209 214 215 216 219 220 221 224 
226 227 233 234 236 238 241 246 257 262 264 266 
267 269 270 274 276 278 279 290 295 297 299 302 
303 304 308 309 311 313 314 320 323 326 329 333 
334 335 336 338 341 342 343 345 347 348 350 352 
356 359 362 365 366 368 377 378 379 384 389 400 
411 412 413 414 417 422 427 433 436 439 441 442 
445 453 460 469 470 475 477 479 482 484 488 490 
491 492 494 499 502 510 518 520 526 532 535 536 
537 540 544 546 556 557 558 559 561 565 568 570 
577 581 583 584 587 589 605 606 607 609 618 626 
627 630 631 633 635 638 649 651 653 654 655 657 
659 669 671 672 676 679 681 688 690 695 700 702 
704 706 707 715 730 731 732 734 736 738 739 741 
750 751 752 755 757 762 765 767 768 778 780 782 
783 784 793 794 799 800 
246
2 3 5 9 11 14 16 18 19 20 23 24 
25 27 33 37 38 50 51 65 71 80 81 82 
83 84 85 86 89 94 99 100 105 107 110 117 
118 119 120 123 127 128 129 130 137 139 141 143 
144 149 161 165 169 175 179 182 183 186 187 190 
193 194 199 200 202 204 205 215 221 228 230 232 
233 243 254 263 268 270 272 273 277 278 287 293 
294 296 297 298 300 306 311 313 314 317 321 322 
323 326 330 332 335 338 341 342 343 346 355 359 
362 363 364 368 372 373 374 375 378 379 380 388 
401 404 405 406 407 411 412 425 428 430 432 433 
434 442 446 450 451 454 458 465 467 471 477 478 
482 483 484 485 486 491 493 494 495 496 497 498 
499 506 507 516 517 518 520 523 526 529 530 533 
534 539 543 545 550 555 557 560 563 564 572 576 
580 587 589 590 592 594 596 597 598 600 601 603 
604 610 614 620 622 629 631 635 642 643 644 646 
652 653 654 659 661 668 671 673 675 676 677 683 
685 694 695 697 698 699 711 717 723 725 731 736 
750 753 754 758 759 760 761 763 764 766 768 769 
771 778 784 786 797 800 
252
3 4 12 14 17 25 27 28 31 36 39 45 
49 50 55 56 57 60 61 62 63 65 70 71 
72 89 90 92 94 105 106 107 108 113 117 119 
121 122 126 128 129 137 138 145 146 153 154 156 
158 159 160 163 172 176 180 186 189 193 198 201 
203 208 216 220 221 227 229 230 231 232 233 235 
237 238 239 240 242 248 256 273 277 279 284 286 
287 290 293 294 295 297 300 303 304 305 311 312 
314 318 324 326 329 330 338 342 344 347 362 363 
364 366 367 369 370 374 377 386 389 391 395 398 
404 405 406 407 410 412 421 422 423 425 429 431 
432 434 436 439 445 455 456 457 460 461 463 470 
471 472 475 476 477 486 492 494 501 503 504 508 
510 514 517 518 519 520 523 526 532 536 537 540 
541 555 557 560 561 562 566 567 568 581 584 585 
590 593 597 603 605 608 610 611 612 615 617 619 
621 622 627 628 631 635 637 640 644 645 648 652 
657 668 670 671 673 678 680 683 684 687 692 695 
696 704 705 707 714 717 722 723 729 730 734 735 
736 741 742 744 752 755 758 764 765 766 768 774 
776 780 782 785 786 787 788 789 790 791 792 800 
254
2 3 4 5 16 17 19 20 23 24 26 31 
40 46 49 50 56 58 59 65 69 73 78 80 
82 84 87 89 91 95 96 99 104 105 113 114 
116 117 125 127 131 133 136 143 146 149 150 151 
154 155 160 163 164 172 175 177 180 181 182 183 
187 188 189 192 193 195 199 200 205 209 213 218 
220 223 224 228 230 232 237 238 239 241 247 248 
253 257 261 266 271 272 273 287 288 290 293 296 
299 300 306 307 316 317 321 323 324 325 326 328 
332 333 339 346 348 354 355 365 368 371 373 378 
379 381 385 390 392 395 401 402 405 408 411 413 
414 420 426 428 434 448 450 452 453 456 459 461 
467 469 470 475 476 478 480 484 485 486 487 491 
492 499 500 503 504 505 506 507 514 517 521 522 
524 530 533 535 536 540 542 545 549 551 552 554 
558 563 579 591 594 595 596 598 601 608 609 612 
619 621 626 627 628 629 632 635 638 639 645 649 
650 653 660 662 664 670 671 674 676 678 682 687 
692 700 704 705 708 709 712 717 718 719 720 723 
725 731 732 733 735 747 750 752 755 756 758 763 
764 765 770 772 774 779 782 783 786 788 790 792 
796 798 
244
2 3 8 11 14 18 25 29 31 32 39 40 
44 45 51 52 57 58 59 60 62 66 77 79 
85 97 102 106 113 116 119 123 128 129 131 132 
133 134 135 136 145 150 151 154 155 163 168 171 
178 181 183 189 194 195 198 204 207 208 209 210 
214 217 221 226 229 230 233 234 235 237 241 245 
246 247 248 249 253 254 257 258 265 268 269 273 
277 284 289 290 292 293 294 296 300 301 302 306 
309 312 320 324 326 327 328 330 332 344 345 346 
350 358 360 362 364 365 368 377 381 382 383 385 
386 388 393 402 403 412 413 414 419 421 423 427 
432 433 441 444 446 450 453 454 455 465 470 473 
475 476 481 482 483 484 486 489 492 501 502 507 
509 518 521 522 524 529 531 533 534 537 538 539 
540 541 542 543 549 550 551 552 556 560 561 563 
572 574 579 582 584 586 587 588 590 591 600 601 
602 605 615 620 626 630 633 634 638 646 648 651 
653 661 666 670 673 674 677 679 681 684 686 687 
688 696 703 708 713 718 719 721 725 727 729 731 
732 738 743 745 746 749 751 757 762 766 775 778 
783 784 790 800 
237
3 8 9 14 16 18 25 26 31 32 35 39 
48 50 51 54 55 59 70 77 91 101 103 105 
107 114 117 124 126 131 135 136 138 139 140 142 
143 146 155 158 166 167 170 171 174 176 181 183 
184 188 201 204 208 209 213 214 221 227 232 233 
237 241 242 243 246 248 249 251 253 254 256 259 
261 263 264 265 266 272 273 274 277 279 282 287 
296 298 300 305 306 308 309 312 314 315 319 322 
324 325 331 332 335 337 341 346 351 352 353 354 
357 363 365 370 371 372 385 386 387 389 394 396 
399 400 401 408 409 410 413 416 420 422 426 431 
433 434 438 444 446 449 450 451 455 457 462 464 
465 467 470 471 474 480 481 484 486 490 493 496 
498 502 511 513 516 518 526 531 532 534 535 542 
550 552 554 555 557 560 568 574 578 589 593 594 
595 597 599 604 608 609 610 612 614 619 622 629 
631 632 634 635 638 639 642 646 648 658 665 668 
671 676 677 684 694 696 700 705 706 707 712 717 
719 722 727 728 731 733 736 737 738 742 750 755 
757 765 768 769 770 775 776 780 783 
249
2 3 5 8 9 11 13 18 19 20 21 24 
30 33 35 40 41 42 69 71 72 73 78 84 
91 92 102 107 109 112 113 116 118 119 120 121 
124 128 133 134 138 139 142 145 146 149 152 153 
154 157 158 160 162 163 167 168 169 173 179 185 
186 193 196 197 199 200 202 207 209 210 213 215 
222 226 233 235 236 246 253 255 259 266 269 271 
273 274 275 279 280 282 283 285 291 293 299 303 
321 322 329 330 332 333 335 337 339 340 348 355 
359 361 362 364 367 372 375 380 381 384 388 392 
396 398 399 402 404 405 406 412 415 418 422 424 
427 431 438 441 445 446 452 454 456 459 466 469 
471 472 480 481 483 493 497 503 506 508 510 512 
513 515 517 522 524 526 529 530 537 540 544 546 
550 551 552 554 557 565 568 574 578 581 588 594 
596 598 600 610 613 618 619 621 623 625 631 633 
635 638 640 641 645 648 654 655 656 660 667 668 
670 672 676 678 684 689 690 691 693 695 696 697 
705 706 709 714 715 718 722 726 727 728 734 735 
739 742 747 748 750 751 753 754 762 766 772 775 
777 779 786 790 794 795 797 799 800 
235
1 4 5 15 17 19 29 30 34 37 38 42 
43 46 47 53 56 63 68 70 72 75 77 84 
86 88 92 93 94 96 98 101 102 104 106 108 
112 118 123 127 128 129 130 135 136 138 142 143 
152 160 161 162 166 174 178 189 194 196 198 201 
209 210 224 226 232 233 234 238 246 250 252 253 
258 260 262 265 266 267 269 273 278 280 284 286 
287 293 302 306 310 311 312 314 318 319 322 324 
336 338 341 342 345 346 355 357 361 362 365 368 
369 371 372 377 378 379 380 387 388 390 395 397 
399 400 407 413 414 415 417 419 422 426 430 431 
436 438 440 453 454 455 457 459 463 464 467 469 
475 476 478 482 483 496 498 505 506 509 512 516 
518 521 522 523 526 530 531 535 536 538 543 544 
548 551 562 570 580 581 589 592 596 598 601 604 
605 606 608 609 611 618 620 623 630 631 642 652 
653 658 659 664 665 667 668 669 674 679 680 687 
689 690 691 697 702 703 707 712 713 718 721 725 
732 733 734 736 750 754 758 762 769 771 772 773 
777 779 782 784 789 790 795 
258
5 6 7 8 10 14 17 21 23 28 31 33 
36 37 41 49 51 52 53 55 60 61 62 64 
69 72 73 76 77 80 82 84 85 89 96 98 
101 102 109 112 119 122 124 125 127 130 131 134 
135 141 143 145 150 151 152 153 155 157 165 169 
170 176 177 182 184 191 192 194 200 201 203 204 
206 207 208 213 215 218 223 226 232 238 239 241 
244 246 249 253 254 255 258 263 265 270 272 277 
278 279 284 286 287 291 295 298 301 304 308 309 
311 316 317 318 320 325 328 329 330 332 333 334 
335 339 352 353 359 360 364 365 370 371 374 377 
380 383 385 386 387 394 395 396 397 400 405 407 
412 415 416 419 427 429 433 434 435 437 438 439 
445 446 449 450 456 470 471 473 475 476 480 490 
495 497 507 508 515 517 521 523 524 525 529 538 
540 542 543 545 546 552 553 555 560 563 564 571 
575 583 587 592 605 606 611 616 623 625 627 634 
635 636 638 640 641 643 648 650 654 661 662 671 
679 682 683 685 691 692 693 696 697 700 701 704 
707 708 709 712 715 727 729 735 738 740 742 743 
744 746 748 760 763 764 765 775 782 785 787 788 
789 790 795 796 798 800 
256
2 6 7 13 14 15 17 19 21 22 23 25 
28 29 31 32 33 35 38 40 42 46 48 49 
58 59 60 66 67 68 69 70 71 78 80 88 
89 93 96 99 100 103 106 110 115 117 118 121 
128 129 130 140 142 144 150 152 157 160 162 163 
166 168 173 175 176 182 183 184 185 191 195 196 
198 200 203 206 212 216 223 229 231 232 236 237 
238 239 241 244 251 255 260 264 269 273 277 279 
284 286 289 290 296 297 301 303 304 306 310 312 
314 315 316 322 325 328 329 340 341 345 350 353 
354 359 363 367 383 391 393 394 396 398 400 401 
407 408 410 412 414 416 419 420 421 423 424 425 
432 434 436 438 443 444 446 447 449 451 457 458 
461 462 463 466 472 474 475 476 479 480 483 497 
498 500 502 505 506 512 515 517 519 520 521 523 
525 530 532 533 537 538 544 547 550 555 560 569 
570 571 572 573 578 579 580 581 584 586 588 598 
599 602 605 616 621 624 629 631 635 639 641 647 
650 653 655 656 657 666 667 668 680 681 683 684 
685 699 703 704 705 709 714 715 724 727 734 735 
738 739 746 752 759 760 761 772 773 775 777 781 
793 795 796 797 
249
2 5 8 9 11 16 18 19 20 27 28 29 
35 36 38 39 44 45 46 48 50 51 52 54 
56 57 60 61 64 66 70 77 79 83 85 89 
90 91 96 97 99 101 111 112 114 117 118 127 
128 134 135 136 138 146 148 152 153 154 157 162 
164 165 166 168 171 177 180 181 185 187 191 196 
197 200 213 220 221 227 233 240 247 253 255 258 
259 262 263 264 265 271 273 274 277 280 281 283 
284 291 294 297 300 301 305 306 312 313 315 317 
321 324 325 340 341 344 346 347 349 359 360 365 
370 380 383 393 401 403 405 409 410 418 419 421 
426 427 435 436 440 449 451 454 456 459 463 468 
470 475 478 480 481 482 486 491 492 496 502 506 
507 511 514 521 524 526 529 544 546 548 553 554 
555 563 566 568 575 580 585 586 589 594 595 609 
612 613 618 623 626 627 628 631 636 638 640 641 
643 646 653 660 665 666 672 674 677 678 681 686 
687 688 694 695 701 704 705 708 709 710 713 714 
717 718 720 726 728 730 736 738 745 746 747 748 
751 756 758 759 760 762 766 767 771 772 778 780 
784 786 787 788 789 790 792 796 799 
236
1 2 4 5 7 22 34 37 48 52 55 57 
58 61 70 72 74 75 77 80 83 84 86 88 
91 92 94 95 96 97 101 105 108 110 112 113 
118 121 123 125 127 132 138 139 140 142 144 146 
147 149 151 152 156 157 160 162 166 169 170 175 
179 182 193 196 198 199 200 202 208 210 213 214 
219 220 226 227 232 233 241 246 247 250 252 254 
257 258 260 263 272 273 280 288 305 306 307 308 
310 312 315 322 327 333 337 342 346 352 356 360 
362 363 364 365 366 367 381 388 390 393 402 405 
406 411 414 415 416 420 422 425 430 431 433 434 
438 440 443 444 446 447 448 450 451 453 459 462 
466 475 476 477 479 480 487 488 496 500 501 507 
508 510 511 515 517 518 522 524 526 530 533 535 
537 538 544 550 553 554 558 562 577 581 587 588 
596 601 604 613 616 617 620 629 630 634 639 649 
652 655 656 657 665 667 669 672 673 675 678 679 
680 684 686 687 690 692 702 703 705 707 710 713 
718 720 722 728 733 734 744 748 760 761 766 771 
772 774 775 780 781 782 789 798 
