200 800
1 1 1 1 1 1 1 1 1 1 1 1 
1 1 1 1 1 1 1 1 1 1 1 1 
1 1 1 1 1 1 1 1 1 1 1 1 
1 1 1 1 1 1 1 1 1 1 1 1 
1 1 1 1 1 1 1 1 1 1 1 1 
1 1 1 1 1 1 1 1 1 1 1 1 
1 1 1 1 1 1 1 1 1 1 1 1 
1 1 1 1 1 1 1 1 1 1 1 1 
1 1 1 1 1 1 1 1 1 1 1 1 
1 1 1 1 1 1 1 1 1 1 1 1 
1 1 1 1 1 1 1 1 1 1 1 1 
1 1 1 1 1 1 1 1 1 1 1 1 
1 1 1 1 1 1 1 1 1 1 1 1 
1 1 1 1 1 1 1 1 1 1 1 1 
1 1 1 1 1 1 1 1 1 1 1 1 
1 1 1 1 1 1 1 1 1 1 1 1 
1 1 1 1 1 1 1 1 1 1 1 1 
1 1 1 1 1 1 1 1 1 1 1 1 
1 1 1 1 1 1 1 1 1 1 1 1 
1 1 1 1 1 1 1 1 1 1 1 1 
1 1 1 1 1 1 1 1 1 1 1 1 
1 1 1 1 1 1 1 1 1 1 1 1 
1 1 1 1 1 1 1 1 1 1 1 1 
1 1 1 1 1 1 1 1 1 1 1 1 
1 1 1 1 1 1 1 1 1 1 1 1 
1 1 1 1 1 1 1 1 1 1 1 1 
1 1 1 1 1 1 1 1 1 1 1 1 
1 1 1 1 1 1 1 1 1 1 1 1 
1 1 1 1 1 1 1 1 1 1 1 1 
1 1 1 1 1 1 1 1 1 1 1 1 
1 1 1 1 1 1 1 1 1 1 1 1 
1 1 1 1 1 1 1 1 1 1 1 1 
1 1 1 1 1 1 1 1 1 1 1 1 
1 1 1 1 1 1 1 1 1 1 1 1 
1 1 1 1 1 1 1 1 1 1 1 1 
1 1 1 1 1 1 1 1 1 1 1 1 
1 1 1 1 1 1 1 1 1 1 1 1 
1 1 1 1 1 1 1 1 1 1 1 1 
1 1 1 1 1 1 1 1 1 1 1 1 
1 1 1 1 1 1 1 1 1 1 1 1 
1 1 1 1 1 1 1 1 1 1 1 1 
1 1 1 1 1 1 1 1 1 1 1 1 
1 1 1 1 1 1 1 1 1 1 1 1 
1 1 1 1 1 1 1 1 1 1 1 1 
1 1 1 1 1 1 1 1 1 1 1 1 
1 1 1 1 1 1 1 1 1 1 1 1 
1 1 1 1 1 1 1 1 1 1 1 1 
1 1 1 1 1 1 1 1 1 1 1 1 
1 1 1 1 1 1 1 1 1 1 1 1 
1 1 1 1 1 1 1 1 1 1 1 1 
1 1 1 1 1 1 1 1 1 1 1 1 
1 1 1 1 1 1 1 1 1 1 1 1 
1 1 1 1 1 1 1 1 1 1 1 1 
1 1 1 1 1 1 1 1 1 1 1 1 
1 1 1 1 1 1 1 1 1 1 1 1 
1 1 1 1 1 1 1 1 1 1 1 1 
1 1 1 1 1 1 1 1 1 1 1 1 
1 1 1 1 1 1 1 1 1 1 1 1 
1 1 1 1 1 1 1 1 1 1 1 1 
1 1 1 1 1 1 1 1 1 1 1 1 
1 1 1 1 1 1 1 1 1 1 1 1 
1 1 1 1 1 1 1 1 1 1 1 1 
1 1 1 1 1 1 1 1 1 1 1 1 
1 1 1 1 1 1 1 1 1 1 1 1 
1 1 1 1 1 1 1 1 1 1 1 1 
1 1 1 1 1 1 1 1 1 1 1 1 
1 1 1 1 1 1 1 1 
232
1 8 19 20 21 23 35 43 46 48 54 58 
59 66 68 70 72 73 77 87 90 92 95 98 
99 105 110 117 121 122 124 125 127 129 130 132 
133 134 141 142 154 155 158 162 163 165 166 169 
170 171 173 179 184 188 197 206 207 217 224 226 
228 231 232 234 236 237 240 241 243 249 251 253 
256 260 264 266 279 283 289 292 294 298 300 302 
303 306 313 314 321 326 327 328 329 330 331 334 
338 343 348 349 356 357 358 360 365 367 372 373 
374 375 386 387 388 390 393 394 398 405 410 411 
412 419 422 424 426 429 434 437 438 442 443 444 
446 451 453 455 466 471 474 476 477 480 481 482 
487 493 496 499 500 501 502 508 510 514 517 521 
522 526 531 540 542 543 545 548 553 556 558 560 
564 568 574 576 578 580 581 591 601 604 606 607 
609 622 633 638 645 646 647 648 649 654 655 661 
681 682 683 685 691 694 695 696 697 698 699 704 
712 717 719 731 732 738 743 744 745 746 749 750 
753 754 756 762 763 768 772 776 779 792 793 794 
796 797 798 799 
239
2 3 6 8 16 17 19 21 36 38 39 51 
53 55 67 68 70 74 76 79 81 83 84 86 
87 88 93 95 96 99 100 104 108 111 112 117 
118 120 121 125 130 141 142 147 148 151 153 157 
159 160 161 164 165 169 174 176 178 195 197 199 
200 204 207 208 209 211 213 218 223 224 228 230 
232 233 234 236 239 243 254 258 260 265 267 270 
275 277 279 283 285 286 288 289 291 301 304 305 
306 309 311 314 315 316 320 325 329 332 335 339 
340 342 343 348 350 357 359 364 372 374 383 389 
396 403 405 406 410 412 417 419 422 439 440 448 
450 453 454 457 460 471 472 473 481 484 486 487 
493 500 502 508 512 513 519 521 522 524 526 532 
535 536 537 541 550 551 553 555 560 562 564 576 
577 578 579 581 584 589 592 593 596 597 610 614 
617 619 622 626 629 640 643 644 647 650 660 661 
665 666 667 670 671 673 677 678 680 682 685 688 
693 700 701 703 708 710 711 713 715 717 719 720 
721 726 727 728 729 731 732 737 741 744 746 747 
748 752 753 754 757 762 767 772 777 780 792 
237
4 5 9 10 11 14 17 18 20 21 25 27 
28 31 33 38 40 43 45 59 61 64 71 83 
88 90 94 95 107 110 113 119 121 122 124 130 
131 132 138 144 148 149 151 153 154 159 161 163 
164 167 169 173 177 186 187 188 189 197 198 201 
203 205 207 212 214 219 222 228 236 238 241 243 
244 245 246 249 255 258 268 269 271 274 276 282 
284 290 298 301 306 307 308 314 315 321 322 324 
330 331 332 336 338 339 343 351 355 363 367 372 
373 378 390 392 397 398 403 410 415 416 417 418 
420 429 430 435 442 449 452 454 457 460 463 464 
473 476 478 479 481 484 486 487 488 489 492 493 
497 498 499 504 505 511 512 513 516 519 521 523 
527 533 535 536 541 544 551 560 562 563 564 567 
568 570 572 578 580 581 582 584 587 592 593 596 
597 599 600 604 605 615 616 620 623 626 627 633 
636 638 639 643 645 647 649 654 655 658 660 663 
667 669 670 677 681 683 688 689 690 691 696 697 
701 706 709 711 716 738 740 747 749 751 754 758 
763 767 769 777 784 786 789 795 798 
237
2 5 8 10 17 24 32 34 45 50 51 54 
55 58 63 66 69 70 72 74 76 79 81 84 
91 93 99 103 118 123 124 133 145 146 148 150 
151 153 158 160 161 162 164 165 167 169 170 171 
172 179 181 183 198 200 202 203 209 210 212 214 
217 218 219 220 223 225 226 227 228 229 232 236 
239 246 251 252 255 258 259 262 263 266 267 273 
275 277 282 298 301 306 317 318 319 324 327 336 
344 347 348 350 351 355 364 365 368 376 378 400 
401 404 407 413 415 419 428 438 441 443 446 447 
452 454 457 459 461 464 465 471 473 475 481 486 
487 494 495 496 498 499 503 504 507 516 522 523 
527 529 531 535 536 537 538 544 547 548 550 555 
556 559 561 567 569 570 574 580 581 583 584 586 
595 598 599 602 607 609 610 612 614 615 616 618 
628 635 636 640 642 643 646 647 649 650 653 658 
662 664 669 673 675 678 681 683 686 689 690 692 
693 696 699 700 706 707 708 709 710 715 717 721 
723 727 729 733 736 743 745 747 757 761 763 772 
774 782 783 785 789 790 791 794 795 
233
3 5 6 7 22 23 25 29 37 39 48 65 
69 73 75 77 79 88 90 94 96 98 99 104 
105 107 110 111 113 115 119 124 126 127 136 138 
139 141 142 146 149 151 153 155 156 159 161 166 
169 171 176 177 189 191 192 193 196 197 199 203 
209 210 212 213 215 220 223 224 226 228 232 233 
234 241 246 248 252 256 257 261 262 265 266 273 
274 276 277 281 286 292 293 299 307 310 312 314 
317 318 319 320 322 325 326 328 329 331 332 333 
336 337 342 345 356 370 372 375 377 379 380 383 
388 390 391 392 393 396 405 409 416 417 420 422 
424 434 437 440 442 445 448 455 459 465 470 476 
478 480 481 482 485 498 499 502 504 512 515 525 
526 531 534 535 537 538 539 542 543 544 545 546 
547 550 552 554 558 560 567 568 572 575 577 580 
583 584 588 593 594 596 600 606 608 611 622 623 
627 628 629 630 633 644 648 650 651 655 679 682 
686 687 690 697 703 710 711 713 717 723 724 731 
734 743 745 746 748 751 763 764 776 777 778 780 
789 790 797 799 800 
241
3 4 6 8 9 10 14 25 26 27 33 37 
41 44 45 50 51 56 57 59 62 64 67 68 
70 71 73 74 82 83 86 87 92 95 99 100 
101 102 104 107 111 113 120 121 123 124 132 134 
136 140 143 147 148 150 152 153 158 159 160 162 
163 164 170 172 173 175 179 180 181 182 183 190 
194 196 200 201 205 206 207 209 211 212 216 220 
221 234 235 238 241 247 248 249 252 262 267 272 
280 281 283 286 287 290 291 292 293 296 297 298 
301 308 311 312 313 318 321 325 326 330 333 336 
339 341 343 344 348 349 350 355 356 357 360 361 
375 380 385 386 387 391 396 403 408 409 419 422 
426 429 431 434 435 447 451 454 456 457 463 465 
469 471 472 473 474 477 479 483 484 485 490 498 
504 505 507 517 519 521 529 536 541 547 549 551 
554 557 560 565 567 568 574 583 588 592 594 599 
600 601 603 613 620 621 622 624 632 634 640 644 
649 653 658 661 663 669 676 685 687 692 694 695 
700 707 708 710 723 724 726 734 737 738 745 750 
753 755 756 762 765 766 767 773 775 777 791 792 
793 
231
4 5 13 17 18 23 25 27 29 30 31 32 
35 36 37 38 39 50 57 58 59 60 65 66 
69 72 80 87 91 93 94 98 107 108 113 114 
140 149 150 152 156 162 163 166 167 169 171 174 
181 182 187 193 194 202 206 212 213 219 221 222 
226 231 243 248 249 251 252 254 255 260 262 269 
272 273 277 280 292 293 295 300 301 303 310 315 
316 322 325 329 332 336 343 350 351 354 363 371 
377 382 385 386 387 388 391 402 406 410 417 418 
419 420 421 424 425 428 431 432 433 434 435 436 
437 438 439 442 444 445 453 455 463 464 465 470 
473 474 475 480 482 483 492 497 498 499 502 506 
507 508 515 519 524 528 530 536 537 545 546 547 
550 551 554 563 575 577 586 589 593 599 600 604 
608 609 625 626 627 633 641 644 645 650 654 659 
661 663 666 672 676 677 678 679 681 686 687 690 
691 692 693 697 704 706 707 709 710 711 713 715 
718 719 722 724 725 726 730 732 738 739 740 742 
747 763 766 767 768 770 773 775 778 781 789 790 
796 797 798 
249
4 7 13 16 17 24 28 36 39 43 54 55 
56 60 66 70 77 79 82 83 84 86 87 88 
93 94 96 97 100 105 107 110 114 117 119 123 
124 131 133 136 137 139 140 142 144 151 153 162 
165 168 175 182 183 184 185 188 190 191 193 200 
208 211 212 213 215 217 218 219 221 227 232 236 
237 241 242 244 266 270 271 275 277 280 283 290 
291 292 293 294 298 299 300 303 304 305 321 325 
336 339 340 341 344 346 348 349 350 353 355 356 
358 360 361 364 365 366 369 370 374 385 389 391 
393 397 401 403 405 406 414 430 431 436 437 446 
455 458 464 466 468 469 474 476 479 483 484 486 
490 491 492 493 498 499 501 502 507 512 514 515 
517 519 526 530 532 534 535 537 543 545 550 553 
554 560 562 566 567 569 570 574 575 578 579 581 
582 584 586 587 590 594 598 600 604 608 617 619 
625 629 634 639 641 642 648 654 655 658 659 662 
663 666 668 669 670 671 672 673 674 677 678 687 
690 709 714 719 720 725 727 730 731 732 734 735 
737 740 753 761 762 764 769 774 776 778 781 782 
783 785 790 791 792 794 796 798 800 
246
1 2 3 4 12 17 26 28 30 31 35 38 
41 44 46 51 53 56 58 64 66 68 69 70 
72 74 76 78 82 90 94 97 100 103 108 109 
113 117 125 128 134 136 137 142 145 149 153 155 
159 160 162 175 177 178 182 189 190 197 198 199 
204 207 209 211 217 219 223 225 230 234 238 239 
240 243 244 245 250 256 261 262 270 277 281 290 
291 293 302 305 306 309 312 320 328 330 339 340 
342 346 364 368 370 372 375 378 379 380 386 388 
392 394 396 397 401 402 404 405 407 408 415 417 
418 420 422 423 424 426 431 432 438 439 441 445 
446 447 451 454 456 458 459 460 463 464 465 468 
469 471 477 479 480 485 488 489 492 495 499 502 
503 505 506 507 508 510 513 519 526 527 528 529 
530 531 538 539 540 541 542 547 549 550 556 560 
584 591 592 597 599 600 601 602 604 605 606 608 
609 610 611 620 626 627 629 639 643 647 648 649 
658 659 661 665 666 667 668 669 671 674 676 677 
678 682 686 687 691 693 698 703 706 708 709 714 
721 722 731 744 748 749 756 762 769 771 772 774 
777 779 783 787 790 795 
256
3 10 11 13 17 18 24 27 29 32 34 42 
45 48 51 52 54 56 58 61 67 70 71 75 
77 78 80 81 84 85 86 87 88 91 92 96 
97 98 100 103 105 106 107 112 114 117 120 121 
122 123 126 131 136 138 139 143 144 148 151 152 
155 160 165 171 172 173 174 181 182 186 189 190 
191 194 199 200 201 204 205 211 213 215 224 228 
229 230 233 236 242 244 246 247 251 252 254 256 
259 262 264 266 270 272 276 279 281 282 285 290 
294 296 298 303 308 314 317 318 324 327 328 329 
332 337 338 339 340 346 347 364 367 371 381 383 
387 388 393 398 407 408 415 416 418 419 422 423 
424 425 428 429 433 434 435 439 440 442 443 447 
457 465 466 471 479 481 483 492 495 500 504 505 
506 508 510 516 520 522 525 526 528 533 537 538 
539 541 543 544 547 555 556 559 562 564 567 570 
572 582 585 587 592 594 597 600 601 602 603 604 
606 610 612 623 634 638 639 640 641 644 646 649 
650 652 657 659 668 676 679 680 681 686 691 695 
699 704 707 711 716 719 722 723 727 728 729 732 
742 745 750 767 773 774 775 776 778 782 784 786 
790 792 795 796 
234
3 5 8 10 11 12 13 14 15 16 17 18 
21 39 40 45 46 47 48 50 55 56 57 61 
65 68 83 85 95 99 100 103 112 120 121 124 
134 139 141 144 145 148 152 154 167 168 172 174 
178 180 184 185 189 190 196 197 198 202 203 204 
209 210 213 214 219 224 226 227 237 240 247 248 
250 251 260 266 267 269 270 273 280 282 283 298 
301 302 303 308 311 312 313 315 316 319 320 323 
325 330 332 335 339 344 348 349 352 353 357 358 
359 360 361 379 381 382 387 391 392 395 396 403 
404 410 415 430 431 434 439 440 441 443 446 453 
456 457 458 462 465 466 470 471 473 479 484 485 
486 493 496 498 499 504 505 506 509 534 539 540 
542 551 552 558 560 563 565 569 574 578 579 580 
587 588 590 592 594 597 598 599 600 601 603 605 
614 617 618 622 628 629 635 638 640 643 644 649 
654 655 658 660 663 664 665 666 672 676 679 687 
688 691 692 695 706 713 718 719 722 728 729 731 
737 740 741 745 746 748 752 753 755 761 765 767 
771 780 786 787 791 797 
255
1 4 9 14 24 29 31 37 41 42 48 49 
50 59 60 61 63 67 76 78 80 81 82 91 
92 93 98 101 106 107 111 112 114 116 120 122 
124 125 126 131 133 134 135 136 140 141 145 147 
154 162 164 165 166 167 170 176 180 182 183 184 
185 186 189 190 193 194 196 200 201 202 208 211 
219 220 222 223 228 230 234 237 249 257 258 259 
261 265 266 267 271 276 278 279 283 284 289 291 
292 293 294 299 301 302 304 308 314 315 316 317 
318 323 327 328 334 338 341 343 345 348 349 356 
361 363 364 367 368 370 375 381 384 387 389 390 
394 396 404 405 407 408 409 410 412 413 415 417 
422 426 427 433 436 449 455 456 457 460 470 472 
474 476 477 488 490 495 499 500 509 510 516 518 
519 520 521 522 523 525 526 527 529 530 531 541 
549 550 551 552 553 555 557 558 566 568 576 582 
583 588 589 592 594 595 598 600 601 607 612 616 
619 621 623 627 628 632 635 636 645 648 651 652 
656 658 663 664 666 670 673 684 687 688 690 701 
703 706 709 716 732 739 741 751 752 754 755 759 
763 765 766 770 776 777 778 781 784 786 787 790 
792 793 798 
274
2 8 9 11 12 14 16 24 27 37 40 44 
45 48 50 51 52 53 54 55 56 67 77 79 
82 83 90 91 95 96 98 102 103 104 105 106 
107 112 113 115 116 118 129 133 135 136 137 140 
143 145 146 147 152 156 157 160 164 165 172 173 
177 178 182 183 190 191 200 203 204 206 207 213 
219 220 221 222 224 225 226 229 232 233 235 238 
240 241 242 244 250 251 254 261 262 271 272 274 
280 281 282 283 284 285 287 290 291 292 293 299 
301 305 312 313 316 318 320 321 325 330 331 333 
334 336 340 345 349 350 351 356 359 371 373 375 
378 384 387 388 389 393 394 397 402 406 407 408 
412 414 416 417 419 424 425 429 431 432 433 436 
444 447 448 450 451 452 454 460 461 467 468 471 
472 473 479 481 486 489 496 503 504 505 510 511 
512 514 516 519 522 526 527 532 537 539 540 542 
545 546 553 554 556 559 563 567 568 574 575 582 
585 587 593 594 597 602 606 608 616 617 619 620 
622 640 642 650 651 653 659 663 665 670 671 672 
679 680 682 684 686 689 691 692 693 694 697 699 
700 701 702 704 715 716 719 720 724 725 726 727 
728 732 733 739 740 742 744 748 754 757 758 762 
768 771 775 779 784 791 795 796 798 800 
221
8 9 10 11 12 13 28 36 44 49 50 51 
52 53 59 64 71 73 84 86 91 92 93 95 
99 102 105 111 112 121 128 142 145 152 155 157 
162 168 170 172 175 176 182 186 192 195 209 211 
229 230 231 237 241 246 259 260 272 275 278 281 
282 286 289 292 293 296 297 298 299 301 306 309 
311 313 316 317 320 324 326 327 333 338 342 349 
352 356 364 374 377 378 381 390 396 398 404 405 
407 408 409 413 418 422 425 426 428 440 446 448 
454 456 457 464 466 467 476 481 483 484 486 488 
493 498 508 513 520 524 530 536 538 539 541 543 
547 551 552 554 555 556 559 560 562 563 565 567 
569 571 572 573 576 578 579 583 584 590 597 598 
601 603 606 610 615 618 622 626 630 635 637 639 
640 645 649 650 651 652 655 658 662 667 668 669 
671 677 682 684 691 692 697 703 704 708 710 714 
717 721 722 725 726 727 731 732 735 738 745 746 
748 749 750 752 757 758 761 769 774 779 780 783 
786 792 796 797 800 
271
1 3 7 8 9 14 18 22 25 31 35 44 
50 51 55 58 60 67 69 71 77 78 79 82 
83 84 87 88 89 90 95 98 106 111 114 115 
118 120 122 123 124 128 129 130 131 132 135 136 
138 139 140 141 150 151 153 154 158 165 167 168 
169 172 173 183 185 191 198 199 201 203 207 208 
209 214 215 218 222 228 232 233 234 241 243 246 
248 253 256 258 263 271 276 278 281 284 289 290 
292 294 304 305 306 307 308 309 310 314 316 317 
329 339 342 343 345 346 348 350 351 353 357 358 
361 365 366 367 368 375 376 377 381 385 388 392 
396 398 401 407 408 409 411 415 417 431 432 434 
438 439 440 442 443 446 448 458 460 473 474 478 
480 484 491 493 496 497 498 499 504 506 507 508 
509 511 512 514 518 521 523 526 530 540 545 549 
551 552 553 554 555 563 564 571 572 573 582 586 
587 589 592 593 594 601 603 604 605 612 613 619 
623 624 626 629 631 636 637 641 642 645 649 651 
652 653 655 656 658 660 662 665 666 667 672 674 
678 682 685 687 689 690 695 698 700 701 705 708 
711 712 715 721 729 730 731 732 734 739 740 741 
742 744 755 757 759 761 762 765 768 773 774 775 
776 777 784 786 789 795 800 
226
2 3 6 13 18 24 26 27 30 31 33 37 
39 44 45 48 52 53 57 59 60 70 71 73 
77 80 81 83 84 86 97 104 112 126 127 128 
131 135 136 144 145 154 155 157 162 168 169 184 
185 186 191 193 195 198 200 201 205 209 210 211 
212 214 231 233 244 246 247 255 257 258 260 266 
268 269 276 278 281 287 289 290 292 293 295 296 
300 301 302 307 308 310 320 324 326 327 329 336 
341 343 344 357 360 363 367 371 372 375 377 391 
395 399 400 407 413 414 417 419 420 422 424 425 
426 429 434 436 439 440 441 444 447 448 451 453 
455 465 480 486 487 493 495 496 498 500 502 505 
512 514 521 522 524 526 527 529 530 531 532 533 
536 539 540 544 549 557 561 564 565 566 569 571 
574 578 579 581 582 585 594 605 613 615 616 619 
622 625 629 634 639 640 642 643 646 651 653 654 
656 658 667 668 675 677 678 680 687 692 693 694 
701 702 711 727 728 730 738 740 747 754 762 763 
764 766 776 777 785 787 792 794 796 798 
246
1 6 25 30 34 35 38 39 41 44 45 51 
52 53 63 69 76 77 79 81 84 86 87 89 
94 96 98 100 105 108 111 119 120 121 122 123 
125 130 134 140 141 150 151 163 164 167 169 175 
176 181 183 185 191 193 194 195 196 199 212 213 
217 219 223 225 227 228 232 233 234 240 247 250 
251 253 260 266 273 275 280 287 294 298 304 311 
312 313 314 315 316 319 322 332 333 335 337 348 
365 366 367 373 376 378 381 384 388 390 391 396 
399 402 404 407 409 410 412 413 420 421 426 433 
434 436 438 442 443 446 448 451 458 459 462 468 
469 475 476 478 481 483 484 489 493 494 495 496 
505 506 511 518 519 520 522 531 533 539 541 545 
547 549 550 551 552 554 555 556 560 561 562 565 
568 570 571 572 576 578 581 582 586 589 590 591 
594 595 599 600 601 602 605 610 614 618 621 624 
628 630 637 641 643 646 648 649 650 651 652 655 
657 658 659 663 666 670 671 675 682 687 688 693 
697 700 702 703 706 711 713 718 723 726 727 732 
733 738 739 743 745 749 751 752 757 759 763 765 
773 777 779 786 789 799 
227
4 5 9 13 17 18 23 34 35 36 39 43 
55 58 65 70 74 75 77 82 83 85 96 103 
107 108 111 113 117 124 125 129 135 139 140 142 
146 147 156 157 163 165 166 168 169 172 173 179 
182 183 194 195 199 202 204 208 209 210 214 215 
216 221 223 228 236 238 239 247 249 251 259 260 
261 265 269 271 272 275 281 284 285 289 290 292 
295 301 302 307 308 313 314 318 320 321 327 329 
330 335 339 344 350 351 355 357 362 367 371 372 
374 378 380 384 387 393 394 396 405 406 411 415 
420 424 425 432 433 435 437 442 443 445 447 449 
450 452 453 454 461 465 472 478 482 485 487 493 
495 502 503 505 507 513 516 519 520 528 533 534 
539 543 548 553 554 559 563 572 574 577 580 581 
582 594 595 596 601 605 606 611 614 617 620 622 
624 627 628 632 637 640 641 644 647 651 653 659 
663 670 671 673 675 677 679 686 687 688 691 692 
693 698 712 713 717 720 725 727 731 733 737 739 
751 754 755 757 766 777 781 784 789 795 799 
231
4 8 13 17 22 31 38 39 40 53 55 63 
64 68 70 85 87 88 90 92 93 94 106 109 
115 116 118 120 124 128 129 135 138 141 144 146 
148 149 155 159 160 162 164 165 169 170 172 175 
178 184 185 189 192 193 197 201 202 203 204 206 
207 208 210 213 215 222 228 235 239 249 251 258 
260 266 267 269 274 282 283 284 285 286 294 296 
303 306 308 309 311 314 315 317 323 324 325 326 
331 332 333 335 339 340 342 346 350 355 371 383 
384 389 390 396 399 401 404 407 412 417 421 422 
427 435 437 444 447 448 451 452 456 457 458 460 
465 471 472 479 488 492 497 505 510 511 512 513 
519 520 522 524 525 530 532 537 540 541 542 544 
545 552 554 555 556 560 563 567 569 571 574 577 
581 583 586 590 591 595 599 605 609 612 614 622 
623 625 626 631 635 636 637 639 642 643 649 651 
660 669 672 673 681 683 686 692 693 696 699 701 
702 705 708 709 714 717 718 719 725 733 735 737 
748 751 752 759 762 765 767 768 775 778 784 785 
786 791 797 
242
1 2 4 5 7 8 9 14 19 28 35 43 
44 49 57 59 67 69 71 73 76 78 79 82 
86 88 95 98 100 102 103 104 105 115 116 121 
124 136 138 140 141 143 144 152 155 160 161 162 
169 171 176 177 183 186 187 188 194 197 199 200 
201 203 206 207 209 211 212 213 214 222 223 226 
237 238 243 245 246 251 254 259 265 271 272 273 
274 277 279 280 286 287 289 290 293 297 300 306 
309 311 312 318 322 327 329 330 337 341 346 362 
365 376 378 379 380 382 389 397 398 403 404 405 
406 419 428 429 433 434 435 438 439 447 449 450 
452 454 459 463 470 472 476 477 479 480 483 486 
489 490 494 495 497 501 502 504 508 510 515 516 
518 519 523 524 527 534 538 539 541 542 543 546 
548 549 550 552 556 562 563 566 567 568 572 573 
578 579 586 589 598 604 612 614 616 623 629 633 
643 645 648 650 654 655 659 665 669 671 672 673 
676 678 688 692 696 701 703 705 706 707 710 719 
720 725 726 727 739 742 744 746 747 748 754 758 
763 764 766 768 769 771 775 776 779 784 787 789 
790 794 
260
1 6 7 8 19 22 23 25 28 33 34 40 
42 45 48 49 50 53 58 59 61 64 66 70 
71 75 76 77 79 80 88 89 92 93 94 96 
99 102 106 113 114 118 121 126 128 133 137 142 
143 145 148 153 157 158 159 161 165 169 170 174 
177 180 183 186 187 192 193 195 196 203 205 206 
207 209 217 218 219 222 226 227 230 241 243 244 
246 254 257 261 268 269 271 273 275 276 277 282 
285 288 292 298 300 303 306 307 308 312 316 317 
318 319 327 328 334 335 342 343 348 349 350 353 
354 357 359 364 369 371 373 375 381 382 385 386 
387 395 398 399 405 411 415 416 420 425 427 429 
433 434 436 437 439 441 446 452 454 458 459 463 
464 473 477 480 482 486 490 502 503 507 510 512 
515 516 521 526 529 533 535 540 545 548 557 558 
565 567 570 572 575 578 579 586 588 589 591 594 
597 598 601 608 610 615 616 620 621 623 626 629 
630 631 636 640 646 647 652 654 660 662 668 671 
676 679 684 687 688 689 690 692 693 696 697 698 
700 707 708 712 713 714 715 718 720 721 725 726 
727 733 737 743 744 750 751 758 766 767 780 781 
784 785 791 792 793 794 798 799 
236
3 8 9 13 26 32 34 36 37 41 43 47 
49 50 51 53 55 56 67 69 70 73 75 83 
87 90 91 93 96 99 105 106 107 122 125 126 
127 133 136 137 138 141 142 147 148 150 162 163 
167 171 172 176 178 179 188 190 192 198 201 203 
205 206 212 213 216 222 225 228 230 231 233 234 
236 238 242 247 249 254 255 260 263 267 268 273 
275 277 278 280 284 294 295 300 301 305 307 310 
318 327 331 332 335 336 339 342 350 351 352 354 
358 360 380 382 383 392 397 399 405 406 407 409 
410 411 414 415 425 427 428 429 430 432 444 446 
449 455 456 458 461 466 468 471 474 475 476 479 
481 483 485 486 489 490 494 496 498 499 500 502 
504 508 514 515 518 519 521 524 525 532 535 537 
539 541 544 547 548 549 553 556 564 565 567 568 
570 572 575 576 580 581 583 588 600 603 605 608 
610 611 619 620 628 629 653 659 663 665 668 677 
681 683 687 691 692 694 697 706 712 713 716 720 
725 726 733 739 740 745 748 749 754 755 765 766 
767 768 769 774 775 780 782 790 
255
7 8 10 11 12 13 16 17 25 27 29 32 
33 37 41 51 53 54 55 56 61 62 65 67 
68 70 73 74 77 79 81 83 88 94 96 99 
102 103 104 106 107 108 109 114 115 120 121 123 
127 130 134 135 144 145 147 148 153 154 156 158 
161 165 177 178 184 186 187 188 189 193 197 198 
199 203 205 208 218 219 220 221 222 224 225 226 
228 229 232 233 237 241 242 244 246 247 264 266 
267 274 276 277 279 285 286 288 293 298 302 303 
305 310 311 312 314 318 319 322 324 325 328 332 
333 338 339 341 345 347 349 351 353 356 364 365 
369 374 380 383 396 398 401 403 404 407 409 412 
415 418 419 420 421 426 433 434 437 439 446 451 
453 463 464 472 473 475 476 480 481 482 484 487 
490 493 494 497 502 510 517 518 520 521 534 535 
537 538 540 541 543 545 556 560 564 568 569 573 
574 576 582 583 585 586 590 596 599 600 601 603 
605 612 615 622 624 625 626 629 630 632 641 645 
647 649 652 658 660 661 662 664 669 670 672 683 
688 696 698 703 706 715 716 718 719 722 723 724 
726 728 733 736 737 740 742 752 753 755 760 763 
768 772 799 
246
1 6 8 10 13 15 17 19 20 27 28 29 
35 37 38 39 41 43 44 45 48 49 52 53 
54 55 56 60 65 67 68 71 76 77 81 83 
85 89 95 104 114 115 117 118 120 122 124 126 
127 128 130 132 134 136 152 156 157 161 166 170 
172 173 177 184 185 187 190 191 193 197 203 204 
205 212 216 218 223 226 231 233 234 238 243 246 
247 249 250 254 255 258 259 260 262 268 274 277 
278 285 289 295 296 298 299 306 309 313 314 315 
316 318 319 325 329 331 332 335 340 353 365 369 
370 378 382 389 391 403 410 414 418 422 426 427 
433 434 437 438 441 442 446 447 449 450 451 453 
457 458 461 466 467 468 471 481 483 484 486 488 
490 492 494 501 507 512 515 519 521 527 529 530 
532 533 534 543 547 552 565 571 573 578 580 584 
585 586 591 592 594 598 599 600 601 602 603 609 
613 614 615 619 621 622 627 630 635 638 640 650 
651 654 655 658 659 663 664 676 678 683 684 690 
691 703 713 716 719 723 725 726 727 731 739 740 
748 753 758 760 761 763 767 769 776 778 782 783 
784 785 787 788 796 799 
232
3 11 12 19 22 24 29 41 42 44 45 46 
50 51 55 57 60 61 63 66 69 74 78 79 
81 85 92 94 96 100 101 104 110 111 118 120 
121 122 124 125 129 130 133 134 136 140 141 145 
149 152 153 154 156 157 161 170 171 181 182 189 
190 195 197 200 202 204 206 209 212 214 216 224 
225 226 227 228 230 233 240 243 250 253 256 257 
263 265 266 270 273 275 277 280 281 282 290 291 
299 302 304 311 317 318 326 329 334 335 341 345 
379 385 393 394 395 396 398 405 414 418 419 420 
424 426 434 441 444 447 450 457 458 459 464 465 
467 471 472 475 478 482 485 490 496 498 507 508 
509 519 522 529 531 535 539 542 544 546 555 561 
562 563 565 567 584 587 588 589 594 598 599 603 
614 615 620 626 628 633 643 650 651 652 654 655 
656 657 658 660 664 665 668 670 681 682 683 685 
686 690 691 693 697 698 699 706 708 711 713 714 
716 718 721 731 732 733 734 735 737 743 748 749 
751 754 755 759 763 769 778 782 783 784 787 789 
790 792 796 800 
251
3 13 14 24 25 26 29 32 34 40 42 50 
51 55 65 66 67 69 70 73 74 83 87 88 
89 91 94 96 97 99 100 101 104 110 112 113 
116 119 129 130 136 141 144 146 147 148 149 151 
153 154 157 159 170 175 179 180 182 185 187 194 
202 207 213 215 217 218 221 222 229 230 232 237 
238 240 244 248 249 254 257 263 266 269 273 274 
275 277 279 280 282 284 290 293 294 295 299 305 
310 316 318 324 326 332 333 334 335 336 337 338 
343 350 351 352 355 356 358 359 365 366 367 377 
379 381 385 387 389 392 396 397 399 406 408 414 
417 420 421 423 427 429 430 431 433 437 438 444 
448 449 450 451 452 454 456 461 468 471 474 480 
486 492 494 499 504 507 508 511 513 515 517 522 
531 532 534 539 542 545 549 551 554 556 557 559 
562 566 569 571 573 575 584 588 590 594 596 597 
598 599 610 616 617 621 631 642 644 647 649 655 
662 665 668 673 674 677 678 680 682 687 693 699 
700 701 708 709 710 715 717 719 724 725 727 729 
731 733 735 736 755 758 760 761 763 767 773 774 
775 778 779 785 786 787 792 797 798 799 800 
228
6 7 9 12 16 17 21 22 24 29 33 39 
40 47 48 53 54 55 58 62 63 65 73 83 
84 92 96 99 100 101 109 112 117 125 127 128 
134 135 136 137 148 155 160 163 164 165 166 173 
181 186 192 195 198 206 207 210 211 215 216 218 
221 225 226 239 251 252 257 261 268 270 278 280 
281 290 296 297 298 303 305 309 311 313 315 320 
323 326 327 329 334 344 349 350 354 361 366 367 
372 375 376 378 384 394 397 402 403 404 407 410 
416 418 419 424 428 436 440 443 444 445 448 449 
451 456 457 460 462 463 474 478 479 480 482 484 
488 490 492 500 501 502 505 507 510 522 523 524 
526 527 535 539 543 547 548 549 551 555 560 563 
568 570 571 574 575 576 584 586 588 589 591 592 
594 595 597 601 606 610 614 616 618 619 627 636 
645 648 654 656 660 662 663 666 670 673 682 685 
687 688 695 700 707 713 715 722 726 727 729 731 
735 736 741 744 746 752 756 757 760 764 766 768 
769 770 772 780 781 782 786 788 789 793 795 799 
250
5 9 12 13 17 20 24 25 26 28 31 36 
39 43 46 47 48 50 51 58 65 75 78 79 
81 82 83 84 85 87 90 91 94 97 101 102 
103 109 112 115 117 121 124 125 126 130 137 143 
145 147 149 151 152 160 165 166 170 172 174 184 
185 190 192 193 200 206 211 212 217 222 227 229 
235 236 239 241 243 245 249 250 253 254 256 261 
263 264 270 271 274 277 278 281 289 310 311 315 
316 323 326 327 334 335 338 340 342 343 346 349 
350 357 360 362 363 366 367 370 375 377 383 386 
387 393 394 403 404 409 410 411 415 416 420 421 
422 423 425 427 429 435 437 448 452 454 455 459 
462 465 467 469 473 479 481 483 484 485 502 504 
507 511 512 513 514 517 518 521 522 524 534 536 
540 542 545 548 550 554 560 561 569 573 575 579 
584 588 590 595 599 605 606 609 615 619 620 631 
633 637 642 646 651 653 656 660 663 666 667 670 
671 672 673 674 675 677 679 686 687 690 699 700 
701 704 705 706 707 710 716 721 722 727 728 729 
730 742 746 750 751 753 761 766 767 769 780 782 
783 785 786 790 791 792 796 797 798 799 
223
1 3 7 8 12 13 15 18 20 24 28 30 
32 37 44 48 52 57 63 66 69 73 74 75 
77 80 83 87 88 94 99 104 105 115 126 128 
130 137 140 142 143 145 147 151 152 153 155 158 
159 163 170 172 181 187 190 195 202 206 207 212 
215 217 219 220 224 225 226 229 230 233 241 249 
257 258 260 266 267 269 272 275 277 284 287 288 
289 291 292 293 295 296 298 304 305 313 315 320 
322 328 329 332 334 339 341 359 360 363 364 368 
375 377 384 385 393 395 398 402 403 404 412 416 
419 421 424 426 429 430 431 438 440 441 443 444 
446 448 458 459 462 463 464 475 480 483 488 501 
506 509 510 512 515 523 533 535 536 538 539 541 
547 555 557 559 560 562 569 571 576 583 590 591 
593 594 601 605 607 608 609 614 615 617 620 624 
628 629 631 633 634 650 655 657 665 667 672 681 
683 687 690 692 694 702 712 719 720 721 726 728 
732 733 735 736 737 747 748 749 754 755 762 763 
766 771 772 776 779 780 798 
246
1 3 6 9 12 13 14 16 21 24 26 27 
32 37 39 42 48 51 54 59 60 61 63 66 
69 73 74 78 79 80 89 93 102 103 106 110 
111 119 129 137 144 145 146 151 158 159 160 161 
162 163 166 167 168 170 171 173 179 190 199 204 
211 212 214 221 222 223 227 231 235 239 248 250 
251 255 258 264 267 277 280 281 288 290 291 295 
296 299 300 301 305 306 308 309 311 312 325 327 
328 329 330 334 337 346 350 354 355 357 367 371 
379 382 388 389 393 396 401 409 410 412 414 416 
420 421 422 427 430 432 433 435 436 438 441 443 
445 448 455 459 460 463 468 469 472 481 488 490 
503 504 510 515 516 519 520 525 534 537 540 541 
545 547 553 556 558 563 566 569 570 571 583 586 
587 594 598 599 604 607 608 609 610 613 617 618 
619 621 623 624 626 629 634 635 646 649 652 653 
656 658 661 662 668 673 674 676 677 682 688 689 
690 694 695 697 700 703 704 706 707 708 711 712 
718 719 723 726 727 728 732 734 739 746 747 748 
753 755 762 766 767 768 769 772 773 776 784 785 
789 790 791 793 795 798 
233
4 5 11 12 17 32 36 39 40 46 54 58 
62 64 65 69 71 73 74 77 78 80 83 86 
89 91 95 103 106 108 111 113 116 120 123 127 
129 138 141 143 144 147 149 152 153 154 155 162 
168 169 173 175 176 186 188 189 190 198 200 203 
204 205 206 208 209 214 215 216 218 219 220 221 
227 233 234 241 242 249 252 261 277 279 284 286 
288 289 292 298 300 303 304 307 308 310 312 335 
338 339 342 343 344 346 348 350 354 358 359 363 
365 367 375 376 382 383 384 386 390 403 407 408 
411 412 413 414 419 421 427 429 430 431 433 436 
438 441 446 449 458 459 464 466 468 471 472 474 
476 478 486 487 495 501 506 507 510 517 518 520 
521 530 534 537 539 547 556 560 561 562 563 567 
569 573 579 586 590 598 603 605 610 611 612 614 
618 621 623 624 629 631 633 636 637 639 646 647 
648 649 652 653 663 668 669 675 676 677 681 682 
684 693 695 696 711 722 723 725 733 742 743 746 
751 753 754 755 756 760 762 767 774 779 781 787 
791 793 795 796 800 
252
2 6 7 17 19 25 26 29 36 38 46 48 
52 53 54 58 62 64 65 71 72 76 80 81 
83 85 93 96 97 98 103 108 114 119 120 122 
125 128 134 142 145 146 150 152 153 156 158 161 
166 171 172 173 174 178 180 181 182 186 193 194 
198 201 204 209 210 218 220 221 222 224 225 227 
229 232 234 239 241 250 252 256 257 260 264 265 
266 277 278 279 284 285 288 289 290 297 299 301 
303 306 311 313 322 329 330 335 337 340 344 349 
350 351 352 353 361 367 368 369 370 379 380 382 
383 385 391 396 398 401 404 407 411 412 414 415 
423 427 437 440 443 445 449 451 455 457 460 461 
462 463 464 467 472 473 476 478 480 481 484 486 
492 494 498 501 505 506 508 509 510 512 513 519 
521 522 526 527 529 531 532 534 536 542 545 547 
550 559 560 561 564 567 575 577 578 582 587 591 
595 596 602 603 605 607 618 621 626 627 628 629 
630 631 634 637 639 642 644 647 648 652 657 664 
672 679 681 684 685 692 696 697 702 706 709 712 
713 718 720 723 729 730 735 737 742 743 745 746 
758 759 763 773 775 778 784 788 789 791 792 794 
232
2 6 9 14 15 17 18 19 20 21 26 28 
30 32 40 42 54 55 56 57 58 59 63 67 
80 83 84 85 95 96 99 107 108 109 117 121 
123 125 128 130 132 135 142 143 147 149 161 162 
164 165 176 178 179 182 183 184 186 192 194 197 
199 201 204 208 209 212 215 216 217 222 234 237 
238 239 244 245 248 249 251 254 255 256 258 259 
266 268 272 273 276 280 282 283 290 295 303 305 
306 315 318 319 323 329 333 339 351 352 360 361 
367 368 369 371 374 376 379 385 388 390 393 397 
401 403 406 409 417 418 419 420 428 433 434 438 
441 442 444 445 446 451 460 461 469 470 473 475 
486 489 492 493 494 495 496 500 503 507 513 516 
525 526 533 538 539 543 545 546 548 552 556 563 
565 570 573 575 576 577 585 593 595 596 597 601 
602 610 616 617 620 621 627 628 631 633 644 646 
647 648 654 665 666 668 677 680 685 687 689 694 
701 708 721 724 727 735 737 743 744 747 750 752 
755 756 757 761 763 765 769 774 775 776 777 780 
782 784 791 792 
222
2 7 8 10 11 13 29 35 46 47 48 49 
59 71 76 82 87 93 98 100 101 104 106 114 
117 118 122 124 129 133 139 140 144 147 162 163 
168 169 171 179 187 190 191 197 199 200 204 221 
231 233 239 242 244 245 247 253 255 260 263 270 
271 272 273 274 279 283 285 286 289 291 293 294 
296 311 312 320 327 328 329 333 341 346 347 349 
350 351 355 364 365 366 367 368 372 374 375 377 
381 386 392 393 394 396 400 401 402 406 407 409 
417 418 420 428 429 439 443 445 447 449 454 455 
457 463 470 480 487 489 496 497 500 501 511 515 
517 518 526 527 529 531 533 536 541 546 549 552 
556 560 564 567 568 569 570 574 576 586 587 588 
593 595 597 600 604 606 608 611 612 616 620 625 
630 631 633 634 635 638 641 647 648 652 653 654 
661 667 668 676 678 680 686 688 691 693 696 701 
702 703 705 709 710 712 713 714 716 718 720 730 
739 743 751 754 760 761 764 774 777 780 782 785 
787 792 793 798 799 800 
238
3 5 13 20 21 22 23 25 27 29 30 40 
42 47 48 50 51 53 55 57 65 68 73 77 
80 84 92 93 95 97 112 120 122 123 124 125 
134 136 141 142 145 146 153 155 156 161 165 171 
177 178 181 184 189 193 197 199 200 206 207 209 
220 223 227 234 238 240 241 243 246 247 248 251 
252 258 264 265 267 268 269 271 273 274 277 281 
293 301 311 314 316 317 320 323 324 326 331 333 
334 336 339 344 349 358 359 361 362 365 368 371 
372 373 375 376 378 391 392 395 397 400 402 410 
417 419 423 426 427 434 438 440 441 450 452 456 
460 465 467 471 472 475 478 480 481 484 487 488 
492 496 500 508 510 512 515 518 523 526 539 540 
542 543 544 545 546 547 555 558 560 563 568 573 
575 578 581 583 585 586 587 591 592 594 598 602 
611 612 613 614 616 617 621 625 630 633 634 638 
639 642 643 644 647 651 652 657 658 663 669 670 
673 674 675 679 688 689 692 707 712 713 714 719 
721 725 732 737 742 744 747 749 753 757 759 763 
764 767 776 777 782 786 788 789 794 799 
249
4 5 6 10 12 17 18 28 29 30 38 41 
45 47 51 56 62 64 67 70 71 73 74 79 
80 81 83 86 90 91 93 94 96 101 104 105 
107 109 111 112 119 123 125 126 128 130 131 137 
138 140 141 146 150 153 155 156 161 162 167 173 
178 180 182 183 184 187 189 192 195 197 199 204 
208 221 228 234 237 240 244 249 250 252 253 255 
259 260 266 273 283 289 290 291 293 297 298 300 
302 306 308 310 314 319 321 325 326 329 330 345 
348 353 354 360 365 374 375 378 379 383 386 391 
395 396 399 407 414 419 423 429 432 435 437 440 
449 457 459 463 466 469 472 473 474 477 478 479 
481 485 486 493 495 496 497 498 500 503 506 508 
519 521 525 532 534 535 537 548 549 553 557 560 
561 563 568 569 573 574 580 581 582 584 590 602 
606 613 627 629 631 632 634 636 642 643 645 646 
651 653 656 660 661 662 664 669 670 671 673 676 
679 681 686 687 698 699 703 705 707 710 714 716 
717 723 727 728 732 734 735 737 743 744 746 749 
750 753 756 757 759 763 771 772 773 774 775 776 
777 782 788 790 793 795 796 797 798 
242
1 3 4 5 8 9 10 19 21 35 41 43 
47 52 62 67 70 71 76 81 82 83 84 88 
91 95 100 116 118 119 120 123 131 132 135 137 
139 141 142 150 153 155 157 159 162 182 187 188 
189 192 196 197 198 199 205 208 210 211 213 214 
216 217 225 232 235 236 243 246 249 251 255 259 
266 271 278 280 281 284 286 294 299 300 304 305 
307 315 319 322 326 327 334 336 343 346 348 349 
350 351 352 353 354 359 365 370 371 374 375 379 
380 385 390 391 392 393 398 400 401 404 406 408 
414 416 422 427 434 436 441 444 446 450 461 464 
472 477 478 482 483 485 488 491 492 494 495 497 
499 507 509 510 514 518 520 528 529 538 539 543 
545 553 556 557 558 563 565 567 568 570 586 591 
594 596 597 598 600 601 606 614 616 620 621 622 
627 629 630 632 634 636 637 638 639 647 650 655 
659 664 668 669 676 679 682 685 687 690 691 694 
700 702 705 706 707 708 713 716 720 722 725 726 
731 732 736 739 740 741 743 748 751 752 755 756 
759 761 762 765 768 771 774 776 779 781 785 792 
793 795 
227
11 15 17 18 26 27 29 30 38 43 45 46 
47 52 55 58 60 62 66 68 69 79 81 83 
85 88 96 98 106 107 108 119 120 122 123 129 
134 137 140 141 147 149 151 156 159 164 169 170 
175 176 177 178 180 181 188 193 201 209 213 214 
215 217 218 219 221 225 227 234 237 240 243 247 
249 253 262 268 271 278 285 286 287 298 302 304 
305 307 313 315 316 319 323 326 331 332 333 338 
340 342 343 349 351 353 356 357 361 362 363 365 
375 376 385 386 401 405 411 413 415 426 427 428 
436 437 444 446 448 450 456 460 461 463 469 472 
473 475 477 482 484 488 490 491 493 494 495 503 
506 511 514 517 519 520 523 524 525 529 531 536 
538 541 547 549 551 556 566 571 572 575 576 579 
581 583 591 595 597 601 603 606 609 611 619 620 
628 631 633 634 635 637 642 643 646 652 661 664 
666 667 670 676 677 678 687 689 690 696 697 698 
699 709 715 719 722 723 727 728 729 731 733 735 
748 751 754 756 762 767 769 779 783 792 797 
226
1 4 6 7 9 10 15 16 19 22 27 41 
50 51 56 57 59 70 75 79 84 85 86 91 
92 93 97 98 99 100 101 103 106 109 114 115 
116 117 118 119 124 126 127 130 132 137 149 150 
160 161 162 167 170 177 179 183 184 192 193 194 
196 202 203 207 211 217 219 223 226 228 236 239 
246 248 249 250 251 255 260 266 275 276 277 278 
284 291 292 294 303 306 307 309 310 313 314 315 
319 321 325 329 330 335 338 339 340 341 345 346 
352 353 357 358 365 369 370 376 380 383 387 388 
390 402 407 414 422 427 429 435 438 439 441 443 
445 446 450 451 456 460 463 466 471 477 482 483 
485 486 488 500 501 503 505 510 514 519 521 522 
525 529 534 540 547 554 556 561 563 564 566 567 
569 572 587 589 593 594 596 598 601 603 605 609 
615 616 618 622 624 627 628 638 639 645 658 664 
665 667 680 681 683 686 687 689 695 697 699 701 
702 709 711 720 723 725 732 736 737 738 744 749 
756 765 769 771 773 782 788 791 795 797 
248
4 8 9 10 18 20 22 23 24 27 28 33 
35 36 37 41 42 47 50 54 57 58 62 64 
70 73 78 85 88 89 99 100 104 105 110 111 
112 115 116 119 132 134 136 137 138 139 145 147 
151 154 155 156 158 160 162 164 170 176 177 189 
190 194 197 200 201 202 203 209 212 213 216 223 
226 229 231 235 238 239 242 245 248 252 253 256 
257 260 263 264 267 271 276 283 295 296 298 302 
305 307 308 309 318 321 322 323 325 346 347 348 
352 353 354 358 359 360 365 367 369 370 380 382 
387 397 398 400 410 416 418 420 426 431 435 440 
442 443 444 446 448 450 455 457 459 462 465 466 
468 472 482 487 489 493 496 498 501 503 504 508 
512 515 517 518 519 521 522 523 525 527 528 529 
530 533 535 536 542 552 556 561 565 572 573 574 
576 577 578 579 580 582 586 595 598 599 600 610 
617 618 619 621 622 623 624 625 627 631 635 640 
652 656 661 663 664 673 674 678 684 695 697 699 
705 707 711 713 715 719 721 726 728 733 735 736 
741 743 752 753 754 758 759 761 763 766 767 776 
777 784 785 791 792 794 795 797 
229
3 6 8 10 21 23 24 29 32 34 35 42 
50 53 55 58 71 73 74 79 87 90 91 95 
97 102 107 108 111 115 116 125 126 136 137 139 
142 147 149 165 168 176 178 188 189 191 192 195 
200 204 207 213 215 219 230 239 241 242 250 252 
256 267 268 269 272 274 279 282 284 292 294 297 
302 305 308 311 312 316 325 326 327 340 344 345 
346 349 355 358 360 365 367 370 371 372 374 375 
377 379 381 382 383 385 387 388 392 396 399 401 
404 406 407 412 419 420 421 423 437 439 443 445 
446 448 449 452 454 455 458 459 460 463 464 465 
467 469 472 475 477 486 487 489 496 497 500 501 
507 508 510 512 519 525 528 533 535 536 539 541 
542 546 549 552 555 556 558 564 567 569 571 572 
576 578 583 585 588 589 592 594 595 596 597 601 
602 603 604 605 610 615 616 619 631 633 634 636 
640 642 647 649 651 667 674 676 677 679 680 686 
687 691 708 715 717 719 723 736 740 741 745 746 
748 759 766 772 775 781 782 784 785 790 791 793 
794 
260
10 11 12 17 22 26 27 28 30 31 44 46 
48 56 65 68 72 75 77 79 85 94 96 98 
99 100 107 109 111 114 117 118 119 121 123 127 
130 134 135 137 138 139 141 142 147 151 152 153 
155 156 158 159 165 167 168 169 172 180 182 183 
191 193 194 197 202 203 204 206 214 217 222 224 
227 229 233 242 243 247 249 251 256 257 258 263 
272 273 278 279 280 283 284 285 287 291 292 304 
307 309 313 315 319 320 329 331 332 333 334 336 
337 338 339 348 356 359 368 373 375 379 381 383 
384 385 386 388 392 393 397 398 400 404 405 408 
416 419 421 422 427 428 430 431 440 441 456 458 
459 463 464 468 469 470 472 477 478 479 480 484 
487 493 497 500 504 508 512 514 517 518 522 525 
527 529 535 536 539 541 546 549 550 552 553 557 
559 562 563 564 571 572 573 574 595 596 600 603 
604 608 611 615 618 619 626 629 630 632 634 635 
639 646 648 654 657 662 672 674 675 676 677 678 
685 686 687 689 692 697 698 699 702 703 704 705 
709 713 715 716 717 719 726 727 729 740 741 745 
749 752 754 758 761 762 766 767 768 769 770 773 
777 778 781 783 793 794 796 798 
225
3 5 7 9 10 11 12 14 16 19 20 29 
35 36 37 39 41 44 45 50 52 57 58 59 
63 64 66 71 81 86 92 99 101 102 106 108 
111 115 117 122 123 124 125 129 131 132 137 138 
141 145 152 155 164 165 167 168 170 171 172 174 
175 178 180 183 185 188 192 202 203 205 211 215 
217 220 221 223 230 233 234 242 244 253 256 259 
264 266 272 274 275 280 283 285 287 288 289 300 
304 306 312 323 326 327 330 333 338 339 358 368 
373 375 377 378 379 381 382 387 391 394 398 402 
421 424 425 435 441 442 446 449 450 456 457 458 
463 464 466 472 473 474 477 479 484 486 488 491 
492 498 499 504 509 511 515 516 518 520 523 525 
526 527 528 531 532 535 538 543 550 551 555 560 
561 563 566 567 577 584 585 597 598 601 617 618 
631 635 637 639 641 643 646 650 651 654 659 664 
668 684 685 686 688 689 690 692 693 695 700 711 
712 717 721 725 726 732 733 748 752 755 756 757 
761 762 765 775 779 780 781 796 800 
255
3 4 6 12 14 17 18 20 24 25 28 38 
41 42 44 45 50 51 54 55 59 65 66 72 
74 81 82 86 88 89 91 108 112 114 116 118 
127 128 130 132 133 136 137 138 140 141 149 153 
154 156 158 159 163 165 168 169 172 173 176 185 
187 192 193 194 197 199 200 207 209 214 216 220 
221 224 225 226 231 232 238 239 242 245 247 256 
258 263 264 266 268 271 275 276 280 283 284 290 
296 299 312 322 330 333 334 337 338 339 341 344 
345 355 357 358 361 364 367 369 375 382 385 387 
396 400 401 403 405 408 410 411 416 422 425 430 
433 434 439 443 453 458 462 465 468 472 473 477 
478 481 489 490 491 493 500 502 504 508 514 518 
521 523 534 535 537 539 541 546 548 550 551 552 
556 557 558 559 565 567 571 574 575 576 578 579 
580 588 589 590 593 594 598 600 603 606 607 608 
610 612 614 617 618 622 623 624 633 635 637 639 
640 644 645 650 651 653 654 662 664 666 671 673 
679 680 683 690 695 697 699 705 708 711 712 716 
722 723 726 733 734 736 737 739 740 746 748 752 
755 756 759 761 762 763 765 771 772 778 784 791 
792 797 798 
242
1 3 7 9 29 30 32 35 37 39 41 42 
43 48 54 56 57 60 65 74 85 89 93 95 
102 103 104 108 114 117 123 125 128 141 143 146 
147 148 149 150 151 169 171 174 178 183 186 190 
195 199 205 210 213 215 216 217 218 219 220 222 
223 228 239 242 244 245 247 249 251 256 257 263 
267 268 270 271 275 280 285 286 291 296 298 300 
301 302 304 307 309 321 322 323 324 327 330 336 
341 350 353 354 361 363 376 377 380 391 394 396 
397 400 401 402 406 412 428 429 431 432 435 438 
439 441 442 443 444 446 449 453 454 455 456 457 
463 464 468 471 473 475 480 481 488 490 491 492 
493 499 514 521 525 527 533 536 542 548 552 554 
556 557 559 562 566 568 573 574 575 576 578 583 
585 587 589 590 594 596 598 600 601 602 604 608 
609 610 621 622 630 634 635 640 642 649 656 667 
669 671 673 674 676 678 680 684 686 687 688 689 
691 695 699 702 704 709 714 718 720 721 723 725 
726 727 728 729 732 735 738 743 744 745 752 754 
756 757 759 762 763 764 769 775 779 782 788 789 
797 800 
220
5 9 13 14 16 18 19 22 23 25 28 32 
42 46 47 53 54 55 61 62 67 75 79 80 
84 85 88 89 92 97 102 105 110 111 112 116 
119 122 125 128 131 133 139 140 145 148 151 157 
161 162 166 167 177 182 186 190 196 200 202 206 
216 217 220 221 222 223 226 230 235 236 240 242 
245 250 254 255 257 260 263 270 274 276 282 286 
287 288 290 293 295 298 301 304 305 306 307 308 
309 311 314 329 334 336 348 358 363 364 365 367 
368 369 377 378 384 388 389 393 395 400 409 418 
422 425 428 430 431 435 436 441 444 449 451 459 
460 465 473 474 483 487 490 493 495 498 500 501 
503 512 515 516 519 525 526 530 531 534 540 543 
546 554 555 560 569 574 576 590 593 594 596 607 
608 610 611 613 620 621 626 632 636 637 638 639 
642 648 651 657 658 661 662 664 665 670 671 679 
680 697 698 701 703 706 714 715 716 719 720 724 
725 726 728 730 731 735 740 743 746 749 758 773 
779 783 793 799 
250
7 15 23 24 28 33 36 38 40 46 47 48 
50 52 54 63 65 67 71 73 78 79 80 89 
92 94 95 100 107 115 117 119 120 123 124 128 
129 130 131 132 134 140 141 147 150 152 158 162 
163 166 168 172 174 176 178 179 181 183 185 186 
187 188 194 195 201 204 206 208 209 210 212 213 
215 216 219 220 222 227 228 233 239 247 249 250 
252 254 255 258 259 260 264 268 270 275 278 280 
283 288 293 294 301 302 303 309 310 311 313 318 
324 326 327 331 343 344 346 348 353 355 358 360 
364 365 366 371 381 385 389 391 394 396 399 404 
406 412 414 416 418 421 424 427 428 447 451 455 
457 460 462 467 468 469 471 473 474 488 489 490 
492 494 498 500 506 508 511 512 515 519 520 528 
530 532 539 552 554 555 557 559 560 561 562 573 
577 579 582 584 587 591 592 593 595 598 600 602 
604 609 610 612 615 618 619 620 625 626 633 635 
636 639 640 644 652 654 657 660 662 665 668 673 
680 681 687 688 689 690 691 692 695 716 718 721 
723 726 728 733 735 740 748 752 757 759 760 779 
784 786 787 788 789 790 791 792 794 798 
230
3 9 12 13 20 25 27 29 38 40 43 57 
60 61 64 65 66 67 71 72 82 84 90 99 
100 102 112 118 129 130 131 133 135 139 140 141 
143 147 153 161 163 167 168 170 176 178 179 182 
185 189 191 193 194 195 202 206 207 208 210 215 
217 219 221 222 226 229 230 238 243 244 247 256 
260 261 264 267 269 272 273 274 275 276 279 287 
291 292 293 294 297 299 302 306 309 310 311 316 
337 339 342 345 348 349 351 355 358 364 368 370 
371 372 374 381 383 391 398 400 406 407 408 412 
415 427 435 447 448 452 457 458 459 468 474 476 
477 478 483 488 496 499 516 521 524 531 532 538 
549 552 556 558 563 568 570 574 575 579 584 588 
589 592 594 596 597 601 602 615 618 619 622 623 
628 631 632 633 635 636 638 639 643 646 648 653 
656 658 660 662 663 667 669 672 680 682 683 684 
685 689 690 694 697 700 702 703 708 709 717 719 
721 722 728 732 734 743 746 747 748 749 753 754 
756 759 766 767 770 772 777 785 788 791 795 797 
798 799 
244
1 3 7 8 10 11 13 14 18 19 20 23 
25 26 28 37 42 47 54 58 68 69 72 73 
77 80 83 89 91 93 96 99 109 111 113 114 
116 117 119 122 126 132 140 144 147 154 158 159 
164 165 171 178 179 180 185 192 194 199 200 201 
205 206 207 212 214 215 224 225 228 230 233 236 
238 239 244 246 247 250 256 262 263 265 267 271 
275 276 280 288 290 294 295 298 299 300 301 306 
310 312 313 315 318 323 324 328 329 332 334 338 
346 348 359 364 366 367 368 373 374 376 377 379 
384 387 389 391 393 404 414 415 422 426 429 430 
431 432 434 435 441 444 446 449 455 456 457 464 
465 467 470 473 474 483 485 486 488 489 490 493 
494 495 497 498 505 507 510 512 515 516 528 531 
533 536 539 543 544 549 552 556 561 562 564 575 
576 578 582 583 587 589 591 592 602 606 613 619 
624 631 632 635 639 644 651 654 656 658 662 664 
668 671 683 685 688 695 708 712 713 717 718 722 
725 729 730 731 736 738 739 742 743 749 754 755 
759 765 766 767 768 769 770 772 775 781 787 789 
790 792 794 799 
240
3 5 9 16 17 18 19 21 31 32 35 38 
40 45 50 52 58 60 61 62 68 72 73 75 
81 82 83 85 87 89 94 95 106 110 111 113 
114 122 125 130 132 133 135 136 141 146 147 149 
152 153 156 158 161 162 163 164 166 167 169 175 
177 186 189 192 197 205 215 217 220 223 226 229 
230 233 238 256 259 260 261 265 276 277 278 281 
284 288 295 297 298 299 300 301 304 308 311 312 
316 317 320 325 327 333 334 337 342 343 348 350 
353 354 355 356 365 375 376 384 387 388 389 390 
391 395 397 398 400 402 407 408 413 415 416 420 
424 426 432 434 438 440 443 445 453 456 457 471 
473 479 481 482 488 495 497 503 504 506 511 515 
516 522 523 529 535 536 537 538 541 543 551 559 
562 563 565 567 570 572 573 574 576 581 582 584 
589 590 593 601 605 606 608 611 614 618 620 621 
622 628 630 635 637 638 641 645 651 653 656 660 
664 667 668 670 674 681 696 699 700 701 704 705 
706 709 715 717 718 723 725 729 730 732 733 745 
747 753 754 756 765 766 767 772 775 789 794 799 
239
3 4 5 6 14 16 17 20 21 22 23 26 
30 31 38 46 50 52 59 70 73 75 78 79 
81 86 91 95 97 100 104 105 117 119 125 128 
133 142 143 144 150 152 162 167 173 178 181 182 
184 189 194 203 204 205 206 208 210 211 215 216 
230 231 235 236 254 258 259 260 261 262 266 270 
271 274 292 293 299 304 305 309 310 314 316 320 
323 324 325 326 327 334 337 340 341 342 344 346 
348 351 353 356 363 365 371 376 381 389 394 395 
398 400 402 404 406 409 410 415 422 423 425 426 
427 428 429 434 436 438 442 447 450 454 457 458 
461 462 463 464 466 467 471 472 474 479 484 485 
488 493 496 497 498 501 509 515 516 521 524 529 
535 538 541 543 545 547 548 550 551 552 556 560 
562 565 574 575 576 583 588 589 590 591 599 600 
603 605 606 608 610 611 614 616 619 625 630 631 
635 638 644 645 646 649 652 654 657 658 672 674 
677 682 685 689 694 698 701 704 705 711 715 716 
722 734 743 744 747 750 752 757 758 761 764 769 
770 775 776 786 787 788 790 792 794 796 799 
232
1 4 7 8 15 19 21 22 23 25 28 31 
32 33 34 37 40 43 46 48 50 51 52 57 
60 64 66 81 92 99 105 110 116 117 125 136 
147 150 153 156 157 160 161 165 167 174 175 181 
182 187 189 197 198 200 201 203 209 213 227 228 
229 231 233 238 239 240 241 242 243 244 247 261 
265 267 268 269 272 273 278 281 287 289 291 298 
299 300 310 311 312 314 319 320 325 329 332 333 
340 346 357 363 367 374 382 383 384 395 396 399 
401 403 404 406 410 412 428 431 433 436 437 439 
440 443 447 453 454 455 456 459 462 470 471 477 
479 483 484 504 505 508 509 511 513 515 517 525 
526 529 535 536 562 565 568 574 577 579 580 582 
586 588 590 598 600 601 602 604 605 608 609 616 
617 620 621 626 628 629 631 635 639 640 641 644 
647 648 654 656 661 666 668 669 671 672 674 682 
687 690 692 695 699 700 705 706 712 715 719 725 
728 729 730 731 732 733 737 740 746 753 759 762 
763 766 767 768 772 775 777 781 783 786 788 792 
794 797 798 800 
249
1 3 19 24 28 30 31 40 41 42 51 59 
61 63 66 75 76 77 86 90 91 94 96 97 
98 100 110 113 118 119 123 125 128 136 138 140 
142 145 146 148 150 161 162 165 167 170 172 177 
179 181 185 186 187 189 191 192 202 208 211 212 
215 217 218 219 221 223 224 226 227 229 236 239 
241 243 244 247 251 255 258 260 265 266 268 274 
275 276 279 282 284 290 294 297 300 304 305 311 
312 315 319 324 332 334 335 336 339 343 344 346 
347 353 355 358 359 364 365 366 368 369 370 374 
382 387 388 391 394 400 401 409 410 414 415 419 
421 422 427 431 432 437 438 447 449 452 459 461 
463 469 470 472 478 480 481 482 488 489 490 491 
495 499 502 503 506 508 509 512 515 516 519 528 
530 532 540 541 542 543 544 552 555 558 559 560 
563 564 565 568 571 573 574 583 584 585 593 595 
596 598 601 605 607 614 615 620 629 630 634 641 
642 646 655 657 658 663 672 673 676 677 679 680 
681 684 687 689 692 694 695 707 709 712 714 715 
722 728 731 741 742 745 747 752 758 760 770 771 
772 775 776 781 782 788 795 797 798 
241
2 3 5 8 9 20 25 26 27 28 29 30 
31 42 43 44 45 48 50 52 55 57 61 67 
68 70 72 73 78 79 83 86 87 95 102 104 
108 111 115 119 130 134 139 142 144 145 151 153 
154 156 158 159 160 165 168 169 171 172 173 176 
181 189 192 195 196 199 201 205 208 213 216 221 
226 237 238 239 241 246 247 254 255 259 262 264 
265 276 278 282 287 291 294 295 298 303 304 307 
309 321 331 333 336 340 341 342 343 344 349 351 
353 354 355 357 360 364 367 371 384 385 394 397 
400 404 409 411 417 420 424 428 433 436 437 438 
445 446 447 450 455 458 465 466 471 472 473 480 
481 486 494 495 497 501 508 511 513 518 519 520 
525 526 532 536 538 540 541 542 543 545 548 552 
554 556 558 560 561 562 576 580 585 587 592 594 
595 599 602 603 607 616 618 627 630 634 635 639 
643 645 646 647 650 657 658 662 667 668 672 676 
677 678 680 681 692 695 703 706 710 720 723 725 
729 733 737 739 744 747 749 750 752 757 761 767 
769 770 773 776 778 779 780 786 790 795 796 797 
800 
247
3 12 20 21 22 26 36 37 38 40 42 43 
47 50 54 57 58 60 65 66 73 76 77 82 
85 92 97 98 103 104 106 111 112 114 126 136 
148 149 153 155 156 157 158 159 162 163 165 170 
175 177 181 185 187 190 193 194 200 201 203 205 
209 210 211 217 218 219 221 228 234 237 240 243 
249 254 258 263 264 268 278 282 283 287 288 290 
292 297 300 303 308 310 311 312 313 315 320 323 
324 327 328 330 331 334 340 343 346 347 349 351 
352 355 359 360 361 371 372 373 377 381 382 383 
385 390 398 401 406 410 417 420 424 429 430 433 
435 438 440 441 444 446 447 453 456 462 463 466 
474 475 476 477 478 479 481 484 487 490 492 495 
496 499 503 506 510 514 515 518 521 522 523 525 
530 538 540 545 547 550 552 558 562 563 565 566 
569 570 575 576 578 585 587 595 599 601 602 605 
607 608 610 617 619 620 626 628 633 634 635 638 
639 643 648 657 670 672 674 680 686 688 696 700 
705 707 708 717 721 724 726 731 733 737 738 742 
743 747 749 750 751 761 763 764 771 774 777 778 
782 787 792 796 797 799 800 
252
7 14 17 20 21 23 27 28 33 40 45 49 
50 53 63 64 67 68 69 73 74 78 83 86 
87 90 91 95 98 102 107 111 112 114 115 116 
120 121 125 130 133 136 144 146 147 150 152 166 
169 175 178 180 181 187 191 192 194 207 212 217 
220 221 223 225 227 228 230 231 234 240 241 245 
249 250 256 257 259 260 265 268 270 273 275 278 
281 284 285 290 293 297 301 306 309 311 314 323 
327 332 334 335 339 341 343 344 345 347 349 350 
355 358 359 362 368 370 372 374 376 383 386 388 
390 394 396 400 407 409 414 417 420 421 423 427 
428 432 440 442 443 444 449 456 457 462 463 465 
469 473 476 480 483 484 486 487 490 491 496 505 
506 507 508 511 516 518 519 523 526 529 530 531 
533 536 537 542 550 552 562 565 570 574 575 583 
584 595 597 602 605 608 609 611 612 613 615 616 
617 621 622 625 632 634 645 646 647 650 655 657 
659 660 661 664 668 669 674 676 677 680 682 684 
685 689 691 693 702 712 713 717 718 719 721 725 
727 728 729 730 733 737 738 749 752 760 766 768 
769 771 772 776 778 785 786 790 794 796 797 800 
241
7 13 15 16 28 31 32 34 37 41 42 44 
45 50 56 57 63 64 68 70 71 74 76 77 
79 82 85 86 94 96 109 110 111 114 116 122 
125 138 139 144 146 158 160 162 163 173 175 179 
181 183 184 185 187 188 189 192 194 195 197 198 
202 203 205 209 213 217 218 219 227 228 234 235 
236 238 239 241 242 248 249 250 251 252 257 259 
262 265 268 271 274 275 278 279 283 285 292 293 
302 303 305 308 311 312 322 324 326 327 332 333 
336 339 342 343 347 350 355 361 368 369 371 381 
382 385 387 390 391 398 402 403 406 411 415 418 
421 425 426 427 429 439 440 441 443 444 445 447 
459 471 476 479 482 487 490 492 493 503 505 506 
508 509 510 511 513 515 517 518 522 523 524 529 
532 534 535 536 537 538 540 542 545 546 547 553 
557 559 563 564 566 567 573 574 586 587 590 599 
600 604 608 609 610 612 619 621 627 628 636 638 
639 644 650 651 654 656 664 667 670 671 676 685 
686 687 702 719 727 730 731 736 738 739 740 745 
747 750 752 753 760 766 769 775 780 787 789 792 
793 
256
1 4 5 6 8 9 10 12 13 14 16 28 
30 31 36 42 44 45 46 47 51 53 55 57 
63 67 69 71 73 74 75 77 78 98 99 101 
102 103 112 114 118 120 123 124 133 135 136 154 
159 160 162 167 169 175 177 180 181 182 185 187 
190 191 193 203 204 208 211 215 217 218 222 224 
228 229 232 236 240 244 245 246 248 253 257 258 
262 264 267 273 277 282 283 288 292 295 296 298 
302 303 305 306 310 313 314 315 317 319 322 323 
324 326 338 339 345 347 349 351 352 354 356 358 
361 373 379 384 386 387 396 403 404 405 410 415 
422 425 426 427 428 434 435 437 438 439 440 441 
449 452 455 456 460 463 464 467 471 474 482 495 
500 506 511 512 513 526 528 529 530 537 538 539 
541 546 547 549 550 552 553 555 556 562 563 565 
566 569 573 574 576 580 585 586 588 591 592 594 
599 603 604 613 619 620 622 623 624 626 630 631 
634 636 637 641 642 644 650 651 655 657 658 668 
669 671 672 679 688 690 692 696 697 698 715 719 
720 722 729 733 735 736 739 743 745 746 747 749 
750 752 753 754 755 757 758 767 769 771 775 776 
782 793 798 800 
238
1 3 4 10 11 12 15 16 17 22 25 29 
30 32 34 35 36 37 42 48 52 54 59 60 
63 64 66 73 78 81 83 88 101 103 105 108 
115 121 122 123 126 127 137 140 141 144 145 146 
150 152 157 158 169 170 176 179 187 190 191 196 
199 203 204 210 211 213 215 216 226 229 231 235 
236 237 238 245 256 257 258 264 266 268 270 272 
273 278 288 290 298 299 300 303 304 305 307 310 
312 315 320 324 325 326 328 333 341 345 346 358 
365 366 367 370 388 389 390 391 392 395 397 399 
401 403 411 413 414 418 419 421 425 433 438 439 
441 442 444 445 450 458 461 462 465 469 473 475 
483 488 490 495 496 497 499 502 506 509 512 513 
516 521 522 525 529 530 532 534 535 536 541 542 
543 544 546 551 556 557 558 566 573 579 586 589 
593 595 603 605 609 615 618 621 622 623 628 632 
634 635 638 643 644 645 647 649 651 653 658 659 
666 667 668 676 678 681 691 693 696 697 711 712 
714 722 731 733 736 737 739 744 746 753 760 762 
764 770 772 774 778 779 782 783 795 796 
219
6 8 9 12 15 17 22 27 44 48 51 64 
65 70 75 76 86 87 91 99 103 114 122 123 
124 130 134 136 141 146 149 151 153 155 159 161 
162 180 182 185 188 190 191 192 195 199 203 206 
210 216 217 221 226 232 235 236 240 244 246 247 
260 266 270 271 272 274 285 294 298 299 303 308 
309 310 311 314 316 317 320 330 331 334 335 341 
343 347 348 349 352 355 356 365 370 371 372 373 
376 381 382 383 384 386 400 404 408 409 411 413 
418 420 431 436 449 450 455 459 463 464 470 471 
474 477 478 481 491 493 496 497 498 499 500 509 
515 516 517 519 520 525 527 528 531 532 533 534 
535 543 550 555 559 567 571 572 578 584 589 592 
593 594 596 607 613 614 619 624 625 628 631 638 
643 645 646 647 657 662 663 666 667 668 674 681 
684 685 687 688 690 691 693 701 703 705 709 710 
715 722 723 724 727 728 729 732 734 740 743 744 
745 748 750 758 759 762 769 770 773 777 778 779 
783 795 799 
242
3 5 6 7 9 11 13 20 21 23 26 28 
31 33 35 38 44 45 46 48 49 54 56 57 
59 65 67 68 72 73 74 76 85 90 92 95 
100 101 102 106 108 109 110 111 113 116 117 118 
122 125 127 129 134 137 138 139 142 146 147 152 
153 155 158 161 166 169 170 176 177 183 184 186 
187 189 193 197 202 203 204 212 219 221 230 231 
232 233 240 243 247 252 256 260 263 268 272 273 
276 278 280 282 290 293 300 302 303 305 315 318 
321 324 327 330 332 334 336 340 342 349 355 358 
360 366 368 369 374 382 386 389 393 394 395 401 
405 406 407 408 409 410 412 413 414 421 424 431 
439 440 446 451 453 459 461 465 472 475 478 483 
487 489 491 492 504 508 509 513 514 519 520 521 
526 530 533 539 543 552 553 556 561 565 569 574 
575 580 581 589 590 591 595 596 598 599 600 601 
612 614 617 625 626 628 631 636 638 647 652 653 
660 662 666 667 668 673 676 678 680 686 688 699 
704 714 715 718 721 722 724 725 730 733 734 735 
736 737 746 747 749 752 759 775 782 784 787 789 
794 796 
232
1 3 6 10 11 14 17 18 29 31 37 39 
42 45 50 53 59 61 62 68 71 75 76 78 
79 87 90 93 96 99 101 104 107 111 112 113 
114 123 125 129 130 134 141 147 148 150 152 153 
155 156 157 159 174 183 185 190 192 193 194 198 
204 210 214 215 218 224 225 227 228 234 259 262 
274 277 279 284 285 286 287 288 289 294 305 314 
317 321 325 326 330 339 342 343 346 350 356 357 
368 373 375 377 379 382 383 385 386 392 395 398 
399 400 405 410 416 421 425 431 436 437 441 442 
443 447 449 454 455 472 473 478 479 491 495 500 
506 508 510 511 515 518 522 526 527 528 532 535 
541 543 545 549 552 554 555 556 561 563 564 565 
566 568 570 578 580 588 591 592 593 595 596 606 
611 612 618 625 627 631 632 635 637 638 640 642 
644 645 652 653 655 656 660 664 665 667 674 676 
683 685 686 687 688 689 694 698 700 702 704 707 
712 716 718 720 722 724 729 735 736 739 741 742 
750 755 757 760 761 762 763 764 765 778 781 783 
790 796 797 800 
238
2 6 9 11 13 15 24 30 33 37 41 42 
43 44 45 49 50 52 57 61 62 64 72 75 
78 79 81 82 83 84 94 96 103 105 109 115 
119 122 127 129 131 133 139 141 144 147 150 151 
153 157 159 160 161 164 171 178 181 184 190 197 
202 208 213 215 216 217 221 226 227 229 234 235 
242 243 245 249 252 256 264 274 275 276 278 280 
286 298 299 303 306 312 320 325 326 329 331 332 
336 337 341 343 347 350 354 356 357 363 366 370 
374 376 380 381 382 384 386 389 390 392 393 395 
397 399 400 408 409 410 411 413 420 423 425 426 
431 433 437 441 442 443 447 450 458 460 461 466 
469 472 479 481 483 501 502 505 508 515 516 517 
521 522 526 529 539 544 547 554 559 560 563 567 
573 574 578 580 583 585 595 596 602 603 606 607 
613 620 626 627 628 629 632 634 642 643 647 649 
652 654 656 657 674 676 680 683 693 695 705 708 
710 711 714 715 716 718 721 724 726 729 732 734 
737 739 743 745 748 756 757 758 760 762 766 768 
772 774 777 779 783 784 789 791 793 798 
240
4 5 9 10 11 12 17 20 23 25 29 31 
32 42 51 54 55 57 59 66 69 71 73 74 
81 85 91 98 100 105 106 107 111 113 121 128 
129 132 140 146 149 150 151 159 163 164 167 169 
170 182 183 185 186 190 191 192 199 208 210 211 
212 213 216 217 218 222 223 225 231 232 233 236 
238 239 241 242 243 248 250 251 253 263 264 267 
268 272 273 275 276 281 288 289 291 294 297 299 
302 313 326 333 336 337 338 345 352 355 359 360 
363 367 369 373 375 382 387 388 397 398 399 402 
405 406 407 410 411 415 417 418 429 430 435 436 
442 443 444 447 453 454 456 458 464 471 473 475 
477 489 491 493 494 499 500 502 503 508 516 521 
522 528 529 532 538 540 545 546 548 556 559 564 
565 567 573 576 579 580 584 585 586 587 594 595 
599 600 605 606 617 622 623 625 632 633 635 637 
645 647 650 654 662 663 665 673 679 681 685 686 
687 688 691 692 694 695 699 703 707 709 711 714 
716 717 722 724 730 734 737 739 742 744 745 749 
752 761 762 763 767 769 770 774 777 781 791 799 
232
2 3 5 6 7 13 14 15 17 20 24 26 
28 29 32 38 46 58 59 60 65 70 71 80 
81 83 87 92 96 101 102 111 114 115 118 121 
123 131 133 137 138 141 145 148 152 155 156 164 
167 169 177 181 182 183 185 188 189 195 196 197 
198 199 206 213 215 216 218 222 227 228 230 234 
240 241 244 246 252 254 260 264 266 269 270 272 
276 284 291 303 311 313 315 316 320 322 327 328 
331 332 337 338 339 340 341 342 346 349 352 355 
357 358 361 366 367 373 381 382 389 415 420 424 
427 430 432 434 440 443 446 452 453 461 464 466 
468 469 474 475 478 483 484 485 486 488 493 495 
496 499 510 515 516 523 536 538 543 547 548 551 
557 571 575 576 577 580 583 586 587 588 589 596 
597 604 606 610 613 620 623 628 630 647 648 650 
654 657 658 664 666 670 672 674 676 678 679 680 
683 685 689 695 700 707 709 711 712 714 718 720 
723 730 731 732 734 740 741 742 744 747 752 753 
754 756 757 758 766 776 780 781 783 792 793 795 
796 798 799 800 
241
1 5 10 11 12 22 28 31 42 49 51 52 
53 55 57 58 62 64 79 84 87 88 98 100 
104 106 111 115 122 124 126 129 134 135 136 138 
140 144 145 146 159 165 169 173 175 180 181 183 
186 189 192 193 197 199 200 202 204 206 209 210 
211 212 221 225 227 234 235 237 239 241 243 247 
248 252 253 256 257 259 262 263 267 274 279 282 
283 284 285 293 294 295 297 299 302 305 307 316 
318 320 322 323 325 330 332 335 337 343 346 348 
349 351 355 359 364 365 366 376 381 392 394 396 
398 405 412 416 418 419 420 434 435 439 444 446 
447 451 454 462 467 469 471 473 476 481 483 485 
487 492 495 504 509 515 524 527 529 530 535 542 
544 545 550 551 552 555 558 559 563 569 573 575 
576 577 586 588 592 598 599 602 606 619 620 623 
625 626 627 629 630 635 638 644 645 646 649 654 
655 656 657 666 669 672 676 677 678 681 683 684 
687 688 689 691 692 693 694 700 704 706 708 713 
715 720 721 727 731 732 733 734 737 742 743 752 
753 758 762 765 770 780 781 782 786 787 789 790 
796 
240
2 5 8 9 11 15 17 19 22 23 25 28 
34 40 41 51 54 56 57 61 65 67 77 79 
81 86 89 90 96 98 100 106 109 110 112 114 
115 116 117 122 131 133 140 142 144 145 148 149 
164 165 166 170 171 177 188 189 194 197 201 202 
203 206 211 214 217 218 219 225 230 231 238 239 
243 244 248 249 253 260 261 262 265 267 271 274 
276 279 280 282 291 293 294 295 300 301 307 309 
311 313 319 322 325 327 331 332 335 342 343 348 
354 355 360 362 363 368 370 373 379 380 387 388 
393 395 397 407 408 413 419 424 429 434 435 436 
441 443 450 451 454 455 459 465 469 472 474 475 
490 493 494 496 497 498 504 507 509 511 514 522 
523 531 536 537 538 543 546 549 552 556 565 567 
572 573 577 579 582 586 587 590 593 595 598 608 
610 611 613 615 617 620 624 625 638 640 643 644 
645 649 654 658 662 669 670 674 675 678 679 680 
682 683 684 688 696 698 701 702 704 705 706 712 
717 725 726 736 739 740 742 744 748 755 759 760 
769 771 772 773 774 775 778 783 787 794 798 800 
243
2 3 5 6 7 8 10 22 28 30 32 35 
36 37 40 45 46 49 50 51 54 62 63 65 
73 75 77 78 84 90 91 92 95 96 97 99 
106 110 111 113 117 118 119 124 126 129 130 134 
138 140 143 144 150 155 156 158 162 163 164 165 
168 171 173 175 179 180 183 184 186 193 196 211 
212 214 224 228 229 230 232 234 237 251 254 256 
259 261 268 273 277 280 284 287 288 289 295 297 
299 305 309 314 316 318 319 323 324 327 333 340 
350 353 354 356 368 378 381 384 389 391 392 400 
402 407 409 413 414 416 420 421 424 426 431 435 
440 445 453 455 458 459 462 463 473 474 475 477 
478 481 483 488 490 491 495 496 497 500 507 511 
515 521 525 527 532 536 538 544 550 552 555 557 
558 561 563 568 575 580 581 582 583 589 590 592 
594 596 598 600 602 605 610 612 614 616 618 619 
622 624 626 628 635 639 643 647 652 653 656 659 
664 667 672 673 676 679 681 689 690 696 699 702 
703 709 710 713 718 721 724 729 730 743 748 750 
751 759 761 764 767 770 777 778 781 783 790 792 
793 795 799 
241
4 9 14 16 17 22 24 30 32 36 41 45 
47 48 49 52 53 57 63 65 68 69 79 84 
85 91 92 96 100 101 102 104 108 112 114 116 
121 122 125 126 127 128 129 132 134 141 144 148 
149 152 153 157 162 168 169 172 178 183 184 185 
188 202 204 208 211 212 214 218 227 231 232 234 
238 240 241 242 248 253 258 272 281 284 293 297 
300 308 309 311 316 319 321 322 326 327 330 333 
337 339 341 347 348 351 353 358 359 360 365 367 
368 374 379 380 381 388 389 390 394 397 401 403 
405 407 408 413 420 421 430 433 434 441 448 449 
450 456 458 463 464 468 470 475 476 477 478 481 
483 484 487 491 492 496 497 499 500 501 502 504 
507 508 509 511 519 527 532 533 536 537 540 542 
546 548 552 557 559 564 565 567 568 569 578 580 
582 587 588 594 601 606 611 612 615 616 619 620 
625 628 631 632 634 643 647 648 651 653 654 657 
658 659 664 667 669 671 672 673 675 677 678 699 
703 712 716 729 732 733 734 740 742 743 748 749 
757 758 760 761 767 770 773 774 788 789 790 791 
796 
246
7 15 20 22 28 30 34 41 42 46 48 49 
55 56 57 59 61 67 69 70 72 86 87 88 
89 95 97 98 99 101 102 111 115 117 118 121 
125 127 128 129 131 132 140 143 148 150 151 153 
154 158 161 166 168 169 170 175 176 182 200 206 
207 210 212 218 219 221 224 225 228 229 233 239 
241 242 245 248 251 252 253 255 258 266 270 271 
273 276 280 286 287 288 291 295 298 301 303 316 
318 319 322 325 328 340 351 354 359 360 363 368 
373 374 376 379 384 388 392 394 398 401 403 404 
405 406 408 409 412 414 415 418 420 429 431 433 
440 441 450 453 458 460 465 469 471 480 482 483 
484 486 494 501 503 504 512 515 516 518 522 525 
528 531 532 534 537 541 543 544 547 550 553 556 
557 558 560 563 565 570 574 576 580 582 584 588 
592 594 599 600 603 604 605 609 610 615 617 621 
622 623 631 632 637 642 643 653 654 671 673 674 
675 679 681 682 683 687 689 692 695 696 697 698 
699 700 702 705 707 711 713 724 725 732 739 744 
756 759 764 767 768 774 776 777 778 779 781 783 
788 790 791 792 793 795 
266
2 5 7 11 15 17 20 21 23 24 25 26 
29 30 31 40 47 49 51 54 57 59 63 64 
65 68 70 71 78 79 81 86 88 89 90 96 
97 102 106 111 112 114 118 120 124 125 131 132 
133 135 141 149 156 157 158 160 164 166 167 176 
182 185 189 190 198 205 206 210 214 219 220 221 
222 224 227 228 229 231 233 234 236 237 238 239 
241 244 250 257 258 259 265 268 270 275 277 280 
286 287 292 293 294 297 299 301 305 309 310 311 
313 324 326 328 330 331 336 339 344 345 349 350 
353 356 360 365 367 368 372 373 374 381 385 386 
387 391 396 405 408 411 412 413 415 426 427 434 
438 440 446 447 454 459 461 463 465 466 467 473 
476 478 481 486 491 497 499 501 502 508 510 511 
513 516 524 525 529 536 542 546 547 548 556 559 
560 561 568 569 578 580 582 584 586 588 589 590 
594 596 601 604 608 612 615 616 617 621 623 630 
632 634 635 637 640 641 642 644 647 648 652 654 
655 659 661 664 666 667 669 672 677 678 681 682 
683 685 686 691 692 693 699 700 702 703 715 716 
721 725 732 734 736 745 749 753 755 758 759 762 
768 769 773 775 776 777 782 783 788 789 791 794 
798 799 
252
1 7 17 18 21 22 24 27 40 41 42 43 
46 48 49 50 51 53 55 59 61 67 72 73 
82 86 89 93 96 97 98 99 101 102 103 104 
105 106 109 125 126 129 130 132 137 143 144 149 
159 161 166 177 178 180 181 186 189 192 198 202 
206 210 220 223 228 229 233 240 242 243 244 246 
247 248 249 251 255 260 267 268 274 275 276 277 
278 280 282 286 287 288 291 294 301 303 304 308 
311 313 317 325 327 331 332 335 336 338 340 353 
356 358 359 361 367 376 387 392 398 402 405 407 
409 412 422 424 425 431 436 441 447 450 453 456 
459 462 467 469 471 475 476 477 480 482 493 507 
508 512 513 518 519 524 525 527 529 531 537 543 
544 545 547 549 551 557 558 559 565 566 567 572 
573 574 576 577 578 581 584 587 592 593 595 596 
598 607 611 612 620 621 622 629 632 633 647 648 
649 651 652 653 654 656 657 664 666 671 672 676 
678 679 680 684 687 688 689 690 692 695 697 700 
701 705 706 707 708 709 712 715 719 720 726 727 
730 731 734 735 738 743 744 748 750 753 758 763 
769 770 772 773 776 778 785 788 792 796 799 800 
242
8 11 12 15 19 20 22 23 26 28 30 35 
37 41 44 53 54 55 56 57 63 66 72 73 
77 79 81 85 90 95 100 101 102 104 105 107 
114 121 122 132 137 141 143 146 150 151 158 164 
165 169 170 171 176 177 184 187 188 189 192 194 
203 206 208 211 214 215 216 217 218 222 223 225 
229 232 234 236 237 243 248 253 254 260 263 264 
272 274 277 283 286 287 288 289 290 291 293 294 
306 311 316 321 323 324 331 332 334 335 337 340 
342 343 348 349 350 351 356 364 369 371 375 377 
378 382 387 388 391 395 398 401 404 411 419 427 
429 432 433 434 435 437 442 446 455 458 459 463 
465 466 467 473 475 478 480 486 488 489 497 500 
505 506 508 511 516 517 523 524 529 530 531 532 
536 539 547 548 549 550 555 560 562 564 578 585 
589 590 592 596 597 598 599 609 612 613 614 619 
630 633 637 640 641 642 643 644 645 647 648 656 
657 658 659 661 665 668 669 672 676 677 680 683 
696 697 700 703 705 716 717 729 731 735 736 743 
747 752 754 761 764 770 773 776 778 779 785 787 
788 796 
230
1 3 4 5 11 18 22 24 25 27 31 45 
46 50 53 55 62 63 67 73 74 75 76 81 
83 86 90 98 109 112 114 120 124 128 130 132 
138 144 145 150 165 171 172 173 179 181 183 190 
191 192 197 198 208 210 213 214 219 224 226 227 
230 236 237 240 245 246 256 260 264 265 269 270 
272 273 274 275 279 280 281 282 286 288 294 297 
304 306 308 310 314 317 318 328 331 335 336 337 
339 343 347 349 353 354 362 372 375 378 383 385 
388 399 401 402 403 405 408 409 411 419 423 424 
425 427 429 430 435 436 441 444 448 450 456 463 
465 467 477 479 480 483 488 490 494 496 502 503 
510 511 512 513 514 515 517 518 522 525 527 530 
531 534 536 537 540 545 547 549 552 553 568 573 
575 576 578 583 590 593 594 604 605 609 619 621 
625 628 629 630 637 642 644 647 654 655 657 663 
664 672 678 680 681 684 687 698 701 702 710 711 
712 714 715 718 723 725 726 727 731 735 738 741 
743 746 748 753 760 765 772 773 775 785 796 797 
798 799 
255
8 9 10 13 15 16 17 19 21 26 31 32 
33 34 35 37 39 43 46 48 50 53 59 66 
69 73 81 82 88 89 90 95 96 98 100 103 
110 111 114 122 125 127 130 136 138 140 146 148 
150 155 161 165 166 167 168 175 177 185 186 188 
189 190 191 193 196 199 201 208 214 215 217 219 
230 233 235 237 238 240 245 252 254 255 256 259 
260 264 267 272 275 276 278 281 282 283 284 288 
293 297 299 303 307 311 313 319 320 322 327 331 
332 334 339 342 344 348 349 350 356 358 361 363 
364 365 367 368 375 380 382 388 390 394 402 409 
423 425 426 427 429 431 434 437 439 441 442 445 
447 448 454 457 458 459 460 464 468 470 473 482 
487 490 492 493 495 496 497 501 506 509 510 513 
516 517 519 525 526 528 530 536 539 540 544 555 
556 560 564 565 567 573 575 578 580 593 596 598 
599 602 603 604 612 617 620 621 625 627 635 638 
640 641 642 645 646 650 655 657 658 659 660 665 
668 670 676 677 678 681 687 688 689 690 691 694 
700 702 706 707 709 710 712 715 718 726 738 740 
741 752 754 756 757 758 761 770 776 780 782 787 
788 789 799 
230
1 7 9 12 14 18 19 24 26 28 32 49 
50 53 56 64 67 76 78 80 83 87 88 93 
94 95 97 103 110 113 122 129 131 132 136 137 
140 144 148 151 160 162 163 165 166 168 169 170 
174 178 180 184 186 188 189 193 195 196 197 199 
202 209 213 217 218 220 223 226 231 234 238 239 
240 241 242 243 249 251 254 255 259 262 263 265 
268 269 283 291 294 296 301 305 307 308 310 318 
319 320 321 323 325 333 338 343 346 347 349 352 
356 360 361 364 365 367 375 376 387 393 396 398 
401 406 408 409 410 412 419 421 423 424 428 430 
434 439 441 442 445 459 460 465 471 477 484 486 
493 495 496 498 499 500 502 506 509 511 512 518 
527 528 535 536 544 546 549 555 558 562 567 575 
576 578 582 586 590 593 594 604 608 609 612 613 
614 619 620 623 628 629 636 639 643 647 655 656 
658 660 663 666 672 673 674 677 679 683 685 688 
697 698 700 701 706 709 712 715 716 724 734 737 
746 754 762 765 766 768 769 774 776 778 782 786 
792 798 
233
2 9 10 13 15 17 18 20 22 24 25 28 
29 36 40 44 49 53 56 59 62 64 65 69 
70 71 73 74 76 82 91 92 94 98 103 104 
116 117 125 128 134 135 137 148 152 161 167 170 
173 175 186 190 191 195 196 198 199 200 202 203 
204 206 213 214 215 217 218 220 221 225 228 241 
242 245 248 249 250 254 261 262 269 275 278 280 
285 288 294 296 297 298 304 308 319 323 324 330 
331 339 343 347 349 350 351 353 356 357 360 361 
364 370 378 387 390 391 392 393 394 396 402 405 
411 413 414 419 421 424 431 432 435 436 440 441 
446 447 449 462 464 473 477 478 479 483 484 492 
493 497 507 511 516 522 523 524 528 530 550 554 
556 557 558 563 566 571 577 580 581 583 584 597 
600 602 608 609 610 611 613 618 619 621 625 627 
636 638 644 652 653 656 657 659 663 667 669 670 
676 678 684 685 687 694 700 706 707 711 714 717 
720 726 729 730 731 736 738 740 747 748 751 752 
754 757 759 763 764 768 770 772 778 784 785 786 
787 788 791 795 798 
243
3 8 13 14 17 18 25 27 28 29 35 41 
44 45 47 50 52 54 64 65 66 82 86 89 
90 97 98 102 105 111 112 117 123 124 127 129 
130 132 141 144 148 149 150 152 155 156 157 159 
166 169 173 184 186 188 190 198 200 204 206 210 
214 215 231 234 235 238 241 243 248 250 254 257 
259 260 264 265 266 268 269 274 277 278 288 293 
295 301 302 304 308 310 312 316 319 323 327 331 
335 342 343 347 348 354 357 361 362 363 364 366 
368 371 372 383 386 387 396 398 401 402 403 409 
410 413 420 423 424 427 429 430 432 433 436 438 
439 441 453 455 463 469 477 478 479 483 491 495 
496 505 513 516 518 520 523 526 529 531 532 538 
545 554 555 557 559 565 571 572 573 574 576 580 
581 584 586 588 590 594 597 602 603 609 611 614 
617 622 623 627 632 633 635 638 641 642 646 647 
650 653 663 664 668 670 672 673 680 681 685 690 
692 694 695 697 703 704 705 706 708 710 715 729 
732 733 734 736 737 738 739 744 747 757 758 759 
762 767 771 773 775 776 781 782 787 789 790 792 
796 798 799 
255
1 4 11 16 18 20 24 25 28 31 34 37 
42 43 44 46 47 48 49 53 59 60 61 63 
65 66 67 72 73 74 75 80 81 87 89 91 
96 98 100 103 109 118 119 121 124 128 130 132 
133 135 143 147 150 153 159 160 164 165 168 170 
173 177 179 185 187 192 198 200 207 210 212 214 
216 217 218 220 221 223 230 234 235 237 238 242 
245 255 261 262 264 265 268 269 270 271 280 281 
283 285 289 294 299 301 304 307 308 327 328 329 
333 337 339 346 351 353 358 359 361 363 367 368 
375 379 387 390 393 400 402 403 404 407 409 411 
413 414 417 419 422 425 426 427 428 431 436 445 
456 458 460 461 464 465 467 468 480 485 488 491 
492 495 497 499 503 506 507 512 516 517 519 520 
523 528 529 530 534 535 537 540 549 552 553 554 
555 561 563 564 569 571 574 578 583 585 593 603 
604 606 609 610 612 613 618 619 622 624 628 634 
637 642 645 649 650 652 655 656 658 662 670 677 
680 681 682 685 687 689 691 692 695 698 699 701 
704 711 712 714 717 722 723 727 738 740 742 743 
751 755 756 759 762 768 770 776 778 779 781 786 
788 796 800 
253
1 2 8 10 12 15 16 20 22 26 32 33 
35 38 44 47 54 56 57 58 59 62 64 73 
74 78 80 86 90 91 92 95 99 101 103 105 
108 112 114 116 119 125 127 128 129 131 135 141 
142 145 150 153 157 160 163 165 166 171 173 174 
175 178 179 180 183 187 188 192 195 197 198 199 
200 205 208 210 211 216 217 218 224 232 238 239 
240 241 249 255 257 258 259 263 265 267 268 274 
275 279 287 292 294 304 305 310 311 315 318 319 
322 325 327 328 337 339 343 344 347 348 354 360 
363 365 368 374 375 376 377 380 384 385 392 400 
401 407 409 413 421 424 439 440 441 446 461 462 
464 465 467 478 479 480 481 486 489 492 495 497 
505 506 510 514 515 516 519 520 524 526 531 533 
534 535 536 542 549 553 557 560 562 575 576 577 
579 581 582 583 584 591 593 598 599 600 602 607 
609 624 626 627 628 629 630 632 634 640 642 646 
653 654 655 661 667 669 671 672 673 674 675 684 
687 688 689 690 691 693 694 699 702 707 709 713 
718 719 730 733 735 739 740 742 743 750 754 757 
758 765 769 770 773 778 780 782 785 789 792 793 
797 
248
2 6 8 9 12 15 17 23 25 26 28 30 
32 33 36 39 40 44 47 54 58 61 63 66 
70 75 78 80 83 85 97 98 103 105 108 109 
110 114 116 117 118 130 131 136 143 148 149 155 
162 168 175 183 184 186 188 190 191 194 195 202 
203 204 209 218 219 220 222 225 226 227 232 239 
241 245 257 258 259 260 262 264 267 270 271 280 
284 290 292 296 300 301 303 305 307 308 316 317 
318 322 327 333 347 348 349 351 355 356 358 360 
365 372 373 377 378 381 382 384 386 393 394 397 
400 403 408 418 420 426 429 430 431 435 437 440 
444 446 449 455 458 461 462 465 467 473 474 476 
478 479 486 489 495 498 499 500 502 510 511 521 
522 526 533 536 538 540 542 543 546 550 554 555 
557 561 562 565 569 572 576 577 578 583 586 587 
588 591 592 594 596 600 604 607 610 613 618 619 
640 642 646 647 649 651 655 656 657 660 663 668 
670 674 677 678 683 686 694 696 698 699 702 704 
707 709 717 719 724 726 728 731 732 733 734 736 
737 741 745 752 754 755 766 767 768 771 773 776 
781 782 784 787 791 793 794 798 
254
2 4 11 16 17 18 20 22 25 27 29 31 
33 38 41 44 46 51 58 59 62 68 78 80 
81 83 84 86 88 90 98 99 105 108 110 113 
122 123 126 128 130 131 135 139 140 142 145 147 
148 152 155 157 162 165 166 168 170 171 175 180 
190 197 198 201 203 214 221 226 227 232 241 245 
247 248 250 258 259 264 266 270 277 281 283 290 
292 296 302 306 308 312 316 318 320 322 323 332 
333 335 337 338 340 342 352 354 360 361 362 365 
367 370 373 375 381 386 394 400 403 404 408 413 
415 417 419 422 425 427 433 434 435 441 447 451 
453 454 455 456 457 458 460 461 463 468 473 479 
481 487 488 489 496 498 507 513 515 524 525 527 
529 532 535 537 539 546 555 556 558 561 565 572 
575 579 592 593 594 595 597 598 605 610 611 613 
614 617 618 620 621 622 624 625 630 641 645 649 
650 652 653 654 657 659 660 662 665 666 667 668 
669 675 676 677 680 683 685 687 691 694 696 698 
701 706 709 718 719 720 723 726 730 736 737 738 
742 743 744 748 751 752 753 755 758 760 762 764 
766 768 771 774 775 778 779 780 783 785 791 792 
794 796 
253
1 3 11 12 19 24 26 27 29 31 40 43 
44 46 48 51 52 57 67 71 73 74 78 85 
89 93 98 100 102 111 115 120 121 125 131 132 
134 139 140 144 146 147 150 151 152 154 155 162 
163 173 176 181 183 184 185 188 190 195 201 206 
209 218 219 220 226 229 230 231 233 236 239 241 
243 246 247 250 256 258 259 265 273 274 275 279 
284 286 287 292 295 299 304 306 307 309 312 314 
315 317 318 320 322 323 330 331 332 333 334 337 
340 341 347 350 351 355 357 358 360 364 367 368 
370 372 374 376 386 387 389 392 395 402 409 410 
413 414 415 417 419 422 427 428 432 438 445 452 
453 457 458 460 463 464 465 466 473 475 478 483 
484 486 487 488 489 490 491 493 495 505 506 507 
508 509 521 525 526 528 530 534 537 540 543 545 
549 563 564 565 569 572 574 583 584 589 590 591 
593 594 601 602 603 604 610 618 621 627 631 644 
645 647 648 654 658 659 665 668 669 674 675 679 
682 683 688 689 692 694 702 703 708 712 713 714 
716 724 726 727 728 731 735 737 740 744 747 749 
755 757 758 759 766 772 775 780 782 785 789 794 
799 
241
6 27 31 38 40 41 45 50 55 57 60 66 
75 80 81 83 93 96 97 98 101 102 108 109 
120 121 126 127 129 130 132 134 138 145 148 152 
157 162 163 165 166 169 171 174 176 177 178 180 
185 190 195 198 199 200 203 211 215 217 218 219 
222 223 227 228 230 231 232 238 239 243 246 247 
251 252 254 255 259 262 266 267 279 283 290 293 
297 301 302 305 307 308 317 318 324 325 328 331 
332 336 339 341 347 348 352 354 360 371 375 376 
379 381 384 386 388 390 393 394 395 398 399 405 
410 411 414 419 420 428 429 430 433 435 437 440 
446 449 451 453 454 458 462 468 469 473 474 475 
477 484 487 490 491 492 498 499 502 503 506 509 
514 520 522 523 528 529 531 532 534 537 540 549 
553 554 556 558 562 566 568 571 572 579 584 586 
596 599 601 606 607 608 614 616 620 627 630 632 
634 635 637 649 653 657 659 660 668 670 671 689 
691 693 696 697 698 700 701 704 711 714 715 718 
722 723 727 729 736 737 741 743 744 746 751 752 
756 759 760 761 764 772 774 782 784 790 791 792 
794 
225
3 4 6 7 15 20 23 24 25 36 38 41 
46 48 52 53 59 61 64 65 70 76 79 82 
85 87 100 103 110 112 120 123 124 134 135 137 
141 143 146 148 149 153 156 158 159 161 165 167 
173 177 181 184 186 197 200 201 206 211 212 214 
218 222 225 226 229 235 241 247 248 250 251 254 
264 270 272 277 278 279 283 284 286 291 296 299 
300 302 304 305 309 310 314 319 320 321 326 334 
339 340 341 345 350 354 358 361 367 372 379 385 
386 392 396 397 399 403 410 412 414 419 425 426 
427 428 434 436 442 446 449 451 453 455 458 460 
464 474 477 478 485 489 490 493 503 507 508 509 
513 514 516 519 522 523 524 525 527 530 532 533 
548 554 556 559 563 564 566 567 569 570 578 581 
586 587 588 589 590 594 599 603 607 608 619 621 
625 630 632 633 637 638 639 642 645 649 657 669 
670 672 674 680 690 694 696 697 705 706 709 710 
715 717 720 725 727 729 731 732 735 736 740 744 
747 757 764 765 767 774 777 789 799 
217
3 6 11 13 17 20 22 23 26 30 31 33 
37 38 40 41 44 46 47 54 55 57 59 60 
68 77 89 92 93 97 107 111 114 118 121 123 
125 131 138 141 142 148 149 155 160 163 168 169 
170 173 178 181 190 197 203 206 207 212 221 225 
235 236 243 245 259 260 266 270 271 272 273 276 
277 284 288 293 300 307 310 314 318 320 321 322 
324 326 329 332 339 341 346 349 353 356 360 362 
365 370 379 380 383 386 389 390 393 395 400 404 
406 412 413 417 419 421 424 427 433 435 438 446 
447 451 455 459 460 464 468 469 486 487 491 495 
498 501 503 507 510 512 516 519 538 542 544 546 
547 553 557 558 560 561 568 570 571 572 573 577 
578 579 580 587 588 592 594 595 600 604 608 609 
613 615 620 625 634 636 637 639 642 643 649 654 
657 659 661 663 669 672 678 679 680 682 686 693 
700 703 705 706 708 709 710 720 728 731 735 736 
738 739 741 742 746 760 761 764 781 787 790 796 
797 
252
3 4 5 11 15 21 22 24 31 33 34 35 
38 41 43 53 57 59 62 65 66 69 78 80 
81 83 91 93 95 106 107 112 114 115 118 119 
120 128 134 136 142 149 151 159 161 162 163 166 
167 168 169 173 177 179 182 185 190 194 205 207 
208 212 214 216 217 222 228 231 233 236 237 241 
242 245 247 248 249 254 255 261 266 270 273 288 
296 298 301 303 304 305 310 313 316 318 319 328 
329 332 333 337 340 341 344 347 348 349 353 357 
358 359 361 366 367 376 377 378 383 385 386 388 
391 394 396 398 399 400 407 412 413 418 420 423 
429 430 432 445 446 452 453 454 458 459 460 461 
462 470 471 477 484 485 487 489 492 495 496 501 
502 503 506 507 510 511 513 515 517 519 520 524 
525 531 532 533 544 545 551 553 561 565 569 570 
571 572 573 576 581 582 583 588 589 591 598 602 
604 607 612 617 618 620 621 623 630 633 635 640 
641 642 654 659 660 661 664 666 668 669 675 680 
683 684 686 691 695 696 700 712 720 722 723 724 
727 733 734 739 743 744 749 750 751 752 753 759 
761 766 767 775 779 786 787 789 793 795 798 800 
232
1 6 9 15 18 19 26 29 32 34 49 53 
55 62 64 66 67 68 80 81 82 85 89 90 
92 97 98 99 101 102 107 109 111 114 117 122 
126 131 148 153 154 157 158 159 164 171 178 179 
182 184 185 186 188 190 191 192 194 200 201 205 
206 209 210 211 216 218 219 220 222 224 226 227 
228 229 233 239 247 251 256 258 259 273 285 287 
288 289 292 297 299 304 306 318 319 320 321 327 
328 329 330 339 343 353 355 357 358 366 367 368 
373 375 379 383 386 388 394 399 400 403 404 405 
414 415 419 422 423 431 432 433 435 436 438 442 
444 452 453 455 457 468 472 476 479 482 484 485 
489 490 491 494 498 503 506 507 509 510 512 515 
518 519 524 525 526 530 534 542 547 552 555 564 
570 573 577 578 582 586 588 593 596 601 613 616 
619 620 623 625 630 637 645 649 650 651 652 653 
654 660 662 668 669 670 677 682 685 688 696 700 
701 704 707 717 722 724 729 730 738 741 743 746 
749 751 754 763 766 767 768 769 784 789 790 793 
795 796 799 800 
228
1 5 7 13 14 25 28 33 34 36 37 42 
43 52 60 64 65 70 72 73 81 82 90 91 
95 99 102 111 116 130 136 138 142 143 147 151 
155 158 161 172 178 181 185 187 190 193 194 197 
198 199 200 202 203 206 212 213 214 220 223 228 
230 232 233 237 238 240 249 252 254 256 258 264 
266 270 274 281 288 289 291 300 302 303 304 308 
312 321 324 325 326 327 334 336 338 340 349 350 
351 352 356 362 365 366 368 371 372 379 382 387 
391 392 394 396 397 399 403 417 418 419 431 434 
437 443 446 451 456 459 463 468 471 472 473 474 
475 476 482 483 489 491 492 495 501 507 512 516 
518 519 521 523 524 525 531 536 539 540 551 556 
567 568 570 576 578 588 592 593 594 600 601 603 
604 608 611 614 616 618 619 624 626 630 641 642 
646 647 648 649 650 653 661 668 670 677 682 685 
697 700 704 707 710 713 715 718 723 726 728 730 
731 734 736 737 740 741 742 744 746 756 764 766 
768 771 773 774 775 776 779 783 795 796 798 800 
230
12 15 20 21 25 34 37 39 46 50 56 59 
60 61 64 66 68 72 73 76 85 87 88 92 
95 101 103 104 105 110 115 118 119 122 125 128 
131 136 138 148 160 167 169 182 183 195 198 199 
207 208 212 216 230 236 241 247 249 250 259 260 
261 262 264 266 269 270 272 273 274 275 278 279 
292 299 300 301 302 306 308 312 313 315 317 318 
320 321 330 332 333 340 341 342 345 346 347 349 
353 355 356 361 365 370 377 380 381 388 400 401 
404 407 412 413 416 421 424 435 441 442 443 446 
447 449 451 452 454 455 459 460 461 467 468 469 
475 479 480 488 507 516 522 531 532 540 544 546 
547 553 562 568 570 571 575 577 578 579 582 583 
589 590 591 593 595 596 597 598 599 601 603 605 
607 608 609 611 613 614 622 626 628 633 637 638 
640 644 647 649 654 660 662 665 666 667 673 675 
676 681 685 687 691 693 698 701 707 709 711 712 
716 720 721 727 732 733 735 739 741 742 743 745 
750 755 757 762 769 770 772 780 783 786 788 790 
793 794 
250
1 12 14 19 21 26 27 28 31 32 41 48 
50 51 52 55 58 61 63 65 69 70 72 73 
76 77 78 90 93 94 97 102 106 111 117 122 
123 131 132 139 141 152 153 154 155 157 161 162 
163 164 165 170 179 180 185 188 189 190 191 193 
194 195 199 205 222 228 230 232 234 236 246 248 
250 251 254 257 258 267 273 276 277 280 282 286 
288 297 304 305 307 310 314 316 317 321 324 327 
333 334 335 336 341 342 344 348 349 356 357 359 
360 363 365 371 373 374 375 379 384 386 391 394 
396 397 398 399 402 404 405 406 410 411 413 415 
421 422 424 431 434 436 438 444 445 446 447 448 
452 454 456 463 466 467 473 481 485 497 500 502 
504 505 509 510 511 512 518 519 521 525 529 530 
535 537 538 539 541 542 543 544 551 552 553 555 
566 570 574 577 579 580 584 586 587 588 589 595 
596 610 613 614 615 616 625 626 627 632 636 638 
639 641 644 653 656 657 662 664 671 673 674 681 
683 686 687 693 696 702 704 706 707 709 711 712 
713 714 718 720 723 729 734 737 739 741 750 757 
758 763 766 779 787 788 790 791 796 798 
248
1 4 7 17 19 21 22 31 35 37 44 46 
47 50 53 55 58 59 61 62 64 66 67 69 
76 78 83 87 89 103 104 105 110 113 115 116 
122 130 133 136 137 140 142 144 147 150 152 153 
155 156 161 165 166 170 172 174 175 182 183 184 
194 195 197 207 208 209 213 219 225 233 235 238 
242 243 245 253 258 260 261 262 263 266 267 270 
271 273 274 275 276 278 281 288 290 293 294 296 
297 302 304 310 320 322 324 337 345 349 350 352 
353 358 361 366 367 368 370 374 375 380 381 384 
386 388 394 401 403 404 405 411 412 417 419 425 
428 433 440 442 444 447 448 450 455 457 461 463 
467 468 469 471 474 476 482 483 484 488 489 491 
495 497 499 503 505 507 513 516 517 519 520 524 
525 531 534 535 537 539 540 541 543 547 548 557 
559 568 570 575 578 579 584 588 589 594 595 598 
599 613 614 616 618 621 622 626 633 635 636 641 
646 648 652 657 658 662 664 666 669 671 678 684 
688 689 694 697 698 699 700 707 711 718 725 727 
729 730 743 745 750 752 753 757 758 764 765 769 
772 775 782 789 793 795 797 798 
229
11 13 17 20 22 24 28 30 32 33 36 38 
41 44 48 49 51 55 58 59 60 61 62 63 
66 70 71 74 76 79 95 101 103 108 109 111 
112 122 125 126 127 132 135 141 142 143 145 149 
152 154 159 161 162 166 168 173 174 179 184 185 
191 193 194 196 201 203 204 207 209 210 219 221 
222 229 231 236 241 244 247 258 259 260 267 273 
277 279 280 282 289 297 301 302 303 304 306 314 
316 321 324 329 331 333 334 346 348 359 366 367 
372 373 378 394 400 401 404 410 412 417 419 422 
426 430 440 441 445 446 450 453 459 465 467 470 
471 472 474 475 476 479 483 488 489 490 494 496 
502 506 510 511 521 523 524 527 529 531 532 539 
543 547 549 550 554 558 565 568 570 574 575 582 
583 584 585 586 588 592 593 596 598 603 613 614 
616 633 635 641 647 650 652 655 656 657 667 670 
672 675 680 681 683 684 685 691 693 694 701 707 
709 716 722 725 728 729 733 736 743 751 753 755 
756 757 759 760 764 775 776 785 788 789 792 793 
799 
267
1 3 7 10 11 13 17 21 23 26 35 38 
40 45 47 52 53 56 57 60 61 63 67 69 
70 74 77 79 83 84 92 93 94 95 100 103 
113 115 119 133 135 136 139 141 144 147 148 149 
150 151 154 158 159 160 163 164 165 166 168 171 
172 173 176 178 179 180 182 183 197 201 203 216 
220 221 228 230 232 233 239 243 247 248 249 250 
253 255 259 261 273 277 278 281 287 296 299 300 
302 304 305 306 307 312 314 315 316 319 320 321 
322 323 327 329 335 336 345 346 348 350 354 355 
356 358 363 366 367 369 375 377 380 381 383 385 
386 388 389 391 394 395 400 401 403 409 416 417 
427 433 448 455 456 459 462 470 472 473 479 481 
483 488 496 500 501 503 505 506 507 508 509 515 
517 518 523 527 532 533 534 539 541 543 547 551 
555 560 567 571 572 573 575 577 579 582 584 589 
592 595 596 597 601 604 611 614 615 616 617 621 
626 629 631 636 637 639 648 653 654 657 659 661 
669 672 674 679 683 686 687 692 693 695 699 703 
704 708 709 714 715 717 720 721 728 730 733 736 
741 742 743 745 747 748 750 751 752 757 761 764 
765 767 768 771 774 778 779 781 782 785 786 787 
788 790 791 
249
11 17 22 34 37 41 45 46 53 54 57 63 
66 70 71 73 77 80 87 90 91 93 95 103 
106 110 112 119 120 123 124 125 127 130 134 137 
142 143 144 149 156 157 160 162 169 171 172 173 
179 180 181 183 184 185 187 190 191 192 195 196 
197 200 201 204 212 216 220 222 224 225 226 236 
238 239 255 261 263 266 268 274 275 280 283 285 
286 291 294 301 303 304 307 308 309 310 314 315 
321 322 323 325 327 330 331 337 338 340 341 349 
350 355 359 363 364 368 375 376 378 379 380 385 
388 395 397 399 400 403 408 410 411 412 416 417 
421 422 432 434 435 436 438 441 449 451 456 462 
463 466 469 476 478 480 481 484 492 494 495 505 
507 511 512 514 517 518 524 525 529 533 534 535 
536 550 560 565 572 577 578 579 587 588 589 590 
593 594 595 605 606 611 613 616 618 624 628 632 
633 635 638 639 642 644 646 650 662 663 664 665 
670 673 676 679 680 684 692 695 696 698 701 702 
705 706 709 710 713 716 720 729 733 734 735 746 
747 750 752 754 755 757 758 759 761 762 764 767 
768 771 773 775 778 783 784 785 792 
220
1 2 5 13 15 28 31 37 39 41 46 47 
48 51 58 60 67 69 72 73 74 77 83 84 
85 91 93 102 105 125 129 132 134 137 140 143 
148 152 155 157 159 168 169 178 183 184 186 188 
195 200 201 202 208 209 213 214 215 223 225 226 
229 230 231 233 238 241 243 245 247 251 255 266 
270 272 273 277 278 280 281 285 289 296 299 300 
302 311 312 315 316 319 326 329 338 351 355 358 
360 366 368 369 370 376 382 386 388 391 392 396 
402 406 411 413 414 415 416 417 421 434 439 441 
445 446 452 455 456 457 460 461 462 465 466 471 
474 482 490 491 504 514 521 523 525 527 530 533 
534 535 539 542 544 550 554 558 561 562 565 566 
567 573 585 587 595 597 609 614 616 618 619 625 
626 627 629 634 636 638 641 647 648 649 650 652 
655 656 662 665 668 671 673 678 679 680 681 685 
701 704 705 706 707 709 714 716 718 737 738 740 
741 742 743 746 753 769 770 773 774 775 778 779 
783 790 796 798 
236
3 6 8 22 33 36 38 39 40 41 44 68 
71 80 87 91 92 95 99 105 108 109 112 116 
117 128 131 134 137 140 141 143 144 151 152 165 
167 168 181 184 188 193 194 200 201 207 208 210 
211 212 216 218 221 223 228 231 235 237 238 242 
252 254 262 268 269 273 275 279 283 286 288 299 
301 303 307 310 311 321 322 323 324 325 326 328 
329 330 333 337 343 344 347 350 354 359 366 367 
370 374 376 380 383 385 389 395 396 397 400 404 
405 409 411 413 418 419 420 421 424 429 430 431 
436 445 446 452 453 456 457 463 464 465 467 476 
480 482 483 486 488 489 492 496 497 500 501 502 
510 512 515 516 523 525 530 533 536 543 544 547 
549 550 551 552 553 555 565 567 577 578 583 585 
586 588 595 600 602 604 613 617 620 622 627 628 
630 636 644 649 650 652 653 654 657 663 666 667 
682 683 684 693 696 697 700 709 711 712 714 719 
721 722 724 727 728 731 739 740 744 745 750 754 
757 758 759 761 765 768 769 770 771 773 775 777 
778 782 786 787 789 791 798 799 
238
4 15 17 24 31 32 37 39 43 46 48 51 
52 54 55 58 59 60 82 90 91 94 96 97 
100 102 103 106 107 108 110 118 119 121 125 128 
130 131 134 139 141 142 147 148 151 152 153 155 
159 162 164 173 174 177 181 185 188 189 193 194 
195 196 199 207 210 211 214 215 218 220 225 231 
234 235 238 240 247 249 251 255 256 261 262 263 
267 269 270 284 291 295 296 298 301 303 304 313 
324 325 326 327 332 340 347 348 353 357 358 367 
368 373 374 387 391 392 396 398 401 404 409 413 
414 416 423 425 436 440 445 446 453 456 458 463 
470 477 478 480 483 488 489 490 493 496 497 498 
501 502 504 506 507 509 514 521 526 529 533 535 
538 539 540 546 555 560 565 567 568 569 570 571 
578 583 584 585 586 593 602 605 613 616 618 627 
630 632 641 642 644 645 648 651 653 654 655 657 
658 664 667 668 672 673 674 676 678 679 684 687 
691 694 695 696 697 699 702 703 705 708 710 716 
718 719 720 730 735 743 748 753 757 760 764 765 
772 777 778 781 782 784 788 792 793 794 
237
1 5 7 11 26 31 32 34 36 42 43 54 
60 63 69 74 78 83 87 90 91 98 102 103 
105 107 118 122 125 127 129 132 135 136 137 141 
145 146 147 148 149 152 156 157 162 169 170 171 
178 182 183 190 192 195 197 198 199 206 210 212 
214 219 221 225 233 237 244 258 263 265 268 269 
273 275 276 277 279 282 284 285 286 287 288 289 
295 297 303 305 308 319 321 323 324 329 332 335 
340 341 342 349 352 357 358 362 363 367 368 374 
376 378 380 382 392 397 402 409 416 418 420 422 
427 432 437 438 441 443 449 450 454 459 460 462 
464 465 466 471 474 477 479 481 483 484 486 489 
494 496 500 502 503 507 514 517 526 528 529 532 
535 536 537 540 543 545 548 551 554 556 557 568 
571 576 583 587 589 592 597 602 608 609 611 614 
619 620 622 623 628 632 634 635 636 637 648 649 
651 652 655 657 659 661 664 668 670 672 674 676 
677 679 681 684 686 691 695 709 712 715 721 730 
735 737 740 742 744 746 754 755 757 759 763 766 
767 770 777 780 787 791 792 794 797 
252
1 6 7 9 15 19 24 25 27 29 34 38 
39 41 42 45 46 55 59 68 72 73 74 76 
78 83 84 86 88 90 92 94 96 103 112 113 
117 120 121 126 131 135 136 138 139 142 144 147 
151 152 160 163 164 166 167 169 172 174 175 178 
182 185 188 189 190 197 203 204 205 208 213 216 
220 222 223 224 225 229 233 236 239 242 246 250 
253 257 258 260 263 266 272 276 278 287 288 293 
294 298 305 306 310 311 314 321 323 326 327 328 
332 341 348 350 352 354 368 371 377 380 390 393 
394 397 400 409 410 411 413 415 418 420 424 425 
426 429 430 433 440 441 442 446 450 452 457 461 
469 471 475 483 487 491 492 494 495 497 501 504 
510 511 512 513 515 518 520 522 523 526 529 532 
533 535 539 545 550 553 556 558 560 562 565 569 
573 575 577 578 579 580 582 590 592 593 594 595 
596 608 609 613 614 620 621 623 624 625 627 630 
633 635 638 643 644 646 652 657 667 672 674 675 
678 681 682 683 690 691 692 695 696 703 706 712 
716 727 730 732 733 734 736 741 744 749 752 761 
762 765 766 784 786 787 790 792 795 796 797 800 
259
1 3 4 5 7 8 10 12 13 19 23 26 
29 31 35 41 43 47 51 53 63 70 72 73 
74 76 79 82 87 94 95 99 104 111 113 114 
116 119 120 121 124 127 134 136 140 145 147 156 
161 162 164 165 179 180 181 182 183 185 188 189 
191 192 203 208 215 217 219 220 222 224 231 235 
240 246 247 249 250 251 253 256 257 259 260 263 
267 268 270 272 273 274 281 283 288 289 291 293 
296 297 299 302 312 317 319 330 335 336 337 338 
339 340 341 348 352 353 354 359 360 368 370 372 
373 376 380 387 389 413 414 415 419 423 426 427 
432 435 440 443 444 445 446 456 457 459 460 463 
466 467 475 481 487 489 493 497 501 503 504 507 
512 517 518 522 523 525 527 529 530 531 532 533 
534 536 537 539 540 541 542 549 552 555 556 557 
558 564 565 566 567 570 571 574 576 577 579 580 
583 588 590 597 598 607 609 611 616 617 619 621 
622 623 627 634 635 637 641 644 645 649 653 654 
664 668 669 670 673 674 676 680 691 693 696 697 
701 707 711 712 715 719 721 722 724 726 727 728 
729 735 736 739 743 749 751 752 755 756 759 761 
763 769 776 778 794 795 796 
226
1 3 10 12 14 15 21 26 31 37 43 45 
50 51 54 57 60 62 67 71 79 80 81 86 
90 94 96 100 108 111 117 121 124 131 137 138 
147 150 153 155 159 161 170 171 174 175 179 182 
183 184 192 193 195 205 208 213 214 223 228 232 
234 236 240 241 243 245 246 248 252 253 254 258 
259 267 269 275 277 283 284 290 298 301 302 304 
311 312 315 321 322 329 331 332 333 334 350 354 
357 361 366 369 372 376 377 379 381 385 387 389 
391 394 396 398 399 414 419 420 423 424 427 428 
435 437 438 441 442 445 454 464 470 477 480 481 
484 485 486 488 490 491 492 493 499 505 509 511 
514 519 523 527 528 531 533 537 545 548 550 552 
556 558 560 567 570 574 576 580 582 583 591 594 
596 597 599 600 601 609 610 619 622 623 627 632 
640 644 657 663 667 672 675 680 682 684 687 689 
690 691 692 697 698 700 715 717 721 724 729 734 
737 739 742 747 749 756 757 759 761 764 765 770 
774 776 781 789 792 793 795 797 799 800 
238
4 5 6 7 11 13 14 17 23 25 26 28 
29 31 35 37 42 46 48 50 51 55 64 66 
67 69 74 81 85 89 91 95 102 103 109 111 
116 118 119 125 132 133 135 136 138 140 143 149 
150 152 157 159 163 164 172 180 186 187 195 197 
198 202 205 216 220 222 224 225 227 234 239 240 
245 248 249 250 255 260 262 269 272 273 274 275 
276 281 282 291 292 295 299 311 319 321 322 323 
324 326 327 329 331 334 335 336 337 338 340 345 
352 359 360 361 362 364 370 371 374 378 383 385 
393 395 397 399 404 410 413 414 416 418 421 425 
426 431 436 439 441 443 445 448 452 457 460 467 
468 474 476 478 479 485 487 492 495 501 507 512 
516 517 523 525 531 536 539 542 548 551 554 556 
558 561 567 570 572 574 578 592 593 596 598 607 
608 610 614 617 619 624 625 628 635 636 638 641 
645 647 648 651 660 661 662 664 666 670 678 683 
684 687 691 695 696 698 699 704 706 714 716 724 
726 734 735 738 739 740 743 744 746 747 755 757 
761 762 765 772 773 775 780 791 795 797 
222
1 3 4 6 9 16 17 18 23 26 30 32 
35 36 37 41 42 49 50 53 56 58 63 67 
69 70 71 78 80 81 90 91 97 99 101 103 
107 111 113 116 117 119 125 128 132 134 146 147 
150 158 162 163 167 168 174 177 181 183 184 189 
190 192 195 197 200 202 211 214 218 228 229 231 
235 242 244 250 251 252 257 263 268 278 281 282 
283 290 292 294 295 296 297 298 301 304 305 309 
310 311 318 322 325 326 327 331 339 342 345 346 
350 351 354 358 365 369 370 375 376 379 380 381 
384 386 388 393 403 405 408 419 421 426 433 434 
435 437 443 452 453 468 470 474 476 479 482 485 
487 490 493 499 506 522 525 527 533 535 539 541 
544 546 547 550 551 560 565 567 569 573 574 575 
576 586 591 596 598 606 610 625 626 627 628 630 
635 637 641 642 643 654 656 659 663 672 676 677 
679 690 695 701 707 711 715 717 719 720 721 728 
737 743 749 750 751 755 759 760 761 763 767 772 
774 779 783 791 793 798 
250
9 12 14 15 18 25 26 31 32 33 37 38 
40 45 47 48 49 57 58 63 67 69 75 76 
77 80 86 87 89 91 93 102 106 110 112 113 
115 121 124 126 129 130 132 133 135 139 143 146 
151 156 159 160 167 168 170 172 176 179 185 186 
188 189 191 194 199 205 206 209 212 213 221 222 
224 227 230 236 239 240 242 252 254 265 268 270 
272 273 276 281 283 284 288 293 295 302 305 309 
314 315 319 321 322 326 327 328 330 335 337 341 
345 346 356 358 363 366 367 369 370 372 374 377 
386 388 394 395 396 397 402 405 416 417 418 419 
423 424 436 437 443 446 450 456 458 461 466 467 
468 470 471 472 474 475 485 491 493 494 497 505 
506 507 510 512 513 517 519 529 532 535 537 539 
540 551 555 556 562 563 567 569 571 572 577 579 
581 582 583 585 587 588 598 599 604 605 611 612 
621 622 625 629 630 631 634 636 639 645 649 652 
657 662 665 667 669 670 671 673 675 677 680 681 
686 688 693 699 700 701 703 706 707 712 717 720 
721 723 728 729 732 735 737 748 750 751 753 762 
765 769 773 778 780 785 790 791 795 797 
248
1 2 6 7 10 11 15 18 19 23 26 29 
30 31 32 39 42 43 47 50 52 56 61 67 
72 77 78 82 86 92 94 95 96 98 102 104 
107 114 115 116 123 128 140 141 145 150 153 155 
156 157 165 169 170 172 175 179 186 190 195 198 
200 204 211 212 213 218 227 231 234 235 238 239 
247 252 253 256 260 265 266 271 272 273 275 281 
283 291 293 296 300 304 306 307 311 316 317 323 
324 325 329 331 334 337 342 347 350 351 354 355 
356 358 368 371 375 378 381 382 387 391 396 397 
403 409 411 419 421 427 430 433 434 439 443 444 
447 449 450 452 453 454 457 459 464 465 467 468 
472 474 475 484 487 489 495 499 500 508 509 516 
518 520 525 531 533 539 540 541 544 545 554 559 
561 563 567 568 574 575 576 577 578 584 585 591 
595 596 600 604 611 612 613 621 623 624 625 626 
628 631 635 636 637 639 641 642 644 646 647 652 
653 654 657 658 664 666 668 671 677 685 691 694 
695 700 701 707 712 714 718 721 723 724 733 734 
736 739 741 742 750 756 760 763 767 770 773 776 
777 780 781 782 789 791 794 795 
248
1 2 10 21 24 25 26 27 32 35 36 38 
42 47 51 52 53 56 65 67 71 72 73 74 
76 77 80 81 83 84 85 88 89 96 97 105 
108 110 112 115 121 122 125 134 136 142 145 148 
150 152 153 158 161 165 169 170 172 175 176 178 
179 184 187 188 192 196 197 198 203 205 212 213 
216 217 218 222 227 229 231 233 237 238 245 247 
254 257 258 259 261 266 267 272 274 278 280 282 
284 285 288 292 296 306 308 309 310 313 315 321 
322 324 327 328 329 334 340 341 345 348 350 351 
352 356 357 363 374 375 378 382 383 384 385 386 
388 393 397 400 402 405 406 418 420 422 424 431 
433 441 442 443 447 453 455 459 462 464 465 468 
472 475 476 478 480 482 483 484 487 488 502 508 
510 511 513 522 525 530 533 534 538 540 545 554 
561 563 564 570 579 580 582 586 587 589 594 595 
597 601 602 605 618 622 630 633 635 645 648 650 
653 658 661 662 663 670 673 675 678 681 686 688 
693 696 699 702 705 706 709 713 714 717 718 724 
727 731 732 733 737 740 741 743 747 748 763 764 
767 777 782 783 785 787 790 797 
259
4 6 10 17 26 32 46 52 54 58 64 71 
72 77 78 81 83 90 92 96 97 98 101 102 
103 106 107 112 113 116 117 123 127 129 134 135 
136 137 138 142 143 149 151 159 160 161 167 168 
171 173 174 177 178 181 189 191 194 196 198 199 
200 201 202 204 207 210 218 222 225 235 237 239 
240 245 246 251 252 255 256 260 261 263 267 268 
271 272 273 274 281 283 284 285 286 290 294 295 
296 297 303 306 307 308 310 315 316 317 322 331 
336 341 343 349 350 354 357 364 366 378 385 386 
392 394 395 397 398 402 405 413 414 416 419 421 
422 426 427 428 435 436 437 438 439 448 450 453 
456 458 459 462 464 471 472 473 483 484 485 486 
489 492 493 496 503 504 509 515 517 518 522 526 
529 530 532 533 535 537 542 543 544 550 551 555 
558 559 561 562 572 580 581 582 584 589 596 599 
607 610 611 613 615 617 620 622 625 626 631 633 
634 635 636 639 641 646 648 652 654 655 659 662 
663 664 666 675 678 682 683 687 692 694 697 698 
700 704 705 709 720 723 725 727 728 735 736 739 
743 745 748 750 751 756 757 760 764 765 767 769 
774 776 782 785 792 793 799 
239
7 11 12 13 14 17 19 25 30 33 35 37 
38 39 41 44 46 47 49 54 57 62 68 70 
71 72 73 74 77 79 81 86 93 95 101 105 
110 114 120 121 124 126 129 130 131 137 143 149 
150 152 157 159 166 168 173 174 178 179 180 182 
187 189 191 197 198 203 204 205 207 213 219 221 
227 228 229 233 235 236 237 238 242 243 250 263 
264 269 272 275 281 284 286 291 299 301 302 308 
312 313 314 321 324 328 330 331 333 334 338 339 
348 353 363 365 367 369 370 372 373 375 380 384 
385 389 390 391 392 394 397 398 399 401 402 409 
412 414 416 417 428 430 434 435 438 439 445 448 
450 461 464 466 471 472 475 481 484 495 496 497 
499 506 509 510 515 517 520 524 527 539 555 556 
560 561 562 567 568 572 575 579 580 585 586 587 
590 592 597 598 600 601 604 607 608 611 615 628 
631 632 634 636 644 649 665 669 672 675 677 685 
687 692 696 698 699 707 710 712 713 715 719 721 
728 731 736 744 758 760 761 763 764 768 770 774 
775 781 782 785 786 787 788 789 794 795 797 
250
2 5 7 10 14 15 16 17 18 21 26 28 
29 31 33 34 36 38 39 42 43 50 51 53 
55 56 59 60 65 68 70 80 87 90 93 94 
101 103 105 114 117 129 130 133 134 137 141 143 
144 149 157 158 159 160 164 165 176 179 180 183 
186 188 194 196 199 200 201 209 212 214 218 221 
225 226 231 235 238 242 244 246 254 257 259 260 
262 264 265 268 279 280 285 290 292 297 298 299 
305 306 307 308 313 315 317 320 322 325 328 329 
330 334 335 337 338 339 340 341 347 348 354 360 
364 371 376 377 387 389 390 395 396 398 400 401 
412 418 422 429 430 434 439 442 452 453 454 460 
464 465 469 471 477 478 479 481 486 488 489 495 
496 498 500 501 504 507 511 514 515 519 520 521 
526 530 537 538 539 542 548 551 562 564 568 572 
574 577 580 582 583 593 594 600 601 602 608 610 
611 613 615 616 618 620 621 624 625 628 629 630 
635 643 646 654 665 667 669 676 681 682 686 688 
689 692 694 695 698 705 708 709 712 719 720 727 
731 732 734 736 740 742 745 747 748 749 751 755 
761 762 765 766 774 780 787 790 794 800 
266
4 6 8 9 12 13 19 21 26 27 29 32 
41 43 46 48 51 54 55 56 66 70 72 76 
82 85 86 87 89 90 93 94 98 103 117 120 
121 122 124 125 126 130 131 136 137 138 141 146 
149 153 154 164 167 170 171 174 178 180 184 189 
192 198 202 203 204 207 209 210 213 215 217 218 
219 220 222 225 226 235 239 241 247 249 250 253 
257 260 265 266 267 270 272 274 277 280 282 283 
285 286 287 288 291 292 293 294 301 302 310 314 
315 325 327 333 335 344 350 352 353 354 359 360 
363 367 369 370 373 375 378 379 382 385 389 392 
393 394 395 402 403 406 407 411 413 416 417 418 
419 424 425 432 433 436 442 443 445 447 464 469 
470 475 479 483 486 487 488 494 496 502 505 506 
507 510 513 514 526 527 528 530 535 537 538 541 
547 548 558 559 562 564 567 568 571 574 577 578 
582 587 588 589 591 593 595 601 603 604 607 608 
609 610 612 613 615 617 618 620 622 629 631 636 
642 643 644 649 651 652 659 662 664 674 676 677 
678 679 683 687 692 693 697 703 706 708 710 716 
717 724 726 727 738 741 742 749 750 751 753 754 
755 757 765 767 768 774 775 777 784 789 791 792 
793 797 
232
5 6 9 12 13 14 15 20 21 24 28 30 
32 33 36 45 46 48 51 55 56 58 60 64 
67 69 71 83 90 94 95 96 105 106 107 108 
114 118 119 120 124 125 133 135 140 141 145 148 
153 154 156 158 159 165 169 173 175 176 180 186 
190 196 197 203 210 213 217 225 226 229 231 236 
240 243 244 246 248 254 255 256 260 262 264 273 
279 282 284 295 296 297 305 307 319 324 325 326 
327 349 355 359 362 363 371 372 373 374 375 380 
382 393 394 398 399 402 413 414 415 416 417 420 
423 425 426 429 437 446 453 454 458 463 472 475 
492 493 494 495 497 500 502 506 509 510 511 512 
513 517 519 528 530 532 533 534 536 538 540 541 
542 546 548 549 553 554 557 564 572 573 575 577 
581 583 585 587 591 592 594 596 599 601 609 611 
617 622 627 632 633 636 639 643 651 652 653 654 
656 658 660 661 670 676 677 678 684 686 688 689 
692 693 701 704 705 707 709 714 723 725 726 738 
739 741 744 750 753 763 770 771 772 774 777 795 
796 797 798 799 
236
2 6 11 15 17 18 20 25 27 28 32 37 
39 43 44 49 51 52 57 62 65 68 69 70 
76 84 90 92 93 98 99 108 117 123 125 128 
133 135 139 142 144 145 146 147 150 153 162 167 
176 181 183 186 189 191 193 197 211 212 217 218 
221 224 229 231 237 242 243 248 249 250 251 263 
267 268 269 278 281 282 287 289 294 299 303 304 
305 306 309 311 312 316 317 319 320 323 326 327 
332 341 342 343 348 349 352 353 354 356 360 364 
369 371 372 374 378 379 381 382 383 387 389 394 
399 407 414 415 422 423 425 429 432 435 437 438 
440 448 449 456 457 459 461 472 475 478 481 482 
486 487 490 491 492 493 495 500 514 516 526 527 
531 534 537 539 540 549 556 562 573 579 581 582 
586 593 599 611 614 615 616 619 626 627 632 633 
634 635 637 639 640 643 647 658 659 661 665 668 
673 675 676 681 682 686 687 689 690 699 706 710 
711 714 715 717 718 720 725 727 732 739 740 744 
746 750 751 754 755 756 760 761 766 767 769 770 
772 773 779 781 793 794 795 800 
244
3 7 10 11 14 16 26 32 34 37 41 42 
43 48 52 53 56 57 62 63 66 68 70 71 
74 77 78 80 82 93 96 101 105 108 109 110 
114 115 119 120 123 126 133 134 138 145 147 152 
156 159 162 163 164 168 171 174 182 184 191 199 
200 201 207 212 216 217 219 224 250 254 255 257 
258 261 265 267 272 276 279 280 283 284 286 289 
293 295 296 300 302 305 308 311 312 315 317 323 
326 329 338 344 346 352 353 354 357 374 377 379 
380 386 389 392 393 395 397 401 403 405 406 407 
409 414 417 425 428 429 430 432 436 441 444 445 
447 450 453 454 455 457 458 459 460 465 468 472 
473 480 481 483 487 492 494 496 497 499 500 502 
508 511 513 514 517 527 533 535 536 540 541 547 
548 552 553 556 560 566 571 576 577 584 589 591 
593 594 595 596 597 601 603 606 607 611 612 613 
615 616 623 624 628 632 636 648 650 651 655 656 
657 659 665 666 670 672 674 695 703 707 713 715 
720 723 726 731 733 735 738 746 749 751 755 756 
757 760 761 763 764 768 769 770 771 779 782 783 
785 794 797 798 
255
3 7 8 14 15 19 20 29 31 32 39 40 
45 46 47 57 59 61 66 67 68 72 74 75 
80 83 86 92 93 100 101 104 105 114 115 117 
122 123 131 136 137 138 141 143 146 148 151 154 
158 159 162 165 171 181 187 192 194 201 203 204 
205 209 213 219 222 224 225 226 229 230 231 233 
236 237 239 248 250 256 263 266 273 276 278 279 
281 288 289 294 295 300 302 303 305 306 308 310 
316 320 323 325 336 337 339 344 349 356 359 364 
367 372 376 381 382 387 389 391 392 395 396 397 
405 406 410 411 413 417 423 426 431 432 433 435 
437 438 443 448 452 456 458 460 461 462 466 469 
478 479 490 496 502 503 506 507 508 512 513 515 
518 522 525 527 529 533 536 538 539 541 542 543 
544 545 546 548 550 552 556 559 560 562 563 564 
565 566 569 579 585 587 590 595 598 600 601 605 
608 609 612 615 616 617 618 619 620 621 623 624 
626 627 628 640 643 644 646 650 651 653 659 663 
668 672 676 685 688 691 693 696 703 705 708 711 
712 713 714 715 722 724 725 728 729 730 732 733 
735 739 740 742 750 759 765 774 775 779 780 787 
791 793 800 
243
3 5 16 22 24 28 31 33 34 36 39 49 
50 52 54 55 56 58 63 68 69 71 73 75 
76 78 79 80 82 86 87 90 91 92 93 95 
97 101 103 105 108 109 112 113 115 117 120 122 
127 134 137 141 142 144 149 156 159 162 164 165 
167 169 173 178 181 183 186 191 192 196 206 208 
212 213 214 220 222 224 231 232 233 234 235 239 
243 244 247 248 253 254 255 257 260 261 262 263 
270 276 278 279 280 284 289 297 299 302 305 306 
307 308 315 318 320 321 324 328 333 335 341 345 
348 352 354 357 363 365 368 370 373 379 380 382 
383 384 385 386 390 392 393 394 399 400 402 403 
404 405 408 412 415 422 423 426 429 433 436 437 
454 459 467 468 474 479 481 482 486 489 490 494 
495 497 499 501 507 510 517 519 523 524 533 545 
546 547 550 551 554 557 562 565 569 579 584 586 
588 605 607 612 613 615 617 620 624 626 629 631 
636 637 638 639 647 651 653 654 660 661 664 683 
686 689 690 694 696 697 698 700 705 710 714 715 
716 719 722 728 729 732 739 740 750 751 757 764 
767 788 789 
258
2 9 10 11 12 15 18 22 26 36 38 41 
42 46 52 53 54 56 57 58 61 62 67 68 
70 73 75 76 80 81 83 86 91 92 98 99 
100 109 110 111 112 113 117 118 120 122 123 131 
139 140 143 146 148 149 152 153 162 164 171 190 
192 193 194 196 198 202 205 207 208 210 211 217 
219 225 227 231 234 236 237 239 240 245 246 249 
255 256 257 261 262 267 269 270 279 281 284 285 
287 292 296 302 304 306 307 311 316 317 319 321 
322 325 326 330 331 335 337 338 341 342 345 349 
356 357 358 360 361 369 370 376 388 389 398 400 
401 402 406 410 413 416 417 426 433 435 437 440 
441 442 443 447 448 455 466 467 468 470 472 473 
474 476 480 481 484 486 487 491 493 497 499 500 
502 505 506 507 509 512 519 520 522 525 531 538 
540 541 547 552 553 557 559 561 563 564 568 573 
574 576 577 578 582 589 592 593 596 606 607 609 
611 612 619 627 628 633 635 636 637 640 647 649 
656 659 662 666 667 670 671 677 678 679 682 688 
702 713 714 718 722 724 725 727 734 738 740 742 
743 749 750 752 754 757 760 762 763 765 773 782 
785 786 789 793 794 799 
247
4 9 14 22 23 25 26 27 28 38 40 46 
48 51 56 58 70 75 76 80 82 83 86 87 
89 90 96 97 99 102 103 109 110 112 115 117 
118 120 122 125 126 129 132 133 136 137 138 146 
153 154 159 163 166 171 176 182 184 186 193 194 
195 201 202 203 205 207 209 212 217 219 221 227 
230 231 232 237 247 248 265 270 273 276 277 278 
295 307 309 311 312 316 317 319 321 327 329 340 
346 348 349 350 352 356 357 360 364 365 366 374 
376 378 382 384 386 387 390 391 402 406 408 410 
411 424 425 427 428 432 434 437 440 448 451 452 
456 462 466 467 469 477 479 480 483 484 488 489 
490 492 493 494 496 497 499 510 511 517 521 522 
523 524 525 526 528 534 535 538 541 542 548 549 
554 565 566 567 570 575 578 579 592 594 598 599 
601 605 609 611 618 619 623 626 629 632 637 641 
642 645 647 648 650 653 656 657 660 662 666 667 
672 680 686 689 690 694 698 699 708 711 712 714 
719 723 725 727 731 735 738 740 741 743 746 749 
750 755 757 758 759 761 762 764 768 772 774 775 
780 784 786 787 790 793 800 
246
2 8 9 11 13 14 22 28 30 32 33 36 
40 43 44 45 48 55 59 62 66 69 72 74 
76 77 78 81 82 95 96 98 100 104 114 116 
117 119 122 129 132 136 139 145 146 147 149 151 
164 174 177 180 185 188 189 191 193 194 199 203 
204 206 210 217 222 224 226 233 239 243 245 248 
254 256 260 262 263 269 275 282 284 285 286 287 
290 292 296 297 302 304 307 313 318 323 324 330 
334 335 337 345 348 350 353 359 364 368 371 373 
377 388 389 391 392 395 397 409 410 414 418 421 
423 424 428 434 447 449 453 454 455 456 457 458 
460 461 466 471 472 476 480 482 488 490 491 492 
498 499 506 507 512 515 517 520 524 525 538 543 
545 551 553 556 558 559 560 563 567 568 570 572 
575 576 578 580 581 582 584 586 587 590 594 596 
601 602 608 609 610 616 620 627 628 633 636 637 
639 640 643 645 646 647 663 670 672 673 678 683 
684 686 687 691 692 694 697 700 702 708 709 715 
716 717 720 721 723 730 731 732 733 737 738 740 
743 745 747 749 750 751 758 769 770 777 778 784 
786 791 797 798 799 800 
228
2 3 7 9 13 16 18 20 21 28 36 37 
40 42 49 56 57 59 60 62 64 66 67 69 
72 79 82 86 88 93 97 104 105 108 112 113 
119 126 132 136 138 140 141 143 145 147 151 170 
175 188 189 190 192 198 200 201 202 205 206 207 
211 212 213 214 216 217 218 220 225 227 232 233 
236 245 255 256 257 259 266 273 278 282 285 286 
287 288 289 308 312 318 325 327 332 348 353 355 
366 370 372 374 382 387 389 394 401 403 404 405 
406 407 411 413 423 430 431 432 433 436 439 442 
448 450 458 462 469 470 472 480 481 482 487 491 
492 493 494 496 497 502 510 517 520 524 525 534 
535 539 553 554 555 563 566 577 579 584 587 588 
592 595 598 602 603 613 617 621 623 624 626 629 
632 633 635 636 640 641 642 643 645 646 648 652 
655 660 661 662 671 673 678 679 681 683 684 685 
686 688 693 698 700 706 712 715 716 717 719 721 
724 731 733 734 735 737 739 740 741 747 752 754 
755 764 769 772 773 774 785 787 790 795 797 800 
244
2 3 7 9 13 14 16 20 25 34 36 37 
41 42 43 44 55 56 57 61 63 64 66 67 
68 72 78 80 85 86 97 98 99 100 101 106 
111 119 125 128 130 133 134 136 138 140 144 145 
146 148 155 163 164 165 170 172 174 175 178 179 
182 183 186 187 197 199 201 206 213 218 223 228 
230 231 234 235 237 238 241 243 246 247 253 257 
259 261 269 270 274 276 283 289 290 298 304 305 
311 317 319 321 326 328 332 335 340 345 346 351 
354 361 368 369 372 373 376 383 384 385 388 391 
392 394 398 399 406 407 408 409 412 415 416 420 
427 433 442 443 445 448 449 452 455 457 464 465 
476 478 489 491 494 497 499 500 501 503 507 509 
513 516 519 524 525 526 532 537 542 544 547 548 
553 554 555 559 560 565 566 572 578 582 584 586 
590 591 594 595 596 600 606 607 609 613 619 621 
623 631 633 635 640 651 652 654 655 656 662 664 
665 667 669 670 674 680 682 687 701 702 707 712 
714 720 725 728 730 731 732 733 737 739 742 744 
755 756 758 767 769 770 773 774 775 780 781 785 
787 789 792 800 
226
2 3 7 8 13 14 16 17 18 19 20 24 
35 48 51 54 55 57 59 63 67 70 76 81 
85 89 98 103 110 112 114 118 120 125 130 131 
133 134 136 138 142 145 147 149 150 151 153 156 
159 162 167 170 172 174 177 182 187 191 192 195 
207 217 218 221 226 229 232 236 238 240 242 247 
251 252 256 258 261 270 273 276 280 285 286 287 
289 296 311 312 315 319 324 326 327 328 331 332 
334 338 339 347 350 352 360 365 369 372 373 377 
378 383 385 387 403 412 413 416 417 418 421 423 
424 433 435 438 440 444 445 446 457 462 465 466 
467 468 470 472 476 485 487 503 510 512 525 526 
527 534 537 538 540 545 547 548 550 553 563 568 
572 573 578 580 581 583 584 591 596 604 607 608 
609 612 619 620 621 624 626 630 632 633 636 638 
645 654 656 659 666 667 671 674 680 685 690 692 
701 703 704 707 712 714 717 723 726 728 734 737 
738 742 747 748 754 757 759 760 762 766 767 768 
769 774 781 790 791 792 794 796 799 800 
250
1 5 10 14 17 19 21 23 26 29 32 35 
36 38 40 41 43 44 45 51 53 55 58 61 
62 63 65 74 82 84 88 89 91 95 100 101 
102 104 105 106 112 114 118 119 126 129 135 137 
138 144 148 149 150 151 155 158 163 170 179 181 
191 193 194 195 196 198 205 210 211 218 221 223 
227 228 229 230 232 235 243 246 248 251 254 265 
269 274 275 282 288 290 291 293 295 298 300 307 
308 312 315 317 321 322 324 329 330 331 338 341 
343 346 350 356 365 369 373 375 378 379 380 381 
386 389 390 393 398 399 402 405 406 411 414 415 
418 420 423 425 426 428 430 441 443 452 453 457 
462 470 471 472 476 482 488 496 498 499 500 501 
509 515 517 520 521 527 531 533 538 542 543 544 
548 549 550 551 559 560 562 567 571 573 577 578 
579 584 589 591 592 593 594 597 599 603 606 608 
621 624 626 628 633 637 643 645 646 662 665 670 
671 672 675 678 683 686 692 693 694 697 707 709 
710 712 714 715 716 717 720 721 725 726 730 732 
733 734 737 738 741 742 744 747 748 753 755 757 
760 762 766 767 769 772 775 777 787 799 
226
3 17 21 23 25 29 31 33 34 35 37 40 
41 43 44 45 50 53 56 62 69 73 78 81 
85 87 90 104 109 111 112 115 120 126 127 136 
139 141 145 147 150 151 152 157 172 173 177 179 
180 181 183 184 185 186 189 194 197 200 202 203 
210 213 214 216 219 221 222 229 231 236 238 241 
242 245 246 254 255 258 259 261 263 265 272 273 
275 284 293 307 308 309 310 313 314 322 329 331 
332 337 341 343 345 348 349 350 352 354 355 356 
370 372 373 376 383 384 385 386 389 390 395 397 
400 401 402 410 414 418 420 426 433 435 439 440 
442 447 458 465 476 482 485 486 489 491 509 510 
512 515 516 525 526 530 537 538 561 569 573 574 
578 581 582 586 587 589 598 599 601 602 603 604 
606 610 612 613 623 624 628 638 643 644 645 652 
655 656 657 658 662 665 670 672 676 677 682 688 
690 693 694 699 702 706 707 710 715 730 732 736 
738 740 744 746 748 752 756 758 761 763 768 772 
773 775 777 778 779 780 791 793 796 800 
264
2 3 7 8 17 18 21 23 31 32 37 44 
46 47 49 51 57 64 69 87 88 97 100 101 
106 107 111 113 115 116 117 118 125 127 128 130 
137 139 140 141 144 147 148 154 158 165 169 171 
173 175 176 178 179 183 192 194 195 198 201 202 
204 205 207 212 213 214 215 216 217 219 222 228 
230 231 235 237 239 241 242 250 252 254 256 258 
263 264 268 271 272 276 284 287 288 289 290 292 
299 312 315 318 322 327 329 330 331 332 333 334 
337 343 347 354 357 362 363 364 365 372 373 380 
381 385 386 388 389 392 393 394 396 401 405 409 
410 411 415 418 421 422 427 430 438 439 443 446 
448 451 453 458 460 461 468 469 473 475 477 482 
486 490 492 504 511 515 517 521 522 523 525 528 
530 534 536 538 541 542 543 545 546 547 550 552 
553 554 560 567 568 573 582 584 585 586 589 593 
595 600 601 608 610 611 612 614 618 622 625 627 
628 630 633 634 635 642 643 647 648 649 654 656 
664 665 670 673 674 675 676 680 683 684 687 688 
691 694 695 696 697 700 707 709 710 711 715 717 
729 734 735 736 742 745 747 748 752 754 755 757 
759 760 762 763 772 779 784 785 790 794 796 800 
232
1 4 5 9 12 15 17 22 31 33 45 47 
57 62 63 65 71 72 75 79 83 86 89 94 
96 98 99 103 105 109 116 117 119 121 124 126 
127 130 131 135 136 141 144 153 154 156 159 160 
165 170 175 178 180 190 193 194 195 197 209 210 
211 212 213 218 222 223 225 229 230 231 232 234 
235 242 243 249 253 254 263 264 266 270 271 275 
279 281 282 289 295 296 300 301 304 305 306 310 
311 313 314 316 319 320 321 323 326 327 329 337 
345 347 354 355 360 364 368 369 373 375 378 384 
385 393 394 396 397 402 405 410 412 413 419 422 
431 435 445 446 448 463 467 471 475 476 478 482 
484 485 489 493 496 499 500 502 504 505 507 509 
513 515 517 518 521 523 525 532 534 535 553 556 
558 562 563 567 572 576 596 605 607 611 613 620 
623 626 635 636 643 648 651 657 659 663 670 671 
672 673 678 681 686 689 690 696 699 704 705 709 
712 714 716 723 724 731 732 743 746 748 750 751 
753 754 761 767 768 776 778 779 781 782 784 785 
788 791 798 799 
244
2 3 6 16 25 27 33 39 40 46 47 52 
54 55 57 58 60 62 64 67 68 69 73 75 
84 85 86 87 90 93 98 102 103 104 111 114 
115 119 122 127 134 136 144 147 148 151 155 161 
162 173 175 176 177 179 180 181 182 191 196 199 
201 205 206 210 215 218 222 224 227 229 232 236 
241 244 250 255 257 258 261 262 263 265 269 270 
278 279 282 284 286 288 293 297 301 305 308 312 
314 316 319 321 322 323 325 329 333 334 337 339 
344 349 353 354 363 366 370 384 388 391 393 397 
401 414 416 417 419 421 422 424 426 430 432 436 
441 444 445 447 448 455 467 470 473 478 479 481 
486 491 494 508 509 521 522 524 525 526 527 529 
533 536 538 539 542 544 545 551 552 553 554 557 
558 562 566 569 575 583 584 586 591 594 595 599 
602 606 608 611 612 629 631 636 637 642 644 645 
648 651 652 654 656 657 659 664 665 666 667 673 
674 685 689 694 696 698 702 711 718 721 723 724 
727 730 732 740 741 742 746 748 754 755 756 757 
758 761 763 765 771 774 777 778 779 780 785 787 
789 790 798 800 
219
4 7 10 19 21 24 26 28 31 32 33 42 
43 44 47 53 65 66 67 69 73 79 81 82 
85 87 89 90 92 97 100 103 108 112 119 120 
124 128 130 131 132 134 135 139 147 155 157 159 
162 165 179 180 181 187 190 191 195 197 199 203 
204 205 208 219 221 222 225 231 236 237 242 245 
246 248 249 254 257 263 264 265 269 274 282 288 
289 297 311 313 321 334 335 337 341 342 346 351 
357 358 364 365 371 377 388 389 393 394 397 401 
406 409 415 416 421 422 425 426 429 431 432 433 
443 451 452 453 454 460 471 472 474 476 477 481 
485 487 489 493 494 498 502 504 508 511 514 516 
518 525 526 528 532 539 541 544 550 551 557 558 
569 574 578 579 582 583 587 588 595 596 599 602 
607 608 613 615 618 622 625 631 635 636 641 652 
654 661 662 665 666 680 681 684 685 687 691 696 
699 707 708 713 714 718 719 720 722 724 733 734 
736 738 739 740 752 756 759 760 763 774 782 792 
795 797 800 
249
1 2 3 7 8 11 13 16 20 21 22 26 
27 31 34 39 40 43 45 52 53 55 56 58 
60 62 63 64 66 69 82 89 94 99 105 106 
109 111 114 115 122 124 127 129 132 134 135 136 
138 139 143 150 151 157 160 161 168 170 171 175 
186 189 190 191 208 209 211 213 214 216 217 227 
228 229 232 237 239 243 247 249 250 254 257 261 
263 265 271 273 278 296 300 302 303 308 312 316 
319 322 323 327 330 340 345 347 350 351 352 354 
356 358 359 360 361 362 363 366 367 369 370 373 
377 382 384 389 390 391 392 396 403 405 412 413 
416 417 419 422 427 429 434 436 442 445 449 452 
456 465 467 473 474 477 480 489 495 497 503 506 
511 513 517 520 521 522 536 537 538 539 549 551 
554 556 557 558 561 562 564 568 569 570 572 573 
574 578 579 584 585 586 587 593 599 600 601 604 
608 611 612 615 619 621 622 623 624 627 635 643 
645 646 647 649 651 655 656 662 669 676 678 683 
687 688 689 690 696 700 708 711 715 716 717 720 
724 728 730 732 738 741 743 745 750 752 756 759 
764 765 773 779 780 786 795 796 798 
242
9 11 12 25 28 29 34 35 37 38 42 43 
46 47 50 51 52 55 61 62 63 67 72 73 
78 83 89 91 92 100 101 103 105 106 108 109 
115 120 123 132 133 135 143 144 149 153 156 157 
159 160 172 174 175 176 177 179 180 182 191 192 
193 195 196 198 200 201 204 206 209 210 214 215 
217 218 219 220 222 225 238 243 246 248 251 256 
265 267 273 275 277 280 282 288 290 291 294 296 
302 311 312 314 315 323 332 337 338 339 344 353 
354 361 365 371 373 375 378 379 381 388 391 392 
396 404 406 417 424 428 434 441 447 448 450 452 
461 467 469 473 474 475 481 482 483 486 487 488 
491 492 493 500 502 503 507 509 510 511 515 516 
521 523 527 531 532 535 537 545 546 552 561 566 
567 577 581 582 583 584 585 586 587 590 592 593 
598 602 611 612 617 618 622 628 630 633 644 646 
647 653 654 655 657 663 665 668 676 678 679 681 
683 684 694 696 699 703 716 718 722 725 726 728 
730 733 734 736 738 741 743 747 754 763 764 765 
766 775 776 779 780 783 784 785 788 789 793 794 
797 798 
238
1 2 3 8 10 12 16 18 23 31 33 38 
40 58 61 64 70 71 73 75 77 79 81 82 
85 87 92 95 109 110 114 115 116 119 121 131 
133 134 137 140 153 155 156 158 159 161 162 168 
175 179 180 185 186 190 195 196 202 204 205 210 
212 215 219 223 229 230 231 234 242 245 246 248 
251 252 253 255 258 261 272 273 278 279 280 282 
286 290 293 301 303 309 314 319 327 332 336 339 
341 348 351 352 354 356 357 358 363 364 367 368 
369 370 373 375 379 385 388 390 397 402 404 405 
406 410 412 416 421 423 429 430 433 434 435 437 
442 449 452 453 454 456 458 459 460 462 469 474 
476 483 494 498 503 513 515 519 521 523 524 531 
537 540 544 545 546 552 553 554 560 565 569 571 
573 577 580 585 589 594 595 600 603 607 608 615 
617 623 624 628 634 636 640 641 642 645 651 654 
657 658 662 663 666 668 669 670 672 673 674 678 
683 684 685 687 688 690 697 698 707 712 714 717 
721 723 725 728 729 731 734 735 741 742 745 748 
750 754 767 777 780 781 787 789 791 799 
224
3 9 11 12 13 17 18 19 20 23 29 32 
33 34 38 39 50 51 55 56 57 58 59 62 
64 75 87 88 91 104 105 106 114 118 119 123 
127 132 133 137 139 141 145 150 154 158 162 170 
177 180 187 188 190 193 198 200 204 205 206 207 
208 209 214 215 218 223 225 238 241 242 246 249 
255 257 263 264 266 267 268 271 273 277 278 279 
280 284 290 293 294 295 297 301 302 307 313 319 
327 331 333 335 357 366 368 370 374 375 380 383 
387 393 394 395 396 400 407 408 415 416 417 420 
435 436 438 443 446 447 453 460 462 465 469 470 
473 474 477 479 480 481 487 490 500 507 509 512 
518 519 521 522 526 527 531 534 536 543 544 546 
552 554 558 561 567 570 572 575 582 590 591 595 
597 602 605 606 607 608 609 614 619 632 633 640 
642 643 650 654 657 658 661 668 669 670 671 677 
678 684 690 703 704 706 710 711 712 713 717 723 
725 728 729 730 734 735 736 739 744 745 750 758 
760 763 764 765 784 785 792 800 
228
1 3 4 7 15 17 19 40 48 49 50 54 
56 63 66 67 70 71 73 74 75 76 80 86 
88 89 90 95 99 100 102 103 108 110 111 116 
118 121 125 128 129 130 132 135 136 138 140 141 
146 149 150 152 154 157 158 160 164 165 166 176 
184 186 187 189 194 203 213 217 218 222 227 229 
230 233 235 237 238 241 245 246 254 255 258 259 
261 266 269 270 275 293 296 300 306 308 310 312 
314 316 319 323 324 325 328 332 336 341 344 350 
355 362 373 374 381 383 387 389 391 404 408 411 
412 416 424 430 432 438 440 444 454 457 467 470 
472 476 480 483 489 494 501 503 504 505 511 516 
518 520 526 527 530 536 539 548 549 552 553 555 
559 565 566 568 569 572 576 577 585 594 600 601 
604 607 615 616 628 629 630 634 639 641 643 645 
647 652 662 668 672 673 676 682 683 685 688 689 
691 697 698 704 706 709 714 715 717 722 723 731 
732 733 737 742 744 750 758 761 765 767 769 770 
773 779 781 782 784 785 786 787 788 789 790 793 
242
4 8 10 12 14 15 17 20 22 23 24 34 
35 36 41 44 47 51 54 56 61 62 64 67 
71 72 79 83 84 87 88 89 91 92 93 96 
97 99 102 111 113 114 115 116 118 120 121 134 
139 142 145 150 151 155 165 166 168 173 174 175 
176 178 184 185 186 189 190 191 194 196 200 201 
202 205 207 208 211 213 217 219 222 226 227 232 
233 236 237 241 245 249 264 269 271 272 273 275 
279 285 287 289 291 293 301 302 304 305 322 323 
324 326 327 330 333 337 338 339 343 349 354 357 
358 359 360 362 365 366 373 386 391 392 393 394 
395 398 401 406 407 412 415 418 419 428 432 433 
435 440 442 457 458 466 473 474 478 481 483 484 
488 491 493 502 505 508 511 515 518 519 520 522 
545 547 551 559 563 566 567 569 571 572 574 576 
583 584 586 588 590 591 594 598 605 607 616 627 
628 629 638 639 643 646 655 656 660 661 665 671 
672 676 683 688 692 694 696 698 699 702 707 708 
713 714 723 726 730 731 734 736 740 743 744 745 
747 754 756 760 762 764 765 770 774 777 784 789 
794 799 
240
1 3 12 16 24 26 28 29 33 34 42 43 
44 46 48 49 52 55 59 61 62 63 64 66 
69 76 79 91 100 103 106 107 114 118 122 124 
126 127 128 131 133 136 137 147 148 155 160 162 
164 177 179 180 182 184 190 193 194 205 207 213 
216 217 218 222 223 230 232 241 242 243 264 282 
283 285 301 304 308 317 321 323 331 336 338 341 
342 349 350 352 354 357 360 362 365 366 372 373 
378 381 385 387 388 391 392 395 398 401 404 406 
408 415 418 421 423 426 427 430 432 440 442 443 
445 446 449 451 453 455 458 459 460 463 465 467 
468 470 471 472 474 475 477 478 486 488 490 492 
497 498 503 506 509 510 512 514 518 519 523 524 
528 529 533 534 538 539 543 546 547 548 549 550 
553 554 555 557 558 562 568 569 575 576 578 579 
581 583 586 587 589 593 600 609 613 615 616 618 
619 626 629 633 636 642 643 645 647 653 658 667 
668 675 681 688 693 694 698 708 710 712 715 718 
719 725 732 735 736 742 745 748 751 752 754 758 
759 761 768 772 773 778 779 784 787 793 797 799 
225
2 3 4 5 6 7 17 24 26 32 44 48 
51 64 67 76 79 81 84 92 96 98 101 102 
105 110 121 128 129 130 136 137 141 148 151 153 
155 156 159 160 166 167 170 173 174 183 185 186 
189 190 204 208 209 210 213 217 218 219 220 222 
229 233 238 243 246 249 251 253 255 257 261 269 
270 273 286 288 290 297 299 308 316 321 323 325 
327 328 329 339 340 348 353 355 358 360 363 364 
370 371 374 376 381 383 388 395 399 405 408 412 
413 422 425 432 433 434 439 446 450 461 462 464 
465 474 476 477 479 483 486 495 499 501 502 503 
511 512 513 517 525 527 530 533 534 538 545 546 
548 550 551 557 562 564 566 567 570 572 575 576 
578 583 584 586 587 588 591 594 596 599 602 605 
606 613 616 618 619 627 631 637 647 650 652 654 
655 656 657 663 667 669 673 676 677 678 680 685 
687 688 691 695 696 700 704 706 707 715 716 717 
721 725 726 732 733 736 749 753 754 757 759 762 
766 771 772 774 782 784 789 791 795 
216
3 8 10 15 16 18 22 24 25 31 32 34 
35 42 45 49 56 68 78 81 83 96 99 107 
111 112 113 122 124 125 130 135 137 142 144 147 
158 160 161 167 171 172 173 185 186 188 192 193 
194 195 198 205 206 208 212 215 217 220 221 222 
230 231 236 241 256 257 258 269 271 273 274 285 
288 289 296 302 303 305 308 312 315 325 326 330 
335 336 340 342 348 350 354 356 358 361 366 367 
368 369 371 374 379 381 385 386 388 389 393 395 
396 405 406 408 411 413 414 416 419 432 433 434 
439 441 442 449 453 459 460 461 463 464 466 467 
475 476 480 484 489 490 498 505 515 519 524 526 
527 528 530 535 544 545 546 547 548 552 553 558 
559 561 569 573 580 582 589 594 597 598 607 613 
615 624 625 631 632 633 642 643 644 645 649 651 
654 655 659 660 662 664 670 673 686 690 691 692 
695 697 700 701 702 709 717 718 733 737 738 740 
753 757 762 775 779 780 782 787 789 791 795 800 
231
10 14 16 19 22 29 35 44 45 49 55 67 
68 70 74 84 91 94 98 100 101 104 109 113 
119 122 123 126 128 140 141 143 145 155 156 160 
165 166 176 178 179 184 185 189 190 197 202 203 
210 213 215 217 222 226 232 234 238 239 240 241 
247 248 251 256 257 260 269 270 271 272 273 277 
281 288 290 294 295 296 297 298 299 300 302 307 
309 316 318 320 321 334 339 344 355 356 363 366 
371 377 379 380 381 382 383 386 387 392 394 399 
402 403 404 407 411 412 414 418 421 424 426 427 
428 432 438 440 445 448 451 452 453 462 465 466 
467 468 472 474 476 479 480 482 486 490 493 494 
495 501 503 507 513 514 524 527 535 537 544 545 
551 552 555 557 558 559 566 567 568 570 572 579 
580 584 588 590 595 597 599 601 602 605 608 616 
623 630 636 637 641 644 646 649 652 662 671 672 
673 676 677 681 682 683 685 686 688 694 696 698 
700 711 712 717 718 722 724 730 732 733 740 741 
743 749 750 752 756 759 762 764 775 778 785 786 
788 791 796 
258
11 12 15 16 20 25 27 29 32 36 37 39 
44 45 48 51 52 53 54 59 60 62 64 67 
70 73 85 88 89 91 100 104 105 106 110 114 
115 119 123 124 127 131 133 134 139 141 143 147 
148 149 151 160 161 171 173 177 178 180 185 187 
192 199 201 202 203 204 210 213 214 219 220 221 
222 223 228 233 234 235 238 242 249 259 264 279 
281 282 283 284 285 287 289 293 296 299 300 301 
303 304 306 307 313 317 323 325 328 330 333 337 
341 343 349 350 351 354 357 358 360 365 366 368 
371 372 382 393 394 397 401 403 405 407 408 409 
411 414 416 419 426 428 429 431 435 436 441 445 
451 453 457 460 461 463 469 473 474 476 477 479 
482 485 486 489 493 494 503 505 508 509 511 513 
516 518 519 521 526 529 536 537 538 547 551 553 
554 557 565 567 569 572 580 584 585 590 591 593 
596 608 611 612 613 614 615 621 624 625 628 629 
630 632 640 643 645 650 652 653 660 663 664 665 
668 678 681 684 688 689 691 692 693 695 703 706 
714 715 718 721 730 733 735 736 737 738 744 745 
748 749 757 762 766 768 774 780 781 783 787 790 
793 794 795 798 799 800 
246
1 4 7 8 10 13 14 17 20 22 25 27 
28 29 31 35 36 37 45 54 63 64 66 67 
68 70 72 76 83 87 92 93 94 97 99 105 
107 110 111 112 115 118 119 121 122 128 129 132 
134 139 140 149 150 151 154 155 159 161 166 169 
170 173 175 180 186 187 198 201 203 205 212 215 
218 227 230 232 233 234 236 238 239 242 243 246 
248 252 253 259 260 262 265 277 278 279 282 286 
289 290 297 300 301 302 304 305 308 309 316 319 
322 325 326 327 332 334 338 349 350 354 365 373 
374 377 379 388 393 395 396 397 401 404 405 409 
417 419 423 424 428 429 436 437 438 443 447 452 
453 455 461 462 463 466 469 479 488 497 498 499 
504 506 510 513 518 522 531 533 540 541 542 547 
552 556 558 562 572 576 581 584 590 592 595 596 
599 602 604 608 609 611 617 618 619 622 625 630 
641 646 660 661 663 667 676 678 684 685 686 688 
694 695 697 699 702 703 706 707 710 712 713 714 
716 717 719 720 724 732 733 735 739 740 741 744 
748 749 750 756 760 763 768 771 774 780 783 784 
785 786 789 793 799 800 
238
3 4 5 7 12 16 18 24 25 28 30 31 
34 36 38 45 46 51 53 54 57 58 60 62 
63 64 69 74 75 79 83 88 90 96 100 104 
105 108 111 112 113 118 124 128 132 135 136 141 
148 150 152 155 156 165 166 170 172 173 174 176 
177 179 180 182 183 185 187 190 191 193 196 198 
199 201 203 205 208 209 211 218 222 235 247 248 
251 256 259 262 264 266 267 268 270 272 273 280 
281 288 289 290 294 299 302 304 306 310 313 317 
319 320 325 327 330 334 335 336 357 358 359 360 
371 372 381 386 387 388 394 395 398 404 411 414 
415 417 424 429 430 433 435 438 446 451 453 454 
456 457 465 467 471 473 474 475 477 481 482 489 
491 500 502 506 508 509 512 513 516 518 520 521 
525 526 527 533 534 535 548 549 554 562 564 574 
583 585 590 594 595 597 599 609 610 611 615 617 
620 621 627 632 637 643 648 649 651 658 659 660 
662 663 668 669 676 677 685 686 687 688 691 694 
700 703 707 715 718 719 721 729 735 736 739 747 
751 754 760 776 785 788 794 795 796 798 
244
1 3 4 6 7 9 11 19 21 22 27 35 
41 44 45 47 51 54 56 59 63 68 74 79 
80 85 86 90 97 98 103 108 109 112 113 130 
135 137 139 140 141 144 146 149 157 161 162 167 
169 170 177 178 182 185 186 187 188 192 193 198 
201 202 209 220 221 223 225 242 244 252 254 255 
256 259 261 267 268 276 277 285 288 289 294 295 
296 297 303 305 312 313 315 318 322 323 329 330 
331 333 334 335 338 345 348 350 352 353 356 357 
359 373 374 376 378 379 383 394 400 405 412 413 
420 422 423 424 425 439 448 458 460 461 462 464 
465 467 468 469 473 476 480 481 482 483 484 487 
490 491 492 493 500 501 506 507 509 515 518 520 
527 528 530 532 534 540 541 542 543 547 551 554 
555 568 570 571 573 574 576 578 582 583 589 591 
594 595 596 597 598 604 608 609 610 615 617 620 
621 625 626 630 631 632 634 635 637 638 641 642 
643 645 647 648 660 671 677 679 681 686 687 689 
693 694 698 699 702 703 706 709 712 717 719 721 
722 725 731 739 740 749 756 761 771 775 776 778 
786 788 789 790 
221
1 2 4 9 10 11 12 13 25 26 28 30 
34 41 42 45 52 53 61 63 64 70 71 75 
79 80 81 82 85 87 94 102 103 104 107 111 
114 117 118 121 126 127 128 133 135 137 138 157 
165 173 182 185 191 194 197 199 200 204 205 207 
209 211 227 228 231 232 233 242 243 245 247 248 
262 266 267 268 272 274 275 278 283 286 293 295 
296 300 303 307 308 312 317 318 319 321 324 335 
340 342 344 356 364 365 368 375 377 380 382 386 
390 393 395 397 399 401 417 423 424 430 433 435 
436 438 439 443 449 450 451 452 453 458 461 462 
463 465 467 479 480 483 484 488 499 502 515 518 
523 524 525 531 532 533 537 542 543 549 550 551 
555 556 558 569 573 575 587 590 595 600 601 603 
604 610 613 618 629 636 639 642 648 650 653 655 
656 662 663 668 669 670 674 678 683 686 691 693 
694 698 699 701 707 709 711 716 724 725 728 730 
731 737 738 740 748 750 754 756 758 761 774 786 
787 792 795 798 799 
249
2 3 8 21 23 24 27 36 41 43 45 46 
57 60 63 67 69 74 78 79 81 82 84 90 
91 93 96 98 99 102 103 104 110 113 117 119 
123 132 134 135 139 145 146 150 153 155 157 164 
166 170 178 179 181 183 191 194 195 199 200 201 
210 212 215 216 217 220 221 224 238 240 245 246 
250 252 253 258 261 265 268 275 279 284 290 291 
293 294 298 300 301 303 306 310 314 319 320 323 
326 327 328 329 331 332 334 343 355 359 360 361 
363 365 369 370 371 373 378 379 383 384 386 387 
394 395 402 403 412 418 426 431 434 436 437 438 
440 448 451 453 454 457 468 470 474 481 486 487 
488 496 497 500 501 504 508 513 515 517 521 523 
524 528 529 531 532 541 544 560 564 570 573 576 
585 586 588 590 592 594 595 599 605 606 608 617 
619 620 621 623 625 626 630 631 635 636 637 640 
643 644 645 646 648 652 654 658 660 661 663 664 
667 669 671 677 678 679 682 683 688 691 695 696 
699 704 712 715 722 723 725 726 731 734 735 740 
741 742 745 747 750 751 753 754 755 761 762 772 
775 776 778 780 781 782 783 789 797 
243
6 7 11 14 32 33 35 36 37 39 40 41 
44 45 48 52 53 58 61 62 66 71 72 75 
80 88 89 90 94 97 98 115 116 118 120 123 
127 128 129 134 135 137 138 139 141 143 144 149 
151 162 163 164 175 177 179 181 186 187 189 190 
203 205 208 209 210 217 218 220 223 224 225 227 
235 238 239 241 247 248 256 257 259 260 263 264 
269 275 276 277 281 284 289 290 292 296 301 303 
306 315 318 319 326 333 335 338 342 344 345 346 
348 349 350 351 353 354 355 356 360 362 369 371 
374 375 377 379 381 385 391 392 394 399 401 406 
407 408 412 413 421 423 426 428 432 433 442 443 
446 451 455 459 461 465 474 475 479 481 484 485 
486 493 494 496 497 506 509 518 519 522 525 533 
534 537 538 539 550 553 556 561 566 575 576 577 
578 580 582 583 585 589 596 597 598 600 605 608 
610 616 623 629 636 641 646 652 657 660 661 666 
670 675 684 687 688 691 693 695 697 703 706 708 
709 710 712 729 732 737 738 739 751 753 755 759 
762 763 765 769 776 778 779 782 784 785 789 790 
792 793 796 
244
7 13 20 21 25 29 33 36 37 38 41 43 
45 47 50 51 60 61 63 64 68 71 75 76 
78 81 86 96 99 100 106 108 109 118 119 120 
123 124 127 128 132 135 137 141 143 145 153 156 
158 159 163 164 169 174 178 183 185 189 190 191 
195 198 202 203 205 206 207 208 215 223 225 226 
228 229 232 236 241 244 246 249 252 253 254 264 
265 266 270 272 273 275 276 279 281 282 283 289 
291 292 297 299 302 306 308 309 314 319 321 329 
332 333 334 336 338 343 344 345 347 348 360 364 
367 370 371 377 378 380 385 390 394 395 398 399 
400 402 407 409 412 413 416 418 420 421 423 424 
425 426 428 431 435 436 437 442 444 446 447 448 
450 453 458 461 476 478 479 486 489 502 509 513 
516 517 518 520 522 524 526 528 532 533 535 536 
538 540 541 557 563 565 577 580 581 586 593 595 
596 597 599 601 614 625 630 632 633 635 649 654 
659 669 670 672 674 676 679 685 688 696 700 710 
713 714 721 726 728 729 731 732 736 737 738 746 
750 755 757 761 762 764 771 773 777 778 783 787 
788 792 794 800 
232
9 13 21 27 30 35 37 40 46 48 50 51 
57 58 60 61 63 68 70 73 79 83 84 86 
89 95 100 102 109 112 121 126 128 130 131 137 
141 143 146 151 157 162 163 167 168 172 178 180 
181 185 189 191 193 195 202 203 218 219 220 224 
229 233 236 239 245 247 250 253 256 260 261 270 
279 283 284 286 289 291 296 297 300 301 307 308 
315 323 325 326 327 328 330 331 337 341 342 345 
346 355 360 363 371 373 374 377 381 385 387 394 
397 398 399 403 412 415 423 424 425 431 434 435 
442 445 447 449 454 456 458 468 475 482 486 491 
505 512 513 514 516 517 520 521 528 529 531 532 
540 543 545 546 547 548 550 551 554 555 562 569 
571 572 575 579 584 585 590 591 592 598 602 609 
610 614 616 617 618 621 627 628 629 631 632 642 
643 651 654 657 659 662 664 665 671 672 675 676 
677 680 681 683 684 685 686 688 690 697 698 703 
706 707 708 710 712 716 719 725 740 743 748 751 
752 753 754 756 767 773 774 775 776 779 786 790 
793 794 795 798 
227
5 8 10 21 22 28 35 36 39 44 56 61 
65 70 79 80 83 84 92 93 97 101 102 107 
108 109 112 113 115 121 128 135 137 140 148 155 
157 159 163 170 179 186 188 190 191 209 210 212 
213 215 222 228 229 234 235 236 237 240 243 244 
246 251 254 255 256 266 267 269 270 275 276 277 
279 283 285 291 293 297 300 309 312 314 318 333 
336 341 342 350 353 354 355 356 359 361 362 363 
365 366 368 371 382 389 392 394 397 398 401 403 
405 407 410 415 421 422 424 426 427 428 430 431 
434 438 439 444 446 447 448 450 454 462 463 468 
469 473 474 482 484 485 492 499 500 502 506 507 
512 519 524 530 534 542 544 545 547 549 554 556 
557 560 561 562 568 572 576 577 580 581 582 584 
585 586 588 590 591 595 596 599 604 606 628 630 
636 641 649 651 652 656 664 670 675 677 684 689 
694 695 696 697 698 706 711 714 715 716 717 721 
725 727 733 734 737 739 740 741 749 752 757 760 
765 766 768 774 775 785 786 791 793 795 796 
246
2 4 5 8 10 12 16 18 22 24 33 38 
40 43 44 47 49 58 62 68 74 77 85 88 
95 104 109 110 111 113 115 118 122 128 129 130 
133 138 139 141 145 147 150 166 167 174 178 179 
182 183 184 191 193 201 206 212 214 215 217 221 
224 227 234 237 241 256 258 260 263 267 271 272 
279 281 282 284 285 287 293 294 296 297 303 309 
310 311 314 315 327 331 337 340 341 342 345 346 
356 360 370 371 372 375 376 378 379 381 383 392 
396 400 401 402 404 408 409 413 421 422 423 431 
435 439 442 444 445 446 447 452 453 457 458 462 
463 466 467 468 471 472 473 474 479 481 484 486 
489 494 500 501 508 511 514 516 518 520 522 523 
526 527 534 538 539 546 550 551 553 554 555 567 
569 571 573 579 582 583 587 595 597 600 602 607 
613 614 615 621 624 627 634 635 640 643 653 654 
658 662 666 667 672 673 675 682 684 685 697 702 
703 705 706 707 710 712 716 717 719 720 721 725 
727 729 731 732 735 736 738 739 742 745 746 750 
752 756 758 760 761 762 768 771 776 777 780 782 
788 790 791 794 796 799 
242
2 3 6 12 24 25 28 29 32 36 40 42 
45 50 60 63 66 71 77 80 81 83 86 92 
93 97 100 101 102 109 123 129 132 133 138 140 
141 149 155 158 162 164 166 174 179 180 187 188 
190 192 194 195 204 205 207 213 215 221 227 234 
237 240 242 243 245 251 253 258 260 261 264 267 
270 272 274 277 285 288 299 303 306 307 308 315 
319 322 328 330 332 342 344 352 353 354 357 360 
372 374 376 379 380 381 382 383 389 391 392 393 
399 403 405 413 419 421 425 433 436 437 440 448 
454 458 459 464 466 468 469 471 474 481 482 487 
491 494 497 498 505 508 510 512 518 521 524 528 
533 536 543 545 547 550 553 556 557 560 561 574 
576 579 581 583 587 588 590 591 601 604 606 611 
617 618 621 628 633 638 639 640 642 643 645 648 
652 656 657 660 661 662 664 665 676 677 681 682 
684 688 689 690 692 695 697 698 701 704 705 707 
710 712 713 715 716 717 718 720 721 724 728 732 
734 735 741 745 746 753 754 755 756 757 765 766 
767 770 771 772 775 780 781 782 785 787 789 790 
796 800 
238
6 7 8 10 11 14 15 20 26 31 36 41 
45 46 57 58 59 62 64 67 69 73 74 75 
79 80 81 85 91 98 101 103 104 113 115 116 
117 120 123 124 128 129 141 142 145 148 151 154 
155 158 162 164 165 168 169 174 176 181 185 187 
188 189 190 191 193 199 202 204 209 211 215 219 
220 223 225 227 234 235 237 240 242 246 247 251 
253 258 260 261 262 264 267 268 271 272 276 281 
291 294 297 298 304 306 311 321 322 326 328 329 
331 337 340 352 358 360 361 362 363 370 372 376 
383 389 392 393 395 399 404 405 409 413 414 416 
419 429 432 435 436 437 439 440 451 454 455 457 
468 469 477 493 495 499 501 504 507 513 514 525 
527 528 530 537 538 541 550 554 558 562 567 572 
575 582 583 584 585 586 588 591 593 598 601 608 
609 611 615 623 627 629 633 638 642 643 644 649 
652 655 656 658 660 663 665 666 670 672 673 677 
686 689 690 691 696 697 698 699 703 706 711 713 
716 717 718 721 724 739 744 745 748 751 753 755 
760 764 766 769 774 775 780 786 790 794 
243
1 2 5 6 9 13 14 15 16 18 23 35 
36 39 41 44 45 51 52 56 58 60 62 66 
68 72 74 75 87 90 91 93 94 98 99 100 
102 103 104 105 107 110 111 114 116 118 123 128 
131 132 133 134 138 139 140 144 148 150 164 168 
169 173 175 178 180 182 183 184 198 200 203 204 
208 209 213 215 219 221 223 224 229 231 232 233 
236 243 245 249 251 252 255 256 259 262 268 270 
271 273 274 281 285 286 291 294 296 297 298 301 
306 308 316 324 332 337 349 351 355 358 362 364 
366 367 371 375 376 379 387 393 397 398 399 404 
408 409 412 413 414 423 424 425 429 432 435 436 
437 439 441 447 457 463 466 468 470 474 481 484 
486 490 492 498 499 502 503 506 507 516 522 531 
534 535 537 538 541 543 547 550 555 558 560 562 
565 567 570 571 581 582 586 587 588 591 592 607 
609 614 616 620 622 628 630 639 640 643 644 646 
648 649 654 663 664 671 676 679 680 684 688 691 
693 695 696 702 703 706 708 728 731 736 742 749 
755 766 768 771 774 775 776 781 784 786 791 792 
793 795 798 
238
3 7 16 33 34 42 45 50 51 53 59 64 
67 69 80 81 84 86 91 94 96 97 100 101 
103 109 114 120 121 122 123 125 128 130 131 133 
136 148 153 155 157 159 161 164 165 172 175 177 
179 182 184 188 193 197 198 199 202 205 207 208 
210 211 214 217 218 221 223 226 227 228 229 232 
235 237 238 239 240 254 255 259 260 266 268 272 
274 275 282 284 290 291 297 300 303 304 305 317 
320 321 334 338 342 356 360 365 366 367 369 371 
380 382 385 386 390 393 396 399 403 406 409 410 
411 416 420 422 427 431 432 434 436 438 439 441 
447 449 450 455 456 458 461 463 467 470 471 475 
479 482 485 486 487 499 507 517 518 519 522 534 
541 552 558 560 567 573 579 582 587 588 589 596 
598 600 604 606 607 608 609 610 621 622 624 631 
634 637 644 646 647 649 650 651 652 654 655 659 
664 666 674 676 678 682 684 686 688 690 691 693 
695 697 699 703 705 710 711 713 714 718 721 722 
725 726 727 733 735 742 748 750 752 770 771 779 
783 784 787 788 790 794 795 796 797 800 
231
5 6 11 15 18 29 34 36 37 45 46 49 
52 56 58 60 62 78 79 91 96 100 101 103 
104 110 115 125 130 132 135 136 138 141 142 143 
148 150 153 156 158 161 162 167 168 172 177 178 
182 188 190 191 192 195 201 203 212 213 214 219 
220 222 226 228 233 235 245 247 249 253 255 256 
257 262 264 267 269 270 271 273 276 278 280 281 
284 285 286 291 292 294 296 303 305 317 319 321 
325 332 333 335 336 337 341 347 354 356 357 361 
363 365 366 370 371 373 383 386 387 393 394 401 
402 407 420 421 422 425 427 428 429 431 433 434 
437 441 447 448 455 457 467 471 472 474 476 478 
482 486 487 488 490 492 493 494 496 504 505 507 
509 510 513 514 515 517 519 521 522 524 526 527 
530 535 536 538 541 542 544 553 559 565 569 574 
575 577 581 587 590 591 592 597 598 600 601 603 
606 616 618 625 628 633 642 643 647 650 658 667 
673 679 681 688 693 696 706 711 727 728 745 746 
747 754 759 761 764 767 774 781 786 787 792 793 
795 796 797 
244
8 10 13 16 21 22 23 26 31 33 41 44 
46 49 51 53 54 58 59 63 64 66 68 69 
71 77 78 80 81 82 88 93 103 104 112 115 
116 117 119 124 126 127 133 134 136 137 139 140 
149 150 152 156 166 168 171 172 174 183 185 186 
187 195 202 204 210 213 214 215 216 218 219 225 
233 238 241 242 243 244 245 252 256 257 260 264 
265 272 275 282 283 292 294 296 297 299 300 303 
304 305 307 308 312 322 326 329 330 331 332 333 
336 344 345 347 348 349 353 355 357 363 366 372 
373 377 381 385 386 392 395 404 406 410 416 418 
425 428 434 437 438 441 443 446 452 457 458 461 
463 467 476 478 483 486 488 491 492 494 497 498 
500 502 508 509 510 511 518 527 528 529 530 539 
543 548 555 556 558 560 564 568 570 574 575 576 
577 579 584 586 588 596 602 605 607 612 615 618 
622 638 639 640 643 647 650 652 654 668 673 678 
679 683 684 686 687 690 693 697 699 704 705 709 
710 716 719 730 732 736 737 739 741 744 745 749 
750 751 752 753 756 757 758 759 760 763 764 768 
791 792 796 800 
240
2 4 10 11 15 22 27 29 31 32 33 34 
37 42 45 47 48 51 56 59 61 64 66 72 
73 74 83 85 87 89 94 96 99 105 110 114 
115 125 131 136 137 138 139 141 144 146 149 151 
156 165 168 173 177 178 182 186 188 189 192 195 
198 201 203 204 210 212 213 218 222 223 225 237 
238 239 244 246 252 253 258 260 266 274 282 290 
296 297 300 311 314 316 318 319 322 324 326 328 
332 333 336 347 348 349 351 361 371 373 375 378 
381 386 390 393 394 397 399 401 406 407 410 411 
415 416 417 423 424 431 433 443 446 447 450 453 
460 464 467 472 475 482 484 486 489 494 499 500 
503 504 505 506 507 508 509 511 521 531 532 538 
539 542 549 550 556 560 561 562 563 564 568 572 
575 577 581 582 591 594 595 596 602 604 606 607 
611 613 622 623 625 626 627 628 630 637 646 650 
656 658 667 669 672 678 680 682 684 685 686 687 
690 691 693 695 696 703 704 709 713 715 722 724 
725 726 728 729 730 734 741 744 745 746 750 752 
753 754 762 763 770 771 772 778 780 781 785 796 
245
2 3 4 9 10 18 24 34 37 50 52 53 
54 58 61 62 64 65 70 73 75 76 82 83 
86 87 90 91 92 96 97 98 103 104 106 107 
112 113 114 118 121 136 137 138 142 143 145 147 
149 154 156 158 160 164 165 169 173 181 183 186 
192 197 201 210 211 212 213 217 218 220 222 225 
226 228 239 242 243 245 249 254 256 257 258 259 
260 261 262 264 265 266 267 271 278 285 290 295 
296 297 299 309 310 313 316 317 318 325 326 327 
328 330 331 336 340 344 345 349 355 360 362 368 
370 391 392 398 408 411 412 418 421 423 426 427 
433 438 447 456 460 463 464 467 468 471 472 477 
481 487 494 502 505 508 513 514 517 518 521 522 
532 533 534 535 536 538 542 543 544 547 552 554 
555 558 562 563 564 566 572 574 576 577 579 582 
583 584 604 605 609 612 615 618 620 622 623 624 
625 626 629 632 633 639 643 648 650 651 654 658 
661 663 676 677 678 679 692 693 695 697 699 700 
707 708 714 718 719 727 733 734 738 739 744 750 
756 757 758 760 764 765 768 769 772 773 778 782 
783 784 787 796 799 
229
1 2 4 7 10 12 14 18 20 21 22 25 
26 31 35 38 40 42 45 48 53 55 61 64 
71 72 73 76 77 78 83 85 91 101 103 104 
107 114 126 127 131 133 135 137 143 145 156 158 
159 185 187 188 189 193 194 196 197 198 205 207 
208 212 218 222 225 227 228 229 232 233 237 243 
245 248 249 252 258 259 261 262 266 270 275 277 
278 281 283 286 287 290 295 303 305 306 311 314 
319 320 321 325 328 329 336 337 341 344 346 354 
359 365 366 378 381 382 387 393 394 395 396 399 
403 415 421 425 426 427 428 430 434 435 436 441 
442 443 448 450 452 467 468 470 472 473 474 477 
479 486 490 493 499 502 503 509 513 516 517 521 
531 537 538 540 550 555 557 558 562 567 568 570 
573 575 576 582 587 589 597 600 604 605 615 619 
625 627 628 639 640 643 652 655 658 663 665 668 
670 673 676 680 685 689 693 696 697 698 703 705 
720 725 727 733 734 735 738 743 755 761 764 766 
767 770 771 773 775 782 786 788 789 791 795 797 
799 
236
3 6 8 10 12 18 23 24 30 33 37 41 
44 47 53 55 58 59 63 64 65 66 71 72 
73 75 80 83 86 93 97 100 103 109 113 115 
117 125 126 129 133 145 149 152 155 156 160 164 
165 166 169 170 174 177 180 182 183 194 196 205 
210 212 215 226 228 238 240 241 251 253 256 258 
259 263 268 278 282 284 285 287 291 292 296 297 
299 305 310 317 318 319 323 325 331 334 335 337 
339 341 343 349 354 359 364 366 368 369 372 377 
378 379 382 383 384 385 390 392 395 398 400 406 
408 409 417 420 429 434 438 440 444 449 451 452 
454 456 458 460 466 467 469 471 473 479 482 493 
501 504 508 509 517 519 521 524 527 531 535 539 
540 541 545 546 548 549 550 552 562 564 566 567 
576 583 585 587 588 589 593 594 595 596 598 602 
605 606 608 609 612 613 619 621 626 630 631 635 
638 641 643 651 654 656 660 662 665 667 668 671 
675 676 681 684 685 691 692 697 706 711 718 724 
727 728 736 737 739 743 744 746 750 755 757 766 
769 770 771 774 775 788 798 799 
257
2 3 5 8 11 16 17 18 22 23 24 25 
26 31 32 38 39 42 44 51 61 67 68 71 
77 79 82 85 86 88 94 96 101 102 106 108 
109 114 115 118 130 133 134 140 144 148 150 152 
153 156 159 164 165 169 170 172 175 179 180 182 
186 191 194 195 198 199 203 208 215 222 224 226 
229 230 235 236 238 243 246 250 251 252 254 256 
257 262 264 271 275 276 279 281 291 293 294 295 
298 302 304 305 311 318 320 326 334 338 339 341 
344 346 359 362 364 369 371 372 376 381 382 386 
390 392 393 400 406 407 412 414 416 418 420 422 
425 426 427 429 433 435 437 441 446 447 448 454 
457 458 459 475 480 486 489 491 495 497 498 503 
510 512 513 517 522 527 530 533 534 535 536 537 
541 542 546 553 556 562 563 567 568 571 572 582 
585 586 592 593 595 598 599 600 601 602 603 605 
606 607 608 609 611 613 618 619 621 622 624 631 
632 635 636 638 641 647 653 655 659 660 661 666 
667 669 671 672 676 678 680 687 688 693 694 701 
704 706 707 711 714 727 734 741 743 746 757 759 
763 764 765 773 774 775 776 779 780 786 790 791 
796 797 798 799 800 
226
3 5 10 12 13 14 19 21 25 27 38 41 
44 45 47 51 57 61 63 66 68 76 79 81 
86 91 94 96 100 101 104 119 120 127 135 140 
141 143 145 150 152 153 166 169 170 171 176 177 
182 190 194 196 199 203 207 213 217 219 226 234 
235 237 238 240 242 247 255 264 265 267 268 278 
285 287 289 298 300 301 302 305 307 308 310 315 
316 317 321 322 324 331 333 345 347 349 355 357 
360 361 365 371 375 377 379 380 381 383 384 387 
397 402 406 410 411 414 416 417 418 419 421 436 
447 453 454 456 460 463 468 473 481 483 488 491 
495 497 498 500 501 503 505 506 510 516 517 518 
519 522 525 526 529 530 535 542 551 553 556 558 
561 563 564 573 574 575 576 579 583 587 589 591 
596 597 608 610 615 616 622 623 625 630 640 641 
645 646 647 651 652 656 657 665 666 670 672 674 
675 680 682 686 687 695 707 715 717 718 719 723 
724 725 726 730 732 733 735 737 742 744 749 751 
752 763 772 776 777 779 780 786 793 795 
228
4 7 26 27 30 33 34 46 48 51 54 56 
57 58 60 68 71 75 77 79 85 97 105 108 
109 116 117 118 123 124 127 131 133 139 143 156 
157 161 165 167 171 174 177 182 183 187 192 199 
204 205 206 207 211 214 215 217 221 232 234 237 
243 249 256 257 260 261 262 263 268 273 274 278 
281 282 288 293 296 305 308 309 310 311 314 315 
318 321 325 332 337 339 346 347 353 357 372 374 
379 382 383 388 389 391 392 393 396 398 400 404 
407 412 417 419 422 423 427 431 437 439 445 446 
447 448 450 451 452 456 457 465 471 472 473 478 
482 484 487 493 498 502 506 512 513 516 525 526 
527 532 534 536 538 541 546 548 549 550 553 554 
561 571 578 579 584 585 586 588 589 592 603 604 
605 607 611 613 617 619 620 621 624 627 630 635 
636 641 647 648 652 653 657 666 667 669 672 676 
682 683 685 686 687 703 708 711 713 716 717 719 
721 727 729 733 737 743 747 748 751 753 756 759 
761 767 771 772 777 778 782 784 787 788 797 800 
255
2 4 6 11 13 15 20 22 23 26 32 34 
36 37 39 43 44 45 47 49 50 51 58 64 
67 68 71 77 78 87 89 93 95 99 100 102 
106 107 109 113 120 123 125 128 134 137 140 142 
145 148 153 158 160 164 170 177 180 182 190 191 
192 194 199 200 202 203 204 205 212 213 215 220 
222 223 224 227 231 233 235 239 240 243 247 254 
256 257 259 264 267 270 272 273 279 280 282 287 
288 292 294 295 301 302 305 306 310 312 314 319 
321 323 325 328 331 334 336 340 341 342 343 345 
349 350 351 353 354 356 357 359 365 366 368 369 
377 385 386 388 392 393 395 400 403 406 409 413 
415 417 419 422 425 426 428 435 444 448 452 459 
462 464 465 469 470 471 474 475 477 484 486 491 
492 499 501 504 506 507 510 515 521 528 535 544 
546 549 551 552 555 557 558 559 573 574 577 585 
588 589 592 596 599 601 602 607 611 618 619 620 
622 627 631 633 637 638 643 645 646 649 651 655 
665 666 669 673 676 683 691 693 695 701 702 704 
706 708 711 712 713 716 720 725 730 732 733 734 
736 738 742 750 756 762 766 772 773 774 782 791 
792 793 797 
225
5 8 18 20 21 26 30 32 40 41 43 44 
46 50 58 59 64 71 73 76 80 83 84 87 
89 91 93 101 102 103 107 108 115 117 119 120 
122 123 124 128 133 135 136 142 144 145 147 151 
160 167 173 176 187 188 197 198 202 208 211 213 
214 215 219 221 223 225 227 230 234 239 241 242 
243 249 251 252 253 254 255 257 260 262 264 269 
274 280 284 288 291 297 300 303 308 314 315 320 
323 329 330 333 334 335 339 342 348 350 357 358 
360 361 362 364 369 370 377 378 379 382 384 385 
386 387 389 390 393 398 399 402 406 409 410 413 
414 415 416 420 424 434 440 441 443 444 453 454 
478 482 483 485 486 491 506 510 514 516 517 518 
522 524 536 537 542 548 549 554 558 567 573 576 
578 581 589 590 598 599 601 606 610 612 619 625 
626 627 629 631 632 637 640 643 646 647 650 652 
654 661 669 670 672 675 676 683 684 686 691 702 
704 708 709 716 721 724 729 734 745 753 765 768 
775 776 779 780 785 787 792 796 800 
233
2 4 9 11 12 14 17 20 30 40 42 45 
46 50 52 57 59 61 69 70 73 74 79 81 
82 85 91 93 94 98 100 101 105 107 114 115 
120 125 129 131 135 136 137 145 147 151 159 168 
171 180 181 182 183 184 191 194 196 205 210 211 
213 215 216 218 220 222 223 224 225 235 240 242 
261 263 264 265 266 267 271 275 281 285 286 292 
295 297 300 301 307 320 322 331 336 337 339 343 
351 352 354 355 361 364 369 370 373 375 377 380 
385 386 388 392 397 399 401 404 413 416 417 418 
428 431 435 443 445 451 452 454 457 465 471 472 
478 484 489 490 492 493 495 498 500 501 502 504 
508 510 512 516 520 521 531 539 540 542 546 548 
550 551 561 562 564 570 574 575 576 580 586 591 
592 596 597 599 600 604 605 607 609 612 616 617 
623 625 627 634 637 642 643 648 649 651 660 664 
667 669 670 676 679 680 685 686 696 698 701 707 
710 711 714 726 728 733 734 738 739 740 741 748 
754 755 756 763 767 769 774 776 778 780 782 783 
785 793 796 797 798 
246
2 3 5 6 9 12 19 22 23 26 30 31 
35 36 42 50 51 52 54 55 56 57 59 60 
62 66 67 68 70 82 85 88 91 92 95 96 
101 102 106 107 108 117 118 121 126 128 129 130 
131 132 136 138 143 145 146 147 149 150 152 157 
160 167 185 186 191 193 196 201 219 226 229 231 
232 233 234 235 236 237 238 240 242 248 249 258 
259 261 267 270 276 277 286 290 294 300 303 304 
308 311 316 318 325 330 336 340 341 343 351 352 
358 361 363 366 372 373 380 381 382 384 386 393 
395 396 401 409 413 419 421 422 423 427 433 434 
444 446 448 450 451 453 454 457 461 462 464 467 
473 474 475 476 478 481 483 484 485 486 487 493 
494 496 503 505 506 507 508 510 516 523 525 526 
527 532 536 538 540 545 548 550 556 559 565 567 
568 570 574 575 576 588 590 594 596 599 612 615 
620 621 635 637 657 659 660 664 665 667 669 670 
671 674 683 685 689 691 695 700 701 702 703 705 
706 708 724 728 731 734 735 737 742 743 744 745 
746 751 753 757 761 763 765 767 771 774 775 783 
787 788 789 796 797 798 
243
4 7 18 21 25 29 30 31 32 37 39 40 
42 44 50 57 59 60 61 63 74 75 76 78 
81 83 85 88 89 96 98 100 101 107 109 111 
119 121 123 124 125 129 132 133 142 148 149 150 
152 153 155 163 170 172 173 176 177 178 180 182 
184 189 191 195 205 207 213 215 218 221 226 227 
230 232 233 234 235 238 239 240 241 246 248 249 
250 252 256 266 274 279 282 284 285 291 305 309 
311 312 316 317 320 322 329 331 333 334 337 338 
341 343 344 346 348 352 355 358 360 364 367 376 
379 380 381 390 399 401 405 406 408 413 414 416 
417 422 423 425 426 429 431 437 452 457 460 461 
463 468 469 475 477 478 480 484 492 494 497 501 
502 504 505 508 511 514 518 525 528 530 536 542 
549 558 560 564 566 568 570 573 580 587 592 593 
594 595 596 597 605 612 613 615 626 631 633 634 
636 637 638 642 647 651 654 657 659 661 662 668 
671 679 680 684 686 688 692 695 696 703 706 708 
711 714 716 720 725 726 728 729 732 734 737 741 
749 759 760 761 766 767 772 776 779 781 783 785 
791 792 796 
243
1 2 7 14 15 20 29 32 36 42 48 51 
52 53 60 66 71 72 74 80 81 83 89 90 
94 101 104 105 107 108 117 118 128 131 133 134 
138 143 144 147 149 162 163 170 171 172 176 178 
179 182 188 189 191 195 197 198 199 201 208 209 
212 214 223 224 230 234 237 238 239 242 243 245 
249 251 254 260 262 266 273 275 276 281 282 283 
284 291 292 297 299 305 313 314 315 319 321 322 
327 329 335 336 341 344 345 346 347 350 355 356 
361 366 373 375 377 380 381 389 392 393 401 404 
411 414 421 428 430 431 432 437 441 452 455 461 
470 474 477 479 481 482 484 485 492 495 496 497 
499 500 506 508 513 514 520 521 527 528 533 534 
537 539 545 546 550 551 557 566 567 573 577 578 
580 590 593 594 599 600 604 607 618 621 622 625 
629 635 638 639 641 642 646 649 651 654 657 658 
659 663 665 668 670 671 673 675 678 680 684 685 
686 687 690 693 704 710 711 715 719 721 726 727 
730 736 737 739 740 743 744 745 746 749 750 752 
753 759 765 766 771 773 777 779 784 785 786 789 
792 793 799 
257
2 5 7 8 11 13 18 19 25 28 31 32 
33 39 41 42 44 48 49 50 53 54 59 60 
62 63 73 74 75 79 82 85 86 88 92 95 
97 103 111 115 116 120 123 135 137 138 145 146 
148 152 159 163 164 165 168 169 175 177 179 180 
182 184 189 194 195 199 206 207 215 218 221 225 
227 229 234 237 241 245 246 252 254 257 259 262 
264 272 274 276 278 284 285 286 290 291 294 295 
296 299 303 305 306 309 310 312 316 318 320 325 
328 329 335 339 342 343 347 348 360 361 366 367 
369 371 372 374 379 383 389 390 396 407 408 411 
412 413 414 417 418 419 421 428 437 441 443 447 
453 454 457 458 460 461 467 469 472 474 476 478 
482 484 493 501 502 504 505 506 507 508 509 510 
513 514 516 521 526 529 532 535 537 538 542 545 
551 558 560 580 582 589 592 595 597 598 600 603 
605 607 613 615 616 618 621 624 626 627 629 630 
636 642 646 654 655 656 660 664 668 671 678 681 
686 688 690 693 696 698 705 708 711 712 713 720 
721 724 727 729 731 732 734 736 739 741 743 747 
750 751 752 753 755 757 758 760 762 768 774 777 
780 781 783 793 796 
238
1 2 3 4 6 7 8 10 13 17 20 21 
24 28 34 38 44 45 47 48 52 57 61 62 
65 67 77 80 87 92 94 95 97 102 104 106 
112 117 121 122 123 124 131 134 142 143 146 149 
162 166 169 174 176 185 188 189 190 191 192 193 
194 195 203 204 205 206 211 213 222 230 234 238 
243 247 250 253 255 258 263 265 267 269 285 286 
291 295 296 298 299 301 302 304 305 307 308 311 
318 323 324 330 332 334 335 336 342 343 344 349 
353 357 363 364 366 369 372 376 377 378 381 387 
388 392 393 395 396 400 401 405 406 408 410 418 
421 423 426 429 431 436 438 440 442 446 447 448 
452 455 459 466 469 472 473 476 481 488 493 503 
504 506 507 512 513 517 518 526 530 541 545 547 
548 560 563 564 566 571 579 590 597 598 607 608 
611 614 618 623 628 638 642 647 649 650 652 656 
657 658 665 669 675 677 678 680 683 685 687 688 
689 694 699 701 704 705 709 711 714 720 722 727 
731 733 734 739 740 743 745 749 754 755 756 760 
761 763 766 770 772 775 776 779 782 794 
261
2 4 15 28 34 35 38 42 45 48 49 53 
54 57 59 69 72 75 85 91 92 98 105 106 
109 111 115 117 118 121 125 127 132 134 135 136 
139 141 142 145 148 152 154 165 167 173 174 181 
183 186 187 192 193 199 200 201 204 210 216 220 
225 227 236 237 238 242 248 249 251 253 254 256 
258 260 270 272 274 275 285 286 291 304 306 307 
308 315 321 324 328 329 330 333 336 338 341 343 
345 350 352 354 357 359 360 362 363 367 369 372 
380 382 383 385 389 394 395 398 402 404 405 409 
411 427 441 443 444 446 448 452 453 456 458 459 
460 461 462 465 471 475 476 479 483 484 488 491 
496 497 498 499 501 506 507 510 513 514 519 520 
522 523 524 525 532 535 537 538 544 545 547 551 
555 556 561 563 570 571 572 573 574 575 578 583 
589 590 592 594 598 605 606 607 611 613 621 624 
625 626 627 630 634 636 638 639 640 641 644 645 
648 650 653 655 656 660 665 667 669 670 671 674 
677 684 685 689 690 691 694 697 700 706 707 710 
713 716 723 724 728 731 734 738 740 744 746 748 
750 752 755 758 761 766 768 769 770 772 774 775 
779 781 782 784 786 790 792 793 794 
238
5 8 15 16 18 21 23 29 31 33 36 37 
39 43 47 56 57 62 63 65 73 78 80 84 
85 86 89 90 94 103 112 115 123 134 136 138 
142 143 146 149 160 165 168 173 175 183 184 186 
191 192 194 195 196 201 203 206 213 218 222 223 
225 232 234 235 236 245 247 248 249 252 257 259 
261 267 274 275 282 284 285 289 291 300 304 305 
310 311 318 320 326 330 331 334 335 336 337 340 
341 345 353 354 355 356 357 362 366 371 372 373 
374 377 379 383 384 386 388 394 395 396 397 405 
407 418 419 425 427 428 432 435 438 439 441 445 
446 447 454 456 460 461 469 470 471 486 491 493 
495 496 497 500 503 504 505 507 508 513 518 522 
523 525 526 528 531 532 534 541 548 553 554 558 
562 565 567 569 571 584 588 592 594 596 601 603 
607 608 620 622 623 624 625 626 629 637 639 644 
649 651 652 653 658 659 663 668 671 673 697 700 
701 702 703 705 712 714 717 720 726 727 728 731 
733 734 735 736 737 740 743 748 753 757 758 760 
762 776 782 786 788 792 793 796 799 800 
239
9 10 25 29 31 39 42 43 44 46 47 49 
54 57 58 61 62 70 72 76 77 81 92 93 
96 97 99 108 112 114 129 134 138 139 150 151 
165 166 168 171 172 173 176 178 179 182 188 192 
193 195 203 205 207 208 209 215 222 224 225 236 
237 238 247 249 251 256 260 269 275 277 279 283 
292 295 299 300 301 302 303 306 309 311 313 314 
317 320 323 324 328 329 333 334 337 340 343 349 
352 359 360 363 374 377 379 380 382 383 387 391 
392 393 396 397 398 400 401 402 405 407 408 409 
410 412 413 416 418 419 422 428 430 432 433 443 
444 445 447 454 457 460 470 471 475 479 482 488 
489 490 491 496 498 504 506 508 513 514 517 520 
526 527 529 535 538 541 545 547 550 551 554 555 
559 562 563 566 571 579 580 586 592 601 604 605 
606 610 614 615 620 621 622 623 624 627 632 638 
644 645 648 650 653 655 657 661 668 669 673 676 
680 688 694 696 699 700 705 707 708 709 718 724 
725 728 738 741 743 744 746 749 752 753 759 761 
762 765 766 772 773 780 781 790 793 794 797 
229
1 2 15 16 17 29 30 33 36 37 41 44 
51 53 56 59 61 63 66 67 72 73 75 76 
78 79 81 82 83 84 85 87 88 90 100 105 
117 125 127 129 132 135 136 140 145 152 163 171 
172 174 181 183 187 188 189 192 193 194 196 199 
203 210 211 212 215 217 218 228 229 234 238 241 
243 246 249 250 251 258 265 266 268 270 271 272 
276 279 280 282 285 287 289 313 321 323 327 329 
334 335 340 343 344 346 348 350 355 356 361 363 
365 366 379 380 385 390 392 396 400 405 414 419 
424 434 437 438 445 446 456 463 467 470 472 474 
478 479 482 486 488 490 492 495 496 509 518 520 
524 525 528 531 535 536 537 540 542 544 546 547 
550 554 557 559 561 562 563 565 567 572 573 575 
578 581 584 592 598 604 605 608 609 616 623 628 
634 642 646 651 658 668 672 675 683 684 690 693 
697 701 702 703 705 706 708 712 713 714 717 720 
722 726 728 729 731 732 735 737 738 742 743 744 
745 746 747 750 756 758 764 769 770 774 776 781 
789 
244
4 6 7 10 12 13 15 19 20 24 30 32 
33 45 46 47 52 61 63 65 78 85 93 98 
100 104 105 109 110 115 116 125 128 131 136 140 
142 146 149 158 159 166 167 170 171 175 176 177 
178 180 183 184 185 186 190 191 194 195 196 199 
200 214 223 225 234 236 238 242 244 245 248 249 
252 253 257 258 260 261 263 264 265 268 275 282 
286 290 292 296 297 308 313 315 322 327 336 338 
339 340 342 344 349 352 354 355 359 360 363 366 
367 368 369 376 378 379 380 381 385 387 390 395 
397 401 403 407 409 410 411 412 413 414 418 419 
421 427 428 431 432 433 438 439 441 443 456 459 
460 464 466 470 473 474 483 503 509 513 520 522 
527 535 536 537 543 544 545 548 550 552 553 555 
558 560 562 564 567 568 583 584 586 590 594 596 
597 601 603 604 612 614 615 621 629 634 640 641 
646 648 650 653 654 655 657 659 661 666 668 673 
676 690 691 692 693 694 695 696 699 701 703 704 
706 707 709 712 715 722 724 725 728 730 733 737 
738 751 753 754 760 764 765 768 778 784 785 791 
792 794 799 800 
235
2 7 8 9 13 14 16 18 21 23 24 27 
29 30 36 37 46 49 54 56 58 67 68 71 
72 76 80 82 89 96 98 101 102 104 107 111 
113 115 116 120 121 129 132 135 139 141 143 149 
154 160 162 163 166 169 170 171 174 182 183 190 
191 193 194 197 199 200 205 207 209 215 226 227 
230 238 243 244 247 258 259 261 265 271 272 276 
286 290 293 297 302 310 317 320 326 327 330 332 
336 341 349 350 352 353 354 355 358 360 367 368 
369 374 391 397 404 407 408 411 416 420 426 433 
446 448 453 455 465 468 470 474 479 486 489 492 
493 495 496 499 503 505 515 516 526 531 532 535 
536 538 541 543 546 548 549 553 555 558 560 562 
566 571 573 579 581 582 586 588 589 591 593 606 
614 616 618 620 621 622 632 633 634 636 647 648 
651 652 653 654 657 663 666 669 670 673 679 680 
687 691 692 694 695 696 698 699 700 701 705 708 
709 710 712 713 720 731 733 738 742 743 744 746 
747 748 749 751 766 767 769 770 771 774 775 776 
777 778 780 786 796 797 800 
249
2 3 9 10 11 18 24 25 26 27 28 30 
31 32 33 37 38 42 43 46 49 50 57 59 
68 72 75 76 77 78 81 82 88 90 95 97 
100 104 106 107 109 110 114 115 121 122 123 124 
130 134 144 146 148 154 157 158 165 166 167 168 
169 170 173 175 177 180 183 189 190 191 195 196 
199 200 203 205 207 214 221 222 223 224 229 230 
235 236 238 239 240 243 246 253 255 257 266 268 
273 276 278 279 285 288 296 300 301 302 304 310 
312 316 320 322 323 326 329 330 331 343 347 355 
359 360 363 364 366 368 374 375 382 383 392 393 
399 406 407 412 413 415 417 420 421 429 433 434 
436 438 443 444 446 447 448 451 460 471 483 488 
489 490 495 498 501 502 508 509 527 529 530 532 
533 535 543 546 547 548 549 552 555 558 563 564 
566 568 572 573 577 579 581 585 586 591 592 596 
597 598 603 607 608 611 613 620 624 625 632 634 
636 637 644 648 652 656 658 660 661 662 672 673 
674 675 676 679 687 689 691 696 705 712 714 720 
725 726 727 732 736 744 745 752 753 761 763 769 
771 773 777 779 781 783 784 786 797 
241
5 18 19 50 53 55 60 66 73 74 76 80 
88 92 94 100 102 106 109 110 113 114 115 117 
121 122 124 125 129 130 133 134 137 140 141 142 
143 145 149 154 155 157 158 159 160 165 167 170 
176 177 178 179 180 187 194 195 199 204 205 208 
217 218 227 237 239 240 242 243 246 249 263 265 
266 267 270 272 273 275 278 281 283 284 292 293 
296 298 299 303 304 306 307 308 310 314 316 326 
328 339 343 353 354 359 360 363 366 368 377 380 
391 393 397 402 403 404 406 408 410 413 416 420 
425 426 427 430 431 437 441 443 446 447 448 452 
456 457 470 471 472 482 483 484 485 488 489 490 
493 495 497 498 500 503 506 507 511 516 517 521 
525 528 530 531 532 533 537 538 544 554 556 558 
560 564 566 568 572 575 580 587 592 593 594 595 
597 599 605 610 614 617 622 628 629 630 634 636 
638 640 641 645 646 647 650 655 663 668 669 673 
675 677 678 683 685 690 697 704 706 707 722 728 
733 734 735 736 737 740 741 748 749 750 753 757 
761 763 765 768 771 774 776 786 787 789 792 793 
795 
247
2 4 5 7 9 15 21 22 23 26 28 30 
31 33 34 35 38 39 41 44 48 49 54 55 
56 65 71 72 74 75 78 84 85 86 88 95 
96 97 99 100 106 108 113 114 117 118 121 123 
124 125 130 132 133 135 148 154 161 165 170 172 
181 182 183 189 190 197 205 206 207 208 210 213 
215 216 223 229 230 233 236 243 252 259 260 261 
262 264 266 268 274 275 276 280 287 289 294 295 
298 299 306 307 309 311 313 314 323 325 328 334 
339 342 348 349 355 356 357 366 367 369 370 371 
376 377 379 380 390 393 400 406 416 422 424 427 
429 438 439 442 444 447 451 452 453 458 460 461 
462 463 468 471 473 475 476 478 492 495 500 506 
510 515 518 524 526 528 530 536 545 546 547 548 
561 564 565 570 571 577 584 585 589 590 591 595 
596 597 598 599 600 605 607 611 616 618 624 627 
629 634 638 639 645 651 653 658 659 663 664 666 
667 669 676 682 684 685 693 694 695 696 697 701 
702 706 710 712 716 724 730 732 733 739 742 747 
748 749 752 753 765 766 767 768 772 775 778 782 
783 792 794 797 798 799 800 
265
2 10 14 15 16 17 18 21 26 36 39 40 
45 46 47 49 50 52 61 67 70 71 72 74 
75 81 84 86 88 90 94 98 102 103 104 106 
114 119 121 126 128 129 131 133 136 143 145 146 
148 150 155 161 164 168 169 171 173 175 177 179 
183 188 193 194 197 201 203 206 207 208 215 220 
221 231 233 237 238 243 245 246 247 248 262 267 
268 271 272 273 275 276 278 280 282 283 286 289 
290 293 298 299 310 315 316 318 323 328 329 334 
340 343 344 348 350 351 352 353 356 358 360 364 
367 370 371 376 381 382 384 388 390 396 399 400 
402 406 407 408 409 410 412 415 417 418 420 428 
434 437 440 441 444 448 452 453 454 457 458 460 
468 469 472 475 476 480 481 485 487 488 495 501 
502 507 510 512 515 517 520 522 525 531 535 536 
538 545 547 548 551 557 559 563 564 568 571 573 
574 579 582 584 586 587 590 592 594 595 600 601 
602 603 606 611 613 616 618 623 624 625 626 631 
635 639 641 646 648 649 650 652 656 660 663 665 
669 670 675 677 678 680 685 688 689 690 701 704 
714 717 719 724 727 729 734 735 740 743 749 750 
752 757 759 761 762 764 769 773 775 785 788 789 
795 
248
3 6 7 12 14 15 18 19 22 24 25 28 
33 34 38 40 49 57 58 59 63 64 67 70 
71 83 84 87 93 98 100 101 102 106 108 109 
110 114 115 116 118 119 122 126 128 134 137 138 
139 140 144 146 147 149 151 153 155 160 162 166 
169 171 176 184 185 186 191 194 198 204 209 210 
213 216 221 225 227 228 233 239 242 249 251 254 
255 263 264 269 271 274 275 282 287 288 289 291 
295 304 306 307 317 318 319 321 322 324 327 330 
331 346 347 348 349 350 352 354 355 360 361 365 
368 370 375 376 377 380 382 383 386 392 393 395 
397 400 402 405 409 410 411 412 417 419 420 425 
427 429 435 437 439 443 444 446 450 454 463 467 
470 477 484 486 489 490 491 495 496 497 501 504 
506 514 521 522 528 530 531 534 535 540 542 543 
545 546 547 555 556 560 561 562 566 567 570 577 
583 587 588 591 592 593 597 600 602 609 612 618 
625 627 630 641 643 644 647 655 659 664 670 676 
679 683 688 689 692 693 703 707 708 710 711 713 
717 722 728 741 744 746 747 749 750 755 764 766 
767 773 775 776 778 784 792 797 
254
5 8 10 17 19 21 22 23 34 36 42 43 
45 48 49 56 58 67 68 69 72 75 78 84 
85 97 99 103 104 105 106 107 108 111 112 114 
115 122 125 127 129 130 136 137 141 143 145 147 
149 151 162 166 167 168 169 170 174 175 179 185 
186 190 192 193 194 200 202 203 208 212 217 227 
232 233 234 237 238 240 241 242 245 246 248 251 
252 254 259 262 264 272 276 277 281 282 284 285 
289 291 292 294 298 301 302 307 312 315 317 319 
323 325 330 331 332 335 337 340 343 345 355 357 
363 365 366 369 371 372 373 378 384 392 401 403 
405 407 408 412 420 421 424 425 426 431 435 439 
443 449 450 451 455 458 465 466 474 477 480 482 
491 495 496 502 505 507 508 509 516 517 520 522 
526 529 532 534 535 536 537 541 549 554 556 557 
560 562 564 567 568 571 574 578 581 582 583 587 
594 596 598 599 601 609 619 629 643 644 647 648 
649 650 651 655 656 662 665 669 673 675 676 677 
679 684 685 687 693 696 702 708 715 720 721 723 
728 732 734 736 737 739 743 744 745 748 750 757 
762 763 764 765 769 774 777 781 782 784 785 786 
789 790 
228
5 8 13 18 21 23 27 28 35 37 38 39 
44 48 50 55 64 70 73 78 82 89 92 93 
99 101 102 108 115 117 121 127 130 132 134 139 
142 149 150 158 159 162 163 164 166 168 175 184 
187 197 216 219 220 221 224 227 230 231 235 237 
241 247 253 254 259 261 264 267 269 273 275 282 
284 286 290 296 300 301 306 310 311 316 328 331 
332 333 334 338 340 341 343 344 350 351 358 361 
369 371 375 376 381 384 387 390 394 395 401 405 
409 418 419 420 424 425 426 431 436 442 444 445 
448 452 453 455 457 460 462 464 479 481 482 484 
489 493 494 495 502 503 508 515 520 522 523 524 
526 529 531 533 534 536 538 539 542 545 547 549 
550 554 560 562 563 569 570 573 574 581 583 587 
588 589 594 596 601 602 605 608 609 610 616 618 
624 626 631 634 646 647 648 649 654 660 661 668 
674 677 678 682 685 687 693 698 704 711 712 713 
715 720 729 731 733 737 740 741 746 748 754 755 
757 758 759 760 771 780 785 790 793 797 798 799 
239
14 16 22 32 35 37 39 43 46 53 54 58 
61 67 68 69 80 82 86 87 88 93 96 99 
100 102 104 105 108 109 112 120 121 126 128 129 
130 131 133 137 138 139 143 148 150 151 153 154 
156 162 169 175 176 181 184 186 188 195 207 211 
213 220 224 226 228 230 231 232 233 240 245 246 
247 253 256 260 268 270 273 277 278 286 287 289 
290 291 293 294 295 296 299 302 303 306 308 310 
311 315 316 317 319 320 321 322 324 326 329 330 
337 340 341 355 361 362 365 371 375 379 381 387 
392 393 398 400 404 410 412 413 415 416 417 418 
420 422 425 426 438 440 441 445 446 448 450 454 
458 460 466 470 475 477 481 486 488 490 492 496 
497 499 505 506 512 519 520 522 526 529 530 531 
538 541 547 549 554 556 558 567 568 577 578 585 
587 590 594 595 597 598 599 601 603 604 605 607 
613 621 622 625 629 631 635 639 644 645 654 657 
664 665 676 677 688 693 695 700 701 702 705 706 
709 711 712 720 722 729 735 743 744 746 748 752 
755 760 764 778 779 782 784 789 792 798 799 
230
6 8 11 17 19 29 30 35 37 38 39 42 
45 47 48 51 53 54 57 58 60 61 65 72 
74 75 76 80 83 87 93 95 101 102 108 109 
112 114 117 120 121 126 130 134 137 139 143 147 
157 160 167 169 172 177 179 180 185 186 188 192 
194 196 199 201 202 203 206 207 208 212 213 215 
216 217 218 224 225 239 240 242 247 251 253 255 
257 260 266 268 271 272 278 280 283 285 288 302 
304 305 311 318 322 323 324 326 329 339 340 341 
342 349 351 358 359 361 372 375 378 379 380 381 
383 385 386 387 392 397 398 400 404 405 407 408 
414 418 421 427 436 437 438 442 443 445 449 450 
451 458 461 463 465 466 470 471 472 474 475 479 
480 481 484 485 490 492 497 498 512 513 515 523 
525 526 529 531 533 535 541 549 550 565 566 568 
569 580 582 589 590 593 602 605 623 625 627 628 
629 630 635 636 638 640 650 656 658 661 664 668 
671 672 678 683 687 692 695 697 702 703 704 726 
734 738 740 753 761 764 773 774 783 785 787 789 
790 793 
225
4 6 9 10 13 14 19 20 22 24 26 28 
29 34 37 38 39 48 55 56 57 61 66 71 
73 75 76 79 82 89 99 102 109 115 119 120 
121 124 127 131 132 139 140 146 151 154 155 162 
163 164 165 175 179 188 190 194 198 199 201 204 
210 211 212 213 218 224 225 230 234 240 244 245 
247 248 250 252 260 261 268 270 271 272 274 279 
280 283 284 288 290 292 293 298 300 301 312 313 
317 323 326 331 335 336 340 342 348 349 351 353 
357 358 367 372 375 381 389 395 397 401 403 407 
409 410 412 420 424 425 427 442 448 452 457 467 
468 471 473 478 479 494 495 497 509 515 518 526 
527 531 533 536 538 541 546 549 550 557 559 561 
563 566 567 569 570 575 577 578 579 581 584 586 
587 588 590 595 605 606 609 612 619 622 632 636 
642 643 647 648 654 660 666 668 688 690 693 696 
703 705 706 707 708 709 716 720 728 732 734 735 
736 738 740 741 742 743 747 752 756 758 765 767 
773 774 775 778 787 791 792 796 799 
276
3 5 7 8 9 11 13 15 20 26 32 33 
35 37 44 48 57 60 61 64 69 71 75 80 
86 87 88 93 96 97 98 104 111 115 118 121 
123 124 129 132 137 140 149 150 153 157 158 159 
161 163 165 167 168 169 171 175 188 192 193 194 
195 196 200 201 202 204 207 212 213 216 223 227 
228 229 236 238 240 248 249 251 252 253 261 263 
265 268 271 272 273 276 281 288 291 293 297 303 
304 308 310 312 316 317 318 320 322 329 331 335 
340 342 344 347 352 358 359 360 362 365 366 367 
368 369 371 373 375 377 378 381 386 387 389 392 
395 402 403 405 409 411 415 416 420 421 433 437 
438 443 447 448 450 456 460 461 462 463 465 467 
468 469 471 474 476 477 480 481 483 484 485 486 
488 490 492 493 495 498 500 502 504 506 508 516 
519 520 521 522 523 525 532 533 535 536 537 542 
543 545 547 551 554 555 556 557 558 559 560 561 
564 566 573 574 575 579 580 585 592 593 594 595 
598 599 605 606 608 609 612 615 619 621 622 623 
627 631 633 635 642 647 649 652 653 655 663 664 
665 672 673 679 680 681 692 695 697 698 699 704 
705 706 707 708 715 723 730 732 744 751 756 757 
758 760 770 771 773 776 778 786 789 791 795 800 
247
1 2 5 22 23 28 29 30 32 34 36 37 
38 42 43 46 47 50 51 54 56 60 61 63 
66 77 79 83 84 90 94 95 98 99 100 106 
108 119 123 125 128 134 136 137 139 140 146 150 
155 156 159 163 165 170 177 178 191 192 195 198 
201 207 208 211 212 214 219 221 232 233 235 237 
239 247 253 259 260 261 262 265 267 268 273 279 
283 284 289 290 293 294 296 297 301 309 310 330 
331 332 333 334 335 338 339 340 341 343 344 345 
346 351 363 367 370 372 374 375 376 380 387 391 
393 395 400 406 407 408 409 414 415 418 419 424 
428 434 435 445 448 454 455 463 468 474 482 484 
486 489 490 493 494 495 496 499 505 509 511 518 
519 521 524 531 532 533 538 541 542 545 546 547 
548 552 553 554 558 560 563 566 572 573 580 583 
588 589 597 598 600 602 603 606 610 613 618 623 
624 628 629 630 631 635 636 637 648 649 651 657 
658 661 663 664 665 666 667 673 678 680 687 690 
692 695 696 699 700 705 710 717 720 722 723 726 
735 749 753 755 759 762 763 768 771 776 778 779 
780 781 786 787 793 795 798 
240
1 4 5 8 22 26 27 29 32 34 35 36 
42 45 48 55 57 58 60 63 72 74 78 81 
82 86 87 88 91 98 102 109 110 111 112 117 
125 128 132 146 147 149 152 153 154 156 158 163 
165 171 172 175 177 181 186 188 193 196 198 200 
204 206 208 212 217 221 223 228 236 248 249 253 
256 260 262 263 264 265 270 271 272 273 285 288 
289 294 296 302 304 310 311 313 314 318 319 321 
325 327 328 332 336 339 340 342 344 346 348 349 
351 357 358 363 365 369 370 379 381 384 388 398 
400 406 407 409 415 416 418 420 429 433 435 437 
439 440 441 444 445 449 453 455 457 458 463 467 
469 474 478 479 480 490 491 495 498 500 502 518 
521 525 526 527 530 531 534 537 541 544 545 550 
551 552 553 554 556 561 566 568 569 570 577 579 
589 590 593 596 597 602 606 611 612 620 621 623 
626 628 632 633 641 645 647 650 655 657 659 661 
667 668 670 673 674 678 680 682 684 689 694 699 
703 704 714 717 723 724 726 730 731 734 737 738 
739 753 758 770 774 775 776 780 781 784 787 788 
247
1 4 6 7 10 13 16 17 20 24 27 30 
32 36 37 39 40 42 43 44 45 46 47 53 
58 61 64 66 67 68 76 77 86 93 94 98 
104 105 106 116 118 119 121 126 128 129 137 139 
141 142 157 163 165 166 168 169 176 180 182 187 
188 191 194 198 199 202 203 210 211 212 213 217 
224 233 237 238 240 244 246 247 248 251 252 254 
255 257 260 262 263 264 272 278 279 281 283 286 
290 295 298 302 305 310 312 313 314 318 320 321 
324 325 326 327 328 335 337 341 345 346 348 350 
351 363 366 367 371 376 382 383 393 394 396 397 
404 408 420 431 433 435 438 442 444 446 447 449 
450 452 456 457 458 471 472 474 475 478 480 483 
493 498 504 513 514 516 527 530 533 535 540 545 
547 550 554 558 559 560 570 571 575 579 580 582 
583 584 586 590 591 592 595 600 605 607 615 617 
618 623 624 625 631 635 644 645 646 651 652 663 
665 667 670 675 676 679 682 698 699 703 704 705 
707 716 717 720 723 726 727 730 733 734 735 741 
746 754 755 759 761 762 764 766 767 772 778 780 
783 787 791 792 794 795 799 
249
1 2 3 8 12 14 16 17 22 27 29 34 
41 42 44 47 50 51 58 60 62 71 73 74 
77 79 82 83 90 93 94 95 98 102 119 121 
124 128 131 132 133 135 138 140 146 147 148 154 
156 166 168 174 176 180 183 189 193 197 203 205 
211 214 215 217 222 228 234 237 238 241 246 250 
252 253 255 257 258 264 265 270 271 275 276 279 
280 284 285 289 296 303 307 308 309 316 320 330 
338 348 353 355 357 359 360 365 367 371 375 377 
379 380 389 394 408 412 416 422 430 434 435 439 
444 447 448 449 450 457 458 460 461 462 465 467 
468 470 472 479 480 481 483 486 488 490 501 508 
509 511 512 513 514 517 521 522 524 526 529 530 
531 534 536 538 541 542 544 546 555 556 560 563 
568 570 572 580 586 588 590 591 592 595 597 600 
606 607 610 611 616 620 623 625 630 632 635 637 
640 642 644 645 647 648 651 655 665 667 669 676 
678 680 683 687 691 693 696 700 702 707 717 719 
720 724 726 727 728 730 731 736 738 740 741 743 
745 750 751 752 753 757 762 763 766 769 771 773 
775 776 778 779 781 783 784 786 800 
239
1 2 10 12 14 15 16 19 20 21 23 31 
33 35 36 40 51 55 56 59 61 63 65 67 
68 70 74 78 79 80 81 85 87 88 89 97 
98 106 107 114 119 121 124 128 130 133 134 136 
142 144 151 159 162 166 169 170 172 173 175 182 
190 196 198 199 204 206 210 211 213 217 220 225 
232 235 236 239 245 252 253 255 264 266 269 275 
277 285 287 288 289 290 291 292 293 298 299 303 
310 319 320 322 328 329 330 332 341 346 349 350 
353 360 367 371 376 378 379 390 398 400 403 404 
405 406 412 413 415 416 417 432 439 442 443 456 
458 464 465 469 470 471 473 478 484 486 487 491 
499 500 502 506 507 518 520 522 531 532 536 537 
539 540 542 543 545 546 550 552 553 556 563 564 
566 573 574 586 589 590 592 593 597 603 607 610 
616 619 620 621 623 625 630 636 639 643 645 646 
648 649 650 652 654 656 658 667 668 675 688 690 
694 695 697 701 702 704 705 709 711 714 717 727 
730 735 737 738 742 743 749 753 754 756 757 758 
759 760 763 764 779 784 785 789 790 795 796 
252
2 8 9 12 16 17 22 26 30 31 40 45 
53 54 57 58 59 62 64 65 67 68 70 71 
72 78 80 82 83 85 91 94 102 111 114 118 
120 121 131 134 135 136 144 147 148 149 151 153 
154 155 156 157 163 164 170 172 173 176 184 191 
195 201 202 205 206 209 212 215 219 220 221 223 
226 227 228 229 232 233 236 241 244 251 255 258 
260 262 263 264 266 275 279 280 283 285 289 300 
301 303 304 308 310 312 316 317 320 321 324 325 
327 329 335 338 339 342 349 354 356 358 362 367 
370 374 376 380 382 383 385 388 400 401 410 413 
414 420 425 431 436 437 439 440 447 451 465 466 
468 471 473 475 479 482 489 490 496 503 505 511 
517 518 519 524 525 526 528 535 536 538 539 540 
545 547 548 550 555 560 567 572 577 580 583 589 
592 594 598 600 607 610 612 618 620 622 623 626 
630 632 635 637 638 643 645 649 658 663 669 672 
675 676 677 680 681 682 683 684 688 692 702 703 
704 705 708 714 717 719 721 726 727 729 731 732 
735 736 737 743 745 746 750 754 756 758 759 761 
762 764 766 772 775 779 781 785 789 793 795 796 
214
5 6 7 10 16 28 36 42 45 46 48 49 
50 53 55 66 71 74 75 76 78 79 86 89 
90 95 96 101 107 108 112 116 122 129 131 139 
145 150 158 162 165 166 167 175 183 185 188 189 
192 200 203 204 205 208 213 226 236 237 248 251 
256 261 263 264 268 271 274 275 278 281 284 285 
287 292 295 296 301 304 311 318 324 326 328 329 
338 339 341 348 350 351 352 353 356 357 360 371 
374 385 398 408 410 416 421 425 437 441 443 444 
447 455 459 461 467 477 481 482 483 485 489 490 
491 492 493 495 496 500 508 510 514 518 521 523 
527 529 531 532 537 544 545 550 557 560 565 567 
572 573 586 591 598 600 605 607 608 609 613 614 
615 617 619 625 626 629 630 633 634 635 642 650 
658 662 668 671 673 675 679 681 682 683 685 690 
693 694 696 706 713 714 720 723 724 734 737 738 
740 741 744 746 756 760 763 770 771 774 776 780 
782 787 788 790 791 792 793 796 797 800 
259
4 7 8 10 12 13 14 15 16 17 19 21 
24 28 29 32 35 38 42 43 46 49 51 57 
60 61 64 65 68 71 73 74 75 79 82 84 
88 104 105 106 110 111 114 116 117 119 127 138 
142 146 148 149 150 151 152 154 156 157 159 162 
163 166 172 174 175 176 181 183 185 187 192 193 
197 206 209 210 224 227 228 237 238 239 241 250 
251 254 255 258 265 266 267 268 269 274 275 276 
287 289 290 291 292 301 303 310 311 317 321 325 
329 331 337 338 339 340 343 344 349 350 352 355 
358 360 363 366 371 375 378 380 381 382 385 389 
391 397 399 400 401 405 406 407 409 410 413 416 
418 425 426 427 430 431 432 433 435 437 439 440 
441 443 446 448 449 453 454 460 468 469 470 478 
479 485 491 493 494 496 498 504 507 508 526 535 
536 541 544 545 546 560 561 563 564 565 574 578 
582 584 588 589 592 594 595 598 605 607 610 611 
613 615 617 618 621 623 626 629 631 632 635 638 
642 652 653 654 655 657 659 663 668 674 675 687 
688 692 698 702 705 709 711 714 722 723 729 737 
739 740 749 750 752 756 762 764 769 771 772 773 
776 777 784 790 795 799 800 
241
11 13 16 18 22 23 24 29 32 33 34 39 
42 48 50 51 52 53 54 55 58 60 62 68 
70 71 75 77 83 87 89 93 94 98 101 104 
107 109 110 111 114 115 116 118 120 121 122 126 
134 137 138 142 144 147 148 149 150 151 154 155 
157 159 161 163 164 169 170 175 176 177 178 181 
182 183 184 186 198 199 206 210 212 213 214 216 
221 223 225 235 237 238 244 245 249 250 251 252 
253 258 259 265 268 269 272 274 280 281 284 286 
289 294 295 297 298 299 301 302 312 315 317 319 
322 326 338 345 346 358 364 365 367 369 390 392 
394 395 396 398 402 405 411 412 423 425 427 434 
436 448 456 459 462 463 469 472 475 486 489 491 
495 497 499 501 502 505 511 512 518 519 528 530 
540 541 543 544 545 548 551 558 562 563 565 567 
568 575 577 579 580 585 600 605 614 615 616 622 
624 625 626 637 640 641 645 650 653 654 657 659 
663 668 670 672 674 676 678 683 688 697 703 708 
709 713 715 720 729 734 735 736 743 744 745 749 
754 757 760 762 764 769 772 779 783 784 791 795 
799 
254
2 4 8 12 15 20 21 23 24 29 30 36 
45 47 52 58 64 68 71 73 75 80 81 82 
83 86 88 93 94 96 100 102 107 112 115 121 
122 123 124 127 129 130 133 134 139 142 143 146 
149 151 152 157 162 165 169 170 172 175 176 182 
184 188 189 192 193 194 197 200 201 204 207 214 
215 217 220 221 224 228 230 231 237 241 242 243 
248 249 251 252 255 257 262 264 267 268 270 271 
272 274 275 282 287 288 292 294 295 303 309 310 
315 318 324 325 327 328 330 332 336 339 343 345 
346 348 350 356 361 363 364 365 366 368 369 374 
380 386 388 389 404 405 406 410 413 419 423 428 
429 431 437 439 440 441 444 448 449 450 455 460 
462 470 474 477 481 482 483 485 486 488 491 493 
498 501 505 509 510 511 512 514 520 525 530 532 
534 541 545 546 554 556 561 567 570 574 582 587 
588 589 597 610 616 620 621 622 625 633 634 640 
643 646 652 656 661 662 666 671 672 677 680 681 
683 691 693 695 696 697 698 704 705 709 715 719 
721 724 725 727 734 736 746 748 749 751 757 760 
761 762 763 764 769 775 777 778 780 782 790 793 
796 797 
229
1 2 3 7 9 12 15 18 23 24 30 33 
38 42 47 54 57 60 61 62 63 70 76 79 
85 87 89 97 99 100 103 104 107 108 112 119 
120 121 124 126 127 128 129 133 134 135 147 151 
159 160 161 165 172 173 180 181 185 186 187 188 
194 196 197 203 204 208 209 220 225 229 230 233 
234 237 248 253 254 255 257 267 268 275 276 277 
280 287 288 296 297 299 301 303 304 306 309 314 
316 322 323 327 328 329 331 340 341 349 352 353 
355 357 361 374 377 380 384 391 392 395 399 400 
402 403 409 418 420 422 426 432 435 437 442 449 
453 457 459 460 461 464 466 468 487 488 496 498 
501 505 506 510 513 515 516 520 523 524 527 538 
540 541 552 554 562 563 567 571 572 574 579 584 
585 588 591 593 599 604 605 612 616 617 618 620 
621 622 624 625 627 632 645 646 647 653 656 660 
665 667 670 671 675 676 681 682 683 685 688 693 
698 703 704 706 707 709 716 724 726 730 735 752 
756 758 759 761 762 764 766 775 776 784 789 790 
798 
246
1 5 8 9 10 12 18 20 26 42 43 47 
49 50 54 55 61 62 65 75 77 79 81 82 
84 88 91 92 93 95 98 99 102 103 104 105 
106 107 112 114 119 126 130 131 136 137 141 142 
144 146 148 155 156 159 161 168 171 177 181 183 
187 190 192 193 194 195 197 200 203 204 214 224 
226 227 228 231 250 251 253 255 258 266 269 273 
275 284 289 290 295 297 298 303 304 305 314 317 
319 329 332 336 342 346 353 354 356 360 362 363 
365 374 378 380 384 393 396 399 400 402 405 408 
409 415 416 421 425 427 429 436 438 439 440 441 
444 450 451 452 453 454 456 457 458 461 462 463 
470 471 475 476 477 487 490 497 498 499 505 512 
516 519 526 529 531 532 541 542 547 549 550 551 
554 555 556 561 562 563 570 571 574 575 576 577 
580 585 590 593 595 601 603 611 612 620 621 623 
632 633 634 636 637 647 650 652 653 656 658 661 
662 665 666 667 673 674 679 681 684 687 694 696 
697 699 704 712 715 723 726 730 738 741 743 744 
746 747 749 751 755 758 760 764 768 773 774 775 
777 778 779 784 786 794 
237
6 7 13 18 19 22 23 25 32 33 34 40 
43 45 46 48 57 61 66 68 69 70 72 75 
77 82 83 90 93 94 97 101 105 111 114 117 
118 127 130 134 142 145 148 150 152 157 158 165 
171 172 175 182 203 205 210 214 217 218 220 221 
226 229 233 234 238 242 247 258 261 266 267 268 
269 270 272 274 275 277 280 286 288 292 296 300 
301 305 307 310 317 320 336 339 340 344 346 352 
358 374 375 379 384 387 388 394 399 403 404 408 
409 412 413 414 415 420 424 429 432 452 457 458 
466 467 468 469 473 477 478 479 480 484 492 494 
500 502 512 519 523 524 532 534 535 536 541 544 
545 549 550 552 553 555 562 572 575 577 578 580 
581 582 585 586 596 597 605 608 609 611 612 613 
615 617 618 621 623 625 628 632 633 641 642 646 
648 652 656 658 659 660 662 670 671 672 675 678 
680 682 685 689 693 699 700 702 705 706 707 711 
712 714 715 716 717 721 722 729 733 736 737 742 
748 752 757 758 759 760 761 764 765 767 769 772 
774 775 777 782 784 788 789 796 800 
