200 800
1 1 1 1 1 1 1 1 1 1 1 1 
1 1 1 1 1 1 1 1 1 1 1 1 
1 1 1 1 1 1 1 1 1 1 1 1 
1 1 1 1 1 1 1 1 1 1 1 1 
1 1 1 1 1 1 1 1 1 1 1 1 
1 1 1 1 1 1 1 1 1 1 1 1 
1 1 1 1 1 1 1 1 1 1 1 1 
1 1 1 1 1 1 1 1 1 1 1 1 
1 1 1 1 1 1 1 1 1 1 1 1 
1 1 1 1 1 1 1 1 1 1 1 1 
1 1 1 1 1 1 1 1 1 1 1 1 
1 1 1 1 1 1 1 1 1 1 1 1 
1 1 1 1 1 1 1 1 1 1 1 1 
1 1 1 1 1 1 1 1 1 1 1 1 
1 1 1 1 1 1 1 1 1 1 1 1 
1 1 1 1 1 1 1 1 1 1 1 1 
1 1 1 1 1 1 1 1 1 1 1 1 
1 1 1 1 1 1 1 1 1 1 1 1 
1 1 1 1 1 1 1 1 1 1 1 1 
1 1 1 1 1 1 1 1 1 1 1 1 
1 1 1 1 1 1 1 1 1 1 1 1 
1 1 1 1 1 1 1 1 1 1 1 1 
1 1 1 1 1 1 1 1 1 1 1 1 
1 1 1 1 1 1 1 1 1 1 1 1 
1 1 1 1 1 1 1 1 1 1 1 1 
1 1 1 1 1 1 1 1 1 1 1 1 
1 1 1 1 1 1 1 1 1 1 1 1 
1 1 1 1 1 1 1 1 1 1 1 1 
1 1 1 1 1 1 1 1 1 1 1 1 
1 1 1 1 1 1 1 1 1 1 1 1 
1 1 1 1 1 1 1 1 1 1 1 1 
1 1 1 1 1 1 1 1 1 1 1 1 
1 1 1 1 1 1 1 1 1 1 1 1 
1 1 1 1 1 1 1 1 1 1 1 1 
1 1 1 1 1 1 1 1 1 1 1 1 
1 1 1 1 1 1 1 1 1 1 1 1 
1 1 1 1 1 1 1 1 1 1 1 1 
1 1 1 1 1 1 1 1 1 1 1 1 
1 1 1 1 1 1 1 1 1 1 1 1 
1 1 1 1 1 1 1 1 1 1 1 1 
1 1 1 1 1 1 1 1 1 1 1 1 
1 1 1 1 1 1 1 1 1 1 1 1 
1 1 1 1 1 1 1 1 1 1 1 1 
1 1 1 1 1 1 1 1 1 1 1 1 
1 1 1 1 1 1 1 1 1 1 1 1 
1 1 1 1 1 1 1 1 1 1 1 1 
1 1 1 1 1 1 1 1 1 1 1 1 
1 1 1 1 1 1 1 1 1 1 1 1 
1 1 1 1 1 1 1 1 1 1 1 1 
1 1 1 1 1 1 1 1 1 1 1 1 
1 1 1 1 1 1 1 1 1 1 1 1 
1 1 1 1 1 1 1 1 1 1 1 1 
1 1 1 1 1 1 1 1 1 1 1 1 
1 1 1 1 1 1 1 1 1 1 1 1 
1 1 1 1 1 1 1 1 1 1 1 1 
1 1 1 1 1 1 1 1 1 1 1 1 
1 1 1 1 1 1 1 1 1 1 1 1 
1 1 1 1 1 1 1 1 1 1 1 1 
1 1 1 1 1 1 1 1 1 1 1 1 
1 1 1 1 1 1 1 1 1 1 1 1 
1 1 1 1 1 1 1 1 1 1 1 1 
1 1 1 1 1 1 1 1 1 1 1 1 
1 1 1 1 1 1 1 1 1 1 1 1 
1 1 1 1 1 1 1 1 1 1 1 1 
1 1 1 1 1 1 1 1 1 1 1 1 
1 1 1 1 1 1 1 1 1 1 1 1 
1 1 1 1 1 1 1 1 
230
2 7 10 15 16 17 26 27 28 33 35 48 
49 54 55 58 59 61 62 67 72 74 76 81 
83 87 88 94 95 98 100 107 109 111 113 114 
115 116 119 121 128 130 133 135 136 139 145 150 
151 154 155 158 160 164 169 171 175 181 188 191 
197 203 204 205 219 224 227 235 249 252 256 257 
261 269 270 275 278 280 281 284 298 300 305 307 
309 314 316 319 323 327 334 340 349 350 360 362 
363 368 370 376 384 385 386 388 389 390 395 397 
398 401 402 404 409 411 412 414 416 419 423 426 
430 433 435 449 452 463 466 471 472 476 480 482 
488 490 494 497 498 499 502 505 507 508 509 510 
512 518 519 529 533 534 538 545 546 548 550 563 
572 575 577 579 582 587 589 590 591 592 594 596 
608 613 618 619 622 623 628 629 630 631 635 641 
643 659 661 663 665 668 669 673 676 686 687 688 
692 697 701 702 704 714 716 717 721 723 725 726 
727 729 730 733 734 741 742 745 747 749 753 754 
756 762 763 771 775 777 783 785 787 792 793 794 
796 800 
219
6 7 9 11 13 14 19 21 22 24 26 31 
37 40 52 58 59 61 64 70 71 73 74 93 
96 97 98 106 112 117 121 123 126 130 140 143 
144 148 163 167 171 172 175 178 180 181 182 183 
184 189 194 197 198 205 206 207 211 221 237 239 
240 248 249 251 253 254 265 272 274 275 276 277 
280 288 289 291 293 295 297 298 301 303 308 310 
320 322 323 326 330 333 336 340 343 344 345 349 
351 352 353 356 357 362 363 374 376 377 383 386 
388 389 394 397 402 405 410 411 413 416 419 424 
426 435 441 442 443 444 445 446 460 469 471 474 
483 486 487 488 490 498 503 505 515 519 521 528 
532 534 536 542 545 551 561 563 566 570 578 580 
581 584 591 595 599 602 604 608 612 615 623 633 
637 638 639 645 653 654 658 661 665 666 667 669 
671 673 678 679 680 682 685 687 688 702 706 714 
722 723 725 726 727 731 733 735 736 742 743 749 
751 760 762 765 766 769 773 776 779 780 781 786 
787 789 793 
256
7 14 15 21 22 26 27 28 30 32 40 42 
52 59 66 67 68 71 72 73 77 79 80 83 
85 86 88 91 94 101 103 105 110 114 120 124 
126 127 129 130 133 137 144 145 146 148 152 154 
156 160 161 170 171 173 174 175 177 180 182 183 
186 194 196 198 203 205 206 209 216 223 224 227 
229 235 241 244 252 253 254 255 258 260 270 272 
282 289 290 293 295 298 303 307 311 315 316 320 
323 324 326 332 334 336 338 341 343 355 358 359 
360 361 364 370 371 374 377 379 380 383 385 388 
391 394 395 397 401 410 411 416 419 420 424 427 
432 433 434 439 441 449 451 454 455 460 463 472 
477 479 482 486 487 488 491 495 502 503 506 508 
511 512 515 517 526 527 529 537 538 539 549 551 
557 559 561 562 565 569 570 572 574 575 576 578 
580 581 583 585 588 595 601 604 606 611 613 614 
616 617 620 624 625 626 630 632 633 636 637 640 
644 646 651 652 655 659 661 662 663 664 668 671 
675 676 677 678 689 690 704 705 708 712 714 722 
723 731 732 733 735 738 743 745 747 752 753 754 
756 761 764 765 767 769 772 773 781 782 785 788 
789 790 795 800 
239
4 10 17 19 20 23 24 25 28 30 34 36 
37 39 41 50 52 53 55 59 60 66 67 71 
74 75 79 80 81 84 85 86 94 95 103 105 
106 108 110 113 115 117 118 119 127 134 137 140 
144 148 152 153 158 160 164 169 177 180 185 188 
190 193 195 198 207 213 215 218 219 222 223 228 
232 233 237 240 241 244 245 248 250 256 257 260 
267 268 273 274 281 282 283 287 291 301 307 317 
318 319 322 326 327 328 333 336 339 340 345 346 
347 349 355 356 357 361 366 369 376 384 386 389 
399 400 411 413 416 422 424 425 430 434 436 438 
440 442 450 452 454 459 463 465 467 469 477 478 
482 483 486 488 498 505 506 508 510 512 513 522 
524 525 527 528 530 535 541 544 545 547 551 553 
555 559 560 566 572 574 585 587 588 593 595 596 
599 603 605 607 614 615 618 625 628 631 634 635 
639 640 644 646 647 648 649 650 654 655 676 680 
681 683 688 690 692 694 695 697 705 706 709 720 
726 728 737 740 743 744 745 746 747 755 757 758 
761 764 768 772 773 776 777 782 788 798 799 
256
1 2 4 6 14 16 18 36 38 39 42 44 
47 51 59 61 64 67 68 71 72 74 75 80 
82 84 85 86 96 99 100 104 114 115 117 125 
127 129 130 132 140 142 144 146 149 152 154 155 
156 157 158 159 161 165 167 169 172 174 175 180 
183 187 190 194 195 199 203 204 216 218 219 221 
245 246 247 259 267 268 269 271 276 284 285 286 
288 295 296 297 298 302 306 307 311 312 313 316 
318 326 331 333 338 339 344 346 350 351 353 362 
370 371 372 375 377 378 381 384 389 391 398 399 
400 402 404 406 408 416 417 418 422 423 430 432 
437 442 446 450 454 460 469 470 473 474 475 478 
480 482 483 486 487 491 493 494 495 496 499 500 
503 504 505 508 512 516 521 522 524 525 526 527 
531 535 536 545 548 549 553 555 557 559 562 568 
570 580 586 587 592 593 599 600 601 607 609 612 
615 616 618 621 623 626 631 638 644 645 646 647 
649 650 655 656 657 658 668 674 676 678 682 685 
687 689 698 699 704 705 707 709 711 714 716 717 
718 722 723 726 728 730 731 734 735 736 737 740 
742 743 747 750 752 754 768 769 771 776 778 784 
787 789 790 800 
243
1 2 6 12 16 17 18 31 33 35 36 40 
46 48 51 66 68 70 73 74 75 76 77 80 
89 90 92 93 107 111 114 118 134 135 138 143 
145 149 151 154 155 161 163 164 167 168 169 172 
179 180 184 185 194 195 198 199 201 202 205 208 
215 218 219 225 227 229 231 240 244 245 254 256 
264 269 270 272 287 289 292 296 299 302 304 305 
306 307 309 314 316 317 319 320 322 325 332 333 
335 336 338 339 349 353 354 355 357 358 360 368 
374 375 377 378 380 383 388 391 393 394 395 397 
399 400 406 408 409 410 412 413 414 415 419 423 
429 431 432 433 434 436 437 441 443 446 448 450 
452 459 461 465 477 482 484 486 490 491 493 496 
497 501 511 521 527 529 530 531 532 533 538 544 
545 548 551 553 559 565 578 581 585 589 598 600 
603 604 606 610 613 619 620 622 623 627 629 632 
635 636 640 641 642 643 652 655 663 664 665 667 
670 671 678 679 685 688 689 693 696 700 703 708 
711 714 716 717 718 719 720 725 731 735 738 742 
748 761 763 765 767 768 771 775 781 782 784 791 
792 795 796 
264
3 4 10 12 14 19 22 24 26 27 29 36 
38 39 44 46 49 51 58 64 66 68 69 72 
84 85 87 88 90 93 95 99 102 106 108 109 
110 111 118 119 120 126 129 130 133 137 138 145 
146 150 153 155 156 157 160 167 172 174 176 177 
179 180 182 186 187 188 192 193 196 204 208 209 
210 217 218 222 224 227 230 232 234 236 237 239 
243 244 249 250 255 258 262 265 272 273 279 280 
281 292 295 298 307 308 309 314 315 317 319 323 
326 327 328 331 333 334 336 337 345 346 349 351 
352 355 356 359 360 361 365 368 370 375 378 379 
382 383 390 393 396 400 402 404 405 411 412 415 
416 420 424 425 428 429 430 435 439 442 456 457 
458 460 461 464 466 471 476 477 479 481 482 490 
491 496 499 501 515 521 523 524 529 530 532 537 
540 544 546 553 558 560 561 562 568 571 574 579 
580 582 585 588 590 591 593 594 595 596 597 599 
600 601 604 605 610 612 614 615 619 621 623 624 
629 633 639 640 642 643 644 649 650 659 661 669 
671 675 678 684 687 692 693 699 700 704 705 709 
712 715 719 720 721 729 735 737 738 743 744 749 
753 754 764 774 775 779 780 784 786 787 791 793 
220
1 2 4 7 10 21 24 26 27 31 38 39 
49 53 55 56 58 59 63 67 69 70 72 75 
86 93 97 98 100 102 103 105 110 111 115 116 
123 131 132 133 135 136 137 139 141 145 150 152 
153 155 158 159 166 167 171 174 177 179 182 188 
193 198 201 209 210 214 217 219 222 223 226 230 
231 234 242 254 257 259 261 262 273 284 292 295 
297 301 303 304 312 315 324 325 327 328 330 333 
337 345 347 354 356 357 361 365 367 372 374 389 
397 400 402 403 411 414 415 424 431 432 435 438 
440 443 445 446 448 457 462 464 465 473 477 478 
480 483 488 489 491 494 502 503 507 510 514 519 
528 532 549 550 551 553 557 559 564 566 569 570 
572 573 580 582 583 585 586 590 591 595 596 597 
603 617 624 630 634 636 640 642 649 651 652 677 
680 684 687 692 697 698 701 702 706 708 711 716 
717 724 726 728 731 732 735 736 739 740 751 761 
762 765 766 767 768 769 772 786 787 788 791 793 
795 796 798 800 
236
7 9 13 17 21 24 26 27 34 36 37 38 
40 44 49 51 52 67 71 76 77 79 83 84 
90 97 100 102 104 106 108 109 110 116 117 119 
121 122 123 126 130 135 140 143 145 147 148 151 
152 154 159 161 162 163 166 167 176 181 185 187 
190 191 193 194 196 200 201 202 203 207 209 210 
211 213 218 220 224 231 237 240 242 243 244 245 
247 253 263 264 267 275 277 280 283 284 287 294 
296 297 300 303 307 318 320 322 330 334 336 338 
342 348 354 356 358 360 367 372 373 377 380 382 
384 385 396 398 403 412 413 421 422 423 426 428 
429 430 431 435 436 445 454 464 465 471 472 476 
479 483 484 493 495 496 499 500 503 509 513 515 
518 519 522 523 525 529 531 532 534 535 536 542 
544 545 547 551 554 556 559 571 572 579 582 588 
591 592 593 597 598 599 600 601 603 605 612 616 
618 622 627 628 629 634 636 639 642 651 654 656 
658 659 667 675 682 683 703 711 715 716 718 724 
728 733 738 744 749 751 753 754 755 759 760 762 
764 773 776 782 783 787 795 796 
273
3 6 9 14 15 19 20 23 25 31 36 41 
42 48 54 55 62 65 66 68 76 78 82 85 
93 95 99 104 105 106 113 116 121 122 125 135 
140 145 147 153 157 160 165 166 169 171 174 176 
178 181 182 188 191 194 195 196 197 200 204 208 
210 211 212 213 215 218 219 224 227 228 237 239 
240 244 250 256 257 264 267 269 273 275 277 279 
280 281 282 290 292 293 295 299 300 308 311 313 
316 319 325 326 327 328 329 335 336 338 340 343 
344 350 352 353 354 356 358 360 367 368 374 376 
381 387 388 390 392 393 397 400 401 412 419 420 
423 429 432 434 437 441 443 444 446 448 453 454 
455 456 458 459 462 464 470 474 475 483 484 485 
487 489 492 498 499 502 506 510 511 512 514 516 
527 530 531 533 534 535 537 539 541 542 546 547 
548 551 554 556 558 560 564 565 567 569 570 573 
575 583 584 585 589 590 592 595 602 603 604 605 
608 609 611 612 616 619 621 622 627 630 633 634 
635 636 637 638 639 640 642 647 653 663 668 672 
675 677 678 685 687 692 693 695 696 702 706 709 
710 712 714 719 728 731 734 736 737 741 743 744 
745 748 750 753 754 755 759 761 763 765 767 768 
769 771 772 780 784 789 794 795 796 
241
1 11 12 18 20 23 25 26 28 31 32 36 
39 42 43 45 46 58 59 60 61 67 69 73 
75 76 78 88 90 91 92 93 94 96 97 102 
103 109 113 120 122 125 128 130 131 135 144 145 
147 154 155 158 159 160 165 168 171 172 173 174 
178 184 185 186 189 190 191 201 205 211 212 213 
218 219 220 221 224 225 229 230 233 234 241 243 
244 246 247 248 253 255 260 261 264 267 269 272 
275 276 278 280 292 293 296 307 311 313 319 320 
327 333 335 338 339 341 342 344 345 346 347 348 
353 354 358 361 366 367 373 376 378 381 383 384 
387 388 391 397 398 402 408 410 414 422 424 425 
429 431 432 434 437 438 439 440 442 446 448 452 
457 458 461 463 474 478 481 483 484 491 496 498 
499 506 508 510 515 520 523 525 528 534 536 539 
540 544 545 549 551 558 559 561 562 564 573 576 
581 583 584 591 594 606 607 611 621 622 625 626 
632 639 644 647 649 650 654 656 657 660 666 680 
681 688 691 697 701 710 725 727 729 730 733 739 
755 758 760 761 767 778 780 783 787 791 796 797 
799 
237
2 4 13 14 15 21 25 26 40 45 50 60 
68 69 73 75 76 81 84 86 87 88 91 92 
95 97 98 102 103 105 108 111 112 117 119 123 
127 132 137 139 141 155 156 160 162 167 171 173 
174 180 184 186 187 195 197 202 215 219 227 232 
234 236 237 240 242 245 248 249 250 253 260 265 
270 276 277 278 283 285 289 291 292 296 298 300 
301 303 309 312 313 314 317 319 326 327 328 337 
340 345 350 355 358 361 362 365 368 369 376 377 
383 389 394 402 406 407 408 410 411 413 416 429 
435 444 448 449 454 459 460 463 467 474 482 483 
486 490 491 493 496 497 508 524 525 531 534 535 
536 538 539 540 549 551 553 554 562 563 565 566 
571 572 573 579 581 582 587 590 594 596 598 600 
604 606 608 609 610 614 618 622 626 627 629 639 
647 648 651 655 656 658 659 660 661 663 665 668 
671 672 674 676 679 682 683 688 689 690 691 692 
694 695 706 708 711 724 729 734 736 737 746 748 
749 750 751 752 753 755 756 759 763 764 767 768 
771 773 776 781 783 784 792 794 795 
239
2 3 9 10 21 23 32 35 38 40 41 42 
51 53 59 66 78 81 82 94 100 102 106 113 
119 120 123 125 128 136 140 143 155 158 163 166 
168 173 174 179 181 184 186 197 207 208 209 212 
215 218 222 223 226 227 241 242 243 244 245 248 
252 254 256 259 266 267 270 271 272 278 282 283 
290 291 295 298 301 304 307 308 311 312 313 319 
320 321 324 325 331 340 343 346 347 348 350 355 
358 359 371 374 375 379 380 384 387 390 395 403 
406 407 411 413 421 426 428 430 433 434 435 437 
439 440 442 443 444 445 446 450 455 457 463 467 
469 471 472 474 482 486 492 497 499 501 503 504 
509 510 511 519 521 526 534 535 536 537 539 542 
544 548 549 553 554 555 557 561 563 565 566 568 
570 571 572 574 576 577 582 590 595 598 599 608 
609 610 612 617 623 626 628 630 632 635 640 645 
647 651 652 653 654 655 656 661 664 665 671 687 
689 693 697 704 711 717 719 723 725 733 735 739 
740 743 744 745 747 749 750 757 759 761 763 768 
769 770 772 774 776 777 787 790 793 799 800 
228
1 4 5 7 9 11 15 17 24 26 31 33 
39 40 41 42 48 49 50 55 56 67 70 71 
72 75 85 94 96 99 100 101 103 107 114 115 
125 130 132 133 135 136 138 139 144 145 146 149 
152 155 156 159 160 162 163 165 170 176 184 187 
189 190 193 196 197 200 207 208 209 219 223 227 
236 249 252 255 268 269 270 271 280 287 291 292 
293 296 297 299 302 305 310 313 318 322 325 330 
344 345 347 352 353 355 358 364 366 367 374 375 
376 387 396 399 403 405 412 414 415 418 424 426 
427 431 433 439 440 447 449 451 456 457 458 463 
468 471 472 474 476 477 480 483 486 495 496 498 
499 500 507 508 512 513 525 531 533 535 536 539 
540 541 550 553 554 557 558 561 569 572 574 576 
577 581 582 586 589 590 591 593 595 597 598 600 
605 614 623 626 627 629 635 636 637 644 650 657 
659 664 667 669 672 673 675 677 679 687 689 690 
692 693 695 699 711 712 719 723 729 731 732 736 
740 743 745 746 751 754 756 761 763 772 781 783 
241
9 13 19 25 30 31 39 42 43 44 49 50 
51 53 54 56 61 69 76 79 80 83 85 87 
93 96 97 101 105 106 107 111 112 118 120 121 
122 125 131 132 135 142 148 149 152 154 155 159 
161 162 165 166 167 169 179 180 181 182 193 196 
200 201 208 215 216 220 221 223 225 227 228 229 
237 243 246 248 250 251 258 261 265 270 288 289 
293 294 295 299 301 305 306 308 314 315 325 326 
327 328 332 336 339 341 342 346 349 350 351 354 
356 359 365 367 372 373 375 380 381 387 396 397 
399 400 401 404 408 410 411 416 417 421 425 431 
432 433 434 440 442 446 449 450 456 457 458 459 
467 472 476 479 481 489 492 498 500 503 504 508 
510 513 515 516 517 520 528 531 533 538 542 551 
562 576 590 593 594 599 604 605 611 613 616 617 
620 622 624 631 634 635 638 640 641 642 648 649 
651 653 654 658 667 672 675 676 677 679 683 686 
687 688 690 691 692 693 696 697 702 705 712 714 
724 725 728 734 735 737 738 739 741 743 752 757 
761 763 766 770 777 780 781 785 786 790 792 794 
796 
233
3 10 11 17 28 29 39 51 53 54 57 59 
60 65 67 72 76 79 81 83 84 95 101 106 
108 109 110 111 112 117 119 120 124 125 126 127 
136 137 142 145 146 150 152 156 159 160 168 170 
174 177 178 179 181 191 192 193 197 199 201 226 
233 235 243 245 247 250 254 264 265 268 271 272 
273 278 279 281 283 290 295 299 302 303 304 305 
310 315 317 321 328 329 332 335 336 342 345 347 
353 354 355 357 361 363 365 366 368 374 380 384 
385 388 390 393 395 399 408 411 413 414 416 418 
420 422 427 429 430 431 438 439 440 444 447 449 
450 459 460 466 468 471 480 482 485 492 494 498 
502 504 505 506 511 516 520 521 526 528 532 534 
538 539 547 548 556 562 570 574 579 584 587 588 
596 599 602 604 619 623 624 632 633 644 645 647 
648 651 657 659 660 662 663 664 666 667 670 671 
679 686 687 689 691 696 697 702 703 708 709 710 
711 715 719 722 725 728 732 733 738 739 741 743 
746 748 753 754 756 762 763 766 767 774 775 780 
784 785 788 794 795 
247
2 7 12 15 19 20 26 28 30 34 35 36 
40 41 42 48 50 52 54 58 59 60 61 63 
68 69 73 74 76 77 78 80 84 90 96 97 
101 102 103 105 107 110 112 115 118 124 129 132 
143 147 152 156 157 158 162 166 170 172 176 180 
183 184 191 196 199 201 203 206 208 209 210 214 
220 224 229 235 236 246 255 257 264 267 268 271 
273 274 277 279 280 281 285 289 292 296 299 301 
306 307 311 319 321 328 331 332 336 338 339 342 
345 348 350 351 363 365 368 370 372 377 381 382 
385 386 392 394 402 403 407 418 422 432 436 442 
449 454 455 456 458 459 460 462 463 465 466 481 
482 484 485 487 494 495 496 498 501 502 505 509 
510 513 514 516 520 524 525 526 527 529 535 541 
546 547 549 551 552 556 560 566 567 574 581 584 
586 589 590 602 603 604 608 611 613 626 630 631 
632 635 638 641 642 643 645 648 649 652 656 657 
658 659 660 671 682 683 691 692 695 697 704 706 
708 712 723 724 725 726 727 730 733 734 736 737 
742 743 745 752 755 756 757 759 763 766 768 774 
775 776 778 779 787 790 797 
236
1 7 8 10 12 17 18 19 20 22 24 30 
36 37 38 40 43 44 46 52 64 65 68 75 
81 84 86 87 88 89 90 96 99 103 108 109 
110 118 120 123 124 126 129 132 135 138 139 144 
147 154 155 157 166 169 170 171 172 178 188 194 
195 196 199 202 205 206 211 222 224 230 232 238 
239 242 245 253 257 258 260 262 265 266 267 269 
277 281 292 294 296 300 302 304 323 325 328 334 
335 336 340 349 350 351 353 356 358 360 362 363 
365 366 367 379 381 385 386 387 392 400 405 406 
411 416 418 424 429 430 435 436 437 438 441 445 
447 452 453 457 461 463 466 477 479 482 484 488 
491 495 496 497 499 501 503 510 512 514 517 530 
533 540 542 545 551 557 559 564 568 572 574 575 
578 580 581 583 592 594 601 604 606 608 609 610 
611 613 614 616 618 620 624 628 632 639 646 650 
652 654 656 660 661 663 664 667 668 672 677 682 
688 689 691 693 697 698 703 705 707 714 715 716 
718 726 727 729 730 733 736 737 744 746 757 771 
781 783 789 791 792 793 795 798 
248
9 10 15 16 19 21 23 24 26 27 30 33 
34 37 39 42 43 44 47 48 53 55 58 62 
63 64 69 70 71 72 78 79 83 84 86 92 
98 101 102 105 106 108 110 113 117 118 121 124 
126 128 130 131 132 139 141 146 149 151 155 161 
162 163 164 166 167 177 178 180 183 187 190 193 
194 198 208 209 210 213 218 219 221 222 225 230 
234 238 239 240 243 244 246 249 252 254 258 263 
264 266 267 270 273 274 282 293 294 295 296 299 
301 310 311 315 325 328 344 347 349 353 356 359 
371 372 373 374 378 382 386 387 397 399 402 408 
413 414 420 423 424 425 426 437 440 441 443 444 
449 451 454 461 470 472 480 485 489 490 491 494 
496 497 500 510 511 514 516 518 520 523 526 534 
535 539 542 546 550 554 566 568 572 575 580 582 
583 586 587 590 591 596 599 600 603 604 605 606 
610 617 621 624 631 634 636 639 642 643 645 648 
649 652 655 657 664 665 667 674 677 682 685 686 
687 690 691 695 696 697 701 702 711 712 715 716 
717 719 726 727 728 742 744 751 753 754 755 756 
757 759 762 765 779 785 788 798 
241
5 7 14 17 22 24 26 30 33 41 44 48 
59 61 65 73 74 82 86 88 92 93 94 96 
97 101 111 113 115 116 120 124 125 127 131 134 
141 147 148 154 156 157 159 162 170 174 176 178 
183 184 187 188 194 195 204 211 215 217 219 220 
222 227 230 232 234 235 240 241 243 247 248 249 
253 256 257 261 264 266 269 274 276 277 278 279 
280 284 288 293 296 298 308 309 313 316 318 319 
322 332 333 341 342 345 353 357 358 360 369 377 
383 384 385 397 400 407 409 410 413 414 416 420 
421 424 425 426 427 431 432 436 446 447 448 449 
456 457 460 466 471 472 474 475 480 481 485 488 
493 494 499 502 504 509 511 516 520 521 527 529 
531 536 538 539 543 546 555 557 560 562 565 578 
583 585 590 596 599 603 604 606 609 610 612 613 
615 616 619 620 622 624 627 628 630 632 634 635 
636 637 644 646 649 650 652 654 655 657 660 666 
668 669 671 678 679 681 682 684 689 691 692 694 
697 698 700 714 723 724 728 730 736 738 743 744 
748 750 755 757 758 763 771 777 782 786 791 792 
800 
229
5 7 15 18 19 24 25 26 31 32 33 35 
38 40 42 43 46 47 49 54 58 59 61 64 
65 69 72 80 90 91 102 107 108 111 114 115 
117 126 132 134 140 151 153 154 160 165 168 176 
178 179 180 183 194 196 203 204 210 211 215 216 
221 226 237 243 259 264 269 271 281 282 290 291 
295 296 297 300 301 303 304 315 317 319 320 321 
323 326 328 329 333 335 338 341 342 347 350 355 
357 359 363 365 368 371 374 375 377 378 383 386 
393 396 402 408 417 419 425 427 432 433 434 436 
439 440 441 443 445 447 448 451 452 455 456 464 
466 467 472 485 490 495 499 500 503 504 505 511 
514 517 518 521 524 530 537 543 545 549 552 553 
557 558 560 564 569 570 574 577 583 588 599 600 
601 605 606 607 609 612 615 616 617 618 619 625 
633 635 637 641 644 648 649 650 653 654 667 668 
670 671 673 679 691 692 693 699 700 702 705 708 
711 712 717 732 733 742 754 755 756 760 762 763 
766 768 772 777 778 782 786 787 789 792 793 794 
796 
252
1 4 5 8 12 20 22 27 33 34 37 45 
47 50 54 56 58 63 67 68 74 75 80 81 
82 83 84 88 92 95 98 99 101 102 108 110 
112 114 116 120 122 123 125 128 138 140 142 145 
146 156 158 169 172 177 178 179 183 184 192 193 
195 196 201 203 206 209 210 214 215 216 220 221 
230 242 243 245 251 253 255 256 264 265 270 271 
279 281 283 292 293 295 300 302 303 306 308 311 
312 320 321 323 324 326 329 330 334 340 341 343 
348 349 351 355 361 367 370 372 376 377 379 384 
389 392 393 397 402 405 408 409 411 413 415 416 
423 424 430 432 433 435 436 438 439 444 449 450 
459 461 463 464 467 471 475 479 480 483 484 486 
489 491 492 495 496 497 500 501 507 511 512 522 
529 530 532 536 539 541 560 561 562 567 568 571 
578 580 584 587 589 592 593 597 602 604 610 611 
614 617 620 622 624 626 629 640 644 645 646 651 
655 660 663 669 671 672 677 678 679 680 683 685 
688 698 699 700 705 706 708 713 715 718 725 726 
727 734 740 741 744 751 752 753 755 758 761 764 
765 768 773 774 781 786 787 793 795 796 798 799 
246
2 3 5 6 9 11 14 15 17 19 22 23 
24 25 31 33 35 37 38 39 44 46 47 49 
56 58 68 69 72 73 74 77 85 88 90 95 
96 98 108 111 115 116 127 128 133 137 138 140 
141 143 146 153 158 161 165 166 167 171 173 178 
180 183 184 190 193 201 202 203 208 213 224 226 
234 236 242 243 251 256 258 259 262 268 271 272 
273 284 285 286 287 288 291 292 294 296 301 305 
306 308 312 314 318 323 326 328 332 333 337 344 
354 357 359 361 362 364 369 370 372 375 377 380 
389 390 391 395 400 402 403 406 413 414 421 427 
438 439 442 449 452 456 457 458 459 462 463 464 
465 473 474 476 481 483 484 490 495 500 501 511 
513 516 518 519 531 535 540 543 544 554 555 556 
557 560 561 564 565 567 568 569 573 575 579 582 
587 589 590 593 598 604 605 608 611 620 624 628 
631 637 638 641 642 643 646 658 662 666 670 671 
678 680 682 687 691 692 694 696 707 710 711 717 
719 720 723 731 732 737 738 741 744 748 751 752 
763 764 769 772 780 781 784 785 787 789 790 791 
792 795 796 798 799 800 
256
8 10 12 13 15 17 28 29 32 41 43 47 
48 49 50 53 58 59 63 66 68 69 70 72 
73 75 76 82 84 85 86 87 90 92 93 94 
97 99 100 106 108 111 116 119 122 123 124 126 
127 129 139 141 144 146 147 148 150 155 157 164 
168 169 170 174 175 177 180 187 193 195 198 199 
204 206 214 215 224 226 233 236 238 239 240 243 
244 251 252 254 268 271 275 277 279 280 283 286 
287 293 294 299 301 302 305 310 311 312 317 318 
327 328 335 339 351 357 358 363 364 369 374 377 
382 386 394 397 399 401 406 410 415 416 420 421 
429 434 435 440 443 444 446 447 450 454 456 461 
474 476 477 480 486 491 493 494 495 498 499 500 
501 506 510 517 519 529 531 532 533 534 535 536 
538 539 542 543 548 550 556 559 563 565 568 572 
575 579 584 585 587 591 596 597 601 602 603 615 
616 618 619 620 624 627 629 632 634 641 648 649 
653 654 656 657 658 659 661 664 667 668 672 673 
677 679 683 689 690 692 694 696 698 700 701 702 
709 710 711 712 715 717 719 720 724 726 730 733 
738 740 742 743 745 749 753 754 757 769 774 775 
776 781 792 794 
235
1 3 4 7 8 10 11 13 15 22 31 36 
38 41 46 54 58 59 67 69 74 76 77 79 
85 92 94 98 103 109 111 120 122 131 135 136 
139 140 144 145 146 147 148 150 151 152 154 158 
168 170 177 180 183 186 188 190 191 197 204 212 
214 216 217 218 219 223 228 229 230 231 232 233 
240 242 244 245 247 251 252 253 257 267 271 274 
275 279 289 295 299 308 310 312 313 316 318 319 
322 332 341 342 344 348 353 356 357 358 359 364 
383 386 395 398 405 408 414 420 435 441 442 443 
447 449 451 452 453 457 460 463 465 466 473 477 
478 484 485 486 492 495 496 497 500 505 519 520 
521 522 526 527 531 534 535 536 539 540 545 546 
548 550 555 556 557 560 561 563 564 569 570 578 
589 596 597 599 601 613 614 616 620 621 622 624 
626 631 634 635 636 640 643 650 651 653 654 658 
668 671 674 675 676 681 682 685 696 699 701 705 
710 714 715 718 720 722 723 724 727 735 740 752 
754 758 761 764 767 769 771 772 776 778 779 780 
781 785 786 787 791 798 799 
248
2 3 4 7 10 12 17 23 25 27 29 30 
32 36 38 41 44 50 53 54 55 64 65 66 
69 70 71 81 85 88 90 105 106 108 112 114 
116 126 127 131 134 135 138 143 149 150 155 157 
158 164 165 170 171 176 179 186 194 195 196 198 
200 205 207 208 215 217 222 223 227 235 239 240 
245 252 253 257 261 265 269 273 277 279 283 289 
291 301 302 308 309 310 311 320 321 326 331 332 
334 335 336 337 338 339 351 352 353 354 360 362 
372 376 378 381 382 384 385 387 395 396 397 401 
405 409 411 412 414 418 421 422 426 427 428 431 
432 434 435 444 448 450 454 463 469 470 474 475 
476 477 478 480 482 483 491 492 501 502 507 513 
515 517 518 520 522 531 534 540 542 544 547 549 
551 553 555 558 559 562 565 566 569 573 575 576 
581 582 584 585 586 593 595 596 598 606 611 613 
624 626 628 629 635 637 648 649 656 657 658 662 
666 669 671 679 680 681 683 688 695 698 699 701 
706 709 712 715 717 733 735 738 740 745 747 749 
751 757 763 765 768 769 775 776 780 785 786 787 
788 789 791 794 797 798 799 800 
254
2 6 7 9 10 11 15 16 19 20 26 27 
29 35 36 37 38 39 41 47 49 61 63 64 
65 69 71 74 78 85 95 99 105 106 117 127 
129 130 140 142 145 149 150 153 154 155 159 160 
161 162 165 166 168 171 177 178 180 181 182 183 
189 193 194 197 204 206 207 208 210 211 213 217 
221 223 226 230 232 234 238 240 249 250 253 254 
257 260 264 266 267 268 269 270 272 273 278 279 
280 282 284 285 288 293 294 299 300 306 307 309 
310 311 320 321 322 323 325 327 328 337 339 340 
342 344 348 349 358 359 360 361 367 370 379 381 
382 387 390 391 393 395 402 405 406 407 415 419 
420 423 425 428 431 432 435 436 441 445 459 466 
467 468 471 472 475 476 478 484 486 488 492 496 
501 504 506 510 511 512 518 522 532 534 539 540 
547 552 554 556 559 566 567 570 579 588 591 595 
597 601 602 605 606 607 609 611 620 622 623 627 
630 636 637 638 641 645 650 653 654 660 661 663 
665 666 670 671 672 674 681 684 687 697 703 705 
706 712 716 718 719 721 724 725 726 737 738 743 
744 748 756 759 760 763 768 775 781 786 787 789 
791 796 
231
1 3 4 12 14 15 16 18 19 28 31 38 
39 40 41 44 48 49 52 54 55 56 59 64 
66 68 70 71 74 75 81 84 85 88 93 96 
98 101 104 110 112 117 118 128 129 141 146 148 
151 159 160 176 179 182 190 191 197 202 204 207 
209 211 212 214 220 222 227 228 231 233 234 240 
248 251 253 255 260 265 275 278 282 290 291 292 
299 300 301 302 305 306 307 313 315 319 329 337 
338 344 349 350 351 352 354 356 359 360 364 367 
368 369 371 372 378 382 386 388 404 407 409 413 
416 423 425 429 432 434 436 439 443 453 457 460 
462 463 467 468 477 487 489 490 495 497 502 505 
506 509 510 511 513 520 521 522 526 529 532 533 
536 538 540 542 544 545 546 547 548 550 552 554 
560 561 565 566 569 572 577 580 581 590 591 592 
596 606 611 612 619 620 624 629 634 636 637 640 
643 644 646 648 650 659 662 663 666 678 679 680 
683 688 695 696 699 703 704 711 713 717 721 722 
731 749 751 761 763 766 770 773 774 775 778 785 
788 789 790 
237
12 14 21 22 25 26 27 29 30 32 36 39 
40 43 45 49 54 57 59 60 62 66 68 78 
79 82 83 86 88 92 94 96 105 106 107 108 
109 116 119 120 128 129 133 134 136 137 139 144 
148 160 161 165 170 172 176 190 197 198 200 204 
205 216 220 223 230 235 248 249 251 252 255 257 
260 263 264 265 267 274 275 276 278 280 287 289 
298 303 305 310 311 314 315 318 319 322 327 328 
330 333 335 340 341 345 346 353 356 360 361 364 
367 368 370 372 375 380 381 382 388 389 392 400 
409 411 412 413 415 418 422 423 424 425 426 428 
433 434 440 443 445 447 450 453 454 458 459 464 
465 466 467 471 474 487 488 490 493 496 500 501 
504 505 509 511 514 519 521 524 526 528 530 533 
534 536 541 542 548 553 554 555 556 559 564 565 
568 570 579 599 600 601 610 613 622 624 625 630 
637 638 640 647 651 657 664 670 672 675 677 683 
685 686 689 690 694 700 705 707 709 710 720 722 
725 726 732 740 741 745 749 750 758 760 761 762 
763 768 772 774 777 783 786 794 795 
228
2 3 13 17 18 19 21 22 25 28 29 31 
34 38 40 44 54 56 58 60 64 72 73 74 
76 77 79 82 86 93 96 102 104 105 109 115 
118 120 124 128 134 137 140 141 147 151 156 158 
162 164 170 171 176 185 188 193 195 199 200 202 
208 210 211 212 217 218 224 226 227 230 231 237 
244 250 253 255 269 275 276 277 280 284 287 291 
294 299 304 308 311 312 313 314 316 319 320 321 
325 330 331 334 337 338 341 350 351 360 361 362 
366 368 371 374 387 392 394 395 397 398 405 421 
422 423 428 431 432 434 435 436 437 443 444 446 
450 451 454 455 457 459 460 461 462 463 464 474 
478 482 486 487 492 495 497 500 503 504 506 509 
511 514 515 517 519 531 532 535 537 547 550 554 
567 568 571 572 576 577 580 581 606 616 622 628 
632 634 635 640 641 647 649 653 658 665 668 678 
684 687 688 696 698 701 707 708 720 724 725 728 
731 733 734 736 738 740 741 746 750 752 755 756 
762 765 766 767 771 776 777 783 784 794 796 798 
248
6 7 13 14 22 24 27 28 29 36 39 47 
50 58 59 62 65 72 73 74 75 79 86 89 
92 98 107 108 110 111 114 121 123 124 125 126 
131 135 136 144 149 151 154 157 161 164 172 175 
177 180 182 183 187 191 192 194 196 204 205 210 
212 213 214 217 221 223 225 228 229 232 233 243 
244 245 246 248 253 256 258 259 262 265 266 269 
274 275 276 279 281 285 286 287 290 292 294 296 
300 305 307 309 311 314 317 318 319 328 329 333 
334 335 344 346 349 351 357 361 365 366 368 372 
380 383 384 388 394 397 398 399 409 410 414 415 
418 428 429 431 434 436 438 441 456 459 464 465 
472 473 475 477 480 481 482 486 488 492 493 499 
502 503 504 505 507 510 511 514 518 519 520 522 
528 530 532 535 536 543 547 550 551 552 561 562 
566 575 577 581 582 590 593 594 601 603 605 607 
612 614 615 622 623 628 631 634 639 640 649 655 
658 663 666 667 668 669 673 674 675 678 682 683 
688 692 695 697 699 701 710 720 721 732 733 738 
741 743 744 745 747 756 762 763 768 770 771 776 
778 781 784 785 788 792 794 796 
261
8 11 13 21 24 29 31 34 35 38 42 43 
44 51 56 58 66 68 69 70 72 73 78 81 
82 83 90 92 94 97 99 101 102 108 113 114 
119 120 126 127 129 131 132 133 137 140 142 144 
145 146 150 151 153 161 163 166 172 174 175 176 
183 184 187 188 189 192 193 198 202 208 211 214 
215 219 220 223 224 233 235 238 241 242 249 252 
253 259 267 268 270 271 273 274 275 276 281 287 
288 292 294 295 304 305 306 307 308 309 314 315 
318 319 324 325 327 329 334 338 340 343 344 349 
350 351 355 357 363 364 376 378 379 386 388 392 
393 395 396 397 398 399 400 411 413 422 424 425 
427 431 433 436 437 443 444 445 448 451 453 455 
460 462 466 474 476 477 478 483 486 488 493 495 
499 500 506 518 519 524 525 529 533 535 537 539 
540 542 548 550 553 555 563 564 566 570 575 577 
579 580 581 584 588 593 594 596 597 600 602 606 
610 621 624 625 634 636 638 649 650 651 656 661 
662 665 669 674 675 676 677 682 685 695 700 702 
708 711 713 714 715 718 719 725 730 731 734 735 
736 737 742 743 745 748 753 756 758 766 771 777 
779 780 785 786 790 795 796 799 800 
263
4 9 10 12 19 29 32 33 36 37 42 47 
51 52 55 57 59 63 70 74 81 84 86 88 
94 96 98 99 100 101 105 107 110 111 112 114 
115 117 121 122 127 128 129 137 139 145 147 153 
154 155 160 165 168 169 170 171 172 174 177 181 
183 184 187 191 193 198 200 202 204 207 208 209 
211 216 218 219 226 227 231 233 236 238 239 247 
257 258 259 260 261 263 266 267 270 271 275 276 
277 281 285 286 288 289 302 303 305 306 309 311 
312 315 320 326 328 329 330 336 337 347 348 352 
355 358 359 363 364 367 368 372 374 375 376 377 
378 384 385 387 388 395 396 398 400 402 404 408 
409 410 412 413 416 419 422 424 426 428 433 435 
443 447 448 449 450 454 464 470 472 475 476 479 
480 481 484 485 487 492 494 498 501 503 507 512 
513 514 515 519 525 529 533 538 543 544 549 551 
554 557 565 568 569 572 573 575 576 579 587 590 
592 594 604 607 608 613 618 619 623 624 627 629 
630 632 641 643 644 646 655 657 660 661 662 665 
666 669 672 673 676 690 693 695 697 711 717 721 
723 729 734 739 744 751 753 754 756 762 768 773 
774 778 780 781 782 784 788 789 792 794 797 
256
4 9 20 34 35 40 45 47 49 54 56 62 
63 65 66 73 77 78 81 83 90 98 102 104 
113 115 117 118 121 123 127 128 131 133 135 140 
141 142 143 145 151 152 156 158 163 166 177 179 
180 181 190 195 197 199 200 201 203 204 211 213 
221 224 226 227 228 232 233 238 239 241 248 249 
253 255 256 269 273 274 275 277 279 283 286 287 
290 291 292 293 298 299 302 304 305 310 317 320 
327 329 331 332 333 335 336 338 340 347 351 352 
354 360 361 367 369 373 375 378 383 386 388 389 
391 393 394 398 400 401 411 413 414 418 423 427 
428 434 438 441 442 444 445 447 453 454 455 457 
458 459 462 463 464 469 470 472 479 487 488 494 
495 496 502 506 509 514 520 522 524 526 527 533 
535 538 541 542 543 544 555 557 560 564 565 570 
574 575 581 582 583 585 591 592 596 601 603 606 
608 610 611 613 616 627 629 630 631 638 639 640 
647 651 652 653 654 656 657 658 659 661 662 666 
669 673 679 682 683 684 685 691 693 694 700 703 
704 712 714 715 719 724 725 727 729 731 738 741 
742 746 749 753 757 761 762 763 771 772 773 780 
782 783 787 799 
222
3 5 8 10 11 14 16 18 20 21 24 26 
38 40 44 53 54 58 59 64 66 76 77 80 
89 94 99 102 104 109 113 114 118 120 123 124 
125 129 135 139 142 143 144 145 148 150 165 166 
174 176 177 185 192 193 194 195 198 203 204 214 
215 221 224 228 232 233 239 252 254 255 272 276 
278 287 291 296 297 299 300 306 307 309 313 316 
318 319 321 322 323 329 331 332 335 337 343 344 
345 349 353 357 361 363 369 374 383 384 389 392 
399 404 405 406 409 414 420 422 430 432 437 438 
439 447 453 454 459 460 462 463 464 465 466 471 
481 484 486 490 492 509 510 511 512 515 520 525 
527 530 532 534 535 537 539 544 548 557 562 564 
566 567 571 575 579 580 597 599 600 601 606 607 
610 615 618 620 622 628 635 636 641 642 644 651 
652 655 656 660 661 663 665 667 673 676 681 686 
690 691 698 700 703 707 712 715 717 730 737 744 
747 749 751 753 758 759 762 767 772 775 779 780 
784 792 794 796 797 799 
224
2 7 10 13 15 19 23 28 36 37 41 44 
46 47 48 51 52 54 58 60 61 63 73 74 
77 78 88 95 96 99 105 108 109 111 117 118 
120 124 128 135 137 141 145 147 153 156 158 160 
162 172 176 180 184 185 189 190 193 196 197 202 
203 214 217 221 224 226 228 231 235 236 237 240 
241 250 254 257 260 261 270 271 279 283 286 290 
294 296 298 300 306 308 309 311 312 313 316 317 
319 321 324 331 332 334 337 340 352 357 358 361 
362 363 375 376 378 383 384 385 388 390 401 402 
403 404 408 409 413 414 419 424 430 438 445 448 
450 453 454 456 458 459 460 463 464 469 471 474 
477 478 480 481 487 489 492 500 504 508 509 514 
515 521 522 527 529 531 534 543 544 546 547 549 
555 557 558 573 574 579 580 582 584 588 606 608 
614 615 619 624 625 629 637 642 648 652 658 664 
668 669 678 679 685 687 688 694 705 714 717 723 
728 731 738 740 743 745 748 749 761 763 769 770 
771 776 779 783 794 797 799 800 
233
2 4 9 10 14 15 18 19 26 28 33 34 
35 41 42 44 48 49 53 55 64 65 68 70 
71 74 76 77 79 80 82 83 87 89 90 92 
94 98 102 106 107 112 113 115 119 121 122 127 
128 130 132 136 137 140 155 157 158 161 165 170 
173 178 183 199 200 205 206 207 213 219 220 225 
234 238 243 245 250 253 254 255 260 264 269 280 
283 284 287 289 291 295 300 301 303 313 317 318 
320 323 326 329 332 341 343 347 352 358 359 361 
369 374 380 385 386 388 389 391 392 395 398 399 
403 406 408 410 416 418 427 430 432 437 440 441 
442 446 449 450 455 457 458 462 463 469 470 471 
472 474 476 478 486 496 498 508 509 510 513 519 
520 522 524 525 529 531 532 536 544 545 547 553 
554 556 557 558 562 568 569 583 585 590 592 595 
599 603 604 605 611 612 614 619 620 624 625 631 
634 641 654 655 657 659 664 667 670 673 677 681 
684 688 691 693 694 695 702 703 707 708 713 717 
720 721 733 742 743 754 755 758 765 769 775 778 
779 788 790 797 799 
221
2 10 11 15 18 24 30 42 43 46 56 60 
65 68 72 74 84 85 90 91 94 99 102 104 
105 106 110 113 114 127 129 134 135 137 138 140 
142 144 146 147 151 153 154 156 159 163 169 174 
181 185 187 192 193 197 200 211 212 216 218 220 
224 247 252 255 262 263 264 275 281 282 283 284 
285 289 291 299 300 301 302 303 311 314 316 318 
319 325 331 332 337 341 346 350 351 354 358 361 
365 366 367 378 380 390 391 392 394 396 405 407 
410 412 415 423 424 427 429 430 431 436 445 449 
457 460 461 464 466 467 469 470 473 477 481 494 
496 498 499 503 515 517 518 519 520 521 522 524 
526 528 538 540 541 542 547 549 555 556 565 566 
567 571 575 581 585 590 591 593 598 607 617 620 
622 626 627 628 635 637 638 641 643 649 650 652 
653 657 662 668 672 683 686 687 688 689 691 696 
704 707 711 712 718 719 721 723 725 728 730 734 
736 738 744 745 746 751 753 755 773 784 788 789 
791 792 793 796 799 
230
4 6 7 12 17 28 37 45 48 51 58 61 
62 63 64 66 68 70 72 77 88 92 94 95 
96 98 103 108 109 117 119 125 126 131 133 139 
143 145 146 148 154 156 160 163 165 167 168 171 
177 187 198 200 208 209 212 213 216 218 228 233 
255 262 268 278 290 294 297 298 302 308 309 310 
315 316 320 321 324 325 329 332 333 335 343 344 
349 357 360 361 362 364 365 366 376 378 389 391 
395 396 397 406 408 410 415 417 419 431 435 441 
442 443 447 450 453 457 460 469 474 481 487 488 
489 490 492 497 498 499 501 504 505 517 520 525 
527 529 533 534 536 538 539 543 547 555 560 561 
563 565 572 574 575 577 578 581 583 587 595 596 
598 600 609 613 615 618 619 620 623 624 626 629 
632 634 635 640 644 646 648 649 651 653 656 660 
662 663 665 666 668 675 676 680 686 688 689 691 
692 695 698 699 701 703 704 707 709 712 716 718 
723 725 729 736 738 739 748 750 759 762 763 764 
765 767 768 769 772 774 780 782 785 787 790 791 
793 795 
255
1 4 6 8 12 16 18 22 23 24 26 27 
35 41 44 46 47 48 49 52 54 59 73 75 
76 80 84 86 88 89 92 93 94 95 96 97 
98 99 100 104 105 109 116 119 121 123 124 125 
129 132 133 141 143 155 158 161 173 176 186 187 
191 197 199 205 207 208 210 219 220 226 233 234 
235 241 242 244 249 250 251 253 254 255 265 266 
270 275 277 279 287 290 291 294 295 296 299 310 
313 314 318 319 328 329 332 336 337 340 344 346 
347 348 352 353 359 366 367 368 369 373 374 375 
377 378 379 382 386 392 396 400 402 403 410 412 
419 423 427 428 429 431 432 433 434 436 439 444 
446 449 450 451 452 453 456 462 463 464 468 469 
472 474 477 482 483 488 489 492 497 504 507 509 
511 515 516 522 523 528 531 532 538 539 544 545 
546 554 565 566 590 592 595 597 599 604 606 608 
612 614 616 618 623 624 626 628 629 633 639 643 
644 652 658 659 660 663 667 670 674 675 677 682 
686 692 693 695 700 704 706 707 708 709 711 712 
715 716 718 722 729 731 732 740 741 746 749 751 
757 765 767 770 771 774 777 779 780 782 787 788 
794 796 800 
256
1 10 18 19 23 24 28 29 30 36 43 47 
48 50 52 53 54 56 63 64 65 68 73 84 
87 88 90 92 96 97 102 104 106 108 109 112 
114 117 118 120 123 131 132 136 138 139 145 149 
152 161 163 166 171 175 183 193 194 197 198 200 
202 204 205 210 214 217 218 221 222 227 231 234 
235 237 240 243 245 246 249 251 260 261 266 269 
270 273 274 275 280 283 289 291 297 299 306 315 
317 322 323 328 329 332 342 344 345 347 350 352 
356 358 359 361 363 364 366 367 373 382 386 388 
396 397 399 402 403 412 413 417 420 421 423 425 
428 430 431 446 453 454 456 460 461 462 466 467 
468 470 472 474 475 481 484 485 486 491 509 512 
517 528 531 535 536 537 548 550 552 558 559 561 
562 564 565 569 576 578 587 590 592 593 598 607 
609 611 613 621 623 625 626 630 635 636 637 640 
641 643 645 648 649 652 654 657 660 661 663 666 
667 668 670 674 679 683 685 688 691 692 694 695 
697 702 710 712 713 714 716 717 718 719 732 733 
736 740 742 743 744 746 750 751 754 756 757 758 
760 761 763 765 766 769 772 774 775 779 781 785 
790 791 794 800 
245
2 4 5 6 8 10 11 13 15 20 22 25 
40 41 42 44 45 46 55 56 57 58 59 66 
69 73 77 78 79 82 83 86 89 91 92 93 
94 99 101 106 109 110 113 115 116 121 122 126 
128 132 138 139 141 143 150 153 158 161 162 165 
166 169 173 177 178 179 181 182 187 188 191 192 
194 195 196 197 199 200 203 204 207 213 214 216 
219 227 230 231 232 236 242 243 249 251 252 260 
263 266 268 274 278 281 287 289 295 299 301 302 
303 309 311 316 320 322 329 333 335 339 341 342 
344 345 347 350 354 357 363 365 369 371 374 375 
379 382 389 390 394 399 412 416 420 422 428 431 
433 438 444 445 448 452 453 455 458 466 467 473 
476 477 483 496 502 503 504 513 515 516 518 522 
524 526 527 531 533 534 535 539 540 542 552 557 
559 560 564 565 566 570 579 580 582 584 585 586 
587 588 594 599 604 609 610 619 622 629 633 638 
641 645 647 650 654 655 663 664 667 669 673 674 
675 679 688 689 692 706 711 713 721 725 728 733 
740 742 748 759 765 766 767 773 774 777 780 785 
787 788 792 794 795 
241
1 4 5 12 13 14 17 20 23 28 29 39 
42 44 46 51 52 59 62 68 70 72 75 82 
87 88 89 94 108 110 111 113 115 118 119 123 
130 131 149 155 157 162 164 168 170 172 178 183 
191 197 200 201 202 207 208 213 214 224 225 228 
232 233 235 239 240 241 242 247 248 252 253 256 
258 259 261 263 264 271 276 278 279 281 282 291 
292 295 300 308 312 313 314 315 318 324 327 328 
329 338 340 345 346 349 351 352 353 354 355 364 
367 368 373 377 379 382 388 389 390 399 400 406 
408 410 413 415 418 422 423 425 426 431 438 439 
442 445 446 447 450 451 456 458 464 469 472 476 
478 479 484 485 490 491 493 498 503 505 514 517 
519 522 523 526 532 533 537 541 545 547 550 551 
554 556 557 558 559 561 562 564 567 568 570 573 
574 575 576 577 582 584 586 588 589 591 592 594 
604 605 611 620 622 626 631 634 635 636 641 646 
658 660 661 665 670 672 682 685 687 695 701 706 
709 711 715 718 723 730 733 734 745 746 753 757 
759 761 765 774 775 777 782 784 787 789 790 792 
800 
250
1 6 7 8 10 14 17 19 28 32 33 39 
41 42 46 49 52 57 62 64 65 69 71 72 
73 78 84 86 92 93 94 97 99 103 106 108 
109 115 125 128 132 134 140 141 143 144 147 148 
152 162 164 165 167 168 171 172 173 177 179 182 
185 190 192 194 197 203 209 212 214 215 217 218 
220 221 235 237 238 240 245 247 248 250 252 253 
255 257 271 272 274 280 286 290 292 293 302 303 
304 306 307 308 309 313 314 316 319 323 325 341 
343 346 350 351 357 360 362 363 365 368 372 376 
380 384 385 387 389 393 394 396 398 403 409 411 
412 416 418 429 440 442 444 445 452 459 467 468 
471 474 477 478 481 482 484 496 497 499 500 501 
502 506 508 509 510 513 516 518 523 528 533 536 
539 541 543 547 548 559 560 562 563 564 576 584 
585 589 590 591 594 595 605 609 610 613 617 618 
619 622 623 624 625 636 638 642 646 655 661 663 
664 665 666 668 669 670 671 672 677 680 688 691 
694 695 711 712 716 720 722 723 724 725 727 731 
732 735 741 742 743 748 756 757 759 762 771 773 
774 777 778 780 781 787 792 796 798 800 
257
8 13 15 17 18 22 25 28 36 37 43 45 
50 54 58 60 61 70 77 80 82 83 84 87 
88 91 92 94 95 100 104 106 107 110 112 114 
115 117 118 119 120 121 124 126 128 129 130 131 
134 136 137 142 151 153 154 155 157 158 159 163 
165 167 172 173 174 179 184 187 190 193 194 198 
199 202 203 204 215 218 220 226 229 232 237 239 
240 245 248 255 269 272 278 279 280 283 284 286 
287 292 293 295 297 299 307 313 314 315 316 320 
323 325 326 333 336 339 341 347 349 352 353 355 
359 366 370 371 375 376 377 378 379 381 390 392 
393 394 395 399 404 408 410 414 418 420 421 425 
427 428 429 435 445 447 452 453 454 456 457 459 
466 468 469 471 479 482 483 492 494 498 505 513 
515 516 519 529 534 538 541 544 545 553 557 563 
564 566 570 572 573 574 575 577 583 587 588 593 
598 599 600 607 615 616 619 631 632 633 641 642 
643 644 645 649 652 655 661 663 669 671 674 677 
679 681 693 694 695 699 700 702 703 704 705 709 
710 715 717 719 725 729 732 733 738 739 741 743 
744 745 748 754 757 759 760 766 767 771 772 778 
783 784 786 793 794 
248
4 6 8 10 19 27 28 33 34 36 41 46 
48 50 51 57 58 60 61 69 70 78 95 98 
101 102 104 108 109 112 113 116 117 122 129 132 
133 135 138 140 146 154 160 162 163 168 169 170 
180 181 182 184 185 188 190 196 198 199 203 213 
215 219 224 226 233 234 235 242 244 246 247 250 
253 274 283 289 292 295 296 299 301 303 305 308 
309 313 315 319 321 332 334 338 339 341 342 343 
345 346 353 359 363 366 368 370 371 377 379 382 
383 385 387 389 392 393 394 396 397 400 403 412 
414 417 421 425 430 431 433 436 437 439 440 443 
445 452 454 459 460 461 463 464 467 470 471 472 
479 486 487 488 489 496 497 501 502 514 518 519 
523 524 526 530 532 533 537 543 547 548 552 556 
559 561 563 570 571 572 574 575 580 583 584 585 
588 589 590 605 612 614 617 619 620 621 622 623 
624 629 635 640 641 644 653 658 660 662 664 665 
667 670 671 675 683 685 686 688 689 690 700 703 
704 705 710 713 715 717 718 720 722 724 729 731 
733 736 738 740 743 746 750 751 757 762 768 772 
773 776 792 793 794 795 796 799 
239
2 3 4 6 8 13 14 16 18 23 27 28 
32 33 35 36 39 41 42 49 51 52 62 69 
72 74 77 83 85 86 88 89 93 99 102 103 
107 109 110 115 116 117 120 122 136 139 141 143 
146 153 154 155 169 170 172 174 177 178 181 182 
184 188 190 195 197 198 200 205 213 217 219 231 
233 235 242 245 249 262 272 281 282 284 285 288 
290 303 305 310 315 316 318 321 322 323 325 330 
331 332 333 334 340 341 347 355 360 369 371 375 
377 378 382 383 386 400 405 410 411 412 413 414 
416 418 420 422 424 432 434 437 440 441 452 453 
461 462 464 473 480 482 484 487 489 493 498 499 
500 512 516 518 524 525 529 532 535 541 543 544 
549 550 551 559 563 568 571 573 579 580 584 586 
587 591 597 602 603 604 605 606 608 609 610 613 
615 619 620 622 626 631 632 633 634 636 637 640 
645 650 653 657 665 668 669 670 671 672 674 676 
677 683 684 685 686 687 692 695 696 699 711 712 
717 718 720 721 723 732 734 735 736 741 743 744 
748 749 750 762 774 775 779 788 791 794 799 
251
2 4 11 13 23 24 31 33 39 42 43 47 
48 49 50 51 54 55 58 59 60 63 68 70 
71 78 85 86 88 93 94 99 105 107 113 120 
121 125 126 127 128 131 138 147 148 152 154 156 
157 158 160 161 163 165 167 168 176 177 180 185 
187 201 202 203 206 208 210 211 212 216 217 219 
222 224 225 228 229 231 232 240 243 254 258 260 
264 266 267 269 278 279 281 287 294 296 297 300 
304 309 310 311 319 321 333 334 335 340 343 348 
349 352 356 359 360 363 365 369 375 378 381 386 
389 391 394 397 398 399 401 402 406 407 409 413 
417 419 424 430 432 436 440 449 457 459 462 463 
468 473 474 476 479 481 482 483 490 493 494 495 
497 498 499 500 503 509 510 512 527 530 532 533 
536 542 543 544 545 546 548 549 553 556 560 564 
566 567 568 571 574 575 578 580 582 585 590 592 
593 595 597 599 602 609 613 631 633 637 638 641 
642 643 644 646 650 652 657 660 662 664 668 670 
673 674 675 677 678 680 683 686 687 689 692 703 
711 714 722 723 725 730 733 736 744 750 752 763 
764 766 768 773 780 782 785 787 791 795 798 
248
4 6 9 10 13 24 25 31 40 42 46 47 
48 49 54 59 65 71 73 76 80 85 90 91 
99 113 115 122 124 126 129 134 136 138 140 151 
152 160 164 173 175 177 179 182 187 188 190 191 
193 194 199 208 209 216 218 221 225 229 234 236 
240 242 244 246 250 255 256 262 264 271 272 274 
275 277 279 280 285 299 303 304 305 310 312 313 
316 317 327 329 331 333 336 337 341 346 347 349 
350 351 352 357 358 361 362 364 366 368 370 373 
374 377 382 392 394 395 397 398 399 403 405 408 
418 419 423 424 425 427 431 438 440 450 451 454 
455 461 462 464 466 469 476 481 489 491 494 497 
499 500 501 503 506 511 517 518 524 525 530 534 
535 536 539 540 543 546 547 549 551 553 555 558 
563 564 568 569 570 571 572 578 585 588 591 592 
593 596 600 601 602 603 606 612 617 620 625 627 
629 636 639 640 641 642 654 659 662 665 667 670 
673 675 676 677 678 683 684 685 686 688 689 692 
694 697 703 704 706 717 724 725 728 730 735 737 
739 743 744 752 758 760 761 763 764 769 772 773 
778 780 781 783 793 795 799 800 
216
6 8 11 12 14 15 17 19 22 23 25 29 
32 40 44 48 53 54 60 61 62 65 70 71 
81 83 94 97 98 108 109 110 112 115 116 118 
123 128 131 135 146 147 148 152 154 159 165 167 
168 173 176 181 190 194 199 206 209 214 216 217 
229 234 236 238 240 244 251 252 275 277 278 283 
294 295 298 300 301 306 308 309 310 313 314 315 
322 324 327 328 329 332 336 339 343 359 360 366 
372 373 374 376 383 391 392 393 394 396 400 404 
405 414 421 437 440 441 446 452 459 462 466 468 
471 474 476 478 480 482 485 499 500 501 502 505 
507 508 510 515 516 529 530 536 537 542 545 546 
557 558 561 567 569 572 575 576 579 582 585 588 
591 592 596 598 602 604 611 616 617 622 624 626 
634 639 650 652 653 656 663 666 676 677 679 688 
690 692 696 698 704 705 707 713 715 716 722 729 
730 733 741 742 744 747 749 750 751 752 754 759 
762 763 769 772 776 781 792 795 797 798 799 800 
231
2 4 6 8 10 12 13 15 25 26 28 35 
44 49 54 59 65 71 75 81 82 85 86 87 
89 91 92 94 99 105 110 121 122 125 130 139 
145 150 151 155 156 157 159 161 163 164 171 173 
174 179 180 182 186 188 192 193 194 195 196 199 
203 205 206 210 211 212 213 218 221 222 225 226 
232 233 237 247 248 249 250 254 255 259 260 271 
275 278 283 287 289 291 292 293 296 298 303 305 
311 315 323 324 325 326 333 341 343 347 350 354 
357 358 362 368 371 372 378 382 383 386 388 390 
392 400 402 407 410 414 428 430 431 433 434 436 
441 446 451 453 457 458 460 469 470 476 479 480 
482 485 486 489 492 493 495 498 501 504 508 510 
511 519 520 521 524 527 533 537 540 543 544 546 
550 551 561 562 563 567 569 573 577 581 586 590 
597 600 605 609 615 620 631 635 638 653 656 659 
664 665 667 670 677 684 688 694 695 699 700 703 
713 716 719 728 729 730 732 734 736 737 738 739 
742 744 749 759 763 764 767 776 777 778 779 780 
788 795 798 
220
6 9 10 13 14 15 16 18 19 25 27 30 
35 37 48 51 55 59 60 66 70 73 76 82 
92 94 95 96 103 104 123 124 133 138 139 145 
146 156 161 164 168 176 178 180 185 186 188 190 
191 192 198 201 205 207 210 214 215 217 222 233 
250 252 253 260 262 264 265 267 276 279 281 282 
283 286 292 295 302 303 304 306 308 314 322 323 
324 330 333 349 350 354 356 359 360 361 376 381 
383 384 390 393 400 403 405 412 415 423 427 429 
434 436 445 453 455 457 459 462 465 466 471 472 
473 476 478 485 490 491 493 495 497 498 503 510 
511 519 520 522 523 528 531 536 539 543 544 546 
547 550 553 558 559 560 563 567 569 570 574 582 
583 585 591 593 604 607 608 609 614 619 621 624 
628 629 630 635 640 643 644 645 646 648 649 652 
660 662 670 672 675 676 677 681 689 691 694 695 
698 701 702 704 705 709 710 712 714 716 721 724 
725 727 732 735 742 748 752 762 768 770 774 775 
781 782 799 800 
250
3 4 6 7 9 13 14 16 17 19 20 22 
31 32 41 44 47 51 59 60 68 70 72 74 
75 76 83 86 92 97 101 103 104 105 108 109 
111 115 116 127 131 132 140 142 143 145 147 148 
153 154 155 159 162 165 166 170 173 175 176 180 
181 187 188 199 200 202 206 207 208 209 210 214 
216 218 222 223 224 226 234 235 236 239 241 242 
243 246 248 250 251 254 260 272 276 285 287 290 
292 293 295 299 302 304 308 309 311 312 317 321 
329 330 331 332 335 337 339 344 347 349 351 354 
355 371 375 377 380 381 386 390 391 394 397 401 
406 407 414 416 418 419 420 421 429 430 434 435 
436 439 443 445 446 450 451 455 456 460 470 471 
473 475 484 485 488 493 496 501 504 505 506 507 
509 512 513 520 525 528 532 533 534 538 541 543 
544 545 549 551 552 553 554 555 561 563 578 582 
586 590 591 600 609 610 611 619 622 629 632 634 
637 640 650 653 658 662 664 666 668 670 672 684 
685 687 688 692 693 694 699 702 703 708 711 718 
719 724 726 727 735 736 738 739 746 750 751 752 
754 755 756 758 764 772 775 778 795 796 
259
3 5 6 10 12 14 19 20 21 30 32 33 
35 36 37 41 47 56 59 60 61 64 65 66 
71 80 81 84 86 89 94 96 103 105 112 114 
116 117 119 121 123 125 126 128 129 136 139 141 
144 145 148 151 154 155 161 162 163 166 168 170 
175 176 181 182 183 189 191 193 195 197 198 201 
204 205 210 213 216 218 219 220 222 227 229 233 
239 247 249 252 259 260 262 264 266 267 269 276 
279 280 281 288 289 291 292 297 302 303 304 309 
314 316 317 323 324 325 328 329 331 332 333 335 
337 341 347 349 357 358 360 361 362 364 365 372 
373 375 377 379 380 381 383 388 389 393 395 397 
404 411 419 420 421 426 428 429 441 443 444 454 
456 460 461 463 467 471 472 474 476 479 480 485 
488 493 494 497 498 500 503 506 507 511 516 520 
521 523 526 527 530 531 534 535 541 545 564 566 
569 571 576 582 597 603 604 608 613 615 618 619 
624 627 628 637 638 641 645 646 649 652 653 661 
665 670 672 673 676 678 680 684 685 691 692 694 
696 697 700 702 703 706 718 722 724 727 729 733 
734 735 739 742 743 744 751 753 757 758 776 780 
781 782 784 786 787 789 794 
231
2 6 7 10 15 17 19 21 28 30 35 36 
38 39 44 45 50 54 56 58 60 65 66 67 
70 75 78 80 83 86 89 90 92 93 99 101 
103 107 112 113 115 116 120 121 123 130 132 134 
137 138 139 141 143 145 146 147 151 152 155 157 
161 163 170 172 173 180 187 188 189 192 193 198 
202 203 209 218 223 225 228 231 238 241 242 243 
245 247 250 251 252 260 261 263 264 271 272 274 
275 276 278 282 290 292 296 300 304 307 313 315 
321 325 328 333 335 336 338 349 353 355 357 365 
371 376 379 380 384 389 394 395 396 397 398 406 
417 421 433 437 445 446 447 450 454 456 462 465 
467 470 474 480 489 493 497 501 502 503 504 510 
521 522 526 527 532 533 534 535 536 538 549 561 
562 563 567 569 570 579 580 588 590 593 594 596 
599 607 616 617 627 629 630 632 635 636 638 639 
644 647 648 650 655 657 669 670 674 676 691 693 
695 699 707 710 711 714 715 717 718 724 729 730 
731 736 754 757 763 767 768 770 771 776 778 780 
781 787 789 
242
2 4 8 13 19 20 25 26 31 37 39 44 
47 49 50 57 67 71 73 76 79 83 96 98 
100 103 104 111 112 116 123 136 140 142 144 148 
153 154 155 162 163 164 165 168 169 170 173 174 
175 179 180 182 185 186 187 189 195 200 201 202 
204 208 209 211 212 213 220 221 223 225 230 232 
236 237 240 241 244 247 248 255 256 259 265 270 
271 274 282 285 290 293 294 295 297 299 300 302 
303 308 311 313 314 323 324 325 326 328 340 342 
344 348 352 357 361 363 370 372 375 379 383 386 
399 400 402 403 411 414 415 422 431 433 434 435 
444 446 453 454 455 456 458 465 467 475 476 479 
486 489 491 494 496 498 499 500 502 512 517 518 
520 526 532 533 539 541 542 545 546 547 549 552 
556 557 559 561 565 587 588 596 602 603 605 607 
609 610 611 614 616 618 622 634 635 636 641 644 
645 648 650 654 655 657 658 666 669 671 673 674 
677 681 682 684 690 701 708 709 710 712 715 718 
723 724 725 741 743 744 753 757 758 759 761 771 
774 775 777 779 780 784 785 786 788 790 791 793 
795 796 
234
4 6 8 11 15 20 21 25 29 31 34 36 
40 42 45 47 49 60 68 71 74 77 82 85 
87 90 92 94 102 105 108 112 117 118 125 127 
130 139 141 142 143 144 145 150 152 155 156 167 
178 180 190 198 200 206 216 220 222 223 234 239 
240 250 254 255 256 257 258 259 263 266 268 269 
272 275 278 282 292 295 297 301 313 316 319 326 
333 334 337 338 342 346 347 350 351 354 355 358 
366 369 370 372 374 381 384 385 390 393 396 399 
402 404 405 415 416 417 422 424 429 431 434 440 
444 446 449 452 453 459 461 463 469 470 487 497 
502 504 505 506 507 509 511 516 517 518 521 522 
525 528 531 532 541 550 557 559 560 561 563 569 
570 575 582 585 586 587 588 592 593 595 596 598 
599 600 601 608 612 615 616 618 619 626 630 634 
638 641 651 660 663 664 669 671 673 674 675 677 
682 683 684 685 688 690 693 694 696 698 699 705 
706 708 712 713 719 720 724 725 728 729 733 735 
736 739 740 742 744 749 750 753 755 757 761 767 
769 770 783 792 794 798 
247
5 8 24 25 26 39 40 43 45 46 48 50 
55 56 61 73 80 86 87 89 90 92 98 100 
110 111 113 115 122 124 129 134 143 145 151 153 
155 158 159 161 165 167 169 172 177 180 182 184 
187 189 190 194 196 197 202 203 205 209 211 212 
215 216 217 218 219 222 223 224 229 233 234 239 
244 247 251 252 260 263 264 265 267 270 271 272 
273 278 279 283 284 294 295 297 298 305 307 308 
313 315 316 319 327 329 330 332 337 343 344 348 
349 350 354 356 358 366 367 370 372 373 374 376 
377 378 379 381 384 385 392 394 396 401 404 409 
419 420 421 422 425 426 430 431 433 435 436 437 
441 442 443 447 451 454 468 478 480 482 484 487 
492 494 496 497 503 505 513 514 535 537 540 542 
546 549 551 557 558 559 565 566 571 576 577 585 
594 595 603 607 609 614 619 624 627 634 635 640 
644 646 647 648 650 655 656 657 661 664 666 670 
672 675 679 681 687 691 697 698 699 700 707 708 
709 710 714 715 717 720 725 729 732 733 735 740 
744 745 746 747 750 762 763 767 769 770 777 778 
779 782 786 790 793 797 799 
234
1 4 5 6 10 12 13 14 16 17 23 26 
27 31 36 38 41 43 44 47 51 54 55 58 
60 67 68 72 73 74 76 79 81 82 84 86 
89 90 91 92 94 96 97 104 106 111 114 123 
129 130 136 137 138 141 150 151 154 158 159 166 
173 174 176 177 184 186 190 192 201 208 218 222 
231 233 237 257 265 267 269 271 272 282 284 285 
286 292 298 300 302 306 307 310 312 318 320 326 
328 331 334 338 343 345 347 348 351 353 357 359 
363 374 375 378 383 385 400 402 403 405 409 420 
423 425 426 427 428 430 433 435 437 444 445 448 
452 455 457 459 460 462 474 477 479 484 485 486 
490 491 493 494 495 496 497 501 505 506 511 512 
517 519 522 541 542 544 546 548 550 558 559 561 
562 563 564 569 581 584 586 592 597 598 599 604 
606 607 611 612 616 622 623 630 634 638 641 645 
646 650 651 655 656 658 661 663 675 678 681 685 
693 699 700 705 706 707 714 720 724 730 732 737 
741 745 750 754 761 762 766 768 769 770 774 776 
781 783 789 792 794 800 
263
8 9 10 12 14 15 17 18 19 22 25 29 
33 37 38 39 41 42 44 46 48 51 53 54 
58 59 65 66 71 74 75 80 83 98 100 106 
110 113 115 117 118 119 122 124 127 128 131 133 
136 141 143 150 159 160 163 166 170 182 183 186 
187 199 202 205 207 210 218 220 225 226 227 231 
233 237 239 240 245 246 248 257 261 266 281 285 
288 291 294 295 297 301 302 304 310 313 320 324 
331 335 342 343 344 349 350 351 352 353 357 358 
363 368 372 378 380 382 384 391 395 398 400 409 
410 412 413 417 420 423 430 432 433 435 437 442 
443 445 446 448 450 452 453 455 457 458 460 465 
466 470 475 477 482 488 492 496 497 498 500 504 
505 508 509 511 515 516 521 522 530 532 533 535 
536 537 539 542 546 551 563 564 567 569 578 580 
581 585 587 589 595 601 602 609 612 613 615 616 
617 620 621 622 623 626 627 630 632 636 637 638 
640 645 648 650 652 654 668 669 673 674 676 681 
683 684 689 690 692 694 696 697 700 703 705 708 
710 712 713 718 721 722 723 726 729 733 735 737 
745 748 753 754 757 759 761 765 768 771 775 779 
780 781 784 786 787 788 789 790 791 793 795 
211
4 11 14 19 22 23 36 39 41 48 52 58 
63 65 68 69 73 77 79 81 84 89 90 91 
96 101 106 107 110 111 117 119 120 124 125 132 
133 135 136 152 154 155 168 169 172 179 180 187 
192 193 195 200 205 207 208 209 210 212 214 231 
232 233 239 241 248 251 256 258 263 264 265 267 
275 276 283 284 290 296 298 304 311 314 318 321 
324 327 331 334 336 337 338 347 349 352 374 380 
384 388 394 398 412 413 414 415 418 419 426 429 
432 435 437 447 448 456 462 463 470 472 473 485 
490 496 497 501 502 509 510 515 519 522 523 533 
537 538 539 542 545 553 554 558 560 567 579 580 
582 588 589 590 594 595 606 614 615 616 619 623 
624 625 626 627 628 635 638 639 644 645 651 652 
657 658 659 660 663 675 680 683 685 689 690 693 
700 701 704 705 711 713 715 721 723 727 728 733 
737 741 749 750 753 757 759 763 764 768 769 776 
777 781 785 794 797 798 800 
227
1 10 17 30 35 37 40 45 46 53 59 61 
65 72 73 74 76 79 82 83 85 86 88 96 
103 105 107 112 113 117 118 121 123 124 125 126 
128 131 132 136 141 142 143 147 151 153 157 158 
162 163 165 166 167 171 174 177 187 189 192 193 
200 202 207 211 221 229 230 232 235 238 242 244 
247 252 253 256 257 261 262 265 269 270 275 277 
278 283 291 293 297 301 306 314 315 316 318 327 
328 329 331 339 342 343 346 350 351 354 358 364 
375 387 392 393 396 403 405 411 414 417 420 421 
429 430 433 438 442 443 453 459 463 469 470 471 
472 474 479 485 496 498 502 505 511 525 527 532 
535 541 544 546 547 553 554 556 560 561 569 578 
580 583 589 595 596 597 601 606 611 614 615 618 
619 622 623 626 627 628 634 636 639 644 645 646 
652 655 656 657 660 662 664 665 667 677 679 682 
684 686 689 697 698 700 702 706 710 711 726 727 
735 737 738 740 747 753 754 756 757 761 763 765 
771 773 774 776 780 784 785 791 793 796 797 
233
4 9 11 13 17 18 26 27 34 35 36 39 
41 44 48 49 52 53 55 57 58 61 65 70 
73 75 77 79 82 86 89 99 101 104 109 111 
112 120 123 125 126 133 134 139 140 146 150 152 
156 157 162 165 166 169 172 176 177 178 179 180 
184 190 194 196 197 201 205 208 209 210 211 213 
216 219 220 221 225 228 230 232 237 241 243 245 
246 254 255 264 266 277 283 285 287 288 294 296 
298 299 301 313 321 324 330 331 334 339 344 346 
347 351 357 359 366 369 370 376 380 384 387 398 
399 400 401 402 406 411 412 416 420 421 427 428 
430 431 433 446 450 453 454 458 459 460 464 469 
481 484 493 497 514 520 521 523 531 535 537 540 
547 550 553 561 563 571 576 578 579 580 581 582 
584 585 586 588 589 591 595 598 600 601 608 619 
620 621 623 624 626 629 633 634 636 643 644 652 
654 658 661 662 665 666 676 678 679 685 693 694 
695 696 697 702 708 711 718 720 721 727 729 742 
744 748 754 757 758 762 765 769 771 777 778 786 
789 794 795 797 798 
254
5 9 18 20 21 22 28 33 35 38 43 45 
46 47 48 50 54 55 57 59 66 73 75 79 
80 81 82 88 91 94 100 104 106 111 112 113 
116 122 126 134 135 136 139 146 147 151 152 158 
165 169 171 173 175 177 183 186 187 188 189 201 
203 209 211 214 215 216 219 220 221 225 232 233 
234 236 239 241 242 248 252 253 254 255 257 261 
267 268 269 275 278 281 284 285 286 297 303 305 
308 316 318 319 323 331 332 333 334 340 342 344 
346 348 350 351 352 354 357 359 363 368 374 375 
376 378 380 387 388 391 394 395 403 411 412 414 
417 422 438 439 440 442 445 449 455 457 460 461 
464 467 468 469 472 475 477 484 492 493 496 499 
500 501 502 503 508 512 516 517 520 522 523 524 
530 544 547 550 551 555 559 563 565 567 571 572 
573 583 584 585 591 594 599 601 603 608 611 612 
613 616 617 624 625 626 628 630 631 634 635 639 
642 644 647 652 653 656 658 661 663 665 668 670 
679 680 683 695 704 708 709 714 717 719 722 723 
724 725 727 732 742 744 746 750 752 754 762 763 
764 766 767 769 772 773 782 783 784 786 789 793 
794 799 
238
5 6 7 11 12 13 16 19 22 23 27 35 
36 39 41 42 43 46 47 50 51 55 58 60 
67 72 74 76 80 81 84 89 98 101 102 104 
107 113 118 119 124 126 129 130 131 133 134 142 
144 147 153 154 156 160 162 163 164 166 171 176 
181 182 188 189 191 192 193 194 199 203 204 205 
206 207 212 220 223 226 227 228 236 237 240 242 
243 247 248 249 252 254 255 258 260 264 266 280 
283 287 288 289 290 293 294 297 298 300 301 305 
309 314 315 316 322 323 324 332 335 342 345 347 
349 350 352 353 356 358 360 367 372 385 387 390 
393 394 395 396 399 400 401 406 409 412 425 427 
430 432 435 436 439 440 441 445 447 448 463 464 
465 466 468 470 475 477 481 485 494 497 499 500 
502 510 517 519 523 526 528 529 530 532 538 540 
543 546 551 564 566 568 570 575 577 584 587 591 
593 594 595 598 600 602 606 608 611 618 621 628 
629 641 652 654 656 657 662 665 666 676 677 683 
688 693 694 703 704 706 719 720 728 733 736 748 
749 751 755 757 758 774 776 777 781 792 
222
1 8 9 13 14 17 18 22 24 29 30 35 
40 41 54 55 65 71 73 77 78 79 83 84 
93 94 98 99 105 106 111 114 117 121 122 124 
139 143 144 148 149 152 153 157 162 163 167 169 
171 181 187 188 190 191 193 195 196 198 199 200 
201 205 212 214 217 219 222 228 237 249 250 251 
255 256 261 264 270 277 278 279 280 281 285 287 
290 291 293 294 299 300 301 309 310 312 318 322 
326 330 335 338 342 349 350 357 359 362 370 372 
373 380 381 383 388 389 393 400 403 404 406 407 
410 426 434 436 438 444 446 450 454 456 461 466 
469 471 473 474 476 479 484 492 495 496 504 517 
521 523 525 527 530 537 548 552 554 555 559 560 
564 565 570 573 578 579 581 582 584 586 588 590 
591 597 606 609 613 614 620 622 623 624 627 628 
631 632 634 649 650 655 657 664 666 672 673 694 
698 703 705 706 713 715 720 724 726 730 736 738 
739 740 741 749 758 760 761 763 765 768 771 772 
781 782 788 790 793 798 
240
4 11 13 16 18 27 28 38 39 40 41 43 
44 54 55 59 63 67 70 71 72 73 76 77 
79 83 84 86 87 93 100 102 106 110 111 112 
114 116 118 122 130 135 144 145 147 148 149 150 
157 158 162 163 164 167 168 171 174 177 178 179 
181 184 187 188 199 207 214 217 219 222 224 229 
235 240 241 243 244 246 252 256 259 263 267 269 
271 272 273 274 277 280 284 285 286 298 299 300 
301 303 304 305 306 311 313 317 320 327 328 331 
333 337 341 344 347 349 351 354 361 362 363 366 
367 370 380 384 385 387 390 391 392 396 402 403 
407 411 418 419 422 427 428 429 430 432 433 437 
440 447 449 463 470 471 476 477 478 479 480 481 
484 493 494 496 503 505 511 514 522 524 525 527 
528 529 531 541 542 545 572 573 574 578 580 582 
593 596 599 601 605 607 611 614 617 619 623 626 
627 631 632 634 635 641 644 647 649 653 664 668 
670 684 685 686 688 692 697 698 699 701 703 706 
710 715 716 721 723 724 735 740 744 745 751 754 
755 765 768 769 774 777 778 783 785 786 793 795 
245
1 3 5 6 8 10 13 15 17 26 33 36 
37 50 66 79 85 86 88 91 93 97 98 105 
107 111 114 115 116 126 135 137 144 146 148 149 
159 184 185 187 192 194 195 198 201 209 214 221 
227 232 233 236 238 241 243 245 247 252 253 255 
256 259 262 263 264 265 267 273 277 278 279 280 
282 285 290 296 300 304 313 314 318 320 321 326 
330 337 343 350 351 353 357 358 359 366 371 376 
378 379 380 394 395 396 402 403 406 411 413 414 
435 436 437 439 441 443 446 450 451 452 454 455 
456 459 461 463 467 470 471 472 473 478 479 480 
484 485 488 490 491 494 501 503 504 507 510 511 
515 517 518 521 522 524 525 528 530 534 537 538 
539 540 542 544 552 554 555 556 559 561 562 566 
567 572 573 574 575 576 579 587 589 599 601 611 
625 626 629 631 632 634 635 636 640 648 651 657 
658 661 662 663 664 674 677 678 679 681 682 684 
686 689 690 692 695 696 701 705 710 711 714 715 
718 719 720 721 723 727 731 734 735 736 739 746 
751 758 763 765 767 771 777 782 784 786 789 790 
792 794 795 796 800 
258
6 7 8 10 16 17 20 21 25 32 37 38 
40 42 47 48 51 52 53 55 62 63 65 68 
69 70 73 80 85 86 87 90 91 93 98 100 
107 111 113 114 115 116 119 120 121 123 126 127 
129 130 135 136 138 142 146 147 148 153 154 155 
158 163 165 169 180 183 191 196 200 204 208 210 
212 215 222 223 224 225 226 228 229 231 232 233 
241 245 248 249 254 261 263 269 271 275 279 282 
283 289 297 298 300 301 304 305 307 309 312 313 
315 317 330 332 334 339 342 343 346 353 357 359 
360 364 366 372 373 379 380 382 383 388 393 396 
402 403 406 408 410 411 413 415 418 422 423 425 
428 430 433 437 445 447 450 451 453 462 464 472 
473 474 476 479 481 495 499 505 506 517 520 529 
532 535 537 544 545 548 549 556 557 561 563 567 
570 571 572 574 576 577 581 582 583 586 590 592 
598 601 603 604 605 606 607 608 615 619 620 621 
626 629 636 637 639 642 645 653 656 659 664 666 
667 669 674 677 681 685 689 695 701 704 707 709 
710 711 714 715 722 724 725 727 732 733 735 738 
741 743 746 752 756 761 777 778 779 781 782 787 
788 790 795 797 799 800 
250
6 10 17 26 31 37 38 41 43 44 47 48 
50 56 58 61 62 69 71 73 74 76 82 83 
84 93 95 104 106 114 116 122 124 127 131 133 
140 142 144 145 146 149 150 153 154 157 162 164 
167 169 170 172 173 178 183 185 189 190 194 195 
196 201 204 206 212 219 228 231 236 237 245 246 
248 254 258 262 268 269 270 272 275 280 291 292 
295 297 298 301 302 303 306 310 311 316 318 319 
322 325 330 332 335 336 338 340 352 358 375 385 
390 391 393 394 397 398 403 406 408 409 410 414 
415 416 417 419 423 427 432 436 437 439 444 449 
450 451 458 460 464 475 476 478 492 493 494 495 
498 508 512 514 518 519 522 524 526 528 529 531 
532 533 536 542 543 546 548 552 553 554 558 567 
570 578 581 582 584 585 587 589 590 594 596 599 
600 601 602 603 606 607 610 611 614 615 616 619 
620 623 624 626 630 634 637 641 642 643 645 646 
653 654 658 661 662 670 671 672 673 676 682 692 
693 694 696 698 699 702 704 707 710 714 720 721 
728 729 731 733 735 744 751 754 756 761 762 765 
766 767 768 769 772 787 788 795 798 799 
230
2 3 6 11 12 15 16 18 23 30 31 36 
37 39 40 42 44 49 51 52 54 55 66 67 
72 79 84 90 93 95 96 97 98 99 103 107 
109 112 115 117 118 120 122 125 128 131 133 138 
145 146 156 157 159 160 162 163 168 173 174 181 
182 183 184 187 189 193 199 203 205 207 208 210 
212 215 223 228 230 233 234 236 245 247 249 250 
251 256 265 267 272 277 279 281 288 296 298 299 
300 301 303 306 309 311 317 318 320 322 326 327 
332 339 340 346 354 357 358 359 361 364 366 370 
371 372 378 379 381 388 392 394 398 410 412 413 
414 419 424 426 428 429 433 434 438 450 457 462 
467 479 480 484 485 488 492 493 495 499 501 502 
505 520 521 523 525 537 538 540 542 546 548 549 
554 556 557 558 563 566 570 571 580 585 587 592 
593 596 600 610 613 621 623 627 630 634 640 642 
644 645 649 653 655 661 665 666 671 672 683 690 
693 695 696 698 704 708 711 716 719 721 725 726 
739 740 744 748 754 756 757 775 776 778 783 789 
797 799 
237
3 6 13 14 15 19 21 22 27 28 31 34 
35 45 47 50 52 53 54 64 66 72 73 74 
78 82 87 90 91 92 96 99 116 118 123 132 
133 135 136 137 138 140 145 148 149 152 157 158 
159 161 166 169 172 176 180 185 187 189 190 198 
200 204 210 212 221 223 227 230 231 232 233 235 
240 241 242 245 250 255 265 270 285 291 292 297 
304 308 313 314 316 317 320 322 332 335 336 339 
340 341 344 346 350 353 356 363 365 371 373 379 
381 383 391 393 396 399 400 405 409 412 413 416 
420 421 425 431 432 441 444 445 448 450 459 462 
465 467 468 470 471 472 474 479 480 481 482 483 
484 487 488 489 490 491 492 494 496 497 502 509 
516 517 518 525 526 532 534 537 543 544 546 547 
548 550 555 557 561 562 566 568 582 588 596 604 
605 611 614 615 616 618 629 633 639 643 644 645 
648 651 654 665 666 670 673 675 685 687 690 694 
698 699 700 701 705 707 711 713 718 720 723 725 
730 731 732 734 736 737 740 744 749 755 757 760 
761 770 780 783 787 789 792 799 800 
250
12 13 14 15 16 17 20 21 25 26 27 31 
32 34 43 44 46 49 52 53 57 61 62 64 
65 66 68 69 72 76 77 80 81 84 87 90 
95 96 102 103 104 111 112 116 122 123 135 136 
138 140 141 144 146 151 153 154 156 158 162 163 
166 173 178 180 181 186 190 197 200 202 205 206 
208 221 225 226 232 234 235 238 243 246 253 255 
265 268 275 278 279 284 287 290 294 297 299 302 
303 304 306 313 314 316 319 322 323 325 326 327 
328 329 330 331 332 337 338 348 351 353 355 359 
361 374 376 377 378 381 409 415 425 426 432 435 
444 449 453 454 456 461 464 467 471 473 475 476 
477 479 481 487 489 494 495 497 499 500 504 505 
506 512 515 516 520 525 526 529 530 533 534 536 
540 541 542 546 551 560 562 565 572 575 578 580 
582 586 589 594 595 597 601 602 603 610 612 615 
616 617 624 628 633 635 639 642 643 649 650 658 
670 674 676 677 681 683 684 685 694 699 701 702 
703 706 711 715 718 721 723 728 730 732 735 737 
742 743 749 750 751 763 766 768 770 772 777 778 
780 784 785 786 789 790 792 793 796 798 
247
7 9 13 15 16 20 27 31 40 43 45 47 
50 51 55 56 57 58 62 69 73 74 75 80 
81 84 88 91 96 97 102 104 110 112 114 122 
124 128 132 135 138 140 142 152 153 157 162 164 
169 170 177 180 182 185 188 196 210 213 216 230 
232 233 236 238 240 241 242 247 249 251 255 257 
262 263 267 279 280 281 292 294 298 299 301 302 
303 305 307 309 310 320 322 325 331 332 335 337 
344 346 348 351 356 357 361 363 369 376 379 383 
387 390 395 397 408 410 411 412 417 418 424 425 
427 439 441 442 444 446 447 448 449 452 458 459 
464 465 467 468 470 476 477 478 481 483 489 492 
495 496 497 500 506 509 510 511 517 518 522 525 
529 531 532 536 541 545 550 560 561 564 565 570 
575 577 579 581 583 584 586 589 591 593 600 602 
603 606 617 623 625 628 639 640 650 654 656 660 
662 666 667 668 669 675 679 680 683 687 688 689 
690 697 698 699 702 703 704 707 708 709 711 713 
715 718 722 725 727 728 729 732 733 735 737 738 
744 745 747 750 752 757 758 762 765 766 768 772 
776 779 780 781 783 797 800 
208
1 4 9 11 14 17 18 19 23 26 34 35 
37 43 50 51 54 57 61 69 70 74 79 81 
87 91 96 98 100 108 113 119 120 124 126 128 
131 143 148 155 158 159 160 161 168 170 172 174 
177 180 183 184 188 189 191 199 206 214 216 220 
226 227 235 238 239 246 254 260 262 263 270 272 
278 280 286 287 295 301 302 304 312 313 319 320 
321 324 327 328 329 334 338 340 341 354 361 362 
363 365 368 374 383 397 400 401 402 404 405 406 
410 431 435 437 439 440 447 448 466 471 473 475 
480 489 491 492 497 504 507 510 512 514 517 520 
522 525 530 534 538 540 541 545 547 550 561 563 
564 577 578 585 586 598 601 607 609 618 621 626 
631 633 639 643 651 653 659 669 670 674 675 676 
678 680 681 684 687 689 690 691 706 707 709 711 
713 714 715 716 718 726 727 729 730 739 742 743 
744 747 749 759 766 775 777 778 780 781 784 789 
790 794 798 799 
246
2 3 4 6 8 9 14 23 26 27 28 29 
30 31 38 39 42 47 49 50 51 53 55 57 
59 60 62 64 67 68 70 75 82 88 93 95 
106 112 115 121 122 127 129 137 140 147 156 158 
162 165 166 168 169 171 172 174 176 184 187 190 
194 195 199 200 201 205 207 208 211 215 216 219 
227 228 229 230 232 234 236 240 250 257 260 261 
263 267 268 269 270 272 274 276 277 281 283 285 
290 295 299 304 309 311 316 318 319 322 328 329 
334 341 353 354 356 358 361 371 372 375 379 381 
390 397 398 400 402 405 407 409 415 421 423 431 
436 438 442 448 454 455 456 457 463 466 470 472 
482 486 489 495 497 502 509 513 515 516 518 520 
521 524 526 534 535 540 548 550 551 554 561 570 
572 580 584 585 586 593 600 603 604 605 607 610 
613 617 618 619 626 628 630 636 639 648 651 653 
654 656 658 659 662 664 666 668 670 676 678 682 
686 689 690 694 697 700 701 703 709 711 714 719 
720 729 733 734 736 739 741 750 751 752 753 754 
759 760 773 774 775 778 779 782 783 784 786 788 
789 790 791 795 796 797 
235
3 15 16 17 22 25 26 27 33 39 40 47 
55 57 62 65 68 74 75 76 82 86 89 91 
92 97 98 107 112 114 124 128 129 130 133 139 
147 148 150 151 152 153 157 158 161 163 168 171 
181 187 189 192 193 194 199 205 207 210 214 217 
219 222 225 227 229 230 235 236 237 244 247 249 
253 254 260 261 262 263 264 265 270 274 277 279 
281 284 285 303 307 308 311 312 316 322 340 347 
352 354 356 357 361 362 363 367 382 385 395 398 
400 402 403 405 407 415 423 424 427 429 431 434 
435 438 444 447 452 458 465 467 474 478 481 485 
488 490 491 495 496 499 502 512 516 520 522 523 
524 525 526 527 531 535 540 544 546 547 551 552 
556 565 572 579 585 591 594 595 596 598 599 601 
603 605 606 609 616 619 621 624 627 628 629 632 
633 640 641 644 649 654 660 668 669 670 671 674 
675 678 682 683 684 691 695 696 697 698 701 706 
707 708 710 714 717 718 720 721 722 727 733 738 
740 741 744 750 756 757 761 766 768 774 777 778 
785 787 788 790 792 794 799 
260
2 4 5 8 9 12 13 14 19 20 26 28 
33 34 40 41 43 44 50 53 57 63 69 70 
71 74 76 77 78 79 85 88 93 94 97 99 
103 104 105 107 110 119 120 121 123 125 128 130 
132 137 138 140 141 142 146 147 151 152 153 155 
158 160 161 163 165 166 167 168 170 172 180 181 
182 188 190 192 198 199 201 203 207 208 210 211 
212 213 217 221 222 228 238 239 241 245 246 247 
248 256 259 260 265 266 270 272 278 288 289 290 
294 295 296 297 303 306 310 311 313 314 316 317 
319 321 329 333 336 339 340 345 347 348 350 353 
355 357 358 367 378 383 387 395 397 400 405 421 
430 436 443 450 451 455 456 460 463 464 469 475 
478 488 489 490 491 492 495 497 499 500 501 502 
503 506 509 511 512 514 523 524 530 531 532 533 
535 536 540 541 545 547 550 551 553 558 562 563 
566 567 569 572 574 577 580 581 584 590 592 594 
597 598 599 603 611 614 617 620 629 632 636 637 
642 645 651 652 654 655 660 662 672 673 678 679 
691 696 699 708 712 713 714 718 724 727 731 736 
741 743 752 756 758 759 763 765 766 771 776 779 
780 783 787 791 793 797 798 800 
232
3 9 10 13 15 19 22 23 25 27 31 32 
36 38 39 40 41 42 43 45 49 54 55 61 
64 72 74 75 78 79 86 87 90 91 95 101 
103 114 117 118 120 122 135 140 142 143 144 151 
152 154 158 159 163 171 198 204 206 213 214 217 
219 227 232 241 242 248 251 260 261 268 270 274 
276 278 279 293 297 302 304 305 306 308 319 328 
331 333 334 338 340 342 343 349 350 353 354 355 
358 366 369 370 373 377 380 381 382 383 387 389 
392 393 394 405 407 408 412 424 426 437 438 443 
445 446 447 453 460 462 464 466 467 468 475 479 
488 494 503 504 510 511 512 514 525 528 529 532 
534 536 538 541 542 543 550 551 555 558 563 565 
567 568 570 571 573 574 577 579 583 586 587 588 
589 590 591 593 594 597 598 599 609 611 612 615 
618 621 626 627 628 632 635 637 642 646 647 649 
653 654 655 658 660 662 663 668 669 674 675 680 
684 685 689 695 700 704 706 715 717 720 725 729 
733 735 740 742 752 755 758 761 763 766 771 773 
778 795 797 800 
238
3 9 16 22 26 29 30 31 35 36 37 44 
45 47 49 51 52 56 61 68 70 73 75 77 
78 83 84 85 96 99 100 106 108 110 113 119 
120 123 126 135 150 152 155 156 157 159 162 164 
166 169 170 172 174 175 177 190 192 193 197 205 
209 214 217 220 224 225 229 231 233 235 238 244 
246 247 250 251 255 263 265 269 273 287 288 290 
297 303 304 309 311 312 314 321 322 323 324 328 
339 343 347 349 350 352 357 358 360 362 363 367 
368 370 372 380 384 389 391 395 396 399 401 403 
407 410 417 419 420 425 431 437 439 440 448 451 
452 454 460 463 464 466 471 475 479 485 486 493 
496 500 506 508 511 517 518 523 524 529 530 534 
536 537 538 541 555 556 558 562 563 565 572 573 
575 577 584 587 588 592 601 602 605 609 610 613 
618 619 622 625 626 627 637 643 644 648 649 651 
657 658 660 668 671 675 681 682 685 687 688 691 
692 694 696 698 701 709 711 716 719 724 727 729 
733 739 740 741 742 745 750 752 756 760 764 766 
775 776 777 778 779 780 785 787 791 800 
215
2 5 7 8 9 13 18 21 27 31 32 37 
40 42 55 57 58 60 63 64 66 68 73 74 
75 77 82 84 86 88 89 91 93 94 95 96 
98 101 102 107 111 112 120 121 133 134 141 142 
144 150 159 163 166 171 175 177 186 187 192 197 
198 200 201 205 214 219 222 226 230 231 234 238 
249 251 252 256 259 260 261 265 271 276 278 286 
289 297 298 300 301 305 307 322 323 326 327 329 
333 334 340 345 349 350 351 354 361 366 370 371 
372 377 381 385 394 396 398 401 403 425 427 444 
445 447 449 451 452 463 465 470 475 477 479 480 
485 494 495 504 505 506 513 515 516 517 519 522 
525 526 530 531 541 545 548 549 559 564 565 571 
573 580 588 592 593 594 601 607 612 614 616 622 
625 626 632 634 636 639 640 642 643 645 647 650 
652 655 658 661 667 672 678 680 682 686 697 705 
706 707 708 720 722 725 734 735 743 745 749 754 
760 763 764 766 767 781 784 789 790 791 796 
249
6 8 11 15 18 19 21 29 32 33 35 39 
48 49 50 52 57 63 65 66 68 73 77 83 
86 90 91 95 96 99 102 103 106 108 110 113 
121 123 127 131 134 144 145 146 147 152 153 154 
156 158 161 164 165 166 181 184 185 188 192 193 
195 198 199 201 202 207 208 210 214 216 217 218 
219 221 224 230 231 233 235 236 239 242 244 245 
254 257 260 261 265 273 280 284 287 292 297 299 
303 305 307 313 314 317 318 323 331 334 338 339 
346 347 349 354 356 357 358 365 366 367 368 369 
374 377 381 383 385 387 390 391 398 399 401 403 
404 406 409 416 417 418 421 422 435 444 449 450 
453 455 459 467 472 474 475 476 477 482 485 489 
495 496 497 500 501 503 513 515 530 535 542 547 
551 552 556 557 559 560 561 564 580 582 588 590 
597 602 612 613 615 617 621 625 628 632 634 635 
637 640 647 650 651 653 657 658 659 661 663 669 
670 671 675 680 681 682 686 687 689 692 695 696 
700 704 708 710 713 720 725 730 734 735 737 740 
744 746 748 750 752 754 755 757 758 763 765 770 
771 772 778 786 788 791 795 798 800 
236
4 7 8 9 12 18 23 24 25 28 29 32 
40 42 49 50 54 60 63 68 70 72 74 79 
82 94 95 105 106 111 112 113 116 117 118 119 
121 122 137 138 140 146 150 154 156 157 159 162 
164 169 171 176 178 181 182 196 197 198 199 200 
201 202 204 205 207 215 226 233 234 235 238 239 
242 246 247 248 251 252 253 262 270 272 274 275 
276 284 289 295 297 298 301 305 306 315 318 321 
333 341 344 348 349 350 351 355 359 366 367 368 
371 372 375 378 385 388 392 397 398 399 403 406 
408 414 419 423 428 429 430 433 434 436 442 447 
448 450 452 454 455 456 459 462 463 465 466 476 
482 489 498 499 501 502 503 512 517 520 523 530 
532 534 535 542 546 557 566 567 573 578 579 585 
587 588 590 593 597 598 604 605 614 617 618 623 
624 627 634 635 643 644 648 655 656 660 664 665 
670 672 673 676 677 680 681 682 689 690 700 701 
708 709 710 713 714 715 718 720 721 723 730 733 
734 736 738 741 747 753 754 755 757 765 766 767 
768 769 780 782 783 785 788 799 
233
4 10 11 12 21 23 27 30 33 36 40 45 
48 56 57 58 61 72 75 77 83 84 85 90 
101 107 109 110 116 118 121 123 129 134 136 139 
149 153 155 167 170 175 179 180 182 183 184 187 
189 190 191 194 196 197 200 201 202 204 215 218 
221 227 232 234 235 237 238 243 244 249 251 252 
255 257 262 269 278 282 290 295 296 297 298 300 
307 308 311 313 314 319 324 327 328 330 350 352 
353 357 362 367 370 371 373 379 382 384 385 387 
388 391 396 398 411 417 418 419 420 422 427 430 
433 437 441 443 444 446 449 457 462 466 467 469 
470 471 474 475 476 481 482 485 488 489 491 492 
499 504 507 516 518 519 520 522 530 533 536 537 
540 541 544 545 548 554 561 563 568 569 572 576 
577 581 582 588 589 590 593 594 597 598 599 603 
612 615 621 626 629 630 633 634 636 640 646 647 
651 652 653 655 659 660 663 666 667 668 669 674 
683 687 691 695 697 701 702 709 719 721 726 727 
753 754 757 761 762 767 772 778 779 780 783 784 
789 793 794 796 799 
248
1 14 19 20 24 26 29 34 42 45 46 52 
53 55 57 62 72 73 75 77 80 82 83 96 
105 106 114 119 120 121 124 127 131 135 137 139 
144 147 152 153 158 159 161 162 167 168 170 171 
180 184 185 187 190 192 194 197 207 208 209 212 
214 216 220 221 222 223 226 241 243 248 250 256 
258 263 264 265 267 271 274 276 278 279 283 290 
293 294 296 297 298 299 303 307 309 310 319 327 
328 329 332 334 335 341 345 346 350 351 354 356 
359 360 361 363 365 368 374 375 379 383 392 393 
400 403 406 407 408 411 424 427 428 432 433 436 
439 448 450 451 456 458 462 468 476 477 482 485 
488 491 492 494 500 503 509 510 518 520 522 525 
526 527 528 529 532 533 537 538 540 541 543 547 
549 551 552 553 555 557 561 563 566 568 569 571 
574 576 577 579 580 581 584 587 589 590 593 595 
596 598 599 605 608 609 613 619 620 623 626 628 
635 639 643 650 651 654 659 660 667 675 680 685 
692 693 705 706 709 711 718 726 729 731 740 741 
744 746 751 752 754 756 757 760 761 762 768 771 
774 779 781 782 785 788 791 797 
253
1 7 8 9 13 15 17 19 20 22 24 27 
36 38 42 44 52 53 59 61 63 65 67 69 
72 76 85 87 88 90 92 97 100 102 107 109 
110 111 119 120 126 129 133 134 135 139 140 143 
144 151 156 157 165 166 168 173 175 177 181 188 
190 191 193 194 196 198 199 202 204 205 208 210 
211 215 216 228 229 231 236 238 241 245 249 253 
254 256 257 264 265 271 274 277 279 280 292 295 
297 303 304 305 306 308 309 311 314 315 317 318 
321 322 323 325 326 327 338 345 350 358 359 364 
365 368 369 373 376 381 383 391 394 395 396 399 
400 401 405 414 415 416 423 429 431 432 433 434 
436 437 444 446 450 451 452 455 456 460 462 471 
474 477 481 488 492 503 505 508 516 517 518 522 
527 529 531 536 538 545 546 555 557 559 560 561 
566 567 571 573 576 579 580 581 594 596 598 600 
602 603 605 617 619 621 622 624 627 631 638 640 
646 647 658 659 661 670 674 676 677 685 693 694 
695 696 704 707 715 717 719 721 728 730 731 735 
738 740 741 749 753 755 756 758 759 761 763 764 
768 775 777 779 780 781 785 786 788 789 795 796 
798 
226
2 3 6 9 18 19 29 31 40 41 42 44 
49 55 56 59 60 64 77 78 85 86 89 105 
111 114 115 121 122 124 128 133 134 139 145 146 
148 149 153 159 161 163 165 168 173 180 183 186 
188 196 200 201 202 203 204 206 213 215 218 238 
239 243 250 252 257 260 266 268 272 275 280 282 
286 288 295 298 299 300 304 312 318 319 323 327 
328 329 330 331 334 337 345 348 349 361 364 365 
371 372 373 376 382 384 385 386 390 392 393 396 
398 401 402 404 405 406 410 413 416 421 423 425 
428 434 437 439 440 442 443 448 451 452 456 460 
467 471 473 476 477 478 479 491 496 500 501 503 
504 506 507 509 513 514 517 521 524 529 534 535 
536 543 545 550 551 559 564 566 567 568 569 572 
574 578 580 589 596 602 603 604 607 609 613 619 
621 635 641 644 647 648 650 654 656 660 662 664 
665 673 676 683 684 685 687 692 693 694 702 705 
707 712 715 717 721 726 727 728 729 732 733 737 
739 745 762 764 766 769 777 779 782 790 
250
4 6 7 16 17 22 26 33 34 35 37 40 
41 52 54 55 56 68 71 74 75 76 80 84 
85 87 90 93 94 96 106 107 108 110 112 114 
116 120 122 126 130 133 136 140 142 144 145 151 
153 160 162 167 169 175 180 183 185 189 194 195 
200 203 207 210 212 214 219 222 235 241 243 245 
247 248 249 251 254 257 265 266 267 272 273 276 
277 283 284 290 292 294 296 300 301 306 315 318 
324 326 331 342 348 349 351 353 358 359 365 375 
376 377 387 390 393 394 396 409 412 413 419 421 
423 424 427 429 431 432 434 439 440 452 454 456 
462 463 465 466 468 469 473 474 477 478 479 480 
485 494 498 500 503 506 508 509 510 518 526 527 
528 529 534 535 536 537 539 540 543 546 548 552 
553 554 556 557 559 560 561 564 566 571 573 575 
579 583 584 588 589 590 592 593 597 612 618 619 
623 625 627 629 632 633 634 635 636 638 641 647 
653 657 660 661 666 669 670 676 681 694 695 696 
697 700 705 707 708 710 711 714 715 716 718 719 
720 725 728 730 732 736 739 742 743 748 750 753 
758 772 779 780 781 788 792 794 797 799 
242
4 6 7 8 11 21 23 25 27 29 34 37 
38 39 40 44 52 53 54 57 60 65 66 72 
75 79 80 81 83 85 86 88 91 98 103 105 
106 109 112 113 114 116 122 134 136 138 142 145 
154 175 179 197 202 205 206 212 219 220 221 226 
228 229 231 233 235 236 241 242 245 247 250 251 
252 253 255 263 264 266 272 276 277 280 283 291 
294 297 299 307 308 312 316 317 318 321 328 335 
349 352 363 365 371 377 382 387 393 398 399 401 
405 408 409 411 418 419 424 427 429 430 433 438 
443 453 454 455 458 460 465 470 471 472 474 482 
483 484 486 488 489 490 501 503 505 506 508 511 
512 514 515 518 520 528 540 543 544 553 558 565 
566 570 574 578 585 586 589 591 593 595 596 597 
601 607 610 611 613 615 621 626 628 632 633 635 
636 638 640 643 644 647 650 652 653 654 655 661 
662 665 667 670 671 672 673 674 675 676 677 681 
682 685 687 688 693 694 696 701 702 703 706 708 
710 711 712 719 723 727 732 733 734 735 743 752 
758 761 764 774 775 776 778 779 786 788 790 794 
798 799 
247
6 12 13 27 28 35 36 53 57 58 59 60 
71 74 75 76 78 80 84 86 89 91 92 97 
98 99 102 105 106 107 108 109 115 116 119 124 
129 130 132 136 142 145 149 153 154 159 160 164 
169 171 172 175 181 184 185 186 188 192 193 196 
197 202 203 206 208 217 224 228 231 233 241 247 
248 250 252 255 263 271 279 280 286 287 292 294 
300 302 312 315 318 323 326 328 330 333 336 338 
339 341 344 345 346 347 348 353 354 356 357 360 
361 362 365 366 367 371 373 381 382 383 385 386 
394 395 405 408 409 410 412 415 416 420 425 428 
430 431 433 434 436 437 441 443 447 448 449 450 
457 459 468 472 473 474 476 483 484 487 492 495 
496 498 500 501 503 504 507 509 515 516 524 526 
530 534 536 538 544 545 548 555 556 560 561 563 
564 572 576 579 584 585 590 594 596 600 614 615 
616 620 622 627 647 648 650 653 656 657 660 662 
665 666 667 669 671 676 679 685 688 691 693 694 
700 701 702 703 708 710 711 713 714 715 725 727 
729 738 741 750 751 754 755 757 766 767 769 771 
772 780 782 785 792 793 795 
215
3 5 10 11 14 15 20 23 27 31 41 48 
54 55 57 61 62 63 66 71 73 74 75 78 
82 86 88 93 101 107 112 116 136 137 141 144 
147 150 151 152 154 155 169 174 175 182 184 190 
192 194 195 196 198 199 201 202 203 204 205 206 
207 209 215 217 220 225 232 234 243 244 246 247 
250 251 259 265 272 278 279 280 283 285 286 289 
291 293 311 314 316 324 328 336 339 341 345 348 
349 351 354 358 361 366 368 373 377 379 380 381 
382 388 394 396 398 403 410 419 422 424 428 430 
432 440 449 454 455 456 462 468 472 475 479 485 
491 499 501 502 515 516 520 531 534 535 536 537 
543 545 547 548 550 560 567 579 581 588 595 597 
603 605 610 612 619 630 631 632 635 636 642 643 
644 648 653 660 661 668 671 673 677 683 686 692 
697 698 699 700 702 703 706 709 710 711 717 721 
730 744 750 751 754 755 757 762 764 765 769 770 
771 773 781 782 785 787 790 791 794 799 800 
222
4 7 9 10 19 26 34 36 37 38 39 40 
41 43 47 50 54 61 63 67 71 73 82 93 
96 97 99 101 102 105 106 110 117 119 121 122 
124 132 135 136 150 152 153 154 157 159 160 161 
169 171 172 178 182 185 192 197 198 204 207 212 
221 222 225 228 230 235 236 237 240 241 242 243 
244 247 248 249 262 265 268 270 271 277 284 289 
292 298 308 313 320 322 323 324 326 329 337 338 
345 348 352 361 362 365 368 369 372 375 377 382 
384 393 396 401 405 408 410 415 420 422 424 425 
430 431 436 440 441 442 445 448 449 450 451 456 
458 460 464 467 469 473 475 480 485 496 499 501 
502 505 507 513 515 517 521 525 527 529 530 532 
536 537 544 547 553 556 564 568 570 572 575 576 
577 579 580 582 583 587 591 596 598 604 608 609 
610 613 614 618 621 623 634 637 643 646 651 652 
658 665 670 671 676 683 685 696 700 701 706 707 
724 732 736 745 748 753 754 756 757 758 765 766 
768 769 775 776 782 786 
263
9 12 15 17 20 22 25 28 29 32 38 41 
43 50 51 53 54 56 57 63 64 66 67 72 
74 76 77 78 79 80 82 83 92 95 97 103 
104 112 114 126 128 134 135 136 139 140 141 143 
148 150 152 159 160 161 165 166 168 175 178 179 
183 185 186 190 194 195 196 198 199 203 204 205 
206 207 216 218 221 223 226 231 234 235 236 237 
238 239 240 241 242 243 246 249 256 261 265 268 
269 271 273 274 282 291 294 303 308 310 312 314 
317 320 321 324 325 331 338 343 347 348 350 355 
356 357 358 361 362 363 364 372 373 376 377 379 
382 383 387 398 404 410 413 418 419 425 427 429 
433 434 444 446 450 452 453 457 460 466 469 471 
472 473 475 476 477 478 480 481 482 485 495 496 
497 498 502 505 507 508 512 517 518 520 524 525 
528 530 535 537 538 539 542 543 544 549 556 558 
560 562 570 571 576 580 582 591 594 595 596 600 
606 610 611 612 620 621 623 624 626 630 631 636 
640 641 645 650 663 667 669 670 672 674 681 686 
690 691 692 699 700 705 706 707 708 709 710 712 
715 723 729 735 740 745 747 754 760 767 770 771 
773 778 779 780 781 783 787 788 791 793 797 
228
3 6 9 13 14 15 17 19 27 28 34 35 
43 44 45 46 48 49 56 58 70 71 76 78 
85 90 94 97 100 102 105 106 108 113 115 116 
117 118 119 122 130 134 140 143 145 146 148 160 
164 173 179 188 195 206 211 214 215 216 227 234 
239 242 243 244 251 252 253 256 258 265 267 268 
269 270 272 275 276 279 280 286 287 289 290 292 
296 297 298 305 310 311 322 323 324 334 341 343 
350 352 353 363 368 371 374 375 380 383 387 391 
392 399 402 407 409 410 414 416 418 421 422 424 
425 427 428 432 441 443 444 451 456 458 461 462 
464 472 473 477 479 481 483 484 485 486 489 491 
496 511 518 519 527 532 533 545 551 553 554 559 
560 564 572 578 579 581 583 584 585 601 602 603 
604 613 614 617 618 622 628 631 636 637 643 645 
657 658 661 667 668 670 672 680 688 689 691 696 
697 701 703 704 705 707 708 720 721 722 723 728 
732 734 737 739 740 750 757 758 759 761 765 768 
772 773 780 782 785 786 787 793 794 795 797 800 
241
6 7 15 17 19 21 22 25 26 31 32 36 
40 44 47 48 52 54 57 59 61 64 65 66 
68 69 70 76 82 87 91 94 95 98 103 108 
110 112 120 126 127 136 138 143 146 155 159 164 
165 169 172 174 181 184 186 191 194 195 196 199 
200 204 206 210 214 215 216 219 220 222 231 232 
235 242 243 249 252 269 270 272 284 285 300 305 
306 307 312 318 321 323 327 329 332 334 336 342 
345 346 347 352 354 355 359 361 364 368 369 371 
375 380 383 385 387 389 391 392 396 403 404 406 
407 408 413 425 428 429 435 440 442 447 449 453 
454 455 456 458 459 460 470 472 473 474 482 483 
484 489 492 494 497 503 515 517 522 527 529 535 
541 545 549 557 562 563 566 574 579 584 588 593 
603 607 608 609 611 615 624 627 630 631 633 635 
636 637 638 639 640 642 646 649 655 657 658 660 
664 669 674 675 676 677 681 682 690 691 694 698 
705 707 708 713 717 719 720 723 725 732 734 736 
738 740 744 745 752 755 757 758 760 761 762 764 
769 773 778 779 783 789 790 791 796 797 798 799 
800 
252
1 3 5 9 10 12 16 18 19 21 24 26 
27 33 37 39 45 49 50 51 53 55 58 59 
63 64 65 68 69 70 71 72 73 81 82 83 
85 91 93 95 99 105 107 114 116 117 119 125 
126 130 131 133 134 147 148 153 156 167 173 176 
177 179 181 182 183 190 191 193 199 203 206 209 
213 216 217 218 219 222 228 229 230 232 249 259 
263 267 268 272 275 291 293 302 304 306 313 316 
317 318 319 320 321 322 327 331 333 336 346 347 
350 351 352 353 357 361 362 366 367 370 374 385 
387 390 391 393 394 395 402 406 416 419 421 423 
424 434 444 448 449 452 457 459 463 464 471 473 
477 479 480 481 483 487 488 489 495 499 503 504 
506 507 516 517 523 524 531 536 539 541 547 557 
558 560 561 562 564 566 569 574 575 577 578 580 
581 582 592 594 595 598 607 608 610 613 617 618 
620 621 623 629 637 638 641 643 646 647 648 651 
654 655 657 659 662 668 671 672 674 675 678 679 
682 684 687 698 704 705 706 709 710 711 714 716 
720 721 725 726 727 731 744 745 750 752 754 757 
764 765 771 775 778 779 786 787 795 796 797 798 
257
2 6 7 11 12 22 23 26 33 34 35 38 
41 43 45 48 50 51 52 53 54 55 56 58 
59 60 64 65 69 71 74 76 78 80 83 84 
86 87 91 102 105 111 114 117 120 121 125 128 
130 132 141 145 146 151 157 166 173 175 183 184 
185 186 191 193 196 198 199 200 202 204 205 218 
220 224 225 227 228 231 235 238 242 247 248 252 
258 259 261 264 270 274 280 282 283 286 288 292 
293 299 302 310 314 316 317 322 327 328 330 336 
337 338 340 341 352 353 354 358 359 363 364 366 
369 372 373 380 388 390 396 398 399 407 408 417 
420 422 423 428 430 432 433 438 441 447 452 454 
460 467 469 471 476 480 482 487 493 499 500 501 
508 509 511 513 517 519 520 522 524 525 526 534 
535 539 541 542 543 544 546 549 554 559 564 565 
566 571 573 574 579 581 583 586 587 589 593 596 
600 603 604 609 615 616 620 630 631 632 634 635 
637 641 642 644 646 648 650 653 661 672 673 675 
683 691 695 696 697 698 699 702 704 705 708 710 
712 716 720 723 726 728 729 732 734 737 739 745 
751 755 759 760 762 763 764 765 767 771 773 775 
777 783 794 795 799 
253
7 8 17 22 25 27 32 34 37 38 40 42 
45 47 48 50 56 58 66 72 76 80 84 85 
89 90 92 93 95 96 97 105 107 109 110 112 
114 115 120 124 126 131 136 138 139 142 144 147 
151 155 156 161 162 163 168 172 173 182 184 189 
190 192 200 201 202 204 205 206 207 209 213 218 
225 227 229 231 233 235 242 245 248 249 253 256 
258 259 261 271 272 274 282 283 294 298 299 300 
303 307 311 322 324 340 347 348 354 359 360 366 
368 370 375 381 382 386 389 396 401 403 405 406 
409 411 412 413 414 416 417 418 420 423 425 427 
429 430 434 437 441 443 451 453 456 457 458 459 
460 463 465 469 470 471 476 486 487 488 492 494 
498 499 501 502 504 510 517 518 523 526 528 529 
530 533 535 537 538 545 547 548 554 558 565 566 
570 571 574 591 592 594 595 598 599 604 606 611 
612 618 621 622 624 627 629 635 637 638 645 647 
651 654 655 657 660 662 664 667 689 699 706 707 
708 711 713 715 717 718 721 722 723 724 729 731 
732 733 737 738 743 746 747 750 753 754 760 763 
764 766 767 768 769 773 774 778 780 782 784 786 
787 
239
3 4 5 8 9 20 22 27 28 36 38 39 
53 54 55 56 57 59 63 71 74 76 82 83 
85 86 88 92 93 95 97 99 101 106 107 108 
109 110 112 123 126 129 130 133 134 138 141 144 
146 148 150 152 153 155 157 160 162 171 176 181 
187 189 199 201 202 208 210 217 218 219 226 229 
235 241 243 244 245 246 253 259 264 266 267 270 
277 280 285 286 287 291 293 298 300 302 303 309 
310 312 319 321 322 325 328 330 333 334 335 336 
337 344 348 357 361 363 367 369 370 371 372 373 
376 386 389 394 395 398 405 408 412 415 422 426 
429 431 432 436 442 446 451 454 456 457 458 459 
466 468 473 476 477 480 481 483 484 487 492 494 
497 500 504 505 512 513 526 529 530 534 539 552 
553 554 555 556 559 562 563 567 568 573 578 579 
580 583 593 594 596 601 604 606 608 612 615 618 
619 621 626 631 637 640 641 642 653 658 659 661 
663 664 672 674 677 685 688 706 711 723 724 725 
727 728 729 731 733 735 737 739 743 747 749 755 
758 768 770 772 778 779 786 791 794 795 797 
245
1 3 6 12 15 19 22 24 31 33 35 39 
42 45 46 50 51 55 58 59 61 62 67 69 
71 72 75 83 84 85 89 91 92 103 105 106 
109 115 117 118 120 125 127 130 132 135 140 149 
151 152 153 155 156 159 161 167 168 169 174 175 
178 181 182 188 189 191 192 195 197 200 204 209 
212 214 219 222 224 225 226 234 235 241 243 252 
255 256 266 276 278 279 280 283 284 287 293 294 
297 305 308 313 318 320 321 322 323 338 341 346 
348 351 354 358 361 375 376 379 380 394 397 398 
403 406 410 411 412 413 417 418 422 424 425 431 
442 448 456 457 465 468 469 477 478 479 480 481 
482 483 488 490 491 492 493 495 500 504 506 515 
518 519 520 521 526 528 531 534 539 543 545 554 
555 559 560 561 563 569 571 575 579 580 583 589 
594 598 599 600 602 603 605 606 607 609 610 613 
618 619 620 621 622 623 624 628 631 632 633 649 
659 660 673 674 684 692 694 695 697 698 701 703 
704 707 712 715 717 721 730 732 736 738 739 740 
747 762 764 766 767 770 771 772 773 774 779 781 
783 787 789 799 800 
243
5 8 11 15 22 23 27 30 32 35 37 38 
45 51 53 55 64 65 79 80 91 96 100 104 
107 111 114 115 116 119 122 124 125 126 128 132 
136 138 140 148 150 154 155 160 163 168 169 173 
174 176 180 182 184 187 189 196 197 200 201 204 
212 213 218 219 220 221 222 223 224 228 233 234 
237 242 244 246 247 259 262 264 269 278 281 283 
287 293 294 297 299 300 308 312 314 315 318 324 
334 335 336 337 339 341 342 346 347 351 355 356 
358 359 365 367 368 372 373 379 381 383 384 392 
394 395 399 402 404 407 418 422 426 427 430 434 
437 442 446 452 454 455 457 458 459 460 465 466 
469 470 471 474 477 479 482 486 490 496 497 499 
503 514 526 528 530 533 535 536 538 548 552 555 
562 566 570 573 580 581 582 585 590 598 599 600 
605 611 619 622 623 626 630 633 635 639 656 659 
660 663 664 666 668 673 675 680 681 683 686 693 
694 695 696 697 699 702 703 704 709 712 713 716 
717 719 720 726 736 737 741 742 743 744 745 747 
755 759 760 764 770 777 778 781 782 783 784 785 
787 788 798 
227
3 8 10 11 12 13 24 27 29 32 33 36 
38 39 43 45 54 55 59 61 64 73 80 84 
90 92 99 102 103 104 106 111 113 114 120 123 
124 127 130 131 133 134 138 140 141 143 152 155 
156 163 164 167 168 173 174 189 194 198 203 204 
206 210 211 213 214 222 223 226 227 228 229 232 
233 234 245 249 252 269 274 281 284 286 294 297 
298 306 308 310 311 315 320 321 324 325 327 329 
332 335 337 341 343 346 350 355 356 360 370 372 
373 379 383 386 387 389 390 392 398 401 404 407 
408 409 418 419 421 426 428 429 434 442 446 456 
458 460 464 466 469 470 471 472 473 480 492 495 
502 504 519 520 521 523 526 528 530 534 537 538 
541 551 555 560 561 563 564 567 568 569 571 573 
577 578 582 583 584 586 587 588 591 604 605 609 
610 613 615 617 618 621 625 634 642 645 647 659 
661 664 672 673 675 683 689 690 692 693 694 699 
701 705 706 708 709 718 725 729 732 736 741 743 
746 747 749 754 756 759 764 776 787 790 795 
249
1 12 14 15 16 22 26 30 31 32 33 40 
41 43 48 49 55 56 58 74 80 85 89 90 
96 104 106 107 111 121 132 137 140 142 144 147 
149 150 152 153 155 160 164 173 175 188 193 195 
199 200 202 203 205 206 207 211 215 217 220 221 
227 229 230 232 234 235 238 239 240 245 246 247 
248 251 257 259 260 262 265 268 275 276 278 279 
280 288 294 300 302 303 307 308 309 314 316 318 
320 323 328 333 334 335 336 337 338 340 344 348 
349 351 352 355 356 358 362 374 378 380 385 389 
390 391 393 394 397 398 399 400 401 402 417 420 
430 431 432 434 436 440 450 451 453 454 459 460 
466 472 473 474 478 479 481 483 484 485 488 490 
496 499 503 506 515 519 520 528 536 538 542 544 
548 550 551 554 555 562 563 575 576 577 578 581 
583 584 585 586 589 591 593 594 597 600 614 618 
620 622 631 633 634 635 643 644 646 649 653 655 
656 657 661 664 665 666 667 669 675 677 678 683 
684 687 689 696 700 706 708 713 714 715 717 728 
729 731 732 739 743 748 749 754 758 759 762 763 
766 768 770 773 774 783 786 788 794 
258
1 13 17 30 32 34 37 39 41 45 46 49 
51 52 55 57 59 61 63 72 73 78 80 86 
89 91 93 95 96 107 110 119 120 121 127 138 
141 142 144 145 146 150 154 155 162 165 166 167 
168 170 171 173 174 175 177 180 182 183 188 190 
192 199 200 204 208 210 213 215 218 220 222 225 
228 231 232 233 237 238 240 242 243 246 247 253 
266 267 269 279 280 283 284 285 294 295 298 299 
301 302 303 305 310 311 312 313 323 324 325 329 
332 336 339 348 351 352 353 356 358 361 362 366 
368 376 378 379 382 387 390 391 393 398 399 400 
401 402 404 409 411 416 420 422 424 434 439 442 
454 456 457 458 461 463 464 467 469 474 476 482 
484 487 488 491 499 502 505 506 507 509 511 512 
515 516 517 526 527 536 540 541 544 553 558 560 
563 566 568 570 572 576 578 580 581 583 586 589 
593 594 598 610 619 620 624 625 626 627 633 636 
639 640 642 649 655 658 659 661 662 663 667 670 
672 676 682 685 694 696 697 701 703 707 711 717 
718 719 720 723 724 727 728 735 736 737 741 743 
746 747 753 755 756 757 759 761 770 778 779 780 
781 782 788 793 794 798 
245
3 13 16 18 19 21 22 23 25 30 32 35 
36 38 39 44 47 56 61 64 68 72 73 79 
80 82 88 91 93 96 101 105 110 113 115 124 
128 131 132 133 134 136 138 139 140 146 148 151 
154 155 158 162 165 166 168 169 170 176 178 180 
184 185 186 191 199 202 204 207 208 210 211 218 
219 222 225 234 244 245 251 256 257 258 259 260 
270 275 283 292 293 296 299 303 307 308 314 315 
317 321 322 326 327 328 329 335 338 339 341 342 
348 350 353 359 365 369 372 374 375 376 377 378 
379 381 394 401 406 407 412 413 415 426 427 428 
431 436 437 444 445 446 447 450 452 458 459 463 
464 466 471 473 487 489 493 496 503 504 509 510 
511 513 514 515 521 529 531 545 548 550 559 560 
561 563 569 571 572 573 575 578 586 588 591 594 
595 601 606 611 612 613 614 618 622 625 627 630 
637 639 640 641 643 644 647 651 652 656 658 660 
661 662 667 672 673 680 684 685 689 693 700 711 
712 713 726 729 730 732 733 736 737 738 739 742 
743 751 758 759 762 764 765 767 768 769 772 782 
783 784 793 798 800 
263
9 13 17 18 19 22 25 28 29 35 38 41 
44 45 46 51 52 59 65 70 79 80 82 86 
87 93 98 99 100 103 107 109 111 112 114 115 
116 119 121 123 126 131 132 134 150 153 154 158 
159 160 167 168 174 175 176 185 186 187 188 190 
192 195 199 200 204 205 208 209 212 213 214 215 
216 220 221 222 235 238 239 241 243 244 246 253 
256 260 261 267 268 269 274 278 284 287 295 296 
298 307 308 309 317 318 324 326 333 334 336 337 
339 340 342 344 345 355 357 358 363 364 366 367 
368 369 370 377 381 382 384 385 387 392 394 397 
398 407 408 410 413 415 419 420 422 423 425 426 
427 428 429 432 434 437 443 448 452 453 456 458 
460 466 469 472 473 477 478 483 484 491 493 497 
498 500 505 509 514 517 519 523 527 528 530 534 
538 540 545 555 563 567 568 570 575 577 582 584 
585 589 592 593 598 602 604 608 609 610 611 613 
617 618 622 623 632 633 634 635 636 638 640 645 
651 656 664 665 666 667 674 675 677 679 684 685 
686 689 697 698 699 700 709 712 713 716 721 722 
726 729 737 739 740 741 749 752 761 763 764 766 
769 772 774 775 781 786 787 792 796 797 800 
235
1 2 5 7 9 11 14 18 19 27 28 30 
33 34 41 43 45 46 47 52 58 59 60 63 
64 66 67 70 73 78 83 88 91 92 96 97 
99 102 103 104 108 110 114 116 119 120 123 133 
136 156 159 163 165 169 174 176 178 179 180 182 
186 188 189 192 199 207 208 209 210 215 218 222 
225 228 229 230 232 233 239 240 248 249 268 272 
273 274 277 285 286 287 290 292 294 295 300 306 
317 319 325 332 335 341 345 347 355 356 361 362 
363 370 371 374 377 380 382 384 387 388 393 397 
398 404 406 408 420 423 425 427 429 436 438 444 
445 448 454 456 461 464 465 469 471 479 482 483 
485 487 489 491 497 504 507 509 511 519 521 522 
526 527 537 540 541 544 551 553 555 559 563 564 
571 575 576 580 586 588 589 592 595 600 603 605 
609 611 612 613 622 623 624 628 632 638 639 646 
648 650 653 660 663 664 666 668 672 676 677 678 
682 686 688 695 700 701 712 713 714 718 725 726 
733 739 744 747 748 754 759 760 763 766 767 769 
772 773 774 780 786 787 798 
235
11 15 18 19 20 22 31 34 39 41 42 45 
47 49 53 62 69 72 74 78 81 82 89 92 
96 97 98 100 104 105 106 113 114 115 118 127 
130 131 134 138 139 140 141 145 146 149 156 163 
165 167 168 175 178 180 183 184 185 186 193 194 
195 197 199 215 216 221 222 224 228 232 234 239 
245 246 248 251 267 269 275 276 278 279 282 284 
285 286 294 298 302 304 307 309 312 315 316 321 
323 325 333 336 338 341 342 345 346 347 348 349 
356 359 361 364 371 372 373 379 382 385 387 390 
394 395 403 406 407 408 411 412 416 422 427 432 
434 437 438 440 447 450 454 455 458 459 463 469 
475 479 489 490 494 497 501 503 506 513 515 523 
525 526 543 549 550 553 558 560 567 573 576 579 
580 590 598 603 605 606 607 608 609 610 611 613 
617 623 624 625 628 629 634 635 636 641 643 645 
658 664 669 673 674 677 680 684 686 690 694 695 
696 701 703 704 706 710 711 713 722 729 732 735 
736 739 740 743 750 755 757 765 767 772 775 780 
786 788 791 792 795 798 800 
260
2 4 6 8 9 19 21 22 27 28 30 35 
39 43 50 53 58 63 65 66 71 74 75 84 
89 93 97 100 103 106 107 110 111 115 116 120 
122 123 125 127 136 146 155 157 158 160 167 169 
171 175 176 178 181 182 183 188 194 196 204 207 
211 212 214 215 216 225 230 237 239 244 245 247 
252 256 261 265 268 273 279 282 289 290 292 293 
295 297 298 301 302 306 307 309 311 313 317 320 
327 331 334 341 342 345 348 349 350 351 353 354 
356 360 362 366 367 369 370 373 376 377 378 386 
387 389 391 399 401 404 407 411 421 424 427 433 
435 436 440 441 442 444 449 451 454 460 461 462 
465 466 474 478 485 487 488 489 490 493 494 495 
496 497 498 504 505 512 513 515 519 521 530 532 
533 535 536 537 540 542 544 545 549 550 558 561 
565 569 571 578 579 581 582 584 596 602 610 613 
615 617 618 619 624 627 628 630 632 634 637 638 
639 642 645 648 649 650 651 654 657 659 660 662 
665 667 670 671 676 677 681 683 684 685 691 692 
693 694 695 696 698 699 704 708 709 714 719 720 
722 726 727 740 744 745 753 754 757 759 760 766 
767 768 770 771 782 787 788 794 
233
3 10 11 12 28 29 34 41 44 48 56 57 
58 60 61 65 66 76 80 83 92 100 108 112 
115 116 118 121 125 130 135 139 140 142 144 148 
149 152 155 157 158 159 161 173 174 177 178 180 
181 183 186 187 189 193 195 196 198 199 205 207 
210 214 222 230 232 234 240 241 243 250 251 254 
255 259 270 273 275 280 282 284 296 299 301 303 
307 312 313 314 319 328 330 336 337 338 339 340 
342 345 348 355 356 357 363 367 370 377 378 381 
386 392 397 401 402 410 412 416 424 425 427 429 
430 432 438 443 449 454 462 468 479 483 484 486 
491 495 496 498 499 500 501 504 505 506 510 511 
514 515 518 520 522 524 530 538 541 543 548 551 
554 556 559 561 562 566 567 572 577 578 584 587 
602 603 607 618 619 623 624 629 632 633 635 638 
643 645 650 651 653 654 655 660 664 676 677 686 
692 693 694 695 700 702 704 705 706 708 713 715 
716 717 720 724 725 727 728 732 735 739 741 746 
747 748 752 755 760 765 770 771 772 777 779 788 
790 791 793 798 799 
244
1 5 6 10 13 16 20 23 27 28 29 31 
33 34 37 38 39 45 49 51 53 61 63 68 
71 77 82 84 85 90 98 100 102 105 106 117 
121 122 123 126 136 137 138 139 141 146 152 154 
158 159 160 161 165 166 170 178 179 181 182 183 
185 186 188 189 191 197 202 209 217 224 227 228 
229 230 240 242 243 244 251 255 260 263 268 269 
270 273 277 281 284 287 290 291 298 305 307 308 
311 315 318 325 331 334 337 341 344 345 347 354 
357 358 360 362 373 377 382 384 398 399 408 415 
416 417 418 419 431 433 438 440 441 443 451 452 
453 462 469 479 482 483 485 496 498 500 503 504 
505 511 514 516 519 522 523 537 544 545 549 550 
555 560 566 567 571 572 578 581 584 591 592 601 
603 605 609 610 611 612 614 618 619 620 621 624 
627 628 629 630 632 635 637 638 639 640 643 649 
652 654 656 657 663 665 669 671 675 679 683 685 
687 689 691 692 696 699 700 702 703 704 705 706 
711 713 723 725 732 733 735 741 742 743 745 747 
753 754 755 759 761 764 778 780 781 783 789 793 
794 795 799 800 
233
2 8 11 14 24 25 26 33 34 35 39 40 
41 42 45 47 54 56 58 63 69 70 71 83 
85 101 104 114 118 121 125 126 135 136 137 140 
141 142 154 157 159 160 161 166 167 174 178 179 
181 186 188 193 202 207 209 210 212 216 218 226 
227 231 233 234 236 238 239 240 244 248 249 250 
256 259 261 263 264 271 272 273 276 279 282 283 
285 288 292 295 296 297 298 309 310 311 313 317 
318 323 325 329 333 337 340 341 342 346 351 352 
363 365 366 367 376 378 384 387 388 394 397 398 
404 405 407 413 414 415 420 423 424 430 432 433 
437 443 448 450 451 453 454 455 460 463 466 467 
471 473 480 481 482 483 489 492 493 494 495 497 
498 511 512 514 516 519 520 528 533 534 536 538 
540 544 546 552 554 555 558 559 563 567 571 573 
574 579 585 588 594 601 606 617 618 628 629 630 
638 640 641 644 646 652 656 657 658 665 667 668 
672 675 676 681 689 703 704 705 706 710 711 713 
722 724 731 735 739 742 749 751 752 762 771 779 
789 794 796 797 799 
212
2 4 9 16 17 19 32 34 37 42 43 44 
47 48 51 52 59 61 66 67 68 69 70 71 
73 77 82 85 90 91 92 93 95 97 113 115 
123 125 127 131 136 138 139 140 143 144 148 156 
165 168 170 171 176 177 180 186 187 196 201 207 
208 211 215 219 222 232 236 237 239 240 241 244 
245 249 251 252 253 254 257 259 264 269 277 282 
283 288 295 296 302 306 310 314 315 322 335 336 
337 338 342 343 344 346 347 355 356 357 358 372 
376 383 384 385 397 398 400 403 405 407 411 418 
419 421 422 424 426 430 441 449 452 460 462 466 
467 468 471 475 481 482 489 491 493 500 503 509 
517 535 537 544 546 552 555 558 559 565 568 569 
573 581 584 592 596 604 605 606 612 620 621 622 
623 628 629 632 639 643 650 651 656 658 663 667 
671 672 678 681 682 692 698 699 704 707 709 723 
726 728 730 733 744 747 751 753 754 760 770 774 
776 777 783 786 787 789 794 800 
247
2 4 7 13 18 19 20 22 23 24 28 32 
33 35 37 40 42 47 53 54 58 64 68 71 
72 75 82 86 88 98 99 100 103 107 109 113 
114 121 128 129 133 136 138 140 141 143 148 152 
158 162 163 165 166 167 169 173 185 190 195 197 
205 206 207 209 210 211 212 214 218 222 224 225 
227 228 230 234 235 239 240 242 243 250 252 254 
255 259 263 264 266 267 268 270 272 273 277 285 
292 293 294 301 303 314 315 317 318 319 326 334 
336 338 343 344 346 347 349 350 353 357 360 361 
362 365 366 370 371 386 387 389 403 405 406 410 
411 414 419 423 432 435 437 448 450 451 452 453 
454 463 466 467 471 474 482 491 495 497 499 507 
512 513 519 523 524 533 534 536 538 540 545 550 
551 553 555 556 559 567 571 574 588 589 591 593 
594 595 600 601 608 609 612 613 617 618 621 624 
625 630 640 641 645 646 652 658 659 661 663 668 
671 672 676 683 685 687 689 691 693 694 696 698 
701 704 708 710 711 713 714 715 716 720 725 726 
727 728 730 731 738 741 743 745 747 748 753 754 
756 767 768 770 774 783 795 
250
6 17 27 28 37 43 58 59 61 63 65 72 
82 83 88 95 96 102 104 106 107 108 109 111 
114 122 123 125 138 141 145 148 153 154 155 157 
161 162 165 166 171 173 175 181 183 187 188 192 
196 199 203 205 213 216 221 225 226 227 229 231 
233 236 238 239 241 245 247 248 251 252 255 256 
265 267 268 273 275 280 285 286 291 298 300 301 
302 304 305 306 307 309 311 312 315 319 320 328 
330 333 335 336 341 342 344 353 354 356 359 360 
363 374 376 378 382 384 390 400 401 404 405 407 
410 411 413 417 426 430 436 438 440 444 447 451 
459 460 464 477 478 479 480 482 485 487 488 501 
502 512 515 518 520 521 522 532 533 534 536 538 
539 540 542 550 556 557 558 560 561 564 566 570 
574 576 581 582 583 585 587 588 590 593 596 603 
606 608 614 617 618 619 621 622 625 628 631 636 
642 644 655 663 665 666 667 668 670 671 672 673 
676 680 686 693 697 698 699 703 715 718 721 724 
725 726 727 732 734 735 737 739 740 744 745 746 
747 749 750 755 760 762 769 771 772 776 780 783 
784 785 787 788 790 792 794 795 798 799 
235
1 4 5 6 13 15 16 17 18 21 22 23 
30 34 46 47 48 59 64 66 67 68 74 78 
80 89 95 98 112 114 115 117 118 119 120 127 
128 129 131 138 140 141 143 144 145 148 160 161 
163 165 166 168 171 173 175 182 188 190 192 195 
196 198 200 204 211 212 215 216 217 219 225 231 
232 235 238 240 245 246 251 252 255 258 261 266 
267 268 270 271 276 281 285 288 294 295 298 303 
304 305 306 311 312 317 318 329 330 341 346 350 
356 357 363 368 370 371 372 386 397 398 401 405 
406 409 414 419 420 433 435 440 445 446 448 459 
463 469 470 471 476 478 480 481 482 484 485 487 
489 493 495 501 506 508 519 529 531 534 538 540 
543 544 550 551 554 556 566 568 570 573 575 580 
581 583 584 588 589 590 591 593 594 602 603 606 
608 609 613 616 617 618 619 620 623 628 631 634 
636 640 641 657 660 663 666 668 671 672 674 675 
688 689 699 711 714 720 722 725 727 729 730 731 
737 739 740 741 747 750 753 761 762 769 772 776 
780 781 783 785 793 796 800 
260
8 12 17 19 20 21 22 34 36 41 46 47 
49 51 53 54 56 57 62 66 74 77 78 86 
87 88 91 94 95 97 102 103 112 118 119 120 
122 127 128 129 131 132 133 134 136 139 143 144 
147 148 151 153 155 157 159 163 176 178 181 189 
191 193 199 200 202 206 207 215 223 227 228 229 
231 235 240 243 249 250 252 253 254 255 256 257 
258 259 261 263 264 270 271 281 282 283 284 287 
291 292 296 297 304 305 315 317 319 320 322 324 
332 334 339 348 352 356 358 359 367 370 371 372 
373 374 375 377 378 381 382 384 385 386 390 395 
396 402 403 407 412 417 418 419 420 421 425 426 
428 429 431 439 441 443 447 451 457 458 459 465 
466 468 470 475 483 484 488 489 491 497 499 510 
511 516 517 520 525 528 530 536 543 544 550 551 
552 553 557 559 563 565 572 573 575 579 581 584 
585 586 596 597 601 602 603 611 613 614 619 620 
623 626 627 631 632 633 636 639 641 643 644 649 
652 655 658 667 668 674 676 677 682 689 691 695 
698 700 703 706 708 709 714 719 721 730 732 734 
735 741 743 749 757 758 760 764 768 770 777 778 
783 784 786 789 796 797 798 799 
245
2 3 7 12 19 21 22 23 31 32 34 37 
40 42 46 49 50 57 60 63 72 73 77 79 
84 85 90 91 93 96 98 100 103 107 108 110 
111 113 114 118 120 128 132 136 143 148 153 155 
156 158 162 166 170 179 180 181 185 191 193 195 
196 197 200 201 204 216 225 226 229 230 231 232 
235 238 239 245 246 247 249 254 261 270 279 280 
281 284 288 291 293 294 296 297 298 299 300 305 
307 311 314 315 316 318 320 321 329 336 337 341 
345 350 353 356 357 366 368 371 372 374 375 381 
383 384 389 390 393 394 399 401 407 409 410 412 
413 423 426 429 433 436 440 442 444 457 459 463 
464 466 477 478 482 483 486 487 489 492 493 501 
502 506 511 519 523 529 530 532 534 535 539 546 
547 555 557 558 564 565 570 572 573 574 577 578 
587 588 590 591 597 598 601 604 608 611 612 613 
615 622 623 628 645 648 651 656 659 660 664 671 
672 680 683 686 687 689 690 691 692 695 697 705 
706 707 708 712 723 724 732 734 735 737 738 739 
740 746 752 755 761 768 769 771 774 776 778 779 
780 783 790 794 799 
231
3 4 6 7 13 16 17 19 21 23 25 29 
33 34 35 39 59 70 72 73 74 76 79 83 
92 94 96 99 102 105 115 116 118 122 123 126 
129 130 135 140 141 143 144 145 146 147 150 154 
157 159 160 167 168 170 175 181 184 186 191 192 
194 196 198 199 203 205 209 223 225 227 229 231 
238 244 245 246 247 248 258 260 261 262 265 271 
275 277 279 284 285 290 293 299 300 301 303 304 
305 310 311 312 314 318 319 321 328 329 332 335 
346 356 358 359 363 367 369 371 376 380 381 388 
394 398 399 401 406 410 412 415 418 424 433 436 
440 442 443 454 458 461 462 469 472 473 481 482 
486 489 494 495 500 501 503 504 507 516 517 519 
521 530 532 534 538 539 543 548 550 551 558 562 
564 567 569 572 577 581 584 586 588 591 592 593 
594 598 603 606 607 621 626 627 635 638 643 644 
652 655 661 662 665 666 668 674 680 681 687 690 
700 706 710 715 719 720 724 728 729 734 738 740 
741 742 751 757 764 768 769 773 774 779 780 791 
793 794 795 
232
3 6 10 11 12 16 17 22 24 40 41 43 
44 51 56 58 60 61 67 69 71 72 73 78 
81 86 88 90 97 100 104 106 110 112 116 123 
126 127 130 133 136 137 138 153 154 158 164 165 
167 168 169 171 173 177 178 180 183 188 192 193 
194 195 202 207 217 221 225 232 234 236 239 244 
251 252 258 259 265 270 274 275 279 284 290 291 
296 299 302 303 304 305 311 317 318 335 336 343 
345 346 347 348 349 350 354 360 366 367 369 371 
376 377 384 385 396 399 400 402 404 407 408 411 
414 415 430 432 434 435 436 438 441 444 445 455 
457 461 462 463 466 468 476 477 481 485 493 495 
499 501 503 511 516 517 519 524 525 526 531 532 
537 538 539 540 541 545 549 552 553 556 570 575 
579 580 582 588 597 601 605 607 608 610 617 619 
620 621 624 625 627 634 636 637 640 648 649 654 
658 659 660 668 669 673 675 677 679 681 685 687 
690 695 700 704 708 710 712 714 715 723 726 727 
729 738 741 745 748 754 757 761 770 772 779 780 
783 785 791 798 
235
4 7 10 11 22 26 35 36 44 45 47 55 
62 66 69 73 75 77 80 81 82 84 88 91 
92 93 95 96 99 103 104 110 112 113 114 115 
116 118 119 137 144 146 150 151 154 155 158 163 
164 167 169 171 174 175 178 180 184 186 189 191 
196 197 198 200 202 203 204 207 208 209 212 215 
219 224 229 238 240 244 245 248 251 253 258 267 
268 269 270 272 279 280 283 293 294 305 312 313 
315 320 323 329 332 334 339 346 347 348 352 357 
360 361 362 364 366 367 371 377 382 385 390 401 
402 403 414 415 416 417 426 427 428 436 439 441 
445 450 451 453 458 461 465 466 469 470 471 474 
482 485 486 487 491 495 496 500 512 515 516 522 
529 532 533 542 548 550 555 557 558 561 567 570 
571 573 579 580 582 584 605 608 618 622 625 627 
630 632 634 635 643 644 647 649 650 651 656 657 
662 673 680 681 686 687 692 693 694 695 698 703 
705 706 708 717 721 722 723 725 732 733 740 743 
744 753 756 763 764 765 770 771 774 776 777 779 
781 783 784 793 796 799 800 
214
3 5 7 10 14 16 18 23 29 32 33 38 
41 44 53 54 55 56 59 63 64 72 73 80 
90 91 92 95 97 100 108 111 115 119 122 127 
129 131 136 149 152 157 160 166 168 171 173 176 
179 181 185 186 187 191 196 200 204 214 220 223 
232 236 237 250 251 252 253 254 255 265 266 274 
276 286 288 289 291 292 297 298 301 311 313 316 
317 319 322 324 330 333 341 343 344 346 348 349 
353 355 366 368 378 385 386 387 394 397 404 411 
414 415 416 417 421 424 427 429 432 436 437 438 
443 444 447 448 460 464 479 480 482 487 494 496 
498 503 505 506 509 513 515 538 539 544 546 549 
550 553 554 555 557 558 559 560 562 564 567 569 
571 573 576 579 585 588 590 599 601 606 609 613 
615 619 623 625 638 640 642 643 645 649 650 656 
658 665 676 679 680 683 685 692 697 704 705 706 
711 712 715 721 724 728 733 734 743 745 754 755 
763 767 769 771 778 782 787 791 798 799 
238
2 5 6 7 11 16 23 25 26 28 30 31 
38 41 44 45 46 49 60 62 63 69 72 73 
75 76 80 82 86 87 88 92 95 97 99 109 
114 120 121 124 126 129 132 133 135 138 143 144 
145 146 148 153 168 170 175 178 179 180 181 182 
184 186 187 188 194 205 206 208 213 216 221 224 
225 226 229 230 232 233 236 237 239 240 242 243 
258 260 265 268 272 274 275 281 288 289 292 293 
297 298 300 305 308 311 312 314 316 317 318 325 
329 336 337 338 344 348 352 353 355 356 359 374 
379 392 395 396 397 398 401 402 403 407 409 415 
425 433 439 440 442 447 448 454 455 469 470 473 
484 486 487 488 489 493 494 497 501 502 509 511 
516 519 520 526 528 530 535 536 540 545 548 549 
559 562 565 566 568 570 571 572 573 576 579 583 
592 594 597 599 603 621 625 626 633 647 648 653 
654 655 657 659 660 661 662 664 671 672 679 684 
688 689 690 692 694 696 698 700 703 710 711 712 
718 727 729 730 731 737 742 744 749 750 752 765 
766 767 773 774 776 778 783 784 790 792 
227
4 8 11 14 15 16 24 29 33 40 43 45 
52 54 57 59 60 63 70 81 82 83 85 88 
89 92 98 105 117 118 119 126 127 128 133 134 
138 139 147 148 157 159 162 163 166 167 169 171 
172 173 178 182 187 188 190 191 192 195 211 214 
215 221 227 228 239 246 247 252 256 262 264 277 
279 281 282 284 286 287 288 289 292 294 295 297 
298 305 316 317 319 326 339 341 343 345 351 353 
354 355 356 358 359 366 371 376 377 392 394 404 
410 411 424 431 432 436 437 442 443 444 445 447 
449 453 455 457 459 460 462 463 468 469 471 475 
478 482 484 485 492 496 499 502 505 507 510 511 
512 515 517 521 523 525 527 529 532 536 543 546 
553 555 557 558 565 567 568 570 574 582 588 598 
599 601 604 607 611 617 618 619 621 625 627 629 
631 635 636 645 657 658 661 664 670 671 675 676 
678 682 689 690 691 693 696 698 699 708 709 714 
716 717 722 737 739 742 744 747 750 752 753 754 
756 761 771 772 776 785 786 788 794 798 799 
244
5 10 11 12 14 17 18 22 27 29 30 32 
34 38 43 44 45 49 51 57 58 59 62 65 
67 70 71 75 77 78 79 80 84 96 98 99 
100 109 110 111 113 114 117 126 136 138 147 157 
163 169 172 173 177 178 179 183 185 186 194 196 
204 213 214 216 222 224 225 231 233 235 241 243 
247 248 249 253 255 258 259 261 265 266 269 271 
279 280 281 282 283 286 287 298 302 303 306 307 
314 318 320 322 326 328 330 335 341 342 346 358 
359 362 365 369 370 377 383 384 385 386 388 390 
393 402 403 410 411 414 425 426 432 434 435 443 
445 450 451 455 457 465 468 469 470 471 477 479 
480 483 487 491 498 503 504 508 518 519 521 527 
528 530 531 532 533 536 539 540 547 552 557 559 
561 563 565 566 570 572 576 577 578 580 582 586 
587 592 595 596 597 599 600 601 602 603 606 607 
610 616 621 627 628 631 634 641 643 649 651 654 
655 656 660 668 672 675 676 677 682 684 692 695 
697 698 700 709 716 718 721 722 725 726 729 731 
732 733 738 743 752 757 764 779 782 783 785 789 
794 795 796 798 
242
3 10 13 18 21 23 24 25 30 31 32 34 
35 36 38 39 48 49 50 52 53 54 55 56 
57 59 61 64 73 74 75 76 77 80 91 93 
98 102 103 108 115 116 122 128 130 136 140 141 
143 144 145 150 151 155 158 162 166 167 168 169 
171 181 183 185 191 192 193 195 205 207 217 224 
225 229 231 232 234 236 237 238 241 243 244 245 
254 260 266 267 271 277 279 281 282 283 290 292 
298 301 305 311 312 315 318 325 327 328 329 332 
335 336 340 343 347 350 351 353 355 357 360 361 
364 365 368 369 373 377 385 388 393 398 401 404 
406 407 409 412 413 415 419 421 428 433 435 437 
443 447 449 450 451 455 459 460 462 464 468 470 
475 478 479 497 498 499 500 506 507 508 519 532 
537 538 541 545 551 553 554 558 559 563 571 572 
580 583 587 589 590 596 600 602 606 607 610 616 
617 620 626 631 632 641 643 646 647 650 651 658 
662 665 668 674 675 679 681 683 689 693 695 697 
702 704 708 721 729 730 731 735 738 741 742 746 
747 749 751 757 759 760 767 775 778 783 790 796 
797 800 
243
1 2 3 4 7 12 19 21 23 29 31 33 
41 43 50 53 55 56 57 59 63 68 69 70 
71 72 73 74 77 81 82 84 86 90 93 96 
98 99 102 103 107 116 117 121 125 127 132 136 
137 144 150 152 153 156 159 162 163 164 172 174 
177 184 185 198 199 200 201 202 204 208 209 216 
220 222 224 226 228 231 233 236 240 243 253 254 
262 263 265 267 270 275 276 281 282 287 297 299 
302 304 311 317 322 328 329 332 335 338 340 341 
342 345 346 348 359 361 368 370 378 381 384 385 
388 389 392 393 399 405 410 413 415 425 428 432 
439 442 444 447 450 457 460 462 463 464 469 473 
474 476 479 483 484 485 488 489 492 498 506 507 
508 509 511 512 523 527 530 533 535 536 537 543 
546 551 554 557 559 563 569 575 577 578 581 582 
584 587 590 592 596 598 601 602 603 604 605 608 
610 615 620 624 629 631 635 640 647 649 650 651 
654 659 662 667 668 670 672 673 676 679 685 688 
689 695 699 701 702 706 712 714 715 718 719 723 
726 731 735 736 738 742 749 760 762 767 770 775 
778 783 798 
225
5 7 11 16 17 22 37 40 43 49 54 58 
60 62 64 65 68 74 82 84 87 97 100 103 
108 109 114 117 119 124 136 141 143 145 149 150 
152 153 160 166 167 180 181 182 189 190 197 200 
202 204 208 210 212 217 221 224 227 230 232 233 
235 237 249 254 257 261 262 266 272 273 281 284 
285 292 301 304 316 324 328 330 333 335 336 337 
341 342 347 359 362 365 372 376 377 379 380 381 
383 387 389 390 391 398 399 401 406 409 414 416 
421 426 427 430 432 433 434 436 437 444 445 447 
448 449 451 454 458 462 463 472 473 474 475 477 
478 493 497 500 504 506 508 514 520 526 530 531 
533 540 541 543 545 548 550 552 558 560 564 566 
567 570 581 587 590 591 592 599 600 601 608 611 
613 617 620 623 629 630 633 635 636 639 640 641 
644 649 651 659 662 667 669 675 679 681 685 688 
692 698 699 700 716 718 719 722 725 732 738 739 
742 746 750 755 756 758 760 761 762 767 769 770 
772 773 778 782 784 789 790 792 799 
239
3 5 11 13 16 17 26 28 32 37 38 40 
45 49 56 57 60 61 65 66 69 70 75 89 
93 102 104 108 116 125 126 127 132 134 136 138 
139 143 146 147 148 152 157 163 172 174 176 179 
180 181 182 184 187 190 193 194 196 197 202 205 
208 213 215 221 222 226 227 229 231 235 245 247 
248 251 252 254 256 272 274 276 286 291 292 298 
299 300 301 303 305 306 310 311 313 314 316 320 
325 326 328 332 334 335 337 358 359 360 363 365 
367 369 370 371 372 376 378 379 381 384 385 387 
390 393 399 405 412 413 414 415 419 424 426 427 
430 431 439 444 446 452 457 458 460 461 465 466 
468 475 477 478 479 481 482 489 491 493 495 498 
500 503 509 513 514 519 523 527 530 531 532 545 
552 564 565 571 578 580 584 588 592 597 598 602 
608 609 611 612 613 617 619 620 621 624 631 632 
633 635 637 647 649 653 655 656 660 665 668 669 
675 676 677 692 693 694 704 709 711 718 731 734 
736 741 743 744 756 763 764 765 767 769 772 774 
776 779 782 784 786 788 789 792 797 798 799 
231
14 18 20 28 37 52 54 56 60 66 69 77 
81 84 85 88 89 94 97 98 99 108 121 122 
124 139 144 150 153 156 160 161 166 171 175 176 
179 184 187 189 195 207 215 217 218 219 220 223 
228 234 237 240 246 247 248 251 252 258 263 271 
275 280 281 286 287 289 292 296 297 304 306 308 
309 310 314 315 321 322 329 333 334 335 336 337 
340 341 344 348 352 360 361 362 365 370 372 373 
375 378 381 382 386 395 398 400 408 411 414 416 
417 420 426 434 437 438 439 440 441 443 447 450 
453 457 460 465 470 472 473 476 480 482 488 491 
495 499 500 502 505 510 518 519 520 521 526 530 
533 538 539 542 545 548 549 550 561 565 566 567 
572 579 580 582 586 587 592 593 596 597 598 600 
603 609 611 612 614 618 619 621 622 623 626 627 
629 630 637 638 641 643 648 649 652 656 660 665 
673 678 679 683 686 688 689 692 697 703 705 713 
714 716 723 724 725 726 729 730 732 736 755 758 
759 765 766 768 774 777 778 779 782 783 784 787 
789 790 791 
238
14 21 22 24 25 26 27 28 38 42 43 46 
47 50 56 60 61 63 64 65 66 71 72 74 
81 82 85 86 88 94 95 97 103 106 107 108 
114 116 118 119 121 122 143 149 151 152 156 165 
174 177 181 187 189 195 199 201 203 204 209 212 
215 220 222 225 230 231 232 235 236 237 238 250 
251 259 260 261 262 266 270 275 279 280 286 287 
292 297 301 307 310 312 319 330 340 341 343 350 
351 362 364 367 369 376 379 382 384 385 387 388 
394 395 401 407 408 409 415 418 420 423 424 425 
431 433 437 439 440 444 451 458 463 468 470 472 
474 479 483 486 487 489 490 492 493 509 512 514 
515 516 519 520 522 527 528 532 535 541 548 550 
556 557 561 563 567 568 572 573 574 577 581 585 
586 588 600 609 611 613 615 618 621 625 626 627 
629 632 636 641 642 643 646 651 652 656 660 666 
668 669 670 672 679 680 681 682 684 691 698 701 
702 704 706 708 709 714 715 716 718 719 725 728 
732 738 739 742 743 747 749 752 753 760 765 769 
771 772 777 778 779 785 786 789 795 796 
230
2 5 7 9 14 15 18 37 38 39 41 48 
50 53 57 61 62 65 69 72 81 82 85 91 
92 95 96 100 101 104 112 118 123 129 131 138 
141 142 145 152 153 157 158 161 168 176 177 180 
182 191 194 198 207 212 215 219 220 222 224 226 
229 236 242 245 248 253 254 255 257 258 265 276 
284 286 287 289 295 299 301 309 310 314 316 317 
319 323 329 333 334 336 337 340 352 361 363 364 
371 376 377 380 381 382 383 385 386 390 392 396 
398 399 400 401 402 404 406 407 410 414 424 425 
426 436 438 447 451 455 458 459 462 464 470 472 
476 479 480 481 489 492 500 502 505 507 513 516 
517 518 521 526 529 537 551 552 554 557 558 559 
560 562 565 567 568 572 576 577 582 590 593 600 
604 606 607 608 610 613 614 615 617 620 622 634 
640 647 654 663 664 665 666 676 678 679 682 688 
690 694 697 699 700 703 706 710 714 715 725 729 
732 733 737 738 739 742 747 748 750 751 756 757 
764 766 767 768 777 779 787 788 790 793 796 797 
798 800 
252
5 7 8 11 16 17 18 22 30 48 51 57 
59 62 64 68 70 77 79 80 81 84 86 91 
92 97 99 100 102 110 114 119 121 124 131 135 
138 140 144 147 149 151 154 158 159 160 162 163 
164 166 172 173 174 175 177 186 191 192 193 194 
200 201 202 203 204 211 213 214 216 218 220 222 
223 227 229 231 233 238 241 243 246 251 255 256 
261 262 263 264 270 274 284 285 286 292 294 300 
305 306 307 310 313 316 317 320 324 325 327 330 
341 343 344 345 347 348 353 357 358 362 364 367 
368 371 375 377 380 382 384 388 391 398 399 401 
402 412 414 415 417 421 422 424 447 451 453 454 
455 473 474 476 477 479 480 481 484 487 489 492 
495 497 502 506 510 511 513 514 518 520 522 529 
530 533 535 544 548 550 554 561 564 567 570 571 
572 575 577 578 580 584 585 590 595 603 604 609 
613 619 620 621 622 623 626 628 629 630 635 639 
641 643 649 651 652 658 659 660 661 667 668 672 
679 680 681 682 684 691 696 700 705 716 719 724 
726 731 732 734 737 738 744 746 749 750 752 754 
757 758 763 764 774 776 781 785 787 788 795 798 
240
10 21 22 23 25 26 27 36 37 41 43 46 
47 48 53 55 57 60 63 68 76 79 80 82 
83 87 88 89 91 92 95 108 114 117 119 120 
122 123 128 134 135 138 142 144 146 150 154 157 
160 162 163 164 176 177 178 179 182 183 184 188 
189 191 200 206 207 209 210 212 213 215 220 221 
222 224 225 226 230 231 232 236 240 243 247 251 
253 254 256 258 262 263 267 270 273 274 275 277 
281 285 287 289 293 294 300 303 308 317 321 322 
323 330 333 343 345 347 350 351 357 358 359 360 
361 364 370 371 372 381 384 386 387 390 396 405 
409 411 416 417 418 423 425 427 430 441 447 450 
453 454 456 457 461 463 470 472 473 482 484 485 
491 492 494 497 501 506 509 510 511 513 516 517 
519 521 522 523 527 529 531 541 544 557 561 564 
566 568 569 574 577 579 580 581 591 598 603 613 
615 617 624 630 632 633 635 646 648 650 651 661 
665 673 675 678 679 681 683 684 686 691 701 704 
706 712 715 718 724 729 735 741 745 747 760 763 
764 765 770 773 774 777 778 789 794 796 797 798 
235
5 7 9 10 11 12 14 15 19 20 21 24 
27 30 38 41 45 47 51 53 56 57 64 66 
70 73 78 79 86 87 90 97 101 108 112 113 
115 119 123 131 132 134 139 140 141 142 147 151 
152 155 156 161 169 171 172 176 177 180 182 183 
189 191 192 195 197 198 201 206 208 209 217 220 
223 229 230 242 248 249 253 255 259 262 263 264 
266 270 273 275 281 283 286 288 290 291 293 295 
303 311 313 314 318 322 323 328 333 334 335 339 
340 344 347 349 353 356 357 362 368 370 372 383 
397 399 400 405 406 408 412 413 414 416 424 425 
426 427 428 429 438 440 445 446 449 450 454 458 
460 464 471 473 476 477 480 482 483 484 487 489 
495 498 507 508 513 514 522 525 530 531 533 536 
541 543 549 557 560 567 574 577 584 591 594 597 
598 599 600 605 610 614 623 633 634 641 648 654 
656 658 670 673 676 680 682 683 686 687 688 689 
690 693 703 706 711 712 713 718 719 724 736 739 
743 746 747 749 750 754 755 758 765 768 769 771 
776 778 779 786 789 791 798 
254
3 8 9 11 18 19 20 21 22 23 27 28 
33 34 39 40 42 50 53 57 66 67 69 73 
77 83 84 86 89 91 92 93 94 95 97 98 
102 103 105 106 109 111 112 118 119 121 124 126 
127 129 130 139 140 147 149 151 152 154 156 161 
162 165 166 167 172 174 176 178 179 187 188 197 
200 207 214 217 220 222 225 227 229 230 232 234 
235 239 240 245 248 255 259 268 271 273 275 278 
280 285 289 291 298 299 301 302 314 320 321 324 
328 333 334 335 337 339 340 341 342 346 351 354 
355 356 357 358 361 362 365 368 370 376 379 380 
385 387 389 391 397 400 401 404 406 407 408 410 
412 416 422 427 428 430 431 440 441 442 443 446 
448 449 450 452 454 461 463 465 466 476 481 484 
486 487 490 495 496 500 502 503 506 510 511 518 
520 521 522 524 533 542 550 555 558 561 562 563 
564 580 581 585 586 587 593 594 598 599 608 609 
618 623 624 629 632 637 639 645 654 655 663 665 
676 681 682 683 684 687 688 691 693 703 706 708 
709 718 721 722 724 725 732 733 735 738 739 740 
742 744 745 746 755 757 762 767 772 776 778 780 
783 790 
240
1 2 3 15 16 17 18 19 20 21 26 29 
30 35 37 40 41 45 54 65 68 69 70 71 
75 78 86 89 92 93 94 101 109 111 114 127 
129 130 134 135 141 142 143 150 151 153 155 159 
160 161 173 177 179 181 183 186 188 195 197 198 
200 212 214 217 220 222 224 225 227 228 229 252 
253 256 257 259 260 264 266 269 274 276 277 278 
279 280 288 289 290 293 296 297 300 301 302 310 
311 314 316 317 318 319 324 326 331 332 334 335 
338 345 355 357 358 359 360 361 382 383 384 385 
386 387 393 394 395 396 398 407 408 410 412 415 
422 424 425 428 429 431 435 438 439 441 442 444 
446 447 449 450 451 453 465 467 469 472 474 475 
479 480 481 484 490 491 497 504 515 516 521 523 
525 528 531 532 534 535 549 552 553 554 561 564 
565 569 579 587 595 612 613 619 627 634 635 636 
641 642 646 647 652 655 657 669 671 676 677 678 
685 687 689 692 695 697 700 703 709 712 713 715 
717 718 719 721 727 729 732 739 743 750 752 754 
755 757 774 775 779 781 783 784 785 787 788 794 
243
5 8 13 22 23 25 27 30 34 36 38 40 
41 42 43 47 54 56 57 65 66 69 81 85 
87 89 91 95 96 99 102 103 104 105 109 117 
119 125 136 138 142 145 150 152 156 158 159 164 
167 169 170 175 178 183 184 188 189 196 197 198 
200 204 206 208 209 210 212 215 217 218 220 226 
227 235 236 240 241 245 247 248 251 257 259 260 
262 265 266 270 271 273 274 275 278 285 288 295 
298 300 301 302 313 319 325 326 327 341 342 344 
347 348 355 356 359 360 361 365 366 368 369 371 
373 376 380 381 382 383 384 385 387 389 390 391 
396 404 408 411 416 417 419 424 426 427 430 439 
448 450 458 473 476 481 489 490 491 492 494 495 
500 505 506 514 519 525 526 527 529 532 533 535 
536 549 556 560 562 567 573 577 578 579 586 588 
590 591 594 598 604 608 616 619 620 621 623 625 
626 628 629 630 633 634 639 654 655 657 672 677 
678 679 681 682 683 687 689 697 699 702 703 705 
707 709 711 717 722 723 724 728 734 736 743 747 
758 763 766 769 771 776 782 783 784 787 791 792 
796 797 799 
255
5 9 15 16 25 34 35 37 44 45 48 52 
53 54 59 60 61 63 67 73 77 78 79 81 
92 98 99 102 105 106 107 108 111 113 114 117 
120 122 124 125 127 131 132 135 137 141 143 144 
150 163 164 167 169 175 179 181 185 188 190 193 
203 204 206 207 217 220 222 225 228 229 233 236 
237 241 243 247 248 250 251 254 257 262 263 270 
272 274 276 277 279 280 281 290 292 293 294 295 
299 310 313 314 316 320 321 325 326 328 329 331 
338 343 351 352 366 367 368 370 371 377 378 380 
381 382 385 388 391 394 398 399 403 404 406 409 
416 418 419 421 422 428 430 433 434 435 436 441 
444 446 447 455 458 460 461 462 463 465 467 470 
471 473 474 477 478 479 485 486 490 492 493 497 
500 505 506 509 513 514 520 521 522 530 531 532 
536 550 553 554 557 558 564 565 567 568 570 574 
577 586 595 603 604 613 624 625 630 632 634 637 
639 643 644 646 648 650 655 659 661 662 664 665 
666 669 670 673 674 677 682 688 690 692 706 707 
709 714 715 723 732 737 744 745 746 747 749 753 
757 762 765 770 773 775 777 780 784 789 790 792 
793 795 796 
239
2 5 6 10 15 16 20 26 28 29 31 32 
39 43 50 52 55 60 66 67 68 71 77 78 
79 80 85 86 90 95 96 97 98 103 104 105 
109 112 113 121 132 137 147 154 157 159 162 163 
166 169 177 180 186 194 198 200 207 210 211 213 
214 221 222 227 228 229 235 237 238 240 246 247 
251 252 253 259 260 266 267 269 270 276 284 285 
288 289 297 299 302 305 311 315 319 321 326 327 
328 330 334 335 336 337 339 340 349 350 351 353 
358 359 360 362 372 381 382 383 385 392 395 401 
405 406 408 409 411 426 429 430 431 438 439 449 
451 453 454 455 470 474 476 478 491 492 493 497 
500 504 506 510 511 513 514 517 521 524 526 528 
529 530 531 534 535 537 545 546 554 559 566 573 
575 576 579 580 581 586 589 590 591 592 596 598 
599 604 606 609 611 613 616 618 620 630 631 634 
637 640 642 646 648 655 656 663 664 668 669 672 
673 674 676 677 682 699 700 704 707 708 709 714 
715 717 723 727 732 737 742 746 747 756 760 764 
766 768 771 776 777 778 782 789 792 794 800 
220
4 5 6 9 15 17 18 31 32 33 35 37 
38 41 46 56 62 65 69 70 76 77 81 83 
84 88 91 98 102 107 108 120 124 125 126 128 
130 131 132 135 145 152 164 166 172 173 174 177 
180 183 191 192 209 210 211 214 215 218 227 229 
233 234 239 242 243 248 250 251 256 257 258 261 
263 271 276 285 288 291 298 307 308 313 317 318 
322 330 334 335 336 339 344 349 351 353 354 366 
369 370 372 374 377 379 380 381 383 385 389 397 
398 401 409 415 417 418 428 429 431 432 433 435 
451 452 459 460 468 469 470 476 477 479 485 486 
491 503 507 511 513 515 517 525 526 527 528 533 
541 551 552 565 569 570 571 572 579 587 595 603 
604 609 612 613 614 626 636 639 645 649 650 651 
652 653 663 665 666 667 668 673 676 679 682 685 
686 687 689 693 698 702 704 705 706 708 728 729 
731 737 738 739 741 742 746 747 752 753 760 761 
762 763 768 769 772 773 776 782 784 788 790 793 
794 795 797 799 
253
4 5 12 14 16 19 22 27 29 31 33 34 
35 42 45 47 51 52 54 56 58 59 62 65 
66 67 70 74 81 83 85 88 91 92 94 97 
104 105 107 109 117 118 123 126 128 130 131 132 
137 139 142 143 144 150 152 157 161 163 164 165 
170 174 181 185 187 188 190 193 196 197 198 202 
206 208 209 210 211 212 217 222 225 227 231 232 
233 237 238 242 252 253 262 263 264 266 267 272 
275 276 279 283 284 295 298 299 300 301 306 308 
309 313 314 318 321 327 334 335 336 338 342 344 
351 356 357 358 363 366 367 369 375 377 385 388 
391 393 398 399 403 406 408 412 415 419 421 422 
423 426 430 432 434 439 441 445 446 447 449 455 
458 464 466 472 474 476 478 479 482 484 488 496 
502 506 509 513 517 522 525 526 528 535 536 537 
540 541 542 546 552 553 556 560 563 569 574 577 
578 580 582 585 588 589 603 604 607 616 620 622 
624 625 626 627 629 630 635 636 637 639 640 641 
642 643 649 659 661 665 670 672 677 679 680 683 
688 690 692 700 701 712 718 728 732 736 743 749 
759 764 767 772 775 776 778 783 786 787 793 794 
795 
239
1 4 10 11 15 32 36 37 38 44 47 48 
52 60 70 72 74 76 83 87 100 101 103 120 
125 126 127 128 131 132 136 138 140 143 146 147 
150 153 156 166 177 182 184 191 193 195 198 202 
204 210 212 216 217 221 234 236 238 239 241 246 
250 251 252 256 257 260 261 267 268 274 275 286 
287 288 299 301 306 309 319 322 323 327 329 333 
338 339 341 347 349 350 356 357 358 360 363 365 
368 370 373 376 379 381 383 384 388 394 396 397 
398 401 403 409 413 417 419 421 422 423 424 427 
430 431 433 435 437 438 439 441 443 445 446 449 
459 463 465 468 469 479 480 481 482 484 490 495 
497 499 502 506 508 510 511 512 514 516 518 521 
525 527 529 537 538 540 542 543 544 546 548 549 
551 561 564 567 575 578 586 590 591 595 598 602 
604 607 609 613 616 621 622 623 625 627 629 631 
634 641 643 644 645 647 650 656 658 659 666 668 
669 671 675 681 682 684 687 691 695 699 701 705 
712 717 718 719 724 731 736 738 739 742 744 747 
752 757 761 773 777 778 781 785 789 797 799 
248
8 12 16 18 20 23 24 25 27 32 36 37 
47 49 51 58 59 61 67 69 72 77 79 81 
82 83 92 93 95 97 98 99 101 107 109 110 
116 119 123 127 128 130 131 132 138 139 142 144 
145 153 156 164 166 169 174 177 178 180 183 192 
193 194 198 201 202 210 211 214 215 218 219 222 
224 225 226 233 234 235 244 246 247 257 263 277 
278 279 280 285 288 294 297 301 310 316 318 319 
320 324 325 326 330 335 336 342 347 348 349 355 
357 363 369 376 377 383 387 388 389 390 392 395 
397 398 399 401 403 404 411 415 417 418 423 424 
427 431 433 437 441 444 452 453 465 468 476 478 
481 483 484 487 489 495 499 501 509 511 513 516 
524 525 526 533 540 542 546 553 555 556 559 560 
561 563 565 567 571 572 573 574 577 579 580 583 
584 585 589 593 599 600 602 603 604 607 608 616 
632 638 644 645 651 653 656 658 659 663 669 672 
675 678 685 686 688 689 691 694 700 704 705 707 
716 720 721 723 726 731 736 737 740 741 743 745 
747 749 755 758 760 761 764 765 774 776 778 779 
781 782 789 790 792 795 796 800 
235
4 7 9 11 12 15 16 19 20 21 23 31 
32 35 37 39 48 49 50 51 53 56 59 62 
66 68 69 71 72 75 76 77 79 82 85 88 
89 98 100 102 105 106 108 112 113 120 128 129 
131 132 142 148 150 151 152 153 159 166 170 173 
175 177 181 184 186 187 190 196 206 207 211 212 
217 218 222 227 228 229 239 243 247 253 254 266 
272 276 278 279 280 281 284 291 292 293 301 303 
306 307 313 315 316 317 318 321 329 336 337 344 
351 355 357 359 365 366 367 370 373 378 393 396 
398 406 409 414 416 418 422 424 427 429 433 435 
443 452 453 454 457 460 461 464 465 467 472 473 
476 477 478 481 485 486 488 495 502 511 514 515 
519 524 527 532 533 534 536 539 540 541 542 545 
551 552 562 563 568 570 571 572 576 580 585 587 
588 589 590 593 594 601 603 605 607 609 610 613 
616 621 622 624 625 627 628 631 633 641 644 650 
656 659 661 666 668 680 686 692 694 696 697 699 
704 708 709 715 741 748 749 757 760 762 764 774 
779 781 786 787 790 792 797 
237
4 6 8 10 12 14 17 19 26 28 31 32 
35 41 46 47 48 50 54 55 56 57 58 61 
62 63 67 68 70 75 77 84 88 89 90 91 
92 93 96 102 105 109 114 120 121 124 141 142 
143 145 146 148 153 158 159 165 170 175 184 185 
186 201 202 210 214 218 219 225 245 246 247 249 
250 255 259 260 262 267 271 273 277 282 286 287 
289 295 297 302 303 308 312 316 317 318 319 320 
322 325 335 339 341 347 351 352 358 360 364 369 
372 379 381 383 384 385 386 389 391 392 395 403 
406 407 408 409 414 415 423 425 427 428 429 432 
436 437 439 442 444 445 449 452 464 465 467 474 
477 478 479 480 484 490 491 492 495 501 506 508 
523 525 526 535 543 544 546 547 549 550 551 553 
571 572 575 577 578 579 583 589 595 599 600 604 
605 608 611 618 620 623 626 627 628 631 634 640 
643 649 651 653 656 657 661 668 669 672 677 686 
693 696 702 708 717 721 724 725 727 731 734 737 
739 742 744 746 749 751 752 755 760 764 765 767 
770 774 777 779 781 783 786 789 796 
236
3 5 9 14 15 16 21 26 27 31 35 43 
50 51 54 55 63 65 70 73 81 85 91 93 
102 106 107 110 111 118 121 123 125 135 136 138 
142 144 147 150 153 156 158 159 163 170 181 184 
185 186 188 190 191 196 198 202 203 210 217 218 
220 223 224 226 233 235 237 238 240 244 245 247 
248 250 252 256 258 262 264 266 267 268 273 275 
283 286 289 290 291 295 300 315 319 323 326 328 
331 333 340 341 342 343 350 351 353 355 356 358 
359 362 363 365 370 371 374 383 384 385 386 389 
399 413 415 422 424 425 426 427 431 435 438 441 
442 451 452 457 458 460 461 476 478 487 489 491 
494 495 503 504 505 507 511 515 517 522 531 532 
537 540 544 545 546 547 548 549 550 557 564 568 
571 575 577 578 579 580 582 583 584 588 594 595 
596 612 617 618 621 623 628 631 632 635 639 644 
647 653 655 657 659 660 664 665 667 669 672 674 
677 680 683 685 691 692 693 694 698 699 702 706 
707 715 717 719 721 723 726 730 731 733 740 742 
747 750 765 773 774 775 780 789 
258
1 2 4 6 10 14 17 20 29 42 49 52 
53 57 60 61 65 66 68 69 74 77 78 80 
81 82 84 85 95 96 97 106 108 110 111 115 
117 119 122 123 128 130 136 137 140 143 145 153 
158 162 165 168 174 176 180 181 182 186 190 192 
196 204 205 207 208 210 213 217 221 222 230 238 
239 243 251 254 262 264 265 266 267 270 271 273 
274 275 279 281 284 293 294 297 300 301 302 303 
304 308 310 312 314 317 318 320 322 326 329 337 
338 339 342 343 345 346 348 352 353 358 359 363 
365 371 373 376 377 379 381 386 388 391 396 397 
399 400 401 403 407 412 417 418 419 423 429 434 
444 452 457 459 462 467 468 469 470 478 482 487 
490 495 497 498 499 500 503 507 509 510 514 515 
523 525 530 531 533 536 543 544 546 554 555 556 
563 564 567 570 574 575 582 589 594 601 603 604 
610 615 616 618 624 628 629 631 632 633 635 636 
641 649 651 654 658 659 663 667 668 669 675 676 
679 681 683 684 687 688 689 694 695 696 700 702 
705 706 707 712 716 721 723 728 729 731 737 741 
743 745 747 756 758 764 767 770 774 779 781 783 
785 789 790 791 794 798 
246
3 8 11 22 25 26 27 29 31 32 36 37 
44 47 53 55 62 67 72 74 76 80 82 83 
85 86 93 96 99 105 112 114 117 121 123 132 
136 145 148 157 162 164 168 170 172 174 177 179 
181 182 185 191 194 195 197 201 205 211 215 221 
226 227 231 232 236 238 241 242 243 247 255 258 
259 261 262 266 271 272 276 279 283 284 286 287 
288 292 296 299 301 322 324 328 329 330 333 334 
335 337 339 340 342 344 346 347 350 351 352 358 
359 361 362 369 372 373 379 383 385 387 391 393 
395 400 411 415 417 421 423 427 429 432 433 435 
439 440 442 446 448 449 455 456 464 466 476 480 
487 492 493 494 495 496 497 504 513 514 515 516 
518 520 524 530 534 535 540 542 544 545 549 550 
552 555 556 557 558 563 566 569 575 577 580 583 
585 589 590 592 595 598 599 602 603 605 606 608 
609 610 611 612 613 615 622 629 631 632 634 635 
651 658 660 664 668 671 675 678 680 685 686 689 
692 693 695 696 698 699 705 713 718 720 722 726 
730 734 739 740 743 746 747 750 755 762 763 767 
781 784 789 792 796 799 
236
4 5 6 7 10 11 12 17 19 28 35 37 
38 43 47 51 52 53 54 55 65 68 71 79 
85 88 90 92 93 99 101 104 105 106 111 113 
114 116 119 121 122 131 139 145 147 148 150 152 
155 160 161 163 169 170 171 172 174 179 185 193 
196 197 204 206 212 213 215 219 224 229 236 246 
247 257 260 263 264 267 270 272 274 275 279 282 
295 296 301 302 303 312 325 326 327 329 330 334 
335 337 338 340 341 347 358 359 360 362 364 366 
367 370 371 372 374 379 384 387 396 406 408 409 
411 415 417 418 425 431 434 436 438 440 443 450 
453 456 457 459 464 468 469 471 474 477 484 485 
488 493 495 497 498 500 501 504 507 512 523 527 
530 538 539 540 541 544 547 557 559 560 561 570 
572 576 585 587 589 591 598 599 602 611 612 614 
620 621 626 631 632 633 634 639 640 641 644 645 
646 648 650 658 659 660 662 667 669 676 680 685 
687 688 692 693 698 699 701 703 715 716 717 721 
723 724 733 734 738 743 751 753 754 755 758 759 
770 776 779 783 791 794 797 798 
234
2 6 8 9 13 23 24 27 28 31 32 34 
44 49 51 59 61 62 65 68 69 74 77 79 
80 81 82 83 87 94 95 96 101 104 107 112 
114 115 117 119 120 124 129 137 140 152 155 156 
159 162 165 166 170 171 172 175 182 184 187 189 
194 196 197 205 208 210 213 218 223 224 225 226 
227 229 230 233 237 240 242 248 256 263 272 273 
274 280 285 288 289 290 292 293 294 295 300 307 
313 317 321 326 339 346 352 362 363 365 369 373 
378 381 382 392 399 402 408 412 413 414 420 422 
423 424 430 431 436 438 439 444 446 450 453 456 
457 459 464 466 467 469 470 475 483 486 487 488 
493 494 497 503 509 512 516 517 519 520 521 523 
534 537 540 541 542 552 556 558 561 563 567 568 
581 584 586 588 593 594 595 597 601 602 611 618 
620 621 622 625 637 645 646 648 650 651 653 657 
665 669 672 674 676 685 686 688 690 692 694 700 
701 706 709 711 712 714 718 725 732 733 734 746 
754 758 760 762 763 764 765 766 768 775 776 778 
780 782 783 786 789 796 
217
4 6 8 12 13 22 25 27 29 32 33 39 
42 46 47 51 53 57 58 61 69 70 71 72 
74 77 79 80 90 92 95 101 103 111 113 117 
119 120 121 123 131 137 143 146 147 149 150 153 
154 155 159 162 165 171 176 182 188 190 207 209 
214 223 226 232 233 235 237 245 246 248 249 250 
264 269 272 276 279 282 284 293 298 313 314 316 
318 326 327 337 338 340 348 349 353 361 362 371 
374 375 377 378 381 382 386 388 393 404 407 412 
415 416 417 420 423 424 426 427 428 429 430 436 
438 446 447 450 456 457 459 466 468 474 475 477 
478 480 483 485 486 493 494 498 500 501 509 515 
517 519 527 538 543 551 554 558 562 567 571 574 
579 580 581 593 597 598 604 608 610 615 617 620 
623 627 632 633 637 638 642 649 650 653 655 661 
667 668 671 678 681 682 688 689 692 693 695 699 
700 703 706 715 720 728 730 731 737 742 750 760 
761 765 766 773 774 775 776 777 779 780 791 799 
800 
222
1 2 4 7 12 19 20 29 32 35 43 46 
50 51 52 55 58 60 62 64 72 74 79 86 
91 92 99 100 107 112 114 122 126 133 135 136 
137 138 141 150 152 153 162 164 165 166 168 171 
172 176 177 180 181 183 184 185 187 188 191 192 
193 194 199 201 208 209 210 212 219 224 226 228 
231 238 245 262 267 269 270 277 279 280 293 294 
296 300 301 304 306 308 310 313 314 325 326 330 
332 337 338 341 343 344 351 352 354 361 363 368 
369 374 375 385 386 388 389 390 392 394 395 404 
408 409 410 415 418 428 432 437 439 440 445 449 
450 452 457 464 467 470 473 476 478 479 484 490 
492 493 494 495 497 501 520 521 529 539 543 545 
549 557 560 565 566 576 577 580 583 584 587 588 
589 600 604 605 609 612 615 619 621 626 630 639 
642 648 650 651 654 656 659 660 663 672 675 680 
681 682 684 688 692 694 697 703 704 714 716 717 
718 719 728 732 736 739 742 743 745 750 753 756 
763 765 768 769 771 779 
244
4 6 9 19 20 23 29 44 47 54 57 59 
65 67 69 72 75 80 88 96 101 102 104 108 
110 113 114 119 120 126 130 137 139 140 141 142 
144 146 150 154 157 159 163 169 170 171 172 173 
175 177 179 180 185 186 187 188 190 191 194 199 
200 201 206 207 208 209 220 221 223 225 229 230 
232 234 236 241 242 249 250 257 261 262 263 264 
267 270 274 275 276 277 279 280 284 286 290 291 
292 298 300 303 304 309 311 313 315 319 326 327 
330 333 336 345 346 347 349 351 352 353 357 360 
361 365 366 368 373 377 380 381 384 402 403 404 
410 413 414 416 418 423 427 430 431 432 435 439 
444 450 453 456 460 461 462 464 470 474 477 478 
481 482 493 496 499 501 503 507 509 511 518 521 
522 523 524 525 526 535 541 553 554 558 560 561 
562 565 569 572 575 578 579 583 596 606 609 612 
615 616 621 632 643 644 646 647 653 654 656 661 
662 663 672 674 675 676 682 683 685 687 688 691 
692 693 702 708 710 711 719 721 724 729 731 734 
746 751 752 755 757 765 767 772 774 777 782 785 
786 791 795 799 
247
1 2 3 10 15 16 29 32 33 34 41 46 
49 50 51 56 59 61 64 66 69 70 76 79 
80 82 84 86 95 100 102 103 105 110 111 112 
114 117 119 120 121 122 124 125 126 128 129 133 
141 142 143 150 151 152 155 161 168 172 180 182 
183 184 191 192 195 196 201 202 208 209 211 212 
214 215 220 224 230 231 237 239 240 245 251 256 
260 262 264 268 272 276 282 290 291 296 297 307 
309 310 311 312 313 320 324 327 329 330 334 335 
336 337 338 342 344 346 348 351 356 357 364 365 
369 371 372 376 378 379 383 386 388 391 396 397 
398 404 407 408 410 415 418 421 429 436 438 440 
450 452 453 454 455 458 460 461 464 465 466 467 
469 471 472 476 480 481 484 486 488 493 498 501 
503 516 517 518 519 525 528 530 531 533 534 538 
541 542 545 547 549 555 567 570 573 576 577 579 
582 586 593 598 600 602 608 610 614 616 625 627 
628 646 650 663 664 665 670 672 679 681 684 685 
686 696 698 699 704 706 708 711 722 729 746 747 
749 750 757 758 761 763 766 767 769 772 774 777 
778 779 781 782 786 787 792 
233
3 4 9 14 15 17 19 20 23 25 31 33 
34 38 39 46 49 54 56 57 58 59 61 62 
73 80 82 84 88 89 94 96 100 109 112 117 
118 119 126 127 128 130 131 133 134 137 150 154 
158 161 165 168 172 182 189 190 197 201 213 215 
216 219 223 233 234 245 247 248 250 258 259 260 
263 265 270 280 284 286 290 291 293 295 309 310 
317 318 319 322 324 334 335 337 338 339 341 342 
343 344 346 352 360 361 362 366 369 375 379 380 
381 384 386 394 395 397 405 407 408 410 421 425 
426 433 438 442 444 448 450 451 454 462 466 475 
476 478 481 489 490 494 503 507 509 518 519 521 
522 523 527 531 532 534 539 542 544 547 549 550 
554 556 557 561 562 563 565 567 568 576 582 583 
585 588 593 596 598 601 603 607 616 617 620 623 
631 634 636 637 638 640 644 648 655 656 666 669 
670 671 673 676 679 686 687 695 698 699 703 706 
708 712 714 718 722 725 735 736 739 740 743 745 
746 747 749 751 754 762 766 767 769 771 776 779 
781 785 790 791 798 
238
4 7 10 15 16 18 29 33 40 42 48 56 
61 62 64 68 71 73 74 75 80 87 88 90 
91 95 96 98 100 105 107 109 111 112 115 117 
119 122 123 129 132 134 135 136 137 138 140 145 
149 150 152 154 156 160 166 171 176 184 187 188 
196 199 201 203 210 212 215 221 223 226 228 229 
231 233 236 238 241 242 245 249 251 252 256 266 
268 271 272 276 281 283 287 290 297 304 305 320 
332 347 348 350 353 355 357 359 360 361 364 366 
370 374 380 383 384 388 391 397 399 403 406 409 
414 419 421 424 425 426 430 437 442 444 448 450 
451 456 461 463 465 470 471 474 475 479 481 483 
489 493 494 498 499 501 504 510 515 517 519 522 
525 526 534 537 539 555 556 557 558 562 565 568 
572 576 579 586 593 599 603 607 611 624 628 629 
631 632 633 637 645 647 648 651 652 654 656 657 
659 662 668 670 675 676 678 680 683 685 690 692 
694 696 697 699 701 706 712 713 719 721 724 725 
728 730 733 736 750 757 759 762 765 766 767 768 
769 772 773 786 787 791 795 796 798 799 
251
1 3 5 7 10 12 14 17 18 19 20 21 
22 29 31 34 36 39 40 41 42 47 54 58 
59 60 63 65 67 70 73 75 78 80 81 89 
98 100 101 102 107 109 111 113 122 129 135 136 
138 143 149 150 152 153 155 156 160 161 164 168 
173 177 188 189 190 200 201 203 204 206 208 219 
222 224 226 227 229 230 231 232 235 237 242 250 
252 266 285 290 293 296 298 299 304 305 310 315 
321 323 324 328 330 333 334 338 341 342 344 346 
350 353 359 365 366 370 371 372 375 377 379 385 
391 394 395 399 400 403 409 414 417 419 420 422 
424 426 427 433 437 439 442 443 448 449 452 457 
458 464 465 467 470 471 472 473 474 475 477 480 
486 487 488 496 500 501 504 506 516 518 524 533 
536 538 539 542 546 548 550 552 557 559 564 567 
569 571 572 581 584 585 588 594 595 600 603 606 
611 613 616 621 625 630 642 643 646 649 650 651 
652 654 655 656 658 659 660 662 673 675 676 681 
684 686 690 692 697 702 703 704 711 712 714 722 
723 724 727 735 744 747 748 752 759 760 761 762 
764 766 772 774 775 789 792 794 795 798 799 
226
6 7 9 11 14 15 17 23 25 27 29 34 
36 37 39 42 43 45 46 52 56 61 63 64 
70 71 75 79 80 82 93 95 109 110 116 119 
123 124 125 130 131 132 135 139 145 146 150 153 
165 169 170 180 184 185 190 201 206 210 218 220 
228 229 231 232 236 237 242 246 247 251 264 270 
278 282 285 299 306 307 308 310 314 317 318 319 
320 324 325 327 339 343 348 358 360 367 369 370 
371 374 375 376 380 384 386 388 389 390 391 392 
397 398 407 409 417 419 421 433 434 439 440 441 
444 445 450 452 453 457 458 459 460 471 474 489 
491 500 504 505 512 516 519 521 523 527 529 539 
540 541 546 547 553 555 556 558 559 561 565 569 
574 576 577 579 582 588 589 590 599 600 604 606 
607 613 618 620 621 625 627 629 631 637 638 639 
640 641 644 645 647 648 651 655 660 670 671 675 
681 683 686 688 690 693 706 723 724 726 728 729 
733 734 735 736 738 744 745 753 754 756 761 763 
767 773 774 776 780 783 785 797 799 800 
240
3 6 8 12 16 19 23 25 26 28 33 34 
36 37 41 42 45 46 48 49 50 58 59 65 
69 71 75 77 78 81 83 85 89 106 108 113 
114 115 120 123 126 128 130 131 136 145 148 150 
151 152 156 159 160 162 164 170 176 178 180 184 
185 186 188 190 192 197 199 203 204 208 210 211 
214 216 217 219 220 225 229 237 244 247 251 256 
258 262 263 264 265 269 270 275 276 277 281 282 
285 289 290 291 297 303 312 313 318 319 321 326 
334 336 341 351 352 354 361 367 377 379 386 389 
396 400 411 418 419 426 431 438 442 447 449 452 
453 455 460 461 462 467 470 477 478 479 480 482 
485 486 491 492 495 498 500 504 513 515 516 517 
518 519 520 522 527 532 535 536 538 541 548 550 
551 552 558 559 562 566 569 572 579 585 588 592 
596 602 604 610 614 615 617 619 621 625 633 643 
645 647 648 649 650 651 653 656 659 667 676 677 
678 679 681 682 686 688 689 699 701 703 708 715 
716 722 725 728 730 735 738 740 742 749 750 753 
754 756 768 774 778 780 783 784 785 790 791 799 
228
5 6 8 9 11 13 14 17 25 33 35 38 
40 45 46 50 52 53 58 60 66 69 70 74 
78 84 85 89 92 94 100 103 105 110 113 114 
117 122 123 126 127 131 135 140 145 146 149 150 
157 168 169 170 171 174 178 182 187 195 199 209 
215 225 236 237 238 246 248 249 255 256 258 267 
274 276 278 280 286 287 295 296 297 298 300 305 
311 314 316 317 318 320 322 328 332 334 337 343 
344 345 347 350 356 360 365 369 378 379 382 384 
387 390 392 394 395 396 408 415 416 418 420 422 
424 431 435 437 438 441 445 452 454 455 456 457 
458 463 466 468 475 476 477 478 481 484 489 491 
493 494 497 504 506 509 512 521 524 527 528 530 
533 534 535 537 542 544 546 549 551 555 557 558 
560 562 581 586 587 589 590 591 597 600 606 607 
608 609 615 619 620 623 627 630 632 649 651 653 
655 660 665 667 671 673 675 680 686 689 691 695 
696 707 708 716 724 726 738 741 742 743 756 762 
763 766 767 768 773 777 781 782 783 786 790 792 
218
1 2 5 6 9 13 17 28 29 36 43 49 
52 65 66 67 81 87 93 98 104 106 112 113 
114 115 125 128 129 131 133 137 142 144 145 149 
158 159 167 168 169 172 176 178 193 194 195 196 
197 199 201 202 205 209 221 222 226 227 235 248 
253 262 263 267 268 273 274 276 277 280 285 290 
294 296 299 300 306 310 312 315 316 317 326 327 
331 332 334 341 343 351 356 360 362 363 364 367 
372 373 375 376 386 388 389 390 391 399 403 405 
408 409 419 423 433 434 437 438 439 443 444 446 
448 454 460 465 468 473 480 484 485 488 489 492 
504 505 506 510 515 517 519 520 526 527 528 533 
535 536 542 545 554 560 571 572 573 576 577 578 
581 589 592 593 595 598 601 602 603 609 611 617 
620 621 632 639 641 642 649 654 655 656 659 662 
663 672 673 676 682 684 686 687 690 692 696 698 
702 706 723 728 731 732 734 744 745 747 748 751 
756 757 765 770 771 772 773 776 783 785 787 789 
790 797 
251
3 9 11 12 13 14 19 20 30 31 33 34 
39 42 46 48 50 54 58 60 62 66 68 72 
74 80 81 85 89 90 91 95 96 97 99 105 
108 112 121 127 129 130 131 133 135 138 139 141 
142 143 144 146 148 150 151 152 153 155 161 164 
165 168 173 175 181 184 187 189 191 193 196 197 
201 202 206 209 211 216 222 224 229 231 234 235 
237 243 244 245 251 255 257 259 260 262 263 274 
275 278 279 280 289 298 299 302 303 306 307 312 
313 317 320 323 330 332 333 337 338 340 344 345 
346 349 350 357 358 362 366 367 369 375 377 378 
380 382 383 385 387 390 395 400 401 404 408 411 
416 419 420 423 427 430 433 444 451 452 454 461 
465 475 476 483 484 485 486 487 490 493 495 496 
498 501 513 514 518 520 523 526 527 528 529 531 
535 538 544 550 554 556 559 567 577 582 583 584 
590 595 597 602 605 606 609 611 615 619 620 623 
628 631 634 635 636 650 655 658 662 666 669 670 
679 680 681 682 690 691 692 695 698 699 705 711 
714 715 723 729 730 735 736 738 742 743 746 749 
752 756 759 762 764 765 768 769 774 789 797 
258
1 5 7 8 10 13 14 15 16 17 22 25 
29 32 34 37 39 40 42 43 47 48 51 53 
56 57 58 62 63 64 65 69 71 72 75 77 
78 82 84 87 92 98 99 101 107 109 110 111 
119 120 123 134 141 147 149 150 151 161 165 167 
168 172 174 177 179 181 186 188 189 193 195 199 
203 205 207 213 217 218 219 225 228 230 237 243 
246 252 253 261 269 273 274 276 277 278 281 288 
289 291 293 294 304 306 310 313 315 316 317 318 
319 322 328 333 334 335 344 345 349 350 360 361 
362 364 365 370 372 378 384 385 390 391 394 396 
397 399 401 402 403 404 405 408 409 413 417 420 
424 427 432 433 440 441 443 444 446 455 459 461 
463 464 465 466 470 476 477 479 480 483 489 493 
495 496 499 508 509 510 512 514 522 523 524 525 
527 529 531 540 543 546 556 558 562 563 566 569 
577 584 590 591 593 597 604 606 609 610 612 614 
619 625 627 628 629 631 632 651 652 655 656 658 
662 667 673 674 683 687 690 699 700 701 706 707 
713 714 718 720 723 724 725 726 729 730 731 732 
735 737 744 745 746 747 754 759 761 763 767 771 
777 790 792 793 797 800 
254
9 10 11 12 13 18 20 21 22 29 31 35 
42 44 47 50 54 55 62 65 67 68 69 70 
71 72 73 77 85 89 92 93 95 99 104 105 
106 107 109 119 120 127 133 136 137 139 143 145 
150 159 161 163 166 168 170 180 188 198 204 206 
212 215 217 218 219 220 223 224 227 228 233 234 
239 241 242 253 256 259 262 263 268 274 277 281 
282 287 298 305 307 308 309 313 314 315 317 319 
320 324 327 333 334 342 345 348 354 355 358 362 
363 365 366 372 376 379 381 382 384 389 393 396 
397 402 403 411 418 420 421 424 426 431 435 438 
439 443 446 449 466 467 469 470 471 473 474 476 
477 478 480 482 483 492 493 495 496 501 507 510 
511 513 514 518 526 527 528 533 534 535 537 538 
539 543 546 548 557 558 562 568 573 575 580 581 
589 590 591 592 595 599 607 610 612 614 615 616 
618 619 620 622 623 624 634 636 639 640 641 643 
644 647 649 652 655 658 666 667 681 682 683 684 
689 690 691 695 698 700 706 707 708 709 713 714 
728 733 738 739 740 741 746 748 749 752 754 756 
757 761 765 769 770 772 774 776 781 785 787 789 
792 799 
257
1 3 4 6 11 12 17 18 19 22 26 30 
31 36 38 39 40 41 42 43 47 51 54 55 
59 64 65 66 70 73 74 75 78 79 83 90 
92 98 99 102 103 108 111 112 113 114 116 117 
119 126 133 136 137 139 140 141 143 145 147 149 
152 153 154 155 158 166 172 173 175 177 179 187 
189 191 195 197 203 205 210 212 223 225 231 233 
235 236 244 247 249 252 254 258 260 262 266 267 
271 273 276 277 280 290 291 297 298 308 310 319 
324 325 329 340 341 342 343 344 345 353 356 358 
361 362 364 365 366 369 374 383 384 386 394 395 
397 405 409 412 417 421 427 428 429 431 432 440 
446 447 448 452 454 455 456 465 466 471 472 476 
480 481 485 496 501 502 512 516 517 518 522 523 
524 526 528 533 535 537 541 542 543 547 549 552 
554 563 570 572 577 578 580 584 585 588 594 600 
603 604 605 610 612 619 625 628 630 634 635 637 
638 639 643 648 652 654 657 667 671 676 678 681 
684 697 703 707 710 712 713 714 721 725 730 732 
733 734 737 740 746 747 750 753 754 758 762 764 
766 768 769 770 771 772 774 780 787 788 791 792 
793 797 798 799 800 
231
1 6 15 25 29 31 35 39 42 45 46 49 
52 53 55 60 66 67 71 72 74 79 86 88 
90 92 93 96 98 100 105 112 113 118 120 124 
130 133 135 142 143 154 155 163 164 165 168 172 
173 174 179 181 184 189 190 191 200 202 205 214 
217 227 229 231 238 239 242 244 246 252 256 257 
261 272 274 280 284 285 296 298 300 305 311 312 
314 315 317 318 321 322 325 326 329 333 334 337 
340 344 347 356 359 364 366 372 377 380 389 391 
396 400 404 405 413 415 416 418 419 421 425 426 
427 435 440 442 443 446 447 453 459 460 469 472 
479 489 492 496 504 506 508 509 517 519 521 523 
525 526 532 533 541 544 545 546 548 551 562 564 
567 570 572 573 579 580 585 586 587 588 593 595 
597 604 606 607 608 609 612 615 623 624 628 629 
635 636 637 642 643 657 658 659 665 669 671 673 
676 678 679 680 682 689 691 692 695 698 699 701 
703 704 708 713 714 718 723 729 735 747 749 751 
753 754 762 767 768 773 776 780 783 784 785 787 
789 793 797 
245
1 5 6 12 15 27 29 34 35 38 43 44 
49 51 53 58 62 63 67 68 71 73 76 77 
78 80 84 88 94 95 99 106 111 112 113 114 
115 116 117 118 122 128 133 134 137 139 141 147 
149 150 154 156 163 167 169 172 176 178 181 183 
184 187 191 192 197 198 201 202 205 206 209 213 
216 217 221 227 228 230 231 243 245 252 256 257 
267 270 272 273 275 279 281 283 286 291 292 295 
297 306 312 313 316 321 323 324 325 327 333 334 
337 338 342 343 345 347 351 353 355 357 359 361 
362 363 365 369 373 374 377 382 384 389 390 391 
394 397 400 402 408 411 415 428 431 433 436 443 
446 455 458 459 462 464 467 469 473 477 481 482 
483 484 485 488 493 496 499 506 507 508 518 522 
523 527 528 529 533 535 541 544 546 552 554 561 
564 567 571 572 573 575 589 603 604 605 606 612 
615 619 621 622 629 634 637 638 641 644 645 646 
647 654 658 659 660 665 667 670 671 679 683 693 
698 699 703 712 716 717 719 720 723 726 729 730 
740 741 743 748 755 756 758 759 761 762 763 772 
773 774 776 781 795 
233
2 12 16 18 20 21 23 26 27 29 30 32 
35 38 43 46 53 57 63 77 80 83 84 95 
96 98 101 102 106 111 112 114 117 118 125 126 
127 129 131 132 141 146 149 150 151 158 159 164 
165 166 175 176 180 184 187 189 191 205 218 219 
223 233 235 238 245 246 247 255 257 258 260 273 
274 283 299 301 304 306 314 315 316 318 322 324 
325 326 327 331 334 335 336 337 340 341 342 351 
355 357 358 366 368 369 370 371 377 379 383 385 
387 393 394 397 399 401 403 404 405 407 411 413 
414 416 426 430 433 435 438 442 447 452 456 458 
459 464 469 474 476 480 486 487 497 499 507 511 
512 513 514 518 533 538 540 541 544 545 546 547 
548 550 557 559 560 561 562 564 572 575 580 586 
594 595 596 600 605 609 610 615 621 623 625 627 
628 630 632 633 636 640 645 652 660 661 662 663 
664 666 668 674 679 681 688 689 692 701 702 703 
713 716 722 723 729 730 735 737 749 750 753 755 
756 760 761 762 763 765 767 772 773 777 779 780 
783 785 786 790 800 
240
1 3 5 6 10 11 17 18 19 21 25 28 
35 36 37 42 43 47 48 50 53 54 56 58 
59 69 76 77 78 87 93 94 96 99 100 108 
112 113 114 115 118 119 126 127 129 133 139 140 
141 142 146 151 156 162 165 167 170 182 186 189 
197 198 201 207 210 219 220 221 222 226 228 229 
233 234 235 236 239 246 250 251 262 264 266 268 
271 275 277 281 283 284 293 294 297 299 300 304 
308 309 314 316 326 328 330 332 333 336 345 346 
353 355 359 364 369 380 381 385 387 393 396 401 
403 413 417 420 421 428 431 435 436 440 449 450 
451 453 454 455 459 464 467 474 486 498 499 502 
504 511 512 515 518 519 520 521 524 526 535 537 
539 547 554 559 561 566 572 574 575 576 581 583 
586 588 589 594 595 599 600 601 602 605 606 611 
613 614 617 620 623 626 632 638 640 647 648 649 
651 655 660 664 672 679 680 681 683 685 690 692 
696 697 701 702 704 707 713 717 718 722 724 727 
728 729 734 735 736 742 743 747 756 757 758 759 
762 763 770 771 776 778 780 781 788 791 792 795 
243
2 8 22 23 29 32 33 37 38 39 43 53 
55 59 60 61 63 64 73 77 80 84 95 102 
107 116 120 121 122 123 126 128 132 136 139 140 
142 143 144 147 148 151 152 158 165 168 169 173 
178 182 183 189 196 201 203 205 209 210 213 215 
217 218 220 223 231 232 233 247 249 250 252 253 
254 255 256 259 264 265 268 269 270 277 280 285 
289 293 295 307 308 311 313 315 318 321 323 325 
328 329 331 340 341 342 343 345 346 347 351 353 
358 371 372 378 379 381 384 387 390 392 398 399 
404 409 412 413 420 422 424 425 426 436 437 438 
439 440 442 443 446 447 449 450 452 455 458 462 
464 470 471 473 474 476 477 478 489 493 496 498 
500 505 510 515 520 525 531 532 534 538 540 543 
544 545 557 560 563 570 571 572 574 578 580 581 
582 593 596 597 600 601 603 606 611 615 628 636 
643 648 651 652 653 660 664 666 668 671 675 684 
685 690 692 693 695 704 716 718 723 724 728 729 
730 731 732 734 737 738 739 740 741 742 746 751 
754 759 760 761 762 763 764 774 775 778 783 784 
790 798 799 
228
3 4 7 9 15 21 22 36 37 42 54 56 
60 61 62 66 70 74 78 85 87 88 89 91 
93 101 103 104 105 107 110 114 115 120 122 124 
125 126 137 142 143 152 157 158 164 168 170 178 
179 180 181 185 187 189 190 192 194 195 200 201 
202 203 204 206 207 212 219 225 226 228 230 237 
253 255 257 259 261 266 280 281 282 284 285 286 
290 295 297 308 311 323 332 334 336 342 352 354 
363 364 372 376 378 383 384 385 386 389 390 397 
401 403 407 409 411 412 414 415 418 426 434 437 
440 444 449 453 455 459 461 464 465 466 468 473 
475 476 481 484 489 490 491 496 499 512 513 515 
517 519 520 521 531 532 533 534 535 537 539 541 
543 544 555 559 571 573 575 578 579 581 591 594 
604 607 610 612 615 622 623 636 639 643 644 645 
646 647 650 654 655 660 661 662 666 668 677 678 
681 686 692 693 695 699 700 701 704 705 706 711 
722 729 732 735 736 740 741 746 747 752 755 756 
759 765 769 770 772 777 781 790 791 793 794 795 
262
1 4 9 16 23 26 33 35 38 41 46 49 
50 52 54 64 66 68 69 72 75 77 78 81 
83 84 86 87 90 96 103 104 109 111 112 114 
115 123 126 128 130 131 133 136 137 139 140 141 
142 144 145 147 148 152 154 158 160 161 165 166 
171 173 177 183 185 186 189 192 208 209 213 215 
220 221 226 231 232 234 236 239 242 244 245 247 
248 267 270 271 272 273 275 277 279 283 287 300 
301 304 306 307 308 311 316 320 330 332 340 346 
354 356 357 358 359 360 363 365 366 367 368 371 
375 380 389 397 402 405 406 407 414 416 419 420 
422 426 428 431 434 436 441 442 443 448 450 455 
461 462 466 467 470 474 476 478 480 481 482 488 
489 490 495 501 505 506 507 508 509 516 518 524 
525 528 531 536 540 543 544 548 552 557 561 562 
563 564 565 566 568 572 574 575 581 585 587 595 
596 597 598 600 607 610 613 614 620 621 627 628 
630 631 632 637 638 639 643 644 645 646 655 657 
658 662 663 667 672 674 678 682 683 690 695 698 
699 702 704 707 709 713 714 731 732 733 734 735 
736 744 746 751 756 758 760 765 766 767 769 770 
771 773 774 775 777 782 787 791 795 800 
248
1 10 14 18 24 25 26 29 33 34 36 38 
40 44 45 49 53 55 56 58 64 67 71 76 
77 79 81 82 84 88 90 94 96 100 103 105 
116 118 125 133 135 138 140 143 145 148 151 153 
154 157 161 163 164 168 169 171 172 174 175 182 
184 186 189 197 199 210 211 218 219 224 225 235 
236 237 238 240 242 243 246 250 251 254 257 262 
264 269 274 276 279 282 283 290 293 297 299 300 
303 311 312 313 317 320 321 324 327 335 337 338 
340 341 343 348 362 370 376 379 382 383 393 394 
401 403 407 408 411 412 413 417 418 422 425 426 
427 436 437 438 439 443 448 450 455 456 457 464 
465 469 470 472 475 476 480 481 484 487 488 497 
499 500 504 505 507 512 513 514 515 518 521 523 
528 530 532 542 543 548 551 559 560 563 567 568 
576 577 578 579 582 584 594 595 602 608 611 613 
614 628 630 631 632 634 636 637 638 639 640 641 
642 651 654 656 657 659 663 664 665 666 667 668 
674 679 688 690 693 696 697 700 703 705 706 714 
718 723 724 725 731 732 734 740 741 746 748 757 
762 763 774 776 777 783 786 792 
263
3 8 11 16 19 23 27 28 29 30 33 34 
36 38 42 43 44 46 58 64 67 68 69 70 
72 78 79 81 83 84 88 91 93 98 103 110 
111 112 119 126 127 129 131 135 138 139 148 150 
155 165 167 173 175 183 185 196 198 200 201 205 
209 210 214 217 222 223 224 230 232 234 237 249 
251 254 259 260 261 263 272 273 275 276 278 280 
284 285 293 295 301 302 303 304 309 315 318 320 
323 327 331 333 335 336 342 343 344 349 351 352 
353 355 361 366 385 390 393 401 403 406 415 420 
422 423 432 433 435 436 440 441 442 443 445 450 
452 457 458 460 468 470 471 474 475 480 487 492 
494 496 497 504 506 508 510 512 516 518 527 529 
534 537 538 540 543 544 545 548 549 550 556 561 
565 568 569 570 571 575 578 579 581 584 585 586 
588 592 595 596 598 603 604 605 606 612 614 617 
619 620 621 622 623 624 625 630 632 635 638 640 
642 649 655 657 664 665 666 669 670 671 674 675 
676 679 684 687 688 689 697 698 704 705 706 709 
716 718 719 722 723 725 726 729 730 732 733 736 
747 752 753 758 760 763 766 769 772 774 775 778 
779 780 781 782 783 785 791 794 795 796 800 
231
14 16 17 23 29 30 35 41 42 47 48 49 
50 53 58 62 65 67 68 69 71 74 76 78 
80 87 94 95 101 109 113 115 120 127 128 132 
133 139 147 148 156 158 159 162 163 164 167 169 
175 177 180 188 190 196 203 206 213 215 216 219 
222 223 231 233 234 236 238 241 243 244 247 251 
259 260 264 268 269 272 274 280 283 288 294 297 
301 303 304 305 312 315 322 324 326 327 333 334 
337 341 343 345 353 354 361 363 374 378 381 382 
390 391 392 395 398 402 406 412 414 415 417 425 
426 429 431 441 446 456 457 458 461 468 469 470 
472 478 482 483 484 487 490 491 493 498 500 501 
502 505 506 515 516 519 521 537 544 545 546 548 
550 551 572 578 582 585 586 591 593 595 596 600 
604 607 608 612 614 619 622 628 629 635 639 641 
646 649 652 653 654 660 661 665 668 671 674 676 
678 680 681 682 683 686 687 690 695 696 702 703 
705 708 709 711 717 725 730 731 733 736 739 741 
744 745 749 758 763 764 778 781 787 789 792 794 
797 799 800 
235
6 7 11 13 15 21 22 24 30 31 33 36 
43 44 46 47 50 51 52 54 56 62 64 68 
74 78 80 81 90 97 99 102 103 108 109 116 
118 119 126 127 129 131 132 137 143 147 158 165 
167 168 174 179 181 185 191 194 198 208 211 214 
215 219 226 228 236 239 249 250 261 262 264 266 
270 274 283 284 290 291 296 298 300 302 311 312 
314 316 321 330 332 333 336 337 338 341 346 347 
350 357 364 370 371 373 379 381 387 390 394 395 
397 400 401 404 406 407 408 409 410 411 415 417 
419 420 423 431 433 434 436 440 442 443 448 450 
454 458 463 466 467 472 473 474 475 477 479 482 
483 487 492 494 495 500 503 506 509 510 525 526 
529 535 540 541 543 544 546 547 548 556 564 569 
576 578 581 582 583 585 589 592 597 599 600 603 
609 612 616 617 620 621 622 628 629 631 633 639 
642 644 645 655 657 660 669 672 675 692 696 697 
698 700 702 705 706 707 708 711 719 727 728 729 
735 739 747 749 750 759 760 761 766 770 776 784 
787 790 794 795 797 798 800 
235
8 10 15 16 19 21 23 27 34 39 41 45 
49 54 57 59 61 69 72 81 95 96 100 101 
103 106 108 110 115 120 121 123 128 130 133 135 
140 141 144 159 164 165 168 173 182 189 193 194 
195 197 205 207 208 209 210 211 212 216 217 218 
219 224 226 228 231 232 233 234 236 238 239 247 
249 250 262 263 265 268 273 277 278 280 286 287 
288 291 293 294 298 310 312 315 324 325 328 332 
334 335 338 359 362 364 365 381 390 391 392 393 
398 405 407 408 409 412 413 416 419 421 422 426 
428 430 432 434 442 444 445 446 447 451 459 463 
464 465 472 475 483 486 491 492 494 495 497 500 
503 504 505 510 524 525 529 531 535 538 550 558 
559 573 576 579 580 581 587 589 590 595 596 597 
598 602 608 612 613 614 620 625 626 628 631 635 
637 645 653 656 657 660 666 667 668 673 674 675 
677 678 686 688 689 690 692 693 694 701 707 709 
715 717 719 720 722 724 728 733 734 736 737 739 
742 744 747 750 751 754 755 762 763 765 770 775 
779 782 783 788 789 797 799 
254
2 12 18 20 21 28 32 37 40 41 42 45 
47 48 49 51 58 62 63 64 65 67 70 76 
81 82 85 86 89 98 99 100 106 108 116 118 
119 121 125 130 131 132 134 140 143 145 149 151 
156 159 165 166 173 174 176 178 180 182 188 189 
193 204 207 210 212 214 224 226 230 233 234 235 
236 242 243 245 248 249 250 251 252 253 257 258 
259 264 269 271 273 276 277 278 279 281 285 286 
293 296 298 299 303 304 310 311 312 314 315 317 
323 330 333 334 343 344 345 348 350 352 354 359 
360 363 368 369 370 371 376 377 379 383 384 385 
389 399 402 403 405 406 410 419 420 425 432 434 
435 436 439 442 444 453 455 462 463 464 466 468 
474 476 477 481 482 489 490 491 498 500 507 509 
513 514 520 523 525 526 533 534 535 543 545 546 
549 556 557 558 560 564 571 574 583 592 593 595 
598 599 607 610 612 617 620 622 627 630 633 634 
638 642 645 650 654 659 662 667 673 677 683 687 
688 689 694 696 698 699 702 703 704 705 709 710 
713 718 721 730 736 737 743 749 753 755 756 759 
762 765 766 773 774 775 783 784 785 786 789 798 
799 800 
241
2 10 14 23 24 28 31 32 35 38 40 45 
47 48 50 51 64 67 71 73 78 80 81 86 
87 88 89 91 93 94 100 104 105 106 107 110 
111 117 121 126 129 133 139 141 147 154 155 160 
162 164 165 166 174 176 181 185 188 189 190 195 
199 200 201 205 212 213 215 218 219 220 224 231 
236 237 240 245 251 252 257 258 265 273 276 279 
280 281 283 285 286 288 289 294 296 298 299 308 
310 313 314 317 327 329 331 333 335 342 346 347 
348 352 363 366 367 372 380 381 383 391 395 396 
398 402 405 414 416 426 427 428 436 438 442 446 
448 450 459 460 464 467 477 491 493 502 510 511 
518 519 521 526 527 531 534 537 540 541 542 546 
548 551 552 554 556 559 560 563 567 573 577 579 
581 585 586 587 590 591 593 594 601 602 609 611 
614 616 618 619 622 626 627 628 629 630 632 634 
637 639 640 643 648 650 654 656 657 660 661 664 
666 667 673 674 676 682 683 685 686 687 688 690 
698 702 705 707 708 719 720 731 734 737 739 741 
746 752 760 762 765 766 769 774 779 781 782 796 
800 
234
1 7 8 10 11 15 18 30 37 39 41 46 
49 56 57 59 63 64 65 69 71 75 78 79 
87 88 93 98 101 103 105 110 111 112 113 115 
118 120 126 132 135 138 140 142 146 147 149 150 
151 153 155 157 159 165 167 168 171 175 178 179 
186 189 192 194 202 203 204 210 212 213 215 218 
222 224 234 244 247 249 252 254 258 263 266 268 
271 273 274 276 277 280 285 287 288 289 290 292 
294 296 297 305 307 312 314 315 319 320 322 323 
333 335 336 339 344 347 349 351 356 358 360 361 
363 368 369 374 377 380 385 397 409 411 414 415 
417 418 420 423 428 445 451 456 464 465 468 471 
473 480 481 484 487 489 492 496 507 508 512 513 
527 528 536 540 544 551 552 553 554 558 559 560 
563 567 572 573 582 583 587 596 601 607 610 615 
618 620 626 629 635 636 642 643 644 645 646 647 
652 657 663 664 669 670 671 672 675 676 679 685 
695 705 708 714 715 717 723 727 733 738 740 743 
745 751 752 753 755 757 758 759 760 763 765 767 
769 781 782 784 789 799 
250
1 4 7 10 11 13 19 20 25 34 36 37 
38 39 45 47 48 49 50 54 57 58 61 65 
68 72 74 83 91 92 93 94 95 96 97 99 
100 111 117 123 124 131 132 133 138 141 145 146 
148 150 152 155 157 159 161 162 171 172 173 176 
177 178 186 190 192 196 202 203 205 206 208 210 
211 212 223 227 233 236 251 256 264 269 270 271 
272 278 280 283 284 287 288 292 301 304 306 315 
317 319 322 323 324 328 330 331 332 334 335 343 
348 349 351 358 360 361 364 366 369 376 382 383 
384 385 394 398 405 408 412 420 421 425 427 428 
429 430 434 440 441 444 446 447 452 456 457 460 
464 467 473 478 481 485 489 491 492 493 497 499 
500 505 514 520 521 522 524 526 530 532 535 537 
546 551 552 557 571 572 577 578 582 589 591 592 
595 598 599 600 601 611 612 613 614 619 623 628 
634 637 638 646 647 648 657 660 663 667 668 678 
679 684 685 686 687 694 695 697 703 709 711 716 
718 721 722 725 728 730 737 738 739 741 743 744 
746 747 750 751 752 754 755 756 763 766 767 768 
772 774 775 780 781 783 784 789 792 795 
254
1 3 5 7 8 14 19 20 30 34 36 39 
41 45 48 50 52 56 57 60 64 65 67 68 
70 71 72 76 77 80 82 96 99 100 103 106 
108 112 115 117 118 119 120 121 125 126 127 128 
130 137 144 145 146 155 159 161 165 166 170 180 
183 186 189 192 196 198 199 206 209 211 213 214 
216 223 231 238 244 251 253 254 259 260 263 264 
268 273 274 282 285 287 290 291 298 300 303 313 
314 315 316 322 324 325 328 340 341 345 346 354 
357 363 365 366 367 369 370 372 373 374 375 378 
379 380 388 390 392 403 408 409 410 411 419 421 
423 425 426 427 439 440 442 451 453 454 457 459 
460 462 469 472 477 478 482 484 490 494 496 497 
501 508 511 517 519 520 524 530 531 533 537 539 
541 543 548 552 554 561 566 573 584 586 588 589 
590 591 604 610 611 612 613 614 615 618 619 620 
623 625 626 628 629 630 635 636 638 640 641 644 
646 649 650 653 665 667 670 673 679 681 691 695 
696 700 701 706 710 712 718 719 725 726 727 733 
734 737 739 741 742 744 746 752 754 755 758 760 
762 764 767 768 777 778 779 782 784 785 790 795 
797 798 
225
5 7 8 21 26 28 29 31 41 44 45 48 
49 53 54 55 59 61 65 69 72 82 85 87 
91 98 99 100 103 109 112 114 127 134 135 142 
143 144 151 158 163 170 175 176 182 186 189 191 
195 204 209 210 214 215 217 227 228 230 231 232 
235 238 241 243 248 256 259 263 272 274 288 289 
291 294 297 299 304 306 309 311 313 315 318 324 
325 328 333 339 344 345 348 350 360 364 367 369 
373 376 377 387 388 390 393 401 406 409 414 415 
419 420 421 424 427 429 435 439 440 443 450 451 
452 460 472 473 475 478 480 483 485 492 498 501 
503 508 512 516 520 521 522 523 530 532 535 536 
537 557 558 562 567 570 573 574 576 582 583 584 
588 592 593 595 596 600 605 609 615 622 623 624 
625 626 630 631 634 636 637 638 640 641 643 644 
646 647 649 650 653 655 660 664 673 676 678 681 
683 686 688 691 694 696 698 709 713 714 723 727 
733 734 735 746 748 750 751 754 757 758 764 773 
777 781 785 786 787 788 791 796 799 
223
4 7 9 11 14 18 25 31 34 35 38 41 
45 47 50 54 56 62 70 75 77 79 80 99 
103 106 108 111 115 118 119 122 132 135 140 148 
151 152 159 160 163 164 170 172 183 191 193 195 
198 204 207 210 214 215 217 219 220 225 229 241 
245 250 254 256 260 266 269 270 271 273 275 276 
278 279 283 284 290 291 292 294 302 304 305 308 
309 313 322 325 331 332 333 337 341 342 343 346 
350 352 355 356 360 366 367 372 373 381 382 384 
388 389 390 391 393 394 395 398 400 402 405 410 
412 416 420 421 423 424 426 430 431 432 438 440 
442 446 448 458 465 469 478 479 481 483 490 493 
497 498 506 507 521 525 528 538 540 543 548 553 
555 558 559 560 562 571 572 574 581 583 585 586 
587 591 593 594 600 613 623 626 627 630 634 638 
639 649 660 662 666 670 674 679 688 689 694 695 
697 699 713 718 721 727 731 732 737 740 742 746 
754 755 757 759 761 765 769 770 773 775 777 781 
788 792 794 795 796 798 800 
244
9 13 14 24 28 33 34 35 38 39 45 48 
50 51 53 56 57 62 63 65 75 76 79 83 
85 95 97 98 100 111 113 117 118 126 127 130 
131 133 134 136 139 142 144 152 155 157 160 165 
166 170 177 179 180 184 189 191 193 195 199 200 
201 203 205 206 208 209 210 220 226 231 233 235 
238 242 244 246 248 249 250 252 255 259 261 262 
265 267 268 273 274 275 280 281 288 290 296 297 
299 300 301 308 320 324 326 327 328 329 330 331 
335 336 341 344 346 351 352 353 356 360 362 366 
370 376 378 380 381 387 392 403 404 406 410 412 
413 414 416 418 421 424 427 433 441 445 449 451 
453 459 460 463 465 471 473 474 480 482 486 488 
493 494 498 511 513 514 516 518 521 523 526 536 
542 548 559 561 563 567 570 571 576 579 582 595 
597 605 614 615 616 617 623 628 633 638 639 640 
644 647 648 649 653 654 656 658 663 664 665 666 
669 670 672 674 676 677 684 686 687 688 693 695 
698 699 700 705 716 717 724 729 731 733 737 738 
739 740 745 748 750 756 759 768 777 780 786 787 
791 792 799 800 
234
6 9 12 13 18 22 25 27 29 35 40 41 
42 47 58 59 62 63 64 65 66 69 70 72 
73 74 78 80 81 82 84 88 89 90 92 94 
95 104 105 111 113 115 116 120 123 125 126 127 
129 130 135 136 137 142 147 154 160 162 165 167 
179 184 188 190 192 193 198 201 202 210 212 214 
216 225 227 231 232 234 241 244 245 246 248 263 
265 271 272 273 274 278 279 283 285 287 292 293 
299 301 302 304 305 307 313 314 315 317 321 338 
341 342 347 354 358 362 363 372 373 376 379 382 
383 390 392 395 400 407 412 413 415 420 424 426 
435 438 441 444 448 449 450 452 453 461 464 470 
471 472 474 484 488 491 493 502 503 507 517 518 
521 523 527 535 536 541 542 544 555 562 564 565 
569 571 572 579 588 589 592 599 606 607 608 611 
612 615 621 629 633 641 643 644 650 665 667 668 
671 672 674 680 683 685 686 690 692 694 695 698 
700 708 709 712 714 719 721 724 727 729 735 739 
741 743 746 748 750 758 761 762 765 767 768 775 
777 784 786 787 797 799 
234
1 5 6 11 12 20 23 25 28 29 32 33 
34 40 54 55 57 59 61 62 64 65 67 69 
81 85 89 91 94 96 97 98 99 103 104 105 
109 111 114 117 118 127 133 135 137 140 143 145 
146 152 155 158 162 168 169 174 179 183 194 195 
197 199 201 204 207 208 218 220 224 229 230 233 
234 235 236 239 243 247 249 251 253 256 261 262 
265 274 281 282 284 287 288 294 295 298 303 309 
315 317 319 330 334 337 342 353 354 355 357 358 
360 361 364 366 368 372 373 384 392 394 396 401 
403 405 407 414 415 419 422 427 431 432 433 442 
443 446 447 452 458 465 466 469 474 476 478 480 
483 487 492 493 494 495 497 501 503 508 512 513 
527 529 530 547 553 554 555 556 557 560 561 566 
568 569 570 574 577 578 586 596 600 603 607 609 
611 620 625 627 630 635 636 641 649 651 653 661 
663 669 671 674 676 680 684 690 692 697 701 705 
713 715 716 718 719 729 731 732 734 736 737 738 
739 740 743 745 749 750 751 752 753 761 778 779 
781 784 791 793 796 798 
232
1 2 8 9 16 19 22 26 27 32 33 36 
37 38 39 49 50 54 63 64 67 68 69 79 
83 87 88 92 97 102 110 112 118 124 125 128 
136 140 141 143 144 145 149 150 151 152 164 165 
166 168 170 171 172 173 174 178 180 183 186 191 
192 194 202 203 206 207 209 218 223 224 225 230 
231 237 246 248 255 256 257 265 267 273 280 282 
284 285 288 290 291 292 298 303 304 306 308 311 
312 313 316 318 322 325 327 333 335 336 339 343 
344 345 353 356 357 360 361 363 366 368 370 373 
374 381 382 389 392 393 399 407 410 418 424 431 
435 436 437 439 443 447 453 456 460 462 478 485 
487 491 496 504 506 507 508 512 513 515 520 522 
523 524 530 532 537 540 541 542 545 560 566 567 
569 571 582 585 587 593 595 596 606 607 608 610 
611 614 615 616 620 622 624 625 627 640 647 650 
654 655 656 663 665 666 668 670 679 680 682 688 
692 694 696 698 699 702 716 717 718 719 729 732 
738 751 756 767 772 775 776 777 781 783 784 790 
791 794 796 800 
238
1 8 9 10 17 18 19 23 26 33 38 39 
41 44 47 49 51 55 56 61 63 66 69 76 
80 84 87 90 96 101 102 104 107 110 117 122 
123 131 132 138 143 150 157 158 161 164 165 168 
170 171 176 177 179 186 192 196 197 201 204 205 
206 210 216 217 218 225 231 232 233 237 238 239 
246 257 259 260 266 269 277 279 288 291 293 297 
301 303 304 311 317 325 327 331 334 335 337 339 
342 349 350 351 352 355 358 359 361 367 369 371 
375 376 377 378 380 381 383 391 393 395 397 407 
414 421 423 425 426 429 437 443 444 450 453 458 
459 460 463 464 470 472 475 478 479 484 487 490 
495 498 502 504 508 516 522 523 524 526 528 533 
534 535 541 548 550 552 559 568 570 571 572 576 
577 579 581 582 584 585 587 590 593 594 597 599 
603 604 605 607 617 620 624 630 631 633 636 641 
647 652 654 655 663 672 676 677 678 680 682 689 
692 695 702 706 708 709 710 712 714 716 720 721 
731 735 736 738 739 740 743 751 752 754 755 756 
765 768 770 772 777 784 785 788 794 796 
227
2 6 8 10 15 19 21 23 27 28 30 31 
32 33 35 40 42 44 58 60 65 66 67 69 
72 76 77 80 83 95 101 104 109 110 116 117 
119 124 129 139 144 145 147 152 156 160 165 167 
168 172 179 181 186 187 188 191 192 195 197 207 
209 217 219 221 222 224 226 228 231 232 234 237 
249 250 252 264 266 271 272 273 274 275 286 294 
296 299 301 303 310 312 313 314 321 327 331 333 
335 344 345 351 356 360 363 368 378 381 382 383 
388 390 392 393 394 401 403 404 405 410 412 416 
418 420 430 435 438 441 442 444 447 450 456 457 
461 462 463 464 468 487 514 521 524 526 528 531 
533 538 543 544 545 548 550 556 558 560 561 563 
566 570 573 575 586 589 590 593 597 598 599 601 
602 603 604 611 612 634 638 640 641 642 646 648 
657 661 662 663 667 676 678 681 683 685 686 688 
690 691 693 694 697 698 701 702 706 710 712 713 
724 725 726 732 733 736 737 741 743 747 748 755 
758 765 773 775 777 785 789 790 796 797 800 
248
6 7 9 11 15 16 17 20 32 36 37 39 
41 44 50 52 54 55 57 61 62 67 73 75 
77 81 82 84 85 87 89 95 102 103 105 106 
107 112 114 117 118 121 127 131 134 135 136 138 
142 143 146 148 156 158 160 163 169 176 178 180 
182 184 186 196 204 206 208 210 213 216 225 232 
233 234 236 248 250 251 253 258 259 260 261 263 
267 271 280 288 294 295 297 300 302 303 304 305 
309 312 317 319 320 321 322 324 325 326 327 332 
333 336 337 338 341 352 353 359 366 379 391 395 
398 401 402 407 410 421 428 430 432 433 440 441 
442 447 452 462 466 468 475 480 482 483 490 491 
492 496 498 502 503 504 506 507 508 510 513 516 
517 519 521 527 529 533 537 541 542 554 561 565 
569 575 577 578 583 588 591 592 596 598 600 601 
608 609 610 612 613 622 625 628 629 631 634 638 
640 641 642 643 646 648 653 655 656 658 661 663 
664 666 667 668 669 675 676 681 684 689 694 697 
698 699 705 707 708 713 714 718 724 725 729 733 
740 741 748 750 753 754 756 757 758 761 764 769 
772 778 780 784 785 788 791 796 
240
9 12 18 21 29 32 35 38 40 41 42 44 
50 53 54 58 59 64 65 72 76 81 87 92 
98 103 104 106 116 119 123 128 130 131 133 134 
137 144 147 148 150 154 156 157 164 167 168 169 
171 172 173 175 184 188 189 194 198 200 205 208 
211 218 221 223 225 226 228 235 242 246 247 248 
249 251 255 266 268 270 272 273 276 280 282 284 
290 293 295 298 300 302 304 305 309 316 325 326 
330 336 344 345 346 348 352 363 366 367 368 370 
377 379 382 389 391 392 396 397 400 404 407 408 
416 418 419 420 421 422 423 424 428 429 431 441 
444 445 447 461 463 468 470 472 476 484 486 496 
503 505 508 510 511 514 515 516 521 527 531 532 
535 537 538 551 552 554 560 566 568 571 577 580 
581 582 585 587 589 590 597 598 602 604 607 611 
612 614 615 619 628 631 632 633 638 640 641 643 
644 647 648 650 655 660 661 670 671 674 676 678 
682 684 685 686 687 692 693 697 706 708 711 714 
722 723 724 727 731 732 734 736 738 741 743 744 
752 754 757 760 763 770 773 775 776 778 797 798 
243
2 14 15 19 21 22 23 24 35 36 43 45 
46 48 53 66 67 69 72 76 82 84 88 92 
99 102 107 111 113 114 115 117 118 121 124 125 
136 140 141 142 148 149 158 160 163 166 167 168 
172 174 175 179 181 187 190 191 192 193 197 203 
205 211 213 214 215 225 232 237 239 242 244 254 
255 258 263 266 267 270 272 275 279 284 286 287 
288 289 292 293 295 302 305 307 315 317 320 324 
328 331 334 336 341 343 352 353 358 361 362 364 
368 370 371 372 374 375 376 379 383 384 387 388 
392 394 398 399 402 404 406 407 410 412 413 416 
418 419 425 430 440 446 448 454 455 458 459 461 
466 469 475 477 482 483 484 485 491 496 500 501 
504 508 512 515 521 530 531 534 537 540 542 546 
549 551 554 556 557 559 561 564 567 568 573 587 
588 597 598 599 603 605 606 608 609 617 618 620 
625 631 638 639 640 642 646 648 657 658 663 666 
669 670 677 678 685 687 696 699 704 706 707 713 
714 715 717 718 719 720 723 725 727 728 729 730 
732 736 737 738 743 753 758 768 777 781 787 789 
793 796 799 
241
1 3 5 7 10 11 15 16 25 29 35 36 
40 43 48 58 60 65 67 68 71 72 74 75 
79 84 85 91 96 99 100 102 105 106 107 108 
116 118 123 126 129 135 138 142 150 152 153 157 
164 165 168 181 185 189 190 200 202 203 206 209 
210 212 218 219 230 235 237 244 248 250 251 254 
255 256 258 259 267 268 269 272 273 284 286 292 
294 301 303 307 309 317 318 325 330 334 336 337 
341 342 343 348 350 351 356 359 360 361 364 367 
372 374 376 387 396 397 398 399 402 407 409 413 
416 419 420 422 425 432 436 437 438 439 448 453 
454 458 460 467 469 472 474 477 479 480 485 487 
488 494 495 501 503 514 515 516 517 518 520 521 
523 524 525 526 530 532 536 537 540 541 542 544 
545 546 547 552 558 560 563 565 571 574 575 576 
577 589 590 592 594 595 604 609 612 620 624 626 
628 631 634 639 640 650 651 653 654 659 660 661 
662 667 672 675 678 681 684 685 686 689 690 694 
695 696 701 708 712 714 717 723 726 728 749 751 
752 753 759 763 765 777 780 789 791 793 797 798 
799 
243
3 4 6 8 10 14 15 19 23 25 30 31 
36 37 47 48 53 57 58 62 63 64 71 74 
83 84 85 88 90 94 95 96 98 108 109 110 
111 112 114 115 121 122 124 130 131 132 134 136 
137 144 145 146 147 148 153 155 158 160 162 163 
169 175 181 182 183 184 188 189 190 196 200 205 
207 208 213 217 223 227 231 233 234 236 237 238 
241 247 254 256 257 258 259 260 261 270 273 280 
285 286 296 301 304 307 311 320 321 325 326 328 
333 337 342 346 357 364 368 369 372 379 380 381 
383 384 385 389 390 391 397 401 404 406 412 426 
427 428 439 442 443 449 453 454 456 458 460 464 
468 469 471 476 480 487 490 492 493 502 505 507 
508 510 517 523 529 532 538 539 541 543 552 554 
556 557 559 562 564 570 571 573 577 579 580 581 
582 584 591 604 605 610 618 621 623 624 626 634 
635 636 639 640 641 643 645 651 656 657 667 669 
676 679 683 691 694 698 699 702 707 716 717 718 
719 720 727 734 735 737 743 744 746 747 750 753 
763 766 768 771 772 774 775 778 779 784 785 788 
789 796 799 
254
2 3 4 9 10 16 17 21 30 42 46 48 
49 51 54 55 57 59 60 65 70 72 74 76 
84 88 89 91 94 97 105 110 111 117 118 127 
131 132 134 137 141 143 146 148 150 152 163 164 
167 172 174 176 178 180 189 190 195 196 201 205 
206 208 211 212 214 215 216 220 222 226 229 230 
232 234 238 240 243 246 247 253 259 260 261 265 
271 272 282 286 287 288 289 297 298 301 304 306 
309 310 314 316 317 322 327 329 333 338 339 340 
344 345 348 350 352 354 355 356 367 368 369 370 
378 381 387 390 392 394 395 403 404 410 416 418 
419 424 425 426 430 432 436 437 441 443 444 445 
446 447 452 455 459 463 464 469 477 479 480 481 
483 484 490 492 496 501 502 503 506 510 513 514 
516 518 521 522 526 529 530 534 537 538 539 541 
551 562 563 565 569 570 571 572 573 576 578 579 
580 581 589 591 593 601 603 604 605 607 615 617 
620 621 626 627 629 630 631 632 633 636 643 650 
651 656 658 659 665 669 672 674 675 678 680 687 
690 692 695 701 708 709 710 713 716 719 722 732 
736 739 742 748 752 759 761 765 770 775 776 777 
787 793 
236
1 6 9 13 14 18 26 27 28 32 33 37 
41 43 48 50 51 52 54 58 65 67 86 89 
90 91 94 99 100 103 105 107 109 116 121 122 
123 126 128 129 136 137 143 146 148 149 151 156 
159 160 165 176 177 180 182 185 187 190 196 209 
212 215 219 225 230 234 236 238 239 245 246 247 
253 254 257 260 266 272 273 274 275 276 279 283 
285 292 293 296 302 304 311 315 317 319 321 322 
324 330 332 333 337 342 347 351 352 354 356 357 
360 363 365 367 368 369 377 378 383 386 391 393 
398 403 404 406 407 410 411 412 413 414 419 420 
422 438 448 449 452 455 458 460 464 466 470 471 
475 478 482 483 486 492 496 497 498 503 520 521 
523 527 535 544 549 551 552 554 555 556 559 560 
566 567 568 578 580 585 586 587 590 591 593 597 
604 605 609 613 615 616 621 624 629 630 631 633 
642 644 650 660 662 669 671 678 679 681 685 686 
687 688 689 693 694 696 701 713 716 722 729 733 
739 741 744 745 749 750 753 758 760 766 770 771 
772 774 781 782 786 788 798 800 
223
1 6 19 22 25 26 27 29 33 34 38 40 
42 44 52 55 56 57 61 67 73 75 79 85 
89 97 104 112 113 118 119 120 121 122 129 133 
134 139 140 143 144 145 146 148 149 152 153 162 
167 168 170 171 175 184 187 193 194 198 199 200 
204 205 208 212 213 216 222 228 230 237 239 241 
243 244 245 247 260 262 265 275 277 280 282 284 
288 290 293 298 300 303 309 314 320 321 329 332 
333 334 342 349 355 357 360 361 367 374 383 387 
388 396 404 407 409 412 414 416 421 424 427 430 
436 439 446 450 452 460 462 463 465 468 470 474 
475 477 483 485 487 495 496 500 501 508 510 513 
527 530 537 539 543 545 548 552 553 554 557 559 
560 562 565 569 572 577 578 580 588 593 594 596 
597 598 602 603 605 606 611 617 625 630 633 641 
649 650 651 653 655 659 672 675 690 692 693 694 
695 701 702 718 722 723 725 745 748 749 751 754 
755 757 759 761 762 764 769 770 771 773 775 787 
788 790 791 793 797 798 800 
243
1 3 4 10 12 20 26 32 33 34 39 42 
44 46 48 49 53 57 61 62 64 66 68 72 
73 76 82 83 86 87 93 94 95 101 103 106 
109 112 114 117 118 119 121 124 125 129 131 134 
135 144 146 147 148 152 153 154 158 159 166 169 
170 171 172 175 176 181 182 184 188 192 195 198 
199 208 209 210 212 220 226 230 234 242 243 250 
251 254 255 256 257 258 260 261 264 270 287 288 
289 290 295 301 304 309 310 311 316 321 325 327 
329 331 338 344 345 349 351 356 357 358 360 361 
362 363 368 369 371 372 374 382 384 392 394 395 
397 398 400 408 410 412 420 423 424 425 426 435 
436 437 442 445 451 452 453 454 455 456 462 464 
466 470 471 473 474 481 482 485 486 494 496 497 
500 509 510 511 518 519 522 528 534 538 541 542 
544 546 548 550 553 557 558 565 569 574 577 578 
580 603 608 609 613 614 640 645 646 648 657 661 
666 667 671 673 674 678 685 687 698 704 707 718 
719 721 724 725 726 729 730 731 732 736 741 749 
752 753 754 757 766 769 770 772 773 778 779 786 
790 794 799 
