200 800
1 1 1 1 1 1 1 1 1 1 1 1 
1 1 1 1 1 1 1 1 1 1 1 1 
1 1 1 1 1 1 1 1 1 1 1 1 
1 1 1 1 1 1 1 1 1 1 1 1 
1 1 1 1 1 1 1 1 1 1 1 1 
1 1 1 1 1 1 1 1 1 1 1 1 
1 1 1 1 1 1 1 1 1 1 1 1 
1 1 1 1 1 1 1 1 1 1 1 1 
1 1 1 1 1 1 1 1 1 1 1 1 
1 1 1 1 1 1 1 1 1 1 1 1 
1 1 1 1 1 1 1 1 1 1 1 1 
1 1 1 1 1 1 1 1 1 1 1 1 
1 1 1 1 1 1 1 1 1 1 1 1 
1 1 1 1 1 1 1 1 1 1 1 1 
1 1 1 1 1 1 1 1 1 1 1 1 
1 1 1 1 1 1 1 1 1 1 1 1 
1 1 1 1 1 1 1 1 1 1 1 1 
1 1 1 1 1 1 1 1 1 1 1 1 
1 1 1 1 1 1 1 1 1 1 1 1 
1 1 1 1 1 1 1 1 1 1 1 1 
1 1 1 1 1 1 1 1 1 1 1 1 
1 1 1 1 1 1 1 1 1 1 1 1 
1 1 1 1 1 1 1 1 1 1 1 1 
1 1 1 1 1 1 1 1 1 1 1 1 
1 1 1 1 1 1 1 1 1 1 1 1 
1 1 1 1 1 1 1 1 1 1 1 1 
1 1 1 1 1 1 1 1 1 1 1 1 
1 1 1 1 1 1 1 1 1 1 1 1 
1 1 1 1 1 1 1 1 1 1 1 1 
1 1 1 1 1 1 1 1 1 1 1 1 
1 1 1 1 1 1 1 1 1 1 1 1 
1 1 1 1 1 1 1 1 1 1 1 1 
1 1 1 1 1 1 1 1 1 1 1 1 
1 1 1 1 1 1 1 1 1 1 1 1 
1 1 1 1 1 1 1 1 1 1 1 1 
1 1 1 1 1 1 1 1 1 1 1 1 
1 1 1 1 1 1 1 1 1 1 1 1 
1 1 1 1 1 1 1 1 1 1 1 1 
1 1 1 1 1 1 1 1 1 1 1 1 
1 1 1 1 1 1 1 1 1 1 1 1 
1 1 1 1 1 1 1 1 1 1 1 1 
1 1 1 1 1 1 1 1 1 1 1 1 
1 1 1 1 1 1 1 1 1 1 1 1 
1 1 1 1 1 1 1 1 1 1 1 1 
1 1 1 1 1 1 1 1 1 1 1 1 
1 1 1 1 1 1 1 1 1 1 1 1 
1 1 1 1 1 1 1 1 1 1 1 1 
1 1 1 1 1 1 1 1 1 1 1 1 
1 1 1 1 1 1 1 1 1 1 1 1 
1 1 1 1 1 1 1 1 1 1 1 1 
1 1 1 1 1 1 1 1 1 1 1 1 
1 1 1 1 1 1 1 1 1 1 1 1 
1 1 1 1 1 1 1 1 1 1 1 1 
1 1 1 1 1 1 1 1 1 1 1 1 
1 1 1 1 1 1 1 1 1 1 1 1 
1 1 1 1 1 1 1 1 1 1 1 1 
1 1 1 1 1 1 1 1 1 1 1 1 
1 1 1 1 1 1 1 1 1 1 1 1 
1 1 1 1 1 1 1 1 1 1 1 1 
1 1 1 1 1 1 1 1 1 1 1 1 
1 1 1 1 1 1 1 1 1 1 1 1 
1 1 1 1 1 1 1 1 1 1 1 1 
1 1 1 1 1 1 1 1 1 1 1 1 
1 1 1 1 1 1 1 1 1 1 1 1 
1 1 1 1 1 1 1 1 1 1 1 1 
1 1 1 1 1 1 1 1 1 1 1 1 
1 1 1 1 1 1 1 1 
235
2 3 9 12 15 18 19 22 26 29 32 34 
36 37 39 48 50 52 54 57 60 67 69 71 
74 78 80 81 83 85 88 92 105 107 109 115 
117 118 120 122 123 124 132 138 149 151 155 157 
160 161 162 163 170 171 174 175 176 179 183 186 
191 192 193 195 199 204 206 208 216 230 234 236 
242 247 252 257 259 261 263 265 266 267 270 272 
275 277 280 297 298 299 301 303 307 314 321 326 
334 335 341 342 343 354 356 358 359 360 364 370 
371 373 374 375 377 380 384 386 390 391 393 394 
402 411 419 424 426 427 428 432 444 445 448 453 
460 468 470 473 474 483 485 486 488 499 509 513 
514 516 517 521 522 523 527 528 530 534 536 539 
546 553 556 558 562 565 570 578 579 592 599 600 
606 607 608 609 612 614 619 621 622 627 630 631 
632 634 636 640 643 645 648 649 650 651 652 653 
656 657 660 664 671 672 676 677 679 680 681 684 
687 693 694 696 699 701 702 703 705 712 717 721 
722 723 725 730 732 735 742 749 759 766 768 769 
771 778 790 793 794 795 796 
226
4 8 12 24 26 32 34 37 39 41 42 44 
51 52 53 54 57 60 70 72 78 80 82 83 
85 91 92 94 95 97 99 100 105 110 114 118 
119 125 127 138 139 143 146 148 158 164 165 168 
169 171 172 179 192 194 197 198 200 201 205 213 
218 224 226 228 230 231 233 237 239 241 251 256 
261 266 267 274 277 278 280 288 289 299 300 301 
303 305 306 310 312 315 318 323 328 334 337 340 
344 356 358 360 361 363 369 371 373 374 375 382 
383 384 386 393 394 403 404 408 409 410 413 414 
416 419 423 438 443 445 446 452 453 456 460 461 
467 468 470 474 479 480 483 490 492 496 497 499 
506 507 514 518 521 524 525 528 537 538 545 549 
551 553 555 564 566 568 569 571 577 581 584 588 
591 592 594 597 605 611 616 624 626 627 628 639 
641 645 648 652 657 658 660 662 664 665 670 673 
675 677 679 683 685 689 690 691 704 705 706 707 
712 724 728 734 736 745 752 754 761 762 767 771 
776 785 786 790 791 794 796 797 798 799 
221
2 13 14 15 20 23 25 28 29 32 35 36 
40 52 53 54 65 75 81 86 87 89 94 97 
99 106 109 127 132 133 135 143 144 145 150 151 
156 161 167 169 170 171 172 175 183 185 192 193 
195 197 198 200 202 203 204 205 206 207 208 213 
224 225 228 236 238 240 242 243 247 249 254 256 
261 262 264 268 270 275 278 279 280 283 286 287 
289 290 298 305 308 312 313 316 317 318 322 324 
325 330 334 335 339 341 345 350 352 353 355 369 
374 377 378 389 391 398 403 412 413 415 423 425 
429 435 436 437 441 446 449 451 457 460 465 470 
475 480 481 482 488 490 495 496 503 505 508 511 
513 514 515 517 521 532 540 545 546 547 549 550 
573 574 577 581 584 586 588 595 600 602 604 606 
609 611 613 614 616 621 623 629 630 631 635 638 
641 643 648 650 655 662 665 666 668 672 675 677 
679 680 681 683 688 689 690 693 694 695 698 702 
707 713 717 720 723 725 727 742 759 767 772 776 
781 789 791 795 796 
252
3 5 6 12 17 20 25 28 29 32 33 35 
37 39 41 44 45 47 49 51 55 63 66 69 
76 83 85 86 89 91 94 95 99 100 101 103 
106 108 109 111 113 114 115 118 119 122 134 136 
139 141 148 152 156 157 158 160 161 162 170 172 
173 176 178 181 182 185 188 197 202 205 206 210 
214 224 227 228 229 234 237 239 245 246 250 255 
256 258 268 270 273 278 285 286 287 288 290 294 
299 305 308 313 317 320 323 325 326 327 329 339 
344 349 353 361 363 374 378 380 382 383 387 392 
395 401 402 409 410 421 425 433 436 438 441 446 
450 451 454 459 460 469 470 472 473 474 477 485 
487 490 499 500 502 503 504 505 506 510 512 514 
515 516 517 518 521 525 527 531 539 541 543 546 
547 552 553 554 555 560 563 567 574 582 585 588 
589 593 594 596 599 605 607 610 612 614 621 622 
623 624 634 636 640 645 648 649 660 662 663 665 
668 671 672 675 676 681 686 695 698 705 716 720 
721 723 727 731 732 738 741 742 743 744 745 746 
748 752 754 755 757 759 763 764 765 766 769 773 
775 777 778 780 781 783 785 786 787 791 799 800 
259
4 6 7 16 18 19 21 23 32 33 34 36 
39 40 47 48 51 52 54 55 62 63 66 67 
68 72 73 76 78 81 84 90 93 96 97 98 
100 103 105 110 111 112 114 124 126 128 133 135 
137 138 140 142 143 152 154 155 156 161 165 169 
172 174 178 179 188 190 191 192 195 197 202 204 
206 208 209 214 215 216 226 230 235 239 242 243 
244 245 249 254 256 258 260 264 266 267 270 272 
274 276 277 278 279 280 281 286 287 289 292 294 
298 301 302 309 312 314 317 325 328 329 330 335 
339 342 345 346 348 352 360 361 365 368 371 378 
379 393 394 398 401 405 406 412 415 417 420 421 
422 423 429 431 432 434 438 443 445 446 454 455 
461 462 465 466 468 469 470 472 474 479 481 482 
488 489 499 503 506 508 515 517 527 529 531 532 
535 543 550 552 554 563 564 566 569 575 579 585 
591 592 593 594 604 605 609 610 611 614 617 618 
621 622 623 626 627 633 634 638 640 646 653 658 
660 661 665 666 668 669 673 674 675 677 678 681 
682 690 691 692 694 695 697 702 703 707 711 720 
722 723 727 732 734 738 743 756 757 758 762 764 
773 778 784 788 792 794 799 
262
4 5 6 7 11 14 15 19 21 31 33 34 
37 38 39 42 43 45 48 51 52 57 62 66 
67 69 80 87 88 91 94 95 97 98 101 109 
114 115 124 126 131 135 137 139 144 146 148 150 
152 156 164 176 178 180 181 183 185 187 189 191 
194 197 198 199 201 202 204 210 211 213 218 222 
225 228 229 230 239 240 243 248 251 252 253 260 
264 271 273 280 281 286 287 288 293 305 311 312 
314 316 317 322 324 330 331 339 347 348 351 354 
358 362 365 371 374 375 379 380 382 387 392 394 
396 402 404 407 408 411 412 419 422 423 426 427 
428 430 431 433 434 435 437 441 442 447 450 451 
452 455 456 459 460 461 463 464 465 468 469 472 
475 477 481 484 485 487 493 496 499 502 503 507 
510 512 515 518 527 531 533 534 535 539 542 546 
547 550 551 552 559 561 562 568 570 575 579 583 
584 589 590 592 593 605 606 607 614 618 619 621 
630 632 633 635 636 638 644 646 647 651 652 658 
662 665 667 671 674 677 678 681 683 684 685 687 
689 690 691 693 703 704 706 709 716 724 726 733 
734 735 736 738 741 743 753 756 759 762 765 766 
767 772 774 777 778 779 780 789 790 791 
246
4 10 12 14 15 18 20 29 31 40 43 44 
46 49 50 52 55 56 57 58 59 60 62 63 
64 65 69 75 76 78 81 84 87 93 94 96 
100 103 105 106 113 115 118 119 121 122 124 125 
130 131 134 135 139 148 149 151 153 156 157 158 
163 164 165 166 170 172 175 177 187 192 200 201 
206 210 211 214 215 216 220 221 222 225 228 231 
233 234 235 236 241 245 247 253 257 264 272 281 
294 297 299 304 307 312 314 317 318 319 323 328 
336 337 338 339 340 342 348 352 354 359 372 374 
379 382 386 388 393 401 407 408 412 415 418 422 
428 429 430 432 434 435 436 445 446 447 457 460 
465 466 467 469 480 482 491 493 500 502 505 507 
514 518 519 523 527 529 532 539 540 541 545 546 
547 550 554 557 559 562 563 565 568 570 573 576 
583 584 585 592 595 596 604 609 614 616 619 625 
626 628 629 630 633 638 640 641 650 661 666 685 
696 699 703 710 711 714 715 717 721 722 725 727 
729 732 733 735 737 738 748 749 754 756 757 761 
762 764 765 766 768 771 772 774 775 778 780 782 
784 786 790 793 795 798 
254
1 5 8 11 25 26 27 28 30 35 37 40 
44 46 50 51 52 53 61 62 64 65 67 72 
77 80 84 89 90 93 94 95 97 99 105 107 
111 121 134 135 139 141 143 144 146 147 149 150 
154 155 156 161 165 170 171 175 176 179 181 182 
184 197 198 200 210 213 223 226 227 234 236 238 
245 249 254 260 263 265 267 269 271 277 278 279 
280 281 287 293 295 300 301 304 315 317 318 322 
323 324 327 330 331 332 337 338 341 343 344 346 
347 351 359 360 361 362 364 367 373 379 380 383 
384 385 387 390 391 393 395 397 398 400 403 404 
407 411 419 421 423 426 431 432 435 436 438 440 
441 459 464 467 469 470 471 477 478 481 482 484 
487 488 489 490 492 497 502 505 507 508 511 518 
522 524 526 528 531 536 542 543 550 553 557 561 
566 570 576 577 583 586 587 589 591 595 597 599 
601 603 607 609 618 626 632 639 647 648 650 651 
654 657 660 664 665 669 673 675 680 681 684 686 
687 689 693 694 695 703 704 705 706 707 711 712 
724 726 727 732 734 737 738 739 741 742 749 752 
758 762 764 767 768 771 773 783 787 788 789 790 
794 795 
224
4 6 7 12 13 16 17 18 21 22 23 25 
27 31 33 37 39 40 46 48 49 54 55 60 
66 71 72 74 78 79 84 86 87 89 92 93 
96 103 107 110 124 129 130 132 136 144 146 147 
148 152 158 159 161 162 172 176 178 187 189 194 
213 225 231 235 238 247 248 256 257 258 259 265 
271 272 274 275 276 277 281 285 286 288 295 296 
297 303 305 312 315 316 317 318 325 329 331 342 
346 348 353 356 359 362 369 374 385 395 398 399 
400 406 407 414 423 424 426 427 428 430 433 437 
438 448 459 461 462 468 470 472 481 484 486 487 
489 494 495 496 499 500 501 502 506 524 525 526 
534 538 539 544 545 550 558 559 562 563 564 574 
575 582 584 593 600 604 609 610 611 615 617 620 
623 631 633 635 637 643 646 649 650 652 658 662 
669 670 681 682 686 694 699 701 702 703 705 708 
711 715 720 723 724 726 728 729 731 732 733 735 
738 741 743 746 753 756 758 759 761 762 763 765 
766 768 783 785 786 793 797 800 
262
2 3 6 16 18 19 24 26 28 29 30 33 
39 40 42 47 60 67 68 69 71 72 74 75 
79 81 82 83 89 91 94 95 97 107 108 110 
113 121 123 125 126 127 133 134 135 141 144 147 
152 153 159 160 163 165 168 169 171 174 176 177 
178 180 184 185 189 192 193 195 209 210 211 213 
214 216 217 219 220 222 225 227 236 241 243 244 
245 251 259 261 263 266 268 269 275 285 286 290 
292 294 296 300 302 305 306 307 309 315 319 320 
327 332 338 339 342 343 347 349 352 357 358 361 
362 370 372 379 383 384 392 394 396 397 399 402 
407 408 409 411 416 417 420 426 430 439 441 442 
450 451 455 456 458 460 465 469 486 489 491 498 
505 516 523 525 526 528 533 534 536 539 540 543 
544 545 546 548 550 552 554 556 558 559 561 562 
563 566 573 574 576 581 583 584 589 591 595 596 
597 602 608 612 614 615 620 625 626 627 633 638 
641 642 643 644 647 648 651 655 660 662 666 668 
669 671 673 674 675 680 681 683 685 686 690 693 
696 698 700 704 707 713 720 726 727 731 732 737 
740 745 747 749 750 753 760 762 763 765 766 767 
772 774 775 779 780 781 783 791 793 797 
229
1 2 3 5 6 7 9 13 15 17 19 24 
33 34 37 38 39 45 50 56 57 58 60 66 
72 74 75 76 84 87 89 97 98 100 107 108 
113 120 122 129 130 136 144 145 147 153 157 159 
168 177 180 181 187 189 194 197 200 203 212 214 
215 216 219 223 224 228 229 241 244 252 253 254 
257 260 262 270 272 274 277 278 284 287 290 292 
294 314 318 323 328 330 331 332 333 337 340 343 
347 349 350 351 353 357 363 368 369 371 375 378 
380 386 388 401 404 412 414 419 420 421 422 423 
427 434 437 440 441 444 445 453 458 459 462 465 
470 473 474 477 480 485 487 495 501 504 507 511 
514 516 520 527 531 533 534 538 541 544 545 546 
547 552 554 555 559 560 562 563 565 570 573 578 
579 604 606 615 616 617 618 620 621 623 627 628 
632 635 641 647 650 651 654 656 658 665 671 674 
680 683 685 692 696 697 701 703 704 709 710 711 
716 717 718 721 730 736 737 740 746 751 753 761 
763 764 767 771 773 775 777 782 785 786 787 795 
800 
229
4 8 10 11 18 19 27 28 29 30 34 35 
40 41 45 47 54 56 58 67 70 72 73 74 
75 78 79 82 83 87 91 104 107 109 111 114 
115 121 122 125 128 131 136 137 141 148 152 153 
156 159 162 164 166 168 169 176 177 181 185 186 
199 201 205 206 220 222 225 230 239 253 255 257 
258 262 264 266 267 270 272 278 279 280 281 288 
292 300 304 308 309 312 315 319 328 332 339 340 
341 347 349 353 354 365 368 369 370 373 379 381 
384 394 400 403 404 406 412 414 416 420 422 427 
429 430 436 441 444 449 451 452 455 458 459 460 
462 464 466 469 473 474 483 487 496 503 506 516 
517 522 523 525 527 528 530 534 539 542 544 549 
551 552 553 557 558 561 562 564 565 568 571 572 
574 578 580 581 583 586 587 596 598 605 606 607 
609 612 614 619 622 624 626 628 632 634 639 640 
641 647 651 658 661 662 666 668 670 677 679 687 
688 689 701 705 709 713 715 718 721 726 731 735 
736 738 739 741 745 749 757 762 770 777 783 793 
796 
236
2 6 8 10 12 13 19 25 39 41 42 48 
51 54 55 57 75 76 77 80 82 85 88 89 
104 109 118 120 127 129 130 131 132 133 135 136 
138 141 142 143 144 146 148 151 152 156 158 165 
166 175 181 186 188 190 191 196 201 205 208 209 
210 215 216 222 223 224 225 233 234 237 239 242 
244 248 255 256 258 271 272 273 276 284 286 287 
295 300 303 304 306 309 311 312 314 316 317 322 
326 327 328 330 331 334 338 342 344 345 351 353 
356 357 359 360 363 372 376 383 385 394 402 404 
406 414 415 417 418 420 421 422 423 428 431 432 
433 435 437 440 441 443 444 449 452 454 456 465 
467 474 477 482 485 486 492 496 501 506 509 516 
518 522 525 527 528 538 539 540 545 546 547 548 
552 558 561 563 564 567 568 571 575 581 585 587 
590 600 601 602 604 607 608 613 622 623 625 628 
631 632 637 643 645 648 651 659 663 667 681 682 
683 700 703 708 712 713 715 718 720 722 725 727 
728 731 745 753 759 760 761 769 774 777 780 781 
783 784 788 790 795 797 798 800 
257
2 4 5 6 11 13 17 20 22 24 28 29 
34 37 38 39 40 46 47 48 49 53 54 60 
64 66 72 75 77 81 87 89 94 96 99 101 
102 104 105 107 113 118 123 124 126 127 134 137 
139 140 152 159 161 162 163 164 170 176 179 180 
182 183 186 190 197 198 200 203 204 206 208 212 
216 217 220 221 225 247 248 250 253 255 256 263 
265 266 269 271 273 275 280 281 282 283 285 288 
290 292 295 301 308 310 311 314 318 324 326 328 
330 331 335 339 343 344 345 347 348 349 352 354 
355 366 369 372 374 375 377 378 380 386 395 404 
410 417 418 424 425 428 434 437 439 440 443 446 
447 448 449 450 452 455 459 460 462 469 485 489 
490 494 496 506 509 511 512 514 522 527 531 532 
536 542 543 544 546 552 556 557 559 560 565 568 
575 578 583 585 587 594 595 601 604 609 617 619 
620 621 626 629 632 634 637 638 641 642 645 646 
647 649 651 655 656 658 659 660 666 673 674 675 
677 678 679 680 684 690 691 694 699 702 703 713 
716 717 718 724 730 732 740 741 744 747 749 750 
752 753 754 756 758 759 762 770 771 775 783 789 
790 794 796 797 800 
239
1 4 9 10 11 15 18 26 29 36 41 44 
47 50 52 58 60 61 62 63 66 70 73 76 
81 85 86 87 89 90 96 101 103 106 111 116 
119 122 124 125 126 131 136 138 143 144 149 154 
157 159 160 165 166 167 168 181 184 185 186 188 
189 195 197 201 203 204 206 207 209 211 216 220 
224 226 229 230 233 244 247 250 252 257 260 275 
277 279 280 281 287 297 299 300 304 305 308 310 
312 313 314 315 328 332 333 334 338 344 345 346 
348 351 369 373 375 380 382 383 387 393 398 404 
408 412 413 414 419 420 423 426 428 429 431 433 
434 436 438 440 443 447 453 454 463 465 473 474 
476 478 479 481 483 485 488 489 498 503 506 507 
512 513 515 517 522 523 524 529 531 534 535 536 
537 540 542 544 548 553 554 556 558 563 564 565 
569 570 571 588 590 596 598 599 603 604 607 608 
613 618 619 626 631 633 637 639 641 660 661 662 
663 664 671 674 675 677 678 690 699 706 714 718 
719 724 731 734 739 740 747 753 754 760 761 764 
765 767 775 777 781 782 785 786 793 797 799 
235
8 11 16 17 19 21 23 26 27 28 33 34 
39 40 43 47 49 50 54 56 57 63 67 68 
82 86 87 90 94 97 101 112 116 125 129 130 
131 132 134 138 140 142 145 147 152 153 167 168 
169 177 183 184 186 188 194 196 207 208 209 211 
221 224 228 229 231 234 236 240 241 244 246 251 
253 255 257 260 261 263 265 268 269 276 281 283 
284 285 287 288 292 294 296 300 301 304 305 307 
310 316 317 323 324 325 327 332 337 339 341 348 
350 355 363 364 366 368 379 380 382 383 384 387 
388 391 393 394 395 405 406 407 410 411 420 424 
435 444 446 447 449 451 460 466 472 474 476 477 
480 484 485 492 500 506 507 508 509 515 517 518 
520 522 532 535 542 546 547 550 561 568 578 579 
580 584 587 588 590 591 592 596 598 603 604 608 
613 614 620 628 633 645 647 648 655 657 659 662 
663 664 668 670 675 679 680 681 683 684 689 690 
701 702 704 705 706 707 712 713 717 720 721 722 
725 728 731 732 734 736 738 741 742 748 749 751 
752 769 781 782 783 797 800 
255
1 4 7 8 15 19 22 24 34 36 38 39 
41 43 58 62 63 66 69 71 78 82 87 90 
92 93 95 103 107 108 112 113 114 123 124 127 
129 130 134 135 136 137 138 143 145 146 147 150 
151 152 158 165 167 169 172 175 176 181 182 184 
185 186 189 197 216 219 221 224 226 234 235 237 
238 240 241 250 251 253 255 256 264 269 272 278 
287 291 301 302 305 307 308 314 319 324 325 327 
334 335 337 338 340 342 345 346 347 350 353 355 
356 359 364 365 368 369 375 380 386 388 394 395 
399 402 404 405 407 413 414 415 419 421 425 426 
434 440 441 446 452 455 459 461 468 470 471 472 
473 474 476 477 479 483 490 493 498 499 500 507 
515 516 517 518 522 523 525 527 531 533 535 538 
542 543 548 552 554 555 558 561 563 565 573 579 
580 581 583 594 595 596 599 600 603 604 609 610 
611 612 613 616 619 623 635 646 647 648 655 659 
662 665 666 667 668 669 670 674 675 677 678 680 
681 684 686 697 699 700 707 718 722 723 724 725 
726 731 737 741 748 749 751 752 755 756 763 764 
765 767 771 773 774 778 779 782 784 787 791 793 
794 798 799 
265
3 7 9 10 12 16 18 20 21 24 26 27 
35 36 37 38 42 43 46 50 52 55 57 58 
62 67 68 69 75 80 82 87 96 98 100 102 
104 105 106 108 112 117 119 122 130 131 132 134 
138 139 141 143 145 146 151 154 157 158 162 164 
167 172 175 176 180 186 189 192 196 198 200 202 
203 204 209 216 219 220 221 225 226 232 234 239 
245 246 249 250 254 255 259 261 266 267 270 274 
276 278 281 282 284 285 287 290 294 298 301 303 
308 320 321 332 334 336 339 342 347 349 351 352 
353 354 360 365 367 368 369 372 373 374 375 377 
386 397 398 402 403 405 406 407 409 413 416 418 
420 421 423 428 429 430 433 434 436 446 452 453 
454 458 461 462 467 472 476 478 486 487 489 493 
494 498 500 504 507 512 519 524 525 527 528 530 
531 535 537 541 543 547 555 557 560 569 570 571 
572 573 577 578 581 583 586 587 588 590 603 608 
613 616 619 624 626 628 632 641 654 655 656 657 
658 659 661 664 667 668 671 677 680 682 686 691 
700 701 703 704 709 712 713 717 725 726 727 730 
731 732 735 740 742 744 748 751 752 753 755 759 
760 764 767 770 771 774 776 778 783 785 796 798 
800 
240
1 4 5 7 8 10 14 16 18 21 22 25 
26 31 32 34 36 41 43 44 52 54 60 62 
66 70 73 80 83 89 90 92 93 94 95 97 
104 108 109 110 111 117 123 130 135 138 139 140 
141 142 147 148 149 152 153 155 156 158 161 163 
170 172 176 177 182 185 188 189 190 192 196 197 
199 201 202 204 208 209 210 222 223 228 233 235 
237 244 250 263 273 276 281 285 286 287 291 294 
300 301 305 306 307 308 309 316 318 327 330 332 
335 336 339 351 352 353 355 359 364 368 369 370 
374 375 386 389 398 400 402 407 409 410 411 414 
416 417 421 422 423 427 432 435 436 437 439 445 
449 450 451 458 461 466 468 469 473 477 478 488 
493 505 517 518 536 540 548 552 554 560 561 567 
570 573 574 585 600 602 604 608 611 613 616 618 
621 622 624 625 632 638 639 641 644 647 649 651 
658 659 662 663 667 668 672 676 677 678 680 681 
682 690 692 696 701 703 706 707 708 709 712 716 
718 722 724 728 731 737 740 741 744 745 746 747 
749 751 753 755 774 777 782 787 789 792 797 800 
250
4 5 7 8 14 16 23 24 27 28 29 30 
34 40 41 44 45 46 50 56 61 63 67 76 
82 83 86 88 91 97 98 100 102 105 107 108 
112 113 114 120 123 127 130 132 135 136 138 140 
141 143 146 148 149 151 155 158 159 163 165 168 
182 183 187 190 191 195 196 204 206 211 212 214 
223 225 227 228 231 234 237 238 241 244 246 249 
251 252 253 258 260 263 266 269 270 275 281 284 
296 299 300 301 302 305 307 311 318 321 327 335 
336 344 351 353 359 373 378 379 380 381 382 384 
385 388 389 393 400 401 402 404 411 415 416 418 
426 430 436 438 442 446 448 454 456 464 465 476 
482 483 486 493 495 497 498 500 502 504 505 506 
512 517 518 537 540 545 546 552 554 556 562 572 
573 574 583 586 588 589 594 595 597 600 602 605 
606 609 614 616 617 624 625 627 629 636 637 639 
640 641 652 655 656 660 664 665 670 671 672 675 
678 679 680 684 685 689 694 699 700 702 703 704 
705 707 708 709 714 719 728 729 730 732 736 745 
749 750 751 754 755 757 761 763 764 766 775 777 
778 780 785 788 791 792 793 795 796 797 
207
1 3 6 11 12 17 19 28 43 48 49 55 
56 64 65 71 73 75 76 78 81 85 88 93 
102 114 115 120 121 131 134 140 142 144 149 152 
153 156 162 168 170 176 178 180 182 185 186 187 
188 190 192 195 197 201 203 207 214 219 221 223 
224 227 228 230 239 240 248 254 259 260 265 270 
271 272 277 279 281 290 291 293 295 298 305 312 
319 321 332 341 344 349 350 357 361 362 368 369 
373 374 391 402 405 408 410 411 412 416 421 423 
429 431 437 441 443 445 446 449 450 451 453 455 
456 464 469 471 478 485 486 487 491 492 506 521 
528 547 556 559 562 566 569 579 586 587 592 599 
602 604 605 610 614 617 622 623 626 639 643 647 
659 660 667 668 669 670 671 673 674 675 678 680 
682 683 684 686 691 692 693 706 711 714 722 728 
733 735 737 738 739 740 742 743 747 750 755 758 
759 761 763 775 777 779 781 782 791 792 794 795 
796 798 800 
238
3 9 11 14 17 24 26 27 29 31 32 33 
37 42 44 46 50 51 53 56 58 59 60 61 
62 63 77 80 86 94 95 96 102 103 108 110 
111 114 115 121 122 125 127 135 136 137 144 147 
148 153 155 164 167 171 174 175 178 183 192 195 
197 198 215 216 220 225 239 240 242 248 253 254 
262 263 265 268 269 272 273 274 276 280 281 282 
284 287 291 294 297 298 302 304 307 312 314 318 
319 320 321 322 327 330 335 336 338 347 348 358 
361 363 364 367 369 372 377 378 381 382 385 390 
393 394 403 409 411 412 413 418 423 424 425 426 
428 440 441 443 445 447 459 466 467 469 470 472 
479 481 482 495 502 505 509 510 512 513 520 523 
528 532 535 536 537 544 550 553 559 563 567 572 
575 579 582 583 593 595 596 597 598 599 600 605 
606 607 614 618 619 621 623 624 625 626 628 640 
642 643 645 646 653 659 663 669 675 677 679 682 
689 690 694 696 700 702 703 704 710 714 715 716 
719 721 722 724 726 728 732 734 739 742 747 754 
762 766 768 770 778 779 780 785 793 794 
238
18 24 25 27 28 32 35 37 38 40 43 45 
48 53 55 56 67 70 77 79 80 81 82 87 
90 94 95 102 104 105 106 112 118 119 124 126 
127 130 131 134 136 139 144 147 150 151 156 157 
163 165 169 173 177 182 183 188 192 193 195 203 
209 216 220 221 222 223 229 233 236 237 238 243 
247 248 259 261 270 271 274 276 278 280 285 288 
289 291 293 295 296 298 306 314 316 318 321 331 
333 337 339 340 343 345 347 348 351 354 357 358 
364 366 373 379 380 381 384 385 390 394 399 400 
416 420 432 436 442 443 444 446 447 449 451 457 
458 460 470 476 478 479 486 487 488 492 498 499 
500 502 503 504 508 513 515 516 518 522 525 526 
527 528 540 542 543 545 546 557 559 560 561 562 
563 567 568 569 579 581 582 583 588 595 601 605 
607 610 611 619 620 621 625 626 628 634 635 636 
637 639 642 643 646 648 659 665 674 676 681 684 
690 693 696 702 706 710 713 714 718 722 725 726 
728 730 734 738 739 743 747 748 749 763 767 770 
772 773 780 787 789 791 794 798 799 800 
238
3 4 8 10 11 14 16 23 24 27 28 33 
34 39 47 50 51 54 55 57 60 63 65 67 
70 71 76 81 82 83 84 86 91 99 102 113 
114 116 123 126 127 135 139 141 142 148 149 161 
163 165 166 169 171 177 179 183 192 195 196 210 
211 216 218 225 226 227 229 230 234 235 237 238 
239 242 245 248 249 259 264 265 267 269 274 276 
278 283 288 294 297 298 300 301 304 306 307 308 
309 310 311 313 315 318 322 326 327 331 337 342 
350 351 355 365 375 377 380 384 386 387 388 390 
393 394 396 398 400 403 405 407 413 414 415 418 
427 428 429 431 436 441 448 453 457 460 461 463 
464 469 472 473 474 476 477 480 481 488 494 496 
499 506 507 508 510 513 520 524 526 529 537 538 
540 541 542 544 546 548 550 556 557 558 561 567 
569 570 571 573 575 576 577 580 582 585 590 603 
608 617 619 621 622 626 632 637 638 651 656 666 
668 669 672 673 676 677 683 687 697 699 701 704 
708 710 714 721 729 733 737 755 764 765 770 772 
775 776 778 781 782 784 785 791 793 800 
227
2 18 21 23 35 38 39 40 43 45 47 52 
56 57 59 67 70 74 84 85 87 94 104 106 
111 113 115 123 125 131 133 140 147 149 151 154 
156 160 163 166 168 177 181 186 197 199 208 220 
222 225 234 235 239 240 241 242 243 245 247 250 
262 277 278 279 281 284 285 286 288 289 290 291 
293 301 307 308 310 311 312 315 319 327 328 330 
334 338 340 341 342 346 351 363 369 371 373 379 
380 381 382 385 388 390 392 395 404 405 410 411 
419 430 434 437 444 451 452 455 456 459 463 464 
465 468 477 478 480 488 491 493 498 499 500 504 
507 508 518 521 522 523 525 526 528 531 532 536 
539 540 543 545 546 548 549 552 561 563 564 568 
569 570 574 576 580 581 593 597 600 602 606 608 
609 610 613 618 619 625 626 634 637 641 643 652 
653 655 662 663 664 668 669 674 676 679 682 683 
684 685 686 693 694 695 698 699 703 706 711 713 
714 718 719 722 725 727 735 742 752 754 762 764 
771 772 775 777 781 782 785 789 791 794 800 
245
2 5 6 16 19 25 28 29 32 37 38 39 
40 43 51 55 64 71 73 76 78 80 81 83 
84 85 86 88 92 98 101 102 105 116 117 121 
123 125 126 129 135 138 142 145 146 151 156 158 
159 163 164 165 166 167 171 173 174 179 185 193 
197 200 202 204 205 209 214 215 218 220 221 223 
224 231 233 239 243 245 253 255 259 263 264 274 
279 280 285 288 293 295 296 298 302 308 309 311 
312 314 316 322 323 325 331 338 342 344 345 346 
347 348 352 355 362 364 367 370 375 376 378 380 
381 383 385 390 397 398 416 420 423 424 427 430 
434 438 439 449 450 453 455 459 460 461 471 477 
481 488 491 496 499 502 503 504 506 516 517 519 
520 522 525 526 531 532 534 537 539 544 550 551 
554 555 558 561 567 568 575 576 577 581 584 586 
589 590 591 601 602 607 615 617 619 622 623 624 
627 636 637 643 645 648 651 652 653 654 655 656 
659 661 663 669 670 671 672 675 677 678 680 688 
697 709 711 712 720 722 725 727 728 729 736 741 
743 753 756 760 763 765 766 767 776 779 780 784 
786 787 790 793 800 
207
3 8 9 16 24 34 38 39 40 41 43 45 
60 62 78 80 84 85 86 88 92 95 97 98 
101 104 111 114 118 123 124 125 127 129 132 134 
153 156 161 162 166 167 177 178 182 185 186 197 
199 202 205 206 211 216 218 223 231 234 238 241 
252 254 262 263 270 275 276 278 291 296 297 302 
306 309 311 315 321 325 328 329 331 332 340 342 
345 357 361 362 371 375 379 382 384 388 391 395 
400 401 402 403 405 406 409 411 412 415 419 421 
426 431 432 434 435 439 441 444 445 451 455 459 
462 464 466 473 475 476 477 480 484 492 497 500 
501 504 505 508 512 513 518 528 536 542 545 548 
552 559 561 562 564 567 570 571 572 575 576 577 
580 588 591 599 602 604 610 611 619 620 623 624 
625 627 630 632 640 646 669 671 675 678 685 686 
696 697 698 699 706 709 717 719 724 732 737 746 
749 759 760 761 765 768 769 771 773 779 780 783 
796 798 800 
253
3 9 10 19 22 26 27 28 33 40 51 58 
60 63 66 69 75 76 79 82 83 85 87 89 
91 96 100 113 116 118 121 127 131 135 136 139 
141 143 147 151 152 159 163 164 165 174 178 180 
189 191 193 197 198 199 202 204 207 213 220 225 
226 229 233 234 238 239 243 244 245 246 250 251 
257 260 262 265 268 270 271 273 274 275 279 280 
282 285 300 302 303 305 306 312 316 318 319 324 
327 332 333 336 338 339 343 348 352 375 377 381 
382 389 391 392 399 400 401 405 408 409 411 413 
415 417 423 429 431 436 438 440 450 452 457 460 
464 468 469 473 474 476 477 479 481 482 485 486 
490 491 494 499 500 502 512 513 518 519 524 525 
526 528 529 532 538 539 543 545 551 553 555 562 
566 567 569 570 571 572 576 577 582 585 588 594 
595 596 603 604 609 610 612 617 618 620 623 624 
628 629 632 638 640 643 644 645 647 656 657 658 
660 661 662 663 664 666 667 674 676 684 685 688 
689 694 698 701 703 706 708 713 716 718 722 725 
726 729 736 737 743 744 745 747 748 749 752 755 
759 763 765 766 769 773 776 779 787 789 796 798 
800 
230
5 7 10 13 19 21 23 37 41 45 46 52 
54 58 61 64 80 84 87 97 98 99 100 102 
103 112 114 115 119 121 123 128 129 132 138 139 
140 144 148 149 153 154 156 157 167 170 172 174 
177 179 182 186 191 192 194 196 197 198 203 209 
212 214 218 225 227 228 234 238 241 246 253 255 
256 257 269 270 272 276 288 289 294 296 299 301 
303 305 309 314 317 321 332 333 336 337 338 344 
350 357 358 365 366 367 370 377 381 387 390 392 
398 401 410 415 416 420 421 432 436 437 439 440 
445 450 453 455 457 458 465 470 471 473 476 477 
480 485 489 490 494 499 503 505 511 516 517 519 
520 521 522 526 530 531 535 538 539 548 560 561 
565 568 570 572 574 580 582 590 592 600 601 603 
605 606 608 610 615 616 618 619 623 627 628 629 
635 638 640 642 643 644 649 650 658 660 661 664 
665 666 671 682 683 684 689 690 694 696 699 701 
705 706 712 714 717 725 726 734 738 750 754 757 
765 769 772 774 775 776 778 780 781 783 785 789 
790 794 
257
2 5 9 11 12 15 18 19 20 27 29 36 
38 45 52 53 54 57 59 69 70 72 75 76 
80 83 91 93 94 95 96 100 101 102 107 116 
118 121 123 124 130 133 138 139 143 144 147 149 
150 151 152 153 155 162 165 167 169 171 174 175 
177 180 188 195 200 202 203 204 205 208 216 218 
223 224 228 229 233 235 236 237 239 243 245 250 
253 261 264 276 278 287 288 298 299 300 305 308 
309 311 314 322 323 324 329 332 333 334 335 337 
338 339 340 342 344 345 346 352 356 365 366 367 
375 377 379 384 385 389 390 397 401 402 407 408 
413 417 421 426 430 432 433 434 440 442 447 454 
459 464 465 466 475 476 480 484 485 486 490 492 
493 498 499 500 502 503 505 507 516 517 518 522 
527 537 548 549 551 554 556 557 558 559 562 563 
564 567 568 570 573 575 576 578 579 582 587 590 
593 595 596 598 600 602 603 609 614 617 626 629 
631 633 635 638 640 646 652 654 656 657 661 663 
664 665 666 667 668 674 677 679 680 681 686 688 
689 690 692 698 699 705 706 707 711 715 727 730 
734 737 740 747 751 756 758 759 763 768 770 776 
779 783 788 790 798 
255
1 5 6 15 17 23 25 27 35 37 38 39 
41 42 43 46 48 49 53 55 57 58 59 63 
64 66 72 80 83 87 88 89 90 96 97 98 
101 103 104 108 113 117 118 121 122 123 126 130 
132 133 135 136 138 139 143 144 146 148 150 152 
154 159 162 167 168 172 173 174 175 176 180 182 
184 187 193 195 196 197 199 203 204 210 215 216 
218 219 220 223 224 227 232 236 238 242 243 246 
249 253 267 293 294 300 304 306 310 312 330 334 
336 337 341 345 346 352 354 356 358 363 365 367 
369 378 380 384 385 386 389 393 395 397 398 400 
402 407 408 415 424 425 428 429 430 433 434 436 
439 451 456 457 459 463 465 470 472 473 475 477 
484 486 487 489 495 497 499 500 506 507 513 514 
516 519 520 522 527 531 534 538 540 543 554 561 
562 570 576 578 580 584 586 587 593 596 597 601 
602 603 605 607 608 609 611 615 619 625 627 629 
638 641 643 645 646 650 653 656 657 666 668 678 
679 680 681 682 687 689 691 693 695 699 702 704 
707 712 719 722 725 729 730 732 735 739 740 747 
748 751 753 756 760 761 771 775 778 787 788 789 
792 798 800 
243
5 6 11 14 15 16 19 27 28 32 34 38 
50 51 55 69 70 72 75 76 77 79 82 85 
87 91 92 95 97 98 102 106 112 113 115 116 
120 122 123 137 146 148 149 151 153 158 163 165 
166 168 181 183 188 192 193 194 200 203 206 208 
210 218 219 220 222 231 235 238 240 241 245 250 
252 253 254 257 258 265 268 269 270 272 274 276 
278 280 281 286 287 294 298 301 306 317 320 321 
328 331 334 335 342 350 353 356 365 366 371 372 
379 385 386 391 394 395 397 398 400 402 404 405 
409 414 415 416 417 422 423 433 434 435 437 442 
446 448 452 455 458 461 467 471 472 475 483 485 
490 492 495 498 501 505 509 511 513 517 520 523 
524 529 536 541 547 552 557 560 562 566 567 568 
569 572 575 576 577 578 581 584 587 590 592 596 
600 604 605 606 613 614 615 616 620 623 634 642 
647 648 649 656 660 661 662 665 666 667 668 669 
671 673 676 677 679 682 686 690 700 704 707 709 
712 714 721 725 733 735 736 738 741 742 744 745 
751 753 758 766 767 770 777 779 780 785 787 793 
795 796 799 
250
2 5 11 12 13 15 17 18 20 23 26 32 
36 38 40 46 47 49 51 54 56 68 70 73 
74 76 83 85 98 99 105 108 109 110 111 115 
116 119 120 121 123 124 125 127 129 131 144 145 
147 152 166 169 172 173 174 184 186 188 189 190 
195 199 206 207 209 210 211 212 213 214 219 222 
224 225 228 245 246 247 248 249 252 253 260 262 
263 267 269 270 271 272 273 279 280 282 284 289 
293 297 299 300 301 303 304 310 312 318 321 324 
325 326 327 328 331 335 337 342 345 346 349 355 
356 358 360 362 366 372 376 384 398 401 403 405 
409 412 417 419 420 421 423 424 425 432 433 437 
439 442 444 445 446 449 453 456 461 465 467 470 
474 476 477 479 493 495 498 499 503 506 507 517 
521 526 528 530 531 532 539 547 552 555 558 564 
565 577 591 595 596 597 598 599 601 605 609 610 
611 617 618 621 628 629 630 634 638 642 644 645 
656 658 662 674 675 677 682 687 690 693 698 699 
701 702 703 704 705 707 718 719 720 729 730 732 
733 735 736 737 745 747 748 751 753 758 760 763 
765 767 774 779 782 786 790 792 797 798 
252
6 9 10 12 20 21 23 25 29 31 38 41 
43 44 49 50 54 57 60 65 66 68 71 80 
83 86 91 98 99 101 102 106 107 111 114 115 
117 120 123 124 128 129 133 134 142 144 147 149 
155 158 161 162 163 165 175 181 188 189 190 194 
196 199 210 221 222 223 224 225 231 233 235 243 
245 246 247 251 257 260 262 267 269 273 285 290 
291 295 296 298 302 306 308 309 317 319 323 325 
326 330 333 334 336 337 339 340 341 343 344 346 
348 353 356 357 359 360 364 375 377 378 383 384 
385 392 400 404 409 415 418 419 421 422 424 426 
429 430 432 438 439 443 451 454 464 466 467 473 
476 486 489 491 496 503 505 507 508 510 512 515 
517 521 523 527 531 533 540 541 542 543 547 549 
563 564 566 568 570 575 581 588 591 592 593 600 
602 606 607 609 618 622 624 629 631 634 636 639 
640 641 642 643 644 645 646 651 656 657 659 663 
664 673 674 675 677 678 683 684 685 686 690 693 
699 700 702 704 705 707 711 714 716 722 726 732 
733 735 742 748 753 756 757 758 759 760 767 768 
769 770 773 775 778 780 781 790 792 793 794 795 
228
1 2 4 5 7 16 21 24 25 26 27 33 
38 43 45 48 49 52 53 55 56 60 61 63 
68 72 74 75 79 80 82 86 95 100 105 106 
107 108 110 118 120 123 125 126 127 131 133 134 
139 142 151 157 160 161 162 171 173 174 176 183 
188 190 192 203 210 217 223 225 227 237 239 249 
253 254 256 257 259 262 265 270 273 274 277 287 
290 292 298 299 307 309 318 319 320 322 332 339 
342 344 355 358 359 362 363 365 366 367 369 372 
375 376 378 382 385 386 387 388 398 412 421 423 
426 428 432 433 434 436 437 441 447 455 456 457 
460 461 466 469 470 479 485 495 500 501 504 506 
509 511 512 513 514 517 518 520 521 525 532 537 
538 542 561 562 569 570 574 578 579 580 585 588 
591 594 597 604 607 610 612 615 620 621 625 641 
644 646 648 650 653 656 657 662 664 675 676 677 
681 682 686 687 688 689 691 701 705 707 708 721 
723 731 732 733 734 736 741 745 746 749 751 755 
756 761 762 765 767 771 772 779 782 786 794 799 
242
1 3 6 15 17 19 20 23 24 34 38 42 
43 49 58 65 68 74 79 80 83 85 86 89 
90 92 93 94 95 97 99 102 104 106 107 108 
110 111 112 115 116 117 118 120 135 136 137 139 
142 145 148 155 156 158 159 162 164 165 167 170 
176 178 181 182 186 190 197 199 204 207 208 211 
215 218 224 229 237 239 240 244 246 252 253 258 
264 273 274 278 283 286 287 288 291 292 293 297 
302 311 314 316 318 322 327 328 329 336 337 338 
340 342 345 349 358 359 361 365 367 368 371 377 
379 382 399 402 405 408 412 414 415 419 422 425 
426 427 428 429 440 447 449 450 453 457 459 460 
461 469 470 474 489 497 499 503 508 517 521 523 
525 529 531 533 539 540 543 547 554 555 557 558 
560 563 566 571 573 577 578 581 582 587 593 595 
597 607 609 610 611 614 615 617 621 625 627 634 
636 640 644 646 648 650 652 653 654 662 665 666 
668 670 672 674 675 677 679 680 683 685 694 695 
702 707 709 715 721 726 730 736 737 741 744 753 
758 759 762 763 768 769 773 779 781 785 786 788 
790 794 
230
9 11 12 16 28 31 33 34 36 37 40 47 
49 51 52 67 71 76 77 78 81 84 86 91 
101 110 111 112 118 120 127 132 134 136 139 148 
154 157 158 159 160 165 168 169 172 181 185 197 
200 204 209 212 213 215 216 221 224 228 231 238 
240 249 251 254 255 263 270 273 275 281 287 293 
295 297 299 300 302 309 310 311 318 319 321 323 
326 327 334 336 342 349 350 355 356 364 371 379 
384 387 389 393 394 397 401 402 404 406 408 411 
412 420 430 431 434 435 436 440 441 442 443 447 
448 455 456 460 461 463 466 468 474 475 484 486 
491 495 499 500 506 508 512 518 524 527 532 536 
537 541 543 550 561 562 565 567 570 571 572 578 
580 581 582 584 587 595 598 599 603 604 608 612 
617 618 619 622 630 632 644 645 648 649 651 653 
655 664 665 669 675 677 679 680 681 683 685 686 
687 689 693 696 698 700 701 707 708 709 710 711 
718 724 729 730 733 737 739 743 745 748 751 752 
758 768 770 774 781 783 785 786 787 791 792 796 
797 799 
250
1 8 9 12 13 19 24 27 29 30 33 36 
37 38 48 49 50 56 57 59 63 64 69 71 
72 75 78 86 88 91 92 105 109 110 115 117 
118 119 121 123 125 129 139 144 145 150 151 160 
161 167 173 176 177 181 182 186 187 189 190 195 
197 199 200 212 215 218 221 222 224 228 240 241 
242 243 245 254 266 267 269 272 274 276 278 285 
289 291 294 305 308 311 312 314 315 317 322 327 
328 330 332 333 340 343 344 346 347 349 351 352 
355 357 360 366 368 369 379 386 389 393 395 396 
397 401 407 417 418 423 424 433 434 437 439 441 
446 447 449 455 464 466 472 474 475 485 486 487 
488 489 491 493 494 500 501 502 503 505 510 511 
517 518 523 526 527 531 533 536 537 542 544 545 
548 552 555 559 561 562 565 566 572 574 579 580 
581 583 585 588 592 595 599 602 607 612 617 620 
631 637 639 640 650 652 653 660 662 664 667 668 
671 674 685 687 691 695 697 702 704 705 706 709 
713 715 720 721 722 724 726 727 729 732 734 735 
738 741 747 751 753 757 758 760 761 765 767 770 
773 779 785 786 788 789 790 791 795 796 
251
6 10 14 15 18 19 22 25 27 28 30 34 
35 38 40 41 42 44 46 54 55 56 61 62 
63 65 66 71 76 83 86 89 90 92 99 101 
109 110 120 125 126 139 140 141 142 143 150 154 
155 159 162 165 166 167 178 181 189 192 193 197 
203 206 207 208 214 215 216 217 225 228 234 237 
239 248 249 250 253 260 263 264 267 269 271 274 
277 278 279 284 285 290 291 293 295 296 305 306 
317 329 330 331 332 334 339 345 346 349 357 368 
369 371 380 381 382 384 385 392 393 395 399 400 
404 410 415 420 421 424 434 437 438 440 444 448 
449 451 453 455 457 459 461 462 465 471 475 477 
479 481 483 486 494 495 497 503 505 511 512 516 
517 523 524 525 529 537 538 539 540 542 543 544 
547 554 555 562 563 565 566 572 573 574 576 577 
578 582 584 587 588 590 600 601 605 611 613 618 
622 625 630 644 647 649 650 654 657 658 659 665 
669 674 676 677 679 682 686 689 691 694 697 700 
701 704 705 706 707 708 709 713 714 717 720 721 
725 727 732 741 744 750 751 752 755 757 763 765 
768 770 773 777 782 783 789 791 793 798 800 
229
4 10 15 16 28 31 41 45 51 57 62 64 
69 70 78 79 80 82 83 86 87 92 96 97 
102 104 105 106 107 109 110 111 115 116 119 120 
121 125 137 138 140 142 144 145 146 150 154 157 
159 160 161 164 169 175 178 179 186 190 192 194 
198 200 201 209 214 215 217 218 225 227 232 236 
237 239 241 242 246 248 253 265 268 273 280 281 
282 284 286 301 306 308 309 312 314 315 318 321 
324 325 330 331 336 337 342 351 352 353 356 357 
358 360 365 370 374 379 381 391 395 399 404 410 
417 418 423 435 441 448 454 462 465 466 471 478 
480 481 482 485 492 495 496 499 500 503 504 505 
510 515 519 524 530 531 533 535 536 546 554 559 
563 564 565 572 581 591 598 599 601 607 608 615 
617 619 620 623 630 631 632 636 644 649 652 655 
660 663 671 672 674 680 681 683 684 686 688 690 
691 694 697 701 704 711 712 714 715 716 719 723 
735 736 737 741 742 743 744 745 756 761 762 765 
767 770 771 773 774 784 786 789 790 795 796 797 
799 
241
2 8 12 15 17 18 22 23 26 29 30 43 
45 47 48 53 58 64 67 69 72 74 75 79 
85 98 100 106 107 118 121 126 127 129 134 136 
142 143 144 145 146 150 151 153 154 156 157 158 
159 161 162 165 174 176 182 184 186 192 195 198 
200 202 203 209 212 217 219 221 223 225 229 232 
233 234 238 241 243 246 252 255 256 265 266 273 
280 281 283 284 285 287 296 301 303 304 305 314 
315 318 323 326 332 333 337 339 340 342 343 348 
351 352 354 357 359 361 363 364 366 372 374 377 
378 381 385 387 390 392 393 397 399 400 408 411 
424 431 435 440 442 444 449 450 452 454 457 458 
460 461 463 465 467 470 471 473 479 484 494 495 
496 497 499 512 518 526 529 530 533 536 538 539 
541 542 544 545 551 552 562 566 572 587 588 598 
600 601 603 605 606 607 609 611 619 625 626 629 
639 641 643 648 650 651 652 654 656 657 658 659 
660 665 669 674 675 678 679 680 683 688 691 693 
696 704 708 709 711 714 715 718 720 725 729 737 
745 752 758 765 775 781 782 787 791 793 794 795 
797 
225
7 11 15 16 17 21 23 25 27 28 30 39 
43 49 54 58 62 64 65 67 72 73 84 88 
89 93 100 102 104 106 111 112 114 117 120 124 
125 129 133 139 140 143 145 150 151 152 153 156 
158 159 168 169 182 183 184 185 188 189 196 197 
198 199 200 201 205 206 209 214 218 220 221 224 
226 228 230 232 239 245 247 248 249 252 254 262 
266 271 272 284 285 289 290 291 295 297 304 307 
309 311 312 313 314 316 317 321 323 324 327 329 
336 340 352 356 358 380 381 382 387 389 391 393 
394 398 400 401 402 407 424 428 430 431 433 434 
435 443 445 452 458 461 462 470 472 480 483 484 
485 488 489 490 491 493 510 512 518 523 526 527 
529 535 542 552 553 561 562 565 568 572 575 578 
583 584 586 588 592 594 598 603 607 608 609 611 
612 613 615 630 631 634 636 637 638 653 655 661 
663 668 678 691 693 698 704 707 713 718 719 720 
721 723 726 729 730 731 736 742 747 750 751 754 
757 762 764 765 768 773 783 795 799 
249
3 5 9 15 21 22 25 27 29 30 33 34 
37 41 45 49 52 54 58 59 61 62 70 73 
75 78 80 82 88 90 101 102 103 109 111 112 
116 118 125 126 127 130 133 135 142 143 150 151 
152 153 154 156 160 168 169 173 176 178 188 191 
194 196 199 202 203 208 209 211 213 215 216 217 
222 223 225 226 230 232 236 237 238 239 244 252 
257 272 277 279 280 281 283 284 290 301 308 315 
317 318 321 326 330 331 333 337 343 344 345 350 
355 359 360 363 364 365 370 373 375 376 378 379 
385 386 389 392 393 395 400 402 404 406 407 412 
416 418 423 428 430 433 435 438 440 444 451 454 
463 464 465 468 470 471 472 479 480 481 488 496 
498 500 509 511 513 514 515 516 522 525 527 535 
543 555 557 558 559 560 563 564 571 576 579 585 
587 591 592 594 595 596 597 598 605 607 619 622 
626 627 635 636 639 640 643 644 651 658 660 664 
669 671 674 675 678 684 685 689 691 702 703 704 
706 710 713 715 717 719 720 725 732 735 737 742 
751 752 753 754 755 756 759 761 764 767 769 771 
778 779 780 784 785 791 794 798 799 
233
1 2 4 6 7 8 9 11 12 13 14 19 
21 22 23 26 31 33 37 41 42 43 44 47 
49 50 54 56 59 65 66 69 81 83 93 100 
104 110 111 114 115 118 122 125 126 128 130 131 
132 133 140 141 142 144 146 147 148 150 156 158 
161 164 168 172 174 177 180 186 187 193 199 200 
205 206 208 209 212 219 220 225 226 242 244 245 
248 249 256 263 264 266 268 270 272 276 277 280 
282 283 285 286 289 291 292 293 296 297 300 305 
309 313 318 321 322 323 324 329 334 339 347 350 
353 359 372 378 383 385 391 392 393 397 403 404 
407 409 419 421 422 423 431 432 433 439 444 446 
447 448 450 452 461 462 464 472 473 475 477 481 
487 490 492 502 504 511 524 537 539 542 545 547 
548 551 552 570 576 584 594 599 609 611 615 616 
617 619 623 626 627 628 631 634 642 647 650 654 
657 659 666 667 671 672 679 681 684 685 688 693 
694 701 707 710 711 713 718 720 722 723 727 730 
731 741 746 750 760 762 765 768 772 781 783 789 
790 792 794 795 797 
235
2 3 4 6 11 15 21 22 25 27 32 35 
36 39 44 48 49 50 55 56 60 61 65 68 
73 76 83 92 96 100 101 110 111 113 114 116 
120 124 131 137 139 140 141 145 150 152 153 156 
164 170 174 175 177 180 184 191 193 194 196 200 
201 203 204 207 209 210 219 221 225 226 232 233 
245 246 249 250 251 252 259 263 265 266 278 280 
283 288 289 293 294 295 296 302 303 304 310 317 
322 323 326 327 339 344 345 348 361 363 365 368 
376 377 379 387 388 390 391 392 395 397 401 402 
403 406 409 419 420 421 422 425 427 429 431 434 
436 437 439 442 448 450 455 456 460 461 465 466 
468 471 477 482 484 488 495 496 498 502 506 508 
515 516 519 520 523 527 529 532 534 536 550 552 
555 560 564 565 569 571 576 581 588 591 593 594 
597 599 602 603 606 607 618 621 625 627 629 633 
638 641 644 652 654 655 660 662 668 669 671 678 
682 687 692 696 701 702 703 704 708 709 712 716 
718 720 731 732 738 739 748 749 751 758 763 766 
767 768 769 778 783 788 798 
239
2 4 7 12 15 28 31 36 41 43 44 46 
47 48 50 54 60 64 67 68 69 73 76 78 
79 80 82 84 85 88 89 90 98 99 100 101 
105 114 115 117 120 127 130 132 133 138 139 142 
143 146 149 153 155 156 158 159 161 162 163 167 
168 170 172 185 188 194 204 207 209 210 221 222 
230 241 246 252 253 258 262 268 276 277 278 279 
281 284 289 290 291 295 304 308 311 312 315 317 
319 320 322 329 330 331 338 343 346 350 359 362 
363 365 368 369 370 372 374 375 377 378 384 386 
387 389 390 394 396 398 400 402 406 407 413 414 
418 421 422 426 432 433 435 436 440 448 449 457 
461 462 464 467 481 484 487 488 489 493 495 498 
504 508 510 511 513 515 516 520 528 530 531 534 
536 537 543 548 552 553 558 559 565 566 568 569 
572 573 582 587 594 596 598 600 603 607 609 610 
612 614 618 620 637 641 645 647 651 658 660 663 
676 677 680 684 685 686 687 693 696 698 706 711 
717 718 719 720 723 724 726 732 735 745 753 758 
763 764 769 771 777 779 781 789 790 798 800 
241
2 7 10 14 17 24 41 43 47 49 50 54 
57 61 64 67 69 73 74 75 81 83 86 90 
102 103 105 106 108 109 110 112 115 116 118 119 
122 123 125 129 132 133 139 145 147 148 154 159 
160 163 169 171 174 176 179 182 193 194 195 199 
200 203 204 206 213 214 233 241 245 246 257 266 
267 268 272 273 274 275 279 281 283 289 292 295 
297 299 300 301 302 305 306 310 316 317 318 321 
327 329 330 333 334 335 340 346 349 350 353 355 
357 359 362 366 367 369 370 381 382 384 385 388 
393 394 396 400 412 414 415 417 425 427 429 431 
433 434 435 442 446 447 448 451 461 462 470 472 
482 483 492 493 498 503 505 506 507 514 515 517 
522 529 530 532 540 543 555 560 561 562 564 572 
575 576 577 580 586 588 592 598 599 601 602 603 
606 609 611 613 618 621 624 626 627 628 629 630 
633 640 647 653 659 661 666 667 669 670 673 681 
686 690 692 693 694 698 703 706 713 715 718 719 
724 725 727 730 741 742 744 745 747 749 752 757 
770 773 775 780 781 782 786 789 791 792 795 798 
800 
238
1 8 12 19 23 24 25 26 27 33 35 42 
44 46 47 49 53 55 60 66 68 75 80 83 
87 88 97 98 103 106 107 109 113 123 127 131 
132 134 137 138 142 148 157 161 162 169 174 178 
185 188 195 196 197 199 202 205 211 212 214 216 
218 224 228 230 233 234 235 238 241 246 247 248 
250 251 255 256 270 277 280 285 287 289 291 292 
301 303 305 308 316 318 320 329 338 339 341 342 
349 355 358 364 367 373 374 375 377 379 385 389 
391 392 393 398 399 402 405 408 410 413 414 418 
422 427 444 445 447 448 450 451 453 454 457 461 
463 470 471 476 479 480 481 483 484 485 488 490 
491 492 497 502 503 505 510 511 513 517 520 522 
527 528 530 531 537 544 546 547 550 556 559 567 
570 571 573 574 579 582 583 584 585 586 587 593 
594 597 602 606 612 614 616 618 619 623 627 640 
648 652 667 676 677 680 682 684 686 688 693 698 
699 700 703 708 709 711 718 721 724 726 729 730 
732 735 736 742 744 746 748 751 754 764 770 775 
776 777 778 781 783 787 792 795 796 799 
263
2 3 4 5 6 9 10 14 16 17 18 20 
22 23 26 27 28 29 30 33 35 37 43 47 
52 57 61 63 65 66 67 72 76 80 82 90 
93 95 97 98 99 100 103 104 105 111 117 120 
123 126 128 134 139 143 145 149 151 158 161 162 
165 166 168 171 172 177 178 186 190 192 195 202 
203 207 208 212 214 217 218 223 225 226 227 228 
230 238 239 240 241 242 249 252 256 260 264 265 
274 276 278 280 282 284 285 288 294 296 302 312 
315 321 323 329 331 334 337 347 350 353 355 359 
364 365 374 376 379 380 386 387 393 394 398 399 
400 409 410 415 419 421 422 424 431 432 433 434 
436 439 444 445 447 452 459 462 465 479 480 483 
494 496 498 500 502 506 507 508 510 511 512 516 
517 522 527 529 532 536 542 544 545 547 549 550 
552 557 561 564 567 572 575 578 580 582 584 585 
589 590 593 595 600 602 604 605 608 611 613 615 
620 622 624 627 628 629 634 636 639 646 657 659 
660 661 666 672 673 674 676 681 689 690 692 693 
697 700 702 709 711 712 717 721 723 725 730 735 
737 738 739 740 742 743 746 748 751 755 759 760 
762 771 773 776 782 787 788 789 793 797 800 
268
1 5 7 14 17 19 22 24 26 27 41 42 
43 51 54 55 57 58 59 62 69 73 76 80 
81 82 83 84 87 88 95 100 101 109 110 113 
114 115 117 118 124 128 132 134 143 154 155 156 
157 158 162 166 172 175 177 183 185 189 193 196 
200 201 202 207 208 216 220 222 223 226 229 230 
234 235 236 238 242 247 249 250 251 253 255 256 
257 258 259 260 261 262 264 268 270 271 272 275 
280 281 294 297 300 301 303 306 311 313 314 320 
321 324 330 331 334 336 342 345 347 348 349 350 
352 362 364 369 370 371 375 378 380 385 387 388 
393 397 404 406 408 409 416 418 419 420 421 422 
425 427 431 432 442 447 451 453 463 464 465 468 
469 471 474 476 478 480 487 489 490 491 492 500 
501 505 506 508 509 514 515 520 525 527 528 531 
533 535 538 539 541 553 560 561 565 569 586 589 
592 593 602 603 604 605 608 610 614 616 621 625 
627 629 630 631 639 640 641 642 645 646 648 651 
652 664 668 674 679 683 688 691 694 701 703 704 
709 711 712 713 714 716 717 720 722 723 725 726 
727 734 735 737 738 739 741 744 749 751 755 760 
765 769 770 772 773 776 779 786 789 790 793 794 
796 797 798 800 
222
8 9 13 22 23 32 44 56 61 62 63 64 
65 74 76 78 83 87 90 91 92 94 103 105 
106 108 111 112 121 122 129 135 136 137 139 140 
143 148 154 156 157 158 161 162 168 177 179 185 
186 187 188 189 192 195 200 204 210 212 214 215 
216 217 226 231 235 237 246 248 259 264 275 276 
279 281 282 284 289 292 293 295 297 303 304 308 
310 313 322 327 328 331 332 338 340 341 342 350 
351 357 367 368 373 376 378 379 384 386 391 394 
395 396 401 403 415 419 421 426 427 430 433 439 
440 445 446 451 455 457 465 468 472 481 483 485 
490 492 493 499 505 510 511 512 513 514 516 517 
520 523 525 526 534 536 539 543 544 546 549 552 
553 554 560 567 573 574 575 586 587 588 602 605 
613 617 623 625 627 636 637 641 643 646 647 671 
672 674 675 684 687 689 692 693 703 709 711 713 
715 721 722 723 726 729 732 737 740 745 747 748 
750 753 757 758 759 760 763 773 774 779 782 784 
787 789 790 791 793 799 
266
1 10 11 12 19 20 23 24 30 33 46 47 
51 53 62 66 69 73 75 78 79 81 82 88 
90 92 93 97 99 100 101 102 103 104 108 110 
111 114 117 121 129 134 138 140 142 144 147 154 
160 165 169 170 174 177 184 186 188 189 190 195 
199 200 205 220 221 223 226 227 228 230 231 234 
242 243 247 253 255 256 259 264 265 273 274 275 
276 281 282 284 287 289 290 292 294 297 306 308 
312 315 318 325 335 337 342 346 347 348 357 358 
361 362 363 365 369 371 379 380 382 397 398 399 
404 405 406 412 414 415 416 417 418 419 420 422 
423 425 428 430 432 433 434 436 437 439 443 445 
446 455 456 458 461 464 465 469 470 472 474 476 
478 479 481 482 483 486 487 494 500 502 503 504 
506 507 509 513 521 524 525 526 527 530 531 541 
547 553 554 560 568 569 572 581 582 590 593 594 
599 604 605 609 610 615 616 618 619 621 623 625 
629 632 641 642 645 648 650 651 661 662 664 665 
667 668 670 673 682 684 685 687 692 693 694 695 
698 702 705 707 708 712 715 720 722 723 729 731 
733 735 736 737 739 742 745 747 750 751 754 760 
761 763 766 767 769 770 771 773 780 785 786 787 
792 800 
236
2 3 13 20 33 40 42 43 46 50 58 60 
62 66 67 74 75 79 83 84 95 96 101 110 
123 131 132 139 144 149 150 152 154 156 161 162 
165 169 173 174 177 178 182 183 186 188 189 192 
193 196 197 198 201 204 208 212 220 226 230 231 
242 244 246 248 254 255 256 257 259 267 268 275 
278 279 280 282 283 285 288 292 293 298 302 309 
310 316 318 319 321 322 323 330 331 335 339 341 
344 348 351 353 354 366 369 370 376 377 379 383 
384 386 388 393 394 397 399 402 404 410 412 419 
427 428 430 431 433 435 438 441 443 444 449 452 
457 458 461 463 464 469 475 478 480 481 483 487 
490 497 501 504 508 513 514 515 519 520 521 524 
527 531 539 545 546 552 554 557 561 562 571 585 
587 592 594 595 596 603 604 612 613 615 616 618 
620 621 629 634 636 637 639 640 641 654 655 657 
664 665 667 668 670 671 672 675 676 678 682 683 
685 687 691 696 697 702 708 710 713 714 717 723 
729 730 731 734 735 738 740 741 748 750 756 758 
760 762 773 783 786 787 793 796 
223
4 7 11 13 15 17 20 21 30 37 39 40 
43 44 45 46 47 54 56 58 60 62 69 79 
80 82 83 84 89 91 92 99 101 107 112 114 
118 119 120 123 126 129 135 137 140 142 144 145 
148 150 154 159 172 174 178 179 183 184 192 194 
199 201 203 210 212 220 225 229 232 233 241 243 
249 250 255 259 262 263 267 268 278 280 285 288 
290 292 297 298 299 301 302 304 312 315 322 327 
329 331 333 339 342 351 352 353 359 369 376 377 
384 386 393 395 400 401 404 406 409 411 419 420 
424 432 434 437 439 441 442 446 447 449 455 459 
470 472 478 480 490 505 508 517 519 520 524 526 
543 545 546 547 552 555 557 559 562 565 567 571 
573 574 583 585 587 589 591 599 602 604 607 618 
619 621 624 629 633 636 637 640 643 644 658 660 
664 665 668 669 670 673 681 682 685 689 690 696 
698 701 702 704 705 707 715 717 720 726 730 731 
733 742 744 748 752 756 757 758 759 763 766 770 
773 776 779 781 783 787 790 
229
2 4 6 10 11 13 19 22 27 28 29 30 
31 32 33 38 41 49 59 65 72 78 85 87 
91 95 100 112 117 121 122 124 125 130 132 135 
136 139 145 147 150 153 155 157 158 162 165 167 
170 171 172 176 185 186 189 192 193 195 197 206 
209 212 213 214 227 233 234 236 240 244 245 250 
251 255 259 260 261 263 267 269 274 276 283 292 
297 300 302 306 314 316 317 318 319 321 324 328 
331 332 337 340 341 347 354 356 360 363 364 366 
367 369 374 377 383 385 388 390 396 397 399 409 
411 413 415 421 422 424 430 432 441 442 444 450 
451 458 461 464 465 472 473 477 480 481 489 490 
492 496 498 504 506 509 511 516 522 524 526 531 
532 538 542 543 544 545 548 551 562 574 575 577 
581 583 586 587 590 593 603 604 605 619 620 621 
628 632 637 640 645 650 651 659 668 669 671 673 
674 675 679 683 684 685 687 689 690 693 700 703 
706 714 715 727 728 733 739 741 742 744 749 758 
762 766 768 772 778 780 781 785 787 788 791 794 
800 
227
5 11 16 17 18 20 24 25 27 28 31 32 
44 45 46 47 55 64 67 68 73 76 85 86 
93 95 103 106 108 109 112 114 116 118 121 124 
128 131 132 136 138 143 151 166 170 179 181 184 
195 197 204 211 215 217 219 221 226 230 231 233 
235 245 249 251 255 256 258 259 261 263 267 275 
279 289 298 299 302 304 305 316 319 320 323 326 
328 329 343 344 346 352 354 356 362 368 370 386 
389 394 395 401 403 408 411 414 420 421 423 430 
433 434 436 453 458 465 467 468 470 471 472 474 
481 482 485 487 489 490 493 497 499 501 502 506 
509 515 519 528 532 534 535 539 542 548 550 551 
554 556 557 558 560 564 567 568 578 582 585 586 
589 590 594 597 599 605 606 610 620 623 625 628 
630 632 636 640 653 658 660 662 666 670 676 678 
682 688 689 694 696 699 708 709 710 712 714 715 
718 720 723 729 732 734 735 736 737 740 745 746 
747 750 751 752 755 759 763 766 767 769 770 774 
775 779 780 784 786 788 789 791 792 796 799 
245
9 15 17 19 21 22 26 29 31 36 41 44 
53 56 59 62 63 67 78 80 81 85 87 89 
92 99 100 102 103 107 108 118 120 133 134 137 
138 139 140 148 149 150 152 155 156 158 170 173 
175 181 184 187 188 189 191 192 199 204 212 214 
218 219 221 222 227 240 246 247 252 253 257 259 
261 268 269 270 271 281 283 290 294 295 299 303 
308 312 319 320 321 324 327 329 331 340 341 342 
343 345 351 353 359 360 376 379 383 388 389 397 
400 402 403 408 413 417 418 421 422 425 433 435 
436 439 441 442 446 452 454 456 461 474 475 478 
479 485 489 492 494 495 498 499 510 513 515 518 
519 521 522 524 528 530 538 539 542 543 545 549 
550 552 553 554 555 558 559 560 572 575 577 578 
582 583 585 589 590 591 592 593 594 600 602 604 
608 612 613 614 615 616 618 620 629 633 635 638 
640 642 643 652 657 658 659 665 666 667 671 673 
676 679 684 685 686 687 688 693 696 697 702 706 
709 715 720 723 724 725 727 728 729 730 735 737 
738 740 746 747 752 753 757 766 773 774 775 780 
782 784 785 790 798 
207
1 2 6 12 14 29 32 34 36 41 43 45 
46 50 51 56 60 61 63 67 68 70 71 75 
77 86 90 92 98 108 111 117 118 121 124 125 
131 136 137 146 148 151 153 160 168 169 172 174 
180 183 192 193 197 213 215 216 222 223 224 226 
227 230 236 242 244 247 248 257 265 266 267 269 
272 274 275 278 280 282 283 284 290 293 302 309 
328 330 331 333 335 338 341 342 348 349 355 358 
360 363 365 369 376 385 390 396 399 400 406 413 
414 418 420 421 422 423 427 430 432 436 443 444 
456 460 468 471 472 473 474 475 477 484 492 494 
496 498 503 508 512 520 526 527 532 534 537 540 
557 560 568 577 578 587 591 596 598 604 605 607 
609 618 621 646 648 651 653 657 660 661 665 666 
670 671 672 680 689 696 698 703 709 710 715 717 
719 721 725 727 731 735 739 742 743 744 749 750 
759 761 766 768 769 771 776 782 784 785 786 787 
788 791 795 
261
6 7 11 12 13 14 23 29 30 31 33 38 
40 43 48 49 50 52 53 54 55 57 61 62 
63 64 66 70 72 81 85 88 89 93 96 97 
101 102 104 106 110 111 112 113 116 124 129 131 
132 133 136 140 141 142 143 146 147 148 149 156 
158 159 161 162 166 168 175 177 179 181 185 186 
191 193 194 196 197 200 201 206 210 212 217 224 
226 227 229 230 240 243 244 245 247 254 257 260 
264 267 270 275 281 284 285 290 292 294 297 298 
303 305 307 308 311 312 314 317 318 324 326 330 
333 342 343 348 350 352 356 358 368 369 372 377 
378 384 385 386 388 390 394 395 401 406 410 411 
412 413 415 417 418 427 428 430 438 442 445 447 
448 450 451 459 461 465 471 472 482 487 488 489 
497 498 500 507 512 513 514 515 516 532 534 535 
538 539 542 543 545 548 551 554 557 564 566 570 
573 575 582 588 593 594 601 606 607 608 611 612 
615 616 617 621 622 625 637 643 644 645 654 655 
658 661 662 663 664 668 672 678 680 681 683 684 
687 690 693 694 695 696 697 703 704 710 716 722 
727 728 730 731 734 740 746 747 750 756 758 764 
767 771 778 790 794 795 797 798 800 
227
7 12 15 16 21 28 30 34 39 40 48 51 
52 55 57 61 64 66 76 88 91 95 99 101 
102 114 121 124 137 139 141 142 143 150 151 154 
157 159 162 164 167 182 183 184 187 190 194 196 
197 199 200 203 204 205 207 210 212 216 224 225 
226 228 229 247 251 256 257 265 266 272 273 275 
276 284 285 292 294 295 296 302 303 318 320 324 
325 327 330 331 333 336 338 342 345 347 348 350 
351 353 359 364 366 367 371 377 378 380 383 384 
386 400 402 403 406 408 411 413 414 424 433 434 
440 442 445 446 450 454 457 458 461 462 464 469 
472 474 482 484 497 500 502 506 516 517 518 519 
521 524 528 529 530 531 533 537 542 547 550 553 
555 556 561 563 566 574 581 582 584 585 587 592 
615 618 621 623 627 630 631 637 639 640 641 644 
646 652 656 659 660 665 674 675 676 677 678 680 
682 683 691 695 699 704 711 713 715 727 728 731 
733 734 738 742 743 748 750 752 755 756 757 758 
759 762 763 765 770 774 778 781 785 789 796 
266
4 6 7 9 11 12 13 18 20 22 23 27 
29 33 36 42 43 48 60 62 64 71 72 75 
81 86 87 88 92 96 97 101 102 105 106 108 
119 122 124 126 127 128 135 137 139 142 149 151 
156 163 167 168 170 171 173 174 183 186 188 190 
191 194 196 198 199 204 205 206 216 217 219 222 
224 226 231 236 237 238 243 248 251 252 256 257 
262 264 265 266 273 277 279 281 282 284 285 295 
298 304 308 313 314 317 321 333 337 338 342 345 
348 349 354 355 356 358 360 361 365 373 375 377 
378 380 385 387 388 389 391 392 393 394 398 399 
400 401 403 404 405 407 413 416 417 419 422 424 
426 428 429 432 433 436 451 466 469 470 471 476 
479 480 483 486 490 491 492 493 494 495 496 497 
499 504 507 508 512 514 519 520 523 524 531 532 
535 538 545 547 553 556 557 562 564 565 566 569 
575 578 581 586 587 599 601 602 606 609 610 611 
612 613 617 620 621 622 623 624 625 631 632 633 
637 640 648 654 656 660 662 663 667 671 672 675 
682 686 690 694 696 699 703 705 710 712 715 716 
719 725 733 735 736 742 745 747 748 750 752 753 
754 757 759 761 772 773 775 778 780 781 792 793 
796 798 
235
3 8 9 10 11 12 14 21 27 28 32 33 
35 36 46 47 58 61 63 65 72 75 79 87 
89 90 94 104 105 109 111 114 119 123 124 129 
132 133 134 148 149 152 156 162 164 171 173 178 
179 180 181 182 183 186 187 193 197 199 201 204 
211 212 213 214 216 224 225 226 229 230 231 234 
238 240 253 254 255 256 257 262 263 264 267 273 
274 277 282 288 295 296 298 301 302 304 305 306 
311 318 320 322 325 326 327 332 338 340 342 344 
348 349 356 357 359 363 370 372 373 384 385 386 
387 389 397 400 404 405 406 411 412 414 415 420 
421 426 429 430 431 433 441 448 449 462 463 469 
476 479 482 484 488 491 496 504 510 513 514 517 
519 522 523 527 529 531 536 538 540 543 544 547 
550 552 553 560 564 565 579 588 590 593 594 597 
598 599 608 613 619 624 627 632 636 638 646 647 
649 651 655 657 665 667 672 675 678 682 683 686 
694 696 709 713 715 718 720 725 726 727 730 731 
733 734 739 742 743 746 748 749 750 752 753 759 
760 765 770 781 784 793 800 
236
2 10 20 21 23 24 26 27 28 29 31 34 
35 36 37 51 54 57 58 60 63 65 67 69 
74 75 79 80 84 91 92 93 94 95 99 104 
109 110 113 117 121 127 128 130 135 136 139 143 
144 145 147 152 154 159 162 168 176 181 182 183 
190 191 194 196 198 205 207 211 213 218 222 223 
231 232 238 241 244 251 258 263 265 269 282 284 
295 297 298 302 303 305 306 311 313 315 316 317 
319 321 325 328 330 336 338 339 340 341 346 349 
352 357 359 370 372 375 383 388 393 396 398 399 
400 401 404 406 411 412 413 416 418 427 428 431 
438 442 444 455 459 463 469 471 472 475 479 481 
484 487 497 501 505 511 512 520 524 531 534 535 
536 538 540 542 544 545 548 551 553 556 557 560 
565 568 570 572 573 576 586 590 595 603 605 606 
611 619 638 639 643 645 647 649 651 655 656 660 
664 665 666 670 677 678 679 688 692 694 699 701 
703 704 707 710 714 715 716 723 725 730 732 734 
735 736 742 746 747 749 751 760 762 764 766 767 
772 776 786 788 790 791 795 800 
224
1 2 5 17 20 21 22 28 35 41 43 47 
48 49 50 52 53 55 56 61 63 66 67 68 
71 79 81 88 99 103 104 109 110 118 121 124 
125 126 131 133 138 139 149 151 152 154 155 157 
159 165 168 169 175 177 178 187 188 190 192 193 
198 203 207 212 213 230 232 233 236 237 238 253 
255 258 260 264 270 273 277 279 281 289 290 291 
293 297 298 304 310 313 314 317 319 322 324 327 
331 333 335 339 340 341 342 350 356 361 368 370 
375 376 377 382 386 392 404 406 407 409 411 414 
417 431 433 436 439 442 448 449 453 457 461 462 
472 473 476 485 495 500 504 505 506 508 511 516 
519 520 524 526 530 538 540 541 545 547 549 558 
560 564 566 569 572 575 578 583 586 589 590 592 
594 600 606 608 610 615 621 625 629 630 631 636 
639 643 644 653 654 657 659 671 672 676 683 687 
691 698 701 708 714 716 717 719 724 725 731 733 
734 737 744 748 754 758 759 760 770 775 782 783 
784 785 787 790 792 793 797 799 
255
4 8 11 18 20 25 26 27 30 31 33 34 
39 43 50 51 55 63 66 67 75 80 81 82 
83 92 93 94 95 100 112 113 120 122 123 124 
125 128 130 135 136 139 141 142 143 144 145 147 
148 152 153 156 162 164 172 173 174 175 176 183 
184 187 188 189 194 202 214 217 218 221 222 225 
228 229 234 239 245 249 252 256 259 261 264 265 
266 269 271 280 281 282 286 287 289 290 296 298 
300 301 304 315 317 319 320 321 324 328 332 333 
347 354 355 361 363 366 369 370 371 375 376 386 
390 391 397 400 401 404 405 409 412 413 414 415 
417 424 426 429 430 432 435 438 440 442 451 453 
456 458 459 461 463 465 470 472 473 476 477 483 
484 495 497 499 506 509 510 515 520 529 531 532 
537 543 548 551 555 557 559 560 561 563 568 571 
575 578 582 585 588 591 593 595 596 597 599 600 
605 607 611 612 618 619 627 629 634 641 644 650 
651 653 656 658 659 660 665 667 669 676 682 686 
687 691 693 696 699 705 707 711 712 713 717 720 
722 723 724 726 731 732 733 738 740 745 747 749 
750 751 756 765 766 767 769 782 784 787 788 791 
793 795 800 
238
16 24 25 26 27 32 33 35 36 41 45 47 
48 50 52 54 62 63 65 71 72 73 82 84 
87 90 96 102 107 110 113 115 116 117 119 120 
121 124 126 134 137 144 145 147 150 151 153 162 
164 165 172 173 175 178 182 184 186 189 197 201 
202 204 205 206 209 212 216 219 221 226 230 231 
234 240 241 247 248 260 261 264 269 273 277 279 
281 288 290 295 297 309 322 327 336 339 341 359 
362 365 366 369 382 383 386 387 390 396 397 403 
408 409 410 411 412 419 420 421 428 430 432 433 
435 443 446 447 448 449 450 452 453 456 457 458 
459 461 463 465 469 470 476 478 482 488 492 493 
494 495 496 497 499 500 503 505 507 508 510 512 
514 517 518 525 532 536 539 541 544 555 565 566 
568 571 572 574 578 581 582 583 585 596 597 598 
600 604 607 608 610 613 615 616 619 627 635 637 
647 649 651 656 657 659 662 671 674 677 678 685 
691 694 699 701 703 705 708 710 711 712 716 719 
720 724 727 729 748 750 754 756 757 768 771 774 
776 777 779 783 784 789 792 793 794 796 
238
2 6 9 13 20 21 29 31 38 40 42 43 
44 46 50 61 62 64 65 69 70 71 78 80 
89 92 94 96 98 99 103 108 112 117 118 126 
131 143 146 148 152 153 155 157 160 165 166 170 
174 177 180 186 187 192 193 195 201 207 209 211 
212 215 220 223 224 241 247 248 249 257 259 260 
267 268 272 278 281 285 289 290 291 292 294 296 
298 300 301 302 311 314 315 317 322 326 332 339 
341 342 348 350 351 352 357 358 359 361 362 363 
364 365 368 371 372 381 384 385 386 388 389 390 
409 413 414 416 418 419 423 430 433 436 448 450 
451 457 458 461 462 463 464 465 466 467 470 473 
474 477 482 486 487 492 496 497 498 500 505 508 
514 515 516 518 521 522 523 529 530 533 536 538 
541 542 547 548 549 552 557 558 560 567 579 586 
587 589 602 609 610 611 614 616 625 626 632 637 
638 651 655 659 661 663 670 677 683 686 690 693 
696 697 703 705 710 711 712 713 714 716 719 729 
732 736 737 749 756 757 759 762 763 765 767 769 
773 778 782 783 787 788 792 793 797 798 
245
4 5 6 11 15 22 24 26 34 37 38 39 
41 42 51 54 55 56 61 63 67 72 74 75 
76 77 80 81 83 84 85 86 91 92 96 106 
107 109 111 112 115 116 117 119 120 122 126 128 
133 138 139 141 143 148 149 155 157 163 165 170 
173 177 180 181 184 189 190 193 196 199 201 202 
203 207 208 216 222 226 229 240 241 242 243 249 
251 253 257 259 260 264 267 268 270 278 283 288 
292 293 299 302 304 309 311 315 317 318 324 326 
334 335 344 349 350 351 359 360 365 372 374 376 
381 382 385 389 397 398 400 406 407 409 411 412 
416 417 418 423 424 430 431 434 435 438 441 443 
446 448 450 455 456 458 459 460 462 463 464 466 
468 472 481 484 485 487 488 489 495 496 501 509 
515 517 519 520 522 523 525 528 538 540 546 550 
551 552 557 558 560 561 570 574 576 578 587 588 
589 597 601 624 634 636 637 641 642 645 652 653 
656 663 664 672 674 677 679 680 687 689 694 696 
700 705 707 709 711 714 715 721 726 727 730 731 
736 738 741 744 748 751 755 756 757 763 770 778 
779 784 786 789 790 
219
3 7 8 29 35 36 37 43 46 47 48 49 
50 53 54 63 68 69 70 72 75 79 83 89 
91 95 102 104 113 115 122 123 128 130 131 135 
141 153 154 162 164 166 168 169 171 172 177 178 
181 182 183 184 185 187 188 191 197 200 203 204 
208 210 217 218 219 222 226 236 245 246 247 251 
254 255 259 263 271 277 280 287 292 293 294 301 
308 309 310 313 315 316 321 326 336 345 347 354 
358 359 365 368 369 370 372 374 375 381 382 388 
389 391 396 397 398 399 401 407 408 415 416 418 
419 422 428 429 432 433 436 441 442 443 450 451 
452 456 457 464 469 475 476 478 487 490 491 493 
497 500 506 510 511 515 523 524 529 530 531 532 
535 539 544 545 547 552 555 564 567 568 573 582 
587 592 595 598 599 600 606 607 609 610 619 620 
623 627 629 631 632 635 645 648 650 651 657 659 
680 684 687 698 701 709 713 723 724 725 726 727 
736 737 741 742 743 752 756 758 761 765 772 776 
788 795 800 
246
2 4 6 7 11 13 14 15 23 24 30 31 
35 37 42 44 49 55 62 64 66 67 69 70 
73 74 76 78 79 81 82 88 93 96 98 99 
102 103 105 109 111 113 118 120 121 124 125 128 
130 131 132 134 138 140 142 143 159 162 163 164 
165 170 177 181 183 185 186 189 191 194 195 199 
203 205 209 211 217 218 219 221 222 234 235 237 
238 243 244 248 249 254 255 257 266 267 273 275 
280 284 285 289 293 294 297 303 304 316 320 327 
329 335 339 346 348 354 356 361 374 375 384 385 
396 397 401 406 413 414 415 429 431 435 441 442 
443 444 447 450 456 457 458 459 467 468 469 472 
475 476 479 482 483 484 486 487 495 497 498 499 
500 501 505 512 513 517 520 523 524 531 532 533 
536 545 547 553 558 560 563 564 567 569 570 572 
581 587 595 598 599 600 601 603 608 615 620 631 
633 634 637 639 641 643 647 651 657 658 663 669 
671 672 673 676 678 680 682 690 691 699 701 702 
703 704 710 711 712 714 715 716 721 725 729 730 
731 745 747 750 758 759 762 765 766 770 774 784 
786 787 790 791 793 798 
247
1 2 3 4 8 9 11 13 15 16 19 20 
22 27 31 40 43 44 49 56 60 64 69 77 
81 87 88 89 96 99 101 103 104 106 109 114 
121 124 132 134 138 151 156 159 163 165 166 168 
169 170 181 182 185 187 188 193 197 205 206 213 
216 218 220 224 225 229 232 234 236 242 246 249 
250 253 260 264 266 270 271 272 277 287 288 291 
292 293 295 298 301 302 305 310 315 316 318 323 
325 326 329 332 335 337 339 342 344 347 357 358 
364 366 367 370 372 377 379 380 382 385 387 388 
391 393 396 404 413 416 420 421 423 424 428 431 
436 442 444 445 446 448 449 455 459 467 468 470 
471 474 476 481 483 484 485 487 489 490 491 496 
498 501 502 511 519 521 522 535 541 548 549 553 
556 560 563 564 566 567 569 573 576 579 591 593 
597 599 602 606 610 613 616 617 618 625 626 628 
630 634 638 641 649 656 661 665 671 672 673 678 
682 690 695 698 700 708 711 713 714 718 721 722 
725 726 727 730 732 736 739 740 742 745 752 753 
754 757 760 764 767 768 769 774 776 779 785 786 
787 790 794 795 796 799 800 
231
2 5 8 9 12 13 17 26 27 28 30 40 
44 45 46 52 54 65 67 71 74 76 78 79 
82 83 86 87 89 90 97 101 104 105 107 109 
110 114 115 127 129 132 134 136 140 144 145 147 
153 169 173 177 178 182 187 188 189 194 197 198 
200 204 206 207 208 210 213 230 231 232 239 241 
245 246 248 251 252 255 256 258 261 268 272 273 
282 284 287 289 296 304 318 319 322 323 325 326 
327 340 343 347 348 350 352 360 364 367 369 384 
391 392 399 400 408 415 417 421 426 429 433 434 
440 442 444 449 450 457 459 461 463 464 471 472 
473 475 479 480 481 484 487 493 502 504 505 510 
516 522 530 531 533 537 538 540 546 548 549 557 
560 561 562 563 565 568 573 576 583 591 592 593 
598 604 610 612 613 614 615 625 630 631 635 646 
648 649 655 661 665 667 671 674 675 677 683 684 
685 686 687 688 691 694 696 700 708 710 716 719 
722 727 729 743 745 747 749 751 758 760 762 763 
764 767 768 773 774 778 783 784 785 793 794 795 
796 797 799 
234
3 8 10 12 13 18 19 21 23 28 42 43 
44 46 51 56 59 63 65 81 84 86 95 99 
106 109 110 112 114 121 123 126 127 134 136 138 
139 141 146 147 148 152 154 156 157 162 163 173 
176 177 179 181 185 187 189 192 193 196 197 200 
202 207 211 213 221 224 225 226 231 234 235 241 
242 244 248 255 262 264 266 270 271 272 276 277 
281 284 288 289 290 296 297 300 301 302 305 313 
314 316 317 320 327 329 331 334 337 340 341 345 
347 351 358 359 367 368 369 370 374 376 379 380 
389 391 392 396 398 401 403 404 405 407 408 411 
412 413 414 415 423 426 432 437 438 439 440 442 
448 451 452 453 455 458 459 463 464 467 470 473 
476 479 481 485 487 488 490 494 496 499 501 502 
506 507 516 521 525 526 530 536 539 542 544 546 
550 551 558 559 560 576 577 589 605 606 613 619 
622 625 630 631 638 645 649 653 654 656 659 660 
664 670 674 679 681 700 704 710 712 714 717 723 
725 726 732 734 737 745 746 756 759 766 768 770 
781 783 784 785 791 798 
232
7 9 11 12 32 35 36 37 42 43 46 48 
52 58 60 69 71 81 84 90 91 94 102 103 
105 112 113 120 123 126 131 136 146 148 153 158 
164 165 167 169 173 177 178 184 192 197 201 202 
204 205 207 208 209 215 217 218 219 220 226 232 
248 249 250 257 259 261 264 265 268 278 279 280 
282 284 289 296 299 302 303 305 306 307 308 309 
310 311 315 318 323 324 330 331 333 336 339 341 
351 353 356 358 368 370 371 377 380 381 384 387 
389 392 395 396 401 404 406 409 412 417 424 426 
427 432 433 434 435 438 439 441 442 446 452 456 
457 459 467 471 474 478 481 485 488 489 493 495 
497 499 504 516 520 521 522 527 530 531 533 541 
543 549 561 564 565 568 577 583 584 585 599 601 
602 607 608 611 612 613 614 620 621 622 623 625 
629 630 636 638 641 643 645 646 647 648 655 658 
663 666 673 677 678 680 681 682 683 686 689 694 
701 702 704 705 706 709 713 715 716 722 725 726 
727 729 734 736 738 748 759 764 767 770 771 776 
783 787 797 800 
244
4 5 6 12 13 15 16 23 24 29 33 35 
39 40 41 43 48 49 60 62 66 69 70 74 
82 83 87 93 108 115 117 119 123 124 130 131 
132 133 134 137 138 144 145 148 155 159 160 166 
167 170 171 173 174 175 177 178 180 186 195 196 
197 199 200 203 205 208 214 218 220 223 224 233 
234 240 241 242 246 251 259 260 261 262 266 270 
273 275 278 280 285 291 293 296 299 300 306 309 
310 311 312 315 323 326 330 333 337 338 345 346 
348 349 353 354 357 361 363 369 370 375 376 382 
384 388 392 394 398 401 408 412 413 417 422 423 
424 425 428 431 435 439 440 441 446 447 448 450 
451 452 453 455 457 465 470 474 479 483 485 487 
492 495 496 497 499 500 508 512 515 516 522 524 
525 527 530 531 532 542 543 544 547 558 559 562 
563 566 573 574 582 583 584 589 592 593 596 597 
602 603 606 611 618 619 623 625 626 633 638 643 
648 651 655 660 661 663 664 667 668 669 671 675 
678 695 696 699 708 710 712 713 717 718 719 722 
730 731 733 738 746 748 752 760 761 768 770 775 
783 794 798 799 
233
4 11 14 16 17 21 22 26 28 45 49 50 
56 57 70 71 72 83 88 90 92 95 97 101 
105 106 111 114 119 131 138 139 152 155 160 162 
165 168 171 172 174 176 178 179 183 189 193 195 
196 200 201 204 210 217 227 231 232 233 234 238 
241 245 246 247 248 249 251 254 256 259 265 266 
267 274 275 276 279 281 284 290 291 292 293 303 
304 311 315 316 319 327 329 332 341 345 350 351 
356 359 360 362 367 368 373 381 385 386 387 391 
392 394 395 398 399 402 406 410 412 415 418 420 
421 425 426 428 431 439 448 451 467 470 471 477 
485 492 493 494 496 497 504 506 509 511 513 514 
515 516 517 519 522 524 526 528 530 532 534 535 
540 541 544 549 552 553 554 555 558 561 563 564 
567 573 581 582 584 590 595 599 600 601 602 605 
606 607 608 610 614 616 620 621 622 624 627 630 
635 640 641 644 645 654 655 663 664 668 670 673 
676 678 680 688 692 694 727 728 729 734 735 737 
747 750 753 755 761 763 771 773 774 775 776 779 
785 788 794 796 797 
234
2 8 10 12 16 17 19 25 28 30 35 36 
38 43 48 49 56 60 64 66 67 71 73 79 
84 89 92 93 95 96 98 101 107 121 126 127 
129 130 134 138 141 143 144 147 154 156 157 160 
167 168 175 177 182 186 191 192 194 197 200 201 
206 210 211 214 216 225 232 244 246 249 252 254 
255 261 273 282 288 289 298 300 309 310 319 321 
323 325 329 335 339 343 348 350 356 361 362 364 
372 373 374 375 379 380 384 400 404 408 414 416 
417 418 421 426 431 437 439 442 447 450 458 460 
462 464 467 472 474 475 476 483 486 489 490 492 
497 498 499 500 503 504 505 509 511 515 518 519 
520 523 526 530 540 542 543 544 545 547 548 551 
561 562 564 565 567 570 574 579 580 583 586 587 
590 592 593 596 602 604 606 607 608 612 616 617 
619 620 621 628 629 634 636 639 640 644 648 650 
658 661 665 669 670 673 680 681 682 683 686 688 
689 690 691 694 695 697 702 705 707 710 712 716 
725 726 727 730 733 738 743 746 748 749 755 757 
760 767 774 775 777 800 
232
1 8 9 10 11 12 16 18 20 22 25 30 
35 37 41 58 62 66 68 71 76 77 79 80 
83 86 90 92 93 96 100 102 109 113 121 122 
126 127 128 129 135 139 143 146 147 148 157 168 
170 173 178 179 182 185 194 200 220 227 228 231 
235 236 245 251 253 255 258 260 262 263 265 266 
267 269 281 285 290 291 301 302 313 315 316 319 
323 325 327 328 329 330 336 337 340 341 344 348 
351 352 357 358 359 366 367 368 372 377 379 383 
384 391 397 400 401 404 405 406 407 410 420 421 
423 424 428 429 430 431 435 436 440 441 444 450 
453 460 461 462 464 466 471 472 475 477 478 481 
485 487 492 496 502 504 506 513 516 517 523 525 
526 528 533 536 537 538 539 540 541 544 549 554 
556 557 559 562 565 566 580 582 584 585 586 587 
589 592 593 597 600 606 619 623 626 628 630 631 
638 642 644 648 649 656 657 664 666 669 671 672 
675 679 684 687 691 692 693 695 703 705 708 712 
721 724 734 735 742 744 750 764 767 771 773 779 
781 786 787 795 
249
5 8 10 15 17 29 31 33 40 42 46 48 
49 57 58 60 61 65 67 68 69 72 80 83 
84 85 87 95 100 101 104 105 110 111 119 121 
123 124 126 128 131 133 135 143 144 146 154 165 
168 170 172 174 176 182 184 188 189 190 194 198 
199 202 207 214 217 221 223 228 230 233 236 238 
239 240 242 244 250 251 261 277 280 282 288 292 
297 303 304 309 314 321 322 323 329 333 334 337 
339 341 342 350 354 357 359 360 365 367 368 371 
375 377 379 380 381 384 393 394 396 399 400 401 
403 407 409 410 411 413 417 422 426 431 432 437 
438 439 440 442 446 448 452 453 454 458 464 470 
473 474 476 478 484 488 491 498 502 507 510 512 
514 515 518 519 522 523 527 530 532 533 535 537 
542 543 544 545 547 548 551 553 556 560 562 563 
568 569 573 575 579 582 585 587 591 596 600 603 
609 610 615 616 617 619 621 628 632 634 636 640 
643 645 646 651 657 666 679 683 684 685 691 692 
693 697 704 708 709 711 717 720 721 722 723 724 
728 735 741 742 753 761 763 764 765 766 767 768 
770 777 779 781 783 787 790 792 795 
239
5 11 13 15 21 27 31 37 42 43 44 52 
53 54 59 60 70 73 75 89 91 102 108 109 
110 111 112 113 115 116 118 124 125 129 130 131 
135 140 143 149 150 155 157 159 162 164 176 177 
179 180 188 190 191 194 196 199 203 204 206 209 
213 214 216 218 221 233 234 235 239 241 244 246 
248 252 253 255 266 268 269 273 275 278 281 282 
283 289 294 295 297 298 301 305 306 314 317 320 
325 333 335 337 343 344 355 364 366 367 370 371 
374 375 383 389 390 393 394 400 405 411 416 420 
426 436 439 441 442 445 450 451 453 459 460 466 
467 476 479 481 492 498 500 501 502 505 512 516 
523 529 530 531 533 535 536 539 540 547 548 552 
557 558 563 566 569 571 572 575 585 586 588 590 
596 597 599 602 610 615 619 621 624 633 636 637 
639 640 643 646 647 648 650 651 652 655 658 661 
663 667 668 673 677 679 681 685 690 693 695 698 
700 708 714 717 721 722 724 726 730 732 734 739 
740 748 752 754 756 757 760 761 767 771 775 777 
783 784 785 786 790 791 793 794 795 797 798 
235
5 6 9 10 12 16 17 18 29 30 40 42 
44 46 47 48 49 59 61 62 63 70 71 72 
74 81 86 87 91 92 93 97 99 103 110 111 
114 116 118 122 123 124 125 139 141 142 145 148 
156 159 160 162 165 167 168 170 175 183 191 192 
193 197 200 208 215 221 222 228 232 234 237 238 
239 244 249 252 261 265 268 269 270 282 286 287 
289 290 295 297 300 301 308 313 317 323 329 332 
342 343 347 348 351 353 354 357 359 361 367 374 
375 378 379 381 382 383 385 386 387 388 389 391 
392 396 397 405 406 413 432 435 438 439 441 442 
444 445 451 455 460 461 465 472 474 476 477 479 
480 481 483 485 490 491 498 500 504 508 509 515 
516 517 521 532 533 534 536 538 545 546 551 552 
553 556 561 566 568 575 579 581 586 587 589 594 
599 601 609 610 615 621 625 629 636 639 641 645 
650 653 654 655 658 664 669 670 680 681 684 697 
703 706 707 709 712 718 721 722 732 736 740 742 
743 744 745 747 752 754 757 760 775 778 780 783 
784 785 786 794 795 798 799 
249
1 4 6 14 15 16 19 25 27 31 34 37 
43 48 50 51 57 60 66 70 75 82 84 88 
90 93 95 96 97 98 103 104 105 107 110 113 
114 123 125 133 134 138 143 145 148 149 158 161 
166 169 173 185 186 191 193 194 196 197 201 202 
204 206 209 219 223 228 229 231 233 235 240 244 
250 252 253 256 257 260 262 263 265 269 277 278 
284 289 292 293 295 296 299 303 306 308 316 322 
325 326 329 330 331 333 334 335 347 349 350 351 
352 353 354 359 360 364 365 367 368 370 374 377 
379 380 385 387 392 393 396 400 402 405 411 417 
420 421 423 424 427 429 430 436 442 445 446 447 
448 452 461 465 470 472 474 482 483 488 489 490 
492 495 499 500 502 504 505 506 508 509 514 517 
523 524 526 527 528 529 535 540 541 546 549 553 
554 557 558 560 563 566 567 570 575 584 589 591 
600 602 604 606 613 614 620 631 632 633 645 646 
648 650 652 656 661 663 674 679 682 687 690 692 
696 704 708 714 717 721 722 725 727 732 734 737 
741 742 749 751 755 759 760 762 765 766 771 778 
779 781 784 785 786 789 790 794 796 
247
4 5 6 9 10 11 12 14 20 22 23 24 
26 29 30 36 38 39 41 45 50 58 59 61 
73 80 88 93 95 101 102 104 107 108 109 117 
124 127 135 138 144 146 147 150 155 161 162 163 
164 170 171 174 177 194 195 203 204 212 215 227 
236 239 243 248 251 253 258 259 261 262 277 280 
282 287 290 291 292 301 308 312 315 328 333 335 
337 338 339 343 347 348 351 353 354 356 360 362 
364 365 367 370 374 383 388 391 392 395 397 399 
402 403 405 408 409 415 419 421 423 428 433 435 
438 439 449 452 462 464 465 467 470 471 474 480 
481 482 483 488 490 491 493 494 495 500 506 508 
510 514 518 527 529 531 538 540 543 544 545 546 
547 548 553 559 560 563 565 569 571 572 578 581 
582 585 586 590 591 593 595 601 604 606 608 609 
610 611 613 616 619 622 624 631 632 634 638 641 
642 657 658 660 662 663 664 665 669 670 675 678 
679 680 682 683 684 685 687 688 692 698 705 716 
720 723 725 726 728 729 730 732 733 735 736 737 
738 741 743 744 750 754 762 764 765 769 770 775 
781 783 785 786 788 790 796 
244
3 4 9 10 29 32 40 46 47 49 51 61 
62 65 68 70 73 74 77 87 90 92 93 98 
101 105 108 109 112 115 124 133 134 135 137 145 
147 148 151 152 153 154 155 159 162 167 170 171 
173 176 190 191 193 202 203 208 210 211 212 213 
214 217 220 226 228 234 235 243 255 256 262 263 
264 266 270 272 274 277 279 280 281 285 288 289 
291 296 298 309 312 322 323 325 328 330 332 333 
335 336 339 345 346 349 351 353 355 358 364 367 
375 379 380 382 385 391 399 400 409 410 411 413 
414 418 426 430 432 434 435 440 442 446 449 452 
454 456 457 459 463 466 470 471 476 477 484 485 
491 495 501 503 504 507 508 510 514 516 518 522 
526 535 536 537 545 547 548 549 557 559 566 567 
569 570 577 584 586 589 590 591 592 594 599 601 
605 607 610 612 618 621 624 625 626 629 631 632 
635 636 639 649 651 653 654 657 658 664 669 678 
679 680 683 691 692 695 698 700 702 707 710 718 
719 722 723 727 729 734 735 737 739 740 741 744 
746 750 753 761 764 769 772 777 778 779 788 789 
790 794 797 798 
214
5 6 8 11 18 19 20 23 33 35 38 41 
42 46 47 48 52 55 70 72 89 95 102 106 
107 109 110 112 113 114 116 118 121 127 129 132 
139 143 144 147 152 153 166 168 170 179 185 188 
189 190 194 202 208 213 219 222 227 229 231 232 
245 246 248 259 260 265 266 267 270 272 274 276 
277 279 281 285 286 288 290 292 301 303 306 308 
314 319 320 326 329 331 337 338 340 347 349 352 
355 361 362 364 366 370 371 372 374 387 390 394 
395 399 402 403 410 422 431 432 438 446 451 452 
454 463 470 477 479 483 486 498 500 502 503 506 
520 521 522 523 527 532 536 537 538 540 543 545 
550 553 562 565 567 589 592 595 598 609 611 614 
619 625 626 633 635 637 639 644 647 650 653 659 
661 664 665 670 674 675 688 689 692 694 696 697 
702 704 708 710 713 716 722 725 727 728 729 734 
736 739 743 748 749 750 752 757 761 762 767 771 
773 776 777 778 785 786 790 793 794 795 
238
2 3 8 12 15 20 25 31 44 49 50 51 
54 59 60 65 66 67 71 74 75 77 82 85 
90 91 92 96 101 102 103 111 113 114 119 120 
122 131 136 137 141 144 146 152 157 159 161 165 
167 172 177 180 184 188 196 197 201 209 214 216 
218 220 221 223 228 229 232 236 241 243 245 247 
250 254 263 264 265 274 277 279 281 283 284 285 
290 292 294 299 301 304 311 313 314 317 321 323 
324 328 332 335 344 345 346 349 352 365 367 370 
372 375 387 395 396 409 417 427 428 429 431 434 
438 440 442 443 445 446 451 453 457 459 461 463 
466 468 469 474 477 478 487 488 489 491 493 500 
504 506 509 513 514 515 519 522 524 527 529 530 
533 534 537 544 545 546 549 551 553 557 568 569 
580 585 586 590 596 606 612 613 614 617 624 626 
627 628 630 636 643 645 646 647 649 651 653 654 
655 656 658 660 661 666 671 672 675 678 680 681 
682 686 690 692 693 694 697 698 700 704 705 706 
707 721 723 724 730 732 736 738 739 742 744 749 
761 770 771 774 776 784 786 788 790 799 
255
4 8 16 17 23 27 30 32 34 36 48 50 
58 59 64 68 75 76 77 79 82 83 84 89 
91 93 95 96 97 98 101 105 107 109 115 116 
117 118 120 127 133 134 135 136 137 138 148 151 
152 158 160 161 162 164 169 174 176 178 185 186 
192 193 198 202 203 205 214 220 221 222 230 231 
239 243 249 255 256 260 263 267 271 272 273 276 
278 283 284 288 289 290 297 302 304 308 313 314 
321 325 326 327 328 332 335 338 343 347 351 353 
354 357 358 362 365 366 368 369 370 378 379 383 
384 385 386 393 400 402 406 410 414 416 418 419 
420 421 428 429 432 434 441 449 450 451 453 454 
457 461 465 467 472 475 476 481 488 489 490 493 
495 496 497 498 501 502 511 513 515 517 518 519 
520 528 529 533 535 536 538 541 542 544 550 552 
555 560 562 563 566 570 572 573 576 577 581 582 
585 586 587 590 598 605 607 608 609 616 623 624 
626 629 630 632 633 635 638 646 660 663 670 678 
679 683 685 693 701 706 708 709 713 715 717 718 
723 725 730 731 732 733 736 741 742 745 746 747 
752 753 754 763 771 774 776 777 778 779 781 790 
792 796 797 
233
2 4 12 16 19 21 23 25 35 36 45 56 
58 60 62 63 64 67 69 70 71 74 81 87 
90 91 92 93 94 98 99 107 111 112 120 130 
138 140 141 147 151 155 159 160 162 169 174 176 
179 183 184 185 190 191 193 194 198 199 202 206 
207 209 211 214 223 224 226 227 229 232 237 240 
244 246 247 248 254 259 270 276 287 289 290 311 
313 315 321 322 332 335 341 344 346 350 351 352 
354 355 356 358 363 368 372 374 376 380 382 385 
389 390 393 395 399 400 404 405 410 413 417 426 
432 433 441 443 448 449 454 455 465 466 467 468 
470 471 483 484 486 490 493 494 501 508 510 518 
519 526 529 530 532 533 534 536 543 544 545 550 
553 558 562 564 565 572 575 576 578 582 587 592 
596 598 603 607 611 615 620 625 626 628 631 634 
636 637 638 641 642 643 648 651 652 655 656 659 
663 665 670 677 682 683 685 686 688 690 693 699 
704 706 716 718 723 724 725 726 729 731 732 735 
738 739 740 742 745 755 758 759 760 767 772 773 
776 777 781 791 798 
230
7 10 11 21 30 32 36 44 64 66 73 80 
84 96 102 105 106 107 108 111 114 118 127 129 
131 135 138 153 155 156 157 158 160 167 170 172 
173 178 183 188 194 195 200 201 202 203 206 213 
216 218 224 225 229 232 233 235 239 241 245 251 
252 256 259 260 262 265 266 269 272 274 275 278 
279 281 282 283 286 287 291 293 301 302 303 305 
311 313 319 320 325 328 329 333 335 336 339 340 
341 345 347 348 349 353 357 360 365 366 376 378 
381 384 398 402 403 405 409 410 411 415 420 421 
422 432 438 440 441 442 443 454 463 482 486 491 
492 495 496 500 501 502 503 504 506 507 508 511 
512 516 518 523 532 538 540 541 551 557 559 564 
574 576 577 581 583 589 594 596 599 600 605 607 
613 618 619 620 628 630 632 646 652 660 663 665 
666 667 671 672 675 679 682 686 687 688 692 694 
696 699 700 704 705 707 712 713 714 715 716 718 
720 729 730 734 735 736 737 744 745 746 750 751 
753 758 759 766 768 773 776 777 781 782 787 792 
793 800 
246
5 6 11 12 13 26 27 32 33 36 38 39 
42 47 48 49 54 57 60 62 63 69 76 79 
82 84 85 89 92 93 94 96 97 102 104 109 
110 111 113 129 131 132 133 141 144 145 146 148 
149 156 158 160 162 163 164 165 172 176 180 182 
183 184 189 199 205 206 209 215 216 218 219 220 
221 223 227 228 229 234 236 243 245 254 257 259 
262 264 267 276 279 280 287 289 291 295 296 303 
306 308 312 314 316 319 320 323 327 330 332 333 
334 335 338 340 342 343 346 347 352 356 357 358 
361 363 366 369 375 376 380 383 385 389 392 395 
399 408 424 426 427 429 434 437 446 447 453 456 
461 469 474 475 478 481 489 491 492 493 494 498 
501 502 503 504 509 513 516 521 524 529 536 540 
541 542 548 549 550 554 559 562 570 571 577 578 
579 589 590 592 601 603 604 607 614 620 621 622 
623 626 633 634 639 647 648 649 650 653 656 658 
662 675 679 682 683 692 697 699 701 706 709 711 
717 721 724 726 728 729 730 736 739 747 748 755 
759 761 763 770 771 778 780 781 782 786 787 788 
789 792 794 795 796 797 
229
1 2 4 10 17 25 26 32 37 43 45 51 
52 60 62 64 68 75 82 83 84 96 97 103 
104 105 116 120 122 132 137 139 140 142 143 145 
152 157 166 171 172 185 189 191 204 210 211 214 
216 226 228 229 234 236 240 244 246 252 253 254 
264 268 270 272 282 288 289 291 292 296 298 299 
304 310 315 316 321 324 328 329 335 338 339 343 
344 346 356 360 361 365 370 371 373 378 380 383 
393 394 399 401 404 405 409 413 414 416 425 426 
427 429 430 431 434 440 445 448 449 450 451 456 
465 466 468 473 476 480 481 483 485 491 498 499 
500 502 504 507 517 518 519 523 527 529 530 535 
544 546 547 548 552 557 559 561 567 569 575 580 
587 589 598 600 601 602 607 612 613 617 620 628 
630 631 634 636 642 645 649 651 657 658 664 668 
669 671 675 676 677 680 683 685 688 701 702 703 
709 718 720 725 726 727 729 737 741 742 743 746 
751 753 755 756 758 759 764 766 767 770 771 774 
776 780 781 782 783 784 785 788 791 794 795 799 
800 
254
1 2 8 10 11 14 16 22 23 25 26 27 
28 31 39 42 47 48 49 50 52 53 59 61 
64 69 74 75 76 77 80 81 82 88 91 93 
94 98 99 106 109 113 114 116 119 120 124 129 
130 131 135 137 139 141 144 149 150 152 157 158 
164 168 175 187 188 192 196 197 200 201 205 210 
211 214 215 225 229 231 235 244 245 246 260 263 
264 266 269 273 274 275 279 285 286 294 296 298 
300 301 303 304 308 310 311 314 315 319 321 323 
324 328 331 333 335 337 338 342 343 344 345 349 
352 354 360 364 368 374 375 378 379 383 385 389 
391 394 396 397 399 400 404 406 407 408 409 410 
411 412 413 414 415 421 430 433 434 436 439 443 
444 445 447 448 449 456 459 461 469 471 486 490 
491 505 510 512 514 515 519 520 523 525 532 533 
542 543 544 546 551 556 559 561 571 576 578 581 
583 585 588 592 594 599 609 611 616 623 628 631 
641 642 643 646 658 659 660 663 665 666 671 675 
676 677 681 685 690 694 696 699 708 709 710 717 
718 721 730 731 733 735 740 743 744 751 757 761 
763 764 767 772 778 779 781 787 788 790 792 793 
794 800 
246
6 8 9 11 18 19 20 21 25 27 28 29 
32 35 38 39 40 41 42 46 50 61 65 66 
67 71 73 75 76 78 82 84 85 90 95 100 
103 104 111 113 115 116 118 124 128 131 132 135 
136 139 142 143 145 150 151 154 155 159 163 164 
165 168 169 174 176 179 183 186 187 191 192 193 
196 197 201 202 204 211 217 220 228 233 242 244 
247 248 252 254 256 257 259 261 262 264 265 269 
270 272 277 278 282 287 291 293 294 299 301 303 
304 305 310 315 316 319 321 324 325 328 332 338 
339 340 341 342 347 349 350 351 352 357 360 363 
368 372 380 389 393 397 398 406 407 411 413 414 
417 419 421 426 434 435 436 442 445 446 448 452 
459 462 464 466 467 469 479 482 483 488 495 498 
500 506 507 512 513 514 519 522 526 530 531 534 
540 541 544 547 548 552 553 555 565 573 579 584 
588 594 595 598 600 604 610 615 619 621 623 624 
625 626 629 630 635 646 655 656 659 668 669 670 
675 677 687 692 704 705 708 711 713 716 722 724 
725 740 745 747 753 755 758 759 763 770 771 774 
779 781 788 789 796 800 
243
18 21 22 27 29 35 36 40 42 44 47 51 
58 60 64 66 71 76 82 84 87 89 94 98 
99 105 110 114 116 122 125 131 133 135 139 140 
144 151 152 155 160 162 164 166 167 168 174 180 
183 189 200 214 215 218 221 222 229 230 234 241 
242 244 247 249 250 253 254 257 261 268 269 272 
276 277 280 283 289 293 296 297 300 301 310 312 
315 316 319 320 323 324 326 331 335 340 342 347 
349 356 359 360 369 373 374 380 385 388 392 396 
397 398 399 400 405 406 407 409 413 414 422 427 
428 430 431 437 442 444 445 446 447 450 451 452 
454 455 460 463 468 471 473 474 477 480 484 486 
492 493 494 495 500 502 507 508 509 515 516 517 
522 527 529 536 537 540 543 546 549 551 556 558 
559 563 566 577 580 582 583 585 587 588 590 592 
593 594 595 603 605 609 614 617 618 622 624 628 
635 637 638 639 641 643 645 649 650 652 661 662 
673 677 680 684 685 689 691 693 698 700 702 703 
708 709 710 712 717 718 723 726 730 734 735 736 
738 739 746 748 754 767 768 775 779 786 787 793 
796 797 799 
240
2 4 7 15 25 28 42 46 47 51 55 61 
62 69 70 71 73 75 77 83 86 88 91 94 
99 101 102 103 116 127 130 131 133 134 138 140 
141 144 145 146 154 155 158 164 167 170 181 185 
187 190 196 197 201 203 212 213 215 216 217 218 
219 220 221 230 232 235 239 240 244 245 247 252 
257 258 259 260 261 264 269 275 279 285 288 289 
290 291 292 293 302 308 309 311 314 316 319 320 
326 330 331 334 335 337 341 347 348 350 358 362 
363 377 378 380 381 385 389 391 393 397 402 410 
416 419 428 429 434 437 445 448 449 452 453 455 
456 458 467 468 475 476 480 481 489 490 491 492 
493 495 497 498 501 503 512 516 517 524 525 532 
536 537 544 545 548 552 555 562 564 566 567 571 
576 577 578 580 582 584 591 595 600 602 603 606 
607 613 614 621 624 625 628 632 634 638 641 648 
649 650 653 654 665 669 670 674 679 682 683 688 
689 695 699 700 706 712 716 724 729 732 736 740 
742 744 746 747 750 754 756 761 762 763 772 773 
774 776 777 778 781 782 783 791 793 794 799 800 
230
3 9 11 14 17 26 29 39 42 43 45 46 
48 52 57 61 62 63 65 66 67 71 73 74 
76 79 80 84 88 89 92 93 95 98 99 100 
104 105 108 114 121 127 133 136 137 144 145 149 
150 151 152 158 161 164 168 170 171 176 178 182 
183 184 185 187 192 198 200 209 211 217 218 219 
220 223 228 232 238 241 242 243 249 254 259 269 
271 272 274 278 279 281 282 284 288 289 296 302 
305 311 313 314 315 318 320 322 323 324 327 328 
339 343 357 362 365 371 372 373 389 390 392 394 
402 403 406 418 425 427 430 433 434 436 439 446 
450 454 459 461 467 470 477 479 480 484 500 501 
502 506 509 523 525 529 531 538 542 543 545 546 
554 555 557 559 560 564 568 569 578 581 587 589 
596 600 605 610 611 613 614 615 616 618 619 621 
622 627 629 636 639 640 642 643 645 655 656 657 
660 664 666 669 679 683 690 691 692 693 698 700 
701 705 708 710 713 715 725 727 728 739 740 745 
746 748 754 757 761 766 773 777 780 787 789 791 
793 796 
236
7 15 19 20 22 28 32 34 38 41 42 48 
49 52 55 56 57 68 69 71 72 78 82 83 
89 92 93 96 98 100 104 116 119 120 128 132 
133 134 140 143 144 145 146 149 151 152 154 159 
163 168 169 184 186 188 193 201 209 214 219 223 
230 231 234 240 242 244 246 250 254 255 256 257 
258 259 260 262 264 266 267 268 271 272 273 274 
280 287 290 296 299 308 311 313 316 320 322 327 
333 338 341 344 345 347 350 360 361 362 364 365 
366 373 378 382 383 392 399 408 410 419 420 424 
427 429 432 434 436 446 449 450 451 457 462 474 
475 479 483 484 486 490 491 496 505 510 512 515 
525 527 528 529 536 543 546 548 552 558 562 564 
566 567 569 570 572 576 581 584 585 589 590 591 
592 598 599 603 605 607 608 610 618 630 631 633 
636 639 645 649 653 654 657 658 659 663 667 672 
673 675 676 677 679 685 687 692 702 703 712 715 
718 719 727 733 734 737 738 741 742 748 749 751 
753 756 757 759 760 763 764 767 771 772 775 779 
781 784 786 787 793 795 796 798 
232
5 6 7 8 9 11 17 18 22 24 26 27 
28 32 37 38 42 43 45 46 49 50 52 54 
55 57 58 63 65 68 69 72 76 78 81 82 
83 88 96 101 104 106 108 109 110 112 115 118 
119 120 122 126 127 134 142 148 160 163 167 175 
178 180 183 185 187 188 196 197 198 200 201 202 
203 204 206 209 211 218 221 222 226 244 246 261 
262 263 264 274 280 281 285 293 299 301 303 304 
310 317 324 332 337 342 345 346 347 352 353 361 
363 368 369 374 375 377 379 382 385 386 388 392 
393 396 397 403 406 413 421 424 425 430 433 436 
438 440 444 445 446 452 456 457 460 463 464 468 
469 479 480 486 488 489 494 501 504 505 510 511 
512 515 517 521 523 524 525 527 530 532 533 535 
538 541 543 546 551 553 555 557 564 573 579 584 
587 588 593 599 608 612 613 615 624 630 631 637 
646 649 650 652 659 660 663 665 667 676 680 683 
684 685 694 696 697 700 703 714 717 719 725 727 
737 739 740 742 744 751 754 756 759 769 770 778 
779 785 794 798 
218
2 4 6 10 11 12 13 16 20 24 28 30 
36 37 38 42 45 51 53 55 56 57 59 60 
62 63 66 67 69 70 71 72 73 74 75 76 
79 81 84 87 88 90 92 102 104 108 109 110 
116 117 122 125 129 130 139 146 151 152 154 156 
157 159 170 172 176 180 183 189 220 227 228 232 
238 240 245 246 248 250 257 264 265 272 274 280 
288 292 298 299 301 302 307 315 317 318 320 323 
326 327 329 337 340 344 349 360 363 366 371 372 
373 375 379 382 384 385 389 390 391 392 395 397 
398 406 410 416 419 435 439 445 446 450 451 453 
457 468 469 472 473 474 475 476 478 482 485 486 
491 492 493 494 500 501 513 516 521 522 526 527 
535 538 544 546 549 552 555 556 558 569 582 583 
598 599 601 605 607 609 613 616 619 623 628 635 
636 637 640 648 656 663 670 676 679 680 682 685 
686 689 691 694 700 701 703 713 716 719 721 725 
729 732 739 740 741 743 755 760 764 770 790 795 
797 800 
233
3 9 11 13 22 24 33 36 39 46 49 55 
58 59 60 62 64 65 68 75 80 83 85 88 
89 101 108 109 111 112 114 119 120 121 126 129 
130 134 136 138 141 145 150 151 158 160 162 163 
168 170 172 174 177 178 181 183 184 185 186 191 
192 193 195 199 203 204 206 208 218 219 225 231 
240 242 250 253 255 256 263 265 266 271 273 276 
282 289 291 292 295 297 298 301 303 307 308 311 
316 320 321 324 328 329 332 334 336 346 347 354 
355 358 363 365 367 371 376 378 379 380 381 383 
398 399 414 419 421 435 436 437 440 442 443 450 
454 455 456 457 459 468 474 475 477 480 481 484 
487 488 489 492 498 503 504 508 510 516 517 519 
522 528 529 535 538 542 548 549 554 556 560 562 
568 570 573 576 579 581 585 587 591 593 597 602 
605 609 610 612 616 626 628 630 633 634 637 640 
645 649 650 651 662 666 674 680 683 689 695 700 
702 707 710 711 718 723 725 727 728 729 732 733 
736 737 740 753 764 769 774 775 776 780 784 790 
791 792 793 799 800 
253
5 6 8 23 24 27 31 34 35 40 43 46 
50 55 57 63 67 68 71 75 79 80 83 86 
89 91 94 95 97 101 107 108 109 118 120 126 
128 130 131 132 135 137 140 141 143 144 150 151 
154 155 161 163 164 165 166 172 179 182 189 195 
196 198 199 201 202 203 206 209 212 217 218 220 
227 228 232 234 236 238 240 241 246 248 262 266 
271 275 282 287 288 291 292 297 298 299 302 306 
308 313 314 315 316 321 322 323 330 331 335 343 
345 352 354 355 357 364 372 376 379 381 384 386 
391 395 397 398 400 406 407 408 410 413 415 420 
421 424 428 432 437 445 447 448 455 461 463 470 
473 476 477 479 481 483 484 486 488 489 490 491 
492 494 496 498 500 501 503 505 506 508 510 513 
524 525 526 531 534 535 538 539 541 545 550 557 
564 568 569 571 574 575 576 578 579 580 581 583 
584 587 588 591 596 598 599 602 604 605 606 614 
616 617 621 627 629 635 638 644 645 646 654 657 
662 668 671 673 674 680 683 684 685 686 688 689 
690 694 703 708 715 720 721 722 723 728 730 733 
740 754 756 761 762 770 773 778 779 787 790 792 
793 
225
2 4 5 7 8 9 10 19 20 21 29 30 
35 48 52 55 68 70 78 83 84 86 94 95 
98 104 113 115 122 126 136 142 143 144 147 154 
155 157 160 165 167 168 170 171 181 184 187 189 
195 196 197 198 199 203 204 207 215 216 218 221 
228 248 250 255 256 260 261 263 268 273 275 277 
281 282 284 289 297 308 309 315 316 319 321 325 
332 339 340 341 344 352 353 356 357 359 364 366 
369 381 383 384 387 391 393 396 401 404 413 415 
416 420 421 422 423 424 425 440 443 444 445 447 
448 452 456 457 459 461 466 473 474 475 476 483 
484 490 491 492 501 505 513 520 523 529 539 547 
549 551 557 560 561 566 569 570 573 577 579 582 
584 587 589 595 597 600 601 602 603 608 611 613 
619 620 624 630 632 640 648 649 657 658 659 665 
667 672 676 678 679 681 686 687 693 700 701 708 
714 722 725 727 729 730 734 737 738 740 741 742 
744 747 749 752 753 755 756 759 764 765 766 774 
777 780 781 783 785 788 795 796 799 
228
6 11 12 15 19 26 31 32 37 38 40 42 
44 45 48 63 67 68 70 82 83 86 90 100 
101 113 117 122 126 127 129 131 142 146 147 149 
150 151 156 160 161 166 170 174 175 176 177 181 
183 185 189 194 207 211 212 215 218 226 227 228 
230 232 234 238 241 244 245 248 250 251 254 261 
262 265 266 270 272 275 277 280 282 284 287 295 
303 304 311 312 314 316 318 327 332 334 337 345 
346 348 349 363 365 370 371 377 381 388 392 394 
396 400 409 415 418 424 436 444 446 447 448 453 
457 460 462 471 472 475 476 480 481 483 485 487 
488 494 495 507 508 510 512 514 517 520 522 523 
524 528 531 534 536 539 541 543 544 545 547 548 
549 555 559 565 569 581 584 587 589 595 596 597 
602 610 612 613 614 619 621 626 627 631 632 633 
634 636 640 645 646 648 652 656 660 662 663 666 
669 672 674 679 681 683 689 692 697 699 700 701 
706 720 724 726 727 729 730 735 739 747 751 752 
757 759 761 762 770 773 781 782 784 785 787 790 
259
5 7 9 12 13 15 20 22 25 26 27 28 
32 35 41 44 47 48 54 56 57 58 59 61 
63 64 66 67 69 86 87 88 93 95 96 114 
115 119 121 122 131 137 142 143 144 145 150 152 
153 156 158 161 162 164 165 172 176 177 179 182 
185 187 189 192 195 196 199 201 208 211 213 217 
221 222 228 233 237 239 240 245 248 250 252 255 
259 260 262 263 269 276 279 280 290 293 294 298 
301 304 306 310 311 318 321 323 326 328 329 331 
332 333 339 342 347 350 354 357 359 361 362 364 
366 367 371 377 378 379 391 395 396 397 398 400 
404 420 427 434 436 437 439 441 445 448 460 463 
466 467 471 474 475 476 481 486 492 493 494 496 
497 498 499 501 504 506 507 508 513 514 516 522 
524 528 530 535 537 540 554 555 559 560 561 563 
564 568 571 572 573 575 577 578 582 583 585 588 
590 594 595 599 600 602 605 606 607 611 612 618 
623 625 627 632 637 638 639 640 642 646 654 663 
666 667 668 672 679 683 687 688 690 695 700 702 
706 709 712 713 715 720 723 727 730 733 742 744 
748 752 757 758 760 761 767 770 774 779 781 782 
783 789 791 792 793 794 796 
244
1 4 5 11 12 14 15 16 18 26 29 34 
38 48 50 53 56 64 68 70 71 72 74 76 
77 78 83 89 90 91 101 103 106 107 109 119 
122 123 125 127 134 138 141 142 144 152 153 155 
162 169 170 173 179 182 196 198 204 214 216 218 
219 223 224 229 232 236 238 241 245 246 248 250 
252 255 258 262 266 267 268 270 273 275 276 280 
288 291 293 294 295 301 303 304 305 307 309 310 
311 312 317 324 325 326 330 338 341 342 343 345 
349 351 353 356 359 362 364 374 382 386 387 392 
393 400 403 406 407 408 410 411 412 416 417 419 
431 445 446 448 455 456 458 462 464 466 467 468 
477 482 485 487 494 496 500 509 513 515 517 519 
522 526 528 531 534 536 537 539 544 545 547 548 
549 553 558 560 561 564 565 567 569 572 577 580 
586 587 591 594 595 597 598 600 604 605 608 611 
613 615 621 624 630 638 642 647 648 651 658 664 
675 682 685 687 691 695 698 701 703 704 705 710 
721 722 724 725 730 736 737 738 743 745 749 752 
755 756 757 762 764 765 766 769 774 777 782 783 
784 789 793 797 
230
2 5 8 12 23 24 29 34 37 38 39 41 
43 44 47 50 51 58 59 60 65 68 71 77 
78 81 88 90 92 93 97 99 101 104 110 111 
113 114 117 119 124 127 128 129 130 143 144 145 
146 147 153 154 155 156 158 159 163 179 181 184 
185 187 190 204 207 214 216 221 231 232 234 239 
243 247 252 260 262 266 269 270 271 272 273 278 
280 284 285 290 300 303 308 311 313 315 316 317 
319 324 328 333 334 338 348 360 362 364 370 371 
373 382 383 385 391 395 400 403 405 408 413 414 
427 430 433 436 438 446 451 455 457 460 462 463 
466 467 468 469 472 476 490 494 498 499 504 508 
515 523 527 531 532 536 546 550 551 557 559 564 
569 570 571 572 582 590 592 596 599 601 602 606 
608 609 616 618 619 620 622 625 629 631 634 636 
640 647 648 649 661 662 668 671 673 678 679 682 
684 687 691 696 697 698 702 711 716 717 723 728 
730 731 734 740 743 745 750 751 754 756 761 762 
763 765 767 770 773 776 777 780 781 784 785 787 
791 794 
239
5 8 11 17 19 21 33 38 44 45 51 53 
55 58 61 63 65 66 71 84 86 88 91 92 
93 102 104 111 113 123 124 125 126 129 131 140 
141 143 145 151 154 156 162 166 168 172 179 184 
188 189 190 194 198 199 202 203 205 208 212 216 
217 223 225 233 234 248 256 257 259 260 262 264 
269 270 272 277 283 290 296 298 299 305 309 310 
314 318 321 323 327 329 332 333 339 343 350 352 
353 355 362 367 369 376 377 379 385 396 398 402 
406 407 416 419 420 421 422 424 427 433 435 440 
443 445 446 450 451 454 455 457 460 461 463 466 
467 470 475 476 481 482 483 484 489 493 498 501 
504 505 507 508 519 521 526 527 532 533 538 544 
547 549 551 553 558 559 566 567 572 574 575 582 
583 584 586 588 589 592 595 600 601 606 614 618 
619 620 621 622 623 625 631 634 636 639 647 648 
650 653 658 659 665 666 668 669 672 673 674 675 
676 679 683 689 693 697 698 699 700 704 705 707 
708 712 715 717 719 721 722 736 739 742 746 754 
756 762 765 768 770 774 776 786 787 790 796 
231
2 5 6 14 20 21 22 25 26 28 29 30 
32 33 41 42 43 46 47 50 55 60 61 63 
64 69 76 77 79 82 83 88 101 103 105 109 
115 117 119 120 123 124 145 150 151 156 158 162 
167 170 174 182 186 187 190 197 200 205 215 216 
217 224 231 234 235 238 239 240 247 252 258 266 
267 269 271 272 275 276 290 295 296 301 304 306 
307 310 313 316 321 330 331 335 336 338 340 342 
349 350 356 362 363 364 368 370 371 378 401 403 
406 407 412 416 417 425 430 433 437 440 444 447 
448 451 454 456 458 463 465 466 467 468 473 478 
479 480 481 488 491 494 495 501 502 507 509 513 
514 515 516 520 523 524 533 535 537 538 542 548 
553 554 558 560 561 563 578 587 590 592 594 596 
599 600 602 603 607 613 618 628 630 634 635 636 
642 648 649 653 654 657 661 662 669 679 690 696 
698 699 702 705 706 707 708 710 716 718 720 721 
722 724 725 727 734 739 744 745 747 749 750 751 
756 759 761 765 767 773 775 778 781 786 789 794 
796 799 800 
257
3 4 5 8 11 13 18 19 21 23 29 33 
38 39 46 51 53 54 61 63 64 66 68 69 
73 75 78 87 92 98 99 102 105 110 114 115 
116 119 121 122 124 126 129 131 133 134 136 139 
141 143 145 146 150 157 159 162 164 170 173 177 
182 183 189 194 196 198 203 207 208 209 212 215 
220 221 227 229 236 239 241 247 255 256 257 266 
279 281 282 289 290 291 292 293 300 301 302 303 
304 307 309 313 318 321 324 327 329 330 331 332 
333 334 336 337 340 351 353 355 356 361 365 366 
367 370 372 374 375 381 382 383 392 399 407 409 
410 416 420 422 425 426 431 433 438 439 444 446 
448 450 451 452 453 461 466 467 470 471 472 473 
474 478 480 482 484 488 491 495 496 497 501 503 
509 514 521 522 523 524 526 535 536 537 538 546 
547 548 552 553 556 565 574 575 578 579 586 587 
592 599 602 604 605 607 608 612 623 627 629 633 
634 642 643 644 645 648 654 658 661 662 663 666 
674 676 681 683 685 693 694 699 700 702 703 707 
713 714 716 719 722 723 728 729 732 734 737 739 
746 749 750 756 759 760 765 766 771 786 788 789 
791 792 793 796 797 
247
1 6 8 10 14 15 18 21 23 29 40 43 
45 55 59 63 66 69 70 76 82 85 86 88 
90 92 93 95 98 104 106 107 113 116 117 120 
122 129 132 136 138 140 143 148 153 159 166 171 
172 177 178 181 183 188 191 193 194 197 199 200 
202 204 207 210 223 226 228 230 232 239 242 244 
245 252 253 258 260 262 263 264 265 267 271 276 
277 278 279 283 284 285 289 294 295 298 300 304 
305 307 309 310 313 314 318 321 326 327 340 342 
343 346 348 349 350 353 356 357 358 362 365 366 
368 369 372 373 374 382 383 385 389 390 394 402 
411 412 416 421 428 430 435 436 438 441 444 449 
450 451 452 453 463 464 466 467 468 472 474 479 
488 489 497 498 499 500 513 516 517 518 523 524 
527 532 533 539 540 541 545 548 549 550 551 553 
555 556 561 566 568 573 575 587 593 598 599 601 
603 604 606 611 613 614 620 627 630 632 637 639 
641 645 652 657 660 661 662 667 673 675 679 680 
683 694 703 705 706 709 711 721 723 724 726 732 
737 738 746 747 757 758 759 760 764 765 766 772 
776 778 782 784 793 794 800 
263
2 4 13 18 20 21 27 32 38 40 46 48 
49 50 55 60 61 63 67 74 75 79 83 90 
100 101 102 104 105 106 108 111 112 115 116 119 
124 128 134 136 138 139 140 141 143 149 150 154 
155 156 157 160 165 166 180 182 185 186 187 194 
196 197 199 200 202 203 205 209 210 212 213 216 
217 218 220 222 223 227 236 243 244 246 249 250 
252 255 258 259 266 268 282 285 287 291 294 295 
296 300 305 309 312 315 319 327 328 332 339 341 
342 345 348 352 354 361 363 364 365 368 372 373 
374 377 380 381 383 384 385 391 397 398 399 400 
401 403 408 412 414 415 423 424 428 430 436 437 
442 443 444 445 446 452 453 454 457 458 459 460 
461 462 463 468 473 475 477 487 489 491 492 493 
497 503 505 506 508 509 512 513 520 521 522 523 
530 532 533 536 540 542 549 551 552 554 557 558 
561 564 569 572 573 575 592 594 601 609 616 619 
624 629 638 639 641 645 646 647 652 654 656 658 
659 660 662 668 670 671 677 678 679 684 688 690 
693 696 706 707 709 713 715 719 721 725 727 728 
733 735 737 742 746 747 748 749 753 757 759 761 
764 768 776 777 778 781 782 785 786 790 794 
240
1 2 3 6 7 9 18 19 21 26 27 32 
37 39 44 49 53 54 55 61 63 64 72 73 
75 77 81 82 90 91 92 95 98 101 102 105 
113 114 115 120 123 126 129 132 133 139 140 141 
149 156 158 161 162 168 171 187 188 197 201 204 
207 212 217 225 231 233 236 239 240 245 248 249 
253 261 263 264 265 266 275 283 288 292 295 296 
299 300 301 302 311 312 314 316 317 321 329 331 
337 338 340 351 355 356 366 372 373 375 377 382 
385 391 396 397 398 402 403 404 405 407 411 412 
415 416 417 418 420 423 424 427 435 438 442 445 
449 457 461 462 464 465 466 467 469 473 481 484 
485 493 499 501 502 504 505 507 510 515 519 525 
527 529 530 531 539 543 544 547 549 551 556 560 
563 569 572 575 576 577 580 581 583 586 587 591 
593 598 601 606 611 617 619 624 627 634 639 641 
652 653 655 658 667 671 679 682 683 687 689 690 
693 698 705 707 709 711 712 713 718 720 721 723 
724 726 728 733 734 740 742 748 752 753 758 762 
767 774 775 776 788 789 790 793 794 795 797 798 
214
2 3 5 8 9 10 11 14 15 16 22 27 
30 32 36 37 40 43 44 49 58 65 66 69 
70 74 82 84 97 98 101 114 121 125 126 127 
134 136 143 146 151 153 154 155 156 157 167 168 
192 196 199 201 202 206 211 214 217 220 226 230 
236 247 248 253 254 256 263 265 269 270 273 274 
277 282 284 290 292 295 302 303 307 308 310 320 
325 328 329 330 341 343 348 350 356 357 365 367 
369 370 372 373 374 386 388 389 391 399 400 403 
404 405 410 411 424 431 438 439 440 441 447 448 
449 454 460 463 471 478 481 485 488 489 491 495 
497 499 501 503 506 509 510 518 519 521 526 530 
531 535 537 539 540 547 553 558 559 569 584 588 
590 597 600 601 602 605 608 610 613 614 617 621 
631 634 639 642 643 645 646 647 649 650 660 664 
668 669 673 674 680 681 683 689 690 693 697 700 
706 712 714 717 724 725 728 730 740 743 746 749 
750 751 756 762 766 769 770 783 792 799 
231
8 9 11 13 25 27 28 36 39 44 48 50 
52 53 55 62 64 68 70 72 74 83 85 91 
92 93 95 96 109 111 112 119 126 127 130 132 
137 140 141 143 145 146 152 153 154 162 166 168 
174 175 177 180 181 182 183 187 190 198 200 202 
204 207 208 212 213 215 216 227 238 240 246 253 
254 258 263 269 273 286 287 292 293 294 296 300 
302 303 311 315 317 335 336 343 344 345 346 348 
351 358 360 368 379 380 382 386 387 389 391 394 
395 396 400 401 413 415 417 419 421 425 428 435 
443 444 461 464 466 469 470 471 473 481 482 485 
487 488 491 495 500 501 503 507 510 511 512 517 
520 524 528 529 530 537 538 540 547 549 552 554 
556 557 558 560 564 567 568 573 574 575 576 589 
597 600 602 608 610 611 616 620 629 635 636 639 
642 643 650 651 656 658 661 666 673 674 684 685 
686 689 690 694 700 702 705 707 708 711 712 714 
715 717 718 721 722 723 725 726 727 728 735 738 
740 745 747 750 761 763 766 767 777 780 783 787 
790 791 793 
234
3 11 13 14 20 22 23 26 32 35 40 47 
49 50 52 65 66 67 71 72 75 76 79 80 
85 88 89 92 97 99 100 101 108 115 117 122 
126 129 133 141 144 159 160 162 163 164 166 175 
179 181 185 193 200 202 203 204 205 207 208 209 
210 212 218 225 227 229 230 232 235 237 239 248 
252 253 255 256 257 259 260 273 274 275 279 280 
285 286 292 296 297 299 302 310 313 315 316 319 
327 331 332 334 335 338 341 348 349 350 353 355 
356 361 365 369 372 376 377 378 381 384 389 391 
397 400 407 409 412 414 415 416 419 428 430 433 
435 436 438 446 451 452 454 458 459 460 464 466 
467 470 481 486 490 492 496 500 501 507 508 510 
518 520 523 524 528 529 530 534 540 546 557 559 
560 563 567 572 573 574 575 579 580 588 589 591 
594 596 598 601 602 605 607 626 628 637 646 650 
652 654 659 668 673 674 679 680 683 687 689 691 
695 697 698 706 722 723 726 731 734 740 742 743 
745 747 754 757 758 759 761 770 771 774 775 778 
779 780 781 786 792 799 
251
1 2 5 10 11 16 19 20 21 24 26 27 
29 32 34 38 41 45 46 47 51 52 53 57 
61 65 69 74 77 82 85 86 95 98 103 104 
105 106 109 113 117 119 122 125 127 128 129 140 
144 145 146 148 150 152 153 154 157 159 160 163 
169 170 177 178 179 180 184 187 190 193 197 198 
201 208 210 211 216 217 218 222 225 230 232 233 
236 238 239 243 254 255 256 259 260 261 264 268 
274 282 283 286 288 289 294 295 300 301 303 305 
309 311 314 316 321 322 324 331 336 339 342 344 
346 348 350 351 354 357 358 359 364 366 367 374 
376 382 388 390 391 397 404 413 416 417 418 425 
427 432 434 441 444 447 448 452 453 456 457 460 
461 463 464 465 467 468 473 475 478 481 485 486 
490 491 493 495 500 502 504 508 516 517 522 523 
526 527 529 530 538 540 545 546 550 552 554 557 
565 572 577 594 595 610 615 616 617 624 627 628 
631 636 639 640 641 642 648 656 657 661 671 672 
677 684 688 691 692 694 696 699 703 708 711 714 
717 718 719 725 726 727 728 729 744 747 748 752 
764 768 771 773 774 778 781 784 790 796 797 
247
2 6 8 10 11 17 21 26 28 29 30 31 
32 38 46 49 50 56 62 65 69 74 75 76 
85 86 87 92 93 96 97 98 100 106 114 117 
119 125 129 131 137 140 144 146 154 156 165 167 
170 171 178 182 183 186 187 189 191 193 201 206 
208 209 211 215 217 218 224 227 229 238 243 244 
246 247 251 258 260 264 266 267 269 277 280 281 
288 290 300 301 304 305 317 321 326 327 328 329 
330 335 337 339 340 344 346 350 354 357 360 365 
367 368 374 380 381 384 385 386 389 392 397 398 
399 400 405 412 414 418 419 421 425 430 431 434 
442 444 446 448 449 454 459 464 465 466 468 471 
475 478 485 486 487 488 490 494 497 499 502 508 
509 512 520 521 523 527 530 531 533 535 537 545 
546 548 549 552 558 565 572 575 581 585 588 591 
592 594 597 599 601 602 603 604 606 611 616 617 
619 625 631 632 636 637 639 650 652 655 656 663 
664 666 672 678 682 683 684 687 695 696 697 701 
702 704 705 712 717 718 722 723 725 731 733 737 
738 739 744 748 749 751 756 757 760 762 765 772 
775 784 788 793 796 797 798 
246
1 4 5 7 10 20 26 30 31 36 40 41 
42 44 48 55 60 65 66 68 71 72 73 74 
78 79 81 91 93 94 101 106 110 113 114 116 
118 124 135 138 142 143 147 150 158 159 160 162 
164 166 169 175 176 177 182 183 191 193 201 202 
203 207 209 214 215 217 218 220 221 227 228 229 
231 233 235 236 238 241 243 247 252 254 260 261 
262 267 272 276 277 278 279 290 295 299 300 301 
304 305 308 310 313 315 316 317 318 326 328 335 
338 345 347 348 351 356 357 363 364 366 370 375 
378 380 381 383 397 401 408 412 415 416 417 420 
424 426 427 428 430 432 433 436 438 440 451 452 
453 456 458 464 465 470 476 481 482 490 495 498 
501 506 508 510 512 515 516 517 522 525 529 530 
533 534 537 538 542 545 546 550 552 556 557 559 
561 563 567 568 569 578 580 584 586 587 589 590 
591 592 594 598 599 606 612 621 624 626 628 633 
636 637 641 644 649 652 654 666 667 670 679 689 
697 702 703 708 710 711 714 715 725 726 728 733 
734 738 739 740 744 745 750 757 765 769 772 773 
774 782 783 788 793 798 
260
10 17 21 24 25 26 29 32 36 37 38 42 
43 44 48 51 53 57 58 59 62 64 65 69 
70 71 74 75 78 82 87 92 97 103 107 108 
109 114 115 119 126 128 130 132 133 134 135 136 
141 142 145 149 151 153 156 162 168 170 174 175 
183 187 190 198 199 201 202 206 208 210 212 216 
217 218 228 232 234 235 237 243 244 248 251 253 
255 259 263 266 267 268 269 273 286 289 290 293 
294 305 306 309 310 317 318 321 323 324 325 330 
333 342 345 349 354 358 360 369 371 373 379 382 
384 389 394 395 399 400 404 410 411 412 414 419 
421 422 423 438 440 442 450 451 452 454 455 459 
464 469 470 475 480 481 482 485 487 490 495 497 
504 505 510 511 514 521 524 525 526 527 528 529 
537 541 544 545 547 548 556 557 562 563 564 566 
568 569 572 577 578 581 585 590 597 600 602 604 
606 607 611 613 616 617 618 631 634 639 641 642 
643 646 647 652 653 654 656 658 659 663 664 666 
668 670 671 672 674 675 682 684 686 693 694 695 
699 700 701 704 709 711 714 722 724 727 737 741 
742 744 745 748 759 760 762 763 764 765 770 775 
781 789 790 792 793 797 798 799 
250
5 9 11 16 18 30 32 38 42 44 49 52 
53 55 57 59 61 65 67 69 70 77 82 85 
87 92 93 95 97 99 105 115 119 120 128 134 
141 143 145 146 148 163 170 171 174 176 180 182 
185 187 189 198 206 207 208 210 212 213 217 218 
221 223 225 227 230 232 234 239 240 244 250 252 
253 263 264 271 275 277 286 289 290 292 293 298 
304 306 308 311 313 321 322 329 330 332 335 336 
338 340 342 343 348 352 359 366 370 372 374 379 
380 382 383 386 390 391 392 395 396 397 404 410 
411 414 415 417 418 419 423 425 432 439 443 444 
446 447 451 453 455 458 463 466 467 474 475 481 
485 486 487 491 496 498 502 505 507 511 512 514 
516 517 526 527 531 532 536 537 538 540 541 542 
549 551 555 556 557 558 561 562 566 569 571 572 
573 575 578 586 591 593 595 596 598 606 614 618 
621 625 628 632 633 637 646 647 657 658 667 668 
669 672 673 677 678 682 683 685 687 691 696 700 
702 703 705 714 715 716 722 728 732 740 744 746 
747 752 753 755 757 758 764 767 772 774 776 777 
778 781 783 784 785 787 793 795 799 800 
263
2 7 9 15 27 32 37 38 41 43 44 45 
47 49 50 52 53 56 59 60 64 65 67 68 
69 70 72 78 80 81 82 83 85 87 88 91 
92 93 94 95 96 100 101 102 103 104 105 110 
117 118 124 129 134 141 142 145 146 148 152 153 
158 159 160 161 162 170 179 181 183 184 191 193 
200 201 203 207 209 211 213 224 226 227 231 233 
239 240 251 254 256 259 260 263 268 274 275 283 
289 291 292 293 295 301 304 305 309 313 314 320 
323 326 328 335 336 339 342 343 344 346 351 353 
356 358 365 369 375 381 385 386 390 392 393 398 
412 417 421 422 423 425 431 432 434 436 437 440 
441 442 446 448 450 451 454 467 471 473 474 475 
476 477 478 481 482 483 487 489 491 492 493 500 
504 506 508 511 513 516 518 519 520 524 526 529 
533 535 537 539 542 554 555 562 564 565 567 569 
571 572 573 575 577 580 582 584 592 594 603 608 
615 622 624 628 633 635 638 640 641 643 646 647 
652 653 655 656 661 664 672 675 677 681 683 691 
694 698 706 711 718 720 725 726 727 733 737 738 
740 741 743 744 748 751 752 754 755 761 762 763 
766 769 771 773 778 779 783 784 788 794 798 
233
4 11 15 18 21 22 28 32 34 36 39 48 
50 55 56 72 73 74 75 77 83 85 87 88 
90 94 96 97 98 99 100 102 104 107 109 118 
126 127 128 130 132 136 137 141 146 150 156 158 
159 161 169 179 180 182 183 185 187 191 192 193 
199 200 201 205 206 207 211 214 224 226 232 233 
234 237 238 241 250 252 253 258 262 268 269 271 
272 274 280 288 292 293 295 297 303 311 313 314 
315 319 322 328 329 330 334 335 338 341 346 354 
356 365 369 370 373 380 381 385 389 396 400 413 
414 419 420 422 424 430 431 456 460 462 470 471 
473 478 480 481 482 485 494 495 499 500 509 512 
514 516 517 518 523 525 526 531 538 540 545 549 
550 551 552 556 559 560 565 567 568 569 571 572 
575 576 577 578 580 582 587 589 596 598 600 601 
603 607 609 614 622 624 626 636 643 644 645 648 
663 664 672 677 678 683 684 689 690 697 701 703 
704 710 712 718 728 734 735 736 739 740 745 747 
749 753 755 756 758 759 766 775 777 785 787 788 
789 791 793 795 796 
236
6 22 23 27 36 38 42 49 52 54 59 60 
71 72 76 79 82 85 96 98 103 104 108 109 
110 112 113 118 119 121 125 128 130 134 135 141 
143 145 148 149 150 152 154 160 164 165 169 178 
188 189 195 203 210 215 216 218 222 224 225 226 
230 236 243 247 250 252 253 254 258 259 261 267 
272 273 275 277 281 284 285 287 288 289 290 291 
295 298 307 310 313 321 322 323 325 328 331 332 
334 335 337 338 344 349 354 358 360 364 368 372 
373 375 378 380 387 388 391 397 406 407 412 419 
422 424 426 434 445 448 449 454 455 457 458 465 
466 469 470 471 474 475 477 481 487 490 492 498 
500 501 502 503 507 508 509 512 513 516 518 521 
524 526 527 532 533 535 537 544 550 554 556 558 
562 564 572 573 577 578 585 587 591 592 595 596 
607 608 615 623 628 631 633 634 639 641 649 651 
652 659 660 664 668 670 671 673 675 677 683 687 
696 698 699 700 701 703 708 709 716 717 726 728 
729 735 740 741 742 749 750 755 760 761 765 769 
772 778 780 781 786 790 792 794 
237
4 6 15 20 22 25 30 32 36 38 40 49 
51 56 70 73 76 84 88 91 92 93 100 102 
104 106 109 111 113 114 116 120 122 133 139 140 
145 147 149 150 156 158 160 163 166 168 169 172 
173 174 175 177 179 182 186 189 196 199 208 213 
214 216 219 231 235 240 242 244 246 248 249 253 
254 255 259 261 262 266 274 275 278 279 283 284 
291 293 295 298 301 304 307 315 319 321 324 330 
332 340 341 344 345 350 353 355 356 357 359 361 
363 372 375 381 382 384 390 391 401 410 414 415 
422 423 424 425 430 431 437 438 439 441 443 446 
456 457 459 461 472 475 477 484 492 495 503 510 
515 521 523 533 536 542 547 548 551 556 559 560 
561 565 572 573 578 580 581 588 589 590 591 597 
599 601 603 606 609 610 616 618 620 622 626 627 
629 633 637 640 643 645 646 647 649 651 652 653 
655 662 664 669 671 675 680 687 691 693 696 697 
699 700 703 711 712 718 720 721 722 724 727 731 
733 736 737 742 745 746 747 750 753 755 756 762 
767 769 772 775 776 777 783 789 795 
237
4 9 12 30 32 34 41 43 47 55 56 59 
63 66 68 69 70 75 76 85 92 95 101 104 
105 106 112 115 116 117 118 121 130 131 134 138 
144 150 151 152 154 155 156 161 166 167 171 174 
177 178 181 182 184 192 193 199 202 205 206 217 
219 220 226 229 230 232 233 234 235 239 240 243 
245 250 252 254 256 261 262 263 266 271 275 280 
281 283 285 287 301 305 308 314 319 321 324 328 
330 333 336 337 345 348 351 355 359 360 364 371 
372 375 377 379 382 388 394 399 400 402 404 406 
413 418 419 421 423 429 436 438 450 451 453 458 
461 462 468 471 473 479 481 486 487 488 490 491 
493 496 498 499 504 506 510 513 515 516 523 524 
534 538 540 541 542 544 545 546 547 548 550 552 
556 557 559 565 566 570 574 583 585 589 590 592 
596 599 600 605 606 614 618 621 622 628 633 634 
643 644 646 647 650 651 652 657 659 662 672 673 
674 676 679 681 683 688 691 696 698 701 703 713 
719 721 722 724 725 726 733 735 745 757 761 762 
763 764 769 774 775 782 786 790 791 
250
2 4 7 8 10 12 18 20 21 29 31 34 
35 39 40 42 48 50 52 54 58 66 68 76 
81 83 87 89 90 92 93 98 99 102 106 107 
109 113 116 117 121 122 126 129 131 132 140 144 
145 153 154 155 161 162 166 168 169 177 180 181 
182 183 193 200 204 207 210 215 216 217 219 220 
222 225 227 231 236 239 240 244 246 251 252 254 
261 268 274 279 281 284 288 291 293 294 302 305 
307 310 313 317 322 329 330 334 337 340 342 350 
355 363 367 368 371 375 376 378 380 383 385 388 
389 390 396 400 404 409 410 411 412 417 418 419 
424 425 432 433 434 439 441 448 452 457 459 464 
467 469 472 480 482 483 484 490 494 497 498 502 
503 504 505 506 516 518 520 524 525 526 530 536 
551 554 557 559 561 562 563 571 573 576 577 583 
587 595 596 598 599 601 602 603 606 608 610 611 
616 619 628 636 641 643 644 646 647 649 651 653 
654 655 656 658 659 664 667 673 675 676 681 682 
683 686 690 691 694 699 700 707 708 713 715 720 
727 737 739 743 747 750 751 761 762 764 767 770 
772 779 782 783 785 786 792 794 795 796 
221
3 4 6 15 16 18 20 22 25 26 29 32 
34 39 41 47 50 52 54 59 65 69 71 77 
78 86 91 92 93 94 96 97 99 100 104 105 
108 109 112 115 117 120 123 131 134 139 140 142 
153 155 157 158 168 174 178 181 183 192 197 202 
203 208 209 210 215 219 223 225 226 228 233 236 
242 244 245 246 248 261 268 269 270 271 275 276 
278 280 281 288 291 315 327 330 334 337 338 339 
345 347 351 355 356 358 362 364 369 376 378 390 
392 395 396 400 407 408 409 410 416 424 431 433 
437 438 439 445 446 455 462 464 471 472 474 476 
487 494 497 498 501 502 508 513 515 517 518 520 
524 534 538 539 541 542 546 547 553 562 565 566 
569 571 573 576 577 582 587 592 603 604 606 612 
613 619 621 623 629 633 634 638 643 645 646 648 
651 652 655 656 657 660 669 673 677 684 689 693 
696 705 712 717 723 724 728 730 732 733 734 751 
753 757 760 761 763 767 768 769 770 772 775 776 
779 780 787 794 796 
250
5 6 10 12 13 14 21 24 26 29 38 39 
41 46 54 58 59 62 63 65 66 67 69 70 
72 77 80 81 85 95 96 98 100 104 107 112 
115 119 126 130 132 136 141 143 144 152 154 157 
159 160 165 170 174 176 180 183 186 191 194 206 
209 213 214 215 221 222 228 232 236 237 238 239 
240 243 244 246 249 250 252 256 258 260 266 267 
269 272 278 281 286 288 289 290 291 297 298 299 
304 308 309 310 313 316 323 324 326 331 335 338 
341 346 350 353 357 358 359 360 362 363 365 368 
372 373 374 383 384 387 389 392 396 397 398 400 
401 404 407 410 411 412 413 416 417 424 425 429 
430 432 437 440 443 444 445 447 449 453 465 466 
467 469 471 476 480 482 484 499 501 503 506 507 
518 519 522 523 529 535 536 539 542 549 552 561 
565 568 569 578 580 584 586 588 591 592 594 596 
600 608 609 610 617 623 624 635 637 639 640 641 
645 648 653 654 660 662 675 676 678 679 682 683 
688 689 695 696 700 701 706 708 711 712 713 729 
730 732 735 736 737 740 742 744 745 750 753 760 
763 766 771 774 779 781 787 789 794 800 
235
8 9 10 12 17 20 22 24 27 33 35 38 
39 48 50 52 53 54 55 59 62 72 80 87 
91 95 96 101 102 106 117 124 130 133 134 136 
140 142 145 148 149 161 164 165 171 173 174 176 
177 179 180 184 187 188 189 192 194 199 201 203 
204 207 208 211 213 216 222 231 236 240 241 245 
247 250 251 253 258 262 267 269 270 272 274 277 
278 282 285 291 296 298 306 308 309 311 314 315 
318 319 321 322 326 330 333 338 340 346 352 355 
357 358 362 369 370 386 387 388 392 394 397 398 
399 405 407 409 412 416 421 425 430 433 434 439 
440 447 448 452 455 460 463 468 472 490 491 496 
497 498 499 506 507 508 519 525 531 532 541 546 
551 553 554 555 565 568 572 573 577 580 581 583 
585 587 588 590 592 605 612 615 618 626 627 629 
632 635 637 638 640 641 642 645 646 647 652 654 
659 661 664 672 675 678 682 686 688 691 693 694 
699 701 703 705 706 710 712 713 714 717 735 736 
737 739 741 744 747 760 764 768 773 775 779 780 
784 787 789 790 792 795 799 
212
7 8 16 19 21 25 27 28 34 41 45 47 
52 54 58 64 67 68 69 71 73 74 80 81 
85 89 94 96 97 98 102 103 104 106 107 109 
114 116 117 123 124 125 129 139 141 143 154 155 
159 164 165 169 171 175 180 186 187 195 200 203 
204 207 208 215 222 229 231 235 236 237 238 239 
242 244 245 247 249 252 256 259 260 261 263 265 
266 269 271 280 283 297 301 306 307 312 313 315 
329 338 350 352 355 357 363 364 367 392 393 395 
402 403 406 407 410 412 414 418 422 426 432 433 
436 441 445 453 454 463 471 473 476 477 478 480 
481 482 483 486 487 490 492 499 504 508 509 511 
523 529 532 533 534 535 539 542 543 544 546 551 
555 556 559 563 565 566 577 579 584 587 593 596 
600 601 603 604 608 612 615 617 626 629 640 644 
654 656 657 659 663 683 694 699 707 708 711 714 
721 724 728 738 743 746 750 752 757 760 762 768 
771 773 774 780 790 794 796 798 
242
1 6 7 10 13 18 19 20 22 33 38 41 
44 45 46 54 57 64 67 68 69 74 80 87 
93 100 105 113 119 120 125 127 135 137 138 142 
148 156 165 167 168 172 173 174 176 179 185 186 
192 198 204 209 210 214 220 223 225 226 234 236 
238 241 245 250 252 253 254 259 262 267 269 280 
281 284 285 287 290 291 293 295 297 301 303 308 
310 311 319 321 324 326 330 331 334 336 337 339 
341 342 343 344 350 356 367 371 375 382 385 387 
395 396 398 399 407 415 417 418 422 426 427 433 
434 439 440 445 446 447 450 451 453 454 462 463 
465 469 472 478 481 483 484 491 493 494 499 509 
510 516 519 522 526 529 534 540 542 546 551 553 
557 562 563 565 567 569 571 575 577 579 580 582 
586 594 603 604 605 606 608 612 622 624 625 627 
628 629 630 633 634 636 639 643 649 650 651 657 
659 667 671 673 676 679 682 684 686 687 689 695 
696 700 701 703 707 710 714 716 720 723 725 726 
736 740 741 743 746 747 749 750 757 759 760 763 
765 766 767 769 772 773 778 784 788 790 791 794 
797 800 
240
1 4 6 8 9 16 20 32 34 37 39 41 
48 54 61 63 67 69 72 82 87 88 89 95 
97 100 101 107 110 115 121 122 124 126 128 131 
135 141 142 145 146 154 159 160 162 166 168 171 
172 173 177 178 179 184 188 189 195 201 208 212 
218 220 221 223 228 229 233 240 246 248 249 251 
252 254 256 258 261 262 265 272 276 279 284 295 
296 297 299 302 306 308 312 313 317 321 322 324 
325 327 328 337 340 347 349 350 352 361 362 370 
376 381 382 385 386 388 390 391 397 404 408 412 
413 420 426 427 428 432 443 445 449 452 453 460 
470 479 480 481 498 499 500 502 505 508 511 516 
520 528 533 540 541 544 545 549 555 556 560 562 
563 565 568 570 571 580 584 585 588 590 592 596 
599 605 606 613 627 628 633 634 635 636 637 641 
642 644 646 651 654 655 658 667 668 671 673 675 
677 680 681 683 685 686 689 695 697 698 699 701 
702 705 707 710 711 720 722 724 725 728 734 737 
742 744 745 749 757 758 762 764 767 769 773 774 
775 777 779 781 783 786 787 788 790 792 798 800 
248
1 5 7 11 12 14 16 19 24 26 27 32 
40 44 47 50 53 55 56 57 58 60 61 62 
65 68 69 71 73 74 80 82 83 85 86 88 
91 93 94 102 104 113 115 117 119 120 122 126 
127 129 132 137 142 151 157 158 162 168 169 171 
174 178 180 186 195 199 202 205 210 228 238 239 
240 242 246 248 254 257 258 262 263 267 268 269 
271 272 273 274 277 278 279 282 292 293 298 301 
303 304 307 311 314 320 321 323 325 326 327 334 
335 339 342 343 344 347 358 360 366 371 375 379 
381 383 386 390 392 402 403 405 407 415 418 422 
424 427 428 430 431 433 434 435 436 441 443 446 
453 457 468 474 478 481 489 491 498 511 512 515 
517 520 521 525 530 532 534 536 537 542 543 544 
547 548 554 557 559 561 562 565 566 567 569 572 
577 588 589 597 599 600 603 604 605 613 614 616 
618 625 628 630 631 634 637 641 647 650 652 657 
659 661 662 673 675 680 682 687 689 690 691 693 
700 706 711 713 720 729 732 737 738 740 741 744 
746 748 756 760 762 765 767 768 775 776 777 778 
780 781 782 787 788 796 798 799 
228
4 5 6 10 15 19 24 29 36 37 38 40 
45 46 53 59 61 67 77 79 88 89 97 103 
107 110 114 120 121 129 131 138 139 143 146 163 
165 167 171 173 178 191 192 194 196 204 208 217 
218 220 227 232 234 242 245 248 250 251 255 265 
266 267 269 271 275 276 279 280 281 282 285 287 
288 295 300 301 307 310 316 318 320 330 331 341 
343 344 347 352 356 359 364 366 370 373 374 375 
379 382 384 387 393 395 397 398 401 402 403 404 
411 413 419 424 428 430 431 435 436 437 440 442 
447 448 450 451 454 455 459 466 469 474 476 484 
487 491 494 495 498 500 501 502 514 515 525 530 
536 539 541 544 551 555 557 558 571 572 573 577 
579 581 582 583 584 586 587 588 589 590 595 597 
599 600 602 614 619 624 627 630 632 633 639 648 
653 659 663 666 667 668 670 671 672 673 676 679 
680 686 689 690 692 694 700 703 705 706 708 710 
715 722 723 724 730 733 744 746 748 749 751 753 
754 756 758 760 766 768 771 772 779 780 792 794 
258
2 3 6 11 12 13 18 26 28 29 30 31 
32 34 37 43 44 48 49 51 53 56 61 65 
68 79 80 103 104 110 111 114 115 116 125 128 
130 132 133 138 142 148 150 153 156 157 161 165 
166 168 170 173 174 177 178 179 192 199 200 202 
204 206 218 219 220 222 223 234 235 236 238 239 
240 244 247 258 266 267 270 274 275 276 279 286 
287 288 292 298 303 305 306 307 308 309 310 311 
312 313 315 318 322 323 326 328 330 331 332 334 
342 347 349 352 353 354 360 363 367 370 371 376 
377 379 385 386 387 390 395 402 403 405 406 411 
422 428 437 447 451 454 458 459 461 462 464 466 
467 471 472 473 474 475 479 481 482 483 494 497 
500 502 504 507 510 513 514 516 525 532 535 537 
539 542 547 550 551 556 558 565 566 569 571 573 
577 578 580 581 585 589 590 593 594 600 601 609 
613 617 620 621 622 624 628 629 630 632 634 637 
638 642 643 644 646 648 651 654 658 660 663 664 
666 669 670 671 673 678 686 687 690 692 693 695 
696 703 704 708 709 710 713 717 721 723 728 730 
732 738 747 750 757 760 761 766 769 770 779 782 
784 786 789 795 796 798 
240
1 2 5 7 9 11 12 14 15 17 22 25 
34 35 37 40 42 44 51 54 58 60 62 65 
68 70 74 76 80 85 86 89 93 98 100 103 
106 107 108 110 113 114 115 126 127 128 133 135 
137 141 146 148 151 153 154 156 160 164 165 166 
170 171 172 176 178 180 181 182 187 191 192 194 
202 207 211 218 225 228 229 236 242 244 245 246 
247 259 260 264 266 267 271 274 275 276 280 282 
284 286 287 289 293 295 296 297 303 305 308 311 
315 316 321 323 325 331 334 339 345 348 352 354 
358 362 366 369 370 372 377 378 391 394 398 399 
403 405 414 417 420 421 433 435 442 446 449 450 
456 457 458 461 462 463 466 468 473 477 482 484 
486 487 492 507 508 512 516 517 525 527 532 535 
544 548 549 550 551 553 557 560 564 568 570 576 
580 582 583 585 586 587 603 604 607 609 610 613 
615 620 623 629 630 631 634 636 645 660 666 667 
668 669 682 683 688 690 691 692 709 710 712 718 
724 725 728 732 734 736 737 738 740 741 746 749 
754 755 765 766 771 777 780 783 789 790 796 797 
257
5 11 17 22 23 29 32 33 34 36 37 41 
43 44 46 53 58 59 66 72 79 81 94 95 
97 99 107 109 111 112 113 115 118 122 124 131 
137 140 142 143 146 151 155 158 160 162 163 166 
170 171 172 175 177 182 191 193 195 200 201 205 
207 209 215 218 219 220 221 222 224 226 228 230 
233 239 249 252 257 258 259 260 261 262 264 269 
274 275 276 278 279 281 283 284 289 293 295 296 
297 299 301 302 303 306 310 315 317 319 321 323 
330 331 332 333 334 343 345 352 357 361 366 372 
380 381 394 398 401 402 404 405 406 407 409 410 
412 419 423 425 426 431 432 433 435 437 442 447 
448 449 454 456 459 460 462 466 467 468 469 470 
472 480 482 487 490 492 496 497 499 500 503 509 
510 515 517 519 520 521 522 523 526 528 533 535 
536 537 540 546 552 555 562 567 582 586 587 591 
595 598 603 610 612 614 616 620 624 625 628 632 
636 639 647 651 655 656 661 662 666 672 673 677 
680 683 695 696 700 702 704 705 706 710 711 713 
714 715 719 725 726 727 729 730 733 734 735 737 
738 739 740 742 750 751 757 763 775 776 782 783 
790 793 794 798 799 
243
2 5 10 12 13 14 20 25 33 35 38 40 
43 44 47 53 54 57 58 61 62 64 65 68 
71 77 80 90 98 107 108 111 114 115 117 120 
125 128 132 134 135 140 149 151 153 161 163 164 
171 173 174 175 176 177 179 183 189 191 192 194 
196 197 199 201 210 232 239 241 243 248 249 252 
257 259 261 262 264 267 275 279 280 282 285 287 
295 299 304 307 313 315 319 320 323 332 334 336 
337 338 340 342 344 350 356 357 358 362 365 366 
370 373 377 383 384 385 386 387 389 390 396 403 
404 407 416 424 431 433 435 443 445 450 451 456 
459 461 463 469 474 476 479 484 487 488 492 497 
500 504 505 510 511 512 522 526 532 537 541 546 
548 550 551 553 565 576 589 591 601 603 604 605 
606 608 610 612 615 620 622 623 625 628 629 630 
632 636 639 643 644 651 652 653 654 655 662 665 
673 674 675 676 680 681 685 690 696 697 699 708 
712 715 716 718 721 726 731 732 733 735 736 740 
741 742 743 745 746 748 751 754 755 759 760 764 
765 769 770 771 772 774 775 776 778 781 784 791 
792 795 796 
234
3 7 13 14 16 18 23 27 29 38 39 45 
47 49 50 52 53 54 55 57 58 67 70 75 
81 84 86 89 92 93 95 102 103 104 105 106 
107 109 119 122 126 129 131 132 150 151 153 155 
159 161 162 166 180 181 192 196 199 202 208 212 
220 221 222 224 228 234 242 245 247 249 251 254 
260 261 266 272 273 277 278 282 283 294 299 300 
301 302 304 305 308 312 313 316 319 320 321 328 
329 335 338 341 344 348 350 352 355 356 357 360 
367 371 374 375 382 384 385 392 393 396 400 402 
405 410 417 418 421 429 431 434 435 439 445 448 
450 453 455 459 467 473 475 477 480 488 491 495 
501 504 509 511 522 525 527 528 530 537 541 543 
549 554 559 560 569 570 576 578 579 587 588 592 
594 595 596 597 598 601 609 611 622 630 634 641 
642 644 646 647 648 649 651 652 656 661 669 672 
675 677 679 681 682 684 685 692 702 706 707 712 
714 721 722 725 726 731 732 735 737 738 740 741 
744 747 751 758 761 765 766 772 776 777 779 780 
783 784 788 791 792 795 
239
2 5 6 9 12 15 19 25 26 27 33 36 
38 41 42 44 47 48 52 53 57 60 63 67 
69 73 74 75 87 89 91 95 102 109 110 111 
113 116 117 119 122 125 129 131 133 134 137 139 
141 150 152 161 166 174 177 179 180 185 191 196 
198 199 201 207 208 212 219 220 223 225 227 230 
234 238 240 242 245 259 261 266 272 274 276 280 
281 282 284 286 287 295 303 306 307 308 309 314 
316 319 320 321 325 326 329 330 335 336 338 343 
351 353 358 360 363 364 366 372 377 380 390 399 
403 404 417 419 420 423 425 426 427 433 442 443 
444 445 454 455 461 463 464 465 478 479 480 482 
486 488 489 490 491 495 497 501 503 505 510 515 
519 520 522 525 526 532 533 535 543 544 547 549 
561 562 564 566 569 571 575 578 582 585 592 595 
600 608 609 614 615 616 621 624 629 633 635 638 
639 652 653 659 660 664 667 671 674 676 678 679 
680 681 684 685 691 693 697 705 706 708 711 714 
728 738 740 745 746 751 756 763 766 767 771 772 
780 782 783 784 785 786 787 788 789 794 795 
233
5 7 8 13 15 17 18 22 27 32 34 36 
37 39 43 45 47 51 52 54 58 59 64 65 
72 74 77 78 82 85 86 93 94 95 96 100 
103 106 107 120 123 128 133 139 145 146 148 150 
152 156 157 163 166 167 170 176 180 184 185 187 
190 193 195 199 201 202 205 212 217 224 233 237 
242 245 247 253 255 260 262 263 264 274 275 276 
278 282 287 291 292 302 311 315 320 321 323 326 
329 335 340 349 350 356 360 362 366 368 369 370 
382 383 385 387 388 400 403 405 407 410 411 414 
418 420 421 439 444 445 446 447 450 451 458 462 
465 470 478 481 482 485 487 489 494 497 498 500 
501 504 508 510 512 515 516 517 518 523 527 528 
529 535 536 538 539 543 544 545 552 553 556 558 
569 570 575 578 581 587 590 594 595 598 599 601 
602 606 611 613 614 620 627 633 638 646 647 648 
654 657 661 662 672 677 684 686 689 697 702 705 
706 708 709 714 715 716 718 727 729 734 738 740 
750 751 754 757 762 771 773 774 778 779 780 781 
782 785 791 798 800 
230
2 6 10 13 14 17 20 21 24 32 36 39 
41 56 59 63 64 67 68 70 72 73 76 79 
81 84 95 97 98 102 103 111 112 113 115 116 
119 121 123 127 133 135 140 142 143 144 153 157 
170 179 187 191 195 196 199 204 205 207 208 209 
210 215 216 223 225 226 230 233 238 239 245 248 
249 253 255 257 261 266 270 275 277 292 294 298 
299 305 309 312 313 322 324 327 333 338 340 343 
344 345 350 351 352 362 363 367 369 378 379 380 
383 388 389 390 391 392 397 400 403 413 416 420 
421 427 430 433 436 439 440 443 444 445 446 459 
479 480 482 484 490 492 497 501 509 512 518 519 
525 530 531 536 539 544 545 551 554 560 561 570 
572 582 586 587 594 595 597 598 605 611 613 614 
619 622 625 627 628 630 637 638 639 640 644 645 
647 650 658 659 660 663 670 671 672 676 683 687 
688 689 691 693 695 702 704 706 710 713 714 716 
724 726 727 733 735 738 744 745 747 748 750 755 
757 758 759 765 768 769 772 776 780 784 787 795 
798 800 
226
4 5 7 13 14 21 24 27 32 33 35 36 
37 41 44 45 47 52 53 56 61 62 63 64 
67 69 73 88 93 94 97 100 105 109 114 115 
117 118 119 122 124 125 129 131 132 134 136 138 
145 146 148 150 151 160 162 163 175 176 188 202 
208 209 210 212 217 226 228 239 241 245 247 255 
259 260 270 275 286 294 295 296 298 300 301 302 
304 306 309 310 313 315 321 326 327 329 331 333 
346 349 354 363 371 372 376 380 384 386 393 394 
396 404 405 409 420 421 428 433 434 440 444 447 
450 452 465 467 477 478 485 486 491 499 502 503 
508 510 513 515 516 521 523 527 530 534 546 548 
551 555 557 558 560 562 566 570 572 577 578 583 
584 585 587 590 593 599 600 601 604 609 610 613 
617 618 619 624 631 636 639 645 652 653 657 660 
666 667 668 671 676 677 679 680 682 686 688 691 
693 699 705 716 717 718 721 723 724 725 726 728 
729 730 731 734 738 747 755 763 766 768 769 770 
777 779 780 781 783 786 789 790 794 795 
238
7 12 16 22 28 29 35 38 45 48 51 56 
59 66 68 69 70 72 75 80 82 84 92 96 
98 99 105 106 119 122 123 131 132 138 139 140 
142 148 149 151 152 158 159 166 167 168 169 171 
174 176 177 185 186 189 190 193 199 207 217 218 
219 226 230 234 236 241 243 244 247 248 249 251 
256 258 260 262 272 273 274 276 278 279 283 293 
299 303 304 308 310 311 314 315 316 317 325 329 
330 338 344 345 347 348 355 356 358 360 361 364 
367 370 375 378 380 381 382 384 387 388 392 399 
400 404 405 406 415 421 423 425 427 433 434 437 
444 446 447 451 454 455 456 458 461 462 467 469 
470 478 480 481 483 487 492 496 502 506 510 515 
519 523 525 526 528 532 534 535 536 537 541 548 
554 559 560 561 562 563 566 569 575 576 580 585 
586 591 598 604 605 606 612 614 618 625 627 629 
631 632 633 634 643 650 655 665 667 670 671 690 
691 695 699 703 705 706 711 713 718 725 733 737 
741 746 748 749 751 756 757 759 761 765 768 770 
774 778 780 782 783 785 786 788 794 800 
230
1 3 7 15 21 22 28 33 35 38 39 43 
46 51 52 55 62 66 69 79 80 81 83 84 
86 87 90 92 97 106 107 112 119 124 126 133 
141 147 157 161 164 166 168 169 175 180 186 187 
188 190 191 195 196 197 200 201 202 206 207 216 
220 223 232 233 234 235 237 242 244 245 246 248 
253 257 259 261 264 266 268 274 280 282 291 292 
293 300 305 307 309 317 320 333 335 338 339 340 
341 350 358 363 372 375 377 383 409 416 420 429 
432 436 448 449 451 452 454 455 456 458 459 463 
467 470 471 473 474 475 477 485 486 487 496 498 
499 503 511 512 513 514 516 518 522 523 526 530 
541 549 550 554 557 561 562 563 564 566 569 576 
580 581 582 584 585 590 591 592 593 597 598 599 
602 603 607 608 628 631 648 653 654 655 657 662 
664 672 674 677 683 684 685 690 696 700 703 704 
706 707 708 709 711 712 714 715 718 720 724 725 
727 728 734 735 738 739 742 746 748 752 753 759 
761 763 766 768 770 771 774 775 780 782 786 790 
791 794 
223
1 2 3 8 9 13 14 23 25 28 29 34 
35 36 43 48 51 53 57 63 72 73 74 76 
77 79 81 85 86 87 89 90 93 105 115 128 
132 137 138 140 141 146 162 164 165 172 174 175 
178 179 180 181 183 191 193 198 203 205 213 214 
215 218 232 238 240 243 246 247 251 252 255 257 
259 260 265 271 272 274 275 276 280 283 284 287 
289 292 304 305 308 311 312 314 319 320 323 324 
327 329 330 332 334 337 341 342 343 346 348 356 
362 372 376 380 381 384 387 389 393 394 398 406 
407 410 414 416 419 422 423 426 428 433 436 446 
454 457 459 460 462 465 473 474 476 477 478 479 
488 490 494 497 501 503 505 515 521 524 526 533 
536 539 546 548 554 556 558 568 570 578 583 590 
591 595 602 606 608 609 613 615 616 626 628 631 
633 637 638 642 643 644 645 647 648 653 656 657 
658 674 676 677 695 700 701 702 712 715 722 724 
726 731 741 742 743 754 755 756 759 764 767 773 
774 781 784 785 788 789 800 
221
3 8 9 14 15 22 27 33 34 35 41 45 
49 52 54 58 59 60 61 63 64 67 69 80 
88 91 97 100 103 109 112 113 116 117 120 126 
128 144 147 148 152 156 158 160 163 164 170 172 
179 181 185 198 199 201 202 207 209 211 214 215 
216 217 218 221 225 226 227 230 231 234 238 241 
245 249 254 258 264 265 266 271 272 274 279 285 
288 294 295 301 302 303 306 309 314 317 323 325 
327 335 338 341 342 343 344 351 353 357 358 359 
361 363 365 371 373 374 377 378 379 380 384 387 
388 389 391 396 401 402 403 406 408 410 413 414 
415 417 419 427 428 429 433 439 440 443 447 448 
454 457 460 462 470 478 480 483 489 500 508 513 
514 516 519 526 530 532 540 544 551 552 566 569 
576 577 584 586 588 591 593 595 603 604 606 607 
611 620 622 630 632 636 637 645 652 653 654 655 
658 661 671 672 674 676 684 687 697 700 702 709 
714 716 718 722 725 727 741 743 744 749 775 776 
783 790 795 798 799 
242
1 5 6 8 10 12 15 18 20 27 28 29 
32 33 35 36 38 40 46 49 50 54 55 65 
68 74 76 82 84 85 88 97 100 110 115 117 
120 121 123 128 130 133 136 137 143 144 149 155 
159 161 163 169 176 178 181 183 186 189 190 193 
201 204 206 207 212 216 222 224 228 229 235 239 
241 245 249 251 254 255 256 260 270 271 276 281 
283 285 287 295 298 301 308 310 312 315 316 319 
321 326 327 329 333 336 339 344 346 350 351 358 
362 368 374 376 378 379 380 384 387 389 390 391 
394 395 396 397 399 401 405 410 413 417 435 438 
439 440 442 444 448 450 454 455 458 460 462 464 
468 469 484 485 491 496 498 499 503 509 510 511 
515 518 520 528 529 534 536 537 543 544 545 550 
551 558 559 562 566 567 568 575 581 585 595 596 
598 606 613 624 628 630 632 636 640 641 643 644 
647 649 650 652 655 657 659 662 665 670 672 674 
688 691 693 698 700 701 707 712 716 719 720 721 
722 724 725 726 727 729 732 737 739 745 746 747 
750 752 763 764 768 772 778 780 781 782 786 790 
798 800 
239
2 4 14 18 23 24 31 34 39 49 55 61 
65 69 72 77 81 83 85 87 88 90 91 92 
93 94 97 103 107 108 115 118 121 127 129 132 
133 137 143 144 146 148 150 156 160 167 168 173 
174 180 186 192 194 195 198 199 208 211 213 215 
228 229 232 238 242 246 247 248 253 254 257 258 
259 265 267 273 274 275 280 282 284 287 291 292 
295 299 303 306 307 311 315 316 322 324 327 332 
334 340 341 342 346 351 361 362 368 372 373 375 
380 382 386 390 391 393 398 399 402 403 406 412 
413 418 420 427 431 434 435 439 440 445 447 451 
453 454 457 458 460 463 466 467 476 480 484 489 
494 504 512 514 516 526 528 529 530 531 532 533 
534 539 549 551 565 567 570 571 574 576 578 580 
582 584 586 587 591 592 595 596 598 600 605 609 
611 613 614 617 621 622 623 624 625 629 631 633 
634 641 643 647 649 651 654 655 662 663 664 666 
669 671 673 674 679 684 685 686 700 701 702 703 
706 707 708 709 714 718 726 727 732 734 736 742 
749 752 757 759 762 764 768 772 776 779 783 
282
2 3 9 12 13 15 17 18 22 23 25 30 
41 42 43 44 45 47 48 49 50 55 56 57 
58 59 63 69 73 74 77 78 81 85 87 89 
90 91 93 97 100 102 109 111 113 114 115 116 
119 122 129 131 132 136 137 148 151 153 154 161 
162 164 165 167 171 178 185 191 197 199 200 204 
208 212 215 217 219 220 221 225 226 227 230 233 
234 235 238 240 249 251 252 258 260 262 263 265 
269 273 276 285 287 288 289 290 291 293 296 297 
299 300 303 309 311 313 319 321 324 325 326 328 
329 330 332 335 337 339 344 346 348 349 350 359 
363 368 369 370 372 378 379 380 381 382 383 384 
386 393 403 407 408 409 410 411 413 416 421 424 
426 427 429 431 433 438 445 447 448 453 454 457 
461 462 467 468 476 480 490 491 497 499 505 506 
509 514 516 521 523 524 528 532 533 537 539 540 
541 544 545 548 550 552 556 557 558 559 562 568 
572 574 577 587 595 598 600 601 605 609 611 612 
615 618 620 624 625 626 627 628 629 631 634 636 
638 639 646 648 655 656 658 664 667 668 670 681 
684 689 694 695 696 702 707 709 710 712 714 716 
717 718 719 721 724 725 740 741 742 745 748 751 
754 756 757 758 763 764 770 772 775 776 777 778 
779 787 789 790 792 796 
225
3 4 6 7 9 10 13 14 16 17 18 23 
24 26 27 31 32 46 47 48 53 59 66 68 
74 76 80 81 83 85 87 88 93 96 98 99 
100 101 109 112 114 119 125 133 134 141 147 151 
154 158 160 163 167 168 170 171 175 181 187 189 
190 196 205 207 209 216 219 224 227 231 235 242 
258 268 269 270 276 280 285 286 287 290 294 297 
300 303 305 308 309 311 313 314 316 320 321 323 
328 329 332 334 336 341 346 352 359 361 365 366 
376 381 382 383 387 392 397 406 408 414 415 418 
427 430 437 438 441 444 447 449 454 459 461 462 
463 475 477 480 481 482 488 489 494 496 502 508 
509 510 514 517 518 521 522 524 526 529 533 534 
541 543 545 548 551 552 560 564 565 568 574 577 
582 583 584 587 603 609 611 613 617 618 621 637 
639 641 648 660 662 663 664 665 666 670 675 677 
678 681 683 684 689 690 695 698 699 700 701 702 
704 706 707 708 715 720 727 745 752 758 759 764 
766 767 775 776 788 792 793 797 798 
225
7 9 12 14 18 22 23 26 29 44 50 52 
53 57 58 59 67 69 71 73 76 77 79 80 
85 86 87 88 89 94 96 98 113 114 120 122 
127 137 140 141 142 144 145 147 151 152 157 167 
169 171 178 184 192 197 200 206 208 229 231 234 
235 238 241 254 255 256 258 259 260 261 263 264 
270 272 273 274 278 280 284 289 292 299 304 308 
309 315 318 323 326 334 337 339 345 346 352 360 
362 367 369 370 371 374 381 392 400 401 402 403 
404 410 411 413 417 424 425 433 435 440 443 445 
447 451 452 456 459 460 464 469 473 475 476 477 
481 483 484 491 499 500 504 505 507 522 527 529 
532 533 536 537 538 540 544 547 549 558 561 567 
570 577 579 582 592 596 598 609 612 613 614 616 
619 620 621 626 628 629 632 636 642 645 646 652 
653 654 656 660 661 668 670 674 677 681 685 686 
692 693 695 697 703 706 708 711 712 715 717 725 
734 736 738 739 741 742 750 754 759 761 765 766 
767 771 778 784 788 791 795 797 799 
261
1 6 8 18 21 25 26 27 28 32 34 38 
42 43 45 48 56 59 61 72 76 77 78 81 
82 85 86 92 96 100 104 106 107 108 109 110 
111 112 113 115 117 118 123 128 131 134 135 136 
138 139 143 152 155 160 161 166 167 168 169 172 
179 181 184 186 187 188 189 194 197 198 199 200 
201 204 205 206 207 209 212 215 219 221 222 228 
229 235 241 245 249 250 253 262 265 272 277 278 
282 284 286 287 290 292 295 298 302 308 310 313 
314 316 325 331 332 333 338 339 341 345 355 358 
363 365 367 368 369 371 373 374 376 377 378 381 
385 386 387 388 390 391 393 399 412 413 418 420 
421 423 427 429 431 435 436 441 443 444 446 448 
449 453 457 459 461 463 467 468 469 476 478 479 
485 490 492 493 496 497 503 504 506 509 510 511 
512 515 519 524 525 532 539 545 548 549 551 557 
559 564 570 574 577 581 583 590 594 600 601 604 
605 611 613 614 615 616 619 620 633 637 646 647 
648 649 650 655 660 661 662 666 672 673 675 678 
682 685 694 695 697 699 705 709 710 714 717 722 
723 725 726 729 735 736 737 740 748 751 760 772 
773 777 778 782 784 785 791 793 798 
236
3 7 9 13 15 24 38 43 47 48 54 55 
57 58 64 70 80 81 82 84 86 98 108 116 
120 122 123 124 133 137 142 145 152 159 163 165 
167 170 176 179 186 188 189 195 200 203 208 209 
211 212 220 221 223 226 227 228 229 232 233 235 
239 249 252 253 259 265 266 267 268 269 270 271 
272 274 275 279 280 282 289 292 293 300 301 302 
304 309 310 314 323 327 334 340 342 346 348 351 
353 358 362 363 366 369 370 371 377 378 381 388 
389 401 405 406 411 415 416 417 418 419 422 425 
433 435 438 441 442 443 447 451 460 461 462 467 
468 469 473 474 475 483 487 488 492 494 504 505 
507 511 512 513 515 521 525 526 534 536 541 542 
545 550 552 553 554 559 564 567 573 574 578 579 
585 588 592 595 601 605 610 613 614 627 629 632 
633 638 639 643 648 649 652 656 657 659 662 664 
665 667 668 669 673 676 694 696 697 699 701 702 
703 704 710 713 715 717 718 719 720 722 723 728 
731 735 737 739 743 745 748 749 753 761 763 764 
770 773 776 778 782 787 795 799 
249
1 2 16 18 20 25 28 29 32 34 36 37 
39 40 49 57 59 60 63 69 72 76 77 82 
85 87 90 94 96 97 100 106 107 108 109 110 
112 115 120 123 124 130 132 136 140 144 145 150 
152 158 159 164 165 169 172 173 178 183 185 188 
189 194 196 197 198 202 205 206 209 211 212 214 
216 225 226 229 236 238 239 241 242 244 250 258 
264 266 269 273 276 285 290 292 293 295 297 298 
302 303 304 306 314 317 321 323 325 331 333 334 
345 348 350 351 353 356 357 369 371 372 378 381 
383 384 385 389 390 392 398 402 403 406 408 411 
414 415 419 423 425 430 433 441 446 449 456 457 
461 462 471 473 479 480 481 483 485 486 487 490 
491 493 497 505 509 516 517 518 525 529 531 533 
539 540 543 545 547 549 550 551 556 561 562 563 
565 569 570 573 574 575 576 578 580 583 584 585 
591 592 596 597 602 604 606 613 614 618 629 630 
631 633 634 635 638 643 644 647 649 651 653 655 
668 670 672 678 679 686 702 703 704 718 724 725 
726 732 734 739 740 741 742 745 750 751 755 758 
763 765 772 774 776 790 792 798 800 
228
1 6 11 14 18 19 21 23 28 30 32 48 
52 53 69 71 79 81 86 100 110 111 114 118 
119 120 125 129 134 136 137 141 143 146 151 155 
158 159 164 172 173 174 175 180 185 189 190 191 
192 193 195 198 205 211 214 215 223 225 228 233 
234 236 242 243 244 246 253 256 259 261 262 263 
267 275 277 278 282 283 285 288 291 292 293 295 
298 303 308 309 311 320 324 334 342 346 350 352 
353 362 364 366 371 373 377 381 383 397 398 400 
406 408 412 414 416 417 420 421 423 424 434 436 
437 440 451 458 461 464 466 467 470 473 476 479 
481 484 485 486 492 493 494 500 501 508 510 511 
512 518 519 521 522 525 526 527 530 543 544 545 
547 553 555 556 557 567 568 572 575 576 581 582 
587 590 594 598 599 600 603 604 605 609 611 612 
614 616 621 629 631 636 637 639 645 651 656 658 
667 668 673 675 679 681 693 697 702 709 711 714 
727 731 734 735 737 738 741 747 754 759 760 761 
762 765 766 769 770 775 777 788 792 794 796 800 
238
3 5 7 8 10 12 16 18 19 27 31 37 
38 40 41 46 52 55 59 64 68 71 72 75 
78 86 89 96 102 106 110 111 114 116 117 118 
122 123 124 133 134 138 139 140 142 143 145 155 
159 160 162 163 165 166 168 172 173 175 176 178 
194 196 198 202 213 214 215 218 219 220 227 229 
233 240 241 246 252 254 255 260 262 263 264 266 
270 274 276 282 285 290 291 294 300 302 304 309 
317 319 322 325 326 330 339 344 349 356 361 362 
364 368 369 373 377 379 380 386 393 395 405 406 
408 411 412 416 418 421 423 424 425 426 433 435 
437 441 445 456 463 464 472 474 476 477 478 481 
488 489 491 492 498 499 502 504 505 507 512 515 
518 520 522 532 534 537 539 541 550 553 556 558 
559 561 563 566 567 572 575 576 578 581 584 589 
601 613 620 623 625 627 635 636 642 644 647 648 
653 657 658 660 661 662 664 667 668 681 685 686 
687 689 691 692 694 699 702 703 704 709 711 716 
717 718 730 733 734 750 754 755 764 766 767 768 
770 773 774 776 783 789 793 794 798 799 
259
2 3 6 9 10 11 13 14 16 19 23 28 
33 35 38 39 44 45 46 58 60 61 62 63 
64 66 72 73 74 76 83 85 87 91 93 100 
102 108 109 121 124 129 131 132 141 142 145 148 
152 155 163 165 168 171 172 179 181 188 190 194 
195 196 197 199 204 205 206 208 215 220 223 229 
230 232 235 236 239 244 252 253 263 264 267 273 
279 284 289 291 296 297 300 301 303 307 309 311 
312 315 317 326 330 332 343 345 348 350 351 352 
353 355 356 359 362 364 365 367 374 377 380 382 
383 385 387 393 395 397 400 403 410 411 415 416 
418 419 420 421 425 428 429 431 439 443 445 450 
452 456 457 458 459 462 463 465 466 469 471 474 
475 476 477 479 486 487 489 496 500 501 502 508 
512 513 514 515 518 521 522 523 533 535 541 543 
547 550 551 556 557 558 560 561 565 571 572 574 
576 578 579 583 587 591 592 593 595 597 598 605 
611 615 622 625 628 638 641 647 659 661 668 671 
672 673 674 675 683 684 690 691 693 695 699 702 
704 706 707 708 710 711 714 716 718 729 731 736 
740 742 744 745 747 748 753 759 760 761 768 772 
776 781 782 784 793 796 800 
254
3 5 11 15 18 21 25 34 37 50 54 57 
58 63 66 68 73 77 78 79 86 87 93 98 
101 104 105 106 108 119 121 124 125 126 130 141 
146 148 152 155 159 164 172 174 175 179 182 185 
187 188 189 192 200 204 210 211 213 214 215 223 
224 229 230 233 237 238 239 243 244 254 255 258 
259 262 265 266 269 271 278 281 285 288 299 306 
312 313 316 318 319 330 331 333 336 341 345 346 
347 350 352 358 363 364 367 369 371 372 373 374 
375 376 379 390 392 393 394 395 397 398 403 404 
407 411 413 418 419 426 432 434 435 436 437 438 
440 441 449 450 452 454 461 464 468 469 470 472 
476 478 479 481 483 489 490 492 498 501 502 503 
504 506 509 514 517 518 520 523 524 527 529 531 
532 536 537 546 553 555 559 560 561 563 567 568 
570 571 574 579 587 592 593 594 595 597 605 610 
614 615 619 621 624 625 627 628 635 642 644 646 
647 651 654 657 658 659 666 672 678 682 688 690 
692 694 697 700 703 710 715 717 722 723 728 729 
735 737 738 743 744 745 746 747 748 749 751 755 
756 761 764 765 767 774 778 779 780 781 788 791 
792 796 
220
3 9 12 14 16 17 18 20 24 27 28 32 
33 34 43 46 57 58 59 60 62 64 69 73 
77 78 80 93 95 97 108 109 111 113 117 123 
134 137 138 141 143 144 146 150 151 153 169 171 
174 182 190 192 195 200 201 202 205 206 210 213 
217 220 221 226 228 232 240 245 247 258 264 272 
274 275 278 287 288 289 290 291 296 297 300 315 
316 317 325 327 329 332 334 336 344 363 365 367 
368 371 372 377 380 385 388 389 394 395 399 400 
402 407 409 410 411 415 416 423 428 429 431 434 
436 440 445 448 449 450 452 453 459 462 465 475 
484 487 491 493 494 500 506 510 513 514 518 520 
528 538 539 542 548 549 555 556 560 566 569 570 
575 584 586 589 592 594 597 599 603 607 609 611 
613 616 625 627 647 649 655 656 658 660 662 665 
666 667 670 671 673 674 679 683 686 689 698 701 
705 706 714 719 728 729 731 734 737 738 739 740 
746 747 749 752 760 763 764 766 770 772 774 775 
778 779 781 797 
229
1 6 9 12 13 14 15 20 23 36 38 43 
51 53 57 59 62 63 65 70 71 72 74 76 
83 85 90 92 95 97 109 110 118 126 130 133 
136 137 142 143 148 155 161 162 168 170 174 179 
182 183 184 190 194 196 199 200 204 207 214 216 
218 219 222 225 228 230 231 234 237 238 242 250 
254 255 257 262 263 268 270 271 275 280 288 292 
300 304 305 308 319 324 325 327 328 330 332 333 
334 335 338 342 346 347 348 353 364 367 368 369 
370 371 372 373 376 377 380 381 384 385 389 400 
404 406 407 411 420 424 428 429 431 450 453 460 
462 463 468 473 474 475 476 488 489 493 495 496 
498 499 503 504 506 512 513 514 524 528 531 538 
542 543 548 550 551 553 557 572 576 586 591 592 
599 605 607 612 617 621 626 635 642 645 646 647 
650 652 653 655 657 662 666 669 671 674 682 689 
690 694 695 698 699 700 709 712 713 714 718 719 
721 722 725 728 732 734 735 736 739 741 743 744 
748 750 754 762 766 768 778 779 780 786 787 788 
793 
242
3 5 7 9 12 16 21 22 23 27 29 37 
40 45 46 47 50 54 55 56 58 60 62 69 
70 85 88 89 93 102 103 110 111 112 121 128 
133 140 142 143 147 149 153 155 160 169 170 171 
173 177 178 179 181 182 185 193 200 202 203 205 
206 208 212 216 221 226 236 237 239 240 242 244 
247 256 257 259 263 265 266 270 271 272 274 275 
277 280 294 299 301 302 306 307 310 316 319 322 
325 327 331 339 345 349 366 367 373 375 382 388 
394 396 405 411 413 415 417 418 421 422 431 433 
434 435 437 440 441 442 446 447 458 462 472 474 
476 477 478 484 488 491 493 500 503 504 505 507 
516 519 521 524 526 527 528 530 533 534 536 539 
542 545 546 549 551 553 554 555 559 560 562 564 
566 574 578 586 587 591 597 602 603 610 611 612 
613 615 617 626 631 637 638 639 640 646 648 649 
658 659 660 664 667 675 677 682 684 688 689 693 
695 697 699 700 702 707 710 711 717 721 726 729 
732 734 735 738 739 742 746 750 752 754 756 757 
764 767 768 773 774 775 779 783 784 790 792 793 
794 797 
210
7 9 18 24 27 32 38 48 54 55 58 59 
63 65 68 74 76 79 82 86 88 90 94 105 
108 111 120 124 126 129 130 131 132 135 137 141 
142 143 146 147 152 160 161 165 168 169 172 173 
175 181 187 189 194 197 203 210 211 216 219 220 
221 223 227 235 239 240 257 258 259 266 268 270 
271 275 280 283 285 287 295 296 300 301 304 310 
314 315 316 319 320 325 326 328 337 340 343 348 
349 350 356 364 367 380 382 391 392 395 402 412 
415 418 420 426 427 436 440 445 459 462 466 469 
470 474 477 481 482 489 495 496 498 501 509 511 
513 514 517 519 520 525 528 533 537 542 558 559 
560 561 562 563 566 567 577 578 580 581 584 585 
594 597 612 621 622 627 630 633 634 636 641 644 
646 655 656 657 659 660 669 673 675 678 681 684 
688 689 706 709 712 719 722 723 724 725 729 737 
744 747 750 753 758 760 768 772 773 775 781 782 
783 786 788 794 796 798 
224
4 9 10 11 17 24 29 30 31 38 46 52 
54 59 67 68 69 76 77 79 87 91 92 96 
97 99 101 114 115 120 121 123 124 128 132 139 
142 150 152 153 154 155 160 164 169 172 176 179 
181 184 186 187 189 200 205 208 210 217 221 223 
225 227 228 229 234 235 239 240 243 244 246 247 
252 256 257 258 273 275 279 292 295 299 313 323 
327 328 329 332 341 342 351 355 360 363 368 369 
374 375 376 381 383 384 392 394 401 402 413 416 
417 421 422 423 429 431 433 439 443 445 447 451 
456 459 461 462 471 476 484 488 491 492 493 495 
501 502 503 504 506 508 511 517 518 523 525 536 
539 541 544 550 552 556 558 563 565 567 568 569 
573 578 580 581 583 590 598 601 602 605 611 616 
626 628 631 632 635 637 640 641 643 647 649 650 
653 654 655 660 661 682 684 685 686 690 694 696 
699 710 717 723 724 727 730 734 735 737 739 741 
746 750 751 756 758 762 763 765 777 778 780 782 
788 789 790 792 793 798 799 800 
246
3 4 5 6 11 12 16 17 18 22 25 35 
40 41 45 47 49 52 57 58 63 76 78 79 
80 81 82 86 89 94 98 100 101 108 110 111 
112 120 121 122 125 129 131 132 139 150 153 155 
156 164 174 175 177 178 183 184 185 201 209 211 
220 222 223 226 230 236 237 238 242 243 245 247 
250 251 252 254 260 264 265 269 270 271 277 288 
289 292 295 296 297 305 312 317 328 329 330 332 
333 335 344 345 346 350 351 355 359 360 362 363 
368 370 371 374 378 381 384 389 390 392 393 399 
400 402 403 404 412 418 425 427 428 432 438 443 
445 449 452 460 462 473 475 477 478 484 487 490 
492 493 501 503 506 507 509 513 514 515 516 521 
522 526 527 529 531 532 533 535 540 544 545 551 
552 556 558 562 565 571 577 581 585 586 588 591 
592 595 599 600 601 603 604 605 609 611 612 614 
615 618 619 626 631 646 650 651 653 656 658 664 
675 677 678 681 682 683 687 688 699 701 706 707 
714 721 723 724 731 732 737 738 740 741 744 748 
752 753 755 757 759 761 764 765 766 767 769 770 
779 781 782 786 790 797 
230
5 6 8 9 10 11 12 14 15 29 30 34 
35 38 41 43 53 54 56 57 59 60 62 63 
71 72 73 74 84 94 97 102 103 106 110 111 
112 117 127 130 131 133 135 136 140 141 151 153 
160 163 169 171 174 180 182 184 188 196 202 210 
211 213 216 220 221 223 225 226 227 228 232 233 
234 236 237 250 257 260 263 266 270 276 277 279 
280 293 294 295 299 304 305 316 317 318 320 322 
329 330 336 346 348 350 353 354 360 365 367 373 
374 375 382 384 389 390 392 394 395 396 399 404 
406 407 408 413 419 423 431 436 437 440 450 456 
457 458 460 464 465 466 468 470 471 477 485 486 
487 488 495 503 504 506 508 509 511 516 521 534 
537 540 541 542 544 549 556 557 558 563 570 572 
573 577 579 583 587 589 596 599 611 613 615 617 
620 622 629 632 633 634 638 639 640 642 643 654 
664 669 673 686 694 697 705 707 712 713 717 718 
720 721 728 729 730 733 734 740 741 742 743 744 
748 755 756 757 760 763 765 770 774 775 778 783 
789 795 
255
1 6 7 8 14 21 25 26 31 33 37 39 
40 42 46 48 49 53 58 60 62 63 65 66 
67 70 74 76 88 90 99 102 103 104 106 109 
118 119 121 123 127 130 132 139 144 145 149 153 
157 158 164 169 171 172 173 176 183 187 188 189 
196 198 200 206 207 210 211 216 218 221 227 231 
233 236 238 239 242 251 253 254 258 259 261 264 
265 269 271 273 274 277 284 289 297 303 305 306 
309 315 317 320 321 328 329 330 332 333 339 345 
349 354 355 358 361 362 363 367 376 378 385 388 
389 390 391 393 394 395 397 400 407 411 416 418 
421 426 429 433 435 436 438 445 447 450 452 453 
454 458 467 469 470 472 477 483 485 494 495 498 
499 504 508 518 520 522 523 527 532 535 541 544 
545 546 549 553 557 558 563 564 567 568 573 575 
578 579 580 587 592 593 596 600 607 609 611 613 
616 617 618 620 621 622 623 632 635 637 646 652 
657 658 659 660 665 667 669 672 676 679 682 688 
690 693 694 695 696 700 704 706 709 713 714 725 
726 729 730 731 732 735 738 739 740 743 749 753 
756 759 760 762 763 770 777 780 783 785 787 788 
789 792 799 
240
6 8 9 10 17 26 28 31 37 38 41 43 
45 46 47 56 57 64 69 71 73 75 78 79 
81 90 95 98 102 109 115 116 118 119 121 124 
126 128 133 135 136 141 145 147 151 152 160 164 
168 170 172 174 178 187 192 194 198 199 200 201 
210 211 212 216 218 221 229 230 235 238 239 252 
254 255 265 266 279 282 291 296 298 301 304 306 
309 312 316 319 326 327 329 330 331 334 336 342 
344 346 357 359 361 362 364 367 369 371 372 378 
379 380 381 386 390 392 394 395 402 405 407 410 
414 415 417 418 431 432 434 437 438 451 452 453 
456 458 459 476 477 478 485 488 490 492 499 502 
508 510 511 514 518 525 527 529 531 535 536 538 
540 545 546 548 550 557 561 563 565 566 567 568 
569 571 579 586 590 594 601 603 613 615 617 621 
623 625 633 640 642 647 652 655 661 664 666 667 
669 676 677 680 683 685 687 692 696 698 699 701 
702 705 707 708 713 715 724 730 731 732 734 735 
739 744 747 748 752 753 754 763 765 766 768 769 
770 771 775 782 783 789 793 794 795 796 797 798 
257
4 12 13 18 22 23 24 25 30 31 32 33 
34 35 36 38 41 44 47 48 52 55 57 60 
61 63 71 75 78 82 86 89 93 98 100 107 
118 121 122 123 125 127 128 129 133 134 135 136 
140 141 142 154 156 161 168 175 182 183 184 185 
190 191 192 193 194 196 201 203 206 207 215 216 
219 222 223 225 226 229 230 231 232 233 235 237 
244 245 250 254 255 256 260 263 264 272 277 281 
285 286 287 288 290 292 297 301 305 318 320 321 
322 324 327 330 331 339 346 348 353 357 362 363 
365 366 368 371 375 382 386 389 390 391 392 396 
397 408 411 412 415 416 417 424 425 426 428 429 
432 436 437 440 446 457 459 461 467 468 471 472 
481 485 486 491 493 497 499 512 513 514 515 516 
517 520 521 522 523 528 530 533 535 541 544 548 
549 550 552 554 557 561 562 568 570 572 579 580 
582 583 586 595 599 600 605 607 609 612 616 619 
622 623 624 631 635 636 638 641 649 651 652 655 
656 658 659 664 666 673 674 675 676 679 680 681 
687 689 693 697 699 702 703 711 712 715 719 721 
722 729 731 735 740 751 754 761 767 772 773 774 
779 781 786 790 792 
261
1 3 8 9 16 17 20 23 24 25 26 27 
29 35 37 39 43 49 51 52 58 60 63 64 
66 70 75 77 78 81 84 87 88 99 100 102 
103 106 109 110 114 115 118 122 126 127 128 129 
139 142 143 148 149 150 151 154 157 161 164 165 
169 174 176 179 182 184 192 195 197 198 199 200 
201 204 205 206 209 210 211 217 218 222 226 229 
230 233 234 238 242 257 260 264 271 275 277 281 
285 291 292 296 298 301 306 307 310 311 315 317 
321 331 332 334 335 336 340 345 352 353 355 359 
362 363 365 366 372 373 377 379 380 382 384 387 
392 393 398 400 401 404 406 408 409 410 415 417 
420 421 428 439 440 446 447 451 453 454 455 458 
462 469 472 475 479 480 482 483 484 489 490 492 
493 495 503 512 514 523 527 528 532 537 543 547 
548 558 564 566 567 574 578 580 583 588 591 597 
600 608 610 612 613 614 615 616 619 624 628 629 
630 637 639 644 646 650 655 656 658 659 662 665 
667 675 680 683 685 686 700 703 704 709 710 711 
712 713 715 717 718 720 725 729 731 733 738 740 
743 746 747 750 752 753 755 758 759 763 765 769 
776 777 786 789 790 793 794 796 798 
238
3 5 7 8 9 10 12 16 18 19 20 22 
24 25 26 29 35 36 38 39 44 49 52 53 
57 60 74 85 88 89 90 93 94 95 96 98 
104 105 109 114 118 128 129 130 144 146 148 150 
158 160 161 170 172 175 176 190 195 198 201 203 
205 210 213 216 220 231 239 240 241 242 243 245 
248 249 250 256 257 258 261 263 273 277 278 281 
291 294 295 297 298 309 315 322 324 327 330 332 
346 347 348 349 354 362 363 366 367 373 376 378 
384 392 393 394 395 397 400 401 403 406 407 408 
411 414 416 417 436 439 442 443 449 453 454 455 
456 457 460 468 469 473 484 487 488 493 495 500 
503 511 525 526 537 542 543 544 545 546 551 555 
556 558 562 565 566 568 574 592 593 611 613 614 
617 620 621 624 628 630 631 632 634 639 640 642 
646 647 648 650 654 660 661 662 663 664 665 672 
674 675 677 679 680 684 687 689 693 695 696 698 
707 709 711 712 714 717 723 727 728 729 730 731 
732 735 745 748 749 751 756 759 761 771 773 774 
776 780 783 789 790 792 795 797 798 800 
258
1 3 7 8 11 26 32 37 38 40 41 48 
51 53 54 58 59 62 64 72 75 78 80 81 
83 84 89 95 98 101 102 103 104 108 110 111 
114 118 119 122 124 127 131 133 136 137 138 139 
146 150 151 152 154 155 158 160 169 172 174 175 
177 178 180 183 184 185 190 191 192 193 195 196 
205 207 209 212 214 216 223 224 225 229 236 240 
244 246 247 252 263 265 268 271 274 287 290 297 
300 305 306 307 308 311 312 314 319 320 322 324 
325 326 328 329 330 332 335 341 348 350 355 356 
361 364 368 374 376 377 385 391 393 394 395 403 
407 408 412 414 415 417 423 424 426 432 435 437 
438 441 442 445 452 455 456 457 458 460 473 475 
482 489 494 497 501 505 513 515 522 523 525 527 
530 532 535 536 539 544 545 546 547 548 549 552 
556 558 561 564 565 569 573 575 576 583 584 589 
590 591 596 597 599 600 601 602 609 610 611 612 
613 619 624 625 626 628 629 630 631 633 635 640 
642 656 657 658 663 666 676 677 679 681 683 687 
693 696 697 698 704 707 716 718 725 727 736 737 
744 747 749 750 751 752 756 758 763 766 769 785 
790 794 795 796 798 799 
240
5 7 9 10 12 16 17 18 23 24 32 34 
36 47 49 53 63 65 66 67 68 69 74 78 
82 83 88 89 92 93 103 106 110 117 123 125 
130 131 134 136 142 149 155 159 160 161 170 171 
175 177 178 185 191 192 193 198 200 201 203 204 
205 211 213 217 219 220 222 224 225 233 236 237 
242 244 245 247 249 262 266 267 271 272 274 279 
282 284 291 292 299 300 302 308 310 311 312 313 
317 319 320 323 332 334 335 338 340 341 342 345 
352 358 362 369 370 373 374 375 382 386 391 393 
399 400 402 408 410 413 414 418 422 427 430 432 
433 434 437 438 440 442 443 449 450 453 459 460 
469 471 473 476 477 488 493 495 499 504 519 527 
531 532 533 537 540 541 542 543 544 546 548 549 
554 560 562 564 565 568 575 576 578 581 588 592 
594 600 601 607 611 612 613 614 616 618 621 627 
633 634 637 638 639 643 645 647 650 651 653 655 
656 662 664 665 667 669 672 675 678 679 687 688 
691 697 709 715 721 727 731 735 736 747 751 752 
754 756 758 764 765 769 775 779 782 789 794 800 
249
1 2 4 10 14 15 16 20 24 27 28 35 
36 40 42 43 44 47 50 53 55 58 59 66 
67 70 71 76 77 78 79 85 86 89 98 112 
113 120 123 124 128 134 138 143 147 149 152 158 
159 160 161 167 168 172 174 180 186 188 196 198 
206 213 229 230 231 233 237 239 240 241 242 250 
256 259 260 262 266 267 272 276 277 278 280 285 
286 291 292 293 294 297 298 302 309 311 313 315 
318 320 324 325 327 328 337 338 342 343 344 347 
356 358 359 365 369 373 375 377 378 381 384 390 
396 397 401 404 414 417 420 421 424 425 430 433 
435 436 437 439 447 450 451 454 457 464 466 468 
469 474 477 484 491 494 500 505 506 510 511 513 
514 516 518 525 532 541 542 544 551 552 553 557 
562 565 568 572 574 575 578 580 582 587 588 592 
593 595 596 598 600 604 606 610 616 618 625 627 
628 632 633 634 635 636 637 639 645 646 649 654 
667 670 673 676 680 683 690 691 694 698 704 706 
707 714 718 726 730 734 739 745 746 752 754 756 
757 758 760 761 764 766 767 768 769 774 779 781 
783 789 790 791 792 796 797 798 799 
245
1 6 8 9 14 18 21 23 24 30 31 33 
36 39 42 44 46 47 48 51 52 56 59 60 
61 69 76 80 82 84 93 94 100 101 115 118 
120 122 123 125 129 132 133 139 149 150 153 155 
158 161 164 166 168 176 178 195 196 200 202 203 
215 217 219 221 224 228 239 248 249 254 255 256 
258 264 268 271 274 276 277 284 285 288 289 298 
303 309 311 320 321 323 326 328 329 332 333 334 
335 336 337 344 348 349 350 355 356 359 363 364 
367 368 369 371 375 376 383 393 397 398 400 402 
408 414 416 417 423 426 430 431 435 436 438 441 
453 455 462 463 464 476 480 485 488 490 497 499 
500 501 505 506 507 514 515 518 525 528 539 540 
543 545 549 550 552 553 556 557 558 559 563 566 
582 583 585 586 588 593 595 596 602 605 606 607 
608 616 618 619 620 621 623 626 634 639 643 644 
647 652 656 657 661 666 667 674 675 678 679 693 
694 696 699 700 701 707 710 711 716 717 719 724 
725 728 730 738 741 742 745 746 750 755 756 760 
761 763 766 768 769 770 771 775 780 783 785 789 
790 793 794 797 798 
211
13 14 18 26 30 31 33 37 43 44 46 51 
59 60 62 65 66 69 72 77 79 80 82 83 
89 94 97 102 104 105 111 118 119 123 124 126 
128 131 133 137 139 150 153 154 155 158 160 162 
167 173 176 177 180 181 184 190 192 193 194 195 
196 197 198 199 200 201 211 216 219 237 242 245 
246 247 251 252 255 258 259 261 262 264 268 272 
273 274 283 289 294 296 297 298 300 301 305 309 
311 319 326 327 341 355 356 357 363 378 380 381 
382 384 387 393 394 396 398 399 400 401 402 413 
414 415 416 417 421 423 425 436 438 442 453 455 
458 465 469 472 473 475 479 480 488 492 498 499 
500 501 502 503 504 507 523 525 527 528 537 539 
541 547 552 553 556 557 565 575 579 591 595 597 
598 601 604 609 610 614 616 617 618 627 633 635 
650 651 653 656 658 659 669 678 686 688 698 703 
712 718 726 727 729 737 738 742 744 747 749 752 
754 761 763 767 785 788 799 
254
4 5 11 19 22 23 33 35 36 38 41 42 
44 48 50 52 54 63 66 72 81 83 88 89 
93 101 104 106 109 118 121 125 126 128 129 135 
138 141 145 148 150 151 153 156 160 161 165 169 
172 173 178 181 188 190 200 201 204 207 212 213 
215 219 225 232 238 239 241 244 245 247 248 250 
257 258 262 263 265 266 267 268 272 276 278 285 
287 290 291 293 298 301 304 308 309 311 315 316 
317 319 320 323 330 338 340 344 346 349 352 353 
361 368 369 370 373 374 375 376 385 387 393 404 
405 408 416 418 420 423 425 430 432 433 434 435 
437 442 443 448 449 452 458 459 461 465 470 472 
473 474 476 482 484 490 501 503 505 511 512 519 
520 523 527 529 530 535 539 542 546 547 550 552 
554 559 561 565 569 570 573 574 575 577 578 579 
581 587 588 597 600 601 607 614 615 616 617 619 
624 628 629 632 633 635 638 642 649 650 655 663 
670 672 673 677 680 685 687 693 696 697 699 700 
701 703 704 705 708 709 715 716 718 720 722 723 
724 725 734 737 738 739 741 745 748 752 754 756 
757 762 763 766 767 771 777 779 783 786 791 795 
796 799 
250
3 4 6 12 16 18 20 27 29 30 33 39 
47 54 57 59 60 65 66 71 75 77 78 81 
82 87 89 95 100 104 106 108 109 115 116 117 
119 124 131 135 148 152 154 155 158 159 161 163 
169 173 180 181 182 186 189 193 194 197 204 206 
207 208 209 211 212 214 217 218 219 236 239 242 
243 248 251 253 256 260 262 263 268 273 278 280 
282 283 287 288 290 292 298 299 302 309 312 313 
315 319 321 322 323 325 327 331 332 342 347 348 
358 360 363 366 367 374 379 381 388 397 401 402 
410 412 424 429 430 433 436 439 440 441 451 452 
456 460 466 467 473 474 475 476 477 480 481 486 
487 488 491 494 499 500 501 503 505 507 513 517 
525 526 531 532 533 535 536 542 548 549 552 554 
555 556 557 559 563 566 568 573 574 575 576 578 
581 583 584 585 587 591 593 595 596 597 602 604 
605 611 612 622 631 636 638 639 643 647 648 652 
653 655 656 667 669 670 671 673 675 676 681 684 
696 700 701 702 703 709 713 721 729 735 736 739 
741 743 751 752 753 755 757 761 762 766 769 772 
773 775 783 784 786 787 791 795 796 799 
262
3 9 11 16 17 18 19 22 28 32 34 38 
39 42 43 46 49 50 58 59 62 65 66 68 
71 80 82 87 88 92 93 95 98 101 102 103 
109 114 117 119 120 121 122 124 126 134 135 136 
138 145 147 149 151 156 157 161 163 164 165 170 
171 176 178 180 181 183 184 185 186 188 190 191 
195 200 201 206 207 210 211 218 220 224 225 227 
231 234 236 246 248 249 255 257 258 265 268 269 
270 271 274 276 280 282 286 287 289 299 300 303 
308 311 312 318 329 330 333 336 339 342 345 355 
360 363 364 373 378 381 385 389 391 392 396 399 
400 404 405 409 412 417 420 424 426 432 433 434 
435 440 444 451 452 455 461 462 463 464 465 468 
469 471 472 473 474 476 479 483 485 494 495 497 
503 508 510 514 518 519 524 526 527 530 533 536 
541 542 545 553 555 556 557 562 563 570 572 577 
578 580 581 589 596 599 601 614 615 620 621 622 
623 628 629 630 633 637 639 646 648 650 654 655 
656 660 670 671 675 677 678 679 685 690 692 697 
700 706 708 712 715 721 727 731 734 736 740 743 
745 746 755 757 760 762 763 766 767 768 773 774 
777 778 779 780 781 786 792 794 797 800 
245
11 18 19 21 23 24 29 31 32 33 34 35 
36 37 38 40 41 49 52 53 57 59 60 74 
87 93 96 99 100 104 106 111 116 119 120 121 
122 124 129 131 132 135 139 143 144 147 149 151 
155 158 163 166 169 175 181 185 193 194 198 204 
205 207 208 210 211 213 221 224 228 231 232 240 
241 242 244 247 248 250 256 259 263 264 265 268 
269 270 284 290 291 292 302 305 317 319 321 325 
332 334 339 342 344 345 347 348 352 355 361 362 
363 365 375 381 384 388 389 390 392 397 404 407 
408 409 410 411 418 424 427 428 434 435 438 440 
442 443 445 446 447 448 453 454 463 464 465 466 
469 470 475 476 479 482 487 489 490 495 497 498 
505 507 509 510 511 515 516 519 527 533 541 547 
557 560 564 567 569 571 575 576 578 581 585 587 
590 592 593 595 597 600 609 611 614 615 617 619 
620 631 637 640 642 644 647 653 655 662 663 667 
668 670 681 683 686 691 693 702 704 707 709 712 
714 715 720 721 722 732 733 734 737 741 743 745 
750 751 753 755 760 769 770 774 776 778 783 785 
787 789 792 795 799 
255
6 12 14 15 16 17 20 22 23 28 34 36 
40 42 47 53 56 61 62 63 64 65 67 69 
72 73 75 77 80 94 107 108 110 114 120 121 
122 123 124 126 131 132 133 139 142 146 149 153 
154 158 161 162 166 168 169 171 173 177 180 181 
182 191 192 197 202 205 206 207 209 213 214 217 
218 222 225 226 229 231 237 238 240 241 245 246 
248 250 253 254 256 257 267 269 282 283 284 286 
288 289 292 293 295 296 297 298 300 301 304 308 
310 313 319 320 321 324 329 330 332 338 339 342 
347 354 355 357 358 359 360 362 367 368 373 375 
376 377 379 380 381 382 391 394 396 401 406 408 
414 416 418 428 429 430 432 438 443 445 449 455 
458 461 463 464 468 469 473 478 479 480 482 494 
495 496 503 505 512 515 518 519 520 525 527 539 
540 542 543 548 551 565 568 569 578 579 581 583 
584 590 591 596 598 601 605 607 611 614 616 617 
620 625 626 630 632 634 638 642 646 647 649 652 
654 660 662 663 664 667 669 670 674 680 682 694 
698 702 709 711 715 718 720 722 724 735 736 737 
738 743 749 756 763 765 766 767 770 771 784 785 
795 797 799 
264
1 2 4 6 7 9 13 15 17 20 21 23 
29 31 36 43 44 46 49 50 52 57 59 60 
69 70 71 82 84 86 92 93 94 96 97 99 
100 103 104 106 107 112 119 120 121 123 126 128 
134 136 137 140 141 142 144 145 146 150 152 155 
159 163 166 168 170 172 174 179 181 184 186 192 
193 202 204 207 209 214 223 226 229 233 236 239 
241 242 245 248 255 261 265 267 271 279 280 284 
289 293 294 296 298 299 301 302 306 310 313 319 
325 327 329 332 333 334 337 341 343 349 351 352 
353 355 356 361 363 364 365 366 369 370 383 384 
386 387 390 391 393 399 403 413 415 416 419 421 
423 427 428 429 430 432 435 446 450 452 454 458 
459 460 464 466 472 473 474 476 478 480 482 488 
489 490 498 502 504 509 510 513 514 516 518 519 
520 521 522 525 528 535 536 544 550 555 556 557 
560 566 567 569 575 578 579 580 589 591 592 597 
599 604 607 610 614 615 620 622 626 637 638 641 
645 648 656 657 668 669 677 678 682 686 688 699 
701 702 704 709 712 715 718 721 723 729 731 732 
733 736 739 740 741 747 750 753 756 759 761 766 
772 773 774 775 776 777 778 781 786 791 796 799 
235
3 8 14 17 19 29 30 35 40 41 45 46 
47 49 58 61 70 77 78 82 87 96 97 102 
103 104 105 108 110 112 113 116 119 121 122 128 
134 135 137 144 145 153 159 161 164 166 170 171 
172 176 183 189 190 194 202 207 211 214 217 222 
225 230 236 242 243 250 251 253 255 267 268 270 
273 279 281 283 287 288 289 290 294 297 299 302 
305 308 315 317 320 324 332 334 335 336 339 340 
344 346 347 349 353 354 358 359 363 364 366 368 
371 374 375 377 385 388 396 397 398 401 403 411 
414 421 422 427 428 429 436 440 442 443 446 451 
462 465 470 471 473 478 480 484 492 494 501 502 
515 516 518 523 524 525 527 536 537 538 539 540 
542 546 549 551 553 557 559 560 563 564 570 576 
582 590 592 593 598 602 609 616 619 625 627 628 
629 634 637 642 648 652 653 654 655 663 664 666 
669 673 679 682 684 689 690 692 693 696 702 709 
714 717 722 725 728 730 736 738 741 746 749 750 
756 758 760 761 763 766 769 770 774 778 780 783 
784 787 788 791 792 797 799 
232
3 6 8 10 13 20 32 34 35 39 40 47 
48 49 53 55 57 68 75 76 77 78 82 88 
93 95 96 97 98 99 102 105 109 113 117 123 
124 125 128 129 130 131 138 139 145 150 152 156 
158 162 165 166 169 171 185 192 195 196 201 202 
205 207 208 216 219 221 223 227 234 239 240 250 
253 254 259 260 261 262 274 277 278 279 283 291 
293 294 300 301 302 303 309 314 320 323 324 325 
331 332 337 339 341 342 343 345 346 347 349 350 
352 353 355 360 369 379 385 388 392 395 398 401 
406 413 417 418 420 422 423 426 431 434 437 442 
448 449 450 451 452 455 462 466 469 474 485 486 
488 489 493 494 495 498 502 505 507 508 516 521 
525 526 528 530 534 542 543 549 550 551 559 570 
572 576 577 579 585 588 589 597 607 608 610 612 
615 617 618 622 627 630 631 635 638 640 641 642 
644 649 651 654 656 662 666 670 673 674 678 679 
683 687 689 693 694 700 701 706 715 717 721 728 
729 730 737 738 751 753 755 763 766 767 776 778 
779 782 790 793 
219
8 13 14 16 17 24 26 27 31 32 34 41 
42 44 46 47 50 51 58 61 62 71 73 75 
76 78 79 81 89 90 94 95 98 102 105 106 
109 113 115 121 133 134 136 137 138 139 144 146 
148 149 155 159 160 161 165 171 172 174 182 193 
194 197 203 205 206 207 210 214 217 219 220 221 
223 226 231 232 233 234 241 246 248 249 254 255 
264 270 272 288 292 293 294 295 298 301 307 310 
322 325 329 330 334 336 340 341 346 353 354 355 
359 362 365 367 368 373 381 382 388 392 401 406 
410 413 415 416 421 427 435 436 450 455 458 465 
467 469 473 476 481 482 484 493 495 498 508 510 
512 514 524 526 537 542 543 548 558 560 561 565 
567 569 570 573 575 582 583 584 586 587 588 589 
593 598 603 606 610 617 619 625 628 629 631 634 
639 640 643 647 651 658 660 670 677 682 683 694 
699 703 705 706 708 715 717 720 726 728 735 736 
738 740 743 745 754 755 767 774 776 782 783 785 
789 792 798 
236
13 15 17 20 23 27 35 40 45 46 50 51 
52 66 67 70 72 74 76 80 81 82 87 90 
92 95 99 100 101 103 105 106 109 110 112 115 
117 120 130 136 143 146 148 151 153 157 159 164 
168 170 171 175 183 185 190 194 195 204 212 220 
223 225 226 230 233 236 239 241 248 254 256 259 
263 267 268 270 271 275 277 279 280 282 283 292 
293 300 302 303 305 306 310 311 312 313 316 320 
326 330 332 338 339 344 347 348 352 354 355 361 
365 366 373 377 379 381 382 383 385 386 388 394 
400 402 403 404 421 428 429 431 435 446 448 455 
456 467 476 479 480 484 485 491 496 505 506 508 
514 523 531 534 537 538 539 540 546 551 555 558 
566 568 570 573 582 583 586 587 591 593 594 595 
597 598 600 601 602 606 607 612 613 618 626 627 
628 634 638 649 653 656 658 660 665 666 669 673 
683 684 690 692 694 697 701 709 711 714 715 716 
717 719 720 722 731 736 738 740 741 743 750 752 
754 755 756 763 765 766 767 768 769 776 778 782 
783 785 788 791 792 795 796 797 
247
1 3 5 8 11 12 15 16 34 36 38 40 
45 46 47 48 49 52 62 65 67 71 72 76 
79 80 82 85 88 89 92 93 96 97 98 99 
105 110 112 113 114 120 127 129 130 133 137 138 
139 141 156 157 158 159 160 161 163 166 176 189 
197 199 203 204 205 212 213 215 218 222 223 224 
227 228 232 235 238 244 248 251 255 257 263 269 
271 278 283 291 295 299 300 301 302 306 307 308 
309 322 323 325 327 334 337 338 339 341 346 351 
353 359 361 362 365 366 378 379 382 385 386 387 
388 390 391 394 397 400 403 408 409 412 413 415 
420 425 426 429 433 440 446 448 449 450 452 455 
456 458 459 464 466 469 474 475 478 480 483 488 
492 494 495 500 504 505 506 510 511 524 535 536 
537 542 549 551 556 559 566 567 570 571 572 574 
576 578 585 592 594 597 598 602 606 607 611 613 
615 618 619 620 621 622 626 630 637 638 639 648 
650 651 654 667 670 672 674 675 680 681 691 692 
696 698 699 705 708 709 710 714 718 721 723 728 
729 731 733 735 736 744 748 752 756 757 759 762 
773 775 777 778 781 783 788 
237
9 10 11 17 19 26 30 31 35 37 38 41 
42 45 55 56 65 67 71 73 74 78 86 89 
95 100 102 103 104 106 110 111 116 120 125 133 
135 136 141 145 149 155 158 166 169 170 171 173 
178 181 185 187 188 189 191 192 194 196 200 203 
208 209 210 214 215 216 221 226 227 233 234 235 
238 239 240 241 248 250 252 253 259 260 262 269 
270 272 277 283 284 293 298 299 300 303 308 309 
314 315 319 320 321 327 340 345 347 352 353 357 
369 373 381 382 392 395 396 402 404 405 413 415 
423 426 427 428 432 437 438 439 446 453 464 466 
469 470 475 477 478 480 481 486 489 491 502 503 
508 511 517 519 522 527 528 530 536 541 548 550 
552 553 555 558 560 562 563 566 568 575 578 581 
585 587 592 593 594 596 603 606 614 617 619 623 
630 631 638 640 650 651 653 654 656 663 664 668 
674 676 679 680 684 690 691 695 701 702 705 707 
711 713 719 722 728 732 733 734 735 736 738 739 
742 744 747 748 754 757 761 763 765 770 771 772 
777 778 779 781 784 787 788 789 793 
230
1 5 6 10 11 12 14 15 17 30 31 33 
37 48 51 52 54 56 60 71 76 79 87 94 
97 102 104 105 106 108 111 114 120 125 130 136 
138 139 140 147 150 166 178 179 180 181 189 194 
195 197 206 209 210 211 212 215 219 222 225 226 
227 231 241 244 245 251 252 256 262 270 272 273 
276 278 279 281 282 287 293 295 300 302 303 308 
327 337 339 341 346 353 358 359 361 362 363 364 
366 369 374 377 378 381 382 384 387 390 391 396 
401 406 409 414 417 418 421 425 426 431 435 437 
447 450 455 457 459 461 465 467 469 471 483 491 
492 494 496 497 498 510 513 518 519 526 527 531 
534 536 538 539 542 547 550 553 555 556 557 558 
561 562 563 565 566 567 568 570 571 572 578 579 
582 583 584 587 589 592 596 597 598 599 602 614 
618 624 626 629 635 636 639 644 649 652 656 666 
674 676 678 681 684 685 686 687 691 694 698 702 
707 717 718 726 727 733 739 742 748 749 751 752 
756 758 760 762 765 767 770 774 776 778 779 783 
787 800 
233
4 11 15 17 21 25 40 48 50 56 58 68 
70 71 73 75 79 80 83 86 87 88 92 96 
97 100 104 107 109 110 112 113 114 115 117 118 
119 120 124 128 134 143 151 163 166 169 170 171 
173 175 176 177 181 182 185 193 196 199 202 210 
211 212 214 216 218 223 232 234 236 239 251 253 
254 256 260 268 271 275 276 277 278 281 284 286 
297 306 307 314 315 316 319 322 325 326 327 328 
331 339 340 342 344 346 347 349 352 353 359 363 
365 366 367 370 375 381 383 384 387 391 392 395 
398 417 418 419 420 424 438 449 456 459 464 465 
466 467 470 481 484 485 491 493 496 497 498 502 
504 509 511 517 520 523 533 534 537 538 540 542 
545 549 555 559 563 565 573 577 578 585 599 600 
604 609 614 618 619 621 623 630 631 633 636 640 
641 651 653 655 656 659 663 665 667 670 671 674 
675 676 679 683 686 690 692 693 694 695 703 704 
705 707 710 713 716 717 723 726 730 736 737 740 
744 745 748 749 750 757 765 766 774 776 777 784 
789 791 796 797 798 
269
1 2 5 7 9 11 17 18 20 22 24 29 
31 40 42 45 48 52 54 55 56 58 65 66 
67 69 71 72 73 74 77 78 79 81 83 100 
102 105 112 116 120 122 124 125 134 137 139 147 
148 151 156 163 164 171 174 177 179 180 183 186 
187 188 189 192 194 202 205 210 216 217 221 228 
229 230 232 239 240 242 245 246 251 252 258 261 
263 265 267 268 269 270 271 277 278 279 281 285 
287 290 300 302 303 306 307 311 312 313 316 317 
319 321 322 326 327 337 340 342 345 352 356 358 
359 363 364 367 369 370 372 376 380 381 384 388 
390 391 392 393 395 396 397 398 399 406 408 410 
411 413 414 416 418 419 428 430 432 434 438 441 
442 443 447 448 450 457 458 460 461 463 464 473 
475 476 479 481 488 491 494 495 496 498 500 502 
503 504 506 512 518 521 522 525 526 530 532 533 
534 538 544 546 550 553 560 573 574 576 577 587 
590 595 597 599 611 616 617 618 621 623 624 625 
626 627 632 634 638 640 641 642 647 662 663 664 
665 667 669 670 677 681 682 689 690 691 692 693 
694 697 702 704 706 709 712 713 716 717 726 729 
731 735 738 741 743 746 748 752 763 765 766 774 
775 781 786 792 798 
225
2 3 5 10 12 13 15 18 19 20 22 28 
30 32 35 37 46 53 54 56 58 59 64 66 
67 69 72 73 82 88 90 92 98 99 102 108 
110 112 122 124 132 133 135 137 138 139 141 142 
144 146 148 149 154 158 160 163 165 180 192 197 
202 207 211 212 217 219 222 225 226 228 230 233 
235 238 239 245 249 250 254 255 256 260 263 264 
266 274 277 279 280 284 290 294 297 306 314 320 
323 327 330 336 367 369 371 373 376 379 398 400 
402 407 420 422 423 425 426 430 433 435 446 453 
458 459 466 467 471 475 477 484 486 493 497 498 
500 516 518 523 524 534 537 539 541 542 549 555 
556 559 570 575 579 580 582 584 587 591 592 593 
597 599 605 610 612 614 615 617 623 625 626 629 
630 633 634 635 637 638 640 647 648 649 657 660 
662 665 668 670 676 678 679 684 686 688 690 694 
695 696 698 704 706 710 721 725 726 730 734 741 
745 746 750 751 759 760 764 765 766 767 768 769 
772 773 776 777 781 783 795 796 800 
247
4 9 11 25 26 28 30 31 34 40 42 44 
47 51 53 54 56 58 63 64 70 73 76 81 
84 85 88 93 96 100 103 108 109 111 115 119 
121 123 127 128 131 135 136 139 141 144 149 156 
157 159 164 165 171 176 178 184 190 195 197 199 
208 210 211 215 216 220 223 226 227 238 240 245 
249 250 252 255 256 260 262 263 265 271 281 282 
289 292 294 297 301 304 307 308 310 314 316 318 
319 327 328 329 330 333 334 337 338 350 351 352 
356 360 364 371 372 377 383 386 391 393 396 400 
402 405 406 411 417 419 420 426 432 436 439 441 
442 444 447 454 456 459 460 462 464 466 469 474 
476 478 481 483 485 492 493 495 502 504 505 506 
507 515 520 521 524 525 530 542 543 546 552 556 
558 559 564 566 569 571 572 573 574 575 579 581 
584 585 588 589 591 593 596 597 604 605 606 616 
621 625 630 634 635 637 641 643 648 653 654 658 
660 664 670 678 682 684 686 689 690 691 694 697 
702 704 707 710 712 713 722 725 727 730 734 735 
739 742 744 745 748 751 755 759 765 768 776 778 
780 781 783 791 794 795 796 
255
4 5 14 15 16 17 18 22 24 34 36 38 
39 40 42 49 50 54 55 57 58 62 71 76 
77 78 79 84 86 87 89 91 92 93 94 96 
100 102 103 116 119 122 124 126 127 130 134 136 
138 139 140 143 147 148 149 151 152 153 154 155 
158 159 161 163 165 170 171 172 176 184 186 187 
188 191 193 198 205 208 209 212 213 220 222 224 
225 230 231 233 236 237 242 257 258 259 261 262 
264 269 271 276 278 280 281 282 293 295 300 301 
313 314 317 320 323 325 327 331 332 335 336 343 
344 346 347 349 352 353 355 358 361 364 372 373 
374 376 378 379 381 393 396 398 400 402 411 412 
414 431 433 437 443 444 451 452 455 460 464 466 
468 472 475 483 484 485 488 490 493 496 499 500 
501 507 509 511 520 522 529 531 537 543 545 546 
547 551 552 554 555 559 562 567 574 576 577 578 
579 583 584 587 588 591 594 595 600 607 614 619 
620 625 626 630 633 635 641 644 645 647 652 655 
657 662 674 677 682 685 686 689 690 698 700 704 
706 707 712 713 714 721 732 738 739 740 742 743 
745 746 754 760 761 764 765 767 768 773 779 786 
788 793 796 
253
4 5 8 14 16 19 25 29 30 35 36 42 
46 47 51 52 53 55 57 58 59 60 61 67 
74 78 79 82 85 86 89 92 93 97 100 103 
104 105 112 116 124 132 135 136 138 139 140 141 
142 143 144 150 153 154 157 158 162 165 166 167 
170 177 178 179 182 184 186 192 196 199 201 202 
208 214 219 220 226 228 230 236 245 247 250 251 
254 255 257 259 261 265 267 268 269 275 278 283 
284 285 288 290 293 295 297 298 304 306 310 312 
314 315 316 321 323 330 331 338 341 343 344 346 
352 353 354 356 362 371 372 378 379 380 382 384 
390 394 396 399 401 402 406 407 410 412 416 417 
420 421 424 429 430 434 437 439 441 445 449 452 
453 456 458 460 462 467 477 480 483 484 487 489 
494 496 498 502 504 506 510 515 517 519 521 523 
526 537 538 540 545 551 559 560 561 562 563 564 
569 579 582 588 591 592 593 598 599 600 602 608 
609 611 613 615 616 630 641 645 652 662 664 669 
671 673 674 676 678 680 686 687 690 694 696 699 
711 712 717 719 720 723 724 725 732 737 742 744 
752 754 755 771 774 776 779 780 781 782 790 797 
798 
249
3 8 9 13 16 17 18 21 22 26 27 33 
42 43 47 58 64 69 72 74 75 78 81 84 
86 90 91 92 97 98 104 112 117 118 119 122 
124 125 127 128 131 132 133 137 142 143 144 147 
149 151 154 158 159 161 166 168 169 170 173 174 
177 181 184 188 200 202 204 205 206 208 209 212 
213 214 217 219 220 221 225 226 227 229 230 233 
239 240 247 250 251 254 257 262 264 273 274 278 
280 287 291 294 299 300 305 310 312 313 315 316 
317 318 320 321 325 328 331 335 347 348 361 364 
369 374 377 378 379 381 382 383 388 399 402 413 
416 421 423 425 427 431 433 438 441 445 449 453 
460 463 465 466 468 469 470 472 477 478 481 486 
489 494 498 503 504 505 511 513 514 515 516 529 
530 533 539 549 558 559 565 574 575 578 580 581 
587 591 593 599 600 605 607 613 614 615 618 620 
625 626 631 632 633 634 636 640 643 644 645 646 
651 655 656 668 670 672 678 680 681 683 688 691 
692 694 697 698 699 701 703 704 707 708 710 711 
715 717 720 726 727 740 741 743 745 746 755 756 
759 760 762 766 767 768 773 780 789 
236
1 8 11 14 17 18 19 23 25 30 36 37 
39 41 42 43 49 58 59 79 81 83 86 88 
90 95 100 105 109 114 118 127 133 135 140 146 
149 162 164 173 174 178 179 181 183 184 188 191 
192 193 194 198 210 216 218 222 228 230 232 234 
236 239 242 245 248 251 252 255 263 267 269 272 
274 285 287 288 289 290 291 297 299 300 304 307 
310 321 325 326 329 330 331 332 334 336 339 347 
357 364 366 367 373 375 378 379 383 385 388 393 
394 396 398 400 401 403 407 408 410 412 413 414 
415 416 422 425 434 437 438 439 441 447 451 452 
453 457 459 461 462 469 472 473 477 482 484 487 
492 495 500 501 502 504 506 509 510 513 514 519 
520 521 523 525 527 532 536 537 539 540 547 551 
556 559 572 576 579 581 582 584 586 587 590 592 
595 596 611 628 629 630 631 642 644 653 654 655 
656 657 659 663 667 674 675 676 678 681 684 687 
699 702 705 707 715 717 719 721 727 734 737 738 
740 741 743 746 749 752 763 765 767 768 772 773 
779 782 783 787 791 792 796 798 
233
4 13 19 24 25 35 37 43 46 48 54 57 
60 65 66 67 79 81 83 85 87 88 98 99 
104 110 116 117 118 123 126 127 128 129 131 134 
136 137 143 146 147 149 153 157 158 163 166 167 
168 169 171 177 178 181 187 193 207 208 211 214 
218 221 224 227 230 232 235 236 240 241 242 243 
253 254 256 260 262 265 267 271 278 283 286 291 
292 297 299 303 310 312 313 319 322 323 327 333 
338 344 347 351 352 356 360 361 363 364 366 367 
368 377 380 385 386 389 390 391 394 395 397 412 
419 422 423 426 427 430 431 434 435 440 442 443 
444 446 449 454 457 458 465 471 483 485 486 487 
489 493 498 500 505 507 512 513 514 522 524 534 
537 539 547 549 551 558 565 566 567 568 570 571 
574 579 581 584 587 593 594 598 599 600 601 606 
609 610 614 620 623 625 627 629 632 635 644 646 
652 654 655 657 658 659 667 669 671 672 673 681 
685 686 691 695 696 704 706 707 710 716 719 720 
727 731 735 740 742 751 761 769 773 774 778 780 
783 787 789 791 793 
231
5 10 11 18 25 29 38 39 44 45 49 51 
52 56 62 65 66 67 68 74 75 76 80 83 
87 91 92 93 103 104 110 117 119 123 126 131 
132 133 139 140 143 144 150 151 156 159 160 161 
167 176 177 178 181 182 185 188 190 192 195 200 
202 203 204 206 211 216 219 230 237 243 248 250 
251 255 262 269 272 274 275 276 281 282 283 287 
293 304 306 317 318 325 330 336 337 338 340 341 
342 346 347 350 351 352 358 359 363 367 376 380 
383 386 388 390 391 393 398 399 404 407 410 411 
414 415 416 420 421 426 430 431 432 438 441 442 
445 446 447 449 450 451 453 455 456 457 460 471 
472 473 476 479 481 486 488 495 500 506 508 514 
521 526 528 537 539 547 551 557 563 566 569 574 
580 582 583 587 589 592 593 594 598 602 606 608 
609 620 631 633 634 636 638 639 651 653 659 661 
662 670 673 681 686 688 689 692 697 700 701 709 
710 713 716 722 725 726 729 733 736 740 743 745 
749 751 755 759 760 761 764 773 774 779 784 787 
792 796 799 
228
1 7 9 11 13 14 15 19 20 21 23 24 
30 32 35 40 46 51 56 62 64 69 70 72 
76 84 96 97 103 108 115 116 117 122 123 125 
126 127 128 130 134 135 139 140 143 145 147 148 
150 156 159 160 163 169 170 177 181 186 195 200 
203 204 209 210 211 212 213 215 218 223 224 229 
230 232 233 235 245 251 256 257 261 262 270 274 
277 284 294 299 303 305 306 308 318 322 327 328 
333 336 338 340 350 353 354 356 357 359 361 362 
367 372 378 380 381 382 391 394 401 404 406 407 
410 418 420 423 424 425 428 436 437 439 441 442 
445 446 447 449 455 457 458 461 462 463 472 474 
480 483 486 489 491 497 499 501 502 504 505 511 
512 515 519 523 524 526 530 531 538 539 540 541 
547 553 563 572 579 580 582 584 586 594 596 597 
600 601 603 605 607 609 613 614 618 622 623 630 
638 641 643 647 648 652 655 657 660 666 669 670 
678 679 680 687 692 693 694 698 706 709 710 718 
722 727 737 751 757 762 763 765 769 776 792 794 
