200 800
1 1 1 1 1 1 1 1 1 1 1 1 
1 1 1 1 1 1 1 1 1 1 1 1 
1 1 1 1 1 1 1 1 1 1 1 1 
1 1 1 1 1 1 1 1 1 1 1 1 
1 1 1 1 1 1 1 1 1 1 1 1 
1 1 1 1 1 1 1 1 1 1 1 1 
1 1 1 1 1 1 1 1 1 1 1 1 
1 1 1 1 1 1 1 1 1 1 1 1 
1 1 1 1 1 1 1 1 1 1 1 1 
1 1 1 1 1 1 1 1 1 1 1 1 
1 1 1 1 1 1 1 1 1 1 1 1 
1 1 1 1 1 1 1 1 1 1 1 1 
1 1 1 1 1 1 1 1 1 1 1 1 
1 1 1 1 1 1 1 1 1 1 1 1 
1 1 1 1 1 1 1 1 1 1 1 1 
1 1 1 1 1 1 1 1 1 1 1 1 
1 1 1 1 1 1 1 1 1 1 1 1 
1 1 1 1 1 1 1 1 1 1 1 1 
1 1 1 1 1 1 1 1 1 1 1 1 
1 1 1 1 1 1 1 1 1 1 1 1 
1 1 1 1 1 1 1 1 1 1 1 1 
1 1 1 1 1 1 1 1 1 1 1 1 
1 1 1 1 1 1 1 1 1 1 1 1 
1 1 1 1 1 1 1 1 1 1 1 1 
1 1 1 1 1 1 1 1 1 1 1 1 
1 1 1 1 1 1 1 1 1 1 1 1 
1 1 1 1 1 1 1 1 1 1 1 1 
1 1 1 1 1 1 1 1 1 1 1 1 
1 1 1 1 1 1 1 1 1 1 1 1 
1 1 1 1 1 1 1 1 1 1 1 1 
1 1 1 1 1 1 1 1 1 1 1 1 
1 1 1 1 1 1 1 1 1 1 1 1 
1 1 1 1 1 1 1 1 1 1 1 1 
1 1 1 1 1 1 1 1 1 1 1 1 
1 1 1 1 1 1 1 1 1 1 1 1 
1 1 1 1 1 1 1 1 1 1 1 1 
1 1 1 1 1 1 1 1 1 1 1 1 
1 1 1 1 1 1 1 1 1 1 1 1 
1 1 1 1 1 1 1 1 1 1 1 1 
1 1 1 1 1 1 1 1 1 1 1 1 
1 1 1 1 1 1 1 1 1 1 1 1 
1 1 1 1 1 1 1 1 1 1 1 1 
1 1 1 1 1 1 1 1 1 1 1 1 
1 1 1 1 1 1 1 1 1 1 1 1 
1 1 1 1 1 1 1 1 1 1 1 1 
1 1 1 1 1 1 1 1 1 1 1 1 
1 1 1 1 1 1 1 1 1 1 1 1 
1 1 1 1 1 1 1 1 1 1 1 1 
1 1 1 1 1 1 1 1 1 1 1 1 
1 1 1 1 1 1 1 1 1 1 1 1 
1 1 1 1 1 1 1 1 1 1 1 1 
1 1 1 1 1 1 1 1 1 1 1 1 
1 1 1 1 1 1 1 1 1 1 1 1 
1 1 1 1 1 1 1 1 1 1 1 1 
1 1 1 1 1 1 1 1 1 1 1 1 
1 1 1 1 1 1 1 1 1 1 1 1 
1 1 1 1 1 1 1 1 1 1 1 1 
1 1 1 1 1 1 1 1 1 1 1 1 
1 1 1 1 1 1 1 1 1 1 1 1 
1 1 1 1 1 1 1 1 1 1 1 1 
1 1 1 1 1 1 1 1 1 1 1 1 
1 1 1 1 1 1 1 1 1 1 1 1 
1 1 1 1 1 1 1 1 1 1 1 1 
1 1 1 1 1 1 1 1 1 1 1 1 
1 1 1 1 1 1 1 1 1 1 1 1 
1 1 1 1 1 1 1 1 1 1 1 1 
1 1 1 1 1 1 1 1 
264
1 2 4 5 9 15 18 21 23 24 25 28 
31 32 33 37 39 40 41 43 45 51 52 54 
55 56 58 65 71 75 76 79 81 86 89 91 
95 96 98 100 101 107 109 112 114 119 124 127 
129 130 131 133 134 140 141 146 154 155 160 161 
164 169 170 172 174 176 177 179 185 186 188 190 
198 201 202 207 208 210 212 214 215 218 219 222 
223 224 225 226 230 231 237 240 244 247 249 251 
255 256 257 258 265 269 271 273 275 276 280 289 
290 294 296 300 309 319 320 323 324 326 327 329 
332 336 338 341 344 346 356 357 361 362 365 367 
373 375 376 377 379 380 388 389 391 393 397 401 
404 407 408 411 412 414 417 421 434 435 437 440 
454 457 460 461 464 466 477 480 481 484 488 490 
494 497 498 502 503 504 512 515 517 520 525 528 
533 540 541 548 549 550 558 560 561 562 568 572 
589 590 592 593 594 602 603 610 611 615 620 630 
632 636 645 652 658 660 661 663 664 665 666 667 
669 670 674 675 681 682 683 684 687 692 693 696 
702 703 704 705 707 708 709 710 715 719 723 725 
728 730 731 735 737 739 740 744 745 750 755 758 
760 764 776 779 781 785 788 793 794 796 797 799 
227
4 10 11 16 19 23 28 29 32 40 42 43 
44 47 48 54 58 60 62 63 66 69 75 76 
77 78 82 88 89 92 94 95 97 98 106 110 
113 115 122 124 128 130 133 135 139 140 144 146 
149 152 154 155 157 159 164 165 176 178 180 181 
182 187 188 192 194 196 197 201 202 205 207 208 
215 217 219 221 230 231 233 236 249 251 252 254 
259 264 266 267 273 274 280 283 285 286 289 293 
294 299 301 305 306 310 322 324 327 329 330 331 
341 343 344 350 352 355 365 366 369 370 372 375 
378 395 398 405 406 410 413 415 420 422 425 427 
432 440 444 456 458 474 478 488 492 496 497 501 
506 508 510 513 515 517 519 521 522 527 528 535 
539 540 550 554 557 558 565 572 575 587 589 590 
593 602 608 611 612 613 614 617 620 621 623 628 
630 634 639 641 644 645 651 659 660 662 665 667 
668 674 680 681 682 683 684 686 687 691 694 707 
718 719 722 723 724 725 726 737 738 747 748 749 
754 755 772 773 774 779 783 793 798 799 800 
232
1 4 10 11 14 26 32 34 36 37 39 40 
41 43 46 48 52 55 60 64 65 67 76 81 
83 89 90 91 94 96 104 107 112 119 121 127 
135 136 137 151 152 158 165 166 174 181 182 183 
186 188 190 193 197 200 204 205 208 211 212 218 
224 226 230 232 240 242 243 244 250 251 252 255 
263 265 267 270 271 283 284 290 292 302 305 307 
317 323 327 330 333 335 337 340 341 348 356 357 
359 367 379 380 388 389 396 398 400 403 404 414 
423 425 431 432 436 439 440 454 459 462 465 468 
469 471 484 490 491 492 493 496 502 505 506 508 
518 520 522 524 525 526 528 537 543 547 549 550 
555 556 558 560 562 566 567 568 570 576 579 580 
584 593 594 595 597 598 599 602 610 611 614 616 
626 627 631 634 640 641 644 645 658 659 661 664 
665 666 668 670 672 674 675 676 677 680 683 686 
687 688 693 697 699 704 709 711 716 722 724 725 
728 732 734 735 736 737 739 740 744 750 751 753 
754 756 757 758 759 763 765 770 774 784 787 788 
790 794 796 800 
242
4 8 11 16 17 19 20 36 39 41 44 48 
51 52 53 56 63 64 68 71 76 79 81 82 
83 87 89 94 95 98 104 108 118 126 135 136 
142 145 153 160 162 163 164 171 172 173 177 179 
181 184 186 188 192 193 198 204 205 206 208 215 
217 221 222 224 225 227 229 240 242 246 248 254 
264 265 266 271 274 280 281 297 300 308 309 310 
311 313 315 316 319 325 328 336 337 347 350 351 
361 367 370 371 372 380 382 387 392 393 401 402 
403 404 406 410 411 413 414 416 421 422 423 426 
427 428 429 432 433 434 438 441 444 451 452 454 
458 460 468 470 471 474 475 476 479 487 489 490 
491 503 505 506 507 508 509 511 512 514 517 519 
521 523 524 525 530 534 536 537 542 543 550 562 
575 576 579 588 598 602 605 615 618 619 620 621 
623 624 626 634 638 639 644 645 646 653 656 661 
662 663 664 672 674 675 680 682 683 686 692 695 
697 700 702 703 705 706 707 711 715 721 724 725 
726 730 731 732 734 735 736 738 745 746 749 755 
758 760 764 766 779 780 781 784 786 788 790 791 
794 798 
229
5 7 8 9 13 20 22 23 25 30 33 47 
49 53 61 65 66 71 72 73 74 75 76 83 
84 89 92 95 96 97 98 100 106 107 108 109 
110 113 115 118 121 124 131 133 141 148 151 153 
157 159 164 169 171 178 180 183 189 195 197 203 
204 206 207 209 213 215 216 219 221 222 224 232 
234 246 247 249 250 251 255 259 263 268 271 273 
276 277 279 282 283 284 287 289 290 294 298 303 
304 305 306 317 322 327 328 329 330 336 345 347 
354 358 360 361 364 372 374 378 379 380 381 383 
385 390 392 393 395 396 400 402 409 413 416 419 
424 433 435 443 444 446 447 456 461 473 474 478 
479 485 490 494 496 500 503 504 506 508 510 511 
513 519 520 522 531 535 536 544 545 546 551 552 
561 564 566 574 582 586 588 590 591 592 593 594 
603 606 607 609 614 632 633 634 636 637 638 642 
643 647 653 658 660 668 670 678 680 684 685 686 
687 690 697 704 708 710 711 712 718 723 725 726 
730 733 735 741 774 775 780 782 787 788 790 793 
798 
221
12 14 19 21 27 33 35 38 42 44 49 50 
54 57 58 63 67 71 78 80 107 111 114 117 
121 122 124 129 130 132 134 137 139 140 141 142 
143 145 148 151 153 155 156 160 166 179 185 189 
190 191 192 193 195 197 199 209 210 215 218 223 
226 230 233 237 240 244 245 250 251 252 253 257 
260 283 285 286 288 290 294 296 298 299 300 303 
304 314 320 321 324 330 334 335 336 338 339 344 
345 348 352 354 360 361 362 372 373 376 379 385 
386 388 389 390 398 399 400 410 413 421 422 426 
428 429 430 432 437 438 440 442 444 449 450 457 
459 462 464 470 474 475 477 480 481 482 485 487 
496 497 499 503 510 511 513 515 518 520 526 529 
530 531 535 537 547 551 556 561 565 567 572 575 
579 580 584 596 603 604 609 612 613 615 630 633 
635 639 647 648 655 662 664 670 671 672 675 681 
688 691 697 703 706 710 716 717 720 728 732 733 
734 735 736 742 753 755 762 768 769 773 786 787 
790 791 793 796 797 
227
2 6 7 10 13 15 18 20 24 33 39 43 
45 46 50 56 57 59 60 67 71 74 77 82 
87 89 91 95 102 105 106 115 121 123 124 128 
132 142 146 149 156 159 163 164 166 168 174 175 
178 185 187 189 194 196 197 199 201 203 204 206 
207 211 215 218 220 222 224 229 230 233 234 235 
238 242 249 250 256 258 265 268 270 288 294 298 
302 304 307 312 314 315 322 323 337 340 344 348 
353 355 357 365 368 369 371 381 387 393 396 401 
421 424 427 431 432 434 435 444 447 448 449 451 
452 461 465 466 470 473 479 483 485 486 490 492 
497 499 501 508 509 520 527 531 533 536 539 541 
542 543 545 546 547 551 557 558 562 566 568 571 
572 585 586 590 598 611 612 613 622 628 633 637 
640 646 651 653 661 662 666 673 675 677 680 682 
684 689 695 697 699 700 704 705 706 708 710 711 
718 721 724 725 726 727 730 731 732 735 738 739 
740 744 745 746 756 762 764 766 767 768 771 772 
777 779 783 784 785 786 787 796 797 798 800 
253
2 7 10 12 15 19 21 30 34 35 38 40 
42 43 45 48 59 65 69 76 77 78 80 83 
88 93 97 105 106 108 111 112 113 114 115 116 
119 136 137 138 140 141 147 148 149 151 153 154 
160 164 167 170 172 173 176 177 182 186 188 196 
203 207 210 211 215 216 217 218 221 222 223 224 
226 229 231 233 238 239 240 242 249 251 253 255 
265 269 270 271 273 277 279 288 289 293 296 299 
306 307 309 310 311 312 315 317 318 319 334 335 
341 342 344 349 350 354 358 359 360 363 371 373 
381 382 384 387 389 390 397 398 399 400 403 412 
413 414 418 421 425 427 428 432 439 444 447 455 
456 457 461 462 463 464 469 477 478 481 489 493 
498 499 501 509 510 515 519 526 528 529 530 532 
535 540 543 551 552 554 559 561 565 566 569 572 
573 574 580 582 584 589 592 594 599 604 605 606 
608 610 612 623 624 625 629 632 634 638 641 644 
652 654 655 658 663 672 675 681 682 683 685 689 
692 693 694 697 699 700 702 704 706 707 708 729 
730 731 733 734 736 740 741 743 746 748 752 756 
759 761 762 763 766 768 786 788 790 794 795 796 
800 
210
20 22 23 24 28 30 31 32 42 49 53 58 
59 63 68 70 71 79 81 87 91 92 94 97 
98 99 104 106 108 109 117 123 126 128 129 140 
161 164 169 170 172 182 186 187 190 191 193 198 
204 206 210 216 217 223 227 229 235 239 246 257 
260 261 262 271 274 282 283 290 291 292 298 300 
304 309 317 328 329 332 335 337 338 356 360 363 
364 373 376 380 393 398 402 410 414 419 420 423 
424 426 428 429 431 437 441 444 446 449 454 462 
464 466 472 477 480 481 484 486 487 490 498 500 
501 506 507 513 514 524 528 535 536 542 543 546 
551 552 556 559 561 563 566 567 574 575 578 581 
583 586 588 589 591 593 596 597 601 602 623 634 
636 638 642 647 648 650 652 653 658 665 667 669 
670 671 672 675 676 678 680 682 685 698 699 700 
701 702 710 715 721 722 723 724 726 727 731 735 
739 741 745 746 751 752 759 760 761 767 768 769 
777 781 784 790 791 797 
234
1 4 5 9 13 14 16 19 22 24 33 34 
41 44 45 46 51 52 54 56 58 63 64 69 
70 76 81 84 88 94 96 99 100 105 109 115 
121 122 124 129 130 134 135 139 142 143 145 146 
148 151 152 157 160 161 163 167 169 171 175 182 
189 193 209 211 213 217 223 225 241 248 249 253 
262 263 265 271 273 275 276 279 282 284 301 302 
303 307 311 312 319 330 333 338 341 346 348 349 
350 351 353 357 366 367 370 371 374 375 377 378 
381 384 390 392 393 403 404 408 411 412 414 421 
422 426 427 430 431 434 435 436 441 449 451 452 
453 455 458 461 468 470 478 480 487 496 498 500 
502 505 506 507 511 514 516 521 525 534 535 536 
537 543 547 550 559 567 569 571 572 573 576 582 
585 589 590 591 598 600 608 615 619 620 621 622 
624 633 641 648 649 651 652 666 669 672 675 676 
677 682 683 684 695 703 705 718 719 720 721 726 
728 733 734 735 736 738 739 740 741 744 746 747 
749 751 752 757 760 762 769 770 771 774 775 778 
781 782 784 785 794 800 
249
2 7 8 9 11 12 20 21 22 23 24 25 
28 31 32 33 36 39 42 44 47 50 54 55 
57 62 64 66 72 73 74 75 76 90 92 96 
97 101 102 104 105 110 125 129 132 135 136 140 
141 147 152 154 157 161 162 163 164 171 172 173 
175 177 180 182 185 188 191 196 197 200 207 210 
214 220 221 225 230 233 234 236 237 240 241 242 
249 251 253 258 264 269 273 279 281 282 285 291 
294 295 296 298 300 302 303 304 306 308 310 313 
318 319 326 327 330 341 347 349 351 354 366 374 
378 384 389 394 396 398 402 407 414 417 418 422 
425 428 435 436 438 439 440 444 445 446 450 451 
452 453 469 470 473 475 482 484 486 502 505 507 
508 509 510 514 518 521 523 524 525 528 537 538 
539 540 541 546 548 552 553 559 563 564 565 567 
569 577 588 589 591 597 604 605 607 608 610 611 
612 616 619 622 623 626 631 632 633 635 636 640 
644 645 648 658 659 661 664 665 667 668 669 674 
681 682 690 692 697 701 702 712 713 714 721 722 
725 727 728 730 734 739 743 753 754 756 764 765 
766 769 775 778 780 784 786 791 796 
220
6 8 17 18 21 22 32 34 35 36 37 38 
40 43 45 47 49 51 56 60 62 63 71 78 
79 81 83 84 87 90 91 101 110 114 119 127 
131 136 144 145 146 148 149 152 153 154 156 159 
172 173 179 183 184 185 189 191 196 201 205 206 
211 216 218 220 222 229 231 233 236 242 243 245 
246 247 251 253 254 256 259 261 262 267 270 275 
277 280 284 291 306 309 317 323 330 335 347 350 
353 355 356 357 358 363 365 375 385 388 390 393 
406 411 417 419 425 428 432 433 434 435 439 445 
446 449 453 455 458 459 472 476 478 480 481 483 
487 488 490 491 495 500 513 520 522 526 533 535 
537 539 542 546 547 548 549 550 554 557 559 561 
563 564 567 568 572 573 574 575 589 591 597 611 
612 614 626 631 632 634 635 639 644 645 646 647 
651 652 657 660 663 668 669 670 673 674 686 688 
691 693 695 698 700 703 704 715 719 725 728 734 
735 737 739 745 746 759 761 765 766 773 776 777 
779 786 790 798 
269
5 6 9 10 12 18 19 27 29 30 34 42 
43 46 48 52 55 56 57 59 60 64 68 71 
72 77 78 81 89 93 97 99 103 106 108 111 
112 114 115 116 120 121 122 125 126 128 131 132 
135 138 139 141 142 143 145 146 147 148 151 152 
156 159 160 162 166 167 169 170 171 174 175 177 
181 182 183 184 185 189 190 198 202 211 212 216 
231 233 236 238 240 247 248 249 250 252 258 262 
263 265 269 276 277 279 285 290 292 295 296 301 
303 309 311 313 314 318 319 322 323 324 325 328 
329 332 334 335 337 340 346 354 358 362 365 366 
374 379 380 387 388 389 390 394 395 398 400 403 
411 417 421 423 426 428 430 438 441 448 449 455 
461 464 466 470 471 473 478 482 483 484 487 496 
508 510 516 519 523 524 528 538 542 543 545 546 
550 554 557 568 569 576 583 586 591 594 596 597 
599 601 602 607 608 612 613 616 618 621 622 623 
626 627 629 636 637 640 642 644 647 651 653 656 
664 665 670 672 679 686 687 688 690 693 694 696 
697 698 699 701 703 708 709 715 719 723 725 728 
732 733 734 740 742 744 746 755 756 758 759 760 
764 765 766 768 769 771 772 773 775 782 783 784 
786 788 791 792 797 
236
3 4 5 13 16 17 18 19 24 25 26 27 
29 32 35 38 41 43 46 48 50 51 54 57 
59 60 62 65 66 71 76 78 85 86 88 90 
96 97 100 101 102 106 108 112 115 117 118 120 
123 127 131 133 138 143 146 147 148 152 156 161 
163 164 167 168 173 175 178 186 193 196 197 199 
202 203 205 211 213 214 215 220 225 229 230 233 
236 242 243 246 248 250 255 261 265 273 276 280 
283 287 292 295 300 301 302 304 307 311 316 318 
325 327 335 347 353 357 360 361 363 364 369 372 
381 382 392 393 396 399 400 401 404 412 414 423 
428 434 438 440 442 444 453 460 464 468 472 477 
482 483 485 488 489 494 502 504 505 506 507 508 
509 522 527 533 537 543 548 552 556 558 559 560 
561 562 564 567 568 573 577 580 585 590 591 594 
596 598 608 612 613 614 616 617 619 620 623 624 
626 628 631 632 636 638 640 644 645 648 650 651 
652 653 659 660 664 666 673 678 683 686 690 695 
704 705 726 731 734 736 737 738 740 741 750 753 
755 759 779 783 787 789 795 796 
249
1 4 14 16 20 21 29 30 31 49 52 54 
60 63 64 78 80 81 84 88 89 90 91 92 
95 97 99 101 106 107 110 121 122 123 126 128 
132 141 142 143 145 155 156 158 159 161 164 168 
169 171 177 179 183 191 193 195 196 200 202 204 
208 211 212 225 226 231 234 235 236 240 244 247 
249 257 259 262 267 268 269 273 274 275 277 281 
282 284 285 296 299 303 304 305 309 314 316 318 
326 327 330 332 340 342 344 346 347 351 361 364 
367 373 375 376 381 385 386 390 398 399 404 410 
417 420 424 429 435 438 439 440 441 447 448 453 
456 459 463 464 468 469 473 475 476 477 479 485 
489 490 497 502 506 525 526 537 540 551 554 555 
556 559 560 562 563 567 568 570 576 578 580 581 
582 584 585 590 591 595 596 597 600 601 602 603 
605 608 611 612 613 616 617 618 621 622 623 625 
628 630 635 636 637 639 645 648 651 653 655 659 
661 667 669 670 675 677 681 682 689 690 693 699 
700 701 704 705 710 712 718 722 727 732 739 740 
742 751 754 757 758 759 761 764 767 768 770 772 
777 783 785 790 793 797 798 799 800 
256
3 5 6 7 8 11 13 19 20 31 32 37 
39 40 41 42 44 53 56 59 64 65 66 70 
73 74 75 78 80 96 97 100 101 103 107 111 
117 118 120 126 130 134 135 139 147 150 152 155 
157 161 162 164 171 179 181 182 184 187 191 203 
208 209 211 212 214 218 221 222 232 234 235 242 
247 250 251 252 253 256 258 259 265 270 271 272 
273 280 282 290 300 301 302 309 310 315 319 322 
323 326 327 329 334 339 342 349 352 353 354 356 
359 361 367 371 372 376 377 379 383 384 386 392 
393 396 401 408 414 419 422 423 424 429 430 431 
439 440 443 448 450 452 454 455 467 470 476 478 
479 483 484 487 488 490 493 502 507 509 517 519 
521 522 527 528 532 536 538 539 543 545 550 553 
554 555 556 557 558 560 563 564 565 570 575 579 
585 587 597 598 601 602 606 611 615 618 619 620 
621 622 623 630 631 632 634 635 638 640 642 646 
647 650 651 654 655 656 657 658 660 661 662 663 
670 680 681 683 694 697 699 707 713 718 721 722 
724 726 730 731 733 738 740 743 744 746 750 756 
757 760 761 763 764 765 769 773 774 778 780 791 
792 793 795 797 
241
1 4 9 19 21 25 32 38 42 43 45 51 
52 57 61 62 63 69 73 76 77 78 87 98 
100 102 105 112 113 115 127 128 129 134 135 136 
139 140 144 145 147 150 153 154 157 159 165 176 
177 189 190 192 193 198 200 201 202 217 219 220 
224 225 227 233 236 250 251 253 255 257 259 265 
267 272 273 277 290 292 293 296 297 300 301 303 
314 320 323 325 328 330 331 332 333 334 335 337 
339 345 347 350 353 354 359 360 362 364 365 366 
367 375 376 379 381 382 388 390 391 393 399 400 
404 405 407 410 413 415 416 417 418 419 430 432 
435 437 438 439 440 441 451 454 456 460 461 462 
464 465 468 471 472 478 481 487 489 490 492 498 
499 503 516 521 525 526 527 528 529 541 543 550 
554 555 560 566 570 572 575 576 585 587 588 593 
600 611 614 615 617 620 626 634 639 643 646 647 
649 650 652 657 658 659 660 666 667 671 672 675 
679 683 686 687 697 702 709 714 722 723 724 725 
726 727 731 738 739 744 745 748 752 753 754 756 
757 759 761 763 764 766 774 776 781 783 786 796 
797 
241
2 5 11 12 13 19 23 25 27 28 29 31 
35 36 38 39 40 41 42 44 45 46 47 50 
54 59 69 70 74 75 86 95 96 109 110 113 
114 116 120 122 125 128 130 132 135 136 139 140 
143 150 152 162 169 178 183 185 187 188 189 191 
193 194 197 200 203 211 214 225 231 232 238 240 
242 249 250 255 258 265 271 275 279 282 283 284 
286 287 288 289 298 302 305 307 313 314 317 321 
322 329 332 334 336 337 346 347 348 353 357 358 
363 370 372 374 376 378 380 382 389 393 394 400 
407 409 410 411 414 417 419 421 426 429 432 433 
444 446 448 451 459 461 463 468 471 472 476 481 
483 484 486 491 494 501 510 512 515 516 519 525 
528 531 538 542 544 549 550 551 553 555 559 560 
564 567 569 573 582 583 584 585 586 593 595 597 
598 609 623 625 634 635 636 640 643 644 646 648 
649 650 651 653 655 663 668 670 671 676 678 679 
683 684 685 690 691 697 698 701 702 705 706 712 
713 714 718 722 724 726 728 733 735 738 745 747 
749 760 762 764 772 773 774 776 778 780 783 784 
792 
228
2 14 15 16 21 23 24 27 29 42 52 55 
57 58 61 68 72 80 86 88 94 97 104 111 
112 114 118 129 134 135 137 140 142 143 152 163 
164 165 171 175 178 180 182 186 187 189 192 193 
202 203 205 207 208 211 212 216 217 224 226 229 
231 233 240 242 243 244 254 268 270 273 277 287 
293 295 302 304 306 316 320 321 322 326 328 330 
334 337 338 339 345 347 349 351 352 353 354 356 
358 360 362 366 367 373 381 382 391 397 399 400 
404 407 409 411 414 418 421 423 425 426 436 437 
441 445 448 449 450 456 457 459 466 469 473 475 
479 484 485 490 492 493 496 497 504 506 507 512 
513 525 526 529 530 538 540 545 549 551 555 556 
558 561 562 565 567 572 577 578 583 595 596 599 
601 609 612 618 623 625 627 630 636 638 639 645 
646 648 651 653 654 661 666 669 670 675 677 685 
687 690 691 693 698 704 708 718 724 726 733 735 
737 738 740 741 742 746 749 755 761 762 763 764 
765 767 772 773 782 784 785 786 788 793 795 798 
263
1 3 5 10 22 28 29 35 37 40 41 44 
46 48 50 54 58 60 62 64 66 71 73 76 
83 87 88 89 94 99 100 108 109 112 115 117 
119 121 128 134 137 143 146 148 149 153 158 159 
163 165 169 175 176 177 180 186 195 196 201 203 
205 206 211 212 218 221 222 223 231 238 240 244 
245 247 248 249 250 251 253 254 255 256 257 261 
268 272 274 280 284 287 290 291 292 293 300 301 
304 306 307 308 310 313 315 317 321 322 328 329 
330 332 333 334 339 340 341 344 346 347 352 353 
362 364 366 368 370 372 376 377 379 383 385 387 
391 392 395 396 399 410 413 422 423 424 428 429 
431 432 434 438 439 442 445 452 454 459 463 469 
471 475 492 499 501 502 503 506 508 511 517 518 
520 521 522 523 529 531 534 535 538 539 542 545 
547 549 550 552 553 554 555 557 569 570 582 583 
588 590 591 592 593 594 595 599 600 601 609 610 
611 612 616 620 623 627 629 630 638 642 643 647 
651 653 660 665 666 669 671 674 683 684 688 689 
691 692 693 694 701 705 711 714 719 722 725 726 
731 732 738 743 747 756 757 758 760 761 763 765 
769 770 771 776 777 782 784 785 786 787 796 
237
2 3 4 11 12 13 18 20 23 24 25 26 
28 34 38 42 43 44 45 46 49 54 60 61 
67 69 76 77 78 81 82 91 97 103 108 109 
112 113 114 116 129 131 138 140 146 152 153 154 
160 161 162 165 171 177 179 180 183 187 188 189 
190 191 192 195 196 203 204 207 208 212 213 216 
217 222 225 226 231 232 233 234 237 241 262 263 
265 268 270 271 272 273 278 290 296 298 305 309 
314 318 319 320 322 325 326 328 333 334 336 337 
340 342 349 350 359 370 371 372 374 376 377 382 
385 386 388 391 394 398 400 408 413 420 421 423 
424 432 434 435 436 440 441 444 446 456 458 459 
468 470 471 475 478 484 487 490 498 502 503 507 
510 511 514 516 520 521 522 525 526 531 532 533 
534 539 545 546 547 554 559 560 562 563 564 566 
568 569 577 579 580 583 586 587 589 592 595 604 
616 619 620 627 628 635 637 641 653 654 664 666 
672 673 675 681 684 685 687 689 694 695 700 701 
703 705 707 708 711 712 715 731 734 735 736 737 
744 761 772 776 778 779 782 783 790 
239
2 3 8 11 14 18 19 22 23 26 29 32 
34 36 39 40 49 50 51 53 57 62 65 68 
72 74 81 82 83 84 91 92 93 94 99 104 
108 109 113 115 120 121 128 129 131 134 136 140 
143 145 146 147 153 155 159 168 170 171 172 173 
174 176 178 182 191 194 202 203 207 211 218 227 
234 236 238 240 243 247 256 259 261 264 265 268 
269 270 272 274 279 280 282 293 294 298 300 302 
312 315 317 318 319 322 325 332 336 340 344 348 
354 355 356 358 359 360 362 363 376 385 389 394 
399 404 412 414 418 420 422 424 427 431 435 437 
438 444 447 449 453 456 457 458 463 468 486 487 
488 490 491 497 505 510 511 512 515 516 517 518 
519 521 523 524 525 529 530 532 536 541 543 547 
555 561 564 569 571 577 583 587 588 590 591 593 
594 596 598 600 601 605 614 616 617 618 619 624 
626 628 629 633 635 636 649 652 655 657 659 660 
665 671 673 681 683 685 692 695 698 699 700 701 
704 708 713 714 719 722 730 731 734 735 740 741 
744 748 755 759 761 763 770 775 785 787 793 
251
1 2 3 6 10 11 12 13 21 24 25 28 
29 31 32 34 40 41 44 45 57 62 63 66 
68 72 74 75 80 82 85 94 97 99 100 102 
106 108 114 116 120 121 124 125 128 130 135 141 
146 147 152 155 161 162 165 166 172 173 174 177 
185 193 195 196 197 199 202 219 221 222 223 226 
228 229 234 239 244 246 248 258 259 262 263 265 
266 268 269 276 282 284 285 291 292 294 299 303 
305 306 307 308 316 325 326 327 328 340 346 347 
349 350 353 359 363 370 374 376 389 391 394 395 
399 411 412 416 422 423 425 430 434 436 439 440 
444 446 448 449 451 455 458 459 461 464 466 472 
476 480 481 483 492 493 494 498 501 502 506 508 
511 513 516 518 520 528 537 544 548 550 551 553 
554 558 560 561 571 573 574 575 581 582 584 585 
586 589 590 595 601 607 609 610 611 613 614 621 
622 624 631 641 647 649 659 660 661 662 664 665 
666 668 670 674 675 676 687 688 692 693 695 698 
699 705 708 709 710 717 721 724 725 726 729 738 
739 742 756 759 761 762 764 767 770 775 780 782 
785 787 788 790 791 792 795 796 797 798 800 
221
1 5 7 12 14 16 17 18 20 24 36 38 
39 43 44 50 51 57 58 61 62 70 75 82 
87 94 96 107 111 119 121 122 123 124 125 131 
135 140 143 144 147 156 160 162 164 166 170 172 
174 182 183 185 187 189 190 195 199 207 215 216 
219 221 222 223 225 226 228 237 242 244 245 246 
248 249 251 253 261 266 267 271 276 279 281 286 
293 294 297 299 303 304 306 307 309 310 312 314 
317 322 324 326 327 340 345 346 354 362 366 370 
375 376 377 380 381 382 384 385 386 387 389 390 
391 392 403 418 421 422 424 427 428 433 443 444 
450 451 458 460 461 462 463 467 469 475 477 480 
482 483 489 490 494 498 507 508 509 516 528 535 
537 539 544 549 550 554 560 570 571 573 583 587 
595 602 603 604 609 611 615 617 620 633 637 639 
645 646 650 655 658 659 665 666 686 687 689 697 
702 704 719 722 728 732 734 735 737 740 743 746 
747 749 750 753 754 758 759 761 770 771 774 777 
781 784 785 792 798 
236
3 12 13 14 24 31 39 43 47 48 49 57 
60 61 63 66 67 68 69 70 71 75 84 86 
87 88 89 92 100 101 106 108 109 113 114 120 
121 122 124 127 129 137 140 142 143 145 148 153 
157 161 167 169 171 174 178 179 181 189 190 192 
196 197 198 202 203 206 207 214 223 236 239 247 
249 251 252 256 257 262 270 273 276 278 279 281 
283 288 289 303 306 312 313 314 328 329 332 333 
334 335 336 342 351 353 356 363 364 367 368 371 
372 375 376 379 381 384 387 388 396 397 402 403 
408 410 411 412 415 424 427 429 430 436 437 443 
457 460 461 463 464 467 468 472 473 477 482 483 
485 490 492 493 494 507 509 510 511 512 513 517 
518 522 529 530 531 537 542 543 549 554 556 566 
575 579 580 581 584 587 590 592 595 597 598 607 
608 611 613 615 618 621 622 623 624 630 641 643 
646 647 654 664 668 669 672 688 693 697 699 700 
704 705 709 711 715 717 718 728 729 735 736 737 
741 747 748 749 751 752 753 758 770 774 775 781 
786 787 792 794 795 797 799 800 
252
2 12 14 19 21 25 26 30 31 36 37 39 
40 43 47 50 53 57 60 63 65 69 72 73 
74 75 76 77 79 80 81 91 92 93 96 105 
106 109 120 123 128 130 131 132 139 143 145 154 
160 162 164 166 168 169 170 175 184 195 198 204 
208 213 214 222 231 233 234 235 239 240 241 245 
249 251 255 256 261 265 268 271 274 275 276 278 
282 285 294 295 296 308 314 316 319 321 328 329 
345 347 348 350 358 360 361 364 365 369 374 375 
376 382 383 384 385 386 392 397 398 399 402 403 
404 406 407 410 414 421 426 428 429 434 436 439 
443 446 447 449 450 452 454 459 462 463 468 471 
473 477 479 480 483 484 486 489 492 499 500 505 
508 509 510 511 512 520 522 525 534 535 537 544 
548 549 553 559 560 562 563 566 576 578 580 586 
590 597 600 602 603 605 606 610 615 622 624 626 
627 628 629 632 635 638 641 651 657 659 664 666 
667 672 673 675 683 686 691 692 693 697 699 701 
704 705 706 711 722 723 724 727 731 737 740 742 
743 746 747 749 753 756 759 764 766 767 768 769 
777 778 780 781 782 783 785 787 789 790 791 797 
262
5 9 13 14 16 24 25 27 29 30 34 38 
48 50 51 53 55 56 57 61 63 67 70 71 
72 76 78 79 80 82 85 93 95 99 100 101 
106 108 109 111 116 119 121 134 136 141 142 144 
146 147 148 151 154 155 156 157 161 162 163 164 
165 168 172 173 174 176 185 186 190 191 192 195 
199 200 203 207 215 219 227 228 233 235 241 248 
251 252 256 258 269 270 275 281 283 286 287 289 
294 295 299 300 302 303 314 316 321 322 323 325 
336 337 340 342 352 354 360 364 365 368 374 380 
382 384 387 389 392 393 394 395 396 400 403 404 
405 406 414 415 416 418 423 429 432 437 440 441 
444 445 450 451 454 457 460 461 467 468 469 471 
473 474 477 478 480 482 490 491 492 493 495 496 
497 501 505 513 515 517 521 524 533 534 535 538 
540 543 545 548 549 555 556 559 564 565 566 572 
573 576 578 581 585 587 589 592 593 599 601 603 
605 610 611 616 618 623 627 628 634 637 642 648 
650 652 656 659 664 668 671 672 674 675 676 677 
680 684 685 687 692 694 702 705 706 716 717 718 
719 724 725 728 730 731 736 738 740 741 756 758 
759 766 770 772 774 778 780 783 789 795 
235
3 12 13 19 25 26 28 29 30 37 48 50 
51 53 54 56 60 61 62 63 64 68 69 70 
77 80 84 90 91 92 93 98 106 108 115 116 
117 122 124 126 137 145 152 153 154 156 158 159 
164 165 173 176 178 185 187 190 192 195 196 202 
203 204 205 208 213 216 220 223 227 230 235 236 
238 239 240 242 243 245 260 279 281 284 286 289 
293 297 304 307 308 309 313 314 315 317 321 324 
325 331 333 345 349 355 358 360 362 363 364 369 
372 373 379 380 382 384 386 388 389 392 394 402 
407 408 410 412 413 417 422 425 440 441 443 449 
451 453 456 458 459 460 462 464 467 468 471 472 
475 476 482 484 486 487 488 489 491 492 498 503 
512 530 532 535 539 548 551 558 562 565 566 567 
568 577 580 581 582 586 587 590 592 596 601 605 
606 608 611 613 614 619 622 628 630 632 633 634 
640 641 643 645 648 651 655 661 665 677 681 683 
684 694 696 697 700 704 705 707 709 711 713 715 
720 723 726 728 731 732 736 757 760 761 763 768 
774 777 784 790 795 796 798 
239
1 7 11 12 19 23 24 40 41 45 47 48 
49 51 52 53 54 56 58 60 65 76 77 80 
82 83 91 93 95 105 107 109 113 116 117 122 
123 124 128 129 131 133 145 146 154 157 160 162 
166 167 168 172 178 182 185 188 189 191 193 196 
198 200 201 203 206 207 209 211 216 224 227 235 
241 246 249 250 257 259 262 270 271 272 273 275 
276 278 283 290 307 310 311 312 318 320 322 325 
326 328 329 330 343 346 350 351 354 361 364 369 
376 378 379 381 382 385 393 395 396 397 398 402 
409 412 415 431 432 436 440 443 445 451 454 455 
456 457 462 466 470 476 482 484 490 494 495 498 
500 501 503 507 509 510 514 521 524 525 528 536 
539 545 546 547 550 551 554 555 557 558 560 575 
580 583 584 590 592 593 597 609 610 612 613 614 
617 626 628 634 635 636 639 641 642 646 649 651 
654 656 660 665 668 670 673 674 677 682 688 692 
694 695 698 701 702 709 718 722 725 726 731 735 
736 740 742 743 746 747 749 756 759 765 766 767 
771 775 776 777 779 785 788 789 790 794 795 
251
3 5 8 14 17 21 22 25 26 31 40 43 
47 56 63 65 72 74 75 79 81 87 88 89 
92 100 105 109 110 115 118 128 130 132 136 144 
146 150 151 153 154 155 157 160 161 163 170 172 
177 179 184 187 188 189 191 193 194 196 200 201 
204 207 214 215 216 217 218 219 230 231 234 242 
243 245 246 252 253 256 258 263 264 268 269 270 
271 272 276 277 283 284 285 288 297 298 302 303 
308 329 336 343 346 347 350 352 356 358 362 363 
364 365 368 369 375 379 381 383 387 389 391 392 
397 400 401 402 406 407 409 415 419 425 426 427 
432 434 435 439 441 444 447 449 458 461 462 463 
467 469 474 476 486 491 499 502 505 506 511 514 
515 519 522 531 539 544 545 549 557 559 560 561 
565 569 570 572 581 586 588 590 593 596 597 598 
603 609 612 615 618 620 621 624 625 630 631 638 
642 646 649 651 655 659 660 661 663 667 670 679 
686 688 690 691 693 694 696 697 700 708 710 716 
721 722 724 726 727 731 732 735 737 739 745 748 
749 750 753 755 757 758 761 765 766 770 773 777 
778 779 781 782 783 786 791 793 796 799 800 
244
3 5 6 8 15 17 21 22 28 29 33 34 
35 36 39 42 43 46 49 52 56 58 61 64 
67 73 74 79 81 82 86 87 89 90 92 106 
110 112 113 115 116 125 131 138 139 141 150 156 
157 162 170 171 177 178 180 186 187 193 197 198 
202 203 208 210 211 212 217 220 221 224 227 230 
236 247 251 252 260 263 265 267 269 275 277 278 
279 281 283 286 287 288 292 295 296 300 301 308 
310 321 322 323 325 326 331 333 335 336 339 342 
347 348 357 359 362 363 371 372 376 377 379 384 
392 398 401 414 418 420 424 437 439 440 442 446 
447 448 452 454 455 456 458 467 468 469 473 475 
476 480 481 484 491 497 500 504 509 511 516 519 
521 524 525 529 538 540 541 543 544 547 550 551 
555 557 560 561 562 565 569 571 574 577 580 581 
582 583 586 590 597 598 600 604 606 613 617 619 
621 623 628 631 637 643 645 646 649 651 659 660 
662 666 669 672 674 675 687 688 690 691 695 698 
707 709 711 715 718 719 720 721 722 729 730 733 
736 741 744 745 748 751 753 754 761 765 769 773 
775 791 795 798 
219
6 7 10 12 20 28 32 34 38 39 42 45 
48 55 58 62 66 73 74 83 85 90 98 108 
109 114 115 116 129 131 137 138 144 146 149 151 
152 153 155 160 161 162 172 173 175 176 179 183 
184 188 192 193 194 195 203 205 206 207 208 211 
213 214 220 230 240 243 247 251 254 256 269 279 
281 285 288 289 291 295 296 298 300 303 306 308 
309 310 317 322 323 328 333 336 341 343 349 355 
357 359 373 374 379 381 389 400 405 408 410 412 
414 418 421 426 427 428 430 437 442 445 446 448 
449 458 461 466 469 471 474 475 476 477 482 490 
492 493 494 496 497 499 502 506 508 516 523 524 
525 526 528 529 539 541 542 546 547 549 556 558 
560 568 571 575 576 583 584 586 588 591 601 603 
604 605 608 617 618 620 622 625 628 630 631 638 
639 640 642 644 647 648 656 661 671 673 674 680 
682 683 690 691 692 694 713 721 731 732 739 740 
741 742 745 746 747 756 758 761 767 768 777 786 
787 791 795 
238
1 3 4 5 10 13 14 15 16 20 21 32 
40 41 43 46 52 55 64 68 69 71 72 74 
75 78 80 83 88 89 94 98 100 103 104 107 
108 109 114 116 118 124 126 127 128 131 134 138 
140 145 150 152 154 156 158 163 165 168 169 173 
174 180 193 195 207 209 220 221 222 224 226 228 
235 237 239 248 249 250 254 255 259 262 264 265 
268 269 272 273 274 276 280 282 284 285 291 292 
299 301 303 306 309 324 327 329 334 345 348 354 
359 365 369 370 376 377 378 384 388 393 394 399 
400 402 405 406 408 411 412 413 420 427 432 433 
434 438 440 446 450 455 459 464 465 467 474 476 
478 479 485 489 495 503 506 508 513 521 527 531 
534 535 538 543 544 545 551 554 557 566 570 571 
572 574 579 583 584 587 592 594 597 599 600 602 
603 607 608 610 615 616 620 626 629 631 632 643 
653 655 658 659 660 662 666 670 672 683 685 687 
690 691 695 701 710 711 714 715 716 720 724 725 
726 729 732 733 734 736 741 742 747 753 763 766 
767 768 769 772 777 780 781 785 791 793 
249
8 9 10 11 12 13 15 20 21 24 25 29 
30 34 37 40 42 43 44 45 46 47 48 54 
58 60 61 63 67 73 75 79 80 82 85 92 
102 103 108 113 122 124 125 126 128 131 140 142 
143 148 153 158 159 161 167 169 170 173 174 180 
186 190 191 192 198 202 203 204 205 211 212 213 
216 222 227 231 238 239 247 248 254 261 275 276 
278 284 287 291 292 296 298 300 302 306 307 309 
312 314 315 323 325 331 332 336 338 342 347 352 
356 358 360 361 362 363 365 371 373 378 379 384 
390 392 397 401 405 406 408 409 410 422 424 425 
428 429 433 436 438 440 441 443 449 450 456 457 
461 462 469 470 471 473 474 478 481 484 485 487 
492 493 495 499 500 502 503 507 508 509 515 516 
518 520 521 522 523 524 525 526 528 531 534 537 
539 541 542 546 551 557 559 560 562 566 571 584 
587 588 598 599 612 615 618 619 620 621 624 646 
654 659 662 666 667 670 674 682 684 686 691 693 
694 695 697 700 701 703 709 711 722 723 726 738 
740 741 743 747 749 750 755 760 762 763 774 779 
780 781 782 785 787 790 794 796 799 
242
1 3 5 9 14 17 23 31 35 42 43 45 
46 54 55 56 58 60 63 68 69 71 80 82 
85 87 92 97 102 106 110 116 119 120 121 122 
129 131 132 133 135 140 149 150 154 156 158 172 
175 179 181 188 189 190 192 193 194 196 197 202 
206 208 212 219 227 229 230 232 244 246 247 257 
261 267 268 269 270 279 280 282 285 286 291 293 
295 298 305 318 322 326 328 330 333 334 337 338 
340 341 343 346 348 357 358 361 362 364 372 375 
379 382 383 393 404 411 412 416 417 418 419 421 
422 424 429 430 441 443 445 450 452 455 457 458 
468 474 476 477 484 488 489 495 498 502 508 512 
515 517 518 521 522 527 529 530 533 534 536 540 
541 543 549 551 553 555 558 563 565 566 569 573 
575 577 590 595 596 599 607 610 612 613 616 627 
629 634 635 637 638 639 641 644 647 650 656 658 
661 665 666 669 673 674 678 680 684 686 692 693 
694 695 701 702 703 704 709 710 711 718 723 725 
727 728 729 731 732 735 738 740 742 745 746 751 
756 762 764 765 767 768 772 774 777 778 786 790 
797 799 
239
1 2 5 6 8 15 19 21 25 27 28 29 
38 39 48 49 50 52 54 60 66 78 81 84 
85 87 88 89 91 95 101 102 103 106 108 112 
113 117 121 127 130 133 135 136 146 156 157 159 
164 168 170 171 173 178 180 183 184 189 194 195 
197 198 201 202 206 209 214 215 224 226 230 232 
233 235 239 243 245 258 260 261 264 265 270 272 
277 281 283 285 288 289 292 293 296 299 300 302 
304 306 307 318 320 321 324 325 330 335 339 344 
345 350 351 354 360 363 369 370 378 379 382 383 
384 386 387 390 391 392 393 400 401 405 406 407 
408 414 418 427 431 434 435 437 441 446 449 451 
452 453 454 463 464 466 473 476 477 478 485 487 
490 494 495 498 504 513 519 526 529 530 536 538 
539 545 550 551 552 553 567 575 578 580 584 586 
588 590 597 599 603 605 606 609 610 614 621 624 
627 629 639 641 645 646 653 657 658 661 670 673 
674 675 676 679 682 683 687 691 694 699 707 709 
714 719 722 731 732 736 739 742 749 750 755 759 
766 770 774 777 778 779 781 783 786 790 797 
226
2 4 6 10 11 13 15 22 24 25 26 31 
37 42 46 53 55 59 63 64 65 67 70 87 
88 91 95 97 99 102 105 110 116 118 119 121 
124 127 130 131 133 137 148 149 152 156 157 163 
164 166 168 170 174 182 188 196 197 199 201 203 
204 205 206 209 210 214 216 224 228 229 232 233 
235 237 238 244 245 247 251 253 257 262 266 268 
270 279 280 281 283 294 304 307 316 317 324 328 
333 335 339 341 343 344 345 352 356 357 358 359 
368 374 377 378 379 392 394 396 397 400 402 407 
417 420 434 435 436 445 450 452 456 461 466 474 
480 484 488 491 496 498 499 507 510 511 515 516 
518 520 522 524 526 527 530 531 533 541 542 545 
548 550 552 568 570 573 574 576 579 581 582 583 
584 585 587 589 590 600 604 608 612 619 629 638 
642 644 652 654 659 663 667 670 676 679 681 685 
688 691 695 696 700 701 702 704 705 707 709 710 
711 714 724 726 728 735 739 745 747 760 761 764 
767 773 778 787 793 795 797 798 799 800 
220
9 10 13 14 15 21 23 24 29 30 37 41 
42 43 46 50 65 67 74 77 86 94 96 98 
104 111 112 113 114 120 135 136 139 144 146 147 
150 155 157 161 162 179 183 192 194 195 197 198 
206 207 210 211 215 218 222 228 229 231 232 234 
236 239 250 251 252 253 257 259 263 264 267 271 
274 277 280 281 282 289 293 304 307 310 318 319 
320 326 327 329 331 333 336 340 342 347 348 351 
353 355 358 359 370 373 375 377 378 383 385 390 
391 394 395 396 401 402 404 405 406 407 411 412 
416 419 430 433 436 438 440 445 449 453 460 463 
467 468 469 470 472 476 477 482 483 487 488 489 
491 492 499 504 505 514 515 519 521 525 528 529 
537 538 543 544 545 558 559 566 569 580 581 582 
583 584 587 589 592 593 606 615 637 639 646 652 
654 657 665 668 669 671 677 689 692 695 699 706 
711 717 718 719 720 723 727 728 731 735 736 738 
739 742 743 751 752 756 757 763 764 769 770 774 
777 785 787 797 
240
2 7 14 15 17 33 34 38 44 49 51 53 
54 56 58 64 72 73 82 87 89 91 92 93 
97 98 102 103 115 116 118 128 132 135 140 143 
149 157 159 161 165 167 168 172 173 174 178 182 
188 190 197 201 204 208 210 212 214 215 216 217 
227 229 231 232 243 245 247 252 254 256 259 264 
265 269 274 278 281 282 283 285 293 299 304 306 
312 315 321 322 323 325 326 328 334 335 336 340 
342 344 346 356 357 361 365 366 370 380 381 384 
391 394 395 396 403 405 412 413 417 418 423 430 
431 432 433 441 442 443 448 451 453 455 457 461 
464 467 468 474 483 485 488 491 495 503 505 514 
517 523 525 526 527 529 530 532 533 541 542 543 
545 547 552 557 562 565 566 574 577 583 590 591 
595 596 597 598 601 602 606 610 612 614 619 622 
624 625 626 631 635 637 640 641 644 646 651 652 
656 662 665 666 676 677 680 681 686 687 690 691 
696 697 701 702 704 706 710 717 718 721 723 725 
729 732 735 736 742 746 751 752 754 755 757 761 
762 763 764 766 772 782 786 790 793 796 797 798 
213
1 2 7 8 10 11 18 19 20 23 25 28 
29 30 31 32 35 37 43 49 51 55 58 71 
79 84 86 87 93 94 96 104 107 109 120 121 
123 124 126 135 136 137 150 152 154 156 159 163 
164 169 175 176 177 180 183 184 185 186 188 194 
197 208 215 216 218 231 232 234 238 242 245 253 
257 258 262 263 268 271 273 274 276 281 284 286 
287 288 289 292 294 299 301 311 313 316 317 318 
319 321 323 325 326 343 346 347 353 354 357 370 
373 385 395 396 399 400 412 413 414 415 420 423 
424 429 433 435 438 445 446 447 452 456 461 469 
473 478 482 484 486 487 492 501 502 503 506 508 
510 512 514 521 531 533 534 539 542 550 555 560 
561 577 584 594 600 609 612 613 614 617 620 630 
631 636 639 640 644 645 646 649 651 653 662 670 
675 676 678 683 688 692 697 700 705 707 711 717 
718 722 730 731 733 737 738 741 751 760 763 766 
767 768 775 784 788 791 792 797 798 
260
1 2 3 4 7 9 10 13 15 18 19 22 
32 34 42 43 44 48 49 50 51 52 53 54 
61 65 67 70 72 74 78 95 96 98 102 104 
112 113 118 121 122 123 124 126 128 129 130 137 
141 146 147 156 160 161 165 166 167 173 179 182 
184 193 194 198 202 204 205 207 211 212 213 214 
217 218 222 228 232 237 240 242 244 245 247 256 
258 261 267 273 274 278 281 283 284 285 287 290 
294 296 298 304 312 313 315 317 319 325 326 329 
337 338 339 340 346 347 349 351 356 360 364 367 
368 370 372 376 380 382 384 386 387 388 396 398 
400 402 406 410 411 412 413 414 425 430 433 440 
443 449 452 456 459 465 468 475 477 479 481 482 
485 491 493 496 500 501 503 504 505 510 511 512 
515 516 521 527 537 540 541 545 546 549 551 553 
554 556 565 568 569 570 573 577 580 586 587 588 
593 594 595 597 599 601 604 605 610 613 616 618 
619 623 624 625 628 634 635 637 640 643 645 647 
648 651 656 662 663 664 666 667 668 679 687 693 
694 698 699 700 706 709 712 713 716 718 720 723 
724 726 727 729 734 738 739 746 754 756 759 761 
764 765 778 781 782 785 791 792 
255
1 18 20 23 25 28 30 32 37 39 41 42 
44 47 48 50 52 53 54 56 57 58 63 66 
68 69 70 73 77 89 90 93 99 104 105 107 
111 116 120 122 124 125 130 135 139 142 146 147 
149 150 151 153 155 156 157 158 159 165 166 167 
168 169 172 178 184 185 188 191 207 211 212 215 
217 221 227 229 231 235 236 239 241 243 245 250 
258 260 261 262 272 282 283 289 292 293 294 295 
298 299 309 316 318 321 322 323 326 333 338 342 
344 346 364 368 370 377 380 383 386 387 388 389 
391 392 393 394 402 403 404 408 410 411 424 429 
430 433 439 441 442 444 445 450 451 454 457 468 
469 470 472 474 475 477 481 485 486 490 492 494 
496 497 502 503 514 516 517 522 524 529 531 532 
538 539 541 542 545 547 548 552 553 558 560 571 
575 578 580 581 584 594 598 601 602 603 605 606 
608 611 613 615 617 621 623 624 625 630 634 638 
641 646 648 653 655 660 663 664 666 668 669 672 
674 679 680 682 685 686 689 691 693 697 702 704 
709 713 714 719 721 723 724 730 735 738 739 746 
747 751 754 755 763 764 766 767 769 777 780 782 
786 790 796 
216
1 2 6 9 13 14 16 21 23 24 25 29 
31 35 38 42 43 48 53 55 56 62 65 66 
70 72 73 78 92 99 100 103 106 107 110 114 
117 120 121 122 124 126 128 130 137 138 139 141 
150 162 164 170 172 179 180 186 187 190 196 197 
201 208 209 210 211 213 217 218 220 231 232 233 
238 240 241 246 247 248 251 270 271 280 282 283 
284 291 292 298 302 304 305 306 307 310 314 319 
321 322 326 329 333 344 358 361 369 371 372 381 
383 387 392 405 410 411 412 414 417 422 429 435 
436 440 448 449 452 455 458 467 478 479 482 490 
491 496 501 504 512 516 522 524 525 528 529 532 
534 535 542 544 545 548 559 572 577 584 586 590 
591 598 607 608 612 621 634 637 639 640 642 644 
650 651 655 656 657 661 662 663 669 672 677 680 
699 708 711 713 715 716 723 726 727 728 729 730 
731 733 739 741 749 751 756 759 763 764 768 774 
776 778 779 780 781 786 788 790 792 797 798 800 
224
1 10 11 12 13 15 16 19 22 25 29 37 
39 41 42 44 46 48 50 53 54 62 67 68 
69 71 75 85 87 93 94 95 96 99 101 104 
107 113 114 117 126 128 129 130 131 134 140 141 
153 159 161 163 164 167 169 170 176 179 180 181 
182 184 192 198 200 201 213 215 221 228 235 236 
241 244 253 258 261 267 270 271 280 288 290 295 
296 300 302 308 313 314 318 320 334 336 338 340 
344 350 356 357 361 364 373 374 377 378 380 384 
385 387 392 395 396 403 405 408 410 414 416 419 
421 424 429 432 434 439 443 444 447 459 466 471 
472 478 479 486 492 495 496 497 499 501 508 511 
518 520 522 524 525 526 528 530 534 543 545 546 
547 550 551 552 562 564 565 566 570 573 574 576 
583 585 586 587 589 590 591 597 599 605 606 608 
612 617 618 619 622 624 637 644 647 649 653 657 
660 663 664 666 667 673 674 677 679 681 688 700 
701 702 704 716 717 728 731 738 746 748 751 754 
764 766 776 786 790 791 797 800 
251
2 6 12 14 23 24 32 37 38 43 46 52 
53 56 65 68 70 73 76 82 87 89 90 91 
92 94 96 98 101 106 108 114 115 116 118 119 
120 127 129 132 133 135 137 139 143 144 153 156 
157 160 170 171 173 174 180 185 191 192 193 194 
197 198 199 201 203 208 211 212 214 216 218 219 
222 224 225 230 231 233 235 236 242 245 248 252 
258 260 261 264 270 272 275 277 281 284 287 294 
300 301 304 307 310 314 317 318 322 328 329 332 
333 338 345 350 351 355 358 365 377 380 381 383 
386 390 392 406 409 410 413 419 421 422 428 431 
434 435 438 443 444 445 447 451 452 453 454 456 
457 459 462 464 465 466 469 473 480 482 486 490 
491 494 496 500 502 504 505 508 510 513 514 515 
518 520 530 531 532 538 541 544 548 549 551 553 
557 558 569 572 575 577 580 582 590 595 604 605 
607 611 613 617 625 627 631 632 634 635 637 639 
643 645 651 655 662 663 665 672 673 675 682 685 
686 687 692 694 697 701 705 708 722 724 730 733 
734 735 737 739 743 744 746 747 750 757 762 764 
773 779 781 784 786 789 790 794 795 796 798 
247
1 2 10 11 14 15 17 19 20 22 24 30 
39 43 47 51 56 58 64 65 67 68 69 70 
72 77 78 81 86 88 96 109 115 119 120 125 
134 135 137 138 143 149 150 152 155 161 162 163 
166 167 168 169 172 175 181 190 193 209 210 211 
213 216 217 218 219 222 224 225 229 231 234 238 
239 244 246 251 254 255 256 257 265 267 269 274 
275 277 278 279 283 285 286 287 289 296 300 302 
304 309 316 317 322 326 329 330 332 334 336 338 
340 344 346 352 353 355 361 364 374 377 378 383 
390 393 396 397 399 401 407 408 410 414 415 418 
419 425 430 432 440 441 450 452 454 461 464 465 
467 468 470 473 478 479 482 483 484 486 489 490 
494 500 507 509 518 519 527 531 536 537 538 543 
547 552 553 555 566 568 571 577 580 583 586 595 
602 605 606 610 611 613 619 627 629 632 633 634 
639 640 643 647 651 653 657 658 667 668 670 671 
674 677 678 681 683 688 701 704 708 709 711 712 
713 718 721 722 726 729 734 735 737 738 744 746 
750 753 754 756 758 759 765 766 767 768 774 778 
783 787 789 792 793 794 799 
235
4 9 11 13 14 16 17 19 25 26 30 41 
42 45 49 57 62 64 65 66 73 80 85 87 
92 96 100 104 112 113 114 122 123 128 129 131 
134 138 139 141 143 144 145 149 153 157 158 162 
167 186 187 193 195 207 215 216 220 221 225 231 
235 236 237 239 242 243 244 245 247 253 259 267 
268 274 276 277 278 280 284 285 286 294 297 299 
301 304 307 308 309 310 311 312 313 315 328 341 
346 348 349 357 358 359 364 365 367 368 370 372 
374 375 380 382 383 385 391 392 401 408 410 418 
425 428 429 433 437 442 445 450 452 454 461 463 
466 470 478 481 483 484 485 493 494 497 498 500 
508 513 515 519 524 527 531 539 541 542 547 550 
554 559 566 567 570 578 580 581 587 588 589 590 
592 593 594 596 597 600 606 610 613 614 616 618 
619 622 623 624 625 626 629 632 635 641 642 644 
646 648 649 651 652 653 659 661 662 664 669 671 
674 677 696 698 700 705 706 712 719 721 735 736 
742 744 752 754 755 758 759 761 765 766 771 772 
782 786 787 788 790 792 800 
245
1 2 4 5 9 12 13 17 20 22 23 25 
30 31 32 33 40 41 42 43 48 56 60 61 
66 70 73 74 77 78 81 83 96 99 102 114 
115 120 124 125 132 136 138 141 142 146 147 148 
151 152 153 155 158 159 161 166 170 173 183 186 
192 193 195 197 199 201 204 205 206 211 212 214 
217 221 226 235 237 241 242 244 245 248 252 255 
259 262 263 267 268 270 271 275 278 280 285 291 
300 301 302 315 319 320 322 327 331 332 333 343 
345 347 349 350 355 357 360 362 363 365 373 374 
380 382 387 389 392 395 396 404 405 411 413 416 
421 423 435 436 440 444 447 453 455 456 457 462 
464 465 469 471 475 478 479 482 483 484 487 491 
492 493 494 497 498 502 506 511 515 520 521 522 
524 525 526 528 532 535 537 547 548 549 554 556 
559 563 565 566 567 573 578 581 582 588 589 592 
597 600 605 606 610 614 616 623 624 627 631 637 
639 651 653 658 672 677 680 681 683 687 694 695 
697 698 704 705 708 712 714 723 724 727 729 731 
732 738 739 751 753 754 765 767 773 774 778 782 
785 787 795 797 800 
229
5 6 9 16 24 25 29 32 37 38 40 46 
49 50 53 60 63 64 65 67 69 71 74 76 
77 78 84 87 88 93 94 95 99 101 102 103 
109 111 122 124 125 130 138 139 141 143 148 150 
156 157 162 165 168 175 177 182 183 184 188 192 
201 202 209 214 225 226 233 235 241 242 243 244 
248 252 256 257 258 259 260 264 271 272 274 275 
276 279 289 291 306 308 310 315 322 326 328 330 
333 335 337 339 342 345 350 351 362 363 364 370 
373 380 386 387 390 391 394 396 401 407 410 413 
419 425 430 432 436 448 449 450 452 453 458 459 
460 463 464 467 468 470 473 474 475 478 487 493 
497 498 509 512 513 517 519 520 521 524 533 536 
537 539 540 541 544 547 553 555 558 559 566 568 
569 572 574 578 579 592 595 596 601 604 607 608 
625 626 627 631 632 638 643 644 646 649 653 657 
668 672 673 678 679 682 689 690 710 714 715 716 
718 719 720 724 730 733 742 743 749 751 752 753 
762 768 770 771 776 779 785 789 790 795 796 799 
800 
259
3 6 7 11 12 15 17 19 20 26 28 30 
33 35 36 39 46 47 49 50 51 53 55 61 
62 64 68 70 76 77 78 81 86 88 91 93 
100 103 104 108 112 113 115 116 118 122 124 126 
128 135 136 145 146 150 156 157 161 164 166 175 
177 181 183 185 188 191 192 194 195 197 198 203 
204 209 211 213 214 218 219 230 233 234 235 243 
244 250 255 256 257 258 260 268 270 278 281 284 
285 286 294 300 307 308 319 323 326 327 328 332 
335 337 346 347 348 350 353 360 363 365 367 368 
372 374 376 377 380 383 386 387 388 391 394 395 
396 402 405 406 407 408 409 410 414 419 423 424 
428 430 431 432 435 437 438 441 442 444 446 447 
449 456 462 463 465 466 467 469 473 475 477 478 
479 480 482 485 488 494 498 500 502 508 512 515 
520 528 531 546 551 554 556 565 572 574 579 584 
587 588 591 594 609 612 613 614 615 616 617 619 
623 625 628 630 632 633 637 639 645 647 649 652 
654 655 658 660 662 665 666 668 670 671 677 679 
684 692 693 695 700 706 708 712 713 717 718 722 
727 729 731 736 751 753 754 755 758 764 766 768 
769 773 775 778 784 787 790 
263
1 4 8 10 11 17 22 28 30 31 33 40 
42 43 44 45 47 48 49 50 52 54 55 56 
58 61 63 64 66 68 70 72 77 79 84 88 
89 92 96 98 100 104 109 110 113 114 115 118 
128 131 134 140 141 148 149 150 152 161 162 168 
169 170 171 174 176 179 181 191 193 198 200 202 
205 206 207 211 212 214 215 217 227 231 236 238 
239 242 244 247 248 256 258 259 261 270 274 276 
277 281 284 290 291 295 296 297 301 305 308 309 
311 317 318 319 320 323 325 327 329 333 335 341 
346 350 354 358 359 362 365 367 376 379 381 382 
385 388 392 401 411 412 414 415 416 421 422 428 
430 432 435 440 442 447 450 451 452 463 469 475 
479 480 482 486 492 494 495 497 501 502 504 507 
508 515 517 526 530 531 535 536 538 539 540 546 
547 548 551 553 554 555 559 568 572 573 574 576 
578 580 581 590 595 596 598 599 600 601 605 616 
617 622 625 630 632 635 637 641 642 645 646 650 
651 657 662 663 665 668 671 675 685 692 693 695 
696 699 702 704 710 712 720 724 732 734 737 738 
740 744 746 750 752 756 759 760 762 763 764 765 
767 774 778 780 781 786 787 793 794 797 798 
227
1 6 9 11 14 15 22 24 29 32 37 46 
47 58 63 65 66 71 72 76 82 85 86 91 
92 94 97 100 103 113 114 120 124 130 137 140 
141 144 145 150 156 158 159 162 169 170 172 176 
184 189 190 192 194 195 198 200 203 204 209 215 
218 222 224 230 231 234 237 244 245 257 260 262 
266 269 279 280 281 283 284 286 294 295 296 305 
308 319 323 325 326 329 330 331 332 336 341 342 
344 346 349 351 353 354 355 356 357 366 369 372 
379 380 382 399 400 402 405 406 407 408 414 415 
417 421 426 430 432 436 437 440 442 444 445 447 
448 451 454 458 459 460 463 465 466 468 476 486 
491 492 493 505 510 517 520 525 527 535 536 545 
546 548 552 553 555 558 570 572 574 577 583 588 
589 590 591 593 601 603 604 609 610 611 620 625 
628 630 642 655 660 662 663 667 668 670 671 672 
675 676 681 685 690 693 695 698 701 706 711 718 
720 725 726 729 734 736 744 745 754 756 759 760 
764 770 772 776 781 782 784 789 798 799 800 
221
2 12 13 17 20 22 25 28 29 31 33 34 
37 49 52 65 67 69 70 71 72 74 79 84 
85 89 97 101 104 110 113 114 120 123 125 127 
131 132 136 142 144 145 158 161 162 164 168 174 
178 182 184 195 200 204 205 207 213 214 221 222 
226 229 230 234 235 240 243 244 249 250 253 260 
264 267 269 274 279 281 283 285 286 289 291 293 
299 303 304 307 312 320 326 329 336 338 341 342 
357 363 366 367 379 380 382 405 408 411 418 421 
423 425 426 430 431 433 434 442 443 445 446 451 
457 459 460 463 466 476 478 483 484 493 495 497 
503 504 505 509 510 511 512 519 521 524 528 536 
537 538 546 549 552 556 557 560 567 568 569 571 
575 577 580 584 586 593 599 601 603 605 611 615 
618 620 623 626 627 631 636 641 642 657 665 666 
667 668 677 685 688 693 694 697 701 703 704 707 
712 716 721 725 727 731 732 738 742 744 746 749 
752 754 755 760 761 763 764 766 767 771 774 778 
782 787 792 798 800 
227
4 5 6 10 21 24 46 49 51 54 56 58 
62 64 69 71 72 78 79 80 82 86 88 91 
92 94 96 98 99 100 103 111 115 123 124 126 
136 141 148 150 153 157 162 165 166 169 174 176 
177 182 186 187 198 201 205 207 208 209 216 219 
232 233 235 236 237 239 242 243 248 253 254 260 
276 277 280 282 283 284 285 286 289 294 298 299 
301 304 307 311 314 320 324 325 327 332 335 336 
349 351 354 358 360 363 364 366 370 374 377 378 
383 388 392 393 396 397 398 403 404 405 411 412 
419 420 423 424 427 442 450 456 460 461 462 464 
469 471 474 476 477 478 481 483 486 488 492 494 
500 513 515 519 520 522 529 533 540 544 550 553 
555 558 561 562 564 575 581 590 591 605 609 611 
613 616 619 620 623 625 631 632 639 640 648 650 
658 659 661 662 665 667 668 670 674 675 678 680 
682 687 692 699 700 701 705 713 715 716 718 720 
721 722 730 735 738 747 751 752 756 757 761 772 
773 777 782 785 788 789 790 796 797 799 800 
215
1 5 7 13 15 18 19 20 23 25 26 27 
34 35 38 42 45 47 48 50 53 55 57 58 
60 63 66 67 68 70 74 75 76 78 79 83 
87 90 100 103 104 113 114 116 131 138 148 149 
150 161 163 165 169 182 188 194 195 209 210 211 
225 226 229 230 231 232 236 239 249 252 256 260 
263 266 268 271 273 282 290 291 294 297 301 302 
305 307 319 330 331 334 335 339 343 345 347 348 
355 356 358 360 367 384 388 393 397 403 406 411 
417 418 419 421 422 426 427 430 433 437 442 447 
449 455 458 460 461 467 473 474 479 480 482 486 
487 488 494 502 508 509 511 512 516 518 519 525 
537 538 543 546 549 551 559 568 569 570 572 575 
576 580 581 592 595 596 602 604 621 628 635 636 
640 645 649 650 652 654 659 663 665 667 669 672 
674 675 686 691 698 712 715 720 726 730 731 733 
736 749 750 752 756 759 760 761 763 764 765 766 
768 769 771 776 781 784 788 791 794 796 800 
233
9 11 15 16 18 21 27 28 31 36 40 42 
48 51 52 53 57 58 63 64 65 66 69 72 
74 82 89 92 95 96 99 100 101 103 116 118 
121 122 123 124 127 128 129 130 132 139 147 149 
154 159 160 166 167 168 169 174 175 176 178 182 
188 195 200 204 206 219 223 229 231 239 241 243 
245 247 252 253 254 255 259 262 264 265 266 269 
271 273 278 283 293 295 296 298 305 313 317 320 
326 327 328 330 332 337 341 346 348 353 355 360 
362 364 365 371 378 379 385 386 389 395 399 400 
401 402 410 411 412 417 422 424 425 427 428 434 
435 436 440 441 448 453 455 457 464 475 479 483 
487 507 510 511 517 518 520 521 525 526 527 531 
536 547 552 556 558 559 563 565 569 570 578 580 
581 584 585 596 597 603 606 607 611 614 617 618 
621 625 628 629 633 644 655 663 664 666 669 671 
672 679 682 689 692 693 694 698 699 703 705 710 
712 716 722 724 728 730 735 741 744 749 751 754 
759 760 762 764 768 770 773 776 783 785 787 790 
791 792 793 794 795 
228
3 8 15 17 19 26 27 33 34 36 42 46 
67 69 70 76 77 78 79 81 82 83 89 91 
92 93 95 99 100 101 104 105 108 109 110 111 
118 120 122 124 127 128 135 139 140 147 149 152 
156 159 161 164 171 172 177 183 185 188 190 191 
195 201 203 205 206 207 209 210 213 214 217 219 
221 225 228 233 242 246 248 251 256 257 260 261 
263 266 268 272 273 279 284 286 290 291 293 295 
297 298 299 302 307 308 313 318 322 328 333 335 
336 338 339 341 346 347 348 350 352 355 360 367 
368 371 372 373 378 382 395 401 408 410 413 418 
421 423 426 427 435 437 438 439 441 442 448 449 
452 460 464 465 477 479 480 483 484 498 499 501 
506 512 514 517 536 538 539 555 558 559 561 565 
568 570 572 576 587 589 591 594 610 612 613 621 
622 628 629 632 633 640 641 647 648 652 653 657 
666 668 669 670 671 678 679 682 687 688 689 703 
719 720 722 726 728 730 734 735 739 746 751 754 
756 760 763 770 771 773 776 784 785 792 794 799 
247
1 3 5 6 7 9 11 16 17 18 25 26 
27 29 32 35 40 42 44 45 46 47 49 52 
55 57 58 59 60 63 64 70 83 84 86 97 
101 107 108 110 118 121 123 125 126 127 129 133 
134 136 137 138 140 142 143 147 149 150 151 152 
153 154 159 160 161 166 167 169 170 176 178 181 
184 188 190 193 197 201 206 209 212 214 218 220 
221 222 224 228 229 230 234 236 237 239 245 248 
249 251 254 256 285 286 288 296 300 301 303 306 
307 308 311 314 319 320 322 323 327 330 331 338 
339 351 358 362 368 373 378 379 380 383 385 386 
392 393 403 405 411 414 416 422 423 427 430 431 
440 443 445 449 463 470 471 473 476 478 485 489 
490 492 499 500 501 504 506 508 514 519 521 528 
541 543 545 548 549 553 558 561 570 572 573 576 
578 583 585 587 590 598 603 605 606 609 612 617 
627 630 639 641 642 648 657 659 662 667 669 675 
676 677 685 686 687 690 693 694 702 709 710 714 
716 723 725 726 728 730 735 743 744 745 748 749 
755 756 757 759 761 764 766 767 770 771 772 785 
786 790 792 793 794 795 799 
237
1 3 5 6 9 18 19 20 22 23 25 27 
29 32 33 37 44 45 47 49 50 51 53 56 
58 63 64 66 67 72 76 81 86 91 92 100 
101 102 107 110 114 122 124 126 127 130 131 133 
139 146 150 152 155 163 166 168 179 180 182 184 
185 187 190 195 196 197 208 209 217 218 225 228 
229 236 237 240 242 248 253 255 256 257 258 261 
265 271 272 278 280 281 282 287 288 290 296 298 
299 300 304 310 311 322 323 327 328 332 333 339 
342 349 351 352 364 365 366 374 376 380 384 386 
389 391 395 406 407 410 412 413 416 422 432 438 
440 445 446 452 453 458 460 461 463 465 470 474 
476 479 482 485 487 488 489 492 495 496 498 499 
507 514 520 523 525 526 532 537 543 546 551 552 
556 566 570 571 572 574 578 581 582 585 587 589 
592 594 595 597 600 601 613 621 624 625 626 627 
628 632 637 639 641 646 650 651 652 654 656 660 
662 666 669 670 672 674 675 676 684 689 694 696 
699 702 704 713 718 727 729 731 734 746 747 751 
757 766 769 771 774 777 784 791 800 
246
3 5 6 12 15 20 29 30 32 43 48 49 
54 56 57 62 65 67 77 80 83 89 91 98 
100 102 111 112 113 114 118 124 134 135 136 139 
142 143 149 152 154 155 158 164 165 167 170 172 
176 178 183 185 186 188 190 192 196 200 201 203 
204 207 210 220 223 225 228 229 234 238 241 243 
244 249 253 255 256 258 259 268 271 280 281 283 
286 288 289 294 299 306 307 308 310 312 313 315 
319 321 322 330 331 332 335 336 341 345 352 353 
354 357 362 365 367 368 370 372 373 376 379 381 
386 387 394 395 398 403 404 406 414 417 422 429 
433 435 439 445 447 450 452 457 460 461 463 472 
476 477 481 485 488 493 495 499 510 515 518 522 
527 530 531 534 535 536 537 539 540 547 552 556 
566 570 574 576 579 581 585 587 589 595 597 599 
600 601 607 609 610 612 614 615 616 617 627 631 
633 636 639 641 650 653 657 660 665 667 668 669 
670 677 680 681 686 691 695 705 707 708 709 710 
712 713 714 718 721 726 727 733 734 735 736 740 
742 744 746 749 753 754 763 769 777 778 781 782 
783 785 794 796 797 800 
249
4 7 12 13 15 16 17 18 25 26 32 33 
34 37 45 46 47 56 60 61 70 71 81 82 
84 85 87 89 90 94 95 96 97 98 102 106 
107 110 114 129 132 133 134 135 136 142 144 145 
146 147 151 154 159 163 167 173 175 177 178 180 
183 188 193 194 196 197 198 200 203 205 207 213 
217 223 224 233 234 245 258 261 265 266 268 277 
278 279 297 303 306 310 311 315 318 321 328 335 
340 343 347 352 356 357 362 368 371 378 385 389 
393 395 396 398 400 401 402 405 406 407 408 413 
415 420 426 430 431 432 433 435 437 438 443 446 
447 449 451 460 461 462 466 468 474 476 477 484 
488 489 491 495 497 501 503 507 508 510 511 514 
518 519 521 524 525 527 534 536 540 541 542 544 
547 548 550 553 558 559 562 563 566 568 570 572 
573 577 586 598 613 615 617 624 628 642 646 647 
652 659 660 661 662 663 665 667 669 670 673 678 
679 682 684 687 693 696 698 702 704 708 711 712 
716 718 721 722 730 732 733 735 736 742 745 747 
748 752 754 755 756 757 762 763 764 772 773 779 
781 788 789 790 792 794 796 799 800 
270
2 5 7 10 11 13 15 18 20 22 25 26 
32 35 36 37 42 44 46 51 52 58 59 60 
61 62 63 64 66 69 71 73 77 78 79 83 
85 88 89 91 92 93 95 99 101 105 112 114 
116 117 119 120 121 126 127 129 143 148 152 155 
156 158 160 162 169 171 178 179 181 185 187 192 
201 203 205 211 219 224 226 233 241 243 246 248 
251 254 257 258 260 269 273 276 278 279 285 293 
300 307 313 315 316 321 322 326 329 330 333 334 
335 336 337 341 343 345 346 347 351 359 360 362 
364 366 370 383 387 388 389 390 393 397 400 401 
407 409 414 416 418 419 420 421 422 423 425 426 
429 432 433 434 436 437 439 442 443 446 452 453 
454 460 464 468 471 472 474 476 477 478 480 481 
487 495 503 505 507 511 512 518 520 524 529 537 
539 543 544 547 548 550 551 564 565 568 570 577 
582 585 589 592 593 594 595 599 601 603 604 613 
626 632 633 634 635 636 637 639 640 644 645 649 
650 651 653 654 655 656 659 662 668 673 675 679 
682 687 689 692 696 700 701 702 705 706 714 715 
716 717 719 725 729 733 737 741 742 750 752 753 
754 755 757 760 762 765 769 774 776 778 783 784 
785 787 790 792 796 798 
238
2 4 7 8 9 11 14 17 22 23 24 25 
30 41 43 45 58 59 63 64 67 72 73 77 
84 88 94 95 98 101 104 107 112 114 115 120 
123 125 129 130 135 137 138 158 162 165 168 180 
183 187 194 195 202 206 209 212 213 216 217 219 
221 225 226 231 232 233 236 237 240 241 243 250 
251 256 262 267 269 270 276 282 290 296 298 301 
309 311 313 320 322 325 326 328 334 335 336 337 
346 349 351 352 353 354 357 360 363 373 376 378 
380 381 382 387 388 392 398 401 402 410 414 416 
417 420 423 425 429 432 435 439 441 451 452 453 
454 462 467 473 477 479 481 482 492 493 497 501 
502 503 506 509 512 514 516 517 519 520 531 532 
536 542 543 545 548 550 551 552 553 554 557 559 
561 564 573 574 577 578 585 595 597 598 600 602 
604 610 612 615 617 620 621 622 624 630 631 641 
643 647 648 651 653 655 658 666 667 668 670 672 
674 679 681 685 692 693 703 709 714 718 722 723 
727 731 734 735 739 741 743 748 750 751 752 756 
761 770 772 778 788 789 790 796 798 799 
246
3 8 12 17 20 23 25 28 29 30 35 36 
40 41 46 48 49 52 54 55 63 70 72 73 
78 82 90 91 94 99 101 108 109 116 117 132 
134 136 138 141 143 144 147 154 155 158 161 163 
168 175 177 178 179 183 184 192 193 195 196 199 
214 218 220 226 227 228 232 233 235 238 241 248 
249 250 251 252 265 266 268 269 271 273 274 276 
278 281 283 286 288 291 292 294 302 307 310 320 
321 326 329 330 334 337 339 343 345 350 352 354 
355 360 365 366 367 368 370 373 374 376 377 379 
381 387 395 398 406 411 416 419 420 421 428 433 
436 440 441 445 446 448 454 459 460 461 464 466 
468 469 470 473 474 482 486 492 493 494 496 499 
502 503 507 515 519 529 533 534 535 538 549 550 
552 558 563 568 579 580 581 583 584 585 588 590 
591 592 597 599 606 610 618 619 620 627 630 636 
643 644 645 648 649 651 657 659 661 663 665 670 
671 677 682 685 688 691 692 694 695 698 701 705 
706 711 717 718 719 721 723 724 725 726 729 734 
739 744 745 746 750 752 754 760 761 765 767 777 
780 782 785 786 794 798 
235
2 4 5 6 27 31 32 34 38 39 40 43 
55 57 62 64 67 75 76 91 95 100 101 104 
107 113 117 122 125 127 136 138 141 143 144 149 
150 154 156 161 169 173 177 178 184 186 189 192 
198 200 204 207 208 216 219 220 222 223 228 236 
240 243 244 249 258 259 264 265 267 270 272 273 
277 283 293 294 301 304 314 315 318 320 322 324 
329 333 334 340 341 343 344 346 347 348 349 358 
371 372 373 376 379 380 387 392 393 396 397 400 
405 407 409 419 422 424 429 430 440 441 442 444 
448 451 457 460 470 476 480 481 482 483 488 490 
491 499 501 503 505 515 516 523 526 527 529 535 
538 542 544 545 547 548 554 555 557 561 565 567 
568 570 574 577 579 581 582 583 584 586 589 591 
592 595 596 598 599 600 601 606 607 609 610 615 
617 620 622 626 629 643 644 648 649 650 652 653 
659 662 663 668 669 670 671 673 674 675 678 680 
687 691 693 695 698 702 703 705 711 717 718 719 
729 739 742 745 746 748 754 755 757 765 767 769 
771 772 778 779 782 785 800 
232
1 2 5 8 9 19 25 28 32 35 38 40 
49 52 54 55 57 58 60 62 64 69 72 79 
90 96 99 102 106 109 110 113 117 122 126 129 
131 136 137 141 143 145 156 167 168 169 173 176 
177 178 184 185 190 194 201 204 206 207 208 211 
213 215 216 225 227 229 230 233 234 236 239 243 
245 246 249 250 251 253 258 260 262 272 282 292 
296 298 318 321 322 323 324 332 337 338 343 348 
366 373 374 375 376 377 379 380 387 389 397 398 
403 406 408 410 415 416 425 429 430 433 435 436 
439 440 444 445 447 450 454 465 471 475 476 477 
478 480 485 487 489 492 495 496 503 507 508 510 
512 514 517 523 524 525 529 534 540 543 546 547 
548 554 557 562 566 567 568 571 572 573 580 582 
586 593 596 597 600 606 607 609 610 612 613 614 
627 628 629 632 637 640 645 646 652 657 661 662 
668 676 692 693 694 695 696 698 704 706 709 711 
713 716 721 722 725 735 736 740 742 743 744 748 
753 754 765 766 768 771 773 780 781 782 783 784 
787 788 792 799 
242
13 14 20 21 23 34 37 38 42 46 48 53 
55 56 62 63 64 68 70 78 81 86 94 96 
99 106 111 115 118 122 123 125 126 132 135 137 
139 142 147 150 151 154 155 156 157 158 161 162 
163 165 167 171 177 179 189 192 193 194 196 203 
206 208 213 215 216 218 220 221 222 226 227 228 
232 235 248 249 250 255 257 258 271 273 274 275 
278 280 287 294 297 307 309 314 316 317 318 319 
320 322 324 325 331 332 336 338 340 344 345 347 
351 358 361 365 367 374 375 378 379 383 384 388 
394 396 400 403 404 405 406 408 413 418 420 424 
434 438 440 445 446 447 450 452 453 454 455 457 
460 462 464 465 466 468 469 471 473 475 478 483 
486 487 496 497 498 499 500 505 510 512 522 524 
526 527 534 536 538 545 547 550 551 554 556 566 
567 571 577 583 590 591 594 596 597 600 601 604 
610 616 619 633 636 637 647 648 652 655 662 663 
666 667 673 682 683 684 686 689 691 692 694 712 
717 719 720 721 725 735 739 742 748 751 752 754 
755 757 761 769 770 772 774 776 786 791 796 797 
798 799 
241
1 3 6 7 10 15 19 25 27 28 29 34 
35 37 39 40 43 44 45 49 50 51 57 65 
70 73 75 76 82 84 87 90 91 92 94 96 
97 101 103 105 108 109 110 115 117 118 119 123 
124 125 127 128 130 134 135 136 138 141 143 144 
151 155 156 157 159 163 165 167 175 178 180 181 
182 183 186 188 189 192 193 194 196 200 203 208 
216 220 221 222 224 233 236 242 243 246 251 256 
260 267 272 274 277 280 284 290 293 296 297 298 
302 304 307 308 309 314 323 324 326 333 338 342 
344 350 351 362 365 366 368 378 380 382 383 386 
392 395 413 421 425 429 433 434 440 443 447 449 
453 456 458 462 465 470 471 473 478 479 482 487 
495 506 508 510 511 515 518 519 525 527 529 532 
536 539 540 548 561 562 571 574 579 580 584 585 
590 594 595 602 603 604 612 617 621 622 627 630 
632 634 650 656 659 663 664 666 667 671 672 674 
675 677 678 681 691 693 695 696 697 709 710 711 
713 718 719 723 726 737 739 743 746 749 751 757 
761 763 766 770 773 775 776 784 789 793 795 798 
799 
252
1 3 6 8 10 12 13 15 18 19 22 28 
32 34 38 41 42 44 47 49 52 53 60 61 
67 71 72 73 75 78 79 81 83 85 86 89 
94 96 100 105 111 113 122 123 125 128 131 134 
136 140 144 147 153 154 158 165 167 170 173 181 
185 186 187 189 190 193 195 199 200 208 217 218 
219 220 228 236 248 257 258 260 261 262 263 265 
266 271 273 274 275 276 280 287 294 295 299 304 
309 316 317 319 323 326 327 328 329 332 333 336 
337 338 340 349 357 359 362 367 373 375 382 395 
402 414 421 429 430 431 432 434 435 437 438 441 
444 447 448 453 462 463 465 466 467 468 471 474 
478 481 483 484 489 490 491 493 495 496 498 506 
508 509 512 516 517 518 519 522 523 527 530 533 
535 536 537 541 543 544 545 553 566 568 578 580 
581 586 592 593 594 596 598 605 608 612 616 623 
625 627 628 629 632 639 643 645 647 650 657 659 
663 668 674 675 677 679 680 681 682 683 686 688 
689 691 692 693 694 696 702 707 709 711 713 722 
730 734 741 742 745 746 753 756 759 760 761 762 
764 766 767 768 777 779 781 784 785 786 787 799 
231
3 5 8 13 16 23 26 40 41 45 46 51 
59 63 68 69 70 74 75 79 81 82 83 84 
85 93 96 98 100 104 105 107 109 110 115 119 
120 123 124 125 133 134 139 143 144 147 148 153 
154 155 161 164 165 173 178 180 181 188 190 193 
194 198 199 202 206 209 210 213 215 220 221 225 
236 237 243 249 252 256 268 271 277 281 285 290 
293 295 296 297 300 303 304 309 311 315 316 317 
321 323 328 334 338 342 344 345 346 348 349 351 
357 360 363 364 366 368 369 370 374 378 379 387 
394 400 408 409 413 414 425 431 432 435 437 444 
446 449 456 458 459 461 464 465 467 468 472 474 
481 486 490 491 493 497 507 510 512 514 519 521 
525 526 533 537 539 547 549 552 554 555 561 570 
572 574 588 589 590 591 592 596 600 601 603 604 
609 610 615 620 623 624 626 632 640 641 643 645 
650 651 652 653 657 668 674 693 695 698 708 714 
716 718 719 721 722 723 724 725 727 728 741 742 
747 754 755 756 757 775 778 779 784 787 788 793 
795 797 800 
220
9 10 22 24 25 28 31 33 34 37 45 50 
51 52 59 69 71 72 74 75 80 84 88 89 
90 92 94 96 97 105 117 119 120 124 127 129 
133 138 141 146 147 155 156 163 168 173 179 184 
185 186 188 197 201 205 206 211 212 213 219 220 
222 223 224 225 237 240 241 247 251 252 254 256 
258 259 268 271 274 275 278 279 288 289 292 294 
295 302 306 316 318 319 321 323 325 327 332 338 
342 344 351 354 356 358 362 364 365 370 374 377 
378 379 385 388 389 392 393 396 399 401 403 408 
411 417 428 432 433 434 435 437 438 442 453 456 
457 459 463 465 471 474 476 480 482 485 491 498 
500 505 508 511 524 526 528 535 539 544 546 547 
552 556 558 561 562 566 571 572 575 582 585 587 
590 602 606 609 614 617 618 619 622 624 628 629 
632 633 634 641 644 650 652 656 657 659 667 681 
682 686 689 690 691 693 694 698 700 702 703 707 
708 711 739 745 752 760 761 762 766 772 776 777 
779 780 789 796 
238
4 5 19 20 21 23 28 32 37 44 48 53 
56 57 58 61 64 65 67 68 70 72 74 77 
79 84 91 97 98 101 102 103 105 107 110 112 
113 119 122 126 127 128 130 131 132 137 139 143 
146 148 149 155 157 173 174 176 177 178 181 182 
186 190 199 204 205 218 219 224 225 231 232 235 
237 244 248 252 257 259 264 270 272 276 281 282 
290 291 292 296 298 305 308 312 313 316 317 339 
344 345 347 348 349 355 356 364 368 373 375 379 
388 390 392 393 395 397 399 400 402 407 412 413 
415 420 421 427 429 430 432 439 444 452 453 460 
462 463 464 467 468 471 480 481 482 490 491 492 
493 497 502 505 507 510 516 519 521 522 524 526 
527 531 532 535 536 544 545 546 548 549 551 552 
554 559 560 563 567 572 574 575 585 588 592 596 
599 602 603 605 609 614 616 621 625 626 632 633 
634 642 644 653 655 657 658 665 667 673 675 677 
678 679 688 695 698 701 703 704 705 708 709 711 
715 716 719 724 727 738 739 740 743 749 751 752 
754 755 759 765 769 776 778 787 791 795 
234
2 3 11 14 15 23 39 40 41 46 51 54 
56 59 68 70 71 73 80 82 87 89 91 93 
94 95 97 103 105 107 108 118 119 120 123 124 
128 134 137 147 150 157 159 165 168 169 170 174 
178 184 189 192 194 200 203 209 213 220 223 228 
230 231 239 240 245 246 252 257 260 262 263 267 
273 274 276 281 287 292 302 304 307 309 311 314 
315 319 328 331 336 338 343 348 360 363 365 367 
369 372 375 376 379 382 383 384 385 394 399 403 
408 409 415 417 418 421 423 427 436 437 440 441 
442 444 446 448 450 455 457 458 459 462 464 466 
468 469 476 481 483 486 488 490 494 496 501 504 
505 506 510 512 513 514 515 516 520 522 524 525 
527 528 530 532 533 536 540 542 543 544 550 551 
565 578 580 584 587 589 591 595 596 597 601 605 
616 618 623 628 633 636 639 640 642 643 645 646 
657 659 660 662 664 668 671 683 684 693 694 695 
706 710 713 716 719 723 725 727 728 735 736 742 
743 744 749 750 754 757 760 762 763 772 784 785 
787 792 793 795 798 800 
229
4 8 9 14 18 19 21 23 26 27 28 30 
33 41 42 45 46 49 52 54 55 57 61 62 
71 76 80 83 84 85 87 88 89 90 92 97 
98 101 102 103 108 111 117 119 123 129 139 143 
144 146 153 154 155 159 168 171 175 177 180 181 
186 187 189 190 192 194 195 199 202 208 209 213 
221 224 226 229 231 233 234 237 240 244 255 257 
258 261 267 272 274 277 279 280 285 287 292 293 
298 301 305 306 310 315 318 319 324 325 329 335 
347 354 356 361 363 364 373 375 378 381 390 392 
398 401 404 405 408 417 422 425 430 431 432 440 
441 449 456 460 461 466 467 470 471 473 478 483 
492 494 495 502 504 510 511 512 513 514 515 518 
529 531 533 536 538 546 548 551 557 566 567 569 
570 579 582 584 586 590 595 604 607 608 612 614 
616 617 621 623 624 625 630 632 637 639 643 649 
650 652 653 659 663 666 674 679 682 684 690 695 
700 706 710 713 714 715 718 719 724 725 727 743 
745 746 751 754 757 769 770 774 782 784 785 792 
794 
272
5 6 7 10 13 14 19 32 34 35 37 40 
41 43 45 47 49 50 51 55 57 58 59 62 
64 68 71 73 75 88 93 95 98 108 115 117 
121 125 128 131 135 136 138 139 140 143 146 158 
160 162 163 164 167 169 170 172 176 179 184 189 
197 199 200 201 203 204 210 212 213 214 215 219 
225 226 235 246 249 252 253 255 256 261 265 277 
278 280 283 285 288 294 295 296 298 299 300 302 
306 308 311 316 332 333 334 336 337 338 339 341 
346 351 352 354 358 361 364 369 371 372 373 376 
377 381 383 384 393 396 398 401 402 403 405 408 
409 411 413 415 418 420 429 438 439 444 445 446 
449 452 454 455 459 461 463 464 466 469 471 473 
474 480 487 488 491 492 495 500 501 502 506 510 
513 514 528 529 534 535 540 542 543 546 547 549 
554 555 557 562 563 564 571 572 573 575 577 582 
584 587 588 589 592 593 595 602 604 606 607 608 
611 612 613 614 617 621 625 626 630 631 633 634 
636 637 638 641 646 650 659 666 670 672 673 674 
675 677 679 681 682 685 687 688 689 691 693 703 
704 706 709 719 729 731 733 738 740 741 749 750 
752 753 754 763 764 765 766 768 771 773 774 775 
776 778 782 785 790 794 796 799 
232
1 6 7 10 13 15 21 22 26 27 43 45 
47 53 54 55 58 59 60 68 69 72 74 76 
82 89 91 96 104 107 110 111 112 113 115 121 
126 127 132 137 145 147 149 150 156 157 164 165 
167 173 174 187 191 199 200 203 212 215 217 218 
220 221 227 230 234 235 236 242 243 244 252 254 
256 260 264 265 266 271 272 274 276 280 281 282 
283 288 291 293 294 299 302 304 306 309 310 313 
315 317 322 324 325 326 327 337 342 348 349 363 
367 368 370 374 378 385 388 389 390 392 393 394 
395 396 399 400 405 414 419 421 422 423 434 435 
438 439 440 450 451 453 454 456 464 465 466 488 
495 496 499 502 504 507 509 510 512 514 518 519 
520 521 530 537 539 546 555 559 560 562 568 573 
574 582 583 590 592 600 604 605 607 610 611 614 
615 618 623 630 646 647 648 650 668 669 672 675 
678 679 681 683 687 692 696 699 700 704 705 706 
713 718 721 723 724 726 728 732 734 735 737 740 
747 750 756 759 762 763 766 768 773 776 780 783 
790 791 796 797 
227
1 2 3 5 9 19 24 26 27 30 33 38 
39 41 42 45 56 57 58 60 67 72 77 78 
87 88 92 98 101 103 104 121 126 127 129 132 
133 137 139 148 149 151 154 158 159 160 161 162 
168 169 173 174 180 188 194 198 199 207 208 220 
221 223 226 228 231 233 234 242 243 244 249 250 
251 252 254 263 264 270 276 281 285 286 294 305 
308 310 311 313 315 318 320 321 322 323 325 331 
332 333 337 343 345 348 350 355 363 365 366 367 
368 373 386 391 392 396 399 408 413 414 415 427 
428 436 439 440 444 445 453 456 461 468 474 479 
483 487 491 494 501 508 511 514 517 520 521 523 
524 530 531 535 538 541 543 545 564 566 572 576 
577 579 583 586 587 588 590 592 593 601 607 608 
615 616 618 619 620 622 623 624 626 634 635 638 
639 643 644 648 652 653 655 656 661 673 678 680 
684 692 698 702 708 711 712 715 718 722 726 728 
731 732 733 734 735 736 737 739 741 744 746 752 
760 763 765 766 770 772 778 781 786 791 798 
248
1 4 7 8 10 13 19 20 21 22 29 30 
32 38 39 58 59 60 65 68 72 73 77 78 
89 95 96 100 107 109 110 111 113 117 125 127 
135 137 139 141 145 150 151 152 154 155 157 158 
164 165 166 172 176 179 182 191 196 199 203 204 
208 209 212 216 220 222 228 230 232 233 235 240 
241 242 243 244 246 247 251 253 255 256 257 262 
272 274 281 282 284 286 289 291 292 294 295 297 
299 300 304 312 315 316 319 326 327 330 335 345 
348 356 359 361 367 371 372 374 380 383 384 394 
397 400 403 406 407 408 409 410 413 421 423 424 
425 428 429 430 431 433 436 437 440 444 445 446 
457 458 460 462 470 479 488 490 491 502 503 512 
517 518 523 529 531 535 538 539 542 543 544 545 
547 548 550 552 561 567 568 571 573 574 578 579 
581 582 584 592 593 598 599 601 607 608 609 610 
613 614 615 616 617 618 623 625 633 634 636 642 
647 649 650 654 656 658 659 660 662 664 674 676 
677 682 683 689 699 703 705 708 710 711 713 715 
716 720 722 723 731 736 741 744 746 747 761 763 
766 773 777 782 788 791 795 796 
237
1 2 5 10 11 16 17 19 20 22 25 30 
32 39 40 46 57 60 61 62 64 65 68 69 
70 74 80 82 83 90 92 93 95 99 107 108 
113 114 121 122 123 134 137 141 144 145 149 161 
162 174 180 187 197 199 202 205 208 211 213 218 
219 221 222 235 236 240 241 244 245 246 256 266 
270 273 276 277 281 288 290 292 294 304 311 317 
319 323 324 325 330 332 333 334 335 339 342 343 
346 347 350 355 356 359 360 362 364 365 366 371 
374 375 376 382 387 393 395 396 397 400 402 404 
405 408 409 410 415 420 421 422 426 434 437 439 
447 448 450 453 457 464 466 467 468 471 474 477 
480 483 484 485 493 502 504 505 507 515 519 521 
526 530 531 533 534 536 539 541 548 549 552 553 
556 565 566 567 574 578 580 585 587 590 592 593 
598 603 616 621 625 629 635 637 638 648 652 655 
656 658 660 662 664 669 670 671 672 673 675 676 
680 682 692 693 698 700 701 705 713 719 721 722 
728 730 731 736 738 739 742 743 748 754 756 763 
765 768 769 775 776 778 781 785 795 
239
3 10 13 16 17 20 22 24 25 26 29 30 
34 35 41 42 46 48 50 51 54 55 56 62 
65 67 68 75 76 82 85 86 87 93 94 101 
103 104 108 118 124 128 133 140 145 146 154 155 
158 160 163 169 171 173 174 180 182 184 186 192 
193 194 197 206 212 214 219 220 223 224 227 228 
229 230 232 234 235 239 244 245 249 250 259 261 
262 266 271 272 280 283 292 293 295 304 307 308 
312 313 315 318 322 324 325 327 329 330 334 339 
345 346 348 351 352 353 354 357 358 360 363 365 
372 383 385 388 389 391 392 394 400 402 409 412 
416 429 431 432 438 440 443 444 447 450 459 463 
465 471 472 476 477 497 500 501 504 506 507 512 
515 518 519 529 530 531 532 533 539 540 545 547 
551 557 561 564 568 571 573 574 577 578 580 583 
584 590 592 594 597 609 613 614 615 616 620 622 
623 624 625 626 629 631 633 638 640 646 647 652 
654 658 659 664 665 667 669 677 681 683 695 698 
701 702 710 711 722 724 729 731 733 735 750 752 
757 761 771 773 775 777 778 780 782 793 797 
230
1 3 6 15 19 24 26 28 35 38 39 42 
46 55 64 65 67 68 72 74 75 81 94 97 
100 110 111 117 118 121 128 131 136 137 138 144 
145 149 165 177 179 180 183 186 189 192 193 194 
196 200 206 208 211 215 218 220 223 225 227 232 
234 235 237 241 248 250 251 258 260 263 266 269 
276 283 284 291 292 295 300 302 303 304 305 309 
310 312 315 317 323 324 327 339 340 353 354 357 
360 362 363 365 366 377 379 380 381 384 389 393 
396 397 400 402 404 407 409 412 413 415 419 420 
423 425 429 431 432 443 444 446 447 458 459 460 
462 465 466 468 471 474 475 476 481 483 488 489 
490 491 502 503 504 505 509 511 514 516 518 520 
521 523 529 532 540 542 545 547 559 564 569 575 
580 588 591 592 597 605 607 612 616 621 622 623 
624 626 628 632 634 638 639 646 649 651 653 656 
658 659 661 662 663 676 690 693 701 705 707 708 
710 717 721 722 723 726 728 729 734 739 741 744 
745 750 751 757 761 772 773 780 785 786 790 791 
793 794 
249
12 14 18 19 28 31 34 38 41 47 50 53 
59 61 62 65 71 73 76 78 82 84 85 88 
89 91 92 93 96 97 98 100 102 104 107 109 
111 117 121 127 128 129 131 135 139 140 142 143 
148 149 152 154 158 168 174 176 186 189 191 195 
197 199 200 202 207 208 211 212 214 215 217 218 
222 228 231 234 236 238 240 247 259 260 266 267 
269 273 278 279 285 286 287 291 294 296 298 300 
305 309 310 313 315 316 320 323 328 329 330 332 
336 342 344 345 348 350 352 353 359 360 362 367 
368 369 370 371 372 373 377 380 383 386 394 398 
400 401 404 405 407 410 411 412 413 416 421 423 
429 432 444 447 451 453 464 469 478 480 483 485 
492 496 499 501 502 504 505 506 515 516 518 520 
522 525 531 535 536 541 543 549 554 556 557 558 
562 565 572 577 581 591 596 598 601 605 615 616 
617 619 620 627 629 630 640 652 653 655 657 659 
660 662 664 666 669 672 673 676 677 679 683 685 
691 695 698 699 700 706 707 708 716 721 725 727 
729 741 744 745 746 751 756 758 762 764 766 768 
772 776 778 780 784 791 796 798 799 
231
1 3 8 14 16 19 25 26 27 31 32 33 
34 38 40 44 45 46 55 57 59 61 63 68 
69 72 73 78 81 85 87 89 94 96 97 102 
103 113 114 116 122 129 132 138 141 145 146 147 
148 149 150 151 157 158 161 163 166 168 172 177 
179 181 183 189 190 194 195 197 199 209 213 215 
217 219 223 227 228 232 236 241 243 245 247 248 
255 256 262 265 267 272 274 276 278 282 288 289 
291 293 301 303 304 311 313 326 334 341 342 344 
355 358 371 373 374 376 380 384 392 396 397 398 
399 406 412 414 415 421 426 427 429 440 443 444 
448 457 459 465 467 475 478 485 486 487 488 489 
490 491 492 494 495 497 516 523 531 532 533 534 
537 538 540 542 550 551 552 553 556 558 559 564 
566 567 568 570 581 585 588 595 601 603 605 606 
607 608 611 613 617 620 621 622 624 626 627 628 
631 636 644 650 654 655 656 661 663 665 669 674 
676 677 681 683 687 688 689 702 706 708 712 728 
736 741 742 743 749 756 762 771 775 777 784 786 
791 796 799 
256
1 3 11 12 14 17 18 20 22 28 29 30 
33 36 39 41 43 45 51 52 53 57 59 64 
66 70 71 72 78 84 87 101 102 106 107 108 
112 116 118 120 121 127 134 136 142 144 145 146 
148 149 150 151 154 159 161 167 176 193 195 198 
199 203 206 207 209 210 211 213 214 217 218 223 
232 247 251 252 254 261 265 268 269 275 277 279 
280 281 282 284 286 287 289 291 292 293 294 299 
300 302 306 308 317 318 322 325 326 327 332 333 
341 343 347 348 349 350 352 355 358 359 360 361 
363 369 372 373 374 376 377 378 385 387 391 393 
400 403 406 408 410 412 425 426 432 438 443 445 
449 450 454 455 461 465 467 468 469 471 472 480 
484 491 493 495 501 504 507 508 509 510 516 519 
528 530 536 542 545 549 551 563 567 568 569 570 
573 574 576 578 582 593 594 596 599 600 610 611 
614 615 625 632 633 637 638 639 642 644 645 649 
652 657 658 660 662 668 676 677 678 682 687 688 
690 692 694 695 697 704 707 714 717 718 719 721 
724 726 727 729 730 734 737 738 745 753 757 758 
759 761 771 777 779 781 783 784 786 788 790 792 
794 796 797 798 
208
8 17 18 21 30 31 33 40 43 47 48 49 
59 68 71 74 79 80 81 83 89 91 93 94 
103 104 108 110 113 116 120 121 124 126 131 136 
138 142 151 156 159 162 163 166 175 177 178 179 
184 189 190 192 194 196 200 205 209 210 214 222 
226 239 241 255 257 258 270 276 277 280 281 284 
299 301 303 311 312 314 319 327 331 335 339 342 
343 345 348 351 352 353 355 356 357 359 364 368 
372 382 388 390 392 394 398 401 410 416 417 421 
434 435 436 438 439 440 454 455 476 479 480 482 
490 493 494 500 511 517 530 535 536 545 547 553 
556 560 562 564 578 579 580 589 594 595 596 600 
607 608 610 613 616 627 629 634 636 639 640 642 
647 658 659 664 665 668 671 675 677 678 680 681 
684 686 688 693 696 698 705 708 710 712 714 716 
718 724 725 729 731 732 734 735 738 743 745 750 
751 752 757 758 761 766 769 770 776 777 782 784 
787 788 792 796 
239
4 8 9 11 17 20 22 27 29 30 33 34 
41 42 43 48 50 55 59 63 64 67 77 82 
83 87 88 89 93 94 96 104 109 112 113 114 
119 120 123 124 125 127 132 133 135 138 143 150 
151 154 155 156 166 173 174 175 178 180 182 184 
185 190 195 198 199 200 201 202 203 205 207 208 
209 214 217 219 228 229 231 234 237 243 247 250 
251 252 253 254 264 269 270 273 276 280 285 286 
287 289 292 302 303 304 306 310 314 321 322 328 
335 338 340 349 351 355 364 370 373 378 382 383 
384 385 387 393 395 396 398 399 400 404 409 410 
412 418 421 427 430 431 433 436 438 440 446 447 
448 456 459 460 461 463 464 466 467 470 471 475 
482 486 487 493 499 501 503 504 522 523 526 529 
530 532 533 535 537 542 551 555 562 568 572 576 
577 579 581 583 584 588 593 595 598 600 602 606 
607 612 613 615 628 631 635 637 638 655 661 662 
669 676 677 678 683 686 695 704 706 709 711 712 
718 724 727 730 733 737 741 747 748 749 750 752 
757 759 761 767 777 779 780 786 795 797 798 
238
4 5 6 11 12 21 27 28 34 35 36 40 
44 49 53 55 61 63 66 67 69 72 74 83 
89 90 92 107 113 114 116 117 122 124 133 135 
138 140 142 145 148 149 150 151 155 156 164 174 
177 179 181 182 184 187 193 195 196 201 205 212 
223 226 230 231 238 239 240 242 249 252 256 260 
262 265 267 270 272 276 285 290 292 293 294 300 
303 304 305 312 313 314 317 322 325 329 330 333 
334 338 339 343 347 353 356 357 358 359 362 363 
364 365 369 373 374 379 384 386 388 389 390 393 
398 405 409 411 415 418 421 423 426 428 429 436 
437 445 446 450 452 464 466 467 469 472 478 485 
493 498 503 504 511 512 513 514 519 520 526 528 
542 545 553 554 556 557 558 559 561 563 565 568 
569 571 572 573 582 585 588 592 598 599 600 602 
605 607 610 613 621 622 623 625 630 634 635 636 
638 650 654 660 667 669 675 679 680 682 687 689 
694 695 696 701 712 713 714 716 719 724 727 728 
730 731 732 733 734 743 744 754 763 764 765 766 
770 773 777 783 785 786 787 788 793 794 
228
3 6 17 19 21 22 23 25 27 32 40 42 
44 46 51 54 56 57 60 63 71 72 75 78 
85 86 87 88 94 98 101 102 106 107 108 109 
113 116 124 125 128 135 136 139 140 146 148 150 
160 164 165 168 169 174 195 199 200 201 203 204 
212 228 229 230 232 235 236 242 243 251 260 267 
268 269 271 281 289 292 297 298 300 303 304 314 
318 326 334 335 336 338 340 343 345 348 349 351 
353 354 358 361 372 374 377 394 395 400 401 405 
407 410 411 412 414 415 416 417 419 420 425 433 
435 442 447 450 457 458 465 478 482 483 484 491 
492 500 502 505 507 509 510 512 516 519 523 526 
527 537 543 550 554 556 560 564 565 566 567 569 
571 573 576 578 579 581 588 590 592 596 598 601 
605 609 610 611 623 624 625 626 630 633 637 641 
642 649 654 655 661 662 668 669 674 676 677 680 
683 691 692 696 697 699 704 710 711 712 714 715 
717 725 726 730 732 734 735 737 742 745 758 759 
760 762 765 767 768 770 775 778 780 786 789 791 
254
4 8 9 11 14 17 20 25 31 34 37 38 
40 41 42 48 51 53 55 59 71 77 79 84 
92 93 94 100 102 103 106 109 113 124 130 134 
135 139 146 151 155 156 158 162 165 172 173 179 
180 182 188 191 192 194 195 196 197 199 203 206 
207 211 212 216 217 220 222 223 224 225 227 229 
230 237 238 240 248 249 250 253 256 258 262 264 
266 269 278 279 282 293 294 296 298 300 309 310 
311 315 318 320 323 328 330 335 336 338 339 340 
343 344 345 346 347 356 357 358 359 361 365 371 
377 380 381 382 384 387 390 391 395 399 402 410 
411 412 413 414 417 418 421 424 430 434 436 442 
446 449 451 453 457 463 465 466 468 470 474 475 
476 477 478 480 481 483 487 489 493 495 496 502 
504 517 519 522 530 533 536 538 543 547 563 567 
575 576 577 579 580 581 582 585 586 592 594 595 
596 597 600 602 603 608 609 610 612 618 625 626 
630 632 635 639 640 649 653 655 665 667 668 671 
682 685 687 698 699 701 704 707 708 709 710 713 
719 724 734 736 737 742 750 751 752 753 758 759 
765 767 775 776 787 788 789 790 791 792 795 796 
798 799 
246
5 9 11 15 18 24 25 31 35 38 47 48 
51 53 55 58 62 72 73 76 78 81 84 86 
89 90 94 100 102 107 111 112 113 117 120 123 
124 126 127 129 133 136 138 141 142 151 154 155 
158 160 163 167 168 175 179 180 185 189 192 193 
195 204 206 209 218 230 233 235 237 240 241 242 
246 253 257 259 262 265 266 267 272 275 277 281 
285 286 291 292 294 296 299 304 305 309 312 314 
321 322 323 326 331 334 336 337 338 340 344 347 
354 361 366 368 373 374 378 379 382 384 385 387 
388 389 394 396 400 405 407 413 415 416 418 425 
426 429 430 434 438 440 444 447 454 455 469 471 
478 480 484 489 490 495 497 499 504 508 510 511 
514 516 517 523 524 526 529 530 531 535 539 540 
541 547 549 550 557 563 568 576 581 582 595 596 
597 602 603 607 613 615 617 618 619 627 630 636 
640 641 653 654 655 656 657 659 666 667 669 670 
672 674 675 678 679 680 686 688 706 707 710 711 
714 718 719 720 722 727 731 734 736 737 739 742 
748 749 750 751 756 759 761 762 769 772 774 776 
786 787 790 792 794 796 
230
1 4 7 14 15 16 30 32 37 44 54 56 
58 59 60 61 63 65 66 72 80 81 84 85 
86 88 90 95 109 119 121 128 130 142 146 149 
157 159 160 164 167 171 172 175 195 196 197 203 
207 212 215 218 226 232 233 242 245 247 249 250 
255 260 263 269 271 275 277 284 288 290 293 296 
297 298 299 300 301 303 306 308 309 312 313 314 
319 329 331 335 338 341 343 347 363 373 374 375 
385 389 395 407 408 413 414 416 418 420 422 433 
436 440 441 442 443 444 446 450 454 455 456 458 
460 465 466 470 472 480 486 487 488 489 492 499 
501 505 507 511 512 519 520 521 529 530 532 533 
537 540 547 549 553 558 561 562 567 573 575 582 
584 585 591 596 598 601 606 607 611 613 615 616 
617 621 625 631 632 638 641 644 645 647 651 664 
665 668 670 671 673 676 677 678 681 682 688 691 
693 697 699 700 701 703 707 709 710 712 717 720 
723 728 730 732 735 738 742 744 752 754 756 757 
762 765 766 779 780 784 785 787 791 793 796 798 
799 800 
232
1 4 9 12 14 16 17 22 24 26 27 30 
31 32 34 37 40 41 47 48 53 55 63 72 
76 77 86 90 92 96 100 101 109 110 116 117 
120 125 129 136 140 142 158 159 161 163 164 168 
172 173 174 175 178 180 182 183 186 187 188 189 
211 212 214 219 220 229 232 237 238 240 241 242 
252 254 255 257 261 262 267 269 270 272 274 278 
292 294 295 296 298 305 309 312 313 314 315 318 
321 324 329 332 333 336 337 343 344 346 348 351 
352 353 356 359 361 364 369 371 373 378 380 382 
384 390 392 398 399 400 401 402 403 407 413 414 
424 429 430 435 436 438 440 444 445 446 450 454 
458 463 464 471 474 476 484 485 491 493 495 504 
505 510 514 525 536 538 543 547 551 554 555 562 
568 576 579 582 583 586 591 593 618 620 626 627 
629 631 632 638 645 646 649 659 664 666 673 674 
677 683 684 686 690 691 692 693 695 698 699 704 
705 706 711 712 715 717 721 724 735 736 739 741 
742 748 753 757 758 763 765 767 771 776 782 783 
788 790 797 800 
263
7 11 12 13 14 17 20 21 23 25 27 29 
34 36 38 39 40 41 45 48 49 51 55 60 
66 69 73 75 78 81 84 87 88 89 90 91 
93 99 101 103 105 113 115 117 119 121 123 127 
133 134 135 136 137 139 140 141 144 146 149 153 
155 165 168 169 173 175 176 181 185 193 194 204 
207 210 212 215 216 218 219 220 225 228 231 233 
234 237 238 245 249 253 260 262 272 273 274 276 
283 285 287 291 294 296 297 299 300 301 304 309 
310 311 312 313 315 317 321 323 325 327 330 337 
345 353 356 357 362 363 368 378 380 382 388 389 
395 396 397 398 401 409 411 418 420 427 428 430 
432 434 435 441 442 443 446 454 455 456 460 463 
467 475 479 483 486 488 489 491 492 495 505 507 
510 512 515 516 517 520 522 523 524 531 535 537 
543 544 546 555 556 563 565 566 568 574 577 578 
586 587 588 590 597 598 600 602 604 607 608 612 
616 618 620 630 635 639 641 643 648 650 660 667 
668 678 683 685 687 688 690 696 699 700 702 703 
708 715 724 726 727 729 731 735 736 738 739 740 
744 749 750 751 755 757 758 765 768 769 773 778 
779 780 782 783 785 788 789 791 795 796 799 
221
4 5 7 8 11 16 18 28 30 32 35 37 
47 48 52 53 54 55 56 64 69 74 78 81 
84 87 89 91 96 110 111 113 118 122 124 125 
139 141 144 146 149 150 155 160 163 165 167 171 
174 177 181 182 183 185 186 192 197 201 210 217 
226 228 237 241 246 250 253 257 268 269 271 272 
278 279 294 298 301 303 304 310 312 315 317 321 
322 327 330 335 339 341 343 345 347 351 354 355 
361 362 364 372 374 377 380 384 389 392 400 401 
405 407 408 411 412 416 420 425 426 428 435 440 
441 442 444 446 447 453 454 455 457 459 460 462 
465 468 470 471 473 475 476 478 480 481 486 488 
493 494 499 509 510 511 513 515 517 523 528 533 
534 536 537 552 555 564 567 568 578 580 588 593 
594 595 597 605 612 613 615 617 619 620 621 626 
627 628 629 632 633 636 644 649 651 654 655 677 
684 689 692 696 699 705 707 713 719 720 724 725 
728 729 737 738 740 745 751 761 764 769 775 776 
780 786 788 791 799 
245
4 5 13 20 21 22 24 27 28 33 38 40 
42 51 52 58 60 61 62 64 65 67 68 70 
73 76 80 84 89 97 103 105 115 119 120 123 
124 125 127 139 144 146 150 151 152 156 157 159 
165 166 167 170 175 179 182 186 189 192 193 197 
198 207 208 211 213 214 223 225 229 230 231 234 
235 236 240 241 243 250 252 253 262 270 273 281 
285 293 294 295 300 302 303 307 309 314 316 317 
323 324 335 336 340 345 350 351 352 357 359 362 
363 365 366 367 368 371 373 374 375 378 379 380 
384 386 388 390 392 396 403 405 406 407 409 426 
428 435 436 439 441 443 444 448 451 454 463 466 
468 469 476 478 482 491 493 498 500 502 506 508 
510 512 516 518 522 525 529 533 534 537 540 542 
543 545 551 552 559 561 563 567 572 573 583 586 
589 592 603 608 610 614 625 629 632 634 635 653 
654 660 664 670 674 675 681 682 685 687 692 695 
696 697 699 700 702 704 706 709 710 712 715 716 
722 724 725 727 731 733 734 735 738 739 748 750 
753 757 759 762 763 769 770 773 774 775 776 778 
780 787 791 796 800 
234
5 11 15 18 20 22 24 26 27 38 41 43 
52 54 57 58 59 64 72 75 77 79 84 85 
88 92 93 104 107 108 109 111 112 113 114 117 
118 120 124 127 134 137 138 143 146 149 150 151 
153 159 160 165 167 171 175 176 177 178 183 184 
186 189 194 202 205 206 207 208 213 221 228 231 
234 235 236 237 241 243 245 246 247 250 268 269 
270 282 284 290 293 297 300 303 304 305 308 309 
312 318 320 321 322 324 331 332 335 341 342 343 
344 349 352 353 357 358 360 361 362 364 367 370 
371 373 383 385 387 388 390 391 395 398 403 404 
408 416 424 429 433 439 441 451 457 458 460 469 
471 479 480 485 486 487 491 493 499 503 509 511 
512 515 518 519 521 523 529 537 539 547 549 552 
554 555 557 558 563 569 570 573 579 589 593 595 
596 598 600 604 613 616 618 622 630 631 638 646 
653 657 662 664 667 679 680 681 683 686 689 690 
691 692 694 696 702 709 715 718 720 721 729 734 
742 743 744 747 749 750 755 761 764 766 773 776 
778 779 780 785 791 796 
244
6 13 17 18 19 27 29 31 35 36 38 45 
54 66 72 78 79 81 83 91 94 97 98 102 
103 104 109 111 112 113 115 116 117 127 129 131 
134 135 136 139 141 144 148 151 152 158 160 165 
169 170 176 183 184 188 191 210 213 220 222 224 
230 233 239 245 247 248 250 252 253 265 266 268 
272 275 277 280 283 286 288 290 294 296 299 300 
303 305 309 313 314 317 318 321 322 326 329 332 
338 339 342 346 348 351 353 359 368 369 373 375 
376 378 380 383 385 387 391 396 401 408 409 411 
417 418 421 423 424 429 431 433 434 438 439 441 
442 443 447 449 452 453 455 458 459 464 465 471 
473 474 478 480 482 483 491 493 498 502 513 517 
518 519 520 523 527 529 535 536 540 545 547 550 
556 559 560 562 564 572 574 578 581 587 592 593 
594 597 599 602 611 617 620 623 624 626 627 629 
639 643 645 648 649 651 655 656 664 668 671 672 
675 676 681 684 685 688 691 692 696 697 699 700 
708 710 711 712 713 733 736 738 746 750 756 758 
763 764 766 767 768 770 771 773 775 777 779 784 
786 789 792 796 
249
1 8 10 12 19 21 22 27 29 32 41 42 
43 46 47 51 54 61 64 65 66 70 71 73 
89 91 93 94 95 102 103 105 113 114 115 118 
119 122 126 127 128 129 130 131 133 136 139 140 
143 145 147 148 149 153 155 157 163 164 168 170 
172 174 176 177 181 182 184 192 195 200 201 203 
209 213 214 215 218 220 225 226 228 230 235 242 
246 248 252 253 259 260 264 266 269 276 277 280 
286 288 289 292 293 294 297 307 310 315 316 320 
324 327 332 336 343 351 355 356 358 367 368 377 
380 390 391 394 399 402 403 405 409 411 413 416 
421 423 427 428 432 434 446 449 451 460 461 462 
463 465 466 468 470 477 485 495 497 498 499 503 
504 511 512 515 519 520 522 523 525 526 532 533 
535 537 538 543 544 546 551 558 559 563 570 574 
579 583 585 586 589 592 595 596 597 602 604 605 
608 609 612 616 617 623 624 627 631 634 635 636 
647 648 664 668 671 675 679 683 684 685 687 691 
692 700 701 702 703 708 709 711 713 720 722 723 
726 727 731 737 739 741 742 744 746 758 763 771 
776 777 785 788 791 794 797 799 800 
230
2 10 12 13 26 30 43 46 47 48 49 56 
57 60 66 68 70 72 73 74 75 78 79 83 
87 91 92 94 106 108 109 112 113 116 118 120 
124 125 126 127 130 131 142 149 152 153 156 161 
162 164 167 170 175 177 182 183 191 192 194 197 
202 208 209 210 211 212 215 216 217 219 221 223 
232 238 239 243 254 259 260 262 266 274 278 279 
290 291 292 305 309 310 312 319 320 321 334 335 
336 339 344 351 352 353 354 357 359 360 368 369 
374 379 380 382 384 385 395 398 400 402 409 412 
415 417 420 432 435 437 439 440 441 442 443 448 
452 453 454 455 456 457 460 461 464 472 473 474 
477 478 488 493 494 495 499 504 505 508 509 513 
514 517 518 524 527 532 537 544 546 547 551 558 
566 567 572 575 576 580 587 605 606 616 617 621 
626 629 635 643 646 660 667 668 671 672 675 676 
679 681 682 694 695 698 703 704 707 708 713 716 
718 725 728 730 733 734 737 752 756 757 761 762 
763 764 766 770 773 775 778 779 783 786 787 796 
797 798 
214
8 9 14 18 27 36 40 42 43 47 48 52 
60 62 63 66 67 73 74 76 79 82 88 90 
92 93 96 99 101 102 106 118 120 123 124 133 
137 138 143 148 150 151 158 161 164 168 176 177 
179 181 182 184 185 190 201 204 216 218 221 224 
228 231 233 236 239 241 244 248 251 255 262 263 
265 268 272 274 278 280 281 285 286 292 296 297 
299 304 306 308 319 322 327 329 330 333 336 344 
347 350 356 361 364 365 368 370 376 381 384 385 
388 411 413 418 424 434 436 439 447 451 452 454 
462 467 468 469 471 475 476 477 478 479 480 481 
484 487 491 492 493 498 499 504 508 511 512 517 
519 521 523 527 529 531 533 534 536 538 546 547 
551 552 553 554 556 560 565 571 591 592 593 598 
600 606 608 609 610 614 616 618 619 625 632 637 
638 647 649 650 653 669 671 675 681 697 708 711 
717 726 731 733 736 737 747 748 750 751 756 760 
761 773 775 778 779 786 789 792 793 795 
263
3 9 15 19 20 23 25 36 40 41 50 53 
55 56 59 60 72 73 74 77 85 86 89 90 
91 95 96 98 99 100 109 110 119 120 121 128 
135 140 141 143 147 148 150 153 155 156 160 167 
170 173 177 179 180 182 184 186 187 189 191 192 
193 199 202 203 204 209 219 230 231 233 234 236 
238 258 261 265 270 271 272 273 274 276 280 282 
284 288 292 293 295 296 299 301 303 305 308 310 
316 317 322 323 325 329 332 341 344 347 349 350 
351 354 358 359 360 361 363 371 373 376 379 380 
381 382 387 391 399 404 407 408 416 418 421 422 
423 424 425 426 436 437 440 441 442 443 445 454 
458 459 460 473 474 475 479 480 482 486 488 492 
494 499 505 506 509 510 512 516 520 521 524 526 
530 534 535 537 542 545 547 553 558 559 561 564 
578 579 582 583 584 585 586 587 588 589 595 598 
600 603 608 611 613 614 615 622 625 626 630 633 
635 641 642 643 647 650 655 658 659 661 662 664 
666 667 668 676 684 688 694 695 697 699 702 711 
720 721 723 724 728 730 731 732 734 735 737 739 
741 743 744 745 749 750 754 757 758 768 770 771 
773 775 779 784 787 791 792 793 794 795 797 
229
3 8 9 12 16 24 25 34 37 38 44 45 
46 48 50 52 60 61 65 67 75 76 79 80 
81 83 84 90 91 94 96 100 102 104 106 107 
108 109 110 113 120 121 127 128 131 139 141 147 
152 157 162 165 168 169 171 173 178 190 191 195 
201 206 207 210 212 214 218 220 222 223 224 232 
235 238 242 246 248 251 254 255 262 263 264 265 
268 273 274 276 277 280 282 284 286 294 295 303 
306 308 309 313 316 321 322 331 332 337 338 340 
346 357 358 361 363 373 378 381 383 388 392 394 
401 404 410 413 415 417 426 427 433 435 438 454 
456 459 462 464 466 470 472 481 484 493 499 504 
509 513 514 519 525 526 530 532 537 548 549 551 
552 556 559 560 564 566 570 575 580 584 585 587 
588 590 591 594 596 600 619 620 622 625 626 636 
640 643 644 647 653 658 660 661 668 671 672 679 
681 688 695 698 699 708 710 713 718 722 723 726 
727 730 732 734 737 738 749 751 753 756 761 762 
764 768 771 777 778 782 785 786 787 790 796 799 
800 
243
9 10 12 15 17 21 25 27 35 43 47 51 
52 60 63 64 65 67 70 76 83 86 87 89 
100 102 105 107 108 109 111 114 118 124 128 135 
137 140 141 144 147 149 150 152 153 154 155 157 
160 162 165 173 176 177 180 188 190 191 195 196 
202 203 204 206 210 212 213 216 220 226 227 230 
232 233 235 237 247 251 252 255 275 277 278 281 
283 286 287 291 301 306 308 319 320 324 327 328 
330 332 334 336 339 342 344 345 346 349 355 361 
362 364 367 368 371 372 377 385 386 387 388 395 
396 403 407 413 414 416 418 427 428 432 435 436 
442 444 446 451 455 456 457 461 463 464 465 467 
469 471 472 473 474 477 489 496 519 520 521 525 
532 533 534 535 537 541 552 555 557 562 563 566 
570 571 572 575 576 579 582 583 586 595 596 598 
601 602 614 616 618 619 624 627 633 638 639 648 
650 651 653 658 660 670 671 674 681 683 684 694 
695 697 699 703 709 710 712 713 714 715 717 718 
719 723 726 732 734 736 737 739 743 754 756 757 
762 763 764 767 768 769 771 779 784 785 788 789 
790 792 798 
253
5 6 8 9 11 13 16 19 20 21 23 27 
29 31 32 34 39 42 47 48 50 58 59 63 
65 66 67 68 69 70 71 82 86 87 88 93 
98 103 105 106 107 112 113 114 120 124 126 129 
132 135 136 137 144 147 148 149 151 153 154 160 
163 168 175 178 182 184 188 190 192 194 196 197 
198 200 207 217 221 222 223 224 226 227 229 230 
232 234 237 239 240 244 245 248 253 255 256 266 
267 270 273 276 285 289 292 293 298 300 304 306 
310 316 321 322 336 337 341 344 349 354 357 358 
366 371 374 378 379 380 382 384 390 394 395 397 
405 409 414 417 424 430 431 436 441 445 446 449 
452 454 458 462 463 470 476 477 478 479 481 489 
496 497 506 508 511 514 515 516 517 520 527 530 
533 534 536 537 539 541 546 550 551 556 560 561 
562 564 571 574 578 580 581 582 584 589 593 595 
596 600 609 613 616 617 622 627 631 633 639 641 
644 646 648 649 656 658 661 664 666 667 668 675 
677 680 682 683 686 692 701 702 708 710 714 715 
717 718 720 722 723 725 735 737 739 742 755 757 
770 772 773 774 775 779 783 784 793 794 796 797 
799 
252
1 2 6 8 11 16 19 27 29 31 33 34 
35 43 45 46 47 49 51 52 53 59 60 63 
64 66 83 84 86 87 90 91 92 96 98 99 
100 103 106 107 114 120 122 124 125 127 128 133 
138 140 141 144 149 152 155 156 157 160 162 164 
165 169 170 172 174 180 182 184 186 190 198 204 
207 209 215 217 218 222 223 226 227 229 230 231 
238 247 252 254 257 262 263 276 280 281 284 285 
287 291 298 299 300 305 307 320 321 323 326 331 
340 341 344 346 351 352 353 354 355 359 362 368 
371 373 379 380 385 390 391 392 394 404 405 409 
410 411 418 423 431 434 439 448 451 455 459 460 
464 469 470 473 483 485 486 487 489 492 494 499 
503 504 505 508 509 510 511 513 514 519 526 527 
535 536 543 546 551 552 555 569 572 573 575 576 
586 587 602 604 613 614 616 617 619 622 623 624 
625 632 634 636 639 642 645 646 647 648 656 662 
663 665 668 671 672 673 678 680 681 687 691 692 
695 697 700 702 704 710 711 714 719 722 724 725 
729 730 732 736 740 742 744 746 751 752 753 763 
766 769 777 781 784 787 789 792 794 795 796 798 
222
1 3 7 9 13 17 20 21 25 26 28 29 
35 44 47 50 54 57 59 65 66 75 77 78 
79 82 83 86 87 94 96 102 103 104 107 112 
116 117 121 122 123 129 131 135 137 138 141 145 
146 167 170 172 173 174 177 199 202 205 224 225 
229 231 232 233 244 247 250 252 254 260 271 272 
277 279 280 288 291 292 295 297 300 305 306 307 
309 311 316 323 324 325 326 327 330 331 332 333 
336 337 338 343 344 346 349 350 352 360 362 363 
364 365 369 372 377 378 382 384 386 390 398 400 
405 406 416 422 423 429 436 439 442 443 445 447 
449 453 460 471 472 474 477 482 483 488 494 496 
497 498 499 501 502 505 509 517 520 526 532 536 
541 546 550 552 558 559 565 569 573 576 577 581 
582 585 590 591 597 599 606 608 610 613 616 619 
621 630 637 640 652 653 655 670 671 672 676 682 
686 687 688 699 700 703 704 708 721 732 735 737 
746 747 749 752 755 757 766 769 772 776 778 781 
784 785 786 793 794 798 
221
6 9 11 13 14 15 16 22 23 27 32 33 
35 37 43 44 46 47 50 64 67 70 71 72 
74 75 79 85 88 92 93 99 104 111 118 119 
120 123 126 129 131 134 162 164 170 173 186 190 
191 192 193 194 195 207 208 211 212 213 214 215 
221 223 231 236 237 238 240 248 251 254 257 260 
262 273 274 278 279 281 284 285 292 296 298 301 
302 304 305 307 310 311 314 317 319 322 323 324 
334 339 343 346 353 357 364 367 370 374 376 383 
391 392 395 401 406 410 413 416 423 426 442 446 
447 451 453 454 456 460 464 466 467 468 469 475 
482 485 488 492 494 495 500 505 513 514 516 517 
520 524 525 530 536 539 542 550 551 552 555 562 
563 564 576 577 579 581 586 588 595 602 604 605 
608 617 619 626 627 631 633 634 638 639 642 643 
644 646 647 650 654 655 661 662 669 674 677 682 
684 691 692 697 698 701 711 718 725 726 730 736 
738 741 748 750 753 756 765 769 772 773 774 775 
780 783 787 793 800 
242
4 13 14 20 25 28 35 45 46 48 50 51 
53 55 58 59 60 66 71 72 73 75 79 84 
89 92 94 95 102 108 109 115 117 121 122 125 
126 128 135 138 142 144 145 146 147 152 153 155 
166 169 171 172 173 179 180 183 184 189 190 196 
197 201 202 206 208 209 219 221 227 229 230 234 
236 240 247 249 250 254 256 258 260 263 267 268 
278 281 288 290 293 295 298 299 300 308 317 321 
322 326 328 339 341 342 344 347 348 350 351 352 
356 360 361 365 370 372 374 376 378 386 387 388 
389 390 391 396 407 408 413 415 416 419 426 431 
434 439 440 444 445 453 454 458 459 462 464 469 
473 474 475 476 477 483 485 491 492 494 498 502 
504 505 507 513 516 518 520 529 532 540 541 546 
548 556 563 572 574 577 578 580 582 585 588 592 
600 601 602 605 608 613 619 622 624 627 629 632 
635 642 645 646 647 648 651 660 661 662 663 664 
669 670 676 677 678 680 685 689 691 694 695 698 
705 710 711 714 726 729 731 733 735 736 737 738 
742 743 744 748 750 754 755 756 761 766 773 780 
792 793 
226
3 4 6 8 9 14 17 25 27 42 44 46 
49 50 78 82 87 89 90 92 94 104 106 107 
122 125 127 128 130 131 132 133 134 136 137 141 
142 146 147 148 153 154 157 161 166 170 172 175 
176 181 186 193 195 201 202 214 220 224 226 232 
241 244 247 249 252 253 260 269 270 271 275 288 
289 291 293 300 310 311 312 315 316 319 321 326 
328 329 330 334 341 342 346 351 366 369 373 376 
380 382 383 384 390 394 395 396 398 400 401 407 
421 422 423 429 430 431 435 436 444 448 451 456 
458 461 465 470 476 488 490 492 494 496 499 505 
507 509 510 512 513 517 519 521 523 526 529 533 
536 541 547 549 556 572 578 584 592 593 595 596 
598 607 608 611 613 614 616 626 631 634 635 637 
639 640 643 650 655 656 659 661 662 666 667 669 
672 673 675 678 680 683 686 689 690 691 696 699 
704 708 709 711 712 714 715 716 720 725 726 727 
729 730 734 735 736 737 738 741 744 749 758 760 
761 765 773 779 783 788 792 794 795 798 
248
1 3 4 7 15 16 17 24 26 27 29 31 
33 40 41 51 56 58 59 61 71 77 78 85 
86 87 88 89 90 92 95 97 99 102 104 105 
111 114 125 126 127 132 140 141 143 144 152 153 
156 174 175 177 181 182 184 191 193 199 201 202 
206 208 214 216 220 225 226 227 233 239 242 243 
244 246 247 254 257 261 262 263 264 266 275 277 
278 279 282 283 285 287 288 289 293 296 299 301 
303 305 306 310 316 318 321 325 333 338 340 343 
344 346 351 352 353 364 372 380 382 385 386 389 
391 393 394 396 397 398 399 400 403 406 408 409 
411 413 414 419 423 429 437 438 443 444 447 453 
456 458 460 461 464 467 468 469 473 474 480 483 
484 486 487 491 497 499 502 506 510 512 515 516 
518 523 524 525 527 529 535 541 546 552 556 557 
562 568 569 573 575 578 581 585 591 594 597 599 
605 606 607 613 614 617 618 627 630 638 639 646 
655 663 666 674 679 680 681 682 683 686 690 696 
698 699 700 708 709 712 715 721 725 734 739 747 
752 753 755 756 757 760 761 764 769 770 774 778 
782 784 785 791 792 793 796 797 
232
1 3 4 11 14 15 16 18 22 26 27 28 
40 50 51 54 56 57 59 60 63 65 67 68 
70 77 79 81 83 84 86 87 88 90 91 93 
96 99 100 101 102 104 124 131 135 137 139 140 
141 142 149 152 156 159 160 182 186 187 191 197 
200 201 202 214 217 218 230 240 243 245 249 250 
253 254 259 274 276 277 281 282 283 287 288 290 
302 309 310 311 313 315 316 318 319 324 332 339 
341 345 346 354 361 369 373 381 382 384 387 389 
395 396 402 403 405 413 414 416 422 430 431 432 
433 435 437 442 443 446 447 450 451 456 465 466 
467 470 477 482 485 486 488 489 491 492 494 496 
499 502 503 504 512 515 520 528 530 536 538 541 
542 546 552 553 554 555 556 558 559 566 567 571 
573 575 576 577 578 579 584 585 586 590 591 603 
609 614 620 623 625 626 634 643 649 652 655 658 
659 660 667 669 673 682 684 688 689 690 693 699 
704 708 710 711 712 717 721 736 738 754 755 757 
761 765 768 769 773 775 778 780 782 783 784 786 
788 793 797 798 
249
2 5 6 8 11 14 19 27 29 33 38 44 
45 51 58 59 62 63 66 67 68 70 71 74 
77 80 81 89 91 92 97 102 104 106 111 120 
123 125 128 132 133 134 136 141 149 152 153 156 
158 160 167 171 172 174 182 184 186 188 189 190 
195 201 204 205 209 215 220 222 225 227 230 238 
239 241 244 246 247 248 256 263 266 269 272 275 
279 281 282 287 300 304 307 309 310 315 316 317 
318 319 322 323 324 325 326 327 338 339 343 349 
350 356 358 362 364 372 375 377 379 381 385 387 
388 389 392 395 399 400 403 404 405 406 407 411 
413 417 420 424 429 437 446 449 451 456 460 462 
467 469 470 471 477 478 481 482 487 489 492 495 
497 498 503 506 512 515 519 528 529 532 533 536 
538 541 542 544 545 548 549 552 553 558 560 561 
565 567 571 576 582 583 585 589 595 596 598 600 
601 603 609 611 618 622 631 632 633 635 639 641 
651 657 658 659 662 669 673 677 678 680 694 695 
696 702 708 713 719 720 721 726 727 730 732 735 
736 748 749 756 763 767 768 770 771 774 777 778 
782 785 786 787 788 789 791 793 796 
238
1 8 11 12 16 17 20 26 27 28 31 33 
35 41 42 47 52 53 54 60 61 62 67 68 
73 77 78 81 87 91 96 108 117 121 122 123 
126 131 135 138 139 142 144 148 149 151 155 156 
158 164 166 168 173 175 185 187 188 191 196 198 
202 204 205 213 215 217 220 221 223 224 229 235 
237 238 242 252 256 257 264 265 267 269 270 277 
279 284 289 291 292 293 295 297 298 311 316 317 
319 322 323 327 329 331 333 337 340 341 342 344 
350 352 353 358 360 362 367 368 369 379 385 389 
392 395 396 397 398 399 416 421 423 427 428 436 
445 447 455 461 462 467 471 472 480 485 486 489 
490 491 492 494 495 499 501 502 503 505 510 517 
522 524 526 531 534 537 538 543 548 551 554 555 
556 557 562 571 574 580 585 590 593 600 605 606 
608 609 613 615 623 625 627 629 630 632 634 638 
643 645 649 655 660 664 665 666 669 670 675 680 
684 697 701 703 705 707 711 718 724 726 728 735 
738 739 740 741 743 749 751 753 754 760 762 773 
774 776 778 780 781 791 792 793 795 800 
261
3 5 7 8 11 14 23 26 31 39 40 44 
51 52 54 56 57 58 65 69 71 79 80 81 
82 83 84 86 87 93 97 99 101 106 107 108 
120 122 126 128 131 134 137 138 140 142 148 149 
152 155 158 163 167 169 170 172 173 176 181 182 
184 185 190 192 196 203 205 206 214 216 222 223 
225 231 233 237 238 241 249 254 263 266 267 272 
274 277 278 279 285 286 290 292 295 297 306 310 
312 313 314 316 323 328 333 334 339 341 344 345 
348 349 350 355 359 360 368 369 375 381 383 387 
388 394 395 398 400 401 402 403 405 411 413 415 
416 417 418 428 429 432 433 442 443 449 451 454 
457 460 462 467 468 469 471 479 481 484 487 488 
497 498 499 507 509 510 511 514 516 517 521 524 
526 530 532 534 535 537 538 540 543 544 549 555 
556 557 564 566 567 568 570 571 573 580 584 586 
588 595 597 607 608 613 615 620 623 625 628 629 
637 638 642 647 648 650 658 663 664 665 666 667 
671 672 677 682 683 684 686 687 691 695 696 697 
698 701 703 707 708 709 710 713 719 726 728 730 
738 740 746 748 753 755 760 763 768 769 770 772 
775 779 782 784 787 790 796 798 800 
229
1 3 4 7 18 23 28 31 34 37 39 40 
41 45 48 56 59 61 64 69 72 74 75 79 
83 86 90 91 95 98 99 101 110 111 114 116 
119 120 126 127 129 135 140 143 145 151 152 164 
165 170 172 174 176 183 186 192 196 200 208 209 
219 223 224 225 230 236 239 241 259 261 267 271 
274 282 284 285 286 291 295 296 297 302 308 309 
319 322 327 330 339 340 342 345 349 350 357 358 
366 374 377 387 389 390 391 392 398 403 404 406 
415 418 424 426 427 435 438 441 445 449 451 453 
458 459 462 463 466 468 469 473 479 481 483 491 
492 494 496 499 502 503 510 513 516 517 522 527 
534 535 538 539 540 541 542 544 549 556 558 566 
567 571 573 576 578 579 580 581 582 583 588 593 
595 597 598 600 601 602 606 607 614 621 622 623 
625 629 630 634 635 637 639 642 643 648 652 655 
664 665 678 686 687 689 691 692 695 697 699 703 
704 705 706 709 712 717 725 735 744 746 747 748 
755 757 767 768 771 773 776 782 788 791 792 797 
799 
237
3 5 6 7 11 12 13 18 20 24 27 28 
33 37 42 46 48 67 69 70 71 73 79 80 
83 90 92 102 104 105 112 115 125 128 129 141 
143 144 146 150 152 154 158 164 166 173 176 178 
181 186 190 192 200 201 202 209 210 211 212 217 
218 219 221 223 225 237 239 242 244 246 247 250 
251 253 261 262 268 269 270 274 279 281 284 285 
286 290 292 293 294 297 301 308 315 319 323 324 
325 326 327 333 339 343 344 349 352 353 359 362 
366 368 372 385 388 389 394 398 400 401 407 410 
411 412 413 417 419 420 425 426 428 429 432 441 
445 446 451 452 453 454 457 459 465 468 478 483 
489 496 499 504 513 518 519 523 524 525 529 530 
549 561 562 564 566 572 574 577 582 584 585 588 
589 591 602 603 605 608 611 613 614 618 619 621 
624 627 630 633 634 638 641 643 646 648 651 653 
656 658 659 662 663 665 668 669 671 673 675 681 
683 685 690 697 699 701 702 703 707 711 712 714 
716 726 729 732 739 740 742 751 755 757 761 775 
780 783 784 788 789 791 793 795 800 
259
1 4 5 6 12 14 15 17 18 20 26 28 
29 34 38 41 54 56 59 62 64 69 75 77 
79 83 85 91 93 95 97 99 102 103 105 107 
108 118 119 120 122 125 127 128 133 137 139 143 
145 146 147 151 155 156 157 159 162 165 167 168 
172 173 178 185 186 187 188 190 193 197 199 200 
201 202 204 205 210 214 215 217 221 223 225 229 
231 234 239 240 243 246 247 248 250 255 256 261 
262 265 267 272 274 275 278 281 282 284 285 291 
292 294 295 298 299 302 303 310 311 318 319 321 
334 336 340 348 352 354 355 356 358 364 372 379 
381 382 385 386 395 401 408 409 410 415 421 422 
427 431 434 436 444 454 455 457 458 466 468 472 
474 476 477 480 482 484 487 491 494 495 499 503 
506 511 514 515 521 527 533 534 541 543 551 552 
554 557 561 562 563 571 573 576 577 578 580 585 
586 588 590 594 603 604 605 607 610 611 616 618 
624 628 632 633 638 639 642 646 651 653 655 656 
658 659 666 667 672 673 676 678 683 689 692 696 
700 702 705 710 711 716 717 718 720 725 726 729 
731 735 736 747 753 756 757 758 760 761 777 778 
779 782 787 789 791 798 800 
243
1 5 7 11 14 17 23 28 31 39 40 47 
51 54 56 59 61 62 63 68 71 74 79 82 
85 93 100 103 105 108 111 114 115 124 130 131 
136 139 140 147 150 159 161 163 164 171 180 181 
182 184 188 189 193 194 196 201 202 206 210 211 
212 213 214 215 216 218 220 222 225 234 237 239 
240 241 242 245 246 248 252 259 260 262 264 265 
266 271 275 276 281 284 290 293 294 297 298 300 
312 315 316 319 321 324 331 336 337 341 348 355 
358 363 364 365 376 378 380 384 385 386 388 401 
402 403 404 406 408 409 410 411 412 420 421 423 
427 430 434 440 448 450 453 459 463 464 465 467 
469 470 471 473 482 484 491 492 494 495 502 505 
512 519 523 528 529 538 540 543 547 548 549 550 
551 557 561 564 565 568 573 577 579 580 586 593 
597 598 604 610 616 622 623 624 628 629 631 632 
639 642 650 652 659 661 662 664 666 671 674 675 
676 678 681 682 683 684 686 693 697 698 699 700 
703 716 717 718 719 725 726 728 729 731 734 735 
736 737 738 746 752 757 761 764 773 774 780 781 
793 794 799 
225
3 9 13 16 17 27 30 34 35 37 39 41 
42 45 47 50 53 56 61 78 79 80 81 86 
94 101 104 105 106 125 133 134 139 140 142 148 
149 161 166 171 172 175 177 184 189 190 195 198 
199 200 204 205 209 213 216 218 235 236 240 243 
246 252 259 264 274 275 276 279 288 289 300 304 
309 310 311 312 316 317 319 327 328 330 332 333 
334 336 341 344 348 349 351 353 354 355 356 358 
365 366 368 371 375 376 377 378 388 391 394 395 
398 402 406 408 412 413 415 418 419 420 423 427 
428 429 431 436 442 445 446 448 454 456 457 460 
463 473 476 477 480 481 483 484 485 486 489 491 
502 504 508 510 515 521 522 523 525 539 543 548 
551 552 554 556 557 562 564 565 566 568 580 585 
586 589 591 593 598 603 606 610 618 626 627 629 
631 632 635 640 644 648 669 677 680 685 689 691 
692 696 697 701 703 705 709 711 712 714 717 723 
725 726 732 734 736 739 741 744 755 756 757 759 
761 771 772 780 787 793 794 795 800 
241
1 4 13 14 16 20 30 31 33 34 35 37 
38 41 45 47 50 53 55 56 58 65 67 68 
69 70 71 74 80 81 82 85 93 95 96 98 
101 105 107 114 119 126 127 130 133 140 150 152 
154 155 156 157 161 167 171 173 174 175 176 177 
182 185 187 188 189 190 194 207 211 214 216 217 
220 221 222 224 225 226 227 246 252 256 260 264 
271 272 280 282 289 292 293 298 300 301 303 322 
325 326 333 334 342 344 355 360 361 365 369 370 
371 373 375 379 382 386 387 388 392 401 404 406 
420 424 426 429 431 432 434 439 440 441 442 444 
445 450 455 457 459 462 463 464 479 484 487 488 
490 495 496 497 499 500 502 506 517 518 525 529 
532 537 538 541 548 550 558 561 567 569 572 580 
591 592 595 597 602 606 607 613 615 619 621 623 
624 626 627 630 632 639 641 643 645 646 647 650 
657 658 660 662 664 666 668 674 676 682 693 695 
697 698 701 702 705 707 710 717 722 725 729 733 
735 744 746 747 749 750 752 754 758 759 763 764 
765 767 768 770 773 774 781 788 791 792 794 798 
799 
243
3 5 7 10 15 16 17 18 31 34 35 36 
39 40 42 44 53 57 58 59 67 70 77 79 
80 90 93 96 102 104 106 109 117 120 121 139 
140 144 149 159 162 163 171 172 177 179 180 181 
188 189 190 192 193 198 208 211 212 213 216 229 
230 232 233 235 237 243 245 247 248 255 257 260 
261 264 265 272 273 279 283 285 286 288 292 299 
301 302 308 312 316 317 319 326 330 333 334 336 
337 338 342 344 345 348 350 352 353 361 368 369 
376 383 387 389 390 394 396 400 402 404 410 412 
414 416 418 419 421 425 429 435 441 442 444 445 
449 451 457 462 470 471 474 484 485 488 490 492 
493 495 504 507 509 514 518 520 522 526 527 529 
531 534 536 537 543 547 552 553 554 555 556 557 
562 565 566 575 580 600 606 610 612 615 618 624 
626 630 632 639 640 643 644 651 652 654 662 668 
669 671 677 680 681 686 688 693 694 695 700 703 
704 707 708 711 713 714 717 719 720 722 723 725 
727 729 731 734 735 736 741 755 761 762 763 764 
765 775 778 779 780 781 784 785 786 789 790 792 
795 797 799 
251
8 9 11 15 16 19 22 26 28 29 31 35 
37 54 57 58 59 62 70 73 74 78 79 82 
83 85 86 88 89 92 93 94 100 114 116 122 
123 126 129 130 137 144 148 150 154 155 157 159 
160 161 162 163 164 165 168 171 172 173 174 180 
181 186 188 193 195 201 203 206 207 211 216 218 
219 222 225 231 236 237 243 250 253 257 266 268 
270 275 277 286 288 290 291 294 297 298 301 304 
305 307 309 312 318 319 323 324 326 327 337 344 
346 347 349 350 353 354 355 356 362 369 376 379 
381 387 389 395 397 402 405 406 412 414 416 424 
426 431 432 433 440 445 449 451 452 454 455 458 
459 464 469 471 474 478 483 490 492 495 497 498 
499 500 506 510 512 514 515 516 517 518 519 520 
522 524 528 530 531 532 538 540 545 548 553 560 
565 568 570 571 578 580 581 583 584 587 589 591 
592 596 597 599 601 602 603 607 608 612 616 618 
622 625 633 636 637 638 639 642 645 646 655 658 
661 666 672 676 677 680 682 685 688 690 694 701 
703 706 710 720 723 725 731 733 747 749 754 755 
771 772 775 776 778 779 784 787 793 796 798 
226
1 6 13 19 20 26 28 33 42 46 48 50 
55 63 69 70 72 74 76 78 84 87 88 93 
96 99 103 119 121 123 126 130 131 136 138 140 
147 151 154 158 159 160 162 167 168 171 173 174 
176 178 180 186 187 191 193 205 208 214 220 221 
229 231 239 240 252 259 263 268 274 283 285 286 
288 292 298 314 320 323 324 330 334 335 336 339 
340 360 367 368 369 373 374 376 381 382 390 396 
397 399 406 409 410 411 413 414 419 423 428 432 
433 439 441 444 448 449 450 459 462 463 464 474 
475 476 477 484 489 491 494 495 501 506 508 509 
510 513 514 517 520 521 526 528 532 533 534 536 
537 542 546 550 552 561 563 564 568 570 572 574 
581 590 593 597 598 599 600 601 603 606 608 611 
612 614 615 621 624 630 632 635 642 649 651 657 
658 663 670 672 674 676 677 682 684 687 691 695 
696 698 700 706 707 709 710 712 715 716 727 735 
742 744 745 748 749 750 752 755 762 763 764 765 
766 770 772 779 784 785 787 791 792 799 
229
1 4 5 7 10 11 13 15 17 24 28 29 
31 32 35 38 45 46 57 66 67 72 76 78 
79 83 94 101 103 107 111 113 115 117 119 121 
130 131 139 140 147 148 149 151 156 165 166 168 
169 173 174 175 179 181 185 190 192 197 198 200 
201 202 204 210 213 215 217 219 236 240 241 248 
249 251 252 254 256 265 267 269 272 274 276 285 
292 295 296 300 303 308 311 316 319 320 329 331 
336 340 345 353 356 359 360 361 367 372 373 375 
377 378 386 388 390 392 407 413 420 426 429 433 
435 442 446 447 452 454 461 466 471 473 476 479 
480 481 490 491 493 494 497 503 506 509 515 522 
524 525 527 529 531 534 541 545 556 561 563 565 
570 572 573 574 575 577 579 582 589 593 595 596 
598 604 605 608 616 620 621 625 626 628 629 633 
634 640 641 644 648 649 651 654 655 657 659 662 
663 668 670 672 673 676 680 688 690 693 702 704 
705 706 711 713 715 718 720 725 726 728 729 737 
749 760 765 766 769 776 780 781 785 793 794 797 
798 
252
2 11 19 21 22 23 34 35 36 38 40 41 
44 45 51 52 55 56 63 64 65 70 72 73 
75 79 88 91 93 106 109 110 111 112 114 121 
127 130 133 139 143 146 148 152 153 158 162 166 
167 173 175 176 178 179 184 187 194 196 197 205 
208 217 232 236 237 240 242 247 252 255 258 262 
268 271 272 273 274 279 283 286 287 293 294 295 
301 302 303 306 309 311 315 320 324 331 332 339 
340 345 347 351 352 353 354 355 358 359 360 362 
367 371 375 382 385 388 390 394 396 400 402 406 
411 412 414 415 416 420 425 426 433 434 438 439 
447 448 451 456 457 461 464 470 471 476 480 484 
485 486 491 493 494 495 496 497 506 508 511 512 
513 514 519 520 524 526 530 531 536 537 539 540 
544 557 563 564 565 568 572 576 582 583 587 593 
594 595 596 597 602 608 610 611 612 617 620 626 
628 631 635 639 640 645 649 651 653 654 655 656 
658 661 665 667 669 671 674 681 684 691 692 699 
701 702 708 709 711 715 719 721 722 723 724 727 
732 736 738 742 744 746 749 755 763 766 768 769 
774 779 780 783 784 788 790 792 795 797 798 800 
259
5 8 9 17 18 19 20 23 28 30 31 34 
36 42 47 49 50 52 56 58 61 63 64 69 
72 78 79 84 85 86 87 88 89 93 95 97 
98 101 102 111 114 115 120 124 126 128 129 130 
132 133 138 139 148 149 152 153 156 157 160 166 
167 169 175 177 179 182 183 185 187 190 203 214 
215 219 224 227 230 236 238 244 247 250 252 255 
257 259 263 266 270 271 272 278 288 289 290 291 
296 303 304 306 307 310 319 324 325 326 337 338 
339 340 346 348 350 351 359 361 364 369 371 373 
382 383 384 387 389 391 393 399 402 406 411 414 
419 420 422 425 426 427 428 430 433 435 440 443 
451 455 456 457 458 460 464 467 472 473 474 475 
479 483 489 490 493 495 498 499 500 501 503 507 
509 510 512 515 516 523 529 530 531 538 544 545 
547 549 550 553 557 559 563 564 567 570 574 575 
576 578 584 585 586 588 590 594 596 598 604 605 
608 611 612 615 616 621 625 628 630 632 639 642 
643 644 646 648 649 653 655 656 661 665 675 678 
682 685 692 694 700 703 704 708 722 723 729 734 
735 742 744 745 750 755 758 761 763 764 766 767 
768 776 778 784 786 794 797 
238
1 3 8 12 15 19 23 24 26 31 35 36 
37 39 42 46 50 52 56 61 68 69 77 78 
83 87 90 91 101 104 105 108 110 112 113 116 
117 118 124 126 127 128 130 131 140 141 147 152 
153 154 156 161 166 169 172 174 178 181 182 185 
187 190 192 194 196 197 198 200 204 205 207 209 
214 216 224 226 229 236 238 240 244 247 251 253 
255 256 260 262 266 267 269 274 275 286 289 290 
294 296 299 303 305 308 311 313 315 318 319 321 
324 330 338 340 343 344 346 350 358 366 371 374 
375 380 382 385 386 388 391 392 394 396 399 401 
403 404 409 412 414 415 416 428 437 440 443 445 
448 450 456 461 469 474 476 477 479 483 498 504 
511 513 516 517 518 521 523 526 529 532 537 541 
542 545 547 548 550 551 557 560 563 564 565 566 
578 582 584 586 587 591 593 598 603 605 610 614 
616 618 626 630 635 638 645 646 652 655 657 658 
660 663 667 668 670 672 673 681 692 697 703 704 
716 723 726 727 731 733 735 738 742 743 750 760 
761 762 767 768 770 773 777 780 789 795 
235
5 9 14 15 18 23 24 32 35 40 43 45 
47 51 62 66 67 71 75 79 89 93 95 97 
100 102 104 105 109 115 116 117 119 120 131 132 
136 137 139 142 148 150 158 159 163 164 165 167 
169 171 172 177 179 189 193 194 201 203 218 219 
221 222 230 231 232 235 236 238 239 240 243 245 
249 252 253 256 261 262 268 273 288 289 295 296 
299 301 302 303 304 305 310 311 313 321 322 323 
325 329 333 335 340 346 351 357 361 365 369 372 
375 376 378 379 382 383 387 388 390 395 400 401 
405 409 414 416 419 420 423 424 425 435 441 444 
455 464 465 471 475 477 480 484 485 486 492 495 
497 500 506 509 513 524 526 527 536 537 538 543 
544 549 558 559 562 564 567 569 573 577 578 579 
581 583 585 586 587 596 609 612 614 615 618 625 
633 642 643 644 646 647 651 660 663 667 672 675 
676 680 685 686 688 690 695 697 699 708 710 712 
718 719 720 722 724 732 735 736 744 746 747 753 
758 766 767 768 772 774 775 776 778 780 781 787 
788 790 791 793 798 799 800 
226
10 12 18 19 30 44 46 47 48 55 56 61 
62 65 66 69 77 78 79 82 84 85 87 92 
94 95 98 100 101 108 112 116 119 126 135 137 
139 141 142 143 148 149 156 163 164 167 171 172 
173 176 179 183 187 193 196 201 203 222 227 228 
242 249 251 254 255 258 261 262 269 271 273 277 
282 283 285 286 291 294 300 301 308 310 312 314 
315 320 331 332 334 335 339 341 342 343 344 348 
349 356 361 363 367 370 371 373 374 376 377 379 
386 387 397 402 407 408 412 414 418 420 427 429 
430 431 440 441 448 452 460 461 462 463 466 471 
474 480 492 493 500 508 515 517 519 520 521 522 
525 528 529 530 532 543 544 548 555 558 559 560 
562 563 570 576 579 582 588 592 595 598 603 612 
623 626 627 633 638 639 641 644 648 649 650 654 
656 657 659 662 663 664 669 676 680 684 687 689 
695 697 699 701 703 711 714 716 719 721 726 731 
732 736 737 739 744 745 748 750 751 755 756 758 
761 765 770 780 783 786 792 794 795 796 
262
1 3 6 8 10 11 13 15 18 19 22 26 
28 33 36 39 42 44 45 46 50 51 52 56 
57 58 61 62 65 66 67 75 78 81 82 91 
105 106 112 114 120 121 124 127 129 131 133 134 
139 144 149 152 153 157 162 164 177 181 182 186 
187 190 197 198 199 201 206 211 229 230 240 241 
242 246 249 255 261 264 265 268 271 272 275 277 
278 279 281 282 291 295 302 304 307 308 310 315 
317 322 328 332 334 337 343 353 356 359 363 364 
369 370 371 372 373 378 385 388 389 393 401 403 
406 407 415 417 422 424 426 427 431 432 434 440 
441 445 449 451 456 464 465 466 467 471 474 476 
482 486 489 497 499 500 501 502 504 505 508 511 
512 513 515 519 523 524 525 526 527 528 529 532 
536 539 540 543 545 551 552 555 556 559 562 568 
572 573 577 578 580 581 582 584 588 589 590 592 
596 599 605 607 610 613 620 623 624 634 635 637 
640 641 644 648 652 659 660 661 664 667 668 669 
671 672 673 674 676 682 683 684 686 688 689 691 
695 697 700 701 702 703 706 708 711 712 717 722 
726 730 731 737 744 750 751 752 756 758 759 761 
763 765 770 778 779 780 789 792 793 798 
237
2 21 22 24 27 30 31 37 39 41 55 57 
59 60 61 63 65 73 76 80 85 86 93 94 
102 104 105 106 107 108 109 112 115 118 121 122 
124 131 135 136 138 140 142 147 153 156 159 164 
166 167 172 179 180 185 188 190 193 198 206 209 
211 214 217 220 224 228 230 231 232 236 237 240 
242 250 252 254 258 262 266 268 269 271 274 279 
280 292 295 301 303 311 313 318 319 322 323 324 
334 335 336 337 339 349 358 361 364 365 367 368 
370 372 380 387 395 397 398 399 400 401 404 411 
412 416 421 424 432 436 439 442 443 446 449 450 
454 455 456 460 461 463 467 473 474 477 483 485 
488 494 496 497 498 503 507 509 511 514 520 528 
532 534 540 545 548 552 553 554 558 560 566 567 
572 573 586 590 593 597 600 603 606 610 616 626 
628 635 636 641 642 647 648 649 651 652 656 665 
666 672 673 676 681 682 683 688 696 698 704 705 
708 715 716 718 721 722 727 734 736 737 738 743 
744 746 750 752 753 760 763 764 767 772 773 774 
778 782 783 785 786 789 790 795 797 
266
7 13 15 17 19 20 21 26 28 31 34 35 
41 43 44 45 46 48 49 53 58 61 62 66 
73 75 76 77 81 82 85 86 90 91 92 93 
94 96 97 98 102 106 107 110 112 117 120 129 
132 133 136 142 147 148 149 151 154 155 160 161 
162 163 165 166 167 169 174 179 180 182 188 189 
197 198 204 205 206 207 212 216 218 220 221 222 
223 227 228 236 237 242 244 246 248 256 257 260 
261 266 280 285 287 289 290 297 299 301 302 314 
320 323 325 328 330 332 335 336 355 360 361 363 
364 365 366 369 373 375 376 377 381 389 390 392 
393 399 401 407 415 417 420 425 427 431 439 441 
442 444 449 451 452 455 462 464 472 475 477 479 
480 483 489 503 506 507 510 511 512 514 517 520 
523 525 533 534 537 539 540 541 542 544 546 551 
553 557 560 563 570 571 573 574 576 578 580 581 
583 587 590 595 598 602 605 611 612 616 617 618 
620 622 623 625 626 630 631 633 637 639 645 647 
648 651 655 659 665 666 668 669 679 681 684 685 
687 689 691 693 694 696 701 706 708 712 717 719 
725 727 728 731 732 739 740 743 745 746 747 748 
751 753 763 766 768 769 770 773 780 785 788 790 
792 800 
241
1 2 4 6 8 15 17 21 27 28 29 30 
37 40 44 46 47 48 54 55 61 62 63 67 
74 79 89 92 93 96 97 101 103 105 110 114 
117 118 120 122 123 125 126 131 138 141 142 152 
153 154 155 156 158 164 166 170 172 174 175 179 
180 181 182 188 189 191 193 195 196 198 200 206 
207 210 217 218 223 230 233 235 240 249 250 253 
255 258 264 267 269 271 285 287 289 295 296 306 
315 320 322 325 326 330 333 337 339 347 349 351 
352 353 354 356 357 360 369 372 373 379 380 381 
383 389 390 397 402 406 413 414 419 423 427 430 
437 440 441 447 449 452 453 456 458 459 461 462 
465 471 474 476 477 480 483 486 487 491 494 496 
497 499 500 502 503 505 507 508 510 515 516 518 
521 524 525 536 537 538 542 543 544 549 552 553 
554 557 564 566 568 572 574 577 578 582 586 597 
599 604 605 609 612 613 617 618 619 628 645 648 
651 653 655 657 658 659 664 675 681 685 706 711 
716 719 723 725 730 736 742 744 748 751 752 759 
760 762 768 770 783 784 785 786 787 794 795 798 
800 
219
1 3 21 23 29 30 33 34 42 43 48 50 
52 53 54 60 63 68 72 77 83 90 92 93 
94 97 101 105 109 110 111 128 131 137 142 144 
146 148 160 164 167 168 169 170 171 173 178 179 
181 182 187 191 192 197 198 199 200 201 203 204 
207 208 209 211 217 225 226 228 238 239 240 245 
249 253 255 261 264 267 273 274 286 287 288 290 
291 297 298 307 308 313 316 317 324 325 329 333 
336 338 344 347 348 351 355 359 361 368 370 375 
376 381 384 392 401 414 415 421 422 423 424 431 
439 441 443 445 448 450 453 454 455 459 461 463 
465 467 473 477 481 483 484 487 492 503 507 511 
514 516 522 523 528 536 542 543 544 556 559 560 
562 565 568 569 570 578 583 596 597 605 612 614 
615 617 619 627 629 635 637 643 650 654 655 662 
666 668 670 675 677 680 682 690 694 697 704 705 
707 711 714 719 723 726 729 734 740 751 755 756 
759 760 761 762 764 773 776 779 782 789 790 791 
793 795 796 
266
3 11 13 16 17 18 19 22 27 30 32 34 
38 39 46 51 53 57 60 63 64 66 69 70 
71 75 76 90 96 98 99 105 110 112 114 115 
122 128 130 131 133 135 136 137 141 144 147 148 
151 164 166 168 169 176 180 181 185 186 187 188 
189 190 195 200 201 202 217 220 222 228 236 237 
244 245 248 249 251 256 258 262 267 270 271 280 
284 288 289 292 293 296 297 298 299 301 304 305 
307 309 310 311 312 315 318 319 321 324 325 328 
338 339 341 343 346 347 348 352 357 361 362 365 
366 367 369 374 387 388 394 395 397 407 410 412 
417 418 419 421 422 423 424 425 426 427 430 431 
432 436 438 440 442 443 445 446 450 451 452 464 
465 472 476 482 484 487 488 489 491 496 498 504 
505 506 507 510 512 516 517 521 523 524 525 526 
527 533 534 538 543 548 556 560 566 568 574 575 
580 588 590 594 595 596 598 599 600 601 603 605 
608 610 612 616 617 620 623 625 628 630 631 632 
637 643 648 651 654 655 658 660 661 663 664 668 
672 682 684 691 692 693 694 699 704 717 723 724 
729 730 732 735 739 742 747 748 754 759 762 767 
768 769 770 775 778 783 784 785 787 788 790 795 
796 799 
234
1 3 5 6 17 21 27 28 31 42 44 46 
57 58 61 63 67 69 78 82 85 88 90 95 
96 97 103 104 105 106 111 112 115 116 120 121 
131 132 135 138 142 147 148 151 161 167 170 176 
181 185 192 198 202 203 207 209 210 213 214 215 
216 217 222 223 225 226 227 228 232 233 239 245 
250 259 261 270 273 280 282 283 285 286 289 291 
294 295 297 298 299 304 306 322 326 328 334 335 
336 341 342 358 370 371 373 383 386 390 391 397 
399 409 413 417 418 421 422 423 427 428 432 435 
443 448 449 452 457 458 463 464 471 472 476 477 
483 492 493 496 497 500 503 514 520 524 526 527 
528 529 530 532 535 537 540 542 546 547 548 549 
551 552 553 558 561 562 565 567 574 576 577 578 
579 580 582 585 593 594 595 597 599 602 605 608 
609 619 622 623 624 625 632 640 641 656 661 666 
668 673 682 683 686 688 689 691 693 698 699 700 
701 704 706 720 721 724 725 727 729 737 749 751 
757 759 760 765 766 772 773 774 775 780 781 785 
786 787 789 795 797 800 
232
1 9 12 13 20 22 26 28 32 34 36 38 
42 44 47 49 51 55 57 59 61 75 76 79 
80 82 83 88 93 97 103 104 115 118 126 128 
132 139 140 145 146 147 151 152 155 157 158 160 
162 168 170 179 180 181 196 203 206 207 210 214 
216 218 219 220 225 232 234 235 238 241 254 256 
257 259 260 263 265 266 276 277 279 281 283 290 
297 299 301 312 315 317 319 320 321 328 332 333 
337 341 342 343 344 345 349 352 353 356 358 364 
368 374 375 377 384 386 390 391 392 394 395 403 
404 406 407 409 414 417 421 425 433 442 443 444 
445 450 456 461 464 469 475 483 484 489 491 492 
495 497 498 499 504 505 511 514 522 525 527 529 
532 537 540 541 542 549 550 552 554 561 564 570 
576 580 582 587 588 593 595 597 605 612 614 616 
620 624 629 630 632 633 635 639 641 642 645 646 
647 652 654 663 670 671 673 682 685 687 693 694 
695 706 707 708 711 721 722 729 730 732 733 739 
744 751 752 767 771 774 775 778 779 784 790 791 
792 794 795 796 
230
1 2 5 11 13 19 20 28 29 35 39 40 
45 47 48 50 51 54 56 57 63 66 67 71 
72 85 87 95 97 105 109 114 116 118 119 121 
126 128 132 135 136 140 145 150 152 153 160 167 
175 182 186 188 190 193 196 197 201 202 203 207 
209 210 211 213 226 234 238 239 240 246 251 253 
254 257 268 269 270 271 279 282 284 286 288 293 
297 298 307 309 314 317 324 327 329 333 339 342 
349 356 359 360 364 371 375 381 384 385 386 390 
397 402 405 407 409 411 414 416 419 424 440 441 
447 448 450 455 464 467 469 471 472 474 477 479 
481 491 495 496 497 506 509 510 512 514 520 526 
531 534 536 538 539 541 544 546 549 552 553 554 
557 563 565 568 569 570 576 582 586 590 591 592 
597 598 601 604 605 607 613 617 624 628 639 643 
646 652 654 656 659 660 661 664 667 673 676 678 
683 684 685 687 693 694 696 703 704 706 709 711 
712 717 721 724 729 731 733 735 736 748 749 755 
759 763 769 771 773 775 776 780 784 785 789 791 
798 799 
232
2 3 9 12 15 20 22 24 33 37 44 45 
46 49 54 59 60 63 64 67 70 72 81 82 
86 90 98 101 105 110 119 126 129 135 136 139 
140 145 147 148 150 153 158 162 171 173 177 178 
179 180 182 183 187 191 192 198 199 202 203 208 
210 211 217 221 223 225 227 228 234 236 243 244 
245 246 253 255 261 264 265 267 269 275 284 286 
290 292 293 297 301 302 304 308 309 310 311 316 
317 320 321 322 323 327 328 330 333 334 335 342 
345 350 351 352 353 354 355 356 358 360 368 370 
381 383 386 394 396 398 400 404 408 409 410 418 
419 423 424 425 428 433 437 447 448 457 466 468 
471 475 477 480 483 490 511 516 523 532 535 537 
540 541 545 552 555 560 564 579 584 586 588 589 
591 593 595 598 599 600 603 604 605 606 608 611 
614 622 624 626 627 631 636 637 640 642 643 644 
653 658 666 668 669 670 673 674 680 684 687 688 
689 698 713 714 720 723 725 728 739 742 743 749 
750 754 756 759 762 764 768 770 771 772 775 780 
786 789 796 798 
232
3 4 13 14 19 20 21 23 28 29 39 43 
45 46 52 53 55 57 58 59 62 64 65 70 
74 77 81 85 89 93 95 101 103 104 111 114 
124 129 130 146 147 152 153 154 155 157 159 165 
167 168 174 177 180 182 183 184 185 188 191 193 
196 198 199 201 209 216 220 224 226 228 230 231 
239 241 242 243 245 247 252 257 272 275 278 279 
282 283 286 287 288 291 293 294 295 304 305 310 
311 313 314 323 324 327 328 329 332 335 336 342 
347 348 349 351 353 360 363 364 373 376 377 378 
388 391 405 407 409 413 414 415 419 421 424 425 
429 433 434 435 443 451 455 456 457 465 466 471 
473 481 484 485 487 493 494 496 497 501 504 510 
515 522 528 531 533 535 536 541 542 547 555 556 
558 560 567 568 572 581 585 597 601 603 604 609 
613 624 629 632 636 637 639 644 651 657 659 667 
675 688 689 692 709 712 715 720 721 722 727 729 
731 732 734 735 736 739 745 747 749 751 752 758 
759 763 766 768 770 773 775 778 779 780 786 789 
790 791 792 799 
234
6 7 9 14 15 19 21 29 32 40 43 45 
48 54 55 56 58 59 62 63 64 66 67 73 
77 79 88 90 97 102 104 106 107 112 114 115 
117 119 122 128 130 133 135 136 138 145 146 147 
151 154 160 161 162 167 173 174 177 178 184 188 
191 198 202 212 213 214 215 217 228 229 232 234 
235 247 248 250 253 255 266 270 273 275 276 279 
285 287 290 294 295 307 311 313 316 317 318 322 
323 326 336 337 341 345 348 350 351 353 355 365 
368 369 374 389 391 407 412 413 414 429 434 443 
445 447 455 460 461 463 469 472 474 475 479 480 
481 487 489 493 494 495 501 502 504 505 507 508 
514 521 522 524 525 526 527 531 535 542 544 548 
557 561 562 563 564 565 567 568 573 576 580 583 
591 592 596 597 603 607 609 618 620 622 623 631 
633 634 635 641 648 653 654 658 670 675 676 678 
680 682 690 691 692 694 695 699 701 702 709 710 
711 713 714 717 718 719 725 727 728 732 738 743 
746 747 752 753 756 764 765 767 768 769 772 773 
776 779 785 787 792 800 
250
1 3 5 7 9 14 26 28 29 30 34 36 
40 42 43 46 49 58 64 66 71 75 77 83 
86 97 99 100 101 105 106 107 109 110 111 114 
117 121 123 124 135 136 138 140 141 154 158 165 
171 175 184 197 199 200 203 206 207 208 210 212 
215 220 223 226 231 232 233 234 238 241 249 252 
257 263 265 268 274 280 281 285 288 289 296 297 
303 307 311 312 318 319 326 332 333 334 335 340 
344 346 348 355 356 364 376 388 390 391 393 394 
398 399 400 401 408 415 416 419 421 422 426 427 
430 431 432 434 435 437 438 439 449 452 453 455 
458 460 467 469 474 476 477 479 485 489 493 494 
495 498 500 503 508 509 511 515 517 519 522 523 
524 525 535 536 539 541 544 547 550 551 553 555 
558 560 561 563 565 566 567 570 571 573 574 576 
579 580 582 583 585 587 592 593 599 601 611 618 
620 624 625 627 630 633 639 640 641 642 643 652 
658 663 667 671 675 677 678 680 683 686 688 692 
694 695 696 699 700 705 706 708 709 717 719 721 
722 735 737 740 741 742 745 747 748 753 755 766 
768 770 771 774 775 777 780 781 782 789 
239
2 5 13 24 25 27 30 34 36 37 40 45 
49 50 51 55 56 58 59 60 61 64 70 71 
75 79 80 88 93 96 98 99 103 105 108 112 
113 118 119 122 125 131 132 133 142 143 144 147 
149 151 152 158 165 167 169 170 174 175 179 180 
181 183 186 189 190 193 198 200 202 207 208 216 
218 219 226 244 246 250 254 261 269 271 275 278 
281 290 298 300 305 306 313 318 320 323 328 329 
331 333 348 350 351 356 357 359 364 365 367 373 
376 377 379 381 383 392 397 399 401 402 404 405 
406 409 411 415 417 422 433 436 440 442 443 445 
446 449 450 455 462 465 470 473 478 480 482 488 
489 504 507 511 513 516 519 526 529 532 534 535 
539 543 547 551 552 555 559 571 576 577 579 580 
583 590 591 595 597 600 606 607 608 611 613 614 
617 622 623 624 631 633 638 640 641 646 649 657 
660 662 666 673 675 678 679 680 681 683 685 696 
697 699 700 701 703 704 707 712 713 715 718 726 
728 729 736 737 738 747 749 753 754 758 759 764 
771 777 778 783 784 787 788 791 792 794 796 
234
2 3 4 5 8 9 10 13 15 16 17 20 
26 27 37 45 48 50 51 54 55 58 61 62 
63 67 70 73 78 79 80 86 88 89 90 91 
93 94 98 100 101 102 104 119 125 138 141 153 
156 159 164 165 166 167 170 173 181 183 185 187 
189 193 195 208 209 210 217 218 219 221 222 227 
228 231 232 242 243 244 245 246 250 261 267 273 
278 279 280 281 283 284 290 300 303 304 305 307 
308 311 314 317 319 320 321 331 335 341 343 344 
345 347 354 355 357 358 364 365 368 369 372 375 
379 380 385 386 394 395 396 401 408 415 419 420 
422 423 424 427 428 438 439 441 442 443 453 465 
469 470 475 477 496 497 500 501 505 506 513 514 
516 518 522 523 524 530 533 534 537 539 540 543 
547 548 551 553 557 566 569 572 591 594 605 612 
613 615 624 626 628 630 635 642 645 646 651 656 
658 662 664 665 667 668 672 675 679 687 689 691 
693 696 700 711 712 717 722 731 732 739 741 743 
747 751 756 759 762 763 765 771 773 780 785 786 
787 791 794 795 796 797 
222
4 8 11 15 16 22 23 25 26 39 40 51 
52 60 64 65 68 71 75 77 88 92 99 108 
114 116 118 121 122 131 134 135 145 146 151 152 
153 159 166 171 173 182 184 190 196 201 204 205 
210 216 224 229 230 231 232 255 260 261 269 271 
274 279 280 283 290 292 294 295 298 303 304 306 
313 314 317 320 324 329 332 336 338 341 342 345 
347 352 353 354 357 359 362 363 368 373 374 376 
377 378 381 383 385 386 394 396 399 400 401 409 
410 411 413 415 418 422 425 427 433 437 439 443 
444 453 454 456 458 462 464 475 478 479 481 482 
487 488 489 492 494 498 499 500 504 507 512 513 
516 520 522 523 525 526 527 531 534 536 539 541 
544 545 549 551 558 563 574 575 577 578 581 583 
597 600 602 605 607 609 610 612 617 625 628 632 
640 647 653 672 673 679 681 684 689 692 695 700 
702 704 706 707 714 715 717 723 724 728 731 732 
736 737 738 739 743 758 761 762 764 768 773 778 
779 785 789 790 797 800 
240
1 12 14 15 16 20 21 23 29 30 32 33 
36 37 48 50 56 64 67 71 75 76 78 81 
83 88 90 91 92 98 99 102 104 106 108 110 
114 119 120 121 124 125 127 133 136 138 142 144 
147 148 155 156 157 158 160 161 169 174 175 177 
186 191 197 199 208 209 210 211 216 221 222 225 
228 230 237 240 241 245 248 249 250 257 258 259 
262 264 265 272 277 279 286 289 291 299 302 306 
309 315 316 318 319 328 338 340 345 349 353 358 
359 360 364 366 370 377 379 380 382 384 385 386 
388 393 395 400 402 405 411 414 416 417 425 428 
429 432 438 443 448 453 454 460 461 467 470 475 
479 484 486 491 492 494 499 500 501 503 507 508 
516 517 519 520 525 526 529 547 554 564 565 566 
567 568 569 571 573 574 581 586 587 589 594 597 
598 602 604 606 614 615 618 622 628 634 638 639 
640 645 655 659 663 673 675 676 680 681 684 689 
690 691 696 699 701 703 709 710 712 714 716 717 
718 728 731 737 738 744 752 753 754 755 762 765 
767 772 773 774 778 782 783 785 790 791 797 798 
237
2 3 5 12 17 19 22 27 28 30 37 38 
41 47 49 54 55 57 59 61 63 64 66 76 
78 86 89 92 96 97 98 99 102 103 114 115 
123 127 128 130 131 132 136 138 143 144 146 147 
148 151 152 160 164 167 169 174 175 179 183 185 
186 195 198 199 207 209 212 214 218 221 223 227 
234 239 241 249 253 260 261 263 268 270 272 274 
282 294 297 301 310 313 314 322 323 327 331 334 
335 340 349 354 356 358 359 360 362 363 365 376 
379 383 384 386 388 389 391 395 402 403 404 406 
408 410 417 421 422 423 424 433 435 437 438 442 
444 448 450 451 456 474 476 489 490 496 497 498 
503 508 514 521 527 535 539 540 545 550 555 557 
562 563 568 572 573 584 586 587 588 589 593 594 
596 600 605 607 608 613 614 618 621 622 623 625 
626 627 628 629 630 641 645 650 655 659 661 667 
668 674 675 676 679 680 681 682 685 691 699 701 
702 703 705 715 716 717 718 722 724 725 732 735 
740 742 745 750 752 762 764 766 767 768 770 772 
773 776 784 785 787 795 797 798 800 
224
5 6 9 13 19 24 27 28 32 43 48 49 
52 54 60 73 77 78 82 87 88 94 100 101 
105 110 115 118 123 133 134 135 137 143 144 146 
147 149 154 159 160 162 163 169 171 175 177 178 
182 185 186 192 193 199 207 211 216 218 222 223 
225 226 229 233 236 237 242 245 246 250 257 258 
269 270 271 279 282 287 288 290 294 298 299 306 
310 312 313 325 330 332 335 344 345 347 349 360 
362 363 365 371 372 375 389 393 395 397 400 402 
408 410 411 416 418 419 421 428 433 438 440 444 
447 450 459 461 462 463 466 468 469 470 472 475 
476 482 488 489 490 499 501 502 511 514 517 524 
525 528 529 535 545 546 555 557 558 564 567 579 
582 587 593 598 600 604 609 611 615 616 621 622 
630 631 634 637 639 645 646 648 656 661 664 666 
675 678 680 682 684 687 688 690 691 695 697 698 
703 704 705 706 708 710 716 717 722 725 726 733 
734 738 740 742 743 744 746 750 754 755 757 765 
769 783 787 789 792 794 796 800 
240
4 5 8 16 19 20 21 22 29 32 34 38 
39 43 51 55 57 58 61 65 69 78 80 84 
85 87 88 90 91 92 94 97 98 101 113 128 
137 142 143 144 145 146 149 150 152 155 162 165 
168 174 182 183 186 188 189 194 195 199 205 212 
218 219 222 226 228 229 231 233 235 237 240 241 
242 244 249 256 257 258 278 281 285 290 291 296 
301 308 309 310 311 314 315 319 320 326 328 332 
334 337 340 343 348 350 352 356 358 360 363 364 
369 371 373 377 382 384 386 388 389 394 396 398 
402 404 405 406 408 410 424 425 433 435 437 444 
447 460 461 462 464 467 468 471 475 476 479 480 
486 487 490 497 498 507 509 511 514 518 519 522 
524 527 532 537 539 541 542 545 549 552 555 556 
562 563 564 568 570 576 577 580 582 587 590 592 
595 599 604 605 606 607 609 610 613 617 621 628 
633 635 638 639 643 649 655 659 661 662 665 670 
673 674 678 679 680 690 695 707 713 717 722 724 
725 729 733 735 736 742 750 755 757 761 762 766 
769 775 776 779 783 786 788 789 792 796 797 798 
216
3 11 13 14 16 22 25 26 27 29 31 32 
35 37 38 39 43 46 47 52 55 57 64 67 
71 72 81 83 87 90 92 93 94 95 96 101 
102 111 112 113 118 120 130 134 139 140 145 147 
153 156 157 158 159 163 164 171 173 176 177 179 
181 184 186 189 191 195 199 200 217 226 229 230 
235 236 239 244 268 269 272 280 283 285 286 288 
291 296 299 303 305 307 309 316 325 335 342 348 
353 355 359 363 364 367 371 372 380 388 390 391 
393 394 395 402 408 412 420 424 432 435 438 440 
448 452 458 472 482 485 489 499 501 508 515 521 
529 530 537 545 548 555 557 558 568 575 584 586 
587 594 595 597 598 605 611 613 618 621 625 628 
634 637 640 642 644 646 648 649 651 652 653 655 
658 661 664 667 669 671 674 675 679 682 686 688 
689 693 696 699 701 703 705 712 714 715 716 718 
723 724 725 731 735 738 740 752 754 757 762 767 
770 771 772 775 778 779 785 790 791 794 795 798 
227
4 5 13 23 24 26 31 32 34 35 38 41 
45 47 48 50 56 57 59 62 64 68 71 72 
77 81 83 89 91 96 100 103 106 107 114 116 
117 119 120 125 130 131 133 138 144 145 146 147 
149 163 164 169 172 175 177 184 191 193 195 196 
200 205 212 219 220 228 231 233 234 238 243 245 
253 254 255 257 260 262 267 271 273 274 277 282 
283 284 289 294 295 296 300 303 313 315 323 324 
326 327 330 331 332 335 336 339 340 344 345 349 
353 354 357 359 363 366 368 372 376 378 380 382 
383 392 399 400 401 414 415 418 421 424 428 431 
434 438 440 441 443 451 457 459 465 466 469 472 
475 477 478 482 494 500 503 509 514 515 519 521 
522 525 528 531 533 534 537 541 544 545 546 547 
552 555 560 570 576 577 578 581 585 586 589 592 
594 597 599 604 615 617 624 636 648 651 652 654 
656 660 661 664 667 668 672 673 678 683 688 691 
693 696 697 703 715 719 722 726 727 728 730 731 
734 741 750 764 772 775 776 780 783 793 796 
262
2 4 7 8 12 14 15 19 21 25 26 27 
32 35 40 41 43 46 49 50 52 56 65 67 
69 76 83 90 104 105 106 107 115 117 118 121 
122 127 129 134 138 139 142 144 147 151 155 156 
158 159 163 164 165 166 168 170 171 180 182 183 
184 185 186 187 188 190 193 194 201 202 204 208 
210 211 215 217 219 226 227 228 232 236 238 241 
244 245 246 247 249 255 268 272 275 279 281 282 
284 285 294 296 298 303 304 306 309 314 316 319 
320 322 325 326 328 329 330 332 335 336 342 345 
350 354 357 358 361 363 365 368 369 374 376 378 
389 392 393 398 399 401 405 408 410 412 414 425 
429 430 438 439 446 450 454 455 461 464 467 469 
470 471 478 479 483 487 494 496 502 503 508 513 
515 518 521 522 523 526 529 530 533 534 535 539 
541 545 546 547 548 550 552 555 556 559 560 566 
570 571 576 579 588 589 592 593 596 598 599 604 
607 610 615 616 618 621 623 628 631 635 637 640 
646 656 660 665 666 667 669 670 673 674 681 683 
684 685 686 688 689 691 704 706 712 713 717 724 
725 726 745 747 748 750 752 756 757 763 769 771 
773 775 777 781 783 784 785 789 792 796 
250
2 3 4 8 10 12 13 16 17 18 19 20 
22 25 27 28 29 31 33 41 42 44 46 47 
48 49 52 54 57 58 59 61 64 69 76 77 
78 83 84 92 93 94 95 96 100 101 102 106 
111 115 117 123 127 128 132 140 143 145 149 150 
151 153 157 162 165 166 171 175 176 178 182 183 
184 190 192 193 195 197 199 201 207 209 210 211 
213 214 218 220 222 224 226 234 238 240 245 251 
252 260 262 263 267 268 270 271 272 274 285 291 
292 293 299 300 303 313 315 316 318 320 322 325 
326 329 334 343 344 345 349 353 354 359 364 365 
371 372 374 380 381 382 383 386 389 390 396 401 
406 411 414 418 419 424 425 431 432 439 444 445 
447 451 453 456 467 469 471 472 476 477 496 497 
501 502 503 504 506 515 522 523 526 528 529 531 
534 538 544 546 551 553 558 560 563 568 573 574 
576 579 585 586 591 600 602 605 607 613 615 621 
622 624 626 629 641 643 648 653 659 662 663 666 
667 679 682 689 690 699 702 704 712 713 714 715 
719 723 726 733 735 737 739 746 753 755 757 758 
759 768 782 786 787 790 793 797 798 800 
260
5 7 11 14 15 17 20 21 25 26 28 29 
32 37 38 40 43 44 46 47 52 53 58 63 
65 66 67 68 72 80 83 84 85 89 94 95 
96 98 101 112 113 115 118 124 126 127 128 132 
134 140 141 143 155 161 162 164 166 171 173 176 
177 178 180 181 183 188 193 194 196 200 203 204 
208 213 218 233 234 242 246 247 248 251 257 263 
268 280 284 294 297 303 304 305 312 313 315 317 
319 322 324 329 332 334 337 339 348 354 355 358 
360 366 367 371 373 378 379 388 390 391 393 399 
404 412 414 415 416 420 423 428 431 436 438 442 
454 456 457 459 460 463 466 467 472 481 486 487 
489 492 494 495 497 498 499 502 506 509 512 518 
522 534 535 536 538 541 542 552 553 555 565 567 
568 569 570 574 575 578 581 585 588 590 592 594 
598 599 604 606 608 609 616 621 623 624 625 626 
628 636 637 638 639 641 643 644 645 650 658 659 
663 667 669 672 675 679 681 683 685 687 689 690 
693 694 702 705 709 710 711 713 714 716 717 718 
720 721 728 729 734 736 737 738 740 747 749 754 
755 757 761 770 771 772 773 774 776 781 783 785 
786 789 790 791 792 793 797 798 
229
13 19 22 27 28 30 38 45 46 48 49 50 
56 58 60 61 64 66 68 77 78 79 81 82 
88 96 97 99 100 106 107 109 115 116 119 120 
125 126 138 139 140 154 155 156 160 164 167 172 
181 184 187 190 192 193 200 201 202 212 213 214 
215 216 222 225 231 232 233 238 241 246 247 259 
262 263 264 265 270 273 281 283 290 291 293 295 
300 302 306 307 310 311 312 317 324 325 326 327 
331 340 347 348 356 359 361 362 366 371 373 375 
377 378 381 383 386 387 391 392 394 401 402 403 
404 406 416 423 426 428 433 438 439 440 446 451 
452 457 458 459 463 465 468 469 470 472 475 480 
481 482 483 486 487 489 493 495 496 499 508 511 
512 545 550 551 552 560 561 572 575 578 582 585 
590 592 593 598 601 602 603 604 609 612 616 624 
625 626 631 634 635 636 637 640 642 646 648 649 
654 674 675 682 687 701 708 710 713 719 720 722 
723 728 730 731 740 742 746 748 751 753 754 755 
757 758 761 762 766 774 780 781 782 784 790 795 
797 
204
1 2 6 10 12 15 17 21 23 25 27 29 
36 37 42 44 46 51 53 64 68 69 70 72 
76 81 83 85 86 87 97 99 105 106 107 112 
118 120 123 128 130 134 135 139 141 143 145 146 
150 152 155 165 168 172 174 179 182 183 185 187 
188 197 201 203 205 206 207 213 215 223 224 225 
226 231 232 233 234 238 246 259 261 266 279 281 
284 287 290 292 298 300 303 304 308 319 320 325 
332 333 350 354 362 363 365 367 372 374 376 384 
385 391 398 403 407 413 416 417 418 433 437 446 
450 458 461 463 464 465 467 468 470 474 482 485 
490 492 500 501 503 504 505 508 509 512 529 530 
531 532 533 535 536 540 550 553 554 555 560 563 
571 572 576 583 585 597 598 602 614 632 637 641 
642 649 650 656 657 660 663 664 684 686 697 698 
702 703 704 708 722 726 728 730 733 744 748 757 
761 763 766 769 772 777 780 782 787 798 799 800 
241
3 9 11 13 14 15 16 18 21 22 26 27 
31 35 36 43 45 47 51 52 53 56 65 70 
73 74 76 77 78 81 84 87 90 93 96 102 
103 107 109 111 113 114 115 117 119 126 128 131 
132 133 136 140 148 149 152 153 156 160 165 167 
168 170 176 182 198 201 206 207 208 210 218 220 
222 227 228 233 238 240 246 251 261 264 267 270 
271 282 288 290 291 297 301 303 304 306 307 312 
313 314 318 319 323 324 333 338 339 346 352 354 
366 371 376 377 379 384 385 386 387 388 395 400 
401 405 419 421 422 424 425 431 432 434 437 439 
446 451 453 456 457 459 462 466 469 476 477 484 
487 492 494 502 505 517 526 531 532 533 534 537 
540 544 547 550 552 561 562 568 569 570 571 576 
577 578 587 588 590 591 592 601 616 617 618 622 
630 631 632 634 637 638 639 640 644 645 650 652 
653 656 660 664 665 673 678 679 682 688 689 693 
695 696 701 702 703 705 708 713 717 720 722 727 
728 731 733 734 738 741 744 747 752 753 757 762 
763 766 772 773 776 778 783 790 791 793 797 798 
799 
251
8 11 13 14 18 20 21 24 27 29 41 46 
52 56 58 60 65 66 67 69 72 73 74 83 
86 87 89 91 94 95 96 99 100 103 105 106 
113 114 115 137 140 143 146 148 150 152 158 160 
164 167 168 171 173 175 177 179 180 181 187 189 
190 193 194 196 198 199 201 205 207 210 215 216 
217 218 220 221 224 227 228 233 235 237 242 243 
245 249 251 252 253 256 257 265 266 270 276 282 
283 284 296 298 300 308 312 315 319 320 321 324 
327 328 333 334 335 337 340 341 344 345 348 353 
359 362 364 366 369 372 376 378 383 387 388 393 
396 407 408 412 413 414 420 421 427 428 432 433 
434 443 444 446 448 449 451 453 454 455 459 461 
462 463 485 491 496 497 501 507 509 514 532 534 
535 539 540 545 558 566 570 571 572 573 574 577 
579 581 583 587 588 589 590 591 595 599 606 607 
611 618 624 627 628 635 641 643 644 645 652 655 
656 660 665 668 671 673 674 676 685 686 687 690 
691 693 701 702 703 705 709 711 712 714 716 717 
721 723 729 730 738 740 743 746 748 749 751 760 
762 764 765 771 776 777 779 780 781 782 798 
231
3 6 7 15 16 17 18 20 24 27 31 34 
36 41 43 49 55 57 65 66 74 77 82 83 
84 85 86 89 98 99 102 104 108 112 113 114 
117 119 123 127 132 133 134 140 141 147 148 151 
155 160 162 163 164 166 168 171 173 187 188 190 
191 193 195 196 197 199 201 206 208 211 216 223 
252 254 255 259 266 267 268 271 272 273 278 282 
289 290 293 295 298 300 303 308 309 311 316 318 
323 325 327 331 334 340 347 354 356 358 361 368 
370 372 373 374 375 376 384 389 394 399 403 405 
410 419 420 421 423 430 431 433 434 436 437 439 
440 445 447 450 451 453 458 459 461 462 463 467 
471 472 477 478 485 492 493 498 499 500 502 506 
513 514 519 521 526 530 535 551 554 559 561 562 
567 570 577 588 594 597 599 600 614 615 617 625 
626 632 636 639 642 645 646 651 653 656 657 660 
662 665 670 677 679 680 686 692 694 695 701 710 
713 715 720 723 727 729 730 737 739 744 750 752 
754 757 766 769 770 772 773 774 786 788 789 791 
792 795 798 
202
1 2 8 9 10 16 17 18 20 29 32 37 
38 39 41 45 49 51 55 56 57 60 61 62 
67 69 74 77 78 79 80 85 94 96 100 104 
107 108 114 116 121 125 127 138 141 144 152 158 
160 164 172 178 181 188 202 203 205 208 209 218 
221 222 224 227 230 239 246 250 253 255 260 261 
263 266 269 275 277 281 287 289 290 291 300 306 
307 320 321 325 326 328 332 333 335 343 345 346 
351 354 360 365 366 368 385 386 394 395 403 419 
427 429 437 443 445 450 453 455 458 461 462 474 
475 480 484 485 488 491 497 500 501 510 511 514 
519 526 527 528 538 539 554 559 566 567 569 573 
576 601 603 604 606 607 610 615 619 623 625 628 
629 632 641 643 644 649 656 664 667 668 670 671 
679 684 697 701 703 704 705 706 710 716 719 721 
726 729 736 738 740 743 747 754 755 756 761 766 
767 768 773 779 784 785 793 795 797 800 
263
1 10 15 18 21 23 27 29 31 35 38 40 
41 42 44 47 55 60 61 62 63 67 68 70 
71 73 74 78 83 84 86 89 90 105 106 107 
110 115 120 121 122 123 124 125 126 127 128 133 
139 142 148 157 164 165 166 167 168 174 178 181 
185 190 196 197 198 204 205 206 210 213 214 215 
216 218 224 225 230 234 235 236 238 239 241 242 
248 249 250 252 255 258 260 263 266 275 280 282 
285 287 290 293 296 300 303 306 309 310 313 316 
318 319 320 321 323 326 327 328 331 332 341 351 
352 353 364 365 376 387 388 399 403 404 406 409 
410 412 421 422 428 438 443 449 451 452 459 464 
465 469 471 472 473 476 477 478 480 483 484 487 
501 502 504 506 507 509 511 513 514 518 522 528 
529 531 537 541 544 545 554 555 558 568 571 574 
575 576 577 580 581 586 587 592 596 597 602 603 
607 613 614 615 616 621 623 628 632 634 637 640 
642 645 647 651 653 655 656 658 659 664 666 671 
677 680 681 686 687 688 689 690 691 699 703 704 
705 708 710 712 713 717 718 720 734 740 742 746 
747 751 752 758 763 765 769 771 774 775 777 778 
780 781 784 788 790 791 792 793 794 797 800 
241
4 5 9 11 18 23 24 25 29 32 37 38 
43 45 47 50 58 61 62 64 66 68 70 75 
79 82 84 86 87 88 89 92 95 97 99 100 
101 105 109 115 124 125 128 150 152 154 158 160 
165 171 174 178 181 183 186 188 199 200 205 207 
209 210 221 226 230 231 237 241 243 244 246 252 
253 255 258 265 268 271 275 281 287 294 299 302 
304 305 308 310 311 317 318 319 321 326 328 329 
332 337 338 340 341 346 351 356 362 363 368 370 
371 372 378 380 383 387 388 389 390 395 400 401 
405 409 410 412 415 421 423 427 428 433 439 443 
447 448 450 451 459 464 465 467 471 476 480 481 
482 483 486 487 489 491 492 493 498 501 504 506 
507 510 514 515 518 523 528 536 538 542 544 545 
550 551 558 560 561 568 573 575 577 582 583 584 
591 592 593 597 600 605 607 609 616 618 620 624 
626 627 628 636 642 644 655 656 658 660 665 667 
668 673 675 678 681 683 689 693 694 707 714 715 
716 723 725 729 731 733 736 738 740 745 748 751 
754 759 761 768 769 779 780 785 789 794 796 797 
798 
226
1 9 13 14 17 19 21 23 24 29 31 32 
37 40 46 51 53 55 62 63 64 65 66 69 
73 75 82 86 90 91 92 98 108 109 111 112 
117 119 120 127 131 139 153 156 159 162 163 165 
169 170 172 181 187 189 193 198 199 208 211 215 
216 218 221 223 231 234 237 242 262 263 264 267 
269 270 273 275 277 278 279 280 283 288 293 301 
302 304 312 313 314 315 320 321 322 324 336 347 
354 360 361 364 366 371 374 386 388 396 397 398 
410 412 417 423 426 433 441 442 445 449 451 456 
461 464 466 467 471 474 475 477 480 484 486 487 
488 491 493 495 499 501 503 504 506 511 513 518 
519 520 523 537 539 540 550 552 553 557 560 561 
562 566 573 580 582 583 589 598 601 603 605 608 
612 615 622 624 625 627 632 634 640 642 646 650 
658 666 673 676 677 678 679 681 687 689 690 693 
703 706 707 708 709 711 716 721 722 725 726 727 
728 734 735 736 737 740 744 746 747 755 756 757 
759 760 772 774 777 779 781 786 791 792 
249
1 2 5 11 12 15 17 19 20 25 28 29 
31 33 35 39 40 41 48 56 60 62 79 87 
91 92 99 105 111 121 122 123 124 129 131 134 
138 146 147 148 152 156 159 165 167 175 180 184 
186 188 189 192 195 203 204 207 209 224 225 227 
231 234 237 242 245 249 251 252 256 258 259 262 
269 272 279 283 284 286 288 290 292 293 294 296 
298 299 300 305 311 312 319 320 322 323 330 335 
337 338 341 342 351 357 361 363 366 368 369 372 
373 380 383 389 390 391 392 393 405 408 410 411 
416 418 421 427 429 430 431 438 439 440 444 448 
453 455 460 465 470 471 472 479 481 483 487 488 
491 495 508 509 515 517 521 524 529 536 539 541 
545 551 555 557 561 564 565 566 569 571 573 574 
575 581 582 584 585 586 589 590 593 597 610 614 
616 620 621 623 627 628 629 630 634 637 638 645 
648 650 656 659 660 662 669 672 679 680 682 685 
692 694 696 698 701 702 706 709 711 712 715 717 
719 720 721 722 725 727 729 735 736 741 743 754 
755 758 762 763 764 767 768 771 773 776 779 780 
782 785 786 791 792 796 797 798 800 
242
1 3 4 6 19 27 29 35 40 42 43 47 
49 50 51 52 55 57 58 60 61 65 69 78 
81 86 90 91 93 94 97 104 105 106 107 109 
110 114 124 126 131 133 135 138 139 141 143 148 
158 166 173 175 176 184 190 193 194 197 202 204 
208 210 215 220 222 223 232 237 238 242 244 245 
248 249 251 253 255 263 264 271 276 278 280 283 
284 286 298 307 308 310 316 318 319 320 321 325 
327 332 333 335 343 347 357 359 361 365 367 370 
371 372 377 378 379 386 392 396 401 403 407 409 
414 416 421 424 429 434 436 437 445 446 449 450 
460 467 469 470 472 478 480 481 483 487 488 502 
504 505 506 510 512 522 525 526 528 531 539 546 
548 551 555 560 562 564 565 570 572 573 577 578 
580 592 593 594 597 599 601 607 614 615 619 620 
622 624 627 631 634 635 637 641 645 648 650 651 
655 662 664 668 673 674 677 689 697 699 700 702 
703 711 715 719 720 725 726 728 729 731 735 739 
741 742 745 749 750 751 752 762 765 766 768 771 
773 774 777 778 781 782 784 787 791 794 796 797 
798 800 
270
3 4 5 11 12 13 16 17 21 26 34 35 
38 45 52 53 54 55 57 63 65 71 72 73 
76 78 86 87 89 99 101 103 106 109 111 112 
113 114 118 120 123 124 128 130 131 132 134 138 
151 155 156 158 160 161 163 165 167 168 173 176 
182 186 187 193 196 197 200 201 205 208 214 219 
222 223 224 225 227 230 236 241 242 244 247 249 
252 253 254 257 258 266 267 268 270 272 274 277 
279 283 285 287 288 290 291 292 297 299 302 304 
309 316 318 319 321 322 325 326 327 338 345 351 
353 361 362 363 366 367 370 372 380 387 390 391 
392 393 395 396 400 401 402 403 404 410 414 420 
422 431 434 435 439 440 444 446 449 452 454 456 
461 462 478 483 484 487 488 489 493 495 497 500 
501 507 515 517 522 528 532 541 542 543 544 548 
550 552 553 557 559 560 564 566 567 568 574 577 
578 581 587 596 597 601 603 612 621 624 628 629 
631 632 634 636 638 639 640 641 645 650 656 661 
662 663 664 665 669 670 671 672 680 681 684 690 
693 696 699 701 705 706 707 711 714 717 719 722 
723 724 726 733 734 736 738 740 742 745 749 753 
755 759 761 762 764 766 769 771 772 773 775 777 
779 782 784 795 796 797 
229
1 4 5 12 16 17 19 20 23 24 25 27 
29 40 44 47 48 52 53 63 69 70 74 80 
82 83 84 86 89 90 95 100 105 106 110 111 
116 117 121 130 133 135 139 143 145 148 152 155 
158 159 169 170 174 177 178 188 189 190 192 194 
195 199 201 205 206 208 209 216 219 230 239 242 
243 246 247 251 255 256 267 269 270 274 277 281 
282 285 298 301 306 309 311 312 313 316 317 325 
330 331 332 333 342 345 346 349 351 353 354 359 
361 365 366 369 370 377 379 388 390 397 398 412 
414 420 423 425 426 428 430 436 438 444 453 454 
458 467 470 474 485 490 491 492 493 498 501 508 
512 517 518 521 524 531 533 535 539 541 545 552 
555 557 559 560 561 562 566 568 576 583 586 589 
593 595 597 599 602 606 618 619 620 621 627 637 
639 646 648 655 656 658 662 671 672 678 680 681 
690 691 692 699 700 706 709 711 712 713 717 718 
719 720 721 733 734 735 737 738 743 746 753 755 
756 759 765 769 772 773 779 781 792 793 796 798 
800 
253
3 4 7 10 16 21 25 27 28 30 41 43 
48 53 54 55 59 67 68 74 77 80 82 83 
86 87 88 90 97 98 103 107 109 110 111 114 
116 123 125 131 135 136 138 144 149 159 160 168 
169 171 174 183 187 190 191 192 194 195 196 197 
198 199 201 206 207 210 212 214 223 225 230 233 
235 238 240 255 257 258 259 264 269 272 273 275 
278 284 290 297 298 299 304 305 309 312 320 321 
324 327 330 334 338 341 342 345 351 352 353 356 
357 358 359 361 362 364 370 373 379 380 381 386 
392 394 398 399 400 401 403 407 408 413 414 418 
419 421 422 423 424 425 432 437 441 445 448 450 
452 454 455 456 459 461 467 468 470 474 475 479 
480 481 482 483 485 491 494 495 497 502 504 506 
507 514 517 522 524 528 529 530 533 535 543 544 
556 558 560 563 566 567 569 571 575 577 580 583 
585 587 588 589 590 594 595 596 598 599 602 607 
608 611 614 617 645 648 653 657 662 663 668 670 
677 682 684 685 687 691 694 698 701 703 705 710 
712 715 716 720 721 725 730 734 738 742 744 746 
751 755 759 765 767 777 782 783 784 785 790 793 
799 
239
2 3 4 7 10 12 14 17 18 22 23 24 
32 34 39 42 44 46 47 50 52 63 68 70 
71 75 82 86 90 97 98 99 105 108 111 112 
115 117 118 119 128 134 139 142 143 149 150 151 
152 154 155 157 158 160 165 166 167 169 172 177 
181 198 203 204 206 210 211 221 225 229 233 236 
248 249 256 257 259 260 261 262 263 265 272 274 
278 284 289 291 298 300 303 304 305 313 319 320 
322 323 324 325 328 333 337 341 343 353 357 359 
360 361 364 378 387 392 394 396 397 398 404 407 
412 416 419 425 427 430 431 436 438 442 443 449 
455 460 462 463 468 469 473 474 477 480 483 484 
494 496 499 501 508 509 511 519 520 525 526 528 
529 530 533 538 547 549 551 553 556 558 560 561 
563 566 569 570 574 575 577 581 590 594 598 599 
600 602 605 609 611 612 623 624 632 634 640 648 
653 656 657 664 665 666 672 674 675 677 684 689 
691 694 696 699 700 706 710 715 717 720 725 729 
733 736 737 744 745 746 747 748 749 754 762 765 
767 773 774 777 779 780 781 784 787 789 796 
232
2 6 7 9 11 13 15 18 19 20 24 26 
27 35 42 45 53 54 57 62 63 70 75 80 
81 84 96 98 102 103 109 110 117 118 121 128 
135 137 145 147 148 150 151 152 159 161 162 164 
168 173 175 177 179 184 185 188 202 203 205 207 
209 214 228 230 231 233 239 240 242 243 247 252 
253 257 258 259 267 272 274 275 279 280 284 285 
286 293 299 300 301 309 310 311 312 318 320 321 
323 325 326 328 332 333 334 337 340 342 346 348 
349 351 353 359 360 361 364 369 373 381 382 386 
389 392 397 398 402 403 410 412 415 427 434 438 
441 442 443 445 447 451 452 455 459 463 464 467 
470 474 476 480 481 484 485 488 491 493 497 500 
504 505 512 513 514 517 519 521 529 533 535 538 
539 541 542 546 547 548 553 554 557 560 563 570 
583 590 593 595 599 600 602 605 611 614 615 616 
621 630 631 637 643 655 659 660 675 676 677 680 
681 683 690 698 702 704 710 711 713 718 721 723 
736 741 742 752 754 756 757 759 763 766 770 777 
788 794 797 800 
229
1 6 7 10 13 15 26 29 31 35 38 41 
45 51 52 55 56 58 59 62 73 74 76 81 
90 91 98 100 104 105 116 118 124 127 131 134 
135 136 137 143 148 149 151 153 166 170 176 179 
180 182 186 192 193 198 201 203 204 205 209 212 
214 215 226 228 236 239 240 248 255 259 263 266 
267 275 279 284 301 304 305 307 308 320 322 325 
326 328 330 335 336 340 341 343 345 349 356 361 
363 365 373 375 376 378 387 393 394 395 398 404 
406 407 410 412 413 417 418 423 435 436 439 453 
455 456 468 471 474 475 479 483 485 490 491 492 
494 495 498 501 503 512 516 520 521 523 529 533 
535 537 539 540 541 543 545 548 549 553 557 558 
565 568 573 575 576 577 582 585 586 589 591 592 
597 601 602 604 607 608 610 613 620 622 626 629 
631 633 643 648 652 658 663 664 665 671 672 674 
676 684 685 686 687 688 690 691 693 694 706 707 
709 710 712 714 718 729 730 733 740 745 749 750 
751 754 757 762 766 771 775 780 782 783 788 795 
800 
263
1 2 9 10 18 23 24 25 27 28 30 31 
33 36 37 39 45 58 60 63 64 66 71 73 
77 78 81 83 91 93 94 96 97 100 103 106 
109 112 113 116 120 122 125 128 133 135 138 139 
142 144 146 148 155 158 159 161 167 169 173 174 
180 182 185 189 193 198 201 205 213 217 224 232 
237 238 239 242 246 247 248 249 252 257 261 263 
264 267 268 269 273 274 277 280 282 284 290 293 
294 296 297 300 301 308 309 310 311 312 313 315 
317 318 328 330 331 337 339 341 342 345 348 355 
361 363 366 367 375 376 379 386 387 390 391 392 
396 397 399 401 402 403 404 407 412 415 421 423 
425 432 435 442 443 445 454 458 460 465 467 470 
471 475 477 478 482 483 484 493 499 500 501 502 
503 504 505 507 510 514 521 527 531 532 533 536 
543 544 550 551 553 555 556 559 560 561 567 573 
581 584 587 589 591 592 593 595 598 599 603 606 
611 613 614 620 621 622 624 628 630 632 641 644 
649 650 651 652 665 668 672 673 675 678 683 684 
685 689 692 693 695 701 704 706 708 711 712 715 
718 720 729 730 731 738 740 746 749 752 756 764 
765 767 775 777 778 784 787 792 794 795 799 
229
2 3 9 12 20 21 22 24 25 29 30 36 
37 41 46 48 56 58 59 60 63 67 73 77 
82 86 88 89 98 102 103 104 108 109 110 112 
114 117 120 123 124 125 129 134 136 137 142 144 
146 150 156 159 165 166 171 174 175 177 178 181 
184 187 199 204 208 212 215 219 222 226 227 229 
232 235 238 239 241 246 248 249 250 252 259 261 
262 264 267 273 274 277 291 296 297 299 303 308 
310 320 323 324 326 335 337 340 342 344 350 351 
359 368 371 372 376 380 382 385 388 390 393 396 
400 403 405 413 414 416 419 420 421 424 429 435 
436 442 448 455 456 467 468 477 478 484 486 487 
494 499 503 512 513 514 516 518 519 520 523 529 
532 533 535 539 543 544 546 547 552 553 557 562 
566 572 575 578 592 598 603 608 609 612 615 617 
619 620 627 629 632 635 638 639 646 664 665 666 
673 678 683 685 688 695 706 707 712 716 719 720 
721 725 726 728 732 738 744 745 752 754 755 761 
765 766 772 773 780 781 785 787 789 791 796 797 
800 
226
1 11 12 15 17 18 19 20 25 27 29 30 
37 47 54 60 64 68 69 70 72 74 76 79 
82 83 84 93 97 98 101 108 114 116 117 119 
124 126 129 133 134 144 150 156 157 162 172 174 
177 178 184 187 190 192 196 197 206 208 218 220 
224 228 230 233 236 239 240 241 245 247 249 250 
252 254 255 258 264 271 273 274 278 281 283 284 
286 288 289 298 301 302 303 305 311 316 319 322 
323 331 339 341 345 346 348 353 359 360 364 366 
372 373 375 377 381 384 390 395 396 402 409 412 
415 417 421 427 430 437 443 460 461 462 468 474 
476 479 483 486 487 488 500 504 511 519 520 522 
523 525 526 529 530 533 538 540 542 552 553 558 
566 567 574 580 582 583 586 591 595 596 604 612 
616 618 619 622 624 628 632 634 635 637 638 640 
642 652 657 662 666 669 676 677 679 681 682 683 
684 685 686 689 690 698 699 702 714 715 727 734 
736 737 738 740 742 752 753 756 757 758 764 765 
769 771 772 780 781 788 790 791 795 800 
216
3 6 24 27 28 31 38 54 56 60 62 63 
66 67 68 69 74 76 79 82 86 90 91 92 
93 94 96 99 100 105 108 110 111 112 113 123 
124 127 134 135 136 143 146 149 155 164 167 169 
173 176 183 184 190 192 195 197 201 202 205 207 
213 220 222 224 233 234 236 237 238 239 244 250 
251 252 257 269 270 292 295 296 297 299 307 310 
314 333 339 340 342 344 346 347 348 352 353 356 
365 367 371 376 377 379 381 383 386 387 388 389 
396 397 398 401 402 408 412 416 418 422 430 431 
432 434 442 448 452 458 459 462 472 473 476 477 
481 491 494 497 499 512 514 527 543 554 555 556 
557 559 561 562 567 568 574 578 580 583 586 589 
590 592 593 594 597 599 601 604 605 614 616 618 
621 625 629 633 635 644 648 658 661 662 665 669 
676 677 680 682 692 696 697 699 701 703 705 715 
716 727 730 732 741 744 745 748 751 752 753 757 
765 767 768 773 775 777 778 780 781 791 794 797 
246
4 5 13 14 15 16 20 21 22 33 34 35 
43 49 51 56 66 67 68 71 73 78 82 83 
85 86 92 97 98 100 102 103 109 110 112 119 
122 124 127 129 130 131 132 136 139 142 150 155 
156 159 163 164 165 167 168 169 171 172 173 178 
182 192 195 196 197 201 205 209 218 219 224 228 
233 234 237 248 251 252 258 262 266 273 274 275 
278 279 280 281 282 287 288 290 295 296 297 300 
302 303 305 306 308 311 317 318 319 323 324 326 
327 333 337 340 341 346 347 352 354 355 357 358 
359 362 364 366 372 373 379 383 395 396 398 401 
402 404 415 416 417 418 424 425 431 436 441 442 
446 448 455 460 463 469 476 486 495 497 501 504 
506 507 509 513 514 515 520 521 523 524 527 533 
536 540 548 552 558 560 563 564 565 566 568 571 
576 578 584 585 586 587 588 590 591 592 595 597 
598 602 604 605 607 609 615 618 623 628 629 630 
637 642 643 651 655 657 667 675 678 686 691 694 
698 704 706 710 712 715 731 732 736 741 742 743 
744 746 750 753 754 755 756 758 763 768 770 773 
781 785 787 790 794 799 
220
8 10 16 22 24 30 31 33 35 36 40 41 
43 48 58 62 64 71 73 75 81 84 92 93 
104 107 114 115 116 119 121 123 127 128 138 141 
143 147 148 149 150 153 157 159 163 172 176 183 
189 190 194 198 199 205 207 211 215 221 227 228 
229 230 235 239 242 244 249 251 253 257 263 265 
268 269 272 277 281 283 285 294 300 301 302 303 
304 308 315 318 321 323 335 340 341 344 350 355 
357 358 361 366 367 369 372 377 383 384 386 387 
388 394 397 401 406 414 417 421 423 437 443 447 
451 452 454 457 461 467 474 483 485 486 487 492 
494 495 503 507 510 511 526 528 531 535 537 539 
542 544 546 549 550 551 555 565 566 569 570 571 
572 575 577 580 583 586 590 592 596 600 602 604 
607 609 610 626 629 630 633 635 637 638 639 641 
642 644 645 646 650 651 654 656 665 666 667 670 
675 685 689 696 698 699 704 705 706 707 711 715 
720 721 723 735 739 741 742 744 750 754 758 762 
770 775 783 792 
233
2 3 9 11 16 17 25 27 28 32 33 39 
45 49 51 52 58 59 61 72 73 74 77 79 
81 82 83 86 95 100 104 105 106 107 113 115 
118 119 121 122 123 126 131 139 142 146 147 152 
154 156 160 164 166 171 175 189 191 193 195 196 
203 205 206 208 221 223 227 228 229 235 243 247 
249 251 256 259 261 263 279 280 281 282 285 288 
291 295 297 302 307 312 313 318 319 320 321 323 
325 327 329 336 338 341 344 345 352 355 357 359 
363 364 369 370 371 379 381 384 385 387 388 389 
391 394 395 396 397 401 403 406 407 413 420 425 
426 430 433 434 435 436 437 452 453 457 459 465 
476 486 488 499 500 501 502 505 508 510 511 515 
518 521 522 528 531 534 539 540 541 548 549 550 
551 559 560 561 567 568 569 590 594 599 601 605 
609 610 615 623 629 643 652 654 661 663 674 676 
677 679 680 685 689 690 694 695 696 703 706 707 
708 711 712 715 721 727 728 732 738 741 742 743 
745 746 748 751 752 754 758 760 768 773 779 784 
785 787 789 796 797 
253
7 8 13 16 18 19 29 30 31 35 36 40 
50 55 59 61 70 76 78 82 87 88 90 93 
98 99 104 105 108 109 117 120 122 129 130 135 
138 139 148 152 154 158 161 168 173 176 179 184 
185 187 188 194 196 203 213 214 215 217 228 230 
232 234 236 242 244 245 248 253 254 257 260 263 
264 265 271 280 281 284 289 291 294 301 302 304 
305 307 309 311 312 313 315 316 317 322 332 333 
335 336 340 343 344 345 350 353 355 358 361 364 
367 370 371 377 378 381 389 396 399 400 402 405 
409 414 416 417 423 424 427 432 434 437 438 444 
448 450 451 453 456 457 465 471 472 475 479 480 
482 483 487 489 490 492 493 494 498 499 500 504 
506 508 510 513 516 517 521 524 532 534 537 539 
543 545 547 551 553 556 557 559 561 565 566 568 
574 577 583 587 588 592 599 600 603 606 611 614 
617 625 631 636 637 638 641 642 646 650 653 666 
669 673 674 680 681 682 683 685 686 688 689 691 
694 695 697 698 699 700 701 704 710 714 719 721 
723 726 727 731 732 736 739 741 742 746 747 751 
753 754 757 759 765 766 773 775 781 787 792 795 
800 
218
6 8 9 13 16 24 27 29 30 32 35 36 
39 46 49 54 55 57 62 63 70 73 75 85 
89 92 96 97 103 106 108 117 118 119 120 124 
129 132 137 143 149 152 165 180 182 186 187 189 
193 197 198 200 201 204 209 211 213 216 219 221 
222 224 230 239 240 245 246 247 250 252 262 271 
272 274 277 287 292 295 297 302 304 308 310 311 
312 313 315 320 324 326 339 342 344 353 355 360 
365 369 370 371 372 375 376 378 380 385 391 396 
407 412 416 417 422 433 436 441 442 444 447 452 
464 466 470 471 474 484 485 487 490 493 494 502 
503 506 512 519 520 522 527 528 530 537 538 540 
544 547 548 551 552 553 554 558 560 561 564 567 
569 570 572 573 575 577 581 587 596 600 601 603 
605 609 611 616 629 630 651 653 657 658 665 667 
686 687 688 689 691 693 699 700 701 708 714 718 
724 730 731 732 733 734 737 740 745 746 749 755 
759 760 764 765 766 768 769 779 786 792 793 796 
798 800 
224
1 4 6 10 11 12 13 15 21 22 25 26 
28 33 35 37 40 45 50 54 57 65 68 75 
76 87 88 89 91 93 95 100 102 107 112 116 
120 121 125 126 128 134 141 145 148 152 157 158 
165 168 172 173 183 185 187 190 198 200 205 207 
208 209 211 221 223 225 226 227 229 230 231 242 
244 245 248 251 255 258 259 265 268 270 273 275 
277 279 280 284 285 287 289 290 292 295 304 307 
312 314 315 318 319 321 323 324 326 329 331 333 
334 335 337 344 350 352 354 364 367 368 371 372 
377 378 390 397 400 404 410 415 416 438 441 453 
454 459 462 465 471 472 479 481 490 491 497 502 
507 508 514 516 517 525 528 531 532 535 538 540 
543 544 547 550 551 562 568 571 576 580 581 583 
584 587 589 591 593 594 599 603 606 609 614 619 
621 624 627 628 632 635 638 648 650 652 654 657 
662 668 669 671 673 678 693 694 712 713 715 718 
722 728 729 731 739 740 742 749 752 753 755 764 
774 777 778 779 795 797 798 799 
240
1 2 3 4 5 6 9 14 16 18 21 34 
35 36 37 46 47 60 62 67 68 69 70 72 
74 76 82 87 89 90 94 98 102 104 105 115 
119 121 123 124 135 137 138 140 144 150 161 167 
175 188 189 192 199 202 204 205 206 208 218 219 
220 221 225 231 232 235 239 243 244 245 247 248 
251 257 259 261 265 268 275 276 279 283 285 287 
289 292 293 294 298 302 305 311 315 325 337 341 
342 343 345 347 348 351 353 355 364 365 375 376 
378 379 380 385 386 392 393 394 395 398 405 406 
407 414 415 417 421 423 425 426 428 429 432 436 
437 440 442 443 444 446 447 451 452 461 464 465 
469 470 472 477 480 481 482 483 487 488 490 495 
501 503 510 511 512 517 518 520 521 523 527 529 
530 532 536 543 545 551 554 555 562 565 566 570 
572 574 582 586 588 592 596 598 600 601 606 607 
614 616 618 619 622 626 628 630 632 637 638 642 
646 652 655 658 659 664 672 673 674 677 687 688 
696 697 702 705 708 711 715 721 732 747 755 759 
768 771 772 774 778 781 783 785 790 792 797 800 
228
2 5 7 8 9 15 16 17 21 29 34 36 
42 53 54 56 59 60 61 62 70 72 75 76 
81 83 85 86 87 90 93 96 97 102 105 109 
113 114 116 118 123 124 129 140 147 150 151 159 
161 163 170 171 175 184 189 190 192 193 196 201 
203 208 210 211 213 214 215 216 219 220 221 224 
228 229 230 238 241 243 246 247 248 256 261 271 
272 275 280 282 283 297 305 308 313 315 317 318 
320 322 328 330 333 341 349 351 356 358 360 368 
369 370 373 375 379 388 389 394 396 398 406 414 
416 418 421 422 423 427 433 436 441 442 443 446 
450 454 457 458 464 465 468 469 487 488 489 491 
492 504 507 510 511 514 515 520 524 526 537 541 
547 555 556 562 563 568 569 570 573 575 576 577 
580 584 585 588 589 599 605 616 620 623 626 628 
633 634 636 648 649 654 664 669 671 674 675 678 
683 684 686 693 695 700 707 709 710 713 716 719 
728 729 731 734 735 738 743 746 750 756 757 758 
765 769 772 777 778 781 789 792 793 797 799 800 
246
1 6 7 12 14 15 22 23 26 29 31 35 
37 40 41 45 46 48 49 64 65 68 70 71 
73 78 87 90 94 101 105 110 115 121 123 126 
127 129 132 138 139 140 144 147 149 153 154 158 
159 165 178 182 186 188 189 190 195 199 200 203 
206 211 213 215 216 218 219 223 227 230 233 237 
238 250 251 252 256 259 261 263 264 271 274 275 
278 282 290 293 300 305 306 307 311 313 316 317 
319 330 332 336 337 339 340 341 343 351 355 356 
357 362 366 368 391 394 395 396 401 402 405 408 
409 412 413 416 417 418 419 430 433 434 439 441 
452 455 460 462 473 475 476 485 489 491 493 494 
496 503 504 505 507 512 513 514 515 521 526 528 
529 530 534 541 543 545 548 549 559 561 563 564 
565 566 568 570 573 574 575 577 580 584 585 586 
589 597 600 603 604 609 610 612 613 614 616 618 
621 622 625 630 640 644 645 646 647 648 650 654 
659 661 663 675 676 682 683 684 691 692 694 697 
702 705 706 708 709 714 715 720 721 722 723 727 
734 742 747 751 752 755 757 762 763 772 773 774 
776 784 787 793 794 799 
239
2 10 11 12 14 16 18 27 31 37 46 47 
48 49 51 55 63 64 66 69 70 74 75 77 
78 86 89 91 93 98 99 100 102 103 105 106 
107 111 112 115 116 117 123 126 127 133 137 138 
144 151 156 157 160 164 165 166 168 171 172 178 
183 184 193 194 198 199 200 207 208 210 215 216 
217 220 224 232 239 241 242 243 250 253 256 263 
264 269 270 275 285 287 289 291 293 297 304 306 
308 309 314 318 319 325 326 337 338 339 341 344 
349 350 364 365 370 374 375 380 382 390 392 394 
400 402 403 407 411 414 415 417 418 423 432 441 
442 443 452 454 455 459 472 474 475 480 482 484 
485 488 489 494 501 502 503 504 515 517 518 522 
524 527 528 531 533 541 542 543 546 553 554 557 
558 561 563 573 574 576 582 589 590 591 594 596 
598 600 602 604 608 610 614 615 617 620 621 622 
625 626 635 638 641 648 655 658 659 663 666 668 
669 670 676 681 687 690 691 701 702 703 708 719 
721 722 723 724 727 728 732 735 742 749 751 756 
758 760 776 777 783 785 787 788 790 793 794 
249
5 13 16 20 22 31 32 34 36 40 41 42 
43 44 46 50 51 52 57 62 67 72 76 88 
90 93 97 103 104 108 109 111 115 120 122 129 
131 133 134 135 141 142 145 147 148 156 158 164 
166 168 174 181 184 187 188 190 191 194 197 199 
202 206 207 209 211 213 214 226 229 232 233 234 
245 247 248 254 255 256 259 262 263 264 269 273 
277 282 284 287 288 295 299 304 305 307 308 310 
311 317 318 323 324 325 326 330 333 334 335 336 
341 342 345 347 354 355 356 361 366 367 368 369 
378 381 384 390 391 393 396 403 405 409 411 415 
419 427 434 438 439 440 441 442 445 447 448 451 
453 458 462 463 464 471 473 476 477 478 479 481 
484 485 486 490 491 493 495 496 501 509 510 512 
513 521 525 531 535 538 540 541 547 550 557 560 
561 564 565 567 575 580 581 587 595 597 603 611 
612 613 615 618 625 628 629 645 648 652 659 660 
666 669 672 678 685 686 687 688 690 692 695 698 
703 709 715 718 721 725 731 733 735 738 739 743 
744 750 751 752 757 759 763 764 766 767 771 772 
779 781 783 784 788 789 790 795 796 
244
2 3 6 8 9 12 13 18 22 24 29 32 
35 37 38 40 50 51 53 55 62 63 66 76 
77 81 82 87 93 99 107 108 116 120 122 124 
126 131 134 135 136 139 142 152 153 154 155 158 
159 161 162 164 166 168 169 172 173 174 176 177 
181 184 186 189 198 205 210 215 218 221 224 226 
228 230 234 236 237 238 239 243 248 249 252 256 
258 261 265 267 268 273 274 276 278 282 286 288 
291 294 297 299 303 308 309 311 320 323 324 329 
332 337 340 342 343 346 349 350 352 354 359 362 
364 367 370 372 377 381 385 386 388 392 396 399 
404 406 417 419 423 433 451 452 454 457 459 461 
463 464 465 467 468 473 476 477 480 482 483 486 
491 499 503 505 507 513 515 517 519 525 527 530 
539 540 544 547 552 562 570 571 574 575 576 577 
581 583 586 587 592 597 599 608 611 613 618 621 
622 626 634 635 637 643 647 648 653 655 658 659 
660 661 662 667 668 673 675 676 687 689 691 693 
701 702 710 712 714 715 717 723 726 734 743 750 
753 757 761 762 764 767 768 771 772 773 776 777 
779 788 790 794 
248
3 7 15 22 26 29 31 33 40 42 43 45 
47 52 57 58 59 63 64 65 70 76 77 79 
83 84 85 87 93 109 116 117 130 135 141 144 
145 151 152 155 158 161 169 170 178 183 184 185 
188 193 194 195 200 205 208 209 211 214 220 224 
231 234 235 236 238 251 255 262 263 264 268 269 
270 282 283 285 290 293 294 298 300 301 302 304 
307 309 313 315 318 319 320 326 330 331 336 338 
340 341 342 343 344 349 352 357 360 363 367 371 
375 376 377 378 388 396 405 406 407 408 412 414 
415 420 424 425 427 428 430 433 434 437 440 441 
442 444 445 452 456 457 459 462 467 469 472 476 
478 479 484 485 487 491 492 499 502 505 507 508 
509 511 512 513 517 519 521 522 524 526 534 535 
541 544 545 546 547 564 566 567 568 571 574 576 
577 581 586 587 588 589 592 594 598 600 601 607 
610 613 625 627 628 630 632 633 635 636 639 641 
644 647 650 652 654 660 663 665 669 673 675 678 
688 692 697 699 702 706 713 722 723 726 727 728 
730 735 736 739 759 760 763 766 767 775 778 781 
783 787 788 789 790 794 798 800 
243
1 2 4 8 10 19 23 25 29 37 41 42 
45 46 52 54 56 60 68 70 72 73 76 78 
90 93 95 98 101 108 112 117 121 122 126 128 
129 130 132 133 143 147 148 157 159 167 170 171 
172 177 181 185 188 192 195 197 201 203 209 216 
219 220 223 227 229 231 234 239 242 245 247 248 
252 254 263 268 269 270 274 276 277 280 282 284 
290 292 293 295 296 298 299 305 309 314 317 321 
322 326 333 337 344 345 346 350 355 356 357 358 
359 360 365 367 369 374 375 376 381 384 386 395 
397 398 401 403 404 412 414 418 419 421 423 424 
429 432 434 435 436 438 439 442 446 447 454 456 
460 461 462 466 467 474 478 480 486 490 493 498 
501 502 506 507 511 521 523 528 532 534 541 542 
545 547 548 550 551 554 556 557 560 561 564 567 
576 580 589 600 603 605 608 611 612 614 624 630 
640 641 650 651 652 657 659 660 666 670 674 678 
683 684 693 694 695 698 702 705 707 709 712 714 
716 717 722 725 726 729 738 742 744 745 747 748 
750 753 754 755 759 763 765 772 777 778 784 787 
789 790 795 
234
3 8 10 18 21 24 25 26 27 31 36 40 
41 42 43 44 49 52 58 63 70 72 78 79 
86 96 97 100 103 105 117 118 122 123 124 126 
142 155 156 162 169 172 176 177 179 180 181 182 
184 185 186 193 198 201 204 206 207 211 215 217 
219 220 221 223 224 227 229 232 248 252 264 266 
270 271 274 275 276 278 281 282 285 286 287 288 
290 293 302 303 313 316 325 330 332 336 337 338 
342 351 354 357 358 359 360 361 367 370 371 373 
375 379 380 383 384 386 390 394 400 404 407 412 
419 422 429 430 432 433 434 440 444 447 448 449 
450 452 455 460 461 462 465 477 478 482 487 489 
490 492 493 499 504 505 507 509 510 517 518 521 
524 525 530 531 532 533 534 535 536 537 543 552 
555 558 567 570 574 575 577 580 582 589 592 595 
597 599 601 603 604 621 624 625 631 632 635 639 
641 645 646 649 650 651 655 659 660 664 667 670 
681 682 685 688 691 699 716 723 725 729 736 737 
738 743 747 749 753 755 759 760 771 772 777 778 
786 790 791 794 798 800 
253
1 4 7 9 10 14 21 22 24 26 27 31 
32 40 42 46 48 51 57 64 67 69 70 77 
78 82 83 87 90 91 96 98 108 112 114 122 
123 132 137 138 139 141 145 161 171 173 174 175 
176 177 179 187 188 190 193 198 199 200 201 202 
203 205 207 211 212 218 222 225 227 229 230 232 
234 239 242 243 244 248 249 252 253 255 256 261 
263 265 266 268 270 272 273 276 280 293 296 297 
299 301 306 308 310 312 314 315 319 323 326 329 
331 339 341 348 350 352 355 359 360 362 367 375 
376 391 395 399 402 405 409 410 411 418 419 422 
426 429 430 432 437 440 447 450 452 454 455 457 
460 481 485 486 488 492 493 496 503 506 507 508 
511 512 513 519 522 523 527 528 530 531 536 539 
542 544 546 548 551 553 556 557 565 567 569 573 
579 581 584 588 589 590 594 596 598 599 604 606 
607 609 612 615 616 622 624 627 628 630 632 649 
651 653 655 657 659 661 665 666 674 676 677 681 
689 690 696 700 704 705 707 710 714 717 719 722 
725 728 733 735 736 737 738 741 745 747 752 753 
758 759 760 763 766 767 770 772 780 787 794 795 
798 
264
1 2 4 5 7 10 11 14 18 28 30 32 
33 37 40 45 46 50 51 53 55 57 58 65 
66 69 70 71 77 78 82 87 104 105 110 111 
112 113 114 115 116 117 119 121 122 128 129 130 
132 133 135 141 143 146 152 159 160 161 166 167 
169 170 171 174 178 182 183 187 188 193 195 196 
197 205 212 216 220 223 230 231 233 236 238 244 
247 255 257 258 260 261 263 264 265 266 267 272 
273 278 280 282 283 285 286 291 297 302 306 307 
309 310 316 318 327 330 332 334 338 339 346 349 
350 351 352 354 362 363 364 366 367 368 372 374 
380 381 390 393 394 398 399 400 402 403 408 409 
411 415 416 418 422 423 426 429 430 432 442 446 
448 449 463 465 471 473 474 475 482 487 488 489 
495 497 506 511 513 518 522 528 532 533 547 549 
550 554 556 557 560 568 570 571 572 579 581 583 
586 587 588 590 598 600 601 602 603 605 606 607 
610 611 615 617 619 621 622 623 624 625 627 628 
639 642 643 644 646 648 655 658 660 671 675 686 
690 697 699 701 704 705 710 713 719 724 727 732 
738 741 742 744 745 746 750 753 754 758 759 760 
762 765 766 771 780 781 786 788 790 792 794 796 
239
3 6 9 21 24 28 30 31 34 35 39 45 
46 48 49 51 58 59 60 64 65 66 68 71 
77 78 80 83 85 87 95 96 97 98 101 103 
105 109 113 114 115 117 118 119 120 121 122 125 
126 128 132 138 142 143 147 152 154 156 159 164 
165 168 169 170 178 182 183 190 191 195 197 200 
201 205 207 208 209 217 223 225 228 229 233 235 
239 240 242 248 258 263 272 275 280 282 288 296 
298 303 307 308 313 314 315 316 320 321 327 328 
330 334 338 339 341 346 357 358 359 360 371 372 
373 374 376 379 384 386 389 393 398 408 410 414 
418 421 431 436 439 440 443 450 458 465 468 472 
481 483 486 487 490 496 500 503 508 513 515 516 
517 519 520 524 533 535 541 549 550 554 562 563 
564 569 573 577 580 582 583 597 600 601 603 604 
609 611 613 620 622 623 627 628 629 630 631 632 
637 641 652 654 659 662 663 674 676 677 681 683 
684 685 687 690 691 693 697 698 699 701 702 706 
717 719 724 729 734 737 739 740 743 745 748 759 
763 764 772 774 776 779 782 786 788 789 795 
257
2 3 10 13 18 21 25 29 30 35 36 42 
48 63 67 70 73 74 78 79 81 83 91 94 
96 105 107 111 112 114 119 120 121 122 123 128 
132 133 134 135 143 146 156 158 165 173 185 186 
189 191 192 196 201 202 203 206 208 212 215 217 
228 229 233 236 237 238 239 240 241 245 248 249 
250 251 255 260 262 263 266 267 268 272 276 283 
286 288 291 292 295 302 305 306 307 308 310 312 
314 324 328 332 333 334 335 336 340 341 343 344 
350 354 356 357 358 360 365 367 369 373 380 388 
389 394 396 399 400 401 403 405 408 411 412 413 
415 417 423 424 426 428 429 432 433 439 442 445 
446 448 452 453 455 459 460 461 462 467 470 473 
474 477 478 486 488 493 495 501 506 512 517 519 
520 521 524 528 529 531 533 538 543 546 547 548 
550 553 555 559 562 563 565 568 569 570 571 573 
574 577 579 584 586 589 591 592 593 594 603 605 
608 617 620 621 623 633 643 644 648 650 657 658 
659 664 672 673 674 675 681 682 685 689 691 698 
700 701 703 707 709 710 711 713 714 715 718 719 
722 728 733 734 737 744 751 756 759 760 765 775 
776 778 785 787 796 
250
1 2 3 4 6 9 15 17 19 20 22 26 
31 40 47 48 49 55 57 58 64 67 68 69 
70 73 74 76 77 79 80 92 93 99 103 106 
107 112 113 118 122 126 133 143 145 146 147 150 
162 165 168 169 170 171 172 183 184 190 191 195 
198 199 201 202 204 208 210 219 220 221 227 230 
232 234 240 242 247 251 252 254 262 263 270 271 
274 276 278 284 285 286 294 295 297 301 304 307 
309 312 314 315 320 321 322 324 325 326 327 331 
334 335 338 340 343 344 347 349 356 362 363 365 
369 372 375 381 382 383 386 391 395 399 406 408 
409 413 421 422 426 427 430 435 438 439 440 444 
448 451 453 468 469 475 477 479 486 487 489 490 
494 495 497 499 503 505 507 514 516 517 518 520 
524 525 527 536 542 546 548 552 553 558 559 560 
566 567 568 572 575 581 583 587 589 590 592 593 
595 596 598 599 605 607 608 609 613 618 626 628 
629 630 638 642 653 658 659 662 664 665 666 675 
679 680 686 687 688 689 691 695 707 708 716 718 
722 723 728 732 738 739 742 748 752 753 757 760 
762 765 768 771 772 774 781 786 787 788 
233
1 6 10 11 12 13 15 24 30 41 44 51 
59 61 62 63 64 67 69 72 74 76 78 80 
85 88 90 91 92 97 98 100 107 108 109 111 
112 115 119 121 126 133 134 135 136 137 138 140 
145 149 151 152 160 166 174 177 180 184 190 194 
195 203 208 214 215 218 219 225 229 230 235 237 
244 252 256 262 263 264 266 267 271 276 281 288 
295 297 300 302 306 310 316 323 324 325 326 329 
331 336 338 339 343 345 347 348 351 363 369 374 
382 385 392 396 398 401 403 408 412 413 418 419 
421 423 431 432 433 436 437 441 444 445 446 450 
454 462 465 471 489 490 498 502 504 508 510 513 
517 525 538 539 552 553 554 555 556 562 568 574 
582 583 586 587 593 595 596 597 598 601 605 609 
611 612 615 616 618 623 624 625 626 628 630 631 
636 639 640 644 647 656 661 664 666 669 670 671 
675 677 679 680 681 683 685 686 692 694 697 699 
704 707 710 715 716 719 720 726 727 728 731 732 
733 734 738 742 745 747 758 761 768 773 777 780 
781 783 784 789 799 
236
2 4 8 14 16 18 21 31 33 36 38 39 
41 44 47 50 52 56 60 64 67 70 71 76 
82 89 90 94 97 104 108 109 112 116 117 119 
120 122 128 136 143 145 146 148 151 153 156 161 
164 169 171 172 173 175 178 182 184 186 187 189 
190 192 193 195 197 200 201 213 214 218 225 228 
230 238 244 245 248 253 255 257 262 264 265 266 
271 276 278 284 286 291 299 300 313 314 315 317 
319 323 330 337 345 346 347 353 357 360 371 374 
380 388 393 394 397 401 402 403 405 411 414 417 
420 421 426 428 430 435 437 440 444 449 451 452 
457 458 460 461 463 467 474 477 482 483 487 489 
491 501 503 505 510 514 517 526 530 532 535 540 
548 549 550 555 567 569 570 572 581 582 585 586 
587 588 591 595 596 600 601 607 609 612 618 620 
621 627 637 639 641 645 646 647 648 653 657 663 
666 668 674 675 676 687 688 698 699 700 701 702 
703 706 707 708 710 716 717 722 729 730 731 737 
738 745 749 750 752 756 757 761 762 763 772 774 
775 776 777 780 784 794 796 797 
225
3 4 5 6 7 9 13 14 17 18 21 25 
26 30 34 37 44 45 46 47 50 58 60 62 
64 69 84 90 96 99 103 105 108 111 116 119 
120 123 127 128 135 144 145 146 147 149 151 155 
156 162 165 167 168 178 179 180 181 184 186 190 
202 208 209 212 219 220 226 231 241 242 252 254 
255 258 266 268 273 278 281 282 283 288 295 300 
305 306 318 320 321 340 344 349 351 355 359 360 
368 369 371 375 377 380 381 382 385 387 393 397 
398 400 401 402 408 411 415 417 419 423 425 426 
427 434 440 442 451 458 461 463 466 467 472 474 
476 479 480 481 483 485 490 500 503 504 509 513 
516 538 540 543 544 550 552 559 560 562 565 566 
572 574 578 581 583 585 586 588 589 591 595 608 
610 611 613 615 616 618 624 625 626 635 641 659 
660 661 664 666 669 672 688 689 691 694 695 698 
699 705 706 708 712 713 718 719 722 728 729 732 
736 739 740 743 746 749 750 756 757 759 763 772 
775 779 780 781 793 796 797 799 800 
228
8 16 21 23 24 26 27 29 30 31 33 34 
42 49 56 74 75 76 77 85 87 89 92 94 
99 102 104 109 110 115 117 119 121 122 130 131 
133 140 144 150 155 160 167 168 169 170 171 174 
177 182 192 193 198 203 206 209 212 213 214 221 
223 224 229 230 232 236 241 244 245 248 251 254 
260 264 269 272 276 282 286 292 294 295 300 306 
308 309 310 314 319 330 333 340 343 345 349 350 
351 353 355 362 365 366 367 370 379 380 381 384 
385 386 387 391 396 401 404 406 411 417 424 426 
430 431 432 433 437 440 441 442 446 448 450 455 
464 472 475 479 480 483 486 491 493 494 495 496 
497 499 504 507 508 509 516 528 533 538 541 544 
545 546 549 550 556 560 566 570 575 579 583 585 
589 599 602 604 610 613 617 619 620 621 622 623 
626 628 629 633 634 636 640 641 645 646 650 655 
663 670 672 679 684 687 697 699 700 703 707 708 
710 711 712 714 719 726 729 731 734 737 751 752 
755 758 762 770 783 784 785 787 788 789 795 798 
239
1 5 10 12 13 17 23 25 32 34 40 42 
44 45 47 48 50 55 57 58 59 63 70 72 
73 82 84 86 87 91 101 114 118 121 124 126 
130 138 141 145 157 163 165 168 170 175 178 179 
186 188 190 198 201 209 210 211 227 235 242 244 
245 246 247 249 255 260 261 262 263 265 267 270 
271 272 277 278 279 282 284 286 288 289 292 294 
303 305 307 308 311 313 316 318 321 331 337 338 
342 351 356 358 364 367 369 371 373 377 381 383 
385 389 393 394 396 400 401 404 405 407 408 409 
412 417 419 420 426 429 432 444 449 453 454 460 
464 466 468 470 473 475 476 484 485 486 487 488 
490 495 496 498 503 505 507 517 519 523 524 528 
533 536 539 542 543 544 547 552 553 557 564 565 
566 567 570 574 575 576 578 579 581 584 586 590 
594 597 600 601 606 611 615 617 618 628 631 634 
636 637 638 640 641 643 645 653 658 669 674 686 
688 689 691 699 705 706 714 720 723 724 737 740 
742 743 744 745 753 754 755 756 760 761 764 768 
769 777 779 780 781 782 783 787 789 791 797 
