200 800
1 1 1 1 1 1 1 1 1 1 1 1 
1 1 1 1 1 1 1 1 1 1 1 1 
1 1 1 1 1 1 1 1 1 1 1 1 
1 1 1 1 1 1 1 1 1 1 1 1 
1 1 1 1 1 1 1 1 1 1 1 1 
1 1 1 1 1 1 1 1 1 1 1 1 
1 1 1 1 1 1 1 1 1 1 1 1 
1 1 1 1 1 1 1 1 1 1 1 1 
1 1 1 1 1 1 1 1 1 1 1 1 
1 1 1 1 1 1 1 1 1 1 1 1 
1 1 1 1 1 1 1 1 1 1 1 1 
1 1 1 1 1 1 1 1 1 1 1 1 
1 1 1 1 1 1 1 1 1 1 1 1 
1 1 1 1 1 1 1 1 1 1 1 1 
1 1 1 1 1 1 1 1 1 1 1 1 
1 1 1 1 1 1 1 1 1 1 1 1 
1 1 1 1 1 1 1 1 1 1 1 1 
1 1 1 1 1 1 1 1 1 1 1 1 
1 1 1 1 1 1 1 1 1 1 1 1 
1 1 1 1 1 1 1 1 1 1 1 1 
1 1 1 1 1 1 1 1 1 1 1 1 
1 1 1 1 1 1 1 1 1 1 1 1 
1 1 1 1 1 1 1 1 1 1 1 1 
1 1 1 1 1 1 1 1 1 1 1 1 
1 1 1 1 1 1 1 1 1 1 1 1 
1 1 1 1 1 1 1 1 1 1 1 1 
1 1 1 1 1 1 1 1 1 1 1 1 
1 1 1 1 1 1 1 1 1 1 1 1 
1 1 1 1 1 1 1 1 1 1 1 1 
1 1 1 1 1 1 1 1 1 1 1 1 
1 1 1 1 1 1 1 1 1 1 1 1 
1 1 1 1 1 1 1 1 1 1 1 1 
1 1 1 1 1 1 1 1 1 1 1 1 
1 1 1 1 1 1 1 1 1 1 1 1 
1 1 1 1 1 1 1 1 1 1 1 1 
1 1 1 1 1 1 1 1 1 1 1 1 
1 1 1 1 1 1 1 1 1 1 1 1 
1 1 1 1 1 1 1 1 1 1 1 1 
1 1 1 1 1 1 1 1 1 1 1 1 
1 1 1 1 1 1 1 1 1 1 1 1 
1 1 1 1 1 1 1 1 1 1 1 1 
1 1 1 1 1 1 1 1 1 1 1 1 
1 1 1 1 1 1 1 1 1 1 1 1 
1 1 1 1 1 1 1 1 1 1 1 1 
1 1 1 1 1 1 1 1 1 1 1 1 
1 1 1 1 1 1 1 1 1 1 1 1 
1 1 1 1 1 1 1 1 1 1 1 1 
1 1 1 1 1 1 1 1 1 1 1 1 
1 1 1 1 1 1 1 1 1 1 1 1 
1 1 1 1 1 1 1 1 1 1 1 1 
1 1 1 1 1 1 1 1 1 1 1 1 
1 1 1 1 1 1 1 1 1 1 1 1 
1 1 1 1 1 1 1 1 1 1 1 1 
1 1 1 1 1 1 1 1 1 1 1 1 
1 1 1 1 1 1 1 1 1 1 1 1 
1 1 1 1 1 1 1 1 1 1 1 1 
1 1 1 1 1 1 1 1 1 1 1 1 
1 1 1 1 1 1 1 1 1 1 1 1 
1 1 1 1 1 1 1 1 1 1 1 1 
1 1 1 1 1 1 1 1 1 1 1 1 
1 1 1 1 1 1 1 1 1 1 1 1 
1 1 1 1 1 1 1 1 1 1 1 1 
1 1 1 1 1 1 1 1 1 1 1 1 
1 1 1 1 1 1 1 1 1 1 1 1 
1 1 1 1 1 1 1 1 1 1 1 1 
1 1 1 1 1 1 1 1 1 1 1 1 
1 1 1 1 1 1 1 1 
232
3 4 5 8 11 15 16 19 24 28 29 31 
44 45 51 56 57 60 65 66 67 73 77 78 
79 84 88 89 92 95 98 99 100 102 104 107 
108 110 115 118 119 126 127 130 131 135 144 147 
149 152 153 158 161 162 164 167 172 174 185 188 
192 197 200 203 214 215 216 218 220 221 222 228 
230 231 235 242 253 254 255 256 262 263 272 273 
277 278 283 287 288 290 293 295 307 315 316 317 
319 330 331 332 335 338 339 340 345 347 351 363 
366 368 373 376 378 383 389 392 395 398 399 400 
403 406 407 414 423 425 430 431 434 436 437 438 
441 448 449 450 455 459 462 465 469 472 474 481 
488 497 500 502 503 504 508 509 510 517 518 521 
522 523 525 527 533 536 541 542 543 546 551 553 
557 558 561 562 564 566 567 569 571 573 574 576 
585 586 591 594 602 619 621 622 623 624 625 626 
631 644 652 654 659 667 669 670 671 673 688 689 
691 700 701 704 705 726 731 732 733 737 738 740 
748 751 753 754 756 757 762 764 766 767 773 780 
781 791 796 800 
236
14 19 22 23 24 31 32 34 39 40 44 47 
51 53 58 62 63 65 66 67 69 71 73 80 
86 87 92 96 100 102 103 107 108 109 114 117 
122 127 129 136 151 154 157 160 161 163 172 173 
176 192 193 197 203 205 206 215 217 221 226 228 
230 235 237 239 244 248 249 252 254 261 264 267 
268 269 275 278 279 280 287 289 290 307 309 311 
312 313 315 326 329 330 337 339 343 347 353 356 
361 363 367 368 376 383 387 389 391 392 395 397 
398 410 412 413 417 420 428 429 432 440 445 452 
455 457 459 461 462 464 466 472 473 476 480 481 
482 484 485 489 491 495 499 503 504 506 507 509 
511 515 518 522 525 528 532 533 537 539 540 544 
545 550 561 566 569 570 572 573 575 577 583 584 
588 590 591 593 595 599 600 601 602 609 611 613 
614 615 616 618 620 621 623 628 630 635 638 642 
643 644 651 655 662 663 667 675 682 684 686 688 
690 693 694 696 697 703 706 713 715 717 718 725 
726 731 746 747 751 754 765 766 768 769 770 776 
779 783 786 789 791 793 798 799 
253
2 6 7 9 11 12 13 19 20 23 24 35 
41 42 45 47 49 52 53 54 58 59 61 62 
64 65 66 70 76 77 84 86 88 90 92 94 
96 107 121 122 123 125 128 132 134 135 140 151 
152 157 158 160 161 162 167 169 170 173 178 180 
181 183 184 187 189 191 192 196 197 198 199 202 
206 213 214 216 222 223 228 229 230 231 234 235 
237 238 244 245 246 255 259 260 261 265 272 277 
278 282 284 288 291 292 293 295 296 299 302 303 
307 311 317 319 326 328 330 331 336 337 343 344 
346 356 365 367 369 370 371 373 375 378 382 390 
394 395 397 398 403 406 407 417 422 429 430 432 
441 447 449 451 454 455 470 471 472 474 476 479 
480 482 489 491 496 498 500 501 503 504 508 510 
512 521 522 523 527 541 549 550 559 561 567 570 
575 580 581 586 588 589 590 595 596 597 598 602 
603 607 608 609 611 612 618 624 625 629 638 640 
643 644 647 651 659 660 664 670 671 675 683 690 
692 695 697 698 699 700 707 710 712 713 719 730 
731 732 738 741 745 753 754 755 756 760 761 764 
768 773 776 777 778 781 782 786 790 791 796 798 
800 
230
3 5 7 8 9 12 13 14 17 28 32 33 
35 36 44 47 48 51 53 67 68 77 78 80 
82 86 91 98 101 102 115 119 125 129 136 137 
140 143 144 146 156 158 159 160 178 181 184 185 
186 188 189 190 193 194 195 197 199 203 205 209 
212 218 219 221 222 226 228 229 232 236 239 241 
246 249 250 252 253 254 259 263 264 266 268 273 
283 286 289 290 291 294 297 298 308 311 314 328 
331 334 337 341 345 348 352 359 360 362 370 372 
377 378 380 384 388 390 395 397 399 404 415 427 
433 434 435 444 448 449 450 452 458 462 463 464 
469 479 484 485 486 491 494 495 502 503 507 509 
512 515 516 518 523 525 532 534 537 538 541 544 
553 554 564 572 579 588 589 594 595 597 602 603 
607 613 615 617 619 620 621 637 639 640 643 645 
649 650 651 653 656 658 660 662 667 669 671 672 
674 676 677 680 681 683 688 692 693 701 702 712 
718 722 727 731 732 735 741 744 748 750 752 756 
758 759 760 767 769 770 773 776 777 778 782 789 
791 796 
233
2 4 7 15 16 18 26 31 33 35 37 45 
48 50 52 56 57 58 59 66 69 72 74 75 
82 83 84 87 90 92 93 94 97 98 99 103 
107 108 112 117 123 125 129 134 136 139 144 145 
147 148 150 151 153 158 159 169 170 173 176 177 
181 183 184 185 186 187 200 215 223 225 230 231 
234 236 240 241 244 246 248 256 262 266 269 272 
274 275 277 278 279 280 282 287 289 291 293 294 
295 298 306 307 308 310 319 328 334 336 343 347 
351 353 354 360 361 369 371 372 374 375 377 382 
383 384 395 399 402 403 406 413 415 423 424 425 
431 437 447 448 452 453 454 456 458 461 468 470 
473 477 491 495 497 499 501 503 508 509 516 517 
523 528 531 536 537 538 541 544 554 556 560 568 
574 577 578 579 583 584 592 594 595 598 599 602 
604 606 612 613 615 619 624 630 634 642 643 644 
645 651 652 656 659 662 671 673 674 684 688 690 
694 697 699 701 707 711 713 721 724 727 728 729 
733 737 742 743 747 751 756 760 770 780 783 785 
786 794 796 799 800 
231
3 4 12 17 19 21 24 51 52 62 63 64 
70 76 78 97 98 101 102 103 104 105 107 108 
110 111 114 115 123 124 125 127 131 132 134 137 
141 146 150 152 161 162 169 173 177 180 182 183 
187 189 190 194 195 199 204 209 210 212 216 219 
224 229 234 247 252 258 262 266 268 269 272 276 
281 283 288 290 298 299 301 303 307 308 309 310 
312 314 315 317 319 326 330 331 335 338 339 345 
347 354 356 359 360 363 366 369 371 373 380 385 
390 392 394 395 397 398 399 400 403 405 407 409 
410 411 412 415 416 421 427 428 431 436 440 443 
452 453 455 458 461 469 472 476 479 483 485 486 
489 492 497 501 509 510 512 536 539 544 546 549 
555 556 557 558 561 564 565 567 570 571 572 573 
574 577 581 587 589 591 594 595 601 613 618 625 
627 633 635 640 641 642 645 652 654 656 658 664 
667 668 670 671 675 678 683 684 686 692 694 696 
697 703 709 713 719 721 722 723 736 738 739 741 
745 746 749 755 757 769 772 774 775 781 782 787 
791 794 795 
232
1 3 6 8 10 11 14 15 21 24 31 33 
35 37 40 41 43 58 61 65 67 69 70 72 
73 81 89 90 92 94 98 103 112 130 132 135 
138 146 153 155 163 164 165 167 168 170 171 172 
173 174 177 180 181 192 196 198 200 201 204 206 
211 212 218 219 222 228 232 235 236 239 242 243 
247 250 252 253 259 267 270 271 272 274 276 277 
281 290 291 293 299 300 301 308 315 321 323 325 
326 327 329 331 336 337 338 348 350 355 357 359 
364 366 368 370 373 379 380 385 388 389 390 402 
409 410 411 413 418 419 421 422 441 444 449 454 
455 457 459 460 467 475 478 480 482 486 489 492 
493 494 497 501 508 511 519 520 522 523 525 531 
532 543 547 554 557 564 567 570 572 578 579 580 
581 589 592 594 595 597 600 601 604 605 609 615 
616 617 623 625 629 632 639 641 642 645 646 648 
650 653 656 660 666 667 672 674 678 683 686 696 
698 699 701 702 704 705 706 709 714 731 735 740 
748 749 753 756 763 764 766 770 781 782 785 788 
789 792 795 797 
241
1 5 7 11 13 16 24 27 35 37 38 45 
46 47 52 62 64 65 69 73 85 89 90 91 
94 95 98 100 103 110 112 114 116 120 126 128 
129 142 147 148 150 154 156 158 161 166 167 170 
171 173 176 178 179 180 182 188 191 195 197 201 
216 220 221 226 229 234 239 243 244 245 254 256 
260 261 262 263 265 268 269 271 272 273 274 275 
278 283 284 286 295 297 303 306 308 310 313 315 
317 327 331 351 354 359 361 362 363 365 367 368 
371 374 378 385 390 393 397 398 400 406 407 414 
416 421 424 425 427 428 430 431 434 443 447 448 
450 452 454 457 458 466 467 469 470 476 481 488 
490 495 499 503 513 516 519 520 523 529 532 536 
539 541 545 546 552 554 555 561 562 563 564 574 
576 580 584 591 594 595 597 598 600 601 603 604 
605 607 611 618 626 627 628 631 633 634 635 636 
639 641 643 647 650 651 652 653 655 657 662 663 
667 671 672 678 679 680 681 687 694 699 702 703 
705 712 713 715 716 717 721 722 729 732 734 735 
742 745 753 758 759 773 774 776 779 791 796 797 
799 
242
3 7 14 16 21 24 25 30 32 39 41 45 
51 55 58 59 61 68 73 74 75 76 79 89 
91 94 99 100 101 108 109 114 117 118 122 123 
125 128 129 130 133 135 136 141 142 143 144 148 
152 154 156 157 163 167 169 172 175 187 188 189 
193 203 204 205 206 212 215 222 224 226 227 228 
230 234 242 244 248 258 267 270 276 282 284 295 
298 301 305 308 312 320 322 328 330 336 339 340 
348 349 351 355 360 361 362 367 370 375 377 385 
387 390 391 392 393 394 399 405 407 408 410 411 
419 422 425 428 431 434 435 440 442 444 446 454 
457 458 460 461 462 464 466 467 471 477 480 482 
487 491 494 501 505 506 507 509 512 515 524 528 
532 533 534 538 547 550 554 556 573 576 580 582 
585 586 589 594 596 601 604 605 608 609 613 618 
619 626 630 631 632 638 644 645 647 648 649 651 
652 654 656 657 666 667 674 677 685 693 698 699 
705 707 711 713 716 719 721 723 724 725 727 728 
729 730 731 732 734 738 740 742 743 744 746 747 
756 757 761 766 767 774 778 779 782 785 787 792 
794 798 
232
2 10 14 15 18 23 28 30 33 34 46 48 
60 61 64 75 78 81 82 83 94 95 101 103 
106 107 109 110 112 113 115 117 121 123 128 130 
132 134 139 144 145 152 155 159 163 166 167 168 
170 174 175 176 185 186 188 200 201 206 211 213 
215 218 220 224 225 227 230 233 234 235 238 239 
241 242 246 252 257 260 267 268 279 280 281 282 
283 286 290 297 301 305 308 309 314 316 320 321 
325 326 333 334 342 343 346 347 358 360 366 371 
378 382 383 387 396 414 415 417 418 420 425 431 
434 436 438 440 441 443 452 453 454 457 470 471 
472 473 475 476 478 481 485 486 491 497 501 506 
508 509 512 514 515 517 520 521 525 527 529 530 
533 534 535 536 539 541 550 562 564 571 577 582 
591 592 595 604 606 611 614 621 622 640 641 642 
651 654 655 661 663 667 668 671 673 679 682 684 
686 689 691 692 693 701 704 706 716 718 719 720 
722 723 727 728 731 732 733 737 740 744 748 749 
751 753 760 765 766 767 768 771 773 775 776 780 
783 784 794 800 
263
1 2 4 11 13 18 19 22 23 24 27 29 
31 32 33 36 40 43 44 48 50 54 55 57 
61 62 64 68 69 70 71 72 76 77 80 81 
85 88 90 93 94 95 102 103 105 108 113 118 
119 120 121 122 123 124 126 131 133 134 136 137 
143 144 145 147 150 153 154 156 162 164 168 170 
173 175 177 180 182 187 191 194 196 204 208 211 
214 223 224 237 241 244 245 249 250 254 255 256 
258 260 264 267 271 277 278 280 284 286 287 289 
291 296 297 302 303 309 319 323 326 327 333 338 
342 349 350 358 362 365 366 367 373 375 379 380 
382 384 389 406 408 409 412 424 425 426 427 429 
430 431 432 433 437 443 446 448 453 455 459 463 
464 465 468 472 477 479 483 484 488 493 494 496 
498 499 513 520 524 527 528 531 534 535 538 541 
543 548 549 551 553 554 556 561 564 568 584 588 
589 590 593 595 596 599 601 610 611 616 617 618 
619 622 625 627 628 629 630 632 633 641 642 643 
645 650 654 656 657 659 661 663 666 667 669 670 
675 678 691 692 697 705 707 710 712 721 722 725 
727 728 730 735 738 744 749 750 754 755 768 771 
774 775 776 780 782 783 786 790 792 797 798 
248
3 9 15 16 17 23 25 36 38 42 43 44 
45 50 52 61 66 71 74 76 80 86 87 90 
94 95 99 102 104 105 107 109 111 113 114 118 
120 122 126 128 131 132 134 135 137 139 143 149 
150 151 154 160 161 166 167 172 173 177 179 180 
183 186 188 193 195 196 197 200 209 214 219 225 
226 228 230 238 241 243 250 252 259 262 263 270 
271 274 278 289 290 293 298 301 303 309 313 314 
315 318 320 323 330 334 336 340 342 344 345 346 
347 354 356 358 363 377 379 380 381 382 386 387 
391 397 405 406 407 408 414 417 418 423 430 435 
438 443 445 447 448 451 454 456 462 464 467 469 
470 477 480 481 483 487 488 490 492 499 506 507 
519 525 528 532 540 541 542 543 545 553 556 557 
558 560 566 568 569 577 580 582 586 591 592 595 
605 611 612 615 616 626 627 628 634 635 636 642 
643 644 645 653 654 655 656 657 658 659 660 664 
667 669 670 671 673 677 682 689 691 692 693 696 
697 698 699 702 709 716 718 720 723 725 727 738 
741 745 748 749 750 751 752 754 755 757 758 759 
762 769 775 776 786 787 791 795 
224
3 6 7 9 10 15 19 24 25 32 33 34 
44 56 59 62 66 67 72 73 80 83 84 85 
89 91 92 93 96 98 102 103 107 109 115 116 
118 119 126 131 136 140 148 150 160 161 166 167 
168 169 171 173 185 187 190 195 196 208 212 214 
215 217 221 224 225 228 232 243 248 253 259 260 
261 265 266 273 276 278 295 296 310 313 321 329 
330 333 340 341 342 351 356 358 363 366 368 371 
373 379 381 383 389 403 404 409 414 420 427 431 
435 439 440 441 443 444 445 446 449 452 453 456 
459 465 467 469 471 474 476 482 483 492 493 500 
502 503 508 513 515 520 521 524 525 526 528 535 
537 540 543 545 546 547 549 551 554 557 565 568 
570 577 583 587 589 590 591 593 595 596 597 598 
599 606 609 611 614 618 619 621 622 625 630 638 
641 643 645 650 654 659 660 663 666 670 673 675 
678 683 690 698 699 706 709 712 716 723 730 731 
741 749 756 758 762 763 765 775 776 778 781 782 
783 784 785 786 788 794 797 799 
231
7 11 14 17 24 28 29 35 37 41 46 48 
53 61 68 69 79 80 93 94 97 98 100 103 
104 108 109 110 111 112 114 116 117 120 125 128 
129 141 145 146 150 151 152 153 154 155 159 160 
164 165 170 178 179 191 194 195 197 198 199 200 
206 209 213 214 218 219 225 231 232 233 236 237 
238 241 242 245 246 247 251 254 264 265 276 282 
287 292 293 294 295 298 304 305 306 307 310 313 
316 324 331 332 335 340 341 347 348 354 356 357 
358 361 368 369 370 378 383 389 390 392 394 399 
401 403 404 408 410 420 423 427 430 431 433 434 
444 451 453 454 464 466 469 471 474 483 484 487 
488 496 500 501 513 515 525 527 528 530 531 532 
534 541 544 545 547 548 549 550 553 554 565 570 
573 576 580 582 584 585 593 594 595 599 603 605 
610 611 613 615 619 624 627 628 629 631 635 647 
653 655 657 659 665 667 668 671 672 674 675 680 
681 684 696 697 698 699 714 715 716 717 718 719 
720 721 725 728 741 743 745 750 756 767 774 785 
792 798 800 
245
1 4 7 9 15 18 19 20 22 25 27 30 
31 35 36 45 48 50 52 60 75 79 84 86 
89 94 103 109 110 115 116 120 123 128 131 132 
133 143 145 152 153 155 156 165 166 168 171 173 
178 185 187 190 193 195 197 200 202 203 204 208 
209 210 211 215 217 219 221 223 233 240 241 243 
253 254 256 257 258 259 260 262 263 266 267 273 
275 279 287 289 290 293 303 304 307 311 315 316 
317 318 322 327 329 335 338 340 345 350 353 356 
358 360 361 362 369 371 377 389 394 398 405 408 
410 411 412 415 418 421 426 428 429 433 437 438 
448 454 458 461 466 467 471 472 477 480 481 482 
487 489 490 492 494 495 497 500 506 507 508 509 
510 513 516 520 522 523 526 528 530 532 535 540 
542 543 544 549 550 551 552 565 566 567 568 573 
576 577 583 585 587 592 593 594 595 596 597 599 
600 601 605 611 621 624 628 634 635 638 641 644 
653 654 663 665 668 669 672 686 687 690 691 692 
695 699 700 707 708 715 719 720 721 722 723 724 
726 727 728 729 733 735 743 747 748 751 752 753 
761 769 781 786 794 
236
3 4 6 14 16 17 21 22 26 28 29 30 
31 33 35 39 41 46 47 57 59 65 67 72 
78 79 86 87 88 89 91 100 102 105 115 119 
122 123 124 128 130 131 132 138 147 149 154 155 
156 158 161 162 173 175 176 177 178 179 180 182 
184 190 194 196 205 210 212 218 219 223 230 233 
238 240 245 246 259 260 261 266 268 272 277 279 
280 287 293 295 296 297 299 305 311 312 313 317 
319 320 329 330 332 337 339 350 353 354 355 365 
376 379 381 383 385 387 389 395 398 399 402 404 
405 410 417 421 423 425 428 429 430 432 434 435 
441 446 448 451 455 457 462 467 468 469 479 483 
484 487 493 494 501 505 513 517 518 520 522 526 
527 534 535 538 539 541 542 545 546 549 563 565 
567 568 570 571 572 574 576 577 580 581 582 585 
591 593 598 601 607 623 633 638 639 641 642 643 
644 647 651 657 660 666 668 669 671 673 674 681 
684 685 686 687 690 691 695 696 700 701 704 706 
711 718 723 729 731 733 735 743 746 751 752 756 
761 762 773 775 780 783 788 791 
253
6 8 11 12 17 18 22 24 28 31 32 33 
34 36 37 41 44 45 53 56 62 66 72 73 
77 79 90 99 105 108 109 115 118 119 122 123 
128 129 130 134 135 138 140 144 146 147 151 152 
153 158 159 160 164 168 169 172 177 178 180 181 
184 187 188 189 191 194 198 199 205 206 207 208 
214 216 220 221 222 227 233 239 241 242 243 244 
247 251 254 257 263 267 268 270 271 276 279 281 
286 289 290 295 296 298 300 302 307 308 310 311 
313 316 317 320 330 334 339 340 341 346 348 349 
353 357 358 360 362 366 367 371 372 378 379 380 
381 385 387 390 394 396 398 399 400 404 406 410 
411 412 413 416 422 426 429 437 438 439 443 446 
452 453 458 463 464 468 469 474 475 479 481 485 
488 490 493 499 501 503 505 506 507 513 518 519 
520 522 524 528 530 532 539 543 546 552 554 555 
557 564 577 580 582 587 589 590 596 599 600 601 
605 621 631 634 658 659 661 669 670 673 674 677 
681 684 687 689 691 694 701 702 704 707 708 710 
713 717 721 723 727 738 739 741 742 744 746 749 
756 763 767 770 771 772 775 776 786 788 790 791 
793 
248
3 8 13 16 19 20 22 31 33 35 41 46 
49 58 59 60 61 66 68 70 77 80 82 83 
87 88 93 94 95 98 105 108 109 110 111 117 
119 126 129 133 134 135 140 141 144 145 146 147 
148 149 152 155 157 160 164 169 176 177 178 179 
183 189 190 197 199 202 206 208 225 226 227 229 
230 231 235 239 240 241 246 247 248 252 263 264 
266 269 270 274 275 278 279 283 285 287 288 291 
292 295 301 302 304 311 316 319 320 325 326 328 
333 334 339 351 355 369 370 375 376 377 379 380 
381 386 387 390 393 394 395 397 398 399 402 406 
407 415 418 419 425 429 431 432 435 436 437 443 
446 447 448 451 452 457 462 480 482 483 485 488 
489 491 496 504 505 506 508 509 513 515 516 520 
522 523 527 532 537 539 541 545 546 557 560 562 
565 568 569 570 576 578 587 589 595 605 609 614 
615 621 622 626 628 630 631 635 636 641 644 649 
655 657 661 663 665 667 673 681 686 690 691 692 
698 700 701 702 712 713 729 731 732 733 738 740 
741 742 754 755 757 758 760 764 767 770 772 773 
774 776 779 780 785 793 797 799 
208
1 6 9 10 16 23 31 38 39 40 41 50 
55 58 64 68 69 70 71 78 79 80 83 93 
95 100 102 104 105 110 114 122 129 131 133 134 
137 139 145 147 148 149 154 155 158 159 165 168 
170 171 174 176 177 180 181 183 185 189 190 194 
197 199 210 216 218 233 237 240 245 251 256 263 
267 269 270 271 273 274 282 283 288 291 293 300 
304 305 306 308 309 310 316 321 332 337 342 344 
346 353 354 358 359 369 372 374 375 376 378 379 
380 382 385 388 390 398 399 400 401 407 408 409 
410 416 419 422 423 426 427 429 441 450 453 458 
459 487 491 496 497 500 506 516 518 519 527 538 
543 552 554 558 563 567 575 577 578 581 582 587 
588 593 601 615 617 618 620 621 623 626 628 639 
641 648 649 653 654 655 663 665 671 681 683 690 
696 699 703 704 709 711 725 726 728 734 738 747 
749 750 753 758 760 762 763 774 776 782 784 787 
792 793 795 799 
216
3 4 5 6 8 14 15 17 19 25 29 30 
33 38 43 47 49 54 57 62 65 67 70 72 
73 75 76 78 82 84 90 91 92 96 98 99 
108 110 111 112 113 114 119 127 128 133 136 141 
143 158 159 161 165 172 181 187 190 194 197 200 
202 207 208 210 213 219 220 221 222 225 226 240 
243 246 247 249 251 253 254 257 260 261 262 263 
264 269 270 277 279 280 284 291 294 295 297 304 
308 313 318 320 321 323 324 334 336 345 350 351 
356 357 368 370 371 380 385 392 405 408 412 414 
416 418 419 427 428 430 434 442 448 455 460 463 
464 469 472 475 477 480 486 488 492 494 499 500 
506 516 519 520 528 533 535 538 543 547 554 557 
559 566 568 572 578 581 583 586 587 588 595 602 
606 607 614 616 618 619 623 624 625 628 646 652 
653 656 658 663 664 666 671 672 676 677 679 683 
684 685 686 689 693 695 696 697 703 710 711 715 
728 735 737 743 745 750 755 757 778 784 785 793 
234
3 4 8 9 11 16 21 24 30 34 37 40 
48 49 50 51 59 60 68 70 71 75 81 82 
83 88 91 93 98 99 101 102 106 111 112 114 
127 135 138 141 144 149 150 155 162 164 166 167 
169 171 172 173 174 180 184 187 189 191 196 197 
200 201 204 207 209 211 212 217 220 225 226 230 
235 237 238 241 243 254 255 257 264 265 268 270 
276 285 288 301 302 303 305 308 310 314 315 316 
319 323 324 326 333 334 336 338 339 341 342 343 
345 346 347 350 352 361 365 366 372 375 380 383 
385 386 387 392 394 402 406 408 409 411 412 422 
424 425 431 434 439 444 450 451 453 454 460 463 
469 470 472 480 483 486 494 496 501 502 503 509 
511 514 525 526 529 533 540 541 545 546 552 555 
556 560 567 570 577 578 586 588 590 598 602 604 
606 610 612 613 621 625 631 633 638 640 645 647 
650 654 660 663 664 666 670 673 675 676 677 678 
689 697 699 701 708 709 728 732 737 741 749 750 
752 756 759 762 764 771 773 776 779 782 783 784 
785 786 792 793 796 797 
245
1 5 6 12 13 14 21 28 35 36 37 38 
42 43 46 52 53 55 59 60 63 65 68 77 
80 81 86 88 89 92 95 96 97 100 104 112 
113 116 119 122 127 130 132 134 135 137 141 143 
148 157 161 162 168 175 182 186 187 188 191 195 
199 208 212 218 223 224 226 227 232 237 242 244 
253 255 259 262 270 272 275 278 280 294 297 303 
304 305 312 314 318 321 324 325 328 332 333 337 
338 341 345 347 350 353 358 360 364 369 370 371 
377 380 381 382 387 389 390 392 397 401 403 404 
417 421 425 426 427 429 430 433 434 435 440 442 
445 448 450 452 459 461 464 466 470 471 472 473 
474 478 481 482 484 486 488 494 496 498 502 504 
509 510 511 512 514 515 516 519 523 527 528 532 
534 541 544 548 549 553 554 558 569 570 574 575 
578 581 585 588 597 598 601 605 609 610 611 617 
620 621 623 626 628 629 632 633 638 640 642 645 
650 651 654 656 668 669 675 676 684 688 690 693 
698 699 715 716 718 725 728 729 733 735 736 739 
748 749 758 762 769 778 780 781 783 784 787 788 
791 794 796 798 799 
260
2 3 11 14 15 20 21 22 25 34 35 36 
39 41 44 47 52 54 60 61 62 64 66 68 
72 75 80 83 84 89 90 93 94 95 96 98 
100 106 113 115 118 120 125 127 130 131 136 138 
140 146 147 158 159 162 163 166 169 173 178 181 
188 190 194 197 201 208 212 223 225 226 229 231 
232 233 235 244 247 248 249 250 254 257 258 266 
268 271 278 290 292 301 303 306 315 324 325 326 
331 335 339 341 346 347 352 353 358 360 362 365 
367 368 369 377 380 381 382 383 384 386 389 390 
399 400 403 405 407 411 412 414 417 419 429 435 
440 443 448 449 450 455 456 460 462 465 470 473 
481 489 491 493 497 498 499 503 504 506 507 511 
512 513 516 517 523 527 528 531 532 535 537 538 
540 541 547 551 552 554 556 561 562 565 576 577 
578 580 582 583 584 586 587 588 592 593 594 597 
598 602 603 604 609 610 612 615 619 623 624 627 
628 629 633 639 642 643 646 652 654 655 657 661 
667 671 672 675 676 678 682 684 689 699 707 708 
718 722 724 725 728 730 734 736 742 743 747 749 
751 752 754 756 759 761 764 767 768 775 778 779 
780 781 782 791 792 794 795 798 
234
2 6 7 8 9 10 11 13 14 16 22 25 
33 35 37 38 40 41 42 44 46 51 55 57 
58 61 62 66 68 71 74 76 79 81 88 89 
92 98 108 111 113 118 124 128 134 136 142 144 
151 153 159 164 166 174 176 178 179 186 189 202 
203 204 207 209 211 214 223 225 227 234 235 239 
245 246 247 248 252 254 255 261 263 265 270 288 
290 291 293 296 299 300 301 303 307 311 314 322 
326 328 337 340 343 349 352 361 367 372 377 378 
379 384 385 386 389 397 402 405 407 409 410 415 
418 419 423 426 428 429 434 439 446 465 466 469 
470 474 479 481 483 484 485 490 493 499 500 503 
505 513 515 521 524 525 528 529 535 538 539 541 
547 555 556 559 561 562 563 568 569 572 574 575 
577 579 580 583 586 589 591 593 598 603 604 609 
612 614 615 617 620 626 632 638 640 641 642 644 
651 652 665 675 676 677 678 680 682 688 692 695 
698 701 707 709 710 714 715 721 723 727 732 734 
736 742 744 745 746 752 753 755 759 766 772 773 
775 782 790 792 796 798 
236
7 11 14 15 18 19 22 27 33 37 45 55 
56 57 58 60 61 65 73 74 75 76 77 78 
89 92 95 98 104 107 113 114 115 119 124 125 
130 131 140 150 152 153 155 158 164 170 171 173 
175 176 177 179 181 183 184 192 194 196 202 204 
206 207 208 209 212 213 217 219 221 235 236 238 
240 243 250 257 260 262 264 265 266 274 276 277 
279 281 288 291 305 313 320 328 331 332 335 337 
340 345 346 347 348 349 351 352 353 361 367 368 
371 375 384 398 399 404 408 410 416 417 418 421 
422 429 443 447 448 458 460 464 469 472 475 476 
479 484 486 489 492 498 503 508 509 519 523 528 
530 535 538 539 547 555 556 559 564 568 569 571 
575 576 581 584 589 590 596 598 601 603 604 605 
617 620 623 624 628 633 634 635 640 642 649 651 
652 655 656 658 659 661 664 668 670 674 676 677 
678 680 682 683 684 685 687 689 691 693 696 698 
699 704 706 715 716 717 720 722 724 726 731 732 
735 740 743 747 748 749 760 762 774 777 778 779 
780 781 782 784 785 787 791 793 
259
3 4 7 8 10 18 19 25 26 30 31 36 
39 40 43 48 53 55 63 64 66 70 78 80 
81 82 89 96 100 101 104 109 110 111 113 119 
127 128 138 142 144 145 147 148 152 154 158 160 
165 168 169 171 175 176 180 182 193 195 198 207 
208 209 211 213 219 221 224 225 228 230 232 233 
239 241 242 247 254 256 258 260 261 262 269 270 
272 281 286 287 289 294 297 299 300 304 305 307 
310 312 314 317 319 326 327 329 331 336 343 344 
348 350 354 358 361 363 366 368 369 372 375 376 
379 381 382 385 387 389 390 391 396 406 411 413 
414 417 420 424 427 430 434 436 440 443 447 450 
451 454 459 462 465 466 469 473 475 478 484 486 
488 489 490 492 497 498 499 500 503 509 514 515 
522 532 534 537 538 543 547 548 550 551 554 556 
559 560 562 565 567 574 577 581 582 583 587 589 
595 599 602 605 606 607 610 614 615 621 622 624 
630 638 641 643 648 651 653 659 662 669 670 671 
672 676 681 687 690 700 702 703 704 705 707 721 
722 728 729 731 732 737 739 740 741 743 744 746 
751 755 758 760 762 763 764 766 768 771 773 783 
784 785 786 792 793 795 796 
240
4 9 13 15 18 21 22 27 29 42 48 49 
52 54 56 58 64 66 67 68 71 81 83 85 
91 92 95 96 98 102 110 116 118 123 124 129 
139 140 141 147 149 158 160 162 166 167 168 169 
172 174 175 176 181 182 185 190 191 204 206 210 
214 217 218 219 225 226 230 232 233 234 237 238 
239 240 245 246 248 252 253 271 274 275 277 279 
284 285 286 288 290 291 299 301 304 310 315 318 
320 321 333 346 357 358 360 364 368 370 371 373 
375 376 381 385 386 388 391 392 397 399 406 412 
414 421 422 425 427 429 436 438 439 440 442 445 
446 447 449 464 469 477 478 482 486 487 488 491 
493 503 504 508 509 512 513 518 523 525 532 533 
542 543 548 549 551 552 558 559 561 563 583 585 
591 598 599 601 603 606 608 609 612 613 615 617 
618 622 624 628 629 633 634 637 640 644 645 646 
647 654 656 657 658 660 662 663 669 674 675 676 
682 684 686 689 693 696 698 710 718 719 725 729 
737 740 743 744 745 754 755 759 763 771 772 773 
776 777 778 782 785 786 789 793 795 796 798 800 
244
1 2 4 12 13 14 16 19 22 24 26 27 
29 31 36 37 41 44 45 47 50 52 54 58 
60 66 67 68 74 77 80 81 85 88 89 90 
97 98 100 101 102 108 112 113 114 124 125 127 
130 139 143 151 152 155 157 164 183 186 188 193 
194 195 196 197 200 204 205 206 214 216 218 221 
227 229 231 232 233 234 242 250 253 258 272 275 
276 277 278 279 281 285 286 289 292 295 297 302 
306 313 315 321 323 324 325 327 332 335 336 339 
342 343 344 345 347 350 352 355 360 366 367 370 
378 380 383 387 389 397 398 399 404 405 407 410 
411 415 422 427 438 442 445 446 447 448 449 454 
459 460 469 473 476 480 486 494 497 500 503 519 
521 534 539 540 546 547 548 549 550 556 558 565 
566 567 569 572 575 576 580 583 588 592 593 599 
602 613 618 619 623 625 626 628 630 635 637 639 
640 642 643 644 645 646 648 650 654 661 669 670 
672 675 676 678 679 683 687 688 689 690 698 702 
707 710 714 717 720 723 727 729 732 733 736 738 
744 750 753 759 760 762 766 768 771 784 788 789 
792 794 797 799 
226
4 6 11 15 16 24 37 43 51 52 56 57 
62 72 73 74 75 79 82 86 92 97 98 115 
117 119 125 128 133 134 136 143 146 147 150 154 
155 158 159 166 170 172 173 175 176 178 179 181 
182 187 193 195 201 203 212 214 216 220 229 233 
237 239 243 244 248 249 252 256 258 262 264 268 
269 271 272 274 278 281 282 293 296 298 306 312 
313 314 321 325 330 332 336 344 350 352 354 356 
359 362 364 365 373 374 377 379 384 386 388 393 
396 408 419 420 430 435 439 441 451 457 461 465 
467 471 475 476 482 485 487 490 491 492 493 494 
499 502 504 506 510 517 518 520 521 527 535 542 
548 550 552 553 554 558 559 561 566 568 570 574 
576 580 581 589 593 597 598 600 604 606 607 611 
619 621 623 626 628 632 634 636 637 638 639 643 
644 645 648 655 661 664 666 669 673 674 679 683 
684 690 691 695 696 700 702 704 705 709 710 714 
718 729 738 745 749 750 753 754 759 760 762 767 
770 774 781 787 788 791 793 794 798 799 
268
7 13 16 28 29 36 37 40 41 44 51 57 
60 61 65 67 70 74 84 85 86 89 91 92 
93 98 99 102 104 107 114 127 129 134 135 139 
141 143 144 145 148 152 157 159 160 163 165 166 
169 173 174 177 181 182 183 186 187 190 192 193 
198 200 201 205 206 208 211 212 213 214 216 222 
223 224 225 227 229 237 238 240 243 245 249 251 
255 256 266 267 270 272 273 280 281 284 290 293 
295 297 301 303 306 307 308 309 312 319 321 322 
323 324 331 339 341 342 343 346 348 350 353 356 
361 362 365 366 370 371 376 381 386 390 391 392 
394 397 399 409 410 411 414 419 420 423 425 428 
429 431 437 438 440 449 450 452 454 457 458 460 
464 466 468 471 475 481 482 483 489 491 495 496 
497 498 505 508 510 511 513 515 516 517 523 526 
528 531 532 535 536 540 543 549 554 555 562 563 
564 566 573 575 578 582 583 584 585 588 595 596 
597 598 602 605 606 609 613 619 623 624 626 635 
636 646 652 654 655 659 660 663 665 672 675 679 
681 682 687 693 694 699 701 704 709 716 720 721 
729 731 732 737 739 741 743 747 748 751 753 755 
757 758 768 770 771 775 778 779 780 781 794 795 
796 798 799 800 
235
3 5 9 12 13 14 20 24 27 29 31 32 
34 36 37 46 48 52 53 60 61 63 67 73 
75 76 79 80 90 91 95 96 101 102 104 106 
107 108 116 118 121 122 127 128 133 138 139 140 
141 144 146 149 150 151 153 157 162 164 175 180 
181 183 192 193 194 196 197 200 205 213 214 218 
227 231 233 236 239 242 244 247 250 254 268 274 
276 279 283 284 285 287 289 292 299 303 309 310 
311 314 319 320 321 324 326 336 337 338 342 350 
351 353 355 360 369 373 381 383 386 388 391 395 
398 401 402 407 411 415 418 419 424 425 430 440 
447 450 453 457 458 460 461 463 468 469 470 471 
472 478 482 484 487 488 491 502 503 504 509 510 
511 513 514 519 527 535 536 537 539 542 543 554 
558 561 566 570 575 577 586 587 591 592 594 595 
597 599 603 608 611 617 619 622 630 635 638 643 
649 651 656 657 660 661 662 666 668 674 676 682 
683 687 692 697 699 700 703 704 709 727 733 735 
739 740 742 744 751 752 755 756 758 761 767 769 
770 776 782 790 797 798 799 
246
1 3 5 6 8 19 21 24 39 41 45 48 
51 54 70 78 80 82 88 92 93 96 103 105 
107 110 111 113 114 118 120 127 130 131 132 134 
135 139 142 156 157 158 159 160 173 176 183 185 
190 192 193 195 198 200 206 209 210 216 219 221 
223 225 226 228 229 235 237 239 241 244 245 247 
249 261 263 264 271 277 279 281 283 284 288 290 
293 300 301 303 304 310 315 319 320 324 325 326 
329 330 332 334 340 343 344 348 349 351 354 355 
356 370 371 372 377 378 379 381 384 387 399 402 
403 404 405 406 414 416 420 423 428 429 430 434 
435 436 437 442 445 461 467 470 473 474 476 479 
482 483 486 497 498 503 513 515 516 519 521 525 
529 530 536 540 541 551 552 553 563 565 568 574 
575 577 583 585 588 589 591 593 594 601 603 605 
606 607 610 612 613 620 622 623 625 627 631 638 
640 641 642 644 645 647 652 658 662 669 675 680 
681 686 689 692 693 694 695 696 701 703 706 707 
713 716 719 723 724 731 732 733 734 738 740 747 
749 752 753 757 760 761 766 767 769 773 774 776 
778 780 781 782 791 793 
239
1 2 4 6 9 13 15 16 18 21 28 30 
34 35 36 42 44 47 48 53 55 57 59 61 
63 66 67 85 86 87 91 93 97 100 104 105 
107 111 113 117 118 119 120 122 128 131 134 138 
140 142 149 152 153 156 157 163 165 166 187 190 
197 201 208 209 212 220 223 224 231 234 235 238 
240 241 248 250 251 256 257 259 261 262 263 266 
267 275 280 284 285 294 297 298 308 312 313 317 
320 322 325 334 335 337 344 345 346 348 352 359 
367 368 369 374 376 378 381 387 389 391 392 402 
405 413 418 424 425 428 430 432 433 438 443 445 
453 455 457 458 459 460 462 465 466 469 474 475 
477 480 482 483 485 487 488 494 499 505 509 512 
513 515 516 520 521 522 523 524 528 531 541 544 
545 548 549 551 553 555 558 561 565 570 571 572 
577 579 581 582 586 592 593 595 602 607 620 622 
623 625 629 647 649 650 651 652 654 658 660 669 
671 672 676 677 685 687 694 699 702 706 708 714 
716 720 728 731 735 741 742 743 748 752 759 763 
765 766 771 773 782 790 791 793 798 799 800 
235
1 5 6 7 12 13 14 19 24 25 26 28 
29 30 31 37 38 40 42 43 45 47 49 58 
59 61 64 70 71 72 75 77 79 82 83 93 
95 96 97 99 106 111 116 119 122 124 130 133 
135 136 137 140 142 145 152 154 160 161 162 163 
168 172 173 174 176 179 194 197 207 209 210 213 
216 223 224 230 233 238 242 247 249 253 254 259 
262 266 267 269 271 281 282 286 289 292 301 304 
309 313 318 319 320 321 324 329 333 337 342 344 
354 355 360 362 372 373 374 377 379 386 388 389 
393 401 402 407 412 414 417 419 421 423 426 442 
445 452 456 460 462 464 465 481 487 488 494 495 
497 500 503 505 506 513 514 516 519 520 528 530 
531 538 540 541 542 543 545 551 553 554 560 562 
564 568 570 578 581 587 591 595 604 606 625 629 
631 634 637 638 642 644 646 647 652 653 655 658 
659 660 661 665 672 680 686 688 697 703 704 706 
711 713 717 726 727 733 739 740 741 743 748 749 
752 754 757 759 760 764 769 770 772 775 780 783 
785 787 788 789 792 794 795 
219
1 3 10 16 27 32 34 41 47 55 61 63 
66 68 72 73 75 76 77 82 84 87 89 92 
93 95 97 98 101 108 111 114 117 120 121 123 
126 127 129 130 135 136 137 139 145 155 156 158 
159 160 161 173 175 177 179 184 196 197 199 204 
207 212 216 217 221 222 223 227 228 240 242 243 
247 248 249 250 253 259 261 268 285 286 293 300 
302 311 314 316 319 324 325 329 333 335 338 340 
341 343 355 358 359 364 368 371 372 375 376 377 
378 391 400 402 405 408 415 417 426 429 430 431 
435 437 441 450 451 452 453 456 462 465 473 474 
485 489 492 493 494 499 503 506 507 513 515 518 
520 524 527 533 538 542 543 554 557 559 563 567 
571 575 576 577 583 592 593 596 598 599 608 609 
613 614 616 617 618 619 622 634 635 640 650 652 
658 660 666 671 672 681 682 688 689 695 697 699 
703 704 712 714 716 721 724 726 729 731 732 735 
737 740 745 746 753 756 764 765 779 780 784 788 
789 792 793 
241
4 8 10 11 12 14 15 16 17 19 22 27 
32 37 38 41 42 44 47 49 53 54 57 63 
70 72 73 79 80 82 86 88 89 91 93 94 
96 103 108 109 112 126 127 134 135 136 139 140 
142 143 147 150 151 154 157 158 162 167 170 171 
174 175 176 179 183 186 187 191 192 193 194 198 
199 206 207 209 212 221 222 225 228 232 235 239 
242 245 250 257 259 264 265 266 268 272 277 280 
282 285 286 295 300 304 313 314 318 336 342 344 
347 348 349 350 351 354 359 369 375 376 379 385 
387 400 408 412 416 417 418 422 423 427 429 430 
434 435 436 438 441 450 452 453 456 458 462 464 
466 470 483 487 490 494 495 496 497 502 503 504 
515 519 520 529 530 534 535 537 539 546 551 554 
559 560 562 565 566 570 573 574 579 580 585 586 
589 593 596 598 600 602 603 605 606 610 617 633 
636 641 645 646 648 652 654 656 660 661 662 666 
675 677 678 679 685 687 688 690 694 704 705 711 
712 716 717 721 724 731 732 737 739 740 748 749 
752 757 758 763 764 767 770 776 779 781 782 789 
800 
240
5 8 9 11 15 16 22 24 30 31 34 39 
44 46 48 53 54 55 56 59 60 63 64 67 
73 76 78 79 81 84 88 92 96 100 103 117 
121 125 126 129 131 134 136 139 141 148 155 156 
157 163 171 177 178 182 183 184 191 195 198 200 
201 204 215 218 220 222 223 224 233 235 236 243 
244 246 257 261 262 263 268 272 275 277 281 283 
286 287 288 289 290 302 311 312 317 323 324 328 
331 334 335 340 346 356 358 362 364 368 369 371 
378 382 383 387 388 393 395 396 400 402 408 417 
418 423 425 432 435 439 441 445 446 451 454 461 
462 465 466 468 470 471 473 474 475 491 493 494 
495 499 500 503 508 511 514 516 520 521 523 528 
531 534 540 549 554 555 561 562 569 570 571 573 
583 591 594 601 603 606 608 609 614 617 620 621 
625 628 630 634 644 645 646 648 650 651 656 658 
659 662 663 665 668 676 679 684 687 688 692 696 
699 701 708 714 718 720 725 726 730 731 733 736 
738 739 744 746 747 749 750 753 761 764 767 768 
772 774 775 777 780 783 786 790 791 792 795 797 
235
4 5 6 11 20 24 25 29 30 35 41 44 
47 55 60 61 63 66 67 69 72 73 82 83 
85 88 89 90 91 92 93 105 111 119 125 133 
134 137 139 142 144 145 146 149 155 160 161 164 
169 170 175 179 191 200 204 205 211 215 218 221 
223 226 227 229 233 239 240 241 243 245 249 251 
255 256 259 267 272 275 277 286 293 294 299 300 
304 308 309 310 316 320 321 324 328 339 346 349 
354 356 359 360 361 364 365 367 368 369 370 380 
381 382 384 385 386 387 400 401 408 422 423 425 
426 428 429 431 434 440 441 445 448 451 452 457 
469 475 482 483 484 487 494 500 506 507 509 513 
517 518 520 521 522 524 526 528 529 530 531 533 
536 540 544 548 551 552 556 561 562 570 571 572 
573 575 581 583 585 592 595 601 602 604 606 612 
613 620 630 634 637 648 651 657 658 672 673 676 
678 679 680 683 689 693 694 696 700 701 702 703 
705 708 715 726 731 733 740 747 748 750 751 753 
754 757 758 759 763 768 771 772 775 779 782 783 
785 786 791 793 795 796 798 
238
1 2 3 5 6 7 8 11 18 19 20 21 
22 23 27 28 32 44 45 46 50 51 60 62 
64 65 71 73 79 82 84 96 99 100 106 109 
116 120 121 126 130 139 144 149 155 156 161 163 
167 172 177 183 184 185 190 192 195 199 201 204 
206 214 217 221 225 232 233 244 246 247 248 253 
254 255 256 259 265 266 269 273 274 277 285 286 
287 289 292 303 304 310 312 316 318 320 321 322 
333 334 336 345 346 351 354 356 359 361 362 363 
367 373 375 381 383 384 389 392 399 400 402 405 
407 411 413 419 433 434 440 441 445 449 453 457 
459 460 462 464 467 470 471 473 476 479 484 485 
490 496 505 511 513 517 518 520 524 525 530 531 
533 534 538 540 543 547 548 551 552 554 556 561 
563 572 573 584 585 591 592 593 595 602 603 618 
620 621 622 624 630 638 642 643 644 645 654 656 
659 661 663 666 667 671 674 675 677 678 681 682 
683 687 688 695 698 702 706 711 718 720 722 730 
732 733 734 735 738 739 741 742 744 757 763 768 
773 777 778 784 785 790 791 792 794 800 
248
3 6 10 12 17 23 29 30 38 40 45 49 
54 67 69 74 83 84 85 86 87 88 89 90 
92 93 104 106 109 112 113 117 119 123 131 132 
133 134 137 138 141 144 148 149 151 152 156 160 
167 168 169 170 171 179 181 182 183 184 185 186 
190 193 201 206 207 209 212 214 216 224 228 229 
232 233 239 240 241 246 250 253 255 261 264 265 
266 269 271 276 277 278 279 280 283 284 286 287 
292 294 295 307 314 315 317 324 341 349 350 352 
359 360 362 367 371 372 375 380 384 389 390 394 
395 398 399 404 405 407 408 411 412 415 417 420 
423 429 434 437 439 445 447 449 452 453 454 456 
457 460 461 462 464 468 472 475 477 479 482 483 
488 489 490 494 495 500 501 503 511 514 515 516 
518 519 521 528 532 541 545 554 555 560 562 563 
568 570 572 576 583 586 587 594 596 598 601 603 
605 613 618 621 622 624 627 629 630 634 635 637 
641 643 647 653 654 655 658 660 663 667 671 679 
683 697 702 703 705 708 712 716 718 722 725 728 
729 734 738 741 742 744 751 752 753 760 762 767 
770 772 774 778 783 784 790 799 
232
1 9 11 25 26 27 28 29 33 43 46 56 
58 60 62 64 65 68 80 88 90 91 97 100 
109 110 113 119 120 122 133 134 141 142 145 146 
149 150 151 154 168 171 172 173 174 175 184 185 
186 189 190 194 196 197 199 201 205 207 209 211 
216 217 223 224 232 233 234 238 244 248 249 262 
264 267 269 274 276 277 285 288 293 295 297 299 
301 306 318 321 325 330 333 335 337 338 345 350 
351 352 353 354 359 362 364 365 368 376 378 382 
390 391 392 393 395 401 403 404 408 414 416 418 
420 421 423 424 427 435 439 446 449 451 457 458 
461 463 470 471 482 492 493 494 495 498 504 507 
509 512 513 525 527 528 531 533 534 537 546 550 
553 554 558 559 560 562 564 568 573 577 579 584 
585 593 598 601 604 608 616 619 620 623 625 630 
634 640 645 648 650 652 653 654 656 664 668 673 
679 682 683 684 688 692 695 702 705 707 713 722 
723 724 726 728 730 735 736 739 740 749 753 754 
755 756 760 763 764 769 775 776 779 780 783 786 
788 795 797 798 
238
3 4 10 11 15 19 20 23 26 27 34 47 
49 54 57 61 63 68 73 75 78 79 84 86 
87 97 102 105 113 120 124 127 133 135 139 141 
142 146 154 155 156 159 167 170 171 174 175 177 
179 183 186 192 193 197 199 203 204 205 209 213 
216 218 219 223 226 227 228 229 235 237 239 240 
241 242 246 247 248 251 255 258 261 265 269 272 
281 284 287 288 291 295 296 297 299 302 303 304 
309 314 318 321 325 326 331 333 335 341 346 354 
355 359 360 362 363 369 370 378 379 380 383 385 
391 393 394 399 401 404 412 422 425 429 433 434 
437 438 443 446 453 456 459 460 462 469 478 479 
480 484 491 492 497 501 504 506 507 508 524 525 
530 531 533 534 538 543 545 550 551 554 556 562 
564 565 566 568 591 592 595 597 598 602 603 604 
617 620 623 629 633 636 648 651 652 654 659 661 
663 667 674 675 676 678 681 682 690 692 696 700 
708 713 714 716 721 722 725 727 728 731 734 735 
737 742 745 746 747 748 750 752 761 764 766 767 
768 769 776 781 787 789 790 792 795 797 
231
2 3 18 20 32 35 36 37 41 47 50 51 
52 61 65 69 76 78 85 86 87 92 96 100 
101 105 113 117 118 120 123 125 131 149 153 155 
160 164 168 169 170 178 181 183 184 186 195 198 
199 200 201 202 204 209 210 213 217 224 229 231 
235 238 254 255 264 267 271 273 280 286 289 290 
291 298 300 302 304 305 306 308 310 312 314 315 
317 318 319 325 329 334 335 339 344 345 349 352 
355 358 359 370 371 379 386 388 391 394 395 398 
403 407 408 412 414 418 421 423 428 429 431 433 
434 435 439 440 441 444 449 451 458 461 467 474 
477 482 485 487 488 491 492 499 500 501 505 507 
508 509 512 515 516 524 526 533 535 536 539 540 
543 547 548 549 553 554 555 561 563 568 569 571 
575 578 580 583 590 594 604 613 615 616 620 621 
625 628 630 631 632 633 637 638 641 648 651 652 
655 658 661 672 678 679 680 682 684 686 687 689 
693 701 707 714 718 722 723 731 740 747 748 749 
754 755 758 759 766 771 773 775 780 783 785 786 
788 793 798 
231
4 9 11 12 17 18 21 26 29 30 31 34 
38 40 41 43 50 58 59 60 64 66 71 73 
74 78 84 85 88 92 102 107 113 116 118 120 
122 123 124 126 135 141 144 147 148 155 160 165 
179 181 187 188 191 193 195 196 197 202 209 210 
212 214 215 216 218 219 220 221 223 234 242 250 
255 261 262 263 267 268 271 274 275 279 280 281 
282 284 285 286 292 293 298 300 302 304 307 312 
316 329 333 335 340 342 346 354 358 360 367 368 
369 371 378 379 387 390 392 393 397 403 410 428 
440 442 443 445 446 447 450 454 458 461 466 467 
468 480 486 488 492 494 498 506 513 518 520 522 
525 527 530 538 539 547 559 568 570 574 576 582 
583 585 586 587 591 592 594 602 608 612 617 619 
620 621 623 629 634 636 637 639 641 644 646 649 
651 652 655 659 660 662 665 669 670 671 682 684 
685 687 689 690 695 696 698 699 701 712 714 715 
718 722 723 725 727 728 729 732 734 738 741 743 
747 749 753 754 755 757 760 765 769 771 774 775 
782 793 795 
237
1 2 7 12 13 18 20 23 26 28 29 31 
33 38 42 47 53 54 58 62 63 64 70 72 
74 84 86 87 88 94 98 99 106 110 113 117 
121 122 126 127 128 129 131 139 140 141 144 145 
149 152 153 155 157 160 168 169 183 186 188 189 
190 196 200 203 206 211 213 218 219 223 226 228 
229 231 234 256 257 258 261 262 268 269 275 276 
278 280 281 282 284 288 290 291 292 300 302 306 
314 315 316 317 318 322 325 328 330 333 335 336 
339 345 346 348 351 353 354 356 359 362 364 369 
371 374 375 379 380 381 384 386 393 403 409 410 
413 416 429 433 441 448 464 466 469 477 478 486 
487 492 493 499 502 504 506 509 511 523 526 528 
529 531 533 537 538 545 548 549 550 554 556 559 
560 567 569 574 578 580 583 585 589 590 595 596 
600 602 613 615 617 618 620 628 632 633 634 640 
644 648 651 652 665 669 670 671 673 677 678 681 
689 692 697 700 708 712 721 728 729 730 732 733 
735 737 742 743 748 751 753 754 761 763 767 772 
773 774 775 780 783 784 785 789 793 
239
10 12 14 17 22 28 41 45 53 54 57 63 
72 73 76 82 86 87 89 92 99 100 102 103 
104 107 110 113 114 121 124 131 134 136 137 138 
140 146 147 148 149 155 157 162 164 166 167 168 
169 171 174 180 181 182 183 185 188 189 192 196 
199 210 211 218 219 221 223 224 230 232 234 236 
239 240 241 258 269 281 282 288 289 295 296 298 
302 304 309 311 313 319 322 325 329 331 344 345 
353 355 356 357 358 360 367 369 374 382 384 386 
388 390 391 396 397 402 405 406 412 413 414 420 
424 425 427 429 430 434 435 436 446 451 454 457 
465 467 468 470 472 473 475 476 482 483 487 488 
489 491 495 500 504 507 511 517 525 526 529 531 
538 539 540 547 555 561 563 567 572 573 579 580 
587 589 593 595 597 598 604 607 610 611 612 619 
620 623 629 634 636 639 642 645 647 649 653 655 
666 670 672 673 676 681 682 685 687 689 690 691 
694 695 697 698 700 704 705 706 707 714 720 721 
735 736 740 745 747 750 751 752 753 755 757 758 
761 763 765 768 775 777 788 792 794 795 796 
233
1 4 6 8 11 19 22 23 28 35 39 40 
41 43 44 46 52 56 58 64 67 68 69 75 
81 86 87 95 103 106 108 109 113 116 117 118 
119 120 121 123 124 126 129 131 137 139 140 143 
146 147 148 149 150 152 153 158 163 178 179 180 
189 191 192 193 196 197 199 204 206 213 214 221 
222 224 228 236 238 245 247 248 249 252 253 259 
265 266 268 270 280 282 285 290 292 293 295 300 
303 304 313 314 316 322 327 330 339 344 349 350 
359 361 365 368 372 375 377 385 392 394 403 409 
414 417 418 419 422 425 427 432 435 446 451 453 
455 456 459 462 470 471 472 475 478 479 485 486 
489 490 499 501 503 508 509 511 515 522 527 529 
533 534 536 538 561 563 564 571 574 576 577 582 
583 589 591 596 598 603 609 611 613 614 617 618 
619 621 622 623 627 628 630 631 632 633 634 642 
655 656 666 669 673 674 675 676 679 685 692 697 
698 701 707 710 711 712 714 715 722 724 726 727 
732 733 740 752 755 760 762 763 766 781 785 787 
794 796 797 799 800 
250
11 12 19 21 23 24 26 29 33 34 38 41 
43 48 49 50 52 56 59 69 72 73 74 75 
77 85 88 91 92 93 98 99 102 104 107 108 
109 111 114 115 118 122 125 127 129 133 138 141 
145 147 149 151 154 166 167 175 176 178 184 187 
199 203 204 211 213 215 220 225 230 234 239 246 
250 254 259 265 270 275 278 289 290 293 294 305 
307 310 313 317 318 320 328 332 344 345 348 349 
356 359 363 384 393 394 395 400 402 403 406 409 
413 415 416 418 422 424 426 431 433 436 438 440 
443 445 446 449 450 454 460 461 462 463 464 465 
466 468 469 470 471 474 476 477 486 487 490 491 
495 504 507 509 510 512 514 515 516 517 520 523 
526 529 530 531 534 536 540 542 545 554 560 561 
562 564 567 570 571 572 577 583 584 585 587 591 
594 596 598 601 602 604 605 606 607 608 610 614 
617 618 629 635 636 639 642 644 648 650 653 655 
661 664 667 669 671 672 676 692 693 694 695 696 
697 709 711 712 713 718 719 721 722 728 734 741 
743 744 748 749 754 756 762 767 771 772 776 779 
780 782 785 786 787 789 792 793 796 798 
257
3 4 6 7 8 9 16 19 21 23 24 25 
28 29 31 34 35 36 38 41 45 47 48 50 
52 58 59 61 69 72 73 78 80 81 83 86 
88 92 94 103 107 110 123 127 129 135 138 139 
143 144 146 148 150 152 155 157 158 167 169 172 
180 188 189 191 192 193 198 207 209 210 211 223 
224 231 233 236 237 239 240 241 245 246 250 251 
253 256 264 265 267 273 280 281 285 290 293 296 
297 308 313 314 317 322 326 327 328 337 339 340 
342 344 350 353 354 360 361 362 367 370 374 379 
380 385 386 388 394 397 399 403 415 426 427 432 
435 436 438 443 444 450 451 454 456 457 458 460 
462 463 465 466 467 469 472 473 478 485 488 492 
493 497 502 503 506 510 511 514 520 526 534 537 
539 541 544 545 546 551 552 554 560 561 562 564 
570 572 573 574 575 581 586 588 593 596 597 601 
604 608 611 614 617 619 620 623 638 639 641 644 
648 651 664 667 671 675 680 683 684 688 696 697 
700 701 708 710 713 714 719 720 721 723 724 725 
727 730 737 738 739 740 742 746 749 751 752 755 
756 757 759 764 766 768 770 771 779 783 788 792 
795 797 798 799 800 
232
2 10 19 21 28 35 36 43 44 46 47 50 
52 54 57 58 68 74 75 78 89 90 91 97 
99 106 111 117 119 121 123 126 129 131 132 133 
136 137 145 146 148 152 154 155 157 162 167 170 
174 176 181 182 184 185 186 188 190 195 200 201 
202 204 205 206 208 211 213 214 219 223 224 226 
227 232 237 238 243 250 254 260 261 262 263 271 
273 274 278 281 283 284 289 295 299 301 304 307 
308 310 311 314 318 319 322 323 331 332 334 339 
349 351 358 362 365 366 370 371 377 382 383 384 
385 388 392 401 414 415 416 418 427 436 439 443 
444 446 447 461 464 466 468 469 477 478 479 480 
482 485 491 495 497 505 506 508 510 511 517 519 
524 525 528 532 534 553 561 564 565 568 569 572 
575 579 580 584 585 587 595 598 604 606 607 614 
622 623 625 628 630 633 634 637 639 640 646 648 
651 652 654 661 662 667 670 671 673 679 687 693 
695 698 699 709 714 716 718 725 727 731 735 737 
742 745 746 747 749 765 773 778 780 781 783 784 
793 796 799 800 
268
4 14 15 18 22 24 25 28 31 32 35 39 
41 43 45 49 50 51 54 56 57 60 63 64 
65 73 74 76 81 82 83 86 92 95 97 98 
104 107 109 112 113 115 116 118 121 124 125 127 
135 137 145 147 151 152 154 159 160 163 165 166 
167 169 174 178 180 181 185 189 192 195 197 209 
211 212 215 216 217 218 223 226 229 233 237 238 
243 250 255 261 266 269 270 271 285 286 291 294 
296 300 302 307 308 313 316 317 321 322 325 326 
327 330 331 332 337 351 353 356 359 361 363 365 
371 373 375 382 384 388 392 397 401 402 404 407 
410 413 414 418 419 421 428 429 431 432 434 436 
437 442 446 447 452 454 458 459 464 465 470 472 
474 475 481 487 500 504 505 509 511 512 514 515 
518 530 531 532 536 538 539 546 548 551 561 563 
564 565 568 578 579 585 587 588 590 595 598 603 
605 606 609 610 620 621 627 632 641 642 644 645 
650 651 652 653 658 660 662 664 669 670 671 675 
680 681 688 689 692 694 695 697 700 701 703 704 
705 709 710 711 712 715 717 720 722 723 724 726 
727 731 733 734 739 744 750 751 753 754 755 756 
757 762 764 766 767 768 770 776 784 788 789 792 
794 795 796 800 
269
2 4 5 7 8 14 15 16 17 19 20 27 
28 30 31 35 38 39 40 42 43 44 47 51 
52 55 56 62 63 64 65 66 72 73 74 76 
80 85 86 90 93 95 99 100 103 105 112 113 
114 116 120 123 124 126 128 133 141 155 158 167 
172 173 174 175 177 180 189 191 193 198 201 209 
210 214 217 220 223 224 225 229 230 233 238 241 
244 246 247 249 253 255 257 259 262 264 267 270 
271 276 280 283 289 290 292 296 300 302 305 306 
309 310 311 314 315 320 322 324 325 327 338 340 
342 349 351 356 357 360 365 367 374 375 378 380 
381 382 386 400 404 405 406 407 416 417 419 421 
425 431 432 434 435 442 445 446 448 450 457 458 
460 461 464 470 471 473 474 477 478 481 483 484 
487 490 491 492 495 496 499 500 503 506 507 510 
520 522 525 527 528 529 532 536 542 544 546 547 
550 551 553 555 558 564 567 570 576 582 589 590 
592 595 596 600 604 606 608 613 616 618 621 627 
630 631 635 636 644 647 651 657 659 663 665 666 
667 668 675 677 678 680 685 688 691 694 697 698 
700 706 708 711 713 715 719 725 726 729 735 736 
743 745 746 752 757 762 763 764 765 766 771 780 
783 787 790 793 797 
244
2 3 4 7 13 16 17 18 20 21 23 26 
27 28 35 38 39 40 46 50 52 54 56 59 
63 69 72 73 76 79 82 85 88 89 93 97 
106 108 109 110 113 118 120 127 128 137 138 143 
147 148 150 155 159 163 164 171 176 185 186 189 
190 191 193 198 202 203 210 211 212 218 222 223 
228 232 233 238 239 240 243 244 245 250 257 258 
259 260 261 263 272 274 275 282 286 287 289 293 
298 301 303 304 310 311 318 322 326 328 333 340 
347 349 350 351 358 359 363 364 366 368 369 374 
376 378 380 382 384 387 394 395 398 399 400 412 
414 416 419 425 428 430 431 432 440 443 445 450 
454 455 456 458 462 466 470 471 472 478 482 487 
488 490 493 496 497 503 505 507 508 509 511 514 
519 520 522 524 525 528 530 532 535 536 540 543 
545 553 556 557 559 560 562 568 572 576 581 586 
589 593 598 602 603 606 609 612 622 624 632 635 
642 646 650 651 656 659 662 670 671 676 680 682 
686 694 695 696 708 711 712 714 722 725 727 730 
731 735 737 739 740 743 754 757 762 766 774 777 
778 787 794 800 
232
2 4 6 7 10 12 13 14 18 20 23 25 
44 48 52 54 55 58 63 66 67 78 80 87 
89 90 91 92 96 99 100 101 103 106 107 116 
127 134 135 144 146 149 150 154 155 156 157 163 
164 165 167 168 169 179 180 181 183 195 200 204 
207 210 213 215 217 228 230 233 234 237 241 246 
248 249 255 258 259 262 263 267 269 270 271 278 
279 282 284 287 293 296 302 311 315 319 322 334 
337 340 342 344 351 353 359 362 364 369 375 382 
388 391 392 397 398 400 402 404 405 406 408 412 
427 431 438 439 441 443 444 445 446 455 457 461 
466 471 472 473 478 481 482 483 486 487 489 490 
492 497 500 501 512 514 516 517 518 523 524 525 
530 533 544 546 547 548 552 556 560 566 567 586 
592 596 597 600 613 614 616 617 618 619 620 625 
626 634 636 637 639 643 649 654 656 660 661 663 
667 669 677 679 688 690 696 700 703 704 706 710 
716 718 720 727 731 737 738 739 740 743 745 746 
747 750 754 757 760 765 766 768 769 771 784 788 
792 796 799 800 
242
3 5 6 7 8 13 17 24 29 30 31 32 
33 36 39 41 43 44 48 49 50 53 55 56 
58 62 65 81 82 83 88 89 93 96 101 102 
103 104 105 106 107 109 113 120 121 138 139 142 
145 147 154 181 188 189 192 194 201 206 215 216 
217 220 221 222 224 228 229 231 234 239 242 247 
251 253 257 260 265 266 271 273 276 277 278 279 
283 284 285 295 296 300 301 303 305 306 307 310 
312 314 316 317 318 321 324 325 330 334 338 342 
347 349 351 355 357 362 364 366 369 370 372 375 
377 379 382 385 386 388 389 394 395 397 398 402 
420 422 425 426 429 430 436 438 443 459 462 466 
468 470 475 478 481 482 489 494 497 498 502 505 
506 507 508 509 515 518 519 521 522 526 541 548 
554 556 557 560 562 563 575 577 589 593 599 602 
603 615 618 619 624 625 628 631 632 634 636 637 
646 653 654 656 657 658 661 662 664 666 668 670 
672 675 687 690 691 692 696 698 699 702 707 708 
709 710 714 715 716 717 718 720 724 731 739 743 
755 756 759 769 771 778 780 782 784 786 787 791 
792 793 
235
3 4 6 7 9 12 13 16 17 18 19 21 
22 26 28 29 30 37 38 39 40 41 44 45 
46 49 51 52 54 59 60 65 67 77 82 92 
93 95 97 101 106 109 112 113 119 120 122 124 
125 127 137 139 144 150 152 154 158 160 163 164 
165 166 170 171 172 176 181 183 184 186 191 192 
195 196 197 199 200 202 206 208 211 221 229 237 
244 246 248 252 253 254 255 256 257 259 264 270 
280 281 283 286 290 291 292 295 312 313 324 328 
331 336 339 346 348 350 351 353 354 357 363 373 
377 378 379 381 382 385 390 392 400 403 407 409 
410 413 414 419 420 423 424 425 426 429 431 432 
438 439 449 454 455 458 465 466 468 469 478 480 
482 484 486 489 491 501 503 504 508 510 515 519 
521 524 526 527 531 541 551 562 564 570 572 574 
578 579 585 593 604 605 608 612 613 615 617 619 
623 624 625 629 632 633 637 646 666 671 674 675 
676 685 686 692 694 697 703 704 713 714 716 720 
727 728 731 732 734 745 746 749 750 770 773 777 
782 791 792 794 797 798 799 
218
4 17 19 20 26 27 28 38 51 53 65 68 
69 71 73 76 82 85 88 90 92 98 101 104 
105 106 110 114 128 129 130 131 133 139 149 156 
158 165 166 167 170 171 176 185 187 188 191 196 
198 199 203 209 210 211 212 214 221 222 226 228 
229 232 233 246 247 249 252 253 261 265 268 270 
271 272 274 277 282 286 289 290 292 297 301 302 
304 307 309 313 315 316 334 336 338 339 342 347 
349 355 359 360 361 364 365 366 377 384 385 394 
395 400 402 403 404 407 410 417 418 420 423 432 
433 434 436 440 442 444 447 454 456 457 461 462 
464 465 468 475 479 480 483 493 494 495 497 503 
508 523 524 526 529 530 538 539 541 543 546 554 
556 560 562 563 564 566 568 570 581 594 597 604 
607 608 610 621 624 625 631 636 649 657 659 660 
661 662 664 683 685 690 692 697 700 706 712 713 
714 729 732 733 738 749 750 751 752 756 759 763 
767 768 771 774 776 778 783 786 792 794 797 798 
799 800 
258
2 4 6 7 8 9 10 11 12 17 18 19 
23 24 28 30 35 44 46 52 58 59 61 62 
65 67 69 74 76 77 86 96 98 105 107 109 
117 119 122 129 132 135 137 147 149 153 155 156 
159 160 162 164 175 177 181 189 190 199 202 205 
208 209 216 217 221 224 227 228 233 237 238 241 
242 245 248 253 257 258 264 273 274 278 281 284 
287 288 290 291 294 297 306 309 313 318 319 321 
327 328 333 335 339 341 342 348 349 350 353 354 
358 359 362 371 372 375 381 384 385 388 390 394 
399 401 402 409 412 413 415 417 419 420 423 434 
435 437 440 441 442 450 453 454 462 463 464 468 
472 474 477 478 483 489 492 495 496 498 504 506 
513 515 520 525 526 528 532 535 539 540 542 545 
548 555 557 558 559 561 563 564 565 566 568 570 
573 575 580 581 583 586 593 594 595 597 606 609 
610 611 612 614 617 620 622 623 628 629 631 632 
633 634 636 637 642 643 647 648 651 652 656 659 
663 667 677 678 682 685 688 690 693 696 698 707 
714 716 719 720 723 724 725 726 728 730 736 738 
746 748 752 754 756 760 763 767 768 770 774 781 
785 791 795 796 798 799 
250
1 10 14 18 21 24 26 27 29 30 35 40 
42 50 51 52 58 61 65 67 68 70 73 75 
78 80 82 83 85 89 92 95 98 100 106 115 
117 121 122 129 139 143 144 152 155 164 166 169 
173 177 178 183 185 186 187 188 202 203 207 208 
217 218 219 220 221 225 234 235 237 240 263 264 
270 272 276 278 282 283 284 289 290 291 292 294 
296 298 300 304 306 308 311 313 314 317 321 323 
324 325 330 334 337 338 340 341 347 348 352 353 
356 360 361 366 368 370 372 374 377 379 383 391 
404 405 411 416 420 423 426 428 430 431 433 436 
437 445 447 448 450 465 481 483 484 485 486 487 
493 494 503 504 507 512 519 521 522 523 525 527 
535 539 544 546 547 549 554 561 562 564 565 566 
573 577 582 584 587 588 589 596 597 605 607 611 
612 613 617 620 621 623 624 626 630 637 640 641 
643 644 645 646 648 651 652 653 654 655 656 658 
660 662 663 668 673 675 678 681 684 685 688 693 
696 699 701 702 706 707 708 718 719 720 721 722 
725 734 737 743 745 748 754 759 767 771 775 777 
779 780 784 785 788 792 794 795 798 800 
229
9 13 17 18 23 27 35 36 37 38 41 46 
52 53 56 58 59 61 64 70 73 75 78 81 
82 86 89 93 94 104 106 110 111 113 115 116 
122 126 127 131 133 134 137 138 140 147 148 158 
159 161 163 165 167 170 173 174 179 182 183 189 
198 201 202 203 207 209 215 222 233 234 237 239 
242 244 246 251 254 257 258 263 265 266 269 277 
279 280 281 282 287 288 291 294 295 298 300 304 
307 311 313 323 333 343 346 350 351 352 355 357 
358 359 360 369 373 383 384 389 390 393 399 400 
406 408 424 425 426 427 428 430 436 439 440 444 
446 450 456 458 460 462 464 473 477 478 484 487 
490 491 496 498 500 501 509 510 511 520 524 526 
545 548 549 553 555 561 562 565 570 573 578 579 
581 585 593 597 599 604 608 609 612 619 620 621 
627 628 635 636 641 643 644 647 651 658 660 664 
665 667 672 675 678 683 687 689 694 698 703 704 
708 719 725 727 728 737 740 744 748 753 754 758 
759 764 768 771 775 779 783 784 785 789 793 794 
798 
215
1 5 10 23 26 29 30 33 36 41 49 50 
56 59 62 63 67 72 74 76 85 87 90 92 
96 97 101 103 106 109 115 117 120 125 128 130 
131 132 133 134 135 138 140 144 145 153 156 158 
161 164 167 169 171 177 178 179 184 188 189 199 
201 204 205 206 207 213 218 222 224 226 227 231 
234 236 237 240 243 254 257 269 273 276 279 290 
295 300 305 309 310 313 324 331 332 335 336 337 
341 344 345 349 356 357 361 367 369 370 371 376 
380 382 386 388 390 391 404 412 413 414 424 425 
431 432 433 435 441 443 448 451 453 463 464 465 
469 477 479 482 484 485 486 489 494 496 500 503 
504 510 512 518 529 531 541 550 553 557 560 564 
572 573 581 585 586 587 592 599 601 606 608 614 
617 619 630 633 641 643 647 654 655 657 659 667 
670 671 672 676 685 687 688 690 693 696 704 706 
717 719 726 731 733 736 741 744 746 749 750 757 
760 762 763 764 765 766 767 775 779 796 799 
259
1 3 4 6 7 15 16 18 19 20 21 24 
26 30 36 38 43 50 51 58 64 67 68 72 
73 79 91 94 95 98 99 101 102 104 107 113 
114 115 117 118 120 121 125 126 127 128 131 132 
135 149 151 153 159 163 164 165 180 183 190 192 
195 206 209 212 217 223 224 225 229 233 236 239 
242 243 244 245 246 248 249 253 254 256 259 263 
264 269 270 272 274 280 286 289 290 291 295 304 
310 313 315 316 319 322 325 331 332 333 335 336 
345 346 349 351 362 366 372 374 375 380 381 384 
387 388 389 390 393 397 398 403 404 406 420 423 
424 425 427 428 438 439 440 444 447 449 451 452 
453 454 457 459 467 468 475 478 480 481 483 484 
486 488 490 493 495 497 498 501 502 508 511 513 
514 516 517 518 523 525 530 533 537 544 547 548 
552 556 558 560 567 569 573 575 576 578 582 590 
592 595 600 604 605 607 608 611 618 620 629 631 
634 636 640 643 645 648 649 653 659 660 665 667 
675 677 680 682 685 686 689 692 693 695 703 704 
707 712 714 715 717 718 719 726 727 728 732 736 
739 743 744 746 747 748 756 759 761 765 772 775 
776 789 790 791 793 794 799 
215
6 10 24 29 38 46 49 53 60 74 84 86 
90 91 93 98 101 106 107 116 117 119 131 135 
136 142 144 149 159 160 163 164 166 170 174 176 
189 193 194 204 207 219 220 221 222 225 233 237 
240 242 249 255 256 257 258 261 270 271 275 276 
277 280 287 293 297 304 310 318 319 322 324 330 
335 336 337 338 349 350 354 357 358 359 361 366 
367 373 379 380 381 392 393 397 405 410 413 415 
417 424 433 436 438 439 445 446 453 454 457 458 
459 462 463 471 473 477 485 493 499 500 510 511 
514 515 517 518 520 522 524 526 528 531 534 535 
538 542 545 546 547 551 554 558 562 564 568 574 
577 578 593 598 606 615 616 617 618 619 620 624 
625 626 629 633 634 635 636 639 644 646 647 648 
649 650 651 653 657 662 664 665 667 668 670 672 
677 680 683 685 695 697 699 703 705 709 720 725 
730 731 738 744 747 749 753 758 759 764 770 771 
774 776 778 779 780 781 783 793 796 799 800 
208
1 21 22 28 29 32 37 41 43 47 60 62 
64 65 67 69 71 76 77 80 88 89 92 93 
96 97 98 100 102 103 107 108 111 120 122 130 
132 141 149 157 159 164 168 171 176 177 179 180 
185 192 194 195 198 205 216 224 226 231 236 250 
251 252 254 255 259 260 261 266 278 281 284 285 
286 287 291 304 305 308 315 316 317 318 320 321 
324 327 330 331 334 343 347 348 350 353 356 362 
363 368 369 375 378 379 382 391 397 398 399 400 
407 410 412 421 422 430 432 433 437 442 449 450 
453 456 461 463 466 471 479 481 482 483 486 489 
492 497 501 502 508 521 527 536 537 543 545 548 
558 561 564 567 568 572 574 577 583 586 587 589 
591 592 596 602 605 607 608 609 610 612 613 619 
623 629 630 641 649 659 661 664 665 669 672 673 
679 682 683 685 686 687 689 690 692 698 703 704 
706 707 718 732 748 750 759 761 768 771 772 775 
778 789 794 797 
255
1 6 10 11 13 16 19 22 29 30 31 34 
35 36 39 40 41 50 58 65 73 77 78 80 
83 88 95 98 101 106 107 110 112 114 116 117 
120 121 124 128 131 132 136 138 139 141 146 149 
150 160 161 162 166 167 169 171 173 179 180 183 
187 188 194 196 207 209 210 213 215 218 220 221 
222 223 226 229 231 236 239 242 248 249 251 253 
254 255 256 257 258 261 263 267 268 269 272 274 
276 279 284 287 290 291 293 294 296 308 315 316 
319 321 323 327 328 329 331 332 335 345 350 356 
362 367 370 371 373 375 378 379 383 385 391 394 
402 405 417 418 424 425 426 431 432 435 437 438 
440 441 446 448 449 452 454 455 456 461 463 466 
472 473 476 478 482 485 490 491 493 501 504 506 
508 509 519 520 526 538 541 545 546 550 554 555 
557 558 568 572 573 576 577 580 585 588 592 598 
601 605 607 613 614 617 618 620 624 628 633 636 
639 640 644 648 651 652 663 664 670 671 673 675 
677 678 686 687 688 690 699 700 701 703 712 714 
718 722 724 725 726 728 729 731 734 736 738 743 
746 750 751 754 756 758 761 762 764 770 774 790 
795 798 799 
234
1 3 4 5 6 12 18 20 23 24 27 28 
31 33 38 42 44 45 53 54 66 68 71 74 
75 77 93 98 103 107 113 114 116 131 132 134 
135 136 139 140 146 156 158 161 165 166 168 171 
174 182 183 187 188 189 190 191 193 198 201 206 
209 210 211 216 223 225 226 227 228 232 248 253 
257 260 261 263 264 279 283 290 291 296 298 301 
303 305 307 313 315 318 320 321 322 332 336 338 
342 347 352 353 363 365 367 370 374 375 379 381 
382 383 385 386 388 389 394 396 397 400 405 407 
410 412 413 419 421 423 428 430 434 435 437 438 
439 443 446 452 459 465 479 483 485 489 491 495 
497 500 504 507 510 515 518 519 522 523 526 527 
529 533 537 544 551 553 559 564 566 568 571 583 
587 588 589 595 601 602 607 613 616 622 629 633 
638 640 643 644 646 661 665 669 670 671 672 673 
674 675 682 684 691 701 703 704 710 713 714 715 
722 723 726 727 730 731 732 740 744 745 752 754 
755 758 762 765 769 772 774 775 776 779 780 787 
790 792 793 794 797 799 
250
2 4 25 27 28 29 30 31 32 33 37 38 
40 41 46 48 53 56 57 58 60 63 65 66 
67 70 73 78 81 84 85 86 91 92 95 96 
99 101 104 105 106 107 108 113 115 118 120 121 
126 127 133 140 142 154 156 162 164 168 171 173 
174 175 179 183 186 188 192 195 198 199 201 203 
206 207 210 224 226 227 233 238 241 253 256 259 
262 264 266 267 271 272 273 277 278 280 286 289 
293 298 301 307 309 313 314 315 316 318 319 320 
323 325 326 327 332 334 337 344 351 354 355 357 
364 365 367 369 370 374 377 381 389 401 404 405 
407 411 416 418 421 423 426 428 429 430 433 436 
441 444 447 449 455 457 458 464 466 468 474 477 
481 484 485 491 493 494 495 499 503 510 514 517 
521 522 529 532 536 538 543 546 557 566 567 568 
571 578 580 584 586 587 590 601 602 604 605 606 
607 612 613 615 617 621 622 623 627 629 633 636 
641 643 648 652 654 658 659 663 665 669 670 674 
685 689 699 705 714 717 719 727 728 729 730 734 
735 736 737 744 748 753 754 758 760 762 763 771 
774 779 782 783 785 788 791 792 798 799 
248
3 5 7 9 11 15 19 20 21 25 30 34 
45 52 56 58 66 69 73 77 81 84 87 88 
89 92 97 99 100 101 103 104 112 113 114 118 
121 126 134 138 141 150 152 162 167 172 176 177 
178 179 181 183 195 196 197 200 201 202 203 204 
209 210 211 213 214 224 225 226 227 229 233 235 
236 239 240 241 242 243 247 249 255 259 265 268 
269 270 279 283 285 287 288 291 292 293 295 298 
299 300 304 308 309 313 321 327 328 329 330 331 
336 339 341 347 351 354 357 362 366 370 373 376 
382 390 391 394 395 396 400 403 404 408 415 416 
421 422 426 427 428 430 432 434 435 438 440 441 
444 448 449 451 454 455 458 459 471 472 481 485 
491 504 505 506 508 514 519 520 531 534 540 543 
544 545 548 552 553 555 557 558 562 563 565 566 
569 573 579 581 584 586 590 592 595 604 605 611 
613 615 616 619 622 624 626 629 633 636 639 642 
647 651 654 661 665 668 669 676 690 691 693 694 
702 703 705 706 709 712 714 715 722 727 728 729 
733 743 744 745 746 752 755 757 759 767 772 774 
780 786 787 791 792 793 796 797 
246
2 5 7 8 11 12 14 19 20 23 24 29 
37 42 43 47 48 51 52 53 62 67 73 74 
77 78 79 80 82 84 91 95 99 110 113 114 
118 122 125 131 137 142 146 157 158 159 165 167 
170 171 173 174 178 179 186 189 190 191 194 196 
203 213 215 216 227 228 230 231 232 236 238 245 
252 256 258 263 277 279 280 283 286 289 291 293 
296 297 299 300 306 310 313 314 315 324 325 326 
327 330 334 338 340 342 343 349 351 353 354 357 
362 364 365 367 371 372 377 382 384 386 394 396 
398 402 404 405 416 420 427 429 435 437 439 441 
442 451 458 462 463 465 467 468 469 487 490 496 
498 501 503 507 514 517 523 533 535 536 539 540 
541 547 553 554 556 557 558 560 564 565 566 567 
579 581 585 586 589 590 592 596 599 607 612 621 
623 624 627 629 630 634 644 646 654 656 659 661 
664 665 667 668 669 670 672 677 680 687 688 692 
695 696 700 701 702 703 710 711 714 715 717 719 
720 721 722 725 726 727 728 733 742 743 749 754 
757 762 766 767 770 774 775 776 778 780 782 784 
786 790 792 796 798 800 
217
3 7 9 12 15 16 24 25 28 29 30 37 
43 45 49 60 61 62 63 64 68 72 74 75 
76 78 83 85 90 93 94 96 102 104 109 116 
119 122 124 128 129 132 133 136 137 139 140 141 
145 151 155 162 167 172 173 177 178 181 187 188 
191 197 199 200 208 212 215 218 225 228 229 232 
233 238 240 241 242 245 246 251 252 253 261 262 
266 271 277 286 291 296 297 303 305 307 309 310 
311 319 320 325 332 337 342 347 348 350 352 355 
362 365 369 370 371 373 374 377 380 382 385 388 
392 414 416 417 423 425 427 430 436 440 441 445 
453 456 459 463 464 466 470 472 473 474 479 480 
484 502 505 509 523 524 525 528 533 534 535 542 
545 547 550 553 556 560 564 570 571 579 583 584 
590 592 594 601 603 617 618 634 644 650 657 666 
670 673 679 688 690 696 703 707 708 710 712 714 
715 716 720 721 722 723 728 730 736 741 743 746 
747 748 758 763 772 773 779 780 781 784 789 793 
800 
208
5 9 16 21 27 30 35 38 39 43 46 55 
58 59 65 77 81 83 86 87 89 101 112 117 
119 125 126 129 130 133 135 137 139 141 143 148 
158 166 167 169 171 173 177 182 184 187 189 193 
199 200 205 209 211 212 214 215 219 222 229 232 
234 239 242 243 245 246 247 248 259 262 264 266 
268 276 282 283 285 293 294 299 301 303 304 310 
314 315 316 318 319 320 327 330 331 335 339 341 
346 347 349 357 359 361 363 367 374 384 385 387 
389 396 404 405 420 422 425 427 428 431 433 435 
437 441 450 453 457 458 472 473 474 476 478 479 
482 483 494 506 510 515 526 531 533 534 541 543 
547 553 559 563 565 568 571 574 578 579 580 582 
587 590 591 594 601 603 606 609 610 613 618 619 
621 627 628 637 640 643 644 646 649 651 658 664 
668 671 674 679 682 689 697 700 703 705 710 716 
717 721 728 737 740 748 749 750 753 755 760 761 
765 776 782 788 
266
2 8 12 15 17 18 21 22 23 31 32 34 
39 40 41 46 49 52 54 55 60 64 65 67 
68 69 70 71 73 75 81 86 88 89 90 91 
93 94 99 101 110 113 114 119 120 121 123 124 
126 130 133 138 140 143 144 146 147 149 150 158 
160 163 172 173 175 176 177 186 187 190 191 194 
198 199 203 204 205 206 210 215 219 221 223 224 
225 229 240 243 245 248 249 250 252 254 258 267 
271 272 273 278 280 281 283 287 288 289 291 292 
294 295 298 301 307 308 312 313 318 319 323 326 
328 330 332 333 337 340 343 344 345 346 348 349 
351 355 356 359 365 371 374 376 378 379 381 383 
397 398 400 413 422 423 424 428 429 431 437 438 
439 442 443 449 450 456 457 458 463 464 473 481 
483 486 487 490 492 494 513 516 517 521 523 526 
530 534 538 545 546 549 552 555 565 567 571 576 
577 580 581 586 592 596 597 601 602 606 607 608 
610 611 617 620 622 625 637 639 644 647 648 649 
650 655 656 657 664 665 666 667 669 673 676 678 
684 690 693 698 705 706 707 713 718 721 722 724 
730 731 734 738 747 749 750 751 754 755 758 759 
760 764 765 766 772 773 778 780 784 787 788 789 
792 797 
237
1 3 4 5 7 10 19 20 23 30 33 47 
51 52 56 61 62 64 65 67 68 74 75 76 
77 81 91 96 99 100 102 105 111 113 116 117 
120 122 129 130 131 135 136 137 142 144 146 147 
150 151 159 161 164 165 168 169 170 178 181 182 
189 193 197 198 203 204 219 234 241 247 249 253 
256 258 261 265 266 268 275 276 281 292 300 301 
303 306 308 311 316 320 322 325 329 334 336 337 
340 342 343 344 348 351 352 354 364 365 374 376 
379 380 381 382 383 386 387 389 392 398 404 406 
407 408 411 416 417 419 422 428 432 434 438 440 
441 446 454 457 460 463 468 475 477 479 488 490 
491 494 501 502 503 504 509 513 514 520 521 522 
523 528 532 536 539 541 546 549 557 565 566 569 
571 572 576 578 579 581 584 585 586 588 593 594 
596 601 604 607 608 613 615 617 620 621 624 626 
633 636 637 638 641 645 646 647 649 653 655 656 
662 671 673 677 687 692 702 703 704 709 711 714 
717 730 733 734 736 749 752 757 758 766 767 768 
770 772 774 779 781 783 785 786 799 
236
1 3 4 5 8 18 19 25 28 36 39 42 
44 45 46 50 51 55 58 62 65 72 79 82 
86 90 92 93 98 101 103 105 107 109 110 111 
112 115 116 117 118 122 130 136 137 139 140 141 
144 147 149 151 160 165 167 169 174 176 177 178 
182 192 193 196 204 211 216 218 223 225 226 240 
242 246 248 250 255 257 258 263 265 267 270 284 
285 287 291 297 304 305 312 319 325 326 330 334 
344 346 347 349 350 354 358 359 363 365 366 367 
371 372 376 377 378 380 384 385 391 398 402 403 
417 419 421 424 428 436 442 445 448 452 453 455 
456 460 470 473 484 489 490 507 509 514 519 523 
525 530 532 533 534 541 544 547 551 553 558 559 
562 567 576 577 580 581 585 589 590 592 597 600 
602 605 607 609 610 613 615 619 623 627 629 632 
633 635 636 637 640 641 649 659 663 667 670 672 
674 677 678 679 684 685 686 687 693 695 699 700 
701 705 708 716 718 730 734 737 738 740 741 742 
745 747 750 753 755 759 767 769 775 776 777 779 
786 787 788 790 791 792 799 800 
267
1 3 4 6 12 15 16 17 20 23 24 26 
32 33 34 36 41 46 49 50 51 52 59 64 
73 76 77 78 79 81 87 88 91 92 95 96 
97 99 101 107 117 118 120 122 124 127 130 132 
133 136 138 143 145 148 150 163 167 168 171 172 
180 185 186 189 192 195 200 204 207 208 209 212 
213 223 227 228 229 230 232 233 234 235 236 237 
242 244 247 255 257 259 265 266 270 272 273 275 
278 281 282 286 287 291 292 293 299 300 301 302 
303 310 316 319 331 334 338 339 341 344 351 356 
358 359 367 373 374 377 380 381 382 388 393 400 
401 402 404 407 408 414 415 416 417 419 426 427 
430 431 432 437 441 443 452 453 454 456 457 469 
470 471 472 476 477 479 481 482 483 489 490 495 
496 497 498 499 504 511 514 519 520 521 526 528 
529 530 533 538 540 542 546 548 549 550 558 560 
563 564 566 567 568 569 572 575 578 579 581 582 
584 589 593 595 597 599 600 601 610 614 615 616 
617 623 625 626 629 640 642 644 646 649 654 657 
660 666 667 674 681 683 685 693 706 707 711 713 
714 715 718 720 721 722 727 730 733 734 735 740 
745 747 750 751 752 757 760 762 764 766 771 781 
785 790 795 
238
1 4 5 6 7 8 9 11 12 18 21 23 
28 35 36 37 40 43 44 49 55 58 61 85 
90 92 98 100 104 109 111 112 113 118 120 121 
125 126 130 136 137 145 146 155 156 159 162 165 
171 172 180 183 188 189 195 198 200 201 204 206 
207 210 214 215 216 217 218 220 223 226 227 228 
231 232 237 238 240 243 247 248 251 253 254 256 
257 258 268 270 276 279 280 281 282 287 289 293 
298 299 301 302 310 313 314 315 316 317 318 319 
320 321 328 332 333 334 335 340 344 345 348 349 
352 356 363 367 373 375 385 394 395 396 402 405 
410 412 421 424 428 431 434 436 444 445 459 463 
465 466 467 473 474 475 478 490 491 492 496 497 
503 520 526 527 532 534 536 544 549 552 559 561 
562 567 569 570 571 572 585 586 587 596 604 606 
608 611 614 619 626 627 628 630 632 638 641 642 
645 646 647 653 656 661 663 667 668 670 676 681 
682 683 685 687 693 694 696 697 708 709 712 717 
721 725 726 728 729 731 735 736 738 748 750 752 
753 756 759 762 765 770 777 784 786 795 
234
2 3 8 10 12 14 24 38 39 41 43 48 
50 52 54 59 70 73 75 77 78 82 83 85 
87 90 92 94 95 106 107 117 121 129 140 141 
145 150 151 152 153 154 163 166 171 177 183 185 
187 190 193 195 205 206 210 211 215 220 221 227 
229 238 242 244 251 254 256 260 264 269 272 273 
275 276 280 282 283 284 287 295 296 304 310 318 
321 323 328 329 342 343 344 345 349 353 357 366 
371 372 373 376 378 380 384 387 388 395 396 402 
409 412 413 416 417 418 419 426 428 430 434 436 
437 443 447 449 455 457 458 461 466 467 477 479 
483 487 489 505 506 507 509 512 514 515 516 518 
522 523 524 526 533 534 537 541 542 543 546 550 
559 560 564 566 573 575 576 578 579 585 586 590 
591 592 594 595 597 598 600 601 605 608 611 618 
619 622 626 632 635 636 640 642 644 649 650 651 
654 663 666 667 668 670 672 674 677 678 681 684 
685 688 690 692 693 698 700 707 710 715 719 720 
724 733 737 739 742 744 751 755 759 761 763 770 
771 772 781 784 787 794 
251
5 6 11 15 18 19 27 28 30 32 33 38 
43 44 46 49 50 56 57 58 59 61 62 66 
68 71 77 82 84 87 91 92 99 100 101 102 
105 106 113 115 118 124 125 129 131 132 133 144 
146 149 152 158 160 161 167 168 172 175 176 183 
185 187 193 201 205 214 215 221 222 224 225 226 
228 230 239 241 244 248 254 259 260 262 263 268 
270 274 276 277 280 281 282 284 288 289 294 296 
300 301 303 304 305 309 312 313 315 320 323 324 
326 330 333 337 338 340 341 344 345 346 347 348 
350 351 353 357 358 371 373 375 379 380 383 387 
390 392 399 401 403 405 406 408 418 420 421 429 
439 440 443 446 450 457 458 461 464 468 469 470 
472 474 483 484 489 493 499 501 503 512 516 518 
519 525 528 529 535 538 539 540 543 544 545 548 
551 553 557 558 559 562 569 574 577 581 588 592 
594 599 602 606 617 620 627 632 633 636 637 644 
645 647 650 657 660 664 667 669 676 677 681 682 
689 690 691 701 703 705 712 714 716 718 720 721 
722 724 726 730 738 742 751 755 757 758 762 774 
775 776 778 781 783 784 789 791 793 795 796 
254
1 3 4 9 10 14 16 23 24 27 28 29 
30 35 37 40 51 52 55 56 59 62 67 68 
69 71 74 75 76 82 83 85 90 91 92 94 
95 105 107 110 114 115 119 122 123 129 137 144 
145 147 149 151 160 161 162 163 164 165 167 168 
173 180 182 185 187 189 192 193 195 197 199 206 
207 208 210 217 218 219 220 221 222 226 227 228 
231 232 234 237 238 239 241 244 249 256 258 259 
260 261 262 271 277 281 284 287 289 291 298 302 
309 310 313 321 327 334 335 336 345 346 348 349 
356 358 360 363 366 367 370 378 385 386 388 389 
392 398 403 406 410 417 419 420 427 429 430 433 
436 437 444 453 455 461 465 467 469 472 479 481 
483 490 492 495 497 505 508 512 515 518 520 521 
523 526 527 530 531 533 534 541 544 558 559 560 
565 571 574 576 578 585 595 600 601 602 603 605 
611 615 616 620 622 626 628 629 634 637 642 648 
650 652 657 658 660 661 663 668 672 681 683 687 
688 691 696 697 701 708 710 713 715 719 720 724 
726 729 731 732 733 736 738 741 746 752 754 757 
759 764 768 769 770 773 776 778 783 784 788 791 
793 799 
250
6 17 20 22 25 26 27 30 32 38 39 41 
42 44 46 48 51 54 56 58 63 64 70 72 
73 78 79 83 85 87 88 90 91 102 103 106 
109 111 114 118 122 137 141 148 161 163 164 172 
173 181 190 191 195 211 213 219 221 223 225 226 
228 229 238 244 246 248 251 255 256 261 271 272 
273 278 280 284 285 292 298 303 305 308 309 310 
318 322 324 325 328 329 331 335 336 348 349 351 
353 354 355 357 360 372 377 378 381 384 385 388 
389 390 394 395 401 404 405 406 407 412 414 421 
422 423 426 430 431 434 435 437 439 441 442 444 
445 453 456 458 459 462 467 468 473 474 475 476 
477 479 480 483 486 489 493 496 497 500 505 506 
509 510 512 514 515 519 524 525 527 534 535 536 
537 539 543 544 546 549 552 557 559 560 564 570 
572 574 576 581 582 586 593 594 605 607 613 621 
624 629 631 632 635 639 640 641 642 643 644 645 
651 652 653 654 655 656 662 664 674 678 686 691 
695 698 699 704 711 715 720 721 725 727 735 737 
738 740 741 744 746 747 751 753 754 757 759 771 
776 777 787 789 791 792 794 797 798 799 
235
1 2 8 9 11 12 18 21 22 29 30 31 
33 35 39 40 42 43 46 49 52 54 56 57 
60 63 68 69 77 79 80 81 83 84 90 92 
95 103 104 106 109 110 112 116 121 132 134 137 
142 143 144 147 155 167 172 173 175 178 179 183 
185 189 193 202 203 205 206 215 219 225 227 230 
232 236 238 243 247 251 253 256 258 260 266 267 
268 286 290 291 292 293 308 311 314 316 319 328 
329 331 332 338 341 349 353 357 358 359 360 366 
369 371 374 376 377 380 384 388 392 398 402 406 
409 416 417 418 420 424 426 427 430 431 432 434 
435 436 441 442 446 454 463 466 473 479 481 483 
494 503 505 512 514 515 519 522 524 527 528 530 
537 538 543 544 546 547 551 554 555 556 558 559 
564 568 573 576 578 583 605 606 607 611 612 613 
615 620 621 623 626 635 636 643 658 659 660 661 
664 668 669 673 676 677 678 683 685 697 699 703 
708 712 714 719 721 722 724 727 734 735 736 739 
740 743 745 748 750 754 762 763 771 781 782 786 
789 794 795 796 797 798 800 
238
2 3 4 6 9 13 17 21 24 26 32 35 
38 40 42 43 49 50 52 56 62 65 69 71 
81 84 86 90 91 94 101 102 108 112 117 121 
125 126 134 136 139 140 144 146 156 157 161 165 
166 168 169 170 175 180 184 186 188 189 190 196 
197 200 201 204 206 208 209 215 225 230 242 244 
251 253 255 257 262 269 278 279 281 282 284 287 
288 290 291 292 293 295 297 305 307 310 316 318 
321 326 331 332 334 335 336 337 338 339 340 344 
350 354 362 364 368 382 387 392 394 404 406 407 
409 410 416 417 418 430 436 445 447 449 450 453 
455 456 457 458 462 463 465 466 470 476 477 478 
487 490 493 500 502 503 504 511 515 517 523 526 
528 534 540 542 547 549 550 552 557 565 567 572 
580 585 586 587 588 589 590 591 596 598 606 607 
608 611 613 614 615 617 619 620 628 637 638 639 
642 645 646 648 657 663 664 665 668 670 676 682 
684 687 691 695 696 698 701 702 704 707 711 713 
722 726 728 733 735 746 747 749 751 756 758 763 
765 772 777 778 789 792 793 794 795 797 
239
2 6 8 9 11 29 35 38 44 45 49 57 
58 61 68 70 73 75 80 81 84 86 90 96 
97 98 103 104 106 107 110 114 115 116 118 121 
123 124 132 135 136 138 141 143 146 147 151 152 
153 154 157 159 166 167 168 172 181 182 188 189 
198 199 201 205 208 212 214 215 220 226 236 237 
238 248 249 251 255 256 258 267 269 271 274 275 
279 288 294 297 301 305 312 314 315 317 319 322 
323 325 329 330 331 332 335 339 342 344 349 350 
361 366 370 371 373 375 389 391 392 394 398 404 
407 410 411 418 420 424 426 429 433 438 443 446 
450 453 455 461 463 470 471 474 477 478 481 482 
487 490 492 493 494 495 499 505 509 517 518 524 
525 530 533 537 538 539 543 548 554 556 561 562 
564 565 566 570 571 577 592 598 599 601 604 607 
611 615 616 617 620 626 631 634 639 643 650 651 
654 664 665 668 669 671 676 680 683 684 685 692 
697 701 702 703 704 706 707 710 711 713 715 717 
718 721 723 728 739 740 744 749 750 751 753 761 
764 770 772 774 779 785 787 790 791 793 796 
202
11 15 17 21 25 26 34 43 44 46 47 49 
51 52 59 61 62 66 68 71 72 74 80 82 
87 90 91 99 105 109 111 121 122 125 126 128 
129 131 135 144 147 149 151 162 166 169 173 182 
188 189 190 193 194 195 196 199 208 213 218 228 
244 255 263 267 270 271 277 279 295 296 297 308 
311 312 313 316 317 320 321 323 327 330 331 339 
345 347 348 356 360 361 365 372 374 381 384 388 
397 402 403 408 410 417 423 426 433 434 438 441 
443 447 449 453 456 457 461 465 469 472 474 480 
490 492 494 497 499 501 507 508 511 513 519 522 
524 545 546 552 554 555 558 560 562 572 581 582 
596 598 599 601 613 625 627 628 629 633 637 638 
640 641 643 644 653 657 662 664 665 668 671 672 
675 676 677 682 686 690 692 694 704 713 714 723 
725 730 731 739 740 748 750 761 763 769 770 776 
777 778 779 780 787 788 793 795 796 800 
241
6 9 13 18 20 21 24 25 29 30 32 33 
35 36 38 39 47 49 50 54 55 56 57 59 
60 67 69 75 78 82 83 85 90 95 97 98 
100 104 106 107 109 110 121 130 134 139 145 146 
151 156 161 164 167 169 171 172 176 177 178 179 
180 182 183 186 188 190 193 199 205 211 214 218 
220 222 223 224 228 230 233 241 242 245 251 257 
263 265 269 272 279 280 286 295 298 301 306 307 
311 315 316 320 325 329 330 332 341 344 346 354 
356 359 363 368 370 374 375 381 382 390 391 393 
396 398 406 410 411 416 419 421 425 429 430 434 
437 441 443 447 448 449 452 457 460 462 463 464 
467 468 477 483 484 485 502 503 504 506 510 512 
523 524 528 529 531 535 537 541 546 548 552 553 
556 557 558 560 564 569 578 582 587 591 597 600 
603 604 605 609 610 613 615 617 620 621 625 626 
628 634 639 640 643 649 650 651 656 660 672 688 
691 693 695 700 704 708 709 711 723 727 728 729 
730 731 732 735 737 739 741 746 747 750 755 756 
761 763 766 770 771 774 778 781 784 789 791 797 
799 
231
13 21 24 26 27 30 34 36 45 46 47 51 
52 54 56 59 60 63 73 75 76 79 81 84 
91 99 100 102 110 113 118 119 120 126 128 131 
134 141 143 144 150 157 160 162 167 169 171 173 
178 180 191 196 200 204 205 207 209 212 214 216 
220 221 222 229 230 232 237 240 246 248 249 254 
256 258 260 271 273 286 287 289 291 294 296 297 
298 302 303 309 311 314 317 323 329 335 338 339 
342 356 357 360 361 364 369 382 384 385 389 393 
396 399 403 416 420 422 424 428 429 431 433 435 
440 442 446 448 453 457 469 471 472 476 477 479 
484 487 489 493 495 500 503 505 511 515 520 521 
523 524 528 532 533 544 547 548 553 554 559 562 
563 569 574 575 577 578 580 584 585 587 589 595 
597 600 606 611 612 613 616 617 620 621 626 628 
634 637 639 642 644 653 657 660 661 663 664 666 
669 670 680 682 683 687 689 693 705 712 714 715 
717 718 722 725 726 727 731 732 734 737 740 741 
742 751 755 761 763 764 767 770 772 778 782 783 
790 794 797 
232
3 4 8 12 14 16 19 23 29 36 37 40 
43 44 45 49 51 53 54 61 63 65 68 71 
74 76 79 85 86 90 94 96 98 99 104 106 
109 110 114 117 119 125 126 129 130 134 136 138 
143 146 157 161 168 174 180 186 190 192 193 196 
197 198 199 205 211 223 224 226 228 230 231 239 
241 246 247 256 258 259 266 268 271 272 275 284 
287 295 302 304 306 308 311 313 321 327 333 336 
338 339 343 344 345 347 357 358 363 371 372 373 
374 376 380 383 385 389 390 391 400 403 404 409 
410 412 414 416 417 418 419 426 427 432 433 435 
437 445 446 452 453 454 456 459 462 472 474 475 
476 488 491 497 506 507 511 512 517 521 522 533 
536 542 552 559 563 564 565 567 569 570 574 582 
583 592 593 594 595 599 603 604 609 610 615 617 
621 624 627 629 635 638 641 643 644 645 662 665 
670 671 675 679 680 682 685 687 689 695 696 703 
706 708 713 714 720 729 739 745 746 749 751 752 
759 766 771 774 775 779 784 785 787 788 789 791 
792 793 795 798 
256
4 5 15 16 21 23 24 31 38 40 41 43 
47 51 53 54 58 60 66 67 69 76 78 79 
84 86 92 93 94 101 102 105 114 116 117 118 
120 124 126 127 128 129 131 134 137 141 147 152 
153 154 156 161 163 164 165 169 174 177 183 187 
188 189 191 192 197 203 211 216 217 219 221 223 
225 228 229 231 235 236 237 247 248 253 255 256 
258 260 262 268 270 272 274 276 283 284 293 294 
295 296 297 299 301 303 308 315 321 326 329 330 
331 333 336 339 341 343 344 352 355 357 360 361 
363 367 368 370 372 375 378 383 387 388 391 393 
397 398 399 401 403 405 408 410 419 422 423 425 
428 429 430 434 436 439 440 443 444 447 452 453 
454 458 463 465 476 480 483 485 489 491 493 505 
520 524 526 532 535 536 540 541 547 554 559 566 
568 573 578 579 583 585 586 590 591 594 605 609 
610 614 620 621 622 624 625 630 631 635 637 638 
647 649 651 652 653 654 662 663 671 674 680 684 
685 687 694 695 702 704 705 707 708 709 716 723 
726 727 732 735 740 741 743 745 748 754 755 756 
757 760 763 765 768 772 773 774 780 781 783 787 
789 796 798 799 
216
1 2 10 11 15 21 24 29 37 38 66 72 
82 84 93 101 110 115 118 120 122 127 128 130 
138 144 145 151 163 168 171 173 176 178 180 183 
185 190 192 195 210 215 216 217 221 225 227 235 
238 241 248 253 257 260 262 270 271 279 281 284 
285 288 289 292 299 302 309 311 312 316 317 321 
324 328 333 335 342 343 347 351 353 354 361 363 
364 366 370 373 379 380 381 383 390 393 396 400 
404 406 409 411 413 414 417 418 422 433 438 440 
443 444 446 448 449 450 456 464 468 471 472 477 
483 484 491 497 501 505 507 508 510 511 516 517 
519 524 525 526 528 533 535 536 538 540 541 549 
550 551 552 557 561 564 571 573 575 577 579 581 
584 590 597 605 614 615 619 620 623 629 634 641 
642 644 645 648 659 660 662 666 668 671 679 681 
685 690 694 697 703 704 707 710 711 713 715 716 
722 723 726 728 735 736 739 740 744 746 748 750 
751 753 760 767 769 771 772 779 780 781 783 793 
236
4 5 9 10 13 15 19 23 24 34 36 40 
41 44 45 47 48 50 53 54 55 57 61 66 
74 77 82 84 88 91 92 98 113 117 118 122 
129 130 138 139 141 144 146 147 151 152 155 158 
159 166 170 171 173 175 176 177 180 187 188 190 
194 195 198 199 201 208 214 216 221 224 226 227 
229 231 232 234 243 245 249 250 252 253 259 260 
261 263 266 268 273 274 276 278 279 283 285 286 
291 292 296 297 299 306 309 315 316 320 323 331 
332 337 350 353 355 362 366 370 371 374 376 381 
382 392 399 402 405 409 413 414 418 419 421 428 
443 448 452 453 461 462 471 472 477 478 483 484 
486 488 490 491 494 496 498 520 521 527 528 529 
530 538 540 541 544 548 549 555 557 558 560 562 
566 567 569 579 580 581 584 586 590 593 600 604 
605 608 612 615 617 618 620 622 625 626 634 636 
638 645 647 650 658 659 661 666 667 669 670 672 
674 675 676 678 681 682 683 686 694 696 706 708 
711 712 727 728 735 736 738 751 755 756 757 758 
762 763 765 781 788 789 794 797 
245
3 4 6 9 12 13 20 21 24 25 28 33 
35 38 45 48 50 52 57 62 64 67 71 74 
78 79 81 82 85 86 87 88 90 103 106 109 
117 119 127 130 139 142 144 146 147 150 153 159 
168 171 172 173 177 178 179 180 181 187 200 201 
203 205 212 222 225 226 227 233 243 247 250 251 
253 254 258 264 268 271 272 273 275 278 279 287 
291 295 298 302 305 306 308 310 311 313 316 318 
319 321 322 324 327 338 339 340 341 342 348 349 
352 357 358 359 360 366 368 371 374 376 377 382 
383 388 390 392 403 405 406 414 420 422 423 424 
428 429 430 431 433 434 438 442 448 453 454 458 
460 461 463 464 467 473 476 481 482 485 495 500 
503 506 509 510 513 515 516 519 525 526 529 530 
533 541 548 554 555 558 560 561 564 565 571 575 
576 590 592 594 598 599 603 606 614 615 616 617 
618 619 622 627 628 631 633 634 637 638 657 658 
665 667 669 675 677 680 684 691 694 695 696 699 
700 702 703 704 709 711 713 714 715 721 725 726 
727 736 745 747 749 751 754 757 760 764 770 771 
775 780 791 792 797 
241
2 5 12 14 15 17 22 31 34 35 37 38 
43 44 46 49 51 55 56 60 61 71 73 77 
82 83 85 87 92 96 100 103 105 107 110 114 
118 120 121 129 131 136 141 143 145 146 147 156 
160 162 163 169 173 176 178 184 185 192 193 195 
196 197 198 199 201 206 207 210 211 214 215 220 
225 233 235 236 243 244 246 253 257 260 261 263 
270 272 273 274 277 278 283 286 287 290 291 297 
299 300 305 306 307 309 316 317 323 324 329 335 
336 337 345 346 347 348 350 351 352 353 354 356 
357 359 361 364 367 380 384 385 387 388 389 394 
409 414 428 429 431 432 435 437 451 456 458 460 
461 463 470 472 477 483 487 492 494 496 503 504 
514 515 517 519 524 526 534 535 540 541 545 546 
549 554 559 564 577 579 590 591 592 597 606 610 
614 615 616 621 625 627 628 634 645 647 650 654 
656 658 661 662 663 670 675 680 683 684 686 692 
695 701 703 705 711 712 713 714 718 721 723 729 
730 731 740 741 742 749 753 755 757 760 763 765 
766 767 769 770 773 774 776 777 778 785 788 794 
797 
250
2 6 8 14 17 20 21 23 24 26 31 32 
38 42 46 51 55 59 61 66 70 72 79 82 
83 85 86 87 89 90 93 94 96 97 98 106 
117 119 120 122 123 124 125 127 128 130 136 138 
139 140 141 142 143 145 153 154 159 161 162 168 
169 173 175 179 182 185 192 193 196 199 201 209 
216 218 227 231 235 236 238 240 242 243 244 247 
249 250 254 255 257 259 266 267 278 280 283 286 
290 292 295 296 301 304 307 316 320 325 327 331 
334 339 340 343 348 350 353 358 368 374 375 378 
383 386 388 392 393 396 398 405 410 411 418 419 
432 434 436 439 442 446 448 450 451 454 456 458 
460 465 468 469 475 480 481 493 499 500 501 504 
509 510 511 517 518 519 522 534 536 537 539 540 
541 543 548 549 553 556 557 562 564 566 574 577 
578 579 580 581 598 599 600 601 603 604 606 613 
615 628 629 631 633 635 639 640 641 642 645 646 
650 653 657 659 660 662 665 668 673 675 678 681 
686 689 691 692 696 700 703 707 710 711 715 727 
733 735 739 742 747 748 750 752 754 758 761 762 
770 773 774 775 776 778 782 789 793 797 
229
4 7 8 9 12 16 19 20 22 25 26 27 
30 35 39 40 44 56 58 61 64 65 69 73 
78 83 86 93 98 104 105 113 120 122 125 127 
128 131 134 140 141 143 144 146 147 148 155 156 
162 166 171 176 185 187 196 197 199 215 216 220 
226 230 234 239 240 241 246 247 250 252 253 256 
259 262 269 271 272 278 279 283 287 291 293 296 
298 307 312 315 316 319 321 324 325 327 338 345 
351 358 359 361 367 368 371 372 373 375 380 381 
386 388 389 391 398 403 404 406 410 413 415 419 
432 434 437 439 442 444 452 459 465 468 477 480 
481 482 483 488 490 492 497 498 507 508 511 518 
519 528 531 535 540 545 549 550 552 563 564 565 
567 568 570 586 587 590 593 596 598 601 602 608 
610 613 629 630 631 643 646 651 652 654 661 662 
664 670 671 672 678 682 684 685 687 688 691 695 
697 699 700 704 705 710 713 714 717 718 719 721 
731 740 741 744 749 750 753 754 758 759 760 762 
763 766 767 771 773 777 778 779 783 785 786 788 
797 
242
3 11 12 18 20 29 35 37 41 42 43 48 
50 52 55 58 66 67 70 72 74 80 83 84 
85 87 89 91 92 93 108 109 111 118 123 124 
125 126 129 136 141 143 148 151 153 154 164 168 
174 175 185 187 189 193 194 197 199 200 206 208 
209 210 211 213 214 218 223 226 228 243 244 251 
255 262 265 267 268 274 276 277 278 283 285 286 
287 288 294 295 298 303 304 311 313 315 317 319 
323 325 330 331 332 337 338 339 344 346 353 354 
359 360 363 364 367 368 369 371 372 374 378 382 
384 386 390 393 395 402 409 410 413 415 416 418 
419 421 422 429 430 434 438 445 451 457 467 471 
479 487 492 494 496 506 513 519 521 524 525 530 
535 537 544 545 546 560 567 568 569 571 578 579 
581 582 583 584 586 587 588 592 597 598 601 604 
606 607 609 610 613 627 631 637 638 639 646 648 
652 653 659 660 664 667 668 669 670 674 679 680 
681 683 688 690 694 695 702 705 707 713 714 716 
724 728 733 735 737 740 744 747 748 750 755 759 
765 770 778 780 781 782 783 785 787 790 791 794 
795 800 
225
9 13 15 21 22 33 36 37 38 39 45 48 
49 50 52 53 56 58 60 65 69 71 84 87 
90 96 103 114 116 119 121 123 125 130 141 143 
146 149 153 155 157 158 167 173 184 185 187 188 
192 194 196 198 201 216 218 222 223 230 236 249 
252 253 257 260 261 263 268 271 273 282 286 287 
291 299 300 302 305 308 323 326 332 334 335 339 
341 350 351 353 355 356 366 369 370 378 384 397 
400 404 405 407 409 418 425 427 428 431 432 439 
440 444 445 448 453 454 455 457 461 463 465 466 
467 468 469 470 483 484 488 492 496 502 505 506 
513 514 515 518 521 522 524 527 534 536 537 539 
540 552 553 557 559 563 565 569 575 579 582 584 
588 591 593 598 601 602 606 615 616 619 620 623 
624 626 630 633 635 637 640 642 645 647 648 661 
662 665 666 674 677 678 679 681 683 686 687 689 
690 693 697 698 700 701 702 704 709 712 718 734 
736 743 745 746 747 749 753 756 757 763 764 769 
773 781 782 783 785 787 791 794 798 
240
6 12 14 22 23 25 26 28 29 30 34 36 
42 44 45 51 52 57 59 63 67 70 76 79 
80 86 88 95 97 98 105 110 112 113 122 125 
127 129 130 133 139 141 150 157 158 163 165 175 
188 189 198 199 201 202 203 205 214 216 219 224 
225 226 228 231 234 241 243 244 251 253 257 258 
262 267 268 269 272 274 276 281 285 287 289 297 
300 301 302 304 306 307 313 314 315 316 320 327 
329 332 336 341 343 345 352 358 360 361 363 364 
365 379 381 382 383 384 387 389 391 393 397 398 
400 406 407 411 412 413 415 416 427 429 430 435 
438 439 441 444 446 456 463 464 465 468 477 478 
480 485 486 489 490 492 496 497 501 508 511 512 
515 522 523 525 529 532 533 538 539 541 544 546 
547 548 550 551 557 561 564 568 571 577 578 582 
586 589 590 591 596 602 610 611 612 613 615 618 
622 626 635 639 640 643 653 654 655 657 662 664 
666 670 673 674 684 688 690 692 696 701 703 707 
710 713 715 716 724 727 728 729 732 744 746 753 
755 758 762 765 772 777 782 784 794 795 796 797 
235
3 6 7 9 11 12 17 18 20 24 25 26 
27 30 32 35 37 38 47 48 50 55 64 66 
70 77 84 85 88 89 94 101 103 106 116 117 
122 124 129 134 135 140 141 142 149 151 152 154 
160 167 168 169 182 183 185 187 194 205 211 212 
218 221 223 227 229 232 233 236 240 247 249 254 
255 256 257 260 263 270 272 273 282 286 292 303 
304 305 307 309 310 312 314 316 317 326 330 332 
334 338 339 340 341 357 358 360 365 369 370 378 
379 382 386 396 404 406 408 410 417 421 428 429 
430 433 437 440 443 445 453 454 455 457 458 459 
461 472 473 474 481 484 488 492 494 495 498 499 
504 505 506 508 509 512 518 523 528 530 532 533 
537 540 545 550 555 558 560 572 575 580 586 589 
592 594 596 597 601 602 609 610 612 615 618 630 
634 635 641 644 646 664 671 673 674 675 681 682 
683 686 687 690 691 693 695 698 701 703 704 705 
715 716 719 725 731 736 744 745 750 753 755 757 
758 760 761 762 766 768 771 772 774 775 776 781 
785 786 789 792 793 796 797 
255
1 2 6 9 10 11 12 14 15 22 24 27 
30 56 63 69 70 72 75 76 77 80 82 87 
88 92 96 99 101 103 110 116 119 120 123 124 
130 132 133 140 142 160 162 171 173 180 181 183 
187 189 190 192 193 195 196 199 201 205 213 214 
215 217 219 223 225 226 231 232 236 247 248 249 
255 258 262 265 266 269 271 274 280 286 293 295 
296 298 301 303 304 306 308 313 319 323 324 325 
327 330 339 344 345 348 350 352 353 354 355 356 
357 360 363 365 369 375 380 383 386 387 390 398 
399 404 406 408 410 419 420 423 426 428 431 432 
433 434 438 439 441 444 445 448 451 452 456 459 
461 464 466 469 470 485 489 491 492 493 494 500 
507 508 510 513 518 520 521 531 533 535 536 537 
538 539 541 542 543 544 548 549 552 556 561 565 
566 567 572 573 575 576 579 585 586 588 591 593 
599 600 601 611 618 619 621 622 630 631 633 640 
643 644 648 654 664 666 669 676 680 681 683 686 
689 694 698 699 700 703 708 711 713 715 716 718 
719 724 735 736 738 739 743 745 747 748 750 754 
757 764 767 769 773 775 781 783 784 785 786 787 
791 795 797 
241
4 6 12 13 19 21 22 27 32 33 35 37 
39 41 48 51 53 58 59 60 65 66 67 71 
74 75 76 80 82 93 96 97 105 106 108 117 
123 127 130 131 137 138 142 143 146 150 151 153 
160 162 163 169 171 175 176 186 187 201 202 210 
218 219 221 225 228 233 236 238 243 246 248 252 
256 259 260 262 271 272 277 278 282 287 290 291 
295 296 299 300 305 306 307 311 313 314 327 328 
329 330 331 333 334 336 339 341 344 345 347 348 
349 351 358 361 363 365 369 371 372 380 384 386 
390 391 392 395 396 398 400 404 409 412 418 419 
420 421 423 426 431 434 437 442 443 448 454 455 
459 460 461 462 463 466 468 470 475 477 479 481 
483 491 496 498 500 509 512 520 522 523 525 530 
534 543 544 550 557 559 566 567 577 578 587 588 
589 590 596 599 605 614 618 630 634 638 640 645 
646 648 650 651 654 656 660 661 662 664 669 671 
676 680 696 697 707 709 714 715 717 721 723 726 
728 731 732 740 741 742 743 747 749 751 761 763 
766 767 768 769 770 771 781 782 788 789 791 795 
797 
210
1 4 7 20 22 25 26 28 32 33 35 36 
40 44 46 55 57 61 65 66 73 78 80 89 
95 101 102 104 106 115 117 122 123 124 125 127 
128 132 137 140 143 148 153 155 156 157 158 159 
160 161 162 168 170 173 174 182 185 186 187 196 
197 205 206 208 219 221 230 235 236 239 242 243 
245 257 260 278 279 283 284 296 297 300 304 311 
323 325 327 331 335 337 339 340 341 343 345 350 
354 356 359 363 366 368 374 376 378 380 388 390 
391 410 415 421 423 425 427 438 444 451 454 456 
457 467 471 475 476 480 482 484 488 492 497 508 
509 520 521 522 525 528 530 531 533 536 537 541 
549 550 554 558 565 570 576 579 585 586 590 593 
594 600 601 604 605 611 617 623 627 628 632 638 
641 644 645 646 647 648 650 652 655 676 679 683 
688 693 704 705 706 708 709 712 713 716 719 721 
722 725 727 734 744 749 756 759 760 761 762 764 
771 774 781 784 794 799 
247
4 6 8 9 10 20 25 27 31 34 41 45 
46 52 62 63 65 66 68 74 75 76 77 78 
79 80 81 86 88 90 97 99 104 106 112 114 
116 121 128 129 132 133 135 137 141 142 144 149 
152 160 162 163 166 171 173 179 184 195 197 198 
203 208 213 214 223 231 233 242 243 258 259 270 
276 279 281 282 285 286 287 291 292 295 303 309 
310 316 319 320 322 325 330 333 338 342 348 349 
351 353 359 360 361 367 368 371 375 377 380 384 
393 394 395 396 400 401 403 408 409 410 416 420 
421 425 427 429 438 442 443 447 448 449 450 452 
454 459 465 469 470 471 477 479 480 482 484 486 
488 490 491 494 502 504 505 506 508 509 510 513 
522 524 530 531 534 537 541 542 545 550 553 555 
556 559 561 562 563 575 580 583 585 586 588 595 
597 602 603 605 608 610 613 615 623 629 633 640 
641 642 643 645 646 652 657 658 661 662 664 668 
671 677 678 681 683 685 688 691 693 695 699 705 
711 714 715 717 720 723 724 726 730 734 736 738 
744 749 753 757 758 762 763 768 776 777 778 780 
786 788 789 790 793 794 800 
225
10 13 15 18 19 22 23 24 31 32 35 36 
39 44 45 46 48 50 53 54 57 58 59 62 
67 68 71 80 81 92 94 95 99 104 109 113 
120 121 124 125 128 129 132 134 145 149 150 153 
157 162 163 165 168 172 175 177 179 182 185 187 
193 199 200 203 204 205 209 211 213 215 219 227 
230 235 236 244 248 249 253 257 258 261 264 268 
271 272 276 279 283 289 291 292 293 298 303 305 
307 310 314 319 322 328 334 335 338 344 348 365 
368 371 372 373 375 378 380 387 402 404 413 417 
424 425 434 435 436 440 445 447 448 449 451 452 
457 458 460 462 464 478 479 481 483 484 485 487 
488 492 493 501 503 507 509 510 511 512 514 518 
520 522 528 530 534 535 537 538 543 548 550 558 
559 560 561 565 569 570 573 576 577 580 586 588 
590 595 598 602 606 611 612 620 633 649 655 656 
659 665 677 678 680 686 687 697 702 703 704 716 
718 730 732 733 740 741 747 753 754 763 765 767 
769 770 772 774 787 792 793 797 800 
249
2 5 6 10 12 13 15 16 17 20 27 28 
31 32 33 40 41 46 53 55 59 62 66 73 
78 80 82 83 84 90 92 95 97 109 114 115 
118 121 126 128 132 133 134 138 141 142 146 154 
158 160 166 167 169 171 173 175 177 182 184 189 
193 194 195 196 202 203 206 208 209 210 212 242 
244 246 251 257 259 264 265 266 279 283 285 286 
287 288 292 293 295 299 306 307 309 313 314 316 
317 318 321 330 331 335 336 339 350 353 356 359 
361 363 367 369 376 377 378 386 387 389 396 402 
408 409 410 412 413 414 417 421 427 433 440 445 
449 451 453 454 457 458 460 465 471 474 475 481 
483 484 485 487 488 490 494 498 504 513 514 515 
519 526 529 530 531 550 551 552 553 555 560 562 
564 568 570 571 573 575 576 577 579 581 583 584 
586 588 590 591 593 594 596 601 604 608 612 615 
622 627 633 634 635 638 640 641 645 649 650 654 
655 662 665 669 670 679 682 685 689 690 692 694 
695 696 698 699 700 702 703 705 709 710 712 719 
722 723 726 730 731 735 740 744 745 747 752 755 
758 766 771 772 780 787 791 792 794 
259
6 10 14 29 31 37 38 42 44 46 49 54 
56 59 61 63 64 65 66 74 75 77 83 89 
92 98 102 104 105 106 110 113 114 115 118 121 
123 124 126 128 129 131 133 135 139 141 144 145 
146 155 156 159 163 166 169 170 171 174 175 183 
189 191 199 201 204 206 213 215 217 219 220 222 
230 231 236 237 239 240 241 243 244 245 248 249 
254 255 261 263 264 270 271 272 275 280 283 284 
286 287 292 296 297 310 314 317 319 324 327 331 
332 335 340 352 357 358 361 363 366 368 370 371 
372 377 379 380 383 385 394 395 396 397 398 400 
404 405 407 413 414 421 427 428 430 434 435 441 
442 443 444 446 447 449 451 457 462 469 470 474 
476 478 479 481 482 483 486 507 508 514 515 517 
518 519 520 525 527 529 530 531 532 538 543 549 
550 553 557 559 562 567 570 571 574 577 581 585 
589 593 596 599 604 606 609 619 621 622 625 631 
632 636 637 646 647 651 652 655 656 658 660 661 
663 664 665 666 667 669 670 672 673 677 678 683 
684 686 687 689 707 711 712 717 719 722 723 724 
728 730 736 737 738 740 741 744 750 755 756 772 
776 780 784 785 793 795 800 
265
3 6 7 9 12 15 16 17 18 20 21 23 
24 28 30 32 33 40 41 44 48 53 56 60 
61 66 71 73 74 79 84 86 89 91 92 93 
95 98 105 112 117 122 125 126 129 134 137 140 
145 147 148 157 160 161 162 163 164 167 169 177 
180 181 183 185 191 194 196 201 206 207 209 211 
212 217 220 223 227 228 230 231 232 234 238 240 
242 247 250 254 255 258 260 266 268 270 273 274 
278 285 286 288 289 296 297 299 301 305 317 318 
328 329 330 333 335 338 339 340 342 344 345 346 
349 350 351 359 360 361 367 369 372 374 375 376 
377 380 382 386 391 392 395 398 400 401 402 404 
410 411 412 415 420 437 438 440 444 448 457 459 
461 466 469 471 472 474 475 481 484 489 491 494 
500 501 504 506 507 510 515 516 519 524 525 530 
531 535 543 544 546 547 548 553 554 556 557 565 
570 575 581 586 590 593 595 597 598 599 606 607 
611 627 629 632 640 642 644 647 650 651 655 657 
658 659 660 662 665 667 670 672 676 678 685 692 
697 700 701 708 711 715 720 724 726 728 729 731 
732 734 735 736 738 740 743 744 747 748 749 754 
755 763 764 767 773 774 775 777 782 784 786 794 
796 
239
9 16 17 18 19 24 25 30 33 39 41 42 
43 45 48 49 55 60 65 68 69 71 74 75 
80 81 92 100 103 104 112 116 120 121 122 123 
124 126 127 132 133 136 139 143 145 148 151 153 
155 161 162 166 173 176 184 185 192 194 195 198 
203 205 208 215 220 221 224 225 228 229 237 240 
241 244 251 254 256 257 260 263 268 270 272 279 
289 291 296 301 302 303 304 305 306 309 314 315 
319 320 323 326 327 328 332 336 337 342 351 355 
357 365 374 376 392 393 394 395 409 411 413 414 
416 420 423 427 429 430 431 434 436 442 443 444 
448 450 454 456 458 462 466 473 475 477 480 490 
503 504 508 509 510 516 517 518 520 521 522 523 
526 529 530 534 539 540 544 550 551 552 555 560 
564 568 570 571 572 581 586 591 596 597 599 603 
606 615 620 622 628 630 631 637 647 648 649 651 
654 656 659 662 665 666 667 668 670 681 685 686 
687 689 694 701 705 710 716 720 722 726 728 733 
734 736 738 739 742 743 750 751 753 754 757 763 
768 774 775 776 778 781 783 788 789 790 792 
248
7 9 11 12 13 14 18 20 25 41 43 46 
52 53 55 56 57 58 60 63 65 67 68 72 
73 74 79 82 85 90 91 98 100 102 103 104 
110 113 118 126 135 136 143 144 148 149 151 155 
156 157 163 165 166 170 173 179 183 189 202 207 
210 211 213 214 216 218 220 224 225 228 235 238 
239 246 248 256 257 259 260 264 266 267 271 272 
275 279 282 284 285 290 292 293 295 302 305 306 
309 310 314 315 316 320 322 324 341 344 347 354 
355 356 357 363 368 371 384 386 387 390 393 394 
397 399 401 406 407 411 413 414 418 423 425 426 
429 436 439 440 444 445 447 448 454 458 462 464 
466 468 469 471 474 477 478 485 488 492 498 499 
504 506 511 515 516 517 519 526 527 530 532 534 
535 537 539 545 548 551 554 555 558 561 562 568 
572 575 576 577 583 584 588 590 592 594 596 597 
598 604 607 612 618 626 627 634 639 642 643 652 
653 657 660 661 664 666 667 669 674 678 679 683 
687 690 692 697 707 708 711 716 719 721 724 732 
733 734 743 744 752 754 757 763 770 771 773 775 
777 781 783 787 791 793 796 798 
247
2 3 4 5 10 15 18 19 23 27 29 31 
32 33 35 36 39 40 44 45 52 55 58 68 
72 76 85 87 88 89 91 93 99 109 111 114 
115 119 124 125 129 130 133 134 137 138 140 141 
149 150 153 159 165 169 170 173 175 179 184 189 
192 197 198 199 205 206 214 215 219 223 225 233 
237 244 246 247 248 251 256 257 258 260 261 263 
268 273 277 278 283 284 287 289 291 292 295 296 
297 302 305 310 311 312 315 320 321 324 325 326 
331 334 335 336 338 341 347 349 355 361 363 377 
379 380 383 385 386 391 397 398 405 410 416 421 
427 428 432 434 435 439 443 445 448 452 453 454 
461 466 467 471 476 479 484 492 498 499 505 506 
513 514 515 519 522 526 527 530 533 540 546 555 
560 567 571 572 573 582 583 584 585 586 589 590 
592 593 595 597 598 599 603 613 616 617 618 624 
625 626 631 634 637 639 645 648 650 651 654 656 
659 661 663 665 667 672 686 689 697 699 701 707 
712 716 720 721 725 729 733 734 736 739 741 744 
745 747 748 749 750 753 754 759 761 762 763 764 
772 773 776 785 788 793 796 
231
1 6 7 14 15 24 26 30 31 35 43 45 
50 51 55 58 63 67 72 74 76 77 79 86 
87 88 90 93 96 98 104 105 110 113 119 122 
129 138 141 143 144 146 153 154 159 160 161 165 
168 172 175 178 180 182 185 186 189 191 195 208 
209 211 214 218 223 224 230 232 233 237 239 245 
251 257 260 261 263 268 271 286 287 289 290 300 
305 306 310 311 313 319 333 334 339 341 345 354 
356 357 362 365 370 373 377 382 384 386 388 389 
391 393 394 397 402 405 409 410 414 416 417 431 
433 435 436 438 440 443 444 446 448 451 452 453 
458 461 463 464 466 467 469 471 475 476 481 485 
486 488 493 499 513 515 524 526 527 533 534 537 
539 540 545 547 548 550 553 554 556 562 565 567 
569 570 572 578 582 583 587 592 597 598 600 603 
606 609 610 612 613 616 621 626 627 628 632 638 
640 650 654 658 668 670 671 674 678 680 682 683 
685 686 687 689 691 692 694 700 704 707 713 718 
728 737 738 740 752 753 758 763 773 775 782 783 
785 797 800 
237
3 4 5 12 14 15 20 26 27 33 36 37 
38 49 60 61 67 71 72 73 75 79 83 85 
93 94 95 98 99 102 117 118 124 128 131 137 
142 146 147 148 149 152 154 159 168 170 173 177 
185 186 191 200 201 202 212 213 220 221 223 226 
228 229 230 237 240 242 246 257 258 266 272 275 
277 281 283 284 286 292 296 297 298 299 301 302 
305 306 308 310 311 314 315 317 322 334 343 346 
351 359 362 371 372 373 379 381 382 386 389 391 
399 400 406 407 409 415 417 420 422 423 424 425 
427 430 431 434 436 444 445 451 452 454 456 458 
460 461 466 471 476 477 478 485 487 488 492 497 
499 501 506 512 514 520 521 523 525 528 530 532 
533 536 539 540 541 542 544 546 549 550 553 554 
555 556 558 560 562 567 569 571 573 581 583 587 
593 595 596 599 602 605 607 610 611 616 618 619 
621 624 631 634 635 638 641 644 649 651 656 659 
660 661 662 664 666 670 671 675 676 685 690 696 
704 711 715 718 719 722 724 731 732 737 739 742 
752 755 761 772 773 777 782 795 798 
234
1 2 4 7 9 13 17 21 23 24 25 26 
34 35 43 46 47 48 54 61 62 64 66 69 
74 77 85 86 87 88 89 92 97 101 103 104 
106 107 113 114 115 125 136 137 140 141 145 148 
149 154 156 164 168 175 178 180 181 182 187 189 
194 197 198 200 203 204 206 208 218 221 245 253 
254 267 269 271 276 287 288 289 290 294 295 296 
299 303 304 306 317 319 321 322 324 330 331 335 
342 353 354 357 369 370 371 372 374 376 378 381 
383 392 393 395 399 400 402 406 407 408 412 413 
422 435 436 438 441 442 445 448 450 459 462 466 
471 472 476 480 484 487 489 500 502 510 511 512 
513 515 517 529 534 535 536 537 539 540 541 542 
543 547 550 563 569 570 571 572 576 577 578 581 
583 585 588 590 592 595 596 601 608 612 613 618 
622 623 625 629 631 632 640 641 645 656 657 661 
662 664 665 668 669 670 671 672 674 675 679 681 
684 685 690 694 696 701 706 707 711 712 720 725 
727 730 733 739 740 742 744 746 752 761 763 769 
780 787 791 797 798 799 
263
4 8 12 13 22 23 24 25 27 29 30 31 
34 37 38 39 55 57 68 73 75 76 78 79 
80 83 85 86 96 97 100 105 106 108 110 114 
116 120 121 124 126 128 132 135 136 137 146 152 
154 155 158 160 161 162 164 168 170 174 178 180 
187 190 196 197 200 204 209 211 212 215 216 217 
218 223 224 225 227 228 230 233 236 247 248 250 
257 261 264 266 267 271 276 277 279 280 281 284 
290 293 301 302 305 309 312 314 315 316 323 324 
325 326 327 329 330 332 333 341 343 345 346 348 
351 352 354 356 362 363 364 366 370 373 377 379 
381 384 385 387 391 392 399 402 403 404 407 411 
416 418 420 425 427 428 432 436 438 441 444 446 
447 453 457 463 464 465 468 469 470 473 477 478 
485 486 490 491 502 504 506 510 511 513 517 520 
525 528 529 531 536 540 541 554 555 557 561 565 
573 577 581 591 592 593 594 596 599 600 601 602 
603 605 609 612 614 618 619 622 626 627 628 629 
630 633 635 642 647 653 654 657 664 666 669 687 
690 691 692 695 697 698 699 701 708 710 711 715 
717 718 722 725 727 729 731 732 739 740 744 746 
752 755 767 773 778 783 790 794 795 799 800 
262
9 12 17 19 21 23 24 25 29 35 36 38 
39 40 41 45 49 50 51 56 57 64 65 66 
67 68 70 73 82 85 87 88 92 102 106 109 
113 119 122 125 127 128 129 130 131 132 137 138 
148 149 168 169 172 175 176 179 184 186 187 189 
195 201 202 212 213 214 221 223 225 228 229 231 
233 234 236 239 240 241 244 248 253 255 264 265 
266 268 272 275 276 278 287 289 290 292 293 297 
303 304 306 307 308 312 315 316 320 321 324 326 
327 333 337 339 340 346 348 349 351 352 353 360 
363 371 373 376 378 384 392 396 397 398 405 408 
409 419 424 426 428 431 433 436 437 443 446 447 
448 449 452 454 464 465 466 473 477 493 495 504 
505 506 510 512 515 516 518 522 523 525 526 534 
535 536 538 539 544 553 554 556 559 562 563 565 
566 568 571 572 573 575 581 583 584 587 588 591 
596 601 602 603 604 605 611 613 616 617 618 620 
624 628 629 633 634 635 638 640 642 643 647 648 
651 653 654 655 656 660 663 666 672 678 680 687 
689 693 694 695 697 702 703 714 721 724 728 730 
738 739 741 742 743 746 747 748 749 754 755 757 
758 762 766 773 775 777 782 783 784 790 
255
2 13 14 16 19 21 22 33 34 37 38 39 
44 48 53 55 57 58 60 62 63 66 68 71 
73 87 89 91 95 96 97 98 101 102 111 117 
121 122 126 127 130 134 136 138 139 143 144 146 
147 150 153 160 165 170 172 178 179 182 188 190 
196 198 201 203 206 208 209 214 215 221 224 228 
230 235 241 245 246 248 259 263 266 269 270 273 
275 285 286 289 293 297 298 300 303 304 305 308 
313 315 320 325 327 329 330 336 337 340 341 342 
345 346 347 351 352 358 366 376 378 379 383 387 
389 390 392 394 397 405 411 413 420 421 426 430 
431 432 436 442 446 450 453 457 460 463 465 469 
471 472 479 480 496 499 501 507 509 510 511 514 
515 517 519 520 527 528 530 532 533 540 541 549 
551 552 553 555 556 559 560 566 568 570 574 575 
576 577 579 587 590 593 594 595 599 600 604 606 
608 609 610 615 616 619 620 621 625 635 638 645 
646 647 653 654 655 657 665 668 672 673 678 679 
681 685 687 688 695 698 700 702 711 715 723 730 
732 733 739 740 741 749 752 758 760 761 763 767 
770 771 773 774 781 785 787 788 789 791 792 793 
794 795 797 
224
13 18 26 28 29 30 35 38 41 44 45 46 
47 48 55 60 62 63 65 71 78 82 95 97 
98 99 101 109 114 115 121 123 128 133 134 137 
138 143 148 149 154 155 160 161 169 177 178 180 
182 186 190 195 199 200 202 204 213 214 218 219 
221 226 227 228 230 232 242 243 244 246 247 248 
249 252 257 258 261 262 265 266 268 272 273 274 
275 289 293 296 297 301 309 312 314 327 329 330 
331 332 333 336 337 339 341 346 348 361 363 364 
366 371 373 374 376 378 380 381 383 395 399 400 
407 410 416 427 429 430 431 435 438 440 448 456 
462 464 465 472 474 477 478 479 485 486 499 510 
511 513 520 524 525 527 531 532 537 539 540 542 
544 545 549 550 551 554 557 558 560 566 571 572 
576 582 589 590 596 600 604 607 608 612 614 616 
617 620 622 627 633 635 644 645 650 652 660 667 
673 674 675 678 680 681 682 683 684 688 694 697 
703 704 706 711 713 722 724 729 731 733 737 738 
740 742 762 785 786 787 789 794 
230
5 6 7 9 19 21 23 27 29 33 36 46 
55 57 59 61 62 66 67 69 70 71 80 83 
84 85 91 95 96 99 101 103 104 107 118 121 
124 125 127 129 137 140 141 155 157 168 175 177 
180 184 185 186 188 189 193 196 201 207 208 212 
214 218 219 225 229 233 237 239 241 244 247 249 
252 261 269 270 271 272 275 279 281 282 286 287 
295 300 303 307 311 313 317 318 322 328 335 339 
344 347 349 350 352 355 367 373 377 379 384 391 
392 393 394 401 404 411 414 417 425 426 429 430 
433 434 435 441 442 445 448 449 451 453 454 455 
456 459 460 465 468 482 483 484 492 495 504 508 
512 513 517 519 526 527 529 532 534 538 539 542 
543 544 547 549 553 557 561 562 566 568 571 572 
574 578 579 586 587 590 592 595 598 599 601 607 
612 618 619 620 624 626 631 638 640 643 644 645 
652 657 659 669 671 676 679 686 687 691 693 695 
703 706 707 708 716 720 721 725 729 731 733 734 
735 740 743 744 754 756 761 763 764 769 792 793 
795 797 
246
1 3 10 16 18 20 22 23 28 30 34 38 
41 47 48 49 57 60 63 68 72 76 77 78 
80 88 91 94 100 102 107 117 122 123 124 130 
134 135 138 139 141 146 154 155 166 167 169 171 
172 174 181 182 183 186 190 191 193 197 204 207 
208 210 213 214 217 223 227 228 232 234 237 239 
243 246 247 250 254 259 260 262 285 289 293 295 
299 300 304 307 308 309 312 315 319 321 323 328 
330 332 333 334 335 337 339 341 342 344 346 349 
357 358 360 361 363 365 366 370 373 374 376 377 
378 379 381 385 387 397 399 402 403 404 405 408 
410 422 425 426 427 428 430 431 435 442 448 449 
450 451 453 454 456 459 461 466 468 474 478 479 
481 482 484 488 504 505 506 511 514 520 521 523 
528 544 546 548 550 551 552 554 555 557 558 559 
561 562 565 569 573 575 580 584 587 589 596 598 
605 608 609 617 634 642 643 648 650 658 661 662 
668 676 682 684 686 692 694 698 699 705 707 708 
714 718 719 727 728 734 738 739 741 742 745 749 
754 755 756 757 758 760 769 771 774 777 781 788 
789 790 791 795 797 800 
234
6 14 16 18 24 25 31 41 44 46 48 51 
61 62 75 77 79 82 84 86 92 93 98 101 
103 104 106 109 110 112 113 114 115 117 118 120 
121 127 129 132 138 141 142 143 144 147 151 153 
160 169 170 173 184 185 187 190 195 202 204 209 
217 223 229 231 232 233 235 239 241 249 257 258 
260 262 264 266 275 276 277 279 281 289 292 296 
299 305 306 309 310 314 315 316 319 328 334 335 
336 342 348 349 352 353 356 357 363 365 371 375 
376 377 378 382 384 386 389 390 393 398 407 413 
415 416 419 420 422 425 429 433 435 443 445 448 
449 450 451 458 462 464 474 475 476 479 480 484 
485 487 490 494 498 503 506 509 526 528 529 531 
536 541 542 543 544 553 562 568 571 579 580 586 
587 598 600 603 605 613 614 616 619 620 622 623 
625 632 633 637 639 644 650 655 658 662 666 667 
668 670 671 675 681 685 686 690 691 700 706 709 
713 718 724 725 726 727 729 731 735 736 741 744 
746 748 750 752 753 754 760 761 766 770 771 773 
776 778 781 782 789 794 
251
1 7 13 15 19 22 32 35 43 44 47 51 
53 55 56 57 58 66 67 73 87 88 89 90 
91 93 97 98 99 104 107 109 112 113 119 121 
122 124 127 132 134 139 146 151 154 161 163 173 
176 188 189 190 191 196 197 200 201 204 210 213 
216 223 224 229 230 233 234 238 243 254 258 261 
266 270 272 274 280 284 285 289 297 298 300 301 
307 310 311 313 315 319 320 322 324 330 331 336 
340 345 348 349 354 356 365 366 367 370 375 379 
380 382 384 385 387 391 401 408 410 411 415 416 
417 418 421 422 423 424 426 430 431 434 436 438 
440 442 443 446 452 453 454 456 458 463 465 466 
469 471 475 476 479 483 487 492 493 494 495 496 
499 502 503 506 509 510 511 512 514 520 529 531 
533 537 541 543 548 552 553 560 562 566 568 575 
576 578 580 583 585 587 590 592 594 597 599 602 
603 608 612 614 616 622 627 633 634 636 638 641 
642 643 651 654 655 659 664 666 668 670 679 682 
685 689 691 692 701 705 707 708 713 714 715 717 
719 721 728 729 733 735 744 751 752 753 754 757 
758 772 775 776 782 786 789 791 794 796 800 
255
9 14 17 18 19 23 24 30 33 34 37 40 
51 52 54 58 62 69 74 75 77 88 89 95 
97 100 102 103 112 115 118 122 125 129 134 139 
143 145 146 147 149 153 154 155 157 160 163 164 
166 167 172 196 199 203 204 205 208 209 213 215 
222 226 231 233 234 239 241 245 252 253 254 255 
259 263 264 267 273 274 282 285 287 293 294 295 
299 300 302 304 307 309 311 312 313 314 316 317 
320 324 327 330 331 333 334 346 351 360 362 364 
366 372 374 375 377 378 379 380 385 386 388 389 
393 395 398 401 404 406 410 418 423 424 431 433 
439 443 447 449 451 453 455 457 461 467 468 471 
478 481 484 487 489 490 493 494 496 499 500 502 
503 513 517 518 522 523 525 528 533 534 535 538 
540 548 552 555 557 565 566 567 570 571 573 575 
576 579 582 586 588 589 598 601 607 608 613 614 
619 621 623 628 629 631 633 636 639 641 642 645 
647 652 661 663 664 667 669 672 673 675 676 679 
681 682 686 689 693 696 698 702 703 708 714 716 
718 720 725 726 729 734 738 739 745 752 753 758 
761 762 763 767 768 770 773 781 785 788 790 791 
794 798 800 
239
1 3 7 10 16 17 19 29 39 40 42 47 
48 49 52 56 57 61 68 73 74 85 87 98 
100 103 104 105 107 108 109 110 118 122 128 129 
135 136 142 143 146 147 149 150 155 157 163 166 
167 168 177 178 179 180 189 190 191 193 196 199 
200 204 206 208 209 210 213 215 220 221 223 224 
227 232 233 237 242 247 251 255 256 257 259 266 
267 268 273 274 283 292 293 295 302 304 306 313 
316 317 320 325 329 331 334 335 345 346 347 352 
353 356 357 358 359 367 368 370 387 396 397 398 
409 411 416 417 422 430 432 433 439 444 450 455 
459 460 461 464 466 468 476 478 484 487 488 492 
496 505 509 510 512 515 516 517 520 521 522 525 
528 529 533 535 542 545 555 559 567 571 579 580 
582 584 589 590 591 595 598 600 603 606 607 610 
612 613 614 615 620 621 625 627 628 633 634 636 
646 649 650 652 658 661 663 666 667 670 673 675 
677 678 679 685 686 691 694 695 697 703 704 706 
710 715 722 725 733 735 737 741 742 747 758 763 
764 766 771 773 776 779 781 783 791 795 798 
248
2 6 8 15 16 17 19 21 24 25 27 30 
33 36 37 38 39 40 41 45 47 48 50 52 
55 56 60 62 63 65 66 71 72 73 75 76 
79 83 92 93 95 100 101 102 112 114 116 123 
125 126 141 147 148 163 168 173 175 177 183 186 
189 195 199 200 201 209 213 214 221 223 224 233 
244 245 249 250 252 254 258 261 264 268 270 271 
275 276 281 282 283 286 296 299 303 304 307 311 
313 319 321 324 325 326 329 330 331 332 335 341 
344 349 357 361 364 365 366 368 372 383 384 386 
387 389 391 407 409 415 419 420 423 429 435 439 
440 451 452 453 454 465 471 475 476 477 478 479 
482 486 488 491 492 495 498 503 504 506 507 508 
512 514 515 522 523 525 526 527 542 547 548 549 
551 554 556 563 564 574 577 578 582 585 589 592 
593 595 596 599 602 606 607 608 610 611 613 616 
620 622 626 627 631 632 633 637 640 641 643 644 
647 652 660 661 668 669 670 671 672 673 677 678 
679 684 685 688 693 705 706 708 712 714 720 723 
733 736 740 742 744 750 755 756 757 768 776 777 
778 780 782 784 787 795 799 800 
239
2 3 6 12 18 20 23 26 31 32 36 39 
47 51 54 56 59 63 65 83 93 94 101 102 
103 105 106 109 110 116 125 130 132 133 144 153 
155 158 160 161 163 167 171 180 183 184 186 187 
190 192 195 196 201 209 210 215 216 219 230 231 
234 249 258 259 261 266 267 273 276 278 279 281 
283 290 292 295 309 310 320 326 328 329 330 334 
335 337 339 342 345 346 347 350 352 355 365 366 
377 378 381 382 387 391 395 396 397 401 405 406 
410 411 417 418 421 424 427 434 437 441 446 449 
452 454 458 459 461 466 467 469 471 474 475 478 
480 483 486 489 494 497 501 516 522 523 524 526 
527 532 538 541 543 544 548 551 552 558 562 564 
567 568 576 577 579 581 588 591 593 594 597 598 
606 610 614 615 616 617 618 620 621 629 630 631 
632 633 634 637 639 640 641 642 643 645 647 650 
651 654 657 671 672 673 675 677 678 682 685 688 
689 691 697 704 705 711 713 715 717 718 722 724 
726 733 735 741 743 745 747 749 751 752 757 761 
763 765 766 772 773 777 778 784 785 789 793 
246
6 9 10 15 19 20 21 33 39 40 43 46 
49 53 59 61 64 68 70 75 76 87 89 90 
91 94 95 96 101 102 106 107 110 112 121 123 
126 137 140 142 147 154 158 159 161 164 165 166 
167 173 177 178 179 180 181 184 186 187 188 197 
199 203 206 216 218 223 225 228 230 234 237 238 
242 247 253 256 258 264 274 278 281 282 283 286 
289 290 294 297 304 305 308 309 320 321 328 330 
335 339 340 341 351 353 354 361 363 366 378 379 
383 384 385 393 394 396 398 401 404 406 410 414 
415 422 431 432 433 435 436 441 443 444 449 454 
457 460 462 463 465 466 475 477 486 488 489 490 
492 494 497 498 507 509 523 525 528 533 535 540 
543 545 548 549 550 552 553 557 558 559 560 561 
562 565 567 568 570 571 583 585 589 592 597 601 
602 605 607 609 617 619 623 631 632 634 639 641 
643 649 650 652 655 656 657 664 672 674 675 677 
678 680 683 685 691 692 693 696 697 700 708 709 
710 716 718 721 727 729 732 738 741 743 745 749 
757 758 759 761 765 768 775 777 778 780 781 786 
787 793 794 795 797 798 
212
2 4 5 6 9 15 16 29 30 39 41 51 
52 56 58 62 64 66 71 73 74 75 76 77 
78 84 87 89 94 98 99 102 106 112 117 119 
120 126 135 136 140 143 148 149 162 163 171 180 
181 185 190 192 199 200 201 202 205 208 210 213 
214 218 225 227 230 245 247 249 254 255 260 268 
274 275 276 277 279 288 298 301 302 307 308 315 
316 319 320 332 333 343 345 347 348 349 354 356 
364 366 374 376 377 383 384 385 387 389 391 394 
396 400 405 407 408 412 415 418 421 423 428 429 
430 432 434 438 439 441 450 453 457 462 465 466 
467 470 472 483 487 490 496 499 502 503 505 513 
515 522 526 528 530 534 535 542 543 557 558 564 
573 581 585 589 590 592 601 605 610 613 615 616 
619 631 633 637 638 642 651 655 658 660 661 665 
668 670 677 679 680 684 693 694 696 697 699 700 
705 710 716 720 724 727 730 746 757 761 765 766 
771 772 781 783 790 795 797 799 
253
3 12 18 19 21 22 24 32 33 35 36 40 
42 44 46 53 59 61 63 78 79 83 86 89 
90 91 98 99 106 113 127 128 131 136 138 143 
145 146 151 158 167 172 177 180 181 185 191 197 
200 201 209 210 211 212 214 216 217 218 219 220 
223 227 230 231 235 237 238 240 241 250 256 257 
259 264 268 273 275 292 293 297 298 302 303 307 
309 311 312 315 317 320 325 327 328 329 333 335 
338 342 347 350 351 353 354 355 363 366 367 368 
370 374 375 385 386 391 401 402 405 406 407 410 
413 414 423 424 425 426 427 432 433 435 439 440 
441 442 445 448 450 453 454 455 456 459 460 461 
462 464 468 469 471 473 480 483 484 486 487 488 
490 491 493 494 496 497 506 515 518 522 523 527 
528 532 534 538 541 545 550 552 553 554 558 560 
564 567 568 572 573 587 593 594 596 600 611 613 
616 617 618 621 624 627 628 629 631 634 635 636 
637 638 640 644 648 653 657 660 669 673 677 678 
680 682 686 691 697 699 700 702 710 713 714 715 
716 719 720 722 726 728 732 733 736 737 740 742 
745 753 757 765 769 771 772 776 780 786 788 791 
798 
235
2 6 9 10 19 21 24 26 30 38 40 46 
50 51 53 55 57 59 80 82 88 97 99 101 
102 105 120 127 132 137 139 142 146 147 148 154 
168 169 170 172 173 174 175 178 180 181 186 190 
192 194 195 198 201 205 208 210 212 215 222 223 
227 229 231 232 235 236 240 249 250 253 255 259 
261 262 264 268 269 276 281 284 286 289 291 293 
297 299 305 307 310 313 317 322 330 333 337 339 
344 345 346 350 354 356 360 361 362 368 370 372 
375 379 382 385 386 395 397 400 402 408 410 418 
422 432 433 437 439 443 444 448 452 455 457 458 
459 461 464 466 477 479 481 492 495 501 504 508 
511 513 521 525 526 528 531 537 541 543 555 558 
559 561 562 563 570 571 572 573 579 581 584 588 
589 590 592 599 602 606 618 621 623 624 626 631 
632 636 637 638 639 640 650 651 652 653 655 659 
669 670 673 678 679 681 683 685 692 693 697 703 
704 711 713 718 722 723 732 733 734 735 740 745 
747 748 749 753 754 758 760 768 770 772 773 776 
778 779 781 784 791 793 795 
228
2 7 15 26 27 29 33 37 40 41 42 44 
47 51 55 56 64 66 74 76 79 81 83 86 
88 90 91 95 96 99 105 110 115 117 119 121 
122 124 127 139 143 145 148 155 159 161 163 164 
167 169 170 171 174 177 193 200 207 208 209 212 
214 217 228 231 232 233 234 235 237 238 249 250 
252 254 260 264 269 273 274 278 281 283 284 292 
293 295 302 312 316 318 321 334 336 337 345 347 
348 352 355 362 366 368 373 375 380 385 398 400 
402 403 411 414 416 419 420 422 430 431 432 442 
445 446 453 456 457 458 470 471 473 478 481 485 
487 488 494 495 496 499 500 502 509 510 524 530 
536 539 541 550 554 562 572 574 575 582 583 585 
586 588 590 592 593 596 601 602 603 604 605 615 
616 622 626 629 635 638 639 640 641 644 649 650 
659 664 665 669 676 677 679 681 682 683 685 690 
691 697 698 703 704 712 713 716 719 723 724 727 
728 734 741 743 746 750 754 756 758 760 762 763 
765 766 768 769 775 783 786 790 792 793 796 799 
237
2 6 8 9 14 25 26 27 29 30 31 37 
42 46 48 52 54 63 64 65 73 75 84 85 
87 98 103 114 115 116 118 121 126 129 131 135 
139 141 143 148 149 156 157 161 163 165 166 170 
181 182 185 187 190 191 197 199 200 206 215 222 
228 229 230 233 238 239 243 245 255 263 265 266 
268 269 273 274 285 288 290 291 292 293 294 296 
311 317 318 319 326 333 340 347 348 350 357 365 
366 367 375 376 377 381 383 389 396 402 407 409 
415 417 419 420 427 429 435 437 438 440 442 446 
452 456 457 458 461 462 464 465 468 470 472 475 
477 483 490 491 495 501 508 510 511 514 517 520 
522 523 527 529 547 548 552 553 558 559 563 570 
571 573 576 580 581 582 583 592 594 597 599 602 
606 608 610 613 618 619 624 626 627 629 635 642 
647 648 650 651 654 656 657 660 664 666 667 668 
670 671 674 675 676 677 678 680 682 688 691 693 
694 696 697 699 706 708 709 711 716 723 729 733 
734 735 736 737 738 741 745 751 757 759 761 763 
764 770 771 772 783 787 788 798 800 
209
6 7 11 16 18 20 26 30 31 37 39 45 
51 64 73 77 78 81 82 83 91 97 100 101 
102 103 106 116 117 118 124 126 128 132 136 143 
145 146 147 148 151 158 159 162 163 168 182 189 
192 201 208 212 214 217 225 226 228 233 235 237 
242 250 255 257 260 262 263 268 275 279 284 290 
291 293 297 298 299 301 303 308 311 314 316 318 
319 320 323 324 325 328 331 336 337 338 342 345 
346 349 359 371 374 375 376 380 381 387 392 393 
394 395 403 404 407 408 409 419 420 423 426 429 
432 435 436 442 445 452 471 476 479 483 488 498 
499 508 512 513 514 516 522 535 543 544 549 552 
554 555 556 559 562 563 565 570 571 575 576 577 
578 584 585 588 589 594 598 602 607 612 614 617 
618 625 628 630 640 647 651 655 663 665 670 671 
679 680 683 684 687 689 694 715 717 723 728 735 
736 737 741 748 756 758 760 767 768 769 772 776 
779 789 791 795 796 
262
8 9 15 21 22 23 26 27 28 29 32 33 
34 40 41 43 47 49 53 54 64 66 67 70 
71 73 76 81 82 83 85 94 105 107 108 109 
111 116 118 119 121 123 125 127 131 133 139 146 
151 155 160 165 169 172 174 176 177 181 182 186 
192 193 195 198 204 205 208 209 210 213 219 220 
227 234 235 242 243 244 252 254 264 265 270 271 
273 274 276 280 281 284 295 297 298 300 301 304 
305 306 310 318 319 321 322 325 327 328 332 336 
340 342 343 348 355 359 362 364 373 374 380 381 
385 386 388 396 404 406 415 423 427 429 433 434 
436 440 441 443 444 446 448 450 452 461 472 475 
477 479 480 481 482 493 494 497 501 502 505 506 
508 513 515 516 517 520 521 524 531 533 538 540 
544 545 548 550 551 552 554 556 559 560 568 569 
572 577 578 587 588 590 592 594 595 596 597 602 
606 610 613 615 620 623 628 635 636 640 642 648 
649 654 655 660 662 664 666 667 669 674 678 680 
683 684 686 688 689 693 699 700 706 707 713 715 
720 723 724 725 726 727 728 739 741 743 744 749 
752 756 757 760 761 763 768 770 773 774 779 783 
785 786 788 792 793 796 797 798 799 800 
245
2 9 10 18 25 35 37 42 43 48 49 54 
61 64 65 66 69 76 79 80 81 82 84 87 
89 96 97 104 109 111 113 116 119 120 121 128 
133 135 136 139 148 151 158 160 161 169 170 171 
173 175 177 178 180 188 193 197 198 199 202 203 
211 212 216 218 219 229 233 237 241 242 252 254 
260 262 264 266 274 276 279 281 284 286 287 290 
295 297 299 300 304 306 312 316 317 320 322 328 
330 338 342 344 345 347 355 357 363 364 366 370 
375 377 382 385 386 387 393 394 396 400 401 409 
411 412 414 418 419 422 426 428 432 435 436 441 
444 448 450 451 455 459 462 464 469 471 472 473 
476 478 480 483 490 492 495 505 513 515 517 518 
520 521 522 524 525 526 529 532 535 539 542 551 
555 565 566 567 572 574 575 576 580 581 583 588 
591 600 603 605 615 619 623 625 632 633 637 639 
640 646 648 650 663 664 665 667 671 673 675 677 
684 686 689 691 693 700 701 702 706 710 713 718 
720 727 729 730 731 732 733 737 738 739 742 747 
749 750 752 755 760 764 766 770 773 774 775 780 
784 787 793 795 797 
249
5 8 11 13 16 18 19 20 23 24 29 32 
33 36 40 43 47 58 61 68 70 71 78 81 
83 86 91 92 95 99 101 104 108 109 113 114 
115 116 121 124 126 127 132 134 137 138 142 149 
155 157 160 161 163 164 165 166 169 178 184 186 
189 191 193 195 196 205 207 208 209 215 219 220 
226 228 230 232 234 235 236 238 240 247 255 264 
267 269 276 279 283 285 287 291 292 293 294 299 
300 304 308 315 323 326 327 328 329 332 333 335 
337 343 346 351 352 353 356 360 361 362 365 367 
375 376 377 378 379 389 391 392 393 394 396 401 
403 407 411 413 421 427 429 432 434 444 450 458 
459 462 463 464 465 468 469 470 475 478 481 482 
483 491 495 498 508 509 517 520 521 523 525 528 
529 531 536 538 543 546 549 558 559 569 572 576 
580 585 586 587 590 592 593 595 604 609 611 615 
616 617 619 622 627 629 631 632 643 647 648 649 
654 656 659 660 663 664 668 670 674 679 680 682 
685 689 693 694 698 699 701 702 707 708 710 713 
717 721 726 727 732 744 748 754 757 762 765 769 
770 773 777 781 782 783 789 791 797 
242
2 4 10 17 18 20 28 35 41 43 45 55 
59 65 80 82 85 90 91 96 98 100 110 111 
117 119 122 128 137 143 146 148 149 150 154 157 
160 163 167 168 170 171 173 178 179 180 181 189 
193 195 196 198 199 200 202 207 209 211 221 223 
229 230 234 238 239 242 244 246 257 260 262 274 
277 279 291 295 297 301 302 307 312 313 316 317 
320 322 326 328 331 335 345 346 352 355 359 367 
368 369 370 373 374 375 383 385 390 391 392 396 
400 401 402 403 408 411 418 421 422 423 424 426 
429 431 433 436 438 443 446 447 448 452 453 454 
459 460 461 465 471 473 474 479 481 483 492 495 
496 497 506 511 512 514 519 527 532 536 539 542 
550 554 557 563 564 568 572 573 574 575 576 579 
581 583 591 592 593 597 599 602 615 616 618 620 
622 628 632 633 634 636 639 640 641 642 644 645 
648 649 650 652 659 661 670 672 675 676 680 681 
682 683 689 692 693 698 702 709 710 712 714 718 
723 731 733 734 736 746 747 748 750 751 754 755 
760 763 772 773 774 777 782 783 789 790 792 794 
795 797 
226
5 7 13 15 16 19 21 22 27 29 34 49 
55 60 64 70 73 76 80 81 82 89 91 97 
99 100 101 108 110 112 120 121 124 125 135 139 
141 142 147 148 149 151 152 158 170 171 172 175 
179 185 187 190 193 194 202 204 206 210 212 213 
215 216 218 222 224 227 228 231 233 241 242 244 
247 256 260 265 268 270 272 277 278 281 289 290 
295 305 309 312 314 318 320 324 325 327 336 341 
346 349 350 351 357 358 361 362 363 364 367 368 
370 374 383 391 402 403 407 415 421 423 426 432 
436 437 440 453 455 458 460 461 465 467 469 471 
474 475 477 479 480 481 485 486 487 488 492 494 
498 500 505 506 509 511 519 523 528 529 534 540 
541 542 546 550 553 554 562 566 570 571 572 573 
578 579 583 584 594 597 604 609 619 622 623 625 
627 629 632 636 639 640 659 663 668 669 670 671 
672 676 679 686 691 693 698 704 707 709 715 718 
720 722 723 728 730 737 738 747 750 757 758 762 
769 774 778 780 782 788 789 791 799 800 
240
1 3 11 12 13 17 18 19 22 24 28 29 
35 36 37 38 39 40 46 49 50 53 54 56 
57 65 78 82 83 89 96 101 106 114 117 125 
127 129 131 132 133 136 141 143 161 162 164 172 
174 181 183 191 192 194 195 196 197 209 216 221 
222 226 233 235 237 238 240 244 246 249 250 254 
255 257 259 261 262 266 269 274 277 282 283 285 
293 295 305 307 309 311 313 316 322 323 325 329 
334 336 344 345 350 351 357 361 363 368 369 371 
372 373 375 378 379 382 384 387 390 393 396 402 
406 409 411 413 414 416 424 434 437 439 443 446 
447 448 459 461 462 465 482 483 485 490 492 497 
498 500 502 503 507 508 509 515 517 521 523 527 
531 533 534 538 542 543 544 545 546 552 564 566 
567 574 575 576 580 581 587 588 589 591 593 595 
603 604 605 608 610 613 614 619 623 628 629 631 
638 640 642 643 646 647 648 650 652 662 665 667 
668 670 672 678 685 690 691 694 698 701 702 707 
709 717 720 723 727 729 730 732 737 741 743 757 
760 761 763 769 772 776 778 781 782 791 792 795 
224
3 9 10 11 12 25 27 29 31 33 34 38 
39 42 54 56 62 64 72 74 83 86 91 95 
96 97 104 111 114 117 119 121 122 125 128 138 
142 151 155 156 158 161 169 171 176 180 183 187 
188 191 192 208 211 213 215 216 219 220 225 230 
232 234 235 247 250 253 254 258 262 264 266 267 
268 272 273 279 280 284 293 302 310 313 316 320 
321 330 332 334 340 350 356 360 363 365 367 369 
373 374 376 381 382 383 385 398 401 407 408 416 
417 421 425 426 430 433 434 446 451 452 456 459 
460 461 462 463 477 480 481 488 489 490 491 495 
499 500 502 512 514 515 516 517 519 524 529 534 
542 543 548 549 550 556 560 563 564 567 568 569 
572 573 578 580 583 593 594 595 596 600 603 604 
607 611 612 614 617 622 627 630 631 632 633 638 
639 642 657 658 661 662 665 669 671 673 677 694 
699 702 703 704 705 706 711 718 720 721 722 732 
735 738 744 745 749 750 753 756 759 760 763 764 
765 779 783 785 786 793 794 797 
236
1 8 13 15 22 23 30 32 36 37 38 40 
41 44 45 48 53 55 58 59 60 64 66 69 
73 74 76 77 86 91 102 103 104 105 106 108 
117 118 123 126 129 131 138 141 144 149 152 153 
154 155 159 164 176 183 186 187 188 193 196 202 
206 208 211 225 229 231 233 234 244 246 248 249 
250 258 266 269 270 272 273 277 284 288 294 300 
305 310 312 315 317 321 322 323 326 328 336 342 
343 344 346 347 352 357 359 362 363 364 365 368 
373 375 377 381 383 386 388 389 393 396 397 402 
411 416 421 423 424 426 427 430 435 444 446 447 
449 454 456 457 464 468 474 475 481 488 493 495 
496 499 503 505 511 514 519 525 526 527 538 543 
544 547 549 551 552 556 557 560 564 574 575 580 
584 585 592 595 598 599 602 605 609 611 615 620 
621 624 625 627 628 639 640 641 642 644 646 647 
652 656 663 667 670 678 686 687 688 690 694 695 
699 701 705 718 724 725 726 727 730 732 734 735 
740 741 742 748 749 750 765 766 773 775 777 778 
779 780 782 783 789 793 794 800 
230
5 7 9 10 12 14 16 19 27 28 30 42 
45 50 55 56 57 60 61 63 71 73 86 90 
91 94 97 101 111 114 117 119 125 129 131 132 
145 150 151 153 155 163 164 167 175 177 180 184 
185 190 194 197 198 200 203 206 213 214 215 216 
219 223 225 227 228 232 235 242 243 248 257 267 
268 271 276 280 284 288 289 295 298 301 303 305 
306 308 312 316 320 321 322 326 328 337 338 340 
341 344 353 357 359 363 364 365 366 369 370 372 
375 376 378 379 390 398 400 402 403 404 413 424 
438 456 458 461 465 467 469 475 478 480 486 490 
491 495 496 498 500 502 512 515 516 517 519 520 
521 522 523 524 525 527 528 529 531 532 533 536 
538 546 548 555 556 557 560 564 568 569 570 573 
586 587 589 590 594 598 599 604 606 608 612 614 
615 616 618 619 625 626 627 628 629 630 632 636 
638 639 648 649 652 654 655 668 671 675 684 685 
689 697 701 704 707 710 711 714 716 723 728 731 
732 734 743 746 749 752 757 761 767 770 779 780 
782 794 
251
3 4 12 17 19 21 22 27 30 33 40 45 
48 51 53 54 56 58 62 64 66 71 73 76 
80 84 86 88 94 101 103 104 110 113 118 122 
127 130 136 140 144 147 148 152 156 159 160 163 
164 165 169 171 172 173 174 175 178 179 181 182 
187 188 193 197 209 215 216 221 222 225 236 240 
241 242 249 250 251 252 255 257 259 260 261 264 
265 266 270 271 273 278 280 281 287 288 294 298 
302 303 305 306 312 313 314 315 316 323 324 327 
328 329 330 337 338 340 346 351 355 356 357 362 
366 370 372 382 383 384 386 391 392 398 405 406 
409 410 411 413 414 415 417 419 424 425 429 431 
432 449 450 454 456 458 459 463 467 469 471 473 
478 482 489 495 498 503 504 512 514 519 520 523 
524 528 529 530 531 540 545 553 555 556 558 559 
560 561 563 564 567 570 572 574 576 579 581 582 
583 586 589 592 594 599 603 605 607 618 620 621 
622 629 630 633 634 645 652 655 657 663 664 665 
666 667 674 678 691 692 698 702 704 705 708 709 
713 714 720 724 728 731 733 734 740 745 747 748 
752 765 769 774 776 779 780 784 790 791 793 
248
3 9 15 17 22 26 27 28 33 47 49 54 
55 57 59 61 63 68 75 79 81 89 91 100 
102 106 110 112 113 114 115 116 117 120 123 126 
127 128 129 131 140 141 146 151 153 155 156 159 
162 167 174 175 176 179 180 186 187 190 192 201 
204 206 208 209 210 212 215 216 217 218 224 227 
231 235 238 243 244 246 247 257 263 266 267 268 
269 280 287 289 290 293 295 299 305 310 315 316 
321 332 333 334 335 338 342 347 353 361 369 370 
376 380 386 389 390 392 393 394 395 400 412 416 
419 424 433 435 440 442 443 444 445 447 455 468 
469 476 480 496 497 500 506 508 510 515 516 517 
520 526 529 532 538 541 542 543 544 549 550 556 
558 561 563 565 566 569 570 578 580 581 584 592 
595 598 601 602 603 608 609 614 615 617 618 619 
620 624 629 630 632 640 641 642 646 647 648 649 
652 654 667 668 669 671 672 673 674 675 680 682 
686 689 696 697 698 700 702 704 706 707 709 712 
713 724 726 733 734 735 736 737 740 741 743 749 
754 755 757 758 762 767 768 769 770 774 775 780 
781 782 787 789 790 791 795 796 
238
1 3 4 6 7 10 12 13 16 20 21 23 
24 25 27 34 38 39 44 49 53 57 58 60 
64 65 66 68 72 77 83 84 85 92 93 98 
99 105 108 109 112 126 128 132 138 139 142 150 
151 152 156 159 162 163 164 173 174 177 178 183 
186 188 201 202 208 211 212 216 217 219 221 223 
228 229 230 232 236 237 242 245 250 258 260 263 
268 271 273 276 277 280 286 291 292 293 294 299 
300 303 313 320 330 332 338 342 343 350 353 355 
358 360 361 363 365 368 372 374 376 378 384 385 
386 395 396 397 398 402 403 408 410 412 414 415 
422 426 427 433 434 436 447 449 457 462 472 482 
485 490 493 497 502 503 507 513 521 525 526 531 
533 534 535 537 546 549 551 553 558 562 564 571 
573 577 578 581 582 588 593 594 601 602 603 604 
608 609 610 611 612 614 616 622 625 627 628 631 
632 634 635 639 642 647 651 652 653 657 658 659 
666 669 671 675 676 678 679 680 681 685 688 694 
695 697 698 699 701 703 704 709 716 729 732 743 
744 754 757 762 767 771 772 777 794 800 
244
1 2 7 8 12 14 15 17 19 21 28 30 
31 35 36 42 43 44 47 48 50 51 55 63 
65 66 67 74 76 78 88 92 95 98 99 100 
104 113 114 115 116 120 125 133 135 138 139 142 
143 144 149 152 154 161 162 170 173 174 175 178 
180 186 191 196 198 207 213 214 219 221 222 224 
225 227 230 231 234 237 239 243 244 246 247 250 
256 261 264 266 272 274 276 282 287 295 309 312 
313 314 320 328 329 333 335 337 339 344 346 348 
355 360 363 365 366 370 371 372 378 382 386 392 
393 395 396 401 402 405 406 418 419 420 424 426 
429 430 435 438 443 444 446 458 459 463 465 466 
472 474 477 479 480 483 486 489 505 508 514 515 
516 517 523 534 535 540 543 547 549 551 552 554 
558 562 563 568 570 573 575 576 578 580 585 586 
588 591 592 593 594 597 600 605 609 614 617 624 
626 629 633 637 638 645 647 657 658 659 663 669 
677 679 680 682 683 687 691 698 699 701 703 705 
706 709 712 714 724 725 727 735 736 737 738 741 
743 745 755 758 759 766 769 770 778 779 782 788 
792 793 799 800 
236
2 5 6 7 9 10 14 16 17 24 29 30 
33 35 37 41 42 50 53 54 56 59 65 66 
74 76 83 85 86 89 91 95 100 108 109 110 
113 115 117 120 122 123 124 125 127 130 133 136 
140 142 143 144 148 149 150 155 157 163 169 172 
173 174 185 188 190 192 194 198 204 207 208 216 
221 224 228 233 238 239 241 242 244 248 249 250 
251 253 266 274 276 278 281 286 295 297 309 314 
316 320 327 331 338 344 346 347 348 353 354 365 
368 369 370 380 383 385 393 395 399 402 403 406 
407 408 412 414 425 431 434 435 438 442 450 454 
457 458 462 465 467 474 475 483 484 491 494 504 
507 511 515 516 518 519 520 523 535 538 540 541 
542 543 546 547 550 551 558 564 565 566 571 572 
575 576 577 580 581 583 586 592 596 603 606 607 
611 612 617 620 621 625 627 631 632 636 638 644 
646 651 653 656 658 661 663 671 672 677 683 685 
686 687 689 692 694 695 696 703 705 707 708 709 
713 716 718 722 727 740 743 748 750 752 756 758 
779 782 785 787 793 794 799 800 
237
5 8 10 13 18 23 26 31 32 33 39 48 
51 52 53 55 57 74 75 86 87 92 95 102 
105 111 113 115 117 119 121 129 130 132 133 135 
136 137 138 139 141 142 144 148 149 155 158 161 
166 168 169 170 172 175 182 186 190 191 199 200 
202 203 208 209 212 213 214 222 224 225 235 237 
238 247 249 252 255 257 258 264 269 271 273 285 
287 289 290 292 296 306 309 310 311 312 319 322 
323 330 334 336 337 342 345 349 352 353 355 356 
360 361 365 368 370 378 379 382 385 387 390 393 
398 401 404 410 411 413 414 417 422 430 436 441 
443 444 445 449 450 451 457 463 465 466 468 470 
473 474 475 483 488 492 494 497 502 503 508 514 
516 523 528 531 532 534 537 542 547 549 552 558 
560 564 570 578 579 583 586 587 591 592 593 595 
604 605 610 614 617 619 620 625 627 630 633 642 
647 649 650 652 655 661 665 668 675 677 681 684 
685 687 688 692 696 703 705 707 711 721 726 727 
731 736 740 744 745 748 749 750 752 754 758 759 
761 762 766 772 775 779 782 787 792 
227
4 5 13 17 27 30 32 34 37 38 41 51 
52 53 62 71 77 78 85 88 90 96 97 104 
117 123 124 125 132 133 134 135 138 139 141 143 
147 151 152 156 157 160 164 165 166 168 170 180 
181 183 185 196 200 203 206 209 213 220 221 226 
235 239 247 249 251 257 258 259 262 263 271 272 
274 275 276 278 283 285 287 294 295 297 303 310 
311 312 313 314 315 317 320 322 331 336 339 343 
344 360 361 363 373 378 381 382 387 388 399 402 
404 412 416 420 422 426 428 434 438 440 441 442 
448 452 453 454 455 458 459 460 461 468 469 470 
473 476 480 488 489 498 504 509 511 512 513 516 
522 523 524 529 530 531 534 535 536 540 544 549 
551 555 558 561 567 568 570 572 594 599 600 604 
606 608 609 612 615 622 623 625 628 629 631 636 
639 640 642 644 646 650 651 653 659 665 669 679 
686 689 692 698 700 714 719 723 725 727 733 734 
735 737 738 741 744 751 752 758 760 764 766 767 
769 771 777 778 780 787 792 793 794 797 799 
223
1 5 8 9 11 14 16 18 23 26 33 34 
35 37 43 51 53 55 57 65 67 70 77 79 
80 86 91 98 100 102 104 106 107 113 114 119 
121 126 132 141 142 143 146 148 151 153 158 162 
164 168 171 186 196 200 201 213 214 215 216 217 
220 222 224 229 231 234 236 238 243 246 249 250 
255 258 261 263 266 269 270 278 282 287 294 297 
301 303 311 316 318 330 333 335 336 338 342 347 
348 349 351 355 356 358 362 365 366 368 369 371 
373 378 379 381 388 389 393 398 406 407 410 412 
422 434 436 442 449 454 459 463 464 465 468 470 
471 472 478 482 483 486 494 502 507 508 509 517 
521 522 525 528 531 539 540 545 548 553 554 557 
562 563 569 571 584 587 589 591 592 601 608 612 
615 619 620 623 626 632 635 639 646 648 651 653 
654 656 657 658 663 670 675 682 690 696 698 699 
701 703 704 706 712 714 715 723 724 732 734 736 
737 743 749 754 755 758 760 761 764 765 766 767 
773 777 780 788 789 792 796 
248
2 4 12 13 15 16 17 19 20 21 22 25 
28 32 37 38 39 44 48 54 55 56 57 60 
64 66 68 70 71 72 77 79 84 88 89 90 
106 109 114 120 121 127 137 140 147 153 154 159 
163 168 174 175 177 178 179 181 183 188 190 192 
194 195 196 203 207 211 212 218 219 220 221 224 
229 234 238 239 241 247 251 253 254 257 264 265 
268 270 271 279 282 283 284 287 293 294 303 307 
309 310 311 314 319 320 332 340 341 342 347 358 
359 367 368 370 371 374 375 376 377 379 381 382 
383 386 389 390 395 398 402 405 407 415 419 420 
422 426 427 430 433 443 444 448 452 459 461 462 
467 479 480 483 484 488 489 490 492 493 495 499 
503 506 507 511 514 516 524 534 542 545 547 549 
550 551 553 555 564 571 576 578 581 582 584 585 
589 591 594 599 604 605 608 609 614 615 616 622 
623 627 628 629 632 639 647 648 652 655 657 660 
662 665 667 668 669 678 682 686 689 693 694 698 
699 703 706 708 710 714 719 723 724 728 733 738 
741 745 746 750 754 757 769 772 775 783 784 786 
787 789 790 791 793 796 798 800 
244
8 11 12 14 15 16 21 22 24 29 31 32 
33 36 42 44 47 50 62 65 69 70 71 82 
85 88 90 92 93 95 98 99 107 108 113 116 
117 119 124 126 129 131 143 147 151 157 161 162 
163 165 166 167 172 183 185 187 189 192 193 194 
196 199 201 206 210 211 222 225 230 231 234 237 
238 239 246 247 248 249 253 258 259 262 263 264 
267 268 271 275 276 281 283 291 294 296 297 298 
299 301 302 303 305 309 318 320 324 325 326 338 
343 345 346 350 352 353 354 356 360 361 362 366 
381 384 386 388 396 397 398 403 414 415 417 423 
433 436 439 442 449 456 458 459 461 462 463 464 
467 468 469 470 471 472 476 480 481 483 484 487 
490 492 494 495 502 508 510 519 521 528 532 533 
535 541 546 548 550 556 557 561 568 576 578 583 
598 599 602 603 604 605 611 612 615 616 622 624 
625 628 631 635 637 638 639 646 647 650 659 661 
663 666 669 670 671 674 679 693 694 695 699 703 
704 706 715 719 722 730 731 732 734 736 746 751 
756 761 763 765 766 767 773 775 778 779 786 787 
790 792 794 798 
242
2 4 5 7 11 14 16 17 24 32 33 37 
38 40 42 45 48 65 71 72 75 77 79 83 
85 86 87 90 93 96 100 101 102 106 110 111 
112 114 117 120 129 134 136 142 143 144 146 153 
154 157 162 164 165 177 188 191 193 197 204 205 
215 218 219 229 230 231 236 240 248 250 252 253 
257 262 267 268 270 272 278 281 283 290 291 293 
295 299 309 310 311 313 314 315 317 318 324 329 
330 334 336 340 341 344 345 346 349 353 358 362 
364 368 370 375 378 379 380 383 384 385 387 394 
395 396 397 401 405 406 408 413 417 424 433 434 
439 440 446 453 459 464 468 471 472 473 474 481 
482 490 492 493 496 500 502 508 513 514 515 516 
517 521 522 523 527 531 532 534 539 542 543 547 
549 550 552 553 556 557 559 563 569 571 574 579 
582 584 586 587 596 597 601 609 610 613 619 623 
624 630 632 633 637 639 642 645 650 652 655 657 
662 666 668 674 677 679 680 681 684 692 694 697 
703 708 713 717 718 721 722 740 742 751 753 759 
761 762 763 767 769 772 775 776 778 780 781 790 
791 795 
246
4 7 12 15 16 19 21 23 26 29 30 33 
34 36 38 40 43 49 56 58 59 60 69 74 
75 76 77 80 82 85 91 92 94 100 101 107 
113 114 115 117 119 121 126 128 129 141 145 146 
149 154 156 164 168 173 174 178 181 183 185 194 
203 208 209 214 216 218 219 221 225 226 227 231 
232 233 235 237 242 252 253 254 255 257 264 268 
272 277 279 285 288 289 291 292 294 297 301 302 
305 313 316 318 321 324 326 327 328 331 332 333 
338 343 344 351 352 353 355 356 362 367 371 384 
392 402 404 412 415 416 417 422 424 429 433 440 
446 447 449 450 452 457 459 465 474 476 478 482 
483 485 487 493 499 501 508 509 516 517 520 521 
526 527 530 531 532 533 535 539 540 541 544 547 
548 551 561 567 569 570 581 586 588 590 592 597 
598 599 600 603 604 610 612 613 615 616 617 620 
626 629 630 633 638 640 641 642 650 651 654 658 
660 663 665 670 677 678 690 691 692 694 698 701 
702 707 708 710 715 717 718 719 720 721 735 736 
738 742 746 752 754 760 762 763 765 768 772 774 
777 778 780 784 786 787 
224
8 11 12 16 18 20 21 22 30 31 35 41 
42 50 51 52 55 60 64 66 69 72 73 79 
82 88 89 90 97 99 100 106 108 113 117 119 
120 125 134 138 142 143 149 150 151 156 158 159 
160 161 164 165 167 172 173 174 176 179 182 184 
188 189 194 195 198 208 213 215 216 217 220 221 
226 227 231 236 237 238 244 246 250 252 254 255 
256 268 269 270 274 276 277 280 281 286 292 295 
298 299 301 304 305 309 318 321 323 324 326 328 
343 350 353 354 357 361 363 366 367 369 370 380 
385 388 395 397 398 400 401 419 424 430 448 450 
453 459 472 476 479 486 487 488 489 492 493 495 
510 519 521 526 527 531 536 541 543 551 552 556 
558 560 563 568 571 572 573 575 576 577 578 584 
586 592 597 599 604 605 606 607 619 623 626 628 
629 632 651 652 654 655 658 666 673 674 675 683 
685 696 700 702 703 709 711 720 723 725 728 733 
737 739 741 742 744 746 751 752 755 756 758 759 
760 764 770 778 784 788 791 794 
237
3 4 6 11 12 13 17 21 27 30 34 35 
38 41 45 47 51 52 55 57 60 61 63 73 
75 76 86 90 91 100 105 107 109 110 126 129 
134 141 142 150 154 156 157 158 165 174 179 182 
184 185 192 193 199 201 207 208 209 218 222 229 
237 238 240 247 249 251 252 258 259 260 262 264 
265 267 270 273 276 278 285 290 292 294 295 302 
303 305 306 311 314 327 331 332 334 338 339 342 
347 348 352 354 355 356 363 370 371 373 374 376 
381 382 383 384 386 388 395 399 400 403 406 420 
424 427 433 434 441 444 447 448 453 456 460 462 
463 464 467 472 477 478 482 484 489 494 497 500 
501 506 507 511 523 526 527 529 533 534 536 539 
541 546 548 550 553 556 558 562 569 572 573 579 
580 581 583 586 591 595 597 598 606 609 612 616 
620 623 624 626 628 630 631 632 634 636 637 638 
640 644 647 648 651 659 661 662 664 666 668 671 
674 675 680 681 689 690 694 700 718 721 722 724 
725 727 730 735 738 739 742 743 744 747 749 751 
756 757 771 773 780 781 785 793 797 
257
1 5 7 8 9 14 18 19 22 32 35 40 
43 44 46 49 54 56 67 68 72 77 88 93 
101 103 110 112 115 118 123 124 126 127 130 135 
141 142 145 147 148 149 152 168 170 171 172 178 
188 189 191 195 199 209 210 215 217 220 224 231 
239 244 252 254 256 259 263 264 266 267 269 274 
277 287 294 297 298 300 301 302 310 313 314 317 
319 320 324 330 331 332 333 341 346 350 352 353 
354 357 358 359 360 362 364 372 376 377 378 379 
385 387 388 391 392 393 394 396 403 405 406 409 
410 413 416 417 420 423 424 426 430 436 437 445 
447 448 449 450 451 458 464 465 469 470 473 485 
488 489 491 494 496 497 498 499 500 506 508 513 
514 517 521 524 526 527 528 529 542 543 547 549 
552 554 558 563 565 567 569 570 571 574 577 580 
581 588 592 596 598 600 601 604 606 607 609 614 
615 618 623 624 626 630 631 637 641 644 648 650 
660 662 672 675 682 687 691 692 693 694 696 697 
698 700 703 705 707 709 712 716 721 725 729 734 
735 736 739 740 742 743 745 748 751 753 755 760 
763 764 765 767 769 770 774 775 779 780 781 784 
785 788 793 796 800 
226
2 4 6 7 8 9 10 12 13 15 19 28 
31 32 39 41 47 53 57 74 76 79 81 83 
86 92 93 96 97 99 108 110 111 113 116 117 
126 128 130 131 133 135 138 140 142 143 148 150 
153 155 158 164 165 170 172 176 179 185 194 202 
205 210 214 222 230 232 233 234 236 237 240 244 
247 249 251 253 257 261 264 266 267 269 271 287 
290 291 293 295 296 303 304 308 309 311 312 315 
316 325 328 330 332 336 337 339 342 345 348 353 
356 361 362 366 374 378 381 389 391 392 395 400 
403 404 410 414 418 421 431 437 438 442 444 454 
457 466 468 469 471 473 477 479 481 483 484 487 
488 489 490 491 497 502 507 510 512 515 518 519 
521 524 528 531 535 552 555 558 560 561 564 566 
567 568 569 570 582 585 589 591 599 600 604 606 
611 615 616 619 625 628 638 640 641 657 660 664 
669 670 674 675 677 678 689 693 694 696 707 709 
711 712 714 723 732 733 735 740 747 750 755 763 
769 771 773 776 779 786 789 791 794 800 
269
2 8 9 10 11 14 16 17 18 22 24 25 
29 36 42 45 49 51 54 59 60 61 69 70 
74 75 76 79 84 85 93 99 102 103 104 105 
106 108 109 110 113 114 124 127 132 134 138 140 
145 146 147 148 152 161 163 167 168 169 170 171 
176 179 181 182 186 188 190 191 196 198 199 200 
202 203 207 209 212 218 220 222 223 232 233 234 
236 237 239 240 243 245 246 248 252 254 257 262 
268 272 279 280 282 288 293 295 297 303 307 309 
312 315 326 332 335 341 342 345 347 348 349 353 
356 357 359 369 370 371 373 375 379 381 383 393 
396 397 402 411 413 414 415 418 420 423 426 430 
433 435 437 439 441 442 447 448 456 460 464 465 
476 480 481 482 484 485 486 487 490 491 494 497 
500 501 502 504 506 515 521 524 527 534 543 545 
551 552 556 557 558 559 561 563 568 576 579 581 
584 585 589 590 591 599 600 602 604 605 607 609 
612 615 619 623 626 627 631 634 635 637 638 640 
642 648 649 655 656 657 662 668 670 672 673 675 
676 679 691 695 697 698 700 703 705 706 707 710 
711 712 717 719 720 730 734 741 746 747 748 750 
752 755 757 761 763 765 773 777 785 786 788 791 
792 794 795 797 800 
245
11 12 14 18 20 21 22 27 29 30 45 47 
49 54 55 57 59 60 66 68 69 71 77 79 
81 86 89 90 92 93 95 96 97 99 101 105 
107 109 113 120 121 127 128 129 130 132 133 134 
135 138 139 140 143 146 153 154 155 158 164 165 
166 168 172 173 176 177 181 191 196 197 203 204 
205 206 207 209 210 213 219 224 227 229 235 238 
239 240 241 244 253 257 258 259 261 267 270 278 
283 284 285 287 288 291 293 294 297 300 303 314 
317 319 323 330 331 332 335 337 342 350 355 357 
358 364 377 388 390 395 401 406 407 409 420 422 
424 425 438 439 451 453 455 456 463 465 468 475 
477 479 481 484 486 494 502 505 508 510 511 515 
518 519 522 526 530 534 535 537 538 540 543 544 
546 547 552 553 555 558 562 568 570 571 574 581 
582 585 586 587 594 597 599 601 603 607 608 609 
610 618 619 621 622 624 626 629 631 634 639 647 
657 661 663 664 673 674 681 685 701 704 707 709 
711 715 719 720 731 732 733 734 738 742 745 747 
757 758 760 761 763 765 769 770 774 776 780 782 
786 790 792 795 797 
246
2 4 5 7 15 17 21 22 24 25 27 28 
29 32 34 39 40 43 44 45 51 55 60 63 
64 65 70 73 81 83 85 87 92 93 95 97 
101 102 104 105 107 108 112 114 115 116 124 131 
134 138 147 148 149 151 154 155 156 161 162 163 
166 174 175 181 182 184 185 191 195 199 200 205 
210 212 220 229 231 232 234 237 240 241 242 243 
252 255 258 270 276 277 279 281 288 291 293 302 
308 312 321 325 326 331 333 336 338 341 342 344 
354 355 370 371 373 378 388 390 394 397 407 410 
413 414 416 421 422 424 429 433 434 437 438 441 
442 447 450 454 456 457 460 461 466 468 470 472 
485 488 494 496 498 511 515 518 522 523 525 526 
532 537 538 539 542 544 545 549 551 552 553 555 
556 562 570 575 579 580 582 586 590 592 596 600 
601 608 609 613 615 616 617 621 622 624 625 627 
628 630 634 635 636 637 638 639 641 649 650 652 
655 661 665 671 681 684 686 689 690 692 693 697 
698 700 713 715 717 718 721 724 727 729 730 732 
737 742 751 754 760 765 774 779 780 782 785 786 
787 793 795 796 797 798 
223
4 6 7 8 13 16 18 23 35 37 38 41 
42 46 49 50 54 56 59 63 68 75 78 81 
86 87 88 90 92 93 94 95 103 106 107 109 
116 117 118 121 123 130 135 142 149 156 158 163 
165 174 175 182 183 184 188 195 196 199 201 205 
206 207 208 211 213 216 219 227 229 249 256 259 
262 267 271 285 289 293 295 297 299 300 308 315 
316 318 319 321 322 328 330 331 332 333 349 350 
357 358 359 366 367 370 375 376 378 379 385 386 
388 389 390 394 397 398 399 400 408 413 423 425 
426 429 436 440 446 450 452 453 454 457 461 466 
473 474 482 484 490 491 496 497 499 500 502 504 
512 513 519 520 521 525 532 533 534 535 537 539 
549 550 552 554 555 556 559 567 570 572 575 576 
586 587 588 606 609 611 612 613 616 618 619 623 
625 630 632 635 642 644 647 651 652 659 660 665 
670 672 678 679 681 690 693 696 708 718 719 722 
725 740 741 746 753 756 758 760 762 768 770 776 
780 787 789 792 793 795 798 
232
3 6 7 10 13 20 24 25 27 28 39 41 
50 52 53 55 56 65 66 70 74 75 78 82 
83 85 88 90 91 93 103 108 112 116 122 127 
130 131 133 137 138 141 145 146 150 152 160 164 
165 168 169 189 190 200 202 205 210 217 218 220 
223 224 225 228 232 236 237 238 241 244 247 248 
254 263 264 265 268 275 277 280 283 287 289 291 
292 293 296 312 314 326 329 342 343 344 345 348 
353 363 366 368 377 380 384 393 394 395 396 397 
398 399 400 401 402 403 406 409 410 411 420 425 
432 438 439 445 447 450 456 463 466 467 474 477 
480 481 484 487 488 491 492 498 499 500 502 504 
506 507 508 511 512 513 515 521 528 530 535 537 
553 556 559 562 566 569 572 575 580 582 583 585 
592 593 596 598 600 604 609 614 615 616 617 624 
625 628 629 630 637 641 646 648 649 650 651 653 
654 663 665 667 671 674 675 677 687 693 694 695 
705 707 709 715 718 720 723 730 732 735 746 748 
749 750 757 764 765 767 778 780 785 787 792 795 
796 797 798 799 
235
4 6 7 10 11 13 14 17 19 21 23 30 
32 40 49 50 53 54 57 61 64 65 67 70 
73 74 80 81 82 84 91 101 104 105 115 116 
118 125 127 128 132 135 144 150 155 156 163 164 
167 171 177 180 181 187 188 190 195 201 204 205 
207 216 222 224 227 228 229 230 232 233 236 246 
247 249 250 252 254 261 263 266 269 273 276 277 
278 280 284 295 296 297 298 301 303 306 308 309 
312 314 321 324 326 329 331 332 336 337 338 339 
344 347 348 349 350 357 358 361 364 365 370 372 
374 375 377 379 382 385 386 387 388 389 391 406 
408 410 421 429 433 439 440 441 447 449 455 458 
460 467 468 485 488 491 494 496 504 505 506 511 
512 518 519 520 522 525 532 536 540 543 548 552 
554 555 562 563 564 565 569 587 588 591 594 595 
602 611 613 615 632 634 640 646 651 657 659 662 
666 668 672 679 681 683 689 690 694 695 696 699 
706 707 711 714 716 717 719 720 726 728 730 733 
734 736 737 741 743 746 748 753 759 763 768 775 
779 782 787 789 792 795 796 
259
2 4 5 6 7 8 9 10 15 18 21 23 
26 27 28 33 35 36 38 43 44 45 48 49 
50 53 58 59 60 67 72 77 79 84 86 89 
91 92 106 107 108 109 114 120 125 133 134 136 
138 139 140 141 143 146 148 149 154 155 156 157 
158 159 160 161 165 167 169 171 178 179 180 184 
185 188 196 197 200 205 210 211 212 216 217 218 
226 230 233 234 236 239 241 255 257 260 261 262 
265 266 269 274 275 278 280 283 286 296 297 298 
300 305 306 324 328 329 331 332 334 335 337 338 
339 343 344 347 350 351 353 354 356 364 366 368 
370 374 375 379 381 382 383 384 385 386 388 390 
391 394 396 403 409 419 420 421 422 424 425 426 
427 429 430 433 438 440 448 449 452 453 458 460 
465 470 472 480 481 483 484 488 494 497 501 506 
512 519 521 522 529 532 537 538 540 541 544 549 
555 561 563 566 568 569 572 573 584 588 594 595 
597 602 604 609 613 615 617 624 625 632 633 634 
636 637 644 646 649 652 653 658 660 682 689 696 
701 705 706 708 709 710 711 712 713 719 740 741 
742 743 746 748 752 754 755 757 761 765 766 773 
776 780 782 794 795 798 800 
236
7 33 36 39 40 47 59 65 67 68 69 71 
73 74 75 79 89 93 96 99 102 105 110 113 
116 118 130 131 132 137 140 143 146 149 153 154 
156 157 161 164 174 179 180 184 190 194 199 200 
204 206 209 214 215 218 224 225 228 230 235 241 
250 251 252 257 258 263 267 271 279 298 301 305 
309 310 321 325 327 328 329 330 333 335 337 338 
341 346 352 357 360 361 363 369 379 382 383 385 
386 387 390 391 392 393 394 396 397 401 416 422 
428 430 431 435 440 442 443 444 446 447 448 449 
451 455 456 457 461 463 467 474 476 477 480 484 
488 490 491 492 495 499 508 510 511 520 523 524 
527 530 531 532 536 537 542 545 547 548 550 552 
554 557 560 563 564 565 567 570 578 579 580 582 
583 589 592 593 594 597 605 606 611 612 615 619 
628 629 632 633 634 636 637 646 647 648 649 653 
666 668 671 674 675 676 678 684 687 692 695 697 
699 707 710 711 713 714 715 717 722 724 725 729 
736 745 750 754 757 758 759 762 763 764 772 773 
775 778 779 783 784 785 790 791 
247
4 10 12 13 17 18 22 23 28 35 43 46 
48 49 53 55 59 62 64 66 67 70 72 74 
75 95 96 98 99 100 107 110 112 121 123 124 
127 128 133 140 141 147 151 152 155 156 158 159 
160 162 163 166 170 176 178 180 182 185 189 193 
195 197 203 209 212 219 220 221 223 224 225 226 
228 236 240 243 246 253 255 261 267 270 271 272 
273 276 280 283 285 287 294 296 313 315 320 323 
325 333 334 335 337 339 340 343 345 346 348 353 
357 358 359 362 370 376 379 380 384 385 387 392 
393 395 402 404 406 409 410 411 412 414 417 419 
421 422 423 426 427 434 444 446 447 448 451 452 
453 457 461 463 467 475 477 478 479 482 484 486 
487 489 492 496 500 504 505 513 514 531 534 536 
537 538 540 543 544 553 558 563 564 565 566 569 
571 575 576 582 583 592 594 595 597 602 603 604 
606 607 609 611 614 618 620 623 624 636 647 648 
650 654 657 661 662 668 669 671 674 680 683 686 
687 692 694 697 700 701 714 721 722 723 724 729 
735 736 742 743 744 745 749 755 758 759 761 769 
772 776 779 784 788 791 796 
240
3 4 6 9 15 16 21 25 36 37 39 40 
45 51 56 58 60 63 64 65 66 68 76 77 
78 79 87 93 96 100 108 115 116 120 121 124 
126 134 136 139 143 145 151 154 156 157 158 159 
168 174 175 177 183 193 200 205 206 207 208 214 
215 218 225 229 230 232 233 238 245 246 247 250 
252 253 259 262 265 268 269 285 286 287 288 291 
292 294 295 300 301 303 305 306 311 312 315 317 
325 326 328 329 330 332 335 338 341 344 345 346 
354 355 357 362 373 375 379 383 385 395 396 397 
403 404 406 409 410 411 415 417 419 422 429 431 
433 435 437 438 444 446 448 451 454 457 459 460 
461 462 467 470 473 475 480 481 484 488 496 498 
504 505 508 518 519 520 521 525 526 529 530 538 
544 545 548 551 555 558 559 562 568 577 587 592 
593 597 598 600 601 602 614 616 618 624 629 631 
635 652 653 656 659 661 666 667 671 672 674 676 
677 678 685 687 689 696 699 700 701 708 710 712 
717 720 733 735 741 742 749 750 758 759 760 769 
780 781 782 783 784 785 788 790 792 794 796 797 
255
5 6 8 10 12 15 16 19 21 25 28 31 
34 42 50 51 57 64 73 75 80 82 85 86 
87 90 97 98 101 107 108 111 114 115 117 120 
123 126 127 130 131 134 138 139 144 147 150 152 
154 162 165 167 168 169 172 173 175 180 181 191 
192 194 198 204 207 208 213 214 215 218 221 222 
223 225 226 227 228 230 233 235 238 241 243 246 
247 250 251 252 266 267 268 269 276 278 283 287 
288 296 300 301 305 307 309 314 317 318 321 325 
327 331 342 347 353 357 358 371 374 376 378 380 
383 384 391 392 393 398 403 406 417 419 421 424 
427 434 438 441 443 444 445 446 448 451 452 453 
464 470 471 474 475 476 480 481 486 489 490 494 
500 501 502 503 505 507 509 511 512 518 519 520 
526 527 530 531 535 536 538 540 546 560 570 573 
576 578 583 587 593 600 603 606 607 608 611 613 
615 617 620 624 626 627 633 634 637 641 642 643 
646 651 660 663 666 668 671 673 681 682 683 684 
691 696 697 698 703 709 719 721 723 724 726 727 
730 733 734 735 738 739 742 747 753 757 760 762 
764 765 766 767 770 771 776 778 780 782 786 791 
794 799 800 
222
1 2 6 8 9 10 13 19 20 24 25 31 
38 46 47 49 53 54 55 57 58 62 65 68 
72 73 78 80 84 89 91 92 93 96 101 108 
120 122 127 128 134 154 156 158 159 160 161 166 
167 169 175 184 189 190 203 205 208 209 214 215 
228 229 230 232 234 238 239 241 245 246 250 253 
255 262 266 273 281 282 284 285 287 289 292 295 
296 299 300 304 314 315 316 321 326 327 328 330 
334 336 339 351 352 354 356 360 361 363 365 366 
368 370 373 374 378 379 381 384 390 398 414 422 
424 425 426 429 430 434 438 441 451 457 472 480 
482 484 485 488 489 494 499 502 503 506 512 514 
515 519 531 532 533 536 537 538 540 541 545 548 
549 550 551 559 560 570 572 576 581 591 595 596 
597 604 605 609 610 611 613 614 618 624 630 635 
642 646 648 650 651 657 660 663 667 673 675 679 
682 683 688 689 692 694 703 704 707 709 710 717 
720 727 728 731 732 740 741 750 752 767 774 776 
783 786 787 791 795 800 
244
5 9 10 12 16 17 19 24 29 30 31 35 
36 49 50 54 58 60 61 63 64 65 70 72 
73 75 77 80 81 82 83 84 86 91 92 96 
98 102 105 108 122 124 126 127 129 135 138 140 
141 143 145 153 154 155 159 162 165 167 170 172 
178 180 182 187 188 192 193 195 197 206 207 209 
219 220 223 227 229 231 232 240 241 242 244 248 
254 255 257 258 267 270 272 273 274 276 277 278 
281 284 286 288 289 297 299 301 306 312 315 316 
317 326 331 336 340 342 345 348 349 351 352 355 
356 359 361 362 364 370 371 374 378 382 384 385 
387 392 393 394 395 397 402 403 405 406 407 408 
411 432 435 438 442 443 444 445 456 461 462 464 
470 474 475 483 484 485 496 500 505 510 511 518 
524 534 535 542 543 544 546 553 557 558 559 563 
566 569 570 584 587 588 589 590 598 599 603 604 
608 616 620 621 625 631 632 634 637 641 644 645 
649 656 661 664 670 675 680 688 691 692 702 705 
706 712 719 726 728 732 737 744 747 748 749 752 
754 755 761 770 772 773 774 775 776 780 783 793 
796 797 798 799 
243
2 5 6 8 9 12 16 17 23 33 34 35 
40 42 45 46 47 50 55 58 59 63 66 69 
82 84 90 94 98 101 104 105 106 107 109 110 
114 118 119 127 129 133 142 143 147 149 152 153 
155 167 170 172 177 184 185 187 188 190 202 207 
209 213 214 215 218 220 221 223 228 231 239 241 
247 248 249 252 255 256 258 260 261 263 264 266 
267 269 272 275 279 281 286 290 291 292 297 300 
309 310 311 312 313 314 321 322 328 338 340 341 
350 352 353 366 370 372 374 377 378 381 385 387 
389 396 399 400 404 405 406 410 411 424 425 426 
427 430 431 433 435 440 441 442 449 452 462 466 
468 469 476 486 488 490 495 496 499 500 506 509 
512 521 528 529 533 537 551 556 558 561 568 576 
578 584 585 589 591 592 600 601 605 609 613 614 
615 616 620 621 624 625 632 633 635 636 638 641 
643 652 654 655 656 657 660 667 668 672 676 677 
681 683 688 690 694 695 696 697 698 702 707 710 
716 721 726 727 728 729 730 732 734 738 739 753 
754 757 759 775 777 780 781 784 785 787 790 794 
795 799 800 
213
3 7 11 12 20 26 28 30 33 35 37 40 
41 43 48 52 57 67 71 75 76 79 80 82 
87 93 99 106 109 112 114 115 119 120 122 129 
135 136 143 145 151 152 156 162 164 168 169 173 
174 177 179 181 187 188 189 192 194 195 198 201 
202 204 206 211 219 221 226 229 230 239 241 243 
248 250 252 253 258 266 272 273 281 283 286 287 
291 292 297 299 302 309 312 321 322 329 332 336 
337 340 351 352 358 360 368 369 370 381 386 388 
390 394 398 400 404 405 408 409 419 420 424 425 
426 432 433 438 439 444 445 447 452 453 463 468 
473 487 489 491 505 507 508 520 526 528 537 539 
543 552 553 554 558 561 562 566 570 573 580 584 
591 598 599 604 605 606 607 609 614 615 617 622 
626 634 637 638 639 641 646 647 649 661 665 666 
671 674 680 688 695 699 702 703 704 710 711 713 
714 719 721 722 733 734 737 748 750 755 761 764 
769 770 775 776 778 790 792 795 796 
247
2 10 14 17 18 21 23 27 28 31 34 36 
42 43 45 46 49 50 59 66 68 73 78 79 
80 81 82 88 95 102 106 107 108 110 112 116 
120 121 125 126 129 134 140 141 145 146 159 160 
161 171 174 176 178 179 184 185 194 195 199 204 
205 206 209 210 216 219 222 224 227 228 230 231 
232 234 235 236 238 239 240 247 248 249 252 258 
259 266 268 270 271 274 275 276 283 285 286 287 
290 291 294 299 301 302 306 309 310 312 316 318 
319 321 327 329 337 340 346 347 349 350 352 357 
359 361 367 368 370 379 385 390 394 395 398 399 
400 401 410 411 412 416 422 424 431 442 445 447 
453 456 461 464 478 479 481 485 488 490 492 493 
506 508 510 514 519 520 523 529 531 538 539 544 
549 551 556 558 562 563 564 565 566 567 575 577 
582 585 586 587 592 596 600 609 615 616 623 626 
630 635 640 642 643 647 648 654 655 658 662 672 
673 676 680 682 684 685 686 687 690 691 695 697 
703 704 706 711 713 715 717 718 720 721 725 736 
737 742 743 744 746 749 754 761 762 764 765 767 
774 776 777 780 781 782 796 
230
1 5 12 13 16 17 24 25 26 28 29 30 
33 36 38 44 46 49 50 58 60 63 69 80 
82 83 85 87 98 99 100 101 102 104 105 106 
107 108 112 114 117 118 122 123 132 133 134 142 
143 147 151 152 153 154 167 171 174 179 182 183 
184 186 188 189 197 201 204 209 217 218 236 239 
240 242 244 250 251 252 258 261 262 263 265 268 
270 275 276 279 280 281 286 287 291 296 298 300 
302 303 304 308 316 319 320 324 327 328 338 344 
345 349 350 351 355 356 365 366 367 375 376 379 
381 386 390 397 410 411 414 415 419 424 425 430 
435 436 447 456 459 467 471 472 478 481 490 496 
499 504 505 509 512 514 518 520 523 529 533 538 
542 548 550 551 559 560 564 568 574 575 576 580 
584 586 590 595 597 601 609 610 622 624 626 627 
632 633 638 641 647 648 653 654 656 657 662 664 
668 672 673 678 681 687 689 690 695 700 702 707 
713 715 716 717 727 731 744 746 749 752 753 754 
758 765 769 770 772 773 774 776 779 782 784 785 
789 794 
257
1 2 4 6 7 8 10 18 21 22 30 32 
33 41 44 48 52 54 60 61 63 64 66 74 
76 77 79 87 91 97 109 116 117 118 134 136 
138 139 142 143 153 154 156 158 160 164 165 168 
170 175 183 184 188 189 196 198 201 202 204 206 
209 213 215 216 217 225 229 232 234 239 242 243 
249 251 252 259 260 261 265 270 271 272 278 279 
280 282 288 289 296 303 306 309 310 311 316 317 
318 325 327 332 336 342 343 345 348 349 361 364 
367 369 376 377 380 382 383 384 385 387 395 397 
399 400 401 403 404 406 407 410 413 414 415 417 
423 425 426 429 432 433 440 444 449 451 453 455 
456 458 459 460 461 463 464 467 477 478 480 482 
483 484 488 489 504 505 507 519 522 531 534 546 
547 548 549 550 558 562 565 570 571 578 579 580 
587 588 591 601 602 610 611 613 615 616 617 621 
622 626 630 632 635 636 638 640 642 643 650 652 
653 656 659 660 661 663 664 665 667 670 675 680 
681 682 686 696 699 701 707 714 715 717 718 719 
724 728 732 735 740 742 749 751 754 761 764 765 
766 767 768 769 772 774 775 776 777 778 779 780 
783 785 786 787 789 
257
2 4 9 10 11 16 17 18 19 20 24 25 
32 35 44 46 47 48 50 51 53 55 59 64 
71 73 82 90 92 95 102 106 118 120 121 122 
124 128 130 136 138 142 164 165 174 176 177 180 
183 185 187 188 192 196 197 199 201 202 207 208 
211 215 216 217 221 224 233 236 237 238 242 243 
244 245 248 250 255 256 259 263 264 275 277 278 
279 285 286 290 291 292 295 302 304 305 307 308 
309 310 312 314 319 322 323 327 330 331 332 334 
335 345 349 351 355 356 357 360 364 367 371 373 
374 375 382 384 386 389 394 396 402 407 409 410 
415 416 419 420 421 425 428 430 431 434 435 439 
441 442 444 448 454 455 458 459 460 463 473 474 
479 480 481 487 490 491 492 493 495 497 499 500 
505 508 509 511 512 514 515 518 525 529 530 531 
533 544 546 548 551 552 558 564 568 569 574 581 
590 592 596 608 615 619 635 637 639 644 646 648 
649 650 652 654 657 664 665 671 674 677 681 682 
683 689 691 692 698 701 702 705 707 708 709 712 
714 716 722 723 725 726 727 731 734 736 737 744 
745 747 750 759 762 764 765 773 774 776 780 781 
783 793 795 799 800 
256
5 7 8 14 21 27 28 31 40 41 42 43 
46 47 48 50 52 54 59 60 62 63 66 67 
71 82 83 87 88 93 96 97 102 109 112 115 
119 122 124 127 128 132 134 135 137 138 139 140 
141 143 144 148 149 152 158 161 162 163 164 165 
166 167 169 170 177 178 179 183 194 200 202 205 
206 213 215 216 220 222 224 226 227 229 232 237 
238 239 243 247 252 254 256 258 260 271 274 276 
278 280 282 283 284 285 286 290 293 298 300 303 
304 305 306 307 312 315 316 329 335 336 349 351 
353 356 358 365 367 375 377 378 383 385 391 392 
395 396 401 403 405 407 408 411 413 418 430 436 
440 441 443 444 445 450 451 452 458 462 463 464 
468 473 475 476 480 482 486 487 489 491 499 502 
503 506 511 514 524 525 528 532 537 550 555 558 
560 561 563 569 571 582 583 584 585 586 587 588 
591 592 596 600 605 606 608 612 613 614 617 620 
621 631 633 644 645 646 649 660 664 665 667 671 
672 682 688 691 692 695 700 709 710 713 714 715 
716 719 722 726 729 733 736 738 739 740 742 743 
746 747 750 751 758 763 765 766 769 771 773 775 
776 781 782 792 
245
3 7 8 13 14 23 24 25 26 27 29 30 
39 41 42 46 54 61 68 71 73 77 79 85 
86 87 95 101 102 103 104 106 107 111 112 116 
119 126 127 128 129 132 134 137 139 142 143 146 
150 152 155 158 161 162 164 173 175 176 177 184 
187 190 196 201 202 204 206 211 217 228 231 234 
241 243 245 250 251 252 258 259 261 268 273 277 
278 279 280 281 283 284 286 293 297 298 304 305 
307 309 310 319 320 323 326 329 333 336 337 340 
347 348 352 354 358 361 382 386 389 392 396 397 
403 404 410 419 423 426 433 435 436 437 447 451 
452 453 455 456 459 460 462 468 470 472 475 476 
477 478 479 480 482 483 487 493 496 497 503 505 
512 514 515 519 522 523 525 527 539 544 545 547 
550 551 554 559 561 563 568 569 572 574 575 576 
579 581 582 584 601 604 608 611 612 619 626 632 
636 637 652 657 658 662 664 665 671 672 675 676 
677 678 679 682 683 688 690 691 694 696 701 704 
706 711 719 720 721 724 730 733 736 739 747 751 
753 759 760 761 766 770 772 776 777 778 783 784 
789 790 791 792 800 
226
2 3 7 8 10 11 17 19 22 25 26 27 
28 29 32 35 36 37 39 42 44 47 49 59 
64 73 81 82 83 86 92 97 98 101 117 120 
123 127 129 132 134 135 139 145 153 161 162 163 
164 166 185 186 187 194 196 202 204 206 215 223 
226 228 230 234 235 236 238 242 243 248 250 251 
254 255 256 258 259 263 265 266 267 268 275 279 
280 281 286 289 295 296 299 300 306 307 312 318 
328 330 336 345 348 356 364 368 375 384 386 388 
391 393 394 397 400 405 408 412 416 419 420 427 
432 437 439 445 451 454 455 456 459 461 463 469 
470 472 475 482 484 486 488 490 491 510 519 524 
525 526 531 538 539 540 541 542 554 555 556 560 
565 575 576 577 584 585 586 588 590 592 593 595 
599 603 607 611 614 616 620 624 626 627 636 637 
642 650 651 652 655 658 660 669 670 674 679 683 
686 690 692 697 698 704 706 707 716 721 722 724 
726 727 729 738 739 741 744 750 755 756 760 766 
767 768 769 784 785 791 793 794 796 798 
231
1 2 5 13 14 18 19 20 21 23 25 26 
31 32 35 43 44 46 47 49 55 65 68 70 
71 78 80 86 88 91 97 106 110 112 120 127 
135 138 142 146 147 151 160 163 170 173 176 177 
183 186 188 192 194 195 206 207 219 221 222 223 
224 227 229 236 247 249 251 263 264 267 272 273 
276 280 282 289 291 293 295 297 299 301 302 304 
305 308 309 311 312 314 317 320 323 328 331 340 
343 345 346 352 353 356 357 359 364 365 369 374 
375 385 388 390 396 402 405 406 408 414 415 421 
426 431 432 434 437 439 441 442 443 444 445 450 
452 453 454 458 460 465 471 472 476 479 481 483 
484 492 497 499 507 508 509 512 514 517 518 521 
526 527 532 534 535 538 545 551 553 555 557 558 
560 575 576 579 585 591 596 603 610 614 616 617 
624 625 626 645 646 647 649 650 652 654 661 662 
666 667 668 669 670 673 681 682 685 690 706 712 
717 719 720 731 734 735 737 740 745 751 752 756 
757 760 763 770 772 773 775 776 777 779 784 787 
788 796 799 
234
4 9 11 12 13 17 18 22 31 35 40 45 
46 56 57 59 60 61 65 67 77 78 80 84 
85 93 95 98 102 103 105 106 110 111 113 115 
117 118 123 125 132 144 149 153 154 155 156 157 
159 160 164 166 168 170 172 173 177 178 182 184 
194 198 206 207 208 210 212 217 225 230 233 235 
239 241 247 254 255 259 266 270 273 275 287 291 
293 294 299 301 305 308 310 313 316 317 318 319 
323 324 328 330 331 334 335 336 337 338 342 346 
348 349 351 360 361 363 366 378 379 389 390 392 
393 400 403 412 413 415 416 417 424 431 436 440 
442 443 444 447 451 459 462 464 465 469 476 477 
494 501 505 506 508 510 513 514 523 525 530 534 
540 546 547 557 558 559 562 582 583 585 589 591 
593 600 602 604 606 613 614 615 618 622 623 624 
627 628 630 631 633 634 637 641 650 652 653 655 
657 658 660 661 665 669 674 678 679 682 690 694 
700 702 707 710 715 717 718 724 725 730 731 732 
734 737 743 748 752 756 763 764 765 770 777 778 
779 783 788 790 795 798 
239
2 4 6 7 12 13 15 24 28 29 35 45 
47 49 51 53 55 58 59 63 66 68 69 72 
75 80 83 85 87 88 94 95 96 98 101 103 
104 108 109 112 115 116 118 122 127 140 144 146 
153 162 164 172 173 174 177 178 183 184 186 188 
192 196 200 209 210 212 218 220 223 227 239 241 
243 246 248 249 256 262 268 269 271 276 278 290 
291 298 303 314 315 318 321 324 327 339 341 345 
349 352 359 360 362 364 369 370 374 375 376 381 
385 387 392 396 397 400 401 402 415 416 421 427 
431 433 435 437 443 447 455 459 460 461 463 469 
470 474 475 476 477 482 483 484 485 487 489 491 
496 504 505 506 507 508 509 512 515 519 521 522 
523 524 525 526 528 538 544 545 555 557 563 565 
568 569 570 571 574 576 584 586 595 598 600 602 
609 610 615 617 619 622 628 629 630 633 638 639 
641 649 652 653 660 663 665 667 669 671 672 675 
679 686 688 689 693 701 709 712 713 717 718 727 
729 734 736 740 744 746 749 750 756 758 759 761 
764 773 775 778 780 783 786 788 789 790 794 
229
2 3 5 6 10 14 16 19 20 24 30 33 
43 46 47 52 54 60 68 74 79 82 83 86 
88 91 97 101 103 106 107 113 116 119 128 129 
135 137 140 141 144 150 162 167 172 180 181 186 
187 189 197 198 204 207 209 210 212 218 219 224 
228 231 232 235 237 241 242 244 246 249 253 257 
258 259 262 265 274 283 285 287 290 305 308 310 
314 315 316 317 319 320 328 330 334 336 339 340 
341 343 344 345 349 352 358 361 362 365 375 381 
384 396 408 412 421 422 424 431 448 461 467 468 
469 473 476 478 484 485 490 494 496 499 502 504 
508 510 518 525 526 529 532 534 538 540 544 545 
555 564 565 566 569 571 575 580 585 588 601 606 
613 614 617 618 628 631 632 633 636 638 641 644 
646 647 650 653 656 657 660 662 670 673 674 675 
681 682 687 690 694 695 699 700 702 705 707 709 
710 712 716 719 721 722 725 726 728 730 731 738 
743 745 749 751 752 753 755 756 758 760 765 766 
767 771 772 775 779 780 782 787 788 789 792 793 
794 
248
2 3 8 9 10 12 15 19 23 26 27 29 
32 35 38 41 49 60 64 65 68 70 71 72 
75 76 77 86 95 100 101 103 111 115 120 124 
125 129 135 137 141 143 144 146 151 154 155 159 
163 166 169 181 182 183 188 195 197 199 203 205 
206 210 214 215 216 220 227 229 233 236 237 245 
248 249 251 253 257 261 267 268 271 272 276 278 
281 290 291 292 295 299 300 307 308 309 315 316 
317 321 328 330 336 337 338 357 366 368 374 377 
378 387 388 390 394 395 397 404 407 408 409 417 
419 429 433 436 439 445 447 451 452 454 460 461 
463 471 484 487 488 489 491 493 494 496 500 503 
520 522 525 529 531 535 538 539 542 545 547 548 
549 550 552 553 556 565 574 576 577 579 585 586 
588 591 594 595 598 599 601 603 607 616 619 620 
624 627 631 633 634 638 644 648 650 652 658 660 
662 664 667 675 678 684 685 688 689 690 695 696 
699 700 702 711 715 719 721 723 727 730 732 733 
739 741 744 749 752 754 756 757 758 761 762 763 
764 767 769 771 772 780 781 782 783 784 785 786 
788 790 792 794 797 798 799 800 
256
2 8 18 25 28 29 32 38 43 45 54 57 
59 60 63 64 66 67 69 73 74 78 80 84 
88 89 93 95 97 105 112 113 117 124 127 128 
130 132 133 135 139 140 142 147 155 156 157 159 
164 165 168 171 175 176 177 180 182 186 189 191 
193 194 195 196 199 200 202 203 205 208 209 210 
215 216 220 222 223 224 227 228 231 234 238 251 
252 255 265 266 273 276 278 286 287 294 295 297 
299 310 312 317 318 323 327 329 335 336 337 338 
339 340 342 345 347 350 356 358 359 360 373 374 
381 382 386 400 401 402 405 408 409 411 412 414 
417 418 419 420 422 423 426 428 430 432 435 437 
438 444 450 452 454 458 462 464 467 471 475 484 
485 488 490 493 502 508 511 513 514 515 516 520 
521 522 526 533 534 536 537 540 543 544 546 552 
557 558 560 562 569 571 572 580 584 589 592 596 
598 600 603 605 608 610 612 615 618 621 622 624 
625 626 628 633 635 637 638 639 641 653 660 662 
664 667 671 674 679 681 689 690 693 695 699 702 
703 706 708 710 711 722 724 729 732 735 740 750 
751 758 761 764 766 771 772 774 777 779 784 788 
797 798 799 800 
238
2 4 7 9 13 14 21 23 36 40 48 51 
56 57 65 74 76 79 81 82 86 91 92 99 
101 107 110 113 115 116 119 120 124 127 128 129 
131 135 141 142 143 146 148 149 152 155 167 168 
170 173 174 179 183 186 187 188 196 199 200 206 
208 217 218 220 222 225 227 235 239 240 241 244 
245 254 256 260 261 265 268 271 272 274 276 286 
288 289 293 297 300 301 306 310 313 314 315 316 
317 319 320 321 322 323 331 332 333 334 340 341 
358 361 362 365 366 374 375 377 378 384 390 393 
396 406 417 419 424 428 429 431 437 440 441 442 
447 461 463 464 466 470 473 476 478 485 488 489 
490 491 501 503 505 511 515 522 523 526 529 533 
534 535 536 537 539 540 542 544 559 560 562 563 
574 577 579 583 584 585 588 589 596 601 604 606 
607 610 613 616 621 622 625 626 632 633 641 644 
645 649 653 655 664 673 674 675 677 680 695 696 
698 699 704 706 710 711 712 715 718 720 722 725 
728 735 742 744 746 748 750 753 755 756 759 764 
765 766 772 775 789 790 791 794 796 800 
254
2 5 7 10 13 15 16 21 23 24 27 31 
32 38 44 51 64 66 70 74 79 80 89 93 
97 103 110 111 112 113 114 115 116 122 125 128 
130 135 137 144 145 146 148 153 155 158 160 165 
166 171 175 176 182 188 195 197 199 204 205 210 
211 213 217 222 224 231 234 237 239 240 241 247 
250 256 259 263 265 267 270 273 281 282 284 290 
291 292 298 303 305 309 310 311 316 318 321 324 
325 329 330 332 333 339 342 343 352 356 361 364 
365 370 371 372 373 374 375 383 385 396 400 413 
415 416 417 418 419 420 422 423 424 425 431 437 
438 441 442 445 450 458 461 464 466 467 469 472 
473 476 479 480 481 483 484 485 492 499 501 504 
506 508 509 514 516 523 529 530 533 535 540 547 
548 549 551 552 555 556 559 560 561 562 570 573 
574 576 579 582 586 589 590 591 593 601 602 604 
605 612 616 619 622 634 636 638 652 655 657 659 
661 670 673 679 681 683 685 687 689 690 693 694 
697 699 701 702 703 706 709 710 711 713 720 721 
723 724 727 728 732 737 739 744 749 753 758 765 
767 768 774 775 776 778 781 784 789 792 793 794 
796 800 
273
4 6 7 8 9 11 12 13 14 15 17 23 
25 30 31 41 44 45 48 55 57 62 72 75 
79 81 82 83 87 93 101 105 107 110 112 113 
114 115 121 122 129 133 139 148 151 160 166 167 
172 177 182 184 185 190 192 193 194 197 198 200 
204 206 207 209 212 221 222 223 224 227 230 242 
243 245 246 247 249 250 252 255 256 259 260 264 
265 272 277 279 281 283 290 292 294 299 312 313 
314 317 318 323 324 330 337 338 339 340 345 347 
349 356 358 360 362 372 375 376 382 383 385 386 
389 390 392 399 400 401 403 405 407 411 415 416 
417 418 420 432 433 436 440 443 445 446 448 450 
452 453 456 457 460 462 463 466 470 473 474 476 
477 478 485 486 487 489 495 496 500 507 509 513 
515 520 521 522 523 524 528 529 531 532 533 534 
535 536 537 543 544 548 555 556 557 560 562 564 
565 566 567 571 572 574 576 577 579 581 582 583 
584 591 592 600 602 603 604 611 613 614 616 623 
628 631 632 638 639 644 645 646 647 648 649 655 
656 660 662 664 665 672 674 678 680 682 684 687 
688 691 699 703 704 705 706 708 711 714 716 718 
722 726 727 728 739 742 744 753 754 756 760 764 
767 769 776 783 787 791 796 797 799 
238
4 9 11 14 15 19 24 25 26 27 28 39 
41 50 53 56 57 60 62 63 64 65 66 76 
83 86 87 88 95 99 101 103 106 107 108 110 
123 126 127 129 132 136 137 138 140 141 147 155 
157 158 162 176 178 182 187 188 193 195 202 205 
206 208 210 211 212 215 219 222 223 224 229 230 
236 249 252 253 255 260 266 267 280 282 285 286 
288 292 295 298 302 303 305 306 307 310 311 312 
316 322 323 333 335 339 341 348 349 350 355 356 
367 368 372 376 378 383 387 388 391 392 396 398 
403 405 411 412 413 415 418 420 424 425 430 433 
436 445 452 455 456 457 459 461 464 465 472 473 
476 478 481 482 485 487 488 489 491 493 494 495 
497 505 507 510 512 514 520 522 523 526 537 538 
539 542 549 553 565 570 572 575 576 580 581 583 
586 590 595 597 599 602 612 613 616 618 624 628 
630 631 632 638 639 640 644 647 650 654 655 663 
664 667 668 672 680 681 685 687 689 694 695 696 
704 714 717 727 728 730 732 734 735 741 746 752 
762 763 775 783 784 788 789 791 792 800 
252
1 2 5 13 31 33 34 35 38 40 45 51 
52 54 55 58 61 73 75 83 84 87 98 100 
103 113 115 121 122 123 127 129 131 132 133 136 
137 139 144 148 150 153 154 155 156 157 162 164 
168 171 172 177 178 180 184 188 190 194 195 196 
198 199 200 201 202 206 211 212 213 215 218 224 
225 226 227 233 244 262 266 277 280 283 296 299 
303 306 308 309 310 311 314 315 317 320 322 327 
328 342 348 351 352 353 354 357 358 360 361 367 
368 371 377 381 384 385 390 392 393 400 401 404 
407 408 412 416 418 420 423 426 427 428 431 433 
437 439 442 443 461 462 465 466 467 474 477 483 
484 485 489 490 491 492 493 504 506 508 509 513 
515 517 519 525 527 528 534 536 541 547 552 553 
558 560 562 566 568 570 576 577 579 583 589 591 
592 598 601 603 606 611 617 619 621 623 624 625 
626 627 631 632 634 635 636 640 641 642 645 648 
649 660 666 667 668 671 676 677 684 685 686 687 
693 696 698 702 703 705 706 709 710 711 713 715 
716 717 730 733 738 743 744 750 754 757 763 766 
769 770 773 780 781 788 791 792 793 796 797 800 
232
9 10 13 15 17 18 19 23 25 26 27 28 
29 30 33 36 37 42 44 45 48 50 51 52 
53 59 63 69 72 74 82 86 88 90 91 96 
98 100 102 108 114 117 118 125 127 128 133 134 
137 140 142 143 145 157 158 159 160 162 165 173 
193 200 204 205 208 209 213 218 220 222 230 234 
235 236 238 240 242 247 249 250 251 259 262 271 
272 277 280 282 283 285 291 292 293 299 306 311 
312 313 317 320 323 325 326 332 335 343 344 345 
348 350 352 353 357 358 359 366 372 376 381 383 
393 396 403 407 411 413 418 424 426 436 437 442 
444 445 451 462 463 465 467 468 469 473 474 481 
482 484 485 490 491 493 494 497 498 506 508 511 
517 521 529 537 538 540 544 547 558 562 564 567 
575 578 580 584 586 596 598 600 602 611 612 613 
620 625 627 629 631 634 640 642 643 644 645 647 
649 658 662 663 665 680 681 686 689 695 702 705 
710 713 714 720 722 727 730 740 741 747 748 752 
753 754 757 758 760 763 764 765 768 770 781 791 
792 794 797 800 
263
1 3 5 9 10 12 13 14 16 17 19 21 
23 24 25 38 41 42 45 49 52 54 58 59 
64 65 69 72 75 76 79 82 84 86 92 93 
95 98 99 104 105 107 108 111 113 115 116 121 
124 126 133 135 145 149 150 154 155 157 158 159 
161 162 169 173 178 181 184 185 186 188 190 191 
194 195 203 208 211 220 221 226 229 232 235 237 
239 240 241 242 243 246 247 249 250 252 265 266 
273 276 277 286 289 293 298 304 308 310 311 312 
313 316 318 325 329 345 352 355 357 362 369 371 
373 377 380 381 383 388 390 393 398 401 404 415 
416 417 419 421 424 432 435 437 439 443 444 445 
452 454 455 456 459 461 464 467 468 472 475 476 
479 482 488 491 494 495 496 497 499 503 513 515 
516 517 519 520 521 525 527 529 530 532 540 544 
545 548 550 553 556 557 559 566 573 579 581 586 
592 597 599 600 602 604 605 612 619 620 632 635 
637 640 644 645 649 656 657 661 666 667 668 670 
673 674 675 676 677 679 681 683 685 692 699 700 
703 704 705 706 709 710 711 714 718 719 731 733 
737 743 746 748 749 753 757 758 761 762 765 767 
771 773 775 781 784 787 789 790 796 799 800 
245
2 10 14 16 19 20 22 23 33 35 36 39 
42 48 50 53 55 60 64 65 67 69 72 74 
80 81 82 83 84 90 98 99 100 102 106 107 
113 120 123 127 133 136 141 145 146 150 151 153 
155 156 161 163 164 165 166 167 171 174 176 178 
181 189 190 192 200 205 206 207 209 210 214 218 
222 226 232 234 235 237 238 240 242 243 250 251 
254 255 258 262 263 265 268 269 270 273 274 275 
277 279 280 282 283 284 288 289 295 305 309 323 
329 331 343 344 351 357 364 372 376 385 393 395 
396 398 400 401 405 408 410 413 417 423 433 438 
440 441 443 446 451 453 456 457 458 460 461 463 
464 466 469 477 478 482 490 493 497 498 500 503 
505 510 513 516 517 529 530 534 542 543 546 553 
556 560 566 572 575 578 579 581 582 586 589 594 
598 599 604 605 609 612 613 616 618 626 631 632 
633 634 635 636 645 656 657 659 661 663 668 671 
676 679 681 684 685 686 692 693 696 702 704 711 
712 715 717 719 721 730 732 733 735 738 740 747 
751 754 761 762 768 769 773 775 776 779 783 785 
786 789 792 793 796 
247
1 2 18 22 23 24 25 30 31 32 33 40 
41 42 46 48 51 52 53 55 56 58 61 66 
71 79 81 84 91 98 101 103 109 112 119 124 
127 130 133 134 135 136 137 140 143 144 149 150 
151 156 157 158 162 164 165 166 171 177 178 179 
181 182 184 190 200 202 203 207 210 214 215 216 
218 219 220 225 232 235 236 237 238 240 241 249 
251 258 261 263 264 265 267 268 269 270 274 282 
286 290 292 294 296 297 303 306 308 310 311 312 
317 322 324 326 329 332 337 341 344 345 348 350 
351 352 355 356 358 363 364 365 369 371 375 379 
383 385 398 408 409 410 415 419 421 426 431 433 
438 439 442 449 452 454 455 456 458 461 463 465 
469 470 472 483 486 488 490 493 496 497 502 504 
509 519 522 524 532 536 537 541 542 543 546 547 
549 550 560 561 562 566 569 576 579 580 583 585 
588 592 593 595 601 602 606 608 609 614 615 629 
632 637 640 645 647 654 655 658 666 668 680 686 
689 697 701 704 712 717 719 726 731 732 733 737 
739 746 749 754 757 763 767 773 779 780 781 782 
785 789 791 793 794 796 799 
219
1 5 6 8 19 25 33 39 43 48 50 52 
53 56 61 63 66 69 70 71 72 78 80 81 
83 85 89 90 94 95 103 104 110 113 116 119 
123 129 131 132 133 134 137 140 142 145 146 153 
161 170 172 174 182 185 188 193 206 210 213 214 
220 223 229 231 233 237 239 242 244 247 272 276 
278 282 288 291 298 300 302 303 307 308 309 310 
313 326 327 329 333 336 337 341 342 348 350 353 
364 369 373 378 379 384 390 397 401 403 404 415 
416 417 419 422 427 428 434 435 439 443 445 454 
458 459 462 463 465 468 469 471 473 475 478 480 
482 484 486 487 490 494 498 499 503 509 518 521 
522 523 524 528 530 534 537 540 541 542 547 552 
554 561 565 567 569 570 571 575 581 583 589 593 
594 595 598 600 603 604 613 615 617 618 630 635 
636 651 664 666 670 671 674 675 677 679 689 694 
695 697 702 705 713 714 718 720 723 726 730 736 
749 759 760 762 767 770 776 777 778 780 785 794 
795 796 800 
257
1 3 12 13 16 19 20 21 22 23 25 27 
29 31 33 34 39 43 44 47 50 52 53 55 
56 57 63 65 67 70 71 79 81 82 83 85 
89 92 93 97 104 108 109 111 114 115 118 121 
122 123 125 133 134 136 137 138 141 142 143 145 
147 148 149 150 152 154 155 159 164 167 172 179 
181 187 191 192 193 202 203 205 206 207 209 212 
214 216 218 223 230 231 232 237 238 239 240 242 
243 246 249 252 258 260 263 264 272 274 282 283 
285 289 292 297 299 308 313 319 330 331 333 334 
335 336 338 354 357 364 365 367 369 370 371 375 
376 379 383 384 387 389 390 398 406 408 414 416 
417 419 424 428 432 434 438 443 447 455 456 458 
459 460 467 473 482 485 490 493 494 498 501 502 
504 510 511 519 523 524 526 529 539 540 541 545 
550 552 554 555 558 564 578 580 585 588 590 591 
593 597 601 603 605 610 611 613 617 618 621 622 
627 629 636 637 644 646 647 650 652 656 662 666 
668 669 678 679 683 684 686 690 693 699 711 712 
713 721 722 724 734 735 741 743 751 752 755 756 
762 769 770 771 773 776 777 778 781 782 786 789 
790 791 793 797 800 
243
4 10 16 21 34 35 36 40 43 44 45 46 
54 60 64 67 68 72 76 77 82 83 87 92 
94 95 97 101 102 106 110 112 116 118 121 124 
126 129 131 135 137 139 140 143 145 147 149 158 
164 171 178 183 197 198 201 207 208 209 212 219 
221 223 226 227 230 235 239 247 250 251 255 260 
262 263 265 273 274 275 276 281 287 291 296 300 
302 304 311 320 325 326 338 341 342 344 348 350 
352 356 360 363 364 373 377 378 380 382 384 385 
387 389 392 398 399 400 401 402 403 407 409 410 
413 414 415 419 420 421 422 424 425 428 432 435 
438 439 440 444 446 449 450 451 453 455 457 461 
463 466 467 475 476 480 487 495 496 500 503 508 
511 513 515 516 517 521 537 538 539 543 545 551 
560 565 566 572 574 580 587 588 589 590 593 594 
597 598 600 602 604 610 614 615 617 620 621 625 
626 627 629 631 634 640 642 647 649 652 662 663 
665 668 669 670 673 679 689 690 692 693 695 702 
703 711 715 720 725 728 731 733 734 737 746 747 
759 770 771 777 778 783 785 786 790 791 792 793 
795 796 799 
260
1 7 8 12 14 15 17 19 21 22 23 24 
28 36 38 42 46 55 56 65 67 72 81 82 
83 84 85 88 89 90 94 97 100 103 106 108 
109 110 111 113 115 120 121 127 129 133 134 136 
138 141 142 143 144 149 155 160 164 167 170 175 
176 178 180 184 185 187 189 191 192 195 198 199 
201 202 204 209 210 211 224 227 228 229 233 234 
237 239 240 245 246 247 251 252 256 257 258 259 
262 266 267 271 275 277 283 290 292 293 294 300 
309 311 312 313 314 318 321 322 326 328 334 337 
339 340 344 345 347 351 353 354 358 365 367 371 
374 379 383 386 388 393 394 397 398 399 404 408 
410 417 418 419 420 424 434 441 442 446 448 449 
456 457 465 467 476 478 481 485 488 489 492 494 
497 498 499 501 505 511 519 520 523 527 529 534 
535 536 542 546 549 556 557 562 566 573 578 581 
582 583 591 592 594 597 598 603 604 607 612 614 
617 618 620 621 626 627 629 631 632 634 637 641 
642 643 648 652 654 659 665 667 670 672 673 677 
680 683 687 695 699 701 706 707 717 719 724 725 
726 732 737 740 742 744 745 752 756 757 760 767 
773 774 777 793 796 797 798 799 
243
6 12 14 16 17 23 25 26 31 37 45 47 
54 59 61 62 64 66 72 73 79 82 84 85 
86 87 89 90 91 94 101 102 103 105 106 108 
115 117 118 123 124 127 131 135 137 139 141 142 
144 148 150 151 155 157 158 165 169 170 173 177 
179 180 183 185 186 191 195 196 203 206 207 209 
216 231 234 236 241 244 246 247 263 265 277 280 
281 282 288 294 295 304 305 309 317 323 324 327 
329 330 332 333 335 338 345 348 353 355 358 360 
370 372 378 380 389 394 396 400 401 410 411 412 
413 417 419 420 423 429 431 433 435 436 437 438 
439 441 444 447 448 452 456 461 465 483 484 488 
489 491 497 498 500 501 505 509 515 520 526 528 
533 538 540 542 546 552 553 556 558 563 567 569 
570 582 583 585 587 595 599 603 604 606 610 625 
626 627 628 630 634 639 642 643 644 645 646 650 
652 653 655 658 664 667 668 674 675 676 678 679 
683 684 686 688 691 692 694 696 697 703 704 709 
724 730 732 733 739 740 741 744 745 748 750 755 
758 760 762 764 767 768 770 771 772 773 775 776 
779 783 785 
247
6 9 14 16 17 23 24 27 28 30 31 32 
35 36 37 38 41 45 48 49 54 58 61 63 
71 73 77 78 79 88 90 91 92 94 95 100 
101 103 105 107 108 109 110 117 121 123 127 132 
134 138 140 145 147 148 151 153 155 159 160 164 
167 172 181 185 191 193 199 201 208 209 210 213 
217 219 220 221 224 226 227 228 229 231 233 235 
238 239 242 245 248 253 258 260 261 263 264 267 
270 271 275 276 288 291 292 294 297 298 299 302 
307 312 313 318 322 339 342 344 348 349 354 355 
357 359 361 363 375 379 381 388 392 395 399 403 
404 406 408 410 412 413 417 424 425 427 436 447 
455 458 460 462 465 471 472 476 479 483 487 489 
495 504 505 507 509 513 517 520 532 533 535 537 
548 558 559 562 564 568 571 572 574 575 581 582 
587 589 593 596 597 602 604 611 616 617 618 621 
622 625 626 628 631 632 637 640 641 642 652 660 
665 667 672 674 675 677 679 680 686 688 690 695 
697 702 712 713 720 723 725 728 732 734 737 739 
740 743 747 755 759 760 763 765 767 774 776 778 
782 789 792 793 795 797 798 
233
8 10 14 15 16 18 26 28 29 35 37 40 
45 46 52 57 60 67 72 91 94 102 103 106 
118 120 122 123 127 128 130 137 139 141 143 146 
147 152 155 156 157 159 165 168 169 171 173 175 
176 179 183 188 191 198 202 209 211 217 223 224 
226 228 229 230 234 238 239 242 243 250 251 258 
260 261 267 270 274 278 279 280 282 285 287 293 
295 303 307 316 320 326 331 336 337 338 339 340 
342 344 347 353 357 361 371 376 377 381 382 388 
389 390 392 402 403 407 411 413 414 420 425 431 
432 433 442 443 444 446 451 452 454 455 458 459 
461 463 469 477 478 479 481 483 485 487 488 493 
502 503 510 513 514 517 518 519 522 523 527 533 
541 549 550 551 552 557 560 561 567 570 573 578 
580 582 586 592 595 598 602 604 605 607 608 609 
610 611 612 615 623 630 634 638 639 644 645 650 
658 664 674 676 679 680 681 686 690 691 692 693 
694 695 701 707 716 721 723 725 729 734 735 738 
739 740 741 743 753 754 773 776 778 782 787 789 
791 793 794 795 796 
