800 200
1 1 1 1 1 1 1 1 1 1 1 1 
1 1 1 1 1 1 1 1 1 1 1 1 
1 1 1 1 1 1 1 1 1 1 1 1 
1 1 1 1 1 1 1 1 1 1 1 1 
1 1 1 1 1 1 1 1 1 1 1 1 
1 1 1 1 1 1 1 1 1 1 1 1 
1 1 1 1 1 1 1 1 1 1 1 1 
1 1 1 1 1 1 1 1 1 1 1 1 
1 1 1 1 1 1 1 1 1 1 1 1 
1 1 1 1 1 1 1 1 1 1 1 1 
1 1 1 1 1 1 1 1 1 1 1 1 
1 1 1 1 1 1 1 1 1 1 1 1 
1 1 1 1 1 1 1 1 1 1 1 1 
1 1 1 1 1 1 1 1 1 1 1 1 
1 1 1 1 1 1 1 1 1 1 1 1 
1 1 1 1 1 1 1 1 1 1 1 1 
1 1 1 1 1 1 1 1 
57
3 4 9 10 14 19 21 22 25 26 34 35 
37 38 41 44 45 50 53 55 56 57 58 59 
61 78 81 88 97 100 103 106 108 111 115 118 
123 125 132 145 151 154 157 158 159 162 164 169 
172 177 181 186 188 191 192 197 199 
69
4 5 13 15 16 20 21 22 24 29 31 33 
34 38 40 44 49 52 57 60 61 62 65 72 
76 77 78 79 82 87 92 95 98 102 106 108 
109 115 116 118 119 120 121 123 127 128 135 139 
143 144 150 152 155 159 161 165 168 169 170 171 
175 179 180 185 186 187 191 193 198 
59
1 4 7 9 15 20 24 27 28 29 31 38 
41 43 45 50 51 55 58 59 60 61 67 72 
77 82 84 86 94 95 102 103 106 112 114 121 
122 127 136 137 139 147 150 151 152 159 160 161 
164 167 168 169 172 178 179 186 195 197 200 
56
5 6 10 17 24 32 34 40 44 50 53 54 
55 70 71 72 74 78 82 83 85 91 93 94 
96 97 98 100 110 112 115 116 117 119 120 123 
137 138 141 142 143 145 146 147 155 158 163 169 
170 174 178 181 183 190 197 200 
64
1 3 6 7 10 15 20 22 29 35 39 49 
55 56 58 59 60 61 63 69 71 73 74 77 
82 87 89 90 95 96 98 99 102 104 107 108 
110 114 117 122 123 124 131 132 137 142 143 144 
147 150 154 157 160 161 164 169 172 175 176 177 
180 182 197 200 
47
3 9 10 20 28 29 30 34 38 39 42 43 
44 45 49 56 62 83 91 93 95 98 99 104 
107 108 112 116 117 121 125 129 136 142 146 147 
149 150 155 158 159 164 166 170 173 185 186 
68
5 6 8 12 14 15 16 18 22 24 27 33 
40 44 48 50 52 54 57 58 60 64 69 70 
71 73 74 80 81 83 85 87 88 95 101 109 
110 112 113 117 119 124 125 127 130 131 132 136 
137 142 143 145 147 150 152 153 158 167 171 173 
174 176 179 181 183 185 192 195 
58
2 4 6 7 13 14 21 23 24 25 26 27 
33 39 41 43 45 47 52 61 63 64 65 67 
69 71 83 86 87 89 93 97 103 106 108 109 
111 114 115 117 120 126 129 133 135 136 142 143 
147 148 149 160 171 172 178 185 187 195 
60
1 2 15 16 23 33 34 44 46 49 53 54 
57 59 60 63 69 71 72 75 77 79 85 87 
92 93 96 97 100 101 103 104 105 109 115 116 
119 126 132 133 134 138 144 149 153 154 155 156 
157 158 163 164 169 170 171 173 174 182 193 196 
69
18 22 23 25 27 28 29 31 32 33 34 35 
37 38 39 40 42 46 47 50 56 58 59 60 
62 64 66 67 70 75 78 82 85 86 87 88 
102 104 110 121 122 123 124 127 129 130 134 135 
141 144 153 154 157 159 160 161 162 168 173 176 
180 181 182 186 189 195 198 199 200 
67
1 7 9 17 19 21 22 23 31 32 37 40 
41 43 45 46 47 51 56 58 59 60 63 68 
72 78 83 84 85 87 88 95 96 99 104 107 
109 110 112 115 117 118 120 121 125 127 131 133 
135 137 141 143 152 153 159 160 166 167 168 172 
182 185 189 190 191 194 195 
64
3 7 10 15 16 21 23 26 29 32 36 38 
46 49 51 52 53 54 58 61 69 73 76 78 
79 81 82 84 88 91 95 96 103 114 115 116 
118 119 120 125 129 130 134 135 137 139 142 146 
147 155 159 160 163 164 167 170 172 182 186 192 
194 195 196 198 
58
2 4 7 11 12 13 21 27 28 31 33 38 
45 46 48 49 52 65 67 68 74 80 90 92 
95 96 97 113 116 123 128 130 131 132 133 136 
139 142 143 144 148 151 152 153 154 158 162 165 
169 172 177 178 185 186 190 191 193 197 
64
2 6 7 9 13 14 15 16 19 20 24 25 
28 31 32 35 42 48 50 61 62 64 67 69 
72 83 92 96 98 106 108 113 115 119 121 125 
126 130 134 135 137 138 139 144 145 147 151 152 
159 160 163 165 169 172 173 175 177 178 192 193 
194 196 199 200 
62
1 3 7 10 14 16 25 26 30 34 35 36 
39 40 41 45 46 47 49 51 56 58 59 60 
62 64 73 74 75 77 84 87 91 95 110 112 
113 115 117 118 122 123 124 125 140 143 144 148 
155 158 162 166 168 170 171 173 178 181 183 187 
195 199 
64
1 6 7 12 15 16 17 25 27 29 32 35 
37 39 45 47 50 51 53 59 62 68 70 74 
75 78 81 84 85 92 94 98 99 101 113 114 
115 120 122 123 126 127 130 133 138 144 146 147 
148 150 151 164 167 171 173 176 177 182 184 188 
193 196 198 199 
68
2 3 4 6 7 11 18 19 20 22 28 29 
30 31 34 35 42 45 46 48 52 56 64 65 
69 76 82 86 88 94 98 99 102 103 108 110 
114 118 122 126 127 128 129 130 133 134 136 137 
141 142 148 149 151 158 160 167 169 172 174 175 
177 178 181 187 190 195 199 200 
68
5 6 7 9 10 11 13 14 16 17 23 25 
26 29 37 38 41 42 47 49 52 55 58 59 
61 74 77 83 87 89 102 103 105 106 107 109 
110 111 120 123 129 130 131 132 134 139 141 143 
144 145 156 159 160 166 169 173 176 177 178 181 
182 185 188 189 192 193 194 198 
53
1 5 11 12 17 19 23 27 28 33 36 37 
40 41 45 48 56 60 66 77 78 80 83 84 
92 93 97 98 99 101 104 113 114 120 124 128 
129 130 131 137 138 148 157 159 164 174 178 184 
188 190 191 193 194 
63
3 4 14 15 18 22 24 25 27 28 35 37 
42 43 49 50 55 60 72 74 75 77 79 81 
86 91 100 102 109 110 111 114 115 117 120 121 
123 124 126 129 132 133 136 137 141 143 146 152 
153 154 155 157 158 162 165 167 169 172 179 180 
189 198 200 
59
2 3 11 13 15 16 18 23 26 29 31 37 
40 43 45 46 47 50 53 58 59 70 72 79 
87 95 96 98 101 102 107 108 110 113 120 123 
127 129 137 138 151 152 153 154 158 159 161 164 
166 170 172 179 182 184 188 189 190 198 199 
61
2 7 10 11 20 21 22 23 28 29 32 35 
36 41 42 46 47 51 52 54 55 60 62 63 
64 65 74 85 86 87 88 90 92 97 98 99 
101 104 125 127 132 133 137 141 142 143 147 148 
150 154 156 162 166 169 170 171 172 186 192 193 
200 
57
1 4 9 13 14 20 23 25 38 40 43 45 
55 59 62 63 66 80 82 88 90 91 92 93 
94 96 97 105 108 111 117 121 128 134 140 141 
144 145 147 148 150 151 153 155 158 165 166 169 
170 172 175 177 178 179 185 186 200 
80
6 8 11 14 15 16 18 22 28 29 33 34 
36 37 38 39 40 41 42 43 48 50 52 53 
54 56 57 59 61 62 68 77 78 80 82 85 
88 93 95 96 99 103 109 112 114 115 117 121 
122 123 125 132 133 139 142 147 148 149 151 158 
159 161 163 164 167 168 169 172 174 176 177 178 
179 182 185 191 192 193 194 199 
59
4 6 11 13 14 15 19 24 25 26 32 36 
39 41 42 51 55 56 66 68 74 82 84 88 
89 95 98 99 103 107 108 113 115 118 119 125 
127 130 133 140 145 149 151 153 154 155 156 160 
163 164 167 172 173 174 177 182 184 187 188 
64
1 2 3 5 6 12 15 16 18 22 23 28 
32 33 37 39 40 45 49 50 54 55 58 63 
64 73 76 78 81 84 85 88 97 98 102 104 
107 108 110 111 114 115 121 123 126 129 135 146 
148 153 156 158 159 162 165 168 169 173 180 182 
184 185 195 197 
62
2 4 8 14 15 16 20 21 23 27 29 37 
38 41 44 47 52 54 58 59 66 69 71 72 
76 80 81 84 87 93 101 102 104 111 114 118 
125 128 137 140 147 150 153 156 159 161 162 163 
166 169 172 173 176 178 182 184 189 191 193 197 
199 200 
61
2 3 5 8 9 14 15 19 20 22 27 29 
35 36 38 40 42 45 47 50 56 57 58 60 
61 66 76 78 81 83 89 90 99 112 117 118 
121 123 130 137 138 141 142 145 147 148 153 156 
168 171 172 176 178 182 186 187 188 191 193 195 
199 
56
4 9 11 16 20 22 25 27 30 32 33 34 
40 53 54 67 70 73 75 90 95 101 102 108 
109 111 114 115 116 121 125 126 141 148 149 150 
151 152 155 157 159 162 164 168 169 171 175 177 
178 180 188 189 191 192 196 199 
68
2 3 4 7 8 9 12 14 15 16 17 18 
29 33 34 39 45 46 54 56 57 66 67 68 
70 72 79 82 83 85 87 90 91 94 95 99 
102 107 118 125 126 128 132 133 134 135 140 143 
145 148 150 151 154 155 157 159 163 165 166 169 
175 176 178 182 184 192 193 200 
52
1 11 13 15 19 20 25 34 43 48 49 57 
64 71 72 73 75 76 83 91 92 93 94 98 
100 110 114 116 124 125 126 127 130 136 137 141 
142 143 144 145 150 151 154 157 165 167 178 179 
183 185 191 200 
50
1 5 15 20 25 26 31 34 44 49 65 71 
75 76 85 89 91 93 94 99 100 101 103 104 
108 111 115 119 122 125 126 134 135 143 151 158 
159 160 161 162 166 167 169 174 175 187 189 190 
191 192 
55
5 17 21 22 26 27 32 34 36 43 44 48 
51 53 55 57 59 61 67 68 74 76 88 90 
91 93 95 97 98 99 103 107 108 115 123 124 
133 136 141 144 146 151 155 157 159 172 179 180 
182 183 187 190 191 194 195 
62
3 5 7 8 9 15 18 19 21 25 31 40 
43 46 54 55 56 59 62 63 65 69 70 77 
79 80 83 86 87 94 96 97 100 111 114 117 
124 126 129 130 131 132 133 136 137 140 142 143 
144 146 148 154 156 157 158 173 181 185 190 193 
195 197 
53
3 9 17 25 32 33 35 37 40 41 50 51 
52 57 59 61 65 68 74 78 80 82 84 91 
99 103 104 105 106 109 114 117 120 122 124 125 
131 136 140 142 144 145 156 162 171 173 176 180 
188 189 192 195 200 
62
1 5 7 9 16 21 22 23 25 28 32 33 
36 40 42 47 54 57 66 68 74 76 80 83 
86 88 89 92 93 94 95 96 97 101 106 108 
113 117 120 122 125 128 129 137 145 147 150 152 
158 161 163 165 166 167 171 175 178 179 182 183 
195 197 
64
2 3 5 19 20 21 24 25 28 31 34 35 
46 47 51 52 53 55 56 57 59 63 67 69 
70 76 80 81 83 85 90 96 99 103 107 108 
109 110 111 115 117 119 125 126 128 131 132 133 
137 143 144 153 156 158 160 166 167 168 169 174 
180 186 187 194 
62
4 7 9 12 15 16 18 27 29 30 31 36 
43 44 47 49 52 62 63 66 67 69 71 72 
76 82 83 90 91 93 94 96 97 99 103 118 
119 122 132 134 135 136 142 144 146 149 152 153 
156 159 167 171 178 179 181 182 183 186 187 190 
194 198 
54
5 9 12 13 17 18 24 37 42 43 44 49 
50 52 58 60 64 66 77 86 87 91 96 98 
104 108 111 116 117 124 125 127 133 135 140 143 
145 146 148 149 159 161 164 168 170 178 180 181 
182 185 189 193 194 196 
55
2 10 12 18 23 26 33 34 38 52 53 61 
65 67 69 70 71 80 81 82 83 86 90 92 
96 103 111 112 115 125 128 134 136 137 141 151 
152 154 162 165 167 172 173 178 180 185 186 187 
191 192 193 197 198 199 200 
53
1 7 8 14 15 17 18 20 21 23 26 28 
29 34 38 42 53 55 59 61 64 66 70 71 
73 74 75 76 79 82 84 86 96 104 107 109 
121 123 133 136 141 144 147 159 168 175 177 182 
185 187 191 197 199 
63
1 2 3 4 7 9 13 16 24 31 32 33 
34 37 39 41 46 47 50 60 61 63 69 70 
73 74 87 89 90 91 95 98 101 104 105 106 
109 110 125 130 134 136 137 139 145 147 152 153 
154 161 162 164 165 168 169 174 182 183 188 190 
193 195 198 
53
2 3 8 17 19 20 22 29 34 40 41 43 
46 47 51 55 58 60 64 68 71 75 76 80 
82 84 85 86 87 96 98 109 110 112 113 115 
128 129 136 137 141 143 154 163 164 166 176 178 
180 181 186 191 197 
68
5 8 12 16 18 20 22 28 30 33 37 38 
39 40 45 47 48 49 50 54 57 59 64 66 
72 73 77 83 88 91 95 96 97 98 101 104 
106 108 110 111 113 117 118 120 121 124 130 131 
132 138 140 144 145 154 158 160 161 165 169 171 
174 176 178 181 184 185 194 200 
54
2 6 11 13 17 21 23 26 30 32 34 41 
42 47 51 53 56 63 65 71 72 78 86 90 
91 98 100 103 105 106 108 109 117 119 123 124 
125 134 140 142 147 148 150 153 154 156 158 161 
163 167 173 180 182 185 
56
5 7 9 21 28 31 33 35 36 38 39 48 
49 52 62 63 64 65 66 71 75 78 85 86 
92 94 99 101 109 110 117 118 119 121 122 127 
130 131 133 141 144 145 148 149 155 158 167 172 
176 178 182 183 186 189 195 199 
57
9 10 16 18 22 23 25 28 29 34 36 39 
45 48 55 58 60 64 67 72 74 90 95 96 
100 101 103 108 111 114 115 116 118 119 121 129 
131 132 136 147 150 156 157 159 161 163 165 173 
178 179 183 185 187 189 192 197 200 
56
1 2 7 17 24 28 29 30 36 37 38 49 
53 62 63 64 65 70 71 77 81 82 84 86 
92 94 102 104 108 111 112 115 116 119 122 124 
128 130 144 147 150 152 155 157 159 161 164 165 
168 169 175 176 188 189 197 200 
58
4 7 9 13 16 17 18 20 22 25 26 29 
30 31 33 34 37 38 43 48 52 56 60 61 
67 69 70 77 85 86 87 95 97 105 113 117 
119 120 123 129 131 132 138 145 151 157 161 162 
164 171 175 180 182 190 192 193 198 200 
51
7 9 19 26 27 34 38 42 45 50 57 59 
64 70 74 75 76 82 84 87 88 89 91 95 
97 103 115 116 122 123 124 130 133 137 142 145 
147 157 161 164 165 174 175 184 185 187 190 191 
194 195 197 
64
3 6 10 17 25 29 30 38 43 44 49 53 
58 61 62 63 79 84 86 95 98 102 106 109 
110 111 112 113 115 118 119 121 124 126 127 130 
133 134 135 137 139 142 144 148 149 152 153 154 
156 158 159 162 164 165 167 168 169 172 173 174 
180 185 190 197 
61
1 2 5 11 12 15 16 17 19 25 28 32 
34 37 40 44 46 47 48 50 51 57 59 61 
62 63 64 77 90 98 102 105 106 108 112 115 
121 126 129 132 135 140 143 146 151 152 153 156 
160 164 165 172 173 175 176 177 179 182 184 186 
193 
59
6 7 8 9 13 14 16 19 21 22 23 31 
38 39 40 49 60 72 78 80 83 87 88 90 
96 103 111 113 115 119 123 125 128 130 137 139 
141 143 145 154 158 159 162 164 168 169 170 171 
173 179 183 185 186 190 191 195 196 197 200 
60
2 3 9 13 14 16 17 18 20 24 25 26 
29 31 35 38 44 45 46 47 49 57 60 61 
64 83 89 93 102 103 109 111 114 116 117 120 
121 122 139 140 141 143 144 151 154 161 162 164 
170 173 175 178 180 181 183 187 188 195 198 199 
54
1 2 9 24 25 26 40 42 45 48 52 53 
60 63 64 69 70 71 74 79 83 87 94 110 
113 117 121 124 126 127 129 132 134 137 138 140 
143 149 150 151 160 163 164 166 171 175 179 181 
185 187 188 191 196 200 
74
6 10 11 12 14 18 20 23 25 26 30 32 
35 38 40 42 44 45 47 53 60 61 62 64 
66 76 79 82 84 95 98 101 105 107 108 109 
110 112 113 116 118 120 121 124 126 131 135 136 
137 138 140 142 149 150 156 157 159 160 162 163 
166 167 168 169 176 178 179 183 185 186 189 195 
199 200 
48
2 11 12 15 18 21 22 25 26 30 44 46 
56 62 68 76 78 82 85 93 98 101 104 105 
106 107 109 112 115 116 119 122 123 131 134 137 
143 147 155 156 157 161 167 172 186 188 190 200 
56
5 7 10 12 15 24 26 28 29 32 33 34 
39 42 48 52 56 59 64 65 66 68 73 74 
76 81 85 87 95 96 99 102 104 106 108 109 
110 116 118 122 131 135 141 144 147 153 154 161 
173 179 180 187 190 194 195 197 
55
1 13 15 21 23 26 32 34 38 39 42 43 
44 45 46 57 58 63 65 68 77 84 90 91 
94 99 106 107 113 115 116 118 120 122 128 138 
139 140 142 143 145 148 150 153 163 165 174 176 
180 182 186 190 191 192 200 
67
4 10 23 25 27 30 32 33 36 37 38 39 
41 42 43 46 49 50 51 52 54 59 60 63 
64 65 66 72 77 80 84 87 89 91 98 99 
103 106 107 110 114 117 120 121 122 130 132 135 
137 143 148 151 152 159 162 163 165 168 172 173 
175 181 182 188 189 192 196 
61
3 4 5 6 19 20 22 24 36 37 40 43 
46 48 55 60 63 64 67 70 78 79 81 89 
92 95 99 100 104 109 111 113 118 125 137 139 
141 142 145 146 150 151 153 154 156 157 158 162 
163 167 168 169 177 179 182 183 185 188 189 195 
200 
63
2 5 7 14 15 19 20 25 27 29 43 45 
48 49 50 51 52 53 58 61 65 68 71 72 
73 74 75 79 82 86 87 88 89 90 96 98 
105 107 108 110 116 119 127 137 138 147 151 153 
154 156 160 166 177 178 181 183 186 187 190 193 
195 197 199 
48
4 6 8 17 21 23 40 55 60 69 71 76 
79 80 82 85 91 100 101 102 104 107 109 111 
112 113 116 118 122 126 127 129 131 132 137 141 
142 145 149 154 156 157 161 167 168 179 188 190 
58
6 8 12 14 18 20 23 29 39 49 50 52 
54 56 61 68 74 78 79 82 83 86 89 92 
94 97 104 107 108 109 110 111 112 113 115 116 
117 124 128 130 132 140 141 146 149 160 162 165 
166 167 168 170 175 182 187 190 191 198 
60
3 5 7 12 16 21 24 27 28 34 35 36 
40 41 47 48 52 55 57 59 62 64 67 74 
75 78 80 85 88 89 97 114 118 119 123 127 
132 133 138 144 152 153 154 156 157 160 161 164 
165 166 167 170 171 172 173 174 177 181 183 195 
56
2 11 14 18 21 27 31 37 39 55 63 65 
74 83 86 91 93 94 98 100 103 105 110 112 
114 115 116 120 121 132 137 138 140 144 150 154 
155 158 159 163 165 166 168 177 181 184 185 187 
188 192 194 195 196 197 199 200 
59
2 3 7 9 13 15 19 30 31 34 39 40 
42 44 51 52 56 60 71 72 74 76 80 81 
82 91 102 103 105 109 112 113 114 118 119 123 
128 129 130 136 139 143 144 145 146 157 158 164 
167 174 175 176 177 181 188 189 193 195 197 
64
5 8 11 13 17 25 26 28 30 36 41 42 
43 46 52 53 55 58 59 61 64 65 68 70 
72 73 76 87 89 92 94 100 102 106 109 112 
114 116 117 118 124 125 127 128 129 131 142 144 
145 146 151 154 156 159 161 162 164 170 175 176 
180 189 195 200 
67
14 15 16 18 19 24 28 30 31 35 43 46 
50 53 57 59 61 64 65 66 68 71 76 81 
85 88 90 91 94 95 100 104 106 110 114 119 
121 123 125 126 128 129 131 137 140 141 142 144 
148 151 155 160 161 162 163 164 171 174 179 180 
184 185 190 191 195 196 197 
57
1 9 11 13 14 20 22 24 27 28 35 44 
46 49 50 51 52 54 60 74 77 78 81 86 
88 97 101 105 108 124 130 132 133 134 136 137 
142 150 151 157 160 161 163 164 168 169 170 171 
173 179 181 188 191 193 196 198 200 
58
7 10 12 17 21 29 33 34 39 41 42 43 
44 48 49 59 68 75 76 82 84 85 86 87 
91 94 96 105 106 107 109 111 112 114 115 116 
118 123 124 126 132 133 143 148 150 152 154 157 
165 171 175 185 187 190 192 194 195 198 
58
5 11 12 15 16 20 22 24 27 28 35 37 
43 49 51 54 59 60 65 67 75 78 80 82 
87 88 94 97 106 116 119 120 129 130 131 135 
138 142 143 145 146 158 161 163 170 171 174 175 
177 179 180 184 190 192 193 196 197 198 
54
3 4 5 6 7 11 12 19 20 22 29 30 
32 35 38 45 50 59 61 64 71 80 90 91 
93 95 98 99 102 103 107 112 118 124 131 132 
135 139 146 151 152 154 155 157 159 160 161 163 
169 179 180 182 193 196 
56
5 15 16 19 20 21 23 24 32 38 44 45 
46 48 52 55 57 63 74 75 76 77 78 79 
82 84 85 86 87 99 101 106 109 112 113 114 
119 120 124 125 136 138 141 150 156 159 168 175 
179 181 185 186 187 188 190 198 
54
1 5 6 8 12 18 19 24 26 27 32 46 
49 56 58 65 68 70 73 74 78 80 83 91 
93 94 98 99 103 104 106 107 114 116 127 129 
136 139 143 147 149 150 151 163 167 170 171 181 
185 186 189 190 194 199 
54
8 10 15 18 25 27 37 41 44 46 47 52 
53 57 59 61 62 66 69 86 90 92 97 100 
105 111 122 123 126 130 139 143 144 148 150 151 
152 153 160 161 162 170 172 176 177 180 183 186 
191 192 195 196 198 200 
57
4 7 11 14 21 24 29 33 43 44 47 48 
52 53 56 57 60 62 73 82 83 85 94 96 
97 105 106 109 111 119 120 122 128 141 142 144 
145 146 150 152 158 161 163 164 165 166 168 169 
170 175 176 180 185 188 190 195 199 
58
2 5 6 7 13 21 22 30 33 36 38 39 
41 42 49 54 55 60 66 72 76 77 83 95 
97 100 106 108 110 111 117 118 119 127 130 131 
132 135 139 140 146 150 153 155 158 164 168 170 
171 172 173 174 179 186 189 194 197 199 
61
6 8 10 13 20 23 26 27 33 35 37 43 
44 46 51 54 57 59 62 66 67 68 69 73 
74 78 81 84 87 97 103 107 108 109 110 114 
117 119 122 123 124 126 138 139 158 161 163 166 
167 174 175 177 178 179 180 182 183 184 190 195 
196 
61
8 11 15 19 21 24 25 28 30 33 37 41 
45 46 50 51 53 57 61 63 65 68 69 71 
78 80 83 84 89 90 91 102 103 104 106 109 
114 115 116 117 120 124 125 129 130 133 135 136 
138 145 146 148 155 158 161 169 182 187 191 192 
198 
58
3 8 9 10 11 16 19 21 28 33 34 38 
41 44 51 54 58 59 74 76 80 83 87 89 
90 96 98 101 103 112 119 126 129 143 146 147 
148 150 152 154 156 158 164 165 168 170 174 175 
177 178 179 182 184 185 187 195 198 200 
52
10 14 15 16 17 23 30 32 33 38 46 47 
49 53 56 57 61 68 71 72 73 75 76 77 
85 86 88 95 98 104 109 110 115 119 129 140 
141 144 148 153 160 163 164 168 172 173 176 184 
185 186 187 188 
60
2 6 8 12 15 21 24 26 27 36 47 52 
59 67 69 73 74 75 76 79 85 93 97 98 
101 104 105 107 108 109 113 116 119 121 123 125 
129 132 136 144 147 150 158 166 168 173 174 176 
177 179 184 185 187 188 189 190 193 194 198 199 
64
1 3 5 6 15 18 22 27 32 37 39 41 
48 49 54 56 57 58 60 63 64 66 70 74 
78 82 83 87 90 91 100 101 103 108 113 114 
116 117 120 121 123 126 130 134 136 137 140 143 
145 148 149 150 156 158 159 160 166 170 176 182 
184 187 194 199 
62
4 7 15 23 24 28 33 36 38 40 42 44 
49 50 59 62 63 64 65 66 67 69 71 76 
77 79 83 87 95 97 106 108 109 110 111 113 
126 127 128 130 136 137 139 143 146 150 152 153 
154 157 162 164 165 167 173 176 182 183 186 196 
197 198 
56
1 7 8 18 19 23 26 28 31 33 39 41 
42 43 50 55 58 59 64 71 77 88 91 92 
96 103 104 106 107 117 127 131 136 138 139 142 
144 145 147 148 150 158 160 163 170 172 174 176 
179 181 183 184 188 192 193 197 
62
4 7 9 11 13 17 18 25 28 33 39 49 
53 57 62 64 67 72 74 78 81 83 84 92 
96 97 101 105 107 108 110 117 118 119 120 123 
124 125 127 131 134 136 143 148 151 152 153 158 
159 165 171 172 175 176 177 179 180 189 190 194 
197 200 
60
1 6 7 8 9 10 12 13 18 21 23 34 
40 41 43 47 54 57 59 61 64 74 77 81 
83 84 89 91 94 95 99 101 107 109 111 114 
122 124 125 129 131 148 150 153 156 157 158 161 
162 163 164 166 167 177 179 181 191 197 198 200 
60
1 2 4 5 6 7 18 19 23 24 26 28 
34 46 47 52 53 54 63 65 67 71 73 75 
89 90 91 94 96 100 103 105 110 112 119 128 
131 132 136 137 140 141 146 148 151 152 153 156 
158 165 166 168 169 171 172 178 182 183 192 200 
66
3 5 6 12 14 18 21 31 32 35 36 37 
44 46 47 52 55 57 58 65 67 79 80 81 
85 87 91 94 101 105 108 110 111 112 113 117 
119 121 124 126 128 132 133 134 142 143 145 146 
148 150 151 153 158 163 165 167 172 176 181 184 
187 191 194 195 196 199 
56
5 7 13 14 17 18 20 22 23 24 25 27 
38 44 48 54 55 57 58 59 60 61 62 64 
73 74 78 79 81 82 83 92 94 109 110 113 
114 115 124 126 127 131 132 135 137 142 147 149 
150 154 170 171 173 183 186 195 
63
1 2 5 7 10 11 12 13 17 24 26 27 
30 31 33 44 47 49 54 57 58 61 67 69 
73 74 75 76 78 79 84 89 91 95 103 106 
108 111 113 121 128 130 132 134 136 141 145 148 
150 159 161 162 163 164 166 167 170 171 191 197 
198 199 200 
60
4 7 8 10 14 15 19 22 23 31 33 35 
38 40 44 49 51 55 56 60 61 64 71 75 
78 79 82 85 88 93 102 104 106 109 111 112 
118 124 131 132 134 135 141 145 150 152 155 156 
157 158 159 170 171 179 182 183 188 193 198 200 
60
4 6 7 11 13 15 19 24 34 35 36 43 
44 46 52 56 61 64 67 70 72 73 75 78 
81 82 83 92 93 98 103 104 113 114 116 118 
125 126 129 132 133 138 140 142 144 146 147 153 
157 159 163 167 170 173 181 183 192 193 194 197 
53
4 8 11 14 16 18 19 20 22 24 28 30 
32 33 34 37 40 44 47 53 55 56 57 62 
68 72 84 86 87 89 90 95 103 105 106 107 
109 111 114 117 141 145 149 152 153 163 167 172 
189 192 197 198 199 
60
5 9 10 14 16 21 22 31 32 33 34 35 
39 44 45 47 54 57 59 60 63 66 68 73 
77 80 81 82 84 93 94 108 109 112 114 122 
126 127 129 131 134 138 141 143 145 151 156 164 
165 167 168 171 172 174 175 179 184 186 190 191 
62
3 4 7 29 30 39 40 42 47 49 50 53 
67 68 70 71 74 75 79 80 84 87 88 91 
96 103 105 110 111 119 120 128 129 132 134 136 
145 147 152 154 155 156 159 160 162 164 165 168 
169 171 173 175 176 178 179 188 190 192 193 194 
195 200 
66
3 5 11 16 18 19 22 24 27 29 32 41 
45 46 48 50 53 55 56 62 64 68 69 72 
73 75 79 80 82 86 88 90 101 103 105 112 
117 121 122 131 133 135 140 141 148 149 150 152 
153 158 160 161 162 166 167 169 170 176 181 186 
189 191 195 196 197 199 
67
3 5 11 12 21 22 23 32 35 38 41 42 
43 49 51 54 59 61 66 71 75 77 78 79 
80 82 86 88 91 93 95 98 105 118 119 121 
122 123 125 126 127 130 131 132 135 138 142 143 
150 152 153 154 156 157 159 161 163 164 167 169 
171 173 175 180 182 184 190 
68
5 7 8 9 10 11 17 21 24 27 30 33 
36 38 39 44 45 47 50 51 53 60 64 66 
67 72 73 76 78 81 83 85 86 89 94 97 
100 104 106 109 110 111 114 117 133 134 136 137 
146 147 150 151 154 159 162 163 166 169 174 178 
180 186 187 188 190 193 197 200 
60
2 3 5 13 14 18 19 20 26 32 34 36 
37 43 44 58 60 61 63 64 69 74 78 79 
86 89 93 95 96 97 98 103 106 107 111 112 
114 115 119 120 121 125 126 128 129 131 137 142 
144 146 147 149 153 160 174 179 191 192 197 199 
60
6 16 17 26 30 32 33 36 38 43 47 48 
51 52 57 59 61 63 64 69 73 78 81 84 
87 88 92 93 96 101 103 104 105 107 110 111 
113 125 126 135 137 141 142 160 168 175 177 178 
179 181 182 183 184 185 186 190 193 195 197 200 
57
2 6 8 10 14 15 17 19 25 26 33 35 
38 40 41 42 43 45 64 68 69 76 79 81 
82 83 86 91 92 95 98 105 106 114 115 117 
119 120 125 129 136 144 148 151 153 163 165 166 
169 172 174 182 189 190 191 193 194 
67
1 5 14 16 18 20 27 28 33 34 35 40 
49 50 52 55 64 65 66 67 69 71 72 75 
79 81 86 94 96 97 99 101 106 107 110 112 
114 116 117 119 122 126 131 136 137 140 141 142 
144 145 147 149 151 155 172 173 176 179 182 183 
185 186 191 193 194 195 197 
60
7 15 16 18 20 21 22 24 32 33 42 46 
51 53 54 57 61 63 74 78 79 86 87 88 
92 93 94 101 104 105 108 109 110 118 123 127 
128 130 132 135 136 138 139 141 152 155 164 166 
169 171 173 177 184 186 188 189 190 195 198 199 
49
8 29 35 36 38 39 45 46 48 49 56 58 
61 63 65 82 83 85 87 88 91 92 105 109 
114 124 126 128 131 132 134 137 144 153 157 159 
160 162 164 167 169 171 173 174 178 184 189 192 
193 
56
5 8 12 27 30 32 33 34 37 46 48 52 
55 57 61 62 64 66 67 70 77 78 82 85 
89 93 96 98 99 101 102 103 104 106 108 109 
110 117 120 126 132 135 136 139 148 152 159 162 
167 174 177 178 188 190 193 199 
69
3 5 9 11 17 18 20 23 24 29 33 34 
36 37 39 40 44 45 48 49 55 56 62 63 
66 70 73 78 83 85 89 93 95 97 98 100 
101 103 108 118 121 127 128 129 130 134 135 146 
147 151 152 155 156 158 159 164 166 167 170 173 
177 182 188 189 191 193 194 196 198 
63
2 5 9 11 15 16 18 23 24 27 29 30 
33 37 44 48 49 50 52 53 60 65 71 73 
79 81 83 84 86 94 107 110 113 118 120 121 
122 123 124 126 129 136 137 140 142 143 147 151 
154 158 160 166 171 172 174 175 183 184 192 193 
194 196 197 
62
1 2 5 7 12 13 19 23 25 34 36 37 
41 42 44 45 48 55 62 63 66 68 74 75 
76 82 83 84 86 90 93 97 100 101 105 107 
111 114 117 121 122 123 127 131 139 140 146 155 
158 161 166 172 173 174 176 177 181 182 184 192 
195 198 
58
4 9 13 14 18 20 22 26 28 35 37 38 
39 41 43 45 55 57 59 61 63 64 69 71 
74 80 83 87 98 100 103 106 112 114 115 117 
118 124 133 138 144 147 149 151 152 154 158 161 
170 172 174 176 177 182 185 186 193 197 
54
3 6 10 11 13 15 16 21 22 24 36 38 
54 56 59 68 69 70 71 78 80 83 89 91 
106 109 114 117 118 122 126 128 138 139 140 145 
147 150 154 157 158 161 174 175 176 177 179 182 
183 184 185 188 194 198 
60
5 7 11 15 16 21 23 30 32 34 35 37 
39 42 55 62 65 68 71 72 75 76 81 88 
90 92 97 107 113 114 117 118 120 123 124 125 
129 130 131 132 134 139 142 145 147 156 160 164 
165 167 169 173 179 184 185 190 191 192 195 197 
63
4 5 12 20 22 28 34 35 36 42 46 47 
48 54 57 59 63 66 67 68 69 71 78 79 
80 81 83 87 89 91 94 95 100 102 106 110 
111 122 125 126 134 138 139 142 145 147 149 158 
161 164 172 174 175 178 179 180 181 182 183 186 
190 191 199 
59
2 3 6 10 11 12 14 15 18 26 29 32 
35 44 47 51 55 57 68 80 83 85 87 88 
90 95 97 102 108 109 111 112 113 114 119 120 
121 126 129 130 132 135 139 141 147 148 153 155 
163 168 169 172 178 180 183 188 197 198 200 
57
6 8 14 17 18 20 24 26 30 38 44 52 
53 57 58 62 63 64 71 82 85 98 99 100 
104 107 108 112 114 118 121 123 126 127 131 136 
140 141 143 144 145 146 157 161 166 167 173 174 
176 181 182 184 190 196 198 199 200 
67
1 4 7 19 21 26 27 28 32 35 37 40 
45 48 49 52 55 59 62 63 64 65 67 69 
78 80 85 89 92 96 98 101 102 104 107 109 
112 113 115 116 122 125 127 130 131 132 139 142 
146 147 149 150 155 162 165 166 169 174 177 180 
181 187 191 192 196 197 199 
55
2 6 12 13 14 21 22 24 29 40 43 45 
59 64 70 78 85 86 87 88 96 98 99 100 
101 106 110 113 115 116 125 127 128 129 133 134 
135 139 141 142 146 157 158 164 167 169 172 178 
181 189 192 194 196 197 200 
55
8 19 30 32 37 40 41 44 46 52 53 56 
58 61 68 73 74 76 83 86 89 100 101 102 
110 116 118 122 124 127 133 135 136 137 139 142 
147 149 150 151 155 158 163 172 173 174 177 180 
182 184 189 192 193 195 198 
69
3 6 8 11 19 22 25 32 41 52 54 55 
56 58 60 61 62 66 67 73 78 79 83 84 
86 89 91 94 99 100 101 102 103 107 109 120 
121 122 123 124 127 128 129 131 136 137 138 139 
148 150 151 153 156 160 161 166 169 177 180 184 
185 186 190 191 194 197 198 199 200 
62
1 2 3 5 6 7 17 19 20 21 23 26 
27 31 32 40 41 42 47 48 49 51 57 62 
63 76 78 82 83 85 90 91 92 102 103 109 
116 117 120 121 125 130 133 134 139 144 145 152 
154 155 157 158 165 174 177 181 184 186 188 190 
194 195 
72
2 3 4 6 9 10 11 15 17 20 34 40 
41 42 43 44 49 50 54 58 59 60 61 62 
64 65 66 67 68 72 79 84 87 88 89 90 
91 92 101 106 107 111 113 114 118 120 121 122 
128 134 136 139 142 144 145 146 147 152 153 158 
159 168 171 173 178 179 180 182 183 192 193 199 
50
7 18 20 27 33 37 46 52 60 67 69 78 
84 91 103 108 110 112 118 119 122 124 125 127 
129 131 137 138 141 142 144 147 148 151 153 154 
155 158 161 168 174 175 176 180 181 183 188 192 
194 199 
54
1 2 5 12 14 16 19 26 28 30 32 35 
37 40 43 47 48 52 57 58 72 79 81 83 
84 90 94 100 103 106 110 114 115 118 119 120 
121 125 134 137 141 142 150 153 155 159 160 175 
178 180 184 188 195 196 
62
3 4 6 8 10 11 12 15 17 22 23 24 
30 32 34 39 50 56 59 61 66 67 68 74 
76 77 78 82 83 86 87 93 95 97 99 102 
104 105 106 111 114 119 122 124 125 126 127 129 
138 145 149 155 157 165 166 167 182 185 192 195 
196 199 
60
5 9 11 14 16 17 23 24 27 29 30 32 
34 36 37 41 44 53 54 56 67 69 73 74 
77 78 85 89 92 94 96 106 120 121 122 123 
126 127 128 129 133 134 135 137 142 144 146 147 
152 155 160 164 165 166 174 178 180 182 192 199 
58
4 5 10 13 20 24 26 28 31 36 40 42 
44 45 48 49 51 53 55 61 66 67 69 72 
75 77 81 82 87 92 95 100 108 116 117 119 
120 122 124 125 135 138 139 140 141 142 149 153 
156 159 162 168 181 182 187 189 193 200 
57
4 6 7 8 11 13 14 16 26 27 38 40 
45 57 63 66 67 69 70 71 73 74 76 77 
85 89 95 100 102 107 111 115 118 120 124 128 
131 133 134 136 138 141 148 149 155 156 158 159 
160 162 169 170 175 176 177 190 198 
68
1 3 11 14 15 21 23 24 26 27 34 37 
38 40 41 43 45 46 48 49 52 56 60 66 
69 73 77 79 89 102 103 104 105 106 111 113 
115 120 127 129 132 133 136 138 141 148 149 151 
153 158 159 160 167 168 172 173 175 178 179 182 
190 191 192 193 194 195 197 200 
67
4 10 11 15 17 18 31 37 40 45 51 55 
61 63 64 67 68 69 71 75 76 81 84 87 
88 93 97 102 106 109 110 111 112 116 119 121 
122 123 128 130 134 141 143 144 145 147 151 152 
153 155 156 157 158 163 166 167 173 174 176 182 
185 188 189 191 194 195 198 
71
1 10 13 15 17 21 22 26 31 35 38 41 
42 43 49 55 58 60 61 65 74 75 78 80 
82 83 84 85 86 92 98 99 101 105 111 113 
114 115 123 124 126 127 128 129 130 131 139 140 
141 145 146 147 152 157 159 160 161 162 163 166 
168 176 180 184 187 188 189 194 196 198 200 
55
3 6 7 8 12 13 14 15 28 29 30 33 
34 35 36 40 45 47 48 54 58 60 66 68 
69 75 76 79 84 89 90 92 94 98 103 112 
113 114 120 126 129 144 148 153 154 157 166 167 
170 176 177 184 186 193 194 
67
7 10 15 17 18 20 23 27 28 29 34 35 
39 41 49 55 56 57 59 60 61 63 68 71 
73 79 84 88 90 94 99 100 102 104 105 113 
119 120 122 123 125 132 136 139 140 148 149 150 
151 160 161 163 164 168 169 175 180 182 183 186 
188 189 192 194 195 197 200 
70
2 5 9 15 17 20 21 22 24 25 26 27 
31 34 40 42 44 50 53 56 61 63 66 67 
73 75 76 85 86 91 94 95 102 105 107 109 
110 114 116 124 130 137 144 147 148 149 152 158 
160 162 163 164 165 168 172 174 176 178 180 181 
184 186 189 190 191 194 195 196 197 200 
73
1 3 4 5 6 9 11 13 16 20 21 22 
23 25 27 28 29 32 33 34 35 36 37 41 
46 49 51 60 63 64 68 69 75 78 81 82 
84 86 89 92 93 95 97 102 105 107 108 111 
118 121 123 130 132 139 141 143 144 150 152 155 
158 176 178 181 182 183 184 185 186 188 192 196 
199 
50
2 16 18 20 32 35 50 52 60 61 65 67 
68 69 70 71 79 80 86 87 89 90 91 93 
94 96 97 99 104 105 109 110 111 113 117 147 
152 155 157 164 166 174 177 179 184 189 191 192 
194 196 
57
1 2 6 13 15 17 23 24 25 29 38 43 
44 48 53 54 56 59 64 66 70 72 73 76 
77 82 96 97 100 103 105 111 112 115 121 132 
141 153 154 156 159 161 162 163 168 173 174 175 
179 183 184 187 188 195 197 199 200 
57
4 11 17 22 28 34 35 38 40 47 49 52 
53 56 57 58 61 64 69 70 75 76 85 90 
91 95 100 102 104 108 109 116 121 122 126 131 
132 133 138 139 140 141 142 143 146 149 153 157 
158 161 164 174 175 178 179 182 200 
69
3 4 7 9 11 15 16 18 19 20 27 31 
32 33 34 39 43 44 45 46 49 51 52 58 
64 68 69 70 74 79 83 86 89 90 91 93 
96 97 103 104 106 109 111 112 113 115 118 120 
121 128 132 133 136 140 141 143 144 145 152 157 
163 166 170 172 178 180 189 194 195 
74
2 5 7 9 11 14 16 17 18 20 22 26 
29 30 31 33 35 42 49 50 51 54 56 57 
60 67 68 71 73 74 76 81 82 86 87 89 
93 95 99 100 106 112 113 119 123 124 125 126 
130 134 139 141 146 149 152 153 154 155 156 161 
163 166 168 169 170 174 175 179 181 185 190 192 
195 198 
67
4 7 8 11 14 16 18 26 27 28 32 37 
42 43 44 45 50 54 56 59 60 65 67 68 
71 74 85 87 89 90 93 95 97 98 101 105 
110 117 121 122 125 126 127 130 132 134 139 140 
141 148 154 157 163 164 167 169 170 172 174 179 
180 183 184 186 193 196 198 
52
1 2 3 15 16 17 18 20 22 24 28 31 
32 38 45 48 49 57 58 60 65 66 76 77 
83 89 92 99 103 107 110 111 113 114 120 124 
127 129 130 147 150 151 152 153 167 172 178 181 
185 186 195 197 
52
10 15 18 19 23 24 25 29 34 39 43 48 
53 64 66 67 70 71 74 76 77 80 84 86 
87 94 99 100 102 103 111 115 116 118 119 123 
136 138 140 151 153 157 161 167 175 176 178 185 
186 187 197 200 
62
4 5 7 8 11 12 13 14 18 22 23 24 
25 29 32 34 40 41 47 48 56 64 67 72 
74 78 79 80 85 86 88 90 92 93 94 106 
109 116 118 119 123 127 129 137 140 142 148 154 
155 157 161 163 169 171 173 174 177 188 190 191 
192 196 
51
1 5 12 17 23 26 29 31 34 40 41 47 
51 52 55 57 58 63 70 80 81 85 92 93 
98 99 107 110 112 120 121 127 133 141 147 148 
152 153 159 162 169 170 172 176 177 180 184 191 
194 195 199 
55
2 4 7 8 10 11 14 19 26 34 35 36 
37 38 39 47 57 59 62 63 78 79 80 82 
86 87 91 93 96 103 104 105 107 109 113 116 
119 120 123 127 134 144 152 154 157 159 161 164 
167 168 181 186 188 196 199 
69
1 2 6 9 14 21 29 30 32 33 39 45 
46 47 50 54 60 66 72 73 77 83 84 86 
87 88 93 94 97 98 99 100 101 109 110 111 
114 115 117 118 122 128 132 133 135 139 142 143 
146 148 149 150 157 158 162 163 165 168 170 171 
172 173 179 183 187 189 192 193 200 
68
3 6 10 12 14 15 19 20 22 36 37 39 
44 47 51 53 55 59 62 66 67 68 71 75 
78 89 90 91 96 98 99 101 103 107 110 111 
112 117 120 121 122 127 129 135 137 138 139 141 
144 151 152 156 157 158 159 160 163 166 168 171 
173 176 178 183 185 187 194 198 
63
8 11 17 19 24 30 36 37 41 44 49 50 
52 57 62 63 71 73 75 84 86 88 93 102 
105 109 111 112 113 116 119 120 121 122 124 130 
133 137 139 144 146 147 149 151 152 154 155 157 
158 161 164 166 174 184 185 187 189 191 192 194 
196 198 200 
64
2 5 7 9 11 13 16 21 26 29 30 37 
40 46 56 59 60 61 71 73 74 76 77 78 
79 88 89 92 93 94 96 98 99 100 101 104 
105 107 108 109 112 118 120 128 132 139 141 145 
148 149 154 160 163 164 166 170 173 184 185 188 
191 194 197 199 
62
1 4 5 7 8 15 20 22 23 25 26 28 
30 34 37 42 44 47 48 49 50 52 55 58 
67 69 74 76 78 79 80 85 91 96 99 100 
101 105 110 112 113 114 115 121 124 127 128 129 
136 145 148 155 159 160 161 163 166 169 170 173 
184 197 
59
3 7 9 13 15 17 22 23 27 29 32 35 
37 39 40 41 42 51 52 54 56 57 61 62 
68 69 70 72 73 75 76 77 80 94 102 108 
110 113 116 118 121 128 132 147 152 153 155 160 
161 169 170 176 181 183 184 190 191 196 197 
59
2 5 12 13 14 15 16 17 23 26 29 30 
38 39 40 42 52 54 55 56 64 73 74 86 
88 89 90 91 92 97 102 103 104 108 109 120 
121 127 130 135 136 143 145 156 162 164 166 167 
171 172 173 174 176 179 183 186 188 193 200 
75
1 3 6 9 12 13 15 16 18 20 26 27 
31 32 35 36 37 38 40 44 45 46 50 52 
57 59 62 68 73 77 84 87 88 89 93 94 
95 97 101 107 113 120 124 125 129 130 133 137 
138 144 148 151 154 155 158 164 169 170 171 172 
174 175 176 178 179 180 181 184 185 190 192 194 
197 198 199 
64
5 6 15 16 17 19 25 27 29 30 33 40 
47 49 52 55 57 62 67 73 76 80 82 83 
87 88 92 94 95 99 100 101 108 112 114 118 
121 127 128 129 132 137 141 143 149 152 156 158 
160 161 166 169 171 173 182 186 188 189 190 192 
193 195 196 200 
55
4 7 8 12 13 15 19 21 27 30 37 42 
48 52 61 65 70 79 80 84 85 88 90 91 
92 93 97 104 105 108 109 114 118 120 121 124 
127 128 129 133 135 138 142 152 157 162 163 166 
176 179 182 186 192 193 198 
51
7 12 16 27 28 32 33 34 36 39 43 47 
53 54 58 67 69 70 71 72 74 79 81 87 
92 96 101 105 109 118 130 133 139 140 150 152 
154 155 158 160 165 167 169 172 177 178 186 192 
196 199 200 
49
1 5 8 9 13 16 20 24 27 34 36 40 
46 49 54 58 63 64 66 73 78 82 85 87 
94 102 108 109 110 127 131 133 140 141 146 150 
154 160 162 163 170 173 181 186 188 193 196 197 
200 
57
1 2 3 15 17 18 23 25 27 37 43 45 
46 50 52 55 56 57 62 64 75 77 79 80 
81 84 91 92 96 104 108 113 115 117 120 122 
124 125 128 134 137 143 148 149 150 160 165 171 
173 180 181 183 184 188 193 196 200 
52
5 10 11 23 24 25 27 29 30 31 39 41 
49 51 52 57 60 63 72 76 79 81 84 91 
97 103 106 110 115 118 119 124 125 129 132 133 
137 139 143 146 147 155 158 163 169 171 175 181 
186 187 193 196 
62
4 7 8 11 24 25 27 29 31 34 43 44 
48 53 57 60 62 66 68 69 70 72 74 79 
81 83 85 86 90 91 94 96 98 102 105 107 
114 115 117 121 124 129 132 135 139 142 144 149 
150 151 156 158 168 171 177 186 187 191 193 196 
197 199 
58
2 6 8 11 19 36 37 38 42 53 56 63 
64 65 70 72 73 77 81 83 85 92 94 95 
101 104 105 106 109 111 113 117 118 119 123 124 
129 131 141 144 148 150 151 157 160 162 170 171 
174 176 177 180 188 191 196 198 199 200 
60
4 7 8 12 18 27 28 32 35 38 40 50 
55 57 67 75 76 79 84 88 93 99 101 106 
107 108 110 111 115 116 118 123 124 126 127 128 
135 136 141 142 143 146 149 150 159 164 165 170 
171 173 174 177 179 182 186 187 192 194 198 199 
56
10 16 24 27 31 37 40 41 50 53 57 59 
60 63 65 67 69 72 78 82 83 85 91 98 
100 103 104 105 108 112 115 119 120 133 134 139 
140 149 151 152 155 157 160 165 171 172 174 184 
186 191 192 196 197 198 199 200 
66
1 2 4 5 11 18 25 27 28 29 31 37 
39 41 44 58 62 67 72 73 76 78 80 89 
91 92 95 96 100 101 102 103 108 110 112 113 
114 115 118 120 125 127 130 136 141 143 148 156 
159 164 165 170 172 174 175 176 177 180 182 186 
190 193 194 197 198 200 
56
13 15 16 17 18 19 24 25 29 38 45 47 
48 49 50 52 55 56 61 68 69 71 72 74 
76 96 97 102 115 129 133 136 138 140 142 145 
148 149 150 154 155 156 158 170 174 176 178 180 
183 185 186 188 193 194 198 200 
66
7 10 14 23 24 30 36 38 39 40 42 43 
44 47 50 61 66 69 70 71 75 78 80 89 
90 92 96 97 98 102 104 110 113 117 123 125 
126 127 128 129 137 141 143 148 152 154 156 157 
164 166 167 168 169 171 174 175 176 178 181 182 
186 190 191 193 196 198 
69
1 8 9 20 25 29 30 31 33 34 35 36 
38 40 42 47 57 61 63 66 69 72 75 77 
78 79 80 81 87 90 92 97 100 101 102 107 
110 112 119 121 123 125 129 130 138 140 141 142 
146 149 152 153 154 155 158 164 168 169 175 181 
183 186 187 190 191 193 195 197 198 
57
2 6 7 9 11 12 18 32 33 35 36 47 
53 56 61 69 72 76 85 86 87 88 89 91 
93 96 98 106 109 111 114 123 124 127 130 131 
133 135 136 138 141 143 145 148 150 151 156 159 
161 163 170 172 177 182 186 194 197 
57
11 14 17 19 21 23 27 29 31 43 44 49 
54 56 59 61 66 67 68 72 74 75 77 78 
79 81 83 85 86 90 95 103 106 111 115 117 
118 119 122 126 137 138 140 145 148 151 152 155 
156 169 170 172 176 190 192 193 196 
72
1 2 3 8 10 20 21 30 31 38 43 47 
48 49 50 51 52 57 65 70 71 72 73 74 
75 77 87 89 95 104 105 109 114 118 120 122 
123 127 128 129 131 132 133 134 138 140 142 143 
144 147 152 154 155 157 158 159 160 164 167 172 
175 176 177 179 180 184 186 190 191 194 195 198 
72
4 5 9 11 12 14 16 17 21 22 24 25 
31 32 35 45 51 54 58 59 61 67 69 70 
71 74 75 76 82 83 84 94 96 98 102 109 
114 115 120 122 124 126 130 134 135 136 137 140 
141 146 147 149 150 151 154 164 165 169 171 176 
177 182 184 187 189 192 193 194 196 197 198 200 
60
2 4 6 7 8 11 13 15 19 21 23 30 
31 32 34 37 40 43 44 47 54 63 65 67 
72 75 83 84 86 87 88 90 91 94 95 102 
106 109 112 116 117 119 126 129 136 138 142 143 
144 147 149 150 151 154 168 178 189 192 194 198 
68
1 4 13 14 19 21 22 29 31 34 35 36 
41 42 43 46 47 52 54 55 59 60 61 62 
69 75 80 88 93 97 98 100 104 106 114 116 
120 125 126 129 130 131 132 135 137 139 146 150 
152 155 156 158 159 160 164 165 167 170 172 173 
177 182 183 184 186 187 194 199 
52
8 18 25 31 32 34 35 36 40 43 48 49 
52 57 58 62 63 66 67 71 76 88 90 94 
101 105 107 113 114 124 128 133 139 141 142 143 
144 146 147 148 154 165 167 169 178 179 180 181 
191 192 194 199 
64
2 6 7 11 13 18 20 21 30 32 33 37 
44 52 54 55 57 65 70 73 75 77 79 81 
86 89 91 96 97 105 108 110 111 112 116 117 
122 124 126 132 133 137 139 141 142 143 144 145 
146 147 149 157 164 165 167 170 179 183 188 192 
194 195 199 200 
61
4 5 7 10 11 17 18 20 21 22 31 35 
41 43 45 46 48 50 52 54 56 60 62 69 
72 75 77 79 83 84 86 87 91 92 93 94 
97 99 100 119 122 124 128 129 133 136 137 141 
142 144 145 146 156 161 163 178 179 182 192 197 
199 
56
2 6 9 10 11 14 17 18 19 21 24 34 
38 41 46 48 51 52 55 60 67 70 75 76 
78 80 83 87 90 92 98 103 106 113 118 125 
127 137 138 140 141 143 147 153 158 160 164 165 
167 170 181 183 186 187 194 200 
71
6 7 8 9 13 23 29 30 32 34 36 45 
46 48 55 57 58 62 63 66 67 71 73 74 
75 77 80 82 86 90 92 93 95 96 97 100 
103 104 108 110 111 113 117 119 120 121 124 135 
140 141 145 146 149 156 158 162 163 164 166 167 
172 173 176 177 178 181 183 184 187 194 197 
58
1 8 9 11 18 21 23 24 25 32 33 39 
41 43 45 49 53 56 57 58 61 64 67 69 
74 75 82 89 104 108 110 114 121 123 124 127 
129 131 132 136 137 138 145 151 152 166 167 170 
171 173 174 180 185 186 187 194 197 199 
62
3 5 6 9 14 17 20 21 23 24 25 32 
34 36 42 44 45 49 53 56 57 60 64 71 
73 76 78 81 82 84 86 95 97 100 101 105 
108 111 113 114 115 118 123 125 136 137 144 149 
156 157 161 166 169 173 174 185 191 192 193 196 
198 199 
61
1 4 12 13 14 16 25 41 43 46 49 50 
53 57 62 63 69 70 72 80 82 84 86 88 
89 100 106 108 112 116 117 119 122 123 128 131 
132 137 139 141 143 145 147 150 152 159 162 164 
166 167 171 175 176 178 179 188 190 194 196 198 
199 
50
2 6 12 13 14 17 19 23 28 29 33 34 
40 41 52 59 64 74 86 87 90 91 94 99 
105 106 116 124 130 131 132 140 142 146 159 160 
167 168 175 177 178 180 185 188 190 191 192 194 
198 199 
56
1 5 6 39 40 41 43 44 52 57 59 64 
70 72 76 79 85 86 90 96 99 100 102 104 
114 115 121 122 125 126 128 129 130 132 133 134 
137 143 146 147 148 149 158 163 164 174 183 185 
186 189 192 193 194 197 198 200 
70
9 11 12 13 14 16 17 20 26 27 28 30 
35 39 46 49 50 53 55 56 59 60 62 64 
66 69 75 78 80 82 86 92 94 95 99 101 
103 104 108 110 112 114 115 117 121 122 124 131 
139 142 144 148 149 150 156 158 162 164 170 171 
173 177 179 182 187 189 191 194 195 196 
62
3 4 6 7 8 10 11 13 17 20 22 25 
27 35 40 45 46 50 53 56 64 66 69 70 
71 73 81 87 92 95 96 97 98 100 109 114 
121 122 126 128 134 138 139 140 142 148 151 155 
157 158 161 163 166 175 180 181 184 185 188 189 
193 199 
51
6 7 9 11 13 20 30 31 34 35 45 49 
55 59 60 68 72 74 77 78 79 84 87 89 
95 100 106 108 114 116 118 121 130 133 137 138 
139 140 143 145 154 157 159 167 168 178 190 194 
196 198 200 
54
1 5 6 10 16 18 19 21 24 28 29 32 
33 34 38 46 55 56 57 58 71 73 76 77 
79 86 87 89 96 98 99 106 110 117 133 135 
136 143 144 146 150 165 170 172 176 183 185 189 
190 191 194 196 199 200 
56
2 4 7 9 11 12 13 18 19 21 28 29 
30 33 34 51 53 61 64 65 71 75 80 84 
85 87 95 101 106 108 109 111 112 116 119 123 
125 126 127 141 144 146 153 160 161 162 165 166 
172 183 184 185 186 189 196 200 
52
2 4 5 10 11 15 17 19 21 24 31 36 
42 43 48 51 56 60 65 68 73 75 78 83 
87 88 95 98 103 105 106 117 119 122 128 129 
130 134 140 145 147 148 154 163 167 169 171 183 
184 192 197 200 
47
2 4 13 14 16 19 21 23 24 30 31 36 
49 52 54 65 67 70 76 78 85 89 92 93 
102 103 104 105 109 110 113 118 121 131 134 136 
138 140 150 163 169 170 178 189 192 195 200 
52
5 6 19 20 24 28 30 31 33 42 43 46 
47 48 61 62 63 70 80 83 90 103 104 108 
110 115 116 117 120 125 129 138 140 142 144 154 
157 161 163 167 168 170 177 178 179 182 184 186 
188 191 197 200 
77
1 3 5 6 8 10 11 13 16 17 18 19 
24 25 26 27 30 36 37 41 43 47 48 58 
60 61 65 66 69 70 71 73 75 77 79 82 
89 94 97 100 103 104 110 123 126 127 131 134 
135 137 138 139 140 145 149 150 156 162 163 164 
165 166 169 170 172 174 175 176 181 183 184 188 
190 191 192 193 195 
67
3 6 9 11 17 18 19 20 23 24 27 31 
33 37 40 42 44 62 64 69 78 81 86 91 
100 101 103 105 106 107 109 114 116 121 122 125 
126 129 130 132 134 136 139 143 145 147 148 149 
150 153 157 161 163 164 168 169 170 171 180 181 
184 185 187 194 195 197 199 
56
1 3 7 9 13 15 16 32 33 40 48 49 
50 52 54 57 67 68 73 76 79 82 91 92 
93 94 101 106 109 111 114 117 126 133 136 141 
145 147 154 156 161 163 166 169 171 176 177 180 
181 183 185 186 190 192 199 200 
64
3 5 7 8 10 13 17 19 21 23 28 39 
41 42 47 50 51 53 54 61 71 77 78 79 
81 82 84 86 89 90 92 95 99 104 105 109 
110 114 115 117 119 121 129 133 137 143 150 152 
154 157 159 161 162 163 165 168 170 172 179 181 
182 183 193 194 
60
2 9 10 12 15 18 20 21 29 33 35 36 
38 41 48 54 63 65 74 81 85 87 90 91 
94 95 102 103 104 111 112 115 117 118 121 128 
133 137 138 146 154 157 158 161 162 164 165 171 
175 181 183 184 186 188 190 193 195 197 199 200 
64
2 5 7 9 14 15 18 19 20 23 26 29 
30 31 32 34 41 42 43 44 54 55 56 63 
65 67 73 76 79 81 90 91 96 105 106 111 
114 118 121 123 130 131 134 136 144 146 154 163 
164 166 169 172 174 175 179 181 182 183 184 185 
186 191 193 196 
58
1 6 10 14 21 22 23 30 40 42 47 49 
52 53 57 61 63 64 73 82 85 88 92 98 
101 102 108 110 115 116 117 129 131 133 136 141 
145 149 153 154 156 157 159 160 164 167 170 176 
177 179 181 189 191 195 196 198 199 200 
57
5 6 11 12 14 15 17 20 21 22 24 25 
39 41 49 50 54 60 61 64 71 72 73 81 
84 86 89 94 99 100 107 112 114 115 116 123 
131 136 138 149 155 156 159 160 161 163 167 168 
170 175 178 185 188 191 195 196 197 
59
1 5 7 16 24 32 35 36 40 46 52 57 
62 63 69 73 76 81 84 90 91 93 99 102 
103 105 107 109 110 112 116 117 127 129 132 133 
137 140 141 150 151 154 155 159 162 163 164 165 
167 169 173 175 176 180 185 188 194 197 199 
60
2 3 4 6 7 8 13 14 15 20 23 25 
30 34 35 45 52 54 55 57 58 60 63 65 
70 74 75 76 77 78 82 84 88 102 105 111 
114 115 116 119 123 124 126 129 130 137 143 144 
151 152 155 158 161 178 183 184 185 189 190 196 
53
7 10 11 17 21 25 28 30 36 37 38 39 
40 42 56 62 65 70 71 76 78 80 84 85 
88 102 105 106 108 114 119 128 132 139 142 147 
151 154 155 156 159 161 165 169 170 173 183 185 
186 189 192 197 198 
61
7 9 15 17 18 26 27 34 35 38 40 44 
45 51 55 65 67 68 71 73 76 80 89 90 
91 96 97 98 99 102 111 119 123 124 131 132 
134 136 137 143 145 147 148 154 169 172 173 176 
178 183 184 186 187 189 190 192 194 196 197 198 
199 
67
3 4 5 8 16 19 21 23 24 27 30 31 
36 40 42 43 50 51 52 54 66 69 74 77 
85 86 91 92 94 97 101 103 104 109 111 113 
114 122 124 125 128 131 132 136 140 141 142 143 
155 156 158 159 166 170 172 174 178 180 182 183 
186 187 189 190 196 197 198 
47
5 6 9 15 17 20 21 28 30 32 37 38 
52 54 57 63 64 65 66 69 77 88 89 105 
108 109 115 129 130 131 136 144 146 152 154 156 
160 162 170 176 178 181 182 183 188 190 195 
57
2 7 8 10 12 13 19 21 28 29 30 35 
36 37 43 49 57 63 69 70 71 73 77 82 
83 84 89 92 97 98 100 104 112 118 119 120 
134 135 139 142 148 154 156 158 159 160 170 172 
176 178 180 186 188 193 195 198 200 
62
6 7 15 16 21 22 25 26 29 30 33 36 
42 46 48 54 55 59 60 62 69 71 73 80 
81 83 84 85 91 92 95 96 97 100 101 102 
103 111 113 116 120 123 127 131 133 139 140 144 
145 146 163 164 165 168 173 174 180 182 185 190 
198 200 
59
1 3 4 5 15 16 18 20 21 24 26 27 
28 31 45 48 50 53 55 57 62 63 68 69 
70 72 74 75 94 96 99 100 105 119 120 121 
122 124 125 127 130 131 134 135 137 140 146 148 
151 157 165 167 173 174 176 182 192 193 195 
56
2 4 6 8 10 15 19 21 22 27 30 31 
42 44 49 50 54 56 58 60 64 66 67 69 
71 75 82 86 89 97 98 99 103 106 114 120 
123 125 129 140 141 145 147 149 157 160 161 169 
175 177 179 186 188 192 196 197 
45
4 17 21 32 41 46 50 56 58 62 68 71 
81 82 91 96 99 100 101 106 108 112 116 117 
119 123 126 127 132 137 144 153 154 158 159 160 
163 164 182 189 192 194 196 197 200 
59
1 2 3 5 11 16 18 21 23 26 29 31 
36 37 46 50 53 56 58 59 62 66 68 70 
73 74 77 81 83 90 93 96 98 104 107 110 
112 115 120 122 123 126 128 135 136 140 141 143 
149 150 156 157 158 177 179 180 193 194 195 
64
14 16 17 19 20 22 23 25 26 27 29 30 
31 38 39 42 45 48 51 52 58 60 63 65 
68 78 80 81 90 93 94 95 100 107 108 111 
115 116 119 126 127 130 132 135 140 143 144 147 
150 151 155 156 157 160 170 173 177 179 182 184 
185 187 188 196 
53
1 11 15 21 24 32 33 37 41 44 48 49 
56 62 64 67 69 72 74 75 81 83 85 87 
90 96 110 117 120 121 122 123 124 132 133 135 
140 150 156 159 168 169 176 179 180 183 184 185 
187 194 196 197 199 
58
4 8 9 11 13 17 30 31 32 35 46 60 
62 65 74 76 82 83 84 85 86 87 88 89 
98 99 100 102 105 108 111 113 114 115 118 119 
121 123 124 129 133 135 142 143 144 150 154 155 
162 169 175 178 180 184 187 188 194 200 
63
6 10 13 14 20 25 26 31 32 33 34 35 
36 38 40 42 46 47 49 54 59 63 65 69 
70 72 81 82 84 85 87 90 98 99 101 104 
105 107 108 117 118 120 129 131 133 135 139 140 
143 145 149 153 159 161 163 174 177 180 181 182 
183 184 196 
60
1 8 20 24 25 28 32 36 42 43 46 48 
50 52 56 57 58 60 61 69 72 75 79 80 
87 90 93 97 101 102 103 107 109 111 116 119 
121 124 125 132 134 135 136 138 139 147 148 149 
154 157 163 167 171 173 177 181 184 189 190 200 
66
2 3 14 19 22 26 30 31 38 39 41 42 
47 48 53 55 60 68 69 70 72 79 81 82 
84 86 87 89 92 93 94 95 96 101 102 104 
105 107 109 112 117 118 122 126 136 138 142 143 
144 146 147 149 150 155 169 170 172 176 177 178 
183 184 187 189 191 196 
57
1 5 14 15 16 19 20 21 26 34 35 37 
39 40 46 47 49 51 53 55 56 58 60 75 
77 79 84 88 90 95 96 102 111 112 122 128 
132 133 137 138 143 145 147 154 161 162 163 166 
169 173 176 180 185 192 193 196 200 
65
2 12 21 22 25 30 33 35 38 40 42 43 
44 45 46 48 51 54 56 66 69 78 80 81 
83 90 91 93 96 98 105 107 109 110 114 116 
120 127 131 135 136 138 140 142 143 145 146 147 
149 153 155 162 168 169 173 174 175 177 179 181 
187 190 193 196 200 
59
3 9 11 12 15 22 24 25 28 31 35 38 
44 45 46 51 53 54 59 60 61 67 71 72 
74 76 77 78 83 84 85 86 89 96 101 102 
105 108 113 121 147 148 153 160 161 164 165 166 
167 170 173 175 176 179 180 185 186 195 197 
49
1 6 9 14 16 19 25 26 32 33 38 40 
42 43 48 55 62 64 73 74 77 83 87 88 
96 99 101 104 108 113 123 127 134 135 145 148 
164 165 167 173 174 179 184 188 194 195 196 197 
200 
47
2 12 18 19 25 32 33 36 37 39 42 48 
54 57 64 68 75 77 83 85 86 89 103 111 
115 130 141 143 148 157 161 162 168 174 175 177 
181 182 184 185 189 193 195 196 198 199 200 
57
5 7 8 10 11 15 17 24 33 34 37 38 
39 43 47 51 56 60 61 72 78 79 88 102 
106 108 109 110 112 119 127 128 135 137 138 142 
147 148 154 155 157 161 162 164 166 167 168 169 
170 177 178 181 183 184 191 192 200 
66
1 6 10 11 15 17 18 19 23 25 26 28 
30 32 34 38 40 43 44 45 48 53 54 56 
60 63 70 73 76 81 84 94 97 99 104 109 
111 112 114 115 117 123 124 129 132 134 135 138 
145 151 155 156 160 161 162 165 168 170 173 175 
176 177 184 187 191 193 
66
7 8 9 10 11 15 18 27 33 41 46 47 
51 52 53 55 57 72 78 79 80 82 84 89 
96 97 103 104 105 106 107 108 109 112 116 118 
122 127 129 130 131 132 134 137 141 143 147 149 
156 159 160 167 169 171 173 175 177 178 179 181 
186 190 191 192 193 198 
74
3 8 10 12 16 20 21 30 31 35 45 47 
50 55 56 59 66 67 68 70 73 75 76 79 
83 85 86 87 88 90 93 96 98 101 104 111 
112 114 119 123 124 125 126 127 131 132 133 137 
144 146 147 148 149 150 155 159 161 164 166 167 
168 171 172 175 176 177 181 182 185 187 188 190 
193 198 
56
3 8 9 10 14 20 22 26 29 31 40 42 
43 44 54 55 56 57 59 64 73 76 77 82 
86 89 90 93 95 96 100 101 107 116 121 123 
134 138 139 141 145 147 149 151 155 160 164 165 
169 171 176 180 184 195 197 199 
56
2 4 8 10 16 17 18 19 24 26 28 32 
33 39 41 44 47 49 51 52 55 56 57 59 
71 77 83 86 90 93 99 102 103 110 116 122 
123 126 130 140 147 153 156 157 161 162 166 169 
172 176 179 181 184 188 197 198 
60
1 2 3 7 8 16 17 21 27 28 31 32 
36 39 45 49 52 53 54 59 61 64 67 68 
80 84 87 89 93 95 100 114 115 118 119 121 
123 126 131 133 139 140 149 152 154 156 159 162 
167 173 175 177 185 187 189 190 193 195 196 199 
68
2 4 6 7 10 12 13 21 26 29 30 37 
40 41 43 45 47 50 51 52 59 60 67 73 
74 75 76 81 82 85 88 90 94 95 96 97 
98 100 102 106 112 113 119 120 122 123 124 129 
135 137 141 144 148 153 156 157 161 162 163 168 
174 176 178 183 185 187 190 199 
44
2 3 7 9 12 13 16 29 30 31 64 66 
76 81 82 86 91 92 93 100 101 102 108 111 
112 120 123 125 141 143 144 145 150 153 166 167 
168 169 182 185 187 189 190 195 
56
2 6 7 18 25 29 31 34 36 37 38 43 
52 57 64 68 69 70 71 79 80 86 92 94 
95 96 97 99 100 109 112 117 129 132 133 136 
141 142 148 150 153 156 164 165 170 172 176 177 
179 180 181 182 183 184 188 191 
56
13 18 20 22 34 36 41 42 45 47 55 57 
58 61 62 64 66 72 74 75 82 85 87 88 
95 98 101 103 107 111 115 116 120 121 128 139 
141 142 143 144 145 146 150 154 164 165 171 173 
178 179 182 183 194 195 197 200 
67
5 6 9 10 11 13 15 24 28 29 30 33 
36 40 42 43 47 48 50 54 57 58 64 70 
71 73 74 75 76 78 81 83 87 89 90 91 
96 100 101 102 105 111 119 124 131 132 134 135 
138 139 145 148 149 158 160 168 175 177 180 182 
183 185 186 187 191 193 197 
52
4 6 7 9 12 16 20 23 34 38 42 43 
50 51 54 55 58 60 61 68 71 76 77 91 
98 104 106 111 113 114 115 118 120 123 126 132 
138 139 142 147 151 153 154 156 160 161 177 180 
181 183 189 199 
55
3 6 8 9 11 18 36 37 55 58 59 67 
68 73 74 81 82 87 88 90 92 98 99 101 
103 105 106 107 110 112 114 115 116 117 123 124 
126 129 133 134 145 153 159 160 166 171 174 175 
180 183 188 195 196 197 199 
56
3 8 10 11 13 14 19 24 26 30 34 39 
41 42 52 55 56 60 64 69 72 73 79 80 
81 86 92 93 95 97 98 100 112 120 132 137 
140 148 152 156 160 166 168 171 174 176 178 179 
182 190 191 192 193 194 195 197 
69
4 6 8 9 12 14 21 26 27 29 30 31 
32 37 41 42 45 48 53 57 60 61 62 63 
70 73 74 75 76 81 83 85 87 89 94 98 
99 100 101 103 107 109 113 116 120 121 122 127 
128 131 137 145 148 150 151 153 156 158 159 162 
163 166 171 181 182 184 189 197 200 
55
1 3 12 13 15 16 17 23 27 30 35 37 
42 45 48 52 56 58 66 69 71 73 74 77 
80 83 84 85 89 90 91 92 93 97 107 109 
110 113 114 124 131 134 139 142 144 145 149 152 
154 164 174 178 184 187 189 
57
3 6 9 10 17 22 26 27 29 33 35 36 
49 52 54 56 57 58 69 72 78 79 80 81 
85 86 89 91 104 105 107 111 112 113 114 117 
126 127 129 130 136 141 152 156 158 159 160 163 
172 175 177 185 188 190 191 195 198 
62
1 9 11 14 18 32 33 38 39 41 44 47 
48 49 52 53 58 59 60 65 69 71 73 74 
75 76 78 80 85 89 90 92 94 97 103 110 
116 120 122 123 131 139 144 149 150 152 156 159 
165 166 168 170 173 175 181 188 189 191 193 195 
196 199 
64
3 5 7 9 17 21 29 30 31 33 35 36 
37 43 46 55 64 68 70 71 74 76 77 79 
81 83 87 89 96 97 98 104 105 108 117 124 
125 126 133 141 142 143 144 145 148 149 151 154 
161 164 167 169 171 173 175 180 181 182 183 184 
186 189 192 196 
50
2 8 12 13 15 26 28 32 33 35 43 52 
55 56 64 66 70 75 76 81 92 103 106 107 
112 115 120 121 124 125 135 136 137 140 143 144 
145 148 153 154 156 157 161 168 170 172 175 180 
187 194 
61
5 6 12 18 21 26 28 32 33 34 35 36 
46 47 50 54 56 60 62 65 68 73 75 76 
77 78 82 88 98 99 101 109 111 115 117 118 
122 123 124 126 127 133 144 148 149 152 162 163 
164 168 171 172 179 181 183 184 187 191 193 194 
199 
63
2 7 8 10 11 17 18 20 21 24 29 30 
31 33 34 39 41 43 44 47 48 55 61 62 
65 68 73 80 81 82 87 92 94 95 96 103 
106 107 113 117 121 133 136 137 138 141 142 145 
146 148 155 159 160 172 179 183 185 186 188 190 
193 196 197 
57
4 5 9 18 20 23 24 25 28 29 32 33 
37 38 39 42 47 52 58 59 66 67 68 69 
70 71 75 76 77 79 84 87 88 94 97 99 
100 103 120 122 123 127 136 143 144 149 151 155 
160 161 164 169 171 186 189 194 195 
65
1 3 4 8 11 12 17 20 23 25 27 43 
44 56 57 59 61 62 65 69 70 72 77 79 
81 84 85 86 88 89 92 96 99 100 108 109 
110 111 113 114 116 118 126 129 130 131 132 144 
148 157 159 161 165 166 170 173 174 176 182 185 
187 188 193 196 198 
52
2 4 5 6 7 8 11 15 22 23 24 27 
29 31 35 37 46 49 50 51 65 67 75 77 
82 88 89 90 100 106 108 109 113 114 117 120 
130 143 148 149 156 158 162 170 171 173 179 180 
189 193 195 197 
60
15 25 27 28 30 31 34 42 45 48 50 58 
59 60 61 62 64 71 72 75 80 81 82 94 
95 96 98 103 104 106 115 121 124 125 127 128 
129 131 135 137 142 143 144 148 155 158 159 162 
172 177 178 179 182 185 186 187 190 192 198 199 
69
2 3 5 7 8 9 12 15 21 22 23 24 
30 35 36 42 47 48 56 58 59 61 65 66 
72 73 78 83 88 90 94 96 98 99 101 102 
104 108 111 115 119 120 122 126 127 129 130 131 
135 138 139 145 146 150 153 155 158 164 166 171 
175 177 178 182 187 189 192 195 198 
64
1 3 6 18 19 24 25 34 38 40 44 48 
49 52 55 56 66 68 69 72 74 76 80 82 
84 87 89 91 93 94 97 98 100 102 108 112 
114 122 134 135 137 141 142 143 150 154 155 157 
162 163 170 171 172 173 174 179 181 182 183 186 
187 190 192 196 
59
3 7 10 14 16 19 20 23 24 26 29 34 
39 42 43 47 54 61 72 75 76 79 83 88 
91 96 97 101 107 109 112 114 122 128 129 130 
135 137 142 146 147 150 151 159 160 161 163 164 
166 169 170 173 174 176 177 180 184 191 199 
58
4 5 6 8 11 14 15 16 19 21 24 25 
29 34 37 38 43 46 51 62 70 77 79 81 
82 85 90 91 92 93 97 110 112 113 118 121 
122 131 132 133 138 141 145 146 147 148 149 156 
159 163 164 166 168 175 177 178 191 193 
56
1 6 9 13 14 15 16 17 20 21 31 48 
59 60 62 65 67 72 74 80 83 85 88 90 
91 94 95 97 103 110 116 128 130 131 133 134 
135 139 140 143 145 147 149 150 151 155 156 160 
163 168 171 185 186 189 193 194 
48
4 7 11 13 19 21 25 29 30 31 34 36 
38 39 46 49 50 58 64 73 75 77 80 83 
85 92 97 101 104 105 109 110 115 116 124 126 
132 133 146 152 154 155 175 176 181 187 189 194 
61
1 2 7 12 17 23 41 42 43 53 55 58 
69 72 73 76 77 80 81 83 86 87 88 89 
92 96 97 98 100 102 105 111 115 116 117 118 
121 126 127 128 131 132 142 143 145 153 156 158 
159 160 166 171 176 178 179 180 187 188 191 194 
198 
60
1 3 14 15 18 19 20 21 25 26 29 31 
32 38 39 42 46 51 53 55 59 63 65 69 
72 76 77 87 88 100 102 107 113 120 122 124 
126 128 130 131 134 135 140 143 148 150 151 156 
159 163 164 165 170 178 179 187 189 194 196 200 
55
7 9 12 13 16 17 19 24 26 31 35 36 
37 49 51 53 55 74 75 77 79 80 83 84 
87 90 92 93 98 99 107 111 112 113 122 124 
127 130 131 132 138 145 146 158 160 161 164 168 
175 176 177 180 185 190 195 
65
7 11 13 22 24 29 30 32 33 35 38 40 
42 44 45 47 50 53 58 62 63 64 66 72 
74 75 76 78 82 95 99 100 101 109 111 114 
120 122 127 128 136 138 148 151 152 154 160 163 
164 165 167 169 170 174 179 181 183 184 185 187 
193 194 195 196 197 
54
5 6 7 8 11 19 21 25 26 35 37 40 
42 50 54 61 62 65 67 68 71 79 83 88 
90 99 100 102 105 109 111 115 129 132 133 141 
143 144 148 149 151 152 153 157 158 161 166 170 
171 180 183 193 194 198 
71
1 3 4 8 13 18 21 23 25 26 31 37 
38 41 43 51 55 56 61 63 68 69 70 73 
77 84 87 88 89 90 94 95 101 103 104 111 
113 114 118 121 125 129 136 139 140 145 148 149 
151 152 153 156 157 158 159 161 165 166 167 168 
169 170 174 180 185 186 187 188 194 195 198 
64
1 2 27 33 37 39 40 41 42 47 56 57 
59 65 66 67 69 70 72 74 75 77 82 85 
90 96 98 100 101 102 103 104 106 109 116 117 
119 121 125 132 134 137 140 142 144 145 147 150 
152 157 163 164 166 168 171 173 174 179 180 188 
191 194 195 200 
66
4 6 8 9 11 13 14 17 29 39 45 47 
49 50 51 56 57 59 62 63 70 78 83 84 
85 87 90 92 93 95 107 110 114 118 119 120 
123 130 133 136 139 144 145 146 150 152 153 155 
156 160 162 163 166 171 174 175 177 178 179 183 
184 187 189 191 198 199 
54
2 4 6 9 13 15 19 20 22 24 31 35 
40 43 44 61 62 64 67 72 78 85 89 93 
95 98 103 105 106 109 117 118 123 124 125 131 
135 136 142 143 149 153 165 166 175 176 177 179 
181 190 192 196 197 200 
51
10 11 13 21 23 25 29 33 34 35 39 48 
49 50 57 60 61 62 65 66 67 71 74 77 
80 83 86 87 93 95 97 99 100 103 108 126 
135 139 140 146 147 150 158 166 180 187 190 195 
196 198 200 
59
5 12 16 18 22 26 27 41 42 43 48 54 
55 56 60 65 69 70 73 75 76 77 84 93 
94 97 98 101 103 104 106 108 109 110 111 113 
117 120 126 135 136 139 141 142 143 146 150 160 
162 165 167 176 181 185 188 193 194 197 200 
70
3 6 11 12 15 16 17 18 23 28 29 30 
32 34 37 38 41 42 47 48 53 54 61 62 
68 69 72 73 74 75 83 92 97 99 101 104 
106 112 117 118 122 124 127 132 134 136 138 139 
140 142 148 150 152 156 157 158 160 162 163 164 
166 172 176 181 184 190 194 195 197 198 
50
6 20 22 24 25 30 31 36 47 50 51 54 
57 64 65 68 71 73 76 77 78 82 83 87 
88 96 101 107 113 117 119 126 128 132 134 135 
137 141 146 148 151 152 165 167 168 185 187 192 
193 196 
56
4 6 8 10 12 13 25 27 28 34 35 38 
40 47 50 51 52 53 54 55 64 65 69 71 
78 79 80 83 84 88 89 91 92 100 101 104 
112 114 126 142 144 151 152 157 158 160 170 171 
178 180 182 183 189 194 197 199 
66
5 7 8 9 10 14 16 17 18 23 25 27 
28 30 33 35 36 46 51 58 62 63 64 70 
75 77 78 81 83 87 88 89 90 95 98 101 
111 112 115 116 132 136 137 139 142 144 145 147 
150 151 153 154 156 161 162 167 170 173 175 176 
183 188 192 197 199 200 
57
2 4 6 9 10 16 17 18 26 30 31 36 
38 41 43 50 51 52 53 55 56 60 70 76 
85 88 96 97 98 99 100 101 108 115 116 121 
122 123 126 129 132 140 144 145 147 159 161 166 
169 170 171 173 181 184 186 195 200 
62
1 6 9 23 24 30 35 38 39 40 41 43 
45 50 51 53 57 60 64 65 69 74 77 80 
81 86 89 91 95 97 99 103 104 108 111 118 
120 121 125 126 128 129 131 133 147 151 156 158 
159 162 163 166 169 170 171 172 176 185 191 194 
198 200 
57
8 12 13 17 18 19 28 29 30 33 37 47 
48 49 51 53 54 55 56 61 68 75 78 79 
87 88 89 91 99 107 109 111 115 117 120 122 
126 132 138 141 143 144 145 146 150 156 158 162 
166 176 177 179 180 182 183 190 196 
52
5 7 11 15 17 19 39 41 43 46 48 52 
57 66 69 74 77 80 81 87 91 95 98 100 
102 111 114 120 121 122 132 135 136 137 140 143 
146 147 149 153 154 158 162 167 171 175 180 181 
184 188 194 199 
59
2 4 5 19 21 28 30 37 40 42 44 54 
58 59 60 61 64 68 69 72 73 77 81 85 
87 88 89 90 92 97 98 103 105 114 116 118 
119 120 125 126 131 140 143 146 149 157 160 163 
169 174 175 177 187 189 190 191 196 197 198 
66
2 3 4 14 15 16 20 25 30 31 35 37 
38 39 40 44 46 51 52 55 56 58 62 69 
74 76 77 81 83 84 93 94 104 106 112 114 
125 127 130 132 139 140 146 147 148 149 150 155 
156 158 159 164 165 168 175 177 178 179 183 184 
185 191 192 194 195 196 
64
7 10 11 13 16 17 22 26 27 30 36 38 
39 40 42 43 45 47 48 50 51 55 57 58 
62 69 75 76 80 89 91 92 93 94 95 100 
101 104 109 129 137 138 144 145 152 158 159 160 
163 164 167 168 169 172 174 177 178 181 182 183 
186 188 190 196 
65
3 8 9 13 14 20 21 22 23 24 25 30 
37 38 42 43 53 54 64 66 70 72 73 75 
77 78 83 85 91 96 98 100 101 104 105 107 
111 112 113 123 126 128 132 135 140 144 145 150 
153 154 155 156 171 173 178 179 180 181 183 186 
187 189 195 196 197 
61
4 7 11 14 15 16 18 20 22 35 41 43 
44 49 51 54 56 57 58 61 63 64 65 76 
80 83 93 94 99 110 112 113 117 118 120 122 
123 126 127 129 132 141 146 148 152 157 161 163 
165 168 169 171 173 180 181 182 184 186 198 199 
200 
46
5 12 17 24 26 27 31 38 40 41 49 52 
53 58 59 61 65 68 70 71 73 75 78 80 
87 103 107 109 115 119 121 127 130 134 141 146 
158 159 165 174 175 178 180 181 186 189 
57
11 13 16 20 26 27 31 34 36 42 44 45 
48 58 67 69 70 73 75 79 80 83 88 94 
97 102 105 107 110 113 114 119 121 122 125 129 
134 137 141 145 149 151 158 159 164 170 171 172 
180 181 186 187 188 190 194 196 200 
51
1 2 9 18 21 27 30 35 38 40 42 43 
44 46 53 57 58 64 70 79 85 86 98 99 
100 101 106 128 129 136 137 139 150 158 167 169 
170 171 172 176 178 180 181 184 190 191 193 194 
195 196 198 
63
1 4 5 7 10 11 16 17 20 21 23 25 
27 31 34 37 48 54 56 57 63 64 65 71 
72 73 74 80 82 88 96 99 101 106 107 111 
112 115 119 121 122 125 126 128 137 144 160 162 
164 166 169 170 175 177 179 180 183 184 186 188 
194 196 197 
58
2 7 10 14 15 18 19 22 25 27 28 31 
34 36 41 45 46 51 54 55 59 65 66 74 
82 92 93 95 102 103 107 111 112 116 121 123 
124 125 127 133 134 135 137 149 153 155 156 159 
161 169 171 172 175 179 189 194 195 200 
65
5 6 17 18 19 22 23 24 26 27 31 37 
42 49 51 56 57 58 62 63 65 71 73 74 
76 79 83 86 88 102 105 113 118 121 122 125 
126 128 131 132 133 135 140 141 142 146 149 154 
158 160 161 162 167 169 172 173 177 183 186 187 
188 190 193 194 198 
59
12 13 14 20 24 25 27 30 38 46 47 48 
51 53 54 57 58 64 69 70 80 81 84 87 
88 90 95 96 100 106 110 114 116 118 119 122 
123 135 138 140 141 142 143 147 149 151 153 160 
161 164 165 167 170 171 175 176 190 192 197 
73
2 3 5 6 9 12 17 26 29 31 32 36 
38 39 41 42 44 54 58 62 63 65 66 70 
74 75 77 79 83 86 87 89 91 92 95 96 
98 99 100 101 102 104 112 118 124 126 128 131 
132 138 140 141 144 145 146 148 149 151 153 154 
155 156 157 158 163 166 168 169 172 174 178 182 
187 
65
1 2 3 6 10 12 13 27 30 32 35 37 
38 41 48 54 61 62 64 65 70 74 81 85 
87 88 89 90 95 97 99 100 105 109 110 117 
118 119 124 125 126 127 128 134 135 140 142 143 
148 150 151 155 165 167 168 169 172 182 183 184 
188 189 194 196 200 
67
5 7 8 9 14 15 17 18 19 20 25 27 
28 34 36 37 38 40 46 49 50 51 52 54 
57 61 66 73 76 77 79 81 85 86 87 93 
96 98 100 102 108 110 111 114 115 119 121 123 
126 130 131 132 136 145 146 147 150 151 153 154 
159 172 174 181 188 199 200 
44
3 6 11 23 32 35 36 39 45 47 50 54 
56 62 66 72 74 78 81 85 88 89 98 101 
103 108 117 119 127 128 131 134 138 145 146 151 
164 169 171 172 178 181 192 193 
59
1 3 6 8 11 14 16 24 29 31 32 35 
37 39 41 47 48 62 66 67 68 69 70 72 
78 79 81 82 89 91 96 102 103 107 110 120 
121 122 123 128 130 139 145 150 156 159 161 163 
168 171 180 181 183 185 188 191 194 196 200 
64
3 4 7 9 12 13 14 18 20 21 24 32 
33 34 36 37 41 44 46 51 52 57 60 61 
63 65 73 83 85 86 93 97 99 103 107 114 
115 119 123 124 130 131 132 138 140 147 148 151 
154 155 157 158 160 175 180 186 188 189 192 194 
195 196 197 198 
63
3 4 7 8 13 19 20 22 25 26 42 46 
47 48 53 54 55 57 61 62 65 74 76 80 
83 86 89 92 93 94 96 98 102 104 109 113 
119 125 126 129 131 139 141 142 149 150 152 153 
157 161 163 168 169 171 173 174 175 179 181 184 
186 193 196 
50
3 6 21 33 38 46 47 49 50 51 53 54 
59 61 65 68 72 74 82 84 86 88 91 106 
117 118 119 121 125 128 130 137 140 142 144 145 
147 149 153 157 160 161 177 179 184 186 192 196 
197 199 
59
3 8 10 18 21 22 25 26 27 29 31 38 
39 41 51 55 56 61 65 68 73 75 78 84 
90 94 96 106 107 113 116 117 118 121 128 130 
133 134 135 138 141 144 146 148 150 161 162 164 
167 168 170 172 175 177 179 180 182 190 193 
49
2 5 6 8 28 36 43 45 50 54 57 59 
64 65 70 76 80 82 84 92 93 95 96 100 
116 120 122 126 130 131 135 138 141 142 144 151 
156 161 166 172 173 176 178 186 188 191 192 195 
196 
55
3 4 5 8 12 13 17 29 31 32 35 36 
38 41 53 56 58 62 63 66 67 75 77 82 
85 90 95 102 103 106 113 115 116 117 119 123 
125 126 130 132 135 139 146 154 155 158 159 163 
164 166 175 178 180 197 198 
64
2 6 14 15 17 20 21 28 30 31 34 35 
38 41 42 44 48 52 53 56 60 62 70 72 
73 84 85 93 95 98 99 102 108 111 112 113 
114 116 117 123 124 126 130 141 142 143 144 148 
152 155 156 157 158 167 172 173 174 175 177 184 
189 193 194 198 
54
1 3 7 12 13 19 21 25 28 29 32 33 
35 38 44 46 48 54 57 63 65 75 79 86 
91 96 99 100 102 105 106 111 113 115 118 120 
127 130 138 140 142 146 149 150 152 154 163 164 
176 179 184 186 187 196 
57
2 8 9 14 15 16 19 21 24 25 29 32 
35 37 44 45 51 57 61 63 71 72 75 79 
81 82 84 88 89 92 93 96 98 100 102 104 
107 114 119 120 123 127 131 133 136 140 146 148 
151 154 156 161 163 174 185 191 194 
54
2 4 8 9 12 13 19 20 22 23 26 38 
39 46 49 56 62 64 67 70 74 75 79 81 
90 91 96 97 99 100 104 105 108 110 114 115 
117 123 128 132 135 138 143 150 154 164 168 171 
173 175 176 180 189 193 
68
4 5 6 7 12 17 19 23 27 28 31 36 
37 41 46 48 52 59 60 68 72 74 75 76 
77 79 80 81 83 85 89 94 103 113 116 118 
119 120 122 125 131 132 140 141 143 146 147 150 
157 168 169 170 173 174 175 177 178 181 183 186 
190 191 192 194 195 197 198 199 
54
3 7 8 16 17 29 31 33 39 45 53 67 
69 71 76 80 82 85 86 87 88 90 92 94 
98 102 103 107 109 110 111 116 119 121 124 131 
136 140 141 143 150 151 152 155 162 167 171 173 
174 179 180 184 187 192 
64
3 4 6 11 22 24 29 31 34 37 39 40 
42 44 45 47 48 51 58 61 63 64 67 68 
70 73 77 88 90 94 96 104 105 109 110 111 
112 113 114 118 119 125 130 132 134 138 139 148 
149 150 153 157 159 160 166 173 174 175 177 183 
191 193 195 197 
59
1 2 5 7 11 12 18 20 23 32 37 39 
46 48 49 52 55 56 58 65 66 77 81 83 
85 87 94 99 103 104 107 108 110 115 127 129 
130 135 136 142 143 147 150 154 155 159 160 164 
165 166 174 176 179 183 186 190 191 196 198 
69
1 3 6 10 12 13 17 18 20 21 25 26 
27 29 30 35 36 45 48 49 50 51 52 53 
55 58 66 68 69 70 71 78 81 88 93 99 
101 105 110 111 115 116 125 130 136 137 139 141 
144 145 148 151 162 164 166 168 176 177 178 181 
182 183 185 187 190 192 194 198 200 
63
8 9 10 11 12 15 17 18 19 20 22 30 
33 37 39 44 46 51 62 69 70 76 77 78 
85 86 90 91 94 99 102 105 107 108 110 113 
116 120 125 126 130 136 137 139 140 147 149 153 
154 155 156 159 163 165 167 170 173 182 190 191 
193 194 195 
68
8 15 17 18 19 20 21 22 24 25 29 31 
32 36 38 39 43 44 45 57 59 62 63 69 
71 74 77 79 80 81 86 94 95 103 104 108 
109 114 116 118 124 126 127 128 130 132 133 136 
137 138 139 141 143 145 147 149 153 161 162 168 
169 172 173 175 184 185 196 198 
55
3 14 17 20 28 31 37 39 41 43 45 46 
48 49 54 55 56 63 64 69 73 76 77 80 
87 88 94 97 99 104 106 108 114 118 123 124 
126 132 134 142 147 152 153 156 159 160 170 175 
176 177 183 190 196 197 198 
49
1 11 15 16 21 25 32 34 39 43 49 58 
63 65 67 68 75 76 80 82 83 84 93 96 
97 99 104 109 113 116 118 119 120 127 133 139 
146 147 157 161 163 166 177 190 191 193 196 198 
199 
60
4 9 19 25 26 30 31 32 33 34 42 44 
48 54 56 59 60 66 69 76 77 78 80 93 
97 108 109 112 113 114 115 121 122 123 127 128 
132 133 134 141 142 145 153 154 156 161 162 166 
168 172 173 179 181 182 184 186 187 190 194 196 
63
3 5 8 10 13 14 16 17 18 27 28 29 
33 35 37 45 50 51 54 56 57 59 60 63 
65 69 72 74 81 83 85 87 88 90 96 98 
99 100 101 102 105 116 117 119 122 123 124 125 
126 128 131 134 143 146 147 150 166 173 174 180 
183 188 197 
52
3 4 8 15 18 24 25 26 28 38 43 46 
54 55 58 61 63 64 67 71 72 74 78 85 
97 101 106 108 112 114 119 122 127 131 137 148 
154 155 158 164 165 167 176 177 181 183 187 188 
193 195 197 198 
59
1 2 7 8 9 11 17 22 25 31 34 45 
50 53 54 56 59 61 64 65 70 74 76 77 
78 85 89 93 94 95 98 101 103 104 106 110 
111 113 119 123 124 126 130 133 134 138 141 143 
150 151 158 163 164 165 168 170 173 178 191 
64
1 4 9 10 12 16 17 22 23 25 27 28 
29 34 45 46 47 48 53 54 58 63 68 69 
71 73 78 81 86 90 91 93 95 96 105 106 
107 110 111 113 119 121 122 123 127 132 136 138 
139 143 145 152 158 160 162 171 175 181 185 186 
189 195 197 200 
59
1 2 7 10 12 14 18 21 22 24 25 27 
28 30 33 36 44 50 55 58 59 61 64 65 
77 78 82 83 94 100 108 114 127 128 130 131 
135 136 141 144 146 151 158 159 160 161 162 163 
165 169 175 181 182 183 188 193 195 198 199 
58
1 4 12 17 19 20 22 36 40 41 42 44 
47 51 53 58 62 63 64 65 66 70 73 81 
82 89 91 93 94 96 101 105 108 109 110 111 
112 121 123 126 134 140 141 148 155 158 170 173 
174 178 179 182 184 192 193 198 199 200 
60
2 5 8 11 15 18 22 27 28 29 30 33 
34 36 37 38 41 48 52 54 56 67 77 78 
83 84 86 89 96 103 107 108 109 114 116 118 
123 126 128 129 133 141 148 149 153 158 161 162 
164 167 172 174 186 188 190 191 192 194 196 200 
62
1 3 14 17 21 27 32 37 41 42 46 48 
51 54 56 59 61 62 70 74 80 84 87 90 
92 96 98 101 102 104 106 107 109 113 114 124 
125 126 130 131 134 136 138 143 144 149 153 154 
158 161 162 164 165 168 169 172 174 177 179 182 
189 194 
58
7 16 19 23 25 30 35 37 44 45 46 59 
61 62 66 76 78 79 84 88 91 93 94 103 
107 110 111 112 114 115 119 120 122 125 128 129 
130 133 141 144 148 149 152 155 158 159 161 165 
168 170 177 180 182 183 188 194 195 199 
58
2 5 9 11 22 27 28 29 32 33 36 43 
46 47 52 61 63 67 68 70 74 75 85 87 
89 99 102 105 109 110 126 136 139 140 143 145 
146 148 152 157 159 160 161 163 164 165 166 171 
176 178 179 181 184 189 190 192 194 198 
71
3 6 9 10 11 14 19 22 28 31 32 34 
46 49 51 52 54 59 63 66 68 70 72 73 
75 78 81 86 87 88 90 92 98 99 100 101 
112 113 117 123 135 138 139 141 146 147 148 149 
150 151 154 157 158 161 162 163 164 165 166 172 
175 179 180 181 182 186 188 194 196 199 200 
59
1 4 6 8 9 20 21 22 26 33 35 38 
41 42 43 50 55 63 65 66 67 68 69 70 
74 80 87 89 93 94 95 105 106 109 113 115 
120 121 127 129 130 132 137 140 147 151 156 164 
168 173 174 175 177 179 181 183 188 191 192 
71
13 14 15 16 19 21 22 27 30 32 34 37 
40 43 48 52 54 55 56 57 59 61 69 72 
73 74 77 78 81 83 85 86 88 89 90 92 
93 101 107 108 111 114 117 119 120 121 124 135 
138 143 145 147 149 150 152 156 159 160 169 170 
175 176 177 178 179 187 188 192 193 196 200 
61
2 4 5 25 29 34 39 40 42 44 45 49 
50 55 57 59 61 62 68 70 85 89 90 94 
97 104 106 109 112 117 118 121 123 124 127 128 
130 140 141 143 144 145 147 148 150 152 153 154 
164 165 167 170 175 181 186 187 191 193 196 197 
198 
68
4 5 6 11 15 19 23 26 28 34 35 36 
39 41 46 47 49 50 51 56 59 60 61 66 
72 73 74 78 79 81 84 86 87 89 93 95 
106 107 110 113 116 119 120 123 124 134 136 137 
139 150 151 155 160 161 163 164 166 171 172 176 
178 179 180 181 184 189 190 194 
57
6 8 9 13 14 17 20 22 25 30 34 35 
37 41 43 45 47 48 50 54 57 58 59 60 
64 65 66 68 70 72 77 78 81 85 88 92 
99 106 110 116 120 123 129 132 133 134 140 147 
160 163 178 182 186 188 190 193 197 
55
1 11 23 28 33 37 38 39 41 42 46 47 
54 55 56 62 63 64 67 69 71 73 74 76 
83 86 87 91 92 94 97 99 105 106 112 113 
114 121 125 127 131 139 140 143 146 147 149 158 
159 160 171 173 175 178 194 
66
2 4 7 9 11 12 14 20 26 27 29 30 
34 48 55 56 58 60 61 62 64 68 70 72 
75 76 78 81 82 84 90 94 97 100 102 103 
104 106 109 117 119 123 124 127 134 135 137 142 
146 149 151 154 155 157 162 171 176 177 179 180 
185 187 190 195 197 199 
61
2 3 8 11 12 16 23 24 26 30 33 37 
38 39 40 41 43 48 53 55 58 62 64 67 
70 73 79 83 86 89 90 91 93 96 97 104 
109 113 116 119 129 133 137 139 142 146 147 151 
153 156 157 165 166 167 169 171 180 183 186 194 
197 
65
4 5 6 8 10 11 13 14 15 16 19 21 
24 25 29 32 34 48 50 53 54 55 56 59 
62 63 75 78 83 89 92 95 97 98 102 103 
105 106 107 108 109 116 117 118 120 127 138 139 
141 142 147 150 157 158 162 166 170 183 184 185 
188 190 192 195 200 
65
2 3 7 8 15 20 21 28 30 33 34 35 
39 40 44 49 53 54 55 56 57 61 62 66 
67 74 76 83 84 85 86 87 89 91 96 102 
103 104 115 116 119 124 127 129 130 131 132 133 
134 136 139 141 144 152 154 155 161 168 174 177 
180 184 185 190 198 
64
3 5 7 8 13 16 21 24 25 28 29 30 
34 36 40 41 43 54 55 59 63 65 73 80 
82 83 89 91 92 94 97 100 101 103 109 121 
125 128 130 136 139 142 145 146 153 154 157 160 
161 162 163 164 168 169 170 173 176 177 180 182 
183 186 188 196 
58
3 6 10 17 18 26 28 29 38 40 44 46 
49 59 61 64 68 69 71 78 79 80 82 85 
93 94 95 101 103 108 111 115 119 120 121 123 
124 138 139 140 145 146 149 154 160 162 165 168 
172 177 180 185 189 190 191 195 197 198 
62
2 9 10 12 18 27 28 31 33 41 43 44 
55 60 62 65 70 73 84 85 89 91 93 94 
95 97 98 100 106 107 112 114 116 118 120 123 
125 126 129 131 134 140 141 142 144 145 148 149 
150 152 155 157 160 163 181 183 186 187 190 192 
196 199 
58
3 4 8 13 16 19 20 24 27 35 36 37 
38 44 53 55 58 60 62 64 65 69 72 73 
78 81 85 87 94 103 108 109 117 120 126 129 
135 136 137 140 144 147 150 151 152 154 157 160 
162 170 175 180 184 186 187 189 198 200 
61
5 6 8 16 20 21 22 24 26 28 40 49 
60 61 64 65 72 74 75 76 79 80 81 87 
91 92 93 95 96 98 101 104 106 113 115 120 
123 130 133 135 136 138 140 141 146 147 157 162 
169 170 171 172 174 176 179 182 183 184 187 194 
195 
47
6 7 16 24 25 29 38 39 42 43 44 50 
51 54 56 60 61 66 81 89 101 102 110 113 
115 122 126 129 132 137 139 142 145 147 149 156 
159 161 162 165 172 176 182 190 196 198 200 
75
2 3 4 8 9 16 19 23 26 27 32 34 
36 37 42 48 49 50 53 57 58 60 63 64 
65 72 73 75 76 78 82 85 88 89 91 93 
94 95 99 106 109 115 117 121 122 128 132 134 
137 138 140 143 146 147 148 150 151 155 156 158 
160 163 165 166 167 169 176 179 182 184 186 188 
190 199 200 
56
3 5 7 8 10 11 12 13 26 34 39 41 
44 47 48 51 54 57 58 59 60 61 64 65 
66 76 80 82 90 91 94 101 103 110 113 115 
117 119 121 124 128 129 130 143 144 155 156 160 
163 166 174 180 191 192 194 199 
54
3 4 6 10 18 26 31 32 39 44 47 51 
53 54 58 71 76 79 82 87 88 95 98 100 
102 103 105 109 120 122 123 124 133 139 141 145 
149 150 153 159 164 165 167 171 173 175 178 182 
183 187 191 194 197 200 
69
5 9 14 17 22 25 29 31 32 33 35 37 
40 44 46 54 55 56 57 59 65 66 67 69 
70 74 75 80 85 88 91 98 100 101 111 113 
115 116 118 119 120 128 132 138 140 143 144 146 
148 151 152 157 159 161 162 163 164 165 166 174 
176 180 183 185 187 191 194 196 199 
65
1 4 9 14 21 22 24 27 31 33 36 38 
40 42 44 47 54 59 63 67 68 70 72 77 
81 82 89 91 92 95 97 98 102 108 112 115 
118 120 121 123 124 125 126 135 136 138 142 146 
147 153 155 156 161 162 163 166 167 169 172 176 
180 189 192 194 195 
50
1 4 16 17 21 24 34 36 44 52 54 55 
59 60 66 67 69 71 73 77 79 80 81 84 
85 90 97 109 110 121 133 139 140 141 143 145 
147 155 159 162 169 170 171 172 177 185 195 197 
198 200 
60
8 11 18 19 21 30 34 36 38 40 42 44 
45 46 47 52 55 57 63 65 66 68 69 71 
76 80 81 84 87 89 90 91 92 97 98 102 
103 104 105 108 109 110 111 129 130 139 150 153 
154 159 164 165 166 180 187 188 191 194 198 199 
72
3 6 9 15 16 20 24 25 26 28 33 35 
36 37 39 41 42 43 46 50 53 54 55 57 
63 65 66 67 70 71 73 75 76 77 86 88 
94 101 103 107 111 117 119 125 128 129 132 133 
138 140 143 146 148 151 158 162 163 164 166 175 
177 180 183 186 188 189 190 191 192 197 198 199 
65
10 12 16 17 18 21 22 24 25 27 33 34 
36 45 46 49 51 53 64 68 72 76 78 83 
84 88 90 91 92 94 96 98 99 102 103 106 
110 114 121 123 131 132 133 134 135 137 140 142 
150 155 159 162 166 167 168 171 172 173 178 181 
186 189 192 198 199 
55
2 7 8 9 11 17 32 34 35 36 40 42 
46 48 50 64 65 70 73 77 84 87 88 90 
91 92 100 108 111 114 117 125 126 129 130 131 
135 136 138 140 146 150 155 159 161 165 171 175 
181 184 186 188 189 195 198 
58
1 6 9 12 17 33 36 41 44 45 46 47 
48 49 55 56 58 63 65 66 68 75 76 84 
91 96 98 100 106 108 110 112 115 119 120 121 
123 124 125 127 129 137 138 140 142 144 150 159 
161 168 169 170 175 178 181 187 192 197 
60
1 2 8 16 18 19 22 24 27 29 30 33 
37 38 43 45 46 57 60 66 69 72 75 85 
96 101 104 105 106 109 110 116 118 119 123 128 
130 135 136 141 146 151 152 156 160 161 163 167 
169 170 172 175 176 187 188 191 192 197 198 200 
55
9 10 13 15 16 17 23 25 27 29 35 36 
39 45 58 64 65 66 70 87 89 93 101 104 
105 106 108 109 111 116 121 131 132 136 139 146 
150 157 159 161 162 167 169 170 174 175 179 180 
183 185 186 188 189 191 198 
58
1 4 6 9 11 12 18 19 21 23 28 43 
47 51 52 55 58 61 69 70 71 75 80 81 
85 86 88 90 95 96 99 100 103 104 105 107 
111 113 125 127 134 135 138 140 141 153 157 158 
159 161 166 169 174 177 185 186 193 197 
63
1 3 4 11 13 14 17 18 19 21 22 24 
27 28 29 38 56 58 61 65 68 69 72 75 
78 83 84 86 91 94 96 99 100 106 107 108 
111 113 115 117 120 123 126 129 137 139 140 154 
156 157 170 171 173 174 175 176 177 182 183 189 
191 193 195 
69
4 9 12 13 14 19 23 25 26 29 33 34 
37 38 43 46 47 48 51 52 56 59 60 62 
67 77 80 81 85 89 90 91 96 97 98 99 
100 102 103 104 108 110 111 113 114 122 129 131 
132 135 139 143 147 149 151 152 157 159 165 167 
168 171 172 181 186 189 198 199 200 
49
5 8 16 18 27 28 29 36 39 41 51 54 
67 71 75 76 77 79 80 86 87 88 91 94 
99 108 111 113 116 117 120 126 127 140 143 144 
147 150 154 160 163 168 170 173 176 177 182 191 
195 
60
5 9 11 12 13 16 22 26 27 28 37 38 
44 48 62 65 66 69 70 72 76 77 80 82 
84 88 92 100 101 102 103 106 112 115 121 126 
137 141 142 146 147 152 156 157 162 167 168 169 
170 171 175 176 177 186 189 191 192 193 196 197 
76
5 10 12 13 15 16 20 21 22 23 26 35 
36 37 41 45 46 47 48 52 56 59 62 63 
69 72 73 74 75 80 81 82 83 85 89 91 
92 93 103 104 108 109 110 113 120 121 122 125 
127 130 135 136 139 140 146 147 149 152 154 156 
157 158 161 162 166 169 170 172 181 182 186 188 
194 195 196 200 
62
4 6 25 27 29 30 31 36 38 42 45 47 
49 52 53 56 57 62 71 72 78 79 83 84 
88 90 91 94 98 100 106 108 109 113 117 120 
121 128 129 130 131 132 135 137 138 140 143 149 
150 151 156 161 163 165 168 172 176 177 185 192 
193 197 
60
3 16 19 21 29 32 33 45 50 52 53 55 
58 61 67 70 74 75 76 77 83 84 89 90 
91 95 102 113 115 117 119 120 123 124 126 136 
137 139 141 142 146 148 150 154 155 156 167 171 
181 183 184 185 188 189 192 194 195 197 198 200 
50
3 13 14 16 17 20 24 27 28 35 36 40 
42 44 48 57 62 67 68 72 79 95 99 100 
103 106 107 112 114 116 123 125 131 135 136 137 
139 142 148 154 158 164 165 169 172 173 175 176 
187 196 
68
2 5 10 11 13 15 22 23 28 29 30 31 
33 35 36 41 43 44 45 47 48 55 59 61 
62 63 64 71 74 76 79 86 93 95 100 102 
108 109 111 112 113 115 116 118 120 125 132 143 
144 145 146 148 150 152 158 160 162 165 172 181 
183 185 188 190 193 196 197 200 
57
3 11 18 21 23 24 30 31 34 37 38 45 
47 49 50 54 58 62 63 67 70 72 75 77 
78 87 89 90 91 97 100 110 112 113 114 115 
123 125 127 129 130 132 140 141 144 145 153 157 
165 166 169 183 189 194 195 199 200 
63
5 8 10 16 18 19 20 22 23 31 35 36 
38 45 48 50 56 57 61 63 67 70 74 75 
83 93 97 100 102 105 112 113 115 120 123 125 
126 129 131 132 140 144 147 148 149 150 153 154 
158 160 161 162 170 171 174 175 177 178 180 184 
185 189 195 
57
8 9 10 14 15 17 18 19 26 31 35 36 
39 40 46 50 51 56 57 58 69 71 74 75 
78 87 99 100 104 105 106 107 111 115 116 121 
125 134 141 142 144 145 146 152 154 155 169 170 
172 176 177 178 179 180 182 193 194 
70
7 9 11 12 15 18 22 25 30 32 36 40 
41 43 49 50 53 55 56 58 59 61 65 69 
73 74 81 82 84 88 89 90 94 98 101 102 
103 104 106 110 115 116 124 126 127 128 129 130 
131 142 145 146 148 149 153 155 163 172 177 179 
180 182 183 185 186 187 192 193 195 198 
63
6 11 12 13 15 16 17 18 20 21 27 28 
35 37 41 42 49 52 57 62 72 73 75 76 
78 79 80 82 83 85 86 90 92 94 96 98 
108 113 118 122 123 131 135 138 139 146 147 148 
151 152 155 156 158 160 161 163 170 171 179 184 
185 192 199 
72
2 3 5 6 7 10 12 16 19 21 24 29 
31 35 36 40 54 56 63 64 65 69 72 73 
77 79 80 81 84 87 92 95 97 98 100 102 
104 105 110 122 123 124 129 133 136 137 139 140 
141 142 143 145 149 150 153 155 157 158 164 165 
166 168 169 171 175 176 182 184 192 194 198 200 
66
2 4 9 12 18 19 23 25 30 31 34 40 
42 43 45 46 47 48 49 54 58 62 65 72 
75 76 77 87 89 90 95 101 102 103 105 108 
109 114 115 117 120 128 131 133 134 138 140 143 
145 146 153 155 163 165 171 173 174 175 176 178 
181 182 184 188 193 196 
54
1 3 7 13 23 24 27 32 39 44 45 46 
48 59 63 64 69 70 74 88 91 98 100 114 
116 117 118 119 123 125 127 130 133 135 138 139 
140 142 143 147 148 150 152 153 157 167 174 175 
178 179 188 190 194 200 
57
4 6 11 13 18 22 23 31 32 33 41 42 
43 45 53 60 62 66 69 77 78 82 88 89 
90 94 96 98 103 105 109 113 118 119 123 124 
130 138 139 146 149 156 157 160 162 166 172 178 
182 183 185 186 189 190 191 195 196 
63
6 7 10 12 14 16 18 20 22 24 26 31 
34 36 38 40 42 45 47 52 53 58 61 63 
68 69 72 74 76 79 83 85 86 95 101 102 
105 113 114 116 119 122 123 130 132 138 143 152 
154 159 161 163 166 171 172 174 182 183 191 192 
194 196 200 
63
2 7 13 15 20 22 23 27 31 32 33 36 
45 46 47 60 65 68 69 70 71 73 79 80 
84 89 90 92 100 102 104 114 119 120 122 124 
126 128 129 136 138 141 142 143 147 151 155 156 
159 161 165 167 168 173 178 187 188 190 192 194 
195 196 199 
59
3 5 13 14 15 16 21 23 24 27 31 32 
33 39 42 44 47 48 59 62 71 75 78 80 
85 86 93 106 107 108 112 113 119 120 121 124 
126 133 138 144 145 146 152 153 154 158 161 170 
171 172 175 176 178 185 190 191 193 195 198 
64
4 7 8 9 12 13 14 15 17 18 20 22 
26 28 31 39 46 47 49 53 54 56 59 64 
66 69 73 77 80 81 87 93 100 102 110 112 
113 116 118 119 120 121 126 127 128 129 142 149 
151 152 157 161 163 165 167 168 171 176 186 190 
191 195 197 198 
54
1 7 10 21 22 37 40 42 43 44 47 48 
52 54 56 62 64 67 70 75 84 88 103 104 
106 110 113 118 119 120 124 125 126 127 128 133 
137 139 140 154 155 158 160 161 163 165 168 169 
170 186 187 188 190 197 
46
3 4 14 15 18 23 24 26 27 32 33 41 
42 45 47 55 59 67 70 74 79 82 85 90 
94 97 98 101 102 107 111 124 125 130 141 143 
149 153 157 162 164 169 171 179 187 200 
67
2 9 14 16 21 22 29 30 31 33 37 40 
46 51 52 57 61 67 69 70 71 72 79 80 
87 96 101 104 105 106 109 111 115 116 118 119 
120 121 127 129 132 135 139 142 143 145 146 147 
155 156 157 163 166 167 173 175 179 180 181 182 
185 186 187 192 193 196 198 
60
1 4 5 10 11 14 15 16 29 36 41 44 
47 48 49 53 56 63 66 67 72 73 75 77 
81 84 92 99 101 102 107 108 115 116 123 126 
130 132 137 138 141 142 145 147 148 150 152 156 
160 161 166 173 177 179 182 184 185 192 193 197 
67
1 9 11 16 17 20 25 32 33 39 41 44 
45 46 48 52 54 55 57 59 66 67 68 69 
71 74 75 77 78 79 85 87 90 92 95 101 
102 104 106 108 113 116 118 120 124 142 143 149 
152 155 156 158 159 163 165 166 167 168 170 173 
176 177 179 181 182 189 200 
53
6 7 9 11 17 18 19 20 27 30 35 42 
50 53 57 59 62 71 74 75 78 81 83 84 
87 97 100 102 106 111 116 119 120 125 132 139 
144 147 149 153 154 156 162 167 171 176 178 182 
189 193 195 196 197 
58
2 4 7 10 11 12 16 18 19 21 22 29 
32 38 39 43 51 52 58 59 62 69 70 71 
86 90 101 108 109 112 114 115 118 120 122 125 
126 127 131 132 141 149 151 158 163 169 172 173 
174 175 178 179 184 188 191 193 194 198 
67
4 6 7 12 17 20 21 22 24 25 26 27 
28 29 34 38 45 47 50 52 55 56 58 60 
68 72 76 77 82 83 84 85 89 90 93 95 
97 102 103 104 110 116 120 122 129 130 132 140 
141 144 147 156 159 165 168 174 178 180 181 184 
185 186 187 188 191 197 198 
57
3 7 10 17 18 26 29 31 35 36 37 45 
48 51 56 57 64 65 66 71 72 76 79 86 
90 92 95 97 99 104 112 116 124 128 129 130 
131 134 141 142 143 144 145 147 149 151 153 161 
165 166 168 174 181 183 184 190 200 
52
1 3 6 8 13 14 18 20 23 33 34 47 
48 51 52 57 64 76 77 79 84 88 89 97 
102 109 114 120 121 124 125 132 133 140 143 145 
149 153 155 164 167 168 170 176 177 179 181 185 
190 195 197 198 
61
4 10 18 20 23 25 29 34 35 37 39 41 
45 46 49 58 61 62 67 68 69 70 72 73 
75 78 80 84 99 102 105 106 112 116 122 125 
129 130 131 133 137 145 148 149 150 153 156 158 
159 164 167 173 176 182 186 187 189 192 195 197 
200 
60
2 4 6 9 16 17 20 27 32 36 39 42 
47 48 50 51 52 59 69 70 73 74 75 76 
81 84 85 88 91 92 95 96 100 101 102 112 
113 119 126 127 138 142 145 152 153 155 157 161 
162 163 170 171 174 179 181 185 195 197 199 200 
56
3 4 12 13 20 22 23 26 28 29 30 37 
39 44 48 55 56 57 62 63 76 80 81 83 
85 91 94 100 104 112 113 114 119 120 124 126 
133 134 136 137 139 140 141 142 143 169 170 173 
175 178 186 190 191 196 197 198 
58
4 5 6 7 14 21 24 30 33 37 45 47 
51 52 55 56 64 65 70 71 74 76 79 81 
82 86 89 91 96 98 103 113 115 116 117 119 
120 121 123 127 128 133 134 136 138 140 143 144 
147 148 154 165 168 170 176 177 190 198 
63
8 9 11 13 15 20 21 22 24 27 31 32 
33 34 38 51 55 60 62 63 65 66 79 80 
86 91 96 97 106 108 113 118 119 120 123 129 
130 133 134 135 146 147 148 150 151 156 157 164 
167 168 173 174 176 177 180 181 184 188 191 193 
195 199 200 
63
8 12 18 22 29 30 33 38 40 45 56 58 
60 65 70 75 76 78 82 85 86 89 91 93 
94 101 102 106 107 112 113 118 119 120 121 122 
126 127 128 133 135 137 146 152 153 154 156 160 
161 162 166 169 171 172 176 182 183 192 193 195 
196 197 199 
58
7 11 14 15 16 20 24 27 31 33 37 39 
46 48 51 55 57 61 69 71 73 76 83 84 
94 95 96 102 103 104 105 106 109 115 120 122 
125 126 127 133 135 142 147 148 155 157 159 160 
165 176 177 187 190 192 193 194 195 197 
52
1 2 6 9 11 23 24 25 26 27 28 31 
32 35 45 55 57 63 65 69 75 82 86 90 
91 96 97 102 103 108 115 121 122 123 127 133 
134 135 145 146 147 151 157 158 159 160 169 171 
182 192 196 199 
51
14 15 17 18 20 22 26 30 33 39 43 44 
45 47 56 63 64 70 73 74 81 82 87 88 
93 97 101 103 105 109 110 119 121 124 129 133 
138 143 145 149 153 155 156 165 166 173 180 183 
184 188 198 
58
2 3 4 6 7 8 9 12 17 26 28 31 
33 36 37 38 40 47 48 49 53 56 57 58 
59 65 69 75 77 86 91 94 95 98 99 107 
108 116 130 132 133 135 146 147 153 157 162 164 
169 170 178 179 183 184 186 189 193 198 
55
1 2 3 6 9 12 14 15 16 20 23 25 
32 33 34 39 41 43 47 49 52 53 59 63 
70 80 93 94 98 102 103 108 109 110 114 118 
126 131 133 136 140 141 144 145 149 151 154 155 
161 167 168 169 182 183 193 
59
2 4 8 10 16 17 18 19 21 28 40 41 
43 49 50 58 59 61 65 69 72 73 76 77 
78 83 88 92 93 98 99 102 104 110 113 117 
123 124 129 130 133 138 144 148 156 157 164 166 
168 170 172 176 184 186 188 190 191 199 200 
59
2 7 9 12 15 17 20 37 38 41 47 51 
52 53 56 59 60 62 63 64 67 68 69 71 
72 82 87 88 91 93 100 102 106 109 111 112 
115 119 128 130 132 135 137 143 148 151 154 163 
165 167 172 178 179 180 184 187 189 191 195 
61
1 2 9 12 16 23 24 28 30 42 44 45 
46 49 58 60 65 67 69 70 72 74 75 76 
85 86 87 90 97 101 102 104 121 124 127 131 
132 133 138 139 141 142 150 155 160 161 165 166 
168 169 170 171 174 175 177 180 182 184 185 186 
187 
61
3 4 5 7 8 12 13 19 22 24 28 31 
37 38 39 40 43 45 47 53 56 61 73 74 
78 83 85 86 87 93 97 103 108 115 121 125 
126 127 128 130 131 136 138 143 145 150 151 156 
158 160 164 169 171 174 175 176 180 182 185 187 
191 
62
1 2 3 4 17 22 23 25 33 37 38 46 
47 48 52 53 54 61 62 63 64 66 70 80 
82 85 90 92 96 98 103 105 106 109 111 114 
117 125 127 128 134 135 140 142 144 148 152 154 
156 158 159 165 171 173 175 176 178 183 186 191 
193 197 
68
2 5 8 16 20 22 26 34 36 38 39 41 
43 47 58 59 64 68 71 75 78 85 89 91 
93 96 99 100 101 102 103 107 110 111 114 116 
120 122 127 132 134 136 137 138 142 144 147 148 
152 154 155 159 161 166 168 169 171 172 177 179 
181 182 185 187 188 189 193 199 
57
1 6 12 14 15 17 21 26 30 41 51 52 
53 54 56 60 61 62 63 71 72 74 86 88 
89 90 96 103 104 107 113 114 118 119 123 125 
127 135 139 145 146 152 155 157 158 159 162 163 
164 165 169 180 182 184 185 190 193 
63
4 5 8 9 13 21 22 23 25 29 30 42 
49 51 60 61 63 64 65 68 76 77 82 87 
92 93 96 97 101 102 104 112 116 117 120 123 
124 126 127 129 130 133 143 144 149 151 153 157 
158 159 160 161 162 166 168 173 178 179 186 195 
198 199 200 
57
4 8 9 10 14 17 18 20 27 36 39 40 
42 49 50 56 58 59 60 63 64 67 69 77 
79 86 93 94 95 100 103 106 107 111 125 126 
130 133 136 137 139 140 148 149 152 157 159 169 
170 171 176 179 180 186 189 198 200 
62
2 5 6 11 12 16 17 19 26 27 28 32 
33 39 40 46 47 49 51 53 58 63 66 74 
76 84 85 87 88 89 94 95 96 97 100 102 
105 112 116 120 123 126 128 135 137 144 148 153 
156 163 168 175 180 181 182 185 186 190 191 193 
195 196 
55
6 9 16 20 22 27 36 39 40 44 45 54 
55 64 67 68 80 82 83 84 88 89 96 97 
99 100 102 104 107 110 117 120 126 130 132 133 
136 140 143 152 153 154 159 163 172 175 177 179 
182 185 186 191 192 195 196 
64
1 3 8 13 17 21 23 30 32 33 46 47 
50 52 54 55 67 69 70 72 74 78 82 83 
88 91 93 96 97 98 104 105 112 114 116 118 
119 129 135 136 138 139 140 143 144 146 147 149 
152 154 155 158 162 170 172 175 177 181 186 189 
193 195 198 199 
50
2 13 17 18 20 24 27 28 32 42 43 47 
53 55 60 63 64 67 69 73 75 77 90 94 
101 108 117 121 123 124 134 136 139 140 142 144 
152 160 161 164 165 167 170 171 177 179 180 184 
188 196 
68
3 4 12 14 15 16 17 21 22 23 24 26 
29 33 34 37 43 45 46 50 53 54 55 57 
58 61 62 63 64 68 70 82 91 92 93 97 
107 112 114 115 117 120 123 124 126 130 132 137 
140 142 145 150 151 153 166 168 169 170 174 175 
177 180 181 187 188 190 192 193 
62
1 4 5 11 15 17 20 23 26 27 28 31 
33 36 39 40 41 42 48 52 60 64 68 69 
73 76 88 95 96 97 98 101 104 108 111 112 
116 117 122 123 124 130 135 136 138 146 149 150 
154 160 165 174 176 182 183 185 187 189 190 194 
195 196 
58
2 12 16 17 18 19 25 29 36 44 45 48 
50 52 53 54 61 62 68 71 72 73 74 75 
77 78 83 84 88 90 96 97 98 102 109 113 
118 124 127 128 131 138 144 147 150 155 157 158 
160 162 165 171 172 176 179 181 186 190 
58
2 6 7 10 11 17 22 25 29 31 34 35 
38 43 44 46 51 58 60 61 64 66 67 68 
72 75 76 80 81 82 84 90 101 102 108 116 
118 120 125 130 131 140 141 148 150 156 157 159 
162 169 170 171 175 179 181 187 190 200 
50
6 8 17 21 24 33 34 38 39 42 45 56 
61 71 72 79 82 83 88 90 91 92 93 99 
101 104 113 115 118 120 125 126 132 137 138 142 
150 153 154 160 172 173 175 177 180 181 185 186 
187 192 
58
1 3 5 15 19 22 23 24 28 29 31 33 
34 36 39 78 82 86 89 90 92 98 102 103 
105 107 109 111 116 118 124 125 126 132 136 137 
139 143 147 149 150 154 156 165 166 167 173 177 
178 179 181 182 184 185 188 191 198 199 
66
1 4 5 11 16 19 22 23 25 26 31 38 
40 42 45 46 47 49 54 56 61 74 75 76 
77 79 82 88 89 93 94 95 96 98 103 106 
112 117 120 122 125 130 131 132 142 149 152 154 
157 161 169 170 172 176 177 179 180 184 185 186 
187 188 191 195 196 200 
60
2 7 15 25 27 30 33 35 40 41 44 46 
48 64 65 67 71 73 74 77 79 81 85 87 
90 91 93 95 98 99 103 111 112 114 117 118 
120 126 127 131 134 141 147 150 154 155 160 162 
165 167 168 174 178 181 183 185 186 188 189 200 
57
2 11 15 19 24 27 29 32 35 36 40 48 
57 58 59 60 61 62 65 71 72 75 76 78 
84 85 90 93 98 100 105 106 107 108 115 120 
130 145 148 149 150 152 155 162 168 171 174 177 
178 183 189 192 194 196 197 199 200 
63
3 5 7 14 15 16 20 23 26 27 34 40 
44 47 49 54 55 60 63 66 69 73 76 80 
86 88 91 96 97 98 101 110 111 112 116 118 
120 121 123 126 127 130 132 133 134 139 140 144 
154 158 168 170 175 176 177 178 180 185 187 188 
189 191 192 
53
3 10 15 16 17 22 25 31 32 33 36 37 
45 46 47 48 49 51 52 55 57 58 61 66 
67 68 80 85 94 95 100 104 105 108 112 113 
114 116 118 122 135 140 146 157 159 162 164 170 
174 180 185 194 196 
63
1 3 6 7 8 9 12 18 22 24 25 30 
34 35 36 37 43 49 50 55 57 59 64 71 
73 76 78 85 89 90 94 95 96 98 99 105 
106 116 118 119 121 127 129 131 133 137 140 141 
150 155 156 157 161 166 169 170 173 176 179 183 
186 188 196 
63
2 7 8 9 12 16 17 18 19 24 27 28 
32 33 35 42 45 50 53 60 66 74 75 76 
85 88 89 90 91 92 97 105 107 108 110 111 
115 122 125 130 131 139 140 142 147 148 150 153 
159 160 164 165 170 171 172 174 176 181 183 184 
192 194 195 
52
10 11 17 22 29 31 32 36 37 39 41 44 
48 54 61 63 64 67 75 80 85 86 89 90 
91 96 97 103 107 108 113 116 119 121 123 127 
129 133 137 143 145 150 156 157 158 164 171 179 
184 187 197 199 
64
3 13 17 18 19 20 22 35 36 37 38 40 
44 45 46 48 50 52 53 54 56 61 62 64 
67 70 71 73 76 84 86 87 93 99 104 106 
107 108 115 116 124 126 127 128 130 131 133 135 
136 139 142 144 145 147 156 161 163 170 175 181 
182 185 192 195 
66
3 5 7 10 11 18 19 20 24 34 35 37 
45 51 54 57 60 61 62 64 65 66 68 77 
80 82 90 91 97 100 101 102 103 110 112 113 
114 117 119 123 127 129 131 139 140 144 146 147 
148 150 151 152 154 155 158 167 168 171 176 180 
182 184 189 195 198 200 
63
1 2 9 14 15 18 19 23 25 29 32 34 
35 37 40 44 46 48 49 50 56 63 69 74 
76 77 78 81 82 85 88 89 90 94 96 97 
99 100 110 111 115 124 130 131 133 138 139 141 
142 143 144 160 161 165 170 178 181 183 188 189 
190 196 198 
66
1 2 5 8 15 17 20 22 29 30 31 35 
36 40 42 43 50 51 53 59 60 61 63 65 
67 72 81 85 86 89 91 92 95 96 98 99 
100 104 107 108 112 119 122 123 130 131 138 139 
142 147 151 152 154 162 164 165 166 172 174 177 
178 180 183 186 189 200 
63
8 9 10 13 15 18 21 25 27 28 31 32 
33 34 40 41 46 49 50 58 64 67 69 73 
79 80 88 89 92 99 102 103 104 107 113 114 
117 118 121 122 125 128 129 133 136 140 144 145 
148 151 153 162 164 165 173 176 181 186 190 195 
196 197 198 
71
6 8 13 15 18 20 23 33 42 49 52 53 
54 55 57 59 63 64 65 71 74 77 89 90 
92 93 96 98 99 100 101 105 109 110 115 118 
122 124 129 130 133 134 136 137 140 142 145 150 
151 153 154 155 157 158 161 166 167 169 170 171 
172 174 176 182 184 186 187 190 193 195 198 
66
8 10 12 14 17 18 20 26 28 29 30 31 
33 36 37 38 39 42 43 48 51 52 57 61 
62 63 74 76 83 84 85 90 94 101 104 105 
110 113 128 129 131 135 136 137 138 139 142 156 
158 159 161 164 165 167 170 171 172 173 176 181 
182 183 186 190 192 194 
58
1 2 5 19 21 22 23 25 32 45 47 49 
50 52 57 58 62 71 76 78 80 82 83 86 
87 91 95 97 105 110 114 120 121 123 126 128 
130 131 134 142 144 148 155 156 157 162 166 168 
172 178 181 182 185 187 188 196 199 200 
65
1 3 9 11 12 13 15 17 20 21 26 28 
38 40 46 52 54 55 59 60 68 74 76 77 
78 79 81 85 90 92 95 98 103 107 116 123 
124 125 128 131 132 133 136 141 145 146 148 152 
153 156 160 161 163 168 173 175 176 177 179 181 
182 185 186 199 200 
64
2 3 4 5 8 11 17 18 20 28 34 36 
39 41 42 45 46 47 54 55 59 60 68 69 
74 76 85 87 89 93 96 98 99 101 105 111 
112 113 114 116 121 122 125 128 131 137 138 142 
143 145 146 148 150 153 160 161 164 173 175 181 
186 189 193 197 
61
5 10 16 17 19 24 31 33 35 37 41 47 
48 50 51 54 58 59 60 64 66 67 68 72 
81 91 96 99 112 115 122 124 125 128 129 131 
134 136 139 141 143 144 146 148 150 151 152 156 
157 159 160 166 169 170 177 178 181 187 189 190 
198 
57
1 6 11 18 19 31 33 41 46 48 52 53 
54 61 62 67 68 72 74 80 82 85 93 95 
96 103 105 109 110 116 119 120 121 124 126 129 
130 132 133 134 139 141 142 146 147 155 156 159 
166 169 171 172 173 178 193 194 199 
53
1 2 8 15 20 24 26 37 42 43 45 50 
53 58 59 68 74 76 77 86 88 89 92 98 
101 106 107 110 112 117 120 123 125 126 138 142 
145 146 149 153 167 168 174 175 177 181 184 188 
190 192 194 195 197 
61
3 4 5 6 8 9 12 13 19 23 25 26 
27 30 33 39 41 48 53 54 64 65 66 67 
68 73 76 83 86 87 89 92 95 96 97 108 
111 117 119 124 129 130 132 134 140 148 150 152 
154 155 156 165 171 178 180 181 182 185 192 193 
195 
60
1 6 7 12 13 15 19 23 24 26 28 30 
31 36 38 40 42 44 47 50 57 64 65 66 
72 73 74 77 80 81 88 92 93 97 98 103 
107 109 115 124 129 140 141 142 143 148 150 153 
157 160 163 165 168 170 171 179 182 183 185 200 
68
1 7 9 10 13 16 21 25 29 32 39 41 
44 56 58 60 64 65 66 67 68 77 80 81 
82 84 90 92 102 103 105 109 111 113 114 115 
119 124 126 128 129 132 133 134 135 139 141 142 
143 144 145 146 153 158 159 160 163 171 173 174 
176 179 181 188 190 197 199 200 
57
3 6 10 16 17 22 25 26 27 28 29 31 
35 36 39 46 48 49 54 56 61 62 64 72 
74 77 81 83 95 100 101 102 104 108 111 118 
119 120 125 131 132 144 146 148 150 153 158 171 
172 175 177 181 184 185 195 197 199 
61
1 2 4 5 6 13 17 18 22 23 26 31 
33 38 41 42 47 51 54 58 59 62 66 73 
78 82 83 88 91 93 94 95 100 109 114 119 
130 139 143 144 146 152 155 157 158 167 169 170 
175 176 177 178 181 182 184 185 186 189 193 197 
199 
61
4 6 13 15 18 19 23 32 36 48 49 52 
55 56 59 61 63 67 70 78 79 88 90 92 
94 95 102 107 108 109 110 113 116 119 122 123 
125 127 129 130 131 132 138 148 151 156 157 159 
161 165 174 175 177 181 184 186 189 191 197 198 
200 
67
5 22 23 24 28 36 37 39 40 42 45 50 
51 52 57 58 60 65 67 70 72 73 74 76 
82 84 86 87 90 91 92 97 99 100 101 104 
106 108 109 110 111 114 115 118 119 124 131 132 
134 135 138 140 143 146 147 149 151 152 153 158 
161 162 168 173 178 179 193 
68
4 7 8 9 10 15 18 24 25 27 30 31 
35 37 38 40 42 47 48 54 55 56 58 60 
61 63 66 70 72 81 82 83 93 97 100 101 
105 109 110 111 112 114 116 117 121 124 126 134 
136 141 145 152 154 157 158 159 160 161 167 168 
174 175 177 189 190 191 196 197 
57
3 5 6 8 11 15 20 23 24 28 31 40 
41 55 58 59 60 61 73 74 76 77 78 81 
82 83 88 91 93 94 96 100 106 109 114 115 
117 120 123 124 125 128 130 131 138 139 140 147 
149 150 169 170 173 184 189 190 193 
68
2 3 4 7 10 11 12 16 18 20 21 23 
25 35 36 37 41 43 45 46 53 54 66 68 
71 72 77 80 89 99 100 104 105 109 110 111 
112 113 114 115 120 123 126 128 129 134 137 144 
146 147 150 159 161 165 167 170 171 176 181 182 
185 188 191 194 195 197 198 200 
52
1 3 4 10 19 41 43 54 59 65 68 70 
73 74 77 85 86 89 90 95 96 108 109 110 
111 115 120 125 128 130 138 139 140 143 150 155 
156 158 163 168 169 172 174 177 179 182 184 185 
189 192 198 199 
59
1 2 11 14 15 18 20 21 23 24 25 28 
29 32 45 47 51 57 59 60 63 64 66 71 
79 90 91 95 100 103 105 108 114 118 123 127 
134 135 141 142 143 146 153 154 155 160 164 165 
168 178 180 181 183 189 191 193 194 195 198 
55
2 11 18 24 25 31 33 34 37 42 44 47 
48 54 57 60 65 66 68 72 76 78 80 82 
83 86 92 93 99 105 106 107 108 114 117 119 
120 124 126 127 128 141 144 145 153 166 168 169 
171 175 191 192 195 196 199 
65
6 7 10 11 25 26 28 30 33 34 35 37 
40 41 46 48 49 59 61 62 65 68 71 75 
77 78 84 87 89 92 98 101 107 110 113 125 
129 136 137 139 143 144 147 152 153 154 157 162 
167 171 173 174 177 179 180 181 182 184 189 191 
193 194 195 197 199 
58
4 5 6 8 13 14 17 21 25 26 28 29 
33 39 41 42 44 46 61 65 67 69 76 79 
82 83 86 87 97 98 99 106 112 114 118 121 
122 123 125 127 129 130 131 134 136 139 147 158 
159 171 176 183 186 187 190 191 194 199 
54
3 11 12 19 20 21 22 24 32 39 44 49 
58 59 62 63 65 67 73 77 90 99 101 103 
105 110 114 115 116 120 126 128 130 131 132 134 
148 150 151 155 156 164 166 168 175 179 182 187 
189 192 193 195 196 198 
73
1 3 4 6 12 14 17 24 26 27 28 30 
31 32 34 38 40 41 42 46 49 50 53 54 
55 56 57 59 61 62 65 66 68 69 71 73 
74 76 78 81 84 88 89 90 91 92 93 95 
99 102 104 105 107 108 115 121 128 129 131 135 
136 139 140 143 147 152 166 172 188 191 192 195 
196 
66
1 2 3 5 10 19 23 29 30 31 32 35 
37 38 39 40 44 58 60 62 63 64 67 71 
72 73 79 82 86 90 93 98 101 108 110 111 
112 116 122 126 129 130 133 137 140 142 144 145 
146 149 154 159 160 163 166 168 174 180 181 182 
185 189 191 192 199 200 
54
7 8 11 12 17 25 26 28 33 34 45 47 
48 50 51 52 53 60 70 72 74 75 79 81 
82 88 89 91 94 95 105 107 112 117 125 129 
134 136 138 144 154 159 170 173 176 177 179 183 
185 188 191 195 196 198 
56
8 12 16 18 19 34 38 43 45 60 65 66 
70 72 75 79 80 82 88 90 93 95 98 100 
101 102 103 104 105 106 107 113 115 119 121 125 
127 132 138 148 151 152 153 157 162 163 169 171 
173 180 182 186 187 191 192 193 
69
4 9 14 15 18 19 26 27 28 31 39 41 
43 44 47 49 53 54 60 61 65 66 68 69 
72 78 79 90 92 95 97 102 105 107 113 114 
115 116 117 118 119 120 121 125 126 128 129 130 
133 135 139 143 148 154 158 160 163 166 170 171 
174 176 179 183 186 188 189 190 197 
68
1 6 8 9 10 11 14 17 20 25 31 33 
39 41 43 45 46 50 54 55 57 67 68 72 
74 78 81 84 88 89 95 96 98 109 111 112 
116 117 124 125 127 130 134 136 141 142 147 148 
151 152 154 155 157 158 159 162 166 167 174 175 
178 179 181 182 188 192 196 200 
56
4 14 15 26 27 28 31 32 36 41 42 44 
45 49 51 52 58 59 61 70 75 78 84 89 
91 94 95 99 100 110 113 115 116 118 119 134 
136 138 140 159 160 161 168 169 173 177 182 185 
187 188 190 191 193 195 197 198 
55
5 8 10 12 16 22 30 33 35 42 43 47 
53 61 63 68 71 75 76 79 88 94 95 97 
101 104 108 113 115 117 124 127 131 132 133 135 
138 141 152 154 155 157 162 172 174 175 177 181 
184 185 186 187 188 194 197 
62
2 3 12 14 15 17 18 26 39 40 45 49 
52 61 67 70 71 81 82 83 84 86 90 95 
100 101 102 106 107 114 115 116 123 124 126 127 
129 130 136 137 138 139 144 148 149 152 153 157 
163 170 177 182 183 184 186 189 191 193 194 197 
198 199 
62
3 12 16 22 25 29 31 33 35 39 40 41 
42 45 49 56 59 65 66 67 68 73 74 76 
82 88 98 99 100 102 108 110 112 120 125 127 
129 132 133 135 138 141 149 151 152 153 157 158 
161 164 168 169 171 177 179 183 185 186 191 194 
196 200 
69
1 3 10 19 20 22 23 24 31 34 36 38 
39 41 47 48 54 61 63 64 66 68 73 74 
76 82 83 85 87 88 89 97 101 103 108 110 
113 116 119 127 130 137 138 139 143 145 148 149 
151 153 154 162 165 168 170 174 176 177 180 183 
184 185 188 189 190 191 194 196 200 
60
4 10 11 16 17 26 27 28 29 30 31 34 
38 40 41 45 49 51 56 57 58 62 68 74 
77 82 88 89 90 97 98 100 106 107 108 110 
111 112 115 120 125 126 135 142 144 145 151 153 
154 160 164 165 166 167 171 172 191 192 195 199 
65
15 16 19 20 21 26 29 31 35 36 39 40 
43 46 51 55 56 58 59 61 62 65 70 74 
75 76 77 78 82 84 86 87 90 93 97 98 
99 100 102 103 105 107 108 116 117 118 120 122 
125 127 132 143 144 145 157 161 162 166 167 172 
175 179 186 187 193 
62
5 9 11 12 15 17 19 20 21 26 28 31 
34 37 40 41 44 46 50 51 55 56 57 59 
60 62 63 69 75 76 81 87 89 95 97 100 
102 103 106 107 116 117 120 121 127 134 142 143 
146 154 156 165 167 173 177 178 183 184 185 193 
197 198 
53
2 7 8 10 20 21 22 23 25 34 35 39 
40 41 48 50 55 62 65 66 78 81 82 86 
90 97 101 103 106 107 108 109 115 123 127 139 
143 144 145 146 148 152 157 168 178 182 183 184 
185 187 189 195 196 
61
3 5 8 11 12 13 19 24 27 30 34 36 
39 40 42 43 48 60 62 68 76 85 89 91 
94 98 99 104 108 109 110 115 117 118 120 121 
127 133 139 141 143 144 145 149 154 156 159 160 
167 168 174 175 177 179 184 187 192 194 196 199 
200 
64
2 5 6 8 12 14 16 23 24 25 29 33 
38 43 45 46 48 52 58 64 65 69 71 78 
79 80 89 91 94 95 96 98 101 102 109 110 
113 114 116 117 121 128 129 134 137 139 140 142 
145 146 148 155 160 165 166 168 171 174 186 187 
188 194 196 199 
60
2 4 5 16 19 20 28 30 37 42 44 46 
53 54 56 61 62 67 73 82 84 96 100 101 
103 105 111 116 120 122 124 127 130 133 135 137 
138 140 141 144 146 149 150 152 160 167 173 174 
177 178 179 183 189 190 191 192 193 194 195 196 
56
1 2 4 8 10 24 25 30 31 33 35 43 
46 49 51 54 58 59 72 74 75 77 79 83 
86 90 91 96 97 100 101 105 107 110 111 112 
118 122 135 152 154 155 157 167 169 170 172 174 
176 180 182 188 189 191 193 197 
65
5 12 13 17 19 23 29 30 31 42 46 48 
49 51 52 53 55 60 63 65 69 70 71 77 
80 81 82 88 90 91 94 95 96 100 102 103 
104 116 121 129 140 142 144 145 147 152 153 157 
164 167 168 169 173 174 176 179 180 182 183 184 
186 191 197 198 200 
58
1 5 6 9 17 18 21 24 25 26 29 30 
36 37 39 44 51 60 63 68 69 76 86 88 
99 100 101 108 111 115 117 125 127 128 131 132 
134 137 138 141 146 148 154 157 158 161 162 168 
172 175 178 185 187 189 190 191 192 200 
66
2 10 13 14 15 17 19 21 23 28 30 33 
35 39 40 42 46 47 50 53 59 63 66 68 
70 71 75 76 78 86 90 95 98 100 102 107 
109 110 112 117 120 121 123 125 127 131 133 134 
138 145 146 148 153 159 161 166 171 175 176 181 
184 190 193 197 199 200 
56
5 8 9 10 11 12 15 17 18 27 32 36 
42 51 53 54 58 60 68 69 70 76 85 86 
95 96 103 115 116 117 118 124 126 127 128 138 
139 144 145 148 151 153 154 155 161 164 167 170 
173 181 182 183 188 189 190 193 
55
2 4 6 10 14 18 23 25 32 33 37 42 
43 54 56 60 62 77 81 85 86 88 100 101 
103 104 106 109 111 114 116 117 121 125 127 134 
136 143 153 161 165 166 167 168 172 174 178 183 
184 185 187 191 194 199 200 
57
3 11 12 13 16 17 21 30 40 43 45 47 
49 55 56 62 68 73 75 78 79 83 84 87 
89 91 94 98 100 103 104 106 108 113 116 117 
134 135 137 140 142 143 146 150 158 170 171 174 
175 176 182 189 191 195 196 197 200 
69
4 6 9 10 11 12 16 17 20 22 24 25 
29 30 33 34 36 42 45 47 49 52 54 57 
59 69 72 77 78 81 92 96 97 99 102 103 
106 107 109 110 112 114 118 119 121 125 129 133 
134 139 140 141 145 149 151 154 156 165 166 171 
173 181 184 186 189 192 195 198 199 
62
1 3 6 10 11 14 21 25 31 36 43 49 
55 57 60 62 63 69 70 74 75 77 80 81 
87 89 90 94 96 97 98 99 101 102 103 104 
105 106 119 128 129 131 133 134 135 136 144 146 
147 149 156 157 158 161 162 172 174 175 177 178 
190 195 
70
9 11 12 13 14 18 25 26 30 31 32 33 
34 35 39 43 44 53 54 61 64 67 68 69 
74 75 77 79 82 89 94 97 99 100 111 113 
114 117 118 121 122 125 126 129 130 132 133 136 
139 142 145 149 152 154 159 160 161 167 168 169 
174 182 183 185 187 189 190 194 197 198 
58
7 15 16 21 33 37 48 53 64 65 68 69 
71 72 73 77 82 86 87 88 90 94 97 101 
104 105 114 117 120 122 129 132 134 137 139 141 
143 144 150 157 160 161 166 168 170 171 173 176 
186 187 188 189 191 192 196 198 199 200 
61
6 7 9 10 12 15 16 21 24 29 39 42 
43 45 46 51 53 64 69 71 72 73 75 80 
85 86 88 90 91 94 98 102 107 117 119 128 
129 130 133 138 140 141 143 148 150 152 155 156 
160 162 171 173 176 177 178 183 186 187 190 193 
196 
69
3 7 10 15 18 19 20 21 23 29 32 34 
35 37 42 44 50 54 57 61 64 67 71 75 
77 80 81 82 83 84 86 87 96 97 98 101 
106 107 118 120 121 122 124 130 131 132 135 136 
139 146 149 152 160 165 166 167 169 170 172 177 
179 182 183 186 189 192 195 198 200 
61
2 3 8 9 10 16 18 19 22 24 26 27 
28 29 43 45 54 55 68 70 73 75 86 87 
90 95 101 108 111 113 114 117 119 123 125 128 
132 136 141 145 146 153 154 156 157 161 162 167 
168 171 175 176 180 182 185 186 188 190 191 192 
196 
60
4 5 10 12 14 16 31 33 36 38 43 45 
49 57 60 62 67 69 70 74 76 81 84 87 
88 89 91 92 93 94 99 100 102 108 109 110 
113 115 120 133 134 138 142 149 152 154 157 163 
166 169 171 174 175 177 185 191 194 195 196 200 
66
1 6 7 8 13 17 20 22 26 28 35 38 
39 41 46 55 60 61 62 69 70 73 76 87 
90 96 97 100 109 110 114 115 119 120 124 129 
131 134 138 140 142 143 146 148 150 151 157 161 
162 164 170 171 173 177 178 180 181 185 186 188 
192 193 194 196 198 199 
70
1 4 7 12 14 17 23 28 30 32 36 40 
51 54 57 59 60 62 63 64 65 67 69 70 
77 80 85 90 93 94 98 99 100 101 103 108 
116 118 120 126 127 130 131 132 138 139 142 145 
148 150 153 154 158 159 161 169 170 171 174 175 
178 179 181 189 190 191 192 194 195 197 
65
3 4 5 6 22 23 25 26 30 32 33 35 
37 40 41 43 44 46 47 54 57 59 61 67 
69 72 73 79 80 81 86 89 90 91 92 96 
98 99 100 101 103 105 108 126 129 134 137 138 
142 143 144 145 147 148 150 151 173 174 181 187 
190 195 196 197 200 
68
1 2 5 7 12 17 18 19 20 27 30 31 
34 35 37 38 39 40 41 47 48 51 54 59 
66 74 78 84 86 92 94 99 102 106 108 110 
112 119 120 121 123 124 125 128 131 132 133 137 
138 144 147 151 156 157 159 168 169 170 173 174 
179 182 185 187 191 192 197 199 
55
4 6 15 18 19 21 23 24 25 28 30 32 
33 34 35 44 46 52 54 62 66 67 77 78 
83 84 85 88 89 96 97 100 101 103 109 114 
121 123 125 126 127 128 135 138 142 152 154 160 
161 167 170 171 183 193 195 
77
1 4 10 19 23 25 26 28 33 39 40 42 
43 47 48 54 55 56 63 66 68 69 72 73 
75 76 80 82 83 86 89 92 95 98 103 104 
108 109 110 117 119 125 132 134 136 137 138 139 
146 147 151 152 153 154 157 158 159 162 164 167 
169 170 172 173 174 176 177 181 184 186 188 189 
190 191 193 198 200 
53
3 7 8 12 20 23 25 26 31 36 37 38 
40 41 45 47 60 66 72 74 75 79 80 85 
92 93 95 99 100 101 115 120 124 125 127 134 
136 147 154 157 158 159 165 167 168 169 173 177 
179 180 190 191 200 
61
5 7 11 12 15 19 20 24 26 30 34 37 
42 55 60 77 81 85 86 90 92 93 96 99 
103 104 109 110 113 118 120 123 125 126 128 132 
133 134 136 142 144 147 148 150 152 154 156 159 
165 166 167 173 174 181 183 187 188 193 194 196 
198 
59
1 3 15 16 20 21 26 30 33 38 39 46 
48 52 53 56 63 67 70 72 73 75 77 79 
80 81 82 93 95 96 98 101 104 106 108 114 
119 121 123 124 125 132 135 146 149 154 162 163 
168 170 177 178 179 181 182 185 189 190 195 
59
3 7 8 12 16 18 21 24 28 29 39 50 
51 52 55 58 60 61 63 65 66 69 76 78 
80 84 85 88 89 95 104 111 125 126 127 128 
131 135 139 144 147 149 151 154 156 158 161 163 
165 166 167 171 173 175 176 177 182 190 192 
66
2 8 9 16 24 28 34 36 38 39 43 51 
54 58 63 65 67 72 75 87 90 93 96 97 
98 104 106 107 108 109 110 111 113 114 117 118 
121 124 131 135 136 144 146 149 152 155 156 157 
160 164 166 168 169 172 177 178 180 181 183 185 
189 193 196 197 198 199 
46
3 4 12 15 20 21 23 24 28 29 37 41 
47 48 49 58 66 78 90 104 105 109 112 114 
122 125 126 129 144 148 150 151 157 159 162 164 
165 175 183 187 188 191 196 197 198 199 
62
3 4 7 10 12 20 23 25 26 27 28 38 
40 41 44 47 50 55 58 59 61 62 65 66 
75 78 84 85 86 88 89 92 96 103 106 107 
113 120 122 123 124 126 139 141 143 146 150 151 
154 157 162 163 165 183 186 188 190 196 197 198 
199 200 
49
2 7 8 9 11 12 14 17 27 35 42 43 
52 61 62 66 76 79 80 81 87 92 93 95 
97 101 109 110 115 116 122 124 125 134 135 137 
139 154 159 160 163 177 178 185 186 188 189 196 
200 
65
3 4 5 6 9 11 20 27 29 30 33 39 
44 45 47 49 50 53 54 59 61 64 66 71 
76 77 79 80 81 95 97 98 105 110 117 119 
120 122 123 127 128 129 131 132 134 135 142 149 
151 152 154 158 161 164 165 168 171 172 180 182 
185 189 191 198 200 
51
3 8 9 10 13 18 31 32 33 35 36 37 
38 39 42 46 47 55 58 60 62 64 65 75 
76 78 79 89 91 93 94 98 105 111 112 120 
127 135 138 139 140 141 143 146 154 155 167 170 
176 187 188 
60
1 6 10 11 12 17 18 33 37 38 41 43 
46 49 52 54 56 57 58 63 65 67 72 74 
78 83 86 87 88 89 94 98 104 108 109 111 
115 116 118 120 121 122 131 132 135 139 145 148 
163 164 177 179 180 186 189 192 193 195 196 200 
63
4 9 11 12 15 19 22 26 27 29 31 37 
40 41 46 48 49 50 51 56 57 61 64 73 
75 80 81 82 83 88 89 90 93 98 102 106 
107 108 114 117 119 120 128 132 134 137 139 141 
142 143 151 158 161 167 169 175 179 181 186 189 
195 199 200 
64
5 7 8 10 13 22 23 24 27 28 30 32 
33 36 37 38 40 55 56 57 61 67 70 75 
76 77 80 83 87 90 92 94 97 98 100 102 
105 108 109 110 115 116 119 123 124 127 131 138 
148 150 152 154 156 158 161 165 166 168 175 185 
188 190 195 196 
59
2 4 16 17 19 20 23 27 28 29 34 36 
37 39 40 45 55 56 58 59 60 62 65 78 
81 82 85 88 89 90 92 97 99 103 105 108 
110 114 115 117 126 140 145 147 148 152 155 164 
165 169 171 172 173 174 183 185 188 191 197 
55
2 3 5 6 7 8 9 11 12 16 18 24 
30 35 40 42 47 56 67 68 73 76 78 79 
84 85 87 89 91 94 96 110 112 119 123 127 
128 132 134 141 143 152 156 158 162 167 168 171 
174 180 185 190 195 199 200 
58
2 3 12 16 23 25 26 29 37 42 43 48 
49 54 59 61 63 64 65 67 71 72 87 89 
90 93 97 98 99 102 104 107 109 111 112 116 
123 125 127 131 133 141 142 146 151 153 157 166 
169 172 176 180 181 184 185 188 195 198 
63
5 9 10 11 16 18 25 26 28 30 32 33 
34 36 43 47 48 52 53 55 58 64 66 67 
71 72 74 76 80 87 94 96 100 103 107 113 
116 123 125 126 129 130 134 136 137 139 141 146 
148 150 154 155 157 160 163 165 167 171 186 187 
190 192 196 
74
9 10 12 14 15 18 21 25 28 30 33 35 
40 42 45 48 49 51 53 63 65 67 68 71 
72 73 76 77 78 79 87 89 100 103 104 107 
111 113 117 118 122 123 124 125 126 130 132 134 
135 140 142 143 151 153 154 155 157 159 161 163 
166 168 170 171 172 179 180 181 184 187 190 193 
194 197 
60
4 6 12 19 25 26 27 29 37 38 42 43 
44 47 52 54 60 64 65 71 73 81 85 86 
87 89 90 94 97 100 107 108 112 113 117 119 
121 125 128 132 133 138 140 150 151 157 158 161 
163 166 167 173 174 175 181 189 191 193 199 200 
66
8 9 11 12 19 21 23 24 25 27 30 37 
40 41 52 53 54 55 56 63 64 66 67 68 
71 73 79 87 90 92 93 96 98 99 102 107 
108 110 111 112 113 117 120 137 138 139 142 145 
146 150 155 158 163 165 166 175 176 179 182 186 
188 189 193 194 196 198 
65
1 3 6 7 8 9 12 13 15 16 18 19 
22 23 25 26 33 38 39 40 47 53 54 57 
58 61 67 69 70 74 79 83 88 92 98 99 
101 106 110 111 112 116 118 120 126 127 133 135 
139 150 155 157 158 160 164 166 170 172 175 180 
183 186 193 197 199 
53
1 3 4 7 8 9 23 25 28 33 36 39 
41 48 67 70 73 74 76 81 82 87 90 92 
94 105 107 113 115 116 122 123 124 129 131 133 
135 141 151 153 156 157 161 162 164 176 179 180 
187 188 195 197 198 
63
2 3 4 20 21 22 23 24 41 42 43 45 
46 47 50 51 52 58 59 60 61 62 64 67 
76 78 86 88 89 90 95 98 103 105 107 108 
109 111 118 119 120 122 124 129 131 135 142 145 
156 160 163 164 168 176 181 182 186 191 192 193 
194 198 199 
67
3 4 6 8 10 16 18 22 24 29 31 33 
34 37 45 46 49 53 55 57 58 59 60 62 
64 67 70 72 73 76 78 79 86 89 98 102 
103 105 106 111 112 117 118 122 131 138 139 140 
141 143 145 150 152 154 157 160 161 165 170 173 
175 176 188 193 196 198 199 
49
1 2 3 10 15 27 30 34 46 47 50 58 
59 60 61 62 64 76 78 81 82 87 89 94 
100 101 103 106 107 110 115 119 131 132 135 138 
140 142 143 152 154 156 160 164 168 170 175 178 
184 
58
1 4 5 8 9 10 11 20 25 27 28 29 
31 32 41 42 44 50 53 57 69 71 72 74 
78 84 90 91 95 97 100 104 108 112 114 117 
120 125 126 132 134 139 146 151 152 153 154 155 
160 167 171 177 180 181 182 194 195 197 
64
4 5 6 13 14 16 17 24 27 28 30 31 
34 37 40 41 42 43 44 49 53 55 59 61 
67 69 70 73 78 79 80 82 88 93 96 98 
105 114 116 117 118 120 121 124 125 127 129 130 
131 133 140 149 152 159 162 169 173 174 178 179 
182 183 190 199 
63
4 5 7 9 14 17 21 27 30 38 42 43 
47 54 55 59 63 64 65 74 75 76 77 78 
80 82 85 86 93 103 106 109 114 115 116 124 
125 126 127 129 136 140 141 142 143 145 149 155 
159 161 164 165 166 168 169 178 179 183 187 192 
194 198 200 
58
4 7 8 12 17 18 23 24 26 32 33 36 
37 38 42 45 47 51 52 55 59 62 63 69 
74 79 80 86 108 110 111 113 114 117 118 120 
122 125 126 133 138 140 143 144 147 151 165 167 
169 176 177 178 183 184 186 191 197 198 
58
4 9 11 12 14 17 19 25 27 28 29 31 
33 40 46 47 50 58 65 78 84 85 87 97 
99 101 105 106 108 109 113 118 120 121 123 128 
130 131 135 141 142 144 147 155 158 159 160 161 
167 170 171 177 179 182 183 186 192 196 
53
3 17 18 23 25 29 30 31 32 36 37 41 
43 44 49 51 53 58 60 61 63 64 66 68 
69 72 82 86 88 89 93 106 108 109 110 118 
124 126 133 135 137 139 145 159 162 167 168 169 
170 174 182 184 198 
57
1 16 21 24 25 26 27 30 42 52 55 59 
66 67 71 73 75 80 84 86 91 92 93 98 
102 103 106 112 117 118 120 122 124 125 127 138 
141 143 144 146 147 153 154 158 166 170 174 175 
177 184 185 187 188 189 190 195 200 
62
1 5 6 9 12 14 17 32 38 39 40 43 
48 49 50 53 54 59 60 62 66 70 72 75 
80 88 89 91 93 98 105 106 110 116 119 123 
124 125 128 130 132 137 144 147 153 157 159 160 
161 164 165 166 167 169 175 178 182 183 187 189 
198 200 
59
1 6 7 9 10 11 20 23 24 27 30 33 
37 43 44 46 51 54 55 61 62 63 67 70 
75 79 80 81 82 102 112 114 117 119 122 127 
131 136 138 140 141 144 152 153 156 160 162 166 
167 172 178 181 183 184 188 193 194 197 200 
64
3 4 6 10 15 26 27 30 38 43 44 46 
47 49 52 53 54 55 58 61 62 63 65 69 
81 82 83 85 86 89 95 98 99 102 103 104 
105 107 113 115 117 121 134 136 138 139 142 147 
148 149 150 152 153 154 160 165 167 182 188 189 
190 192 195 198 
65
2 5 7 9 10 14 17 19 20 21 26 28 
29 33 34 35 45 46 48 54 57 59 66 67 
72 73 75 76 77 84 85 101 102 105 108 111 
113 115 120 126 128 130 131 134 135 140 147 151 
152 155 156 159 161 163 165 167 173 174 179 186 
188 189 192 195 199 
51
4 9 15 17 19 20 26 30 31 32 33 36 
37 39 41 45 49 58 59 65 66 74 76 78 
79 88 93 94 102 103 112 113 119 126 128 129 
130 134 135 148 152 165 173 177 183 184 186 193 
194 197 200 
57
2 4 6 8 10 13 16 17 27 28 31 32 
36 37 42 45 46 51 53 54 56 59 61 62 
63 72 76 77 78 87 92 94 96 106 107 109 
110 113 118 122 128 132 133 134 141 148 163 176 
177 181 182 183 188 190 193 194 195 
55
1 4 6 11 12 17 20 24 30 31 34 42 
44 47 53 55 56 60 66 74 79 80 87 94 
99 103 107 110 112 114 115 120 129 138 140 141 
143 145 146 148 150 152 157 164 167 169 170 171 
175 176 179 188 191 193 198 
61
1 2 3 5 11 14 18 20 21 22 23 25 
27 29 37 38 58 59 62 68 71 74 80 84 
85 94 96 98 102 103 107 110 111 113 117 120 
123 131 132 136 137 138 139 141 142 146 147 164 
165 168 173 175 176 179 180 186 189 190 198 199 
200 
50
2 3 4 5 7 18 20 25 26 32 34 36 
41 43 46 52 58 61 64 68 69 71 84 87 
100 114 116 117 121 125 126 134 140 147 149 150 
152 153 157 163 166 170 171 174 175 178 186 188 
193 194 
64
2 4 5 6 7 8 14 19 21 26 27 29 
33 35 36 40 44 53 55 61 62 63 67 86 
87 90 91 94 95 98 103 105 106 113 115 116 
117 123 125 128 129 130 136 140 143 144 149 150 
156 157 163 165 168 172 173 175 177 178 180 188 
191 194 197 198 
65
2 7 15 19 20 22 27 30 32 33 34 38 
46 48 51 53 54 56 57 58 59 61 64 68 
70 76 81 82 83 85 87 91 92 93 94 95 
96 99 105 106 110 113 114 124 131 137 138 145 
152 154 159 164 165 167 169 172 174 181 183 190 
192 193 194 197 198 
69
9 15 23 24 27 29 30 31 33 34 37 41 
42 44 45 46 48 51 53 54 55 56 59 62 
63 65 67 69 71 76 78 80 83 84 87 93 
102 107 108 112 121 122 123 124 127 136 140 141 
143 148 152 156 157 160 161 162 164 169 171 172 
174 176 179 182 184 186 195 198 199 
58
10 15 18 19 23 26 27 32 35 42 44 50 
51 54 55 61 66 68 70 74 78 80 81 84 
85 87 89 93 94 98 101 104 105 106 109 110 
114 121 123 126 128 129 135 138 144 147 149 162 
166 167 168 170 173 182 192 194 195 196 
71
3 8 11 12 14 18 19 20 24 28 30 34 
35 36 37 39 40 41 44 46 47 48 49 50 
53 55 56 60 62 63 64 65 66 70 78 81 
84 88 89 99 101 109 112 117 122 123 125 126 
128 129 134 136 145 146 148 154 156 158 159 160 
165 166 168 169 171 185 186 190 192 194 199 
53
2 3 7 13 19 20 21 26 29 30 31 32 
33 35 36 40 44 45 46 49 53 55 57 58 
61 64 77 78 80 81 94 110 111 112 118 119 
121 124 126 129 133 138 142 148 159 160 162 164 
166 170 171 173 184 
65
6 8 9 12 14 15 16 21 24 25 27 28 
32 35 38 44 48 53 54 55 56 62 63 67 
77 79 83 86 87 88 90 105 106 115 117 120 
122 125 129 134 137 142 145 146 147 150 152 155 
161 163 166 168 170 171 175 176 177 183 186 189 
190 191 193 197 199 
57
6 17 20 21 25 29 31 33 34 41 43 46 
47 48 58 59 63 64 72 77 80 83 88 91 
94 99 102 103 105 112 115 118 121 122 125 128 
130 136 139 145 155 165 166 167 168 171 172 173 
178 182 183 184 185 190 192 194 199 
49
4 10 15 16 18 24 39 42 46 51 57 58 
61 73 75 79 80 82 84 85 86 88 98 99 
102 103 111 113 116 117 120 125 139 145 148 152 
155 159 163 165 169 171 181 182 184 186 192 194 
195 
51
1 2 4 7 9 11 12 14 24 26 28 33 
38 40 47 63 70 73 78 79 92 93 95 101 
105 111 112 116 117 119 120 122 125 127 132 133 
135 143 155 160 162 164 168 169 170 178 183 194 
195 197 199 
69
3 12 13 16 19 23 34 39 41 44 50 51 
52 53 54 57 59 60 61 62 65 69 70 73 
74 79 81 84 85 88 89 90 92 93 97 107 
108 113 114 123 125 126 132 138 139 143 146 147 
149 150 156 157 158 163 164 165 167 170 173 174 
179 180 181 183 184 185 190 193 199 
56
6 8 10 12 13 18 26 32 37 39 44 45 
48 49 55 61 64 67 68 70 76 78 86 87 
89 92 98 102 104 106 113 116 117 124 125 126 
128 131 136 138 141 148 154 156 164 168 169 172 
173 175 176 182 183 184 185 186 
55
4 8 9 11 18 26 32 33 37 44 56 59 
61 64 66 72 74 77 81 84 85 87 92 96 
98 107 108 109 113 114 116 121 123 126 127 135 
136 137 143 144 150 151 152 154 156 170 176 182 
183 185 187 188 195 196 199 
58
3 5 6 11 17 20 23 30 32 34 35 37 
43 52 55 58 63 64 65 69 71 72 74 81 
82 83 88 94 95 99 100 106 108 111 114 118 
121 125 126 128 131 133 134 135 143 144 147 149 
155 158 165 171 175 181 186 195 198 199 
55
3 5 10 12 21 24 30 31 40 44 47 48 
52 53 56 61 64 66 67 71 72 75 76 79 
85 91 95 98 100 103 107 108 109 112 114 121 
123 151 154 155 157 162 163 165 170 172 176 177 
178 182 184 185 189 199 200 
66
5 7 18 21 28 29 34 36 37 38 40 42 
47 55 57 58 61 64 67 68 69 71 72 75 
80 83 84 88 90 95 97 98 99 103 106 107 
110 115 120 121 133 137 139 141 142 144 145 151 
153 157 159 163 165 166 169 172 173 175 181 183 
184 185 187 189 199 200 
59
4 14 16 19 20 31 38 39 42 43 44 48 
52 53 58 63 65 66 72 74 76 81 85 92 
94 95 98 103 104 106 109 112 115 116 117 123 
125 134 135 139 141 152 157 158 159 161 167 169 
175 178 180 182 186 187 190 192 194 199 200 
53
5 7 9 12 22 24 25 31 32 36 37 45 
46 48 51 60 69 73 78 79 80 81 84 85 
86 90 93 94 99 104 109 113 120 121 123 130 
131 139 141 149 151 154 157 159 163 165 169 170 
178 194 195 196 197 
68
3 4 11 13 14 16 17 20 25 27 29 31 
34 35 38 43 44 51 53 56 57 63 65 72 
78 79 80 84 85 91 92 93 95 100 101 103 
105 107 108 113 118 120 123 128 129 131 133 135 
137 141 143 147 148 151 155 162 165 170 172 173 
183 185 188 189 190 192 193 198 
55
1 3 7 15 17 19 24 31 32 36 45 52 
54 55 59 61 62 83 95 99 112 113 115 116 
120 122 125 131 134 138 141 142 143 145 146 148 
159 162 163 164 165 166 168 173 174 175 177 178 
182 186 187 190 192 193 197 
55
5 7 14 18 24 25 29 37 42 47 49 50 
55 57 60 66 69 71 73 79 80 90 92 98 
105 114 118 119 126 129 134 137 138 139 150 156 
159 160 163 166 171 172 179 180 181 182 183 185 
187 188 189 190 194 196 200 
56
2 3 4 6 10 13 16 25 26 27 32 37 
39 47 54 60 61 63 65 68 69 70 72 75 
76 82 86 88 90 93 102 104 106 109 110 121 
122 123 130 131 139 142 146 147 149 152 153 156 
161 168 169 175 181 182 187 191 
51
3 5 6 8 20 26 28 32 33 35 37 40 
45 55 58 63 64 66 67 68 71 75 79 80 
81 83 88 91 95 98 100 103 106 111 126 128 
129 138 145 147 154 162 165 171 173 174 175 185 
186 190 196 
54
6 9 13 16 18 20 21 23 26 27 29 40 
41 49 50 58 59 63 72 79 84 88 89 93 
96 97 104 108 119 121 122 123 125 128 131 136 
143 148 153 154 155 157 163 165 168 172 179 184 
188 189 191 192 196 200 
56
2 3 5 9 14 16 17 18 24 28 39 40 
44 54 68 70 72 73 78 79 81 82 83 85 
86 88 91 93 94 95 96 97 104 106 121 126 
127 130 132 139 140 149 157 158 161 174 177 178 
181 185 190 191 195 197 198 200 
64
2 6 13 16 19 27 28 29 31 33 34 38 
45 46 47 48 50 52 53 64 65 71 74 77 
90 91 92 94 100 101 104 107 113 118 119 121 
122 123 125 129 130 136 141 144 150 157 160 161 
163 165 166 167 168 171 173 181 185 191 193 194 
195 197 198 199 
56
3 5 6 7 9 12 13 25 26 28 29 31 
33 38 42 44 49 51 59 64 68 74 75 77 
78 82 84 88 92 93 98 99 102 103 112 119 
128 129 133 134 139 144 159 161 164 166 169 173 
174 175 186 187 191 193 194 196 
71
5 10 11 15 17 19 20 23 25 29 31 32 
34 39 40 41 42 52 55 56 66 67 68 71 
74 76 77 78 79 82 84 87 88 89 96 99 
102 104 106 107 108 111 114 121 123 125 131 144 
145 146 152 155 156 159 160 162 163 165 168 169 
173 174 181 184 185 188 189 191 195 199 200 
68
4 5 6 9 14 17 18 19 20 24 25 26 
29 32 33 40 42 49 50 51 54 57 60 62 
63 68 73 74 79 87 88 89 92 93 96 99 
100 102 103 105 109 111 121 122 126 128 129 133 
134 137 138 140 142 149 156 157 158 165 168 169 
173 175 176 178 180 184 186 190 
58
1 2 4 5 9 12 14 17 18 19 25 27 
31 47 50 58 62 63 66 67 68 71 75 79 
86 90 93 96 97 103 108 111 112 113 114 115 
116 117 120 121 122 125 127 135 144 146 149 150 
154 158 164 165 167 177 187 190 196 197 
63
5 14 17 18 20 21 23 30 36 40 44 48 
50 55 57 59 64 65 70 71 72 76 77 92 
94 95 98 101 106 107 113 115 116 121 124 128 
129 133 137 138 145 149 153 155 157 158 160 161 
163 165 167 171 172 177 178 181 182 188 192 193 
196 197 200 
61
1 3 6 8 13 14 17 22 23 30 31 33 
34 36 41 44 47 49 51 52 53 54 55 57 
79 81 82 87 91 94 96 102 103 104 124 127 
131 132 133 135 140 142 144 148 149 154 157 161 
164 166 169 177 178 179 180 187 189 191 192 195 
198 
70
3 7 12 14 22 25 31 33 36 38 43 44 
47 49 53 54 58 61 62 72 73 74 79 88 
90 91 92 93 97 101 103 104 106 107 108 113 
115 118 119 120 121 122 124 126 127 132 136 137 
140 141 143 151 152 158 161 163 171 172 173 175 
178 183 184 186 188 189 190 191 192 193 
57
5 8 9 10 16 22 23 25 27 29 30 40 
43 46 52 54 56 57 61 64 68 69 70 73 
74 77 80 81 90 92 95 115 117 118 130 132 
134 135 143 144 146 148 153 156 159 163 164 174 
177 183 184 186 188 190 193 194 195 
73
8 12 14 17 21 23 24 26 27 29 32 34 
36 38 43 46 50 53 56 60 63 68 74 78 
79 82 83 84 85 91 92 98 99 101 102 109 
113 119 120 121 123 124 130 131 135 136 137 138 
141 145 148 151 152 158 163 165 168 169 171 173 
176 177 179 182 183 186 191 192 194 196 197 198 
200 
45
2 12 17 19 20 35 46 52 66 68 71 72 
74 80 85 87 91 93 96 97 100 102 107 109 
117 121 122 123 124 127 129 131 134 139 142 145 
146 160 161 166 170 178 181 184 186 
65
1 3 5 6 7 13 15 16 17 19 26 28 
38 39 42 44 47 53 58 65 70 72 76 77 
79 83 87 89 91 92 93 97 105 106 108 109 
111 113 114 115 116 124 125 129 135 136 139 142 
145 147 159 164 165 167 169 170 179 180 181 183 
184 193 194 197 200 
69
2 3 9 12 16 19 24 25 27 34 39 40 
43 44 45 47 50 52 53 55 56 61 66 67 
68 70 72 74 77 85 87 89 91 92 95 96 
97 98 100 102 103 104 105 107 110 111 113 114 
129 132 136 137 140 154 158 159 164 167 168 171 
172 173 174 177 178 181 185 189 195 
52
1 6 13 18 20 22 25 26 37 38 42 43 
48 51 57 58 59 61 62 63 65 66 68 74 
77 84 90 95 97 98 102 108 111 113 117 132 
137 139 143 148 153 154 155 156 160 164 165 172 
185 187 189 195 
61
4 5 10 15 17 22 23 24 31 33 35 36 
39 40 41 43 53 56 58 60 61 63 64 65 
70 72 76 81 85 88 94 95 96 99 101 104 
108 112 115 122 123 131 132 134 137 139 140 141 
148 151 153 154 155 160 162 165 173 177 183 186 
195 
64
3 4 7 9 10 12 13 26 30 41 45 46 
47 50 51 55 57 62 65 66 68 71 72 73 
78 83 89 95 97 100 101 105 107 108 111 112 
113 114 118 120 122 125 129 132 133 135 137 140 
144 149 155 157 158 160 165 168 171 177 179 184 
185 187 189 193 
56
8 11 12 18 21 23 26 31 32 47 49 50 
51 52 59 62 71 72 74 78 80 83 89 90 
91 99 103 105 110 111 114 120 124 126 135 147 
149 150 151 152 157 162 163 165 166 167 174 177 
179 181 182 192 193 194 197 200 
59
2 3 5 6 11 13 17 19 22 23 26 27 
31 43 45 48 50 54 64 65 71 72 74 78 
82 85 86 89 90 91 98 108 109 117 118 121 
124 129 132 141 144 145 147 149 154 156 159 163 
166 170 171 172 174 177 178 182 188 190 192 
53
6 8 11 13 20 25 37 38 40 43 44 47 
53 56 61 62 63 64 68 74 77 79 80 83 
85 86 88 90 92 95 100 102 114 115 120 128 
129 132 138 139 143 144 160 162 174 177 178 179 
184 188 190 194 198 
65
1 2 3 5 11 16 19 23 25 26 28 29 
32 36 43 53 57 58 59 61 64 68 70 74 
75 82 84 85 87 93 96 98 100 101 105 106 
108 109 110 111 113 115 118 119 121 123 124 127 
129 134 139 143 149 160 163 172 173 177 180 181 
182 189 191 195 198 
60
2 8 13 14 17 19 20 21 25 27 30 33 
34 42 45 47 48 49 55 56 58 59 70 73 
76 79 85 87 92 100 104 105 110 111 115 116 
117 120 126 127 129 133 147 148 158 162 163 167 
170 172 175 176 177 178 180 181 192 193 196 198 
60
6 7 14 17 23 30 31 34 37 43 50 53 
55 56 59 62 63 64 65 66 68 69 73 79 
86 90 91 93 94 97 99 102 108 116 117 119 
123 125 130 132 136 139 144 147 152 153 158 161 
162 164 170 178 180 181 182 183 185 186 187 198 
48
5 6 14 15 30 34 36 42 43 44 51 52 
69 71 74 77 79 83 84 85 88 95 98 111 
112 121 123 126 127 128 129 130 131 132 136 161 
163 165 168 171 183 184 186 187 188 192 194 198 
56
2 3 5 9 12 14 17 20 21 28 38 41 
47 48 52 56 57 58 60 64 74 76 77 82 
83 87 91 92 95 99 100 110 112 115 119 120 
128 132 133 134 139 140 141 142 143 145 147 154 
159 161 164 167 175 178 183 184 
51
5 6 7 9 12 18 23 24 32 38 41 44 
49 57 58 62 64 65 68 70 71 74 82 85 
86 89 93 94 95 99 104 112 114 116 128 137 
139 141 149 152 157 167 168 179 183 184 185 188 
189 194 197 
70
5 7 9 11 13 15 16 19 20 23 33 34 
39 41 42 47 50 51 53 55 58 59 64 65 
66 70 72 74 77 84 85 86 88 89 92 93 
98 100 101 102 106 107 108 110 112 113 115 117 
119 121 130 133 135 137 140 142 143 144 148 151 
153 156 163 164 170 177 191 193 195 197 
73
2 4 9 12 13 14 15 17 21 22 23 24 
25 26 29 36 38 43 49 52 53 56 58 60 
61 66 67 70 71 73 77 79 80 82 83 85 
86 88 94 97 99 100 110 111 113 116 118 125 
129 133 138 139 141 144 146 148 150 152 154 157 
163 164 167 173 176 179 180 185 188 189 192 193 
198 
48
6 7 14 16 17 22 25 28 30 31 37 43 
45 48 53 55 62 78 80 81 82 83 85 88 
90 99 100 101 103 105 115 126 129 136 139 143 
153 157 161 164 165 175 178 181 184 187 188 192 
56
1 2 3 4 6 7 10 11 12 14 16 18 
19 22 27 29 36 43 53 54 55 56 59 63 
66 68 70 71 73 76 78 79 80 93 94 95 
99 109 115 125 131 135 136 143 147 150 159 164 
168 183 186 191 195 196 197 200 
60
8 9 10 14 19 27 30 32 33 35 36 37 
39 42 43 45 46 48 50 53 57 60 61 64 
67 76 77 78 84 87 98 101 106 113 114 117 
119 120 121 127 130 132 137 142 144 146 147 155 
157 169 178 180 183 189 191 193 195 196 197 198 
60
2 3 5 6 9 10 11 14 17 18 21 26 
34 39 40 41 46 48 51 55 57 63 65 73 
74 79 82 88 91 99 103 107 116 117 121 125 
130 133 134 137 140 145 149 156 158 159 160 163 
166 168 169 173 175 178 179 189 190 194 195 196 
55
3 5 8 10 11 12 21 22 25 26 31 34 
35 37 49 55 58 61 66 71 74 75 76 82 
92 96 99 109 111 113 114 115 119 120 124 130 
131 138 140 144 147 152 154 160 164 168 170 173 
175 176 177 181 186 189 197 
47
4 9 13 14 15 16 21 24 28 30 35 40 
50 52 53 54 56 57 58 61 62 65 66 67 
77 86 91 98 106 110 124 127 137 140 141 153 
158 159 162 169 170 182 183 184 187 192 197 
52
1 7 8 12 24 28 30 31 38 40 43 44 
45 49 50 52 56 59 61 64 67 72 78 79 
80 85 86 89 90 97 102 103 108 109 111 112 
115 120 127 129 131 135 139 143 149 151 157 161 
164 180 183 198 
71
10 11 15 18 22 24 25 26 27 30 32 33 
34 37 38 40 41 44 45 48 49 50 51 54 
56 62 66 67 70 72 73 78 83 92 96 97 
102 103 104 105 111 114 117 123 125 135 138 139 
142 144 146 149 150 152 159 165 169 171 172 173 
175 181 182 186 187 188 189 191 193 197 199 
55
1 6 9 13 14 16 24 28 39 42 51 53 
56 61 62 67 71 76 79 82 83 85 87 88 
97 98 100 102 106 107 108 109 110 119 120 127 
129 136 137 140 141 144 147 150 152 160 165 170 
174 178 179 185 190 197 199 
70
1 3 7 8 9 10 12 16 17 20 23 26 
27 32 33 34 40 43 52 56 61 64 67 76 
80 84 86 87 88 94 95 97 98 100 101 103 
104 107 110 112 115 116 118 120 127 129 130 131 
132 134 136 137 141 143 145 146 151 154 158 163 
165 166 168 171 175 176 180 185 187 200 
52
4 7 17 19 30 32 39 47 49 52 54 69 
77 82 88 94 97 99 104 105 109 112 114 116 
119 120 122 125 131 134 141 142 143 148 150 155 
157 160 161 165 167 169 171 175 177 178 183 187 
193 196 197 199 
66
1 3 6 7 15 17 23 27 29 32 33 35 
37 39 41 45 46 47 53 55 56 59 60 63 
64 68 70 87 88 94 99 101 105 108 111 113 
120 121 123 124 128 137 145 146 155 157 158 162 
164 165 169 171 172 176 179 180 181 184 188 191 
192 195 196 197 198 200 
63
2 6 12 16 26 28 30 31 33 38 43 44 
47 50 51 52 53 54 56 61 62 63 64 65 
70 72 75 77 80 84 89 96 99 100 104 107 
108 109 110 111 114 117 127 128 133 138 145 146 
149 152 153 156 158 160 162 166 170 172 173 174 
186 195 200 
65
1 2 7 11 15 17 22 27 31 32 33 34 
35 36 37 38 41 43 44 45 46 48 49 50 
51 54 56 58 68 74 80 83 85 90 91 94 
102 104 111 112 118 124 126 127 131 132 136 142 
144 145 148 150 154 157 158 161 163 165 171 172 
180 181 190 196 200 
66
5 7 8 9 12 13 15 21 25 26 27 30 
32 34 35 36 40 41 43 44 47 54 56 57 
58 61 70 74 76 85 86 90 91 100 103 105 
109 114 118 120 121 124 130 138 139 141 142 144 
145 149 151 158 163 164 166 167 168 174 176 177 
178 179 184 185 193 194 
66
1 4 6 7 8 14 19 21 25 27 32 33 
34 36 41 45 50 53 55 56 57 59 60 64 
70 72 73 76 85 88 89 92 95 96 97 109 
111 112 113 117 118 129 130 133 136 137 143 144 
145 147 149 150 156 160 164 173 174 177 181 185 
186 187 188 192 194 195 
79
3 6 9 11 13 20 22 23 24 25 29 31 
33 40 42 43 48 49 51 55 56 58 59 62 
63 65 69 71 76 82 83 87 93 95 96 97 
102 105 107 108 111 117 119 125 130 133 134 139 
140 141 146 147 148 150 151 152 153 154 155 156 
161 162 163 164 166 169 170 174 176 178 180 181 
182 183 184 187 188 189 200 
52
9 11 13 14 20 27 30 31 35 39 41 43 
45 47 48 51 63 64 67 78 83 85 90 94 
99 100 103 105 110 116 119 123 124 127 139 142 
144 145 147 154 160 162 167 168 171 174 175 182 
187 190 191 194 
66
1 8 12 15 16 20 23 27 28 29 30 34 
37 38 43 45 49 50 54 55 58 61 62 63 
64 70 71 72 73 79 82 85 94 95 97 98 
103 107 113 115 117 118 120 121 123 128 129 131 
135 136 141 148 149 153 155 156 161 163 170 175 
183 184 192 196 198 199 
60
4 5 6 9 14 15 23 25 26 32 34 35 
37 43 44 47 52 57 58 60 62 67 68 70 
75 78 80 81 82 87 91 93 94 95 100 101 
104 113 117 120 121 123 127 129 137 143 144 147 
148 153 168 170 180 181 182 186 188 189 193 197 
51
1 2 3 22 31 34 41 45 49 50 51 53 
57 61 64 72 74 76 77 84 85 98 100 101 
106 108 109 110 111 115 117 118 124 131 135 146 
147 154 159 161 163 167 170 171 177 184 186 188 
192 197 198 
56
1 3 8 9 10 14 17 20 28 34 36 38 
43 52 58 61 62 63 68 74 75 77 82 84 
87 98 100 106 107 123 127 129 133 138 141 142 
146 147 148 151 152 153 154 156 162 163 164 166 
167 174 177 188 191 193 195 197 
66
3 10 12 13 14 16 17 21 22 25 26 30 
36 37 40 41 47 48 49 61 62 64 74 76 
77 81 85 88 91 95 100 101 103 109 113 115 
118 124 127 128 130 134 136 138 139 146 149 152 
156 159 161 168 170 171 173 175 177 180 181 183 
185 186 188 189 191 195 
64
1 6 9 12 13 15 16 19 23 30 35 36 
38 39 45 46 49 55 59 62 65 67 70 71 
74 77 86 95 97 98 99 100 106 113 114 118 
120 123 126 130 131 134 136 138 140 143 153 155 
159 161 162 163 164 167 171 173 176 177 185 186 
190 191 194 195 
53
1 5 7 12 13 21 22 24 25 27 28 30 
41 46 55 57 62 66 68 72 81 82 86 87 
88 93 97 99 105 108 109 114 126 134 140 148 
150 153 156 158 159 161 163 164 165 168 170 172 
176 191 193 196 199 
65
1 2 3 8 9 10 17 18 19 21 29 30 
31 32 38 39 41 45 47 49 50 52 53 58 
60 61 62 68 71 73 77 80 85 86 87 88 
89 90 93 94 97 103 104 115 123 125 130 133 
136 140 146 147 152 153 156 167 172 177 179 185 
186 190 192 194 199 
64
5 12 13 23 24 29 33 42 45 46 49 51 
53 55 61 62 63 64 68 69 71 73 74 81 
84 85 86 88 89 91 92 93 96 109 113 119 
120 122 124 125 127 131 135 137 138 142 144 145 
147 149 151 152 158 166 176 178 181 182 184 189 
193 194 195 199 
63
2 3 5 10 14 15 20 22 25 31 36 38 
42 43 51 52 53 57 58 59 62 64 67 69 
71 80 81 82 83 86 87 89 91 93 95 103 
106 109 110 112 118 127 129 135 141 146 147 150 
152 154 157 160 166 172 174 176 178 181 184 188 
192 195 196 
64
1 2 8 13 16 17 18 19 25 28 29 31 
32 36 37 38 40 46 51 53 56 58 60 63 
70 72 83 85 87 88 89 90 91 96 102 105 
109 114 115 117 118 119 120 123 127 129 130 131 
132 142 144 146 147 150 154 169 170 172 177 178 
179 186 187 197 
60
1 14 16 17 18 19 24 25 29 31 32 37 
39 40 46 51 55 56 58 59 60 61 62 66 
71 76 77 79 82 86 87 91 93 94 96 97 
101 102 103 117 120 121 123 124 125 130 141 145 
149 154 155 160 168 171 174 176 179 181 184 196 
64
2 6 12 13 14 17 22 23 25 26 27 30 
33 36 37 43 44 46 47 49 51 52 53 54 
59 61 62 65 75 76 82 89 92 95 100 101 
104 105 114 117 126 128 130 135 137 141 146 148 
150 154 156 157 158 160 161 165 168 171 180 184 
187 194 196 200 
53
3 7 25 27 29 33 40 43 47 50 51 56 
66 69 71 75 77 82 84 87 88 98 99 104 
108 109 113 117 118 121 122 128 131 136 139 150 
152 154 157 160 163 164 165 166 168 174 181 186 
187 188 190 191 198 
62
1 4 6 7 12 15 18 28 29 30 31 33 
42 45 53 56 57 58 69 73 77 78 79 81 
84 87 88 89 92 94 97 101 105 108 110 115 
123 132 134 138 139 140 143 149 151 153 155 159 
167 169 179 180 182 183 187 188 192 196 197 198 
199 200 
66
1 8 10 11 12 25 26 30 33 34 38 39 
40 42 45 46 47 49 53 54 60 64 65 66 
69 72 73 76 79 82 84 87 88 90 94 101 
105 109 111 112 119 122 125 128 129 130 132 134 
138 140 144 145 149 154 158 161 167 174 180 182 
184 185 189 190 196 199 
66
1 8 13 23 24 25 29 32 35 37 38 39 
40 42 44 49 53 54 55 57 58 59 63 69 
70 73 85 86 87 91 94 97 98 99 104 105 
106 116 123 125 126 127 134 136 139 140 142 143 
146 147 151 152 156 158 160 169 175 177 178 182 
187 191 193 196 197 198 
52
3 4 7 10 14 15 17 19 23 24 27 33 
37 42 45 47 50 53 56 57 58 63 65 66 
69 80 81 82 88 92 93 97 108 109 113 125 
132 135 140 141 145 147 148 159 160 162 169 174 
176 180 181 193 
73
4 8 12 20 23 25 27 30 31 35 37 38 
39 40 44 45 48 54 55 57 58 62 64 65 
66 72 73 76 78 79 80 81 83 84 85 89 
92 94 99 102 110 111 113 115 116 120 124 126 
130 131 138 141 145 147 148 151 152 157 160 162 
166 167 171 173 178 181 183 185 189 191 192 194 
195 
67
2 5 10 11 14 22 25 28 30 33 36 41 
45 47 48 56 57 63 66 72 74 75 76 78 
79 83 84 87 90 91 102 105 109 111 114 116 
119 120 126 129 138 141 143 148 150 152 153 156 
157 159 162 165 168 169 171 177 178 179 182 184 
188 189 190 191 194 195 197 
66
4 6 9 12 15 17 18 20 23 24 26 30 
33 37 43 44 48 57 60 62 65 66 67 70 
74 78 88 89 96 97 99 101 103 104 107 108 
110 114 116 117 118 128 132 134 136 137 141 148 
151 155 156 157 159 160 162 166 171 174 176 177 
183 186 187 189 192 198 
56
7 11 12 22 23 32 34 41 45 54 55 57 
60 66 67 71 74 79 82 85 88 90 92 97 
100 101 104 107 108 111 118 119 122 128 130 138 
139 142 144 147 150 152 154 155 157 163 168 170 
178 183 184 187 188 193 197 198 
55
3 6 7 15 20 26 30 32 35 41 45 47 
50 51 61 65 66 76 78 79 84 85 89 92 
93 94 102 106 109 110 115 123 125 129 131 134 
135 138 139 152 155 161 168 173 174 177 179 181 
185 188 191 192 194 195 199 
57
2 4 5 6 8 17 19 20 22 29 30 35 
36 38 43 46 47 48 50 52 57 61 62 63 
68 70 72 74 77 83 84 91 94 101 106 108 
111 119 120 121 126 127 130 132 133 134 136 137 
142 153 154 161 168 171 184 192 198 
72
1 6 7 11 13 17 20 26 33 35 41 45 
47 56 57 58 59 61 63 65 69 70 71 76 
78 80 85 89 90 93 94 97 98 104 107 111 
113 116 117 118 119 120 122 126 132 136 142 143 
147 154 155 156 157 160 162 164 165 172 173 175 
177 179 180 181 185 186 187 191 192 195 199 200 
65
1 2 9 11 13 14 16 18 23 26 29 35 
38 43 46 47 49 50 56 57 58 60 65 71 
72 75 76 82 85 90 95 99 102 104 105 109 
110 111 112 115 121 127 129 130 132 136 137 139 
140 141 144 145 147 148 153 155 169 170 174 177 
180 190 194 197 200 
79
1 3 4 7 8 14 16 17 18 23 27 30 
32 33 34 37 39 43 46 47 49 53 55 58 
59 62 64 67 71 72 74 75 79 80 81 82 
83 84 88 91 98 100 101 107 108 114 117 121 
123 125 126 131 134 135 138 143 144 145 147 150 
152 153 158 160 164 170 171 172 176 177 179 181 
184 186 190 191 194 195 200 
58
14 17 19 25 29 31 35 39 41 44 46 50 
52 53 56 62 64 67 68 70 76 79 84 85 
98 99 100 102 104 111 116 122 124 128 137 143 
150 153 156 159 160 162 166 170 175 177 180 183 
184 187 188 189 192 193 194 196 198 200 
75
5 7 8 15 16 17 19 22 23 25 26 28 
32 40 41 43 45 51 53 57 58 61 66 68 
69 70 72 74 78 80 83 84 85 86 87 89 
91 97 102 103 107 112 115 118 122 124 127 129 
130 131 135 136 137 138 139 141 148 150 159 160 
161 163 164 168 171 173 177 181 182 186 188 193 
195 196 199 
57
1 3 10 11 13 15 20 23 25 29 30 33 
38 44 45 57 59 61 71 78 85 88 91 97 
99 102 105 108 115 124 126 129 130 132 133 135 
136 141 144 148 150 153 155 157 161 169 170 173 
177 178 180 182 184 191 193 194 196 
58
2 12 15 17 18 20 29 30 31 35 42 44 
46 59 60 63 65 66 69 71 76 80 81 89 
90 91 92 94 97 104 109 113 119 120 121 122 
132 134 136 137 138 142 149 152 159 162 163 164 
165 167 172 173 179 184 188 189 192 194 
62
4 8 11 12 14 15 21 26 28 32 37 38 
39 40 42 45 48 49 54 55 57 59 64 69 
71 72 74 78 80 81 85 94 103 105 107 110 
114 119 121 127 134 137 144 150 151 153 157 162 
163 166 169 172 174 176 178 180 181 183 188 192 
193 200 
63
1 3 5 7 8 11 14 16 20 21 23 25 
26 29 33 34 37 40 44 45 46 51 52 53 
61 62 65 73 77 78 82 84 85 87 93 95 
104 105 106 107 110 114 118 120 122 125 142 145 
146 149 154 162 165 168 169 171 179 185 186 187 
191 194 198 
66
1 4 5 7 10 11 13 14 16 18 20 23 
24 29 34 37 38 47 50 53 57 58 61 63 
65 68 69 73 81 82 85 90 94 95 96 101 
104 110 118 120 123 125 128 132 137 139 145 146 
148 149 151 154 159 160 162 163 164 166 167 170 
178 179 183 185 186 192 
64
7 8 12 13 15 16 17 22 35 37 41 44 
45 46 47 49 51 56 58 61 66 67 79 80 
81 83 84 85 91 92 96 99 101 104 105 106 
108 109 110 113 116 121 124 127 130 131 137 141 
145 147 157 160 165 169 170 171 172 175 179 183 
186 193 195 198 
59
1 3 5 13 14 15 18 19 20 21 24 33 
38 45 46 50 51 54 55 57 67 68 69 71 
73 78 85 86 93 98 101 103 111 113 116 118 
119 122 123 135 140 142 144 150 152 155 162 163 
165 168 170 179 180 190 193 195 196 197 200 
60
4 8 12 13 17 18 19 20 25 26 27 29 
31 35 37 40 42 49 56 61 62 63 64 66 
68 69 72 77 78 85 86 90 102 110 112 114 
115 116 119 123 128 131 134 140 143 148 154 155 
160 164 166 170 171 176 181 190 192 193 195 197 
69
3 4 7 8 17 19 22 27 35 39 42 44 
45 49 50 53 57 67 68 69 70 71 72 73 
75 79 81 84 86 91 95 97 99 101 102 103 
106 110 112 115 121 122 124 130 133 134 137 145 
147 151 156 163 166 167 170 172 177 178 179 180 
183 185 188 189 191 196 197 199 200 
62
1 3 5 11 12 17 19 21 25 26 30 31 
34 35 40 43 47 48 49 52 55 65 66 68 
71 75 76 78 80 82 88 89 91 95 99 101 
102 104 105 108 112 117 120 123 130 132 135 136 
148 157 158 165 167 170 174 176 177 187 189 190 
199 200 
43
8 9 15 16 18 19 21 25 29 30 32 35 
47 50 58 59 72 77 78 79 83 85 93 97 
98 103 111 114 115 119 124 129 132 138 139 146 
156 158 165 177 180 184 199 
57
1 4 7 8 10 13 15 20 23 24 25 26 
28 31 36 37 38 53 54 65 67 70 76 80 
82 89 93 95 96 102 107 108 114 115 116 120 
121 124 145 154 157 163 164 165 169 171 173 181 
183 186 187 191 192 194 195 197 198 
64
8 10 13 17 22 25 30 31 41 42 43 47 
49 50 53 54 57 58 63 69 71 79 83 84 
88 89 98 100 101 103 106 107 110 114 115 116 
118 119 120 123 126 135 136 138 147 150 152 153 
155 161 162 164 167 168 169 173 177 183 184 185 
187 191 192 193 
47
5 9 13 21 27 31 34 48 50 54 55 61 
62 65 66 69 72 74 76 78 84 93 96 98 
109 115 118 121 132 137 138 140 144 147 148 149 
152 158 160 170 171 187 189 191 194 196 199 
48
2 9 12 14 18 23 24 27 28 35 38 40 
41 51 54 58 59 64 67 73 75 76 81 88 
96 97 98 99 101 104 105 110 119 121 124 126 
133 136 137 147 151 152 158 159 173 181 194 196 
48
3 4 5 6 22 28 29 31 35 41 47 60 
62 64 65 83 89 90 91 103 109 111 116 124 
126 131 135 140 143 150 155 160 164 166 168 169 
171 176 178 182 185 186 188 190 191 192 193 198 
57
1 3 10 13 15 16 22 30 32 33 34 36 
39 47 58 59 62 64 73 75 76 77 78 80 
84 87 91 96 97 103 104 105 108 109 111 116 
121 123 128 129 133 134 139 140 143 147 148 149 
151 154 168 171 175 189 192 193 199 
57
1 4 6 10 11 12 17 24 31 32 36 39 
41 49 50 52 60 66 67 68 70 73 74 79 
89 97 98 99 102 112 114 115 116 118 119 120 
124 131 134 138 139 145 147 148 156 157 164 169 
175 176 179 180 182 194 195 196 197 
68
4 5 6 7 11 14 18 19 20 23 25 27 
28 31 32 36 37 38 41 42 45 46 48 50 
51 56 59 62 63 64 67 69 72 73 74 76 
79 81 84 88 92 93 94 106 108 112 113 117 
120 127 132 139 142 143 155 159 168 175 177 186 
189 191 192 193 197 198 199 200 
65
4 7 9 14 15 20 21 29 31 34 35 38 
42 45 46 50 54 60 62 63 66 67 68 69 
70 74 78 79 82 83 88 89 90 93 96 97 
107 110 111 113 122 126 127 128 138 142 143 144 
152 153 154 158 159 165 166 168 171 174 179 182 
184 189 195 196 199 
57
6 8 10 11 20 21 23 31 33 37 38 40 
43 44 45 46 47 48 49 51 52 53 60 64 
66 67 69 70 74 79 81 86 93 95 96 118 
119 124 125 127 133 136 138 141 153 155 156 157 
161 166 168 173 174 183 189 194 200 
53
3 7 10 17 18 22 23 24 26 29 31 36 
43 47 48 49 51 66 71 73 81 83 84 91 
96 100 103 106 108 109 111 117 123 126 127 128 
142 147 149 152 153 155 166 167 172 177 180 186 
189 192 193 195 197 
52
1 7 8 12 15 19 21 29 31 36 40 43 
44 45 49 50 51 52 55 61 62 66 69 73 
81 83 87 90 91 92 94 95 105 107 108 113 
121 127 135 142 145 156 161 171 176 177 178 183 
184 187 194 199 
70
5 8 9 12 13 15 19 20 22 29 30 31 
32 33 36 41 42 43 45 49 55 58 61 64 
69 71 74 78 79 82 84 92 93 99 103 106 
109 110 112 115 118 121 122 124 125 126 129 135 
139 141 145 146 149 154 160 169 170 174 175 176 
177 179 180 181 188 191 193 194 196 197 
66
2 11 13 14 15 18 23 25 28 29 31 36 
39 40 41 42 45 52 56 59 68 70 71 75 
80 83 87 88 89 90 92 95 100 101 102 103 
104 106 109 112 114 116 117 118 121 134 135 137 
140 143 145 151 154 158 159 165 167 168 172 174 
176 179 188 194 195 198 
50
5 14 22 23 26 27 32 37 41 43 44 49 
50 51 62 63 68 76 77 86 90 91 92 99 
102 109 110 117 119 122 125 129 138 139 146 150 
157 158 163 165 169 171 173 183 184 186 188 192 
194 199 
63
2 6 10 11 17 21 22 23 24 28 32 35 
36 40 42 47 49 53 56 57 58 59 62 63 
65 66 68 84 85 88 95 96 98 109 110 113 
115 119 125 129 132 133 137 140 141 145 150 157 
158 167 172 175 178 180 181 185 187 189 193 196 
197 199 200 
61
4 14 18 26 28 30 35 40 45 48 56 58 
61 62 63 68 69 70 71 75 77 79 80 85 
87 91 92 95 97 100 101 113 115 116 121 123 
124 125 132 134 136 137 143 146 147 149 152 158 
160 169 174 176 177 178 180 184 185 186 187 191 
198 
52
13 14 15 17 24 26 29 31 35 36 38 42 
46 49 50 51 61 64 68 74 75 76 90 99 
103 104 108 111 117 118 122 123 127 134 138 139 
143 144 147 154 163 165 168 172 175 178 182 185 
187 190 198 200 
68
2 3 4 5 7 10 11 12 13 14 15 21 
28 31 39 40 43 46 47 48 49 51 52 53 
56 57 59 60 61 66 67 70 71 72 73 82 
84 88 89 97 105 109 114 116 117 127 130 138 
141 147 149 150 151 152 153 159 165 167 171 172 
177 180 187 191 192 193 194 199 
64
4 5 12 14 21 23 25 30 31 32 37 38 
42 44 46 49 54 57 60 61 63 67 68 71 
74 79 81 82 85 86 90 92 94 97 100 106 
108 113 117 118 119 122 124 125 128 130 139 142 
144 145 146 147 148 149 150 160 165 167 173 176 
187 189 192 197 
63
5 8 9 14 15 17 22 23 27 28 29 30 
34 36 38 40 41 45 46 52 57 59 60 64 
66 68 70 71 76 79 80 88 89 95 97 98 
101 102 104 107 108 112 115 125 126 132 133 135 
138 141 143 148 149 153 157 159 167 174 178 181 
184 195 198 
57
1 2 9 10 12 13 14 15 19 20 26 33 
37 40 44 55 61 69 72 75 76 80 81 82 
83 87 89 90 97 100 101 102 105 111 114 115 
116 120 125 128 137 142 144 156 157 162 165 176 
177 178 188 190 192 195 197 199 200 
55
1 2 11 13 14 16 19 20 23 25 27 36 
41 44 46 48 49 55 56 60 63 64 65 66 
67 68 70 71 73 82 102 108 113 127 137 138 
140 142 143 144 154 162 166 168 169 171 174 177 
178 179 181 182 184 192 200 
53
2 3 4 16 17 19 21 22 35 36 41 42 
44 45 48 49 50 51 55 59 62 64 67 71 
72 76 92 93 95 98 99 101 104 106 113 115 
133 137 139 141 142 145 146 148 150 155 157 160 
162 173 181 184 187 
62
3 4 6 8 16 30 32 34 35 37 39 40 
41 43 44 45 46 50 54 69 78 85 91 95 
97 98 100 102 103 107 110 113 116 117 119 121 
122 125 126 128 137 143 145 147 153 155 156 158 
159 160 161 164 169 172 178 179 182 183 186 188 
199 200 
61
1 4 7 11 12 15 24 31 37 43 53 55 
57 58 67 73 78 80 83 86 88 89 91 95 
98 99 100 104 105 111 112 115 116 117 121 122 
123 125 132 135 136 139 140 147 150 152 153 154 
155 158 159 164 170 173 174 175 179 181 187 193 
200 
66
3 6 7 8 11 12 18 21 29 31 33 38 
40 46 50 57 59 61 62 63 66 70 71 72 
73 74 76 77 79 81 82 87 88 91 96 98 
99 104 107 108 117 118 119 120 123 124 128 131 
132 134 136 138 140 141 145 148 149 159 163 167 
170 172 173 178 186 198 
63
2 6 7 12 13 14 18 19 20 29 35 41 
48 56 60 61 65 67 71 72 77 78 79 80 
83 87 88 92 105 107 112 115 117 120 121 122 
124 126 128 131 132 133 135 138 141 142 146 151 
152 153 154 157 160 161 166 171 177 178 180 181 
187 191 193 
71
3 6 10 13 15 16 20 23 30 40 43 45 
46 47 48 51 53 58 64 67 69 71 75 79 
81 90 93 100 101 106 110 112 114 116 117 119 
126 130 132 135 137 139 141 142 143 145 147 151 
153 155 157 158 160 162 165 170 172 173 175 176 
177 178 179 182 183 186 187 192 195 199 200 
74
1 2 10 12 14 17 18 20 27 34 39 40 
46 47 49 51 52 53 55 60 61 62 63 65 
71 77 78 81 85 86 88 89 91 93 94 95 
96 97 99 103 108 109 111 113 120 121 124 126 
127 132 134 135 136 138 139 142 143 144 145 150 
153 165 168 169 173 175 179 180 185 187 190 194 
195 200 
53
9 13 15 26 30 32 34 36 38 40 41 48 
49 54 56 58 61 67 70 73 74 87 89 92 
93 95 102 103 107 113 121 123 124 126 132 133 
136 143 147 148 156 159 164 166 168 174 182 188 
189 192 194 198 200 
60
4 6 7 10 20 21 25 26 31 33 35 39 
40 46 47 48 50 51 56 61 63 64 70 73 
74 75 78 83 86 88 89 90 92 100 105 107 
111 115 118 121 122 133 135 136 141 145 150 151 
152 155 161 163 168 170 171 172 173 175 177 190 
59
2 9 13 16 18 19 21 22 24 26 34 36 
41 42 43 44 46 51 52 55 64 65 68 77 
81 84 87 88 94 99 101 103 108 109 114 116 
124 129 131 132 135 136 138 145 149 150 152 153 
154 156 159 160 162 166 167 180 184 195 200 
54
6 12 18 22 23 24 27 30 31 32 38 46 
48 49 50 56 60 61 63 74 76 78 80 84 
88 92 96 98 101 107 112 113 117 119 121 125 
135 136 142 143 145 154 159 161 162 165 166 171 
172 174 178 179 189 193 
72
7 8 9 10 13 14 15 22 24 30 31 33 
35 38 39 43 46 49 50 55 57 58 60 62 
66 68 71 72 76 77 78 79 80 84 90 91 
99 104 107 111 113 119 123 126 129 131 138 142 
144 148 149 151 152 153 154 155 156 166 167 174 
175 176 178 183 185 186 187 193 195 197 199 200 
58
3 7 8 9 10 18 19 22 24 25 31 35 
37 39 42 44 46 57 58 59 64 73 76 81 
82 86 91 95 101 103 107 120 122 126 128 130 
131 135 137 138 142 144 145 148 153 162 166 167 
168 173 176 177 179 180 184 188 192 200 
63
6 8 11 13 16 18 19 28 30 31 33 34 
35 39 46 49 53 54 63 64 65 68 72 73 
78 83 85 86 91 95 100 108 111 115 117 122 
123 132 139 142 143 149 155 157 158 161 163 166 
167 173 175 179 181 183 184 185 186 189 190 193 
194 198 199 
51
3 6 7 9 11 13 14 15 17 18 20 25 
34 39 40 44 47 48 49 56 57 61 72 77 
80 81 88 89 92 94 96 100 109 111 126 132 
137 141 146 154 159 166 168 173 177 178 180 190 
196 197 200 
46
2 8 9 14 21 27 30 31 37 38 42 49 
55 59 62 67 73 81 83 85 86 94 95 100 
105 111 118 119 122 126 133 136 143 148 155 158 
160 162 163 165 171 180 182 186 192 197 
64
1 2 5 7 8 12 13 15 17 19 21 27 
30 39 41 43 45 46 48 50 51 54 63 64 
74 79 81 82 86 87 91 97 98 102 106 108 
110 111 112 113 117 119 122 124 126 131 138 141 
143 145 149 151 152 164 165 172 175 178 182 183 
185 186 190 194 
67
3 7 10 15 16 17 22 23 24 31 33 34 
40 49 54 57 65 68 76 77 86 87 91 95 
96 98 100 103 107 116 119 121 122 123 124 127 
128 139 141 144 148 150 154 157 158 159 162 163 
164 166 167 168 169 170 172 174 176 178 181 185 
186 188 190 191 193 198 200 
58
15 16 22 24 27 34 36 38 42 43 50 54 
55 58 60 65 66 67 89 90 91 94 97 106 
107 112 117 118 119 121 124 127 129 131 140 143 
146 148 149 150 152 158 164 167 169 170 172 173 
176 178 179 180 182 183 189 193 197 199 
54
4 9 10 11 13 15 16 21 24 25 26 27 
29 30 33 41 43 47 62 64 65 73 74 75 
80 81 83 93 95 101 102 115 116 117 119 122 
125 127 130 145 156 160 166 167 171 172 175 177 
180 187 188 193 196 200 
59
5 13 16 21 23 26 29 36 37 39 40 43 
45 46 49 50 58 59 60 62 63 64 65 69 
74 79 81 84 89 91 98 102 103 106 110 111 
115 117 119 120 121 126 127 138 141 143 144 151 
153 162 166 168 170 182 183 185 189 195 198 
60
1 7 9 12 14 17 19 21 22 27 32 33 
47 49 55 56 63 64 66 67 78 83 84 85 
88 90 92 96 98 100 104 106 112 114 115 116 
117 124 127 128 130 133 134 135 137 144 145 150 
152 153 156 159 162 163 165 172 174 176 177 181 
69
1 5 6 11 12 18 19 20 22 23 25 26 
27 29 33 34 37 41 47 48 52 54 56 58 
61 68 74 75 76 78 81 82 85 86 90 92 
96 97 108 109 111 113 115 116 119 122 124 130 
135 138 141 142 155 160 161 162 163 164 165 173 
174 176 178 182 183 187 188 190 194 
54
1 4 6 7 11 13 17 23 26 28 39 44 
45 47 48 49 54 58 65 69 70 74 75 84 
89 93 94 103 105 107 115 120 121 125 126 129 
132 133 134 144 145 147 148 150 156 157 161 167 
169 174 175 181 194 196 
56
18 20 21 22 26 32 37 38 39 46 50 52 
55 59 61 62 63 64 66 69 70 85 87 94 
96 97 100 107 111 120 121 128 129 130 132 135 
141 150 153 155 159 161 162 170 171 175 176 178 
179 185 186 192 194 195 197 200 
57
2 6 9 21 23 27 35 36 37 39 41 53 
56 61 63 64 67 77 82 84 86 94 95 101 
104 105 109 112 116 122 124 125 126 128 131 132 
133 136 137 143 146 155 156 157 159 161 163 164 
166 170 181 182 184 191 193 194 198 
62
2 4 5 7 9 12 15 16 19 21 25 30 
31 32 35 36 37 44 45 51 52 53 55 56 
62 64 71 73 76 78 79 81 83 87 88 89 
91 92 96 97 103 104 107 120 126 127 134 136 
139 144 148 159 162 177 181 182 185 190 192 194 
196 200 
59
5 6 12 13 15 17 26 30 34 36 43 44 
52 54 67 68 70 72 73 80 81 82 88 89 
93 96 98 100 109 110 114 116 117 121 123 124 
125 130 131 134 141 142 147 148 150 155 158 165 
166 167 168 170 173 174 176 184 187 191 195 
73
1 3 4 6 7 12 13 14 18 20 22 24 
27 32 34 39 43 52 53 54 55 57 60 63 
65 70 73 75 76 81 83 84 85 86 87 92 
94 96 97 99 100 102 105 111 124 129 130 131 
134 136 141 142 143 145 148 150 151 154 159 160 
161 166 170 173 175 176 179 184 190 191 193 196 
199 
75
2 4 7 9 12 13 15 16 18 19 20 22 
23 25 27 30 34 38 40 42 43 59 61 66 
69 71 76 84 85 86 90 91 95 105 107 111 
112 113 117 118 119 121 128 130 132 133 134 135 
136 141 143 147 151 154 155 156 158 160 164 165 
166 167 170 172 174 175 178 179 181 187 191 192 
194 195 196 
51
1 5 7 8 9 16 25 27 28 31 32 38 
46 49 51 54 59 74 77 78 79 81 87 89 
92 95 102 108 113 114 120 122 126 132 135 138 
139 140 141 146 147 152 156 167 170 174 178 180 
182 193 199 
51
9 12 19 21 23 24 26 35 36 41 56 66 
68 69 70 72 77 85 92 93 96 102 104 113 
117 118 125 126 128 129 135 137 142 152 160 162 
164 165 166 170 174 176 177 180 184 185 190 191 
192 196 198 
60
3 4 5 7 11 12 13 19 20 24 28 31 
33 36 39 45 47 55 57 59 62 70 73 74 
75 76 79 88 90 93 94 95 96 100 102 112 
113 114 117 118 119 125 129 131 134 145 151 170 
175 176 179 182 183 184 187 189 191 192 195 199 
67
5 10 14 17 18 20 22 23 24 25 26 29 
32 33 34 35 37 42 44 45 47 50 59 63 
64 68 71 77 85 86 87 88 92 97 99 100 
109 114 117 118 119 121 122 123 129 131 134 142 
143 144 149 153 155 156 161 164 166 171 172 174 
175 178 183 184 191 193 195 
69
2 3 4 5 9 11 12 19 21 28 34 35 
37 40 43 45 50 51 54 57 59 60 62 63 
64 66 68 72 73 77 82 83 84 86 87 88 
91 96 98 100 102 104 107 109 111 121 130 136 
137 138 139 146 147 148 150 160 163 170 171 173 
178 181 183 186 189 193 194 197 199 
58
3 6 11 17 18 19 31 34 38 39 43 44 
48 49 50 51 53 57 65 68 77 78 81 87 
91 94 97 98 102 107 109 112 114 118 120 121 
133 136 138 140 146 147 149 154 161 164 168 178 
185 186 187 189 191 192 196 197 198 199 
61
4 5 6 12 17 18 20 21 22 23 24 26 
27 31 33 39 41 42 43 49 51 52 57 62 
65 69 80 81 83 90 93 94 95 96 98 99 
102 103 110 111 114 117 120 131 132 139 146 150 
151 152 153 158 160 166 167 168 177 179 194 197 
199 
60
1 6 10 11 13 16 18 23 44 47 48 50 
55 61 62 63 64 66 67 69 70 72 77 79 
80 81 82 84 85 86 100 101 112 118 120 125 
128 129 132 140 142 143 145 150 151 156 158 162 
167 168 169 174 179 183 184 185 186 195 198 199 
66
3 10 12 14 15 16 17 30 32 33 37 38 
43 44 46 49 57 58 61 68 73 78 79 80 
81 86 88 89 92 98 104 109 111 114 116 119 
120 121 122 128 129 130 131 133 137 144 148 149 
154 159 160 164 165 166 171 173 177 178 181 185 
186 190 191 194 195 197 
61
2 3 6 15 16 17 20 21 24 26 27 30 
31 32 40 42 43 45 48 56 58 61 65 66 
69 77 83 84 91 93 98 114 115 116 120 126 
131 135 137 140 141 142 148 153 161 164 165 166 
169 171 176 178 179 182 188 189 196 197 198 199 
200 
67
3 4 7 8 11 12 17 18 25 26 28 29 
34 37 40 42 48 51 53 55 56 57 60 62 
64 65 72 75 77 81 82 92 95 99 102 103 
105 107 109 112 113 114 115 123 129 133 135 139 
141 143 144 145 150 152 157 163 172 173 175 183 
186 187 190 191 192 195 197 
60
2 3 4 7 8 14 16 19 22 28 31 32 
40 47 50 52 62 65 66 67 72 73 74 76 
77 81 84 88 95 99 100 104 105 109 113 115 
116 122 124 127 128 130 132 139 148 151 156 158 
162 168 169 171 172 173 174 176 181 182 187 195 
72
2 11 12 13 17 18 19 22 26 28 37 38 
42 44 45 50 51 57 58 59 60 61 66 67 
68 70 72 76 77 80 81 87 88 90 91 94 
97 100 103 106 107 110 116 117 125 127 128 131 
133 135 137 138 139 141 148 154 156 157 158 161 
164 171 174 175 181 182 184 186 193 194 199 200 
61
4 6 11 14 16 18 26 30 35 42 46 50 
57 60 63 67 69 70 72 74 79 80 83 86 
87 88 89 91 95 101 107 109 114 118 122 131 
138 139 140 141 143 149 152 155 157 158 161 163 
167 168 171 173 175 176 182 184 188 189 191 194 
198 
57
6 9 11 12 13 16 17 19 21 23 25 34 
36 37 39 51 52 53 55 60 76 85 94 95 
97 99 100 103 108 109 110 113 116 117 118 119 
122 125 126 127 135 138 144 148 150 155 158 169 
171 172 174 179 180 184 191 197 199 
59
5 6 7 8 10 15 19 27 29 30 32 38 
43 44 46 55 56 72 73 80 84 91 92 96 
97 98 99 104 105 106 108 109 111 115 118 123 
124 127 132 133 134 136 137 139 141 146 150 157 
161 162 163 170 172 173 176 181 187 189 190 
61
2 3 4 5 11 18 21 32 35 40 41 45 
54 57 58 60 65 66 67 76 79 80 81 85 
86 89 90 99 100 104 112 113 118 120 128 129 
130 131 132 133 134 138 139 141 142 144 146 150 
153 155 156 159 164 177 182 184 186 188 189 195 
196 
69
4 8 12 15 16 24 25 26 27 29 36 37 
40 45 46 48 49 60 61 62 66 67 70 71 
73 76 78 79 88 92 94 96 99 102 103 104 
106 110 111 112 113 118 119 120 121 124 125 126 
129 131 133 138 144 147 148 150 160 164 165 166 
171 172 173 177 178 184 190 199 200 
55
8 13 14 19 21 22 26 30 32 38 39 43 
48 50 57 59 67 81 83 87 88 90 92 94 
96 99 100 102 105 111 113 114 115 117 122 123 
126 130 132 139 141 147 149 163 166 168 172 177 
178 180 184 185 189 198 199 
56
1 5 7 8 10 20 21 25 30 38 43 49 
52 54 56 57 58 62 64 66 74 75 76 77 
80 84 85 87 88 92 93 94 97 108 116 120 
121 127 133 139 143 145 154 160 162 169 171 174 
178 185 189 191 193 195 199 200 
65
1 2 3 4 6 7 9 13 15 18 21 26 
31 33 44 50 56 59 63 67 71 73 74 75 
78 79 83 89 91 93 94 99 101 103 104 107 
109 111 115 116 117 122 123 124 141 144 146 152 
154 155 156 159 161 162 163 170 171 173 176 177 
178 182 187 190 191 
65
2 6 13 17 18 21 22 23 27 28 29 33 
36 37 38 41 46 52 53 55 56 59 61 67 
70 71 73 82 83 88 89 91 96 97 99 101 
103 108 109 110 115 117 121 129 138 144 151 154 
156 157 160 161 162 167 170 178 180 182 185 192 
195 196 197 199 200 
53
2 4 10 14 16 24 26 27 35 40 41 43 
47 48 49 50 54 58 72 75 91 96 105 106 
107 111 114 115 119 120 125 126 127 129 132 144 
149 150 151 155 156 158 162 164 177 183 184 185 
191 193 194 196 197 
59
1 3 4 5 8 17 21 22 26 29 31 36 
40 44 47 51 52 54 58 59 62 65 70 71 
75 77 83 87 90 92 98 100 103 105 117 118 
121 133 134 135 136 141 142 147 154 158 160 162 
164 168 169 174 176 180 181 185 192 193 200 
64
1 6 7 9 11 16 18 19 26 30 33 35 
37 39 47 53 61 62 66 69 71 77 78 90 
92 98 101 102 103 108 109 110 111 115 119 121 
122 124 125 127 128 131 133 143 144 146 147 148 
149 150 152 161 165 173 174 176 177 183 185 187 
189 196 199 200 
58
1 2 4 7 9 13 14 15 16 19 20 27 
29 33 41 45 47 53 54 56 62 75 79 85 
92 96 101 103 109 110 114 115 121 123 126 127 
129 134 135 137 139 141 142 143 146 159 163 170 
171 172 174 180 181 184 188 190 194 198 
66
4 9 12 15 18 21 33 35 39 40 43 45 
52 57 61 65 67 68 71 78 79 84 89 90 
94 97 98 101 103 107 109 112 120 121 123 124 
127 131 132 134 138 139 140 142 146 148 151 156 
158 159 160 163 164 166 171 175 177 179 185 188 
190 191 194 197 198 200 
62
9 10 17 18 19 21 30 34 41 47 48 49 
50 54 56 59 61 62 63 67 71 72 80 81 
88 93 110 112 114 120 123 124 125 127 131 132 
136 137 140 141 144 146 149 151 153 160 163 165 
170 173 178 180 184 185 188 189 192 195 197 198 
199 200 
61
3 6 9 11 14 15 18 20 22 23 25 29 
34 43 45 48 49 56 62 63 68 73 76 82 
86 93 95 97 99 101 104 105 106 108 112 121 
125 135 139 141 142 143 149 150 151 152 154 157 
158 160 162 163 165 171 173 177 184 185 186 187 
192 
58
3 9 10 14 16 20 23 26 28 29 30 32 
33 37 41 44 46 47 55 58 63 64 65 66 
69 76 77 84 86 87 93 95 98 103 105 106 
112 119 120 125 126 127 130 133 134 138 140 148 
150 153 160 162 163 166 170 187 198 199 
59
9 10 14 18 25 26 27 28 30 32 37 38 
39 43 48 51 52 54 64 65 72 94 98 99 
100 104 105 108 114 122 126 128 133 135 136 137 
138 139 146 148 150 151 152 157 158 159 160 164 
165 166 167 168 169 172 180 181 194 195 199 
66
5 6 9 10 16 19 24 25 29 33 36 37 
40 43 44 46 48 49 50 52 59 62 64 65 
67 75 79 82 83 84 93 95 97 98 99 100 
102 103 104 105 110 113 117 121 122 135 141 147 
148 149 155 167 169 171 172 174 183 185 187 189 
190 192 193 195 196 197 
64
3 4 9 15 17 20 24 27 28 29 30 31 
32 34 36 40 42 48 52 54 56 57 59 62 
63 69 71 76 81 82 94 98 101 102 104 106 
107 111 115 118 119 123 124 127 131 132 138 140 
141 143 144 145 148 166 169 170 176 177 186 187 
190 193 194 200 
54
4 9 16 19 21 27 31 38 42 44 46 51 
52 54 56 57 63 64 65 66 68 73 74 76 
78 79 87 103 104 108 111 114 122 123 126 138 
140 144 149 152 159 160 163 165 167 169 171 172 
174 183 186 193 199 200 
67
1 7 8 9 11 15 20 21 25 32 36 41 
47 53 65 70 71 74 77 82 84 85 86 88 
89 93 96 97 103 104 106 110 114 122 125 126 
128 129 131 134 137 138 140 145 149 151 153 154 
155 157 158 163 164 165 168 169 176 178 179 181 
182 186 190 191 193 194 195 
69
3 7 10 11 15 17 20 22 23 25 26 28 
30 31 32 35 39 40 45 47 51 57 61 65 
70 71 73 74 82 85 88 89 90 92 97 99 
104 111 112 116 117 118 123 129 131 132 133 135 
136 137 138 140 141 142 144 145 148 149 158 164 
171 173 174 186 187 190 191 193 198 
64
3 4 7 10 13 19 23 32 33 36 37 38 
42 48 49 58 59 61 65 67 69 83 86 87 
91 92 98 99 104 105 107 108 113 115 120 122 
123 127 129 131 137 138 142 148 149 151 152 153 
157 158 163 166 167 168 172 173 182 184 185 187 
188 189 193 197 
59
10 18 21 23 25 30 34 39 40 49 50 52 
61 63 65 67 69 71 75 76 77 80 82 84 
85 91 92 94 97 98 107 108 115 117 120 122 
123 127 133 134 138 140 158 159 162 163 164 167 
170 173 184 185 186 188 191 193 194 196 198 
59
3 9 10 12 13 14 16 18 24 28 35 41 
42 57 58 61 62 63 64 71 74 78 81 82 
83 95 102 103 104 111 114 116 118 120 124 126 
129 130 132 142 151 153 155 159 161 163 169 171 
174 178 180 181 186 188 189 192 193 198 199 
55
2 9 10 11 18 23 25 30 34 36 37 41 
44 47 53 56 59 66 71 72 77 78 83 84 
89 95 100 106 109 113 116 117 121 131 134 136 
139 141 150 152 154 162 172 174 176 179 183 184 
187 188 189 190 191 193 196 
55
2 5 6 11 12 13 14 15 19 21 24 27 
28 30 38 43 47 52 54 56 57 60 62 66 
70 75 76 77 81 84 85 87 92 99 101 103 
106 118 129 136 137 138 140 144 145 151 153 165 
166 181 188 189 190 192 200 
63
2 6 14 16 18 19 25 26 28 31 33 34 
36 37 38 39 41 44 45 48 54 55 64 66 
68 74 76 77 79 81 82 83 84 90 93 96 
99 101 105 106 107 110 111 114 116 117 120 129 
130 131 141 148 164 166 172 173 175 176 179 186 
187 193 200 
57
1 8 10 14 18 19 23 25 26 29 30 34 
35 37 41 46 50 54 56 64 67 70 76 83 
96 97 99 100 101 104 105 106 107 115 118 126 
129 138 144 147 148 151 153 157 159 162 164 165 
170 177 182 183 187 189 191 193 194 
53
2 6 8 9 10 12 13 17 21 22 26 27 
28 29 30 31 32 39 42 46 47 51 52 57 
60 67 70 76 78 82 83 88 107 118 119 125 
133 138 139 141 142 146 148 152 158 161 162 164 
167 178 179 191 192 
64
2 3 4 5 8 10 17 24 26 34 36 37 
39 41 43 47 49 52 63 66 68 70 78 81 
88 94 97 100 101 104 106 109 110 113 116 118 
122 126 133 134 135 136 137 138 140 141 143 145 
146 147 149 150 151 157 159 163 165 176 180 182 
183 185 194 195 
67
2 6 7 10 16 17 19 21 22 31 38 40 
44 45 47 48 49 51 52 55 64 65 66 81 
85 88 95 98 102 107 109 112 116 119 121 124 
127 129 130 136 139 142 143 145 155 156 157 158 
160 161 162 166 169 172 175 176 177 178 182 183 
184 185 186 188 190 193 200 
53
10 16 18 19 22 23 26 28 32 36 41 51 
53 57 58 62 67 77 79 82 84 86 90 91 
92 95 98 99 102 103 104 105 112 118 119 121 
122 136 137 140 141 149 153 154 158 160 163 166 
171 174 183 184 187 
45
8 9 20 27 30 33 34 38 44 46 48 56 
68 69 70 76 77 78 85 87 97 98 110 125 
128 132 137 138 139 149 152 155 156 160 161 164 
165 166 178 179 181 186 188 195 199 
58
3 5 6 8 9 10 13 21 22 25 33 38 
40 42 47 49 50 52 55 58 60 63 66 67 
71 73 79 80 84 89 98 99 102 106 107 109 
114 115 116 120 121 125 128 129 134 140 141 143 
148 155 163 164 173 177 180 181 189 193 
57
5 12 16 19 21 27 32 47 51 55 56 57 
58 61 62 64 65 66 67 69 72 77 84 89 
91 95 99 106 110 111 112 117 123 127 128 133 
137 138 139 141 142 149 155 157 163 164 165 170 
172 173 180 182 183 186 192 199 200 
69
2 4 10 12 13 19 20 23 25 26 34 36 
38 41 43 45 50 51 54 59 64 67 68 71 
75 78 81 85 86 87 90 92 93 94 95 98 
99 101 106 111 112 113 115 116 119 120 126 143 
145 147 150 151 153 157 158 164 165 171 177 179 
180 181 182 183 188 189 191 196 198 
49
3 4 12 16 21 22 24 29 32 40 42 43 
47 52 55 56 58 61 69 76 79 82 88 90 
94 97 99 103 107 110 113 117 119 120 122 123 
128 130 141 145 158 166 170 182 183 184 187 195 
197 
61
1 5 9 10 15 23 24 25 26 29 31 32 
39 41 43 47 52 55 56 58 60 65 67 74 
75 79 80 83 85 87 88 89 90 93 95 97 
98 104 107 110 112 113 117 119 122 133 145 146 
152 156 157 162 163 166 172 173 176 183 189 190 
198 
60
4 8 9 13 20 23 24 29 30 34 43 45 
46 47 54 58 59 62 67 71 72 77 78 80 
81 86 101 102 108 109 111 112 113 121 122 125 
127 139 142 143 145 151 153 155 156 158 160 161 
168 170 171 174 175 177 180 182 184 192 195 200 
64
11 12 14 15 20 22 23 25 26 29 31 35 
37 38 39 43 54 57 60 62 63 66 69 72 
75 78 80 81 83 86 87 90 91 95 108 111 
117 119 124 127 128 143 151 152 153 155 157 161 
163 164 167 169 170 173 175 176 178 182 187 188 
192 194 195 200 
56
1 3 5 7 8 9 15 19 24 28 29 37 
40 41 43 44 53 54 55 56 58 60 61 62 
63 71 73 74 76 77 92 94 96 107 114 116 
120 124 127 129 131 136 138 139 141 142 149 155 
157 165 168 169 173 184 187 190 
49
8 9 11 12 16 22 29 30 33 36 38 40 
43 44 46 49 52 61 65 66 67 79 82 84 
85 90 91 101 102 111 115 117 122 123 132 142 
143 146 149 157 170 172 178 179 181 182 184 199 
200 
57
3 5 7 12 14 17 20 24 25 32 35 40 
41 45 46 60 62 64 65 68 73 75 76 81 
82 83 85 102 109 110 112 113 114 115 117 124 
126 131 142 146 147 148 152 154 159 160 168 171 
173 175 179 184 187 191 196 198 199 
67
4 6 7 10 13 19 21 22 27 29 32 36 
39 42 44 45 47 58 60 63 70 73 74 76 
77 78 81 83 85 87 92 94 95 98 100 102 
105 106 112 118 120 121 123 128 130 132 135 136 
145 146 152 154 155 157 159 160 165 166 170 172 
174 175 180 182 183 185 194 
63
3 4 13 20 21 25 27 32 36 37 42 43 
44 47 50 51 52 58 62 65 74 77 82 83 
85 86 92 98 102 104 107 109 112 113 116 117 
122 128 129 130 131 132 133 134 143 145 149 151 
154 158 167 171 173 175 178 179 180 182 184 186 
194 196 197 
55
13 21 26 27 29 31 36 38 43 44 45 52 
53 54 56 57 60 61 63 70 71 73 81 84 
89 93 96 99 101 112 120 122 125 127 129 134 
135 138 143 144 146 154 159 161 166 169 172 177 
182 183 185 188 190 191 194 
55
1 4 6 18 19 21 22 25 27 28 32 34 
36 44 49 50 55 59 60 61 66 69 71 72 
76 77 80 85 98 103 104 110 121 122 123 125 
128 130 131 133 135 136 139 140 141 147 158 164 
165 176 178 188 192 194 195 
71
2 3 4 6 7 9 10 13 14 15 17 18 
19 32 37 38 42 49 52 53 54 58 60 61 
65 68 69 71 73 74 76 79 86 91 93 94 
97 105 109 116 119 120 121 134 136 138 139 140 
143 147 149 151 158 163 165 166 167 168 169 170 
171 174 175 181 184 186 187 189 191 194 196 
74
1 2 8 13 14 16 18 19 20 24 27 28 
30 33 36 38 43 44 46 51 53 54 58 62 
65 66 68 70 71 77 78 80 82 83 84 85 
89 90 97 102 105 113 114 119 123 124 125 126 
127 132 133 135 142 143 150 151 154 155 158 161 
162 163 164 166 169 173 177 186 189 193 194 196 
197 198 
52
1 5 6 10 14 18 21 25 31 35 36 38 
40 44 54 55 57 58 61 65 69 71 75 81 
86 88 90 92 95 96 97 100 104 108 110 115 
116 129 130 131 138 142 143 154 161 163 164 169 
178 189 197 200 
61
8 19 22 23 25 26 29 35 37 39 40 41 
45 47 48 49 52 57 58 59 68 69 73 80 
84 87 91 96 98 99 102 107 114 118 120 123 
124 125 126 128 129 133 136 145 156 157 158 160 
167 168 169 170 172 175 176 181 185 189 190 197 
200 
57
1 5 8 13 14 16 18 20 21 23 24 33 
34 36 45 52 58 65 66 68 72 74 77 79 
80 82 89 90 96 100 101 105 114 119 120 122 
123 127 131 132 149 151 152 155 157 159 162 164 
166 172 173 179 186 191 194 195 197 
65
5 9 10 11 12 16 18 20 21 22 24 26 
29 30 31 35 37 40 56 57 60 61 63 67 
69 75 79 80 81 87 88 89 93 95 96 99 
102 104 110 113 114 123 127 134 148 150 154 156 
157 159 162 166 167 169 170 176 177 178 181 183 
188 189 194 199 200 
61
1 2 6 12 22 24 25 30 37 41 44 48 
61 69 70 74 75 78 80 87 89 91 94 97 
98 101 105 110 114 117 118 119 126 129 131 132 
137 140 141 142 143 144 145 146 152 153 154 155 
160 162 163 166 171 176 180 182 185 188 193 197 
198 
57
1 2 10 15 20 21 25 28 29 31 38 42 
48 51 54 58 63 64 67 70 72 74 75 76 
84 87 89 90 92 100 103 110 111 116 117 119 
120 124 126 127 129 133 135 140 141 142 143 153 
159 162 165 168 174 176 188 192 195 
60
5 8 10 11 16 17 18 19 20 25 30 34 
35 37 38 45 47 53 62 65 70 76 77 80 
86 89 90 91 94 96 98 100 101 107 115 117 
122 126 127 133 140 142 152 157 168 169 171 172 
173 175 178 182 183 185 186 189 190 196 197 199 
59
1 2 3 6 7 8 9 20 28 31 33 34 
35 37 43 49 51 55 59 60 67 68 73 76 
83 86 95 99 102 105 107 115 118 124 125 130 
136 138 139 142 143 146 154 159 164 165 167 170 
173 175 176 177 181 182 189 194 195 196 198 
63
1 3 4 5 9 15 16 19 20 21 26 28 
30 37 39 40 44 49 52 54 65 67 68 69 
70 71 72 77 79 85 90 93 97 98 101 103 
104 107 108 110 113 117 119 122 127 129 132 133 
138 149 150 155 157 158 166 167 168 169 170 171 
182 191 193 
52
6 8 9 12 17 21 23 24 25 26 27 30 
38 39 45 46 49 50 54 56 57 59 63 68 
72 75 82 89 97 102 104 133 135 137 145 148 
151 154 163 170 171 173 175 179 180 182 185 186 
194 195 196 200 
74
1 2 5 8 11 12 13 17 21 23 29 31 
32 33 34 36 38 39 41 50 51 60 61 62 
65 66 68 73 74 76 78 79 82 94 95 96 
97 100 102 105 106 109 110 113 115 116 118 128 
130 135 137 138 146 148 151 158 162 166 169 170 
173 175 178 180 181 184 186 189 190 191 192 194 
196 200 
64
3 4 6 12 14 18 23 24 25 30 37 38 
40 46 48 52 53 57 61 64 66 70 73 76 
77 78 82 85 86 89 90 99 104 107 108 109 
119 120 122 125 126 128 142 143 146 147 149 152 
153 155 156 159 161 162 165 169 175 182 185 188 
190 194 195 197 
62
2 6 12 19 20 22 24 27 30 34 37 40 
43 44 60 61 62 67 70 73 74 80 86 87 
89 92 93 94 95 107 112 113 118 119 124 128 
129 130 133 136 142 147 148 152 153 156 157 158 
159 161 162 169 172 173 174 175 186 187 189 193 
195 197 
64
5 10 11 12 14 16 17 19 21 25 35 44 
48 50 55 58 61 62 66 67 68 69 70 71 
77 80 82 83 86 88 94 101 107 113 115 116 
117 122 127 129 132 139 140 146 147 156 157 158 
160 162 164 169 170 171 173 174 178 181 182 190 
191 196 197 198 
44
3 15 20 22 25 27 28 29 30 38 40 49 
50 51 54 57 66 68 79 83 94 96 105 108 
114 119 123 127 129 131 135 137 143 144 146 149 
167 168 174 175 189 195 197 200 
61
5 6 7 9 11 12 13 18 23 26 33 36 
38 39 42 45 49 57 66 69 76 77 81 82 
92 103 104 105 108 122 127 129 130 135 136 139 
141 145 146 150 151 155 157 161 164 166 167 173 
176 177 185 186 188 189 191 192 194 196 197 199 
200 
52
4 14 16 21 27 29 33 36 37 39 41 42 
43 45 46 60 70 73 75 79 87 91 94 95 
105 114 125 128 129 132 140 141 142 143 149 151 
153 155 157 158 161 162 169 171 174 180 183 187 
192 194 195 200 
66
6 12 17 19 20 23 25 26 27 30 31 32 
34 35 37 40 43 44 49 53 57 59 62 63 
66 67 73 76 78 85 88 89 95 100 106 108 
110 118 120 125 127 131 133 134 136 139 144 145 
148 150 153 161 163 164 166 167 168 171 174 175 
177 183 193 196 197 198 
56
5 7 10 11 13 21 23 25 26 27 35 41 
44 46 47 53 66 71 73 74 75 77 79 89 
92 93 96 97 101 102 103 109 112 116 117 118 
125 126 141 146 148 151 154 155 157 158 163 164 
170 173 175 176 191 193 197 198 
59
3 6 7 9 12 18 22 23 25 29 30 34 
35 38 40 46 51 52 54 79 82 88 90 96 
99 103 109 116 119 121 124 125 127 130 132 139 
144 151 156 158 163 168 170 171 174 178 179 181 
182 183 186 187 189 192 194 195 198 199 200 
55
2 6 10 12 13 19 24 29 31 34 36 39 
43 44 49 56 60 62 67 69 71 75 76 77 
79 80 81 82 88 97 102 105 107 110 112 114 
116 127 128 136 137 138 150 154 155 162 166 170 
174 176 180 185 188 191 194 
58
2 9 13 14 17 22 23 26 27 28 29 32 
35 45 46 48 50 53 56 59 61 66 67 68 
72 76 77 82 84 86 90 100 103 104 110 112 
115 123 125 127 129 140 141 144 146 155 157 163 
165 167 170 180 181 182 189 192 193 199 
57
1 4 5 7 16 17 22 23 26 28 30 33 
41 51 53 54 55 62 64 66 72 74 75 82 
86 90 94 104 111 113 115 116 121 129 136 137 
138 141 142 146 147 151 153 166 171 172 173 174 
181 182 183 187 191 192 193 196 199 
65
2 6 7 10 12 23 25 26 31 34 35 39 
49 51 53 55 59 62 63 65 66 67 71 81 
84 89 92 93 95 100 102 103 104 106 107 121 
127 128 130 131 132 134 136 140 143 145 147 151 
156 157 161 162 163 166 170 175 176 177 184 190 
195 196 198 199 200 
63
5 6 21 24 26 28 31 32 35 36 39 41 
42 43 50 62 63 64 68 71 74 78 80 81 
84 87 89 95 96 98 100 104 107 108 109 113 
118 122 128 137 138 141 145 152 154 155 161 162 
163 169 171 173 174 179 180 181 185 190 192 194 
195 197 200 
69
7 9 10 15 17 23 25 27 28 29 35 37 
38 41 43 49 54 58 60 61 62 64 67 69 
71 79 80 83 84 86 87 88 92 94 95 98 
103 108 111 114 115 116 117 119 120 124 125 126 
135 136 141 142 145 150 155 156 162 165 167 168 
169 171 174 179 185 187 189 198 199 
54
4 6 12 16 17 22 27 28 30 34 37 41 
48 56 61 72 80 85 92 99 104 107 112 113 
118 122 124 129 136 137 138 139 140 141 142 146 
154 157 159 163 164 165 173 174 176 177 179 181 
187 188 189 194 195 196 
62
6 12 13 15 20 21 24 25 29 32 33 34 
35 40 45 46 49 55 56 57 58 65 67 72 
76 82 83 90 94 96 97 99 101 104 107 108 
110 116 118 120 126 132 133 136 141 144 145 147 
150 154 156 158 159 170 178 182 184 185 190 191 
195 197 
56
1 3 10 11 18 20 21 22 28 33 41 47 
50 53 58 62 64 66 67 68 75 77 78 79 
89 91 97 100 103 109 111 117 124 126 132 134 
136 141 145 150 152 153 154 156 157 158 162 164 
166 178 180 185 186 189 193 199 
53
3 20 24 27 29 31 32 37 43 47 48 50 
52 58 61 67 72 76 82 83 87 91 94 101 
102 106 111 117 125 129 135 137 141 144 148 160 
162 163 164 167 171 172 173 174 176 177 180 181 
188 191 192 194 197 
64
8 11 17 19 25 28 34 37 39 40 41 44 
45 52 57 59 63 64 65 68 71 82 87 88 
89 90 91 94 96 97 98 100 104 105 106 107 
108 112 115 116 117 119 123 126 128 132 133 137 
139 141 143 148 150 159 162 166 173 186 191 192 
194 195 196 199 
64
5 7 9 12 15 17 20 21 23 24 27 33 
34 35 36 40 42 44 45 46 49 51 56 60 
61 63 64 65 66 68 71 73 84 86 93 100 
105 115 116 118 119 130 134 135 138 139 144 147 
148 149 150 153 154 155 161 173 176 177 178 182 
187 195 196 198 
54
8 11 13 22 27 29 38 43 45 46 51 52 
69 70 75 76 77 82 89 90 91 96 104 105 
107 108 109 110 116 119 126 129 132 133 136 140 
141 142 146 149 150 157 158 163 164 172 173 175 
185 187 191 193 196 199 
60
1 5 10 11 15 16 19 28 39 42 47 51 
55 60 63 64 69 71 76 79 80 85 86 89 
95 99 100 101 106 107 111 113 116 121 125 129 
131 133 136 137 139 145 146 149 154 156 157 160 
161 162 164 168 169 174 175 190 191 194 198 200 
58
2 5 10 14 16 17 24 26 28 31 32 33 
35 40 47 48 58 70 75 81 82 84 85 94 
96 98 101 104 107 109 111 114 116 117 121 123 
126 131 133 134 146 152 160 162 163 169 171 180 
181 184 186 187 188 189 190 192 193 196 
54
9 11 15 18 19 24 27 28 29 33 38 40 
42 44 49 51 62 63 64 68 73 81 82 83 
84 86 89 92 93 107 109 111 112 113 114 116 
124 125 128 129 134 137 138 153 157 164 167 168 
169 174 175 176 184 187 
55
1 2 5 7 11 13 17 28 29 32 39 44 
55 66 70 73 74 75 77 81 82 86 95 104 
109 110 112 113 116 121 122 123 128 130 132 137 
142 145 151 154 155 156 158 162 163 173 175 178 
179 181 182 183 185 186 199 
54
3 13 17 18 27 30 31 34 35 38 39 43 
48 51 55 59 63 66 67 69 72 73 75 77 
79 80 82 92 94 95 98 99 103 105 111 119 
121 137 140 141 142 145 147 154 158 160 161 172 
179 187 193 194 195 198 
55
3 14 17 18 19 23 25 28 29 30 31 36 
37 42 56 63 65 70 71 76 78 80 81 82 
83 89 94 95 98 103 106 107 112 115 118 128 
129 135 137 141 142 150 157 159 161 166 169 173 
175 181 182 193 196 197 198 
55
2 3 4 6 9 11 13 16 20 21 26 27 
30 32 35 39 40 43 46 47 48 50 54 55 
57 60 71 79 89 96 102 107 108 109 112 114 
122 123 126 129 144 150 153 154 155 162 165 169 
175 181 184 186 187 194 200 
50
6 16 18 21 25 26 32 34 43 47 48 52 
57 62 63 64 66 73 79 83 87 95 96 105 
111 116 117 122 132 135 136 141 142 143 149 150 
151 153 157 169 171 175 177 179 189 191 192 194 
196 197 
