800 200
1 1 1 1 1 1 1 1 1 1 1 1 
1 1 1 1 1 1 1 1 1 1 1 1 
1 1 1 1 1 1 1 1 1 1 1 1 
1 1 1 1 1 1 1 1 1 1 1 1 
1 1 1 1 1 1 1 1 1 1 1 1 
1 1 1 1 1 1 1 1 1 1 1 1 
1 1 1 1 1 1 1 1 1 1 1 1 
1 1 1 1 1 1 1 1 1 1 1 1 
1 1 1 1 1 1 1 1 1 1 1 1 
1 1 1 1 1 1 1 1 1 1 1 1 
1 1 1 1 1 1 1 1 1 1 1 1 
1 1 1 1 1 1 1 1 1 1 1 1 
1 1 1 1 1 1 1 1 1 1 1 1 
1 1 1 1 1 1 1 1 1 1 1 1 
1 1 1 1 1 1 1 1 1 1 1 1 
1 1 1 1 1 1 1 1 1 1 1 1 
1 1 1 1 1 1 1 1 
67
2 3 6 11 19 21 23 26 29 32 38 39 
41 42 43 48 49 50 52 61 65 66 70 72 
75 82 84 85 86 87 89 90 98 100 101 112 
116 117 120 132 135 138 145 147 150 152 154 156 
157 159 160 162 164 167 168 169 174 175 177 179 
181 183 186 188 190 194 200 
53
6 7 10 12 13 14 20 23 24 28 30 38 
40 51 65 67 68 69 82 83 87 88 91 100 
102 108 115 116 117 118 119 127 130 131 136 145 
146 147 148 157 160 167 170 171 172 173 176 184 
189 193 194 197 200 
57
1 3 11 13 15 17 21 22 26 29 32 34 
41 42 47 49 51 55 64 70 74 76 80 81 
83 87 89 90 98 102 103 112 122 126 127 130 
132 134 135 140 142 143 144 145 146 150 152 154 
157 160 162 164 171 180 183 189 190 
58
2 14 21 22 25 29 30 31 35 36 39 40 
42 52 54 59 64 68 69 70 78 79 80 81 
84 88 101 110 113 115 117 118 134 137 139 140 
142 146 152 153 155 157 165 169 171 173 174 177 
179 180 183 186 187 188 189 192 196 197 
37
2 3 8 9 11 21 41 44 49 55 63 64 
78 86 88 96 98 105 119 120 127 128 132 137 
142 162 164 168 170 171 179 180 181 186 189 194 
199 
58
3 4 6 11 14 20 25 26 27 29 33 38 
45 48 51 57 58 66 67 68 73 74 75 79 
80 86 88 91 92 101 103 104 105 111 112 115 
116 121 124 125 128 131 133 135 136 140 142 145 
146 149 157 160 163 184 190 195 199 200 
59
5 14 21 22 23 24 28 29 30 31 32 36 
37 40 43 48 51 53 59 62 66 67 72 73 
82 86 87 93 95 96 100 104 106 115 116 117 
124 126 128 131 135 136 137 139 144 146 147 148 
149 153 155 159 165 175 178 183 187 190 197 
57
2 14 18 19 22 23 25 27 28 39 44 47 
51 55 63 64 73 80 82 83 90 97 102 103 
106 107 109 110 111 116 118 119 120 124 128 129 
130 132 136 137 138 139 141 148 149 157 159 165 
171 176 177 178 179 185 195 196 199 
58
4 5 6 9 12 15 20 22 23 24 26 30 
37 45 50 53 54 56 64 67 68 73 76 79 
85 86 93 94 102 103 104 105 111 112 116 119 
120 121 122 125 132 137 138 139 141 147 155 156 
161 164 170 181 184 186 190 191 193 195 
72
1 4 10 11 13 16 17 18 20 22 23 25 
26 27 28 29 31 32 33 35 37 38 41 42 
43 46 48 49 55 65 66 68 73 79 84 85 
86 87 89 94 97 103 104 105 109 112 116 119 
120 121 123 127 136 140 142 148 149 151 152 156 
159 160 161 163 164 175 179 181 184 191 196 200 
54
1 8 9 10 15 18 21 22 28 31 46 47 
49 59 61 62 80 81 82 92 93 98 101 104 
106 112 113 115 116 120 125 128 138 139 144 147 
150 156 157 158 160 161 164 167 168 171 173 175 
183 184 188 194 195 198 
55
4 21 22 24 25 28 30 33 38 41 46 52 
57 74 83 84 89 93 96 99 101 102 107 111 
114 125 126 128 132 135 137 138 140 143 149 150 
151 152 153 156 163 164 169 171 173 180 182 183 
184 185 187 188 189 191 195 
62
1 2 3 4 5 8 9 10 21 23 28 32 
34 35 36 42 46 48 51 54 55 58 60 61 
64 65 66 69 72 73 74 81 84 88 89 92 
95 102 108 119 128 134 136 140 142 146 147 158 
160 162 166 168 169 171 176 179 180 181 188 189 
190 195 
59
3 4 6 12 14 17 28 33 39 40 47 49 
50 52 56 61 63 66 68 83 86 89 91 95 
99 100 104 107 111 115 116 119 124 125 131 134 
138 139 145 146 148 150 152 154 165 166 168 170 
172 175 176 177 179 180 183 184 187 195 199 
56
2 10 12 14 21 23 29 30 31 33 37 40 
44 46 52 53 56 60 64 68 78 81 82 87 
88 90 95 97 98 101 105 106 108 109 115 123 
126 128 129 136 144 147 148 149 151 152 159 163 
164 167 176 178 184 186 193 194 
63
1 3 4 6 9 11 13 15 17 24 32 34 
37 40 49 50 51 52 55 56 57 59 62 63 
65 70 72 78 83 84 85 87 89 94 97 98 
99 102 103 105 110 115 123 129 134 137 141 156 
157 159 163 166 170 175 177 179 180 185 190 191 
192 193 194 
56
7 8 10 15 19 20 34 37 41 47 50 57 
58 62 70 72 75 76 79 82 89 92 98 100 
101 104 106 111 116 118 119 124 128 132 133 136 
138 139 141 143 146 148 158 161 169 171 179 184 
186 191 192 193 195 197 198 200 
53
7 8 11 13 14 18 25 26 27 30 33 42 
44 48 51 53 55 56 58 71 78 92 97 104 
107 113 114 117 119 120 122 128 130 131 132 133 
134 138 141 146 150 157 159 160 170 172 175 176 
187 190 193 197 200 
58
1 4 7 12 13 15 17 18 23 24 25 27 
29 31 35 36 37 38 48 50 53 63 66 69 
70 74 81 82 84 86 89 96 98 104 110 112 
113 115 119 123 124 125 129 134 135 137 138 141 
158 160 164 167 175 176 179 183 185 193 
49
2 5 7 8 10 18 21 23 27 30 40 42 
43 44 50 56 57 61 64 68 77 80 83 87 
92 96 105 107 110 114 117 118 123 126 140 145 
152 154 165 167 168 184 185 189 191 192 194 196 
197 
54
5 7 9 10 17 18 19 21 22 26 27 30 
33 34 37 43 49 52 55 58 61 63 66 67 
74 77 79 80 85 86 88 90 94 98 103 104 
109 115 117 129 131 135 140 148 159 163 171 172 
181 184 185 186 187 193 
54
2 11 12 14 22 25 38 45 46 48 57 59 
62 63 64 68 72 77 80 81 83 86 91 92 
93 94 99 103 105 108 109 118 119 125 128 136 
139 140 149 152 153 154 157 163 167 169 181 182 
183 185 186 191 192 197 
67
2 4 5 11 21 25 28 30 32 35 38 41 
43 47 51 55 56 58 59 62 65 66 72 74 
77 84 89 91 92 94 95 101 102 103 104 106 
109 112 113 115 118 126 128 131 147 149 151 154 
156 159 164 165 166 168 173 174 175 178 181 182 
187 188 191 194 197 199 200 
63
1 4 5 7 8 9 10 11 17 22 26 28 
29 33 34 36 38 39 41 44 55 56 66 68 
71 77 83 84 89 90 91 93 98 103 108 110 
113 115 124 125 130 133 157 159 161 162 165 168 
171 172 174 175 177 179 181 183 187 189 190 191 
195 197 200 
61
3 7 9 10 17 23 25 42 44 50 51 53 
58 60 64 67 71 72 78 82 86 87 91 92 
93 95 96 98 102 104 105 110 116 117 118 120 
121 122 124 125 127 131 135 138 143 146 149 150 
152 158 160 161 165 169 176 179 181 182 185 194 
200 
62
5 6 7 8 13 14 16 22 25 30 32 34 
36 39 41 42 44 46 48 49 51 54 58 62 
67 68 70 71 79 84 85 89 92 98 103 107 
110 111 112 115 120 123 127 131 135 136 137 138 
141 152 159 171 172 173 175 187 189 191 192 196 
198 199 
63
2 4 7 13 15 16 21 23 29 30 34 37 
39 40 41 44 47 48 50 51 52 57 59 60 
62 64 67 68 73 77 80 85 90 92 93 94 
98 101 104 105 110 111 113 117 120 129 143 144 
150 152 156 158 161 164 174 176 178 180 183 185 
192 196 197 
68
1 5 6 7 9 13 20 23 26 31 34 37 
39 46 47 49 50 51 55 57 59 60 66 70 
72 75 78 81 83 84 89 91 100 109 110 113 
117 118 121 124 126 129 130 133 138 147 148 149 
150 151 152 153 154 157 160 161 165 166 168 173 
175 176 177 178 180 181 194 200 
60
4 11 12 14 18 19 24 30 31 32 36 37 
38 52 53 66 68 69 70 73 74 76 79 81 
83 84 85 87 93 99 102 104 105 106 109 113 
117 118 119 120 121 122 126 127 129 134 141 162 
166 168 170 171 172 181 185 187 188 193 195 198 
59
12 13 15 19 20 24 25 28 30 31 32 39 
44 46 47 52 53 54 57 58 59 70 71 80 
82 86 92 93 98 99 100 101 105 106 108 109 
113 116 124 129 136 140 144 146 155 160 161 165 
169 171 177 179 181 182 185 188 189 195 197 
71
1 2 3 5 8 11 12 13 15 16 17 18 
20 23 24 26 28 29 30 33 38 39 45 49 
51 57 58 63 64 66 67 68 72 74 75 76 
81 83 90 96 97 99 103 109 119 120 122 124 
125 126 127 130 133 136 138 140 141 143 147 149 
151 155 159 164 168 175 178 187 191 197 198 
69
1 5 10 13 14 18 22 24 25 28 29 35 
37 38 40 45 49 50 51 52 58 65 68 71 
73 74 75 83 84 85 86 87 92 98 102 103 
107 115 116 120 124 127 129 134 139 140 143 147 
149 152 153 154 161 165 166 167 168 170 171 172 
176 179 182 187 189 193 195 198 200 
54
6 13 15 17 19 21 25 27 32 34 35 41 
43 48 52 58 63 66 70 71 75 78 83 84 
89 93 94 96 97 99 102 104 105 109 112 118 
121 122 126 129 133 136 141 146 147 150 151 153 
157 163 166 176 182 185 
52
11 12 16 21 24 27 33 35 39 41 42 43 
54 77 78 81 82 85 86 87 89 90 94 97 
101 107 115 117 118 119 120 121 127 129 130 140 
144 147 149 150 151 155 160 161 167 170 171 173 
174 191 197 198 
52
1 3 4 7 9 16 18 23 28 29 34 40 
52 53 54 55 60 62 63 65 66 69 71 72 
75 76 77 81 85 87 89 99 103 106 113 119 
121 131 135 139 142 151 155 157 165 168 171 188 
193 194 196 197 
65
1 3 11 19 21 22 27 28 29 30 31 32 
33 35 40 41 43 44 46 48 56 60 61 62 
73 74 77 78 84 87 89 90 94 102 103 106 
110 111 113 114 116 124 125 126 129 133 139 143 
144 147 155 158 159 162 176 177 182 185 186 187 
191 192 193 196 200 
60
2 3 4 9 13 16 19 21 25 27 30 31 
32 40 41 44 48 49 50 59 62 65 66 67 
72 78 82 83 85 89 90 92 96 98 101 102 
108 109 113 116 119 125 128 130 133 140 144 145 
146 155 156 164 177 178 180 182 186 189 190 194 
54
1 2 6 7 11 21 24 30 33 36 37 38 
39 41 44 55 56 60 63 71 72 73 79 80 
83 84 86 88 91 93 106 108 109 112 117 120 
123 125 129 133 135 139 148 154 158 159 164 173 
176 177 180 188 190 194 
67
1 5 6 9 10 19 20 21 26 27 30 31 
38 41 43 44 47 54 57 58 59 60 61 66 
67 68 69 78 82 84 88 89 92 97 99 100 
101 102 105 106 113 118 122 123 125 127 129 132 
133 134 139 142 146 149 152 156 158 161 168 169 
174 186 187 189 194 197 198 
56
3 4 6 12 13 20 24 34 35 36 47 48 
51 53 60 61 63 64 65 68 69 72 75 77 
80 82 85 97 98 105 106 107 111 117 119 127 
128 132 137 139 141 144 146 150 153 158 161 164 
166 170 174 182 186 187 189 191 
53
8 10 13 14 17 34 38 49 50 56 58 62 
63 67 71 74 75 83 88 90 92 93 99 101 
102 106 107 112 113 116 123 131 132 142 145 149 
153 163 164 169 170 173 175 178 179 186 188 191 
192 193 194 196 197 
49
2 7 12 16 19 20 25 30 33 42 49 51 
52 53 54 62 69 73 75 77 79 80 81 87 
90 91 105 117 119 121 130 132 133 134 143 149 
157 158 159 163 167 168 177 178 181 184 188 189 
197 
57
1 2 4 5 6 8 9 17 20 28 31 33 
38 41 47 55 58 59 63 66 70 72 76 81 
82 90 92 93 104 117 118 119 124 127 133 139 
142 143 146 147 149 150 152 153 154 170 173 179 
180 181 182 183 184 185 191 192 197 
59
2 5 10 14 15 22 27 30 32 34 38 40 
41 52 55 62 64 69 71 72 77 80 86 88 
91 96 99 101 108 111 114 115 117 119 120 126 
128 133 135 139 144 146 151 154 156 164 165 167 
168 175 176 178 179 181 183 185 197 199 200 
63
2 3 8 12 15 21 23 32 36 40 41 42 
43 44 47 49 54 55 65 70 72 77 80 82 
86 90 93 96 102 103 107 112 114 115 122 126 
129 130 131 136 137 138 141 145 146 150 159 163 
164 165 169 171 172 177 180 184 185 191 195 196 
197 199 200 
56
6 9 14 18 19 21 22 23 26 37 46 47 
53 55 57 63 73 74 75 79 90 91 92 95 
97 98 102 103 104 109 117 120 124 127 131 134 
138 140 141 142 144 146 148 151 152 161 162 165 
168 172 174 177 178 179 186 191 
57
4 10 15 18 21 22 23 25 27 29 30 35 
38 46 49 50 60 62 68 72 75 78 84 86 
89 91 100 105 108 110 112 117 121 122 124 129 
133 138 139 143 145 146 149 154 155 156 157 158 
162 164 168 170 171 186 188 197 198 
56
8 9 10 14 16 21 22 31 36 38 41 45 
52 56 61 62 66 70 73 75 77 78 79 81 
83 85 88 91 95 97 100 101 102 105 110 111 
112 118 124 127 129 131 136 146 148 149 151 156 
161 165 171 178 180 182 186 200 
48
3 9 14 15 21 25 38 39 40 43 46 49 
55 57 58 65 67 70 72 75 79 86 90 93 
94 101 106 109 110 117 125 133 139 147 153 154 
161 162 166 170 172 174 176 182 184 185 187 198 
55
2 7 15 18 23 25 27 29 30 31 32 35 
44 50 51 52 53 62 65 68 75 76 77 79 
80 81 82 83 86 90 93 97 98 102 121 123 
129 134 135 139 142 143 155 157 163 166 170 177 
178 181 182 184 190 199 200 
63
4 5 11 12 14 15 18 23 24 25 30 31 
35 44 45 56 59 62 66 68 70 73 77 79 
82 83 84 90 92 94 102 105 107 109 111 113 
115 118 123 126 127 137 139 140 144 146 152 156 
157 162 163 165 170 171 172 173 174 175 177 178 
183 185 194 
62
4 9 13 17 18 22 25 32 35 39 40 45 
46 49 51 54 55 61 65 70 74 78 80 81 
83 86 91 95 99 101 104 105 114 115 117 118 
120 122 123 125 130 136 139 141 146 151 154 155 
159 164 171 175 176 178 180 183 186 188 190 191 
192 197 
68
12 13 15 19 21 33 34 35 46 47 48 49 
50 51 53 56 60 63 67 68 70 73 77 81 
82 83 85 88 89 90 92 93 94 96 98 99 
100 108 113 116 125 126 135 136 138 140 141 142 
145 153 158 159 160 162 166 169 171 172 174 176 
178 188 189 190 192 193 196 199 
58
5 6 7 8 9 15 20 22 23 32 38 41 
42 43 52 55 63 64 65 68 69 70 72 75 
76 82 86 93 101 102 107 110 113 114 119 124 
125 126 128 130 131 133 134 136 142 145 148 150 
151 156 160 161 165 166 173 181 185 194 
50
4 13 26 30 37 38 45 47 51 52 61 64 
66 67 68 73 76 77 80 81 83 84 91 93 
101 107 111 115 117 120 121 126 127 139 142 143 
146 150 154 155 157 159 169 171 175 178 185 192 
194 199 
58
3 5 8 12 19 21 22 27 29 30 35 36 
39 45 47 48 52 55 62 63 66 73 74 78 
84 88 90 91 93 96 101 102 110 112 118 121 
136 139 142 145 147 149 150 158 164 167 169 171 
173 175 184 185 187 189 190 195 196 197 
69
3 4 5 8 9 10 12 17 21 22 26 27 
28 30 31 40 41 46 47 49 54 57 59 61 
62 63 74 75 76 79 80 81 82 83 88 92 
96 101 103 108 112 113 118 120 122 132 134 137 
141 143 152 157 159 162 166 167 168 172 174 175 
177 179 184 191 192 193 194 199 200 
65
3 5 6 11 12 14 21 22 23 28 30 36 
41 46 52 54 58 60 64 66 67 68 69 73 
87 88 91 92 95 98 100 101 105 106 108 119 
120 122 123 125 126 127 128 129 132 133 136 137 
138 141 143 144 149 151 158 159 161 164 173 176 
178 179 183 196 199 
62
4 7 9 10 14 16 20 22 26 29 36 40 
44 45 46 50 51 52 55 56 60 61 70 73 
75 82 93 96 100 103 109 110 111 115 120 122 
128 129 130 133 135 138 140 141 148 150 153 159 
165 166 171 172 173 179 180 182 185 189 191 195 
196 197 
55
4 6 33 35 40 41 44 49 50 51 62 64 
67 70 71 72 75 79 84 86 87 88 92 95 
96 97 102 106 110 112 115 116 120 124 125 128 
135 142 144 146 149 151 155 158 159 161 162 167 
169 172 173 183 191 193 197 
60
3 5 8 10 11 13 17 19 29 34 37 41 
42 43 50 51 52 55 59 65 67 70 75 76 
77 78 81 86 88 89 91 92 97 98 99 103 
106 110 112 120 121 124 133 134 150 151 152 159 
163 164 168 174 177 181 184 185 187 189 193 194 
60
4 6 7 8 9 12 22 23 24 26 27 29 
31 42 50 53 54 55 58 59 61 64 66 67 
68 69 72 74 81 82 83 84 86 88 91 94 
99 100 101 104 105 107 119 122 129 130 135 136 
140 142 144 150 156 159 160 163 164 180 187 194 
46
1 4 9 15 16 19 24 29 31 34 43 51 
56 72 73 77 79 82 84 86 91 92 95 100 
108 112 124 131 134 137 142 143 152 160 171 174 
175 176 177 179 181 188 190 196 198 199 
52
18 23 24 25 28 32 35 38 39 45 48 56 
57 60 62 67 72 73 75 80 85 86 88 91 
92 93 105 107 111 112 114 116 117 125 129 131 
133 134 140 149 150 152 154 155 156 169 171 183 
185 195 198 199 
56
2 9 11 12 19 22 23 25 33 34 41 44 
50 53 58 63 65 66 67 69 72 77 80 81 
87 92 93 95 96 97 101 108 117 118 119 124 
127 129 132 135 140 148 150 158 159 160 164 166 
178 181 182 183 188 192 193 195 
62
3 6 9 12 13 14 16 25 30 31 33 35 
36 38 49 51 52 53 56 63 71 72 74 81 
82 84 85 86 87 94 97 100 101 108 109 117 
123 124 129 132 134 135 137 138 141 142 144 148 
149 155 157 158 159 161 163 175 177 179 182 192 
196 198 
56
3 10 12 17 18 19 20 33 38 40 41 44 
48 49 54 56 57 59 65 75 78 85 92 93 
95 101 105 106 108 109 110 111 115 117 119 125 
134 136 144 147 150 151 155 156 157 162 171 174 
175 177 180 186 190 192 194 199 
73
2 5 9 14 17 20 22 23 27 29 30 33 
37 40 42 44 46 48 57 59 61 70 77 78 
81 82 86 89 90 91 92 97 101 102 106 108 
110 115 117 118 119 122 123 126 128 131 132 133 
138 141 146 149 151 152 155 157 164 166 167 171 
173 184 185 187 188 189 191 193 194 196 197 199 
200 
61
1 8 9 10 11 13 15 17 26 28 33 35 
39 40 48 49 52 55 57 59 61 64 66 68 
70 71 72 74 80 83 91 92 93 94 98 99 
101 104 114 115 118 134 140 142 144 148 153 155 
158 160 167 168 173 175 182 187 188 189 192 193 
194 
62
3 5 7 9 13 14 18 19 26 27 28 29 
36 40 44 45 50 53 55 56 58 59 60 65 
71 76 77 78 80 86 89 91 95 100 107 118 
122 126 128 131 134 135 141 142 145 147 148 149 
151 154 156 157 163 164 165 167 172 175 177 191 
195 197 
55
2 5 9 12 16 27 28 34 39 42 43 45 
46 51 54 57 58 59 62 72 75 83 85 86 
89 90 97 99 100 106 110 111 114 115 123 128 
130 141 146 153 158 160 165 166 168 169 171 174 
175 176 180 184 189 191 199 
56
1 7 9 10 17 22 25 27 39 44 46 56 
57 60 62 63 64 68 69 70 84 86 89 91 
98 100 103 116 118 119 123 124 130 133 137 138 
139 140 141 144 151 158 160 164 171 172 175 176 
178 181 183 186 188 191 193 195 
64
1 3 4 8 9 10 11 13 16 17 21 30 
31 33 36 37 41 44 45 49 50 52 57 58 
59 63 67 68 69 70 71 76 79 95 96 97 
99 107 109 114 118 120 121 122 124 125 128 131 
140 143 150 154 155 157 162 165 166 167 179 187 
188 189 191 193 
59
5 10 13 18 23 26 28 32 34 39 43 48 
55 56 58 61 62 63 66 74 75 78 93 95 
113 114 118 120 123 132 134 137 138 139 141 143 
144 147 148 151 154 155 159 162 167 172 173 174 
176 178 180 181 182 184 187 191 195 199 200 
69
2 4 6 7 13 14 16 18 20 21 23 24 
25 26 32 34 35 39 41 42 48 49 50 55 
59 60 65 67 68 69 72 74 83 84 86 87 
89 90 91 94 97 102 105 106 108 109 110 113 
116 121 123 130 138 149 151 152 153 154 157 165 
166 169 173 174 180 184 188 191 192 
64
3 7 10 12 13 14 18 21 22 23 24 27 
29 30 34 36 38 42 50 56 59 62 63 64 
69 73 74 78 82 86 90 95 97 98 99 106 
113 117 119 120 121 122 127 131 132 140 142 146 
151 152 156 158 161 163 167 168 171 172 174 177 
178 184 191 194 
56
5 6 8 9 10 12 13 19 22 27 28 29 
30 33 38 39 48 52 53 55 58 68 70 77 
80 81 82 89 90 100 111 121 123 127 132 134 
142 144 146 152 154 155 156 165 170 175 177 178 
181 183 186 188 191 193 194 198 
63
4 7 12 19 23 24 25 27 29 37 43 44 
46 48 50 51 52 54 55 57 58 59 65 67 
68 69 70 73 75 79 80 87 94 101 103 105 
108 110 113 115 116 118 120 128 129 131 138 141 
142 145 153 158 160 167 169 176 178 179 180 182 
185 189 199 
60
4 5 11 14 17 20 22 24 29 30 31 34 
35 37 42 50 52 54 59 60 64 69 78 85 
90 92 94 102 103 106 107 108 111 114 119 126 
133 136 138 139 140 143 147 151 153 155 156 157 
160 165 171 172 179 180 181 186 191 193 198 200 
56
4 8 10 24 26 27 31 34 36 39 47 48 
54 59 61 65 70 74 75 78 79 82 83 84 
85 93 94 95 96 98 102 105 108 113 115 130 
136 140 142 146 147 154 159 161 167 168 170 171 
177 181 183 189 192 194 196 199 
67
1 3 11 12 16 18 20 23 25 26 28 33 
38 45 46 47 51 54 59 60 61 63 68 70 
80 85 88 98 99 100 101 102 105 108 112 116 
118 119 120 121 122 123 128 134 135 138 144 145 
148 150 155 156 163 164 167 168 171 173 174 175 
176 180 183 192 193 196 198 
52
1 3 4 5 10 20 31 33 40 42 43 54 
55 58 60 64 71 74 81 85 91 94 100 101 
104 106 107 117 119 121 123 126 127 128 130 132 
135 147 150 157 162 163 165 168 171 172 181 182 
189 191 194 198 
58
6 10 16 17 18 19 21 22 23 25 26 28 
29 31 34 35 38 39 40 46 53 60 66 68 
78 79 80 86 89 91 94 98 107 110 113 114 
116 119 123 124 129 130 132 136 152 153 154 155 
162 163 164 166 168 169 178 189 198 199 
65
11 12 13 23 24 25 31 36 38 50 51 58 
59 60 61 62 64 66 69 75 80 83 84 85 
90 94 95 99 100 101 104 105 107 111 114 120 
121 124 129 130 132 133 135 136 140 146 147 149 
151 154 155 157 166 167 168 171 174 176 177 181 
183 184 189 192 199 
55
3 8 14 15 18 23 27 31 35 36 39 40 
44 45 49 54 57 60 63 68 70 76 78 82 
83 94 95 100 101 103 113 122 123 125 127 133 
134 136 139 144 152 155 163 165 166 169 170 179 
183 186 189 193 194 196 200 
54
4 5 7 8 10 16 17 20 21 23 28 29 
43 46 50 55 61 63 66 68 74 75 76 81 
82 83 93 101 106 108 113 114 116 136 138 144 
145 148 153 155 157 160 163 164 175 176 178 180 
182 183 192 198 199 200 
57
8 14 18 20 21 24 27 29 33 41 47 48 
51 55 59 63 70 72 75 77 85 88 96 100 
101 105 106 108 112 114 115 118 120 121 127 131 
133 136 140 145 151 153 154 156 159 160 164 166 
174 180 181 184 187 189 192 198 199 
67
4 6 8 10 12 13 16 19 25 26 34 47 
56 58 61 65 66 67 71 72 73 75 85 88 
91 93 94 98 100 102 106 107 108 111 115 116 
117 123 129 134 140 143 144 145 147 151 153 158 
165 166 172 174 175 176 177 178 179 180 184 185 
189 191 193 194 196 198 199 
49
3 5 6 12 14 17 18 19 24 28 31 35 
51 57 58 61 62 64 66 72 76 77 81 83 
86 88 93 94 102 103 106 108 114 120 122 124 
127 133 136 137 144 147 165 166 170 181 183 187 
191 
59
2 3 7 8 13 15 20 26 27 29 32 33 
41 42 43 45 46 47 50 54 57 58 59 60 
62 64 65 66 67 74 77 82 84 85 87 90 
97 98 105 106 123 125 128 131 134 142 147 148 
150 151 159 161 172 174 178 187 192 196 200 
66
2 5 6 12 15 19 20 29 30 31 32 35 
42 46 48 53 54 55 59 60 61 63 65 69 
71 73 79 84 85 88 89 92 94 97 101 106 
116 118 119 120 124 125 127 132 133 135 137 141 
145 146 147 148 149 152 162 164 165 168 170 171 
174 186 188 190 197 199 
57
1 2 11 12 13 15 20 25 26 29 31 54 
55 56 57 58 60 62 71 72 78 79 84 87 
90 91 98 105 107 111 114 122 135 136 144 146 
147 148 149 150 152 155 158 164 165 166 176 179 
182 183 186 189 192 193 196 198 199 
56
5 6 12 13 14 15 16 20 21 23 27 36 
37 39 40 45 52 55 66 67 72 84 85 87 
89 94 98 102 104 105 107 114 118 125 126 132 
136 141 144 151 153 154 159 161 162 164 166 170 
171 177 178 185 190 194 196 200 
61
1 2 3 5 8 17 21 22 29 31 33 36 
37 40 44 53 60 61 66 70 71 74 75 78 
81 82 92 99 100 102 109 111 114 118 120 122 
125 127 128 129 132 137 138 146 150 151 154 157 
163 164 167 172 174 175 179 183 184 193 194 197 
199 
62
4 6 9 10 11 13 16 17 22 27 28 29 
38 40 43 44 48 49 51 53 56 59 60 62 
67 69 78 79 83 85 86 87 90 91 92 96 
97 100 105 106 108 113 117 123 124 127 136 138 
145 151 159 160 164 165 171 176 180 181 183 192 
195 199 
66
1 3 8 15 18 21 23 25 28 30 31 34 
35 37 40 41 42 46 47 49 50 52 58 61 
63 69 70 72 74 79 82 83 86 91 95 97 
98 101 103 104 108 116 129 131 138 139 140 145 
149 150 154 155 156 159 160 162 168 172 173 178 
179 180 181 184 185 194 
60
2 3 6 7 11 14 16 19 22 27 28 29 
30 31 32 38 39 42 47 50 55 56 64 72 
74 79 80 84 85 90 92 104 107 114 117 119 
121 124 138 141 143 144 146 149 150 153 154 158 
159 160 162 171 173 175 177 182 183 188 192 200 
54
1 6 12 13 16 17 24 26 28 31 32 34 
36 39 42 44 48 50 55 56 62 66 70 73 
74 75 76 77 86 92 97 99 100 114 119 121 
122 127 128 131 136 141 142 147 149 157 159 162 
167 186 193 194 195 196 
61
1 2 4 5 7 8 9 10 12 15 16 29 
30 36 46 47 48 49 50 51 58 59 64 66 
68 71 75 76 80 82 83 85 91 92 95 97 
107 120 121 124 125 126 132 136 138 139 154 156 
159 161 164 165 167 175 176 177 180 193 194 198 
199 
77
2 3 4 5 8 14 18 22 24 25 26 34 
36 40 41 42 43 44 45 49 51 54 55 56 
57 62 67 70 72 74 79 80 81 82 83 84 
87 94 98 100 101 103 104 105 107 114 117 119 
120 122 123 124 129 131 134 135 138 140 142 143 
146 152 153 157 163 167 174 177 179 183 185 187 
188 190 193 197 198 
59
3 4 9 10 12 15 17 22 30 34 38 39 
41 44 46 54 56 58 59 60 61 63 65 67 
68 69 71 75 79 82 87 88 89 95 97 105 
108 117 125 127 129 133 139 141 148 151 152 154 
157 160 168 171 174 179 180 181 190 196 197 
58
4 7 11 12 19 20 28 29 30 32 33 41 
42 45 53 55 57 58 62 65 67 69 71 72 
74 77 78 82 93 94 100 102 108 118 121 131 
136 137 140 142 151 155 159 161 164 168 172 174 
180 183 184 186 190 191 192 195 197 200 
54
5 8 10 12 17 20 21 26 27 29 32 33 
38 39 41 42 43 47 49 50 59 62 63 64 
68 72 73 84 86 88 91 92 95 96 97 109 
112 113 117 123 124 131 132 136 141 143 149 156 
163 172 173 184 189 200 
65
1 2 6 10 15 16 18 21 24 25 27 29 
32 36 38 50 51 53 55 56 58 60 65 68 
69 71 77 78 80 82 84 88 90 91 92 96 
97 98 105 107 109 115 117 119 124 126 130 134 
135 138 140 150 151 155 157 158 162 165 173 178 
186 187 191 198 200 
65
3 6 11 16 20 21 23 26 27 36 37 45 
46 47 49 52 54 55 57 58 60 64 65 66 
68 69 80 89 92 95 96 98 99 102 106 107 
118 119 121 122 125 127 130 132 134 136 138 140 
144 145 150 153 155 157 164 166 167 170 171 176 
184 188 194 195 198 
57
4 7 15 20 27 31 35 36 37 38 40 43 
44 48 49 51 54 55 62 67 68 69 76 77 
80 81 84 90 91 92 96 102 104 108 109 111 
112 113 114 117 131 134 135 140 141 149 152 153 
154 163 164 165 168 176 189 195 200 
56
1 6 7 8 10 15 18 21 25 35 39 49 
50 51 53 54 60 63 65 68 73 78 81 83 
84 85 87 93 94 95 97 105 116 130 131 138 
139 141 143 153 156 157 161 163 164 165 168 170 
172 176 181 183 186 187 195 198 
56
14 18 20 21 23 24 28 29 30 38 41 42 
43 45 49 50 62 67 81 90 92 94 95 96 
100 101 103 105 115 116 117 120 126 127 135 137 
140 146 147 150 152 155 158 159 166 174 177 178 
181 182 184 188 193 195 196 200 
62
3 4 5 8 10 19 26 27 28 36 37 48 
53 55 62 65 66 69 75 76 79 80 81 84 
85 86 87 88 89 92 99 103 105 108 109 116 
117 122 128 129 133 135 136 138 140 144 147 148 
151 152 153 159 160 166 167 170 177 180 185 193 
197 199 
54
7 10 13 14 15 16 18 20 29 33 34 35 
44 55 57 59 62 75 76 81 84 89 92 93 
95 96 97 101 103 106 108 113 115 118 121 126 
138 139 148 155 157 158 160 164 168 175 178 180 
183 184 187 192 197 198 
63
2 4 7 13 15 18 25 29 40 41 45 47 
51 56 60 62 64 65 69 73 75 79 81 84 
87 91 95 97 99 103 104 110 111 112 116 117 
120 121 122 124 126 128 130 132 134 139 142 143 
149 159 160 172 173 174 179 186 188 189 190 195 
196 198 199 
62
1 5 7 11 12 17 21 25 26 28 38 40 
47 56 58 61 62 63 69 76 80 83 88 89 
90 92 99 103 109 111 112 116 119 121 123 125 
132 137 138 140 141 146 147 149 150 153 154 156 
158 160 164 166 167 173 176 177 181 187 189 194 
199 200 
61
2 5 12 13 14 15 20 22 24 28 33 39 
46 47 52 59 62 63 67 70 74 76 80 88 
91 93 95 98 99 110 119 120 122 126 133 135 
137 138 140 142 145 148 151 153 156 157 158 161 
172 173 174 176 182 183 186 190 192 193 196 197 
200 
63
1 2 3 4 7 16 29 31 34 37 38 39 
47 48 49 50 54 62 63 68 70 72 76 77 
78 84 85 89 90 91 92 94 95 99 104 114 
118 119 121 123 124 127 129 130 131 133 138 141 
144 145 147 150 152 155 156 160 168 169 170 173 
191 194 198 
54
2 5 8 10 12 17 18 21 24 28 29 37 
38 41 42 44 47 61 63 64 69 73 78 85 
94 96 99 100 101 102 106 107 115 126 131 133 
134 135 143 146 149 152 159 160 161 165 169 170 
181 183 185 189 191 200 
55
6 12 14 17 21 24 26 27 35 45 51 53 
54 61 63 64 66 75 79 82 85 87 89 93 
97 99 101 108 111 115 116 117 124 127 129 131 
134 139 143 146 147 154 160 164 169 171 173 175 
176 177 181 183 191 194 200 
59
2 8 9 11 15 16 17 19 22 32 33 40 
43 44 45 49 51 53 55 56 64 65 67 70 
82 93 94 95 99 100 102 104 105 111 116 118 
121 129 130 131 133 135 140 141 143 145 146 149 
152 153 154 156 166 171 173 178 186 187 198 
60
2 3 7 9 10 14 15 19 21 29 35 36 
42 45 46 47 49 55 59 62 64 65 66 67 
69 70 72 76 79 81 91 92 93 95 97 102 
105 108 113 115 116 119 120 122 127 130 131 132 
138 143 145 150 154 157 175 178 179 180 183 187 
66
2 3 5 6 8 9 12 15 17 19 30 31 
35 40 42 47 48 53 55 58 60 67 68 75 
76 77 79 82 83 85 87 88 94 96 97 98 
100 106 116 118 120 122 124 126 130 134 139 142 
144 152 158 162 165 166 167 170 179 183 184 187 
191 193 196 197 198 200 
66
1 2 7 22 23 26 31 34 41 42 48 49 
52 53 55 58 61 75 79 89 91 93 95 96 
98 99 100 104 106 109 110 111 114 115 116 118 
122 125 127 128 130 133 135 136 137 140 143 144 
148 150 154 155 156 157 159 163 165 170 180 181 
182 183 190 192 198 199 
62
8 13 14 20 24 26 27 30 32 33 34 35 
36 43 46 50 59 60 64 66 71 73 77 79 
84 85 86 88 91 93 94 95 99 100 103 104 
105 107 114 116 119 121 123 127 143 149 150 152 
153 155 157 164 167 168 171 181 182 185 187 191 
194 197 
62
1 3 4 6 7 8 10 11 13 15 23 28 
29 30 32 34 35 43 44 48 49 52 62 63 
68 70 71 81 83 85 86 89 92 95 98 101 
102 106 108 111 113 115 118 119 125 137 149 156 
163 165 167 168 171 172 175 187 189 191 195 196 
198 200 
72
4 7 8 10 14 16 19 23 25 26 27 30 
34 35 36 39 45 46 47 60 61 62 63 68 
69 76 78 83 84 87 88 91 92 93 94 95 
96 97 99 103 106 112 116 117 120 123 125 127 
131 133 135 138 141 142 144 151 152 153 154 155 
167 168 170 173 176 177 178 181 186 187 188 195 
59
1 3 8 17 19 20 21 28 31 34 36 37 
46 52 53 54 58 63 64 65 66 67 68 73 
83 86 88 97 98 100 102 107 108 112 114 120 
122 126 128 130 136 141 151 155 159 160 162 163 
166 169 170 173 175 178 185 187 192 193 200 
65
4 9 12 16 18 19 31 40 44 47 50 51 
54 58 61 62 63 67 68 71 72 74 77 79 
81 85 86 87 88 90 91 94 99 101 102 105 
106 107 108 112 116 119 120 123 124 127 129 136 
139 141 150 154 155 156 162 163 167 168 170 172 
176 183 193 196 198 
57
2 3 4 5 7 17 19 27 29 33 34 35 
37 43 45 46 51 52 55 58 59 60 61 63 
71 73 74 75 77 80 83 86 92 93 105 110 
111 116 119 123 137 141 145 155 156 159 162 163 
164 166 169 177 186 190 192 195 197 
54
1 3 4 13 16 17 19 20 22 23 24 28 
30 31 38 44 45 46 49 56 57 59 67 69 
72 73 74 80 94 95 99 101 107 112 114 116 
120 125 138 139 145 146 153 154 157 158 161 163 
168 173 183 190 192 193 
65
1 5 6 9 15 24 26 27 28 29 31 33 
42 43 47 49 51 56 58 60 63 69 75 80 
81 82 83 84 87 91 95 96 98 100 113 115 
119 125 127 128 135 138 139 141 142 143 144 146 
152 158 161 162 170 173 174 177 178 182 183 188 
189 190 192 196 200 
62
3 9 10 11 15 18 22 24 27 31 38 39 
40 43 49 50 52 53 59 61 67 68 73 74 
75 79 81 82 83 86 87 89 90 91 95 96 
98 108 109 110 112 123 126 131 135 140 146 153 
155 157 160 165 167 168 169 179 180 185 186 188 
190 191 
51
2 5 8 9 12 13 20 31 32 50 56 57 
58 59 70 71 73 74 78 82 85 86 88 91 
93 96 107 115 119 121 122 132 133 135 136 138 
140 142 144 146 148 154 157 163 165 173 178 194 
196 199 200 
66
3 5 9 10 12 14 21 22 23 24 29 33 
45 46 48 53 56 60 62 64 65 67 71 72 
73 75 76 80 81 84 87 88 91 97 101 108 
117 120 122 124 125 126 128 129 130 132 136 138 
139 141 143 149 151 154 155 160 162 168 174 183 
184 186 190 196 197 198 
54
4 5 8 10 18 22 25 33 34 39 40 42 
44 46 48 50 52 53 58 59 60 70 71 72 
76 79 85 88 92 99 103 105 108 114 116 126 
135 136 140 142 144 145 156 160 162 165 171 176 
179 183 187 191 192 193 
56
5 8 10 14 17 28 32 35 38 42 46 47 
48 49 56 58 63 64 65 66 76 82 83 85 
93 94 95 96 102 104 105 110 113 122 126 128 
134 135 136 137 139 140 143 150 153 159 165 172 
177 186 189 190 193 195 196 197 
61
7 8 10 15 18 19 26 28 34 36 37 46 
55 59 62 64 67 74 78 81 84 86 89 90 
91 92 93 95 100 105 106 109 110 118 120 121 
122 123 126 127 137 139 145 146 155 158 162 163 
165 170 174 178 180 183 184 186 188 191 192 194 
199 
55
1 4 14 18 26 29 30 32 38 44 55 60 
62 63 69 73 77 79 82 88 90 91 99 100 
101 102 109 110 116 117 120 122 123 131 133 136 
139 141 147 148 149 157 158 160 163 164 165 167 
170 171 172 183 184 197 199 
63
12 13 14 15 18 19 25 28 32 33 36 40 
46 48 54 55 57 58 60 67 68 75 76 77 
79 84 87 90 100 103 104 105 106 107 109 112 
116 119 123 125 128 131 132 133 137 141 142 149 
151 154 155 158 161 164 168 169 173 174 183 185 
187 188 196 
67
4 5 14 15 17 20 21 24 29 30 34 42 
43 46 47 49 54 55 56 61 63 66 69 73 
79 82 83 85 88 90 97 98 99 102 103 109 
113 115 118 119 120 122 123 125 126 130 133 135 
141 144 145 151 156 158 162 163 168 178 179 180 
181 182 186 188 189 195 198 
54
10 13 14 15 16 26 33 36 39 43 50 52 
53 55 59 60 63 65 69 72 75 77 83 86 
88 89 104 108 113 114 120 122 125 126 127 130 
132 134 140 142 144 147 151 154 155 159 165 173 
178 180 188 189 196 200 
43
12 25 35 36 40 44 55 57 64 65 70 72 
73 76 77 78 80 81 93 96 102 112 120 121 
125 130 134 136 137 145 148 157 158 160 163 170 
173 174 175 177 188 190 200 
58
1 2 4 6 7 15 16 20 26 31 33 34 
36 38 41 46 48 49 51 52 54 59 66 68 
71 74 76 86 90 96 97 99 103 106 110 116 
119 122 130 131 133 137 138 141 145 146 151 162 
163 165 171 176 185 187 188 191 196 198 
67
1 8 13 15 17 18 19 22 24 26 36 41 
43 45 47 48 49 50 53 54 55 57 58 60 
64 65 67 68 69 74 75 76 77 79 87 90 
91 99 101 104 107 108 114 116 124 127 131 134 
136 137 151 155 159 160 167 168 170 171 176 181 
186 190 191 192 194 195 200 
60
5 10 11 12 16 17 24 25 29 30 31 36 
37 38 41 42 44 45 46 48 51 57 60 62 
63 70 78 82 83 84 86 88 94 100 102 104 
114 119 120 123 126 127 136 137 138 142 145 149 
160 165 171 173 174 179 181 187 194 195 196 198 
72
2 3 4 5 7 8 10 12 15 18 19 21 
22 23 24 31 32 35 40 41 42 44 53 54 
58 60 68 71 72 76 80 81 83 90 94 96 
100 102 104 108 109 110 111 114 116 119 120 124 
126 127 131 133 140 146 148 153 159 162 165 166 
167 168 170 173 176 177 179 180 190 193 197 198 
60
1 3 5 7 10 11 15 18 20 21 25 27 
30 31 35 36 39 40 42 44 45 52 54 59 
61 62 63 64 66 69 79 80 83 86 90 92 
93 98 104 106 107 113 114 117 118 120 126 127 
132 133 136 144 155 157 161 169 181 191 193 194 
57
1 3 4 7 18 22 25 31 32 33 34 37 
38 41 44 55 62 64 65 68 69 73 86 90 
100 101 103 105 107 108 113 116 122 124 127 128 
133 135 136 137 140 142 144 147 148 156 158 162 
163 172 174 175 176 179 180 189 198 
51
1 4 10 17 18 20 23 27 28 34 37 38 
41 45 47 54 61 62 63 68 72 73 80 91 
92 96 98 101 116 119 123 126 133 137 140 145 
146 154 166 167 171 172 176 178 182 184 185 190 
196 197 200 
55
1 5 8 28 31 33 42 45 46 53 59 61 
62 65 66 68 69 71 72 74 81 83 87 89 
90 91 95 98 103 112 113 122 123 129 131 132 
133 137 142 146 151 155 165 168 172 179 183 191 
192 193 194 195 196 197 199 
52
1 2 10 12 15 18 22 24 32 34 36 40 
41 42 46 47 48 50 60 61 65 70 72 73 
78 82 87 95 98 107 108 123 124 125 128 131 
133 137 139 149 155 161 170 171 173 181 182 183 
187 197 199 200 
60
1 5 7 10 15 17 21 26 28 32 34 36 
38 44 47 49 50 52 54 65 69 70 71 77 
82 88 93 101 107 109 115 122 125 126 133 140 
144 146 147 149 150 153 155 156 160 161 166 167 
169 170 179 182 183 184 185 191 192 193 194 197 
63
2 3 6 7 9 10 11 14 19 24 26 43 
45 50 58 60 64 69 70 72 77 83 85 86 
87 90 96 100 102 105 107 110 114 119 120 121 
125 129 130 132 133 140 144 154 156 157 158 160 
161 162 165 169 170 172 176 178 179 183 184 185 
186 191 196 
51
1 7 10 12 14 17 23 26 29 32 37 45 
55 62 63 65 66 76 92 94 101 102 103 104 
106 107 110 111 117 121 124 125 126 127 137 141 
158 163 168 169 170 176 177 178 181 182 184 185 
190 196 200 
67
2 3 8 9 10 11 14 17 20 22 23 24 
27 38 41 42 44 46 50 53 55 58 59 60 
61 63 69 73 74 75 76 78 79 81 82 84 
87 88 93 100 101 111 116 119 120 123 124 132 
133 139 140 145 146 147 149 153 155 160 164 166 
175 190 192 194 196 197 198 
56
2 3 6 7 16 25 26 33 34 36 37 42 
45 47 49 52 54 58 61 66 70 76 81 84 
88 89 91 95 100 112 118 126 128 132 135 137 
147 150 157 159 168 169 171 172 174 176 177 186 
187 188 190 192 195 196 199 200 
42
13 24 27 31 36 49 53 54 56 60 63 67 
71 72 74 76 86 89 92 97 100 102 103 106 
107 109 120 122 126 134 136 141 145 151 154 156 
176 180 183 187 196 200 
51
1 5 10 12 16 18 22 32 33 38 43 44 
46 51 56 61 62 74 79 83 85 87 108 110 
117 119 123 126 129 136 139 143 145 149 156 157 
160 161 162 166 173 174 183 186 189 190 191 194 
197 198 200 
63
3 6 7 16 19 23 30 31 35 37 38 43 
45 46 48 49 51 52 53 57 59 60 61 62 
65 68 71 73 76 80 84 85 87 88 91 96 
101 103 106 107 112 117 119 120 124 134 137 145 
148 150 151 152 160 169 171 176 178 182 184 188 
192 198 199 
60
3 9 14 20 21 23 24 25 28 34 35 39 
42 47 51 56 63 68 71 73 76 79 80 81 
83 88 92 94 95 96 98 99 101 104 105 114 
116 125 128 132 135 142 143 145 146 148 152 162 
164 165 168 170 174 175 182 186 188 190 191 195 
67
1 2 7 17 18 22 24 32 36 37 40 46 
48 56 61 63 71 72 75 77 78 83 84 87 
92 97 99 100 102 105 108 112 113 114 115 116 
117 123 124 126 130 135 141 142 148 150 151 154 
155 158 160 161 164 168 170 173 176 177 178 179 
191 192 194 195 197 198 200 
66
4 8 12 15 18 20 25 28 29 31 35 36 
37 47 50 52 58 60 62 64 66 72 74 76 
78 82 83 89 92 94 95 102 103 115 117 122 
129 130 132 135 137 140 145 151 152 154 155 158 
162 164 165 167 168 169 170 173 176 178 180 181 
183 186 187 192 194 200 
59
6 8 10 19 27 28 32 39 40 41 46 49 
52 53 60 63 68 73 76 77 78 80 81 82 
85 93 94 96 99 100 101 103 108 112 114 117 
121 123 125 128 132 134 137 138 142 147 150 151 
155 156 157 164 168 175 179 180 182 188 199 
54
2 5 9 33 37 38 40 47 49 51 52 53 
61 62 63 69 71 76 80 83 85 92 96 100 
101 108 110 113 115 119 120 121 128 129 130 133 
135 136 139 140 141 142 144 149 150 153 158 163 
170 171 174 176 192 193 
66
2 5 7 8 10 12 14 15 16 21 27 28 
31 33 39 44 47 48 50 61 63 64 65 66 
67 68 79 81 86 88 94 98 101 104 105 108 
111 112 113 118 124 129 131 134 135 136 138 139 
140 147 150 152 154 156 157 161 162 165 166 169 
172 173 179 181 190 199 
57
6 9 10 11 14 20 23 29 31 33 41 47 
48 50 53 58 62 63 66 69 70 72 73 81 
85 88 91 92 93 95 96 97 100 103 105 108 
110 114 116 121 125 132 145 146 148 149 150 151 
153 156 171 173 179 182 189 190 192 
50
2 3 5 7 21 25 27 32 39 40 45 46 
55 56 57 58 59 65 66 70 73 76 82 84 
87 88 98 100 116 118 119 121 126 129 138 141 
144 147 149 152 154 155 160 162 164 173 180 187 
190 191 
58
2 7 13 14 16 21 32 35 38 44 46 48 
52 57 58 60 61 62 64 67 72 73 78 79 
81 84 91 93 94 102 103 109 113 115 116 118 
119 121 129 136 138 142 146 152 153 156 162 163 
164 165 176 178 181 182 184 185 186 187 
73
8 9 10 13 16 19 24 29 31 34 35 37 
38 41 42 43 47 48 49 52 55 58 62 64 
65 66 69 71 72 73 75 78 81 84 91 96 
102 106 107 109 110 111 112 117 119 121 122 123 
124 128 133 138 139 141 142 143 145 147 151 153 
158 159 162 171 174 179 180 181 182 185 189 190 
195 
54
1 5 12 16 23 25 28 29 32 34 37 39 
45 47 49 50 54 58 60 61 69 76 79 84 
86 89 96 98 99 100 101 107 116 119 120 125 
132 137 145 159 164 166 175 176 178 180 185 186 
188 190 191 193 195 198 
64
3 4 6 12 13 15 19 40 42 44 45 46 
48 59 63 65 67 77 78 82 83 94 95 101 
104 108 109 110 114 116 118 123 125 126 127 132 
138 141 142 143 147 151 155 156 161 162 166 168 
170 174 175 176 177 181 182 183 187 188 193 195 
196 197 198 199 
51
1 2 17 24 26 27 30 31 34 35 36 38 
40 43 50 57 62 63 67 73 74 77 79 89 
90 91 92 95 100 108 109 115 120 124 126 129 
132 148 150 156 159 161 165 174 177 179 184 191 
194 197 199 
72
3 7 8 11 15 16 19 20 25 26 27 29 
30 35 38 39 40 42 44 48 50 53 60 62 
64 66 69 70 76 77 80 82 84 89 90 93 
94 96 98 104 108 111 113 117 119 129 135 136 
138 139 142 147 148 149 151 157 159 160 161 162 
164 167 169 176 178 180 184 187 190 192 196 197 
57
2 10 16 21 26 27 31 42 47 48 49 52 
54 59 63 76 77 83 88 92 95 97 98 104 
106 107 108 111 112 113 115 116 117 124 128 136 
141 142 143 144 148 155 157 160 162 164 165 167 
168 172 178 180 184 192 193 194 195 
65
1 4 8 9 10 11 13 14 20 24 25 27 
28 30 33 42 44 45 48 51 52 54 55 56 
59 62 64 65 66 67 69 70 77 80 86 92 
103 105 113 114 115 116 121 126 128 130 131 132 
133 136 140 148 149 150 162 163 165 171 182 183 
187 188 191 195 196 
70
1 6 10 12 19 22 29 33 35 36 37 38 
45 48 49 50 51 52 53 55 62 74 76 82 
83 84 86 87 89 90 95 97 108 109 117 118 
119 121 124 125 126 127 132 136 140 141 144 145 
147 148 154 155 159 161 167 169 170 173 175 176 
177 178 180 181 188 190 193 195 197 198 
65
1 2 3 4 7 11 17 34 35 40 42 43 
44 46 47 48 51 54 58 61 62 63 66 68 
70 76 83 86 91 93 94 96 97 100 108 109 
112 113 114 115 118 126 127 135 136 142 145 146 
151 153 156 163 169 170 174 175 176 179 180 181 
182 185 187 188 191 
70
1 2 3 4 5 8 9 17 21 22 23 24 
28 30 32 34 39 41 42 43 50 51 54 56 
57 58 62 64 67 70 75 76 77 83 84 89 
95 99 100 110 118 120 125 127 130 141 142 143 
147 148 152 159 161 165 169 170 173 174 175 177 
178 179 180 184 186 188 196 197 199 200 
57
7 9 17 28 29 30 34 54 55 60 62 63 
65 67 69 74 78 80 82 84 91 96 97 99 
100 114 118 124 126 128 130 131 139 140 142 143 
144 147 148 150 151 153 155 156 159 168 174 177 
178 180 182 183 192 195 196 198 199 
46
4 5 14 22 23 24 26 28 33 41 47 50 
57 58 60 63 65 73 74 79 84 85 88 89 
91 93 98 99 107 112 116 121 127 136 137 144 
150 151 156 161 166 168 179 180 186 192 
45
1 3 5 10 11 14 20 27 28 33 38 40 
41 45 52 55 60 65 68 72 73 76 88 90 
104 109 111 115 120 121 122 134 138 140 142 153 
157 167 168 176 186 187 188 189 200 
71
3 6 9 10 17 20 21 24 25 31 32 39 
41 43 44 48 50 53 55 59 60 61 62 64 
65 67 72 80 81 84 87 90 91 94 95 96 
97 100 107 108 118 119 124 125 132 135 138 140 
143 144 145 146 147 150 153 159 160 161 162 164 
168 170 174 184 191 192 193 194 195 197 199 
59
1 9 11 14 15 16 18 25 27 30 33 42 
43 44 45 48 52 54 57 61 63 70 71 82 
83 86 88 93 94 97 98 102 103 111 114 117 
120 122 123 135 137 140 149 154 155 159 161 163 
164 168 171 174 176 177 181 182 184 187 200 
65
3 6 8 10 11 17 25 26 29 34 35 38 
40 41 42 43 51 53 59 60 68 69 70 71 
73 83 84 85 87 91 92 97 103 106 108 109 
110 115 117 129 137 140 142 143 147 149 150 151 
152 155 158 163 165 168 169 171 178 179 180 183 
184 188 189 190 193 
44
4 18 20 23 24 28 31 46 49 52 66 71 
79 81 89 92 93 94 98 104 110 114 120 126 
136 144 148 156 161 164 165 168 172 175 177 179 
181 182 183 184 186 191 196 198 
62
3 4 6 15 19 21 22 25 27 36 38 41 
53 54 57 62 64 65 70 76 77 78 80 82 
83 87 90 92 103 104 105 107 111 120 127 131 
135 136 142 143 147 148 149 150 153 154 158 161 
171 172 173 174 176 178 179 182 183 188 189 191 
197 200 
72
1 9 11 14 15 16 18 20 23 24 26 28 
31 39 40 44 57 62 64 66 68 70 73 80 
83 86 90 92 97 106 110 114 115 119 123 124 
127 129 130 132 134 139 140 143 144 146 147 148 
151 152 155 156 158 159 160 161 164 166 167 168 
169 171 176 177 179 180 184 185 192 195 196 197 
61
3 7 14 15 17 18 21 22 29 38 39 46 
48 50 52 53 57 59 61 68 73 74 76 77 
81 87 93 102 104 111 112 116 120 124 125 126 
129 131 132 133 134 137 148 149 150 152 153 155 
157 160 169 170 172 173 183 185 188 190 192 196 
200 
56
2 4 7 14 21 23 31 32 35 37 38 39 
42 50 52 54 60 63 64 74 78 79 83 84 
93 97 98 101 102 103 104 106 114 121 126 127 
129 130 137 149 151 156 157 163 164 165 166 172 
178 182 184 189 190 195 196 198 
49
1 5 20 30 38 39 42 45 47 59 61 68 
71 72 73 78 82 86 88 98 103 106 117 119 
120 122 125 132 134 136 138 142 143 144 145 148 
156 163 165 174 181 186 188 190 191 192 193 197 
199 
70
4 8 10 14 21 28 33 34 37 38 40 41 
47 48 49 50 52 54 57 62 63 64 67 68 
75 80 81 85 87 89 90 92 93 100 105 108 
109 111 112 114 116 117 118 122 126 129 130 133 
134 138 141 146 147 148 149 150 152 153 154 155 
162 168 169 176 177 178 182 185 195 198 
71
1 9 11 14 17 22 23 25 32 34 35 37 
42 45 47 48 49 50 53 54 55 66 67 70 
71 72 81 87 91 94 95 97 98 103 109 110 
111 112 114 116 118 123 126 138 139 141 143 144 
146 150 151 153 157 158 160 161 162 163 165 166 
170 172 174 176 177 180 181 182 188 195 200 
44
1 9 12 15 26 29 32 37 39 42 43 47 
49 52 57 60 69 70 75 77 83 86 87 94 
97 100 108 109 121 122 132 148 150 153 161 164 
172 179 180 183 187 190 192 195 
60
3 8 12 15 16 18 22 23 28 31 34 39 
51 56 58 62 64 65 73 77 79 83 85 86 
91 94 103 117 119 120 121 122 123 125 126 128 
129 131 133 135 136 138 140 143 146 148 154 156 
158 163 170 171 173 182 183 187 188 189 196 199 
56
2 7 8 12 14 24 25 26 29 34 35 38 
41 43 46 49 52 55 56 57 58 59 63 65 
69 72 77 80 86 88 91 96 98 99 104 109 
121 129 130 140 145 148 150 151 161 167 170 171 
172 174 178 180 182 184 186 198 
58
2 4 15 16 21 22 27 34 35 39 42 45 
46 47 53 54 57 58 59 62 70 72 75 76 
78 80 81 83 91 105 108 111 115 118 122 137 
140 152 153 157 159 162 163 165 166 169 170 172 
173 179 190 192 193 195 196 198 199 200 
59
6 8 19 27 32 33 35 37 39 43 46 51 
63 65 72 73 74 76 78 80 86 88 89 92 
96 97 99 100 108 110 111 112 114 120 122 130 
133 134 137 138 140 144 145 156 158 161 162 163 
170 171 173 176 178 180 182 184 187 188 196 
64
3 5 6 7 9 12 13 15 16 17 18 25 
29 37 39 42 43 47 48 50 54 56 61 62 
66 67 68 74 76 90 93 96 98 100 108 109 
112 119 126 134 136 145 146 153 158 159 161 164 
165 166 168 169 171 174 176 182 184 187 189 190 
192 195 198 199 
66
3 6 11 12 13 15 17 18 19 30 32 35 
44 53 54 57 58 62 66 71 72 73 75 81 
82 86 90 95 98 100 101 102 103 105 108 110 
113 118 120 121 122 127 131 133 137 138 142 152 
154 161 162 167 168 172 174 176 177 178 181 185 
186 187 189 191 194 196 
62
3 4 5 14 15 18 21 22 27 29 35 36 
37 43 47 53 57 64 65 66 67 71 72 75 
77 78 80 88 89 92 96 100 101 104 105 108 
116 122 123 129 130 132 134 140 142 143 150 152 
153 155 156 157 161 162 165 167 171 177 179 185 
192 193 
73
2 3 4 6 7 10 11 13 17 18 19 27 
30 32 34 35 36 41 42 43 44 45 49 65 
67 69 70 79 82 85 87 89 91 96 97 98 
101 102 103 109 113 114 118 120 121 126 127 131 
132 134 140 143 146 150 153 159 168 171 174 178 
179 181 183 186 187 188 190 191 192 194 195 197 
200 
60
4 6 7 11 12 13 19 21 25 27 28 29 
30 34 35 36 38 39 40 42 46 51 54 57 
59 60 61 64 72 74 77 78 82 89 92 95 
102 108 113 119 123 124 130 132 142 147 164 169 
171 173 179 180 181 187 188 193 194 195 198 199 
60
3 4 7 13 19 24 26 36 37 38 40 42 
43 44 55 56 60 61 65 67 71 84 88 89 
95 98 102 103 112 113 117 119 121 122 125 126 
139 140 141 143 145 146 147 151 152 153 156 164 
165 177 179 181 183 187 188 189 190 191 192 197 
61
5 10 11 13 14 20 21 22 24 26 27 30 
31 32 33 38 39 40 43 51 53 55 56 59 
61 65 66 75 77 79 83 84 89 102 104 105 
116 118 121 124 128 129 132 134 135 142 143 146 
147 159 162 171 181 182 183 184 188 190 191 194 
195 
54
1 2 9 16 22 24 25 33 34 36 39 45 
46 51 54 56 58 60 62 64 73 76 79 83 
87 89 90 111 118 119 125 129 131 134 138 143 
147 148 153 156 159 161 162 172 179 184 185 186 
188 189 190 194 197 200 
54
2 4 9 15 16 19 20 26 30 33 37 38 
43 44 46 52 54 55 57 58 63 66 68 69 
70 71 73 75 91 95 96 97 100 112 114 120 
121 126 127 129 133 139 141 150 155 158 164 166 
167 173 176 181 183 184 
57
4 5 14 15 22 26 31 35 36 37 42 43 
45 51 58 60 62 64 72 79 82 86 87 89 
91 93 96 99 101 102 103 104 108 110 112 117 
119 127 133 136 138 143 147 152 153 154 159 163 
168 173 174 175 182 187 191 194 195 
56
1 3 14 15 16 27 29 38 39 46 57 59 
60 61 62 65 74 81 82 92 96 100 102 104 
106 110 113 114 116 118 121 128 131 134 137 139 
140 145 146 148 149 152 156 167 170 171 174 177 
182 186 187 192 195 198 199 200 
65
1 3 4 12 16 21 29 31 33 34 37 48 
51 52 55 58 64 67 68 79 92 95 97 98 
100 101 103 110 112 113 117 118 120 122 123 129 
131 132 135 137 138 140 141 142 143 145 146 147 
149 154 156 167 168 170 171 172 177 184 185 187 
192 194 195 197 198 
73
1 2 3 9 10 11 12 13 23 26 28 31 
34 35 37 40 46 48 49 51 58 63 65 70 
71 72 73 76 77 79 85 86 87 90 92 93 
97 102 103 105 110 113 115 122 125 126 127 131 
134 137 139 148 153 155 157 158 159 163 164 166 
171 173 177 178 180 182 183 186 187 189 190 192 
194 
66
3 4 5 6 8 11 15 17 22 26 36 39 
42 43 47 50 55 59 60 63 67 72 73 74 
76 82 85 86 89 97 101 105 106 108 110 111 
115 117 120 128 131 132 135 139 141 145 146 147 
150 156 159 160 161 164 168 176 177 179 182 184 
185 187 192 193 197 198 
64
2 5 6 12 13 18 20 23 28 29 30 36 
38 41 46 48 51 56 57 61 67 68 72 79 
87 89 90 95 99 104 110 111 112 115 116 117 
121 126 128 130 133 135 142 144 145 146 147 151 
160 162 164 165 166 171 173 174 177 183 185 189 
190 192 193 196 
56
1 17 19 21 23 24 30 35 38 44 56 57 
59 61 66 73 89 93 94 96 104 106 115 118 
121 127 130 132 133 134 135 136 138 144 146 149 
150 151 153 157 159 162 164 168 172 176 179 180 
188 189 190 192 196 198 199 200 
55
1 7 12 15 19 20 21 24 29 32 34 37 
38 45 49 50 53 58 60 71 76 80 81 85 
88 92 101 103 106 107 108 111 112 113 118 125 
132 136 137 138 141 142 144 145 148 150 151 159 
161 167 172 176 177 178 179 
63
2 6 9 12 17 19 20 23 27 30 34 41 
50 55 56 57 59 61 65 75 80 81 82 85 
86 87 92 93 99 100 101 108 109 111 120 121 
123 124 127 130 131 134 135 143 145 146 148 149 
153 157 158 159 162 163 164 166 168 175 181 186 
189 190 200 
59
1 6 7 12 14 17 18 19 27 35 38 41 
47 48 49 50 52 61 62 63 65 66 67 68 
71 74 79 83 89 91 97 98 101 106 113 114 
115 126 128 130 131 132 137 143 145 149 150 159 
160 168 176 179 181 182 186 188 194 198 200 
66
1 2 3 14 15 17 26 27 28 30 31 32 
36 40 43 45 48 49 51 57 61 71 72 76 
77 79 81 83 93 95 97 98 100 108 110 116 
119 122 126 128 136 138 140 142 144 145 148 151 
158 160 161 162 163 165 167 170 173 176 178 183 
184 185 186 188 189 194 
59
4 5 6 9 10 12 18 19 23 24 31 35 
36 37 42 45 48 49 55 57 59 60 62 66 
67 72 74 81 84 85 92 97 102 106 107 113 
114 116 120 134 135 140 143 145 152 154 155 157 
162 171 175 176 181 182 183 186 191 199 200 
60
1 4 6 9 18 24 26 28 29 30 35 37 
38 40 46 58 60 62 70 73 76 78 79 85 
92 97 99 100 104 106 111 116 117 118 120 123 
124 127 133 134 138 148 150 151 153 161 162 167 
172 175 181 183 184 188 191 193 195 196 197 200 
58
2 10 11 16 21 26 33 35 41 44 45 47 
49 50 52 54 58 63 65 72 74 78 80 83 
86 95 97 101 102 108 115 121 122 124 129 138 
141 147 148 151 152 155 156 158 166 172 175 177 
178 179 180 184 185 189 191 192 193 195 
70
6 7 10 11 14 15 16 22 24 25 28 29 
37 40 50 51 52 55 57 58 60 61 64 65 
66 67 69 70 72 77 79 83 85 87 91 93 
95 96 98 100 102 103 105 107 108 112 115 121 
123 128 131 135 140 143 144 152 153 158 164 169 
175 178 180 186 188 193 194 195 196 198 
62
6 7 9 10 11 15 16 21 23 29 30 32 
33 38 39 48 49 52 53 55 57 61 62 63 
64 65 66 67 78 80 81 84 85 89 92 95 
96 104 112 115 119 123 125 127 133 142 147 148 
149 150 152 153 155 157 160 164 165 169 185 191 
193 195 
65
1 2 5 7 9 10 17 27 28 31 38 41 
43 45 48 50 53 54 58 65 66 67 71 72 
73 76 78 85 89 94 96 98 99 102 103 108 
112 118 119 122 124 125 127 132 136 140 141 144 
148 149 156 163 168 173 175 176 178 179 191 192 
195 196 198 199 200 
61
6 8 12 15 17 20 22 25 27 30 32 47 
49 57 59 66 68 71 74 83 85 88 89 90 
91 93 94 99 100 102 110 111 117 118 119 120 
125 127 130 135 138 141 145 146 154 160 164 166 
172 173 174 179 182 184 185 189 190 193 195 199 
200 
67
2 9 12 13 21 22 23 26 31 33 40 42 
45 51 52 56 59 61 64 66 67 68 73 74 
75 76 79 81 85 86 94 101 103 104 110 114 
119 120 124 125 128 131 134 135 138 139 140 141 
143 146 148 150 153 154 159 165 166 167 168 172 
175 179 181 187 198 199 200 
54
8 16 19 21 22 23 29 30 34 42 45 49 
51 64 65 69 70 73 74 78 79 81 82 86 
107 110 113 114 115 117 121 122 125 127 131 134 
135 138 140 142 144 147 161 165 173 176 179 181 
185 188 189 191 192 193 
74
2 6 8 9 10 11 15 16 17 19 20 21 
26 32 38 42 46 49 50 54 57 58 59 60 
61 70 74 75 76 77 78 81 84 85 87 91 
93 95 96 99 102 103 108 110 112 116 139 141 
142 143 144 148 152 153 155 161 162 163 167 168 
170 171 172 173 178 180 183 184 189 191 193 194 
196 197 
59
2 4 5 10 12 13 15 16 17 19 23 25 
27 30 32 35 40 45 49 58 66 70 80 83 
86 88 90 91 93 96 97 99 100 101 108 111 
112 119 125 127 129 130 144 147 152 154 160 166 
167 168 169 173 175 178 182 188 189 191 195 
70
1 2 5 11 12 17 20 24 34 36 42 43 
44 48 50 52 53 54 58 65 66 69 71 73 
75 78 83 85 89 94 98 99 100 107 111 113 
116 118 122 124 126 128 131 135 136 138 140 141 
146 148 151 153 154 157 158 159 162 163 164 166 
167 172 176 183 187 190 193 194 199 200 
67
6 8 12 16 18 20 22 24 29 33 37 39 
40 44 48 55 58 59 64 65 71 75 79 82 
84 86 88 90 95 97 98 99 103 106 108 110 
112 114 116 119 121 122 123 124 125 128 132 135 
136 138 144 146 150 158 162 170 171 173 174 177 
180 182 185 190 191 197 198 
52
6 7 13 14 20 25 28 43 44 47 48 53 
54 63 64 71 72 74 86 89 92 93 94 99 
108 110 111 112 116 118 123 128 134 137 139 143 
147 149 151 168 173 177 178 186 189 193 194 195 
196 197 198 200 
56
4 10 12 13 14 16 19 24 25 31 32 39 
42 43 48 53 54 56 68 69 84 86 94 98 
103 104 106 107 110 111 120 125 129 133 139 144 
145 148 149 151 155 157 161 162 163 166 168 170 
178 186 187 195 196 197 198 199 
65
1 11 12 14 17 24 25 28 32 33 35 36 
37 38 39 40 42 46 48 49 50 52 53 56 
60 71 75 82 83 84 86 88 90 91 92 93 
94 97 99 105 119 120 123 129 132 133 143 144 
145 146 148 160 162 165 171 174 177 179 181 183 
185 188 191 192 193 
53
5 7 13 19 23 26 29 31 32 39 42 45 
50 51 52 54 58 62 65 69 71 72 74 77 
79 80 83 84 95 97 99 112 115 117 119 127 
144 146 147 149 155 156 158 159 160 166 167 169 
170 173 183 187 191 
60
1 4 12 16 17 18 23 26 27 28 31 34 
39 40 41 44 45 49 61 66 67 72 77 80 
81 84 86 87 90 103 105 106 107 120 125 127 
130 134 135 138 143 144 151 153 154 162 163 164 
169 172 173 182 183 186 187 188 190 191 195 196 
54
2 4 6 9 12 16 17 22 23 24 25 27 
30 35 39 40 43 46 48 51 52 57 62 67 
68 71 77 86 87 92 98 99 100 110 114 116 
120 121 123 126 139 140 144 159 164 166 169 172 
173 179 183 193 194 198 
59
2 8 9 10 12 13 16 17 22 23 26 43 
49 56 58 60 65 66 67 69 71 78 79 80 
82 84 91 100 106 110 114 115 127 132 133 134 
135 136 138 140 149 151 152 156 158 162 174 175 
177 180 181 182 185 186 189 190 193 198 200 
69
1 2 3 4 5 10 11 16 18 20 24 32 
35 41 43 48 59 63 65 67 71 72 73 74 
76 81 84 85 90 91 93 96 99 100 101 102 
103 106 108 109 114 119 120 122 123 128 129 130 
131 138 141 145 146 151 157 158 161 167 169 170 
171 178 179 182 184 187 188 197 200 
57
1 4 5 14 17 20 24 25 28 29 32 34 
37 42 54 58 62 63 64 65 74 78 79 80 
82 91 92 97 98 103 111 118 119 122 123 127 
130 134 137 139 148 150 151 153 154 161 169 170 
171 175 179 182 187 189 193 196 199 
65
7 10 12 14 16 20 21 24 30 31 32 33 
39 40 45 48 50 55 57 74 76 78 82 83 
84 87 90 91 92 94 97 102 103 105 107 108 
111 115 120 123 125 128 135 136 139 141 147 150 
151 155 156 167 168 170 172 174 177 178 180 184 
187 188 193 195 198 
56
1 8 9 21 25 29 35 38 42 49 50 52 
57 63 65 67 74 76 80 83 84 86 87 89 
90 91 98 100 103 114 115 129 130 132 134 138 
139 144 145 146 150 157 158 160 164 167 168 172 
177 178 183 190 193 197 198 200 
62
2 5 10 17 19 25 32 36 42 50 51 53 
54 57 59 64 68 69 71 75 82 89 92 94 
97 99 102 104 107 108 109 110 115 117 123 128 
130 131 133 135 137 138 139 142 144 148 151 152 
160 164 170 173 177 178 180 186 187 192 194 197 
199 200 
67
2 3 9 11 14 15 21 23 24 27 33 34 
37 41 52 62 66 67 70 74 78 79 80 81 
91 92 97 98 99 108 109 114 116 118 123 125 
126 127 130 131 132 134 135 136 137 138 140 141 
143 145 156 160 161 165 166 167 169 177 179 183 
186 188 190 192 196 197 199 
69
1 2 4 5 6 7 8 11 12 15 21 22 
23 24 25 30 32 35 36 37 38 42 46 50 
52 53 54 56 57 59 64 65 68 70 78 79 
83 84 85 90 93 97 109 112 113 114 121 131 
132 134 142 147 150 152 153 159 164 166 168 169 
170 172 183 188 189 192 195 198 199 
61
2 9 10 12 14 21 23 28 32 34 35 36 
37 41 43 45 47 50 51 55 58 59 65 66 
67 77 79 82 84 88 92 93 94 96 98 99 
104 108 110 112 114 116 126 128 129 133 134 138 
143 145 148 150 151 166 170 171 172 178 180 189 
194 
68
3 6 9 14 20 25 30 35 39 40 41 44 
51 52 53 55 57 58 60 61 68 69 70 71 
73 77 80 83 86 88 92 96 98 106 107 110 
111 112 113 114 117 119 121 123 125 129 134 139 
142 144 149 153 155 157 158 160 172 178 179 180 
184 185 187 191 192 197 199 200 
63
4 7 9 13 17 18 20 29 30 33 41 42 
43 48 53 57 58 59 63 65 68 73 74 76 
77 80 82 83 84 87 90 94 100 103 107 114 
115 116 118 119 121 126 131 132 133 143 147 148 
149 151 152 161 162 165 166 167 172 178 179 186 
192 193 195 
58
2 4 6 7 14 20 22 24 25 27 30 34 
35 38 48 53 55 60 71 79 80 81 82 88 
92 94 97 98 103 104 106 114 116 117 121 131 
133 137 138 147 152 160 161 164 171 172 175 176 
180 184 187 189 190 191 195 196 197 200 
61
5 6 7 9 10 21 28 32 35 38 41 42 
47 48 50 52 57 61 65 67 71 72 73 75 
78 79 81 85 86 93 103 104 105 116 123 125 
129 133 135 137 138 139 141 142 144 146 151 153 
158 161 167 168 174 179 180 182 184 191 193 195 
200 
67
1 2 5 11 12 16 18 20 21 23 28 30 
31 33 37 43 45 52 54 59 60 63 64 68 
71 74 77 79 84 87 90 91 93 96 99 100 
103 104 105 106 107 108 111 113 114 117 124 125 
129 130 133 141 143 145 146 148 151 155 162 163 
172 173 175 179 184 186 194 
60
6 7 8 10 11 13 14 15 18 20 26 29 
32 35 36 37 38 48 50 51 57 58 60 61 
66 72 73 75 76 77 79 80 84 88 94 100 
103 108 111 115 116 120 123 126 140 144 145 147 
156 159 161 166 167 169 170 172 173 174 182 200 
64
14 15 19 23 24 30 35 36 39 40 43 44 
49 50 55 57 60 64 65 66 67 69 72 77 
78 80 81 83 85 88 94 99 101 102 108 112 
116 117 121 126 129 133 135 136 139 143 144 148 
153 154 156 163 170 172 173 175 184 186 188 191 
192 195 196 197 
57
1 2 5 8 11 14 16 21 22 24 25 26 
30 36 37 39 43 47 48 49 51 55 56 60 
62 63 64 72 78 82 85 95 97 98 106 113 
115 118 122 130 139 144 147 148 152 153 154 163 
168 171 175 176 177 179 181 182 199 
49
11 15 18 23 36 37 42 44 47 51 53 55 
56 59 63 64 79 84 88 94 98 106 112 114 
116 122 125 128 136 141 145 146 150 152 153 155 
160 166 172 176 178 179 180 181 183 185 191 198 
200 
47
2 5 8 13 14 15 17 18 19 24 25 31 
35 37 41 43 46 59 68 70 80 88 99 100 
112 113 118 121 122 123 125 131 141 142 147 148 
149 153 155 164 168 173 175 179 180 190 192 
58
1 14 17 22 27 28 33 44 47 51 52 54 
57 58 72 75 78 80 81 83 90 92 94 97 
98 99 100 103 104 105 106 110 114 116 119 126 
129 138 139 141 143 144 148 151 158 162 163 166 
170 171 173 176 182 183 186 191 194 197 
69
3 4 8 11 14 19 23 25 29 32 34 36 
41 45 46 48 55 59 60 62 68 70 74 75 
77 80 81 82 83 85 87 91 92 95 96 100 
105 106 107 109 110 114 119 121 125 126 127 135 
141 147 149 152 162 165 167 171 173 175 177 179 
180 182 185 187 188 189 190 198 200 
74
3 6 9 16 19 20 21 22 23 24 26 27 
28 30 31 34 36 37 45 49 50 53 54 55 
57 63 65 66 67 72 73 76 77 78 80 82 
90 92 93 99 100 102 103 104 109 112 117 118 
119 120 127 136 141 142 144 150 152 153 154 168 
172 173 178 179 180 182 186 190 192 195 196 197 
199 200 
68
9 15 16 17 21 26 27 30 32 34 35 36 
40 45 47 49 51 52 53 55 58 70 76 77 
78 80 83 86 88 89 92 93 96 99 103 104 
105 109 112 113 116 118 123 128 131 135 137 139 
144 149 151 153 155 156 157 159 164 170 171 176 
178 179 180 187 193 194 195 197 
59
3 4 6 8 14 17 19 20 24 26 32 36 
38 40 45 51 52 54 56 57 65 67 69 70 
74 75 85 89 91 94 97 105 110 120 125 127 
132 133 137 141 142 143 148 151 156 157 158 169 
180 185 186 187 188 190 191 192 195 196 200 
52
3 4 7 8 9 10 12 13 26 31 33 36 
41 42 47 52 56 62 65 66 67 68 72 81 
82 87 90 92 98 100 102 106 109 113 116 119 
121 131 134 135 136 137 139 140 141 142 143 165 
188 192 197 199 
57
7 8 13 17 25 27 38 40 48 49 52 55 
59 60 64 65 67 68 74 77 84 86 89 91 
94 101 103 104 105 106 112 123 126 129 130 134 
141 143 146 148 150 153 156 157 158 160 161 165 
167 175 177 184 185 189 193 194 198 
58
2 6 8 9 11 13 14 21 22 25 26 27 
28 29 36 38 39 41 48 49 51 53 54 58 
66 67 68 71 74 76 82 95 97 98 105 109 
111 113 115 117 121 133 135 137 140 141 142 152 
153 166 168 180 181 184 189 194 198 200 
60
1 2 3 13 17 20 22 26 27 28 34 38 
45 49 51 61 63 69 71 74 76 77 78 80 
81 83 85 88 89 93 99 101 103 104 112 113 
120 121 122 124 136 137 138 139 140 141 145 154 
159 160 161 162 164 169 175 176 179 194 199 200 
52
16 20 22 28 29 30 32 36 41 45 46 50 
56 57 58 64 65 75 84 85 92 93 97 98 
100 105 106 109 110 112 117 120 122 134 150 164 
167 168 169 170 173 176 180 181 184 186 187 189 
191 195 196 198 
52
2 7 9 10 14 20 25 27 38 39 41 42 
43 45 48 53 65 69 71 78 79 83 86 92 
102 105 107 118 119 121 123 131 134 143 147 152 
158 159 163 164 169 170 174 180 182 183 191 193 
195 196 197 199 
44
7 8 11 15 20 22 24 26 37 43 44 51 
62 65 70 73 74 77 80 82 84 93 98 105 
106 116 118 128 134 138 141 147 151 152 163 167 
168 169 178 185 186 188 196 199 
42
10 14 18 35 45 48 56 60 64 68 69 70 
72 77 86 98 99 101 102 104 119 123 124 128 
134 136 138 148 149 155 156 160 164 165 167 168 
177 180 183 184 195 197 
71
1 4 6 8 12 13 14 17 22 23 30 31 
35 41 58 62 65 68 70 72 73 74 75 78 
79 82 83 86 90 91 95 101 102 104 105 108 
113 115 116 118 119 120 121 139 140 141 145 147 
150 153 155 157 158 160 164 166 167 168 170 171 
174 175 178 180 182 188 190 193 197 198 200 
51
19 24 25 28 30 36 38 43 50 52 54 68 
72 76 80 81 83 90 92 99 100 101 103 109 
111 112 116 122 124 125 133 134 138 142 150 152 
155 158 160 161 166 167 173 175 179 187 188 189 
191 193 196 
52
3 4 6 10 18 22 23 29 32 36 48 51 
54 56 61 64 65 67 75 78 80 83 90 93 
107 110 112 113 114 121 124 129 131 133 135 136 
139 140 142 143 146 151 152 154 164 166 169 174 
177 183 185 192 
75
12 13 16 18 19 23 26 27 29 31 33 34 
36 41 42 44 46 47 49 50 55 56 62 63 
65 66 69 71 73 77 85 88 89 91 93 94 
109 113 114 117 118 122 124 126 128 131 132 135 
137 141 143 145 148 149 151 152 154 160 164 165 
167 168 170 172 174 177 179 180 186 187 190 194 
195 197 199 
56
3 4 7 9 11 15 23 25 27 28 30 40 
41 42 47 50 57 58 59 60 62 63 72 75 
77 81 82 86 91 94 97 99 101 109 110 111 
122 128 129 133 137 145 152 156 160 165 171 172 
176 187 190 192 193 196 199 200 
67
1 2 7 11 13 23 24 29 34 37 38 39 
44 49 51 56 57 60 63 64 67 69 73 74 
75 82 84 88 89 91 93 94 96 103 104 109 
112 117 118 119 120 121 124 126 132 133 134 139 
140 145 148 152 155 157 160 164 166 168 175 176 
179 184 187 191 193 195 199 
49
2 4 10 19 23 27 28 33 34 35 38 39 
43 47 49 55 58 61 67 69 79 82 90 92 
94 101 107 110 111 112 126 128 130 131 135 136 
143 147 152 157 165 174 175 178 188 191 194 197 
198 
60
1 6 9 14 17 22 23 24 26 32 34 35 
41 48 52 53 54 60 63 64 67 69 74 85 
90 92 93 95 96 101 105 111 113 114 120 121 
122 123 126 127 128 131 133 134 135 136 138 145 
149 160 166 168 172 173 180 182 185 189 193 198 
58
5 9 12 13 14 15 18 23 24 29 30 32 
33 35 36 37 43 45 46 47 49 53 55 58 
61 62 69 78 80 83 86 87 90 108 109 118 
119 124 125 128 133 135 143 144 149 152 154 155 
159 174 175 185 186 188 190 195 196 200 
61
3 9 11 13 17 19 25 26 29 31 33 35 
36 50 52 58 59 60 65 75 78 83 84 90 
91 92 95 97 101 102 104 116 119 124 125 127 
129 131 133 136 143 146 147 149 152 156 160 166 
167 171 173 174 176 179 180 184 186 187 190 191 
194 
54
1 6 10 12 18 22 25 27 30 34 38 45 
53 55 56 58 60 64 66 67 68 70 71 83 
84 90 101 108 114 116 124 125 126 128 134 135 
141 143 147 149 152 155 156 158 160 161 162 166 
176 181 183 187 193 199 
60
6 9 11 12 13 16 18 25 31 35 37 44 
45 46 47 50 53 58 64 66 69 73 74 76 
83 88 96 98 104 109 113 116 120 121 130 131 
132 133 137 141 142 143 145 151 156 160 163 164 
165 168 172 173 185 187 190 191 192 194 197 199 
58
6 10 21 24 25 34 40 44 47 49 54 56 
65 67 77 78 79 84 86 89 93 94 96 97 
105 107 110 114 115 117 126 127 130 132 139 143 
144 147 150 155 156 159 160 161 163 164 165 169 
174 176 179 182 188 191 193 195 197 199 
62
17 20 22 25 27 28 31 36 39 40 42 44 
51 52 53 54 55 60 63 64 66 69 70 71 
82 83 87 93 96 97 98 101 103 105 109 117 
125 128 129 132 136 138 139 143 146 148 150 155 
160 161 162 163 175 177 180 182 183 186 189 193 
196 200 
49
1 5 10 13 16 18 19 21 23 25 26 29 
32 37 38 41 44 46 51 52 59 61 69 70 
74 79 86 91 95 100 107 109 111 117 136 137 
138 141 142 143 162 163 166 172 178 187 191 194 
197 
60
2 4 7 12 19 22 25 29 31 34 35 36 
39 40 44 45 46 47 52 57 59 61 67 68 
71 74 75 81 82 91 92 97 99 100 105 106 
107 110 114 116 122 123 125 127 130 136 140 146 
148 157 160 167 168 169 175 181 188 191 196 198 
68
1 4 5 6 7 8 15 16 21 24 25 32 
34 36 38 39 40 41 47 49 50 54 55 56 
57 60 62 67 68 69 72 74 83 84 85 88 
89 90 98 99 100 104 105 109 111 116 117 118 
119 127 131 135 139 146 150 157 160 162 164 170 
171 172 174 179 184 192 197 199 
60
4 5 9 15 16 17 21 23 26 31 38 40 
43 46 48 50 55 59 65 67 70 74 76 81 
84 86 88 89 90 95 98 105 111 115 116 117 
119 128 129 130 131 135 140 141 151 152 154 156 
157 166 167 168 171 182 183 184 190 192 197 200 
56
6 7 8 12 13 18 20 24 26 27 36 39 
40 41 47 49 50 51 57 67 69 70 73 80 
82 83 84 90 92 96 98 105 107 112 116 117 
121 132 134 137 145 152 153 158 159 161 162 166 
168 176 178 181 185 193 194 198 
61
1 2 3 5 9 11 26 27 31 34 36 37 
39 42 43 46 47 50 54 64 70 72 76 78 
80 81 85 87 95 97 99 101 103 108 112 113 
119 125 126 127 132 135 137 141 142 144 145 146 
148 159 166 169 182 184 185 188 190 191 196 197 
198 
54
9 11 12 23 30 31 32 34 35 48 49 50 
56 58 59 62 64 65 66 70 73 74 80 84 
88 89 94 95 96 98 99 102 103 109 110 114 
118 120 124 125 138 141 144 148 151 154 169 173 
174 175 184 189 192 193 
64
4 5 6 14 15 16 19 21 23 25 27 31 
34 42 45 49 52 57 66 69 76 77 85 89 
91 92 95 98 99 102 106 109 110 116 126 132 
138 140 142 146 150 154 155 156 159 160 161 163 
164 167 168 169 170 174 175 178 179 180 184 186 
190 192 194 196 
56
14 23 26 28 30 31 38 39 42 45 48 52 
53 54 55 58 61 63 72 73 81 84 96 98 
109 111 112 114 122 123 125 127 137 138 142 146 
152 153 155 157 161 165 166 167 169 173 174 177 
179 185 186 188 191 194 198 199 
64
2 3 7 8 9 11 12 13 18 32 35 37 
41 42 46 47 48 53 58 59 61 62 67 68 
71 73 74 80 84 86 87 90 92 93 94 96 
100 101 105 108 110 111 116 119 121 122 131 132 
137 139 141 143 146 147 152 154 160 164 168 176 
185 186 190 191 
57
1 4 7 12 17 21 22 25 30 32 39 42 
43 44 62 63 64 68 70 73 78 84 98 100 
107 108 116 117 119 121 128 129 131 136 138 142 
143 144 153 154 155 156 159 160 163 165 167 168 
170 171 176 177 180 188 193 196 199 
61
6 9 10 11 13 17 18 24 32 35 37 42 
47 48 54 58 60 64 65 66 70 76 83 85 
86 90 91 94 99 101 106 109 110 113 115 119 
122 133 134 137 140 141 143 144 152 156 159 164 
166 169 172 175 177 180 181 183 189 190 193 195 
198 
59
1 2 4 5 6 11 13 16 17 25 27 30 
33 35 36 41 47 48 49 51 53 58 59 71 
72 73 74 79 80 87 95 105 106 109 111 113 
122 132 136 138 139 143 144 146 147 148 152 154 
165 172 175 177 182 184 188 189 192 193 195 
67
6 8 9 15 18 19 25 27 29 31 32 35 
36 41 42 46 47 48 49 51 52 55 62 63 
67 68 70 89 91 92 93 95 101 108 109 112 
113 120 126 127 129 131 132 140 142 143 148 149 
151 152 155 158 159 161 166 171 174 175 176 179 
181 186 187 188 189 195 200 
68
1 3 5 6 12 15 23 24 26 35 37 38 
42 43 54 56 57 59 60 61 64 70 75 77 
80 81 89 90 92 97 98 99 101 102 104 108 
111 113 117 118 120 123 126 127 128 131 132 134 
146 147 148 149 154 155 161 163 168 169 172 178 
182 183 185 189 192 195 199 200 
67
2 3 7 12 14 15 17 22 23 25 27 33 
34 36 40 43 44 47 51 52 56 59 63 64 
67 75 77 79 80 89 92 94 95 96 100 102 
104 106 108 110 114 116 121 123 124 125 128 135 
139 140 144 145 149 154 163 170 173 175 177 183 
185 186 188 190 194 198 200 
58
2 3 7 8 11 13 15 16 33 36 38 41 
43 48 54 57 60 61 62 67 75 79 83 86 
90 97 98 99 104 105 107 108 109 111 112 113 
115 117 123 124 126 130 135 146 150 152 153 161 
166 170 172 173 175 181 186 187 189 191 
56
2 3 4 5 7 9 15 17 20 24 25 32 
40 46 54 55 59 61 67 69 75 84 93 96 
100 103 105 118 120 121 125 126 129 132 133 137 
139 140 149 150 155 156 157 159 166 172 173 177 
178 182 187 190 192 195 198 200 
55
1 5 18 22 23 24 25 28 29 30 31 33 
45 47 50 52 56 60 62 63 64 69 77 78 
86 88 89 90 91 95 100 105 109 112 113 119 
120 127 133 135 139 143 150 155 159 160 163 164 
168 180 182 193 195 196 198 
61
3 5 6 7 8 14 17 18 21 23 24 25 
31 35 39 44 56 57 58 60 63 65 70 71 
77 78 85 86 87 95 103 104 115 116 122 123 
124 126 130 132 133 141 142 151 154 156 157 158 
160 162 163 164 165 167 173 179 186 190 192 197 
199 
62
2 5 6 7 9 10 12 13 15 17 18 19 
20 21 22 25 26 29 32 35 37 41 43 46 
48 50 58 68 70 72 73 79 81 83 84 88 
92 103 109 110 112 123 133 134 139 142 152 158 
161 166 167 170 171 173 174 175 179 185 191 192 
196 197 
68
5 6 9 12 17 19 22 25 27 28 30 31 
34 35 37 39 40 43 47 51 53 54 56 58 
60 64 65 67 68 70 73 76 78 86 90 91 
93 95 98 100 106 113 117 118 120 122 123 124 
130 132 133 135 136 145 149 150 155 166 171 179 
183 185 186 190 194 195 197 198 
61
3 7 9 12 13 14 17 18 19 24 26 28 
42 48 53 56 58 61 62 64 65 67 69 76 
78 80 81 84 87 90 95 98 99 103 107 109 
111 116 120 121 122 127 130 135 136 137 140 143 
154 155 156 161 169 173 181 182 184 186 191 193 
194 
52
1 2 14 18 22 31 33 39 42 47 55 58 
60 61 65 66 71 72 78 80 81 90 95 97 
99 102 103 110 117 118 122 130 135 137 138 139 
141 142 149 152 153 154 168 175 176 180 187 188 
190 191 194 200 
56
2 3 4 8 12 13 17 19 23 24 29 30 
31 34 37 40 51 55 56 57 59 61 64 71 
79 82 86 89 91 101 103 106 109 113 119 120 
128 129 130 131 137 152 153 155 158 160 162 166 
173 180 181 183 189 191 193 196 
64
3 8 12 13 23 32 33 34 37 40 43 45 
48 49 53 61 62 66 67 72 73 80 84 86 
90 91 92 97 103 106 107 115 116 118 119 121 
122 126 131 135 136 141 142 148 150 151 153 154 
156 158 159 163 169 172 184 187 188 190 191 193 
195 196 198 200 
74
2 4 10 11 14 20 21 24 32 33 40 43 
47 52 54 61 63 66 69 71 72 75 76 79 
84 85 86 88 89 93 95 96 100 103 104 109 
111 112 113 114 117 123 126 129 133 136 138 142 
143 144 145 146 147 148 153 155 156 157 158 161 
162 171 172 173 174 177 178 180 181 188 190 192 
193 198 
57
4 5 8 15 27 30 33 34 36 38 43 49 
53 54 57 58 62 65 68 69 76 77 82 84 
85 86 90 101 103 104 109 111 112 113 119 129 
130 136 140 151 157 158 162 165 169 170 176 177 
180 189 191 194 195 197 198 199 200 
52
1 5 10 13 14 24 26 27 34 35 36 40 
41 44 45 51 53 55 66 72 78 85 92 97 
101 103 113 120 124 125 127 128 130 131 141 148 
153 154 160 168 169 172 173 177 178 185 186 187 
190 191 192 200 
49
2 3 8 9 10 15 19 25 27 29 32 33 
42 45 46 47 57 66 70 80 84 86 93 102 
107 110 111 114 117 119 120 124 125 129 135 141 
143 153 165 167 174 177 178 180 182 183 186 190 
197 
61
1 2 8 9 19 24 26 31 32 38 39 46 
48 49 50 51 53 54 58 61 62 64 67 70 
71 73 78 89 90 93 95 98 100 107 110 111 
113 114 121 123 124 125 129 130 140 143 155 158 
159 160 168 169 174 178 179 181 185 186 188 196 
198 
63
2 3 6 12 16 17 22 23 28 29 32 39 
40 42 45 46 47 56 60 61 69 72 74 75 
78 79 80 83 85 87 91 94 96 104 106 108 
114 116 118 119 122 126 127 128 131 137 139 141 
145 148 151 161 163 164 168 179 182 185 186 191 
192 193 197 
55
4 6 8 12 22 24 30 33 35 43 45 56 
61 63 65 67 68 69 70 71 72 77 81 87 
90 92 93 96 97 99 105 106 107 114 117 124 
129 133 137 139 140 143 144 146 147 152 154 164 
169 174 181 189 195 197 199 
69
3 5 7 8 10 16 21 26 28 29 31 35 
37 38 43 45 48 50 51 52 54 57 60 61 
63 77 80 82 84 89 91 95 98 100 102 107 
110 114 118 120 123 126 127 129 132 133 136 137 
140 142 144 145 149 151 157 162 163 164 169 170 
172 174 179 181 182 183 184 190 200 
58
2 5 12 13 17 18 22 26 27 29 32 43 
46 47 55 60 64 72 76 78 84 85 87 89 
91 96 97 100 104 105 106 107 110 111 112 115 
117 126 130 132 134 135 137 139 144 147 148 149 
152 162 168 169 171 174 178 186 193 197 
54
3 6 8 9 10 11 13 24 34 35 43 44 
45 46 48 55 56 63 64 65 68 71 79 83 
87 95 96 98 102 103 105 110 116 125 127 131 
133 136 138 146 151 152 154 163 166 167 168 172 
175 180 183 191 196 198 
63
1 2 5 7 8 12 14 17 20 26 28 32 
39 40 41 42 43 49 51 52 62 69 70 71 
81 82 84 85 92 96 97 100 101 105 110 112 
114 115 116 125 130 135 138 140 143 146 148 155 
158 159 164 165 168 174 177 178 179 188 190 192 
193 194 198 
62
2 3 4 6 7 8 10 11 20 21 28 29 
30 33 34 38 45 46 48 50 57 63 64 65 
66 67 68 70 77 80 83 94 95 105 107 108 
110 111 114 115 122 126 139 148 158 160 162 163 
165 169 170 171 172 175 178 179 181 182 183 192 
195 199 
54
2 5 12 17 19 28 33 34 39 44 47 48 
51 54 55 57 61 64 70 73 74 76 79 80 
81 85 87 97 98 99 101 102 110 113 128 131 
132 138 139 150 154 155 156 165 168 169 172 173 
176 178 179 188 189 197 
59
1 9 10 11 14 19 20 21 23 35 39 40 
46 47 51 54 55 56 62 66 72 77 78 80 
84 90 91 95 96 97 102 104 114 116 119 122 
127 130 132 134 137 140 141 142 155 161 164 167 
169 171 176 186 187 189 190 194 195 197 198 
64
2 11 14 15 20 22 26 27 29 30 34 37 
39 40 41 45 49 51 54 55 56 57 59 60 
63 70 71 72 81 82 83 85 86 93 94 99 
103 104 105 107 108 109 114 120 122 123 125 126 
129 130 131 141 142 148 149 152 154 168 171 173 
174 185 186 197 
70
5 6 7 8 9 13 14 15 16 18 19 20 
21 22 30 31 32 40 49 54 59 60 62 63 
67 70 71 76 78 84 87 88 90 93 95 98 
103 105 114 117 126 129 133 137 139 141 144 146 
149 152 153 156 157 162 163 168 169 170 171 173 
174 180 181 182 185 186 187 190 193 200 
59
2 5 8 27 29 30 32 34 38 44 46 50 
54 57 58 59 62 64 72 74 76 79 81 90 
91 95 98 99 106 108 118 120 123 126 127 128 
131 132 134 143 149 153 155 156 159 162 167 170 
171 174 178 179 182 189 191 192 196 198 200 
60
8 11 13 15 16 17 19 20 23 29 30 31 
32 35 40 42 46 47 48 52 55 56 58 64 
68 70 75 76 79 89 93 94 95 98 99 100 
104 114 116 119 121 123 125 134 137 138 142 143 
160 167 172 175 176 177 183 189 197 198 199 200 
69
1 4 6 7 9 11 18 19 26 28 29 31 
32 34 35 38 42 45 46 47 48 52 54 57 
61 66 68 72 73 74 82 83 85 94 101 102 
103 104 106 108 110 112 113 114 122 124 135 137 
140 145 149 150 151 153 157 158 159 165 168 176 
179 182 185 186 188 190 191 197 198 
69
3 4 5 8 9 23 26 27 31 33 34 41 
42 51 52 55 56 59 60 61 63 65 67 69 
74 76 77 80 81 84 88 90 91 93 96 97 
98 106 107 109 113 115 116 117 118 120 122 128 
132 135 137 138 140 141 150 151 152 155 157 169 
178 185 186 190 192 195 196 197 198 
65
2 4 7 10 11 14 15 16 25 33 34 37 
38 39 43 45 47 48 49 52 54 55 56 57 
59 62 65 66 73 75 77 80 81 91 92 97 
103 107 115 117 118 122 125 128 129 131 133 134 
141 144 149 158 162 163 167 168 170 172 174 177 
178 181 187 188 199 
63
3 4 8 9 12 15 16 17 19 21 23 25 
27 28 38 40 43 48 51 55 56 59 61 66 
67 70 73 75 80 85 88 90 91 94 106 110 
111 116 117 119 120 122 123 128 129 130 131 132 
136 143 147 151 157 158 159 160 164 165 168 171 
176 182 197 
53
4 8 13 21 23 24 25 26 28 30 31 32 
33 34 38 40 48 50 53 58 63 67 73 74 
76 78 83 89 94 104 109 112 117 118 123 131 
135 140 141 146 148 150 157 167 168 177 178 187 
190 192 193 195 200 
56
1 3 10 18 24 27 28 33 35 38 46 52 
55 56 57 59 60 69 71 72 80 81 82 87 
91 93 95 99 100 101 102 105 107 108 113 121 
122 123 126 130 131 132 133 141 152 156 167 174 
177 179 182 183 184 185 191 192 
62
5 13 15 20 21 26 28 31 32 34 42 44 
47 49 53 57 59 63 71 74 77 81 83 86 
90 97 100 103 106 110 111 113 118 122 124 128 
129 132 135 138 140 145 147 149 151 152 154 159 
162 164 166 170 177 178 179 183 186 187 191 193 
195 199 
71
6 7 9 11 15 17 24 27 30 35 36 38 
39 40 50 51 62 64 67 69 70 73 81 82 
86 88 93 96 99 100 107 108 120 121 126 127 
128 130 131 132 135 136 137 139 140 143 144 146 
148 153 154 155 157 158 160 162 164 167 169 171 
174 177 178 179 187 188 189 192 194 196 197 
67
2 3 7 8 15 17 19 20 22 23 39 46 
47 49 50 51 52 53 57 59 60 62 73 81 
84 87 88 89 91 92 93 97 98 100 101 104 
107 113 115 117 118 122 133 134 135 136 137 138 
145 149 156 157 158 165 166 167 171 175 176 179 
183 186 190 192 193 194 198 
65
6 10 13 15 18 20 23 26 29 32 34 37 
44 47 50 53 61 64 66 67 69 73 74 75 
76 78 80 84 85 89 93 95 96 97 98 103 
119 122 126 131 134 135 139 141 142 148 150 151 
156 159 161 163 164 165 167 168 170 173 175 177 
178 190 195 196 197 
61
1 3 4 10 11 14 16 19 23 26 34 38 
40 46 47 48 50 51 55 56 57 59 65 74 
76 89 90 92 95 98 103 106 108 112 113 117 
119 121 123 124 125 128 131 136 137 140 141 144 
157 159 161 162 165 166 167 171 173 175 178 179 
200 
66
2 6 14 17 18 25 26 27 31 39 43 44 
50 51 52 57 62 63 64 66 69 72 73 78 
82 83 84 85 91 95 99 102 107 108 110 111 
113 114 115 116 117 121 124 126 127 128 133 134 
135 140 142 143 144 145 148 150 155 159 162 167 
170 174 177 182 184 186 
46
1 3 5 12 14 15 16 28 30 39 40 46 
47 51 53 58 62 71 72 76 85 87 94 100 
101 103 104 122 127 128 140 145 146 147 150 151 
154 156 167 170 171 174 175 184 186 200 
44
7 12 14 16 22 23 24 44 45 47 49 53 
54 56 65 68 70 77 79 80 81 97 101 104 
115 116 120 127 134 135 136 137 138 140 144 145 
146 159 164 171 175 179 183 192 
45
6 7 19 20 31 33 39 41 44 46 47 54 
60 61 64 70 73 79 80 87 88 89 92 96 
98 101 105 106 107 111 127 129 130 141 150 151 
157 159 161 163 173 177 189 193 198 
64
3 6 7 10 15 16 18 20 27 28 32 33 
34 40 48 50 53 54 56 57 59 60 65 70 
74 78 83 86 92 95 97 99 100 102 103 108 
112 114 118 120 122 123 124 129 132 133 138 141 
144 145 151 157 159 160 164 165 166 169 170 180 
182 189 195 197 
66
1 3 5 8 15 18 21 29 30 31 34 39 
40 42 46 47 50 51 59 60 64 68 71 78 
80 82 84 88 94 95 96 97 98 99 101 103 
105 107 110 112 116 119 122 124 128 135 144 145 
153 154 160 165 166 169 171 173 175 177 178 188 
189 190 193 196 197 199 
59
2 4 6 8 9 10 19 21 23 32 36 37 
43 45 52 54 58 61 64 68 69 70 71 74 
76 81 82 89 91 92 93 95 97 99 100 103 
111 114 117 118 119 128 134 137 138 139 143 146 
147 151 154 155 157 162 173 177 181 186 191 
63
11 15 16 21 23 24 26 28 36 38 39 41 
42 44 46 48 49 51 52 59 61 62 64 66 
69 74 78 80 81 85 87 94 101 102 104 105 
107 109 112 120 121 123 136 137 139 141 148 151 
152 154 156 157 163 165 175 177 184 185 190 193 
198 199 200 
66
5 7 10 11 15 17 18 23 28 32 34 36 
38 39 41 48 49 51 56 61 65 78 79 87 
90 91 92 94 96 98 100 106 107 109 114 115 
116 128 129 130 131 132 133 135 136 142 147 151 
152 154 163 165 166 171 174 175 179 180 182 183 
188 191 192 194 195 200 
63
1 5 9 12 16 17 18 19 23 26 34 38 
39 43 45 58 59 60 62 67 68 70 76 78 
80 81 82 86 87 96 98 101 105 106 111 112 
114 115 117 119 121 126 130 134 143 144 147 150 
154 156 159 161 163 167 173 174 177 179 183 186 
196 197 198 
71
1 2 12 16 18 20 23 30 35 38 48 50 
51 53 55 56 62 65 68 69 70 71 73 74 
75 79 80 83 85 87 88 89 91 95 100 103 
111 112 117 118 131 132 136 137 143 145 147 148 
149 150 153 156 157 158 159 161 162 165 168 175 
177 179 183 185 188 189 193 194 196 198 200 
62
3 11 14 16 19 21 28 32 34 36 37 40 
45 46 54 56 62 66 67 69 72 75 78 79 
86 90 91 99 103 106 108 112 113 115 117 127 
128 129 130 132 133 134 135 139 143 145 149 153 
162 167 171 174 175 177 179 180 181 185 186 190 
195 197 
72
3 4 8 9 10 14 17 19 20 25 30 31 
32 40 43 45 46 48 49 50 52 53 55 56 
58 61 64 65 72 74 78 79 80 83 84 86 
88 94 96 99 102 104 108 114 115 117 119 123 
124 131 133 138 139 141 142 150 152 153 156 159 
164 174 176 177 183 184 185 186 189 195 198 200 
41
4 8 9 16 18 22 30 35 46 50 51 65 
70 74 75 76 78 82 87 91 92 102 105 128 
135 144 145 152 153 155 156 161 166 168 169 170 
180 185 190 196 200 
50
1 3 7 8 14 18 19 25 27 28 33 37 
38 40 44 45 48 50 54 56 61 62 64 68 
76 83 85 86 87 88 90 91 97 108 122 123 
138 141 146 155 162 167 170 179 183 184 186 191 
192 199 
69
4 6 8 9 10 14 20 22 24 26 27 28 
35 40 41 43 48 52 55 58 62 70 71 84 
88 89 93 94 96 97 100 104 105 108 110 112 
115 116 117 120 122 124 125 130 131 133 139 144 
145 147 148 149 152 157 161 164 170 173 174 177 
180 183 184 185 187 189 190 191 195 
68
2 3 6 8 9 21 23 24 26 29 32 33 
34 36 37 38 49 52 54 59 61 64 67 71 
74 75 77 96 98 100 101 105 109 115 116 120 
121 129 133 138 143 144 145 147 148 150 156 158 
159 163 165 168 171 175 179 181 183 184 185 186 
187 190 191 192 193 194 197 198 
55
2 4 13 18 19 22 24 29 35 36 38 40 
43 44 49 53 57 58 61 65 70 78 80 82 
93 96 97 98 103 109 112 113 118 120 121 131 
136 139 144 147 151 153 159 162 164 165 166 176 
185 187 189 190 198 199 200 
51
8 14 18 22 24 33 34 36 38 53 56 57 
58 59 69 71 72 73 75 89 91 92 93 97 
102 107 110 111 114 117 118 120 121 124 137 144 
145 148 153 157 164 173 175 176 180 182 184 186 
192 194 198 
60
1 5 7 12 16 17 23 33 34 35 41 42 
43 47 53 60 66 70 73 75 76 77 79 81 
86 90 91 97 99 102 106 111 114 115 116 118 
121 124 126 134 140 146 150 154 158 162 163 166 
167 171 172 173 182 183 184 188 190 191 193 194 
56
1 7 8 11 12 20 22 24 26 35 39 43 
50 54 60 65 68 71 74 76 78 79 80 82 
83 84 89 91 94 98 99 102 105 107 108 111 
114 117 125 129 131 132 134 137 144 150 151 162 
168 170 171 173 175 192 196 200 
68
3 7 14 20 22 27 29 30 31 32 34 44 
47 48 51 52 55 59 60 61 62 65 67 68 
71 73 77 78 83 84 87 90 91 93 95 97 
101 106 111 119 120 121 122 123 126 129 134 138 
141 142 143 145 146 148 155 157 160 161 163 167 
173 179 181 183 188 191 195 199 
48
1 6 13 14 20 22 23 35 39 40 51 56 
64 65 69 70 77 78 80 82 83 88 92 94 
111 114 119 120 122 126 133 139 143 144 145 146 
148 149 155 158 160 162 174 175 185 189 199 200 
51
2 16 19 28 39 43 45 52 58 62 65 66 
68 69 72 76 78 81 82 85 93 95 97 98 
105 108 110 118 122 123 127 128 134 136 138 139 
148 151 154 161 162 163 167 169 170 174 181 184 
192 198 199 
62
3 7 8 12 13 15 16 21 24 25 26 30 
37 40 47 48 62 64 65 68 73 74 75 79 
85 86 88 97 98 99 102 108 109 113 115 117 
121 127 128 129 135 136 144 153 154 156 157 158 
160 165 167 168 170 172 173 174 178 182 183 197 
198 199 
52
1 2 3 8 15 18 22 37 41 48 50 52 
54 57 58 62 65 66 67 68 80 81 82 88 
89 91 97 102 103 104 105 107 109 110 115 118 
119 121 132 137 140 146 152 158 164 165 172 178 
182 183 185 193 
59
15 23 25 28 32 34 41 44 47 48 50 54 
55 57 59 69 76 77 82 83 90 92 93 95 
96 100 104 106 109 111 119 120 122 125 126 129 
130 134 138 140 142 144 153 155 156 158 168 169 
171 175 178 180 184 189 191 193 196 199 200 
57
1 4 6 8 9 13 17 21 22 23 24 29 
30 33 38 40 42 44 45 49 50 53 59 61 
63 68 70 71 75 83 85 86 92 93 108 110 
123 135 136 141 143 146 150 151 155 156 158 164 
167 169 174 175 180 182 194 196 200 
58
1 2 3 12 25 28 30 31 33 35 38 41 
44 59 62 64 72 73 74 80 85 87 92 94 
96 103 108 109 110 111 117 118 123 124 126 127 
129 131 136 143 146 147 152 153 167 170 178 179 
183 184 185 187 188 192 194 195 197 198 
57
6 9 19 25 26 31 32 44 49 54 56 57 
58 59 64 70 71 72 73 74 76 82 83 88 
90 94 95 101 108 109 114 115 119 121 126 128 
130 133 138 139 150 154 156 163 178 179 180 183 
188 189 190 191 192 193 197 199 200 
58
9 12 15 16 19 21 25 32 35 43 52 53 
54 57 58 60 63 69 71 72 74 79 84 88 
90 94 96 98 105 109 110 114 122 123 124 125 
126 127 143 144 147 148 157 158 159 162 164 168 
175 177 182 183 187 189 191 193 196 200 
60
6 7 8 17 20 24 27 30 40 45 51 52 
53 56 62 69 76 78 83 84 87 88 89 94 
96 102 109 110 116 119 120 122 128 129 131 132 
136 137 145 149 152 154 155 158 159 162 164 165 
169 171 172 174 175 177 185 186 190 191 196 198 
53
3 6 17 18 23 29 33 36 39 52 55 57 
61 64 69 71 73 74 75 82 85 88 96 104 
121 123 125 128 139 140 143 144 145 147 148 149 
152 156 158 159 163 170 171 172 175 182 183 189 
190 191 194 198 200 
72
4 6 7 8 10 12 15 16 24 25 29 33 
35 40 46 49 50 55 56 58 61 63 64 67 
71 73 76 81 86 87 91 92 94 95 105 107 
108 112 114 115 117 118 125 126 127 131 135 142 
147 151 152 156 158 159 162 163 168 169 171 177 
180 183 184 186 187 188 189 192 194 196 197 198 
60
1 10 17 22 25 36 37 38 39 44 49 50 
52 54 55 56 59 60 63 66 79 81 82 87 
89 92 98 102 105 109 111 112 118 119 122 127 
132 133 135 136 143 144 147 149 150 160 166 167 
171 173 174 176 180 183 184 185 189 190 194 197 
52
4 6 15 16 19 22 31 32 34 39 40 49 
51 60 63 65 68 72 74 79 81 92 96 97 
98 104 105 108 111 115 116 117 120 122 124 125 
141 148 149 155 158 161 166 172 173 174 178 179 
182 183 187 192 
63
3 4 7 8 12 17 19 27 28 33 34 38 
40 42 43 45 47 49 52 53 57 61 64 67 
69 70 73 79 80 81 82 85 86 89 94 98 
103 104 107 116 120 124 128 133 140 145 147 148 
149 153 154 159 162 163 168 172 174 178 181 183 
186 189 199 
54
1 2 3 8 12 18 19 20 23 25 34 43 
45 47 53 54 56 59 63 68 71 74 78 79 
82 87 88 89 95 99 105 116 120 123 136 140 
141 143 145 148 153 162 164 167 171 173 179 180 
182 185 187 188 194 196 
47
5 8 11 21 23 24 26 33 35 42 50 53 
54 55 57 67 69 72 75 87 91 92 93 96 
98 99 116 117 122 126 130 131 135 145 148 160 
161 162 174 181 184 185 188 192 196 197 199 
57
2 7 8 13 15 20 22 25 26 30 31 32 
33 34 38 40 42 48 55 60 64 65 68 70 
75 78 80 83 88 92 94 106 120 123 125 127 
129 137 145 150 155 157 160 161 163 167 169 171 
172 177 180 181 185 186 191 195 197 
65
2 6 7 11 13 19 21 23 25 27 36 37 
39 43 44 46 47 51 52 54 55 65 67 68 
73 74 82 84 88 90 92 99 100 103 108 119 
120 121 123 126 128 131 135 136 141 142 144 152 
155 156 158 163 167 168 172 174 177 178 182 186 
190 193 195 197 199 
63
1 8 10 16 21 22 25 27 31 42 46 51 
55 59 61 62 65 66 69 75 77 80 83 96 
98 101 102 103 104 106 109 112 113 117 123 124 
128 129 130 134 135 136 141 143 144 146 147 148 
160 164 165 166 171 173 174 175 180 181 184 196 
197 198 199 
63
7 8 12 14 15 19 20 24 29 30 35 36 
44 47 48 49 50 51 61 63 65 70 72 75 
96 97 107 109 110 112 115 118 121 130 131 132 
137 138 142 143 145 147 148 150 151 154 157 159 
160 161 165 166 167 168 173 178 182 186 187 188 
193 195 200 
48
1 7 12 14 17 22 33 36 39 40 47 49 
51 56 66 72 80 81 82 85 86 90 92 93 
97 99 101 103 110 130 131 136 138 139 144 152 
153 157 164 169 174 175 185 188 193 196 197 200 
57
3 8 10 11 14 22 23 26 28 31 38 39 
46 49 56 58 60 63 66 68 71 72 73 78 
79 89 90 92 96 99 100 109 117 118 122 128 
135 139 140 143 147 152 154 158 160 163 168 171 
174 179 181 182 186 192 195 198 200 
64
1 5 11 14 24 26 29 31 36 37 38 40 
41 42 44 47 55 58 60 68 72 76 77 78 
81 82 83 84 85 86 90 92 93 95 101 105 
107 118 120 125 126 128 131 135 140 146 148 159 
162 163 164 165 171 176 178 180 182 185 187 192 
195 197 199 200 
62
6 7 8 11 13 16 18 19 22 23 24 27 
28 30 34 39 41 42 48 54 56 66 67 72 
74 78 85 87 91 92 98 100 101 102 103 108 
112 114 115 121 122 125 127 129 131 141 142 144 
146 147 155 157 158 164 172 174 175 177 178 182 
184 196 
56
2 7 11 14 15 26 30 32 33 34 40 50 
56 59 61 70 73 78 83 87 88 89 91 94 
95 102 103 110 111 113 118 120 122 125 126 128 
129 132 145 147 148 150 151 153 154 158 159 163 
165 169 170 179 186 188 189 190 
65
2 3 5 7 11 13 15 19 22 23 24 25 
26 28 32 39 40 41 43 47 51 55 56 57 
58 59 62 69 73 75 84 86 92 94 103 105 
112 126 127 129 131 135 136 138 140 142 143 145 
147 151 152 153 156 163 169 172 180 181 182 184 
185 191 192 194 199 
64
3 7 8 9 10 15 16 22 25 28 31 33 
37 38 40 41 46 51 52 56 58 60 62 65 
68 69 72 73 82 85 88 95 101 104 105 116 
121 126 128 137 139 146 151 152 156 159 160 163 
164 166 169 171 173 174 175 179 184 186 187 188 
191 192 193 197 
62
1 4 5 10 17 20 24 25 29 30 34 36 
39 43 44 45 47 51 65 67 71 78 84 86 
96 98 99 102 104 105 106 116 117 122 126 127 
135 136 137 140 142 146 152 155 156 162 168 169 
172 173 175 177 180 182 183 187 189 190 191 193 
195 200 
51
2 9 11 14 20 25 27 33 38 42 43 44 
51 52 53 62 68 71 81 85 91 101 104 105 
108 109 110 113 115 117 124 130 135 138 142 151 
154 168 170 171 172 176 177 178 179 184 189 190 
191 196 198 
56
6 10 13 15 18 24 26 27 28 37 41 48 
52 53 56 63 64 66 67 75 77 84 85 91 
96 97 99 104 106 107 112 113 117 119 121 122 
126 136 137 138 148 151 152 154 155 163 165 166 
171 173 178 184 186 190 195 198 
51
7 8 10 11 14 16 22 36 46 47 50 54 
55 58 59 73 75 79 85 93 101 109 113 114 
115 121 123 125 129 132 139 144 146 152 154 157 
162 166 174 177 178 184 187 188 189 190 192 193 
194 198 200 
55
1 2 3 5 14 17 18 19 27 31 32 35 
36 48 52 53 56 58 59 63 65 67 75 77 
78 80 82 83 84 86 87 90 96 97 102 103 
104 112 121 123 127 132 138 143 145 150 153 165 
166 180 182 184 195 196 197 
54
10 14 15 22 34 37 42 43 47 49 58 59 
62 63 64 65 69 74 87 88 91 93 99 101 
105 109 110 117 121 123 124 125 128 129 131 134 
135 136 138 141 143 145 149 152 161 163 170 171 
172 180 181 183 190 196 
65
2 3 5 6 7 14 24 25 29 32 33 34 
37 38 40 44 48 49 52 53 59 61 64 65 
66 73 74 79 87 88 95 96 97 102 106 119 
120 127 132 134 136 138 140 142 143 144 146 149 
150 152 154 155 164 167 168 171 172 175 178 179 
181 185 187 189 197 
54
13 20 22 28 29 30 32 35 37 42 45 51 
54 57 59 60 62 67 75 85 86 87 88 90 
95 96 98 99 110 113 120 122 125 126 128 130 
136 138 143 145 150 157 165 166 169 171 172 174 
178 179 184 185 187 194 
66
1 3 5 6 7 13 15 16 18 19 21 23 
24 34 37 39 42 53 55 56 57 64 65 68 
69 70 73 77 81 85 86 92 96 97 100 102 
103 107 108 113 115 119 121 124 125 128 132 133 
138 139 145 148 153 154 156 157 160 162 176 177 
179 180 182 195 199 200 
62
6 9 10 11 22 23 25 26 29 30 33 37 
40 41 42 46 47 56 58 62 64 67 70 73 
74 77 80 82 85 87 88 89 92 99 107 114 
116 120 122 124 125 130 133 136 139 152 155 157 
159 162 163 168 172 178 182 183 184 190 194 195 
196 200 
53
1 6 8 16 24 28 30 32 33 37 39 41 
47 52 54 56 58 59 66 68 71 72 89 92 
93 94 95 97 109 111 112 116 122 125 128 129 
132 135 140 146 149 156 159 165 168 170 172 173 
178 185 189 191 194 
62
5 6 8 9 11 13 15 17 18 22 23 26 
28 33 36 37 39 41 42 45 46 54 56 59 
71 72 75 79 86 87 89 95 97 102 103 104 
107 108 111 120 128 131 134 136 137 138 139 142 
145 150 154 165 168 170 174 175 180 182 184 195 
196 200 
62
1 3 4 5 26 27 28 32 35 41 42 44 
50 54 55 60 61 62 69 70 72 74 75 81 
82 85 89 94 96 97 98 99 102 109 111 114 
115 116 126 128 129 130 141 151 157 159 161 164 
167 169 175 179 181 184 186 188 189 192 193 194 
198 199 
61
1 5 9 20 21 25 28 33 35 44 45 50 
51 54 56 57 58 63 66 68 70 76 78 88 
91 92 95 96 107 109 110 113 115 117 120 122 
125 127 132 139 140 147 149 154 155 159 161 163 
166 169 173 174 179 180 185 188 189 192 193 198 
199 
67
3 5 6 8 9 13 15 24 25 27 28 29 
33 37 42 45 46 48 59 62 66 69 70 72 
74 81 82 83 85 87 89 90 95 96 97 102 
103 107 111 112 119 120 121 123 129 133 146 148 
151 153 154 158 167 168 170 172 173 175 178 180 
182 183 184 188 192 195 199 
67
9 10 13 17 21 22 26 31 32 34 39 41 
43 44 50 56 65 70 71 73 74 79 83 86 
91 92 93 94 95 97 100 101 102 105 107 112 
114 115 118 124 125 127 128 130 131 134 135 143 
148 153 156 157 159 161 163 167 168 170 171 174 
179 180 181 185 187 191 199 
54
1 2 3 5 6 9 13 23 25 27 29 30 
35 44 48 50 61 62 63 70 72 83 85 86 
93 97 103 107 114 116 117 120 123 127 129 130 
134 135 142 143 148 150 158 159 160 170 173 180 
185 190 191 192 194 199 
54
5 16 17 20 24 26 31 35 36 39 45 52 
58 64 67 82 84 86 87 92 93 95 107 109 
111 114 118 120 122 125 128 131 133 140 142 144 
145 146 152 153 159 162 164 167 169 172 173 177 
179 180 185 187 192 200 
67
1 8 9 11 13 14 15 17 21 29 31 33 
35 37 38 45 51 53 54 55 57 62 63 68 
69 74 80 89 90 93 95 97 101 103 109 115 
118 125 128 129 133 135 139 144 148 149 152 153 
155 157 159 160 162 163 164 168 169 170 175 177 
179 181 183 188 194 197 199 
66
3 4 5 6 7 8 9 16 20 24 31 32 
33 47 48 51 53 55 57 62 63 64 76 78 
80 89 92 95 96 101 103 108 114 117 122 124 
125 126 130 132 135 141 143 145 148 149 155 163 
168 169 170 171 173 174 175 178 179 180 185 186 
189 191 193 196 197 200 
62
2 4 6 8 10 11 12 13 15 17 18 25 
27 30 38 43 44 45 48 51 58 64 66 71 
72 73 76 77 83 85 90 93 94 100 101 103 
107 112 124 130 135 136 141 144 147 148 153 159 
160 161 165 168 169 170 175 176 177 179 186 189 
198 200 
66
4 7 10 15 16 18 21 24 29 36 37 38 
43 49 53 54 55 59 66 71 73 75 77 78 
80 81 82 84 85 86 87 91 94 97 100 102 
103 105 106 111 112 117 120 121 123 126 127 128 
130 132 141 142 150 153 162 165 166 168 169 172 
174 175 177 180 185 192 
51
1 4 7 8 13 14 15 17 20 21 23 25 
27 34 40 43 48 49 52 56 70 71 76 86 
90 91 102 107 108 110 118 119 125 130 137 144 
145 146 149 154 155 165 168 174 178 185 188 189 
193 195 197 
70
1 4 12 13 16 17 19 24 25 26 29 30 
32 38 43 45 50 51 56 61 65 66 72 74 
79 80 81 83 87 90 92 94 98 100 102 103 
104 108 110 112 113 115 118 119 120 125 127 135 
139 141 143 147 148 150 151 153 155 157 161 163 
165 173 178 179 181 184 186 188 192 196 
72
2 6 8 9 11 16 19 26 28 31 32 33 
34 36 41 44 47 49 57 64 69 70 73 75 
76 79 80 82 85 87 88 89 90 92 94 98 
101 103 104 105 106 110 112 115 116 119 132 134 
135 137 138 139 141 142 144 146 147 149 151 155 
158 160 163 166 170 172 177 179 188 195 197 200 
52
2 7 9 10 11 12 13 14 18 19 20 23 
26 32 38 45 46 47 64 67 69 70 76 83 
84 86 89 91 97 98 102 111 116 119 120 124 
125 134 137 139 143 144 145 147 148 149 155 167 
173 181 184 190 
69
2 3 5 8 13 15 17 18 19 24 25 30 
31 32 33 36 41 43 44 46 47 50 55 57 
58 62 66 69 77 80 82 84 87 90 91 92 
93 94 97 101 106 108 113 114 115 119 120 122 
128 134 137 140 141 144 148 149 150 155 162 163 
168 169 171 174 184 189 190 194 195 
58
1 10 11 18 19 22 26 29 30 32 33 35 
42 43 44 48 50 57 58 59 62 65 68 69 
75 76 80 84 86 88 89 95 104 110 111 115 
119 121 122 126 128 134 140 143 149 150 156 158 
160 161 165 167 170 175 176 177 195 198 
61
1 3 15 20 21 33 36 41 42 46 50 53 
56 61 74 76 79 83 87 94 95 96 99 101 
102 104 110 112 113 117 118 119 120 121 125 126 
131 134 135 139 142 143 145 147 148 151 152 162 
165 167 170 177 180 182 183 184 185 189 190 195 
199 
57
4 12 17 18 23 28 29 31 33 37 39 42 
43 45 46 51 53 63 66 71 78 79 84 86 
87 92 96 106 108 109 115 117 119 133 142 148 
154 155 156 165 167 171 174 176 178 180 181 182 
185 187 188 190 191 194 198 199 200 
62
5 6 12 16 18 19 23 24 25 28 38 40 
43 45 48 50 52 55 57 61 65 67 69 82 
85 89 93 94 105 116 118 119 120 121 122 123 
124 128 134 137 140 142 143 146 147 152 153 164 
165 166 167 169 171 175 177 179 182 184 187 190 
191 193 
60
2 3 4 6 7 8 9 12 13 15 26 32 
34 41 46 47 49 50 53 56 60 64 67 68 
76 78 83 84 85 87 89 94 101 104 105 107 
110 115 118 120 124 125 135 143 146 151 154 158 
165 170 172 177 182 185 188 191 196 197 198 199 
61
1 8 11 17 20 22 24 25 28 30 32 33 
37 40 46 49 51 52 53 59 60 61 64 65 
67 70 76 81 85 86 90 91 95 99 101 107 
110 111 116 118 120 122 124 125 137 139 141 147 
152 156 161 164 171 180 182 184 188 190 194 195 
198 
56
1 2 9 10 15 19 24 25 29 39 50 53 
57 58 64 71 75 86 87 88 90 91 92 97 
100 103 104 105 106 107 112 113 115 116 117 118 
119 121 124 125 128 130 136 150 157 161 164 174 
179 181 182 183 184 190 197 200 
53
2 9 11 17 19 20 22 23 24 26 36 38 
39 50 53 58 70 71 80 81 82 84 86 87 
90 101 105 107 108 109 110 114 116 117 119 127 
129 134 140 142 144 160 161 163 167 169 173 175 
177 179 191 195 196 
49
13 14 20 23 25 35 36 38 40 43 47 51 
59 63 69 75 76 79 90 94 97 98 105 110 
112 125 128 132 140 142 146 147 150 151 161 163 
168 175 177 182 185 186 187 189 192 193 195 196 
200 
48
2 7 13 14 15 17 20 22 25 27 34 35 
37 48 50 52 53 57 58 61 67 68 71 72 
74 79 80 86 88 101 103 113 118 124 133 138 
141 144 155 158 166 177 179 184 187 191 199 200 
62
1 2 4 7 10 15 18 20 25 30 39 44 
47 50 53 60 65 66 67 68 70 72 74 75 
76 80 92 93 94 95 97 102 103 104 114 117 
122 123 129 135 136 139 145 147 148 149 150 151 
152 155 157 169 171 175 178 179 180 181 188 190 
193 199 
56
4 11 13 16 19 20 28 29 36 46 48 52 
53 54 61 66 67 70 71 73 80 88 89 90 
91 93 94 97 100 103 105 111 115 119 121 126 
130 131 138 139 142 143 149 154 157 164 166 167 
169 178 180 191 192 195 196 198 
60
2 4 9 10 20 21 24 26 27 28 29 30 
34 38 39 40 41 45 46 47 65 67 69 73 
75 81 83 88 91 101 103 104 106 109 110 113 
119 120 122 124 129 132 136 137 141 146 147 153 
161 162 167 169 170 180 184 185 188 192 196 198 
59
1 5 9 13 18 28 30 31 33 37 38 41 
49 53 55 60 63 64 65 71 72 78 79 81 
82 83 87 89 90 94 97 100 101 103 108 115 
117 118 120 121 122 125 127 129 142 144 145 148 
153 156 157 158 159 162 165 173 174 188 200 
68
2 3 5 6 7 12 16 22 24 27 28 31 
33 38 39 40 48 51 54 56 62 65 70 72 
74 75 77 78 80 81 83 84 91 98 103 107 
108 109 110 117 128 129 130 131 133 135 137 139 
141 148 151 156 160 161 162 163 165 166 167 171 
176 178 180 183 187 190 199 200 
69
2 9 11 12 13 14 16 18 28 32 36 39 
49 52 53 55 58 59 62 67 68 74 75 76 
77 78 80 81 82 83 85 87 88 90 91 103 
111 112 115 116 120 124 125 128 129 135 138 140 
142 146 151 152 154 157 158 161 164 165 168 172 
177 182 184 185 186 195 196 198 199 
71
7 8 13 14 18 20 21 22 23 25 26 27 
29 35 37 38 39 44 46 47 49 50 60 61 
64 66 69 71 72 82 84 86 92 94 101 108 
109 118 119 121 124 126 129 131 132 133 135 136 
144 145 146 149 151 153 155 161 162 166 167 169 
172 175 178 180 187 188 191 194 196 199 200 
46
6 7 19 20 27 30 35 44 45 46 49 50 
54 61 63 68 83 88 91 97 99 104 105 106 
107 109 110 114 118 122 125 130 132 140 141 142 
143 156 166 168 169 173 178 180 188 198 
52
16 20 24 29 34 39 40 44 49 50 62 65 
66 68 69 72 80 83 88 92 94 98 100 105 
106 119 123 125 129 131 135 136 138 151 152 155 
157 158 163 166 175 176 177 183 184 188 189 190 
192 195 198 199 
57
7 8 11 19 22 27 30 31 32 33 38 48 
49 58 59 67 72 75 76 77 79 82 85 86 
87 92 93 94 95 100 104 106 109 112 116 118 
121 130 134 135 139 142 147 148 153 155 156 157 
160 165 172 176 179 184 185 186 194 
60
1 2 4 7 11 19 20 28 34 38 45 47 
48 55 57 58 61 66 72 75 78 82 87 93 
102 103 108 109 117 118 121 123 124 128 133 137 
141 142 144 148 149 151 152 154 155 156 164 171 
173 177 178 180 183 188 189 193 194 196 198 199 
70
5 8 10 14 15 23 25 26 28 29 42 48 
49 51 54 57 63 66 72 73 76 78 80 87 
89 91 93 94 97 98 100 102 103 107 110 111 
112 113 114 118 121 122 126 131 133 137 138 142 
143 144 145 147 151 153 156 161 162 166 169 171 
172 174 175 176 178 179 180 184 189 194 
52
4 7 8 10 22 26 30 36 38 45 55 57 
61 62 64 68 69 70 71 75 76 78 79 85 
86 90 103 105 109 111 119 120 125 126 127 131 
132 135 137 139 145 146 155 162 166 176 178 181 
189 196 199 200 
58
1 3 5 9 10 12 22 28 33 35 41 42 
43 44 47 51 54 57 60 67 70 71 79 81 
82 90 95 97 104 107 108 110 114 119 123 127 
128 129 132 134 135 138 139 151 158 160 161 165 
166 170 172 174 179 182 186 192 194 197 
58
3 4 5 14 24 27 32 35 36 41 44 51 
55 56 59 60 61 62 64 69 72 75 77 80 
83 86 91 92 93 98 100 102 103 105 113 129 
130 135 140 142 144 147 148 154 156 157 162 164 
167 168 169 170 174 179 181 189 191 199 
66
2 5 7 10 11 12 15 17 18 22 27 32 
33 34 35 36 40 41 46 47 52 54 62 64 
67 72 74 75 76 83 85 86 89 91 93 96 
99 103 105 109 110 114 116 119 121 128 131 136 
138 141 143 148 150 158 161 164 167 168 170 178 
180 182 184 187 189 190 
64
3 5 6 8 12 14 15 19 20 22 24 26 
33 36 43 44 48 49 52 53 61 65 69 71 
72 74 76 78 79 80 83 87 89 91 93 102 
106 109 110 113 114 117 118 125 130 132 133 134 
137 140 145 150 151 154 158 166 169 178 179 185 
186 190 191 199 
59
3 4 9 11 12 13 20 21 23 25 26 32 
33 41 42 43 44 46 52 61 63 64 66 67 
68 75 78 79 89 93 94 97 98 99 113 119 
120 124 127 134 138 139 143 147 157 158 159 165 
167 168 178 179 180 181 186 189 191 195 197 
47
7 12 15 17 23 30 39 44 48 56 57 70 
74 75 76 84 87 88 93 95 103 106 107 113 
114 117 123 128 132 133 139 140 142 146 148 150 
157 158 159 166 167 169 174 178 181 195 200 
68
6 8 9 10 11 13 16 17 24 27 29 40 
48 52 54 55 57 58 59 60 65 68 71 73 
74 76 78 81 85 86 87 93 96 98 100 104 
105 109 114 118 119 120 125 128 131 133 145 150 
151 152 157 158 159 162 163 170 171 172 173 178 
179 180 181 183 184 188 195 196 
69
3 4 5 10 12 14 16 20 27 30 32 37 
41 43 45 46 47 48 49 52 55 59 62 64 
68 73 75 78 81 83 87 89 90 95 97 99 
102 103 104 106 114 116 120 124 125 132 138 140 
143 144 146 147 151 161 164 169 170 171 172 173 
175 176 178 185 186 187 190 198 200 
61
5 10 14 17 21 23 26 30 34 40 42 49 
51 53 58 62 64 67 68 75 83 84 89 92 
101 105 108 111 112 117 119 122 125 132 133 137 
139 143 145 149 155 156 162 164 169 171 174 178 
179 183 185 186 187 188 189 191 195 196 198 199 
200 
55
1 3 9 12 15 19 23 24 25 29 32 33 
34 36 37 38 41 43 44 45 51 52 62 66 
68 81 87 103 104 105 111 114 121 122 127 131 
134 146 149 153 156 157 159 160 163 164 165 166 
168 172 182 188 191 193 194 
54
7 8 9 12 15 17 25 28 31 32 35 37 
39 42 43 50 52 56 59 60 64 65 72 75 
77 83 88 90 93 96 99 102 105 106 108 110 
113 116 125 139 142 145 147 149 153 155 156 159 
162 165 172 175 176 193 
49
1 13 15 21 26 30 38 39 47 50 55 56 
58 59 61 69 71 76 77 79 81 82 85 101 
102 110 113 114 116 117 120 121 129 133 134 143 
145 149 152 155 176 177 178 181 187 192 194 197 
200 
57
4 6 8 9 12 13 16 24 26 27 36 41 
43 44 46 48 54 57 62 65 78 83 86 88 
94 96 100 104 109 115 117 123 129 135 138 142 
146 148 150 155 156 160 161 163 164 165 166 172 
176 178 180 186 190 192 193 195 200 
59
6 9 11 15 21 24 26 35 36 40 41 42 
44 45 46 51 55 57 63 64 67 69 83 89 
104 105 108 110 113 116 125 128 130 131 132 133 
134 135 138 143 146 147 149 150 151 154 158 161 
162 164 171 185 187 188 192 194 196 198 199 
55
7 8 15 22 24 27 28 32 37 40 42 44 
45 49 51 52 55 57 67 77 88 89 93 95 
96 98 100 104 105 106 112 113 115 121 122 124 
127 130 131 141 143 153 154 158 161 162 165 166 
182 185 186 194 196 197 200 
73
2 3 4 6 8 9 10 11 13 19 21 23 
26 27 36 37 38 39 40 41 51 56 57 60 
61 64 65 66 69 72 77 78 79 84 86 87 
91 94 97 98 112 113 119 122 123 125 127 129 
131 133 138 139 140 143 144 147 148 151 155 156 
158 160 165 171 174 175 179 184 185 188 195 197 
200 
60
7 12 16 19 20 31 33 34 40 47 50 55 
56 57 61 72 81 89 90 93 96 103 105 106 
109 110 114 116 119 121 128 130 131 137 138 139 
142 145 151 154 156 159 160 164 175 177 179 181 
182 184 185 188 189 190 194 195 196 197 199 200 
44
12 13 18 22 32 35 36 41 44 51 54 57 
63 67 74 78 82 84 85 87 88 94 95 103 
109 112 114 115 116 134 139 140 141 144 150 157 
164 167 173 180 183 195 197 198 
62
7 8 10 11 12 16 17 26 28 32 34 57 
60 61 66 67 69 75 77 83 84 86 87 91 
92 97 102 108 113 117 120 121 123 124 127 128 
134 137 141 144 145 149 151 152 155 157 158 159 
165 167 171 173 174 177 178 185 188 193 197 198 
199 200 
58
2 4 6 9 13 19 21 30 34 36 37 38 
42 43 44 47 53 55 60 73 76 78 85 87 
95 97 98 100 106 107 110 111 114 115 117 120 
121 122 129 130 137 145 151 158 160 161 163 166 
168 170 171 174 175 182 185 190 192 194 
55
8 17 33 34 35 37 38 39 44 46 49 51 
52 58 59 61 64 69 71 72 74 76 92 94 
101 104 110 114 116 117 118 122 124 125 131 134 
135 136 138 143 146 153 156 159 163 164 166 169 
173 176 188 189 194 196 197 
62
3 13 19 20 22 24 29 34 38 44 45 48 
51 57 58 61 72 81 83 86 89 93 96 102 
105 109 111 112 114 116 118 119 120 128 130 143 
145 149 151 155 160 161 162 163 165 166 167 168 
169 171 172 175 177 179 180 181 182 187 193 195 
197 199 
49
1 3 7 10 12 16 24 25 32 34 38 40 
41 43 45 48 51 53 55 57 63 66 70 72 
77 82 85 87 89 95 99 104 116 118 125 133 
141 143 145 154 157 160 176 181 182 194 196 197 
199 
57
5 6 7 8 11 14 17 18 20 22 23 26 
28 32 33 35 39 42 56 59 67 68 74 76 
88 91 95 96 98 99 103 105 106 107 109 112 
113 114 118 122 125 127 131 133 137 139 142 149 
153 155 159 161 165 172 173 177 183 
56
6 7 8 16 17 18 19 20 26 27 31 37 
41 51 53 59 62 74 78 79 80 85 86 93 
100 103 106 108 114 117 118 122 123 129 134 137 
138 154 156 161 163 166 168 173 177 179 180 183 
184 185 192 193 196 197 199 200 
65
2 9 10 12 14 16 17 19 23 24 30 32 
33 39 40 53 54 65 67 70 72 74 75 76 
77 78 81 84 86 87 89 90 95 99 101 106 
110 111 112 119 124 130 131 133 140 143 149 150 
151 154 158 160 167 170 173 176 178 182 183 184 
185 190 192 194 196 
58
4 8 12 13 18 21 25 28 30 33 34 35 
37 38 39 42 46 48 50 53 62 66 68 69 
71 73 81 93 100 107 108 112 117 125 131 134 
136 139 142 143 145 152 155 160 163 165 166 167 
168 169 173 175 176 184 188 190 199 200 
62
5 6 9 10 14 20 27 31 32 38 39 42 
45 47 49 50 57 60 65 66 67 70 72 75 
82 91 92 93 95 98 99 101 102 104 105 110 
116 118 119 120 130 132 140 141 144 153 157 158 
160 164 169 171 172 174 177 181 182 183 184 187 
189 197 
64
8 12 14 15 16 17 19 21 31 35 39 42 
43 46 49 51 54 55 58 63 66 68 73 78 
80 82 94 96 99 101 103 105 106 107 108 111 
112 113 117 118 124 128 134 135 136 138 140 142 
146 153 155 159 164 167 169 170 171 173 176 179 
187 192 195 196 
60
2 5 8 10 16 19 25 26 27 30 32 39 
40 43 48 50 53 57 61 64 67 70 71 80 
86 94 96 98 104 105 106 113 114 117 119 121 
124 128 131 132 133 135 138 140 141 144 147 150 
155 156 158 164 173 174 181 183 185 187 188 194 
66
2 9 11 13 17 18 19 21 24 25 32 34 
35 40 43 51 54 55 56 60 64 66 72 76 
80 86 90 92 94 101 102 106 107 110 111 113 
118 119 120 121 126 127 131 133 139 142 145 148 
159 164 165 169 171 172 175 176 179 180 182 184 
188 191 192 197 199 200 
53
1 11 12 13 15 16 17 23 28 33 38 40 
42 43 45 46 51 56 58 68 73 78 79 92 
94 101 104 109 110 113 115 116 119 125 129 135 
136 139 140 141 146 147 154 155 159 161 167 173 
176 182 189 193 197 
62
2 7 8 10 13 16 17 30 33 39 40 48 
49 50 56 58 60 65 72 77 81 83 84 85 
89 91 93 96 100 101 104 106 114 117 118 120 
121 126 135 138 139 140 141 143 146 148 149 153 
161 163 164 167 169 170 171 172 179 183 184 186 
198 199 
73
1 7 9 10 14 16 17 20 21 25 27 28 
29 31 35 40 41 43 44 45 49 51 52 54 
57 62 65 68 69 71 72 73 74 79 80 81 
82 83 87 91 92 95 98 101 102 108 109 111 
116 118 119 121 140 141 142 143 147 151 153 156 
161 162 164 167 171 179 182 184 185 191 193 198 
199 
63
2 3 6 7 13 17 19 22 24 27 28 29 
31 34 36 41 42 45 47 48 51 59 60 68 
73 75 78 80 91 93 96 100 101 102 105 108 
111 112 113 118 125 127 128 129 130 139 140 142 
144 147 155 157 166 170 173 174 176 182 184 189 
194 196 199 
61
3 12 23 27 32 37 39 45 53 56 57 58 
62 63 65 70 71 73 80 81 84 85 90 92 
96 98 99 103 109 111 115 116 118 120 121 125 
132 133 135 143 148 149 150 153 155 157 158 159 
161 166 168 170 171 175 176 177 187 192 197 199 
200 
65
4 7 9 10 12 14 20 21 25 26 28 40 
41 46 47 54 57 59 61 69 71 72 73 74 
75 76 80 88 91 92 95 96 100 103 108 111 
115 118 119 120 121 125 126 127 128 130 132 138 
139 141 142 145 146 158 160 165 170 171 176 178 
179 183 184 189 191 
52
1 3 7 9 10 18 20 21 23 27 32 35 
36 38 43 56 60 61 64 68 73 77 87 94 
95 98 99 101 116 118 121 123 127 134 141 142 
143 145 147 153 156 163 165 166 168 174 176 177 
179 182 189 197 
51
8 16 17 21 23 24 28 36 42 47 48 52 
53 55 60 72 77 85 91 93 94 95 102 107 
108 109 111 112 114 115 117 120 126 127 138 139 
141 146 147 151 155 156 159 163 166 180 182 185 
186 195 199 
60
2 3 8 9 10 15 18 23 24 27 28 29 
36 41 42 46 50 52 53 55 56 60 61 64 
66 67 75 77 79 87 94 95 102 104 106 108 
110 116 123 128 132 135 137 141 142 144 157 160 
166 167 169 170 174 178 180 184 193 194 195 197 
61
1 2 6 7 8 19 21 24 25 30 36 39 
40 49 50 51 53 60 69 73 74 78 81 82 
89 90 92 95 96 98 99 102 103 104 107 109 
113 114 116 122 127 131 143 146 147 153 154 156 
163 164 166 168 170 172 176 177 182 186 188 189 
196 
49
3 7 13 18 21 26 27 28 38 39 45 50 
56 60 69 75 80 84 86 90 95 96 98 102 
105 106 108 109 110 115 120 121 124 127 128 138 
139 145 151 154 162 171 173 185 192 193 196 198 
200 
45
4 8 9 11 20 22 24 25 27 29 34 35 
45 50 58 59 64 67 69 82 93 94 95 99 
100 103 104 106 115 123 124 125 132 135 140 142 
144 145 151 160 175 183 188 189 192 
59
8 15 20 21 28 29 36 38 40 44 46 48 
50 57 65 66 71 74 76 77 80 82 88 89 
90 94 95 96 98 100 101 102 103 105 116 118 
119 123 127 131 134 136 147 149 152 156 158 160 
161 164 169 170 175 182 183 187 189 191 196 
71
1 5 15 16 17 18 20 21 22 29 31 33 
36 38 46 51 54 56 59 66 70 71 73 74 
76 78 81 82 83 84 85 89 98 99 101 103 
107 109 111 112 114 115 117 119 121 132 135 142 
143 145 151 157 158 159 160 164 165 166 167 172 
174 177 178 182 185 186 189 190 192 194 200 
53
3 8 9 10 11 15 26 31 34 35 37 43 
46 48 51 63 65 67 68 76 77 81 84 86 
87 93 96 98 103 106 110 112 119 123 124 125 
137 140 141 147 152 160 161 163 166 171 172 175 
176 178 185 188 199 
52
5 13 15 17 19 20 24 25 26 28 30 32 
37 39 40 41 42 46 55 62 63 72 73 81 
82 83 86 89 95 99 104 105 106 113 119 123 
125 133 139 142 144 151 154 159 169 173 174 178 
179 181 190 195 
53
1 4 5 11 18 19 20 31 33 40 41 42 
46 52 53 57 60 62 63 67 68 69 75 76 
80 83 88 90 97 99 101 111 117 122 124 125 
126 130 133 136 137 138 141 145 148 152 154 172 
179 183 185 188 199 
63
1 5 17 20 21 25 28 31 32 34 36 41 
44 46 47 50 51 56 57 58 63 67 68 69 
70 71 73 76 77 79 81 84 87 90 91 93 
94 99 104 106 108 110 111 118 121 122 134 136 
142 143 144 145 151 158 160 171 173 176 178 180 
183 184 185 
69
2 3 9 16 17 19 22 25 27 28 32 33 
34 36 37 39 48 50 55 56 60 66 69 72 
73 76 79 82 100 108 109 110 114 117 123 126 
128 129 130 132 133 135 137 141 144 145 147 148 
149 151 153 154 156 158 164 168 171 172 175 178 
179 181 184 186 192 193 195 196 198 
48
1 2 3 8 12 16 19 22 24 25 32 33 
34 52 63 66 67 68 75 76 92 93 97 105 
107 110 111 117 127 129 130 134 141 145 148 149 
158 159 160 165 170 173 174 182 183 188 189 192 
55
2 4 6 7 8 11 23 25 31 33 34 38 
40 47 49 51 53 57 65 66 67 72 75 76 
82 85 86 90 99 100 113 117 121 122 124 127 
134 150 152 156 157 162 164 166 167 168 169 171 
183 190 192 193 194 195 197 
54
3 11 12 15 23 27 30 33 34 43 49 53 
54 59 63 64 67 79 80 81 84 86 92 96 
97 102 103 111 113 121 124 127 128 137 145 149 
150 153 154 157 159 162 163 170 173 174 176 180 
181 186 187 192 197 199 
55
8 10 12 13 15 16 20 23 25 35 42 49 
53 56 58 60 63 64 69 70 80 81 83 99 
100 103 105 113 115 117 118 119 120 121 127 129 
130 133 138 143 152 153 154 157 159 162 167 174 
177 181 183 184 187 188 197 
59
3 13 17 24 27 30 33 35 39 40 46 53 
61 67 70 72 74 75 77 79 80 84 85 86 
89 90 91 99 105 108 111 112 113 114 115 119 
127 129 137 141 142 153 160 163 164 167 168 169 
173 176 177 181 182 183 189 190 192 196 198 
60
3 4 6 12 13 18 20 23 26 31 32 34 
38 39 40 46 49 50 57 58 59 61 67 70 
72 77 81 82 84 86 88 89 93 94 101 103 
106 111 112 116 120 125 130 140 141 142 148 152 
155 163 166 167 170 176 177 179 184 185 191 197 
59
2 3 4 5 13 17 18 22 32 34 38 40 
41 44 49 51 53 61 64 68 71 72 73 74 
76 77 86 92 96 97 103 104 105 110 111 113 
115 117 119 123 131 136 140 144 151 154 158 163 
164 170 171 172 173 184 185 187 189 197 199 
65
4 9 12 13 15 16 18 21 27 28 32 34 
35 36 43 46 47 52 54 55 56 57 58 67 
68 70 72 74 75 84 85 91 92 103 106 112 
113 114 118 120 124 126 128 132 136 139 141 144 
151 154 156 160 161 165 171 176 177 181 182 189 
191 192 193 199 200 
63
8 13 14 16 17 18 21 23 25 30 33 35 
36 37 39 49 50 51 54 55 60 61 62 63 
69 71 72 75 76 77 80 84 89 92 95 97 
98 99 102 103 104 107 109 117 118 119 131 133 
135 138 144 146 147 149 152 156 161 162 167 174 
175 184 190 
72
2 7 11 17 18 20 21 27 28 29 31 33 
34 35 39 43 47 50 58 60 61 68 71 75 
76 77 79 80 81 85 87 88 92 94 97 98 
100 104 106 107 109 115 118 119 122 123 128 131 
136 138 139 140 146 147 156 161 162 163 164 170 
171 175 176 179 182 185 186 192 194 195 197 198 
48
15 18 19 20 21 25 31 32 41 42 45 51 
53 55 57 58 61 63 65 66 78 86 90 93 
97 102 112 135 137 141 143 145 146 147 149 151 
157 158 159 160 162 163 167 170 178 179 193 198 
65
5 9 11 12 17 21 22 23 25 27 28 30 
35 39 43 45 50 52 56 57 61 63 70 75 
76 78 79 80 83 85 90 92 93 97 103 106 
109 112 118 119 122 123 125 129 130 132 139 141 
143 144 151 154 160 167 172 174 181 183 185 188 
193 194 196 199 200 
68
8 13 18 20 26 27 28 29 37 40 41 47 
51 52 53 55 57 58 61 64 69 73 74 76 
77 80 87 89 94 95 97 105 107 109 110 111 
113 115 117 119 121 123 124 125 126 128 131 133 
138 140 141 142 145 146 150 153 156 158 161 162 
169 171 174 176 177 184 197 198 
62
3 4 7 12 15 17 18 20 23 28 34 37 
44 46 48 52 55 58 66 67 70 74 77 83 
84 87 88 91 92 100 105 108 110 111 115 120 
121 129 130 131 134 138 145 147 152 153 160 162 
163 165 167 170 173 174 181 182 184 185 187 196 
198 199 
53
5 14 21 26 29 39 46 48 55 62 63 64 
67 68 71 72 73 75 76 84 91 97 101 104 
109 110 111 113 115 119 123 124 125 126 135 137 
144 148 151 155 156 163 164 165 169 172 173 176 
177 188 190 193 199 
60
1 4 5 8 9 10 12 13 18 24 26 33 
35 39 41 42 44 52 54 56 65 66 71 77 
78 80 95 101 102 105 106 108 111 114 120 123 
124 125 131 132 133 138 142 143 145 152 153 159 
162 168 171 173 178 181 185 187 188 194 197 198 
78
3 6 7 10 12 13 18 19 26 27 30 31 
33 34 38 39 40 42 43 44 46 50 51 55 
60 61 62 63 64 67 68 70 72 73 77 80 
85 86 89 97 101 109 110 112 113 116 117 118 
119 121 128 133 134 137 140 141 145 146 150 153 
157 158 161 162 167 172 173 175 184 186 189 191 
192 194 196 198 199 200 
59
3 6 11 12 15 18 22 28 29 30 32 33 
38 46 55 56 59 60 63 68 70 73 79 81 
82 84 88 94 96 97 99 106 112 113 115 116 
117 118 125 127 129 133 143 144 145 147 150 156 
157 159 169 172 176 181 183 184 186 193 196 
54
3 4 6 18 23 28 30 34 35 38 44 49 
52 55 64 72 74 75 78 82 84 85 89 98 
107 109 110 118 120 125 127 131 140 141 143 149 
151 156 159 166 171 173 177 181 184 186 188 189 
190 195 196 198 199 200 
58
11 12 14 16 18 20 21 23 25 28 37 38 
41 43 44 48 49 51 57 68 72 75 78 83 
85 86 88 93 104 111 123 124 127 133 134 136 
139 143 144 148 154 156 158 159 161 165 168 170 
177 179 181 183 186 189 190 193 194 195 
62
3 4 7 13 14 18 22 26 28 32 33 34 
37 38 39 40 41 44 46 49 56 59 60 62 
64 65 74 77 79 86 89 92 93 97 103 108 
115 118 120 125 128 130 134 140 145 147 149 151 
153 155 161 162 164 165 167 176 179 185 189 191 
192 198 
60
1 2 6 7 9 10 18 27 28 30 34 36 
56 58 60 62 67 80 81 82 86 87 88 91 
92 96 101 104 108 111 113 118 119 120 122 125 
127 128 130 135 137 143 147 148 150 156 160 163 
165 168 170 174 176 181 182 186 187 192 193 200 
64
1 3 9 15 16 17 19 20 21 24 26 29 
30 32 38 41 44 46 47 48 50 57 59 60 
64 68 70 72 77 83 87 90 93 95 98 99 
109 110 111 112 118 123 124 131 132 138 153 157 
158 159 164 166 167 168 169 170 173 177 183 188 
190 193 194 198 
68
3 5 12 16 21 24 29 31 32 36 37 43 
44 48 51 55 56 60 61 62 71 73 74 75 
76 78 79 85 86 87 88 89 93 95 97 98 
102 103 104 105 110 112 114 115 117 121 127 129 
140 141 143 144 149 151 156 158 161 167 172 173 
174 175 177 180 181 182 193 194 
69
1 3 4 5 6 7 9 12 14 15 19 21 
22 24 29 32 35 39 41 42 47 51 52 53 
64 67 68 69 79 80 82 87 88 91 103 105 
107 114 123 128 130 134 135 137 141 142 143 149 
150 154 157 158 159 164 165 166 167 169 171 174 
179 180 183 185 189 193 195 196 200 
50
3 4 7 11 16 20 25 27 28 39 42 51 
61 62 63 65 72 74 78 81 87 88 94 97 
100 102 110 111 125 131 132 136 139 140 145 146 
147 149 155 159 162 163 173 176 184 185 190 196 
197 200 
73
2 3 4 5 6 7 10 13 18 23 24 30 
31 32 33 35 36 49 50 52 55 60 61 62 
63 66 68 70 77 81 85 88 90 92 93 94 
97 98 99 101 102 106 108 109 115 116 122 127 
129 131 134 135 139 145 148 149 150 158 161 163 
165 166 167 178 181 184 185 187 188 195 197 198 
199 
60
2 3 8 12 15 17 18 21 22 25 32 33 
35 41 50 55 56 59 67 71 77 84 86 92 
98 102 110 111 114 116 117 119 122 123 126 127 
131 135 136 138 140 143 146 148 150 153 154 155 
163 164 166 171 172 179 183 185 188 191 192 197 
70
1 4 14 16 17 19 21 23 24 31 34 36 
37 39 47 52 54 61 62 69 72 74 75 78 
79 80 81 84 85 86 87 89 91 93 94 99 
102 104 105 107 109 115 118 122 128 130 136 138 
144 145 148 149 153 154 156 163 167 168 172 177 
180 181 183 185 188 190 191 192 196 198 
61
4 13 15 16 17 20 23 25 30 33 36 39 
40 42 43 46 48 51 52 55 62 63 75 76 
78 80 84 93 98 99 109 110 111 115 119 122 
123 125 127 128 130 135 140 141 146 152 154 155 
157 165 170 171 174 178 179 185 190 195 196 199 
200 
65
12 15 22 25 26 27 32 34 35 38 44 46 
47 51 52 53 56 57 59 60 62 66 68 73 
74 80 81 83 85 86 89 90 100 101 103 112 
114 117 119 122 123 124 127 129 131 134 140 142 
149 150 153 154 159 160 163 165 168 169 171 183 
186 187 191 192 200 
57
1 11 14 24 28 36 37 38 41 42 44 52 
53 57 61 70 73 79 80 82 83 92 98 101 
104 111 114 116 117 119 120 124 126 129 131 133 
136 137 143 150 158 160 162 167 171 172 173 175 
180 181 182 183 189 190 193 195 200 
58
2 4 6 7 14 15 18 20 23 26 31 36 
38 39 41 43 44 45 51 52 62 63 64 71 
76 78 79 84 87 88 89 93 94 95 102 103 
106 111 120 126 130 135 136 137 140 142 143 146 
156 159 168 169 170 171 172 179 180 194 
55
2 5 8 11 26 28 29 30 33 35 38 42 
44 63 68 69 75 79 80 82 86 90 92 102 
106 109 111 113 122 123 124 129 131 132 133 134 
135 141 148 153 158 159 162 163 170 176 177 178 
179 185 186 195 196 199 200 
66
1 2 5 11 12 18 23 26 27 32 35 36 
43 46 48 55 56 60 61 64 73 77 78 79 
82 85 90 91 96 104 111 114 117 118 122 123 
124 128 130 133 136 140 141 143 147 150 152 154 
155 156 158 159 162 166 168 174 175 176 178 179 
180 191 195 198 199 200 
62
3 5 6 8 16 18 19 21 29 30 32 33 
38 40 46 49 53 56 58 60 62 63 68 71 
72 75 76 77 81 89 90 92 94 106 109 113 
121 122 126 127 133 138 139 140 142 144 148 149 
154 161 165 166 167 168 176 180 185 189 194 196 
199 200 
60
6 8 13 18 19 21 22 23 26 32 33 35 
36 38 41 43 46 49 52 54 55 58 65 66 
67 70 76 80 81 94 95 97 98 101 104 105 
106 114 117 119 122 125 127 139 141 144 146 147 
152 154 158 171 176 177 181 189 190 191 196 197 
64
1 2 7 9 10 11 13 14 20 23 27 29 
36 38 39 40 45 46 51 60 61 63 65 66 
67 69 83 86 87 89 90 93 94 98 101 105 
109 110 111 114 121 123 128 130 136 140 148 149 
150 151 153 155 160 162 164 171 175 179 182 184 
190 194 196 199 
50
1 5 8 12 13 16 21 23 32 33 34 39 
40 41 42 48 55 58 60 65 67 72 73 75 
89 92 102 103 104 106 132 134 135 136 138 141 
142 150 154 159 163 165 170 176 178 182 186 187 
190 191 
67
3 4 5 6 7 9 11 12 16 17 21 22 
23 28 29 34 35 36 38 40 42 50 58 59 
60 63 66 67 70 75 81 82 87 89 91 96 
99 100 108 112 115 117 123 124 126 128 129 131 
138 139 142 145 156 160 168 170 172 174 175 178 
186 187 193 194 197 198 200 
64
1 3 8 14 18 19 21 24 27 29 35 37 
39 42 48 53 56 60 68 73 86 87 91 93 
94 96 97 98 104 105 106 108 110 112 115 116 
118 121 122 124 131 132 136 151 155 159 160 161 
163 164 165 167 172 173 175 181 184 185 187 188 
190 194 195 198 
61
1 6 7 11 15 17 18 22 23 27 31 34 
39 41 44 45 47 50 55 56 61 64 65 66 
72 73 74 76 77 80 85 96 99 100 101 104 
107 111 117 118 120 125 127 131 135 141 142 143 
147 149 153 167 168 169 172 174 182 183 192 193 
200 
52
1 10 17 27 33 38 39 42 46 50 57 67 
68 72 76 78 79 82 88 105 108 109 110 114 
116 122 125 127 129 140 141 147 151 153 154 155 
156 157 159 162 164 166 168 170 174 175 180 187 
191 194 195 200 
62
1 4 9 19 27 31 36 42 43 49 52 55 
56 66 67 69 70 73 74 76 77 80 85 86 
89 92 95 97 98 100 101 107 111 115 117 119 
124 131 134 135 139 144 150 154 155 161 164 165 
167 168 171 173 177 181 183 185 186 187 191 193 
194 200 
60
10 13 20 21 28 30 31 32 34 43 50 52 
63 64 67 73 75 77 78 80 82 85 87 88 
91 99 100 102 103 104 105 108 112 115 117 120 
123 128 132 144 145 147 148 150 154 156 157 159 
160 162 163 165 175 176 179 180 194 195 199 200 
53
1 5 8 9 12 14 15 16 25 29 31 33 
40 41 44 47 55 60 61 63 72 73 76 82 
90 99 103 104 105 108 109 114 118 119 131 133 
134 136 142 145 159 167 170 172 175 177 182 184 
185 191 193 198 200 
66
1 3 5 8 18 21 25 26 27 28 29 30 
34 39 40 46 50 51 53 58 60 63 66 74 
75 77 80 83 87 91 93 98 100 105 106 107 
108 112 113 114 116 118 120 122 124 125 126 134 
147 154 157 158 159 161 162 164 165 169 171 172 
176 178 185 194 196 198 
66
2 3 6 13 16 18 19 20 23 24 26 33 
34 37 38 45 49 50 51 52 53 55 58 60 
66 67 76 79 86 87 88 94 96 98 106 107 
113 115 117 119 122 125 127 128 134 140 141 145 
152 154 155 157 162 164 165 168 175 177 178 180 
183 184 190 192 195 197 
58
10 11 14 16 18 20 22 23 27 28 31 35 
38 39 41 42 47 48 53 56 58 64 65 66 
76 77 81 89 99 114 115 119 121 133 139 147 
149 150 151 152 157 158 159 161 168 169 172 178 
180 181 183 186 187 191 192 194 195 200 
64
2 5 7 8 16 18 32 34 39 40 47 50 
51 52 57 58 60 62 63 68 69 71 76 78 
79 82 84 85 90 93 95 96 105 106 108 116 
118 124 129 131 134 136 138 139 140 141 142 146 
148 152 154 167 169 173 174 178 180 182 189 193 
194 195 196 200 
73
3 4 6 9 15 18 20 25 29 31 36 39 
45 47 48 50 52 53 55 57 58 59 60 61 
62 68 69 70 74 75 79 81 82 83 84 88 
99 101 103 108 111 114 115 121 122 126 131 133 
138 139 140 141 142 143 144 145 146 152 153 157 
158 161 162 167 169 174 175 178 184 185 186 193 
198 
61
2 6 10 11 13 15 20 22 23 32 33 34 
37 48 53 55 58 60 62 63 66 68 69 70 
73 74 77 78 79 80 82 88 89 97 100 101 
105 110 115 118 124 129 131 136 141 143 147 150 
151 166 169 170 174 176 184 186 188 194 195 198 
200 
64
1 5 7 9 11 12 14 15 19 21 22 28 
31 32 33 34 35 40 45 46 50 53 56 58 
61 64 71 72 77 81 86 90 91 93 95 96 
97 99 100 102 104 107 109 111 120 122 128 132 
134 137 138 145 153 165 167 170 174 177 179 183 
187 192 194 197 
60
1 2 6 9 12 19 21 25 27 29 37 38 
42 44 47 50 51 54 56 57 61 62 63 66 
73 74 77 81 83 86 93 98 99 101 110 112 
116 119 121 123 125 128 130 132 138 144 151 153 
155 158 166 170 176 183 184 192 196 197 198 199 
64
3 13 17 26 27 34 38 48 49 53 56 58 
59 61 64 68 69 70 71 73 77 80 81 86 
90 94 95 100 108 109 110 112 117 118 120 123 
127 130 131 133 134 136 138 140 145 146 148 153 
154 155 159 164 166 167 168 175 176 179 180 181 
185 192 193 194 
66
6 7 9 11 12 13 16 24 32 34 37 43 
45 48 50 55 61 70 72 79 80 81 82 87 
88 92 98 100 101 103 104 108 109 111 113 115 
117 122 123 125 126 133 134 138 139 140 145 146 
148 156 159 164 165 168 169 170 173 174 177 185 
186 188 192 193 195 200 
66
1 6 8 10 12 13 14 16 17 22 25 27 
30 31 33 41 49 51 53 56 57 58 65 68 
69 70 74 75 76 77 78 80 82 86 87 88 
90 92 93 94 95 104 106 117 118 123 139 150 
152 153 154 155 156 161 165 166 180 184 185 188 
190 194 195 196 197 200 
68
5 8 10 11 13 15 16 20 22 25 26 27 
29 30 34 35 37 38 39 40 42 50 51 53 
54 55 59 61 68 72 74 77 79 85 89 90 
97 101 102 103 110 111 114 118 121 123 128 129 
130 134 141 148 150 161 162 165 170 172 173 177 
179 185 187 189 191 192 193 195 
55
1 3 4 9 10 11 13 14 17 21 28 38 
41 45 52 58 65 66 71 74 76 77 80 82 
84 90 91 93 94 99 102 104 107 116 118 121 
136 139 147 149 150 152 160 161 165 166 168 169 
171 173 179 181 183 188 191 
72
2 12 13 15 19 20 22 25 27 28 30 32 
36 37 38 39 40 42 43 47 48 49 52 63 
64 74 75 76 79 80 82 87 89 91 92 96 
98 99 103 104 105 106 109 115 119 120 126 128 
129 135 138 144 146 148 150 151 153 157 164 167 
176 178 181 187 188 190 191 192 196 198 199 200 
54
2 4 7 14 15 18 20 21 24 30 33 36 
38 47 49 54 60 61 62 74 79 81 83 86 
88 97 99 100 102 108 112 118 119 122 134 138 
146 151 153 156 157 160 161 172 174 179 185 186 
187 191 193 198 199 200 
62
2 5 7 8 15 16 17 20 21 22 26 29 
31 34 36 37 43 47 48 49 53 56 58 60 
73 76 78 85 87 89 91 92 98 103 104 108 
109 112 113 125 126 135 138 139 141 143 161 163 
167 170 171 172 174 175 180 182 184 188 190 191 
198 199 
51
3 4 8 12 14 17 20 22 25 32 33 34 
40 43 46 49 50 57 58 59 61 62 76 79 
82 85 87 89 96 98 100 102 103 107 110 112 
117 119 131 132 136 148 149 150 152 156 174 188 
195 197 200 
56
1 3 6 7 16 23 33 36 43 45 47 50 
54 58 61 64 66 68 75 77 78 81 87 95 
96 101 109 110 111 112 113 114 123 127 129 134 
135 137 138 139 140 144 149 168 172 173 175 185 
191 192 193 195 196 197 199 200 
56
1 3 7 8 9 20 25 27 29 40 41 44 
45 46 49 50 52 56 59 64 67 68 73 79 
83 84 88 91 92 101 105 114 115 123 126 128 
132 133 135 143 145 146 148 150 155 163 173 183 
186 188 194 196 197 198 199 200 
64
2 3 5 7 12 16 19 27 28 29 31 32 
34 35 36 37 40 41 44 45 46 52 61 64 
65 66 72 73 76 77 83 84 88 90 92 93 
94 98 99 102 103 106 109 115 123 125 127 128 
129 132 144 151 153 157 164 165 171 173 174 178 
180 183 190 193 
61
7 10 14 15 17 22 30 31 33 36 37 41 
44 51 53 60 64 65 66 71 74 75 76 77 
80 81 82 83 86 87 88 99 101 109 111 113 
115 117 118 120 128 138 139 141 145 146 150 155 
159 163 169 170 171 175 178 183 185 188 193 198 
200 
53
3 5 8 19 21 22 23 25 26 27 28 29 
31 36 52 55 60 63 66 70 71 84 86 87 
88 89 90 91 94 97 98 99 100 104 112 123 
127 130 144 148 158 161 163 173 175 176 177 179 
180 186 190 195 199 
64
3 7 11 13 14 17 18 19 21 27 36 37 
40 41 45 53 55 56 57 59 60 61 72 77 
83 84 87 89 95 98 100 108 114 115 116 118 
120 122 130 134 139 141 145 153 155 156 158 160 
163 164 165 167 173 177 179 181 182 185 186 190 
194 198 199 200 
50
15 19 20 21 26 31 35 41 42 50 53 56 
57 61 62 64 68 71 78 80 82 83 86 91 
95 99 105 111 113 115 116 120 124 126 127 132 
142 143 145 151 153 158 160 175 177 179 182 187 
188 196 
58
2 5 6 7 9 12 15 16 20 22 25 30 
34 35 42 43 44 46 48 49 54 55 60 61 
68 72 81 84 87 98 99 100 105 106 111 113 
115 120 127 130 134 136 140 142 145 146 156 161 
165 167 170 171 173 175 176 183 188 199 
64
3 4 15 19 24 30 33 36 37 39 40 44 
45 47 48 50 62 71 72 76 79 87 89 92 
93 102 109 111 113 114 118 122 124 128 129 131 
132 135 138 142 143 144 145 152 157 158 161 162 
166 167 170 173 177 179 180 186 187 188 190 192 
194 195 197 199 
62
12 18 20 23 27 30 32 37 42 45 47 48 
51 52 55 59 60 63 65 66 67 68 73 79 
85 88 89 98 103 104 108 110 124 127 128 129 
131 133 134 135 137 139 140 143 144 146 147 153 
156 157 158 159 160 161 163 164 165 167 171 187 
189 191 
62
4 5 7 8 9 10 17 21 27 30 35 36 
41 42 43 48 52 53 54 56 59 60 64 65 
71 81 86 87 91 96 99 104 106 107 108 109 
116 118 121 135 136 141 142 143 146 149 152 157 
159 160 168 170 175 176 181 183 186 189 191 195 
197 198 
57
1 8 11 13 21 25 29 31 32 33 35 36 
40 41 44 48 51 57 59 66 67 72 74 75 
76 81 85 89 90 91 96 99 107 108 115 117 
119 123 128 130 131 132 133 134 142 147 148 149 
159 160 168 178 180 189 192 193 199 
55
9 15 17 20 21 28 30 31 32 33 37 46 
48 52 56 57 58 63 64 69 73 78 85 88 
90 100 109 112 116 122 124 127 128 132 133 134 
141 143 155 159 160 168 169 173 175 178 182 183 
184 185 189 191 194 197 199 
60
1 4 5 6 7 8 12 15 17 19 24 25 
30 31 34 37 43 47 49 59 60 62 64 65 
66 78 79 83 86 91 93 106 117 121 126 129 
135 138 141 142 143 146 147 151 156 157 161 162 
165 166 168 173 175 177 191 193 195 196 198 200 
67
7 8 13 14 15 19 20 22 29 30 31 34 
38 39 41 42 43 45 48 54 56 58 61 63 
70 73 74 78 80 84 86 90 91 92 99 100 
104 106 109 117 119 124 125 132 133 135 137 139 
141 142 148 149 152 155 161 163 168 169 172 173 
174 178 179 185 186 196 198 
70
5 6 9 10 11 13 14 15 24 25 28 29 
31 32 38 40 44 46 47 48 51 52 53 55 
57 64 65 70 71 73 75 77 79 91 93 98 
103 106 107 109 111 113 119 123 124 125 127 128 
130 131 133 136 140 143 144 151 155 156 157 158 
159 166 167 169 171 187 193 194 197 198 
65
3 4 11 12 19 23 24 26 28 31 33 34 
38 39 45 47 55 57 58 63 64 69 71 73 
77 78 82 88 92 94 98 100 101 102 103 108 
110 116 119 120 127 130 132 135 137 138 139 143 
149 154 157 164 165 168 169 171 175 176 178 180 
184 187 188 190 200 
55
1 7 9 12 13 16 24 27 29 30 33 35 
37 39 44 45 49 55 64 65 68 71 74 80 
81 82 89 92 95 101 104 108 109 110 119 122 
123 135 144 149 151 152 153 154 158 160 171 174 
175 177 181 186 189 190 194 
66
5 6 11 14 16 20 21 25 26 27 31 33 
34 36 38 41 45 51 57 58 61 63 64 65 
70 71 76 77 83 91 92 93 98 99 105 109 
114 117 122 125 127 132 133 136 138 142 147 151 
152 153 158 162 164 166 173 175 177 179 180 188 
190 191 192 196 197 198 
52
2 5 6 7 11 18 20 23 25 27 28 30 
33 37 38 53 56 57 59 62 71 76 80 90 
93 98 102 103 110 114 118 119 123 128 134 136 
138 142 143 147 149 155 160 163 164 167 170 189 
191 192 197 198 
60
3 5 11 13 20 22 29 31 39 40 43 44 
45 48 51 56 57 60 64 69 79 82 83 84 
87 90 100 116 122 123 124 125 128 131 132 137 
138 139 140 142 146 153 154 155 157 170 172 174 
175 177 179 180 185 186 187 190 194 195 196 199 
61
7 10 12 15 16 18 19 21 22 25 28 29 
31 33 38 39 41 42 43 44 47 48 49 50 
57 65 69 70 73 75 77 81 83 84 86 88 
89 101 102 105 107 110 112 114 121 124 126 128 
134 138 149 153 158 159 170 178 179 185 187 188 
197 
67
5 7 8 9 13 15 19 20 24 27 29 32 
36 38 48 50 51 54 58 60 61 66 67 74 
75 76 78 85 86 87 92 94 96 97 100 101 
102 103 104 106 108 111 114 115 116 117 121 122 
126 127 137 142 147 152 154 156 157 160 164 169 
173 177 181 188 194 196 199 
62
4 5 7 10 13 14 16 18 22 23 25 28 
30 31 34 37 39 41 44 51 53 57 59 75 
87 88 90 91 92 93 95 102 105 106 108 110 
122 131 133 139 141 144 145 147 148 154 156 160 
162 164 168 170 171 172 177 179 180 181 187 189 
195 199 
67
1 4 5 6 7 9 14 15 21 25 26 28 
29 33 35 41 46 54 55 57 59 62 63 71 
75 77 79 81 84 88 90 91 93 97 102 103 
105 112 113 114 115 116 119 123 126 128 131 132 
135 136 138 140 141 142 152 154 157 158 163 164 
176 184 185 186 187 196 200 
65
1 2 3 6 8 10 13 15 17 23 29 30 
33 34 36 38 39 49 52 53 54 56 57 62 
67 69 76 79 83 84 87 88 90 91 98 100 
105 107 109 114 119 121 123 128 135 136 139 140 
145 149 151 157 158 160 168 169 171 175 185 186 
189 192 193 196 200 
51
2 3 6 11 12 15 19 23 25 27 32 33 
36 37 43 62 63 64 65 66 68 74 89 90 
93 97 101 111 112 117 125 138 141 144 145 156 
158 160 163 164 166 170 181 183 184 186 188 189 
195 196 199 
58
2 3 6 7 11 13 14 17 20 22 26 29 
30 31 34 35 36 38 40 45 46 50 51 55 
56 57 59 62 63 68 73 84 86 90 91 92 
93 100 101 103 104 107 113 120 128 148 150 166 
171 175 182 187 188 189 190 196 197 198 
68
3 7 8 9 14 16 18 19 22 26 27 28 
30 32 33 35 39 40 41 46 48 49 50 51 
52 56 59 63 64 68 74 75 76 77 80 83 
88 89 93 98 100 101 103 107 110 112 114 121 
122 127 128 137 138 140 145 148 151 152 157 159 
160 167 178 180 188 194 195 197 
58
6 9 11 20 22 27 29 33 39 41 42 47 
48 51 59 60 63 65 66 70 71 73 74 79 
81 82 84 85 87 92 93 94 96 97 101 104 
108 109 114 121 124 127 130 142 144 148 150 158 
161 164 184 186 187 189 191 194 199 200 
54
5 8 9 15 18 25 32 37 42 43 56 60 
62 63 65 79 85 86 87 90 92 94 95 101 
103 105 106 110 121 123 127 128 129 130 131 137 
139 140 141 147 148 149 152 154 156 169 179 184 
185 186 187 190 194 198 
61
3 6 8 10 11 13 18 22 24 26 27 29 
33 40 43 46 52 53 55 64 69 74 78 81 
86 88 93 94 95 96 101 102 106 110 115 123 
126 128 129 133 135 136 139 144 147 151 155 158 
160 161 163 164 166 174 175 183 187 191 195 196 
197 
61
4 5 6 18 19 22 23 25 26 27 29 31 
33 35 40 42 45 50 52 53 55 60 61 68 
73 77 78 83 86 87 94 101 102 103 104 107 
117 119 125 126 130 136 139 142 143 158 161 162 
164 167 169 171 174 175 176 181 185 188 190 192 
198 
50
12 27 30 33 40 43 47 54 55 60 62 63 
70 71 72 76 79 86 88 89 95 98 103 106 
111 118 122 127 128 134 136 137 138 140 143 144 
147 154 157 162 169 170 172 174 176 184 190 193 
199 200 
58
2 7 11 26 28 30 31 33 37 39 43 44 
52 53 55 65 66 69 70 74 79 80 81 82 
86 92 94 95 97 99 101 103 109 114 119 123 
125 132 133 137 141 147 149 151 153 154 159 162 
168 170 172 173 175 176 190 191 195 198 
50
1 3 9 11 12 17 18 22 29 39 41 47 
51 52 58 72 75 76 84 90 100 106 107 108 
109 112 113 115 116 118 121 127 131 132 135 137 
143 146 147 151 153 172 173 178 181 183 190 192 
193 197 
61
6 9 12 13 18 19 20 23 33 35 41 48 
51 55 56 58 73 78 87 88 89 90 94 99 
100 102 104 105 107 109 111 120 124 125 127 128 
129 133 145 148 149 153 154 158 159 163 166 167 
170 172 173 176 177 182 184 190 191 193 197 199 
200 
70
2 4 5 9 10 14 16 19 20 21 25 28 
32 34 36 39 42 44 48 49 53 59 60 63 
64 66 69 70 75 77 79 80 82 83 87 91 
93 95 98 101 102 108 109 112 115 117 118 119 
122 124 126 129 131 132 137 143 145 148 150 151 
153 157 158 163 169 171 172 177 193 198 
57
4 6 10 11 13 14 16 17 20 22 35 42 
48 49 51 53 54 61 63 73 76 81 97 98 
99 100 104 105 113 123 124 127 128 132 136 141 
142 144 148 149 156 157 160 170 177 179 182 183 
184 185 188 189 190 192 194 197 198 
53
1 6 12 15 19 21 26 28 32 33 41 43 
47 49 54 56 59 64 66 67 71 75 86 89 
90 91 94 95 101 105 113 128 131 133 139 140 
144 146 151 153 154 156 157 163 165 167 169 170 
178 180 187 188 198 
57
9 13 15 17 24 28 29 33 39 41 46 50 
56 59 61 63 65 69 70 74 78 80 81 86 
93 97 98 104 105 109 116 121 123 124 125 126 
129 131 132 136 147 148 150 152 161 162 165 167 
171 173 176 182 183 185 189 190 199 
69
1 3 9 10 15 17 18 21 24 28 29 32 
39 45 47 48 50 51 52 54 56 57 58 60 
61 63 64 65 74 77 80 83 86 96 104 105 
106 108 122 124 126 131 133 137 141 144 145 146 
147 149 151 157 158 160 165 166 167 173 174 178 
179 181 183 184 188 192 194 195 200 
52
6 7 11 14 19 22 28 35 36 43 47 48 
52 53 56 58 61 62 65 68 69 72 77 79 
80 81 82 91 95 101 112 118 124 127 128 133 
136 141 145 149 150 155 156 163 173 179 184 187 
188 191 197 199 
58
2 10 13 15 19 20 23 26 28 30 42 45 
47 48 49 53 64 66 74 77 79 80 85 90 
91 92 94 96 108 111 114 117 120 121 126 129 
130 134 135 136 137 138 141 147 158 159 164 165 
167 169 172 175 178 180 185 190 193 196 
64
4 7 15 19 20 25 28 30 34 36 38 39 
47 54 58 61 66 72 73 76 80 81 82 84 
86 91 93 94 95 96 99 103 115 117 118 120 
121 123 126 128 129 133 137 144 149 150 151 152 
158 159 160 164 166 168 170 171 174 176 179 183 
189 190 198 199 
61
3 4 5 8 11 20 22 26 28 29 34 39 
40 41 43 44 45 47 48 52 55 62 72 79 
81 82 85 91 95 96 97 98 100 104 107 114 
115 116 119 122 123 127 128 140 145 147 152 153 
156 161 167 170 171 173 179 182 186 190 192 198 
200 
69
6 7 10 13 16 19 20 24 28 31 33 36 
37 39 42 45 47 50 51 52 55 56 57 58 
60 64 67 70 80 82 91 92 95 98 99 106 
107 114 116 117 120 122 125 128 129 131 133 134 
139 141 143 147 148 153 155 161 163 167 168 169 
170 173 178 179 180 181 186 194 198 
59
5 9 11 16 19 31 33 35 36 37 43 44 
46 47 48 50 51 52 56 71 72 73 80 82 
83 86 89 91 98 99 100 102 104 105 107 109 
119 124 126 128 129 131 132 133 134 138 150 152 
156 162 167 171 176 177 178 179 185 195 197 
66
2 4 8 16 21 23 25 26 29 30 34 37 
39 43 48 49 51 54 63 65 68 69 72 76 
77 79 81 82 83 84 88 89 90 91 95 97 
99 100 113 119 120 127 136 139 140 143 147 148 
151 153 154 155 157 159 160 167 168 169 179 180 
184 187 189 192 197 200 
57
2 3 4 6 10 11 17 21 22 23 26 29 
34 43 44 46 50 52 55 64 68 75 80 84 
91 99 102 103 105 108 112 119 122 128 130 135 
136 138 142 148 151 152 157 158 160 161 168 174 
176 177 186 188 190 193 194 196 198 
63
6 7 9 11 12 13 16 20 23 27 29 37 
45 50 53 54 55 57 58 59 65 66 70 73 
75 81 87 89 91 92 93 97 104 105 106 108 
114 115 116 118 124 128 139 141 143 144 145 146 
151 155 165 166 167 170 171 173 180 181 185 187 
191 192 198 
56
10 21 23 25 27 29 32 33 38 44 49 51 
53 60 61 62 63 64 71 74 78 91 92 93 
99 104 107 111 114 118 123 124 130 132 135 136 
139 141 143 147 148 151 155 159 161 162 167 175 
177 179 184 187 188 190 195 198 
61
4 9 10 11 12 17 21 23 25 27 31 35 
40 43 44 45 46 52 64 68 70 75 76 77 
82 89 95 96 98 100 102 104 105 106 109 114 
119 122 125 128 129 134 142 148 150 151 153 154 
157 158 160 161 162 168 174 183 184 185 186 193 
196 
62
9 11 14 20 21 22 25 28 29 35 40 43 
44 47 50 54 59 61 63 66 68 69 70 73 
75 81 85 86 87 95 96 97 100 103 109 110 
112 119 123 124 129 130 132 135 136 138 143 148 
151 154 155 158 164 170 172 184 187 188 189 196 
197 198 
55
2 3 4 8 9 11 14 15 16 21 24 25 
27 37 38 43 44 46 47 50 51 52 53 59 
62 63 78 80 81 83 85 86 88 93 99 106 
108 109 115 117 121 125 131 136 152 154 155 163 
164 167 168 179 183 196 199 
68
3 5 8 9 11 12 13 14 17 18 20 21 
22 25 28 31 44 45 47 49 50 51 55 56 
58 59 68 72 76 82 87 88 90 91 92 94 
103 104 108 109 110 114 121 125 132 141 144 145 
147 148 151 155 157 162 169 170 172 173 177 181 
184 186 189 192 196 197 199 200 
58
8 13 18 23 25 34 35 38 40 43 45 51 
61 62 65 79 83 87 88 94 96 98 101 102 
104 106 108 111 113 114 116 117 124 125 126 127 
130 134 135 137 138 139 142 147 150 158 167 168 
178 181 184 185 187 189 190 191 198 200 
50
2 5 6 16 20 27 31 32 36 44 49 53 
61 62 67 68 71 72 73 75 88 99 102 104 
109 120 121 122 124 126 128 130 132 133 136 138 
144 147 151 158 161 162 166 170 171 172 182 184 
185 195 
64
2 7 9 13 17 18 19 20 24 25 33 34 
40 41 45 46 47 48 50 64 65 76 77 83 
87 88 92 93 96 97 99 101 105 106 107 109 
111 113 119 120 121 129 130 131 133 136 144 146 
153 158 165 169 170 172 173 175 176 181 182 189 
192 193 198 200 
61
2 5 10 11 12 13 16 18 20 21 27 32 
38 42 44 45 52 53 57 58 64 68 74 75 
80 83 84 86 87 89 94 95 97 108 112 115 
116 117 119 120 125 129 143 145 147 148 153 160 
165 167 171 177 178 180 185 187 193 194 195 197 
198 
58
2 6 7 9 22 26 27 33 34 35 38 44 
51 57 58 60 62 63 70 72 73 74 75 76 
79 80 81 93 94 95 99 100 101 102 104 109 
112 120 126 131 133 135 141 148 149 154 156 157 
164 167 169 177 181 183 185 186 194 197 
65
7 9 13 14 15 16 28 31 32 35 37 39 
40 41 44 45 50 51 55 62 72 78 81 83 
87 88 90 92 99 100 102 106 108 111 112 113 
114 116 120 121 124 125 129 130 134 135 141 145 
146 157 159 164 166 169 172 175 177 180 182 183 
192 193 194 197 200 
64
5 6 10 13 16 18 19 20 22 23 26 29 
31 32 33 34 35 38 39 43 46 54 58 60 
61 63 70 71 76 78 79 80 83 86 93 94 
97 98 103 104 111 117 122 129 130 132 138 139 
147 150 154 167 168 174 176 181 183 184 189 192 
196 197 199 200 
62
5 10 12 19 25 29 31 33 36 37 41 44 
47 55 57 61 63 67 69 73 74 75 77 81 
85 89 92 93 106 110 113 119 120 123 127 135 
136 137 138 150 154 155 156 160 161 162 165 168 
169 172 176 179 180 181 184 185 186 187 189 190 
196 198 
59
9 13 18 19 20 21 26 38 42 44 45 46 
52 55 58 62 63 66 71 78 82 84 85 87 
91 92 100 105 113 115 118 124 125 128 133 137 
138 139 142 147 148 149 153 155 159 161 162 163 
164 165 175 176 177 188 189 190 192 194 197 
76
2 3 4 6 7 12 13 15 16 22 23 27 
32 40 49 50 51 52 53 54 56 57 59 61 
62 64 71 72 74 77 78 82 87 89 92 96 
97 98 99 105 108 109 111 112 114 115 120 123 
127 132 135 137 138 140 147 148 149 151 153 155 
156 160 168 172 173 174 175 178 179 180 181 182 
186 187 193 194 
63
7 13 14 17 22 23 25 29 30 33 41 46 
50 51 52 55 57 59 60 61 63 65 66 68 
71 72 73 78 81 82 87 88 89 90 92 102 
111 112 120 124 125 127 129 133 134 135 136 137 
139 140 142 143 147 152 158 159 170 175 176 189 
192 197 198 
63
1 7 9 13 16 18 19 21 22 24 29 36 
37 38 43 50 51 54 61 64 66 73 74 75 
77 83 84 91 104 112 113 118 120 123 125 126 
129 131 134 136 137 143 146 148 152 154 155 156 
159 160 162 166 167 169 171 175 177 178 180 181 
188 192 195 
50
3 9 11 15 25 26 39 40 44 50 51 56 
59 60 61 65 66 82 84 91 92 94 95 101 
102 103 106 109 113 114 116 128 131 132 133 136 
138 140 141 142 145 146 165 177 178 181 182 183 
192 199 
70
2 3 4 7 15 19 23 25 27 28 32 36 
38 43 44 46 47 50 62 67 70 71 73 74 
75 76 82 83 95 96 101 102 103 104 107 110 
114 115 116 123 125 127 128 129 133 134 135 136 
143 147 148 149 155 157 159 161 165 166 167 170 
171 172 174 182 185 190 193 195 198 199 
55
1 2 4 8 10 13 14 15 17 21 22 24 
31 33 34 36 43 44 47 48 56 61 69 71 
77 79 80 82 92 95 96 102 106 107 108 109 
118 122 123 124 127 145 147 162 166 167 169 177 
183 184 185 188 193 194 200 
55
2 8 10 20 25 27 32 33 35 40 46 47 
52 54 59 67 70 71 73 78 79 83 86 87 
90 94 95 106 109 110 121 124 133 144 146 150 
154 158 162 163 165 167 168 172 173 177 179 182 
185 186 189 191 195 199 200 
58
1 19 25 30 38 41 44 48 49 53 59 62 
63 69 70 72 74 75 76 81 90 92 101 103 
105 106 111 112 113 114 116 119 122 123 126 127 
128 129 133 139 141 144 146 149 152 160 161 165 
169 172 181 183 185 187 188 194 195 197 
67
3 5 7 10 11 17 18 20 21 23 24 25 
26 27 32 35 36 43 49 50 54 55 58 66 
67 70 76 78 84 87 93 97 100 102 105 106 
107 108 110 120 121 127 128 133 135 136 144 150 
151 154 155 156 166 174 175 177 178 179 180 182 
184 188 189 191 195 196 199 
68
1 6 9 13 14 23 24 26 30 41 43 50 
51 52 53 56 61 62 63 67 69 71 73 74 
75 76 77 79 83 84 86 90 93 96 99 103 
104 117 127 128 129 131 138 140 143 145 147 148 
149 152 154 156 158 161 163 164 165 171 173 175 
176 178 187 190 191 197 198 199 
62
6 13 17 24 25 26 27 30 32 35 39 40 
45 47 52 53 54 55 58 61 63 65 76 79 
82 83 91 92 97 98 100 103 104 105 111 114 
116 117 118 119 125 127 129 134 135 136 138 139 
140 147 148 150 151 158 163 167 171 175 178 186 
190 198 
49
2 3 6 14 17 33 36 37 38 43 48 50 
54 66 67 68 69 71 75 76 77 88 89 96 
110 112 116 120 129 132 133 135 136 137 146 147 
148 155 157 160 162 168 173 183 188 189 191 196 
198 
57
2 6 9 15 19 21 23 24 25 27 32 37 
45 47 53 55 56 57 60 63 64 69 73 74 
79 80 88 89 92 95 98 100 105 107 111 113 
116 121 122 131 137 138 141 143 145 152 158 161 
162 167 171 175 178 179 187 194 198 
80
5 8 9 10 13 19 23 26 27 32 33 34 
36 38 39 40 45 47 48 49 54 55 60 62 
70 72 73 74 75 76 77 78 81 82 83 84 
85 86 89 90 92 94 97 98 99 101 103 105 
107 110 114 117 118 119 124 133 135 139 152 153 
157 162 167 168 170 171 172 173 179 183 185 187 
189 191 192 193 197 198 199 200 
58
2 6 7 8 9 10 15 17 18 31 33 34 
37 38 41 46 47 49 51 53 54 58 59 66 
67 73 75 82 84 85 90 92 95 96 97 101 
104 111 112 113 126 128 129 143 153 155 157 160 
172 174 176 177 185 188 190 197 198 199 
51
1 3 6 12 13 17 25 33 35 36 43 48 
53 57 58 59 63 68 70 71 73 74 81 83 
86 88 89 90 93 94 97 98 101 102 107 110 
119 122 127 130 133 138 145 148 164 168 169 183 
186 193 199 
52
7 11 12 16 17 29 32 35 40 42 56 58 
59 61 62 66 77 79 80 81 87 88 93 98 
101 102 105 106 112 117 118 119 125 129 132 143 
148 153 155 158 161 164 169 170 176 179 182 183 
192 197 199 200 
57
4 8 9 10 12 13 18 19 20 24 25 29 
30 31 32 34 35 36 37 39 40 43 54 59 
60 75 76 81 86 87 95 96 103 107 108 109 
110 113 114 119 120 132 133 136 148 160 161 164 
166 167 168 169 173 177 180 190 196 
58
1 2 7 11 16 17 20 24 25 33 35 36 
38 46 48 53 57 59 62 66 73 75 81 88 
89 93 97 99 104 105 111 118 120 122 123 125 
128 130 132 137 140 144 145 146 151 153 158 162 
163 168 178 179 180 186 187 188 190 196 
60
9 10 13 16 18 23 24 25 26 30 32 33 
37 38 43 44 51 53 55 57 67 68 75 76 
80 83 84 86 88 94 95 97 102 106 107 113 
114 116 129 130 132 135 137 139 146 151 157 163 
166 168 169 173 182 185 186 187 188 192 195 200 
72
1 6 10 15 19 22 23 24 27 28 33 36 
38 39 42 43 44 46 50 51 56 57 59 61 
63 65 68 75 80 81 84 86 87 88 94 95 
96 104 109 110 111 112 113 114 115 117 118 122 
131 132 141 142 146 152 156 158 159 160 165 168 
173 175 177 179 183 184 186 191 196 198 199 200 
47
1 3 5 13 15 17 33 35 49 50 53 54 
62 63 68 72 73 76 77 81 86 87 90 91 
106 109 111 113 121 125 131 135 140 148 156 157 
159 165 169 170 177 179 184 186 187 189 191 
66
1 5 6 12 13 17 18 19 22 32 33 35 
36 40 43 51 52 53 54 59 62 64 65 73 
81 84 87 88 89 93 97 101 102 103 106 107 
108 114 117 120 129 131 133 134 135 136 142 147 
151 158 167 169 170 172 173 177 180 181 182 183 
188 194 197 198 199 200 
65
3 8 10 11 13 19 24 25 31 32 44 45 
46 48 53 55 58 61 63 64 67 70 76 78 
79 81 85 86 89 91 92 95 106 107 111 114 
119 127 128 129 130 132 134 135 137 145 148 152 
155 156 160 169 173 174 176 177 178 182 183 186 
187 191 192 198 199 
55
6 8 9 11 12 18 20 21 26 33 37 38 
39 41 42 44 45 48 49 52 55 65 75 80 
93 94 95 98 99 101 102 106 109 111 115 120 
128 131 136 137 141 145 146 151 154 157 158 162 
165 166 173 179 195 197 198 
59
2 4 9 11 20 22 28 29 31 34 43 46 
57 59 60 61 63 69 71 72 75 76 80 82 
83 88 92 94 97 112 114 119 120 125 126 130 
132 134 136 140 144 147 148 149 154 155 157 159 
160 161 167 177 179 180 185 186 191 193 198 
66
2 3 5 6 7 11 19 20 26 27 28 31 
32 33 35 37 38 39 40 41 43 45 48 49 
56 58 61 68 73 74 75 79 82 84 91 92 
97 102 105 106 108 111 117 118 120 123 129 131 
133 138 148 156 158 161 164 165 167 170 174 177 
183 186 192 196 199 200 
61
2 3 4 6 7 10 11 15 18 25 29 34 
37 40 41 46 62 63 64 67 77 78 81 82 
83 89 91 93 99 100 101 104 105 108 109 117 
119 123 124 135 138 139 144 145 157 158 159 160 
164 165 167 172 176 178 181 183 184 185 187 191 
194 
68
2 3 7 8 12 13 15 19 20 24 31 32 
34 37 40 45 46 48 51 52 55 58 59 60 
61 64 65 66 70 71 75 76 80 82 84 95 
97 99 109 117 122 125 127 133 135 137 138 141 
148 149 152 156 158 160 161 162 166 168 173 176 
177 179 181 183 186 189 194 197 
62
1 6 7 12 19 23 25 26 31 36 42 46 
50 52 56 58 62 66 69 71 72 74 76 78 
80 82 89 91 95 96 108 110 112 113 114 116 
117 121 122 128 134 136 138 140 150 151 154 155 
156 157 160 161 162 170 171 172 186 193 195 196 
197 200 
65
2 6 10 22 24 27 31 32 33 35 36 38 
39 41 44 48 49 50 55 57 58 60 61 73 
76 82 83 85 88 89 94 95 97 98 99 100 
101 108 111 112 113 119 121 123 125 129 130 132 
137 142 145 150 152 159 163 169 175 178 181 182 
185 186 190 195 198 
62
2 18 23 24 25 29 30 33 42 43 45 47 
48 50 51 53 59 61 64 67 72 78 82 83 
85 87 92 95 96 101 102 104 106 110 111 120 
121 125 127 128 131 136 137 138 139 144 148 149 
150 157 162 163 164 180 181 182 183 188 192 197 
198 199 
59
1 3 4 8 9 10 11 14 15 19 32 36 
37 39 40 44 48 49 53 55 56 58 61 62 
64 65 70 72 77 79 81 84 86 93 94 97 
101 103 106 112 113 117 119 120 123 125 128 130 
133 135 151 154 173 174 179 182 193 196 198 
59
2 15 16 20 23 26 28 32 35 41 43 44 
48 53 55 60 63 69 72 74 82 83 95 97 
98 102 103 106 110 111 112 117 118 119 120 127 
135 136 141 142 148 150 152 158 160 162 163 164 
165 168 170 172 177 178 180 185 187 196 197 
52
5 10 11 16 17 18 20 24 28 34 35 39 
50 54 57 69 79 82 85 88 91 94 98 99 
102 104 108 109 110 116 118 121 129 136 137 138 
139 144 146 148 150 154 156 162 165 174 186 188 
189 197 198 199 
57
3 7 12 14 16 18 21 26 34 41 42 45 
46 47 52 58 66 69 79 82 88 90 91 94 
96 98 100 102 105 106 113 114 124 133 136 137 
138 142 143 146 156 166 167 173 174 175 178 181 
182 183 186 189 191 197 198 199 200 
53
3 6 12 13 20 23 24 26 27 34 39 42 
43 64 65 66 67 70 75 78 82 86 88 89 
97 98 115 119 125 127 130 133 136 139 142 146 
148 151 152 154 156 162 163 167 170 173 174 186 
188 189 191 193 200 
57
10 19 20 23 26 27 28 39 42 47 49 50 
60 61 62 63 68 70 72 76 78 79 82 85 
87 88 91 92 93 94 98 99 101 108 109 110 
115 116 121 139 143 144 147 149 151 153 154 159 
162 163 167 170 172 175 188 189 199 
67
6 9 10 16 19 25 30 31 37 38 39 40 
41 44 45 50 52 54 59 60 61 64 66 79 
80 81 83 84 91 98 103 104 107 117 118 119 
120 121 124 130 132 135 139 144 146 149 150 152 
156 159 160 161 163 164 170 174 177 178 182 184 
185 187 188 192 193 197 198 
64
3 8 12 15 16 21 23 25 32 33 38 44 
45 46 49 53 56 58 62 64 66 67 69 70 
73 74 75 82 83 86 97 100 107 116 118 121 
126 131 134 135 136 137 140 143 144 147 148 149 
150 152 156 162 164 169 171 172 176 179 182 192 
195 196 198 200 
61
7 9 13 17 21 24 25 32 39 44 45 51 
52 53 56 57 58 62 64 67 68 71 73 75 
88 89 90 91 92 94 97 102 107 109 114 116 
117 121 122 123 127 128 130 131 132 136 137 143 
155 166 172 175 176 179 180 182 185 188 194 195 
196 
62
1 2 6 10 15 16 18 22 23 36 38 43 
45 46 47 49 51 58 61 68 72 75 76 77 
78 82 83 85 86 87 93 96 99 103 112 115 
123 127 130 132 137 138 140 146 149 151 155 161 
166 169 170 171 173 175 178 181 187 188 189 191 
197 200 
54
1 5 9 10 12 16 21 22 23 26 32 33 
36 42 53 56 60 61 68 72 74 75 76 78 
79 81 85 89 91 94 98 103 109 111 113 116 
119 132 135 139 140 143 146 153 159 164 167 182 
183 184 185 186 194 196 
66
1 2 5 8 13 14 16 17 20 21 26 27 
29 30 42 44 50 51 54 58 62 63 64 67 
74 75 77 83 87 89 90 95 98 99 100 101 
105 107 109 113 118 124 139 140 145 146 152 158 
159 162 164 165 170 173 174 179 180 189 190 192 
193 194 195 197 198 199 
65
1 3 5 7 8 14 19 27 29 30 36 38 
43 45 48 52 60 66 67 68 71 72 75 76 
78 79 80 83 89 91 93 96 97 100 103 111 
119 120 130 133 138 139 140 142 146 151 153 154 
157 163 167 168 171 172 174 175 180 183 184 187 
188 189 191 195 198 
55
2 3 6 10 13 21 23 24 25 26 31 34 
35 39 44 53 56 58 61 62 66 71 76 89 
90 95 102 103 105 106 110 114 115 116 122 127 
129 134 135 138 143 148 150 151 165 170 172 182 
184 187 190 191 194 198 200 
51
10 11 13 16 19 24 28 29 44 45 52 53 
62 65 67 69 75 76 83 85 88 90 91 92 
94 99 100 103 110 111 121 129 134 139 140 144 
146 148 150 151 156 159 160 162 165 169 172 174 
187 191 198 
57
1 3 9 16 17 24 28 41 42 44 46 47 
50 57 58 59 60 61 64 77 80 81 89 96 
100 102 104 106 108 112 115 118 120 123 131 134 
138 140 145 146 151 153 154 155 157 160 161 169 
170 172 178 179 184 186 189 190 198 
56
5 8 13 19 20 25 26 32 35 41 49 53 
54 62 66 71 75 79 80 87 88 90 98 100 
106 108 113 115 117 121 123 124 126 130 132 133 
134 137 138 141 142 144 145 147 151 159 164 169 
171 179 182 183 185 190 191 199 
52
4 9 14 15 16 21 25 26 29 34 50 52 
54 56 58 70 71 77 81 82 86 87 88 89 
91 94 96 98 100 103 106 119 122 128 131 132 
134 141 145 159 161 166 170 171 179 180 181 183 
185 187 188 189 
55
5 7 10 17 22 23 26 33 35 45 47 54 
59 60 63 67 68 74 84 86 88 90 98 102 
105 107 109 110 113 114 125 129 131 134 136 142 
143 147 148 149 154 155 157 159 160 161 166 167 
169 170 172 173 187 195 199 
64
1 2 3 5 6 9 12 18 20 22 27 28 
33 36 37 39 40 41 44 45 46 52 54 56 
59 61 62 65 72 73 78 80 84 86 87 97 
101 102 103 104 108 109 113 114 115 122 126 129 
142 147 148 150 156 159 162 164 169 171 172 178 
180 184 186 187 
64
3 5 6 7 9 13 15 16 22 24 25 26 
27 28 34 35 36 40 42 43 45 47 53 58 
66 69 70 72 74 75 81 86 90 96 98 99 
107 116 121 122 123 125 130 131 138 139 140 141 
149 153 154 161 163 164 167 169 170 173 177 191 
192 194 195 197 
63
2 3 7 10 17 18 19 21 22 31 32 40 
43 46 48 53 54 56 57 60 64 65 70 72 
73 74 81 82 83 84 85 87 90 93 95 104 
108 109 110 114 118 119 141 142 146 148 150 151 
153 155 159 160 161 166 167 171 172 179 184 187 
191 197 198 
51
1 7 11 13 21 26 31 32 35 41 44 52 
53 54 59 66 67 68 69 72 85 87 89 92 
96 101 102 103 104 105 111 114 118 121 122 126 
127 133 135 136 148 152 153 155 168 169 170 180 
183 184 194 
68
1 4 6 8 10 14 16 17 22 25 26 27 
29 38 39 40 43 45 47 53 55 56 57 58 
64 70 71 79 82 83 84 85 88 91 92 93 
94 95 99 101 102 105 106 107 115 121 124 126 
127 128 137 140 148 150 152 159 160 166 168 169 
174 176 182 185 187 190 193 194 
52
12 15 18 34 35 36 37 40 42 44 45 46 
50 58 64 66 67 70 71 75 81 82 92 95 
101 103 106 107 113 119 121 128 130 131 135 143 
149 155 158 160 162 163 168 177 178 179 182 186 
187 188 189 191 
50
3 7 11 12 14 21 23 28 32 33 39 45 
48 50 72 76 77 79 80 85 86 87 98 99 
101 105 110 116 121 122 129 133 140 143 144 150 
151 155 157 158 160 164 165 169 170 182 188 190 
191 192 
55
1 5 8 13 20 27 28 29 30 33 42 44 
46 48 49 51 52 53 54 57 59 71 75 76 
81 88 89 91 97 101 105 109 114 116 118 127 
133 136 140 141 142 148 153 165 166 168 171 177 
181 190 191 192 194 196 200 
49
1 2 8 11 13 27 32 40 41 42 51 56 
59 66 76 79 81 87 90 95 102 105 108 110 
113 114 124 125 128 129 130 131 133 135 139 140 
147 148 151 152 158 166 168 182 184 193 194 195 
199 
51
3 13 18 19 22 26 30 33 35 38 42 46 
48 52 53 57 61 65 68 71 72 75 77 84 
85 95 96 97 104 108 112 116 117 121 123 132 
135 137 140 141 146 149 156 157 160 163 165 182 
190 193 200 
68
2 8 11 14 24 25 27 31 33 40 47 50 
51 58 59 61 62 69 70 73 74 76 82 86 
87 89 95 97 99 101 109 110 111 115 116 118 
122 123 124 125 129 132 136 139 144 146 147 148 
149 151 156 158 159 160 162 163 165 168 171 173 
179 181 185 190 196 197 198 199 
58
3 5 6 20 27 29 31 33 37 43 44 46 
53 58 59 60 61 65 68 71 74 76 79 80 
82 84 88 90 96 97 98 103 109 113 116 119 
124 128 137 139 140 141 146 155 156 158 164 173 
174 175 183 184 187 188 189 191 194 199 
55
1 3 5 8 9 14 15 17 18 28 30 33 
35 37 40 41 43 45 48 53 63 70 74 76 
82 84 87 94 101 103 106 108 109 110 113 122 
130 132 133 137 142 152 154 155 156 160 163 167 
170 173 178 187 188 190 192 
67
2 3 12 14 22 25 28 29 33 36 37 38 
39 41 44 47 50 52 55 57 60 61 65 68 
69 75 77 80 83 88 90 103 105 107 108 114 
117 119 122 129 130 131 132 133 135 138 143 145 
149 155 157 165 168 169 171 176 177 180 182 185 
186 187 194 195 196 199 200 
56
2 3 5 7 12 15 20 21 22 24 28 29 
33 34 37 40 41 48 49 57 59 61 64 66 
68 70 72 74 79 82 88 95 98 100 101 102 
104 105 109 117 128 135 157 158 161 166 167 169 
172 174 180 187 192 195 198 200 
68
1 2 6 8 14 15 19 20 22 23 24 26 
30 31 38 39 42 46 47 48 51 54 55 56 
58 59 63 72 73 76 79 80 84 88 92 93 
96 108 109 117 118 119 121 122 129 132 134 137 
138 144 145 147 148 151 154 156 164 165 168 169 
171 173 174 175 178 180 184 188 
55
4 6 15 16 18 20 25 27 28 36 37 38 
41 43 44 50 51 52 58 65 67 79 80 83 
85 91 93 98 101 105 106 116 118 124 129 132 
139 140 144 153 156 161 162 164 165 168 170 176 
178 180 182 191 192 193 195 
66
3 11 12 13 16 18 20 21 23 24 25 30 
32 33 37 43 45 48 49 50 51 53 59 61 
63 68 69 72 78 84 86 87 92 96 98 104 
109 110 111 114 115 123 126 133 137 139 143 145 
148 149 153 154 156 158 165 168 172 179 181 184 
186 187 196 198 199 200 
59
1 2 7 9 10 11 12 13 14 15 19 25 
28 30 31 32 37 40 44 50 55 61 65 66 
71 78 81 84 99 100 101 103 106 110 120 126 
129 134 137 144 146 148 152 156 160 163 166 167 
170 172 178 181 188 190 191 192 194 196 200 
63
3 6 9 10 14 18 21 23 32 34 37 39 
40 42 44 47 54 55 57 58 65 68 75 76 
78 87 90 93 94 95 100 106 109 110 118 120 
121 122 123 125 128 129 132 139 140 141 142 143 
149 154 166 168 169 171 173 176 177 179 186 187 
189 193 200 
57
4 7 8 14 22 30 34 35 36 40 45 51 
57 58 60 61 62 63 69 73 75 83 91 92 
96 99 101 104 108 112 114 117 120 122 124 127 
133 134 135 136 138 143 144 147 148 151 155 157 
169 172 174 180 185 186 187 188 194 
66
1 2 10 11 12 13 15 22 25 26 27 28 
30 39 40 42 43 44 45 50 54 56 63 67 
70 72 77 79 80 81 86 89 93 96 98 101 
102 106 107 109 111 114 116 120 131 132 135 138 
141 143 147 149 151 157 159 162 168 169 170 175 
177 186 189 192 194 199 
59
2 3 5 6 7 8 25 26 33 37 38 41 
42 44 45 48 54 59 60 62 64 69 73 74 
76 77 81 85 86 87 92 94 100 103 110 118 
121 122 124 127 134 136 143 147 152 158 160 166 
168 171 175 181 182 187 192 195 196 199 200 
56
1 14 15 19 27 30 33 39 40 42 46 47 
49 54 57 58 60 63 68 72 78 85 86 87 
88 89 106 112 114 115 117 124 126 128 130 132 
135 137 138 142 143 148 149 154 166 171 172 174 
178 180 187 191 192 195 196 200 
55
6 7 10 12 15 19 20 21 29 36 38 39 
40 50 55 59 70 72 73 80 89 90 95 106 
111 112 113 115 116 118 121 124 127 129 131 132 
134 138 141 142 145 148 160 163 164 165 169 173 
177 186 192 194 196 199 200 
70
4 5 6 9 14 22 24 25 27 30 32 36 
39 42 43 44 46 50 51 52 54 55 57 59 
66 67 74 76 77 78 83 87 97 98 102 104 
105 114 115 123 125 126 128 130 131 133 136 138 
141 142 143 147 149 150 151 152 155 156 157 159 
165 166 167 168 170 179 183 186 191 199 
53
4 6 7 9 12 14 19 26 27 33 48 53 
54 56 57 58 61 63 69 70 72 73 79 80 
94 95 97 98 99 100 102 103 107 108 113 114 
118 119 120 122 123 130 143 147 148 152 166 167 
169 170 186 187 190 
61
1 2 11 21 22 26 28 29 32 35 38 39 
41 44 51 52 53 57 58 59 68 74 75 85 
91 92 93 95 97 98 99 100 102 103 107 112 
114 116 120 126 128 129 134 137 142 146 148 152 
153 160 162 165 173 179 183 184 186 191 193 195 
200 
52
6 15 20 23 26 30 31 35 39 41 43 44 
46 48 51 54 56 62 65 67 73 76 79 83 
85 87 88 89 96 100 101 104 108 112 125 130 
137 147 151 155 156 158 163 167 168 174 181 185 
186 189 198 200 
62
2 6 12 16 21 25 27 32 37 46 52 54 
56 63 64 67 73 75 77 81 83 86 87 89 
97 100 102 103 104 107 108 110 112 113 114 117 
120 121 122 123 124 125 129 132 134 136 139 147 
148 152 155 156 160 169 170 171 172 178 181 186 
196 199 
53
2 7 8 9 10 11 17 18 21 22 25 29 
35 42 44 48 50 51 55 58 59 62 78 84 
85 86 87 96 104 107 114 125 127 129 130 133 
135 137 143 144 146 149 159 161 166 168 171 172 
176 180 181 193 199 
60
3 21 22 24 26 28 32 35 39 40 47 52 
57 66 70 73 80 83 85 87 88 89 92 97 
108 109 110 115 119 121 126 128 132 142 149 150 
152 157 158 159 160 164 166 168 172 173 175 179 
180 181 184 185 187 188 191 192 195 196 197 200 
56
6 8 11 14 23 24 25 26 27 28 35 36 
39 43 44 46 48 54 55 57 62 64 69 72 
79 88 91 92 96 98 100 108 110 116 119 124 
125 136 137 143 149 150 152 154 160 162 163 169 
171 172 174 182 189 198 199 200 
63
1 7 9 10 11 19 21 27 29 35 38 39 
50 54 58 64 66 69 77 82 85 86 88 92 
96 97 107 113 115 118 119 122 123 124 127 131 
132 133 136 137 140 142 143 146 148 149 150 151 
155 158 163 170 174 175 177 178 179 180 187 190 
194 198 199 
57
4 9 11 15 23 26 28 31 36 37 39 42 
44 46 48 51 53 61 63 64 71 72 73 74 
75 80 82 85 86 89 92 93 95 103 112 124 
125 126 128 134 137 140 142 154 156 159 160 165 
174 176 183 184 185 190 195 197 200 
53
14 21 24 25 31 33 37 42 49 50 51 54 
64 65 68 69 72 73 75 76 83 85 86 91 
92 94 104 112 113 118 120 122 131 133 140 143 
145 147 148 149 153 155 157 158 160 163 164 168 
170 179 183 195 200 
42
3 7 9 12 13 15 17 18 23 29 31 32 
36 37 41 45 46 47 51 64 67 74 86 93 
103 104 108 120 122 124 127 128 131 144 154 160 
163 167 184 189 190 192 
59
3 4 6 9 17 18 29 30 32 35 40 41 
42 45 47 50 57 60 63 67 68 76 78 79 
82 89 91 92 100 101 103 105 111 112 115 117 
121 128 129 130 131 133 137 141 143 147 151 152 
159 165 179 181 183 184 185 187 191 193 195 
60
2 4 5 14 15 17 20 26 30 33 34 35 
36 37 42 49 52 54 55 58 65 67 70 80 
81 83 84 85 86 93 94 96 97 98 99 120 
122 125 128 131 132 133 137 139 144 155 156 159 
161 166 167 168 169 171 172 176 183 192 199 200 
64
1 2 6 19 21 22 23 33 46 47 51 53 
60 65 67 70 72 73 85 86 87 91 92 93 
94 96 100 103 106 111 113 115 117 118 120 121 
123 127 129 132 135 140 149 150 153 154 162 167 
168 170 173 175 177 179 181 183 184 186 189 191 
193 196 197 200 
54
2 14 17 23 27 33 39 44 46 49 54 62 
66 73 76 83 84 85 86 94 98 100 103 104 
106 112 115 116 123 126 127 129 132 133 135 145 
146 150 155 160 161 163 165 167 169 174 179 181 
184 189 192 195 196 197 
59
3 4 5 8 9 17 18 26 28 30 32 35 
40 41 42 44 45 46 49 56 58 66 70 75 
80 92 98 99 100 101 103 104 105 106 114 116 
122 123 124 125 130 131 133 140 145 149 151 153 
158 159 167 172 174 176 177 194 195 199 200 
50
2 3 4 6 8 9 17 18 22 24 28 29 
34 38 48 51 54 57 58 66 71 73 74 78 
84 88 89 92 98 100 104 112 123 124 127 134 
142 145 149 150 153 160 165 168 175 179 184 185 
198 199 
63
5 10 11 14 15 17 22 23 27 31 36 39 
40 52 54 55 56 64 65 70 73 74 77 81 
82 83 86 94 96 97 103 106 111 112 119 120 
121 122 126 127 130 131 133 137 146 151 153 157 
158 161 165 172 177 178 179 181 182 183 187 191 
194 196 199 
65
5 7 8 11 13 21 22 23 28 30 32 35 
37 38 44 45 54 61 66 67 68 70 74 79 
80 84 85 86 87 88 89 90 96 97 101 104 
107 113 118 121 125 130 131 134 138 139 140 141 
148 149 151 158 163 168 169 172 175 176 178 187 
188 194 196 198 200 
57
1 14 15 16 18 19 21 22 23 28 35 37 
39 41 43 47 50 59 65 67 69 71 73 80 
81 82 83 89 90 91 92 96 98 102 107 108 
113 116 124 125 126 134 135 139 141 149 151 153 
155 158 162 167 169 171 181 188 195 
61
8 15 16 22 23 25 37 40 42 44 45 48 
51 52 61 69 77 82 84 87 88 94 95 97 
100 101 106 108 111 114 116 124 126 130 133 134 
137 139 141 145 146 148 149 150 152 155 160 162 
163 166 169 172 175 177 181 182 184 187 188 189 
196 
60
2 4 5 6 13 16 24 25 28 32 33 34 
39 42 43 44 49 53 63 64 68 71 76 77 
80 82 85 88 93 94 99 100 102 103 105 108 
113 116 124 129 131 132 138 139 140 143 146 148 
149 160 162 169 172 177 180 182 184 193 194 195 
66
4 8 12 23 24 27 31 36 39 40 42 43 
45 47 52 54 55 56 57 59 60 61 63 65 
69 74 78 79 86 89 90 94 97 98 99 101 
102 105 111 119 120 124 126 128 135 137 141 145 
151 155 156 157 158 161 166 167 173 179 181 182 
185 189 191 196 197 200 
66
1 3 5 6 7 11 13 15 16 17 22 25 
31 34 35 36 43 48 50 51 53 55 58 59 
61 63 65 67 71 72 73 74 76 78 79 81 
84 92 98 100 101 108 109 110 112 113 114 118 
119 123 140 142 144 148 153 168 176 178 181 183 
184 187 192 196 197 200 
59
3 9 10 12 13 14 15 17 18 21 24 25 
26 27 32 33 35 38 47 50 53 54 56 68 
75 76 79 80 84 85 91 94 96 99 100 102 
103 113 122 124 128 132 134 135 137 141 166 167 
170 173 174 175 179 180 181 184 189 192 197 
66
8 9 14 16 17 18 19 21 23 27 29 30 
31 33 34 35 42 44 45 46 51 52 55 58 
59 64 65 72 76 77 80 82 86 88 90 93 
97 98 103 106 112 127 130 133 134 138 139 140 
141 143 147 149 151 155 160 164 165 170 171 174 
176 178 183 184 196 198 
56
5 10 14 16 17 18 20 25 35 36 42 48 
50 51 55 56 58 59 61 65 69 70 73 87 
89 92 94 95 97 98 103 107 108 111 113 123 
126 131 137 138 141 145 151 153 163 164 175 177 
180 183 185 189 190 192 193 196 
70
1 2 3 7 9 10 13 16 17 19 21 22 
26 27 29 31 33 38 39 42 43 47 53 54 
55 57 61 65 69 78 84 85 87 102 104 110 
112 113 118 119 120 123 125 128 129 130 131 137 
139 147 149 150 152 154 157 159 163 169 172 175 
177 180 185 186 187 193 195 196 197 200 
65
4 5 7 9 17 18 20 26 28 32 33 36 
38 40 43 46 48 50 52 53 59 63 64 68 
69 70 71 73 74 78 85 88 90 91 92 102 
104 106 115 118 122 123 124 130 132 138 140 141 
142 146 149 150 151 153 156 161 167 169 173 176 
178 179 185 194 199 
65
1 3 4 5 10 11 13 16 22 23 24 30 
31 32 33 40 42 43 44 46 55 63 64 67 
82 83 86 87 88 93 98 100 104 111 112 113 
114 116 120 126 132 136 137 139 140 141 142 143 
144 149 152 161 162 164 165 168 170 174 182 188 
189 191 192 197 199 
65
1 5 7 8 10 12 15 21 25 32 34 44 
46 49 51 53 56 57 60 68 71 81 82 87 
91 95 96 97 98 99 104 105 117 122 123 126 
132 133 135 138 139 140 146 147 148 149 151 154 
159 160 165 171 173 176 178 179 182 184 187 188 
189 190 195 197 200 
63
2 6 7 12 13 14 16 22 26 27 30 32 
33 35 37 39 40 42 46 47 48 51 52 57 
62 64 65 77 78 84 88 89 93 96 100 103 
111 116 119 124 130 136 147 151 154 155 156 157 
161 162 165 166 169 170 171 173 177 178 185 190 
195 198 199 
49
3 5 8 12 18 21 35 36 37 38 40 47 
54 55 58 59 66 67 68 77 82 83 87 93 
94 104 107 108 111 115 118 120 121 130 138 140 
144 147 151 161 162 165 171 178 183 185 187 190 
197 
61
3 4 5 6 10 14 15 30 32 33 34 38 
40 43 46 47 49 50 54 62 65 68 69 76 
81 83 88 89 95 97 99 103 104 105 110 111 
112 113 114 118 119 120 122 128 131 134 139 145 
151 153 155 157 163 167 171 174 175 183 190 194 
198 
53
2 7 10 13 20 22 28 34 39 42 43 44 
45 46 50 57 60 70 71 72 73 78 80 82 
83 84 86 87 94 95 126 129 131 133 137 142 
147 149 154 155 160 161 162 165 175 179 180 182 
187 193 194 197 198 
55
2 10 11 16 18 30 34 35 39 40 41 42 
44 51 60 62 64 71 78 87 88 92 94 95 
100 101 102 116 117 119 120 127 132 133 137 139 
142 149 152 157 164 166 172 175 179 180 181 184 
187 189 190 193 196 198 199 
55
2 3 6 8 10 15 19 20 22 23 24 28 
30 34 36 40 43 48 55 56 59 60 61 71 
78 79 80 82 83 85 89 95 100 105 109 114 
122 127 130 136 137 148 151 157 158 162 163 164 
168 180 182 184 191 193 194 
58
1 4 8 19 25 26 30 38 39 43 44 45 
47 48 49 50 56 60 64 69 73 74 75 77 
80 82 85 90 95 96 98 100 104 107 109 112 
113 115 119 124 129 133 136 137 138 140 144 146 
148 162 170 172 177 178 189 191 196 197 
53
3 5 6 14 15 21 25 29 33 34 36 37 
42 50 51 54 60 62 65 72 78 82 83 87 
89 98 103 106 118 121 122 126 134 136 137 138 
143 150 151 157 158 164 172 178 179 180 182 186 
187 189 190 196 198 
76
1 4 10 14 16 17 20 21 22 30 35 36 
38 45 46 47 48 49 52 56 58 59 62 64 
65 67 69 71 72 73 76 78 80 81 84 86 
87 88 93 97 98 99 102 106 109 111 112 121 
124 125 126 130 132 134 136 155 159 163 164 167 
170 172 173 179 180 181 183 187 189 192 194 196 
197 198 199 200 
53
7 9 14 16 18 19 23 29 30 33 42 48 
51 53 58 59 66 69 74 77 81 83 88 90 
91 93 96 100 109 111 116 118 119 120 128 136 
138 140 142 151 152 157 161 169 171 172 179 180 
186 187 193 197 198 
59
3 13 14 15 17 18 20 22 23 26 28 35 
42 43 46 48 53 54 56 57 61 63 67 75 
76 83 84 89 91 93 96 97 98 104 113 114 
120 121 123 127 130 136 140 146 155 156 157 164 
165 168 169 172 177 179 187 191 196 197 198 
60
1 3 5 14 15 20 21 26 32 33 39 41 
42 47 50 51 60 63 68 74 82 88 93 94 
98 99 101 102 106 108 116 119 123 126 133 138 
144 146 148 149 152 156 160 167 170 171 172 174 
178 180 183 185 188 189 190 191 193 195 197 199 
60
1 2 3 6 7 15 17 18 26 30 34 37 
38 42 46 48 50 55 57 66 76 82 84 85 
90 91 94 96 97 106 107 113 122 125 130 131 
134 135 138 144 151 152 153 154 157 159 160 163 
171 173 174 178 180 182 183 185 188 190 192 195 
61
1 2 6 9 12 13 15 18 19 24 30 32 
34 37 39 40 47 57 58 63 64 65 67 74 
77 81 82 84 87 88 92 94 97 98 99 100 
102 103 109 112 115 116 117 118 121 125 126 127 
128 135 136 141 154 158 168 170 173 179 180 189 
199 
72
2 3 7 11 20 26 30 32 38 39 40 43 
45 46 53 54 57 60 62 65 68 70 74 75 
86 87 88 92 93 94 101 105 109 110 114 118 
119 123 127 129 133 135 136 139 145 146 148 152 
155 157 158 159 160 161 163 165 166 167 168 169 
171 172 175 182 183 184 185 188 190 192 193 199 
69
1 2 4 7 8 9 10 17 21 24 25 26 
30 31 36 44 45 50 52 53 56 59 61 63 
72 73 74 75 76 80 81 82 86 88 90 96 
97 98 100 103 107 110 113 115 120 122 126 130 
137 148 149 152 157 159 161 167 169 173 176 177 
181 183 184 186 187 189 191 196 198 
53
2 5 6 8 11 12 15 20 21 30 31 47 
49 51 52 54 56 61 67 68 69 71 79 86 
88 90 92 103 104 105 112 114 123 126 132 133 
136 145 152 153 157 158 160 162 166 169 173 174 
176 177 183 196 197 
66
2 4 8 11 15 17 20 22 26 27 29 34 
35 38 41 44 47 49 51 52 68 69 70 71 
78 82 94 96 99 104 105 106 108 112 114 117 
123 125 128 142 147 148 150 151 153 156 158 159 
160 162 163 165 168 169 175 177 178 180 182 183 
185 186 188 194 198 199 
62
1 4 6 7 10 15 20 21 22 23 27 33 
50 52 57 62 64 75 77 80 87 88 91 92 
98 101 105 106 108 109 111 112 115 118 128 130 
133 134 136 139 140 145 148 150 151 152 159 162 
163 170 171 174 181 187 188 190 191 192 193 195 
196 199 
67
2 3 7 16 21 26 29 30 32 33 36 39 
40 43 45 46 55 56 64 68 69 72 74 76 
77 81 83 84 85 91 96 98 99 100 102 107 
109 115 119 122 126 128 130 133 135 136 141 145 
157 159 160 163 167 174 175 177 179 180 183 184 
190 191 192 194 196 198 199 
62
1 7 15 16 22 24 27 28 29 31 33 44 
50 52 58 59 67 68 70 72 73 76 83 87 
90 91 92 94 96 100 101 103 104 107 108 112 
114 115 117 120 121 132 135 139 146 151 155 156 
158 159 160 163 165 166 170 177 184 185 189 195 
196 199 
67
1 2 3 10 12 13 15 17 18 20 21 22 
24 27 31 32 37 41 48 52 54 55 56 70 
73 74 78 79 80 81 83 85 88 91 92 96 
105 110 113 114 120 122 123 128 133 134 135 137 
138 142 144 145 146 148 149 150 151 152 153 157 
166 173 175 184 186 191 200 
56
7 11 22 24 28 30 35 36 38 47 51 61 
64 65 68 71 81 82 92 98 99 101 109 112 
113 120 125 127 129 135 136 143 144 147 149 150 
154 155 156 157 163 167 169 172 174 176 181 183 
186 187 188 190 191 195 196 199 
57
6 10 14 19 20 21 22 29 30 33 34 40 
41 56 60 64 70 71 78 79 86 87 89 91 
93 94 102 105 106 111 113 117 122 124 125 132 
133 135 139 141 142 144 146 149 153 154 155 157 
158 165 167 171 174 178 190 197 199 
61
2 5 7 8 11 16 18 19 20 23 24 25 
28 34 35 38 39 40 41 47 49 52 57 59 
60 62 73 75 76 91 92 96 97 98 100 102 
104 106 108 111 112 117 119 120 123 126 137 143 
144 145 157 158 161 177 178 182 189 190 192 197 
199 
63
1 3 4 7 19 20 22 23 25 30 33 36 
37 39 49 53 57 59 65 68 71 73 77 78 
79 84 86 90 92 105 106 109 110 119 122 126 
127 128 132 134 140 142 144 148 150 153 155 160 
161 163 165 166 172 175 178 179 180 181 182 188 
190 191 194 
65
3 15 16 24 27 29 30 37 39 41 43 44 
46 50 51 55 56 64 67 68 71 75 77 85 
86 88 90 93 94 95 106 107 110 111 113 115 
119 127 130 131 135 139 144 148 149 151 152 159 
167 168 169 171 174 176 177 178 179 182 183 185 
190 192 195 198 199 
54
7 17 24 26 27 28 31 32 37 39 40 41 
49 51 58 60 63 66 71 72 78 80 84 87 
99 103 105 108 118 120 128 130 138 140 142 144 
148 151 152 155 157 158 160 171 172 173 181 186 
187 188 192 194 195 197 
60
3 4 7 13 16 21 25 26 33 36 44 46 
47 48 51 53 58 59 66 67 71 78 84 86 
87 88 92 95 101 114 117 118 119 123 125 128 
131 133 136 138 139 141 143 144 148 149 157 161 
163 168 173 179 181 183 186 190 192 196 199 200 
68
1 2 4 5 9 18 19 21 22 25 27 28 
30 31 34 35 42 43 47 48 50 56 60 65 
66 68 73 76 77 78 81 82 83 85 86 87 
90 91 94 96 97 100 104 105 108 110 116 119 
123 128 133 139 146 149 156 157 161 166 167 175 
178 181 184 186 187 189 195 199 
55
9 11 12 20 24 25 27 32 36 40 45 70 
73 74 75 76 80 82 83 85 89 94 97 98 
99 100 101 103 104 107 109 118 119 124 129 132 
144 145 149 150 156 157 162 163 167 169 170 175 
178 179 186 190 193 196 198 
60
7 10 12 16 18 20 26 27 28 30 35 38 
44 45 47 48 56 57 58 59 62 70 72 73 
77 79 80 83 84 87 91 92 96 102 104 106 
109 112 124 127 130 140 143 145 150 151 154 158 
159 160 161 162 165 166 178 182 187 189 191 199 
62
1 2 6 10 11 19 23 24 25 26 32 36 
37 41 43 46 47 51 54 61 77 78 80 84 
85 89 92 101 104 105 106 109 110 112 114 115 
120 121 127 129 132 136 139 144 148 149 151 152 
155 160 161 165 166 170 171 180 181 182 184 185 
186 192 
53
7 10 13 18 21 23 26 30 32 38 43 47 
49 51 52 57 60 61 62 66 71 73 75 84 
85 86 87 90 97 104 105 106 113 117 118 120 
123 124 130 135 144 149 150 152 153 163 171 172 
178 183 187 194 199 
72
2 4 5 8 9 12 13 20 26 27 30 32 
38 47 48 49 50 54 56 59 60 61 62 64 
66 72 74 76 77 83 84 86 88 90 92 96 
104 107 108 110 111 117 120 121 124 125 132 139 
140 147 150 152 153 156 157 158 159 160 163 167 
169 173 175 178 179 180 182 184 188 189 190 197 
55
2 9 14 16 20 21 27 33 34 35 40 41 
50 51 56 61 63 65 69 70 73 84 91 99 
101 104 111 112 120 122 123 124 125 132 137 138 
139 142 145 152 155 158 163 166 171 172 173 174 
180 187 188 191 192 193 194 
54
2 11 13 29 30 33 36 39 40 41 43 45 
50 52 53 54 62 63 69 74 75 78 80 89 
92 96 99 102 103 104 121 122 123 124 129 135 
136 137 139 146 147 151 153 156 157 162 165 177 
178 183 187 193 194 196 
64
7 11 13 16 19 21 22 23 29 30 32 39 
40 42 43 44 50 51 58 63 65 66 67 75 
78 80 87 89 91 94 95 100 101 103 112 115 
116 117 121 124 125 126 127 129 130 132 135 137 
138 140 142 148 149 154 159 165 175 177 179 184 
185 186 193 200 
58
4 6 8 13 17 24 26 28 30 31 44 45 
46 50 52 63 67 71 76 81 84 85 86 89 
95 96 97 102 108 115 117 118 119 126 127 132 
135 137 140 141 150 157 158 162 164 168 173 175 
176 178 180 182 183 186 190 191 193 194 
61
8 11 12 14 20 31 34 35 37 40 43 46 
50 56 60 62 66 67 72 73 79 81 83 86 
87 92 93 95 104 105 109 113 120 122 123 124 
126 130 135 136 139 142 143 152 159 170 171 173 
174 178 179 181 182 184 185 188 190 192 194 195 
198 
69
2 9 12 13 15 17 24 28 30 32 36 42 
45 48 51 53 56 57 62 65 66 67 70 74 
80 82 85 90 91 97 102 104 108 113 116 118 
119 121 124 126 127 130 132 133 134 137 138 140 
142 145 146 147 148 150 151 153 158 164 166 167 
170 173 181 183 186 191 194 197 199 
49
4 16 17 22 23 24 27 41 42 43 45 48 
52 56 57 61 66 75 77 85 91 101 116 118 
125 126 129 133 134 138 146 153 154 156 161 163 
164 166 167 171 173 175 177 182 193 195 197 199 
200 
63
3 4 5 6 8 9 11 17 19 20 21 23 
27 28 31 33 39 53 57 59 66 67 75 77 
82 86 87 91 92 93 95 97 101 102 103 104 
106 107 117 122 132 133 135 140 142 144 147 148 
151 152 154 155 159 161 167 169 174 177 187 190 
192 197 199 
67
2 3 4 5 7 8 12 13 14 18 25 34 
42 43 44 50 51 52 60 64 65 68 71 72 
73 77 78 83 84 85 87 91 93 97 99 100 
101 104 105 106 112 113 116 119 120 121 125 131 
132 134 135 144 147 165 171 175 176 178 180 183 
185 186 188 190 196 198 200 
66
5 11 13 14 19 23 24 26 27 30 34 35 
38 39 40 46 55 57 63 65 68 73 74 77 
78 79 85 88 93 99 101 103 110 112 113 115 
119 126 127 130 132 134 140 143 145 150 152 154 
155 156 158 159 160 163 165 168 171 179 181 182 
186 188 193 194 198 200 
63
8 9 15 17 18 27 29 32 33 34 37 39 
45 46 49 53 59 60 62 65 67 73 74 93 
96 97 99 102 103 107 108 111 115 117 124 125 
130 132 133 134 138 142 145 146 151 152 155 156 
157 160 161 164 166 177 179 181 182 184 185 192 
194 197 199 
56
1 4 6 10 12 24 29 30 31 33 34 35 
36 39 42 47 48 50 51 60 62 64 73 75 
78 81 82 83 85 91 94 97 103 108 109 111 
112 114 115 125 128 133 146 153 154 157 161 163 
164 178 181 184 185 188 192 195 
59
8 25 26 28 30 32 35 36 37 43 46 50 
51 52 55 61 75 76 77 79 80 81 86 88 
89 91 92 95 101 103 110 111 114 116 120 122 
125 127 128 129 133 135 143 147 152 154 155 158 
166 167 173 180 182 184 185 186 187 197 199 
59
1 3 6 9 11 12 14 18 20 21 23 24 
30 36 37 44 48 50 53 56 58 63 65 66 
69 77 78 80 84 85 86 88 90 95 96 97 
98 106 113 116 119 129 132 134 135 138 144 148 
163 166 168 169 176 177 184 188 189 190 199 
62
2 5 6 8 11 13 16 21 26 27 30 33 
34 35 43 45 47 49 52 63 65 69 74 75 
76 79 80 82 83 84 85 88 89 90 92 94 
104 105 109 114 115 117 118 121 130 139 143 147 
151 156 157 160 164 173 175 177 178 182 185 191 
193 194 
56
3 4 5 9 12 13 17 22 36 48 51 52 
54 63 66 67 72 76 77 81 91 94 98 99 
100 101 104 106 107 109 119 120 125 127 131 134 
136 138 139 149 150 152 156 157 160 162 165 166 
169 175 182 189 190 191 193 195 
52
6 7 16 17 30 37 39 40 42 44 46 53 
54 63 65 72 73 77 80 82 89 95 99 103 
104 105 114 115 118 121 124 127 129 131 133 134 
135 136 140 143 148 150 151 156 160 167 169 175 
176 178 188 193 
70
1 3 4 5 6 7 9 12 13 20 23 26 
28 29 31 33 34 36 38 40 44 47 48 50 
52 59 61 64 66 68 71 76 77 79 81 85 
86 87 94 98 102 104 107 110 111 112 114 117 
124 134 137 141 144 146 154 156 157 159 160 166 
171 173 177 179 185 189 192 196 199 200 
70
5 9 10 11 12 15 16 20 21 23 28 32 
36 37 38 42 44 47 48 52 55 57 58 60 
61 65 67 69 70 71 75 80 89 91 92 96 
97 100 104 106 111 114 116 117 120 126 127 129 
130 133 135 136 143 144 145 146 149 150 165 170 
171 175 185 186 187 194 196 197 198 200 
68
3 7 10 13 14 16 17 18 20 27 28 29 
33 36 37 38 45 46 47 49 52 54 57 58 
59 60 68 72 75 77 79 81 88 94 95 96 
97 98 100 101 106 109 110 112 115 119 126 132 
139 147 148 152 155 156 161 163 166 167 170 173 
177 179 181 190 192 194 198 199 
53
7 11 20 21 22 28 29 34 41 47 51 52 
53 54 59 62 63 68 70 86 88 89 93 96 
100 101 105 107 108 115 116 121 122 124 128 140 
141 151 153 157 159 161 167 175 177 179 183 188 
192 193 194 195 198 
59
1 3 5 9 10 12 13 14 16 18 19 28 
32 43 48 52 54 55 58 59 61 65 67 68 
71 75 79 90 92 93 95 97 103 109 110 116 
121 125 126 130 131 138 142 148 149 150 151 157 
159 162 163 167 168 171 172 182 186 198 200 
58
1 4 6 9 11 15 18 19 20 31 34 35 
36 40 41 47 48 53 55 57 61 64 66 67 
68 80 81 82 87 91 92 97 98 104 106 107 
110 112 118 119 133 138 142 147 149 152 156 158 
161 170 173 174 187 191 193 197 199 200 
61
2 4 6 7 9 13 19 22 23 28 29 30 
32 35 41 50 53 59 61 66 76 79 86 88 
93 94 95 98 99 101 104 105 113 115 120 125 
126 128 131 135 145 146 147 151 153 155 159 166 
168 175 177 178 180 183 188 189 191 195 196 197 
198 
56
3 15 17 18 24 30 33 35 41 42 43 47 
56 59 63 64 73 78 81 82 84 87 88 91 
97 100 107 108 109 110 119 121 127 129 132 133 
134 137 140 143 145 148 152 161 169 170 179 180 
182 183 187 189 191 193 195 198 
68
2 3 11 17 19 20 26 27 33 35 36 37 
38 39 48 52 58 60 70 73 74 75 76 82 
85 86 89 92 95 96 99 102 103 107 111 116 
117 118 120 121 123 136 138 143 145 147 150 152 
153 156 157 161 165 166 168 174 176 180 182 184 
186 189 190 191 193 198 199 200 
60
2 3 4 6 8 11 15 22 23 25 26 31 
35 36 37 38 40 48 52 56 60 61 65 71 
72 75 76 78 80 82 83 91 92 93 101 107 
113 117 123 126 129 132 136 142 149 150 151 152 
154 161 167 168 171 175 178 180 184 188 189 191 
67
5 6 9 10 11 17 23 24 25 27 28 31 
32 35 36 37 38 39 40 41 42 44 46 48 
54 56 57 58 59 63 65 67 75 85 95 97 
98 102 107 114 117 124 126 130 132 136 141 151 
156 157 158 160 163 164 166 167 168 172 178 185 
186 189 190 191 194 195 197 
55
1 18 26 27 29 30 32 34 39 40 42 51 
57 61 64 65 66 68 71 72 73 78 82 84 
88 89 97 100 101 108 109 112 114 120 127 138 
139 143 144 145 146 149 151 154 157 159 163 167 
168 172 177 178 183 185 187 
71
8 10 12 22 23 27 29 31 33 36 38 39 
42 44 49 53 56 58 61 64 66 68 71 72 
73 74 75 76 80 84 88 91 92 94 98 105 
107 108 113 116 120 122 126 128 130 131 132 133 
135 137 138 139 140 142 145 147 152 153 156 158 
160 165 169 171 173 181 183 184 187 188 199 
50
7 18 19 20 25 26 33 37 50 51 56 57 
72 80 85 92 99 100 103 104 106 108 109 111 
117 124 125 130 133 136 140 143 149 151 153 154 
157 161 163 169 171 173 175 178 190 192 193 194 
198 200 
62
2 4 6 10 15 16 22 23 26 27 28 30 
36 39 40 41 42 46 48 49 50 56 58 59 
62 65 67 79 81 83 91 96 97 98 102 106 
117 118 123 126 127 129 130 135 136 139 142 145 
148 154 155 163 166 167 168 174 175 181 184 190 
193 194 
51
7 8 11 16 29 32 35 46 53 54 56 57 
58 59 61 63 64 65 71 78 82 84 90 91 
96 103 108 112 113 115 120 124 129 132 134 135 
143 148 149 153 155 156 162 163 165 167 178 181 
185 192 200 
53
4 6 7 9 11 19 21 22 23 30 32 34 
37 45 46 49 51 52 67 69 81 82 86 94 
98 101 105 108 119 122 124 126 129 130 146 147 
150 151 157 160 161 165 170 174 178 179 180 183 
187 189 192 194 199 
74
4 6 7 8 15 18 21 24 25 26 27 28 
30 33 35 37 40 41 42 46 48 53 55 58 
60 61 62 64 67 69 73 74 75 76 83 88 
90 95 102 103 104 107 109 110 111 113 115 128 
133 138 139 144 145 147 150 151 156 160 161 175 
177 181 183 184 186 187 188 189 190 191 195 196 
197 198 
61
3 4 6 8 9 13 20 24 27 28 32 37 
38 39 43 51 53 54 56 57 62 67 70 73 
79 82 94 99 100 101 104 107 110 113 114 117 
122 124 129 131 133 137 143 152 158 160 161 163 
165 166 168 174 178 182 184 186 187 188 189 192 
196 
59
5 6 11 14 15 24 27 38 48 49 52 55 
57 61 62 66 72 74 76 79 86 90 97 98 
99 102 106 112 116 120 121 123 128 130 133 134 
135 139 143 146 149 154 157 160 161 162 163 166 
167 169 174 175 178 179 183 184 189 196 199 
63
2 3 14 19 20 21 22 23 24 25 36 37 
42 45 46 52 54 56 59 61 63 64 68 70 
77 81 82 83 85 90 97 101 102 104 105 107 
109 113 114 123 126 128 131 137 141 146 151 155 
157 159 160 164 167 168 169 172 174 175 176 178 
192 197 200 
57
12 17 19 24 28 29 34 35 39 42 44 45 
50 52 57 61 68 69 70 71 76 78 79 83 
91 94 96 99 102 108 114 118 120 123 128 129 
131 136 140 141 144 148 156 163 165 168 169 171 
176 177 181 183 184 187 190 193 197 
56
11 13 22 29 30 33 38 46 50 53 57 60 
63 72 76 84 85 87 88 93 100 102 103 104 
107 110 115 119 121 128 131 133 135 136 139 140 
142 143 145 148 152 156 157 158 160 163 164 166 
167 172 175 176 178 191 193 198 
57
4 8 9 12 14 15 17 20 21 22 23 25 
27 28 30 33 36 37 40 43 46 47 49 53 
57 72 76 82 86 89 93 94 96 98 107 113 
115 130 133 137 138 142 147 148 152 156 170 179 
186 189 190 195 196 197 198 199 200 
67
4 7 28 33 37 41 45 47 48 51 64 67 
68 71 72 73 75 78 79 80 86 88 92 93 
94 96 100 107 108 109 110 112 113 115 120 123 
125 131 133 137 139 141 144 145 146 147 150 151 
152 153 154 155 158 160 167 169 174 175 177 179 
186 187 188 191 194 195 196 
57
3 5 7 13 14 20 21 33 41 42 45 52 
56 68 69 72 73 76 77 82 85 86 87 89 
90 91 93 94 95 99 103 107 108 114 121 124 
127 132 138 140 143 144 148 150 151 152 164 171 
175 177 181 186 189 193 196 198 199 
66
3 5 11 15 19 22 24 26 29 31 32 34 
35 38 39 47 50 54 61 63 68 69 70 76 
77 79 85 89 91 92 94 95 103 111 114 118 
124 128 129 136 138 141 142 148 149 150 151 152 
154 157 159 163 164 166 167 169 170 171 177 178 
180 184 189 192 193 197 
66
2 7 8 9 15 18 19 21 22 26 28 31 
38 44 45 49 54 56 58 63 65 66 67 70 
71 86 87 90 93 96 97 98 100 102 104 106 
108 109 110 119 121 123 124 133 134 135 145 147 
148 150 153 155 160 161 166 167 168 180 181 183 
186 187 190 194 195 200 
