800 200
1 1 1 1 1 1 1 1 1 1 1 1 
1 1 1 1 1 1 1 1 1 1 1 1 
1 1 1 1 1 1 1 1 1 1 1 1 
1 1 1 1 1 1 1 1 1 1 1 1 
1 1 1 1 1 1 1 1 1 1 1 1 
1 1 1 1 1 1 1 1 1 1 1 1 
1 1 1 1 1 1 1 1 1 1 1 1 
1 1 1 1 1 1 1 1 1 1 1 1 
1 1 1 1 1 1 1 1 1 1 1 1 
1 1 1 1 1 1 1 1 1 1 1 1 
1 1 1 1 1 1 1 1 1 1 1 1 
1 1 1 1 1 1 1 1 1 1 1 1 
1 1 1 1 1 1 1 1 1 1 1 1 
1 1 1 1 1 1 1 1 1 1 1 1 
1 1 1 1 1 1 1 1 1 1 1 1 
1 1 1 1 1 1 1 1 1 1 1 1 
1 1 1 1 1 1 1 1 
55
1 5 13 18 22 23 24 28 31 33 35 38 
40 44 45 52 53 54 68 74 75 85 86 89 
90 96 99 102 103 110 113 114 116 119 121 125 
130 131 135 136 137 144 147 159 166 167 170 175 
177 186 190 191 192 198 199 
54
1 4 11 12 14 15 24 26 27 31 32 45 
46 54 59 62 69 77 78 82 83 84 92 94 
97 99 100 101 103 107 112 131 132 133 139 140 
143 145 148 150 152 153 155 161 165 169 170 171 
172 174 185 186 194 198 
56
4 7 9 15 17 20 21 23 25 34 37 52 
55 60 65 67 69 72 78 81 82 86 95 96 
97 98 101 103 111 115 116 119 123 129 132 133 
134 140 145 156 162 164 165 169 172 174 176 178 
179 180 182 185 186 188 190 195 
56
2 12 18 20 23 25 26 30 32 42 54 56 
57 58 63 73 77 78 81 84 88 90 95 97 
104 105 106 109 110 112 113 117 122 125 133 135 
136 138 139 143 145 149 151 157 159 162 170 173 
176 179 181 183 188 190 192 194 
56
4 7 13 14 15 17 23 26 27 30 32 37 
44 45 53 57 59 61 62 66 74 80 82 85 
92 94 98 105 112 114 115 121 123 128 130 132 
134 137 142 145 149 150 156 157 160 162 167 172 
176 178 184 185 190 195 196 197 
60
7 9 11 14 18 20 21 22 23 24 26 28 
30 45 46 54 59 61 62 65 67 69 70 76 
82 84 85 87 98 104 106 110 111 117 124 126 
127 129 130 135 138 143 144 155 157 158 159 162 
163 168 175 177 179 181 182 186 187 189 194 197 
59
2 6 14 15 21 23 24 25 31 32 36 40 
41 44 52 55 57 59 62 63 65 67 75 77 
79 85 86 88 91 96 98 103 106 107 115 118 
119 126 143 144 145 148 152 154 158 164 166 169 
171 173 174 175 182 183 187 189 190 191 200 
59
2 3 4 6 16 18 20 29 32 33 35 36 
43 57 58 59 60 61 64 65 86 87 89 95 
97 102 103 107 112 113 119 121 123 125 126 130 
134 138 144 145 150 152 153 156 158 159 161 164 
166 170 180 183 184 187 191 192 193 197 200 
53
8 11 13 17 19 21 27 31 33 34 35 36 
44 49 52 57 59 65 67 69 71 78 79 85 
93 94 96 99 103 106 114 115 123 135 136 140 
141 147 148 154 156 157 158 161 164 171 172 176 
191 195 196 197 200 
71
3 6 10 12 13 15 18 19 21 22 23 24 
26 27 31 33 34 35 38 45 50 51 52 55 
59 62 63 69 72 76 78 82 83 85 88 92 
95 98 100 101 106 107 108 109 124 127 128 132 
135 137 141 142 143 145 147 148 150 152 154 155 
158 165 167 176 178 181 183 191 193 195 196 
58
2 4 8 9 10 13 14 19 21 23 24 28 
32 43 45 47 50 51 54 55 59 60 62 68 
71 72 73 75 80 82 90 94 101 105 106 111 
115 120 122 144 145 146 152 156 159 160 161 162 
169 171 173 177 184 187 188 193 194 199 
58
5 7 9 10 15 20 21 22 23 28 29 31 
33 35 37 38 40 41 54 56 60 61 63 66 
68 69 77 80 83 87 90 91 94 100 110 119 
121 122 134 137 146 147 148 150 153 160 175 177 
178 181 182 183 184 185 195 197 198 200 
63
1 8 17 20 24 29 32 33 38 39 40 41 
48 49 55 56 58 60 64 66 67 69 71 74 
77 80 82 86 90 93 98 103 105 106 107 109 
111 112 115 119 120 128 129 130 131 135 137 138 
151 152 154 156 168 169 170 177 186 190 191 192 
194 198 199 
68
2 3 4 6 10 15 17 20 23 31 32 33 
35 42 46 47 49 52 56 60 61 63 64 65 
68 69 71 72 73 76 77 78 85 86 87 90 
91 94 100 101 103 108 114 115 116 120 122 127 
129 131 134 141 142 143 145 151 153 158 165 166 
169 175 177 190 192 194 198 200 
66
3 4 6 11 12 17 22 24 25 28 32 40 
41 42 44 46 50 53 60 63 67 68 78 81 
83 84 87 94 97 99 104 108 109 110 113 115 
116 123 124 125 132 136 142 145 146 148 149 153 
156 158 161 162 163 166 168 173 174 177 180 182 
185 187 189 193 196 199 
53
2 5 7 9 14 15 29 34 48 50 54 57 
61 62 65 66 67 70 71 77 82 91 92 96 
99 103 106 113 118 120 121 122 123 128 129 140 
142 146 147 148 151 154 168 170 171 172 174 175 
184 190 195 198 199 
66
1 5 13 15 19 25 26 28 30 32 33 37 
39 40 43 44 47 49 50 54 60 61 63 68 
70 72 77 79 81 83 85 87 88 89 92 93 
96 97 98 99 102 103 113 114 119 125 126 127 
129 136 141 147 162 163 167 168 171 175 176 180 
190 191 193 195 196 197 
62
2 5 12 13 14 16 18 22 35 37 42 46 
54 58 61 64 67 68 70 75 77 80 84 85 
95 97 101 102 109 110 112 115 116 117 121 126 
127 130 131 133 134 136 141 142 145 157 162 164 
165 166 168 169 170 171 174 177 179 185 189 193 
195 199 
62
1 2 5 7 8 12 13 15 16 21 22 23 
25 30 32 33 36 37 38 40 42 48 50 55 
57 60 63 64 66 67 72 75 80 84 87 90 
96 98 99 101 103 104 115 116 118 130 140 141 
143 144 157 159 160 166 170 172 179 186 187 194 
196 198 
73
3 10 19 20 22 23 26 30 31 32 33 37 
42 48 50 52 60 65 66 72 73 74 77 78 
84 85 87 89 90 91 92 99 100 101 102 107 
108 110 114 118 120 123 124 127 128 129 132 133 
137 142 143 147 150 152 153 155 158 161 163 164 
166 168 171 172 176 179 182 184 190 193 198 199 
200 
61
1 8 9 17 19 31 33 36 37 38 40 48 
54 55 61 62 70 74 75 76 82 84 86 90 
91 93 94 107 111 115 116 118 126 129 131 135 
137 140 150 151 156 159 160 161 163 169 171 173 
175 176 177 178 180 181 183 188 189 192 194 196 
199 
70
5 9 12 19 23 24 27 28 29 30 32 39 
44 45 53 61 62 63 64 76 80 81 82 84 
86 88 93 94 95 96 98 99 100 102 105 111 
114 115 116 118 119 120 124 128 129 136 138 139 
148 149 150 151 153 154 155 159 163 165 166 167 
170 172 176 187 189 191 194 195 197 200 
59
1 3 4 8 10 15 22 23 24 28 29 31 
34 36 38 39 40 43 44 53 55 56 58 59 
64 65 73 76 79 84 85 86 88 96 97 98 
101 109 116 122 124 126 130 136 138 140 146 147 
155 158 161 162 180 182 184 189 190 192 193 
57
2 5 9 16 17 26 27 28 29 32 34 43 
49 50 52 55 56 57 58 67 69 71 75 76 
82 89 90 94 98 102 104 113 116 119 123 124 
126 128 130 132 133 147 148 159 161 163 164 165 
166 167 168 170 178 179 180 181 191 
57
9 13 15 28 29 33 36 42 50 52 54 59 
60 67 76 83 84 89 92 95 96 99 105 107 
110 116 117 118 119 121 123 124 126 127 129 130 
133 144 147 153 161 165 167 168 169 173 175 177 
178 179 182 185 189 190 193 196 197 
64
9 10 11 12 15 16 22 24 30 31 35 36 
38 40 43 45 46 47 51 54 57 60 63 66 
68 74 76 80 88 91 92 93 96 97 100 103 
104 106 107 108 110 119 126 130 134 146 148 149 
150 151 153 154 158 159 162 163 170 173 174 177 
179 180 185 191 
60
12 13 14 17 19 22 26 28 31 34 35 45 
51 52 54 56 69 70 75 76 77 80 84 89 
91 92 94 99 102 104 105 107 111 124 125 127 
128 132 139 140 142 143 144 145 149 150 156 158 
161 163 174 176 185 186 187 188 189 198 199 200 
59
6 14 16 18 19 21 25 28 29 31 38 42 
45 46 51 52 56 57 61 63 75 76 77 79 
80 81 82 86 94 104 109 111 116 121 126 129 
130 135 136 141 142 143 144 145 153 157 160 168 
169 170 173 176 179 182 188 190 193 198 199 
65
1 3 5 6 11 12 14 15 16 20 25 28 
35 37 38 46 50 53 54 56 57 62 69 71 
72 73 75 78 80 81 93 95 99 109 117 120 
122 124 131 132 138 143 144 148 149 150 152 153 
157 160 161 166 170 171 174 177 178 182 186 190 
192 196 197 198 200 
74
1 3 8 12 14 16 17 21 22 23 24 25 
28 30 31 33 38 39 42 46 49 53 54 55 
57 58 60 64 75 79 82 84 85 86 92 94 
97 98 99 101 102 104 108 115 117 121 122 123 
134 136 138 139 140 141 142 144 148 151 152 155 
156 161 166 167 168 172 180 182 184 185 189 190 
195 198 
52
1 2 5 7 9 15 24 27 28 30 36 46 
47 48 51 66 67 77 79 82 84 87 88 93 
96 100 101 106 111 113 117 119 120 127 130 131 
133 138 142 147 150 153 158 160 173 174 177 180 
188 189 190 194 
49
5 8 23 27 28 31 34 39 44 45 48 49 
57 67 69 72 75 78 80 81 90 91 98 103 
108 109 111 114 116 117 119 125 126 127 147 148 
150 152 155 159 165 166 171 174 175 182 193 195 
198 
72
2 4 5 7 11 13 17 20 29 30 34 39 
41 44 45 48 51 53 54 55 61 63 65 66 
67 68 70 72 75 76 77 78 80 81 87 88 
89 90 92 93 94 96 100 102 108 112 114 115 
123 130 142 143 145 151 152 153 154 159 164 165 
166 169 172 173 174 178 180 195 196 197 198 199 
60
3 6 14 19 21 24 25 29 30 32 33 36 
37 38 39 46 47 48 54 57 64 65 67 68 
70 71 77 81 87 90 98 109 112 115 116 131 
132 133 137 139 145 147 149 150 151 154 155 157 
160 161 163 169 171 177 183 184 186 193 196 198 
58
4 6 15 22 24 26 38 40 48 52 53 61 
62 65 66 69 70 73 75 81 83 85 91 94 
95 99 106 109 111 112 116 117 120 122 125 129 
132 139 144 145 150 153 154 156 157 163 164 165 
172 175 176 180 182 183 185 187 192 198 
54
4 8 11 12 14 16 17 20 21 31 32 35 
37 38 47 48 50 57 58 59 66 70 71 80 
87 89 91 96 101 106 107 113 116 118 120 124 
130 131 137 138 141 144 145 146 153 154 157 162 
165 167 176 180 181 187 
69
2 4 7 13 15 20 22 25 27 31 35 37 
38 41 45 46 47 49 53 55 57 59 65 69 
74 75 82 84 85 87 88 89 90 98 99 100 
101 105 106 107 110 111 121 125 132 134 136 137 
138 140 143 153 156 159 161 164 165 167 171 175 
176 178 182 183 185 190 194 197 200 
67
14 15 23 27 32 34 37 40 46 50 56 58 
60 66 67 69 71 73 77 78 81 95 97 98 
99 100 101 107 109 116 119 120 122 127 129 130 
132 135 138 139 143 144 147 150 151 152 154 155 
156 158 163 164 165 166 173 177 178 179 181 182 
184 185 186 192 193 196 200 
63
2 3 5 10 11 16 18 21 22 23 27 33 
34 38 42 46 47 50 53 62 63 64 71 81 
84 86 87 89 94 96 98 100 106 118 120 124 
129 132 133 139 140 141 143 144 152 154 160 164 
165 168 171 177 179 183 186 187 191 192 193 194 
197 198 199 
58
3 4 10 14 15 16 18 25 27 32 33 36 
41 48 50 52 54 57 60 62 67 73 80 81 
83 86 96 101 102 105 106 108 109 111 114 116 
122 131 135 136 137 138 143 148 149 156 161 163 
164 174 175 178 187 192 193 194 197 199 
53
2 3 9 17 18 20 23 34 40 44 47 48 
50 55 60 62 64 65 70 85 90 91 93 95 
97 100 104 114 119 121 123 124 125 127 131 134 
136 137 141 144 150 155 156 157 163 164 167 176 
177 182 185 189 191 
55
4 5 10 12 15 18 24 25 31 34 37 38 
40 42 43 44 51 53 55 56 63 70 72 74 
76 79 80 83 84 88 93 97 102 104 105 113 
118 122 131 136 140 142 150 154 158 159 165 178 
186 188 190 191 193 199 200 
61
9 10 12 13 14 15 17 18 20 30 31 33 
36 38 49 56 57 60 63 70 74 78 80 86 
87 88 89 93 95 96 103 104 107 108 113 117 
123 125 126 128 138 140 142 144 145 146 148 150 
151 157 164 166 168 175 186 188 191 192 193 195 
200 
61
1 5 10 16 19 20 21 24 40 42 49 50 
51 52 53 59 62 63 64 67 72 74 78 81 
85 87 90 91 94 95 96 101 103 107 121 124 
127 128 129 130 131 132 134 142 149 150 151 152 
155 164 165 166 177 179 184 188 189 192 195 197 
200 
56
10 13 15 21 22 23 32 35 38 39 45 57 
60 66 68 71 72 73 74 76 77 83 85 87 
89 93 94 97 98 101 102 110 123 127 129 130 
131 136 141 155 159 160 162 164 170 172 173 180 
183 187 189 194 195 197 199 200 
60
3 4 5 6 19 23 25 26 28 29 30 31 
32 37 43 46 48 57 58 59 64 77 79 80 
86 93 94 100 103 106 109 113 115 118 121 127 
128 129 131 137 139 143 144 145 147 160 161 165 
167 169 177 180 182 184 186 187 189 190 192 197 
61
1 6 13 14 27 29 31 34 43 44 51 54 
55 59 61 65 67 69 72 76 77 78 79 81 
85 89 90 91 92 94 96 98 99 105 106 107 
118 119 121 126 127 132 141 148 149 150 151 152 
154 158 160 162 163 171 172 175 179 181 185 187 
188 
58
2 3 9 10 11 12 21 24 25 26 29 30 
33 40 42 47 49 56 60 72 74 79 81 86 
87 89 95 100 107 110 113 115 116 117 118 120 
123 132 139 144 146 148 151 156 160 162 163 170 
172 174 176 177 179 184 185 193 196 197 
61
1 3 14 15 23 24 31 32 35 39 41 42 
45 46 56 62 72 73 75 76 84 88 89 95 
96 97 99 100 104 113 116 118 119 121 124 126 
130 137 138 146 149 150 151 152 155 157 161 163 
167 168 172 177 181 182 187 191 192 193 195 196 
197 
68
3 5 6 8 11 15 16 22 25 26 28 30 
31 33 34 38 42 43 46 48 50 53 54 55 
58 60 61 64 66 68 73 74 82 85 90 94 
97 98 101 102 105 107 108 109 114 120 121 124 
129 131 134 137 138 140 142 148 152 160 162 163 
171 172 173 176 183 190 191 196 
54
2 3 4 9 11 12 17 25 27 38 41 43 
47 54 56 69 73 74 75 76 81 84 85 86 
88 92 93 95 98 105 106 108 109 115 123 125 
135 136 137 141 145 148 150 156 162 163 175 176 
181 192 193 195 198 199 
47
5 7 8 16 24 25 26 31 32 38 43 45 
46 50 55 63 66 72 74 80 85 88 91 92 
93 95 96 97 103 123 125 133 134 135 136 138 
147 150 152 156 159 165 170 173 174 176 177 
62
1 8 13 14 19 28 31 32 35 41 44 48 
49 52 57 62 63 64 65 68 70 75 78 81 
83 84 85 86 90 103 104 106 108 113 115 119 
123 124 125 130 131 133 138 140 143 150 154 156 
157 159 161 163 165 166 171 172 174 181 183 186 
196 199 
59
4 6 7 9 12 15 16 21 23 30 31 36 
37 41 48 54 55 65 67 68 71 73 74 76 
84 86 90 94 101 104 107 109 111 114 116 117 
119 123 124 132 133 134 140 141 143 151 152 156 
160 161 167 170 174 184 187 192 195 197 200 
62
11 16 19 21 24 31 33 36 39 43 45 49 
54 57 59 61 64 66 68 70 71 77 79 81 
83 87 90 91 103 109 114 117 120 121 125 127 
129 134 135 136 142 144 145 146 150 152 153 155 
156 162 166 168 174 182 183 184 185 189 192 194 
195 200 
56
1 10 11 13 18 25 27 35 36 41 45 47 
48 51 58 59 60 61 63 69 74 77 78 80 
87 93 97 98 112 113 125 126 127 130 136 137 
140 141 142 144 145 146 148 162 164 166 172 180 
187 190 191 192 193 194 197 200 
58
4 6 7 9 10 14 23 24 26 32 33 38 
39 41 46 47 49 51 57 60 68 76 77 82 
84 88 90 99 101 107 111 113 114 115 120 124 
129 131 136 150 152 156 160 165 166 167 169 171 
177 178 179 180 183 185 187 194 197 200 
65
4 5 9 10 12 15 16 17 21 23 25 29 
30 34 39 40 43 46 47 49 51 52 53 56 
75 77 81 82 83 85 86 87 91 92 96 101 
103 106 110 116 124 125 129 134 138 142 143 146 
150 151 153 155 158 159 166 168 174 182 185 186 
189 191 193 195 198 
53
3 9 15 18 32 44 49 50 54 56 69 70 
72 73 76 80 82 86 87 90 92 93 96 105 
108 111 113 120 122 123 125 129 130 134 136 143 
150 152 154 156 158 163 164 177 179 182 185 188 
189 191 192 194 199 
66
2 4 5 11 15 18 23 24 25 27 28 32 
36 38 39 42 43 46 53 54 55 61 62 63 
69 79 86 87 88 95 98 100 102 103 105 113 
119 120 121 122 123 128 129 131 134 138 139 140 
142 143 145 148 155 156 159 167 171 172 180 181 
183 188 189 190 193 198 
58
2 5 7 10 18 19 26 36 40 41 42 49 
52 54 60 63 64 65 66 71 72 73 81 83 
85 86 89 93 95 96 99 100 108 109 116 121 
128 139 140 141 143 144 145 146 148 152 155 157 
161 166 172 175 178 180 193 197 199 200 
72
6 9 11 13 17 19 20 21 28 30 31 33 
34 38 40 42 44 50 51 53 57 63 69 70 
71 75 77 78 79 80 81 83 84 87 93 99 
102 103 109 111 112 116 117 121 124 126 127 130 
133 134 136 139 142 147 148 150 153 154 156 160 
165 168 169 171 174 177 178 180 183 184 185 200 
59
2 4 7 9 12 16 20 25 26 30 31 32 
37 39 42 44 47 56 57 63 65 66 68 71 
72 79 86 88 93 94 97 99 102 103 107 116 
137 138 139 141 142 145 146 149 150 154 155 156 
160 162 171 172 173 181 182 184 190 193 195 
60
1 4 6 7 13 15 16 17 19 20 21 22 
25 30 32 34 36 37 38 41 58 63 65 67 
68 73 75 76 77 80 81 84 86 87 88 91 
93 94 100 101 113 132 140 142 144 146 148 152 
154 157 159 161 162 164 166 175 177 178 181 193 
66
3 7 8 9 10 11 17 19 22 24 31 32 
33 34 47 49 50 54 56 57 63 65 74 75 
80 85 87 89 97 98 99 101 102 104 105 110 
114 116 120 122 124 125 127 131 133 136 141 143 
147 148 151 161 165 169 170 171 174 176 182 183 
185 187 188 192 197 198 
56
1 4 23 26 27 28 31 36 38 39 44 51 
60 66 75 77 91 92 94 98 102 103 106 108 
113 114 118 120 121 125 130 131 132 139 146 156 
161 166 169 170 171 173 174 175 177 180 181 182 
186 187 189 194 196 197 198 199 
56
7 8 9 10 12 15 24 31 33 36 39 40 
41 55 56 58 61 64 66 70 71 74 82 84 
93 94 95 98 99 110 113 116 118 121 122 124 
125 126 131 132 141 142 146 147 149 150 152 154 
158 165 166 171 173 189 194 196 
63
4 5 7 8 12 14 15 19 21 25 27 31 
34 38 42 43 44 46 48 50 53 56 62 66 
77 89 93 97 104 106 108 111 112 116 125 126 
134 137 140 145 147 151 155 157 158 162 164 167 
171 173 174 175 178 180 182 183 186 190 192 194 
196 197 200 
63
3 4 5 13 15 17 18 25 26 28 31 34 
35 43 44 53 55 58 59 62 65 68 74 75 
76 78 81 83 84 95 96 98 100 102 103 107 
108 109 111 112 113 123 124 134 142 143 144 146 
148 150 152 155 156 157 158 161 162 166 168 174 
186 191 197 
60
2 6 7 9 10 11 16 22 23 24 30 32 
37 39 42 45 46 56 59 64 67 76 78 81 
85 88 92 102 105 106 108 109 110 111 118 119 
120 122 134 141 150 154 157 164 165 168 169 171 
172 174 176 177 180 183 184 187 188 190 195 196 
58
5 8 12 22 27 29 33 35 39 46 48 51 
52 53 54 59 64 71 73 76 83 88 89 90 
92 94 98 101 104 107 111 114 118 132 140 141 
142 144 147 148 150 151 153 154 157 161 162 166 
172 179 181 182 185 191 194 195 196 199 
51
1 6 8 11 24 25 30 33 34 42 51 61 
63 68 76 78 79 86 90 92 95 97 100 104 
107 108 109 114 117 121 122 123 130 138 146 147 
150 151 154 159 168 172 174 177 178 179 182 184 
185 189 190 
66
1 2 4 14 16 17 20 22 24 33 34 43 
45 47 52 54 55 57 58 60 63 66 69 71 
72 77 80 81 87 88 95 96 98 101 104 107 
108 110 111 118 119 124 129 130 131 134 139 144 
152 153 157 159 161 162 163 165 167 170 171 174 
175 177 181 183 194 200 
66
9 11 12 18 19 20 21 22 31 32 33 38 
45 46 48 49 51 54 59 63 71 80 85 87 
90 91 94 95 98 102 105 108 111 112 113 114 
118 119 124 125 126 129 132 133 139 140 142 144 
145 148 154 158 160 164 165 166 172 174 178 186 
188 193 195 197 198 199 
57
3 6 10 14 16 18 23 25 34 37 49 50 
51 53 55 56 57 71 79 82 83 84 85 89 
90 92 94 95 97 102 103 104 108 111 118 119 
122 130 135 138 139 140 146 153 155 162 168 172 
173 174 175 176 178 179 186 188 193 
58
4 7 10 13 15 23 24 30 34 37 39 40 
50 55 57 58 63 64 65 67 72 84 87 89 
90 93 98 110 112 113 115 118 120 122 125 129 
130 134 135 137 139 140 141 154 158 159 163 167 
168 170 175 179 180 183 185 187 192 193 
62
3 4 8 11 12 14 20 24 27 34 40 43 
45 47 49 52 53 60 61 63 67 71 80 81 
87 88 92 96 99 106 108 113 116 120 121 122 
123 125 127 132 133 134 137 145 147 150 153 156 
157 159 161 163 169 170 172 174 178 180 189 191 
196 199 
57
16 17 18 19 30 31 33 39 45 49 55 56 
57 60 66 68 71 77 79 81 83 84 90 94 
96 97 100 103 106 110 111 112 114 116 118 120 
122 124 129 132 134 140 142 144 147 149 151 156 
166 169 171 173 181 186 187 190 196 
62
1 2 6 7 8 12 16 17 20 21 33 36 
38 43 45 48 53 55 56 59 66 69 70 74 
77 78 84 88 91 92 93 96 97 103 106 107 
111 114 115 121 122 127 136 139 144 148 150 151 
152 153 161 168 171 182 184 186 188 189 190 192 
195 199 
64
5 8 12 15 21 24 28 30 32 34 35 36 
37 38 39 42 43 44 47 51 55 72 73 79 
80 82 83 85 88 91 98 99 107 112 115 116 
117 128 131 134 135 136 142 143 147 150 151 153 
154 161 164 167 168 169 172 179 180 182 185 187 
188 189 192 199 
59
2 4 14 20 22 24 39 43 44 45 47 49 
50 55 56 59 60 63 67 72 76 77 80 81 
84 88 92 95 100 101 106 108 109 115 116 125 
126 128 129 132 137 146 149 159 162 167 170 173 
174 177 178 179 180 187 189 192 193 194 200 
71
2 7 8 11 13 19 26 27 29 33 35 36 
39 41 43 50 51 53 55 56 57 58 64 65 
66 69 78 80 82 83 87 89 90 98 99 100 
103 111 114 117 120 122 125 126 130 131 134 136 
138 139 150 152 153 157 162 163 166 171 173 176 
179 181 183 187 188 191 192 193 197 198 200 
63
5 11 16 17 18 19 21 24 27 29 38 40 
41 42 45 46 49 53 55 57 58 62 64 71 
73 76 77 80 82 85 88 92 94 96 105 107 
108 109 110 115 119 122 126 127 128 137 141 142 
143 144 152 154 156 160 164 166 168 181 183 184 
185 191 192 
66
2 4 5 10 11 13 14 17 23 24 27 29 
30 31 32 34 35 36 38 43 47 49 50 52 
55 59 61 66 69 72 75 76 79 81 89 92 
95 101 104 106 109 116 123 124 130 131 133 137 
142 147 148 158 162 166 168 175 176 179 182 183 
188 189 192 193 197 198 
48
8 9 10 16 20 22 23 29 33 40 44 52 
57 62 67 74 75 80 86 89 93 99 101 109 
112 113 114 125 129 136 137 138 139 143 149 151 
156 158 162 165 167 174 175 181 189 192 194 195 
59
1 2 3 4 10 14 16 25 30 33 37 38 
39 41 48 49 51 58 67 70 72 74 77 80 
81 85 88 90 99 102 104 105 109 116 117 118 
119 125 127 129 130 132 138 150 153 156 157 159 
165 169 170 176 182 184 191 192 193 196 200 
57
9 13 15 20 32 39 43 44 45 47 50 53 
54 59 60 62 68 69 70 74 75 78 81 82 
90 92 96 98 99 101 103 111 112 116 118 124 
128 129 131 135 143 152 156 161 164 168 169 171 
173 176 181 183 187 189 191 194 200 
54
11 21 23 25 26 28 30 33 41 49 53 56 
61 62 63 64 66 67 80 81 82 83 97 98 
100 103 105 112 114 117 118 125 126 129 131 136 
140 141 148 150 151 154 158 159 160 164 166 168 
176 177 182 194 197 200 
70
1 2 7 8 10 14 15 16 20 23 24 27 
28 30 31 36 37 49 50 51 57 59 60 61 
67 70 72 78 79 82 86 89 91 93 98 100 
104 107 110 115 116 117 122 126 127 128 130 131 
135 136 141 144 145 148 149 159 167 169 170 171 
176 180 181 182 188 189 190 193 195 199 
63
1 2 7 12 14 21 25 26 28 29 37 38 
39 41 43 44 46 54 59 66 67 68 69 71 
72 80 84 88 89 90 92 95 97 103 107 108 
109 112 125 128 132 136 137 142 146 147 153 154 
158 159 164 169 172 174 175 178 181 188 190 191 
195 198 200 
71
2 5 13 15 16 17 18 20 22 28 30 32 
36 38 39 41 42 44 45 49 52 57 59 60 
62 63 66 67 71 73 75 76 78 79 80 82 
88 89 94 95 98 102 104 112 113 114 115 116 
121 123 125 127 130 135 136 139 140 143 147 155 
157 161 163 166 170 175 176 179 192 198 200 
59
16 17 23 27 30 35 42 44 45 46 47 53 
55 56 57 58 59 70 72 73 75 77 80 81 
87 91 93 107 109 112 116 119 121 123 126 129 
131 139 144 149 151 161 162 164 165 168 171 172 
176 178 181 185 187 189 191 192 196 197 198 
50
7 9 10 16 17 26 27 28 32 33 37 41 
46 47 51 52 53 54 57 66 68 74 76 85 
88 91 92 94 99 100 101 103 105 108 126 128 
139 142 144 148 152 162 165 167 173 175 178 181 
189 193 
59
2 6 9 10 13 15 20 22 23 24 25 38 
39 40 42 46 49 52 53 61 63 69 80 92 
108 110 114 116 124 126 128 130 131 134 135 138 
140 142 143 145 151 153 157 158 159 162 166 170 
171 172 179 181 184 188 189 190 194 195 198 
65
3 5 14 19 26 27 33 35 36 40 43 44 
47 52 53 54 55 59 60 61 62 63 64 73 
79 81 86 88 91 94 96 98 101 102 104 118 
128 130 131 140 144 149 150 152 154 155 156 160 
169 170 171 172 173 175 178 180 181 183 185 186 
188 191 192 195 197 
55
6 8 13 17 27 28 30 34 38 42 53 54 
56 57 61 66 69 73 78 80 84 85 89 92 
95 97 99 101 103 104 117 120 122 124 127 129 
131 134 137 144 145 149 152 162 163 171 175 177 
179 184 186 189 193 196 197 
48
3 5 7 14 15 16 22 29 34 35 43 48 
57 59 60 64 77 81 85 88 94 96 98 101 
107 116 117 122 136 138 139 140 144 146 147 157 
161 163 167 168 170 176 191 193 195 196 197 198 
57
2 8 9 22 24 26 29 31 35 36 37 40 
42 46 48 49 57 59 66 75 76 79 88 89 
91 94 96 99 101 106 107 113 115 118 123 125 
126 128 132 137 143 144 151 158 159 162 164 165 
166 172 178 181 183 189 191 193 194 
59
2 12 13 19 27 35 39 45 51 55 61 64 
65 68 72 77 78 81 83 87 88 91 93 94 
96 97 100 102 105 106 107 109 117 122 124 130 
131 133 134 139 141 145 146 147 148 154 157 159 
162 163 165 168 177 179 182 185 187 191 199 
50
3 4 7 9 23 29 37 40 41 42 43 51 
54 60 64 65 67 68 70 77 79 88 94 95 
97 99 101 111 115 118 122 128 129 133 134 144 
147 150 157 167 169 171 175 176 189 190 191 192 
195 198 
64
1 3 6 10 13 15 17 20 29 32 33 36 
41 47 49 52 53 54 56 59 68 69 70 71 
74 76 77 79 83 84 91 107 110 113 114 122 
124 125 139 143 147 149 150 153 155 157 160 161 
163 164 165 168 172 176 178 179 183 187 188 189 
190 195 196 198 
60
8 10 13 14 21 22 27 34 40 42 44 47 
52 57 58 60 61 65 66 67 68 71 72 82 
84 91 92 97 101 105 106 107 108 117 120 121 
124 127 128 131 132 142 144 145 148 150 152 154 
157 159 163 166 175 181 182 186 189 192 193 198 
66
4 5 12 13 21 22 25 30 31 39 40 42 
44 45 51 53 54 56 60 61 64 67 71 77 
79 80 87 88 89 92 93 96 97 100 103 105 
111 115 120 122 123 127 128 130 131 135 136 140 
142 146 147 152 159 162 169 172 173 175 177 178 
181 184 187 194 195 200 
71
1 5 6 7 10 11 20 22 25 26 30 32 
34 36 38 41 42 43 44 53 59 67 68 69 
70 71 72 73 75 79 80 82 84 86 87 93 
95 96 98 101 102 103 109 113 115 119 122 124 
127 130 131 135 140 145 148 151 155 156 158 160 
165 166 168 169 176 180 183 185 187 189 191 
60
3 5 6 9 10 11 12 13 17 18 20 23 
31 40 42 47 48 49 59 60 62 64 66 67 
70 72 75 77 82 83 91 101 102 103 105 106 
108 109 111 114 124 127 134 136 140 141 142 145 
146 153 156 157 159 178 181 182 184 189 196 199 
53
2 3 7 13 14 15 16 19 22 24 27 29 
34 38 39 46 47 49 56 57 58 59 65 66 
68 70 73 80 89 94 114 115 118 124 125 127 
131 132 134 139 142 143 144 150 153 166 168 174 
183 185 186 191 192 
56
1 2 13 15 16 24 27 28 29 31 33 34 
47 48 56 58 59 62 68 77 84 86 88 93 
95 96 100 102 104 106 109 110 112 117 120 122 
123 130 143 148 150 155 159 165 167 168 170 172 
173 175 190 192 194 196 197 198 
59
3 4 6 10 19 20 21 38 41 47 51 56 
59 61 62 65 72 76 77 78 83 87 90 102 
103 105 106 109 111 112 119 123 124 126 131 132 
135 136 137 141 142 145 149 150 160 162 168 169 
172 174 175 183 186 190 192 195 196 199 200 
61
3 5 10 13 17 19 20 23 25 33 42 43 
45 52 55 56 57 66 68 69 70 77 79 80 
81 83 84 89 94 97 100 102 106 107 108 109 
116 117 119 125 132 134 136 138 139 143 155 161 
164 166 169 171 172 173 174 175 177 178 183 188 
189 
63
4 11 13 14 15 18 24 33 34 38 40 45 
46 51 54 58 59 61 64 67 74 76 77 84 
85 87 88 90 92 93 96 99 100 104 105 106 
110 111 114 116 123 126 128 130 131 137 140 145 
150 158 172 173 176 178 182 186 188 191 194 195 
198 199 200 
55
11 13 19 22 25 35 39 41 47 56 58 60 
63 64 66 72 75 77 82 88 92 94 96 97 
103 104 109 110 111 113 121 122 124 129 133 138 
146 149 154 158 159 160 167 168 171 172 173 177 
181 183 190 192 193 194 196 
57
11 13 17 18 19 22 24 25 27 28 29 33 
35 36 37 39 45 47 48 50 59 64 65 68 
72 82 83 85 86 87 90 94 95 96 104 106 
110 119 120 122 124 125 126 128 133 135 141 144 
152 160 171 176 178 179 186 189 190 
68
1 4 9 11 14 24 26 27 29 34 35 40 
41 42 48 54 56 57 60 61 66 70 71 72 
76 82 85 86 88 92 97 99 103 104 105 109 
110 113 117 126 128 133 139 142 144 146 147 149 
155 157 163 164 166 170 171 172 173 175 177 180 
182 186 187 189 190 192 197 200 
74
6 10 13 16 19 21 23 25 26 31 32 38 
39 40 44 46 48 49 50 58 59 60 64 66 
70 73 80 86 87 88 90 91 95 96 97 100 
102 104 105 106 111 119 120 122 125 126 127 131 
136 139 140 141 144 147 151 153 154 155 156 159 
161 162 164 167 168 169 171 173 176 181 183 186 
191 194 
56
5 7 12 22 27 28 34 37 43 47 49 58 
62 67 68 76 77 84 87 90 92 95 96 97 
99 100 111 112 113 120 127 128 129 130 133 140 
142 146 149 151 161 163 165 167 169 172 174 176 
177 180 181 183 185 188 191 192 
65
5 8 23 24 25 28 31 32 34 35 38 43 
44 47 51 52 53 54 59 63 66 67 71 73 
79 82 84 87 88 91 93 95 97 101 103 109 
113 116 118 119 121 123 124 126 129 135 139 140 
142 149 151 152 157 161 164 165 166 176 186 188 
189 192 194 196 198 
56
1 3 4 7 13 23 32 35 37 38 40 41 
45 49 50 52 56 58 67 68 71 80 85 91 
92 101 104 106 110 112 114 118 119 125 126 128 
131 134 137 140 145 151 159 160 164 165 166 168 
172 173 176 187 189 193 195 199 
54
5 6 9 10 12 14 17 19 21 24 27 31 
32 34 38 41 45 53 55 64 66 69 74 75 
77 82 100 101 102 106 107 112 119 128 134 137 
139 140 141 144 150 155 156 158 159 171 173 174 
176 189 192 194 197 200 
59
3 8 19 21 22 25 29 30 32 34 36 37 
46 50 51 52 59 63 67 69 72 73 76 77 
81 82 102 107 110 113 114 117 119 120 124 125 
128 129 131 132 133 134 135 138 142 145 150 151 
154 158 160 170 171 172 175 177 181 182 194 
56
5 7 9 18 26 28 29 44 46 47 49 50 
52 54 55 58 63 65 69 71 73 80 82 84 
86 94 97 102 103 104 113 115 120 121 122 123 
125 126 132 136 137 143 147 151 154 167 171 174 
175 177 183 184 188 192 197 200 
78
2 3 6 8 15 20 21 24 30 31 37 38 
39 40 48 53 54 59 61 63 64 67 72 74 
76 78 79 81 82 83 84 86 89 91 92 93 
94 95 96 97 104 105 106 107 108 116 123 126 
127 128 131 132 136 140 141 142 144 148 152 153 
155 157 160 161 166 167 169 173 177 178 181 183 
185 186 191 194 196 199 
55
3 5 8 10 23 25 31 32 34 41 44 51 
55 57 62 69 73 76 78 81 82 93 95 98 
102 103 105 108 113 114 115 116 133 134 136 137 
139 141 143 147 152 153 155 161 162 164 168 169 
170 174 175 176 179 183 194 
59
2 3 7 8 9 12 16 18 22 23 26 27 
36 38 42 43 61 63 66 67 71 72 74 76 
82 92 93 95 98 101 102 110 113 119 121 122 
124 127 128 130 134 135 143 148 151 152 160 164 
168 171 174 177 181 183 187 191 194 198 200 
63
7 8 9 14 16 20 23 24 26 27 28 30 
35 37 40 41 43 48 53 56 59 60 62 65 
66 72 75 79 81 82 84 87 89 90 92 95 
97 101 102 105 106 110 112 117 121 124 125 128 
129 134 135 137 143 146 155 156 157 163 178 181 
183 191 196 
64
4 5 6 12 13 16 17 19 23 24 27 30 
38 40 53 57 63 66 74 75 77 78 79 80 
81 87 97 98 101 105 108 109 115 117 122 123 
124 128 133 136 137 144 145 150 151 155 156 158 
162 165 166 167 169 170 174 175 178 182 183 184 
191 195 197 200 
62
2 4 8 10 15 20 23 28 29 38 40 43 
46 50 53 54 58 61 63 65 66 67 68 71 
75 77 81 83 89 90 92 96 103 106 107 109 
110 112 116 117 125 126 132 144 145 152 160 165 
169 170 171 177 178 179 183 184 187 192 193 194 
199 200 
60
1 4 5 7 8 9 10 11 12 21 25 26 
29 34 37 38 48 50 51 68 73 79 81 82 
83 89 95 96 99 102 104 107 113 114 125 126 
129 130 137 139 141 150 154 159 163 164 167 168 
172 174 175 176 178 179 180 183 184 185 188 199 
66
1 2 7 11 15 16 18 19 21 22 23 25 
32 33 35 36 38 41 42 43 45 46 49 50 
53 55 65 68 70 71 76 94 101 102 103 108 
111 112 116 121 123 128 130 140 141 143 145 147 
148 151 152 154 162 163 165 166 175 180 184 185 
189 190 192 194 197 198 
66
5 10 11 18 19 21 23 29 32 35 38 39 
42 44 47 48 49 54 59 61 64 67 68 74 
77 81 82 84 87 96 97 98 99 101 102 106 
113 116 118 120 121 125 128 133 137 139 145 152 
161 163 164 165 166 167 169 170 171 173 174 175 
176 178 179 189 198 199 
56
2 9 13 15 20 21 26 29 30 31 32 33 
36 37 56 59 60 65 70 71 72 73 76 84 
97 99 103 106 107 109 111 112 120 127 129 130 
135 136 141 144 153 157 166 168 170 174 180 181 
184 185 190 191 196 197 198 199 
66
1 2 3 4 6 18 20 23 26 27 31 40 
43 48 58 60 66 72 76 77 79 82 86 87 
93 99 101 111 112 113 114 124 125 127 128 129 
131 132 133 135 137 141 149 151 152 153 156 157 
158 161 164 168 169 170 171 172 174 176 183 186 
187 188 189 193 194 198 
55
1 5 6 13 17 20 22 24 26 27 28 29 
31 34 40 48 50 60 61 64 69 73 79 81 
83 84 87 91 93 94 96 97 102 106 107 113 
115 126 128 136 137 139 141 144 145 155 162 164 
166 168 170 172 181 186 190 
63
3 5 6 7 9 12 17 21 25 28 30 34 
39 41 43 46 50 51 54 56 57 63 64 68 
77 78 84 91 92 93 95 98 100 101 102 105 
107 109 110 113 116 117 121 134 145 153 162 164 
166 167 171 172 175 176 177 180 185 188 189 190 
191 196 198 
50
5 10 14 15 16 17 20 21 22 26 27 30 
34 48 55 56 60 63 64 67 74 77 83 88 
102 103 109 118 128 130 139 141 146 147 148 151 
153 156 158 160 164 165 173 178 185 190 191 193 
195 199 
53
1 2 6 10 11 12 16 20 22 24 28 41 
49 51 57 58 60 61 63 67 69 71 73 75 
76 83 85 87 90 101 106 107 108 114 115 121 
122 123 127 135 137 138 140 147 152 160 162 165 
170 182 184 197 199 
51
1 7 12 13 15 16 17 19 21 22 25 26 
27 29 33 35 36 38 40 43 46 63 65 68 
69 70 72 79 84 85 94 100 118 122 124 130 
132 140 144 146 154 157 158 161 167 172 174 183 
190 191 198 
66
5 9 13 16 17 20 23 27 30 35 41 45 
48 54 58 59 60 63 66 70 71 72 82 83 
84 85 86 88 90 92 94 95 97 100 101 107 
108 113 117 121 124 125 127 128 129 130 133 146 
151 152 154 155 156 159 160 164 172 177 178 179 
181 184 187 191 197 198 
65
2 3 9 11 13 15 21 24 26 33 37 38 
40 41 44 48 52 57 58 59 60 62 64 65 
67 68 71 72 77 79 81 83 88 89 96 101 
105 106 111 115 117 122 124 125 128 132 133 141 
147 149 153 157 158 160 161 163 166 171 172 183 
184 188 191 193 197 
58
1 2 3 4 10 11 16 21 28 29 37 41 
42 43 46 49 55 56 57 58 63 71 75 81 
84 85 89 92 94 95 106 107 113 115 125 137 
141 145 146 148 149 150 151 153 160 162 164 170 
172 177 181 182 183 184 190 191 193 199 
58
5 7 8 10 12 15 16 18 21 27 32 33 
36 40 45 52 55 57 60 63 68 72 78 80 
81 89 93 96 98 102 105 113 114 117 120 121 
125 126 127 130 132 133 135 141 142 147 149 154 
161 166 170 174 179 188 193 197 198 200 
53
2 7 12 15 21 22 30 32 34 39 40 45 
48 49 52 66 68 74 76 81 85 86 88 95 
96 97 102 115 122 124 130 131 133 134 144 145 
148 150 152 158 160 161 167 171 172 175 178 179 
187 191 193 199 200 
56
3 5 6 10 11 12 14 24 26 32 49 51 
56 58 59 60 62 65 67 70 73 81 84 88 
91 92 94 99 101 102 104 107 110 113 124 128 
132 135 142 147 151 152 153 154 155 159 170 172 
180 182 185 188 189 190 198 200 
67
2 4 8 9 10 14 16 17 24 27 28 34 
35 37 44 53 59 60 61 62 66 67 75 80 
85 90 93 98 99 102 105 106 109 114 115 120 
121 125 128 130 132 137 138 139 141 146 150 151 
152 153 157 160 168 169 172 178 186 188 190 192 
193 194 195 196 197 198 200 
55
2 6 10 12 16 17 23 31 35 38 45 49 
51 55 64 74 76 77 78 79 80 84 86 87 
88 91 94 95 96 101 107 114 116 123 124 131 
132 134 137 144 152 157 162 165 171 172 174 177 
179 186 190 192 195 198 200 
53
2 4 16 19 48 49 51 56 69 70 73 74 
76 82 83 85 92 93 95 96 100 101 103 104 
106 108 111 115 120 124 125 129 132 133 134 135 
139 141 145 146 154 161 162 164 167 172 173 177 
181 187 190 191 194 
52
2 4 5 6 8 13 15 28 29 45 47 48 
49 51 53 54 58 63 66 67 69 81 82 83 
84 86 87 89 90 93 98 99 107 126 129 135 
138 140 150 151 156 159 167 168 173 175 178 182 
190 194 195 199 
61
1 2 6 9 11 15 18 19 22 23 29 32 
33 35 42 43 45 49 51 53 54 61 64 66 
67 69 77 79 80 82 84 85 88 89 92 94 
99 101 104 105 112 117 118 119 120 123 124 129 
136 148 160 165 170 172 177 179 180 181 185 196 
200 
62
2 3 4 7 8 12 15 18 21 29 30 31 
32 35 37 41 43 45 48 55 56 57 58 62 
64 65 66 70 71 76 77 80 87 90 92 93 
96 99 100 103 106 109 119 126 131 143 146 152 
156 159 161 166 167 169 171 176 178 185 188 194 
195 199 
55
4 6 8 12 13 17 21 24 31 35 40 48 
52 55 67 71 73 77 80 82 83 84 87 89 
90 98 103 105 107 108 113 117 125 131 133 134 
137 139 144 145 146 152 153 154 156 157 165 167 
175 176 181 185 188 192 195 
74
1 2 5 7 8 9 11 15 19 20 22 23 
32 34 35 36 40 42 44 46 48 49 51 52 
53 56 63 74 76 77 81 84 86 87 88 91 
100 103 105 107 115 117 118 119 120 121 124 126 
127 130 131 140 142 147 148 149 152 154 155 156 
157 161 164 166 167 183 184 185 190 192 194 196 
197 199 
57
3 9 15 16 17 25 26 27 35 38 40 42 
49 50 56 57 59 62 63 64 71 73 76 77 
79 81 83 85 89 92 94 104 106 107 111 114 
121 126 129 132 133 135 137 138 146 148 158 160 
161 172 177 183 185 193 197 199 200 
58
4 19 20 22 25 26 27 30 33 37 45 46 
47 51 53 57 61 62 63 66 71 72 81 89 
92 93 94 98 102 103 107 109 116 125 127 132 
144 145 149 154 157 158 163 164 165 166 168 170 
171 173 175 177 178 184 185 186 192 199 
59
1 2 7 16 17 18 19 21 22 27 30 39 
44 50 51 52 54 64 71 72 73 78 82 83 
88 89 95 97 106 107 110 112 120 138 140 141 
142 145 154 156 159 163 164 166 167 168 171 172 
174 176 178 182 187 188 190 193 194 198 199 
65
2 4 12 24 30 31 34 36 39 42 44 50 
61 65 66 69 70 72 73 78 79 82 84 86 
88 89 90 94 95 103 105 106 107 110 111 116 
121 127 130 131 137 138 139 140 142 143 145 148 
149 151 155 164 169 170 173 176 180 181 183 186 
189 191 192 193 199 
68
7 8 14 21 23 27 35 36 37 42 46 47 
48 49 54 56 59 66 69 71 75 77 80 81 
83 84 87 88 90 93 95 98 103 104 107 108 
113 118 120 121 122 130 138 139 141 145 147 151 
156 157 161 162 168 169 171 177 178 181 182 185 
189 190 192 193 194 195 196 198 
57
3 4 8 10 15 23 24 29 36 37 40 42 
46 47 50 51 54 55 59 62 65 69 71 75 
82 84 91 98 103 111 112 115 123 124 140 142 
144 152 160 161 167 168 169 171 172 173 180 182 
183 184 186 188 189 191 194 197 200 
71
6 8 10 13 15 17 20 24 28 31 33 34 
35 37 38 40 42 50 51 55 56 59 63 68 
73 75 78 81 85 88 94 95 101 104 105 109 
110 113 118 120 121 122 123 126 127 131 133 134 
137 138 140 142 147 148 149 151 156 158 163 165 
168 169 171 179 182 184 185 191 192 194 198 
55
3 10 11 14 24 26 32 34 39 44 50 52 
69 70 75 79 81 87 90 92 99 103 107 109 
117 122 124 131 138 141 144 147 151 152 153 158 
159 160 162 164 165 166 175 176 181 184 190 191 
193 194 195 196 197 198 199 
67
5 9 11 12 14 22 23 24 30 31 32 35 
37 40 42 43 45 46 47 48 50 51 57 58 
61 63 68 69 72 73 75 76 77 80 82 84 
86 87 93 96 98 103 113 118 120 123 130 137 
141 143 151 153 158 167 170 171 172 175 178 180 
183 185 188 192 198 199 200 
65
4 11 14 16 18 24 28 44 47 53 57 61 
63 64 66 69 73 74 75 77 78 86 87 92 
95 96 98 99 101 104 105 106 110 112 123 124 
129 131 132 133 135 139 141 142 146 147 151 154 
157 160 162 166 168 169 170 175 179 181 185 186 
187 189 195 197 200 
53
1 2 14 24 27 31 35 41 42 45 49 52 
60 61 62 64 68 69 70 73 74 75 82 89 
92 97 103 105 106 110 119 127 131 133 139 141 
152 154 156 159 160 161 166 176 178 182 183 184 
185 187 190 194 199 
52
2 4 5 9 14 16 17 19 27 32 33 41 
42 43 46 49 52 60 61 64 66 70 79 90 
92 94 95 102 104 109 110 114 115 120 121 128 
130 136 141 155 158 160 162 164 170 173 179 180 
183 187 194 199 
69
1 3 4 8 9 10 11 14 15 18 19 22 
23 24 30 32 33 35 37 40 42 44 45 47 
49 55 69 72 74 75 78 79 80 84 95 96 
102 106 107 110 111 112 113 116 118 120 121 123 
126 129 134 135 136 137 138 150 151 154 156 162 
167 169 176 179 181 182 185 186 199 
60
1 7 10 12 15 17 21 24 26 29 32 35 
37 38 49 52 57 58 64 67 70 81 85 89 
90 91 94 98 99 101 111 116 118 119 123 126 
127 129 131 133 137 148 153 157 163 167 168 170 
172 173 179 180 181 184 187 190 195 196 197 200 
52
1 4 8 11 16 20 25 29 32 33 35 37 
42 44 45 48 54 57 60 69 70 73 74 77 
85 88 90 97 99 101 103 107 110 114 117 120 
122 137 142 143 150 161 173 174 175 181 183 185 
186 187 189 198 
59
1 2 5 6 9 11 12 13 23 28 35 38 
39 42 44 46 53 55 60 63 66 68 74 79 
83 86 91 94 97 102 104 105 112 117 124 128 
131 132 135 137 138 140 145 147 148 152 159 161 
162 165 166 170 171 179 180 183 190 191 195 
49
3 6 20 22 23 30 36 39 47 49 51 53 
61 64 69 70 71 76 82 84 86 90 95 96 
99 103 109 110 114 118 120 122 123 129 130 134 
140 158 161 165 166 169 173 176 177 181 183 192 
196 
63
4 11 14 15 16 17 26 27 33 35 38 43 
46 47 50 52 56 58 60 61 62 63 64 65 
66 68 73 82 84 87 90 91 92 95 101 106 
112 116 117 118 121 124 127 132 133 135 136 137 
141 143 148 150 156 157 159 160 170 175 187 189 
193 195 197 
55
4 7 8 12 14 16 17 19 21 26 27 28 
29 30 34 53 56 58 65 71 76 79 94 95 
98 99 105 108 110 115 116 127 128 129 130 132 
134 140 142 146 147 148 149 154 155 156 169 170 
173 180 185 188 190 195 196 
54
1 5 20 22 23 33 38 42 46 48 53 54 
59 63 66 69 70 73 83 84 90 93 96 99 
100 104 106 109 111 114 117 120 122 124 125 129 
131 132 143 145 146 157 160 163 165 166 168 177 
181 184 195 197 198 200 
54
6 10 11 15 23 25 28 31 33 35 38 41 
43 45 47 48 49 54 59 61 67 68 69 70 
74 75 86 88 92 94 105 107 108 110 111 127 
128 132 133 135 136 138 150 155 157 161 167 170 
172 173 183 188 192 194 
63
6 12 14 15 16 17 25 28 40 45 46 48 
50 55 57 66 68 69 74 81 86 89 91 93 
94 95 96 99 101 102 106 107 108 109 114 119 
125 126 132 133 134 135 136 138 139 140 152 153 
154 156 157 158 160 162 171 175 178 181 185 186 
195 197 200 
69
1 4 6 12 16 20 22 28 30 32 37 42 
43 45 49 50 52 53 56 57 64 65 67 75 
76 79 80 82 84 87 88 93 94 96 98 102 
103 108 110 111 112 116 120 123 125 126 129 133 
140 153 157 160 163 165 166 171 172 174 178 181 
182 183 190 191 193 195 196 197 200 
57
1 10 12 13 23 26 27 42 46 53 62 70 
71 74 75 81 82 85 88 89 91 95 98 108 
110 111 112 114 115 118 119 123 125 127 129 131 
133 134 138 142 145 149 150 155 156 157 161 162 
169 171 172 180 183 188 192 193 200 
76
2 3 5 7 11 13 14 17 19 20 23 31 
32 33 41 42 44 46 47 48 49 50 51 55 
57 59 60 62 63 64 65 66 68 72 74 78 
80 82 83 87 91 97 100 104 105 106 112 120 
121 126 129 130 133 136 137 139 143 145 146 149 
150 153 155 163 164 169 180 182 185 186 187 190 
192 197 199 200 
61
11 13 15 16 17 18 21 29 31 32 34 36 
38 39 41 50 54 56 58 59 69 70 77 83 
84 85 90 92 94 95 98 101 102 105 109 110 
111 122 123 128 134 137 138 140 155 156 157 160 
166 168 174 175 177 179 186 189 191 192 193 196 
198 
61
4 8 9 13 15 17 19 22 23 27 30 31 
35 39 40 41 46 47 55 59 62 67 70 74 
78 79 84 86 89 90 92 93 94 96 99 101 
111 112 113 115 125 128 134 135 137 151 154 156 
157 164 167 169 179 180 185 186 187 190 192 196 
197 
58
1 2 12 15 19 27 30 32 33 35 36 37 
41 42 44 54 55 56 61 63 73 76 77 81 
85 86 87 88 90 92 94 95 96 97 99 103 
108 109 122 125 131 135 138 139 142 144 145 147 
150 151 156 157 165 171 176 177 181 200 
61
7 13 19 22 23 24 27 32 34 38 39 44 
46 50 52 53 54 55 56 62 63 65 78 79 
80 83 85 87 93 95 102 107 108 109 111 121 
125 134 139 140 141 142 149 150 154 162 163 165 
168 171 173 174 175 176 183 185 186 189 190 198 
200 
63
4 5 6 7 12 15 16 17 20 28 31 33 
36 50 51 54 59 65 71 81 85 86 87 101 
103 104 111 113 116 120 121 123 125 126 133 134 
140 142 143 146 149 151 153 155 156 158 159 161 
162 164 174 178 179 180 182 187 188 189 191 193 
196 197 198 
67
2 3 4 7 11 14 15 16 24 25 27 30 
31 43 44 45 46 47 48 54 55 56 58 61 
67 70 74 78 79 80 82 83 87 88 89 90 
92 94 111 112 114 115 123 126 127 128 139 141 
151 152 157 160 163 164 168 170 179 180 181 182 
183 187 189 196 197 198 200 
47
7 8 14 16 24 31 33 34 43 44 49 54 
62 66 67 76 79 80 85 88 102 106 116 120 
127 128 132 133 140 143 150 151 157 163 168 169 
172 175 177 180 182 186 188 192 193 195 200 
58
2 5 6 11 12 15 18 29 34 39 40 41 
42 43 50 59 62 67 71 78 79 82 85 90 
91 93 96 97 104 106 107 108 110 112 119 121 
126 127 131 139 149 155 157 160 163 164 166 171 
177 181 182 185 186 188 192 195 199 200 
55
2 3 4 5 9 11 12 18 20 22 32 33 
39 41 44 45 47 52 54 55 59 61 64 67 
71 72 79 80 85 86 98 106 110 114 115 116 
119 120 125 131 151 154 155 157 161 168 169 170 
175 177 178 181 190 191 200 
56
1 7 8 10 16 25 30 32 34 36 37 42 
43 49 53 58 62 63 65 68 69 74 76 80 
85 86 90 94 112 121 123 124 125 126 129 131 
141 146 152 153 155 156 157 163 166 168 170 176 
179 184 185 186 189 193 195 200 
59
5 8 9 11 12 15 17 23 25 26 33 35 
39 40 42 45 46 47 49 50 53 57 61 65 
66 68 70 72 73 77 85 86 91 96 97 102 
104 114 117 118 123 131 132 134 138 139 140 153 
160 163 167 168 169 171 186 187 196 198 200 
49
2 7 10 17 23 25 45 49 52 54 61 62 
67 71 74 77 79 81 82 84 85 86 91 92 
98 103 106 110 113 115 126 133 136 144 145 148 
150 158 163 166 167 168 171 178 181 185 188 192 
196 
67
1 3 7 8 11 12 14 15 18 22 23 24 
25 33 39 48 49 53 56 58 61 64 65 67 
70 71 75 76 78 84 85 91 95 96 100 101 
102 107 108 109 110 119 122 126 127 133 137 140 
141 149 150 158 162 164 167 174 175 176 180 183 
185 186 187 190 191 192 199 
63
9 10 14 15 26 31 32 35 38 39 40 41 
42 54 59 61 70 71 75 77 78 80 81 88 
89 92 97 100 107 109 112 113 115 121 124 126 
130 131 132 141 144 145 149 152 153 155 156 159 
164 167 168 169 170 171 174 178 181 183 184 185 
187 189 190 
63
5 6 12 13 18 21 23 27 29 30 32 33 
36 38 40 47 48 49 52 58 59 60 61 62 
63 65 75 76 81 84 91 98 100 109 112 113 
115 117 125 126 128 129 131 133 134 147 148 150 
151 160 169 177 180 181 182 185 186 188 194 195 
196 198 200 
64
6 8 15 17 19 21 22 23 29 35 48 51 
52 53 56 59 61 65 66 67 69 70 71 73 
75 77 82 83 92 104 105 110 111 116 117 118 
121 122 126 127 131 133 134 136 138 139 140 141 
147 148 162 163 164 165 177 178 180 181 182 187 
189 192 193 196 
52
5 7 9 14 18 19 22 24 26 39 40 44 
48 49 50 51 55 57 71 72 77 86 94 97 
98 100 109 110 118 120 123 130 132 133 139 140 
143 150 159 162 169 171 176 180 181 187 188 190 
191 192 193 200 
60
2 5 9 11 12 17 18 23 26 29 30 32 
33 34 37 44 48 57 61 65 68 69 82 88 
89 90 92 93 96 98 99 107 108 111 112 115 
116 117 120 123 124 125 129 134 139 140 141 147 
150 155 159 162 167 169 172 175 178 180 186 195 
55
5 10 11 14 16 20 24 30 31 32 35 36 
40 41 42 51 61 63 64 68 72 74 78 82 
83 85 87 92 94 95 106 108 110 112 114 115 
117 118 122 124 129 133 135 144 145 154 156 159 
160 162 163 168 169 180 183 
62
2 9 10 16 18 21 30 33 38 39 42 44 
47 50 51 53 56 61 62 64 66 69 70 74 
75 79 80 90 92 95 99 105 106 107 110 119 
125 126 131 133 137 138 140 143 144 147 148 150 
151 152 156 158 162 165 166 174 178 179 180 181 
186 196 
71
1 6 8 10 13 14 15 16 17 20 21 23 
25 28 29 35 49 55 56 57 58 62 66 70 
71 74 80 83 84 86 92 95 96 98 102 108 
116 118 119 124 125 126 128 130 134 135 141 145 
149 151 154 156 158 159 161 162 164 165 166 168 
169 171 177 178 180 181 188 189 192 196 198 
55
7 12 14 15 20 22 27 28 29 34 35 37 
39 40 50 51 54 57 58 61 72 73 75 79 
81 83 86 89 90 93 97 98 100 104 107 117 
127 133 135 137 140 144 148 149 150 151 155 156 
167 172 177 180 182 190 200 
53
4 5 7 11 15 16 19 20 25 30 34 36 
38 39 41 42 44 47 51 52 53 54 59 63 
67 69 71 72 75 81 86 89 90 95 108 112 
117 119 125 127 132 135 137 140 156 167 169 175 
179 183 189 198 199 
71
4 5 6 7 10 12 15 16 19 23 27 29 
32 35 37 38 43 54 59 60 63 64 73 74 
75 76 77 82 84 86 87 90 92 93 94 95 
96 106 108 111 112 116 117 118 120 122 123 127 
132 135 138 141 142 146 149 150 152 156 159 160 
165 172 174 177 185 188 191 192 193 195 198 
54
2 5 10 13 25 29 30 32 36 41 50 59 
61 62 75 79 92 96 101 103 110 116 119 120 
126 127 128 129 130 136 137 143 146 147 148 149 
150 153 154 155 161 162 163 167 170 172 176 181 
184 185 191 192 193 199 
69
1 16 18 21 28 30 31 33 38 39 42 43 
44 48 49 52 58 60 61 64 70 77 78 79 
81 83 87 89 90 93 102 110 114 115 118 120 
121 122 127 128 133 135 137 138 139 146 147 148 
151 153 156 158 163 168 169 171 172 173 176 177 
184 185 188 193 194 196 197 199 200 
54
1 4 10 15 17 20 25 29 33 38 40 46 
47 64 69 73 77 78 79 80 82 83 95 99 
102 107 112 113 121 122 124 125 127 128 136 138 
139 142 144 145 146 149 151 155 165 168 171 174 
176 177 178 181 188 198 
54
5 6 7 10 17 22 24 26 29 30 33 38 
44 47 55 58 66 68 76 78 81 86 87 100 
101 107 114 116 120 124 133 134 137 139 140 141 
143 147 148 155 164 165 167 170 172 173 175 177 
181 182 183 186 194 196 
45
5 18 20 22 24 26 27 39 40 44 45 50 
57 62 65 69 70 72 79 83 86 88 90 92 
111 112 115 116 117 127 129 133 142 143 162 167 
169 171 180 182 186 187 192 197 200 
62
1 2 5 6 13 19 20 22 25 28 32 35 
36 37 50 51 52 55 59 60 67 69 70 76 
81 87 90 93 94 97 102 104 111 112 117 118 
121 127 131 136 143 148 150 154 155 162 163 164 
169 173 174 176 177 178 180 181 182 188 191 193 
195 198 
58
3 4 17 23 26 34 37 39 40 43 50 53 
55 56 57 58 60 61 64 65 66 67 68 71 
72 73 74 79 81 82 83 86 87 88 102 105 
109 116 117 120 126 128 139 147 150 153 154 156 
162 170 171 176 183 184 186 187 197 198 
55
1 3 5 11 16 18 19 31 33 36 45 56 
58 75 76 79 83 87 90 91 93 94 101 102 
105 110 115 117 118 123 125 130 134 144 149 150 
152 154 155 158 159 160 162 168 171 173 174 180 
182 184 185 186 188 192 193 
62
3 6 8 9 10 12 21 25 26 31 32 33 
35 37 38 49 56 62 64 65 67 70 74 76 
77 78 84 89 90 92 95 96 100 101 104 110 
113 115 116 118 120 125 126 127 128 138 140 141 
151 154 155 159 170 173 175 177 185 189 192 195 
198 200 
79
2 3 5 8 12 13 14 17 21 30 31 32 
33 35 37 43 44 46 47 55 62 64 66 67 
71 73 74 75 77 79 80 81 82 83 84 87 
89 96 98 99 102 104 105 107 110 112 120 121 
125 129 133 135 136 138 145 146 148 149 151 152 
158 160 162 167 168 170 171 173 174 178 182 183 
185 186 187 188 190 191 196 
59
7 9 10 12 17 20 21 26 28 31 32 35 
40 41 42 49 59 63 66 70 76 80 81 86 
90 98 99 100 101 103 109 118 121 125 129 130 
132 134 135 137 142 146 148 150 155 156 160 162 
164 168 170 174 176 177 178 179 181 188 194 
59
1 3 5 8 20 23 26 36 37 44 49 50 
51 52 56 58 65 66 67 69 70 71 73 76 
80 89 90 91 95 97 98 99 108 110 116 118 
119 128 132 133 136 137 141 144 146 155 156 159 
170 171 178 183 187 189 191 193 195 197 200 
56
1 2 5 11 12 14 17 25 26 28 29 30 
32 33 50 52 60 61 62 63 67 75 76 78 
80 84 91 96 98 103 106 108 109 111 124 125 
129 139 143 145 149 151 152 156 158 161 169 170 
176 180 183 184 189 194 198 199 
55
10 12 15 16 18 20 26 29 31 35 41 43 
44 45 51 53 56 60 61 66 67 77 78 79 
83 87 93 94 102 106 107 109 119 121 124 127 
128 129 132 133 146 153 157 159 161 166 167 169 
177 179 184 185 188 190 198 
68
2 3 8 9 11 13 15 20 25 30 32 35 
44 52 53 56 58 59 60 67 78 80 85 86 
93 94 100 101 103 107 110 115 117 118 123 124 
125 126 128 132 137 139 142 144 145 148 149 155 
156 159 160 166 168 169 171 172 175 178 179 180 
183 187 190 192 193 194 199 200 
59
1 3 5 6 10 12 14 16 17 25 34 39 
45 48 53 54 60 61 62 63 67 68 71 72 
75 83 85 88 89 92 93 94 113 119 121 123 
124 129 131 132 134 143 152 153 155 159 161 172 
175 177 178 179 187 188 189 190 191 196 197 
57
1 2 4 5 7 11 14 15 16 19 22 23 
25 33 40 42 46 49 55 60 66 67 72 73 
83 86 93 95 99 100 103 107 115 116 117 120 
131 140 145 148 153 154 156 164 168 174 179 180 
183 186 188 189 190 193 194 195 200 
61
2 12 15 17 23 27 39 43 51 57 61 63 
64 69 70 71 74 75 76 77 78 82 86 92 
93 99 101 102 103 113 114 118 121 122 123 129 
130 133 134 137 141 142 144 147 151 154 156 158 
163 164 167 169 172 177 178 179 181 183 189 192 
197 
49
1 2 7 11 12 18 19 20 24 32 33 34 
38 43 50 54 56 58 64 66 67 72 76 85 
94 95 99 103 115 118 119 120 125 128 132 133 
136 142 145 150 152 154 160 163 168 178 182 189 
195 
73
2 4 5 13 14 18 23 25 26 34 36 45 
53 57 58 59 60 64 67 69 70 75 77 80 
81 82 85 87 96 102 107 108 109 111 112 114 
117 118 120 121 122 123 131 134 136 137 140 145 
146 147 149 150 154 156 160 162 163 165 167 168 
169 170 172 173 175 178 181 184 189 194 195 198 
200 
56
1 7 8 13 14 15 17 26 31 32 40 42 
46 49 50 52 54 56 62 63 67 70 74 75 
77 90 93 94 99 102 103 119 123 124 128 130 
131 134 136 139 140 141 142 153 159 166 170 177 
179 180 182 188 192 194 195 196 
64
9 10 14 15 16 21 22 27 35 36 39 41 
50 51 52 55 56 58 69 70 71 72 74 77 
78 83 86 91 93 98 99 106 107 108 110 112 
113 114 117 118 119 126 130 133 134 143 146 153 
154 156 157 158 159 161 162 166 167 171 172 176 
182 190 198 200 
58
2 5 10 12 15 19 23 26 32 33 38 39 
43 45 51 52 54 57 58 70 81 82 84 91 
95 100 102 103 105 113 114 115 121 123 124 128 
130 132 136 140 144 145 147 152 156 157 166 169 
170 174 176 177 180 182 189 190 195 198 
52
5 7 10 15 23 35 36 38 41 42 43 48 
64 65 67 68 69 70 71 79 81 86 88 95 
103 115 119 120 125 131 133 134 137 139 144 146 
148 158 160 163 166 169 170 173 176 183 184 189 
190 192 196 197 
63
1 8 11 12 13 17 18 26 30 33 34 44 
47 48 49 52 53 54 55 59 62 63 64 67 
72 77 88 90 91 95 96 97 98 100 110 111 
112 114 117 127 133 137 141 142 145 146 147 153 
156 158 160 162 163 169 174 175 180 181 182 184 
194 199 200 
62
9 11 13 21 22 24 32 33 34 36 37 38 
43 46 47 50 53 54 59 61 62 67 69 79 
80 83 86 92 93 98 100 101 102 105 108 109 
114 115 126 132 133 134 137 141 142 144 151 157 
158 162 163 167 172 174 175 177 179 183 184 186 
190 192 
64
3 5 13 18 22 26 27 29 30 32 33 35 
37 39 41 48 51 59 64 70 71 76 78 80 
84 87 92 93 94 95 98 103 105 109 112 114 
117 122 127 130 136 137 138 139 141 151 154 158 
160 162 165 167 168 170 175 177 181 183 184 190 
193 195 197 198 
54
1 3 7 8 10 15 17 20 27 30 33 37 
41 52 60 66 67 68 70 74 79 83 85 88 
89 91 93 94 96 97 100 105 107 113 116 126 
137 138 150 152 153 161 163 164 166 170 177 178 
182 184 186 193 194 199 
55
8 9 17 22 23 32 34 36 39 41 47 50 
57 58 60 63 71 74 76 77 80 85 87 90 
95 99 108 109 110 113 117 122 127 130 131 132 
133 134 140 150 152 155 156 158 160 163 166 170 
176 178 180 185 191 195 200 
65
4 6 8 9 11 13 16 18 20 22 27 28 
32 33 34 39 43 46 54 55 56 58 62 67 
69 71 74 78 84 85 88 95 101 102 105 108 
112 120 123 124 126 127 131 133 134 138 140 143 
146 147 150 159 162 165 171 177 179 182 184 189 
190 191 192 198 199 
62
5 7 8 12 13 15 19 20 24 26 34 39 
47 54 59 65 67 70 72 74 75 78 80 82 
84 85 88 89 93 95 99 108 110 111 115 116 
117 118 119 121 122 132 136 137 142 144 146 147 
156 157 160 166 169 170 171 172 177 180 184 186 
187 199 
67
4 5 8 16 17 18 20 21 30 31 34 35 
36 38 39 40 41 42 44 46 52 54 56 58 
64 67 69 77 78 81 82 83 89 93 98 102 
112 116 119 123 128 129 130 132 135 139 140 141 
143 149 150 156 158 161 164 166 167 171 174 176 
178 180 182 183 187 189 198 
61
2 5 11 30 31 33 42 43 44 47 50 57 
58 59 62 63 65 67 81 83 86 88 90 92 
93 95 96 98 100 102 105 107 116 117 124 125 
126 128 129 130 133 141 143 145 147 150 151 152 
154 163 164 165 168 170 174 185 190 192 193 198 
199 
57
12 14 15 16 20 21 27 28 30 31 41 43 
50 51 52 54 55 57 63 75 76 77 82 85 
89 98 99 100 102 105 107 110 111 113 115 119 
120 124 127 134 139 142 143 152 153 154 155 158 
161 163 168 175 179 180 181 182 200 
55
5 12 13 15 18 26 35 38 39 52 54 59 
62 66 68 72 73 74 78 89 91 95 102 107 
112 115 118 120 121 129 132 134 135 137 145 146 
148 150 152 157 158 160 161 162 163 165 172 174 
175 181 182 184 190 197 199 
50
4 5 8 14 15 17 23 29 30 32 33 34 
35 36 37 43 44 47 49 54 55 67 68 69 
71 76 89 95 116 118 122 126 129 138 139 140 
145 146 150 154 158 162 163 166 167 168 172 181 
184 198 
54
2 3 8 9 11 13 14 21 35 37 41 42 
43 44 46 50 58 59 65 66 67 68 70 77 
81 86 88 98 103 109 110 116 118 119 120 125 
126 134 136 141 145 146 153 158 159 161 162 165 
173 184 195 196 198 200 
57
4 18 19 25 27 30 33 34 38 39 43 45 
48 52 55 56 66 72 73 75 77 84 85 88 
89 91 95 96 97 104 107 108 115 116 119 122 
133 135 137 140 142 144 152 153 154 157 160 166 
169 170 174 176 177 180 186 195 196 
59
3 6 8 9 13 15 16 21 22 26 28 29 
30 45 58 59 60 61 62 69 72 73 74 77 
85 88 89 92 93 94 101 109 112 115 116 118 
119 121 124 130 134 138 141 142 143 144 148 153 
155 163 166 171 184 185 186 187 189 194 196 
54
4 6 16 18 21 22 23 25 30 40 41 46 
53 54 55 58 64 70 71 74 83 85 88 90 
93 94 95 96 100 101 109 114 115 118 122 124 
128 129 134 135 139 143 150 151 153 155 156 161 
166 170 179 186 187 196 
58
1 4 7 12 17 20 21 24 28 33 39 40 
42 47 51 52 66 75 78 79 85 89 92 96 
98 101 103 104 109 111 118 130 138 142 145 147 
149 152 154 155 156 158 159 161 162 164 167 168 
169 176 178 185 186 190 191 196 197 200 
66
6 8 9 14 16 17 18 20 23 24 26 28 
31 32 34 35 38 43 46 52 57 60 61 64 
65 66 69 73 75 79 81 85 86 89 93 97 
98 101 106 114 117 118 123 127 128 131 134 135 
138 139 147 150 163 165 167 168 174 176 177 186 
188 191 192 194 195 200 
47
3 14 16 24 26 28 29 32 37 43 44 46 
48 55 56 58 59 60 62 63 64 68 70 73 
74 89 90 94 112 120 122 131 142 148 154 157 
160 163 166 168 169 170 175 178 184 186 187 
56
4 6 9 14 15 16 22 25 31 32 37 38 
48 53 58 61 64 67 68 71 73 77 78 80 
81 82 85 88 89 94 96 97 100 102 103 105 
107 117 125 135 143 149 150 152 157 158 159 163 
165 168 177 180 189 196 197 200 
59
2 4 7 9 10 16 26 28 30 31 38 39 
46 51 52 53 57 64 65 66 69 71 73 77 
79 85 89 101 103 104 110 111 112 114 116 120 
125 127 129 135 138 139 142 150 151 154 158 168 
171 172 176 178 187 189 190 192 194 195 198 
44
3 7 8 18 20 26 28 39 54 56 61 64 
76 80 82 85 96 101 103 106 108 117 118 120 
122 123 130 132 133 135 139 144 148 150 155 162 
163 176 178 179 188 193 195 199 
59
4 6 7 9 14 19 23 24 30 32 34 35 
39 41 45 47 48 58 62 67 69 75 85 87 
97 98 101 105 106 112 114 115 116 118 121 127 
136 137 139 140 150 151 156 158 160 166 167 169 
172 173 174 178 179 182 183 185 189 190 200 
68
3 5 6 7 9 10 12 13 20 21 24 33 
37 38 43 45 46 47 48 54 58 60 61 62 
66 75 78 85 88 89 90 92 93 95 100 101 
105 107 110 114 121 122 124 129 130 132 134 135 
141 144 147 148 149 152 155 159 160 161 162 165 
170 176 178 179 182 190 193 197 
52
2 7 13 15 18 24 25 27 32 33 37 40 
44 45 47 54 56 58 62 69 72 78 79 80 
82 92 94 96 103 107 108 121 123 124 126 131 
135 139 145 147 149 153 157 158 159 162 176 180 
181 184 192 194 
71
1 4 8 13 14 16 22 25 28 32 33 34 
35 37 39 41 49 53 54 60 66 68 71 72 
73 76 79 80 81 85 88 93 95 97 100 102 
106 107 109 110 112 113 116 118 119 128 129 130 
134 136 138 139 141 142 143 144 152 156 162 164 
165 170 171 176 178 185 186 191 195 197 199 
69
1 8 11 13 18 19 21 28 29 34 35 38 
40 41 43 47 49 55 57 63 65 68 69 75 
80 82 83 84 85 93 95 99 103 110 111 112 
113 114 117 121 125 130 132 135 138 141 146 148 
149 151 152 153 158 161 165 166 167 168 169 172 
174 178 179 183 184 185 194 197 200 
56
3 4 13 18 19 24 31 32 34 45 46 50 
51 55 57 58 62 70 71 72 79 89 90 91 
93 98 100 101 102 104 107 108 110 115 119 124 
128 131 133 134 135 137 144 146 149 150 153 157 
158 160 162 171 174 176 182 185 
73
3 4 5 7 8 9 10 12 13 15 18 19 
21 22 26 30 34 35 41 45 47 48 53 54 
55 59 61 63 64 67 76 79 82 83 85 88 
90 93 94 95 99 100 103 104 105 110 111 127 
129 133 136 141 142 144 149 152 153 155 157 158 
161 165 170 172 174 176 177 181 183 184 186 188 
192 
57
3 4 9 16 18 19 23 29 31 33 34 35 
36 40 41 46 54 58 59 60 62 72 74 78 
81 85 86 91 93 94 95 103 105 107 109 120 
122 123 126 129 131 144 147 151 158 160 162 165 
173 174 177 182 183 185 186 189 199 
44
10 12 13 19 26 34 42 45 46 48 50 62 
63 66 67 71 80 83 88 97 103 108 112 117 
121 125 128 133 139 140 145 148 153 154 157 159 
162 164 165 167 170 182 184 189 
52
5 7 12 15 18 21 29 31 41 45 47 48 
51 52 53 60 61 62 66 71 77 80 83 84 
90 91 99 101 105 112 113 116 117 127 130 131 
132 134 137 142 143 146 149 151 156 157 158 163 
178 187 188 193 
66
1 7 8 12 18 20 24 36 37 38 39 40 
44 48 49 55 58 59 61 67 69 74 78 80 
81 82 85 86 87 94 96 97 100 101 102 104 
105 107 113 116 122 137 142 143 144 145 146 148 
150 153 158 162 165 168 173 175 177 178 179 180 
182 185 186 189 190 193 
61
1 2 3 9 12 19 20 23 27 35 37 43 
44 47 48 49 51 56 61 62 68 78 79 80 
81 82 84 85 94 95 97 99 104 109 111 113 
114 116 118 120 125 127 133 139 151 152 157 159 
161 162 167 173 174 175 177 179 180 187 188 194 
199 
57
1 6 8 13 20 34 35 37 39 41 46 47 
51 52 56 60 65 71 74 76 81 85 86 89 
93 99 101 111 120 122 126 130 136 137 138 141 
143 145 147 151 155 156 159 160 162 164 168 178 
179 188 189 190 192 193 196 197 199 
61
1 3 7 12 16 18 19 23 26 31 34 36 
39 42 53 54 57 58 63 66 71 72 78 80 
87 90 96 100 102 103 106 113 115 116 118 119 
121 122 124 128 129 130 132 133 138 152 153 160 
164 166 171 174 179 181 184 187 188 190 194 197 
198 
52
4 6 11 12 13 18 19 21 22 35 41 43 
61 64 67 68 77 80 83 85 89 90 91 97 
98 111 113 115 121 124 127 129 130 138 143 144 
154 159 160 164 165 167 168 169 175 176 178 179 
187 188 189 198 
60
1 3 4 13 19 21 26 32 33 47 50 55 
62 63 66 67 68 73 76 86 88 89 90 91 
92 94 96 97 99 100 101 102 106 107 109 113 
124 131 140 144 151 153 154 155 157 158 162 166 
167 168 171 179 180 186 187 192 195 196 197 200 
67
1 2 5 10 15 16 17 18 20 21 24 29 
32 36 47 51 52 53 54 55 56 61 63 69 
72 73 78 81 82 86 90 91 98 99 102 113 
115 117 119 122 127 129 130 131 132 135 142 143 
150 159 160 161 162 163 165 168 169 171 174 176 
182 184 186 188 191 195 200 
42
1 2 10 11 12 25 29 32 37 39 45 49 
51 52 56 58 64 65 83 84 85 86 87 88 
89 91 94 96 104 110 113 116 119 123 127 136 
156 158 161 164 173 189 
61
3 5 8 9 16 17 18 19 27 38 43 47 
49 55 58 60 64 66 76 78 80 81 82 83 
85 87 89 92 95 97 104 106 109 112 120 121 
123 127 132 134 138 140 142 146 150 154 159 161 
163 165 167 168 170 177 182 184 191 192 196 197 
200 
54
6 13 17 19 22 26 31 33 34 37 44 46 
52 54 56 57 61 64 67 68 71 78 79 80 
82 83 85 88 89 90 94 99 105 109 115 123 
131 132 136 140 145 146 148 154 161 162 166 167 
174 186 189 192 193 196 
67
5 7 8 11 12 13 19 20 22 28 29 31 
32 34 36 39 40 53 54 56 57 58 63 65 
66 73 82 87 91 92 97 105 109 117 119 120 
122 123 128 129 130 134 135 136 137 144 145 146 
149 151 153 159 160 166 167 168 169 173 179 180 
181 182 183 184 189 190 200 
68
1 2 4 5 8 9 11 14 15 20 26 30 
32 33 45 47 48 49 54 60 63 64 66 68 
69 71 75 76 81 83 85 87 89 92 93 96 
104 105 107 115 118 125 127 132 135 136 138 145 
150 152 155 157 159 160 161 162 164 165 167 168 
170 175 179 181 186 189 196 199 
61
3 5 6 9 14 15 18 19 20 23 24 29 
36 37 41 42 43 47 50 51 54 56 60 62 
63 64 67 71 77 80 96 97 98 99 100 104 
106 109 115 116 126 127 131 132 134 144 147 151 
155 156 160 164 165 166 170 174 178 188 189 191 
192 
67
2 3 10 11 16 17 29 30 32 33 37 38 
40 41 42 43 46 49 53 56 66 69 71 74 
77 80 81 82 83 85 86 89 91 93 98 99 
100 107 109 110 112 115 118 120 124 127 129 133 
136 137 138 142 143 145 159 161 162 165 167 168 
182 185 188 189 192 194 196 
60
6 7 8 11 13 16 18 19 27 28 30 36 
37 38 42 44 45 47 48 49 50 52 55 57 
60 63 70 71 74 75 82 84 85 86 88 91 
97 103 104 116 117 130 131 134 138 140 154 155 
157 158 160 161 164 168 180 183 188 190 191 197 
67
3 5 8 15 16 17 18 19 24 28 29 30 
32 33 34 36 39 42 46 50 54 58 65 66 
69 70 73 78 87 94 96 101 104 105 107 109 
113 116 119 121 123 133 135 137 141 142 147 148 
150 151 152 154 156 157 161 164 165 167 171 173 
175 185 186 188 193 195 198 
63
1 11 12 18 22 24 26 29 30 32 34 35 
36 37 49 50 52 56 58 60 62 63 64 65 
67 78 83 84 87 89 90 94 95 96 106 108 
117 121 123 130 132 133 135 139 141 145 154 156 
157 162 163 164 165 168 174 175 182 183 184 192 
193 195 197 
71
1 5 15 16 19 24 32 33 34 43 44 45 
48 49 50 51 54 55 59 61 62 64 65 71 
75 79 84 85 86 90 97 98 99 100 101 102 
113 116 117 118 119 122 126 130 131 132 135 137 
138 141 142 144 146 148 150 151 152 155 156 158 
162 166 168 171 173 174 175 183 188 192 195 
57
4 6 11 16 18 19 23 25 32 36 43 44 
46 47 49 53 58 59 63 64 80 83 89 94 
97 101 105 107 111 116 117 119 122 127 130 133 
137 142 150 152 153 154 160 162 163 166 168 173 
174 176 179 180 190 192 195 196 197 
51
7 9 12 21 22 25 27 28 32 34 41 55 
56 58 61 69 71 73 74 78 86 87 88 91 
98 101 104 105 111 112 118 122 123 125 128 130 
132 134 142 150 153 155 157 162 164 167 174 181 
196 198 199 
58
1 2 3 4 5 8 10 24 26 27 31 32 
35 43 48 54 56 58 68 69 72 74 77 78 
79 82 93 94 99 103 105 107 112 114 115 116 
118 119 120 121 127 133 136 144 146 151 154 156 
157 162 163 169 172 175 180 184 194 196 
60
3 4 10 12 16 17 18 22 25 26 28 29 
36 37 39 45 46 47 51 54 57 61 62 67 
68 69 79 81 92 94 97 102 104 115 119 120 
121 124 126 128 129 139 140 141 147 148 149 152 
155 158 160 161 162 164 165 174 176 178 189 200 
61
3 4 5 7 11 12 16 19 20 24 33 36 
39 40 44 45 46 50 51 54 55 58 59 60 
62 63 64 76 77 78 80 83 84 94 98 100 
108 113 114 117 118 119 128 130 134 135 138 144 
147 162 164 166 167 170 178 179 180 181 187 195 
196 
50
2 8 9 10 14 17 19 20 25 29 33 34 
35 37 41 42 48 53 58 61 65 72 77 87 
88 91 100 102 103 104 111 113 116 127 129 131 
132 135 137 141 143 157 167 168 170 171 175 180 
192 200 
58
3 4 5 11 12 13 17 18 24 28 29 30 
41 42 45 50 55 56 58 60 62 65 70 72 
82 86 87 88 89 99 100 104 106 108 110 112 
115 117 130 132 133 139 151 152 153 154 155 160 
162 181 184 187 188 189 190 191 194 195 
56
8 11 14 18 20 21 24 30 34 35 36 42 
46 50 53 60 62 66 67 72 73 75 77 83 
86 87 90 92 101 104 105 107 111 112 118 123 
124 126 127 134 135 136 146 148 160 161 163 164 
165 167 168 169 173 184 185 195 
63
1 3 4 6 11 18 21 22 23 33 38 39 
43 44 46 50 52 54 56 58 59 60 61 65 
66 68 80 83 86 89 99 100 106 119 122 127 
134 142 144 146 147 148 149 150 151 152 155 157 
159 162 165 169 173 176 179 182 183 186 187 188 
189 199 200 
52
21 23 31 38 48 49 54 57 59 61 63 67 
71 75 76 79 81 85 92 96 99 100 101 102 
105 106 109 110 117 123 133 135 138 139 142 145 
146 147 151 154 156 161 164 165 177 178 182 189 
190 194 195 198 
61
6 8 9 10 23 25 27 37 42 44 46 48 
52 53 56 59 60 61 68 73 78 83 84 85 
92 94 95 97 101 102 108 109 110 116 117 119 
120 121 126 128 130 132 138 142 152 153 158 162 
163 165 167 170 171 172 176 186 187 188 191 192 
194 
56
11 15 16 17 19 24 26 27 32 36 40 41 
50 56 59 69 72 75 77 78 81 89 91 97 
104 107 110 113 117 124 126 129 130 133 135 136 
141 143 149 151 153 155 161 163 166 168 171 177 
183 185 187 188 189 190 193 198 
72
1 2 3 10 15 18 21 24 25 26 27 30 
32 35 36 37 42 45 46 49 51 53 55 58 
60 61 62 63 68 71 73 76 79 82 86 87 
91 95 97 100 101 104 105 106 107 110 123 129 
135 136 139 140 147 149 152 155 160 162 163 164 
168 173 174 179 183 184 187 192 195 197 198 199 
72
3 13 14 15 19 20 22 23 24 25 26 31 
33 36 38 39 40 41 42 46 47 50 57 58 
63 67 68 72 76 80 81 82 83 85 86 89 
92 95 106 107 109 112 113 114 118 119 122 132 
135 136 141 145 148 150 152 153 158 160 161 162 
163 170 171 177 180 181 185 186 187 196 197 198 
65
3 4 7 8 13 14 19 29 32 33 34 35 
36 42 44 46 52 53 54 56 58 60 72 73 
75 76 79 83 85 87 95 100 107 108 109 113 
120 121 122 123 125 126 127 129 131 139 140 141 
147 152 159 161 163 165 167 177 182 185 188 189 
190 193 194 198 199 
59
5 6 7 11 15 22 25 27 30 31 32 35 
46 58 59 60 63 65 66 67 68 79 83 89 
91 93 97 100 102 103 107 108 112 118 123 124 
127 128 129 131 133 135 136 137 143 145 146 148 
157 159 160 165 166 167 179 185 187 192 196 
61
2 9 20 24 33 41 45 46 47 48 51 53 
56 57 58 64 65 68 73 75 77 84 89 91 
93 96 99 100 106 111 113 115 117 122 125 126 
129 130 132 133 137 141 142 143 144 149 151 152 
154 158 164 169 173 179 180 184 186 187 191 193 
196 
59
7 8 10 13 16 21 23 24 25 27 28 31 
32 33 34 37 48 49 51 52 54 58 68 75 
77 78 79 81 83 84 89 91 99 102 104 105 
106 115 116 117 121 124 125 127 135 136 139 145 
165 167 176 179 180 183 190 194 195 197 199 
56
5 9 12 13 14 20 22 24 26 27 33 34 
37 49 54 57 59 60 61 66 69 70 72 74 
81 82 88 94 95 97 99 101 108 109 118 119 
123 125 126 139 141 144 151 157 159 161 170 173 
177 179 183 185 187 195 196 197 
61
2 5 9 10 12 15 19 28 30 31 32 35 
36 38 52 53 54 55 59 60 62 66 69 70 
79 80 81 88 92 96 98 102 106 107 112 113 
116 117 118 119 122 124 127 129 130 131 137 140 
144 152 161 164 166 169 170 175 176 177 179 192 
198 
67
4 5 6 11 12 19 29 30 31 32 35 36 
40 41 42 44 45 47 49 52 56 58 59 60 
62 63 70 72 73 75 83 91 94 100 111 116 
117 120 121 122 123 127 128 129 132 133 137 138 
139 142 151 153 154 155 160 168 169 171 174 176 
179 184 187 189 194 196 200 
59
1 2 5 9 18 23 25 37 42 43 44 45 
48 49 52 54 55 56 59 61 63 64 67 74 
75 78 79 82 85 86 90 95 96 101 103 105 
112 121 128 131 134 138 140 145 149 154 157 160 
162 164 168 169 174 182 183 185 191 194 198 
57
3 8 13 16 21 24 25 33 44 45 49 50 
51 52 53 59 60 63 67 73 74 75 79 82 
83 89 94 95 101 102 112 113 115 116 117 119 
123 127 130 135 137 138 143 145 147 157 158 159 
164 168 169 171 180 190 191 198 199 
63
2 3 5 6 7 8 10 11 24 29 30 33 
34 38 44 45 55 57 65 67 68 73 76 86 
88 94 95 96 97 98 99 100 101 102 111 113 
114 115 116 117 118 119 122 123 124 126 127 136 
145 149 150 155 160 163 165 168 174 178 181 188 
190 192 197 
58
1 13 15 20 25 29 32 33 34 37 39 41 
42 44 46 57 59 60 66 68 69 70 72 73 
76 82 91 98 100 101 103 106 112 113 120 123 
124 133 140 141 145 149 151 157 158 160 166 167 
173 176 178 183 186 189 193 198 199 200 
54
10 13 14 20 21 22 31 32 33 36 38 40 
45 46 56 58 62 63 64 73 82 93 94 96 
98 99 100 104 105 110 112 117 119 126 134 137 
143 144 147 151 158 162 165 170 171 173 174 176 
177 181 186 191 192 195 
61
2 3 11 13 21 22 23 30 32 50 53 54 
62 63 67 71 74 76 78 80 85 90 92 93 
95 98 101 104 106 109 118 122 124 125 131 135 
137 138 141 149 150 151 152 155 163 166 169 171 
176 177 178 179 180 184 185 188 192 193 194 199 
200 
64
7 9 14 15 16 22 23 26 27 31 33 34 
41 44 46 47 50 51 52 56 66 68 71 75 
79 90 93 94 96 98 101 105 108 109 112 114 
116 118 122 124 129 131 132 133 135 136 140 143 
147 148 164 172 173 177 178 182 183 187 188 190 
194 197 199 200 
56
3 6 8 13 14 16 23 24 27 34 42 43 
44 46 50 55 56 57 58 60 63 74 75 76 
85 86 88 93 94 95 99 100 111 120 123 125 
131 135 137 140 142 145 150 159 163 166 167 169 
172 174 178 184 187 191 198 199 
58
10 11 13 16 17 20 21 26 28 33 38 39 
40 43 46 47 54 55 56 61 67 68 70 72 
74 75 78 80 85 87 91 92 98 100 101 109 
111 116 117 119 125 128 143 150 152 153 157 158 
165 170 171 174 175 176 191 192 195 198 
65
1 5 8 10 12 16 18 21 27 33 39 40 
42 43 50 52 53 56 57 63 73 75 83 91 
92 97 98 99 103 104 105 108 109 113 114 115 
121 125 126 129 131 135 137 138 140 141 142 143 
144 145 148 153 162 165 168 169 173 174 179 180 
183 186 187 188 196 
54
2 13 16 25 31 34 35 36 40 44 48 51 
53 63 70 71 72 78 80 83 86 91 92 94 
95 103 107 111 116 120 127 128 129 130 131 132 
136 144 147 149 150 151 155 157 162 163 167 172 
173 179 183 187 194 195 
62
1 3 5 7 15 16 17 23 26 27 30 31 
32 33 35 37 39 44 45 52 53 54 57 67 
69 70 74 75 82 86 90 92 95 97 104 106 
112 113 116 119 124 126 128 133 137 146 148 151 
152 153 163 165 167 170 171 173 174 175 176 179 
192 200 
73
1 5 13 14 18 19 25 26 27 28 29 31 
33 35 37 43 46 48 50 51 56 62 68 70 
71 72 73 75 79 80 81 87 88 91 94 99 
102 103 107 110 111 112 118 119 122 125 127 128 
132 135 136 141 143 145 147 148 149 150 152 158 
163 170 172 174 178 181 182 184 185 186 190 195 
199 
63
2 8 9 14 15 17 20 23 24 31 41 43 
54 59 65 66 67 68 69 78 80 82 83 87 
89 90 93 94 99 108 109 112 114 115 121 134 
135 138 139 150 153 155 156 160 161 163 166 169 
170 171 172 174 175 176 177 181 182 186 188 190 
191 194 200 
61
1 6 22 23 24 26 28 32 33 34 35 38 
41 43 51 53 54 60 67 71 75 77 79 89 
93 95 98 100 104 109 112 115 116 119 125 128 
130 132 135 136 137 138 139 142 147 151 152 154 
157 162 163 165 170 173 174 176 177 180 185 187 
198 
49
4 7 13 14 19 20 24 27 34 38 39 43 
44 50 58 59 60 70 78 93 94 107 113 114 
116 119 122 125 127 129 132 133 136 138 139 140 
143 146 149 150 158 163 170 172 182 191 192 195 
199 
55
1 3 10 14 16 17 20 21 24 27 33 35 
36 38 47 50 51 53 55 56 79 86 88 89 
90 91 94 98 99 100 101 102 104 105 109 113 
114 115 127 133 134 135 137 152 155 157 158 166 
170 173 175 182 186 189 191 
53
3 14 15 21 27 32 33 40 41 42 47 48 
53 58 59 61 64 65 68 71 72 73 75 78 
82 93 97 98 101 102 105 106 108 110 114 116 
123 124 129 130 134 138 145 148 154 162 170 174 
182 183 184 192 197 
51
9 11 13 18 22 27 36 38 42 50 54 57 
62 65 66 71 73 77 83 86 90 93 96 99 
103 107 111 116 119 121 122 123 128 131 132 145 
147 149 152 157 161 162 163 169 173 176 183 184 
187 190 191 
55
1 5 10 16 20 22 27 29 39 41 45 46 
47 48 58 70 73 77 95 99 101 104 109 110 
117 120 121 122 123 124 130 133 134 135 138 140 
143 144 145 148 149 150 152 153 156 162 163 165 
180 184 189 191 196 197 200 
62
1 5 10 11 18 25 27 29 30 31 33 45 
48 50 54 60 62 65 67 68 71 77 78 81 
82 89 90 92 97 99 101 103 104 107 114 115 
116 118 119 120 122 124 127 132 135 145 146 150 
161 168 173 175 177 180 181 183 185 186 188 194 
195 200 
49
2 3 9 11 15 16 20 21 27 32 36 45 
49 52 55 57 59 62 63 65 71 72 83 96 
97 105 112 119 124 126 131 132 142 143 147 151 
154 156 161 165 180 183 187 188 189 193 195 196 
197 
62
5 7 9 11 23 24 25 26 27 28 31 37 
39 41 42 48 49 52 54 56 57 59 63 65 
69 73 74 75 76 81 87 92 98 102 103 110 
113 114 115 118 119 121 124 127 129 136 148 153 
157 161 163 164 169 176 178 181 182 185 188 192 
197 200 
51
2 3 15 23 33 37 38 49 52 53 64 65 
71 72 76 80 83 84 89 91 97 98 99 100 
101 105 106 108 110 115 120 124 126 131 139 141 
146 149 150 152 157 163 171 179 180 181 183 185 
188 191 200 
63
2 3 4 5 8 10 18 22 28 31 32 35 
37 40 44 45 48 51 59 60 65 66 67 72 
74 78 79 82 86 96 99 101 102 104 106 109 
113 114 117 124 130 131 132 133 135 136 138 140 
141 143 161 162 163 165 168 169 174 178 179 186 
192 194 196 
70
2 9 16 18 21 24 25 29 30 31 32 37 
39 41 43 47 48 51 52 53 55 60 63 65 
69 70 72 77 78 79 85 92 93 94 97 100 
102 103 104 107 112 113 114 118 121 124 132 133 
134 136 138 143 147 153 156 157 160 161 163 164 
167 168 177 180 182 187 189 190 194 195 
60
1 16 21 25 29 30 33 36 39 41 50 54 
55 58 62 68 70 72 76 80 81 85 87 91 
96 97 98 100 103 104 107 118 126 130 135 136 
137 138 139 142 144 148 152 155 158 167 168 169 
170 171 173 174 177 181 182 186 188 190 191 193 
48
3 6 8 17 19 22 33 36 40 42 44 49 
52 54 57 58 66 67 70 71 75 77 84 91 
97 98 101 104 105 109 115 119 121 123 127 132 
143 144 155 167 169 176 181 182 184 185 192 199 
59
2 4 7 11 13 14 15 21 22 29 32 33 
34 39 40 41 43 44 46 50 58 62 64 68 
71 76 77 79 82 84 98 99 100 101 102 116 
123 130 134 135 136 137 141 142 145 147 148 151 
152 154 157 158 161 163 166 171 181 184 193 
65
1 2 3 12 17 19 23 24 25 27 32 35 
37 39 44 52 55 56 57 58 60 65 78 86 
89 91 92 94 95 96 97 99 100 104 106 108 
110 111 116 119 120 128 131 137 139 142 143 144 
146 149 152 158 159 162 164 165 170 173 176 177 
179 183 185 188 194 
63
3 5 6 10 14 16 25 36 40 44 50 51 
52 56 58 60 65 68 69 70 75 78 83 84 
85 87 90 91 93 95 99 100 102 108 109 111 
113 117 119 120 121 123 127 128 135 137 142 145 
146 147 150 153 155 166 169 179 180 181 185 187 
189 191 200 
71
6 7 8 10 13 20 26 28 34 36 37 38 
40 41 44 51 55 57 61 64 68 70 72 73 
74 75 81 82 84 85 89 94 96 98 99 102 
108 109 110 114 118 121 123 125 126 127 130 136 
143 146 153 154 158 161 165 166 167 168 177 178 
179 182 184 185 186 187 189 191 197 198 200 
57
1 5 11 13 14 15 16 18 20 26 32 33 
40 41 47 49 50 51 55 56 58 61 63 64 
71 74 78 83 84 87 89 93 98 100 106 107 
111 114 120 121 132 133 137 147 148 149 151 159 
160 167 174 180 189 196 197 198 200 
67
2 4 5 6 11 13 16 18 20 23 24 25 
26 28 29 30 34 43 52 53 55 56 62 63 
66 68 69 73 77 80 84 86 88 91 94 97 
101 104 108 110 111 114 119 126 128 129 131 142 
143 157 161 162 164 166 167 169 170 171 175 177 
181 183 184 190 193 195 200 
54
1 6 15 17 20 22 41 44 48 58 67 69 
74 79 80 83 84 85 90 95 96 97 100 105 
111 112 114 119 122 123 125 130 132 136 145 148 
150 151 154 159 160 162 166 175 176 178 182 183 
186 188 190 195 196 200 
55
1 4 7 8 9 11 26 34 36 48 50 57 
58 59 60 61 67 85 86 89 90 91 94 95 
96 103 104 109 111 115 118 121 123 124 125 131 
135 137 145 147 151 152 159 162 163 169 171 183 
185 188 189 193 194 196 198 
65
2 6 7 13 15 16 20 23 25 29 30 31 
32 36 40 41 43 45 46 48 49 60 62 65 
68 74 75 78 84 85 88 90 91 101 103 105 
106 117 120 127 130 138 139 142 144 145 147 148 
151 157 158 159 160 165 166 167 168 174 179 186 
188 191 194 195 200 
59
5 8 14 20 28 29 31 32 36 39 41 46 
48 50 51 58 59 60 62 71 72 73 74 76 
91 97 98 99 102 106 107 108 110 111 116 117 
118 120 124 128 137 140 142 144 149 159 160 164 
171 172 173 180 182 184 186 195 197 198 199 
55
4 7 8 11 13 14 19 21 22 26 31 32 
33 42 43 44 50 51 57 59 60 63 66 79 
84 86 96 102 104 106 107 118 119 123 124 127 
133 136 138 144 146 155 165 171 172 176 178 181 
182 184 186 187 191 192 193 
53
6 7 8 9 11 12 20 21 23 26 30 33 
34 35 45 57 62 69 71 72 73 79 85 87 
88 93 96 98 99 105 109 110 114 120 127 131 
135 137 138 141 151 152 156 162 165 168 170 172 
176 183 192 193 200 
49
1 4 9 12 18 22 24 25 26 27 28 35 
42 49 56 63 76 78 79 83 91 92 101 106 
107 113 114 116 118 120 121 126 135 137 146 153 
159 165 166 168 171 173 180 181 183 186 191 192 
200 
57
2 6 11 13 22 23 31 35 39 40 43 51 
53 55 59 62 66 68 71 75 77 78 87 88 
91 92 98 105 108 109 112 117 118 122 124 128 
130 132 139 140 144 145 151 152 154 155 163 172 
175 178 179 185 186 187 190 192 196 
66
2 7 9 11 12 13 14 17 18 21 23 26 
28 32 37 39 41 43 48 54 55 65 66 75 
77 78 81 83 84 85 92 95 100 101 102 106 
107 108 110 111 117 123 124 126 127 131 143 146 
149 152 159 163 164 165 167 173 176 177 182 185 
189 191 192 195 196 198 
57
4 14 17 19 21 26 30 33 38 39 41 42 
48 55 69 71 72 77 78 82 86 87 95 98 
104 105 110 112 115 120 122 127 128 129 131 134 
135 138 139 141 147 150 152 156 158 161 166 171 
175 178 180 183 187 189 190 191 196 
63
1 11 14 16 17 18 19 20 23 27 31 33 
36 43 44 52 54 64 65 68 73 75 76 78 
80 86 96 103 109 110 113 121 124 126 131 132 
133 136 137 140 141 145 147 149 153 154 157 160 
164 166 171 172 178 180 181 183 186 189 190 191 
192 193 194 
50
4 5 9 18 21 22 25 36 37 42 43 45 
54 55 59 65 68 69 74 77 80 82 85 87 
96 103 107 110 115 116 120 127 130 133 140 141 
146 147 150 160 161 167 172 174 175 176 182 184 
190 193 
51
1 7 10 17 25 28 30 34 35 39 40 42 
45 51 52 53 56 57 58 60 63 64 74 75 
81 83 86 88 97 98 109 114 120 132 134 138 
142 143 155 161 163 164 168 175 180 181 185 192 
194 196 200 
60
6 10 11 13 14 16 18 24 25 30 32 34 
37 41 47 48 50 55 59 63 66 67 68 70 
74 75 77 78 80 81 87 88 89 91 94 101 
107 108 110 126 127 130 133 136 140 141 143 144 
150 156 161 163 167 173 175 178 184 185 194 199 
61
3 4 5 6 7 8 10 14 15 19 21 22 
23 28 29 37 42 43 46 49 57 60 69 72 
73 74 83 84 86 92 93 101 107 108 112 114 
117 125 126 128 133 145 146 147 148 150 154 157 
158 162 164 165 167 170 178 181 188 189 190 192 
199 
59
8 9 11 13 17 21 22 24 25 30 31 33 
53 58 61 65 66 68 70 80 82 84 85 90 
92 93 94 96 98 100 103 108 111 112 118 119 
121 136 138 141 142 143 144 149 151 153 154 155 
158 160 165 169 172 173 176 191 197 199 200 
54
1 4 5 15 19 25 26 29 32 35 37 49 
51 57 59 62 69 77 78 80 83 86 90 91 
102 108 111 114 115 124 137 140 145 146 150 151 
153 156 165 166 170 171 175 176 186 187 188 190 
191 194 195 196 198 200 
66
4 7 9 11 12 14 15 21 22 33 48 53 
54 56 59 63 66 68 70 71 81 87 89 91 
93 95 100 101 102 105 107 109 111 112 114 116 
117 119 120 122 126 128 132 143 145 146 147 151 
153 155 157 163 166 170 171 172 173 176 179 184 
189 194 195 196 197 200 
60
8 9 12 13 16 18 20 21 22 23 25 28 
30 33 38 39 41 43 44 46 49 53 54 57 
58 60 80 82 83 84 99 102 104 109 112 114 
115 117 118 120 121 122 127 130 131 135 139 145 
146 152 156 157 158 160 169 177 179 191 197 198 
57
1 13 14 17 22 24 25 28 32 34 35 40 
45 46 49 55 58 63 80 95 100 106 109 110 
111 113 114 115 119 122 126 127 128 129 137 138 
139 140 148 149 152 154 156 159 164 165 169 171 
173 175 177 188 191 194 195 197 199 
52
9 10 12 18 20 29 41 44 46 47 50 59 
61 65 66 69 77 78 84 85 86 90 91 92 
94 104 108 114 115 116 123 125 126 134 137 139 
141 143 147 155 156 164 173 178 179 183 185 188 
190 194 195 196 
60
2 6 15 16 17 19 22 24 30 34 42 46 
55 57 60 69 71 72 78 79 87 90 92 93 
99 100 101 104 106 107 117 120 122 124 127 130 
132 133 134 141 142 145 146 148 156 157 166 168 
171 172 184 185 186 188 189 190 194 195 197 200 
65
2 8 10 14 16 17 20 21 27 30 33 34 
37 39 42 46 53 60 63 64 65 66 67 70 
80 82 83 88 91 99 106 107 120 121 122 126 
130 131 133 134 136 137 138 139 140 144 145 146 
147 151 153 154 157 159 162 169 173 175 176 178 
180 187 191 194 195 
66
2 5 10 11 15 19 21 27 30 32 36 39 
41 42 44 47 48 51 55 56 58 60 63 67 
68 70 72 76 77 82 83 85 86 88 92 95 
96 97 100 101 102 112 113 114 116 120 124 129 
136 137 139 141 148 151 155 165 168 170 173 183 
184 185 190 195 196 198 
62
5 8 10 14 16 17 19 21 22 24 25 29 
30 31 32 33 36 37 40 43 51 56 59 61 
70 73 78 80 81 84 90 92 94 98 101 108 
118 122 128 131 136 137 138 140 141 151 154 155 
156 157 160 162 164 169 170 173 180 181 183 188 
190 192 
58
3 4 6 19 21 25 28 34 36 41 44 45 
47 50 53 54 55 60 65 69 77 80 83 87 
89 91 94 97 99 103 104 105 113 118 119 132 
134 138 141 143 145 151 158 164 165 166 169 171 
172 174 176 177 181 188 192 194 198 200 
59
2 5 7 14 19 23 27 30 33 39 40 41 
45 50 55 57 58 59 62 64 67 71 73 75 
76 82 86 88 100 104 106 112 124 126 127 129 
135 138 143 149 158 159 161 162 164 165 167 168 
169 171 172 176 179 180 181 183 190 196 199 
55
7 9 22 25 26 31 32 34 37 42 50 53 
56 57 63 65 67 68 70 75 79 83 84 85 
86 95 98 99 100 101 106 109 113 118 121 122 
125 129 131 134 136 144 151 156 165 166 168 169 
171 177 186 190 192 193 196 
55
5 9 12 13 14 17 19 20 26 28 29 33 
38 44 54 61 65 66 72 83 84 86 87 97 
99 105 107 113 114 117 118 125 126 127 140 144 
147 151 155 158 159 160 162 163 164 165 167 172 
176 181 182 183 189 191 196 
60
1 3 5 9 10 12 13 14 18 22 26 31 
33 40 41 44 48 49 50 53 56 58 71 74 
82 89 92 95 99 101 107 111 114 115 116 118 
120 126 127 129 134 138 141 147 149 150 153 156 
160 164 166 167 171 172 174 186 187 189 198 199 
60
2 3 6 9 12 17 19 23 25 26 27 28 
41 48 60 61 62 63 68 71 78 79 80 83 
84 88 89 91 101 102 107 108 116 117 119 120 
124 126 131 132 134 138 139 143 146 148 149 160 
164 165 166 174 175 180 182 184 190 195 197 198 
63
1 2 4 6 9 12 18 20 24 30 31 36 
37 38 39 44 45 55 58 61 71 72 74 77 
84 91 92 97 99 102 104 105 106 111 114 120 
121 124 125 139 142 149 150 151 153 156 157 161 
164 167 170 171 172 175 179 184 185 190 192 193 
194 197 198 
58
1 3 10 11 15 17 19 26 28 31 41 43 
47 49 51 61 65 66 81 85 92 99 100 103 
105 106 109 111 114 116 123 129 131 137 139 140 
147 150 151 157 160 162 166 170 171 173 174 177 
178 179 181 183 185 186 194 196 197 199 
49
2 3 7 11 25 28 41 42 44 49 50 52 
57 58 61 67 69 75 76 77 80 82 83 90 
91 97 99 105 110 121 126 127 128 134 135 144 
145 146 149 157 170 182 183 185 187 189 194 195 
199 
69
2 3 6 7 12 13 14 16 18 20 23 24 
26 27 29 32 33 35 36 41 45 53 54 57 
61 63 66 75 76 79 80 84 88 101 102 104 
111 112 114 117 120 121 126 133 134 136 137 141 
144 145 148 150 153 156 159 160 162 169 170 173 
176 177 183 185 188 189 196 199 200 
65
2 9 18 19 22 24 26 28 36 40 42 46 
49 50 53 54 55 56 58 59 65 68 70 72 
73 75 83 85 90 91 92 98 100 104 105 108 
109 110 111 119 120 122 124 125 126 130 134 143 
150 153 154 156 159 162 166 168 172 174 179 182 
184 189 192 193 199 
62
1 2 7 9 12 13 15 16 17 23 26 30 
40 43 45 46 47 51 52 57 61 64 73 77 
84 87 89 93 98 100 106 107 108 109 110 111 
113 114 115 118 119 131 133 144 145 146 147 152 
153 155 156 157 159 164 166 171 189 191 192 193 
194 197 
69
12 16 19 20 23 24 26 27 29 31 34 36 
40 42 44 45 46 47 48 49 50 53 58 62 
67 73 76 78 79 80 81 83 86 87 90 91 
94 95 97 100 103 108 112 114 118 119 123 124 
130 133 134 135 140 145 147 148 150 151 164 170 
173 176 177 178 180 181 183 186 197 
59
2 6 15 16 18 20 22 23 24 25 29 30 
36 43 45 46 54 66 69 74 76 80 89 98 
99 110 112 113 120 122 123 126 127 129 131 134 
137 139 140 141 142 151 156 157 159 161 162 163 
164 165 167 168 171 178 179 184 187 191 195 
58
2 11 14 16 17 28 33 37 41 42 52 53 
61 65 66 68 69 72 84 91 93 100 101 103 
109 111 112 114 115 119 123 125 127 130 131 135 
140 144 145 149 153 155 156 159 162 165 166 168 
172 174 175 178 180 182 188 197 198 200 
67
2 3 4 8 9 10 12 14 18 19 26 28 
31 33 35 37 38 41 42 45 47 50 52 56 
58 63 64 65 67 68 70 71 79 81 82 89 
96 102 104 107 108 109 112 114 120 128 132 133 
138 144 145 147 155 166 167 172 173 174 179 181 
184 186 188 189 192 197 199 
56
3 6 7 10 19 21 23 25 26 28 30 35 
40 42 51 58 59 61 63 66 68 71 81 90 
91 95 101 103 121 122 127 132 135 140 143 146 
154 155 157 158 159 160 161 162 163 170 174 177 
178 180 181 183 185 195 198 199 
72
1 4 6 7 10 12 13 14 15 18 21 24 
26 28 29 34 35 38 41 43 45 49 54 57 
58 59 65 66 69 76 80 85 90 94 96 100 
101 102 105 107 110 111 113 114 115 116 118 119 
120 123 124 131 138 140 144 150 152 159 163 165 
172 174 175 177 178 181 185 186 187 192 195 198 
51
5 8 13 23 28 29 31 43 48 50 54 55 
67 69 73 78 80 85 102 104 105 107 108 109 
111 113 116 118 119 123 125 126 128 130 133 135 
141 145 147 148 156 158 165 167 171 175 179 181 
182 183 187 
61
2 4 7 11 13 14 17 21 24 26 27 30 
31 34 37 41 42 47 61 62 68 74 81 83 
84 85 87 91 92 93 96 99 108 109 112 118 
128 132 133 136 138 139 150 153 155 160 162 164 
168 170 173 176 177 179 186 189 190 192 194 198 
199 
57
3 12 13 14 17 22 23 29 33 44 48 51 
52 56 58 61 74 75 76 77 79 83 84 86 
89 95 99 100 104 106 110 112 114 120 125 134 
135 136 139 140 142 143 147 161 163 165 169 171 
174 177 181 182 193 194 195 198 200 
53
2 11 12 16 20 26 29 32 38 40 43 47 
48 49 50 53 57 59 64 66 69 77 78 81 
90 92 96 101 102 103 105 107 108 110 111 119 
124 130 134 139 140 147 152 156 159 163 167 170 
171 172 174 185 188 
58
2 5 9 10 18 19 20 21 23 24 33 34 
35 37 40 44 49 51 53 58 60 63 64 65 
73 85 87 92 95 96 102 103 105 108 112 114 
116 118 121 122 125 127 133 134 135 137 141 148 
149 151 153 174 175 181 187 189 190 191 
63
4 5 6 7 16 19 22 23 24 25 26 32 
35 36 38 39 50 54 55 61 67 68 70 75 
76 82 83 84 86 97 102 112 118 119 120 121 
123 124 125 126 128 130 135 138 139 140 141 142 
144 148 150 157 163 166 167 175 178 180 183 184 
185 191 200 
50
2 4 5 16 21 25 27 33 38 40 41 42 
43 44 47 49 56 57 60 65 66 71 80 83 
84 86 90 100 105 107 125 128 129 130 132 139 
143 144 146 151 154 155 157 162 164 166 174 179 
182 196 
66
6 10 11 13 14 17 22 25 30 40 41 45 
47 50 52 55 56 61 62 69 72 73 74 77 
87 88 90 91 93 94 98 99 101 102 105 109 
113 114 115 117 119 123 125 126 127 128 130 134 
136 139 144 149 154 155 156 157 160 165 169 176 
182 184 191 194 197 200 
55
2 5 6 7 8 14 17 18 19 20 26 28 
30 33 40 41 44 52 54 60 61 62 63 73 
97 100 103 104 106 118 123 126 129 131 132 136 
141 144 145 148 154 160 164 166 173 174 176 177 
181 187 191 192 194 195 199 
55
3 5 6 11 16 17 21 28 29 30 33 37 
38 41 43 48 58 61 64 69 74 77 79 80 
84 85 95 96 99 105 106 111 112 115 121 123 
125 127 130 138 141 143 144 145 149 152 156 158 
160 170 171 177 180 196 200 
63
1 4 7 10 14 15 24 32 37 39 41 43 
44 45 47 49 53 54 58 60 69 70 75 78 
80 85 86 89 94 98 101 102 106 110 115 116 
121 124 126 131 133 134 135 137 143 145 146 152 
159 166 167 168 171 172 178 179 181 186 187 189 
194 196 199 
68
3 4 11 12 14 18 20 22 25 26 31 32 
34 36 39 43 51 57 63 64 65 66 67 69 
70 74 83 84 85 86 87 94 102 103 112 115 
116 117 120 123 127 128 129 134 135 137 138 142 
144 145 150 151 153 156 157 160 165 169 170 172 
176 178 179 180 189 196 197 199 
61
1 5 6 7 10 12 13 19 23 24 27 32 
36 37 39 46 47 49 50 51 52 61 62 73 
79 84 87 88 91 93 95 97 98 103 107 115 
116 123 133 134 135 138 140 144 145 146 150 154 
155 156 157 164 168 171 177 179 182 186 190 191 
195 
70
1 4 7 10 12 16 17 22 25 27 29 31 
32 37 45 47 52 53 57 58 60 61 62 63 
64 65 75 76 77 84 86 90 94 95 96 97 
99 103 104 108 110 116 122 123 126 130 133 135 
138 140 141 142 144 146 153 155 159 162 163 164 
170 171 174 176 177 178 181 183 184 199 
57
8 10 14 16 17 20 22 25 27 28 35 40 
45 52 57 60 65 73 75 76 79 80 83 87 
102 103 107 109 114 118 119 120 127 128 129 132 
134 136 137 138 146 147 149 150 155 158 159 172 
178 183 184 187 189 191 195 197 200 
48
5 9 17 22 27 29 30 34 40 52 53 65 
70 74 79 81 86 87 93 94 106 109 113 117 
121 129 135 137 141 142 143 145 154 155 162 163 
165 167 168 174 179 181 185 186 187 188 189 194 
60
1 2 3 4 10 12 13 16 18 24 29 34 
44 53 60 61 64 66 69 74 75 80 83 86 
87 88 94 97 98 100 102 111 113 114 115 116 
120 122 131 135 136 137 138 141 146 147 148 156 
157 169 172 174 177 178 179 183 184 186 193 196 
54
3 9 10 13 15 17 21 24 25 26 29 35 
43 47 48 49 51 61 64 65 70 71 73 79 
82 84 90 95 96 99 108 110 112 114 115 118 
119 120 121 125 140 148 154 157 160 170 174 178 
180 184 188 191 193 197 
61
2 3 5 9 12 13 23 24 25 30 31 34 
39 49 51 54 55 57 64 67 69 76 79 80 
81 83 84 89 90 91 93 106 110 113 116 120 
122 126 129 130 135 136 137 140 141 142 155 159 
162 163 165 170 175 176 178 187 188 191 194 195 
197 
56
1 8 13 14 17 18 19 20 26 31 34 37 
43 55 59 62 64 65 70 72 73 77 79 96 
99 100 104 107 109 110 115 118 121 123 128 130 
134 139 145 147 150 153 157 158 162 164 165 166 
167 169 178 179 183 186 188 189 
55
1 9 12 14 16 17 20 21 24 25 26 27 
37 39 42 43 49 51 52 61 66 68 72 81 
82 85 86 88 89 91 94 95 98 105 107 117 
120 125 129 130 131 135 138 141 145 153 156 162 
168 170 182 185 189 190 197 
66
3 4 5 7 9 20 21 22 26 28 33 36 
40 48 53 57 62 65 66 68 72 74 76 78 
80 85 88 91 92 93 94 97 101 102 108 115 
116 117 118 125 127 133 135 142 146 147 150 151 
153 162 163 165 166 168 169 174 176 177 181 183 
184 185 187 192 193 200 
57
1 5 6 11 14 15 16 18 19 28 30 32 
35 49 53 60 61 63 64 69 71 72 81 88 
91 93 96 97 99 102 107 110 114 118 119 124 
125 135 141 144 145 149 151 155 158 159 161 170 
171 172 179 182 186 188 193 197 199 
58
3 4 5 7 12 18 27 31 33 40 42 48 
50 56 59 63 64 66 69 72 73 75 81 85 
88 89 96 105 112 114 118 120 122 126 127 128 
133 137 142 144 150 151 162 166 170 171 174 175 
178 181 182 188 190 191 192 194 195 197 
62
1 16 18 22 27 28 32 35 48 49 57 58 
59 62 63 67 72 76 77 78 84 87 88 89 
98 101 105 106 107 110 113 119 125 127 128 129 
130 131 132 133 134 137 139 143 144 149 154 156 
160 164 169 170 171 175 178 179 180 191 192 194 
196 199 
59
3 7 8 9 15 21 34 36 38 40 41 42 
43 54 57 58 65 67 68 69 73 78 81 82 
85 87 91 92 101 106 108 112 113 114 116 124 
129 133 135 136 139 141 149 150 157 158 165 166 
171 172 173 176 177 186 189 191 193 196 199 
68
3 7 10 13 15 17 18 20 21 23 24 25 
26 27 28 29 35 36 37 38 41 56 58 66 
67 70 72 78 79 81 83 90 93 95 96 102 
107 108 110 111 112 115 119 130 132 134 135 142 
145 148 150 155 158 159 162 165 166 167 169 170 
176 178 187 188 189 191 194 198 
61
5 13 14 16 17 18 20 21 23 27 29 35 
36 40 42 44 52 53 55 56 63 64 66 74 
87 88 89 91 92 93 94 95 96 97 98 107 
109 117 121 124 126 127 130 140 143 144 147 148 
152 155 157 158 165 167 168 170 177 179 184 191 
194 
54
5 7 13 15 16 18 22 24 33 41 42 47 
48 53 61 64 66 68 76 79 92 93 95 97 
98 103 106 115 118 120 121 123 128 131 140 142 
144 149 151 155 156 162 163 164 171 172 175 179 
181 182 184 186 194 197 
60
4 6 8 11 13 15 20 21 26 33 38 39 
40 49 55 56 63 64 65 77 78 79 81 91 
95 100 103 104 105 107 113 120 125 127 129 130 
134 138 139 142 143 146 147 152 153 158 159 160 
174 175 176 179 180 182 187 188 190 192 193 197 
68
1 3 7 16 19 21 25 26 28 31 33 35 
46 47 52 54 56 58 60 63 64 75 82 83 
87 91 93 94 97 102 109 112 117 120 124 126 
127 128 129 130 131 132 135 136 141 142 148 150 
151 154 155 156 158 160 162 164 166 168 174 180 
181 186 190 192 195 197 198 200 
64
1 6 10 11 13 14 18 21 28 32 38 39 
40 42 44 48 49 59 67 69 71 74 78 80 
81 83 86 92 96 97 98 99 101 102 104 106 
108 111 113 114 115 116 131 133 136 147 155 157 
161 163 164 168 169 173 175 177 179 187 191 192 
193 196 199 200 
59
1 3 5 7 16 19 24 26 27 28 33 36 
38 53 54 60 65 75 78 80 82 83 87 92 
95 96 97 102 103 109 112 116 119 127 128 132 
133 142 145 147 152 155 156 157 160 162 164 171 
172 173 174 181 182 184 185 186 194 195 199 
55
5 11 12 13 16 29 31 38 45 47 55 56 
65 66 69 71 73 83 84 85 86 87 88 89 
92 95 100 104 107 109 112 114 116 118 133 134 
135 136 139 142 158 162 169 173 174 176 180 182 
183 184 189 190 193 196 197 
65
2 5 16 18 19 21 24 26 27 31 32 33 
39 42 43 44 50 51 53 56 57 64 68 69 
70 71 72 75 76 78 82 83 86 88 94 95 
97 98 99 101 110 112 114 115 118 126 129 133 
138 141 144 148 152 164 167 169 174 177 178 184 
187 192 193 196 200 
73
6 7 11 14 15 17 20 21 24 25 26 29 
30 31 33 34 37 40 47 48 55 60 61 64 
67 76 77 78 79 80 81 82 87 89 90 93 
96 100 101 102 103 105 106 107 109 110 114 116 
119 125 127 138 146 151 152 154 155 156 158 163 
164 165 169 173 179 183 185 187 188 189 190 198 
199 
46
1 2 5 13 14 17 18 21 35 37 43 46 
48 50 57 64 76 81 88 97 101 102 103 104 
112 113 114 116 117 126 133 134 141 153 159 172 
173 175 177 179 180 182 189 190 192 198 
62
2 3 5 7 9 11 18 39 44 45 48 51 
52 65 67 70 76 77 78 83 85 86 88 89 
90 93 100 101 102 105 106 109 126 128 129 131 
132 139 142 145 147 148 149 154 155 161 164 166 
167 171 173 177 178 179 181 183 188 193 195 198 
199 200 
58
1 2 5 6 9 15 19 22 29 31 34 35 
36 41 43 44 48 52 57 65 67 75 76 79 
80 83 88 89 92 95 96 112 115 117 123 126 
127 131 134 136 144 145 154 156 165 167 168 179 
180 184 186 188 190 192 193 195 198 199 
49
7 9 14 15 19 21 22 27 32 39 46 51 
64 65 66 67 70 71 74 84 88 90 92 95 
113 115 116 117 118 124 132 133 136 140 141 149 
157 160 161 163 166 168 169 171 172 186 192 193 
197 
59
1 4 11 14 18 19 20 22 30 32 33 37 
40 48 53 56 61 67 68 76 77 78 79 80 
84 85 89 94 96 98 99 102 104 105 109 111 
112 135 137 142 145 146 147 160 164 172 174 175 
177 182 185 188 189 190 191 192 193 194 195 
53
1 7 8 9 12 17 24 32 36 37 41 45 
51 54 68 70 72 74 78 83 84 88 90 97 
100 103 104 105 106 108 116 118 120 124 129 133 
136 138 139 141 145 151 170 173 180 185 187 188 
193 194 196 197 200 
61
1 2 7 11 12 14 16 18 24 25 28 32 
35 38 40 42 45 48 51 56 57 65 66 67 
70 73 78 80 81 84 90 92 98 106 112 121 
125 126 129 138 139 140 142 143 147 149 151 152 
154 160 161 162 163 167 169 173 175 179 181 183 
184 
64
2 9 10 12 18 26 30 31 33 34 35 42 
44 45 49 53 56 58 62 67 68 72 73 74 
75 77 78 83 86 87 89 97 101 111 114 116 
121 123 128 129 132 134 138 141 142 146 147 149 
150 151 159 166 167 169 175 181 182 183 184 189 
190 194 197 200 
62
3 6 7 12 14 15 18 20 21 26 30 31 
42 46 47 51 53 60 64 66 69 71 73 75 
79 81 83 84 86 88 89 91 97 98 100 102 
103 105 108 110 112 113 116 118 123 130 133 134 
151 153 163 164 166 171 181 187 190 191 192 198 
199 200 
65
3 4 6 9 17 21 22 27 33 35 38 41 
42 44 47 49 50 51 55 60 66 67 69 72 
77 85 94 95 98 108 109 111 114 119 126 128 
129 134 136 138 140 143 147 149 150 152 154 156 
159 161 162 164 165 167 169 170 171 177 179 186 
187 194 195 196 200 
55
7 11 13 16 25 31 32 34 38 39 42 46 
47 50 55 60 62 64 66 67 78 79 81 89 
95 98 100 109 110 118 120 121 130 131 132 135 
136 139 140 143 144 145 154 159 161 162 165 170 
180 184 187 190 193 198 200 
53
2 4 8 14 16 19 21 25 32 35 45 52 
61 64 71 72 79 82 85 87 89 93 95 97 
101 103 113 117 123 124 125 135 145 151 154 155 
157 158 159 165 167 168 172 174 177 181 184 185 
187 188 190 192 198 
63
7 9 14 20 24 26 32 33 35 36 39 41 
45 46 57 59 61 62 67 85 90 95 97 98 
99 100 103 106 115 116 120 122 124 125 129 131 
135 139 142 144 150 158 160 162 164 165 166 169 
170 173 174 175 176 177 178 180 181 183 187 191 
193 194 195 
53
1 3 4 5 12 20 23 29 32 43 46 47 
48 52 54 55 64 69 73 79 80 82 83 96 
103 106 114 115 119 121 129 132 133 134 139 140 
141 144 147 149 153 156 158 165 173 175 178 180 
183 187 190 191 198 
61
4 8 11 13 14 16 22 24 29 31 33 39 
45 48 52 53 54 57 58 59 60 62 65 69 
74 75 80 83 85 86 90 92 95 97 99 100 
101 116 120 122 125 135 140 143 144 148 150 156 
157 160 162 164 166 170 178 185 187 189 196 198 
200 
64
2 6 8 16 17 19 20 21 22 26 31 34 
42 48 49 57 59 61 65 66 71 74 77 81 
83 84 85 89 90 95 98 102 103 104 105 106 
108 117 118 122 123 124 126 127 129 137 144 159 
160 162 165 169 170 174 175 180 183 184 187 192 
193 195 198 200 
54
1 6 9 10 11 15 22 28 29 34 37 39 
42 43 46 47 55 57 58 62 75 77 80 83 
87 90 92 95 97 100 101 110 111 120 123 128 
135 137 138 141 147 151 156 163 164 169 173 184 
185 193 194 197 199 200 
63
3 11 24 26 27 30 33 36 40 43 45 56 
67 70 71 73 75 79 80 81 82 87 91 93 
96 104 106 109 110 114 117 120 124 126 128 135 
138 140 143 144 145 149 151 152 157 159 162 163 
164 165 166 168 169 170 176 179 181 183 186 188 
190 195 200 
60
6 9 11 25 28 29 34 42 45 46 52 53 
62 64 67 69 70 71 73 76 78 81 85 86 
87 88 90 93 97 98 99 100 102 105 107 109 
113 114 115 117 122 123 125 128 130 131 135 140 
141 150 154 159 160 162 165 166 168 176 195 197 
67
1 6 10 16 19 23 25 27 34 35 41 43 
44 46 47 52 54 66 71 73 74 76 77 82 
84 90 91 92 98 104 106 107 109 111 113 114 
116 117 119 123 125 134 138 140 143 144 146 147 
148 149 150 157 158 159 162 166 167 170 178 184 
190 191 193 194 196 197 200 
62
1 2 9 11 14 17 22 32 33 34 36 48 
50 51 55 62 67 69 72 76 79 80 86 90 
94 99 100 106 107 108 114 118 128 129 132 141 
142 143 145 146 148 149 150 154 160 162 163 164 
165 167 169 170 173 174 177 179 183 185 186 191 
196 199 
57
2 3 6 11 15 21 22 23 27 39 41 48 
49 52 55 57 58 59 70 73 74 75 77 81 
85 88 89 90 93 94 98 106 112 113 119 124 
128 129 134 136 137 139 143 151 152 156 157 159 
160 163 164 173 174 178 180 185 189 
72
3 5 7 11 17 18 20 21 22 23 26 28 
29 30 32 34 36 48 49 53 55 57 62 69 
72 77 81 84 85 88 91 93 94 97 100 101 
102 103 104 106 107 108 109 111 119 120 123 126 
127 128 130 131 132 133 136 139 140 141 146 148 
151 158 163 166 168 170 171 185 187 192 195 199 
62
1 3 6 7 11 13 19 20 23 27 28 30 
31 32 47 48 52 53 58 59 68 69 72 74 
77 87 91 98 102 103 106 117 124 126 129 133 
141 144 146 149 152 156 158 161 163 164 166 169 
170 171 174 177 179 183 184 187 190 192 194 196 
198 199 
60
5 9 12 13 15 23 26 29 30 31 33 34 
40 41 50 57 58 59 62 69 76 82 83 85 
88 93 97 99 100 102 105 107 114 115 117 119 
123 126 128 135 137 147 151 153 154 157 160 163 
168 172 173 174 176 177 178 188 190 196 197 198 
57
2 6 17 25 28 38 45 46 47 52 53 58 
59 60 61 63 67 78 79 82 83 87 89 96 
102 103 107 122 124 126 127 132 133 141 151 153 
155 157 159 161 162 164 167 176 178 179 183 185 
186 187 190 192 193 196 198 199 200 
71
1 2 3 5 8 11 18 22 29 30 33 37 
38 39 41 45 46 47 53 59 60 63 64 67 
76 81 84 85 86 88 90 92 94 98 101 105 
113 117 119 120 121 122 125 126 127 132 137 140 
142 143 145 148 151 154 156 159 165 169 170 171 
172 173 176 177 180 182 186 187 189 193 200 
62
1 3 11 13 15 22 23 27 39 40 42 44 
45 51 54 55 58 59 60 62 69 70 75 76 
77 84 86 92 97 101 102 103 112 113 117 120 
125 126 127 130 139 141 142 143 146 147 153 155 
156 165 166 168 169 172 174 176 184 185 186 196 
197 199 
54
1 3 9 10 12 13 18 19 20 23 27 29 
31 38 40 42 43 45 49 55 60 71 75 78 
80 82 87 88 93 94 99 104 111 112 118 122 
135 136 138 150 157 162 165 168 172 173 181 184 
187 189 192 193 194 197 
69
1 10 12 13 16 17 23 27 28 31 33 38 
42 43 45 51 52 54 56 68 73 74 78 80 
82 85 87 90 93 95 98 101 102 103 104 105 
106 107 108 111 114 116 117 118 119 123 124 132 
133 134 139 144 148 151 153 159 160 162 176 177 
182 183 185 189 191 193 196 197 198 
61
5 10 18 23 25 28 30 37 42 43 44 48 
50 53 55 59 62 69 72 75 80 84 89 93 
94 95 98 101 108 109 110 114 117 122 129 134 
136 138 143 145 147 148 150 151 155 161 162 164 
165 169 170 176 180 181 184 189 190 193 198 199 
200 
55
1 3 19 20 22 26 29 30 31 33 35 38 
39 40 41 52 53 54 59 62 66 72 79 83 
85 86 88 89 95 97 99 107 117 121 138 140 
142 151 158 159 161 164 168 169 171 173 181 186 
188 190 191 192 194 196 198 
50
1 2 7 8 9 10 11 18 20 21 24 25 
29 47 48 54 60 61 63 68 71 78 79 94 
105 112 114 118 119 120 124 126 131 132 134 137 
141 143 147 148 153 154 161 162 165 168 175 179 
193 197 
48
1 6 15 16 20 21 23 25 27 30 32 39 
41 46 55 61 64 71 82 88 96 99 111 112 
113 114 118 121 122 131 134 135 139 140 154 163 
170 171 175 178 179 180 181 187 191 195 198 200 
54
1 4 13 16 17 32 33 41 42 44 52 53 
58 59 61 70 71 76 79 82 86 87 93 94 
98 100 105 106 113 114 116 118 121 126 129 130 
136 139 147 151 152 156 157 160 164 165 169 175 
179 185 186 195 196 200 
56
1 2 9 22 23 25 32 36 38 41 47 51 
52 53 62 66 67 70 71 76 80 84 88 89 
99 102 105 108 109 111 118 127 131 134 138 142 
150 153 156 157 158 160 161 164 165 168 170 174 
175 177 180 186 193 195 196 200 
66
3 7 15 16 19 23 24 28 30 33 41 47 
48 49 54 55 57 58 68 69 70 77 78 81 
82 87 88 95 96 101 102 103 105 106 111 112 
113 120 127 128 131 134 137 140 142 144 145 153 
161 162 163 165 167 168 169 170 171 174 177 179 
180 183 187 189 190 191 
48
1 4 8 9 14 15 17 21 28 29 30 34 
36 44 54 56 62 66 68 72 78 80 88 93 
98 107 112 113 115 118 123 124 125 126 129 132 
141 152 155 159 162 166 169 177 182 189 190 200 
66
3 6 9 14 16 18 21 23 24 34 35 41 
42 43 46 47 52 53 56 58 59 61 63 70 
73 76 77 85 90 92 94 95 97 101 108 110 
112 115 116 122 123 124 133 135 138 142 146 151 
152 153 155 170 171 172 176 180 183 184 185 186 
187 189 192 194 196 197 
62
4 5 7 8 9 11 14 18 20 26 28 30 
33 40 47 52 55 57 58 60 61 62 63 65 
68 77 78 80 84 85 95 99 106 108 110 112 
115 118 120 123 125 134 136 137 139 148 149 153 
155 157 163 165 169 173 181 182 185 186 187 191 
196 197 
65
1 3 5 6 7 10 11 14 22 26 29 31 
32 36 37 38 43 45 48 61 62 63 68 74 
82 83 85 90 93 99 101 102 104 110 111 114 
115 121 126 129 131 132 134 139 142 143 146 153 
157 158 159 170 171 175 178 179 180 181 182 183 
185 189 190 192 194 
59
1 3 5 6 10 13 20 30 31 36 38 40 
43 44 46 47 52 55 62 68 74 76 77 79 
82 90 96 101 103 105 110 112 113 114 115 124 
125 127 128 129 131 135 143 145 159 163 168 175 
177 181 182 184 186 187 188 192 193 196 200 
68
1 7 8 10 16 19 20 22 26 32 33 38 
39 44 56 59 67 72 74 76 78 79 80 81 
86 88 89 90 91 93 94 100 101 103 104 110 
112 113 120 123 124 128 129 130 131 134 137 139 
142 143 144 149 151 152 153 155 157 162 163 165 
170 174 176 177 185 191 192 195 
53
6 7 8 10 13 16 20 23 28 29 30 31 
32 34 35 37 45 46 50 57 59 75 77 87 
94 102 122 123 134 148 149 153 155 161 168 169 
170 171 173 174 175 176 180 183 184 186 187 188 
191 193 197 199 200 
69
4 6 9 10 12 19 25 28 31 32 34 37 
38 39 43 44 48 53 56 60 67 70 71 72 
73 76 82 84 85 86 88 92 93 96 100 102 
103 104 105 106 107 108 110 114 116 118 120 121 
125 126 132 142 144 146 157 158 161 162 166 170 
175 179 183 188 190 191 193 194 196 
70
7 10 11 16 22 23 29 32 37 40 41 42 
43 46 48 50 58 62 63 65 66 67 74 77 
78 80 81 83 87 88 90 91 94 96 97 98 
101 103 104 106 107 108 112 114 120 121 128 129 
140 146 147 153 158 161 162 169 170 171 174 175 
179 180 183 186 187 188 191 192 193 196 
57
1 3 6 7 14 15 18 24 25 26 27 30 
36 39 47 50 54 55 59 61 62 64 66 69 
75 79 82 83 86 87 94 99 106 109 115 119 
120 122 123 125 129 136 137 141 150 157 160 163 
172 173 178 179 180 184 187 194 197 
52
1 8 10 25 28 29 30 35 40 47 50 51 
53 54 55 58 61 67 68 69 70 71 87 93 
94 99 107 112 114 115 119 121 124 128 130 132 
152 156 158 162 165 167 168 170 172 177 180 183 
188 190 194 199 
67
1 4 6 7 16 20 21 22 25 26 28 30 
31 32 38 46 47 49 52 53 56 62 63 67 
71 77 79 82 85 87 89 92 93 104 105 106 
108 109 112 116 119 131 133 138 144 148 149 150 
157 161 162 165 166 167 177 180 182 183 184 186 
187 190 195 197 198 199 200 
64
1 3 4 5 8 11 12 13 14 17 18 19 
29 41 43 45 48 49 50 53 56 57 63 65 
67 77 81 84 86 90 95 96 97 99 100 108 
113 114 116 118 121 124 126 128 132 133 135 136 
140 148 153 154 159 161 163 164 166 170 174 175 
178 180 195 197 
45
4 14 15 16 27 38 55 60 63 66 70 72 
73 74 78 80 96 104 106 113 114 116 117 125 
130 135 136 138 139 141 144 147 150 152 160 164 
167 168 171 173 175 178 179 182 194 
54
4 12 14 17 21 22 24 32 35 38 40 45 
48 49 54 56 64 69 71 74 75 78 81 85 
87 89 93 95 98 101 103 106 115 116 117 119 
122 131 132 137 139 143 144 145 149 155 164 167 
169 178 182 185 186 189 
60
6 9 11 24 29 36 42 44 48 51 54 55 
56 57 58 64 66 68 70 71 77 82 84 86 
87 89 90 99 105 106 107 108 110 115 119 123 
127 133 136 137 141 148 152 153 157 159 160 163 
164 166 168 171 173 174 175 185 188 193 194 199 
63
4 6 18 19 21 22 23 24 25 33 38 41 
42 44 49 50 67 70 72 74 75 76 77 79 
84 85 89 90 94 95 101 105 107 108 110 116 
121 127 129 130 132 136 138 144 145 152 153 154 
155 156 158 163 164 165 168 174 186 188 189 192 
193 194 196 
75
2 3 6 7 9 10 11 12 15 20 22 25 
26 27 29 35 36 39 41 42 45 53 57 59 
61 62 63 65 68 71 72 74 75 80 82 84 
86 87 91 95 104 109 112 113 114 116 117 120 
126 128 139 142 144 145 146 147 150 151 152 156 
157 162 163 166 167 168 174 175 177 184 186 187 
197 198 200 
65
1 8 9 11 14 17 19 21 26 28 30 37 
41 42 47 48 49 51 59 61 65 66 68 73 
79 82 83 84 86 89 93 96 97 98 99 102 
109 112 115 116 120 122 127 129 131 137 138 145 
153 156 158 159 160 161 175 176 181 182 187 190 
191 194 195 197 199 
45
2 6 7 12 21 28 39 41 51 60 66 72 
73 74 75 79 90 91 99 101 108 109 112 113 
116 118 122 124 125 127 128 132 139 140 146 148 
150 154 159 169 183 185 188 191 200 
63
2 5 9 10 13 14 15 16 19 20 30 33 
35 39 43 51 54 67 73 79 80 81 83 84 
91 93 95 97 98 101 102 107 110 112 114 116 
128 131 133 136 140 142 143 145 147 148 151 156 
163 164 165 168 169 171 174 187 188 189 190 194 
196 198 199 
67
2 3 10 13 14 16 19 24 25 31 34 36 
37 39 42 43 45 46 49 52 54 56 58 59 
60 67 74 76 77 78 79 80 93 97 99 101 
105 106 107 108 112 116 118 119 122 124 126 127 
129 132 135 138 139 141 145 149 150 151 165 175 
180 187 190 193 195 196 197 
70
1 2 3 5 13 14 15 16 17 19 24 28 
29 31 32 33 39 40 45 46 48 52 53 54 
55 64 65 74 78 91 92 99 100 107 108 109 
110 111 117 118 122 127 129 132 134 135 141 148 
149 151 154 155 156 157 161 162 165 173 174 179 
181 182 184 185 187 190 192 193 197 200 
70
4 6 8 12 19 26 27 32 34 39 41 44 
46 50 55 61 62 66 67 68 69 72 77 81 
83 85 90 91 92 93 96 97 100 101 102 103 
104 111 113 114 115 121 125 128 131 132 139 141 
143 148 149 151 159 160 161 162 165 166 171 172 
173 174 179 181 182 191 192 194 195 196 
65
2 6 7 9 11 13 14 17 18 31 37 40 
43 44 46 49 53 54 55 63 64 69 70 72 
73 76 78 84 85 86 87 88 89 90 93 95 
99 110 114 117 118 120 124 125 126 131 143 149 
150 152 153 154 155 158 159 162 165 166 171 177 
178 180 182 188 190 
64
1 5 8 9 13 15 19 23 25 27 29 30 
35 36 39 41 43 44 45 46 49 52 54 57 
58 63 66 68 71 75 76 81 85 91 95 96 
99 104 112 117 123 126 135 136 141 142 143 144 
147 156 157 158 160 163 164 165 170 173 177 190 
191 192 196 200 
50
1 3 8 9 12 14 15 21 22 27 40 42 
48 49 51 53 59 70 71 72 79 80 84 86 
96 99 102 103 105 107 112 114 118 120 122 124 
125 138 148 150 155 164 167 168 170 177 180 181 
185 200 
57
5 15 20 23 24 26 31 32 38 41 43 48 
53 55 57 58 62 64 67 82 85 92 93 94 
96 101 106 108 112 114 116 117 118 122 127 137 
139 143 148 150 153 158 160 161 162 163 171 177 
181 183 187 190 192 193 194 197 199 
66
2 5 11 14 18 24 25 33 34 38 41 43 
47 49 52 53 54 55 59 64 73 74 78 80 
82 84 91 95 97 100 106 110 111 113 114 119 
121 122 124 126 129 132 134 136 142 145 149 151 
152 154 155 158 159 162 163 164 172 173 176 180 
185 186 188 193 196 200 
57
10 17 21 24 29 33 35 39 40 47 55 59 
61 62 64 67 71 79 85 102 105 106 108 109 
114 115 116 118 123 124 130 132 140 150 151 152 
156 160 161 163 166 168 169 172 173 176 177 178 
180 181 182 183 184 186 188 190 197 
67
2 8 9 10 13 14 20 21 30 34 35 39 
42 47 48 51 56 62 64 65 66 67 69 71 
72 75 76 77 78 81 86 88 93 101 103 104 
105 107 112 114 115 118 120 123 125 130 131 134 
135 136 140 143 145 150 154 158 159 168 173 175 
176 178 180 181 183 197 199 
55
1 4 8 9 10 11 12 17 18 22 28 39 
41 45 52 53 69 75 77 79 80 84 87 90 
92 94 95 98 99 100 108 109 110 111 112 114 
118 120 123 124 125 135 141 146 150 155 156 168 
169 178 181 193 196 197 199 
62
8 12 15 21 22 24 25 27 29 36 37 39 
41 42 43 44 46 49 50 60 63 64 68 73 
74 75 79 82 85 89 90 91 92 94 95 98 
105 108 110 113 117 120 126 129 130 131 134 136 
140 141 142 144 146 157 172 173 182 183 187 193 
194 197 
66
1 9 13 14 15 18 19 20 23 26 28 29 
30 31 32 35 36 42 47 48 53 57 58 61 
64 65 69 73 78 79 81 86 88 94 101 106 
109 110 111 112 121 123 125 127 130 140 141 142 
144 149 158 163 167 168 173 176 177 179 180 181 
183 184 185 189 194 196 
56
2 3 4 5 9 10 12 15 24 30 38 40 
42 44 46 51 57 60 61 62 64 66 67 68 
70 71 79 85 88 92 96 101 102 103 113 116 
122 128 129 130 134 135 140 146 151 153 155 159 
161 165 183 189 193 194 195 197 
59
3 4 10 14 20 24 29 30 37 49 50 52 
53 55 58 65 69 74 76 77 78 83 84 85 
86 88 89 91 93 95 96 103 107 108 110 113 
116 120 122 130 133 140 141 145 148 161 174 176 
177 179 181 185 187 189 191 192 193 194 197 
67
1 3 6 8 13 16 20 21 22 25 31 34 
35 36 37 38 39 43 45 47 50 52 60 66 
69 75 83 86 87 90 92 95 99 100 101 103 
104 114 116 117 118 119 122 123 130 132 140 141 
143 146 148 150 159 161 164 165 173 175 179 180 
181 183 184 185 194 198 199 
56
5 10 11 13 17 22 28 32 42 43 46 49 
50 58 59 62 68 71 74 75 79 83 85 90 
91 95 98 105 107 109 110 111 112 116 118 119 
125 128 137 140 149 151 154 162 164 166 170 178 
180 181 185 190 193 195 198 200 
65
4 5 6 14 15 17 26 35 36 43 47 50 
51 55 56 59 61 62 69 70 71 77 80 85 
87 90 92 95 96 99 100 102 103 108 110 118 
124 125 127 130 131 136 139 140 141 143 145 149 
154 157 159 162 163 166 167 170 171 173 181 183 
185 186 189 190 193 
59
4 6 11 12 15 17 19 20 25 27 30 33 
36 38 43 45 46 49 51 52 55 63 77 79 
86 98 101 103 108 110 111 112 113 119 121 128 
134 136 143 144 146 148 150 153 154 155 156 157 
159 162 163 164 169 178 182 186 188 189 199 
46
16 33 35 40 45 54 56 60 61 62 65 66 
68 72 82 88 93 108 110 114 117 120 124 126 
128 136 137 139 141 142 144 147 148 149 151 153 
157 159 163 164 170 180 182 184 192 197 
61
1 2 5 8 9 12 17 19 24 26 31 35 
37 40 46 48 57 64 66 72 73 78 79 80 
84 87 89 90 91 98 99 101 105 111 115 118 
128 134 138 141 145 146 149 150 151 153 154 160 
178 179 181 185 187 189 190 191 193 194 196 198 
199 
54
5 8 12 16 18 23 24 25 27 31 34 42 
56 57 63 65 75 80 86 87 91 93 98 101 
107 111 112 113 116 124 125 129 131 132 135 137 
138 139 143 144 149 154 157 162 168 170 174 179 
181 188 193 194 195 198 
59
2 6 7 11 12 15 20 22 24 25 27 31 
32 41 43 47 48 49 50 58 62 63 69 72 
76 80 85 96 101 104 105 106 116 126 127 129 
132 143 144 145 150 151 155 156 163 164 168 171 
173 174 175 184 190 191 193 194 195 196 199 
68
6 8 9 10 19 22 29 33 34 37 38 42 
45 49 50 52 54 55 59 60 65 70 75 77 
79 80 82 83 90 99 101 102 104 107 110 111 
112 115 122 123 124 126 131 134 140 141 143 144 
147 149 150 153 157 164 165 169 171 179 181 183 
186 187 189 192 194 196 199 200 
58
1 2 6 8 10 11 15 16 20 27 31 32 
33 40 42 44 47 50 55 59 61 69 70 71 
73 76 77 82 87 92 101 104 105 109 112 115 
118 122 130 131 136 137 139 140 141 145 147 148 
157 162 167 168 170 180 181 186 190 197 
66
2 6 12 13 14 21 23 27 28 30 31 32 
33 35 36 37 41 43 47 54 55 56 58 61 
64 68 72 73 80 83 89 90 93 94 98 100 
104 106 113 116 118 121 124 125 126 127 130 134 
143 151 155 158 159 167 169 170 173 174 175 176 
179 189 191 192 196 197 
52
1 13 19 22 26 27 31 33 38 40 43 44 
52 58 61 62 66 71 76 82 89 94 99 101 
103 108 109 112 113 116 117 118 123 126 127 129 
133 146 151 158 165 166 173 179 180 183 184 188 
189 191 194 195 
57
3 9 11 14 16 18 19 21 27 28 31 32 
39 42 46 50 61 63 65 67 72 75 80 81 
88 89 90 91 92 95 97 99 104 108 110 115 
117 121 124 126 127 128 135 137 139 146 148 154 
155 162 163 165 178 184 186 187 200 
72
4 6 7 17 20 21 25 28 30 32 34 37 
38 40 47 50 51 52 55 56 58 61 62 69 
73 80 85 86 88 90 93 97 99 100 101 103 
105 107 110 112 115 118 123 124 126 128 131 132 
135 138 139 150 152 155 156 162 163 164 168 170 
171 172 176 179 180 181 183 188 189 192 194 200 
44
12 17 21 22 24 25 30 33 41 45 47 51 
55 56 57 62 65 70 71 73 80 81 88 89 
96 109 111 127 128 133 139 144 146 151 152 162 
163 173 175 178 179 181 183 198 
60
10 11 13 21 24 25 27 28 29 31 32 37 
38 39 45 55 57 66 75 81 84 85 90 94 
98 99 101 104 114 117 122 124 128 129 130 133 
134 137 138 140 143 145 146 147 149 151 152 155 
163 164 174 175 177 179 183 187 188 192 194 200 
54
2 6 8 9 11 17 19 21 24 25 30 32 
38 42 48 49 58 62 73 74 76 81 82 84 
85 86 89 92 93 95 96 103 105 107 111 116 
117 119 120 129 135 150 156 166 170 171 172 175 
180 184 188 194 195 199 
57
2 9 18 21 22 25 28 30 32 36 37 44 
45 46 48 56 57 63 68 75 77 78 80 84 
85 86 90 97 102 103 112 114 119 124 125 132 
133 134 135 137 142 149 155 156 157 159 161 176 
177 179 181 183 184 185 191 193 199 
50
6 9 11 15 16 20 23 28 29 32 33 36 
40 42 43 44 47 54 59 64 71 72 74 76 
81 84 87 89 90 107 118 122 123 125 127 128 
131 134 152 161 167 169 174 181 184 191 194 195 
198 199 
60
3 4 6 8 12 14 15 20 26 31 34 35 
37 39 40 43 44 59 62 63 69 71 72 77 
78 83 85 88 93 96 97 99 101 106 110 114 
116 122 128 129 138 139 140 143 150 154 156 158 
166 170 172 173 178 180 184 187 188 190 198 199 
63
4 7 10 13 14 16 21 30 32 42 44 46 
49 52 54 55 56 59 60 69 70 73 77 79 
82 88 89 90 91 97 100 101 103 104 105 116 
117 118 119 122 123 124 125 128 145 150 151 152 
159 162 166 168 169 170 174 176 180 181 182 192 
193 194 198 
60
3 11 15 18 20 21 28 30 31 36 37 38 
39 41 43 44 45 46 51 52 55 59 61 66 
70 81 91 97 100 103 105 112 113 115 116 128 
129 131 141 142 143 146 150 151 153 154 156 158 
159 164 168 169 170 188 190 193 196 197 198 199 
65
2 5 9 10 19 20 21 24 25 27 30 31 
32 35 37 39 41 49 52 53 55 57 59 71 
73 74 83 85 88 91 94 95 96 99 100 101 
104 105 107 108 111 112 114 116 119 120 125 127 
134 138 141 153 155 156 160 161 164 168 180 182 
187 189 191 193 195 
64
5 6 9 15 16 17 26 31 33 36 39 42 
47 53 54 56 61 65 66 68 70 73 80 86 
88 91 92 93 96 97 100 105 106 112 113 114 
122 125 130 132 134 139 141 145 148 149 150 151 
153 154 156 158 161 163 170 171 177 182 188 190 
191 193 196 199 
49
3 4 6 10 15 23 24 26 28 32 36 37 
41 44 48 53 57 58 59 63 65 68 93 98 
101 102 105 110 111 114 118 123 124 125 126 130 
131 139 145 150 151 162 166 168 169 170 172 174 
188 
60
1 2 14 15 20 25 26 32 43 44 49 51 
57 60 62 64 65 68 72 73 75 81 82 83 
84 85 88 98 100 101 106 110 111 115 119 122 
124 126 128 129 138 140 143 149 150 153 154 158 
164 166 172 173 175 177 179 183 189 195 196 200 
70
2 5 10 13 14 16 19 26 35 40 41 43 
46 47 52 54 57 60 68 70 72 73 74 79 
80 81 82 87 91 94 95 96 98 103 105 108 
113 115 118 121 122 123 124 129 131 134 139 141 
142 143 144 147 153 154 156 158 160 165 173 174 
176 178 179 180 181 186 191 192 194 199 
59
1 6 8 11 13 14 21 22 23 24 27 29 
30 32 35 40 45 52 55 57 58 67 68 70 
76 77 78 92 95 98 99 100 109 110 111 112 
117 118 119 122 133 134 135 138 139 148 150 151 
160 163 168 174 177 186 187 189 192 196 197 
62
3 8 19 20 21 26 29 32 33 39 45 46 
47 48 55 57 61 62 63 67 71 79 84 85 
90 91 93 94 106 110 111 116 118 120 121 123 
130 131 136 138 153 156 157 163 165 166 169 170 
171 174 175 177 178 179 181 184 185 188 192 195 
198 199 
72
1 3 4 6 11 13 19 21 22 25 29 38 
39 40 44 45 47 48 49 53 54 57 58 60 
63 64 67 71 74 76 77 80 81 82 84 90 
91 94 100 107 110 115 116 119 121 122 123 127 
131 134 138 139 140 141 143 144 145 148 154 156 
158 162 167 173 175 179 180 183 187 189 190 194 
61
2 6 8 10 11 14 15 18 21 26 30 41 
42 43 44 54 57 69 72 84 85 87 88 90 
92 97 98 101 102 103 107 108 115 116 118 119 
120 121 123 125 127 131 136 137 138 143 152 153 
154 163 167 168 171 172 179 184 188 189 195 198 
200 
56
6 7 10 16 21 23 32 34 40 43 45 48 
59 60 61 62 66 68 73 79 83 84 87 89 
93 99 101 114 116 117 119 127 128 129 137 138 
143 146 151 153 156 158 159 160 161 162 165 168 
172 173 174 178 185 186 188 195 
63
3 4 5 9 13 14 17 18 19 20 21 24 
25 27 33 35 39 42 43 47 52 53 56 59 
60 62 66 70 73 79 82 87 95 96 100 102 
106 119 123 125 127 128 129 142 147 152 153 162 
165 169 172 174 175 177 179 180 182 184 185 187 
189 192 193 
76
2 4 5 6 7 9 20 23 25 26 35 36 
43 44 50 52 54 55 61 65 66 67 68 72 
73 76 77 79 81 83 87 90 94 95 102 103 
104 105 107 108 113 121 123 125 126 128 131 132 
133 136 137 141 143 144 147 148 149 152 154 156 
159 163 167 168 169 171 172 178 179 182 183 184 
187 192 198 200 
46
2 4 8 9 13 23 28 33 36 37 38 43 
48 52 58 60 63 72 73 79 81 84 86 89 
91 100 107 111 117 125 151 153 157 160 164 165 
167 171 174 176 183 184 189 194 196 198 
61
3 8 12 16 18 20 30 33 34 35 39 40 
43 45 47 53 54 55 57 61 62 64 65 67 
72 73 77 78 83 85 87 88 89 98 103 104 
108 114 115 116 118 121 137 138 143 144 150 156 
161 162 163 168 172 176 177 179 181 183 185 187 
199 
49
8 15 25 26 27 31 32 33 35 40 45 47 
50 51 52 54 59 74 78 81 82 85 93 105 
113 114 117 118 120 121 122 124 139 144 145 149 
152 153 156 159 165 176 178 183 186 187 188 194 
199 
57
1 4 5 6 11 14 22 23 24 25 26 27 
28 33 41 43 46 50 54 61 66 69 76 81 
94 97 98 99 106 110 113 121 122 126 129 131 
135 136 137 138 139 142 143 144 150 157 163 164 
165 166 167 184 187 192 197 198 199 
56
6 8 18 20 21 27 29 35 43 45 46 50 
59 68 70 72 74 75 76 80 86 88 91 93 
98 106 113 114 116 117 120 123 125 130 131 133 
137 138 139 140 146 149 151 154 155 157 159 164 
168 179 180 181 183 187 194 199 
56
3 7 9 15 18 20 22 23 25 28 34 49 
55 57 58 61 64 66 69 70 71 72 74 77 
79 80 86 88 92 93 94 101 111 112 113 122 
124 132 136 143 146 149 158 160 168 169 176 177 
178 180 182 188 189 191 199 200 
65
1 6 8 10 13 16 20 23 26 28 35 37 
40 46 48 50 51 55 57 58 66 67 69 72 
75 78 80 82 83 88 92 93 94 98 99 103 
109 112 113 116 118 121 123 127 130 137 142 144 
150 152 153 156 166 167 170 172 173 174 181 184 
185 187 190 193 194 
76
1 5 7 9 10 12 17 18 20 22 24 35 
36 42 44 45 48 56 64 67 68 69 70 72 
77 79 82 84 85 86 88 89 90 91 93 96 
97 100 103 104 105 106 109 110 114 119 125 128 
129 135 136 140 141 142 146 147 149 151 152 153 
154 155 157 159 160 170 174 180 181 183 185 187 
191 192 196 199 
56
2 13 17 19 28 30 31 35 39 40 50 57 
70 71 75 79 81 82 84 85 87 89 93 94 
96 98 100 105 110 112 117 119 120 121 124 127 
135 138 139 146 149 150 159 167 169 170 171 173 
174 176 188 192 196 197 198 199 
64
2 11 12 15 29 30 32 36 37 38 44 49 
51 59 62 65 67 72 73 75 76 77 79 83 
85 86 87 90 93 96 97 99 103 107 108 109 
111 112 113 114 117 123 124 132 135 140 143 144 
149 153 159 161 167 175 176 184 186 189 192 195 
196 197 199 200 
60
3 15 17 18 27 29 31 33 41 43 49 50 
51 54 55 57 59 63 67 69 71 72 78 79 
82 84 86 100 106 111 116 122 129 130 138 139 
140 141 144 145 150 156 158 161 163 164 165 169 
172 174 175 176 179 180 184 186 190 192 193 194 
43
5 7 15 16 20 26 27 30 32 33 43 47 
49 54 56 60 68 71 73 76 81 85 91 98 
107 111 115 116 120 121 123 127 131 132 139 145 
153 166 171 189 191 194 196 
52
3 10 14 17 21 23 24 25 31 34 45 47 
49 52 53 54 55 56 60 64 65 72 73 75 
77 83 87 92 94 100 103 106 111 117 123 124 
126 131 138 141 145 150 156 159 161 166 167 182 
184 190 196 199 
65
8 13 17 19 22 24 25 35 37 39 47 49 
50 57 58 61 65 66 69 72 73 78 82 84 
85 89 94 96 97 99 103 106 108 110 113 114 
115 116 125 128 129 138 147 154 155 157 158 159 
160 162 163 164 168 175 176 179 184 185 186 188 
189 192 193 198 200 
65
1 5 7 8 20 26 28 31 32 34 36 37 
38 40 45 47 54 55 57 58 64 66 67 70 
77 80 82 84 87 89 93 94 97 104 108 112 
114 115 117 128 131 132 137 138 139 143 144 145 
147 149 155 156 157 162 168 172 176 177 179 180 
181 183 188 198 199 
66
3 7 8 12 15 21 22 24 25 27 29 31 
32 33 35 39 44 45 46 52 54 60 62 67 
68 74 77 81 82 87 90 95 96 98 110 111 
114 119 121 124 127 130 132 133 134 135 142 149 
151 156 157 158 162 164 166 167 169 170 177 187 
189 192 193 195 196 197 
61
2 5 6 11 12 15 22 26 29 33 36 38 
40 44 48 51 54 56 57 60 63 65 69 81 
85 89 94 99 101 102 107 108 112 117 120 121 
122 125 126 129 148 149 150 152 153 155 156 158 
159 160 162 163 165 168 169 171 173 177 179 186 
190 
55
4 11 14 16 25 33 43 45 49 51 54 56 
58 59 66 71 74 81 83 84 88 92 95 97 
99 100 101 103 106 117 119 125 129 136 137 140 
143 144 146 150 151 155 159 166 169 171 175 178 
183 185 190 192 193 196 198 
63
2 13 14 15 18 23 24 25 27 29 37 40 
41 44 46 47 52 58 59 61 64 66 75 77 
79 85 88 91 95 98 99 105 107 109 110 113 
118 119 121 124 126 139 141 145 147 148 152 153 
154 156 157 159 161 163 167 169 172 176 181 182 
188 190 191 
61
2 4 7 8 13 14 17 29 34 37 39 41 
43 44 48 49 55 57 58 59 62 63 67 73 
79 87 88 90 92 97 101 103 108 110 111 115 
116 117 120 121 122 125 126 128 134 139 140 148 
149 153 154 165 179 183 185 188 190 191 192 193 
195 
60
1 2 4 6 9 16 19 20 28 31 32 37 
41 42 44 45 46 49 52 55 58 61 62 64 
73 75 79 80 84 85 87 92 99 103 109 116 
119 122 123 126 131 135 138 152 154 156 159 161 
164 167 168 171 172 174 175 176 178 186 190 197 
55
1 3 4 6 8 9 11 21 22 24 32 33 
37 39 53 56 60 62 65 71 73 75 85 89 
91 93 100 101 105 108 111 118 125 130 134 136 
137 141 143 146 149 150 152 155 159 165 170 174 
177 184 187 188 195 197 198 
68
1 2 5 11 12 14 23 35 45 48 50 51 
52 54 59 67 69 70 72 74 75 78 83 85 
87 88 89 91 108 109 111 112 115 118 119 122 
123 124 125 126 128 129 133 137 139 140 143 145 
147 148 149 150 151 154 155 157 158 162 169 174 
175 177 178 179 180 187 195 198 
70
1 2 4 7 8 10 12 14 15 18 27 31 
37 43 45 46 53 54 55 57 62 70 71 74 
78 79 84 89 91 95 98 100 102 104 108 109 
116 120 121 124 127 130 131 134 137 140 141 152 
155 157 159 164 166 167 168 169 170 172 173 176 
177 178 179 181 184 190 191 193 194 196 
64
1 2 3 10 12 13 14 15 29 36 37 41 
44 45 46 49 50 55 57 59 60 63 65 70 
74 78 89 92 93 96 97 98 99 110 112 114 
115 116 121 126 131 132 135 138 139 142 146 148 
152 155 158 160 164 165 166 168 172 173 174 182 
186 189 192 199 
59
2 6 11 14 15 20 27 32 37 40 41 45 
49 53 55 61 65 67 68 72 73 74 76 78 
79 80 82 88 89 90 102 105 106 108 110 113 
115 121 123 124 128 131 132 136 138 147 163 164 
165 171 173 185 187 191 192 193 195 197 198 
57
6 10 22 24 25 29 33 36 42 44 46 60 
61 65 72 76 81 83 84 88 89 91 92 93 
94 95 96 99 103 104 107 117 118 121 122 128 
131 134 136 138 143 148 152 156 157 158 162 163 
164 171 174 182 186 187 190 193 195 
72
2 3 4 5 6 8 10 21 24 29 30 34 
37 38 40 50 51 52 60 62 64 65 67 69 
74 75 78 79 80 81 83 85 87 89 90 92 
93 95 97 100 106 108 109 113 114 116 119 120 
121 127 131 132 134 136 146 147 150 153 157 158 
159 162 167 176 179 181 183 185 191 193 195 196 
70
5 8 9 11 12 16 19 21 24 25 27 29 
30 31 32 33 34 37 38 42 43 45 60 63 
68 71 78 80 83 86 88 89 92 93 102 104 
108 109 111 113 115 117 118 120 122 124 126 128 
131 134 135 144 146 150 156 160 162 167 168 171 
173 174 175 178 182 189 191 193 194 200 
64
3 4 7 9 13 14 15 19 20 31 35 36 
40 56 59 61 64 68 71 72 78 79 80 82 
89 93 95 96 97 99 109 115 116 117 119 122 
124 125 128 129 130 132 138 140 141 156 158 159 
161 162 163 167 170 172 175 178 179 182 183 186 
189 190 193 199 
68
4 7 10 15 19 20 24 26 29 33 34 37 
38 41 42 43 45 47 49 59 60 62 63 64 
65 66 68 71 72 77 80 84 86 88 90 91 
97 105 106 112 115 116 118 129 130 132 137 140 
141 142 148 150 151 154 158 160 166 168 169 174 
180 181 182 188 190 196 198 200 
57
5 6 18 22 26 30 35 38 39 45 47 50 
53 55 57 59 62 65 71 78 81 86 90 91 
95 99 100 112 115 117 119 120 122 124 128 129 
134 137 138 142 143 146 149 151 153 159 164 165 
170 173 178 181 184 185 193 194 200 
62
2 4 8 11 15 26 28 31 37 50 52 56 
60 61 62 68 69 70 71 74 78 81 85 88 
90 91 93 98 100 102 103 106 108 110 113 121 
125 129 130 133 134 138 139 141 142 143 145 149 
153 157 159 161 163 165 166 167 172 179 181 182 
189 200 
59
3 5 7 12 14 16 27 29 31 38 39 40 
42 47 52 57 58 61 71 74 78 84 86 87 
88 91 92 93 94 95 99 108 111 117 128 131 
132 134 135 138 139 140 149 150 152 153 154 155 
158 159 161 166 167 169 181 185 191 192 200 
55
2 4 7 9 12 19 21 22 23 25 34 39 
42 43 46 48 50 57 62 64 65 66 67 74 
90 92 96 98 104 105 106 108 119 120 122 123 
127 129 137 140 145 148 150 155 168 173 174 180 
181 182 192 195 197 198 199 
69
1 2 8 11 15 16 17 18 20 23 24 26 
27 29 31 32 33 35 37 41 43 44 45 51 
57 63 65 67 75 76 81 82 86 90 91 92 
95 97 102 103 106 107 111 114 115 127 128 129 
139 141 148 150 153 154 156 158 160 162 169 171 
179 184 187 188 191 195 196 197 198 
63
5 8 9 13 15 18 21 22 28 29 43 44 
48 56 61 63 65 66 69 72 76 82 86 98 
99 103 108 109 110 111 117 118 120 124 126 127 
129 132 134 143 144 149 151 152 157 158 159 166 
168 170 174 175 176 177 182 183 184 189 194 195 
196 198 199 
69
2 9 12 13 14 18 22 25 27 29 38 43 
46 47 52 53 56 65 70 72 74 76 77 81 
83 89 90 93 94 97 99 101 106 108 112 113 
116 118 121 122 124 126 127 128 131 133 136 137 
142 143 144 147 160 163 164 167 170 173 174 178 
183 185 186 187 188 191 193 195 200 
63
3 14 15 17 24 28 30 31 32 35 45 50 
51 55 57 59 61 62 65 66 71 75 78 82 
85 87 89 90 93 94 97 103 105 106 109 110 
115 118 123 124 132 138 140 143 144 149 152 156 
164 165 168 171 172 178 181 183 184 188 190 191 
194 195 197 
71
1 3 8 9 12 18 19 20 23 25 31 32 
33 34 36 40 42 43 46 47 52 53 56 62 
64 65 67 69 70 71 73 77 82 88 89 91 
92 94 96 97 99 100 103 106 107 109 112 113 
116 121 123 130 132 137 143 145 149 151 159 160 
163 166 171 172 177 178 180 192 196 198 199 
57
11 16 17 19 27 34 35 36 38 53 54 55 
56 59 60 66 67 69 72 79 83 84 85 87 
93 101 102 103 104 106 108 110 112 118 119 120 
126 129 131 137 138 142 156 158 161 165 166 168 
175 178 181 182 185 188 189 190 191 
61
3 4 6 9 13 19 22 24 25 31 32 38 
41 45 47 48 52 55 64 65 66 71 73 74 
75 82 83 85 86 88 92 93 100 106 109 113 
116 117 121 122 127 129 134 139 140 143 144 145 
147 150 159 162 171 172 173 181 184 187 189 192 
193 
62
2 5 6 10 11 18 21 22 27 31 33 34 
42 47 51 53 58 60 61 63 65 68 71 73 
74 75 77 79 83 86 87 88 91 92 97 101 
104 105 109 112 117 123 137 141 142 144 146 150 
151 154 155 159 160 161 163 172 173 177 189 192 
194 198 
59
11 13 17 20 21 24 26 33 35 36 37 40 
42 43 48 57 60 67 68 72 73 75 76 77 
78 81 87 88 91 95 100 106 117 119 120 132 
133 134 135 136 141 144 153 157 158 161 163 167 
169 170 174 183 184 186 187 188 192 195 199 
62
8 13 17 20 21 24 28 29 34 35 39 41 
45 52 55 57 59 62 63 66 68 74 86 91 
93 94 96 99 102 108 110 116 119 123 126 132 
134 138 144 149 152 156 158 161 162 164 165 167 
172 177 179 183 184 185 186 187 189 192 195 196 
199 200 
53
1 2 7 8 9 11 14 15 22 25 28 29 
31 32 36 37 45 54 56 58 61 62 71 73 
74 75 82 85 86 88 91 98 100 115 119 121 
124 131 132 149 150 154 157 166 167 171 179 183 
186 190 191 195 197 
56
6 7 8 19 25 26 32 35 40 41 47 49 
52 56 59 64 68 70 80 86 88 90 91 94 
95 98 99 100 109 110 113 118 122 125 126 136 
139 144 149 150 160 164 165 167 173 175 176 178 
183 185 186 187 189 196 197 198 
61
5 12 13 19 20 25 34 35 36 39 45 48 
49 53 55 61 62 64 65 72 77 79 82 83 
86 88 91 92 100 104 110 111 112 113 122 126 
131 135 136 137 144 148 154 155 156 157 159 160 
161 169 173 175 177 179 182 187 189 191 193 198 
199 
60
4 5 7 8 10 13 14 16 19 30 31 39 
40 41 43 47 48 50 52 57 58 67 69 71 
75 76 77 78 83 87 88 98 104 106 113 116 
118 122 123 132 133 134 135 136 138 141 143 147 
148 149 153 163 165 175 181 182 183 185 190 191 
49
1 7 9 10 14 28 30 31 33 37 42 49 
51 52 56 57 63 66 67 69 83 84 85 93 
100 107 108 112 114 119 122 126 128 130 133 136 
138 145 146 159 161 165 171 173 175 187 190 191 
199 
66
10 13 15 17 19 24 25 28 32 34 35 36 
38 39 41 42 43 46 47 50 52 58 59 61 
66 68 72 74 79 81 88 90 101 103 111 114 
116 119 122 126 127 129 133 136 140 144 149 154 
157 158 160 161 163 166 168 170 171 176 177 181 
187 190 192 194 197 198 
55
1 2 7 18 19 24 27 28 29 31 41 43 
48 51 57 59 62 67 68 69 74 80 85 86 
89 92 94 100 101 102 104 105 107 110 112 118 
128 133 136 137 138 140 144 145 146 152 153 157 
165 167 169 175 177 186 188 
50
16 17 26 30 34 36 38 42 46 55 58 60 
61 66 69 84 86 87 92 94 96 99 105 109 
112 113 120 121 125 129 132 133 134 143 144 150 
152 153 155 157 160 162 166 169 170 178 185 188 
192 200 
71
2 3 6 7 15 16 19 30 32 33 38 39 
48 51 55 57 58 60 61 62 63 68 70 71 
72 74 78 79 80 81 82 86 91 93 94 98 
100 101 105 110 112 113 115 123 124 133 138 142 
143 144 147 150 151 155 158 160 162 163 165 167 
168 169 179 181 182 185 192 193 196 198 200 
52
8 9 11 15 16 25 27 32 37 39 42 44 
54 67 70 71 72 75 82 87 88 90 91 103 
107 113 114 118 120 126 135 137 151 155 156 157 
162 164 167 169 171 172 177 178 186 188 190 191 
193 194 197 198 
62
1 2 6 7 8 10 20 22 25 27 28 29 
30 36 38 42 43 48 50 51 54 55 56 59 
65 76 80 85 88 95 96 97 98 99 101 115 
116 119 121 122 123 125 134 141 142 143 147 150 
152 154 158 161 163 164 169 176 178 188 191 192 
194 197 
65
1 4 7 11 13 17 18 24 28 29 31 32 
37 38 43 44 46 47 48 49 51 55 56 57 
59 64 65 72 75 78 79 82 84 88 93 97 
98 99 104 105 109 113 117 121 122 123 124 130 
137 148 149 153 159 161 166 170 171 174 178 180 
181 182 188 190 196 
66
4 7 9 10 13 16 17 19 22 24 27 28 
31 33 35 38 43 44 45 51 52 64 65 66 
72 73 75 83 90 93 95 96 98 100 101 103 
109 112 113 114 117 119 120 122 123 124 125 127 
129 136 140 153 156 159 161 164 165 167 168 171 
176 181 186 189 196 198 
70
2 4 8 9 10 17 19 22 28 30 33 35 
39 41 51 55 58 65 66 71 74 76 77 79 
81 85 89 92 93 95 101 103 104 105 108 111 
121 125 126 128 129 130 131 132 135 136 137 139 
142 144 145 146 157 159 162 169 170 171 172 176 
180 181 184 186 188 191 192 194 197 200 
65
1 4 7 8 10 12 15 16 18 21 23 25 
28 29 30 34 37 42 45 46 52 56 58 62 
65 71 76 78 80 82 83 86 89 90 91 101 
103 114 116 117 118 125 128 129 135 139 140 143 
150 152 162 167 169 174 175 177 185 186 188 189 
191 192 194 195 196 
53
2 6 8 22 23 29 33 34 36 43 50 52 
53 57 64 67 68 85 88 89 90 92 93 97 
99 103 107 113 117 118 120 127 131 134 141 142 
143 144 145 153 154 156 163 165 169 173 176 177 
179 191 192 194 196 
44
4 10 18 20 21 26 29 30 33 56 58 60 
67 68 69 77 81 83 90 92 99 111 120 123 
125 126 133 139 141 142 143 145 148 153 158 159 
163 166 168 171 176 181 184 191 
64
2 5 10 12 13 14 15 16 17 19 24 27 
28 30 34 36 40 45 47 49 52 56 57 62 
65 67 72 74 78 83 84 87 89 90 92 100 
104 110 116 118 119 120 124 126 130 136 139 141 
144 146 148 150 152 155 156 157 158 161 165 169 
170 171 179 184 
61
3 5 7 11 12 13 17 21 22 30 35 36 
37 39 47 48 53 56 64 65 69 71 76 79 
80 82 84 85 87 89 94 100 105 108 109 113 
115 116 118 119 122 126 131 159 163 164 166 168 
171 172 174 176 178 179 180 181 182 188 191 192 
194 
54
2 3 4 13 15 17 20 32 34 41 46 49 
52 55 61 68 75 80 82 85 90 95 96 100 
101 104 105 106 107 111 122 123 126 128 132 134 
137 141 143 147 153 160 168 172 176 177 179 181 
184 190 191 192 196 198 
61
1 2 6 9 10 14 17 26 30 33 35 38 
43 45 46 48 56 58 63 64 67 74 76 78 
80 81 87 89 93 95 99 101 105 111 112 121 
128 129 132 134 137 142 144 151 153 154 155 157 
161 165 168 170 173 174 177 178 185 188 191 197 
200 
53
1 8 24 26 29 33 34 43 51 53 55 61 
63 70 75 78 81 82 83 90 98 101 110 112 
115 125 129 131 135 137 138 139 142 143 144 149 
150 151 154 156 158 164 165 168 170 172 179 183 
184 188 190 191 197 
45
5 8 10 13 15 16 22 27 33 35 47 51 
52 53 54 58 60 66 67 71 77 96 101 108 
110 111 120 122 124 127 129 131 132 134 143 152 
154 160 165 166 174 178 179 191 196 
58
3 12 19 23 32 33 37 40 45 46 50 54 
56 59 73 74 77 78 81 85 87 90 100 101 
103 105 107 111 115 116 118 123 128 129 132 135 
136 138 139 140 144 145 147 148 151 154 161 163 
168 171 173 181 190 192 196 197 199 200 
59
3 11 13 16 19 22 23 25 28 29 38 44 
46 50 52 58 60 68 74 79 80 83 85 86 
91 99 104 105 108 110 113 117 119 125 126 129 
130 134 138 142 146 148 151 152 154 155 158 170 
172 174 178 181 182 186 191 193 195 198 200 
50
5 6 7 10 20 21 22 24 26 28 34 39 
40 47 48 51 54 59 63 68 69 70 75 76 
85 88 97 99 103 105 108 114 118 120 121 127 
133 136 142 143 148 152 164 165 166 169 177 180 
190 191 
62
1 5 6 10 11 17 22 23 34 36 42 44 
47 48 49 51 53 54 55 58 62 67 69 72 
74 75 78 81 90 92 93 99 104 107 108 109 
113 116 119 124 129 139 148 149 152 153 156 167 
170 173 174 175 176 177 181 184 187 190 191 194 
198 199 
63
3 5 8 10 11 12 17 18 20 21 22 23 
25 27 28 33 34 35 41 42 44 45 46 50 
56 60 62 69 71 73 74 82 91 92 93 94 
95 97 107 109 111 129 132 136 138 140 142 148 
149 150 156 159 165 167 175 180 182 183 184 186 
189 190 191 
54
1 3 4 6 8 22 23 30 44 47 51 53 
55 58 62 67 74 76 78 80 83 85 86 93 
94 102 104 107 108 116 120 124 130 132 133 134 
135 137 140 143 144 151 153 154 161 164 166 170 
174 175 176 178 180 197 
61
4 7 8 9 11 17 19 20 24 28 29 33 
35 38 41 43 46 48 49 50 54 55 61 62 
63 65 69 73 74 83 95 96 100 105 114 117 
120 124 125 127 129 132 135 138 145 146 151 153 
154 155 164 166 168 178 180 191 192 194 195 196 
200 
38
1 3 5 7 8 15 20 26 49 62 78 79 
91 99 119 120 121 123 125 126 127 129 130 140 
144 153 154 156 161 163 171 172 181 183 187 195 
198 200 
61
2 3 8 10 11 13 26 29 36 37 49 54 
58 60 61 65 66 71 79 87 88 99 102 103 
104 106 112 114 117 124 128 130 135 137 139 140 
142 143 145 146 148 149 150 151 152 158 161 166 
167 169 172 174 177 178 180 183 184 185 187 197 
198 
54
1 2 5 11 12 17 24 27 33 42 43 45 
47 48 53 55 69 70 73 74 76 83 88 91 
92 106 107 112 113 114 115 117 122 124 126 130 
134 135 141 154 156 160 161 165 167 169 170 172 
173 175 178 179 191 195 
55
3 5 10 12 15 17 20 21 23 25 32 34 
41 45 46 48 49 51 60 67 70 75 76 78 
85 86 88 91 92 93 94 97 103 104 112 118 
124 130 132 133 145 153 155 158 164 167 172 175 
177 178 183 189 193 194 195 
53
1 2 3 15 16 17 23 25 29 32 34 38 
46 48 53 54 70 71 75 76 78 80 84 87 
93 97 98 99 104 108 129 130 133 134 141 143 
148 154 156 157 159 161 164 170 172 173 175 180 
182 185 191 196 200 
53
7 15 19 21 25 29 33 36 40 43 44 49 
52 53 54 60 66 68 69 71 72 79 92 96 
101 104 105 107 113 116 119 120 122 123 125 129 
135 138 140 141 143 145 148 155 159 160 164 171 
176 178 186 195 196 
55
3 5 21 22 24 26 35 37 38 41 45 48 
54 66 67 68 74 77 78 87 93 95 96 97 
100 101 102 103 105 106 108 131 133 138 143 145 
147 148 149 150 157 165 170 177 180 182 186 188 
189 193 194 195 196 199 200 
70
1 8 9 11 15 21 22 23 24 29 38 39 
40 47 49 50 54 58 59 61 63 66 67 68 
73 74 76 77 81 84 86 89 90 97 98 102 
104 108 109 113 115 116 119 121 122 127 128 129 
135 137 139 140 143 144 149 151 152 153 162 166 
167 171 173 176 178 179 180 188 190 199 
62
2 7 8 11 18 22 24 30 31 40 43 45 
48 54 58 60 65 69 70 72 78 79 89 90 
91 94 96 102 103 104 106 107 110 114 116 117 
118 122 124 125 127 129 131 132 137 141 152 154 
156 159 162 164 168 171 172 173 174 188 191 192 
195 199 
57
2 9 12 14 25 34 39 40 41 49 53 59 
62 63 66 76 83 84 86 88 99 102 107 108 
109 114 115 119 121 125 126 131 133 138 145 152 
154 156 158 162 165 166 167 168 169 171 173 174 
176 182 184 186 190 192 193 198 200 
67
1 5 7 8 10 12 13 15 24 25 28 31 
36 37 39 40 41 44 46 51 56 57 62 64 
67 68 69 72 74 77 83 84 88 94 96 108 
110 114 117 123 129 130 131 132 133 136 137 140 
143 144 145 147 149 151 154 157 159 162 163 166 
168 172 179 184 193 195 200 
55
4 5 8 13 15 24 26 33 40 42 47 52 
55 57 65 68 74 79 83 84 86 90 96 97 
99 100 105 108 115 116 121 124 130 133 139 141 
150 153 154 156 157 158 160 163 169 175 176 180 
181 183 188 191 195 196 197 
63
1 2 7 12 15 16 25 29 30 33 36 43 
45 47 48 49 53 54 59 61 62 64 69 70 
71 78 80 83 91 92 93 96 100 104 105 110 
114 115 122 124 125 127 129 131 133 139 141 145 
148 151 156 157 158 159 161 170 176 178 181 187 
188 192 193 
60
2 4 5 6 15 17 19 22 23 31 32 37 
39 40 41 42 45 54 55 57 62 66 69 74 
80 84 85 87 93 95 103 107 109 114 120 123 
128 131 133 134 137 139 140 142 146 150 151 152 
154 155 156 158 160 163 167 169 179 197 199 200 
65
4 5 6 8 14 15 16 17 18 19 21 24 
25 27 29 30 33 35 47 48 49 50 51 52 
53 56 61 66 69 70 76 86 95 101 103 113 
116 123 124 130 136 141 142 145 149 150 151 154 
161 163 164 166 167 169 170 172 173 177 180 181 
183 186 193 197 199 
61
5 13 15 16 24 35 36 37 39 46 52 54 
57 63 65 66 68 70 72 79 80 81 86 93 
95 103 106 108 109 111 112 113 125 126 129 142 
144 146 148 150 151 156 158 160 161 165 166 167 
168 169 170 172 177 180 181 184 187 191 194 196 
200 
55
1 2 3 7 8 10 15 16 18 21 25 27 
37 43 45 49 50 51 56 57 61 64 66 71 
75 80 83 88 89 93 98 112 114 115 119 131 
135 138 140 142 143 144 146 152 154 160 165 167 
169 174 177 178 181 192 194 
71
1 8 9 10 13 17 22 24 27 30 32 33 
38 39 41 42 44 47 48 53 55 59 60 69 
76 79 83 84 85 86 88 91 92 94 100 105 
107 110 113 114 115 116 118 121 122 126 128 129 
130 134 140 144 145 147 150 154 158 161 163 164 
166 167 171 172 174 175 180 192 193 196 198 
62
1 6 10 11 12 14 15 18 20 23 26 30 
31 42 46 49 50 54 55 58 63 64 65 82 
84 87 88 90 92 93 95 97 101 104 116 120 
121 123 128 130 132 133 140 143 144 145 148 154 
157 158 162 168 173 180 181 188 189 195 196 198 
199 200 
57
4 6 7 8 9 12 13 14 16 25 30 33 
36 38 41 45 52 55 56 61 62 63 65 71 
79 80 83 91 92 103 105 106 108 114 128 137 
143 144 147 149 153 156 159 161 163 169 172 173 
178 183 184 188 191 192 198 199 200 
60
3 5 7 10 13 22 23 25 26 28 31 38 
41 42 43 47 49 52 56 58 61 62 65 67 
70 73 74 77 78 86 89 94 100 101 115 116 
117 125 129 132 136 141 149 151 152 153 156 157 
158 168 170 174 175 176 177 186 187 191 196 199 
67
2 3 4 9 14 15 17 19 22 23 24 27 
33 34 37 43 44 46 50 51 52 54 55 61 
62 63 75 76 83 84 86 90 91 92 93 94 
95 98 101 103 105 110 112 118 123 127 130 131 
136 137 142 144 145 146 151 154 156 160 161 162 
168 172 177 189 190 191 193 
73
4 5 10 14 24 26 27 29 35 37 39 41 
49 51 54 55 58 62 64 65 70 75 78 79 
82 84 85 91 92 95 96 99 100 101 103 104 
105 110 113 116 118 119 124 127 129 130 132 133 
135 136 138 141 147 155 157 160 162 166 170 173 
176 177 179 180 184 185 186 187 189 193 194 195 
199 
58
1 4 6 12 13 17 22 23 25 37 39 41 
50 55 56 57 65 66 70 71 74 75 82 83 
84 87 88 91 95 97 100 103 105 113 120 123 
124 125 136 139 142 144 145 159 161 162 163 166 
170 171 177 181 189 190 193 196 198 200 
65
5 8 11 13 15 17 21 26 27 30 37 40 
42 44 45 47 51 52 54 56 57 58 59 63 
65 71 73 81 84 85 88 91 92 98 100 101 
102 104 105 108 109 111 114 118 121 122 132 133 
135 136 148 164 165 167 168 174 175 176 178 180 
185 194 196 199 200 
70
3 8 12 14 17 20 23 25 26 27 28 31 
39 41 42 43 45 54 55 58 60 61 62 63 
65 74 80 84 85 87 92 95 98 104 105 106 
107 109 111 114 116 118 124 126 131 133 137 138 
141 147 148 149 155 157 158 160 165 169 172 173 
175 178 180 186 187 189 191 194 195 198 
53
2 12 14 18 20 22 26 34 40 43 53 55 
62 68 73 74 81 86 94 95 104 108 111 113 
120 121 126 127 130 137 145 147 149 156 163 165 
166 169 170 174 175 176 178 179 184 187 188 189 
190 191 193 198 200 
57
1 3 6 8 11 19 29 30 33 40 42 47 
50 54 59 61 62 64 65 66 70 73 75 77 
84 91 92 96 97 100 102 104 107 111 113 115 
118 122 124 128 130 136 140 143 149 154 155 158 
163 164 165 170 176 182 192 193 195 
48
3 13 18 20 29 30 35 37 38 41 43 46 
48 49 51 55 56 57 58 59 63 70 73 84 
92 98 100 102 109 122 123 136 138 140 144 145 
160 165 166 173 176 178 184 186 190 193 198 200 
50
7 9 10 13 18 20 22 24 26 28 30 34 
41 43 49 52 58 61 62 64 65 66 76 84 
85 87 90 95 100 105 107 113 117 122 128 133 
135 138 141 144 150 151 152 154 157 165 170 175 
183 185 
50
4 7 11 16 20 31 43 54 67 68 69 70 
72 73 75 79 87 90 91 97 109 112 113 114 
115 118 122 124 128 134 135 136 138 144 146 147 
149 150 151 152 154 155 159 160 170 173 178 185 
191 195 
68
2 3 5 7 8 12 15 17 19 20 22 23 
24 28 29 30 32 36 44 45 46 47 48 50 
51 54 57 63 65 67 69 71 74 77 83 86 
94 95 103 109 113 120 122 123 126 127 128 129 
142 144 148 149 152 155 156 159 163 166 169 173 
177 178 184 189 190 192 196 200 
67
2 6 12 17 23 29 32 34 37 47 49 53 
54 56 57 58 60 61 63 64 65 75 77 79 
83 89 92 93 99 104 105 106 107 109 110 115 
119 124 125 126 127 131 132 135 136 138 140 141 
148 149 150 151 152 156 165 167 168 171 173 174 
176 185 189 191 193 197 198 
70
4 5 7 8 10 13 15 17 18 19 22 32 
34 35 36 39 40 44 45 48 50 52 53 54 
55 58 62 66 68 69 70 73 81 85 96 99 
100 105 106 108 111 115 116 117 118 122 125 127 
129 130 133 141 142 145 146 150 151 152 155 160 
162 163 164 166 167 170 176 183 184 199 
60
5 7 9 10 12 13 16 23 24 31 33 36 
41 43 44 48 50 51 57 60 63 70 72 84 
90 92 94 103 104 106 107 108 117 120 121 128 
131 135 140 142 143 144 148 150 151 152 160 163 
165 172 173 174 175 177 187 188 189 190 194 196 
65
2 7 16 22 28 30 33 37 40 45 50 51 
52 53 57 61 67 71 72 75 78 79 80 91 
94 95 99 102 104 106 112 117 118 119 125 127 
129 131 133 138 140 144 145 146 147 148 149 150 
151 154 155 160 162 170 172 174 176 178 182 186 
187 188 192 197 199 
57
1 2 4 6 7 8 9 10 26 27 30 31 
34 35 38 41 43 46 49 53 58 61 69 77 
79 82 92 94 95 97 98 103 109 112 113 114 
121 122 127 128 133 134 140 143 148 149 150 154 
156 160 167 173 187 190 191 192 195 
60
7 10 13 15 17 18 21 25 32 36 37 39 
44 50 55 56 57 58 60 61 62 63 65 66 
67 70 71 73 78 85 90 92 93 94 101 104 
105 106 110 113 114 120 122 125 140 141 143 145 
146 147 148 159 165 168 173 174 177 190 194 199 
61
2 6 10 15 16 18 20 27 28 30 37 43 
45 49 50 54 56 57 58 61 62 64 66 69 
71 75 79 86 87 89 90 93 99 103 104 113 
119 120 122 123 124 127 132 134 138 139 143 144 
145 146 147 153 171 172 175 176 186 188 190 192 
198 
55
1 3 10 12 16 17 21 23 25 33 37 39 
40 41 43 45 50 51 52 56 58 61 62 63 
64 78 81 83 89 94 103 111 113 118 123 125 
126 130 133 136 141 148 154 157 160 162 166 170 
174 175 180 187 188 191 195 
69
1 2 6 8 10 13 20 26 28 29 31 35 
39 40 41 44 49 51 53 54 59 63 65 70 
71 77 78 79 81 82 85 86 90 91 95 97 
101 102 103 105 107 112 119 122 123 126 127 131 
133 134 137 144 145 147 158 160 163 165 170 174 
175 179 180 183 184 186 187 189 190 
67
2 4 5 6 7 10 14 15 18 20 21 23 
27 37 40 42 45 46 47 55 57 61 67 68 
73 74 77 79 80 82 90 93 94 95 98 106 
108 110 111 115 123 127 130 131 133 140 142 143 
144 145 150 152 161 162 164 165 167 169 178 179 
180 183 191 194 195 196 199 
72
6 7 8 9 12 19 20 23 27 30 33 34 
37 41 42 43 44 46 47 49 51 54 56 59 
60 63 68 69 70 71 75 78 80 81 89 99 
100 101 102 110 111 114 119 121 122 124 125 127 
128 136 143 146 149 151 152 154 155 160 161 167 
168 174 179 184 185 186 189 190 193 194 195 198 
57
3 7 9 10 14 15 16 22 25 33 36 38 
48 58 60 66 72 73 74 75 81 88 90 91 
92 93 95 99 102 104 107 112 118 123 127 132 
133 137 139 140 141 152 153 160 161 164 168 170 
173 174 177 181 184 185 188 190 195 
53
3 7 9 11 12 14 15 16 17 18 19 20 
25 33 34 38 46 53 61 62 64 69 76 90 
98 108 115 117 118 119 123 128 132 136 138 139 
144 147 148 151 153 155 159 169 177 179 184 185 
188 190 191 196 199 
54
1 6 9 11 12 14 15 16 20 23 31 32 
34 36 38 43 47 50 55 60 65 66 68 72 
78 87 89 91 96 100 107 120 122 129 130 132 
135 138 143 148 152 155 158 159 164 165 166 171 
179 184 185 190 196 199 
64
2 8 9 10 12 15 16 18 24 25 35 37 
38 41 44 50 53 54 55 56 63 65 69 74 
76 78 79 81 85 89 91 95 100 101 103 105 
110 112 115 116 127 130 134 139 141 142 143 161 
168 171 172 174 176 178 181 189 191 192 193 194 
195 196 197 199 
59
2 9 11 15 25 26 28 29 31 37 38 39 
41 52 53 55 63 67 68 69 73 75 76 80 
82 83 84 85 86 92 93 94 99 101 108 109 
110 113 118 119 121 122 125 145 146 150 154 155 
158 166 168 172 174 181 183 185 188 192 195 
58
2 3 6 7 12 13 16 17 20 22 25 33 
34 37 42 49 53 54 55 63 64 68 73 76 
78 81 86 95 100 101 102 106 109 111 118 125 
130 132 149 151 156 158 159 160 161 162 165 169 
174 176 179 185 190 191 194 195 199 200 
62
1 3 7 9 10 20 21 24 34 35 43 45 
48 54 55 58 62 67 73 77 78 80 81 82 
83 89 94 96 98 99 101 105 109 111 115 118 
119 124 132 135 138 140 142 143 145 151 153 154 
162 163 171 172 174 176 178 180 186 190 191 192 
193 198 
75
2 3 7 8 9 10 11 14 15 17 20 21 
25 30 31 33 41 49 51 52 54 58 59 65 
67 68 72 74 75 76 81 82 83 85 88 94 
95 98 101 102 103 105 109 113 115 122 125 127 
130 132 133 135 136 137 140 142 146 150 153 154 
155 158 160 161 168 169 170 174 175 189 190 193 
196 197 200 
55
5 7 11 14 18 23 26 27 28 33 41 49 
59 61 67 69 71 78 81 85 87 88 96 99 
101 102 104 107 110 115 117 122 128 129 130 139 
149 151 152 154 156 161 162 168 169 173 174 176 
177 178 182 189 191 193 196 
63
1 7 12 18 22 30 31 36 39 41 45 48 
49 50 55 60 61 67 68 70 71 73 74 77 
78 82 88 89 90 100 101 105 111 114 115 118 
123 126 130 134 135 140 144 148 150 151 152 153 
155 162 163 164 169 170 171 172 174 177 182 184 
187 193 195 
49
5 7 11 14 17 20 30 41 42 44 49 55 
56 58 62 63 69 73 83 86 90 91 92 94 
101 102 105 106 109 113 118 120 124 126 130 140 
142 151 153 157 161 167 171 178 181 186 192 197 
199 
60
2 3 5 12 21 28 31 33 34 36 37 38 
42 43 46 57 60 61 62 65 67 69 74 75 
76 77 80 84 86 87 90 100 111 116 117 118 
119 121 123 126 130 133 138 140 145 148 150 151 
156 158 161 162 174 178 179 180 189 190 192 200 
66
1 6 7 9 13 16 22 23 27 30 32 33 
34 37 44 45 52 59 60 61 69 70 71 75 
76 85 86 88 95 98 99 104 105 106 109 111 
112 114 117 119 124 127 129 135 143 144 145 147 
151 154 158 159 162 163 165 166 172 175 178 179 
186 187 193 194 198 199 
62
5 7 10 15 17 18 24 27 28 31 37 40 
44 49 53 55 60 61 64 66 67 70 76 78 
82 85 86 88 93 95 98 99 100 110 111 112 
119 120 121 124 127 129 131 136 146 149 150 151 
161 166 169 171 180 185 187 189 191 192 194 195 
197 200 
69
1 2 3 5 9 10 12 13 16 18 19 23 
24 27 32 35 37 39 44 47 53 57 58 62 
66 67 69 71 79 81 90 92 98 100 104 105 
109 111 118 121 122 124 125 126 129 135 140 143 
146 149 151 155 156 161 162 164 165 166 167 170 
176 177 184 186 188 191 193 194 196 
61
2 4 5 12 19 24 27 29 32 38 47 50 
55 56 60 61 62 64 70 74 80 88 89 90 
91 93 95 97 98 100 103 107 109 111 114 122 
130 131 134 138 140 148 150 155 157 160 163 169 
171 175 176 178 179 180 182 185 188 193 194 196 
200 
68
1 2 3 8 11 12 14 17 21 23 24 25 
27 28 31 35 40 44 45 47 59 62 65 70 
72 73 75 76 79 81 83 86 87 88 92 95 
96 101 103 104 105 106 108 111 114 117 120 124 
130 131 132 134 135 142 146 149 153 161 163 169 
175 181 185 188 193 194 197 199 
64
2 3 4 5 12 22 23 24 25 26 33 37 
38 39 41 42 43 49 54 56 60 66 70 73 
75 78 83 88 89 94 96 97 98 100 103 104 
109 112 113 114 117 120 122 123 128 129 131 143 
144 147 151 154 157 162 163 165 167 170 173 178 
181 185 191 192 
58
2 3 5 7 14 17 18 25 32 35 37 41 
42 44 47 50 51 53 56 60 67 74 76 83 
99 100 107 110 111 116 118 120 125 127 130 131 
134 146 147 161 164 165 168 169 170 171 180 181 
183 184 186 187 188 189 191 194 195 197 
70
2 3 5 8 10 19 21 22 27 29 30 31 
32 34 37 41 43 44 46 47 49 52 54 55 
56 66 69 70 72 74 76 80 81 83 87 89 
103 104 112 113 116 118 120 123 125 126 128 129 
130 136 138 139 141 143 145 150 153 155 156 158 
160 163 168 186 191 192 193 195 198 199 
73
3 6 9 11 12 15 18 22 29 30 33 38 
40 42 43 46 48 51 57 61 63 65 68 70 
73 74 80 81 89 93 95 96 99 100 103 105 
106 108 112 115 122 123 127 131 133 134 135 137 
138 141 142 148 149 150 153 154 155 160 161 162 
163 164 169 171 172 180 183 185 187 188 192 197 
199 
50
3 4 7 9 14 17 24 25 32 37 38 43 
44 46 47 48 50 51 54 55 57 60 69 73 
75 85 89 91 92 103 105 108 112 113 116 134 
138 142 145 148 155 167 168 169 171 177 181 183 
186 189 
52
3 9 10 12 15 19 20 31 34 41 42 44 
49 52 55 58 66 67 69 72 73 76 93 94 
105 114 115 119 125 126 133 134 136 139 144 146 
150 151 158 160 161 163 176 182 185 186 189 193 
196 197 198 199 
47
2 8 10 17 19 22 25 27 37 41 48 50 
53 54 60 69 76 82 83 92 98 100 102 103 
104 111 113 120 129 133 135 139 144 145 146 153 
161 162 163 169 171 177 185 186 195 196 198 
66
1 3 4 8 11 12 13 17 26 27 31 32 
34 37 39 51 54 56 59 61 62 65 67 70 
75 76 82 84 86 94 95 104 112 116 122 124 
129 132 139 140 143 144 146 153 157 160 161 162 
163 165 167 168 169 170 173 174 175 177 180 181 
184 185 186 188 194 199 
56
3 7 12 17 26 27 30 39 44 45 46 53 
54 55 56 67 71 73 77 84 85 87 88 89 
95 99 104 105 109 110 112 113 117 119 133 134 
138 144 147 149 151 157 158 159 161 164 169 170 
173 174 175 176 178 183 184 187 
66
2 3 6 9 12 14 20 21 23 25 30 31 
32 34 35 40 43 46 66 67 70 77 78 88 
89 91 92 94 96 98 102 104 106 107 112 116 
118 119 122 124 127 131 132 135 136 137 139 140 
146 147 148 150 153 155 156 163 166 169 170 175 
180 182 184 186 187 188 
58
3 5 7 8 12 19 21 29 36 37 40 45 
49 52 53 58 59 60 62 71 72 74 80 82 
94 97 101 102 104 107 111 121 122 123 126 131 
133 136 141 143 146 153 157 166 168 169 177 180 
181 185 187 188 189 190 192 196 197 198 
65
3 6 8 10 15 16 17 18 19 27 36 39 
41 46 47 48 49 56 58 61 62 65 66 67 
69 70 75 77 78 81 86 87 94 96 99 100 
101 103 104 108 114 115 121 122 124 125 127 130 
132 133 138 142 143 147 152 156 158 161 171 180 
181 185 189 191 193 
67
1 2 4 7 9 12 15 21 22 28 35 36 
38 39 42 48 50 53 54 55 56 58 61 62 
65 69 70 71 72 80 85 87 92 96 97 102 
103 104 107 112 118 120 121 122 124 135 137 138 
139 140 141 143 145 146 155 162 169 174 180 182 
183 185 187 188 189 190 198 
57
8 16 19 20 21 23 24 25 31 32 42 43 
44 52 53 54 59 61 63 74 75 78 82 83 
84 87 90 95 97 100 103 111 114 117 122 123 
124 125 126 128 129 132 133 140 142 143 147 148 
159 160 166 169 170 177 181 189 196 
62
2 3 8 11 13 16 17 19 20 24 30 31 
38 39 40 42 43 50 54 55 58 62 63 64 
69 70 73 75 76 77 88 89 92 94 95 98 
99 101 103 116 124 125 126 137 139 141 146 149 
150 160 161 167 169 171 173 176 177 183 187 195 
197 199 
68
4 5 6 11 12 14 16 22 23 28 30 32 
38 49 51 53 54 57 58 66 68 70 73 75 
84 85 87 88 91 94 95 99 104 107 111 114 
117 120 122 124 125 127 128 137 140 142 145 147 
148 150 151 152 154 155 157 159 160 161 165 171 
174 175 184 188 191 192 194 197 
54
1 6 13 15 17 23 24 25 37 38 41 42 
47 57 58 66 68 69 70 76 81 84 86 93 
94 100 102 103 105 109 111 113 117 118 125 131 
137 138 139 141 144 146 149 151 154 156 162 163 
174 176 180 191 192 198 
61
2 3 4 6 8 10 12 15 16 18 21 22 
24 29 38 40 44 46 49 51 59 60 67 69 
70 72 79 81 83 86 90 92 93 94 96 100 
101 107 108 110 112 124 125 126 127 130 131 137 
142 147 148 151 152 156 169 179 186 189 190 196 
199 
69
2 10 15 18 19 20 26 29 31 33 39 40 
42 49 53 54 57 58 59 60 64 66 67 68 
70 78 79 83 90 96 101 103 104 106 108 112 
120 122 124 126 128 130 134 135 137 138 142 143 
144 148 149 151 153 154 155 157 159 160 161 164 
165 171 172 176 180 183 184 189 198 
62
4 5 8 9 11 12 18 20 24 26 27 28 
31 36 40 42 43 44 50 57 58 66 73 74 
75 78 79 81 87 92 104 106 110 113 114 115 
118 121 125 126 128 132 140 145 147 148 149 151 
152 153 163 165 172 173 179 180 185 190 191 194 
196 198 
52
5 7 11 14 18 33 39 41 42 45 49 50 
56 64 68 70 73 76 81 83 84 85 86 88 
94 95 101 103 104 113 114 119 120 124 125 130 
132 133 138 139 142 143 148 154 159 167 179 180 
182 187 193 195 
50
7 9 11 21 37 39 41 48 60 61 63 67 
69 70 72 75 76 78 80 82 83 85 87 93 
96 101 108 112 118 121 122 130 132 136 140 144 
146 152 156 161 163 169 174 181 182 184 191 192 
197 198 
55
1 2 4 6 10 19 21 27 37 39 45 53 
66 69 71 73 74 76 88 91 93 96 100 102 
105 113 114 116 119 123 124 131 134 135 139 146 
147 153 154 161 162 163 167 169 170 172 175 179 
180 190 194 195 197 198 199 
53
2 4 7 11 15 16 18 21 24 25 27 38 
41 46 55 60 62 67 69 77 79 80 84 89 
94 111 112 113 120 121 122 124 135 141 146 153 
155 156 158 159 166 169 173 175 176 178 183 185 
187 188 189 196 200 
62
1 5 6 7 9 13 14 15 16 17 19 21 
25 30 36 39 42 43 48 49 52 56 62 63 
65 67 69 72 75 76 77 93 95 96 98 100 
101 102 108 117 118 129 134 137 138 144 147 148 
152 158 162 163 164 165 166 167 171 179 185 188 
193 198 
66
3 11 13 14 16 18 19 21 24 25 40 42 
44 45 46 47 50 51 60 64 65 67 69 70 
72 75 76 78 79 89 92 94 95 99 100 102 
103 104 105 106 107 111 116 118 127 131 143 145 
147 150 153 155 156 158 161 162 166 168 170 171 
175 186 189 192 198 200 
59
1 10 12 15 16 20 21 25 28 29 30 38 
45 47 48 51 54 58 60 64 66 67 68 74 
93 94 95 96 100 102 103 112 113 114 115 119 
120 124 136 138 142 145 149 152 154 155 156 157 
159 161 166 169 171 182 184 185 187 195 197 
54
3 12 17 19 20 29 34 37 38 40 49 51 
53 58 61 62 63 70 73 74 75 76 80 81 
82 88 90 91 93 94 101 102 104 111 113 120 
123 128 131 134 139 146 148 153 161 163 174 176 
190 191 192 194 197 200 
67
3 7 9 12 13 17 20 21 31 33 35 36 
38 39 40 41 43 45 58 61 63 65 67 73 
81 84 85 86 93 94 95 101 109 110 112 116 
117 119 120 127 128 129 131 138 141 142 143 144 
153 158 163 170 172 173 174 180 181 182 186 187 
190 191 193 194 195 196 200 
54
4 13 23 26 29 34 41 44 46 48 50 57 
59 60 62 63 74 75 78 82 84 94 95 100 
105 109 112 117 120 122 125 126 130 135 138 140 
144 145 146 147 148 152 160 167 170 175 176 177 
179 181 182 194 197 200 
59
4 14 17 20 21 22 23 25 30 33 34 36 
37 38 41 42 45 46 53 54 58 60 61 64 
66 68 71 73 75 76 83 84 86 97 102 104 
108 113 115 118 119 121 122 124 125 128 132 133 
135 142 144 147 155 163 174 181 184 189 200 
64
7 8 9 11 12 22 25 30 31 32 37 45 
46 47 50 54 55 56 58 61 68 69 72 75 
76 79 84 90 91 94 96 97 98 108 109 113 
118 122 125 133 135 136 138 140 141 148 155 162 
164 165 166 169 170 172 173 176 178 184 187 190 
193 194 195 197 
56
10 11 17 18 19 20 30 35 39 41 52 55 
57 58 60 61 65 66 67 70 71 76 79 81 
87 89 90 91 92 105 107 110 116 118 119 122 
125 128 132 136 138 141 142 143 150 151 156 164 
165 171 174 182 184 188 193 198 
48
3 11 22 31 34 41 43 48 50 56 61 66 
77 78 79 81 84 86 88 89 90 98 112 116 
118 123 129 131 133 135 136 138 141 143 146 148 
150 157 159 169 173 177 178 180 182 183 184 189 
72
5 7 8 11 14 15 16 17 22 24 25 27 
29 30 31 35 37 40 41 43 47 51 58 62 
67 70 75 77 79 83 85 86 89 92 102 103 
105 107 110 111 112 113 115 117 118 119 123 124 
125 128 129 132 137 138 139 140 147 152 153 160 
164 173 177 178 179 181 184 186 187 188 196 197 
52
5 8 10 19 25 26 28 29 31 32 39 50 
51 58 61 62 72 74 77 85 86 97 98 102 
103 105 111 115 116 117 118 120 123 126 127 132 
139 140 142 147 152 158 167 171 175 180 181 189 
190 191 197 200 
61
2 4 9 11 16 17 18 23 24 31 35 42 
43 46 49 54 58 59 60 64 65 68 70 74 
76 79 81 85 87 88 91 95 96 97 100 103 
106 107 108 113 115 117 125 127 128 143 152 154 
157 159 162 167 169 182 183 184 186 188 191 199 
200 
55
1 2 3 10 11 13 22 29 30 31 32 33 
36 37 44 48 51 56 60 61 74 80 84 86 
89 98 103 105 107 108 110 113 121 123 126 128 
133 134 135 137 140 144 150 151 162 168 175 179 
182 187 190 192 193 194 199 
54
3 7 11 12 15 18 21 23 24 25 28 29 
30 31 33 34 35 36 39 47 50 55 63 71 
72 73 79 80 86 89 90 94 95 96 100 106 
107 108 109 111 112 119 128 131 145 151 154 163 
165 168 180 185 195 198 
59
2 3 4 5 8 9 17 19 26 33 37 38 
42 43 44 45 47 49 51 54 56 58 60 62 
65 67 70 77 97 98 100 101 108 114 115 116 
124 125 127 134 136 141 143 146 148 154 157 161 
162 163 171 172 180 182 183 185 197 198 200 
57
1 6 11 13 17 18 19 24 28 30 36 39 
41 42 45 46 49 52 53 56 58 65 66 68 
74 78 85 88 92 93 95 99 103 107 112 116 
119 132 133 134 143 146 148 151 155 157 166 168 
178 182 190 191 192 197 198 199 200 
55
4 6 17 19 25 26 32 37 38 39 49 50 
53 54 58 61 62 66 67 71 72 73 76 87 
88 95 99 101 104 105 114 118 120 126 132 133 
143 146 160 161 162 163 168 169 170 171 174 176 
179 180 181 191 195 197 200 
58
2 4 5 17 20 21 22 24 28 32 35 37 
38 41 42 43 45 48 51 59 66 67 73 76 
79 80 81 83 85 93 94 98 101 114 119 121 
124 126 129 132 144 145 147 149 150 152 153 158 
161 163 167 171 178 181 182 184 186 196 
63
4 8 12 14 17 18 23 26 28 34 37 41 
42 46 48 49 53 54 60 64 72 75 77 82 
85 86 91 92 94 97 99 106 108 109 110 111 
115 116 118 120 121 122 126 129 132 134 145 149 
152 153 154 157 160 162 164 167 169 171 176 178 
179 181 199 
69
5 8 11 12 19 20 21 23 25 27 30 34 
42 43 45 50 51 52 54 55 60 65 67 69 
71 72 73 75 77 78 83 85 87 92 95 99 
110 112 113 119 122 123 125 129 130 141 142 143 
144 147 149 153 156 158 163 165 167 182 183 188 
189 190 191 192 194 196 197 198 199 
66
2 3 5 7 9 11 12 14 16 19 24 25 
29 36 41 44 45 49 50 51 52 53 58 60 
61 66 69 71 72 78 80 82 84 86 88 89 
91 92 97 107 113 118 119 122 125 128 129 138 
139 143 145 146 147 151 155 156 162 165 168 169 
172 178 184 193 196 197 
60
1 2 3 11 18 20 25 29 34 35 38 41 
43 48 49 50 54 55 59 61 73 84 87 94 
101 102 103 104 106 108 109 113 115 118 124 128 
129 132 134 135 136 137 140 144 158 159 161 162 
173 174 176 178 180 182 184 186 188 189 195 196 
55
2 8 13 21 23 24 27 31 35 43 45 49 
53 54 55 65 66 67 70 77 79 80 81 83 
102 104 107 110 115 116 118 126 127 129 138 141 
144 147 157 159 160 162 168 169 170 174 177 179 
182 183 184 188 197 198 200 
55
5 6 10 16 19 24 28 29 32 35 40 42 
45 48 49 51 54 58 67 68 69 71 78 82 
83 88 90 91 92 94 99 100 102 105 112 114 
117 123 134 139 143 153 157 160 161 165 169 170 
173 174 176 190 195 196 199 
63
8 15 17 26 27 28 32 36 39 42 45 46 
52 55 57 58 60 61 62 64 65 68 72 73 
75 77 80 81 83 84 85 87 90 93 97 103 
104 106 109 110 111 117 127 130 131 136 137 141 
149 151 152 160 163 165 168 169 174 178 181 189 
191 198 199 
60
2 5 6 12 18 21 23 26 39 41 43 44 
51 52 61 62 65 68 72 73 75 76 77 78 
83 95 97 99 105 110 113 114 116 122 125 126 
131 132 135 136 137 140 141 144 145 146 150 153 
154 155 157 158 169 170 171 173 175 186 196 200 
67
3 4 5 6 14 20 21 22 27 28 32 35 
36 42 44 47 54 62 63 64 67 68 69 71 
73 74 79 81 83 84 86 89 94 95 99 101 
103 106 112 114 119 121 122 123 126 127 132 133 
135 138 142 146 149 152 154 174 176 179 180 182 
183 186 188 190 194 196 200 
56
9 11 18 19 21 28 30 32 37 39 45 46 
49 51 54 57 60 62 63 67 69 75 79 84 
86 88 89 93 95 96 98 103 105 107 124 127 
131 132 140 144 149 156 164 165 168 172 173 175 
177 180 182 184 186 193 194 197 
59
1 2 5 6 8 11 17 20 21 26 29 31 
33 35 40 41 44 45 47 61 62 65 67 68 
69 73 75 78 80 85 87 88 90 95 96 99 
100 103 106 109 118 120 126 127 132 139 142 144 
147 150 155 156 162 164 165 174 176 192 200 
55
12 15 18 19 23 30 31 33 36 37 40 41 
48 50 65 66 71 74 77 79 80 81 82 85 
89 92 95 108 110 111 115 117 119 121 126 127 
129 133 140 143 145 146 151 156 157 162 163 165 
169 171 174 179 181 184 200 
58
1 2 3 4 6 15 20 21 23 26 29 32 
41 44 50 51 54 59 60 62 66 67 70 71 
73 78 79 83 84 92 93 94 100 102 116 119 
122 123 124 130 138 145 148 149 150 152 163 164 
167 170 175 177 181 185 190 194 196 197 
51
1 2 6 14 15 19 20 27 37 38 41 42 
50 52 53 55 61 62 67 69 74 75 79 82 
84 94 96 103 109 111 112 117 118 119 121 144 
145 146 148 149 154 156 157 161 164 183 185 188 
189 196 200 
52
4 8 9 13 20 21 28 29 43 53 55 64 
69 74 76 78 80 84 85 88 91 92 97 101 
106 107 111 121 126 127 130 132 140 141 144 145 
146 147 154 158 160 161 162 164 168 172 175 181 
186 189 191 197 
48
1 2 12 15 18 23 25 26 28 35 38 44 
46 59 61 64 65 67 73 75 88 91 107 109 
111 115 121 126 127 130 138 139 142 143 144 146 
147 151 162 164 165 167 168 172 180 193 195 198 
61
1 8 9 10 11 18 20 28 31 32 34 37 
38 50 64 67 71 76 83 90 93 94 95 96 
99 100 102 105 107 109 110 112 114 115 116 117 
121 125 130 134 135 136 145 146 149 150 151 154 
155 156 157 164 165 171 176 181 182 184 187 188 
199 
46
9 14 18 21 24 27 34 35 43 47 50 61 
69 81 85 92 101 104 109 112 117 125 134 140 
145 146 149 151 152 157 159 161 164 170 173 174 
175 177 178 179 184 186 187 194 195 198 
49
1 4 9 11 15 22 25 30 36 45 48 51 
54 55 75 79 80 81 85 94 96 98 100 105 
108 120 122 124 129 135 138 139 151 152 153 158 
159 160 172 173 175 177 180 185 186 187 190 191 
192 
53
2 16 18 24 28 31 32 36 38 39 44 46 
53 55 58 60 63 66 69 72 77 83 93 97 
98 99 101 103 117 118 121 126 131 132 141 144 
157 160 163 167 168 169 171 176 177 179 183 184 
188 189 190 192 196 
79
6 7 10 16 20 21 23 24 25 26 27 29 
33 35 44 50 52 54 57 60 61 65 66 67 
69 71 72 76 77 78 80 85 86 87 88 91 
96 102 104 105 109 113 114 115 116 118 122 127 
129 132 134 135 143 148 152 155 156 159 160 161 
162 163 164 167 170 172 173 174 176 182 183 185 
189 191 192 196 197 198 199 
54
3 6 15 18 20 22 25 26 30 33 35 39 
42 44 59 60 61 63 68 72 74 83 86 88 
89 101 103 104 108 111 112 125 130 131 134 141 
143 144 147 148 149 154 162 164 169 170 176 180 
188 189 190 193 195 198 
54
3 4 7 8 10 15 16 19 24 27 35 40 
41 44 53 58 74 78 79 80 83 92 93 100 
104 105 109 110 111 112 122 124 126 130 131 135 
136 137 138 150 161 162 173 175 181 183 184 186 
190 191 193 195 196 199 
56
1 2 9 15 16 19 27 28 30 40 41 48 
49 51 54 59 61 63 68 76 77 81 85 90 
92 93 95 96 102 107 108 114 117 120 124 125 
129 137 141 143 148 150 151 155 158 168 174 178 
179 180 190 191 192 196 197 199 
60
4 6 10 11 17 18 22 25 28 29 33 39 
41 42 43 48 49 57 64 65 68 70 72 73 
83 87 93 97 105 113 117 121 125 126 127 133 
134 135 136 140 143 147 148 150 151 152 153 156 
159 164 166 170 174 177 179 181 182 188 195 199 
59
2 6 7 11 12 13 16 19 24 26 27 31 
34 35 40 42 52 58 61 62 65 76 84 87 
89 92 96 104 108 111 113 114 117 119 127 132 
133 136 137 139 140 142 148 149 150 153 161 163 
166 167 168 170 178 187 195 196 198 199 200 
51
4 11 12 14 15 16 17 20 24 28 29 31 
36 37 40 44 46 49 55 60 71 83 86 95 
99 104 107 118 120 121 122 124 125 128 133 137 
139 141 142 143 147 148 149 153 161 168 174 186 
192 193 200 
58
1 3 9 15 20 28 38 40 41 46 49 52 
53 54 57 59 61 64 65 69 70 71 74 76 
77 81 86 92 93 96 104 107 114 116 117 118 
120 130 131 136 138 140 142 147 149 154 156 161 
162 167 168 174 175 177 178 185 192 194 
57
3 7 10 15 17 22 25 31 33 35 42 46 
53 58 64 65 66 71 72 75 78 79 83 86 
89 94 96 97 100 106 109 116 120 122 124 126 
130 131 133 134 137 148 150 151 153 160 161 166 
171 177 180 186 189 191 192 193 194 
53
7 15 18 20 24 28 29 30 34 35 38 42 
49 55 64 65 69 72 78 82 84 87 89 92 
94 96 103 106 107 111 113 115 121 127 128 129 
132 149 150 156 157 158 159 162 167 168 175 183 
188 192 197 198 199 
66
1 4 7 13 14 15 16 18 22 23 27 30 
34 40 45 53 55 59 61 62 63 67 72 74 
75 77 81 82 87 90 96 97 108 115 116 117 
119 122 127 131 137 138 141 143 144 147 148 151 
156 158 159 160 161 162 165 166 167 171 174 180 
185 190 191 196 197 200 
60
4 5 17 20 21 25 27 28 29 41 48 50 
53 55 57 64 65 68 70 73 74 75 76 78 
92 100 105 106 107 108 109 114 115 116 118 121 
129 131 132 133 138 140 147 148 152 154 155 161 
164 171 173 177 181 184 185 188 191 197 198 200 
48
5 7 11 12 22 31 37 38 39 41 44 56 
64 65 73 80 82 83 87 88 92 94 95 97 
104 106 107 114 119 122 123 124 125 128 136 137 
138 143 159 163 166 168 172 174 175 186 187 192 
61
2 8 10 11 12 19 20 25 34 38 39 42 
43 45 49 50 62 64 66 77 87 89 90 92 
93 94 95 96 98 101 103 104 110 114 116 118 
119 121 124 125 132 136 137 146 148 149 152 153 
157 164 165 170 171 173 185 190 192 194 197 198 
200 
54
10 11 12 16 18 22 23 24 31 34 35 36 
42 44 46 47 50 57 59 69 71 72 73 76 
82 84 93 94 96 100 103 106 113 117 120 126 
133 135 139 144 146 148 153 159 171 172 177 180 
187 191 192 195 196 197 
67
6 7 9 14 16 22 26 27 31 32 37 38 
47 53 60 61 62 69 70 71 72 73 78 85 
86 94 95 96 101 103 104 106 107 109 110 112 
118 119 121 129 131 133 137 143 145 152 153 155 
156 157 158 160 163 165 166 171 172 182 183 184 
185 186 192 195 196 198 200 
69
2 8 12 14 16 31 33 39 41 45 49 51 
52 53 54 55 56 61 62 64 68 69 70 71 
74 76 81 84 86 89 90 92 104 106 108 110 
111 113 120 122 124 128 129 136 138 139 142 144 
153 154 158 165 166 168 171 173 176 177 178 180 
183 184 186 187 188 189 191 196 198 
60
4 6 11 13 14 15 16 19 20 21 24 25 
28 34 37 39 44 48 52 53 59 66 70 71 
74 75 77 80 81 82 88 93 94 107 110 111 
113 114 117 119 122 131 134 135 136 138 143 146 
149 152 162 167 168 173 176 182 188 190 199 200 
66
1 2 6 7 14 19 21 24 26 30 31 34 
35 37 38 40 41 45 49 51 52 57 58 61 
62 75 77 79 80 81 82 87 88 91 93 94 
98 102 110 113 118 122 124 127 128 129 134 135 
140 142 143 146 151 160 162 163 168 172 174 175 
180 185 186 190 193 195 
56
4 6 7 9 14 15 18 24 28 30 32 35 
39 42 45 50 53 58 67 70 73 77 80 81 
83 89 94 96 99 103 107 109 111 112 115 118 
120 123 125 132 134 141 149 156 158 159 161 162 
166 168 171 173 181 185 190 196 
60
4 5 12 15 17 18 23 24 25 27 28 38 
41 44 46 49 55 56 59 62 68 69 71 72 
86 89 94 97 98 103 104 105 114 115 116 122 
123 128 130 132 133 135 136 138 140 142 148 153 
154 158 162 163 167 170 173 174 187 191 195 196 
67
6 9 11 16 19 22 24 25 26 28 29 30 
32 33 34 36 40 44 45 46 47 49 52 58 
59 62 63 64 67 79 81 83 84 91 96 100 
101 102 104 109 110 113 115 120 123 127 133 134 
137 139 140 142 143 148 149 155 157 161 167 176 
178 185 186 189 190 193 197 
59
3 7 12 18 21 24 37 39 52 54 57 59 
60 64 65 72 73 77 78 81 84 86 89 94 
95 97 98 100 101 105 106 107 112 115 117 119 
127 129 130 133 137 142 148 149 154 155 159 163 
164 167 168 171 173 184 185 191 193 195 198 
63
1 9 13 15 19 22 24 25 26 32 33 36 
37 38 39 43 46 52 54 55 56 61 62 63 
66 67 69 71 77 78 79 88 89 95 96 98 
101 104 106 111 115 118 120 126 131 132 135 140 
143 144 151 153 158 163 167 171 179 182 183 184 
187 189 193 
55
4 7 8 14 19 20 21 24 25 27 28 33 
37 42 46 50 52 54 56 57 58 60 61 65 
68 73 75 76 85 88 93 97 100 101 102 108 
110 111 120 138 139 140 141 144 149 152 157 158 
165 170 172 175 181 189 190 
55
9 15 17 21 25 26 29 32 33 38 39 41 
43 47 51 58 61 69 70 73 76 80 82 84 
85 91 96 103 106 107 113 118 121 124 127 130 
131 136 150 158 159 164 165 166 167 170 171 172 
174 178 179 181 186 190 198 
69
2 8 11 13 19 20 23 25 26 27 29 30 
31 33 37 38 40 41 42 47 54 57 63 66 
68 72 73 74 77 78 83 85 89 90 92 94 
103 114 117 118 126 130 133 136 141 143 144 145 
148 151 152 154 160 165 167 168 169 170 172 181 
184 189 190 191 192 193 195 197 200 
58
1 2 4 7 11 13 17 18 26 27 28 33 
38 39 43 46 51 56 61 62 64 66 76 77 
80 82 88 92 94 97 99 103 104 107 112 114 
115 119 121 123 125 129 132 134 141 148 149 157 
159 165 167 168 169 175 195 196 197 200 
59
1 6 8 11 16 23 24 27 30 31 33 39 
42 43 47 48 49 51 53 54 58 63 66 68 
69 76 84 89 91 94 100 104 111 113 114 115 
117 121 122 130 134 135 137 143 146 149 153 155 
158 166 177 179 180 181 183 184 186 192 196 
47
2 3 4 8 14 21 28 32 37 40 55 59 
65 74 75 78 87 91 92 101 114 117 121 123 
124 125 131 132 133 136 137 139 141 146 150 151 
160 163 172 173 176 185 189 193 194 195 196 
48
3 7 12 13 16 17 21 28 29 33 34 36 
38 43 47 49 56 68 70 87 89 97 102 106 
116 117 118 122 124 128 130 134 136 139 141 165 
166 169 170 177 181 183 184 185 187 193 195 199 
54
3 4 8 9 15 23 27 36 44 46 47 50 
53 67 77 79 88 96 97 99 103 104 109 112 
120 121 122 123 124 132 138 139 140 143 146 147 
148 154 156 157 158 159 162 163 164 168 170 175 
176 184 187 192 199 200 
69
1 3 4 5 7 8 10 11 12 13 15 19 
22 23 31 36 37 41 42 44 45 49 51 53 
55 60 66 70 72 77 78 80 83 87 92 93 
94 100 103 104 107 110 117 119 125 127 129 134 
136 139 141 143 144 147 148 151 155 162 172 176 
178 180 184 187 188 189 191 195 197 
54
4 9 12 16 22 24 34 43 45 48 49 55 
57 60 61 64 69 71 80 84 85 86 87 97 
98 100 105 107 110 112 116 122 132 135 136 144 
145 149 150 153 156 157 159 164 172 174 175 179 
182 183 184 190 197 199 
67
1 4 8 10 11 14 17 28 29 31 34 42 
45 46 49 53 55 58 66 67 70 74 75 76 
77 79 81 83 92 100 101 102 105 106 107 113 
117 118 120 122 123 127 129 132 137 140 141 145 
148 149 153 155 158 161 162 172 174 175 178 179 
184 188 191 193 196 198 200 
66
3 4 10 13 15 17 21 30 35 39 40 42 
43 44 46 49 50 51 54 60 63 64 65 67 
73 75 79 84 86 87 91 95 97 99 104 109 
111 122 126 128 130 131 132 134 136 139 146 147 
149 160 163 171 172 173 174 179 184 185 186 187 
192 193 194 197 198 200 
55
4 5 6 8 9 10 13 15 17 18 19 20 
21 29 32 40 49 56 60 64 65 67 68 69 
72 75 76 84 90 97 98 101 103 104 106 109 
111 122 127 132 135 138 146 156 162 166 169 170 
172 175 178 179 187 192 198 
64
1 7 12 17 27 30 32 33 34 35 43 47 
51 59 62 66 70 71 72 73 76 80 87 90 
93 94 97 101 102 104 105 110 112 116 121 126 
130 134 136 137 141 148 151 152 153 154 161 162 
164 167 168 175 176 178 183 184 185 190 192 193 
196 198 199 200 
78
1 5 7 8 9 11 17 21 22 32 34 35 
36 38 39 41 42 43 44 45 46 47 50 51 
53 54 55 57 58 59 61 63 66 68 74 75 
76 78 80 83 84 86 88 97 101 109 111 119 
120 122 124 125 126 128 129 131 138 139 140 141 
142 145 148 149 150 152 155 160 162 163 166 168 
174 178 181 183 190 196 
60
4 5 12 13 16 19 26 28 31 32 44 45 
46 47 48 53 63 67 69 79 80 94 100 103 
104 107 109 112 113 114 118 120 121 123 126 130 
131 133 134 135 136 141 143 145 147 150 151 155 
157 163 165 166 172 173 175 186 187 191 192 194 
55
2 3 4 17 22 23 25 37 42 47 49 52 
54 58 59 60 62 64 68 69 71 79 80 84 
86 97 98 99 104 105 106 110 114 117 122 126 
129 130 132 133 137 138 140 141 143 150 151 161 
163 169 175 179 180 184 194 
59
6 9 17 19 24 26 34 36 37 39 45 46 
47 51 55 58 65 77 79 81 86 87 91 92 
95 100 103 106 108 109 115 118 119 120 128 129 
130 134 136 137 138 139 148 154 155 156 157 158 
159 161 163 164 169 170 184 188 192 195 197 
62
1 5 7 8 11 12 17 18 20 21 25 30 
33 34 37 39 57 60 61 63 66 68 71 75 
79 86 87 89 91 94 101 104 107 110 114 123 
124 126 127 129 131 132 134 136 137 143 150 153 
159 160 163 165 168 169 178 184 185 190 191 195 
198 199 
65
2 6 7 9 10 11 15 16 19 23 26 29 
31 32 35 38 47 51 56 57 59 64 66 67 
79 81 82 84 87 95 98 101 103 104 109 112 
113 120 122 123 124 130 135 142 143 144 146 147 
148 157 158 159 161 163 164 166 169 172 173 174 
177 190 191 196 199 
58
4 6 7 9 10 11 14 19 22 34 35 37 
40 41 55 56 57 58 62 65 66 73 78 81 
83 85 87 88 89 93 97 99 101 102 104 106 
107 110 112 121 122 127 131 138 139 140 141 142 
151 154 162 165 171 172 174 175 179 183 
56
1 8 10 16 18 25 26 27 37 40 43 44 
54 55 57 58 64 67 70 74 75 77 83 89 
94 98 106 109 110 114 116 117 131 132 135 136 
137 139 141 142 145 147 149 150 153 154 155 159 
161 162 167 173 178 186 187 192 
56
3 5 7 10 13 18 20 26 28 34 40 54 
55 60 62 63 65 70 71 75 79 81 85 86 
88 90 94 99 105 106 107 111 116 117 120 124 
125 127 132 137 138 141 144 147 149 150 156 157 
161 167 187 188 195 197 198 199 
59
6 8 9 10 12 15 23 28 29 31 34 35 
37 38 41 42 43 47 50 55 57 63 65 68 
71 75 76 83 84 85 87 89 96 99 106 116 
122 124 129 130 131 134 138 141 147 150 153 158 
164 168 173 181 184 186 190 194 195 196 197 
59
1 5 10 14 18 19 20 22 25 27 29 38 
48 49 53 56 60 63 71 77 81 83 90 91 
92 95 97 98 103 109 110 117 118 120 121 127 
130 131 135 136 142 143 145 147 149 151 152 154 
157 161 164 173 189 191 192 193 195 196 200 
59
1 17 29 32 33 39 44 46 50 55 60 61 
63 65 66 75 76 78 81 82 85 89 91 93 
96 98 99 104 106 108 110 113 120 124 127 136 
141 143 146 148 155 156 158 167 169 170 173 177 
179 181 182 183 188 189 191 193 195 196 199 
70
3 4 5 7 8 12 13 16 18 20 22 24 
26 27 31 32 33 34 35 37 45 47 49 52 
53 58 60 69 73 74 88 97 104 107 113 116 
119 123 125 126 132 134 140 142 143 146 149 150 
152 154 155 158 164 166 167 169 171 174 175 176 
178 181 182 185 189 191 192 193 198 199 
48
7 11 12 13 18 19 29 38 42 43 46 47 
50 52 60 61 66 82 84 86 93 97 102 107 
108 117 124 125 129 135 136 142 146 147 150 151 
153 154 158 169 172 173 178 180 184 191 197 200 
53
1 3 7 8 12 13 14 17 18 26 28 37 
39 40 43 47 48 49 54 55 60 69 70 79 
81 84 86 91 94 96 99 104 108 111 114 115 
119 121 125 126 140 141 150 151 153 162 177 181 
182 183 194 195 200 
60
4 5 7 10 20 24 25 26 30 31 32 34 
38 42 47 50 52 53 58 61 62 67 69 74 
78 79 81 86 87 90 93 94 95 104 109 111 
112 115 121 122 129 132 134 137 141 148 151 155 
157 164 171 173 174 180 182 185 191 194 199 200 
54
5 9 11 12 18 24 30 31 36 38 41 42 
43 52 59 61 62 67 75 79 83 92 94 97 
100 101 104 112 116 117 118 121 126 127 139 143 
153 155 158 160 162 167 169 173 174 175 176 182 
184 190 192 193 195 196 
64
2 5 11 14 15 18 22 25 28 31 34 38 
41 51 52 53 55 63 69 70 74 78 80 82 
85 88 91 93 96 99 103 106 108 109 110 111 
113 115 119 123 133 135 139 142 145 146 148 153 
154 156 158 159 160 162 164 166 167 168 171 172 
180 192 197 198 
52
13 14 15 16 18 29 37 41 43 44 51 52 
55 60 62 69 77 78 88 93 95 98 100 101 
102 105 113 122 126 127 131 132 134 137 138 141 
144 164 167 168 169 170 173 175 176 178 181 182 
188 189 195 196 
59
1 4 5 7 11 18 22 23 26 27 31 32 
33 34 36 39 45 47 57 59 61 64 66 67 
72 77 81 85 87 91 92 94 97 98 99 100 
102 108 113 115 121 122 126 128 132 134 135 144 
150 151 152 160 163 174 175 177 179 183 199 
66
2 3 4 6 7 9 12 13 15 16 17 20 
21 22 25 33 42 43 49 51 52 54 62 64 
68 71 78 79 83 85 90 96 98 102 107 109 
115 120 122 123 124 128 131 133 138 140 149 154 
159 161 163 168 169 174 175 179 182 183 189 190 
192 193 195 196 198 199 
54
3 4 8 18 20 23 27 29 34 39 41 54 
59 61 62 68 70 72 73 79 84 85 87 88 
93 94 97 108 110 115 121 122 125 132 133 135 
140 146 149 151 157 165 166 170 173 178 184 188 
189 190 191 192 193 200 
63
5 11 12 14 15 18 21 24 26 27 32 35 
37 46 49 55 56 60 64 68 75 76 77 78 
79 81 87 88 95 100 102 106 107 109 116 119 
123 125 126 127 131 134 137 138 144 149 158 159 
162 164 168 170 171 173 175 183 184 187 188 189 
198 199 200 
57
11 12 13 14 17 18 19 22 23 24 29 34 
37 48 49 51 52 53 55 57 58 64 67 68 
70 72 73 74 76 77 81 83 90 91 93 96 
97 98 101 103 106 108 109 121 128 141 143 151 
166 177 180 181 182 188 190 196 198 
59
2 4 12 23 25 28 33 34 35 39 40 54 
55 56 60 65 68 69 71 73 75 87 88 89 
93 94 96 99 102 107 110 113 115 122 125 129 
132 134 143 144 145 146 150 151 153 155 156 157 
161 166 167 170 171 181 184 185 188 189 195 
68
1 3 5 7 8 16 33 38 40 42 43 44 
48 52 55 64 66 68 69 70 73 78 80 84 
87 88 89 90 91 94 95 98 99 100 101 107 
109 110 112 116 117 119 120 125 131 139 143 145 
146 153 159 160 162 166 169 174 175 177 178 179 
180 181 185 192 194 198 199 200 
61
1 9 12 16 20 21 22 26 31 41 48 57 
58 63 65 67 69 71 72 76 78 80 84 85 
87 89 99 100 102 106 109 119 120 129 130 135 
139 142 143 144 154 159 161 162 163 164 166 173 
177 181 182 183 184 185 187 191 193 194 197 198 
200 
54
1 5 16 20 21 26 36 46 48 55 58 59 
66 70 71 77 80 82 85 92 93 98 106 107 
110 111 113 114 115 117 122 125 129 134 138 140 
141 142 148 149 152 155 157 158 162 164 165 166 
172 180 182 185 191 200 
60
7 8 9 16 19 22 23 24 36 39 41 44 
48 54 56 57 62 64 66 71 89 90 97 98 
107 108 109 110 111 114 115 117 119 120 125 127 
131 135 136 137 140 142 146 148 149 150 153 160 
163 170 172 177 179 180 183 188 190 191 198 200 
63
1 2 9 14 19 24 26 30 35 36 43 45 
48 50 51 54 55 57 58 61 67 71 72 81 
83 89 91 93 94 96 98 99 103 104 110 111 
115 116 119 120 121 123 124 128 130 136 137 140 
150 152 154 158 162 163 174 175 179 180 183 190 
192 199 200 
64
1 4 6 10 12 14 16 19 20 23 24 27 
28 32 36 39 40 41 46 48 49 54 63 69 
70 71 76 77 78 79 81 84 88 89 92 93 
100 106 109 115 118 123 124 126 130 133 137 138 
139 143 144 150 155 160 161 172 175 176 177 185 
187 194 196 199 
50
2 3 7 9 12 14 17 18 22 23 25 28 
37 45 51 52 66 73 75 80 83 84 86 89 
92 93 94 99 100 104 107 111 114 115 116 117 
125 126 129 138 142 149 153 155 158 162 166 183 
193 196 
64
2 10 11 14 15 25 27 30 36 37 39 40 
41 43 45 47 52 53 54 57 59 63 64 65 
68 69 71 74 75 76 77 82 88 89 90 94 
97 102 104 107 110 112 113 115 117 120 123 127 
136 144 153 155 164 171 172 174 178 179 185 186 
188 192 196 200 
61
6 10 15 16 17 20 22 25 34 36 38 39 
42 45 47 49 50 60 63 65 66 70 71 73 
74 77 78 80 83 86 91 102 104 105 107 111 
124 131 132 134 136 139 140 143 145 147 149 151 
162 167 168 169 171 176 177 182 186 187 193 194 
197 
66
5 8 10 12 18 23 27 29 30 31 34 36 
38 39 42 45 46 49 52 54 55 58 61 62 
67 69 73 74 75 76 77 82 85 95 101 102 
105 107 108 111 112 113 118 119 121 131 133 134 
141 144 149 151 154 162 163 165 168 173 178 181 
186 187 195 196 198 199 
53
1 7 8 10 11 17 19 22 36 38 40 45 
47 48 59 60 61 65 66 68 70 73 77 79 
81 82 88 90 92 94 102 104 110 118 126 127 
130 132 136 137 141 149 155 156 158 162 167 168 
169 173 185 190 196 
46
3 10 18 30 32 33 35 41 43 48 51 52 
57 58 61 64 70 75 76 78 81 82 98 99 
100 101 102 106 113 114 117 118 123 124 127 131 
140 148 156 165 179 180 184 190 194 198 
60
3 7 8 16 18 22 28 29 32 33 34 38 
41 45 46 50 52 56 58 59 60 62 63 65 
72 74 75 78 80 86 94 96 101 103 105 106 
114 120 123 128 129 133 134 141 145 146 147 159 
165 166 172 177 180 185 188 190 191 197 199 200 
57
2 4 11 16 19 21 23 27 28 30 35 36 
43 45 49 51 57 58 64 70 76 78 82 89 
91 92 95 96 97 101 104 105 107 120 123 131 
133 135 138 143 150 153 155 156 157 160 164 165 
170 173 183 185 187 189 190 192 196 
68
2 8 9 10 14 19 22 23 24 26 31 32 
34 38 39 40 49 52 58 60 69 70 73 75 
81 82 83 87 91 97 98 101 108 109 111 115 
116 118 124 125 126 127 128 134 135 136 137 142 
143 146 147 148 149 155 156 160 163 164 168 170 
171 174 175 177 180 181 189 199 
61
1 2 5 7 12 13 15 17 22 26 31 32 
36 39 41 42 46 48 49 55 56 60 61 63 
68 76 78 95 103 108 109 110 111 115 119 123 
124 132 134 135 139 140 143 145 149 151 152 159 
162 164 167 168 169 172 174 181 188 192 193 197 
200 
54
7 10 14 16 19 25 27 30 31 37 46 51 
53 55 60 63 68 70 77 79 82 86 90 91 
103 114 116 117 124 126 130 133 135 136 143 145 
147 149 156 163 165 167 169 172 177 178 179 182 
183 185 186 187 192 197 
55
1 6 9 10 16 26 32 35 36 45 48 49 
50 53 54 59 61 62 63 65 71 74 77 81 
83 91 93 94 96 99 102 113 118 121 125 139 
143 150 152 153 155 157 162 164 166 167 180 182 
184 191 192 193 194 196 197 
63
5 7 10 13 15 18 21 24 31 34 35 36 
40 44 46 53 58 65 71 77 81 82 85 92 
94 96 99 101 109 111 112 116 118 119 121 122 
123 125 127 128 130 132 139 141 144 148 152 155 
160 161 163 165 170 171 176 182 187 189 190 192 
194 195 196 
55
3 6 8 9 13 14 24 26 39 40 47 52 
60 62 63 67 68 70 72 73 76 83 85 87 
91 94 95 98 105 106 116 119 121 122 126 127 
129 133 139 152 159 160 161 164 167 177 180 184 
185 186 188 190 193 195 196 
46
2 7 9 15 16 22 24 29 30 32 34 35 
38 45 51 55 72 77 79 80 84 95 100 107 
109 110 112 114 122 123 125 127 130 132 133 136 
137 143 159 165 169 182 185 186 187 190 
70
1 4 8 10 17 18 19 20 22 25 33 41 
42 45 46 47 51 52 55 58 62 63 64 65 
72 75 86 87 88 89 90 97 100 105 107 108 
109 110 113 116 123 126 127 132 134 136 137 138 
140 142 144 147 153 154 156 160 161 163 165 166 
167 168 169 171 173 178 180 185 187 193 
58
6 7 9 15 16 20 24 28 30 32 37 52 
61 62 63 67 68 71 85 86 91 99 105 110 
111 113 115 116 117 118 119 121 125 131 133 136 
137 139 141 145 146 149 154 155 160 163 168 170 
171 172 173 176 182 189 192 193 196 199 
68
4 13 14 20 21 24 25 29 31 33 34 35 
38 42 43 45 52 53 55 56 59 61 62 65 
68 75 86 87 94 100 102 106 107 109 115 117 
125 129 130 131 135 140 141 142 143 151 153 155 
156 157 159 160 163 165 166 167 173 178 180 182 
186 187 193 194 195 196 198 199 
70
2 4 8 11 13 16 19 22 26 27 31 32 
35 36 40 42 45 46 50 52 58 59 61 62 
63 66 71 72 77 86 88 91 92 98 99 101 
102 104 106 107 108 113 119 121 123 124 125 128 
130 131 132 135 138 139 142 147 151 158 160 161 
162 166 172 175 180 183 184 187 192 196 
