200 800
1 1 1 1 1 1 1 1 1 1 1 1 
1 1 1 1 1 1 1 1 1 1 1 1 
1 1 1 1 1 1 1 1 1 1 1 1 
1 1 1 1 1 1 1 1 1 1 1 1 
1 1 1 1 1 1 1 1 1 1 1 1 
1 1 1 1 1 1 1 1 1 1 1 1 
1 1 1 1 1 1 1 1 1 1 1 1 
1 1 1 1 1 1 1 1 1 1 1 1 
1 1 1 1 1 1 1 1 1 1 1 1 
1 1 1 1 1 1 1 1 1 1 1 1 
1 1 1 1 1 1 1 1 1 1 1 1 
1 1 1 1 1 1 1 1 1 1 1 1 
1 1 1 1 1 1 1 1 1 1 1 1 
1 1 1 1 1 1 1 1 1 1 1 1 
1 1 1 1 1 1 1 1 1 1 1 1 
1 1 1 1 1 1 1 1 1 1 1 1 
1 1 1 1 1 1 1 1 1 1 1 1 
1 1 1 1 1 1 1 1 1 1 1 1 
1 1 1 1 1 1 1 1 1 1 1 1 
1 1 1 1 1 1 1 1 1 1 1 1 
1 1 1 1 1 1 1 1 1 1 1 1 
1 1 1 1 1 1 1 1 1 1 1 1 
1 1 1 1 1 1 1 1 1 1 1 1 
1 1 1 1 1 1 1 1 1 1 1 1 
1 1 1 1 1 1 1 1 1 1 1 1 
1 1 1 1 1 1 1 1 1 1 1 1 
1 1 1 1 1 1 1 1 1 1 1 1 
1 1 1 1 1 1 1 1 1 1 1 1 
1 1 1 1 1 1 1 1 1 1 1 1 
1 1 1 1 1 1 1 1 1 1 1 1 
1 1 1 1 1 1 1 1 1 1 1 1 
1 1 1 1 1 1 1 1 1 1 1 1 
1 1 1 1 1 1 1 1 1 1 1 1 
1 1 1 1 1 1 1 1 1 1 1 1 
1 1 1 1 1 1 1 1 1 1 1 1 
1 1 1 1 1 1 1 1 1 1 1 1 
1 1 1 1 1 1 1 1 1 1 1 1 
1 1 1 1 1 1 1 1 1 1 1 1 
1 1 1 1 1 1 1 1 1 1 1 1 
1 1 1 1 1 1 1 1 1 1 1 1 
1 1 1 1 1 1 1 1 1 1 1 1 
1 1 1 1 1 1 1 1 1 1 1 1 
1 1 1 1 1 1 1 1 1 1 1 1 
1 1 1 1 1 1 1 1 1 1 1 1 
1 1 1 1 1 1 1 1 1 1 1 1 
1 1 1 1 1 1 1 1 1 1 1 1 
1 1 1 1 1 1 1 1 1 1 1 1 
1 1 1 1 1 1 1 1 1 1 1 1 
1 1 1 1 1 1 1 1 1 1 1 1 
1 1 1 1 1 1 1 1 1 1 1 1 
1 1 1 1 1 1 1 1 1 1 1 1 
1 1 1 1 1 1 1 1 1 1 1 1 
1 1 1 1 1 1 1 1 1 1 1 1 
1 1 1 1 1 1 1 1 1 1 1 1 
1 1 1 1 1 1 1 1 1 1 1 1 
1 1 1 1 1 1 1 1 1 1 1 1 
1 1 1 1 1 1 1 1 1 1 1 1 
1 1 1 1 1 1 1 1 1 1 1 1 
1 1 1 1 1 1 1 1 1 1 1 1 
1 1 1 1 1 1 1 1 1 1 1 1 
1 1 1 1 1 1 1 1 1 1 1 1 
1 1 1 1 1 1 1 1 1 1 1 1 
1 1 1 1 1 1 1 1 1 1 1 1 
1 1 1 1 1 1 1 1 1 1 1 1 
1 1 1 1 1 1 1 1 1 1 1 1 
1 1 1 1 1 1 1 1 1 1 1 1 
1 1 1 1 1 1 1 1 
244
4 5 11 12 14 18 19 25 28 29 31 37 
38 44 45 49 52 56 58 60 66 67 68 70 
76 78 80 82 87 89 92 100 107 108 116 120 
121 128 135 138 146 150 159 172 178 184 192 194 
196 198 200 203 204 206 208 212 214 215 219 221 
225 228 232 233 237 240 249 251 255 257 262 268 
287 291 294 300 302 303 308 313 315 318 320 324 
325 326 327 329 330 335 336 339 348 350 351 354 
358 360 363 368 371 375 378 380 382 386 387 388 
393 394 395 396 404 406 408 411 413 414 415 420 
424 427 429 436 437 442 443 446 448 451 453 456 
457 471 473 479 482 485 489 491 493 498 506 507 
508 511 513 514 517 522 525 526 527 529 531 533 
535 536 537 540 541 545 549 553 555 557 567 569 
570 576 579 586 588 589 592 596 601 603 605 607 
608 609 610 611 613 617 622 625 626 632 638 640 
641 644 645 650 654 657 658 661 664 665 669 671 
673 674 682 684 689 692 695 696 697 700 701 704 
706 707 710 716 720 724 728 729 731 738 739 741 
751 755 757 760 761 762 763 764 771 774 778 783 
786 789 796 800 
223
12 19 22 23 24 27 28 39 40 48 49 52 
56 57 70 73 75 83 85 88 91 92 100 101 
104 125 129 130 133 135 136 139 141 143 146 152 
153 157 161 169 171 174 182 187 189 195 202 203 
207 209 211 212 213 216 224 225 228 237 239 247 
250 253 255 256 257 260 262 264 266 268 270 272 
274 277 283 287 288 293 295 296 301 305 308 314 
317 319 320 324 326 327 330 334 335 344 347 350 
351 356 361 365 369 370 372 375 379 382 383 393 
397 398 399 401 402 415 419 420 422 425 428 435 
437 439 441 444 452 456 457 465 469 471 478 479 
480 481 486 488 489 490 492 495 508 511 512 519 
521 523 525 527 533 535 539 541 552 555 560 565 
573 577 580 588 590 591 593 601 602 604 608 609 
611 614 620 622 625 627 628 629 632 637 642 651 
652 667 669 674 677 678 682 683 684 685 689 690 
695 698 701 704 712 713 716 721 723 732 740 746 
750 751 754 755 758 759 761 773 774 776 777 784 
785 788 792 794 795 796 797 
245
3 4 7 11 18 20 33 36 37 47 48 53 
56 59 60 61 71 72 78 86 90 92 93 95 
102 105 107 109 114 117 118 120 121 122 125 129 
131 132 133 139 140 144 150 152 155 158 161 162 
166 168 170 173 186 195 196 197 204 207 214 216 
222 236 237 239 241 244 246 253 255 258 259 260 
261 265 270 271 277 278 279 282 287 288 292 293 
296 297 301 302 303 305 310 311 320 321 322 326 
327 329 330 331 333 335 338 339 340 342 347 361 
363 366 369 375 376 380 383 386 387 388 392 394 
395 399 403 406 408 409 416 419 420 421 423 431 
432 433 434 435 437 440 444 448 451 456 458 462 
463 464 466 480 481 490 491 497 498 500 505 506 
509 510 515 517 518 520 528 529 531 535 537 544 
546 547 548 550 551 558 559 561 563 569 571 574 
579 582 585 586 592 593 594 607 611 616 620 622 
633 636 637 643 644 646 648 649 656 664 671 677 
678 681 685 687 688 690 691 693 694 696 705 707 
711 713 714 715 719 720 727 730 735 736 737 739 
741 744 747 749 750 752 755 759 761 766 773 776 
783 789 791 792 800 
201
10 11 13 15 20 25 26 27 44 45 55 61 
62 65 71 74 76 80 82 83 94 106 109 110 
118 122 130 131 133 134 146 153 161 165 169 173 
174 175 190 199 202 206 208 217 225 244 245 248 
250 258 260 261 262 265 266 275 277 283 285 288 
290 293 295 300 301 305 311 323 326 328 330 340 
342 349 354 356 371 374 384 388 394 396 398 404 
407 408 409 410 411 412 415 418 419 423 433 434 
439 446 450 459 460 462 464 465 468 472 479 480 
482 485 488 490 503 504 505 506 512 519 529 531 
535 542 545 548 552 553 557 558 560 561 562 564 
569 576 580 582 586 588 604 605 607 609 610 617 
619 620 621 623 632 637 640 646 650 651 658 662 
664 667 672 678 679 681 687 693 696 698 701 702 
706 718 719 720 723 726 727 728 730 731 732 737 
739 744 745 750 753 757 761 764 765 767 771 773 
775 778 779 781 792 793 794 796 797 
269
1 2 5 11 12 13 14 26 28 33 35 38 
40 41 42 44 45 46 49 54 58 60 61 62 
71 73 76 78 81 82 85 86 95 97 100 104 
105 113 118 121 122 125 128 132 141 145 147 149 
153 154 155 157 158 162 163 165 167 172 177 183 
187 192 193 195 198 199 201 208 210 211 215 221 
222 224 226 231 236 242 246 247 251 256 257 274 
276 278 279 283 284 287 288 291 293 295 298 303 
305 306 309 311 318 319 323 324 325 326 329 334 
337 339 340 342 344 346 348 349 350 356 357 359 
363 367 369 371 374 378 383 384 385 390 394 395 
396 399 403 406 408 422 423 429 432 433 437 439 
447 449 450 455 458 461 463 466 468 471 472 477 
478 482 485 494 497 500 504 506 507 508 510 513 
514 516 520 523 527 529 530 538 539 541 543 547 
549 551 553 554 555 562 565 569 570 572 574 575 
578 582 583 584 585 587 594 595 597 605 607 613 
614 615 619 620 621 625 634 635 643 644 646 650 
651 654 656 657 659 661 668 669 672 676 677 678 
680 684 685 687 690 693 699 701 702 703 706 708 
709 711 719 720 721 728 733 735 737 738 739 742 
744 745 747 749 750 752 758 770 772 778 779 783 
784 785 788 794 800 
259
2 7 10 13 14 15 17 23 25 26 28 34 
35 39 43 47 50 55 58 59 61 64 66 71 
73 74 77 78 81 92 93 94 96 97 101 103 
105 110 111 112 117 124 126 132 135 140 143 145 
148 154 156 160 164 165 169 171 181 183 186 187 
189 191 193 197 201 204 212 215 217 221 222 228 
229 233 241 245 247 258 260 270 273 275 277 287 
289 290 291 292 296 298 301 302 303 304 310 311 
315 316 317 326 335 338 340 341 343 348 349 352 
353 355 356 357 363 364 365 366 371 372 374 375 
378 383 385 387 389 391 394 401 402 403 404 410 
420 422 430 433 434 435 436 437 442 445 446 455 
458 464 465 468 471 480 481 484 485 486 487 489 
495 499 500 503 504 505 508 516 518 519 520 521 
523 524 526 529 530 534 535 537 539 542 543 545 
547 553 561 562 565 567 579 582 585 587 589 591 
592 595 599 601 609 614 617 625 626 628 629 635 
639 641 648 650 651 656 657 663 664 667 668 676 
679 681 684 686 687 690 698 699 702 707 708 713 
714 715 716 720 721 727 728 729 731 737 742 745 
749 750 753 754 760 761 763 771 772 773 774 776 
778 779 786 787 794 799 800 
263
2 5 11 12 15 17 18 22 25 26 28 33 
37 42 43 44 46 47 51 54 55 58 62 64 
67 68 70 72 77 80 83 84 85 89 93 99 
104 108 110 114 115 121 123 124 129 130 132 133 
138 143 144 149 150 151 153 155 156 163 167 174 
175 179 182 187 191 196 198 201 202 206 207 208 
209 212 215 217 218 219 221 224 228 229 231 233 
235 238 241 242 245 249 257 262 263 267 268 272 
274 282 283 286 287 291 292 293 295 298 300 302 
309 315 317 318 324 325 326 327 328 332 334 335 
338 340 344 349 353 354 356 357 358 363 364 367 
373 374 375 376 380 381 387 388 392 394 408 411 
412 419 420 424 425 427 428 431 439 441 443 445 
454 456 457 463 465 466 468 469 472 477 478 482 
484 485 487 488 489 496 513 514 519 527 531 533 
539 541 543 544 545 547 555 556 560 562 564 567 
571 572 580 583 584 587 588 589 591 594 596 597 
603 604 608 609 611 615 616 617 618 619 622 625 
638 639 653 654 658 659 664 670 672 680 687 689 
690 691 693 698 704 705 712 713 716 719 725 735 
737 738 740 742 743 746 748 751 755 760 761 762 
765 767 768 769 771 776 780 781 793 795 800 
248
1 3 4 9 10 12 13 14 16 17 19 28 
33 36 37 38 39 40 42 44 50 51 55 57 
58 62 67 70 77 79 88 90 91 93 95 96 
98 100 101 102 104 105 111 118 120 123 126 131 
136 137 138 142 151 158 159 161 166 168 173 175 
179 180 181 182 183 186 188 192 193 195 199 200 
207 211 220 225 227 234 235 237 239 241 246 247 
249 258 261 267 269 270 271 273 277 279 280 284 
291 296 300 304 307 309 312 316 321 322 324 325 
326 340 341 343 345 352 355 357 370 375 376 379 
380 388 389 400 402 403 406 408 411 412 414 417 
432 433 438 440 442 446 449 451 460 469 472 473 
480 481 489 492 494 501 509 513 516 517 522 523 
527 530 532 535 543 545 547 549 550 554 556 557 
560 563 566 571 579 584 585 593 594 597 598 604 
605 606 612 614 615 616 617 618 620 626 627 634 
638 644 649 652 653 654 655 656 658 662 668 673 
675 676 680 682 685 690 693 694 695 698 699 709 
711 712 713 717 724 726 728 737 738 740 741 745 
746 747 749 753 755 756 761 763 765 770 772 774 
775 776 777 781 791 793 795 799 
238
1 2 3 9 10 13 15 18 22 25 26 28 
33 48 52 58 66 69 75 81 82 83 84 86 
89 93 94 95 96 100 101 104 108 111 113 114 
117 118 124 125 129 133 135 139 144 145 146 147 
152 153 154 159 160 162 163 164 169 170 171 172 
180 181 184 187 194 195 197 198 203 208 209 210 
211 218 221 222 226 228 230 233 235 240 243 245 
246 249 250 257 259 264 265 268 275 278 281 284 
286 290 291 295 301 309 318 324 330 332 335 337 
341 347 350 355 356 361 363 364 369 374 376 377 
379 381 382 388 392 393 400 404 408 409 413 414 
419 422 428 431 432 440 442 444 450 452 453 454 
457 460 462 468 472 473 482 483 486 490 491 498 
501 502 504 507 516 522 525 526 528 533 538 543 
546 548 549 556 567 573 574 579 582 587 588 598 
600 604 607 608 610 614 625 628 631 632 633 638 
645 651 653 654 659 661 663 669 670 673 674 683 
684 689 690 691 694 699 700 701 713 720 725 730 
734 735 737 738 740 744 747 748 759 761 766 767 
771 772 775 776 780 786 794 797 798 800 
282
1 7 11 23 26 32 33 34 35 36 40 44 
45 48 50 51 52 54 55 58 59 62 63 64 
71 72 74 78 81 82 84 86 87 88 91 95 
96 97 101 103 106 108 114 119 123 124 126 127 
128 129 133 134 135 136 141 145 151 155 161 163 
168 171 176 180 182 186 188 189 194 196 203 206 
207 210 211 221 224 225 226 228 236 237 242 243 
245 247 249 251 257 259 261 264 268 271 276 277 
280 284 285 286 287 288 289 290 292 293 294 296 
300 301 306 310 319 320 324 326 327 330 332 336 
339 340 344 347 354 363 364 365 370 372 374 376 
384 387 390 401 403 404 410 414 415 416 417 418 
420 422 425 427 433 436 438 441 442 445 446 456 
464 467 471 472 473 475 478 480 487 491 493 495 
498 499 500 502 503 508 510 511 512 518 524 526 
527 530 531 533 537 538 539 540 544 549 550 551 
552 558 564 565 566 567 571 578 579 580 583 584 
587 595 596 599 608 609 611 624 627 629 630 631 
633 634 636 637 638 640 642 643 647 648 649 652 
657 662 665 668 670 673 676 677 678 681 683 684 
686 689 691 694 695 697 701 704 709 713 714 715 
717 718 723 728 731 732 734 736 738 740 748 750 
755 756 757 758 760 762 768 771 772 775 777 785 
787 789 790 792 795 798 
240
4 5 10 13 20 21 26 34 39 40 41 50 
56 59 63 65 72 73 83 88 89 90 92 95 
96 97 110 112 119 120 122 126 130 131 134 136 
137 138 143 154 155 158 162 168 169 171 173 174 
187 188 191 198 199 209 212 214 216 217 218 220 
224 235 236 244 245 246 253 254 257 258 259 266 
272 273 274 278 280 282 283 293 303 304 306 309 
321 322 324 326 329 334 335 340 341 343 344 358 
361 367 369 370 371 373 376 377 382 386 389 393 
396 406 407 418 422 423 426 427 428 431 434 435 
436 437 438 439 440 443 444 450 452 453 455 456 
461 466 467 468 469 472 473 474 476 479 486 498 
499 503 504 505 506 514 517 519 521 528 536 538 
540 541 544 547 551 558 559 561 562 567 574 575 
579 580 584 585 593 594 597 605 606 610 613 614 
616 618 627 628 635 641 647 649 658 662 665 668 
670 674 678 682 685 686 687 690 691 700 702 703 
706 708 712 714 716 717 719 721 727 730 731 732 
734 740 742 745 747 749 754 755 758 759 760 765 
767 768 771 775 780 781 783 787 789 790 796 799 
256
1 2 5 8 9 10 18 19 20 25 27 31 
38 39 44 45 53 57 58 64 65 71 74 75 
79 82 83 84 86 88 90 92 101 103 105 106 
108 113 114 115 129 132 133 134 137 145 147 152 
156 157 164 165 167 169 176 177 183 184 186 189 
192 196 198 201 202 203 208 214 215 216 217 219 
221 229 230 241 242 244 246 249 251 258 260 264 
267 272 277 283 284 285 286 288 290 292 296 298 
299 304 312 319 321 323 324 326 327 328 329 332 
336 340 343 344 345 346 348 349 357 358 363 367 
372 373 374 385 391 393 399 405 410 414 416 418 
422 423 428 451 452 454 456 460 461 462 464 465 
472 474 478 483 485 487 488 492 493 499 505 510 
511 515 516 519 524 526 530 535 540 541 543 545 
546 548 551 553 554 558 564 565 568 569 571 573 
574 578 580 581 583 585 587 589 600 602 604 607 
615 617 623 624 636 637 641 645 646 648 649 653 
654 656 657 658 661 667 670 671 676 678 682 683 
689 692 697 698 702 709 711 713 714 715 716 719 
720 726 727 729 731 733 739 746 750 754 755 757 
759 764 770 773 777 778 780 782 787 789 792 793 
796 797 799 800 
227
1 4 7 19 20 22 23 25 26 34 40 42 
44 47 48 52 53 61 66 68 71 78 80 86 
87 92 93 97 99 100 102 107 110 115 121 125 
127 128 132 133 135 140 143 144 147 159 164 167 
168 169 171 173 178 179 188 191 198 199 210 216 
217 222 227 229 230 232 234 241 245 247 252 256 
270 273 276 280 281 295 299 300 302 310 318 320 
321 323 324 325 326 327 329 333 335 337 342 344 
345 346 347 351 352 356 362 366 367 368 370 371 
372 373 378 379 385 386 387 389 395 400 404 406 
408 412 413 422 424 428 431 436 438 439 440 444 
445 448 452 453 454 456 468 469 470 473 474 480 
485 486 487 494 501 504 512 513 516 518 520 521 
525 531 535 538 544 547 552 555 560 561 565 570 
572 573 579 580 582 583 584 586 588 589 604 605 
606 613 616 618 623 626 628 629 631 635 638 639 
641 642 643 646 648 651 658 662 669 673 677 685 
688 689 693 697 699 703 717 718 722 724 742 748 
750 757 759 768 769 778 779 793 797 798 800 
240
2 3 5 6 10 12 14 15 22 24 31 32 
34 39 40 49 50 53 55 56 57 75 76 77 
88 89 93 94 98 100 101 102 105 106 110 111 
113 114 116 118 122 123 127 132 138 143 146 150 
153 155 157 164 170 172 175 180 182 183 186 187 
190 192 193 194 197 203 208 210 215 217 224 228 
232 236 239 245 248 249 251 253 254 265 269 276 
278 279 291 292 298 299 300 305 309 310 312 313 
315 316 317 323 324 325 326 334 335 336 340 347 
349 351 358 360 361 371 373 379 385 388 389 391 
393 394 397 398 402 412 415 418 420 423 434 440 
448 451 452 453 455 456 457 464 467 469 474 476 
480 483 488 492 498 500 501 503 510 512 514 516 
518 522 534 537 538 544 545 553 556 558 563 564 
566 570 572 576 577 578 582 583 585 586 588 589 
590 597 601 602 605 612 616 622 625 632 633 636 
638 641 646 649 651 652 661 666 671 673 674 676 
681 686 687 691 693 694 697 699 702 712 714 721 
727 728 733 740 742 744 748 751 755 756 760 773 
778 779 782 784 785 787 788 791 793 795 797 798 
239
2 15 18 22 26 28 31 33 42 45 52 54 
66 68 75 77 80 88 89 92 93 94 96 97 
98 103 109 110 112 113 114 117 118 130 139 143 
145 146 149 151 153 156 158 161 162 166 171 173 
174 175 176 177 179 183 184 185 186 187 190 191 
195 197 198 200 202 207 212 213 215 224 225 231 
236 242 246 249 250 257 263 264 272 274 275 276 
277 279 287 288 291 292 301 304 308 311 312 314 
321 322 324 325 327 328 330 334 336 340 343 354 
357 360 363 365 370 372 373 374 377 380 384 386 
390 392 393 396 398 410 416 419 420 423 426 429 
433 435 436 437 442 445 450 451 453 462 464 467 
481 483 486 491 501 503 504 515 519 522 523 529 
531 535 537 539 546 553 554 560 573 581 585 591 
596 597 598 599 600 602 603 609 610 614 615 616 
624 626 627 629 632 635 637 638 639 640 651 656 
659 666 669 671 673 674 675 678 680 681 683 685 
690 691 694 697 700 701 704 705 708 709 715 718 
720 722 723 726 728 729 733 734 736 750 751 753 
759 762 773 776 777 783 792 796 797 798 799 
264
1 3 7 15 16 18 21 30 31 32 41 42 
43 48 49 51 52 56 58 66 70 77 79 85 
87 88 90 93 98 100 101 103 106 108 109 110 
111 113 115 116 117 121 122 127 131 133 134 137 
139 143 147 150 155 156 164 168 169 173 178 180 
181 187 188 189 190 194 196 197 198 201 202 203 
205 212 214 222 225 226 229 247 251 252 255 256 
258 259 260 261 264 273 278 285 288 290 291 293 
294 295 300 303 305 306 308 317 322 325 326 331 
336 340 341 346 347 348 350 351 357 359 360 364 
366 369 370 376 377 381 383 388 389 390 392 396 
405 406 413 415 417 419 423 426 428 431 434 437 
438 441 443 445 450 459 461 462 464 465 466 468 
474 477 480 484 489 491 492 495 499 502 505 512 
514 515 517 519 521 522 524 525 526 530 531 533 
536 538 542 545 547 553 554 568 569 570 574 575 
583 588 595 597 598 604 606 607 611 612 613 614 
618 619 622 624 627 628 630 638 639 645 656 663 
668 669 672 673 675 676 681 688 694 697 699 701 
704 705 706 707 708 709 712 716 717 718 725 731 
732 735 736 739 740 742 743 748 749 753 757 758 
762 765 769 771 773 774 776 778 782 785 792 798 
234
3 6 15 16 19 20 21 23 26 30 31 33 
46 48 54 56 57 64 67 68 70 77 78 83 
85 92 100 107 108 111 112 113 120 121 125 126 
128 130 132 136 138 149 161 166 170 172 176 180 
181 185 186 187 190 198 202 203 205 206 208 217 
220 221 223 226 231 233 244 245 247 248 249 251 
258 260 265 268 271 273 274 281 282 285 288 291 
293 294 304 305 306 310 313 315 316 323 327 335 
337 339 342 345 352 353 357 362 364 367 369 370 
374 375 376 379 383 385 390 391 392 393 395 397 
400 404 406 408 413 416 417 419 426 427 430 434 
435 437 441 442 446 451 454 456 457 462 464 466 
469 474 475 480 482 485 503 504 516 524 526 527 
532 533 536 539 543 544 546 549 554 557 559 564 
565 568 569 570 575 576 578 581 590 591 596 600 
604 610 613 616 628 629 636 639 641 646 649 655 
656 658 665 670 678 679 682 684 685 686 692 694 
695 706 710 713 716 725 729 732 735 736 743 744 
745 748 750 751 753 755 757 758 760 762 764 769 
778 790 791 793 794 796 
230
2 3 4 5 8 9 12 13 14 16 18 26 
27 29 30 33 36 37 55 60 66 68 72 77 
78 83 90 97 100 101 102 104 105 111 112 115 
116 121 123 127 131 137 143 146 147 148 150 156 
161 165 167 169 174 176 178 187 192 193 195 200 
203 205 210 218 221 222 224 225 229 236 239 242 
243 246 254 256 261 265 266 267 274 289 290 296 
300 307 314 315 323 324 325 328 335 338 353 360 
362 364 367 370 373 378 379 381 385 387 388 397 
398 399 402 403 404 405 407 409 410 413 414 417 
420 421 423 427 428 429 430 435 437 440 443 445 
446 450 454 457 462 469 470 475 482 488 489 490 
492 495 497 498 500 501 502 506 517 518 530 531 
533 534 535 541 555 563 568 569 579 581 589 591 
599 600 601 602 605 607 608 612 614 616 617 622 
627 630 637 646 647 651 653 657 658 659 662 666 
676 680 688 694 695 696 697 707 710 711 713 714 
716 719 723 725 727 734 737 745 747 751 752 754 
758 759 762 766 776 781 782 783 784 785 790 794 
795 796 
240
3 6 7 9 12 13 20 21 24 26 28 29 
32 34 35 36 41 43 47 49 53 55 57 58 
62 63 66 70 72 79 83 89 90 95 100 102 
103 106 112 116 117 118 120 125 133 134 137 142 
143 148 151 152 157 163 170 173 174 176 177 183 
184 186 189 195 199 201 213 216 221 223 224 233 
236 239 241 244 250 252 254 257 265 267 270 278 
280 283 284 288 290 291 292 298 301 302 307 315 
316 317 318 319 320 321 323 328 329 334 335 340 
343 344 345 347 348 353 359 362 365 367 368 373 
376 378 379 386 388 390 393 395 397 398 402 403 
404 406 408 411 418 422 435 439 442 445 447 453 
454 455 463 465 478 479 486 491 497 498 501 508 
509 512 513 515 520 521 522 526 528 529 533 541 
547 548 553 555 557 567 572 573 578 580 582 588 
590 596 597 599 600 601 606 608 619 620 624 635 
639 640 648 654 656 657 661 662 664 666 671 672 
677 678 681 684 687 695 700 702 705 706 708 711 
725 726 730 731 732 739 741 749 751 757 758 764 
767 768 777 778 781 782 783 788 789 790 795 798 
241
4 5 9 11 12 17 18 19 20 21 22 27 
29 31 35 36 39 41 42 51 52 58 66 67 
69 71 78 82 83 86 87 90 94 101 106 107 
108 109 111 116 117 118 122 124 126 130 131 133 
134 137 138 143 150 152 153 159 163 170 171 172 
179 181 183 194 198 209 215 217 222 225 226 227 
229 231 235 237 238 241 242 244 250 258 264 265 
271 275 279 285 291 292 293 297 303 305 306 311 
312 313 314 315 326 333 334 339 344 345 348 349 
350 363 367 373 374 377 382 386 389 393 408 414 
415 416 417 420 423 432 433 438 442 444 447 450 
453 457 460 461 463 464 473 475 476 478 482 484 
487 492 494 496 500 514 515 516 521 528 531 533 
536 539 540 541 553 556 560 561 565 576 577 579 
580 584 587 590 591 592 597 599 600 603 605 611 
614 615 616 619 622 629 630 632 633 642 649 651 
655 666 668 671 673 674 677 680 687 689 690 695 
696 697 702 706 709 711 718 722 734 736 737 739 
743 745 748 750 753 754 758 759 760 764 767 771 
777 778 779 781 784 785 787 790 792 794 795 796 
797 
244
1 2 6 10 13 21 24 28 29 30 41 42 
43 44 51 53 54 66 70 74 76 80 83 85 
87 89 94 102 104 106 110 111 112 118 120 121 
123 125 130 131 132 136 139 145 148 150 156 157 
160 166 167 169 174 178 181 183 186 187 188 190 
193 195 196 200 201 208 209 210 212 215 219 222 
225 226 227 228 230 231 233 237 240 241 242 244 
250 251 258 265 270 272 278 282 284 285 286 287 
290 295 303 304 305 307 308 309 312 316 318 320 
324 326 328 332 337 340 348 350 353 360 367 369 
379 380 386 387 389 396 397 400 402 403 405 412 
417 419 432 436 438 441 453 457 458 459 460 462 
464 472 473 475 479 484 486 488 490 495 502 506 
510 514 516 521 524 530 531 534 536 543 547 548 
550 553 562 569 570 574 575 577 578 581 588 589 
592 594 595 603 605 611 612 615 623 627 630 631 
637 647 648 649 659 660 662 665 669 675 676 677 
678 682 685 687 694 695 696 697 700 707 708 713 
715 717 718 725 731 735 736 737 738 740 741 743 
745 747 748 751 753 754 761 762 765 769 780 785 
786 788 793 794 
220
2 13 15 17 18 24 25 26 30 31 33 35 
36 45 46 53 57 61 62 64 76 79 87 93 
95 97 100 105 108 113 114 118 119 123 135 137 
139 143 147 154 157 162 163 164 167 168 170 179 
180 190 191 203 214 219 222 231 233 234 237 240 
243 244 245 246 248 252 256 269 272 273 278 281 
290 292 294 295 297 298 300 301 310 311 328 329 
330 334 340 341 342 343 353 357 364 367 368 375 
383 386 390 391 395 398 401 403 404 405 406 408 
410 413 416 420 421 424 425 428 433 439 443 444 
448 449 450 454 455 463 465 475 477 481 486 487 
490 495 498 499 502 509 510 522 524 525 526 538 
552 559 560 563 564 565 569 570 572 573 576 583 
584 595 599 600 601 604 605 606 608 615 625 626 
629 634 645 649 650 651 654 657 659 665 666 667 
669 681 684 687 692 693 694 695 698 699 706 708 
712 714 716 722 726 727 728 729 735 738 743 747 
748 751 752 755 757 764 769 770 772 774 775 777 
785 786 797 799 
245
4 9 10 13 15 16 17 18 19 25 33 36 
42 51 54 67 68 70 73 76 78 86 93 96 
100 101 102 104 105 112 115 116 118 121 126 127 
130 133 138 139 143 145 148 155 159 161 163 164 
171 178 180 184 185 187 189 190 193 201 203 204 
209 223 228 229 231 234 236 241 244 250 253 254 
257 260 263 264 265 266 267 268 280 281 282 283 
293 297 317 319 324 326 330 333 334 336 340 342 
343 344 347 349 354 356 357 360 363 364 371 376 
378 379 381 382 392 397 403 405 413 417 419 421 
429 433 436 437 438 439 443 448 455 458 460 461 
465 468 469 471 477 481 483 487 488 489 493 494 
495 498 502 503 506 507 510 513 514 516 523 530 
531 534 536 541 543 544 545 547 548 550 557 558 
563 565 567 572 574 582 586 592 595 597 598 605 
607 614 622 624 628 629 631 632 639 641 645 646 
648 649 650 651 653 655 656 670 671 673 674 682 
683 684 688 691 697 699 700 702 705 709 713 715 
720 723 724 725 729 733 735 744 749 751 754 756 
758 759 761 764 766 769 775 779 785 787 788 792 
793 795 798 799 800 
240
2 4 6 12 13 14 15 23 24 27 29 30 
37 40 41 45 48 49 51 52 55 62 64 65 
66 68 69 71 76 79 81 88 90 94 95 96 
99 101 105 107 110 114 116 117 121 122 128 129 
133 136 137 138 140 144 146 147 154 156 157 158 
160 161 162 165 169 174 177 181 185 186 201 203 
204 205 206 207 208 214 215 220 222 223 224 225 
227 229 233 234 235 237 244 245 246 249 250 257 
263 269 270 271 273 284 285 286 287 288 290 297 
303 304 306 318 323 325 330 333 338 348 350 365 
366 379 380 382 385 386 390 393 404 410 411 418 
420 422 423 432 437 443 446 449 452 462 463 465 
466 468 469 470 471 473 477 487 488 494 495 500 
503 505 506 508 510 512 514 516 517 519 521 524 
526 533 542 543 545 548 551 555 563 565 566 568 
572 573 576 579 581 582 586 589 591 595 596 602 
604 605 610 611 617 619 623 628 629 641 642 643 
648 649 655 658 662 663 664 669 671 678 679 687 
690 694 704 706 708 709 710 713 720 730 733 741 
744 747 748 756 758 762 768 778 780 781 785 790 
225
1 2 3 6 8 12 26 30 38 44 45 47 
50 54 55 70 73 84 89 90 91 92 104 106 
110 114 116 117 119 125 129 130 134 136 138 143 
147 153 158 165 169 172 173 175 179 183 185 186 
188 189 192 193 200 201 202 206 207 209 213 214 
215 220 223 224 228 229 230 231 233 235 238 243 
247 248 254 255 256 258 260 266 268 279 280 289 
295 296 302 303 305 309 311 318 321 323 326 328 
329 333 336 337 340 344 347 348 350 356 359 364 
366 367 371 375 380 381 384 387 389 393 398 409 
411 416 424 428 432 436 440 450 451 452 456 460 
461 463 474 478 481 482 483 486 487 488 492 495 
501 502 514 516 521 524 527 532 538 539 544 548 
553 561 562 563 570 573 576 580 589 596 598 599 
602 611 614 616 621 623 635 636 639 641 646 655 
660 661 666 670 672 673 678 680 682 683 685 686 
688 689 690 691 692 700 702 705 708 710 716 718 
719 725 729 732 748 752 753 754 755 758 759 760 
766 770 773 774 777 780 783 790 791 
247
8 9 14 16 19 23 24 26 29 32 37 39 
44 47 50 55 62 63 66 75 76 78 80 82 
85 88 90 96 100 102 108 111 112 113 114 117 
118 123 125 129 132 133 134 135 136 137 141 148 
158 160 164 168 169 172 173 175 178 181 184 190 
192 193 196 197 198 202 206 209 211 212 222 223 
231 232 236 239 242 243 252 255 264 265 266 270 
273 274 276 282 284 286 289 291 295 297 298 300 
301 305 306 309 314 316 317 319 320 322 326 331 
336 345 347 349 353 362 363 364 372 383 385 388 
390 401 405 406 409 410 418 422 427 428 429 430 
436 441 446 447 450 451 456 457 459 462 464 465 
467 471 478 482 484 489 490 503 509 510 512 515 
518 520 521 529 530 536 541 544 546 551 554 559 
560 561 562 565 566 572 574 576 582 584 585 587 
588 589 590 591 594 599 600 609 610 612 615 616 
617 620 623 629 634 639 640 641 651 653 656 665 
669 670 678 682 691 693 694 697 698 699 702 708 
711 713 714 716 720 727 729 730 735 737 738 743 
745 746 747 749 750 757 758 761 769 771 774 778 
779 783 788 789 790 791 798 
249
2 4 6 8 13 23 25 26 32 34 41 42 
45 48 50 55 57 61 64 68 69 73 77 80 
82 84 87 89 90 92 94 108 110 112 115 119 
124 125 128 130 131 138 141 147 152 154 155 156 
157 161 164 165 171 173 175 176 180 182 187 188 
190 192 194 196 200 202 205 207 216 219 220 228 
231 232 233 240 242 250 253 254 257 259 261 267 
271 276 277 283 289 291 292 300 302 304 315 316 
319 321 323 335 339 346 350 352 355 356 358 359 
366 368 373 377 379 380 381 383 388 389 392 394 
399 404 410 411 421 424 425 428 429 431 432 435 
441 443 444 445 446 447 455 458 460 463 467 468 
486 491 492 495 497 499 500 501 513 519 525 530 
532 534 536 537 541 542 543 548 552 553 554 556 
557 564 569 578 581 582 583 586 590 591 594 597 
599 601 602 609 613 616 617 618 619 622 623 625 
629 630 633 636 640 641 642 645 648 654 656 658 
660 661 663 667 669 671 673 674 676 677 679 683 
689 690 693 694 695 699 701 702 706 707 711 713 
718 721 722 725 728 733 744 747 748 750 757 763 
768 771 778 780 786 787 795 796 798 
252
6 8 10 11 22 31 34 36 37 38 42 46 
49 51 52 55 56 58 63 64 67 68 71 72 
73 74 80 81 82 83 84 86 95 98 103 105 
113 115 117 121 128 131 137 140 142 143 145 148 
150 151 153 158 162 164 168 173 175 176 178 180 
183 186 188 190 193 195 196 201 202 203 204 205 
206 212 213 219 221 223 225 226 227 228 229 231 
234 235 236 239 248 250 253 254 260 262 263 264 
268 269 273 275 276 279 282 284 288 294 296 306 
314 316 317 330 331 333 335 336 337 341 342 346 
349 353 355 356 361 364 371 372 376 379 382 383 
394 395 397 398 401 404 406 408 413 414 417 419 
420 423 424 429 430 432 437 440 443 446 448 450 
452 453 457 458 459 463 464 465 467 468 474 478 
484 485 488 494 497 502 503 504 508 509 510 513 
522 527 528 531 535 543 544 545 548 551 553 554 
558 561 564 572 573 574 575 580 586 587 592 594 
598 617 618 619 625 630 634 635 636 637 638 645 
650 652 653 654 661 662 667 676 677 678 680 681 
682 693 694 697 705 709 714 719 724 733 737 738 
741 746 762 773 777 781 786 788 791 795 798 800 
232
9 14 16 17 21 23 26 28 30 32 33 36 
37 45 48 51 57 58 64 70 72 75 80 90 
99 101 104 106 122 128 129 135 136 137 139 140 
143 152 155 157 160 161 163 164 166 168 171 177 
178 181 188 193 195 199 203 207 208 209 217 219 
220 221 225 226 229 243 244 246 248 250 252 254 
260 262 265 267 268 269 270 276 283 286 287 289 
300 308 313 314 316 317 318 328 330 333 343 344 
345 346 348 351 352 353 357 358 361 371 374 382 
383 384 386 390 392 398 409 410 412 417 420 422 
425 430 434 435 437 442 444 447 448 451 460 462 
464 468 470 473 474 476 482 485 486 487 488 492 
494 496 505 507 512 514 526 528 529 530 536 537 
539 540 541 543 545 547 551 554 556 559 568 571 
574 576 579 580 582 586 590 593 594 595 598 601 
602 606 607 608 609 616 620 624 625 626 627 628 
636 638 640 642 648 652 654 659 674 681 695 699 
700 701 702 704 710 711 712 713 716 721 722 725 
729 735 736 739 746 747 753 755 758 765 774 776 
782 787 788 796 
239
8 11 18 21 23 25 30 32 37 38 39 44 
45 49 51 53 54 55 57 63 65 66 69 70 
71 72 75 81 83 84 88 89 90 93 106 107 
112 113 114 119 120 128 133 134 138 139 141 152 
153 157 165 172 173 177 179 194 198 199 204 209 
211 213 216 221 224 225 231 236 239 245 252 262 
267 269 271 276 281 282 283 285 298 303 304 308 
311 313 314 315 316 327 330 333 335 338 339 340 
351 352 356 358 359 361 364 365 368 377 378 381 
382 384 388 394 397 398 407 408 415 417 418 419 
420 424 431 433 434 440 449 451 452 454 456 458 
463 465 472 474 476 491 496 503 508 511 512 515 
518 521 525 526 528 529 532 537 543 554 557 558 
561 562 563 566 567 568 571 572 573 574 580 588 
589 590 594 608 611 616 617 618 623 625 627 637 
638 640 642 650 653 656 657 660 662 663 668 669 
670 671 673 675 676 677 680 686 687 688 689 691 
697 702 706 707 709 711 712 713 719 720 722 723 
724 728 730 735 741 745 747 749 751 762 763 765 
769 770 772 774 775 776 779 780 781 783 787 
237
10 11 12 14 30 34 42 48 49 59 61 62 
65 66 68 69 79 82 85 86 87 89 90 91 
93 94 95 100 102 111 113 116 121 125 130 133 
137 138 139 157 162 165 168 169 173 178 183 189 
192 193 194 196 197 207 211 213 215 216 217 220 
223 226 236 239 249 250 251 256 262 263 265 268 
271 279 284 285 287 288 289 293 295 298 303 304 
307 308 311 315 316 320 321 325 326 329 330 344 
350 351 353 356 357 358 359 360 364 368 370 375 
376 380 381 388 396 402 406 407 408 409 411 417 
419 424 426 427 430 433 444 448 449 451 455 457 
458 464 465 467 473 474 477 479 481 484 486 487 
488 489 492 493 498 499 501 504 509 511 512 515 
517 520 526 527 528 532 533 534 543 544 545 550 
556 557 558 565 569 570 571 585 587 588 589 596 
599 601 603 604 608 609 610 615 616 618 624 625 
633 634 639 647 653 654 658 661 662 664 666 673 
683 685 694 695 697 699 701 705 709 712 713 721 
722 724 737 741 742 743 748 753 757 758 762 766 
776 779 781 784 786 791 794 796 800 
233
1 8 9 10 21 22 25 26 28 29 30 31 
32 36 37 39 49 50 51 53 54 56 60 63 
65 68 72 81 82 84 85 87 88 91 97 101 
104 108 110 111 112 113 117 123 136 137 142 146 
150 153 155 158 159 161 166 167 173 179 181 182 
184 185 189 193 197 202 205 206 207 210 213 217 
220 231 240 241 250 252 255 261 265 272 274 277 
284 287 288 289 291 293 296 299 303 304 318 319 
324 326 330 332 333 344 346 348 354 356 358 361 
362 369 370 372 379 383 387 388 390 396 406 413 
425 433 437 444 446 454 457 458 464 468 469 471 
472 475 482 484 489 491 499 502 506 510 511 515 
516 520 524 525 526 528 529 530 536 542 545 547 
549 555 556 557 558 559 560 561 564 567 568 569 
574 579 582 585 590 596 597 608 614 617 619 624 
628 631 633 635 636 638 645 647 648 649 651 652 
659 660 665 668 669 671 676 677 678 679 681 687 
688 692 694 701 706 708 712 723 726 730 731 732 
735 740 741 742 744 746 752 753 759 765 766 781 
787 790 791 795 799 
220
1 4 8 12 13 15 16 17 33 34 36 40 
46 47 48 55 62 64 65 67 75 79 80 86 
88 90 92 95 96 100 102 103 104 105 113 119 
121 122 125 126 129 132 133 135 138 155 160 164 
166 168 178 179 183 184 186 192 196 200 204 216 
224 228 235 236 238 244 245 246 250 252 261 267 
273 282 292 294 295 306 309 314 316 323 325 326 
327 328 333 342 347 349 350 352 360 363 369 370 
371 372 373 376 384 385 388 393 395 399 402 403 
412 419 421 428 429 433 434 435 437 438 439 440 
441 442 443 449 451 452 453 457 458 459 471 474 
484 485 488 493 499 502 504 509 512 514 516 520 
526 530 532 533 534 538 540 543 548 552 562 563 
578 580 585 588 589 590 597 604 611 616 620 626 
632 634 643 644 649 652 653 657 661 666 671 674 
675 679 680 685 689 690 696 698 699 702 706 710 
711 716 719 723 728 729 732 737 739 749 750 751 
752 754 755 760 761 764 768 771 775 778 779 782 
784 795 798 800 
247
2 6 8 9 11 12 14 17 18 21 22 26 
29 30 34 35 37 45 46 51 54 56 58 62 
65 67 68 71 72 73 79 83 89 95 96 97 
105 106 115 119 122 123 129 132 145 150 151 152 
153 155 156 157 159 163 166 170 171 174 180 181 
186 187 189 190 193 195 198 199 200 203 207 208 
209 216 217 218 220 222 223 224 228 231 233 236 
239 242 243 247 252 257 258 267 268 269 271 275 
278 281 282 284 289 291 293 296 306 310 316 321 
325 333 335 339 345 349 350 351 354 356 358 361 
362 365 366 369 370 371 376 385 392 393 401 405 
406 411 412 414 415 418 433 435 441 442 444 445 
450 456 461 462 470 471 472 475 477 483 486 487 
488 490 492 495 498 499 502 503 507 508 510 541 
547 553 565 566 570 571 575 577 583 584 587 589 
593 597 599 601 605 607 610 613 614 615 616 617 
621 622 625 626 628 634 637 641 644 647 648 649 
658 662 665 671 682 683 684 687 691 693 694 699 
700 705 706 707 711 712 714 716 718 725 729 732 
739 746 749 750 754 759 763 765 769 770 773 774 
775 777 781 786 788 790 793 
221
2 4 19 20 21 22 25 34 37 41 44 46 
49 50 53 56 59 60 62 67 71 72 74 78 
82 83 87 90 91 93 94 102 105 106 112 114 
115 117 118 138 139 141 145 147 155 156 158 162 
165 166 169 173 174 176 178 179 188 190 192 194 
202 210 213 214 215 217 221 222 227 229 234 244 
247 248 257 259 260 261 265 266 268 270 272 273 
279 287 289 290 292 293 295 300 301 307 309 314 
316 321 327 330 338 350 351 357 360 362 364 365 
366 368 373 375 381 385 390 392 396 413 415 418 
419 420 423 425 431 432 434 437 440 444 446 452 
455 460 466 473 480 482 489 492 495 499 500 502 
508 511 512 514 516 529 535 536 545 553 554 555 
557 561 563 565 568 569 571 576 585 597 599 603 
605 606 614 621 627 629 633 636 638 645 658 661 
663 673 677 682 688 690 693 696 700 704 705 707 
710 717 721 723 727 729 735 737 738 739 742 745 
749 756 758 764 765 766 767 769 775 777 780 784 
787 788 793 796 800 
236
1 13 20 28 30 33 34 38 39 40 43 52 
53 54 61 72 74 78 88 91 93 94 97 106 
112 114 116 117 118 119 120 125 138 141 143 145 
148 150 153 154 156 159 169 170 171 172 173 180 
181 185 187 188 190 193 195 199 200 206 208 211 
215 216 217 219 221 222 224 231 238 252 254 256 
259 261 268 269 270 273 282 286 290 291 296 298 
303 305 307 310 320 323 324 334 335 341 343 348 
353 356 363 364 368 370 375 376 378 379 381 386 
389 392 394 396 397 404 410 415 416 422 425 426 
432 444 447 453 457 462 465 467 468 469 472 475 
479 480 481 482 483 494 495 497 499 500 501 503 
505 509 514 519 520 532 533 534 535 537 538 539 
541 542 550 557 559 560 566 567 575 585 587 588 
589 590 594 596 598 601 605 606 613 614 632 636 
640 645 647 649 651 656 657 659 663 666 670 672 
678 682 683 689 690 692 695 697 698 706 710 712 
714 722 725 726 728 730 731 732 733 734 735 736 
737 739 740 741 742 749 752 760 766 772 775 777 
778 780 781 785 791 793 796 800 
235
1 6 8 13 18 19 22 30 35 40 42 47 
51 61 64 66 69 75 79 84 87 89 94 96 
99 101 107 108 110 111 113 114 116 124 127 129 
131 133 134 135 138 141 145 146 147 148 150 151 
153 155 160 173 177 180 182 185 186 188 190 199 
202 205 210 213 223 228 233 238 243 247 249 252 
253 261 262 264 266 271 274 284 285 288 295 297 
299 300 303 310 311 313 315 316 317 318 325 328 
329 330 337 338 340 344 345 346 347 351 354 355 
357 359 360 362 364 365 367 368 371 374 377 382 
383 385 389 393 394 395 396 402 404 410 411 412 
418 425 426 429 431 441 444 459 460 461 462 463 
469 471 474 475 478 480 485 488 493 498 500 501 
505 506 513 516 526 528 529 532 536 538 546 547 
551 553 555 557 560 565 566 570 577 581 587 588 
591 592 596 600 601 603 613 622 625 629 635 637 
642 643 644 647 649 652 653 661 668 675 678 683 
684 686 688 693 695 699 701 702 705 709 711 718 
720 725 728 730 733 736 737 740 743 746 750 771 
782 787 789 794 796 798 800 
244
1 3 5 6 7 14 16 19 25 26 36 37 
39 41 42 43 44 45 46 52 56 57 59 61 
67 71 72 73 74 81 84 89 90 92 93 96 
97 100 102 107 109 113 117 120 122 132 133 134 
147 151 155 158 160 163 166 168 171 172 173 177 
182 186 187 195 197 200 201 205 208 211 215 219 
221 226 228 229 231 236 237 240 242 248 250 251 
260 263 266 269 270 272 283 284 287 294 296 300 
303 304 308 311 313 316 319 322 323 327 329 332 
333 334 335 336 338 339 348 349 350 352 357 360 
366 371 372 376 383 387 388 396 397 404 405 410 
415 416 417 426 430 433 437 438 439 444 445 447 
450 451 456 459 462 463 466 469 474 476 477 481 
484 494 495 496 499 501 504 506 508 511 519 523 
527 529 534 539 540 543 546 553 556 558 560 562 
570 579 583 584 587 590 600 601 602 603 607 610 
613 614 618 624 628 629 633 634 635 636 641 646 
649 650 653 657 659 660 663 664 674 677 678 680 
683 696 700 702 706 711 716 719 723 724 734 735 
739 744 748 760 762 763 764 770 782 784 787 789 
790 792 793 795 
243
1 2 5 6 7 9 11 12 13 18 19 27 
29 34 37 39 47 69 82 83 85 89 90 97 
98 101 104 110 111 114 116 118 124 126 128 130 
136 137 138 140 141 142 143 144 148 149 154 156 
162 163 164 167 170 176 179 182 185 187 189 196 
198 199 202 203 204 205 206 207 212 220 221 226 
228 229 231 232 233 236 237 242 243 244 247 248 
251 253 261 266 270 271 272 273 277 278 286 291 
294 295 297 299 300 302 306 310 311 318 319 325 
329 333 336 337 339 345 346 348 350 351 359 361 
367 371 374 386 398 400 401 403 404 407 410 412 
415 420 426 427 428 429 430 434 436 444 445 449 
452 456 464 467 471 475 483 484 487 489 490 496 
501 507 508 515 516 518 519 538 542 553 554 557 
562 564 565 571 574 581 583 584 592 596 597 598 
600 601 603 604 610 613 615 619 620 623 625 634 
635 636 639 646 648 649 654 660 662 664 667 668 
676 677 678 679 680 681 689 693 695 696 697 700 
702 707 710 714 716 720 721 726 734 735 736 745 
752 758 765 766 767 772 774 775 777 779 784 790 
793 795 798 
247
3 4 6 8 11 14 18 19 22 23 24 25 
29 30 34 38 48 53 60 63 64 66 75 77 
83 84 86 87 90 93 99 105 106 107 108 112 
116 117 121 122 132 134 137 140 143 145 146 152 
153 155 156 157 158 159 166 168 169 170 174 176 
178 180 181 182 184 186 188 192 194 196 205 208 
210 215 216 221 227 228 232 236 237 240 242 245 
249 254 258 259 266 270 276 277 284 286 287 291 
298 301 305 306 310 313 314 317 319 321 327 329 
331 333 334 336 337 338 340 348 349 352 353 357 
358 359 371 374 377 378 383 385 394 399 404 405 
406 411 416 417 423 431 432 436 437 438 439 440 
444 445 448 455 463 464 467 471 476 479 481 484 
486 487 489 491 492 496 500 505 507 517 519 520 
531 532 536 548 558 561 562 564 567 574 575 579 
580 588 589 593 595 600 602 604 605 608 612 613 
615 616 620 621 622 636 642 645 647 653 657 660 
663 668 671 673 675 677 683 689 692 695 697 699 
702 711 713 717 719 720 728 744 745 746 748 752 
755 759 762 765 770 772 776 777 785 786 787 788 
790 791 792 795 796 798 800 
230
7 8 9 12 13 15 18 21 22 24 27 30 
32 36 42 43 47 50 53 55 57 69 77 80 
88 89 91 100 102 103 104 109 114 116 118 121 
122 123 124 128 130 135 140 143 144 148 151 154 
159 160 161 162 165 170 173 176 178 180 184 185 
193 195 201 203 207 209 215 216 220 225 233 243 
245 249 250 253 264 273 274 289 291 301 303 305 
309 310 312 323 328 333 339 340 343 345 351 353 
360 362 365 371 375 376 377 383 395 396 404 406 
410 414 416 417 421 422 425 426 429 430 435 436 
438 440 445 450 452 453 459 460 462 464 467 469 
473 475 478 484 486 487 489 492 496 497 498 499 
503 506 511 512 515 518 519 520 527 528 532 533 
534 536 539 543 549 551 555 560 567 571 578 581 
585 590 591 595 596 600 602 603 605 606 610 621 
622 624 628 630 632 637 639 643 646 647 651 656 
657 661 662 666 668 681 682 686 688 691 693 699 
709 710 720 730 731 737 742 744 745 746 748 754 
758 759 765 770 773 777 778 781 784 788 793 794 
795 799 
233
1 3 7 9 10 14 21 23 29 30 39 48 
50 57 63 70 80 85 94 105 117 118 124 130 
133 144 145 148 151 153 158 160 162 164 167 171 
172 173 176 178 181 182 184 190 191 194 196 197 
198 200 202 207 209 213 218 219 222 226 228 231 
234 237 238 244 245 254 258 260 264 266 273 277 
279 283 284 289 290 298 300 302 304 305 310 321 
324 326 328 329 330 331 342 343 345 347 350 351 
357 358 360 362 363 365 368 370 371 373 374 386 
388 391 392 395 398 401 405 409 411 420 424 425 
426 427 429 434 451 459 460 475 476 478 483 486 
491 492 494 497 498 501 502 511 512 516 517 520 
523 525 527 540 541 545 551 553 554 555 556 559 
560 561 564 565 566 567 570 571 574 583 588 592 
593 594 595 599 601 602 603 616 617 618 622 624 
627 629 630 634 643 644 645 648 655 657 661 665 
670 671 674 676 684 688 692 693 697 698 705 706 
715 721 723 725 726 727 731 734 735 738 741 745 
749 752 756 761 762 767 771 776 780 783 786 793 
795 796 798 799 800 
248
3 6 7 8 11 14 22 23 24 27 28 31 
32 33 36 40 45 51 52 53 56 58 60 61 
67 68 72 75 80 88 96 98 99 102 107 118 
120 132 139 144 145 146 149 159 160 161 162 168 
173 176 179 182 185 186 195 197 200 202 205 209 
212 217 219 220 228 230 232 233 238 241 249 253 
256 264 267 274 278 282 283 288 292 294 295 297 
298 299 305 306 307 311 314 320 322 323 325 326 
327 328 330 332 339 349 352 355 357 358 360 364 
365 367 368 372 381 382 387 389 390 393 394 403 
408 414 415 416 417 425 426 428 430 431 434 438 
446 451 456 457 461 465 467 469 476 485 493 494 
495 498 501 503 505 508 509 513 517 523 524 525 
526 528 529 532 537 545 546 557 558 560 564 566 
567 571 575 576 577 578 579 581 582 583 590 592 
593 597 601 602 610 611 612 614 616 628 630 631 
632 637 639 641 643 644 654 658 661 670 672 673 
675 676 680 683 687 688 693 698 699 701 705 706 
710 711 712 714 716 717 723 736 740 743 744 745 
748 752 755 756 760 761 762 764 766 767 771 773 
774 779 782 785 786 792 793 799 
236
3 5 11 13 25 27 32 36 40 41 43 44 
45 55 58 59 60 64 69 70 72 73 75 76 
77 78 80 81 82 85 89 90 91 94 98 99 
100 101 103 108 111 113 115 117 118 119 130 131 
134 139 140 142 143 154 158 159 160 163 168 171 
175 176 179 183 186 190 191 198 200 208 211 215 
220 235 243 244 249 251 253 259 261 264 265 267 
268 269 272 276 280 282 285 287 293 294 300 301 
304 306 307 308 309 311 314 316 318 321 322 329 
330 337 338 340 342 344 346 347 352 357 360 369 
386 389 390 391 394 399 400 406 409 417 418 419 
429 430 432 434 443 446 452 453 454 455 456 459 
463 466 469 476 479 488 489 491 507 508 514 518 
521 528 534 540 542 544 547 550 551 555 556 557 
558 560 562 572 573 576 577 578 584 589 593 595 
597 600 601 604 605 611 612 614 629 635 642 643 
644 645 650 652 657 661 667 669 672 674 676 680 
681 682 689 692 699 700 702 703 707 711 714 715 
717 723 725 727 728 732 733 734 738 739 745 749 
753 766 768 769 772 773 796 797 
248
5 8 10 11 13 14 16 29 35 39 47 49 
51 54 56 61 62 66 68 69 73 74 81 85 
87 89 91 92 97 100 107 114 117 118 119 122 
124 125 126 131 136 138 141 142 147 157 162 164 
165 166 169 170 172 178 185 188 193 194 195 199 
201 203 204 205 211 212 214 215 218 229 231 239 
240 244 249 250 254 255 263 264 270 271 274 275 
276 279 280 281 284 287 289 292 296 297 298 299 
303 306 319 320 322 326 332 334 342 351 354 359 
362 368 370 372 375 376 381 383 385 392 393 397 
399 402 404 405 408 411 417 418 420 424 429 433 
441 443 445 446 448 452 453 457 459 465 473 477 
478 481 482 484 487 492 493 498 500 503 506 510 
512 516 521 522 523 525 529 532 534 535 538 540 
542 548 551 553 555 556 558 568 569 574 576 578 
581 584 587 591 594 596 597 602 604 605 608 610 
619 620 622 625 628 629 630 632 633 634 638 639 
642 647 653 656 657 658 661 663 672 676 680 683 
684 685 688 691 693 704 705 708 709 710 719 720 
724 733 738 739 742 748 749 750 754 756 757 764 
767 768 769 785 787 788 793 795 
247
7 8 10 12 14 15 16 17 21 22 23 30 
31 35 36 39 40 41 44 52 54 55 67 68 
70 84 85 86 89 95 96 102 104 106 107 112 
113 117 127 128 129 131 132 135 136 140 142 143 
145 151 153 155 161 165 166 172 178 180 182 193 
195 205 206 207 209 210 215 216 219 224 228 231 
236 237 242 255 256 257 258 259 265 271 272 273 
277 280 285 294 296 301 311 312 314 316 317 321 
330 332 338 342 346 353 355 356 357 359 360 362 
366 370 374 376 377 378 385 389 392 393 394 398 
404 407 411 417 419 421 426 433 440 441 445 446 
448 450 451 452 459 460 461 469 477 478 480 483 
485 494 495 496 508 511 512 515 518 519 520 522 
526 527 528 530 531 542 544 553 556 557 559 561 
565 571 572 576 579 590 593 595 596 600 602 608 
612 615 618 620 625 626 631 633 634 637 639 640 
641 648 650 652 653 654 655 658 660 661 663 669 
670 672 673 677 680 686 687 688 689 691 693 698 
699 707 710 716 717 719 720 725 726 727 730 731 
736 741 744 747 759 765 767 770 772 773 774 775 
782 787 788 791 797 798 800 
215
9 10 11 17 25 26 29 37 40 41 46 50 
55 56 63 64 65 74 76 77 78 79 88 89 
94 95 99 105 108 114 123 124 130 133 134 137 
140 142 146 153 158 167 171 174 179 180 184 186 
190 195 200 202 203 212 217 220 227 233 238 240 
243 245 250 255 257 263 267 272 273 276 278 287 
293 296 302 304 305 313 325 326 334 337 342 344 
355 364 365 366 367 369 371 375 381 383 386 389 
391 392 393 396 398 401 402 403 406 408 411 413 
416 433 435 437 439 440 441 442 451 462 464 465 
469 471 478 479 488 489 490 492 495 501 506 507 
511 514 516 517 521 523 526 529 537 539 543 545 
547 548 552 553 555 557 558 566 570 573 574 576 
578 591 593 594 603 612 613 614 616 620 624 626 
637 638 650 653 656 657 658 661 662 666 668 671 
672 674 678 687 688 690 693 694 702 703 712 719 
724 727 729 732 733 739 740 745 746 748 753 755 
756 762 764 765 766 768 771 776 777 780 790 
223
2 5 6 10 11 19 23 26 27 30 34 37 
41 45 48 52 56 61 66 67 69 70 75 78 
80 82 83 92 96 97 100 105 106 108 112 113 
114 115 121 123 124 125 129 130 142 145 146 149 
152 154 168 170 174 175 180 192 193 197 198 201 
204 205 208 214 216 218 226 227 233 250 256 263 
266 269 274 275 278 280 293 294 297 307 310 311 
313 315 316 318 324 332 334 336 341 343 350 354 
356 357 358 360 364 367 368 371 377 378 381 383 
386 392 393 394 399 402 405 407 408 409 410 414 
424 434 439 446 448 452 453 455 456 457 460 461 
462 476 485 490 491 492 495 497 498 500 501 502 
503 506 508 509 510 511 515 518 519 521 522 524 
529 530 534 536 538 540 543 547 548 549 556 559 
562 571 574 575 577 580 583 585 590 593 606 609 
611 613 619 621 626 628 631 646 653 662 667 668 
669 670 683 693 695 696 697 706 711 718 722 730 
732 734 736 741 742 744 747 751 753 758 759 762 
765 773 777 778 780 790 798 
229
1 3 5 15 17 21 22 24 25 27 30 43 
52 59 60 63 71 76 80 88 90 96 97 98 
101 103 104 107 110 111 112 113 114 116 117 118 
119 122 128 129 132 134 136 137 138 142 145 150 
151 152 155 157 160 161 164 165 166 169 173 176 
177 182 188 198 205 209 210 213 215 216 217 218 
219 221 228 229 234 243 247 248 252 254 255 257 
261 266 288 289 290 292 293 301 308 313 314 319 
320 329 335 337 339 342 344 348 349 351 353 356 
358 363 366 367 368 370 371 374 378 383 385 388 
390 391 395 396 399 400 403 407 409 412 414 417 
420 423 430 438 442 443 448 450 451 453 458 463 
472 476 480 481 482 488 494 502 514 515 516 517 
518 525 526 531 533 539 540 543 555 564 569 576 
577 579 583 585 589 592 594 596 598 601 613 618 
619 621 625 627 628 633 635 637 645 650 653 655 
657 659 666 670 671 672 675 676 678 679 681 687 
690 691 695 706 710 719 723 725 734 739 742 744 
746 748 761 767 772 776 777 778 779 783 787 788 
798 
210
1 5 14 17 21 23 24 42 50 52 54 59 
61 65 66 78 79 80 81 83 88 93 94 103 
105 110 111 113 116 123 126 131 150 154 157 160 
167 173 174 185 188 190 193 195 197 198 200 201 
206 207 217 222 225 230 232 233 238 239 240 241 
245 247 248 249 251 254 257 259 260 261 264 271 
280 282 290 291 292 295 302 304 308 310 311 313 
315 317 318 325 328 330 334 337 340 342 343 344 
345 351 358 366 371 392 394 403 404 412 413 416 
431 437 441 444 449 450 454 474 475 479 480 481 
484 485 492 499 501 507 511 512 513 514 515 522 
523 524 526 528 538 543 545 546 552 553 555 559 
561 563 564 570 574 580 581 584 585 593 597 606 
607 608 614 617 618 623 626 627 632 633 634 650 
653 658 662 664 668 671 672 677 680 683 685 686 
688 689 697 698 702 708 709 713 716 717 719 722 
730 735 739 742 743 745 751 752 760 761 775 780 
782 783 787 796 797 798 
236
3 7 10 18 19 20 23 27 30 31 35 37 
39 41 42 44 55 56 59 63 70 73 74 75 
78 83 86 87 91 96 97 99 102 103 105 110 
112 113 114 115 118 121 123 132 139 141 142 143 
154 155 160 163 164 165 166 177 180 185 187 190 
195 200 201 202 205 210 215 216 220 221 222 230 
231 232 233 235 239 240 242 244 248 253 258 259 
263 264 265 266 272 273 281 284 285 286 287 290 
291 292 298 299 300 301 302 314 315 318 319 320 
326 329 334 336 337 338 344 347 348 349 350 351 
353 356 362 368 371 372 380 397 402 407 409 411 
414 415 422 425 428 430 431 436 437 439 447 448 
452 458 471 476 488 493 496 497 500 503 505 506 
509 510 511 514 516 519 520 525 527 528 533 536 
539 545 549 550 571 576 578 581 583 589 598 601 
606 608 614 615 617 625 629 631 632 633 634 637 
639 650 661 662 664 666 667 670 675 677 682 687 
688 690 692 694 695 698 701 702 708 709 715 717 
720 726 727 732 734 744 746 748 755 757 759 761 
763 776 784 786 789 794 799 800 
249
4 6 7 14 19 20 25 26 29 36 40 43 
46 51 56 61 63 64 68 71 74 80 83 85 
88 91 93 95 96 106 110 118 122 129 131 134 
144 147 148 151 155 158 160 161 162 165 169 171 
174 176 179 180 185 190 191 194 196 197 205 212 
214 221 223 225 226 229 231 233 236 237 243 244 
245 246 253 262 263 264 267 269 270 271 274 284 
285 286 290 293 296 300 306 307 309 310 313 327 
332 333 337 338 342 343 344 345 347 348 349 350 
354 356 357 358 363 364 365 368 370 371 376 377 
379 380 381 383 395 397 408 409 410 412 413 415 
417 426 430 439 443 449 453 454 457 465 471 478 
480 486 494 497 500 504 509 512 516 517 518 519 
523 526 530 536 537 541 543 545 549 558 560 561 
564 567 569 571 572 579 583 584 586 587 588 590 
591 595 597 600 602 604 606 609 611 615 618 620 
625 626 631 636 637 640 644 647 649 650 657 659 
665 666 667 671 673 674 675 678 684 686 691 692 
695 701 703 704 705 710 711 714 720 726 727 728 
729 732 733 735 737 742 747 748 751 755 758 761 
765 771 774 781 787 790 792 793 800 
238
2 8 15 20 22 23 24 33 41 42 43 45 
48 49 56 57 60 66 69 72 73 74 77 79 
80 88 90 93 97 101 102 113 115 117 123 124 
125 126 130 131 132 134 136 144 150 151 152 156 
163 168 173 180 181 182 184 187 188 190 191 195 
196 197 198 200 201 207 208 210 213 222 224 227 
230 233 234 237 240 241 243 244 247 251 252 253 
254 255 257 261 267 269 287 288 290 291 296 302 
305 309 311 313 316 328 332 338 341 342 348 350 
351 355 359 361 363 364 372 377 379 381 386 389 
390 393 396 398 399 402 404 406 408 414 415 416 
421 423 430 431 440 441 445 446 447 448 456 458 
459 460 461 463 474 477 483 487 498 500 502 510 
512 513 519 521 526 531 535 536 541 545 549 550 
552 553 554 564 567 571 574 576 580 587 591 597 
598 600 602 607 609 614 619 623 625 628 630 639 
640 641 644 653 655 657 661 662 664 666 667 669 
672 677 683 685 687 691 692 700 703 704 706 712 
718 727 730 731 733 738 746 752 754 758 760 763 
770 774 776 780 782 788 792 794 797 799 
227
1 6 13 17 22 25 28 33 39 43 44 47 
50 54 59 66 71 74 75 76 90 91 93 99 
105 106 117 120 122 126 135 137 142 146 148 150 
154 162 168 171 178 180 181 184 187 188 191 192 
195 196 199 201 215 219 220 227 228 229 230 231 
234 238 241 249 250 251 254 256 261 265 270 272 
279 282 291 293 294 296 297 299 300 302 307 308 
309 311 320 322 323 325 326 329 332 333 334 335 
337 340 343 355 356 358 367 375 376 379 381 385 
394 400 402 403 405 409 412 414 415 419 421 426 
427 430 433 441 445 449 467 473 474 475 478 481 
487 493 494 497 498 502 504 508 511 517 521 524 
526 528 529 531 537 542 550 554 555 556 557 564 
566 568 572 580 585 586 596 600 608 609 613 616 
620 622 625 628 632 634 635 636 638 644 646 648 
658 659 663 666 667 669 671 673 674 676 677 678 
684 691 692 693 694 695 697 701 702 708 709 715 
716 719 724 725 729 733 735 736 742 744 750 755 
764 770 775 776 777 778 779 780 782 789 791 
257
11 13 14 15 17 20 21 23 25 26 27 28 
33 35 36 39 41 53 54 56 57 58 59 62 
63 69 70 72 74 76 78 83 85 92 93 97 
98 99 102 103 104 107 110 114 127 130 131 132 
133 134 137 140 145 153 155 156 157 159 163 165 
170 171 174 177 179 180 182 184 187 191 197 200 
203 210 217 218 224 226 227 228 229 234 235 236 
238 240 242 249 250 254 259 264 270 271 273 277 
279 282 289 295 296 297 301 302 303 305 310 311 
316 317 319 322 332 333 342 343 345 347 350 354 
356 358 365 366 368 369 373 376 384 386 387 389 
394 397 398 401 402 404 405 406 407 408 411 413 
414 419 421 425 430 431 435 440 449 457 459 463 
468 475 478 479 481 483 485 489 495 497 498 501 
503 505 509 512 515 520 522 526 527 533 534 537 
538 540 547 548 550 552 555 557 562 570 571 574 
580 585 588 591 592 593 598 599 601 602 605 606 
608 615 616 621 622 624 626 630 633 635 642 643 
644 648 650 653 661 663 664 673 674 679 681 687 
690 692 694 695 696 703 710 711 712 714 726 730 
732 738 746 752 753 755 760 761 762 774 777 780 
784 790 792 799 800 
237
2 8 10 14 16 19 22 28 29 34 38 41 
44 46 54 66 70 75 78 79 80 83 88 92 
93 97 100 102 105 106 108 118 119 123 128 133 
136 137 139 142 153 157 158 160 163 166 171 187 
191 192 194 195 197 200 202 204 205 215 216 218 
222 224 226 227 228 229 230 231 233 234 236 242 
246 252 253 254 255 257 261 262 265 266 269 271 
275 285 292 295 296 299 303 305 307 311 316 320 
321 323 329 336 337 341 344 347 351 358 361 368 
382 383 388 389 391 393 398 402 404 405 418 419 
421 426 428 431 432 434 435 442 449 453 454 455 
456 457 462 466 469 476 478 479 481 488 492 500 
501 507 509 512 515 517 522 526 527 533 536 539 
540 541 542 543 551 556 559 560 561 563 565 566 
569 570 571 578 584 585 586 587 589 590 591 592 
593 595 599 601 605 609 610 615 628 634 637 638 
643 647 652 656 657 663 665 674 680 682 684 692 
694 696 697 699 706 709 717 718 719 723 725 727 
729 730 732 744 753 760 762 765 766 768 769 770 
772 773 776 779 780 783 790 793 794 
251
1 5 7 8 13 14 21 26 28 29 30 31 
34 38 41 43 45 53 56 58 59 70 71 73 
78 83 84 85 86 90 91 92 96 99 102 103 
104 105 107 114 122 123 125 127 131 135 139 141 
148 151 154 158 165 169 171 172 182 187 192 193 
195 198 200 201 207 210 213 219 225 227 228 229 
230 231 235 236 238 242 244 245 246 253 254 256 
257 261 263 266 270 271 275 277 281 285 286 291 
292 293 296 297 298 300 301 304 308 313 314 316 
322 325 330 335 340 344 345 350 357 367 369 377 
385 386 387 388 389 394 396 398 400 403 405 406 
407 411 412 430 436 438 445 451 453 458 462 463 
467 468 472 473 474 477 478 483 492 494 499 502 
503 507 508 510 514 516 517 518 520 522 524 525 
532 535 537 540 542 544 548 549 550 554 556 559 
566 573 578 579 581 582 583 590 594 597 600 601 
602 603 614 617 619 620 625 627 631 632 639 641 
656 660 661 662 663 668 673 676 677 681 683 684 
686 687 690 695 699 700 701 703 716 720 725 733 
736 738 748 751 753 756 757 762 763 765 766 774 
776 778 781 783 784 785 787 788 791 792 793 
235
2 5 9 10 14 15 18 21 22 24 31 33 
37 40 42 43 45 46 47 49 53 55 56 57 
58 68 69 70 75 76 80 89 90 92 94 95 
100 111 116 119 120 131 132 137 145 146 147 150 
154 155 161 169 170 182 184 187 190 199 201 207 
214 216 217 218 221 226 228 235 238 239 240 241 
252 253 255 257 261 266 269 273 276 277 279 281 
282 285 287 291 292 293 295 300 302 303 305 313 
316 318 319 321 322 323 327 328 333 334 336 339 
341 345 352 359 360 367 368 369 375 379 380 381 
383 386 403 404 410 411 414 422 423 426 427 429 
434 435 437 441 442 443 444 449 456 458 462 465 
471 473 480 481 491 494 495 498 499 500 502 503 
509 513 516 517 529 532 534 537 542 543 547 549 
553 555 561 568 572 577 581 588 589 590 591 592 
596 597 600 603 609 611 612 617 625 629 630 633 
640 641 643 647 648 653 655 658 662 669 670 671 
672 674 680 684 688 689 696 697 698 700 702 711 
720 725 728 730 738 744 751 759 764 772 773 780 
781 782 789 793 796 797 799 
221
1 9 11 14 15 19 26 28 36 37 38 41 
43 44 45 48 51 52 55 56 57 61 67 80 
81 83 84 88 89 90 94 96 105 108 111 120 
125 127 128 129 136 144 147 148 155 159 162 163 
172 174 175 178 186 193 197 198 199 202 204 206 
210 212 219 222 225 226 232 234 237 239 246 247 
249 252 253 254 261 269 272 278 281 285 288 289 
290 291 293 299 302 305 312 313 314 318 319 323 
329 330 334 335 345 347 349 354 359 364 367 368 
370 371 377 387 391 392 394 397 401 405 408 409 
411 414 415 425 429 434 440 441 442 443 446 463 
466 468 470 471 472 474 475 480 484 486 487 488 
489 492 498 500 505 506 508 509 510 514 520 522 
523 528 530 531 535 536 538 541 552 558 561 567 
578 582 584 587 595 596 606 608 615 634 637 642 
645 656 657 670 674 675 679 681 685 689 690 691 
694 695 696 701 712 716 718 719 725 728 733 739 
742 744 746 748 749 754 756 764 767 769 776 777 
778 784 786 787 790 
230
1 3 4 8 9 14 17 22 23 27 28 29 
31 33 35 36 43 45 50 57 58 67 69 73 
77 78 81 86 90 91 93 100 105 106 107 110 
118 119 122 125 127 130 138 143 145 148 152 160 
162 168 173 181 183 190 193 201 204 205 206 207 
209 210 211 213 217 220 222 224 225 226 231 232 
235 243 245 246 247 258 259 260 261 271 273 277 
281 282 284 289 291 292 295 299 303 305 309 317 
320 323 324 329 332 334 341 345 348 351 357 360 
362 363 366 374 377 378 379 382 383 384 401 402 
404 408 411 414 420 422 426 431 433 438 442 446 
447 448 453 459 462 463 465 468 472 477 479 486 
487 489 494 495 497 516 517 519 521 524 528 536 
539 542 547 549 550 555 558 560 561 562 564 567 
573 574 577 581 584 585 595 596 600 602 604 608 
619 624 628 632 634 636 638 640 649 650 660 663 
665 666 671 672 679 683 684 688 690 696 704 706 
707 708 711 715 719 720 721 725 731 732 737 746 
747 753 757 758 761 762 763 771 777 780 784 785 
790 793 
233
1 4 6 14 15 24 26 39 41 43 44 46 
55 57 59 62 65 66 71 85 92 93 94 96 
98 100 102 110 112 113 115 119 120 126 127 130 
138 139 143 147 151 153 154 155 156 157 158 160 
164 169 171 173 181 183 185 187 188 195 201 202 
205 206 213 214 221 223 224 230 233 238 239 240 
252 255 257 258 260 265 267 273 277 278 279 282 
284 287 289 291 294 297 306 310 318 321 329 330 
331 336 337 339 347 349 351 355 359 360 362 364 
365 367 373 374 381 387 388 392 393 395 397 400 
416 422 425 429 443 452 454 455 460 461 463 468 
471 474 478 479 480 481 485 487 495 498 507 511 
514 515 516 518 525 526 534 535 541 542 548 549 
552 554 555 560 563 565 568 570 577 580 583 585 
586 587 589 595 598 599 601 603 604 607 609 611 
614 619 622 629 631 633 634 635 637 646 650 654 
655 672 674 675 683 687 689 690 694 701 707 708 
709 711 712 713 715 717 718 728 732 740 743 745 
747 748 752 753 754 756 765 771 779 781 785 786 
788 792 794 798 799 
246
1 3 5 6 11 16 19 21 23 24 25 30 
33 35 44 52 55 61 62 63 68 70 73 74 
77 80 83 87 91 96 97 99 102 107 115 118 
121 123 128 132 133 136 148 151 155 158 160 162 
163 165 175 177 180 188 190 192 195 203 205 209 
211 214 215 218 223 225 228 229 231 232 234 235 
238 242 248 252 254 258 262 264 266 270 277 283 
285 287 291 294 304 306 315 316 320 323 326 330 
333 336 342 343 344 346 350 353 354 359 360 361 
362 368 369 370 371 374 384 387 388 389 396 398 
408 409 413 424 425 429 432 433 434 435 439 446 
448 449 451 461 463 464 468 470 471 475 478 482 
493 496 497 500 502 503 506 510 511 512 514 520 
525 536 537 540 546 547 549 550 559 560 562 563 
568 571 572 573 575 576 577 580 581 591 607 615 
617 619 620 622 623 625 628 630 632 637 638 641 
645 648 649 651 654 655 658 661 669 670 678 679 
682 683 684 688 690 692 694 698 699 700 702 707 
710 711 713 717 719 724 726 732 738 741 742 745 
747 751 755 757 759 763 767 770 771 774 777 778 
784 787 790 793 796 799 
234
1 6 10 16 17 18 25 26 27 31 32 33 
37 39 40 41 47 49 51 55 57 59 68 70 
72 73 74 77 80 85 87 88 92 95 97 100 
102 104 111 112 113 129 130 134 135 137 141 143 
157 161 162 174 175 177 181 183 184 187 191 192 
194 196 199 206 208 214 230 233 235 242 247 255 
257 260 261 265 266 269 272 275 285 287 290 294 
296 297 298 302 308 315 316 317 319 320 322 326 
329 331 339 344 355 356 357 358 366 369 375 376 
378 381 386 388 395 398 400 404 407 409 410 419 
420 428 431 435 436 439 441 444 445 448 449 451 
454 456 463 464 466 469 471 473 474 478 481 485 
488 490 493 499 500 501 502 504 510 519 527 534 
535 537 539 540 541 546 547 550 551 553 556 560 
561 563 567 568 571 572 579 583 585 586 590 594 
597 601 603 604 606 607 608 610 614 622 625 626 
629 631 633 637 646 647 662 668 672 676 681 684 
687 689 690 693 695 698 705 710 711 720 724 726 
731 733 739 742 749 752 761 768 769 771 774 778 
779 781 789 796 797 800 
257
3 8 11 20 22 23 25 29 31 34 35 41 
43 44 50 54 55 59 60 61 68 70 71 72 
76 77 91 94 95 96 97 105 107 111 115 118 
120 121 123 127 133 140 143 144 145 146 147 148 
150 155 156 160 162 163 165 166 167 169 172 173 
176 180 192 194 195 196 201 204 207 210 211 212 
214 218 221 223 233 235 238 240 241 242 248 257 
262 263 264 266 267 268 273 276 281 284 285 287 
294 301 303 304 306 307 311 312 313 318 320 321 
324 328 331 335 336 337 361 362 364 366 367 368 
370 371 373 374 377 380 385 393 397 398 399 408 
415 417 425 426 427 431 433 434 436 441 444 447 
448 449 455 463 475 479 482 486 487 493 495 496 
499 501 508 509 512 513 514 516 518 520 521 524 
525 526 532 538 541 543 544 551 552 563 569 571 
574 577 581 584 589 594 595 600 601 606 609 610 
612 614 621 626 627 632 635 636 638 642 644 650 
653 661 663 670 673 675 676 684 685 690 694 695 
697 698 701 703 706 713 717 719 725 726 730 732 
735 736 737 740 741 746 747 749 750 754 755 760 
761 762 767 770 772 775 777 779 782 783 784 785 
788 792 794 796 799 
231
1 6 7 11 19 20 21 28 29 30 35 37 
38 41 50 51 52 56 58 67 74 84 89 90 
95 101 104 109 110 111 112 122 127 130 131 135 
136 138 141 143 153 155 157 163 166 169 173 178 
185 186 193 197 198 202 204 210 212 213 215 224 
225 228 236 238 240 245 249 250 256 257 258 265 
266 267 269 271 279 280 283 284 287 292 296 298 
301 303 304 307 308 311 313 316 317 324 326 328 
331 333 335 337 338 339 342 344 345 346 347 358 
362 372 375 381 382 383 384 388 390 406 414 416 
417 420 422 426 427 429 433 434 441 442 448 449 
450 451 458 459 460 471 475 476 477 482 483 485 
488 493 505 511 512 517 522 524 532 536 539 546 
547 549 552 553 556 557 558 564 565 567 568 571 
572 576 582 583 584 586 591 594 597 600 601 610 
614 619 621 629 631 636 637 638 640 642 648 658 
659 661 663 664 667 670 671 680 689 690 691 703 
706 707 708 709 711 713 716 720 721 723 726 728 
732 740 749 757 758 761 765 768 769 772 779 787 
792 793 796 
244
1 2 4 5 12 14 21 25 26 28 42 45 
46 47 49 50 52 56 58 69 70 72 75 78 
82 86 87 88 89 90 94 96 97 99 101 106 
116 118 122 123 124 125 130 131 139 141 143 144 
146 148 150 158 165 167 170 173 175 176 181 183 
184 186 187 192 194 195 197 207 209 210 212 218 
224 228 230 233 234 236 242 244 248 249 251 252 
253 257 262 265 278 279 281 283 284 288 290 291 
294 295 296 297 306 307 327 330 336 337 339 343 
344 345 347 348 349 350 351 353 358 361 364 383 
384 385 387 392 394 399 404 407 408 410 423 425 
426 429 431 432 435 441 442 449 450 451 453 463 
465 466 467 472 473 481 483 484 486 487 489 490 
492 501 502 504 512 514 516 518 519 523 526 530 
533 534 536 537 539 544 545 550 552 557 559 561 
562 564 568 573 574 575 578 584 586 589 593 594 
597 599 606 607 608 610 614 615 617 619 620 621 
627 635 642 643 648 654 667 670 673 674 689 693 
695 701 703 705 712 716 720 723 725 726 728 729 
732 738 741 742 748 749 754 757 778 779 785 789 
790 791 797 799 
256
1 2 10 15 17 18 21 23 29 31 32 33 
34 39 40 41 42 43 44 45 47 48 61 62 
63 66 70 73 76 78 79 80 81 83 84 85 
89 92 93 94 97 101 102 103 105 107 108 113 
114 120 121 123 130 135 137 140 141 146 147 156 
157 159 165 174 180 184 185 186 187 191 193 194 
195 198 206 207 210 214 218 220 223 233 238 245 
247 258 260 263 265 266 267 268 269 272 279 283 
285 286 287 288 298 299 312 318 319 332 334 336 
340 346 351 353 354 355 356 362 366 368 369 370 
376 377 387 388 391 400 413 417 418 423 424 427 
429 430 435 437 438 442 445 453 455 456 458 459 
461 462 463 469 471 473 474 475 480 483 485 489 
491 494 498 499 502 503 504 509 511 516 518 526 
532 534 535 547 548 550 552 560 561 562 563 567 
568 570 571 572 577 578 579 582 585 586 591 596 
598 601 609 617 621 622 623 626 627 628 631 635 
636 642 645 646 647 649 662 663 666 668 669 670 
674 676 677 680 681 683 685 686 689 691 700 701 
710 711 713 714 722 725 726 734 736 739 751 752 
755 759 767 771 773 774 780 786 787 788 794 795 
796 797 798 799 
234
4 5 6 9 12 19 25 29 30 37 39 41 
44 46 50 52 53 56 59 63 64 67 69 70 
74 75 85 89 97 98 100 103 104 109 110 111 
112 113 114 116 117 122 123 125 132 141 142 147 
155 156 158 161 169 171 172 174 180 185 187 193 
196 199 202 205 217 218 220 221 227 230 232 233 
236 237 240 248 250 256 258 260 265 274 275 280 
292 294 301 302 304 305 307 311 312 331 334 337 
342 348 352 353 354 356 358 362 366 370 376 377 
383 384 385 396 398 400 402 408 415 417 418 419 
422 423 425 427 435 443 445 447 454 457 462 463 
466 472 476 477 482 483 484 487 491 492 494 497 
499 501 506 507 509 511 513 515 521 527 530 531 
536 538 539 549 552 555 557 558 561 564 575 578 
580 588 601 602 604 608 610 611 613 614 619 622 
625 627 628 630 634 635 637 641 643 658 661 662 
669 674 675 677 679 681 687 688 691 692 693 695 
701 702 704 708 711 721 727 732 734 736 740 742 
747 752 753 757 761 767 774 777 778 783 784 792 
793 794 795 796 797 798 
252
2 4 8 12 15 21 24 29 30 34 37 38 
47 48 58 59 61 62 73 75 77 79 83 86 
88 89 91 95 96 97 101 102 110 111 113 121 
132 137 140 141 145 149 151 152 154 155 157 160 
165 166 175 185 187 189 190 191 200 201 203 204 
205 206 208 211 212 213 220 221 223 226 227 229 
230 236 242 243 244 246 248 255 258 261 265 266 
270 275 279 282 284 285 286 291 294 297 305 307 
314 321 322 327 328 329 338 340 345 347 349 352 
353 354 356 358 359 361 363 366 367 368 369 370 
371 373 381 386 388 395 397 402 418 422 424 427 
430 432 435 436 443 445 446 450 457 463 464 465 
467 471 473 476 479 480 481 486 488 492 494 499 
503 505 512 516 522 524 526 527 528 531 538 539 
541 543 545 547 550 552 553 557 566 567 572 582 
588 589 598 605 607 608 610 613 615 616 617 618 
625 628 629 631 639 641 644 645 646 648 651 653 
655 656 663 667 668 669 670 673 674 675 680 682 
684 688 689 692 697 700 704 705 707 710 712 713 
721 724 729 730 740 741 746 753 759 764 775 776 
778 779 781 782 783 785 791 792 794 795 799 800 
271
3 4 8 11 17 27 33 36 39 40 42 43 
45 46 47 50 51 57 59 61 62 64 66 67 
70 71 80 81 83 84 86 88 89 90 94 98 
99 102 103 104 109 112 115 118 119 120 122 125 
133 138 143 144 145 147 148 150 152 155 159 163 
166 170 177 180 185 187 191 192 193 201 204 206 
207 214 217 218 219 220 222 224 228 229 231 237 
244 245 248 253 258 259 261 270 271 273 278 284 
287 288 289 291 295 296 297 300 302 304 305 308 
311 312 317 322 323 325 327 330 331 332 336 337 
338 340 348 352 355 357 358 364 368 371 373 376 
382 383 384 385 387 395 399 400 408 411 412 416 
417 419 420 424 428 435 437 439 440 441 443 444 
445 447 449 450 451 454 456 460 461 462 464 466 
467 469 474 475 477 480 484 485 491 495 497 498 
503 508 513 517 519 522 526 527 528 536 541 546 
547 548 550 551 552 554 558 561 568 574 577 581 
582 586 590 596 601 606 607 610 612 616 619 621 
625 627 628 634 635 636 638 645 651 652 654 660 
665 670 673 674 677 686 687 688 692 693 694 697 
706 708 709 711 714 716 723 725 726 730 737 739 
741 743 746 753 754 755 760 762 764 766 768 770 
775 777 780 784 785 793 795 
252
1 2 8 11 15 17 20 23 27 28 32 35 
39 40 57 60 61 63 66 71 73 74 75 77 
79 82 90 93 97 98 99 102 105 108 112 113 
123 124 125 132 133 134 135 137 145 150 153 159 
161 163 165 168 169 170 173 174 178 183 186 188 
192 193 195 197 199 201 203 204 208 211 215 216 
226 227 228 229 233 238 242 244 247 248 250 251 
252 254 266 267 269 273 274 278 283 284 286 289 
294 295 298 303 304 305 311 334 336 338 351 353 
357 359 361 362 366 372 375 376 388 390 395 397 
398 399 402 406 408 412 413 416 420 421 424 425 
426 429 430 436 438 443 444 447 448 452 453 455 
456 465 468 469 470 476 477 478 481 484 485 487 
488 490 498 506 512 513 519 522 527 528 535 536 
543 548 552 555 556 557 560 561 568 570 571 573 
575 576 579 581 588 589 598 600 607 613 614 616 
618 619 626 628 629 647 652 653 654 655 660 661 
663 666 667 669 670 671 672 674 680 681 682 684 
686 691 692 696 698 702 705 707 710 714 715 718 
719 729 732 735 742 743 746 747 751 755 756 766 
769 770 772 775 778 783 784 788 792 797 798 799 
245
3 9 11 12 13 14 17 18 23 24 25 29 
32 33 35 37 39 41 47 48 49 53 56 58 
59 64 69 72 73 81 82 83 90 91 92 101 
103 105 109 114 117 119 121 122 124 131 133 137 
138 139 140 141 142 150 154 157 161 162 163 166 
167 168 173 183 185 187 188 191 198 203 211 213 
217 225 228 231 232 237 238 241 247 249 258 264 
265 267 272 275 277 285 286 287 290 291 297 301 
306 308 310 312 314 321 327 331 337 340 341 342 
343 345 347 349 352 354 360 364 367 372 377 380 
389 392 400 402 405 406 408 409 411 412 413 417 
418 444 445 448 449 450 455 456 465 467 470 473 
480 482 486 497 498 499 501 504 506 509 514 516 
517 526 527 528 532 533 534 538 540 541 546 547 
549 551 559 561 562 571 572 574 577 578 583 585 
586 588 591 593 594 601 604 606 610 613 615 616 
622 624 625 629 630 632 634 638 639 641 644 652 
654 657 660 662 667 668 669 676 679 680 681 686 
690 691 697 703 707 712 713 715 717 719 723 729 
735 738 744 750 753 755 758 766 767 769 770 771 
772 777 789 797 798 
245
1 8 10 11 15 16 25 26 27 31 33 34 
36 39 51 56 57 58 62 64 67 68 70 78 
82 88 89 90 97 98 100 101 103 108 111 114 
125 129 130 136 140 141 142 145 146 147 150 154 
158 160 164 166 167 175 176 178 179 180 181 184 
187 192 193 194 197 199 200 202 203 206 214 215 
217 218 219 221 223 229 230 233 241 242 244 246 
252 253 254 258 259 266 271 272 279 280 286 288 
289 290 297 298 305 306 307 308 315 316 317 320 
323 328 332 333 334 340 342 347 352 354 355 359 
361 368 374 385 387 391 393 394 400 402 406 407 
408 409 411 417 425 426 429 434 435 446 453 456 
457 467 472 473 474 478 479 482 486 488 489 490 
492 495 496 497 501 502 506 515 520 524 527 531 
532 533 538 539 540 545 546 547 561 565 570 574 
585 587 588 589 592 593 594 610 613 616 619 621 
622 634 635 638 639 643 647 650 651 656 666 670 
672 676 684 689 693 702 703 706 711 712 713 721 
725 729 731 733 735 746 748 752 753 756 760 762 
766 767 768 772 775 777 783 785 788 789 790 791 
792 793 796 797 798 
219
2 3 5 6 8 9 15 26 28 29 34 36 
39 45 47 54 69 81 84 94 95 102 106 113 
126 130 131 135 136 143 149 150 152 155 158 160 
161 162 165 166 169 172 180 186 188 191 195 196 
203 204 210 218 223 227 231 233 238 241 242 246 
252 253 256 257 260 263 266 268 269 270 271 273 
277 278 279 284 291 293 295 298 300 307 309 313 
318 328 329 336 337 340 343 344 349 353 356 357 
367 368 371 382 387 389 397 398 416 417 419 423 
425 430 432 433 434 436 439 443 455 456 459 464 
469 473 476 479 480 481 486 489 493 500 504 505 
507 508 511 512 516 521 523 525 526 529 532 535 
537 542 543 544 547 548 549 552 558 565 569 571 
579 592 596 599 601 606 609 611 612 613 615 616 
617 624 626 628 630 631 632 635 638 639 641 646 
653 654 662 664 669 674 675 678 679 686 688 689 
692 695 696 697 699 710 711 713 733 738 740 747 
750 753 754 755 766 767 777 779 782 786 789 791 
796 797 798 
222
5 6 9 11 13 14 28 31 32 33 34 35 
38 43 46 47 48 52 53 54 62 65 66 68 
69 75 77 80 81 82 86 106 112 115 124 130 
133 143 144 145 148 149 155 156 163 171 174 184 
186 189 191 197 205 206 209 210 211 212 219 221 
223 230 232 235 237 240 242 246 249 259 260 261 
264 266 268 270 271 277 279 283 288 289 290 291 
295 297 299 300 301 304 312 313 319 323 334 339 
347 358 361 362 364 367 368 372 373 376 382 385 
388 389 398 402 405 406 409 413 416 422 432 435 
437 442 449 450 459 462 465 466 468 470 471 478 
480 489 494 495 497 500 501 507 510 515 518 523 
525 526 527 532 533 537 543 545 548 553 556 557 
564 565 566 567 568 573 590 596 597 598 599 601 
602 605 608 609 610 613 614 615 618 619 625 626 
627 631 637 648 652 653 661 665 671 677 678 680 
682 684 686 692 693 699 706 708 718 719 725 729 
730 732 733 737 740 741 747 751 752 758 765 768 
769 770 773 785 786 800 
238
1 10 11 13 16 17 22 25 27 33 36 38 
47 49 52 63 66 69 70 72 82 86 87 89 
94 95 96 99 102 103 107 108 111 112 113 119 
125 131 134 135 143 144 148 151 152 161 162 166 
167 168 174 175 177 179 181 183 186 189 191 193 
198 199 204 215 216 218 220 221 223 224 231 232 
235 239 240 241 244 248 249 250 252 254 257 258 
260 261 262 264 268 270 273 278 283 285 289 290 
293 298 303 304 306 313 314 315 321 323 324 327 
328 329 339 344 350 352 361 362 363 364 365 371 
373 379 382 383 391 394 397 400 402 409 411 416 
419 430 437 441 452 453 457 471 473 475 476 477 
478 480 481 482 483 485 487 489 492 495 497 501 
504 506 507 511 515 518 520 524 525 526 527 528 
532 533 543 544 545 546 559 561 563 564 567 568 
569 574 575 576 580 591 592 594 597 598 601 606 
619 620 621 622 624 631 632 636 644 649 653 655 
660 661 663 664 665 681 682 683 684 685 689 696 
698 699 707 710 711 714 720 722 727 734 742 745 
747 759 760 761 773 779 787 789 797 798 
231
1 14 16 24 25 27 30 32 33 35 40 50 
54 57 62 65 69 70 72 77 80 81 82 88 
89 94 98 106 108 109 111 115 116 117 124 125 
126 130 131 141 142 145 154 160 161 162 166 167 
170 174 175 180 184 187 189 191 198 199 200 201 
207 208 211 214 219 228 234 235 236 238 239 245 
251 252 255 256 259 262 264 276 278 279 282 286 
289 297 300 303 306 312 314 317 318 319 320 324 
328 329 333 334 339 341 348 352 353 354 355 356 
361 364 367 370 371 378 385 392 393 394 395 398 
402 403 407 408 410 418 422 432 435 437 439 443 
445 450 453 455 457 461 466 467 470 475 476 478 
494 510 511 514 515 517 520 521 522 526 527 535 
538 539 544 549 550 553 558 564 566 567 568 569 
571 573 574 579 588 589 591 595 598 599 604 606 
607 612 613 616 625 634 635 644 647 648 651 654 
661 667 668 682 685 686 687 692 693 706 707 709 
711 716 718 719 724 728 729 732 738 748 753 756 
761 762 766 768 770 776 777 788 789 790 791 794 
795 796 798 
233
2 4 7 11 12 16 19 25 28 30 31 38 
43 45 51 52 54 59 61 67 68 69 72 82 
83 87 94 99 104 106 116 117 118 120 123 130 
133 138 139 140 141 142 144 149 150 153 158 160 
161 163 164 169 172 173 176 182 183 184 187 192 
193 194 195 196 203 204 205 209 217 219 226 230 
232 233 235 238 239 241 243 247 248 249 257 264 
265 267 274 281 283 284 285 287 288 289 292 307 
313 317 318 322 327 331 340 346 351 352 353 354 
356 362 364 370 375 380 381 383 387 388 391 392 
393 394 396 404 410 412 416 419 420 422 431 433 
435 437 440 441 443 445 447 451 452 454 461 472 
474 479 480 488 490 491 497 503 507 508 511 512 
517 519 520 521 524 525 526 533 534 537 546 556 
557 559 560 561 565 566 574 576 587 590 591 593 
597 605 609 614 620 623 644 649 650 651 654 655 
657 660 666 671 675 678 679 683 684 685 688 696 
699 701 703 707 709 714 716 721 726 734 740 742 
748 751 753 765 766 771 772 773 774 775 776 781 
786 787 789 791 793 
233
3 9 14 15 16 17 20 34 38 47 52 54 
58 61 74 79 80 85 87 88 90 91 93 95 
98 100 106 108 111 115 117 119 123 124 128 130 
133 136 142 144 150 155 156 157 168 170 178 180 
184 190 191 197 200 202 203 205 208 209 217 218 
223 224 227 228 231 232 235 237 241 243 247 250 
254 255 264 269 276 278 280 284 286 295 297 301 
303 307 309 310 316 317 327 329 333 335 337 342 
346 348 366 374 375 381 385 387 392 396 397 399 
400 403 416 417 420 422 423 426 437 439 442 444 
445 446 447 450 457 458 460 462 464 465 467 469 
470 471 478 480 481 483 484 485 486 487 488 490 
493 495 504 509 511 519 520 523 525 528 542 543 
544 545 547 555 556 560 561 562 565 569 579 580 
584 587 594 599 601 603 605 606 609 611 612 614 
615 624 625 626 628 639 641 642 651 656 657 668 
669 674 675 679 683 685 688 691 692 700 701 706 
708 711 715 718 719 720 721 726 743 745 750 751 
753 754 755 758 759 763 764 765 767 772 773 774 
775 777 778 791 793 
222
3 8 9 10 15 16 20 26 28 37 41 43 
57 58 59 61 63 64 66 68 72 80 83 87 
94 95 97 100 107 108 111 112 124 131 138 140 
141 144 145 154 155 156 166 183 184 186 190 202 
206 213 224 225 227 230 251 252 257 259 260 262 
263 267 268 269 282 286 288 297 299 302 305 306 
308 311 313 315 317 318 319 322 326 330 331 334 
335 337 339 350 351 354 358 360 362 366 368 370 
372 374 381 385 387 391 396 404 409 414 420 423 
425 428 432 433 434 436 437 439 446 451 452 454 
455 464 474 478 481 482 484 490 496 500 503 506 
507 509 513 516 519 520 524 528 539 541 546 548 
551 554 556 562 563 571 572 573 574 576 579 584 
585 590 593 604 606 610 611 612 621 623 625 627 
631 635 639 642 644 650 653 654 656 657 664 669 
671 673 674 678 679 680 684 685 691 693 697 699 
701 705 709 710 711 714 715 726 727 729 733 738 
740 742 745 749 750 752 760 766 768 775 777 780 
783 784 787 790 791 793 
240
5 6 8 9 10 12 15 26 27 28 32 33 
37 38 46 49 54 55 56 60 62 63 72 75 
76 77 79 80 85 87 89 95 97 102 103 105 
107 108 110 115 116 117 120 122 124 129 141 147 
148 149 150 153 154 165 166 173 176 179 187 194 
196 197 198 203 204 211 213 214 220 221 222 223 
225 230 234 236 239 241 249 250 253 257 261 263 
265 268 270 275 280 284 288 291 294 296 306 314 
316 318 329 333 335 338 339 340 342 344 347 351 
353 356 357 363 364 365 378 380 383 386 389 391 
396 400 403 405 416 417 421 422 425 430 434 436 
438 446 449 454 455 456 460 462 463 465 466 468 
470 478 486 488 490 492 501 502 504 506 509 511 
516 517 527 528 530 532 536 538 539 543 545 546 
548 549 550 555 562 564 565 567 569 574 578 583 
584 587 588 589 590 591 592 596 602 606 609 612 
619 623 630 637 640 644 646 649 650 653 654 655 
660 663 669 671 687 692 693 697 701 708 713 714 
717 720 735 736 739 742 743 745 756 761 762 767 
771 772 774 778 780 781 782 784 785 786 787 795 
247
2 11 12 14 16 18 21 24 25 26 28 29 
32 34 37 40 41 43 45 46 47 49 50 55 
58 67 72 74 82 83 84 86 91 95 97 98 
100 104 108 111 116 122 123 124 129 137 139 146 
148 152 156 158 159 161 162 165 172 175 186 189 
193 205 206 207 210 214 216 217 218 220 223 225 
228 229 237 238 239 242 247 252 254 268 274 283 
284 285 296 303 307 311 313 316 321 322 332 334 
339 341 347 348 355 363 364 365 371 379 382 384 
385 387 399 402 406 409 414 415 427 436 437 441 
448 449 450 456 457 461 462 467 473 474 476 481 
486 489 491 496 498 499 501 506 511 515 521 522 
525 526 529 530 531 533 536 539 540 543 548 550 
551 553 556 558 559 561 562 564 565 568 569 571 
572 573 577 588 591 592 595 598 602 604 605 606 
612 613 616 619 627 631 637 638 640 641 642 645 
648 650 653 654 656 657 659 663 667 669 671 674 
676 677 678 684 690 693 694 695 697 699 700 705 
707 708 712 713 719 723 725 730 737 739 741 743 
746 748 752 753 755 757 758 764 765 767 768 771 
775 776 780 792 793 797 799 
250
1 2 3 4 9 11 12 13 19 24 26 27 
31 32 34 39 51 53 56 59 69 72 75 84 
86 91 94 95 98 103 104 105 107 108 109 111 
113 118 123 127 131 134 135 137 139 141 145 151 
156 157 161 162 164 171 173 176 177 178 180 183 
186 190 192 197 200 203 207 209 210 213 214 216 
218 221 223 225 227 229 233 234 236 239 242 245 
246 248 253 256 260 261 262 269 273 280 281 284 
285 286 288 291 296 299 301 304 308 311 313 315 
316 321 323 328 329 335 340 349 357 359 367 372 
376 379 380 386 390 392 404 409 411 414 415 420 
421 422 426 432 438 439 440 443 444 451 453 455 
458 459 461 462 464 475 477 480 489 493 495 504 
506 507 509 510 526 528 531 541 545 550 554 556 
557 558 562 565 569 571 572 576 580 587 588 593 
599 602 607 612 614 617 622 636 637 639 641 642 
651 653 655 659 662 669 670 673 676 679 681 684 
697 698 700 707 708 711 713 714 715 716 718 724 
725 726 727 728 732 733 735 737 739 742 746 748 
750 753 754 756 758 760 763 764 765 766 771 776 
778 779 780 781 782 785 791 792 799 800 
253
4 7 11 13 14 16 19 21 26 30 31 35 
36 37 40 43 44 47 52 55 56 61 71 75 
76 77 81 83 84 89 96 98 100 102 110 112 
118 127 128 129 135 136 142 145 151 154 158 162 
163 166 170 171 172 173 175 176 184 185 189 190 
192 195 196 197 198 200 203 205 208 209 212 214 
215 218 220 222 228 231 236 237 238 245 246 248 
252 253 254 256 263 264 270 272 274 277 281 285 
287 289 290 291 294 296 298 300 301 302 305 306 
307 308 309 310 312 313 318 319 320 321 327 329 
332 335 336 340 342 354 356 357 358 360 362 365 
369 371 373 374 376 385 388 406 407 408 409 425 
428 430 433 434 436 438 439 444 455 459 461 468 
469 472 478 479 480 485 490 491 496 499 505 506 
511 512 515 523 525 527 533 535 538 541 543 551 
552 560 562 565 571 574 577 580 581 588 594 601 
604 613 615 617 618 627 628 635 641 642 646 649 
650 651 652 657 658 663 664 667 670 675 677 680 
685 687 688 690 691 693 695 696 697 698 705 708 
709 711 714 715 717 731 735 738 747 753 756 758 
759 763 772 774 775 779 781 782 785 788 798 799 
800 
222
4 14 15 19 20 33 34 36 41 42 47 49 
52 55 56 57 59 60 62 69 74 83 86 90 
92 94 102 104 105 109 113 118 121 124 126 130 
138 143 145 146 149 151 161 164 169 172 173 174 
180 181 190 192 205 208 214 217 218 220 222 224 
227 228 232 233 236 251 258 261 262 270 273 274 
277 278 279 280 283 286 287 288 290 301 305 310 
311 312 314 322 330 332 333 339 351 355 358 359 
363 369 372 378 383 384 385 394 396 398 400 412 
415 421 425 426 427 428 429 431 439 453 459 464 
465 469 479 480 481 483 484 487 492 493 505 509 
514 516 518 519 526 528 532 533 538 540 544 546 
547 550 557 563 564 565 568 571 572 573 577 580 
583 584 587 588 589 594 596 601 602 605 606 608 
611 612 616 617 618 625 627 631 638 649 655 659 
669 673 677 693 696 698 699 700 703 704 705 710 
713 714 718 720 722 724 731 733 742 744 747 751 
752 753 756 757 759 761 762 764 768 770 774 775 
778 779 786 791 794 795 
239
1 2 6 11 14 15 18 20 21 23 24 27 
30 32 35 42 44 45 46 49 52 55 56 60 
64 65 69 73 94 98 100 111 116 122 123 125 
128 132 136 137 138 139 146 147 155 159 160 172 
177 180 190 191 192 193 195 204 206 211 213 214 
216 227 228 234 238 245 247 249 256 258 259 261 
265 267 268 269 275 277 279 283 288 292 298 303 
317 318 319 320 322 324 327 329 331 334 337 341 
342 348 352 353 356 357 358 359 368 370 375 379 
382 383 386 387 391 393 395 396 397 399 402 403 
405 406 409 410 411 413 419 421 422 424 427 430 
432 434 437 438 441 443 444 449 453 454 455 457 
460 462 464 467 471 475 476 483 484 487 489 490 
495 497 501 512 515 517 518 519 520 523 529 536 
537 540 542 543 544 550 551 557 559 561 568 570 
572 573 584 589 595 608 609 610 614 615 619 623 
625 629 635 638 641 642 649 656 657 659 668 673 
677 678 679 681 682 683 685 688 689 690 691 698 
700 702 703 706 713 715 717 718 722 733 737 744 
752 756 765 766 772 775 776 778 782 785 787 
251
2 4 5 8 10 13 14 16 17 23 28 29 
36 37 44 51 52 58 62 64 67 68 74 77 
82 83 86 89 90 91 95 99 101 109 110 112 
114 115 116 117 119 121 124 130 134 139 144 146 
150 158 159 165 166 167 177 178 183 187 188 197 
198 201 204 208 216 219 223 227 229 231 232 237 
244 246 247 249 250 251 253 262 265 266 274 277 
281 282 284 285 286 287 288 297 300 302 304 305 
308 313 314 315 316 317 329 330 333 338 340 342 
343 344 348 349 354 358 359 360 361 362 364 369 
374 375 377 380 381 382 383 386 387 395 397 398 
399 402 417 428 429 431 434 439 440 442 444 445 
446 453 454 456 461 470 471 478 480 481 491 500 
501 502 503 505 512 526 534 535 540 542 544 545 
546 551 553 559 567 568 572 574 575 582 585 589 
591 593 595 597 601 605 606 607 608 609 615 623 
625 633 634 636 643 646 649 652 656 658 660 662 
667 668 670 671 675 676 677 680 683 685 694 696 
697 700 702 706 710 715 721 723 725 727 728 729 
731 732 735 737 740 744 752 758 759 763 765 767 
771 777 779 781 782 785 793 794 795 796 800 
241
2 8 10 17 19 22 25 26 37 38 39 40 
45 51 52 54 56 68 69 72 75 87 100 103 
106 113 115 117 119 124 125 132 133 134 136 137 
141 142 147 149 151 152 153 155 160 162 164 168 
172 173 175 179 183 184 185 187 196 199 204 206 
208 216 221 223 231 232 234 235 236 239 242 245 
246 249 253 254 264 267 268 271 277 278 281 282 
283 284 289 292 307 310 312 313 314 315 316 331 
333 340 347 348 350 352 355 358 361 368 370 371 
373 375 376 377 380 382 383 385 388 392 393 394 
397 403 406 413 414 417 419 430 434 441 442 443 
444 446 451 452 458 459 462 474 478 480 485 490 
491 497 504 505 506 511 517 519 523 524 531 535 
539 550 551 553 559 563 565 566 570 575 578 579 
581 589 595 604 605 609 610 613 615 616 617 619 
620 623 636 639 641 642 643 644 645 646 648 649 
651 655 658 660 662 669 678 681 686 690 692 693 
695 696 697 699 704 709 716 718 724 725 730 735 
737 739 744 747 748 751 754 755 756 766 767 771 
773 775 776 786 788 790 791 793 794 797 798 799 
800 
277
1 3 4 8 9 10 23 33 40 41 42 44 
45 48 49 50 55 58 62 63 66 67 71 74 
76 80 83 84 85 92 95 100 101 103 108 112 
117 121 123 128 129 131 132 133 139 140 141 144 
148 152 155 159 160 165 169 171 173 175 178 182 
186 187 193 194 196 202 204 205 209 220 222 225 
227 231 234 235 239 240 241 244 247 248 251 253 
255 264 267 270 272 276 279 281 283 285 289 292 
294 300 302 307 310 311 315 316 317 319 323 325 
327 330 334 337 340 342 343 346 347 348 349 351 
355 360 361 366 368 370 372 373 375 376 378 380 
381 382 385 386 395 397 398 401 406 411 414 417 
426 430 431 435 437 440 441 444 450 453 459 460 
461 463 464 468 482 484 487 490 495 497 498 501 
503 504 505 508 512 521 539 542 545 546 550 552 
556 559 560 562 564 566 570 575 578 579 580 581 
582 595 598 601 602 606 608 611 616 620 621 624 
626 628 630 631 632 633 634 640 641 645 647 650 
660 661 662 664 666 667 669 671 673 674 675 677 
686 688 689 692 693 700 707 708 711 712 716 719 
720 721 726 727 728 733 734 735 737 738 739 741 
743 745 748 750 752 754 756 762 764 765 766 770 
771 772 776 783 784 785 787 791 796 797 798 799 
800 
230
2 3 8 10 13 14 20 21 22 23 27 29 
31 50 54 58 61 70 74 78 79 85 88 90 
92 93 96 100 101 102 104 105 113 119 126 128 
133 134 138 140 141 144 146 151 158 162 172 173 
174 180 185 187 188 190 191 193 197 199 200 202 
209 211 217 218 220 226 227 228 231 234 235 238 
247 248 250 258 261 272 273 276 278 281 287 291 
295 299 310 312 314 319 323 329 332 337 338 340 
344 345 350 360 361 364 367 373 381 386 387 390 
394 395 398 400 401 413 417 418 421 422 434 435 
437 446 447 448 452 455 458 461 464 470 472 474 
475 476 483 487 488 489 496 502 508 509 512 513 
516 517 519 521 528 537 540 545 547 556 559 571 
575 576 577 582 584 585 587 594 597 600 604 609 
613 614 618 623 627 630 634 639 641 651 657 658 
660 668 669 671 675 676 679 681 685 687 688 689 
690 693 698 701 704 705 712 717 719 722 725 728 
730 732 735 736 737 739 741 750 752 753 754 756 
757 759 762 765 768 778 779 780 781 782 783 786 
787 796 
261
6 8 22 24 28 34 39 52 54 55 59 61 
67 71 77 78 82 87 89 93 96 97 100 116 
117 119 120 125 127 130 131 133 135 137 140 141 
143 144 145 151 152 156 157 165 166 167 168 169 
170 171 174 178 183 184 188 191 192 195 198 201 
202 205 206 210 211 214 216 218 221 223 226 228 
230 234 236 241 244 245 247 250 253 254 259 264 
266 267 270 275 279 288 296 297 302 307 308 312 
317 329 331 332 333 337 339 340 343 350 352 353 
355 358 361 362 365 368 376 385 386 388 389 391 
396 397 402 405 406 407 409 412 413 416 417 419 
421 425 427 428 430 433 436 447 451 452 454 457 
462 468 470 471 472 486 489 491 496 497 504 506 
517 518 519 530 533 535 536 540 544 548 549 550 
556 567 571 573 577 579 583 589 590 591 592 594 
595 604 611 612 613 614 617 619 622 624 631 632 
638 639 642 645 649 656 663 667 668 671 672 673 
682 683 684 687 690 693 694 697 698 701 703 704 
706 708 709 711 715 719 720 721 725 726 730 731 
735 736 737 738 740 741 747 748 750 751 753 754 
755 756 757 758 760 761 763 768 771 772 773 778 
779 780 784 785 788 790 794 795 798 
213
10 12 19 20 24 25 29 36 38 39 43 45 
57 59 62 63 65 67 68 73 74 75 79 80 
81 87 89 106 112 118 119 123 127 150 155 158 
163 165 166 167 170 175 178 179 183 184 188 201 
204 209 211 212 215 218 229 238 239 248 257 260 
262 263 266 277 294 299 307 308 309 310 313 318 
321 323 327 329 331 333 334 335 336 346 357 361 
362 366 377 379 384 387 389 392 400 404 405 410 
411 412 413 414 417 424 425 426 428 429 430 433 
434 435 438 442 451 461 463 467 469 472 476 478 
479 482 485 492 494 496 503 505 508 517 522 523 
524 529 530 531 532 543 546 547 548 551 555 556 
557 559 561 573 575 576 578 579 581 582 587 588 
593 594 596 597 598 599 602 607 608 610 611 613 
614 615 626 627 628 635 636 641 647 651 656 662 
665 667 670 671 673 675 679 681 684 692 696 702 
705 707 709 729 732 737 738 751 767 773 774 775 
778 783 787 788 789 791 792 798 799 
235
2 3 6 7 9 10 13 14 16 25 27 30 
33 34 38 42 50 53 57 58 59 71 73 80 
83 93 104 108 109 112 120 125 126 131 132 135 
138 145 147 156 159 166 175 178 179 180 182 189 
191 194 195 204 206 207 212 213 214 219 223 228 
232 234 239 242 243 246 248 249 250 257 262 264 
266 267 269 270 272 274 275 279 284 288 290 294 
295 297 299 303 309 314 316 317 319 322 323 325 
328 331 334 341 354 355 356 359 360 362 363 364 
366 367 370 373 379 380 381 382 386 387 389 390 
393 394 396 398 402 403 411 412 413 424 425 428 
434 436 437 438 443 445 447 449 455 457 458 459 
466 468 474 477 479 484 486 491 494 497 506 511 
515 517 519 523 527 530 534 535 538 545 548 551 
552 559 561 568 569 572 574 575 576 580 583 594 
597 598 600 603 606 611 614 616 625 630 632 634 
635 640 642 643 663 673 674 676 677 689 691 693 
697 698 702 707 708 711 716 717 718 721 724 735 
736 737 738 741 743 749 750 751 752 760 761 764 
767 775 776 777 780 789 790 
259
4 8 9 10 11 15 18 19 22 23 26 29 
40 51 53 57 58 62 65 67 68 69 75 83 
84 85 87 90 93 96 100 102 103 105 109 110 
112 113 118 124 126 131 138 140 150 152 156 165 
166 168 169 172 173 175 176 178 180 183 184 189 
194 197 198 202 203 205 206 211 212 214 216 223 
224 225 226 227 230 232 235 237 238 239 243 244 
245 247 249 252 255 257 270 274 279 282 285 286 
289 291 295 297 301 305 308 314 319 321 327 328 
330 335 336 340 343 349 351 353 358 361 362 364 
369 370 371 375 376 378 389 391 396 406 408 409 
414 416 421 424 427 429 430 434 435 439 441 442 
448 452 458 462 464 466 479 482 490 491 493 494 
499 505 513 517 523 526 529 531 536 537 538 546 
548 553 554 558 559 563 565 566 567 568 571 573 
578 581 582 583 584 588 592 593 595 598 600 601 
602 608 609 617 621 624 626 627 630 632 635 636 
639 640 641 642 646 649 650 660 661 665 673 678 
682 684 691 694 696 700 702 704 705 706 709 710 
711 712 713 714 717 722 725 726 727 730 733 738 
739 740 743 745 746 748 750 752 754 760 764 771 
773 780 781 789 790 797 799 
230
4 6 7 12 15 18 20 24 27 31 33 35 
36 38 40 42 47 52 53 58 60 61 62 63 
73 78 81 84 85 86 90 94 96 99 100 102 
105 115 120 123 129 132 136 139 140 141 142 148 
151 156 157 158 160 173 174 175 177 180 181 184 
185 186 189 190 191 196 198 200 201 209 210 213 
219 223 225 226 227 233 240 243 250 263 265 277 
285 288 289 290 293 302 303 311 314 315 319 324 
331 335 342 346 353 358 359 360 362 366 377 382 
386 394 396 398 403 405 406 416 423 428 429 433 
435 436 441 445 446 448 449 457 460 462 463 473 
476 477 482 485 487 488 490 493 495 503 506 507 
508 512 517 519 527 529 532 533 534 542 551 553 
558 563 571 574 575 576 584 587 590 591 592 596 
597 601 603 605 606 615 616 617 619 626 630 634 
640 642 645 646 650 651 660 662 663 671 674 675 
677 680 682 685 689 692 697 698 699 701 703 705 
707 709 711 715 719 720 723 725 737 738 741 751 
756 757 760 765 767 771 775 777 780 781 788 791 
793 794 
250
3 4 7 9 12 14 17 21 22 23 25 26 
30 32 35 37 39 40 43 46 48 56 57 58 
60 64 66 67 68 73 74 76 80 90 97 102 
107 110 111 112 120 126 127 128 130 131 133 134 
136 146 151 159 163 171 183 185 187 189 193 197 
199 202 207 209 213 217 218 220 223 224 225 226 
234 245 247 249 250 252 254 255 257 267 269 273 
283 288 291 295 297 298 300 302 303 306 308 309 
310 313 314 316 317 335 336 338 339 344 347 353 
354 357 360 361 362 363 366 368 369 370 371 374 
379 381 383 385 387 388 392 394 395 400 401 402 
405 410 411 412 414 419 422 426 431 437 438 439 
440 441 442 445 446 449 459 468 471 472 473 474 
475 476 487 495 498 505 506 507 511 513 515 517 
522 523 529 530 532 539 540 541 545 546 547 548 
554 558 563 564 566 568 573 576 585 597 600 601 
602 607 608 609 615 616 618 620 622 625 636 637 
638 639 640 644 645 647 650 655 658 659 664 666 
668 669 673 676 681 683 686 693 697 699 708 709 
714 719 720 726 730 733 745 747 752 758 760 763 
765 770 776 779 781 784 786 789 790 794 
225
1 2 3 19 22 23 31 34 35 38 41 43 
52 54 55 59 66 69 70 75 77 83 92 94 
97 100 103 106 107 111 112 117 118 123 126 129 
135 136 137 138 144 147 151 154 155 156 159 160 
164 166 167 168 170 176 179 181 182 183 186 187 
189 193 196 200 201 209 215 217 221 224 225 228 
230 232 235 237 244 248 251 252 253 254 272 275 
286 287 290 293 295 302 304 305 311 313 315 320 
323 327 328 329 341 343 345 349 357 361 363 365 
373 381 383 388 392 396 397 399 404 406 407 410 
412 415 419 420 422 424 427 436 440 449 450 454 
470 471 472 473 479 481 485 490 491 493 498 501 
502 504 509 513 517 520 525 527 531 533 534 542 
543 547 549 558 562 563 565 566 568 570 575 579 
590 600 601 603 606 609 611 612 618 619 631 632 
638 640 649 653 656 661 667 670 671 674 675 678 
679 682 687 697 699 703 706 712 713 714 716 722 
726 728 729 730 736 738 745 748 751 757 758 768 
775 779 781 783 786 787 791 795 798 
225
1 7 9 10 12 13 18 20 22 24 25 33 
42 49 51 53 58 61 63 65 68 72 74 81 
82 85 86 87 93 98 109 111 112 113 118 120 
128 131 132 134 136 137 138 139 140 141 142 143 
144 145 149 150 152 155 159 164 165 168 169 171 
182 183 185 187 188 192 194 196 206 209 216 217 
222 225 228 234 236 238 239 245 247 251 255 260 
264 265 267 271 274 275 280 285 286 294 295 318 
321 324 325 329 331 332 334 335 342 346 353 355 
358 361 363 368 369 376 378 385 390 393 394 395 
400 404 406 410 414 416 424 427 432 434 436 444 
446 453 461 466 467 470 472 473 474 490 505 507 
509 511 512 515 518 521 522 524 527 531 532 535 
536 539 542 544 545 546 549 552 555 557 560 564 
570 577 586 587 590 597 606 608 611 619 631 638 
642 643 645 647 650 655 657 662 664 667 671 674 
675 676 677 678 680 692 696 700 703 714 716 717 
718 722 737 739 740 745 746 751 753 756 761 762 
763 768 769 770 775 783 786 791 798 
253
1 4 9 11 12 13 16 17 19 22 30 36 
38 39 43 45 48 51 55 57 58 62 67 74 
75 77 88 92 98 102 103 107 112 118 120 125 
130 132 135 136 137 138 139 140 141 146 149 152 
159 161 162 163 164 172 174 176 178 179 181 182 
186 198 202 204 208 209 213 214 215 219 220 229 
230 232 234 236 238 244 252 254 255 259 260 264 
265 266 269 271 276 279 288 289 300 301 303 305 
308 310 313 315 316 321 322 337 343 351 352 364 
373 376 379 380 382 384 390 391 394 395 398 400 
402 403 409 411 417 424 427 428 429 432 434 436 
437 441 444 445 446 449 451 452 453 457 458 459 
463 464 466 470 473 475 479 480 484 492 494 496 
504 505 508 511 512 513 515 521 528 529 543 548 
549 551 554 555 559 565 574 577 579 582 583 584 
590 591 593 595 600 602 609 611 612 615 616 619 
626 628 629 631 632 636 643 647 648 651 652 653 
654 657 660 662 668 672 678 683 685 686 688 691 
693 694 696 698 699 700 706 708 710 716 717 718 
723 726 728 729 734 736 737 744 748 749 750 753 
755 766 775 777 780 782 784 785 788 789 790 791 
793 
232
7 12 16 18 24 27 30 32 36 40 46 48 
51 52 57 59 61 63 66 77 80 83 87 92 
96 97 98 99 106 107 110 116 127 133 135 136 
139 141 143 145 146 150 154 162 167 177 178 182 
185 195 199 201 202 204 211 213 216 217 223 225 
226 227 228 230 231 234 235 236 237 241 242 244 
246 248 253 254 255 256 259 269 272 295 297 301 
302 303 304 305 311 312 314 316 317 319 320 321 
323 326 327 331 333 337 338 343 345 349 355 357 
358 360 361 362 367 368 372 379 380 387 388 392 
393 398 401 410 419 420 422 424 426 440 442 443 
447 448 451 461 471 475 486 488 492 497 502 507 
509 511 512 516 525 529 530 533 534 535 538 539 
543 544 545 551 552 553 556 560 561 563 564 568 
570 571 576 577 581 582 587 591 595 599 601 602 
615 616 617 621 623 625 626 630 636 640 642 648 
654 657 658 659 663 666 669 670 676 681 689 692 
704 708 709 713 714 717 721 723 730 734 739 748 
751 758 766 769 774 777 778 779 783 784 786 792 
794 797 799 800 
247
4 7 10 12 13 15 18 23 29 38 40 47 
50 51 54 55 56 58 60 63 66 67 69 71 
73 74 77 84 86 89 90 95 97 98 99 103 
105 106 111 113 117 118 119 123 125 127 128 129 
131 133 143 148 149 150 152 155 156 159 160 166 
170 171 178 182 184 188 190 196 209 217 218 221 
230 232 236 238 239 245 246 247 251 252 254 258 
264 267 274 275 277 279 283 286 287 290 291 298 
299 301 302 306 309 310 311 317 318 325 326 328 
331 341 343 347 349 355 360 363 366 370 371 372 
373 380 381 388 390 391 395 398 400 401 402 405 
407 409 415 416 417 425 426 432 434 439 442 443 
447 451 452 453 457 458 464 467 471 476 481 484 
498 500 502 514 516 518 519 522 525 527 528 530 
540 541 544 546 550 551 559 561 562 568 571 572 
577 579 582 585 588 595 599 600 604 609 610 612 
615 616 617 629 630 632 635 636 640 649 655 658 
664 666 667 675 676 679 680 681 682 686 691 694 
704 705 712 713 717 719 723 724 725 728 732 734 
737 748 749 752 753 754 756 760 761 762 765 769 
772 774 782 787 792 793 796 
234
2 5 6 9 12 23 27 29 34 36 41 43 
44 46 48 53 58 63 69 70 72 73 75 80 
82 84 85 87 98 101 103 104 106 107 113 116 
121 124 125 132 134 147 152 153 156 157 158 161 
167 168 170 174 182 186 187 189 194 197 208 216 
220 221 229 232 233 236 241 242 243 244 246 247 
252 254 256 257 259 260 262 265 266 268 271 272 
283 288 289 290 297 302 304 306 307 316 321 323 
328 330 341 344 348 351 356 357 358 362 375 378 
379 382 383 384 385 386 387 391 397 401 403 404 
405 406 416 418 419 421 425 428 433 434 435 436 
437 442 444 445 451 456 457 464 466 467 469 470 
471 473 476 484 491 494 501 502 505 506 512 523 
527 532 536 540 547 548 549 551 553 554 563 566 
569 572 574 575 577 578 582 583 592 594 595 596 
600 606 607 610 614 615 616 621 623 636 637 639 
644 650 654 659 666 671 678 679 680 682 683 684 
686 692 693 694 695 696 697 704 711 714 717 727 
729 730 733 735 736 739 740 749 764 765 766 770 
771 774 781 786 795 800 
261
1 4 8 9 15 20 23 31 32 33 35 40 
42 51 52 53 58 60 70 73 75 76 78 82 
87 92 95 111 117 129 130 134 137 144 148 149 
154 156 159 161 163 172 184 186 187 188 189 195 
201 203 204 205 208 209 210 212 217 219 227 228 
234 236 239 243 245 248 249 255 256 260 261 263 
268 269 274 275 276 281 284 288 289 290 294 296 
299 302 305 307 313 314 315 316 320 326 328 329 
332 337 339 341 343 347 348 349 355 365 367 373 
375 377 378 381 382 385 388 389 395 396 397 398 
402 404 408 409 410 413 415 420 425 426 430 434 
437 441 445 451 455 456 458 467 468 471 473 475 
482 483 484 489 490 497 499 500 504 513 517 519 
520 524 525 530 531 532 534 535 537 538 539 543 
544 555 558 560 565 566 568 573 575 581 582 583 
586 589 594 596 598 602 606 609 611 613 614 618 
619 623 628 630 631 640 644 653 657 658 660 662 
665 666 669 671 673 674 676 678 680 681 682 684 
685 689 690 691 694 697 699 700 701 704 705 706 
708 711 712 714 717 719 728 729 730 732 735 736 
739 744 750 752 756 757 758 759 760 765 770 773 
777 778 779 782 783 790 792 794 797 
241
1 9 12 13 14 15 17 19 25 26 28 29 
30 31 38 45 51 52 57 62 63 64 66 78 
82 89 90 92 95 96 102 106 111 113 114 116 
120 121 122 124 125 128 129 135 137 142 143 146 
147 152 155 156 158 160 162 163 166 170 171 178 
179 184 190 193 195 199 202 204 205 210 213 215 
218 225 228 234 236 237 243 246 248 250 252 256 
257 263 264 267 271 273 276 284 285 286 287 288 
290 291 295 297 304 308 309 311 313 315 319 323 
330 333 339 340 341 344 347 348 351 354 359 361 
364 365 368 369 371 372 378 380 385 387 390 393 
396 401 403 411 413 418 419 420 421 422 427 440 
445 453 455 456 459 460 474 478 489 490 498 508 
509 510 513 514 516 518 520 523 524 527 531 534 
536 538 543 544 549 551 552 553 561 562 568 571 
572 574 575 586 587 601 602 606 607 613 614 615 
616 617 623 624 625 627 628 633 637 642 646 652 
654 656 659 670 671 673 676 679 680 681 685 688 
692 696 701 703 710 711 713 725 733 737 741 750 
761 764 766 769 771 773 781 782 783 784 791 792 
794 
247
5 8 9 10 12 15 16 18 22 32 34 35 
41 42 48 54 58 60 66 71 73 82 86 87 
89 91 92 94 96 97 98 103 104 105 107 110 
112 116 120 121 123 128 129 133 138 140 143 147 
149 154 159 162 169 170 176 179 183 186 188 189 
191 193 195 205 211 215 217 218 221 223 225 228 
230 232 233 234 236 241 244 247 250 254 256 257 
262 268 274 275 278 279 282 291 304 305 307 308 
315 320 324 326 331 332 335 342 345 351 352 353 
357 362 370 376 379 380 383 386 388 394 396 399 
402 404 406 407 409 411 412 414 419 424 425 429 
430 433 434 435 439 440 443 450 453 454 458 459 
461 470 473 478 484 487 493 495 500 501 504 505 
511 512 521 523 525 529 531 532 535 536 540 541 
543 550 554 559 561 563 565 566 568 569 570 571 
578 580 582 584 585 586 594 600 607 609 618 621 
622 624 628 629 634 637 640 644 645 647 658 660 
661 665 669 672 673 677 681 682 683 686 688 694 
696 699 711 714 717 718 720 721 723 725 731 733 
735 740 743 745 748 749 752 758 761 763 765 766 
768 769 775 777 779 786 791 
228
1 3 4 5 8 11 14 20 27 29 32 35 
37 40 41 44 45 47 48 53 63 68 71 72 
80 84 88 92 98 100 110 111 115 124 126 129 
131 135 138 139 143 145 146 149 150 151 162 164 
169 171 173 182 184 192 198 201 206 208 209 214 
221 223 224 226 227 236 237 238 239 243 244 252 
256 258 266 271 276 279 289 293 294 296 297 307 
311 322 335 338 346 351 357 358 364 367 370 381 
389 390 392 393 399 401 404 406 414 415 416 418 
426 427 429 431 433 435 437 440 441 442 443 444 
453 454 465 468 470 472 475 478 479 480 481 482 
494 503 504 505 506 510 515 520 522 524 533 537 
540 541 542 544 548 549 550 551 557 558 560 562 
568 569 573 574 576 579 580 582 587 592 596 600 
603 607 611 618 622 626 627 628 633 635 637 644 
645 647 648 649 658 660 662 666 667 668 669 670 
672 676 681 684 687 693 697 700 709 711 712 717 
718 719 723 727 728 732 747 748 753 762 764 766 
767 768 772 775 777 779 786 789 790 791 796 800 
228
4 6 10 12 17 18 26 28 29 36 37 38 
44 51 58 59 62 63 65 66 68 73 76 77 
86 92 94 96 97 98 100 103 109 110 111 112 
117 124 125 128 137 141 142 145 147 152 153 156 
157 158 159 160 166 172 173 175 180 185 189 193 
194 200 201 204 208 210 212 221 222 224 225 227 
230 234 235 240 243 245 246 252 254 269 270 273 
274 276 277 280 286 291 296 304 311 322 324 328 
334 344 345 349 355 359 367 368 371 373 374 375 
376 380 383 390 391 392 399 401 407 408 413 416 
420 435 436 437 441 442 451 452 453 455 456 463 
464 466 472 475 479 480 486 490 494 505 508 513 
524 526 527 532 540 541 543 544 556 568 569 570 
573 574 575 576 577 579 582 583 586 590 591 594 
595 596 598 604 605 611 612 616 617 619 626 630 
631 635 647 648 657 662 664 665 670 673 675 677 
680 681 682 683 686 691 692 697 703 711 712 713 
717 721 723 726 729 734 739 741 742 755 762 763 
765 767 773 774 779 781 783 790 791 792 799 800 
267
2 5 6 15 18 20 21 25 28 30 34 35 
37 40 42 45 48 50 53 54 57 59 61 70 
71 72 75 77 78 82 84 85 86 88 89 93 
95 99 108 115 119 127 128 130 132 133 135 138 
139 142 148 152 153 165 168 175 176 177 180 182 
186 187 191 192 199 211 219 220 227 229 230 236 
239 241 243 244 245 247 252 254 257 259 264 266 
267 269 271 272 273 278 284 290 294 298 303 305 
310 313 317 319 322 328 332 333 334 335 347 348 
361 362 363 365 372 373 376 377 392 393 396 398 
403 408 409 411 412 414 421 422 428 430 438 441 
442 443 447 453 454 458 460 462 464 466 469 470 
474 475 478 480 481 482 485 486 488 492 498 500 
503 504 507 509 512 513 517 518 519 522 523 524 
528 529 532 535 537 538 540 544 545 547 548 550 
554 557 559 560 561 562 565 569 573 576 581 583 
584 585 586 588 589 593 594 595 596 597 599 605 
617 619 624 626 627 632 633 636 638 640 641 642 
643 644 646 647 651 653 659 664 670 678 681 682 
683 684 685 688 699 700 701 707 709 713 714 719 
722 725 729 732 734 735 737 743 744 745 746 747 
759 762 763 764 765 766 767 770 773 779 780 781 
785 789 793 
244
3 9 12 15 16 20 26 27 28 30 33 35 
37 38 39 45 47 52 54 62 63 65 70 71 
73 74 80 81 83 88 89 90 95 97 99 100 
102 108 112 113 120 125 128 134 136 140 146 147 
152 153 161 167 169 173 176 178 180 183 185 186 
187 188 189 193 199 201 204 206 209 216 219 221 
223 225 231 238 247 249 255 256 258 259 264 266 
272 273 278 279 287 288 290 291 292 296 300 301 
302 304 307 311 314 316 319 324 327 338 341 342 
349 350 351 355 362 363 366 369 372 374 375 386 
394 395 397 398 401 408 411 415 416 419 421 422 
427 429 430 432 435 441 442 447 448 449 450 454 
455 458 461 462 463 464 469 470 472 475 482 487 
488 489 492 496 497 500 501 507 508 513 515 516 
517 531 538 542 547 550 551 561 566 569 570 571 
574 577 589 594 595 598 600 602 609 614 615 619 
628 629 630 634 645 646 647 651 652 654 658 670 
671 672 675 678 684 697 702 710 715 717 722 729 
732 737 738 739 744 746 747 750 757 760 765 768 
769 771 772 773 775 778 779 780 783 784 785 792 
794 796 798 799 
247
3 5 10 14 15 21 29 31 33 35 36 37 
41 43 45 49 50 53 57 58 59 63 72 81 
82 83 84 89 92 94 97 108 122 129 134 135 
141 146 156 158 165 166 170 172 173 177 180 186 
189 190 191 196 199 202 211 221 223 227 230 232 
235 237 239 241 245 246 247 248 256 263 264 269 
271 272 274 275 280 281 282 285 288 290 294 297 
300 301 302 304 305 309 310 312 313 319 325 331 
334 336 340 341 343 349 350 353 354 357 358 363 
368 369 372 375 386 387 390 393 397 407 413 416 
418 420 426 430 431 433 434 436 440 445 452 456 
459 463 465 470 471 474 475 484 485 486 487 492 
496 504 508 509 515 519 523 527 528 529 531 533 
539 540 543 545 547 549 552 554 555 558 559 566 
567 568 570 571 572 578 579 586 588 590 592 593 
594 597 598 599 601 606 610 614 628 632 635 636 
637 640 646 647 648 649 653 656 659 660 662 663 
665 666 670 673 677 678 680 681 685 686 687 690 
691 692 693 695 696 701 703 707 710 712 715 717 
721 723 725 727 732 735 739 741 745 747 748 758 
760 765 775 780 789 794 798 
242
3 7 9 10 11 12 15 16 17 23 25 26 
28 29 33 36 40 45 48 52 53 63 65 66 
68 70 72 75 76 78 85 88 89 95 96 101 
103 108 109 110 114 117 125 126 129 131 133 135 
136 139 144 146 148 149 151 155 156 157 160 161 
163 164 167 170 183 184 185 190 193 203 208 214 
222 226 228 234 238 241 244 246 253 261 269 272 
273 282 283 285 286 290 291 297 306 308 311 319 
324 329 330 332 335 336 340 346 351 352 356 357 
358 359 364 368 369 373 374 375 378 381 383 387 
392 393 396 397 398 400 401 404 414 419 420 426 
427 429 431 435 436 437 440 441 453 454 456 457 
458 461 465 467 474 475 478 479 484 487 489 493 
494 496 499 500 507 510 517 520 524 530 531 534 
536 540 541 543 545 546 548 553 567 569 576 585 
586 595 596 597 605 607 612 613 617 618 619 621 
624 625 626 627 630 634 638 639 647 652 653 657 
658 660 661 663 674 677 682 684 689 696 699 703 
708 709 719 724 731 742 747 749 750 754 758 762 
763 764 768 772 774 775 780 783 788 790 792 793 
794 800 
232
1 5 13 15 17 18 19 25 26 27 32 35 
43 46 51 53 54 56 60 61 66 68 71 76 
78 80 83 84 85 86 87 92 96 99 100 102 
103 104 107 109 117 120 122 123 124 133 134 135 
136 142 145 146 147 150 153 155 160 165 168 172 
179 185 192 193 194 198 201 204 207 209 212 225 
229 237 238 240 242 244 246 251 260 267 268 269 
271 280 282 283 287 289 292 299 306 308 310 311 
312 319 320 332 336 343 349 350 352 353 354 360 
362 364 375 377 378 380 386 388 389 397 398 401 
402 410 414 419 424 428 429 430 432 436 437 441 
445 448 449 455 456 457 458 461 472 480 481 482 
483 486 488 493 497 498 499 509 512 513 514 515 
519 521 525 526 529 530 532 534 535 536 538 541 
542 545 546 549 552 569 579 584 585 588 590 596 
598 602 604 611 613 620 622 623 627 630 634 635 
637 641 644 648 650 658 670 677 681 687 691 694 
695 699 702 705 722 723 725 726 735 738 742 743 
744 747 748 749 760 762 766 767 772 775 781 782 
783 786 798 799 
211
4 6 7 12 18 19 20 22 23 26 32 34 
35 37 40 41 42 47 51 60 61 68 70 71 
74 78 81 93 97 101 108 112 114 120 121 123 
124 125 127 132 135 137 148 152 158 159 163 165 
170 172 182 184 185 187 190 191 192 196 198 200 
214 219 220 225 227 228 231 234 236 239 240 245 
248 252 254 256 259 263 264 269 270 278 282 285 
290 292 294 296 297 298 299 301 314 319 320 325 
329 336 338 339 342 354 358 365 367 374 378 380 
383 386 395 397 401 406 408 417 418 419 421 425 
433 435 438 442 443 450 457 458 461 464 466 468 
473 476 477 478 480 484 493 497 511 519 521 529 
536 541 546 570 572 578 581 585 587 588 591 599 
603 609 613 614 618 619 620 631 645 647 648 650 
651 652 653 656 657 661 662 673 679 684 688 697 
698 699 707 708 711 712 714 715 716 724 736 739 
740 742 744 746 751 756 757 766 771 776 777 778 
781 790 792 793 795 797 799 
252
4 5 7 12 13 19 21 22 29 30 37 41 
42 43 46 47 49 59 60 61 63 75 80 81 
83 85 86 87 91 93 95 102 104 105 108 111 
112 119 120 124 132 135 140 143 146 151 153 154 
155 157 159 160 164 166 167 170 174 175 176 177 
179 184 187 188 190 191 192 194 195 198 200 201 
202 209 212 215 217 220 221 225 226 228 229 232 
234 237 238 244 246 248 250 251 253 255 259 264 
269 270 273 274 279 284 285 288 291 292 299 304 
305 311 312 319 320 326 327 330 332 337 339 343 
344 348 358 359 371 374 376 377 382 384 385 389 
392 395 396 399 401 403 406 408 412 418 419 422 
423 424 431 436 438 443 444 446 449 454 455 461 
462 466 470 479 482 483 487 488 492 493 495 496 
503 505 507 510 513 517 518 521 527 530 535 540 
541 544 548 551 554 558 559 561 562 563 569 574 
584 591 594 595 597 598 602 603 610 611 619 622 
626 633 634 635 636 643 644 647 648 649 651 653 
654 661 669 670 671 672 674 675 678 679 692 696 
701 712 713 714 722 726 730 734 744 745 750 752 
757 762 765 773 778 779 781 784 786 788 794 795 
244
12 13 17 21 23 24 28 32 37 43 44 47 
51 52 56 59 61 63 66 69 75 76 79 83 
88 95 103 108 109 110 111 117 128 129 132 133 
136 139 142 143 144 145 146 148 156 158 160 163 
167 172 174 180 182 183 184 185 187 188 191 192 
194 195 196 200 202 203 207 208 211 215 217 219 
221 223 224 226 232 233 234 236 248 249 259 260 
262 263 269 273 275 278 280 283 285 286 288 290 
291 292 296 297 300 304 308 311 315 327 329 332 
334 337 339 342 352 355 358 365 366 368 373 380 
385 388 389 392 393 397 398 402 408 410 411 419 
422 424 434 438 439 440 441 450 451 459 463 464 
465 468 470 472 474 481 484 491 498 499 506 507 
510 517 519 522 524 526 529 530 536 538 539 541 
542 545 547 549 552 556 562 565 567 569 575 576 
579 581 584 585 591 598 601 605 606 614 615 617 
620 621 622 623 625 629 631 632 635 636 639 640 
642 645 646 657 661 662 663 664 665 666 672 673 
678 686 693 696 703 707 708 714 717 718 720 724 
726 734 736 737 738 752 763 767 768 773 774 780 
785 793 795 800 
216
2 4 12 19 23 33 36 37 38 41 44 49 
52 55 60 65 66 70 72 73 74 82 83 89 
91 92 96 98 99 100 101 106 112 114 116 120 
130 132 135 143 145 147 149 150 156 160 165 166 
168 171 174 176 177 178 179 182 183 188 191 192 
200 214 217 224 229 234 236 238 240 241 242 243 
244 245 256 263 267 269 272 275 276 277 278 282 
284 285 286 291 294 300 308 311 313 320 322 330 
331 339 344 348 350 351 356 361 363 366 390 392 
396 398 406 407 409 410 412 413 417 418 420 422 
424 425 427 431 437 441 453 455 457 460 462 464 
468 469 470 474 475 476 479 481 482 485 490 493 
507 508 513 516 524 527 530 531 537 541 542 547 
554 556 557 559 560 569 570 575 588 592 593 600 
607 609 616 625 627 629 630 631 634 639 645 648 
656 666 674 677 683 684 689 698 699 701 706 708 
710 712 714 722 725 727 730 734 735 739 752 758 
760 761 762 763 767 776 779 782 787 789 791 800 
252
8 14 18 20 31 39 42 45 47 50 51 52 
55 56 57 59 61 62 64 65 69 70 72 84 
93 95 99 104 111 112 117 119 121 125 127 128 
130 131 133 140 147 150 151 152 160 165 170 172 
173 174 177 178 181 187 189 190 194 195 196 200 
202 204 214 215 218 222 225 229 230 233 239 246 
251 255 256 259 260 261 265 267 268 270 272 274 
276 277 279 280 284 286 290 303 307 309 312 316 
317 318 320 321 322 325 332 340 349 351 357 362 
367 368 369 372 379 382 383 385 387 391 392 394 
396 397 398 401 404 405 406 409 410 416 418 422 
425 430 431 436 438 439 441 442 446 452 455 456 
463 465 466 469 471 472 475 480 487 490 491 492 
506 507 508 510 512 518 522 523 524 526 527 531 
541 557 561 566 568 570 577 578 579 590 595 600 
602 603 605 606 617 621 623 629 631 632 634 637 
638 640 641 644 645 650 652 656 660 661 663 665 
667 673 674 678 685 687 688 689 695 699 703 705 
707 709 710 711 716 722 725 728 732 734 737 745 
746 751 752 754 755 756 758 762 766 767 768 769 
772 776 778 779 781 783 784 785 787 794 795 796 
224
1 3 10 11 15 22 29 30 35 37 41 49 
51 54 59 60 61 64 67 70 71 72 79 84 
87 91 95 98 102 105 106 108 109 110 111 112 
120 122 128 131 136 139 140 142 150 155 171 181 
185 186 187 189 195 197 199 200 202 204 205 214 
218 219 225 241 242 243 250 251 252 254 256 257 
260 262 263 265 270 272 283 285 288 290 291 293 
296 298 300 301 305 306 310 312 313 326 330 335 
338 342 348 352 353 355 359 360 363 369 370 375 
377 387 396 399 406 418 419 420 423 435 438 439 
441 447 451 454 458 459 464 469 471 473 477 480 
481 482 488 490 496 501 503 505 507 510 511 512 
518 522 524 539 548 553 554 556 563 564 568 571 
578 579 581 582 583 588 589 594 596 604 611 613 
620 628 630 632 633 645 653 654 660 666 668 669 
671 675 680 682 683 686 688 689 691 697 702 705 
712 714 716 722 727 728 731 741 745 751 755 756 
757 759 760 761 762 766 771 773 774 775 777 778 
785 787 788 790 792 793 796 797 
231
1 11 13 22 33 36 47 48 53 54 56 57 
58 65 72 73 85 95 101 102 104 105 107 110 
113 114 117 119 126 127 129 133 134 137 138 144 
147 149 153 155 156 159 160 161 162 167 170 175 
178 179 186 190 193 197 198 199 215 216 217 218 
222 224 231 236 237 239 241 242 243 244 249 252 
255 256 260 265 271 273 278 280 283 285 295 296 
310 317 325 326 332 333 334 341 342 346 350 354 
355 360 366 371 375 376 380 386 390 392 395 402 
403 405 406 408 417 418 423 424 433 434 436 444 
455 456 465 468 478 484 486 493 496 498 501 504 
511 513 516 521 522 527 530 533 534 536 537 538 
539 540 541 542 549 550 552 559 561 562 566 573 
576 579 581 583 590 591 592 595 599 600 606 610 
611 612 616 617 619 620 621 622 632 633 634 635 
637 639 643 647 650 651 654 655 658 660 663 668 
677 678 682 683 686 691 694 698 702 706 712 717 
718 719 723 728 733 737 755 756 757 758 760 763 
768 769 771 774 775 777 778 783 784 785 788 790 
796 797 798 
259
1 3 5 10 14 15 20 22 23 26 27 29 
30 34 42 44 47 50 52 74 76 77 80 81 
87 89 93 95 96 98 105 108 110 114 115 117 
120 121 122 123 127 130 131 133 134 136 138 139 
141 145 151 153 154 155 157 161 168 170 171 173 
175 177 183 185 186 189 194 195 197 208 212 215 
219 220 223 231 232 237 242 243 245 249 260 261 
265 268 269 273 274 277 281 284 288 290 291 292 
295 296 297 298 305 308 322 337 338 344 345 346 
349 354 361 362 365 367 371 372 374 376 378 379 
380 389 390 391 395 398 402 413 421 422 429 433 
434 437 439 442 446 447 451 454 455 459 460 461 
462 464 465 466 467 474 475 480 482 491 494 499 
501 513 514 516 518 522 523 524 525 531 532 534 
537 538 541 550 554 555 556 557 558 560 561 562 
565 568 569 572 573 575 578 581 582 584 585 591 
595 599 601 602 607 608 609 614 620 622 623 626 
634 637 641 642 643 649 651 655 657 658 659 660 
662 664 668 670 672 674 675 685 687 698 715 716 
717 719 720 723 725 726 730 731 732 735 737 739 
742 743 751 754 755 756 757 770 772 774 782 783 
784 785 788 790 791 796 799 
238
1 2 6 7 10 13 14 23 28 30 33 36 
37 39 47 55 66 67 68 74 75 79 80 81 
82 87 92 98 102 105 112 113 117 121 122 129 
132 137 144 146 154 157 160 162 165 169 170 178 
180 181 182 183 189 193 195 196 201 203 204 213 
228 229 238 240 241 246 252 254 255 259 262 263 
266 270 277 281 282 289 290 291 295 308 318 321 
324 325 326 329 330 334 340 344 352 358 360 361 
366 367 371 373 374 375 376 380 384 389 390 401 
410 411 415 421 422 429 430 436 439 441 443 450 
452 458 459 462 478 479 492 494 498 501 503 504 
505 507 508 514 515 518 521 522 523 524 527 528 
532 535 540 542 544 545 547 550 554 561 562 563 
565 566 567 568 569 572 575 576 579 581 586 587 
595 596 603 609 612 613 614 619 626 628 629 631 
633 636 641 647 649 650 659 661 665 669 675 686 
688 691 692 693 694 695 696 703 704 705 708 709 
710 712 714 718 721 722 724 726 729 730 733 738 
739 740 741 743 745 751 752 754 755 761 762 763 
764 770 776 780 782 793 795 796 797 800 
214
3 4 13 19 22 28 39 49 51 53 54 58 
59 62 63 67 68 71 72 87 90 93 100 103 
116 117 121 128 131 139 145 150 156 160 162 163 
164 165 168 169 170 180 181 182 183 186 194 198 
200 201 204 205 212 213 215 221 223 229 231 232 
235 237 239 241 242 250 253 257 261 262 264 267 
272 273 276 290 293 295 299 303 304 307 315 320 
325 327 329 330 331 336 337 338 339 346 351 352 
354 358 364 367 369 373 375 380 381 384 388 391 
393 401 404 407 412 414 416 423 424 425 428 434 
436 438 442 445 448 452 453 456 457 460 462 469 
472 474 477 481 482 484 495 498 501 505 507 512 
514 517 519 521 526 527 544 547 556 558 564 567 
568 570 575 583 584 590 595 598 601 602 609 615 
621 623 625 626 636 637 639 641 644 654 666 671 
679 683 685 687 688 691 692 694 697 698 705 706 
715 718 722 726 729 730 734 737 747 749 750 755 
756 758 759 765 771 780 787 790 798 800 
255
4 6 11 13 14 15 19 20 25 26 30 33 
42 43 44 46 51 58 61 63 64 68 69 72 
74 75 79 82 87 88 90 92 93 95 96 97 
100 103 104 106 108 113 114 120 122 124 125 128 
130 133 136 142 143 144 160 167 172 177 179 182 
183 189 194 201 203 206 207 209 211 212 215 219 
221 222 229 232 234 235 238 247 248 249 251 252 
260 267 269 273 275 276 278 281 287 290 294 295 
296 299 305 306 315 317 321 323 324 327 328 330 
334 339 340 345 348 349 350 354 355 356 361 363 
366 367 375 382 387 388 390 391 393 397 399 400 
401 404 408 415 416 420 423 426 427 430 435 438 
440 444 446 448 449 456 458 463 468 469 470 475 
478 479 484 485 489 494 495 498 499 500 501 503 
506 507 514 521 537 538 545 547 549 558 559 562 
565 566 568 569 574 576 581 585 587 592 594 598 
600 607 609 612 613 618 619 621 623 624 626 631 
633 634 637 639 640 641 643 645 650 653 654 658 
667 669 673 676 678 681 687 695 699 702 709 711 
713 717 718 721 722 726 727 729 732 736 739 742 
745 747 753 755 759 763 768 769 773 779 787 790 
794 798 800 
237
1 2 18 22 26 30 31 32 50 52 54 56 
58 63 65 73 81 83 87 88 90 92 96 97 
98 103 104 108 109 111 114 121 125 127 128 130 
131 133 135 144 145 155 157 158 162 168 169 172 
173 174 176 179 181 188 190 193 194 195 202 211 
213 216 217 221 227 228 229 230 231 234 235 237 
248 252 260 269 278 280 281 283 288 290 291 292 
294 307 308 309 310 316 321 325 327 328 329 333 
338 339 347 352 353 355 363 366 368 370 374 376 
379 381 386 388 393 397 398 401 402 404 405 406 
407 410 411 418 420 422 423 425 427 428 429 433 
435 436 437 451 454 463 465 467 469 476 477 479 
480 482 483 485 487 488 492 500 507 511 512 516 
517 522 530 531 536 538 543 546 547 549 552 555 
558 559 560 564 567 571 572 596 600 601 606 609 
614 619 620 625 626 628 631 633 642 643 651 652 
653 656 659 664 665 666 671 672 674 677 678 679 
680 686 687 688 696 698 701 702 711 713 714 715 
717 725 732 736 744 748 751 753 755 757 759 767 
769 771 772 775 779 781 782 785 792 
252
3 4 6 7 11 14 15 19 23 24 27 32 
33 39 45 47 51 60 62 64 65 66 68 71 
72 77 84 90 95 96 97 98 105 114 117 118 
119 121 124 129 130 131 132 133 135 136 142 151 
157 158 163 166 171 172 179 181 189 190 191 197 
198 199 201 204 207 211 212 213 219 221 226 227 
228 235 238 249 250 252 253 257 262 266 267 269 
273 276 277 278 279 280 283 289 293 294 295 304 
306 307 309 312 315 326 331 332 337 339 340 342 
349 350 352 353 354 355 359 364 366 367 368 369 
373 381 382 384 385 388 389 390 399 400 401 402 
403 404 407 412 416 417 418 422 431 434 438 439 
443 450 451 452 453 458 459 461 462 469 479 480 
486 488 489 495 498 499 500 502 504 506 507 518 
523 524 528 529 531 541 542 548 553 555 556 557 
558 562 563 566 570 572 578 581 584 586 589 592 
594 598 605 611 615 619 621 624 626 627 633 634 
635 640 641 647 649 651 658 659 668 671 675 676 
679 682 683 684 690 693 700 701 711 712 725 726 
729 734 741 744 749 757 759 761 764 766 767 768 
769 771 772 778 780 784 787 788 790 791 793 798 
230
4 5 6 10 12 14 23 26 37 42 44 49 
52 55 57 58 60 61 63 67 75 79 83 84 
89 95 99 109 111 114 117 124 130 132 133 135 
137 138 139 147 150 151 152 154 160 162 163 170 
183 184 186 187 191 192 193 200 202 208 216 219 
228 230 232 235 237 238 239 240 245 249 253 254 
257 259 263 264 266 276 279 284 285 288 290 295 
298 305 306 309 310 311 314 315 328 331 340 341 
342 344 346 349 353 354 355 356 359 362 364 365 
366 369 373 379 382 383 386 387 389 390 393 396 
401 416 418 423 426 427 430 440 452 456 460 461 
471 472 474 481 487 488 490 492 507 510 512 516 
517 521 527 529 531 533 539 540 544 547 550 551 
552 560 564 565 573 576 577 579 581 583 586 589 
599 600 604 612 613 617 618 623 629 632 635 638 
640 644 648 655 658 663 665 666 669 675 678 679 
694 695 697 702 706 710 712 714 715 722 725 728 
730 733 735 736 737 739 741 745 749 758 759 760 
761 762 764 765 767 768 770 776 778 779 780 789 
796 797 
232
2 5 8 12 13 15 16 21 26 28 29 32 
45 48 49 52 53 54 56 60 68 70 72 74 
75 77 79 85 89 93 94 95 96 97 98 101 
112 113 119 120 121 125 138 139 140 142 145 149 
150 152 157 159 162 168 178 180 189 190 192 194 
195 196 197 201 203 207 208 212 213 218 219 221 
225 227 228 229 232 236 240 250 251 254 260 266 
268 272 276 277 282 285 299 300 301 305 307 308 
318 326 329 331 334 343 344 346 348 355 356 362 
365 373 378 382 394 398 400 401 405 406 409 410 
413 419 431 433 436 438 440 446 448 449 450 452 
455 457 461 465 466 467 468 475 481 483 484 493 
499 503 505 508 509 514 515 516 522 534 537 540 
544 546 550 553 554 556 557 561 564 566 571 575 
576 577 579 581 586 587 591 611 612 614 616 622 
624 625 631 633 648 669 670 672 674 675 678 679 
685 686 687 689 690 693 694 698 699 703 713 714 
717 721 724 730 735 736 739 742 743 752 754 755 
756 759 761 762 763 764 765 766 768 780 781 782 
785 791 793 798 
259
3 8 10 15 16 22 23 25 27 28 30 33 
38 45 46 51 58 61 64 68 71 72 74 80 
84 86 88 89 90 91 92 95 97 104 105 107 
112 114 116 121 126 129 139 141 146 150 155 157 
159 160 161 163 164 168 173 177 181 191 193 194 
197 201 202 203 207 209 211 212 214 215 217 221 
224 227 229 232 234 235 239 240 244 246 252 254 
256 258 261 263 265 271 276 281 285 286 289 290 
295 296 300 301 305 306 308 313 316 320 325 326 
327 333 334 336 338 342 345 348 349 352 353 354 
358 360 363 367 373 376 378 380 381 384 386 395 
396 398 400 402 404 407 408 409 411 416 417 418 
419 427 431 433 442 443 446 448 453 455 459 462 
463 466 467 468 469 473 482 485 487 488 489 491 
498 500 502 503 507 509 510 511 517 518 522 523 
524 526 527 530 533 536 542 547 548 556 558 559 
569 573 578 580 583 585 589 598 600 604 605 608 
609 622 624 625 627 629 630 631 632 633 635 636 
638 641 642 646 648 649 656 658 661 666 668 670 
673 693 694 695 696 700 703 704 706 716 717 719 
720 728 738 741 744 752 753 756 758 759 760 763 
765 770 773 788 794 797 800 
211
1 6 8 9 10 14 16 17 19 21 32 33 
39 52 53 59 63 70 74 76 78 82 84 86 
88 89 90 91 94 97 98 99 100 105 108 109 
112 115 117 118 119 126 127 130 136 145 146 147 
148 150 151 158 159 165 171 177 180 186 192 195 
197 202 207 208 209 211 212 216 219 221 229 234 
236 242 243 256 264 266 268 270 275 279 284 293 
294 299 303 305 316 318 319 321 322 323 328 331 
345 348 357 365 366 372 374 379 381 386 388 392 
395 404 411 416 423 429 433 441 443 450 452 456 
459 468 478 493 495 496 499 501 508 512 513 514 
515 519 520 522 523 525 527 529 533 535 545 547 
549 551 561 567 569 572 573 574 577 583 585 589 
590 591 593 594 599 603 609 610 611 616 620 624 
627 629 631 633 636 637 639 644 645 646 657 660 
673 678 681 684 686 690 693 696 700 704 717 718 
719 722 725 728 734 735 740 745 746 748 750 751 
754 767 779 785 788 790 792 
227
1 4 7 8 11 13 16 17 19 20 21 23 
27 31 32 33 40 44 45 56 58 61 62 65 
67 69 72 74 92 93 98 102 104 115 116 118 
124 130 131 134 139 140 142 149 151 152 168 169 
174 177 180 190 191 195 202 203 206 207 222 224 
225 226 228 230 233 239 242 243 245 253 261 262 
269 270 280 285 292 295 302 308 312 317 319 321 
324 325 329 330 331 338 343 350 352 357 360 368 
369 375 377 384 385 386 387 390 391 394 395 398 
403 407 412 421 422 424 427 433 434 436 439 443 
446 447 449 450 451 452 455 468 470 471 477 485 
486 492 496 506 512 515 516 518 520 524 526 529 
530 546 548 549 551 553 554 561 563 564 569 572 
579 586 587 589 590 591 592 593 598 603 612 616 
620 621 624 625 626 629 634 636 639 640 645 647 
653 655 657 660 663 667 672 673 679 682 684 685 
687 689 690 697 702 706 709 710 712 713 719 722 
723 728 729 731 733 734 738 740 742 748 749 758 
760 765 766 768 771 774 782 785 787 796 797 
256
5 9 10 11 13 14 17 21 24 30 31 33 
35 36 38 41 42 43 47 59 62 66 72 87 
91 94 95 111 116 118 120 124 125 127 129 131 
132 133 135 136 137 138 139 143 148 153 160 161 
163 164 166 167 169 173 179 180 184 186 190 193 
196 198 199 203 204 206 209 210 214 216 220 221 
225 229 230 232 233 235 236 237 248 253 254 256 
260 262 265 267 268 270 271 277 291 295 312 315 
316 318 320 322 327 331 335 336 339 345 347 349 
355 357 359 365 377 378 379 382 384 387 392 393 
396 397 401 405 406 407 412 413 414 415 416 423 
429 436 439 441 443 445 446 447 450 459 460 465 
467 470 482 485 486 490 497 501 502 506 509 510 
511 513 516 519 522 525 526 529 530 531 539 543 
544 545 547 550 554 556 560 564 567 572 587 589 
594 595 602 604 607 610 611 612 613 616 618 619 
620 622 623 625 630 632 634 635 636 639 642 648 
650 652 655 656 659 664 673 675 678 685 686 688 
691 694 696 699 700 702 703 705 709 711 714 715 
717 719 724 726 727 730 731 732 736 737 739 742 
746 749 757 758 766 767 770 772 775 776 779 781 
783 785 794 797 
232
3 4 8 9 21 23 27 34 35 38 43 48 
54 58 59 61 66 70 71 79 85 89 93 99 
103 104 105 110 114 117 120 127 134 135 136 138 
139 146 150 153 155 158 160 162 163 171 173 181 
182 185 187 190 194 197 205 206 208 213 215 216 
217 218 220 222 225 226 240 245 251 253 261 267 
270 277 278 285 289 291 299 301 304 306 309 311 
313 315 321 323 324 326 340 341 342 343 345 346 
355 360 365 367 369 372 373 380 381 384 388 390 
391 397 399 401 403 404 415 424 429 433 435 437 
444 449 451 453 455 457 458 459 467 469 471 475 
477 480 483 493 495 498 500 501 506 513 514 517 
524 527 535 540 541 548 550 562 565 567 573 578 
580 582 587 588 589 594 599 600 605 607 613 615 
616 618 620 621 624 625 627 628 630 631 633 636 
639 640 641 644 647 648 649 650 660 662 664 667 
671 672 674 676 677 681 685 687 691 696 698 699 
703 704 710 714 715 722 723 731 735 738 742 752 
753 763 764 765 766 772 773 777 780 781 785 787 
789 791 794 796 
224
6 10 18 22 23 25 28 30 31 32 34 38 
42 44 53 64 69 77 79 80 81 82 84 95 
111 117 126 127 128 136 141 148 149 160 162 165 
169 173 174 180 181 186 187 188 190 193 200 202 
203 206 207 211 213 214 220 223 228 233 235 245 
254 255 262 265 267 269 273 274 277 286 289 311 
312 315 320 321 322 323 327 328 336 339 343 347 
353 354 356 357 358 359 363 373 380 381 384 385 
392 400 402 404 409 412 415 419 425 431 435 443 
444 447 450 452 456 458 459 461 465 466 467 474 
477 478 481 486 490 494 496 498 510 511 513 515 
520 527 530 532 533 543 544 547 550 551 554 560 
568 575 576 579 580 584 585 587 589 590 597 602 
604 610 615 618 619 622 625 626 632 637 638 641 
645 648 651 653 655 656 659 665 668 669 674 678 
679 680 683 684 686 689 690 692 693 696 700 701 
703 704 706 707 709 710 716 719 721 725 732 735 
737 740 743 747 749 754 760 761 763 768 775 776 
780 782 783 786 787 791 795 796 
248
5 14 16 17 19 20 24 29 30 33 34 35 
39 40 42 50 51 54 60 66 67 69 72 73 
75 76 80 84 87 89 92 95 99 104 114 115 
116 117 119 120 128 130 132 135 139 140 143 148 
153 157 158 161 163 165 166 180 181 183 187 188 
190 191 193 194 203 206 210 212 218 225 237 240 
241 244 247 248 249 254 256 260 263 267 269 270 
271 272 278 281 289 290 291 292 293 297 301 302 
305 308 310 312 314 319 323 324 331 333 334 340 
344 345 346 349 352 361 362 366 373 380 381 382 
387 392 395 398 399 401 402 403 412 415 419 422 
428 431 437 438 447 453 462 463 464 466 467 468 
485 488 494 496 497 500 501 502 512 515 516 517 
521 523 525 532 534 543 544 550 553 554 557 558 
562 565 569 570 572 575 578 580 583 586 588 590 
592 593 594 600 602 610 612 616 618 619 622 624 
626 628 630 631 632 643 652 657 666 667 670 671 
675 676 679 681 688 689 693 694 695 702 707 708 
709 711 712 713 716 724 726 727 730 732 733 734 
741 742 745 747 749 752 755 759 760 761 764 765 
769 780 783 784 786 787 789 793 
246
3 4 9 13 17 19 22 27 28 29 30 31 
34 36 41 42 48 49 50 51 53 55 60 61 
62 64 66 68 70 72 75 80 87 92 93 95 
97 98 102 109 114 116 123 131 138 145 146 147 
149 151 154 155 156 158 161 163 166 167 168 170 
177 180 183 186 188 190 194 197 198 199 200 201 
202 205 207 208 209 210 222 224 235 237 241 245 
248 249 250 251 252 256 258 260 262 264 269 276 
282 283 284 285 286 290 294 295 298 305 308 312 
315 322 324 326 328 334 339 342 344 348 349 351 
352 353 356 358 360 361 365 366 367 376 380 386 
390 392 405 406 409 413 414 421 425 426 428 430 
431 433 437 442 443 448 450 455 458 461 467 468 
472 481 482 495 496 497 498 502 505 509 515 516 
520 521 537 541 545 548 549 558 560 561 563 564 
566 571 573 577 584 588 593 594 600 603 604 607 
610 613 614 620 631 632 634 636 638 641 642 643 
649 650 658 660 661 662 664 671 672 678 680 688 
689 691 699 703 704 707 708 712 716 725 726 727 
728 735 738 740 743 752 753 760 763 767 769 772 
776 780 783 786 794 798 
223
1 10 14 16 21 22 29 36 37 39 40 46 
52 54 58 62 72 76 83 92 93 96 99 103 
106 108 112 116 117 122 124 126 130 132 139 149 
155 156 159 162 166 169 172 175 177 179 182 183 
204 213 226 227 233 236 247 249 250 252 257 270 
272 273 274 281 282 285 295 301 303 312 316 318 
323 325 335 336 338 347 353 355 360 361 370 371 
374 375 377 379 380 383 385 386 388 389 396 397 
398 404 408 418 424 425 426 428 431 433 435 442 
454 459 460 461 465 466 469 470 474 475 476 478 
481 484 488 489 492 493 500 504 506 510 515 516 
518 524 527 529 533 534 536 537 539 542 544 556 
557 558 569 572 576 581 582 585 588 595 601 603 
604 608 619 623 626 629 637 638 642 643 645 647 
649 650 656 658 660 663 668 671 672 673 674 675 
676 678 680 685 693 697 701 709 712 715 719 720 
722 724 725 726 730 731 732 735 736 741 742 743 
744 746 747 749 751 754 760 762 764 767 768 772 
776 779 783 786 788 791 799 
237
2 3 4 7 11 17 18 19 25 29 35 36 
41 43 45 46 50 51 54 56 64 70 75 76 
81 84 85 91 98 99 101 104 109 110 114 116 
123 125 129 131 132 139 144 145 148 152 153 155 
156 159 160 161 162 165 167 169 170 182 187 190 
192 193 194 195 199 200 201 205 206 213 215 224 
234 237 246 251 253 254 263 264 265 267 271 272 
274 276 277 279 284 286 290 293 296 306 309 313 
317 318 326 328 331 335 336 337 339 342 345 346 
354 355 356 360 361 368 369 370 373 379 382 383 
384 385 387 389 393 394 395 399 402 403 407 408 
413 427 430 437 442 443 447 458 461 469 472 475 
482 489 491 498 499 502 503 506 513 515 517 528 
533 534 536 538 541 542 545 547 556 558 562 567 
569 572 573 574 578 593 596 601 603 604 605 606 
613 616 617 622 624 630 631 633 640 641 644 648 
649 655 656 660 661 663 665 668 682 689 690 691 
696 701 702 703 704 706 707 712 713 714 716 717 
718 719 723 724 727 747 750 751 753 757 762 768 
778 779 781 786 791 795 797 798 800 
223
2 5 8 15 19 21 28 32 36 39 42 43 
47 50 52 59 68 70 71 73 75 82 86 87 
88 91 94 95 97 101 102 105 111 120 121 125 
128 140 151 153 158 160 167 178 183 191 194 197 
198 203 206 211 215 217 218 224 226 227 230 231 
233 235 248 249 252 261 269 270 271 278 279 282 
283 284 287 289 295 297 299 300 301 308 312 323 
326 327 329 330 332 341 347 353 357 360 365 368 
370 377 378 379 386 390 391 405 406 407 409 414 
419 421 424 429 432 439 445 447 449 450 453 455 
461 466 468 471 473 475 479 481 483 486 488 494 
496 503 504 509 517 521 522 525 529 530 531 535 
536 537 539 547 552 555 556 557 559 560 561 566 
570 571 577 579 584 591 596 599 600 603 604 608 
609 611 613 616 620 621 623 629 630 633 634 635 
636 644 645 649 657 660 662 663 669 675 677 688 
691 692 694 696 698 699 702 707 714 716 720 721 
725 726 728 730 733 734 736 737 741 755 756 759 
760 761 765 769 773 776 786 
237
4 9 11 14 17 23 24 25 28 31 34 35 
38 43 44 46 47 48 51 53 55 57 58 59 
62 65 68 69 72 75 78 82 83 84 85 87 
88 94 98 99 102 105 107 113 115 132 134 135 
138 140 141 145 149 154 158 164 166 167 170 172 
177 178 181 185 187 189 191 196 203 208 209 212 
215 219 221 224 229 230 232 237 240 246 249 253 
258 259 264 265 275 278 286 287 289 295 305 306 
307 319 320 321 323 324 325 330 335 336 338 343 
345 349 353 368 371 372 374 376 383 384 387 390 
402 406 409 413 414 415 418 419 436 437 441 449 
450 459 460 462 463 473 474 476 477 479 493 494 
495 496 497 498 502 503 505 508 512 514 517 519 
524 527 528 534 535 545 546 549 550 552 553 557 
559 562 564 572 574 577 578 580 595 601 605 606 
608 613 616 619 621 623 630 639 643 646 647 648 
649 651 657 660 661 662 663 666 668 669 674 675 
678 680 681 683 688 693 696 699 715 717 719 724 
732 736 737 738 743 745 749 752 754 756 757 758 
760 772 777 780 783 784 791 795 796 
266
1 2 3 5 7 9 11 12 22 24 26 41 
43 45 46 54 60 62 63 66 75 79 80 82 
91 98 99 101 106 109 111 117 118 119 122 124 
129 134 136 137 138 144 151 152 158 159 164 166 
170 178 181 182 186 187 188 195 199 201 207 210 
212 213 214 215 216 219 221 223 224 225 227 229 
230 232 235 240 241 242 243 246 250 251 255 256 
262 265 269 271 272 274 275 277 279 280 285 286 
287 296 299 302 313 314 316 325 326 327 329 339 
341 344 345 351 352 353 358 362 364 365 366 368 
371 372 373 379 381 386 387 390 392 393 395 398 
403 404 406 408 411 414 420 422 426 429 430 435 
436 439 440 443 445 446 448 450 451 455 459 460 
466 474 477 479 488 490 492 494 495 507 510 514 
517 518 519 521 522 523 528 529 531 534 540 544 
547 548 552 554 557 558 559 564 567 573 578 582 
583 585 590 591 598 600 604 605 610 611 612 616 
620 621 623 624 626 629 630 631 633 639 640 643 
645 647 648 649 652 654 656 660 666 669 674 689 
690 694 695 701 702 704 711 713 714 715 719 724 
729 730 731 736 738 740 743 744 745 746 749 753 
759 760 761 763 772 774 776 780 781 782 784 790 
794 797 
230
3 11 20 28 31 33 34 40 45 49 51 52 
54 55 56 58 59 65 67 71 77 79 80 83 
85 90 91 93 96 99 101 107 111 117 121 123 
126 130 131 133 138 145 147 154 155 158 160 164 
169 171 174 176 178 180 192 196 199 200 202 205 
206 210 212 215 216 219 223 236 238 245 246 249 
251 255 260 261 263 264 265 266 267 268 272 273 
283 288 297 300 306 316 320 323 325 332 334 337 
338 343 344 351 354 361 364 366 369 373 374 385 
390 393 396 404 408 409 416 418 420 422 426 432 
435 438 439 440 442 443 444 456 467 485 486 490 
496 501 509 510 511 512 515 519 524 526 532 533 
535 537 541 546 552 556 562 567 568 574 576 577 
582 585 586 588 590 593 594 603 604 610 612 613 
614 620 622 623 624 627 630 631 639 644 646 648 
650 654 655 661 669 674 675 677 678 679 680 681 
683 687 690 691 692 694 698 699 701 702 703 704 
707 708 709 714 715 716 720 722 734 743 747 749 
757 758 761 765 767 771 776 777 778 781 784 787 
798 799 
214
1 11 16 19 29 35 37 38 39 40 42 43 
44 49 51 54 56 61 65 66 68 72 80 87 
90 97 99 100 101 104 105 107 110 112 115 120 
124 126 128 132 134 135 137 145 148 150 151 154 
157 158 167 172 175 185 190 191 192 196 198 200 
206 222 225 226 228 230 232 235 240 241 242 247 
248 249 254 258 263 266 267 268 274 276 279 283 
285 293 296 297 299 305 306 308 312 325 327 333 
334 341 343 350 354 359 361 362 368 370 371 373 
376 378 380 384 393 395 398 403 405 409 410 411 
414 415 416 417 418 422 427 428 429 432 437 443 
444 452 459 460 471 473 475 477 485 488 489 493 
496 498 512 514 520 524 529 531 534 535 536 543 
547 552 561 567 568 569 571 575 580 582 589 590 
594 595 596 606 609 615 618 625 626 628 631 635 
636 639 645 647 650 651 657 669 681 683 691 692 
694 697 700 701 702 725 726 729 730 732 738 740 
748 763 764 771 776 784 789 790 792 797 
245
2 6 15 16 20 28 33 34 35 37 41 42 
44 52 53 54 59 64 88 92 98 99 103 106 
108 109 110 111 112 113 121 122 123 125 129 130 
133 150 153 154 156 158 160 162 163 164 167 171 
173 184 185 186 188 189 190 193 194 197 198 203 
206 207 208 209 211 212 218 219 223 225 234 235 
237 238 239 240 243 246 249 252 254 258 265 266 
268 269 272 279 282 284 285 287 288 290 291 295 
297 298 299 302 304 305 310 311 313 314 315 317 
319 320 326 336 340 341 350 351 355 356 361 367 
371 373 374 377 379 384 390 396 397 400 401 410 
412 413 420 425 426 427 428 430 441 442 444 446 
447 450 454 455 457 459 460 461 464 474 477 480 
482 484 488 490 491 495 505 507 508 511 514 516 
524 528 529 530 536 543 546 548 550 567 570 573 
575 581 584 588 589 592 593 595 598 600 602 613 
614 615 619 626 629 632 634 640 645 646 650 675 
679 682 688 690 695 696 697 698 703 704 705 711 
715 717 718 728 729 730 733 734 736 739 741 748 
755 756 760 764 768 771 775 778 781 784 785 787 
791 792 793 795 798 
248
1 2 3 7 8 14 17 22 25 28 37 38 
41 47 48 56 59 72 73 76 77 83 85 86 
87 88 96 97 98 105 108 109 114 115 118 121 
126 129 130 131 132 133 135 138 143 149 152 153 
154 156 160 161 166 174 177 181 185 186 193 197 
199 208 209 210 211 212 215 223 228 230 231 233 
235 238 248 250 255 258 259 264 265 267 270 271 
287 291 292 298 299 311 313 314 316 327 337 338 
341 343 344 346 354 365 367 371 373 374 375 377 
378 387 395 401 405 408 412 423 424 428 430 441 
443 444 445 448 449 455 456 458 461 464 466 469 
471 477 480 483 486 487 488 490 491 492 493 494 
495 496 499 502 505 506 511 512 517 518 519 520 
521 524 525 526 529 530 532 536 539 543 546 548 
549 558 559 560 562 563 564 567 569 572 576 580 
587 588 593 601 604 606 610 612 614 621 624 627 
629 631 638 639 645 646 648 649 650 652 655 659 
660 661 664 666 667 669 671 675 679 682 684 686 
690 700 702 703 704 712 713 715 717 723 725 730 
736 738 740 744 745 746 750 759 762 770 775 776 
782 785 789 790 791 793 799 800 
233
4 5 7 11 19 23 26 32 37 41 42 45 
48 52 53 60 64 70 71 76 83 84 87 90 
94 95 96 108 114 120 123 126 131 132 134 137 
144 146 155 156 160 169 171 172 173 177 179 181 
183 188 192 197 198 202 204 207 208 210 220 222 
224 225 228 233 237 239 240 250 256 266 267 270 
271 278 284 285 296 300 301 306 309 312 313 316 
319 322 327 328 329 332 339 340 342 345 352 354 
357 358 363 368 369 374 382 387 397 400 402 403 
411 413 415 418 420 421 423 425 427 428 429 431 
436 437 440 442 443 449 453 454 457 459 462 464 
467 468 471 478 484 492 499 500 501 515 520 524 
531 533 540 542 547 548 551 554 563 565 568 571 
577 579 581 586 587 594 595 600 614 624 625 629 
635 636 637 638 640 642 643 646 647 648 650 652 
655 656 658 664 665 666 672 674 675 678 680 681 
682 685 687 688 689 693 695 699 700 706 712 713 
714 715 723 727 729 730 732 736 737 740 744 750 
751 752 753 754 755 758 763 775 777 779 780 786 
788 795 796 798 799 
218
7 15 16 17 21 27 29 33 35 43 53 57 
58 59 65 69 85 102 106 109 112 113 114 118 
122 123 134 137 138 141 143 147 149 153 156 157 
158 164 166 171 172 173 175 182 185 193 195 197 
200 204 209 214 216 233 234 236 238 239 240 245 
251 257 259 262 264 270 273 277 286 290 293 296 
297 299 301 302 304 309 313 315 317 320 327 331 
334 337 339 340 341 343 344 346 348 352 354 356 
357 358 364 373 374 375 379 382 388 391 392 395 
410 411 413 416 419 420 421 427 429 436 444 448 
451 455 458 459 460 461 463 465 477 479 482 485 
490 491 492 495 496 499 517 524 529 532 541 544 
545 549 556 557 559 563 568 572 573 574 575 576 
580 582 590 592 596 599 602 608 609 616 618 621 
622 624 631 633 636 638 641 642 643 646 647 649 
655 661 664 665 666 667 668 669 676 686 697 698 
700 703 704 706 711 712 737 739 746 753 754 758 
759 761 763 769 771 777 778 780 789 790 793 796 
799 800 
248
1 3 5 6 9 15 16 19 24 28 29 30 
31 39 40 48 49 53 70 72 75 77 81 82 
83 85 86 93 95 98 101 104 105 107 112 115 
117 118 122 123 126 127 130 131 133 137 145 148 
156 157 163 166 171 178 179 180 181 187 194 195 
196 198 199 202 209 210 211 213 216 217 221 223 
235 236 240 243 244 245 247 251 254 260 263 264 
265 266 269 274 275 276 284 285 290 298 304 310 
312 314 316 318 320 327 328 330 338 341 342 348 
349 351 353 360 365 371 377 380 381 384 385 386 
387 395 396 402 403 405 406 410 413 420 421 428 
431 435 436 447 448 450 452 453 456 457 460 463 
464 465 467 468 469 470 475 476 478 479 481 482 
483 487 490 493 501 503 509 513 521 527 531 534 
535 539 542 544 546 548 551 553 556 562 563 569 
570 571 573 575 578 593 599 602 603 605 606 607 
609 610 615 616 627 628 629 631 638 641 643 644 
646 650 651 652 653 654 657 658 661 665 672 680 
685 687 688 690 691 694 708 712 713 714 726 727 
728 733 735 740 741 744 750 753 755 759 762 767 
768 778 780 781 783 785 793 798 
257
1 3 5 10 11 12 18 25 27 29 36 37 
38 40 41 43 44 45 48 49 51 52 55 56 
57 59 64 66 68 70 80 85 88 90 91 92 
100 102 103 110 112 116 120 122 123 129 130 133 
136 151 156 159 163 164 166 167 168 170 172 173 
179 190 199 200 203 206 209 210 215 216 217 219 
222 225 228 233 235 237 241 242 245 246 247 249 
250 252 253 258 262 263 265 266 269 271 275 277 
279 282 286 291 293 294 295 301 302 303 304 315 
320 323 325 329 334 336 342 344 345 346 348 350 
354 358 360 363 364 366 369 370 376 377 379 380 
383 388 389 392 394 397 400 401 404 411 417 423 
430 432 437 445 449 453 459 462 463 468 469 477 
481 484 498 504 510 517 518 522 524 526 530 532 
533 534 535 537 546 548 549 550 553 555 561 563 
567 575 576 579 582 583 586 588 592 595 597 601 
605 607 609 610 614 623 624 632 639 641 642 645 
646 647 654 655 664 666 667 669 670 672 673 677 
680 681 683 687 688 693 703 705 707 710 712 713 
714 716 720 725 726 728 732 734 735 740 745 751 
753 755 757 759 761 763 764 767 770 771 778 780 
793 795 796 799 800 
263
2 7 11 14 22 23 27 34 45 46 48 49 
56 60 63 64 66 68 73 76 78 82 86 90 
102 105 111 113 115 120 125 129 133 135 147 148 
150 152 154 159 169 173 177 178 180 183 188 191 
194 200 203 213 214 216 217 218 222 223 224 229 
232 233 237 238 242 244 246 249 251 255 258 260 
261 262 263 270 271 272 273 275 276 280 281 284 
292 296 298 299 301 302 306 307 313 314 316 318 
319 321 326 327 331 332 334 335 337 338 340 341 
342 344 347 349 350 352 353 355 356 357 360 362 
364 365 368 369 374 377 378 379 380 381 386 392 
395 408 412 413 424 425 430 431 432 433 437 438 
440 443 450 451 456 461 468 470 471 472 473 475 
477 478 480 482 487 492 495 498 502 508 509 513 
522 523 524 525 526 529 540 543 544 545 548 549 
554 555 556 560 561 562 564 566 567 569 570 572 
574 582 584 589 592 595 596 597 600 614 617 623 
627 630 632 634 638 639 642 643 646 647 649 652 
656 657 658 659 661 662 664 665 667 669 673 677 
679 681 687 692 697 698 699 701 704 705 707 711 
716 718 719 721 723 725 730 731 740 742 752 753 
767 770 771 775 781 782 784 793 798 799 800 
238
11 15 19 20 28 29 37 38 41 43 49 53 
57 59 60 61 64 66 71 72 76 77 79 80 
82 86 91 92 97 103 104 105 106 108 111 114 
117 118 123 125 129 133 134 137 138 146 155 159 
162 165 167 168 174 177 180 181 184 190 198 201 
202 204 209 211 214 216 217 219 220 224 226 230 
232 234 240 248 255 256 257 258 259 261 262 263 
267 275 279 282 283 285 286 290 292 295 304 305 
306 307 309 312 319 323 328 332 333 334 335 337 
340 352 354 355 356 357 360 364 365 368 369 371 
374 380 385 387 390 395 396 398 401 410 416 418 
419 420 430 431 432 436 437 441 443 453 454 459 
463 464 469 473 474 477 483 487 490 494 500 505 
509 511 514 519 520 536 538 541 543 548 550 564 
568 576 578 579 589 591 592 593 602 603 604 605 
607 609 611 618 621 622 623 624 627 634 646 649 
652 653 659 667 669 672 675 678 680 684 686 687 
688 693 700 701 702 710 712 718 722 724 725 729 
730 731 732 734 738 749 751 752 754 755 757 768 
771 772 780 785 787 789 792 794 798 799 
239
2 3 4 6 7 8 9 15 20 21 22 25 
32 39 42 45 47 54 55 63 72 75 78 83 
87 88 89 91 95 96 100 108 109 110 114 118 
122 125 126 129 134 143 146 148 150 153 154 156 
157 161 165 168 169 173 174 176 185 191 192 195 
213 219 224 226 227 228 231 233 234 235 239 241 
244 250 260 263 264 266 268 271 274 283 284 289 
292 293 294 295 296 297 302 311 314 315 317 318 
320 323 332 335 340 341 343 347 349 354 364 366 
367 369 371 373 374 375 385 392 396 398 401 408 
413 417 418 420 426 432 433 435 440 447 452 455 
458 463 465 467 468 474 476 482 487 492 493 495 
496 498 506 508 512 513 515 518 520 523 525 526 
529 532 533 537 538 540 544 545 549 550 553 554 
556 558 560 564 568 570 574 577 579 584 586 591 
592 595 596 599 602 611 613 615 618 620 625 628 
631 633 640 641 643 644 645 647 651 652 653 656 
662 668 682 687 689 691 700 703 706 708 714 719 
723 725 726 731 742 746 747 748 750 751 752 757 
760 761 772 775 777 781 789 792 793 794 796 
226
5 10 11 12 14 16 23 26 27 29 30 33 
34 37 42 43 48 49 50 51 56 60 61 66 
68 69 70 71 72 73 80 82 90 93 100 101 
103 106 121 122 125 126 133 134 135 136 137 140 
151 153 159 161 162 164 165 169 171 173 180 182 
187 188 190 194 196 197 198 199 204 205 207 209 
211 217 218 220 222 224 227 228 238 239 245 249 
259 269 271 275 285 289 295 296 302 305 309 315 
317 320 326 327 329 330 332 354 357 365 367 368 
369 370 371 373 374 375 382 385 386 388 390 402 
403 407 409 412 414 416 421 422 426 431 438 440 
445 452 455 457 465 468 470 471 481 483 491 494 
498 516 517 520 521 522 526 527 528 532 533 534 
542 543 556 560 561 562 568 569 571 572 573 575 
576 577 580 581 583 592 598 604 605 611 615 616 
617 618 619 620 621 623 628 629 630 633 634 647 
651 657 659 660 661 667 677 679 681 685 695 696 
698 706 707 711 726 728 729 731 742 748 752 753 
754 755 761 772 776 780 781 783 789 797 
242
3 7 12 13 14 15 18 24 26 31 34 35 
37 45 46 47 49 50 52 54 59 60 64 67 
68 70 71 73 75 79 81 82 83 84 86 89 
90 92 100 102 103 109 111 115 116 117 118 119 
120 126 128 135 136 138 147 160 162 163 164 165 
166 170 171 174 180 191 192 193 196 202 204 209 
211 213 215 219 220 223 227 230 232 240 241 244 
253 254 257 258 264 268 269 270 272 274 278 285 
292 294 297 301 302 307 310 317 320 321 322 328 
331 337 340 342 343 347 356 357 363 372 373 376 
380 381 392 394 395 398 399 403 405 412 420 427 
431 432 436 438 449 450 451 454 455 458 470 475 
477 478 484 487 494 496 498 499 504 506 508 509 
510 516 517 522 531 532 533 535 537 547 555 556 
557 559 560 563 564 567 569 577 579 580 581 584 
586 587 590 591 593 603 619 620 622 626 627 628 
634 635 638 640 642 645 647 649 650 659 664 665 
668 669 670 676 678 679 680 683 685 692 696 699 
702 706 709 710 714 715 721 726 727 728 730 735 
736 741 745 748 752 755 769 771 773 775 780 789 
795 797 
249
4 10 11 14 18 21 22 24 27 29 31 44 
45 46 49 50 52 56 57 63 67 72 78 81 
83 84 87 91 93 96 97 109 114 116 117 118 
121 123 129 138 140 142 144 146 150 161 166 167 
172 176 178 180 181 182 189 190 192 195 203 205 
210 211 213 217 222 224 226 227 228 237 239 242 
244 245 247 257 258 262 265 270 272 280 281 284 
288 298 300 305 309 314 315 318 320 321 323 324 
329 330 331 333 335 336 338 340 343 344 350 354 
357 358 361 362 365 371 376 380 381 384 389 390 
392 399 402 405 409 417 418 419 420 423 428 432 
433 436 442 443 445 447 448 456 458 466 467 468 
475 485 488 493 497 509 510 511 512 516 517 522 
528 532 540 545 547 548 551 552 554 557 559 563 
565 566 569 572 579 581 583 586 590 593 594 595 
603 604 605 606 614 617 618 624 627 629 634 640 
642 646 650 652 654 656 661 662 664 666 667 670 
679 682 684 692 693 695 697 699 705 708 709 710 
715 719 724 727 728 731 733 736 737 744 747 749 
750 751 755 756 759 760 761 765 766 769 774 777 
778 782 783 785 790 792 794 797 799 
262
1 2 3 4 8 11 12 16 20 21 22 23 
26 27 31 32 38 40 43 46 50 51 54 59 
67 70 71 74 78 79 80 81 83 88 90 93 
95 97 101 102 107 111 114 118 120 125 128 130 
134 140 142 145 147 148 152 154 155 159 161 166 
168 170 171 172 178 179 186 187 188 189 191 194 
207 211 213 217 221 229 231 236 239 242 243 246 
251 254 261 262 263 270 273 274 276 277 279 282 
284 285 288 289 293 297 298 301 303 304 307 309 
311 314 318 324 325 331 333 335 337 338 341 347 
349 350 351 354 355 358 363 367 368 369 371 372 
375 377 382 383 384 389 390 392 396 398 401 403 
407 409 415 417 418 431 432 433 434 441 447 455 
456 457 458 462 463 472 475 477 479 480 483 488 
498 503 505 507 512 514 519 522 528 529 530 531 
532 533 536 539 544 546 550 551 554 556 566 567 
575 580 582 585 586 587 588 589 592 593 595 598 
601 602 603 616 619 621 627 633 637 641 642 645 
652 663 672 673 674 675 676 680 682 685 687 689 
691 696 705 706 709 711 713 715 718 724 727 729 
732 735 738 741 745 746 747 752 753 758 760 761 
766 770 772 775 776 779 788 792 795 798 
241
2 5 6 7 11 16 17 21 24 25 26 27 
31 34 36 39 41 44 50 53 57 60 65 67 
69 71 72 75 76 77 78 85 88 91 95 96 
97 98 99 102 112 115 116 118 119 123 125 128 
135 137 141 146 150 152 157 158 163 165 167 168 
172 174 175 177 179 181 187 195 198 199 201 206 
208 211 212 216 219 226 230 231 234 235 240 248 
250 251 259 261 263 268 274 275 280 285 292 293 
295 300 308 318 322 327 330 333 335 336 352 354 
364 365 366 367 369 370 372 376 377 378 382 385 
387 388 391 392 393 395 401 402 407 410 413 414 
416 418 419 420 423 427 431 437 439 448 454 455 
456 458 459 461 466 473 479 490 491 493 494 496 
499 503 512 518 519 522 525 527 529 530 538 540 
541 542 544 546 548 561 562 565 571 573 583 585 
591 593 597 599 602 605 610 619 624 625 627 628 
632 639 643 644 645 646 654 657 661 662 664 665 
668 669 670 673 677 686 688 690 692 696 705 708 
710 712 714 719 721 723 724 726 728 735 736 751 
753 756 762 765 769 784 787 791 792 793 794 796 
798 
227
3 7 9 13 15 18 23 24 27 33 39 41 
44 45 50 51 52 58 59 62 65 66 67 69 
71 75 82 94 96 97 101 109 113 116 117 118 
126 132 134 146 150 152 158 160 161 163 164 165 
168 173 174 177 182 184 191 192 194 198 209 211 
212 215 224 226 227 228 229 230 233 235 236 241 
243 250 262 267 268 271 274 277 279 286 287 288 
296 300 303 305 307 310 311 313 322 325 334 339 
342 345 353 355 360 362 363 364 368 373 374 375 
377 378 379 381 385 386 388 392 394 398 402 404 
415 416 418 419 424 426 427 431 432 433 434 440 
441 446 449 450 452 453 457 462 466 468 472 478 
482 483 490 491 494 507 509 518 524 526 528 535 
538 544 545 549 550 551 552 558 559 561 564 566 
572 573 574 576 578 587 589 590 593 598 599 601 
604 608 609 630 634 635 637 643 644 650 654 655 
663 667 671 673 680 681 686 690 693 696 701 704 
709 713 714 724 726 727 731 734 736 742 744 745 
746 751 769 780 784 790 792 793 794 798 799 
216
1 5 7 10 14 17 22 35 39 42 46 48 
52 53 55 61 62 64 67 73 75 79 81 82 
91 92 94 102 105 110 115 123 124 126 127 129 
131 142 143 150 152 154 155 159 164 166 171 179 
192 197 201 209 211 216 219 234 235 237 244 250 
253 255 256 260 261 263 264 267 268 270 274 278 
281 288 290 299 301 309 310 311 312 314 316 323 
324 325 330 331 337 341 349 352 353 356 362 364 
372 374 380 381 383 384 388 394 395 396 399 400 
408 409 416 421 422 424 426 427 431 438 441 442 
444 448 450 453 464 467 470 473 478 479 488 493 
498 501 504 509 511 520 522 528 535 541 543 546 
547 553 557 560 564 567 572 573 580 600 604 605 
608 614 619 620 621 627 633 634 638 639 645 646 
649 650 651 654 656 660 661 662 666 668 672 679 
680 684 687 692 696 701 703 705 717 719 721 722 
727 732 734 735 736 737 740 741 744 746 747 748 
751 752 758 761 767 773 774 775 778 781 786 798 
254
3 6 9 12 14 16 19 22 28 31 35 37 
39 41 42 49 54 56 60 61 63 66 67 72 
73 76 77 78 82 85 87 90 94 95 97 101 
104 109 118 128 129 134 137 139 147 148 150 153 
155 161 162 172 176 183 190 196 203 204 209 212 
213 214 215 217 219 234 241 244 245 247 258 262 
266 269 273 274 278 279 280 282 289 294 295 298 
303 308 311 318 320 321 322 325 330 336 337 341 
343 348 349 351 357 358 359 362 367 368 370 371 
375 378 381 382 386 390 393 394 396 399 401 405 
410 412 414 417 418 424 426 427 430 436 438 439 
450 454 455 457 461 464 476 477 480 482 483 486 
494 502 504 505 506 511 514 515 516 518 519 520 
525 526 528 533 535 536 539 545 547 554 558 559 
565 569 570 574 577 578 581 582 583 585 587 589 
596 601 602 603 607 608 613 614 616 620 623 627 
628 641 643 645 649 652 655 656 658 659 661 662 
663 664 670 673 676 677 682 684 688 689 690 692 
695 696 702 703 705 709 710 712 716 719 726 727 
728 733 737 739 745 747 752 754 755 759 763 764 
766 770 772 773 774 781 782 786 787 789 791 792 
794 796 
231
8 12 14 25 26 27 29 37 38 42 49 50 
52 56 57 60 63 67 69 74 79 83 85 89 
90 92 96 105 109 110 111 118 120 127 131 133 
134 137 140 141 143 147 150 153 156 160 165 172 
174 177 180 200 206 208 218 220 224 226 227 228 
229 230 231 232 234 236 248 251 252 253 255 256 
258 260 262 265 277 281 286 295 296 298 300 301 
302 310 313 327 328 339 344 349 351 352 360 364 
370 372 378 380 382 385 386 387 388 390 403 406 
410 412 415 421 423 429 432 434 439 440 441 442 
443 448 452 456 458 460 462 466 468 469 471 477 
478 483 488 496 500 505 506 512 515 520 526 533 
534 535 537 538 543 557 560 564 565 571 572 581 
587 590 594 595 598 603 607 610 623 626 628 629 
634 638 639 640 641 642 643 648 653 658 659 663 
665 676 677 678 680 687 688 689 690 692 693 694 
696 697 700 704 707 708 710 711 716 719 720 724 
733 734 740 746 747 748 749 750 751 752 754 760 
762 763 769 773 774 775 777 780 786 788 791 793 
795 797 799 
255
1 2 6 7 11 21 27 29 34 40 43 44 
46 47 48 51 53 55 57 59 62 63 68 69 
71 74 77 78 88 93 94 96 97 98 101 110 
118 122 125 130 131 133 134 136 139 141 142 147 
148 149 152 153 154 160 164 169 171 173 180 183 
188 192 193 195 197 198 203 213 215 219 229 230 
232 238 240 241 242 249 250 251 252 264 266 269 
272 276 280 284 288 291 292 295 299 300 304 310 
314 318 320 322 324 326 329 334 335 338 339 342 
345 346 349 351 352 356 357 358 361 363 369 376 
379 394 396 405 407 411 413 416 426 427 428 430 
431 432 433 441 443 445 450 452 453 455 456 464 
466 469 474 477 480 481 482 483 486 492 495 502 
504 507 509 512 514 519 521 522 524 525 527 537 
541 543 548 552 557 559 560 561 563 568 569 573 
576 577 579 580 582 584 591 594 596 597 600 602 
607 608 613 616 625 627 632 634 635 636 637 639 
640 643 646 648 650 652 653 662 665 668 672 678 
681 683 692 693 696 697 698 699 701 705 712 713 
716 721 725 727 728 731 734 735 737 746 756 759 
760 761 762 765 770 772 773 774 778 779 785 793 
794 795 799 
228
2 4 7 9 10 11 21 24 25 28 29 32 
37 39 50 53 54 56 58 60 63 65 73 85 
87 88 91 92 106 108 109 111 113 114 116 117 
119 122 133 134 138 146 158 162 168 170 181 184 
188 191 193 195 196 201 203 210 211 214 216 217 
220 221 235 243 245 252 255 256 259 262 275 276 
278 282 286 290 291 293 302 303 305 306 327 329 
335 337 339 341 344 348 361 364 365 367 373 382 
390 392 395 400 404 405 406 407 408 413 414 418 
419 433 442 443 446 450 452 455 461 463 468 471 
480 481 483 486 487 490 495 500 502 504 516 518 
521 524 530 535 537 539 543 545 546 548 550 554 
556 562 563 572 573 574 577 583 584 585 588 589 
590 591 594 599 600 604 605 608 609 610 627 635 
637 640 645 648 649 653 654 655 663 665 669 670 
673 675 678 679 680 681 682 685 693 694 696 697 
698 702 704 707 709 710 712 716 719 722 723 724 
732 736 739 740 741 742 748 750 753 756 758 759 
761 762 765 766 768 771 772 779 781 783 789 795 
239
2 5 8 13 14 22 27 28 31 32 33 34 
35 38 39 41 44 45 47 48 54 58 68 73 
74 79 86 89 92 94 96 101 102 106 109 110 
117 119 123 124 126 129 130 141 143 148 150 151 
152 164 167 171 175 176 179 186 188 195 213 217 
220 222 228 232 233 235 236 241 247 249 251 254 
256 262 267 272 273 274 276 283 285 286 295 296 
298 300 301 316 318 319 324 328 329 330 332 336 
338 340 341 345 346 350 351 353 356 358 362 371 
372 376 379 381 383 384 385 389 392 395 407 409 
411 414 417 422 428 429 433 436 439 440 442 444 
450 456 462 468 476 481 487 490 493 494 495 498 
502 503 505 507 508 513 514 515 519 524 525 526 
535 541 544 547 548 553 556 561 568 569 574 579 
582 583 591 592 594 598 602 603 605 615 624 627 
629 630 638 640 644 656 659 662 663 665 666 672 
676 680 681 688 691 692 694 695 696 699 701 702 
703 704 705 707 708 713 714 718 722 725 726 728 
731 736 737 739 741 744 745 749 752 753 757 759 
762 769 770 781 783 784 786 788 792 796 800 
259
1 3 6 8 10 11 13 14 15 17 18 20 
22 23 24 26 30 36 42 43 44 47 48 49 
52 53 54 56 58 60 61 64 72 75 79 83 
86 88 89 90 98 102 103 104 107 109 110 114 
116 117 118 119 120 126 128 134 137 139 144 149 
152 153 157 159 163 165 167 169 170 174 180 185 
187 188 189 190 194 195 196 198 202 205 206 207 
212 218 221 222 226 234 236 243 251 254 255 257 
258 261 268 271 273 277 278 279 285 287 291 292 
298 303 306 310 313 314 319 321 323 329 332 333 
340 341 345 346 348 355 361 367 368 372 373 376 
378 379 391 394 395 397 398 407 410 411 415 419 
425 431 438 446 448 449 450 451 456 457 466 467 
470 473 475 484 485 488 489 492 493 499 502 508 
510 511 512 513 515 517 518 520 522 530 531 537 
538 541 543 544 546 547 553 554 556 566 567 568 
570 571 573 574 578 585 592 596 597 599 601 605 
607 616 619 621 622 624 625 628 630 631 633 637 
643 653 655 663 664 668 672 680 683 687 689 692 
693 694 697 699 700 704 705 721 722 727 730 731 
733 740 741 742 744 750 751 757 760 763 766 770 
774 780 782 785 790 795 796 
230
8 11 13 14 17 19 25 26 33 34 38 50 
53 56 61 65 67 75 76 78 82 84 89 102 
104 106 115 117 120 122 124 134 137 138 144 153 
155 162 163 164 167 170 172 174 175 176 177 179 
180 188 193 195 196 198 202 204 219 223 225 228 
234 240 241 244 247 249 250 257 260 261 262 264 
274 276 279 287 289 293 294 300 302 303 304 313 
318 319 321 322 325 326 327 329 330 337 340 342 
344 345 347 349 350 354 355 364 368 369 370 374 
378 379 380 381 383 392 393 395 397 398 399 406 
415 416 422 423 428 429 430 434 438 440 445 448 
449 451 459 460 461 462 463 469 471 479 484 485 
493 494 497 499 501 504 507 511 513 515 516 525 
528 529 531 532 543 544 552 556 565 572 573 585 
586 587 589 592 602 605 607 609 611 619 631 641 
647 653 659 660 661 665 669 671 672 676 677 680 
684 696 704 706 716 718 719 720 722 726 728 738 
743 745 747 752 753 754 755 758 759 760 761 764 
767 770 772 776 784 786 787 788 789 790 791 793 
794 800 
251
1 3 5 8 12 19 24 26 29 34 36 38 
41 46 50 51 55 57 60 63 70 72 74 78 
79 80 81 85 86 88 94 97 98 100 102 103 
104 105 106 108 111 116 122 123 128 130 133 137 
138 140 143 145 150 153 154 156 162 167 168 171 
180 186 187 194 195 198 200 202 204 210 212 215 
216 218 219 220 222 224 236 239 240 241 242 245 
248 258 260 270 271 272 273 276 279 285 289 292 
298 299 300 301 302 310 311 314 317 319 321 322 
323 334 335 338 347 348 352 354 362 363 369 374 
376 377 379 385 387 391 392 393 396 398 402 403 
406 409 410 411 414 416 417 418 419 424 425 427 
431 437 442 443 444 445 449 454 456 460 461 469 
471 472 479 483 491 503 504 505 507 508 512 525 
539 540 546 553 559 561 575 582 585 589 592 593 
602 605 609 611 615 617 618 622 627 629 632 639 
640 642 645 649 653 655 656 657 659 660 662 664 
666 668 669 674 676 678 679 681 683 687 689 691 
695 697 701 706 707 708 710 721 727 730 731 736 
739 740 741 742 745 747 748 749 756 764 767 768 
770 772 773 774 781 785 787 789 793 796 800 
265
4 5 10 14 15 17 18 19 21 25 29 32 
33 34 35 39 42 45 48 56 60 64 65 67 
74 75 77 80 83 84 90 91 92 93 95 98 
106 109 115 118 130 134 140 141 142 154 155 157 
158 161 169 170 176 178 179 180 181 183 185 186 
192 194 196 197 199 201 204 205 210 214 215 216 
219 223 224 226 230 232 237 240 244 250 251 252 
257 259 260 261 262 264 266 267 271 273 278 279 
281 284 286 291 293 296 297 301 302 304 305 311 
313 314 316 325 328 334 336 337 339 340 343 351 
356 360 364 367 368 370 385 387 389 392 396 397 
398 399 400 404 405 419 420 421 422 423 426 429 
431 435 437 441 446 447 454 456 462 465 466 468 
469 471 474 475 476 477 479 481 482 485 487 491 
493 499 502 504 507 510 512 513 517 520 524 526 
528 530 534 535 537 540 542 546 551 559 562 563 
565 571 572 573 578 583 589 593 594 597 599 603 
610 612 615 620 621 623 627 629 632 634 638 639 
643 647 653 656 663 665 666 673 676 680 684 685 
686 687 688 690 691 694 695 702 707 709 712 714 
716 722 730 731 735 737 740 741 746 747 748 749 
750 751 753 760 765 771 773 781 784 789 795 799 
800 
231
4 7 8 12 16 18 28 29 31 34 37 39 
41 42 44 49 51 52 54 55 58 62 78 79 
87 89 91 93 95 105 109 112 118 123 124 127 
129 131 134 141 143 145 152 153 162 163 165 167 
172 175 180 182 183 186 190 191 192 193 194 197 
205 208 211 213 217 219 222 224 225 228 229 235 
239 245 251 253 256 257 258 259 264 268 273 276 
282 283 286 288 295 300 302 303 305 306 310 313 
325 336 337 344 351 355 357 358 362 363 368 371 
373 375 377 378 381 382 383 385 387 388 397 402 
403 404 405 406 409 413 425 426 429 430 435 437 
438 441 444 453 457 459 460 465 468 471 475 481 
482 486 489 497 501 503 504 506 513 518 520 521 
526 531 532 534 541 548 549 551 552 560 561 562 
565 571 578 581 583 586 587 591 598 601 603 606 
607 610 612 621 622 625 630 633 636 638 641 643 
646 648 654 656 657 658 665 668 677 684 691 696 
699 701 702 712 714 723 725 735 736 737 738 750 
759 761 764 770 772 787 788 793 794 795 796 797 
798 799 800 
233
1 3 5 8 12 13 15 16 18 22 24 25 
33 39 40 48 58 61 66 69 72 73 74 75 
80 81 87 89 97 98 105 109 112 115 116 117 
119 120 123 124 125 127 129 134 137 140 146 152 
158 161 172 173 177 181 185 186 188 192 198 199 
206 209 211 217 219 222 223 235 251 253 263 264 
265 267 269 270 271 272 276 291 301 302 310 312 
314 315 317 322 330 338 341 344 346 352 353 354 
355 356 365 367 370 371 373 375 380 381 385 387 
396 398 400 406 407 412 414 415 417 419 425 426 
432 433 438 440 459 460 461 464 467 468 470 471 
473 474 483 484 491 495 497 499 500 502 520 528 
529 530 532 533 536 538 542 545 546 547 551 554 
555 565 566 567 570 572 573 577 579 581 582 584 
585 588 595 600 601 602 603 607 608 611 622 626 
627 628 629 631 632 636 637 645 647 653 655 658 
660 661 665 666 668 678 684 687 696 698 701 702 
705 707 708 712 713 714 724 727 728 731 735 739 
742 744 747 748 754 755 758 764 767 770 775 779 
783 786 793 795 799 
237
2 6 11 16 31 32 34 38 39 41 42 43 
44 50 60 61 67 72 74 80 89 93 96 97 
98 102 104 106 109 111 113 121 123 125 127 128 
130 135 138 148 153 154 159 160 162 164 165 168 
169 174 177 178 179 182 184 190 191 193 194 200 
201 205 213 215 219 225 227 228 231 233 235 236 
239 248 254 256 259 262 269 274 277 286 287 288 
297 298 309 318 319 325 327 328 332 334 335 336 
338 341 342 345 346 347 348 349 350 352 355 361 
362 367 370 374 376 379 382 388 392 395 398 399 
400 401 403 405 406 410 413 417 427 438 441 442 
444 450 454 457 462 465 466 478 481 486 489 497 
498 506 507 511 515 519 526 528 530 532 533 534 
535 538 544 552 553 557 558 560 563 565 567 570 
572 573 579 580 581 582 587 592 596 601 603 604 
611 612 617 618 627 630 634 637 641 645 647 650 
651 660 665 668 671 673 674 675 680 682 690 693 
699 706 712 716 718 719 721 724 729 730 733 737 
739 741 743 745 746 748 750 753 761 771 775 777 
778 780 781 783 786 787 792 797 799 
233
4 6 8 13 14 17 18 21 26 28 33 35 
42 43 46 47 52 57 60 64 70 74 75 76 
77 81 83 87 88 90 94 96 99 112 114 115 
117 119 120 121 122 126 127 130 131 135 136 137 
141 145 151 154 156 162 167 168 169 177 179 186 
192 194 200 201 203 204 207 215 216 217 218 220 
221 222 226 227 232 235 236 238 243 244 248 260 
261 268 270 276 277 284 286 287 288 291 292 294 
295 302 317 318 321 322 327 328 329 330 332 333 
334 335 336 340 344 348 349 355 371 372 374 375 
377 393 398 399 401 415 423 424 433 436 437 439 
446 449 453 456 458 461 463 470 471 475 477 478 
482 489 492 493 496 497 499 509 510 511 513 515 
522 529 532 534 537 538 540 541 547 548 551 553 
558 559 560 565 566 567 572 573 576 578 579 584 
587 590 593 594 612 614 618 621 626 627 638 640 
647 648 656 657 659 662 664 666 668 672 681 682 
688 691 696 697 703 707 728 732 733 734 741 742 
746 748 753 754 765 777 778 779 781 783 785 787 
788 789 791 794 799 
219
2 5 10 16 17 22 23 30 32 34 41 42 
48 49 65 72 73 76 80 83 92 93 96 99 
113 119 120 124 125 130 132 136 137 138 142 145 
152 159 163 164 165 167 169 170 172 174 176 177 
183 185 191 193 195 197 204 207 213 215 216 218 
222 232 237 241 249 261 263 267 268 270 272 273 
276 277 286 288 289 293 294 309 312 316 324 330 
334 336 340 345 347 348 349 350 352 353 362 364 
368 369 371 373 377 384 385 391 399 400 403 404 
408 418 421 425 426 428 429 432 436 438 441 445 
448 450 453 454 460 461 463 464 466 469 471 472 
473 474 475 481 497 498 499 501 507 510 513 525 
526 527 529 535 538 548 552 553 554 557 558 559 
560 564 565 574 578 590 591 592 595 597 599 600 
602 603 605 606 609 610 612 614 617 619 623 640 
641 643 645 651 652 655 660 662 664 665 667 668 
675 676 684 691 695 703 720 721 726 730 735 741 
749 750 754 755 758 762 767 769 776 781 787 791 
797 798 800 
216
1 6 15 23 24 27 29 31 38 45 57 60 
61 67 69 70 75 76 78 79 82 85 86 87 
90 96 98 99 102 108 117 118 123 127 128 130 
136 142 144 150 151 155 165 169 172 181 185 190 
191 193 194 197 198 201 203 207 214 220 222 226 
227 228 230 236 239 240 241 245 249 250 252 253 
254 255 259 260 262 266 268 269 271 274 276 279 
282 284 286 291 296 298 309 310 311 316 319 321 
323 331 332 340 341 361 363 367 368 370 372 375 
379 380 381 384 386 393 405 408 413 416 417 418 
419 420 429 432 438 447 450 451 452 455 456 459 
466 467 472 473 476 486 488 492 496 499 500 501 
502 506 514 515 519 521 522 526 527 530 535 543 
546 555 559 560 562 563 564 567 571 576 578 580 
590 607 610 615 623 629 630 634 638 644 650 651 
652 660 661 669 674 677 683 684 688 695 707 710 
711 714 716 719 726 736 737 743 746 747 758 760 
763 766 767 768 769 770 775 777 781 784 798 800 
239
1 2 3 7 8 9 10 11 14 17 23 25 
30 34 37 40 44 46 47 49 54 56 60 62 
65 72 83 84 85 88 89 93 95 99 100 101 
103 104 112 114 116 120 126 127 139 147 150 155 
159 160 163 164 166 168 169 180 181 183 190 195 
200 203 214 226 227 231 242 246 253 255 257 258 
259 265 267 268 272 274 276 278 284 286 288 293 
298 299 300 303 307 308 310 312 317 325 329 332 
338 339 342 350 351 352 354 356 359 361 365 367 
369 371 372 373 374 377 381 383 387 388 400 403 
411 416 418 420 425 430 432 435 437 443 447 453 
457 458 459 462 464 468 469 471 472 480 481 484 
489 490 491 494 498 499 504 507 509 512 517 521 
522 529 530 531 532 540 542 543 544 548 552 554 
557 563 564 570 573 580 581 582 585 586 587 591 
592 597 604 607 614 623 624 626 629 633 638 640 
642 647 648 655 662 663 667 668 669 672 674 678 
679 680 681 682 683 684 690 696 699 703 709 714 
716 717 725 726 727 731 739 740 744 751 752 753 
760 765 775 779 782 787 788 790 794 796 799 
243
6 10 14 18 28 29 30 36 39 44 45 46 
49 54 55 60 63 66 70 75 82 84 85 88 
89 92 96 101 107 110 112 113 123 125 127 128 
131 139 140 145 147 148 149 151 152 153 154 157 
161 162 168 174 175 177 178 185 190 193 194 195 
196 205 207 214 218 219 222 236 237 238 245 250 
251 253 255 257 261 265 268 269 270 272 278 280 
284 292 294 297 300 302 306 310 311 312 319 320 
323 327 333 341 348 351 370 372 373 377 382 383 
384 385 388 391 392 393 395 396 398 399 402 403 
406 411 412 414 415 418 419 422 429 430 433 438 
440 443 448 452 454 455 457 458 460 461 466 469 
470 471 475 477 488 492 496 502 507 508 513 516 
520 521 522 524 526 529 537 543 544 548 551 553 
556 557 562 565 566 568 570 571 574 576 577 582 
586 591 593 595 598 599 604 605 611 615 620 624 
625 630 638 644 645 650 652 657 662 671 672 676 
678 685 688 692 694 698 701 702 707 709 712 713 
722 724 726 727 728 732 733 736 738 739 740 743 
751 754 763 764 765 767 769 773 780 782 784 785 
793 797 798 
243
7 9 10 11 13 16 21 22 24 33 38 39 
42 45 46 47 48 49 63 64 70 71 77 78 
85 87 88 90 92 95 101 104 106 107 112 117 
121 126 127 129 130 132 135 137 139 141 144 148 
151 157 158 160 162 164 165 168 173 175 176 178 
181 182 188 189 196 197 198 199 201 204 210 211 
214 215 217 219 222 228 235 236 237 240 245 247 
250 251 253 255 257 261 265 276 277 284 288 291 
292 300 303 305 306 308 316 318 319 320 324 325 
330 343 352 353 359 361 364 365 368 369 372 374 
376 377 378 388 389 390 397 410 411 415 419 420 
424 426 428 431 432 435 438 440 443 452 453 464 
470 472 474 478 480 482 486 490 494 496 501 502 
503 510 512 515 517 519 523 528 532 536 542 549 
553 559 562 565 567 572 580 581 583 584 585 588 
589 591 592 593 594 600 601 604 609 611 615 618 
622 629 631 639 643 651 652 653 656 657 658 660 
661 662 667 669 676 678 682 683 684 688 691 699 
700 703 704 707 708 711 712 718 730 734 737 746 
748 750 752 754 761 765 766 771 773 781 784 789 
791 792 797 
256
5 12 13 14 15 18 20 24 26 27 28 29 
31 32 33 40 43 47 50 52 53 59 62 64 
67 68 69 71 79 80 90 95 100 103 104 112 
113 118 121 123 125 128 129 131 132 133 138 140 
141 145 155 156 157 158 159 161 163 164 166 170 
175 181 184 187 190 194 198 200 202 204 206 207 
213 217 218 227 231 233 235 237 239 241 242 245 
246 248 250 258 259 264 268 270 271 274 275 278 
280 283 284 288 295 297 299 304 308 310 311 316 
325 327 330 332 335 337 339 341 343 346 353 354 
355 357 360 367 370 372 377 378 381 386 398 401 
402 403 405 411 412 418 421 424 426 427 432 434 
435 440 443 445 446 456 458 459 460 462 463 466 
467 468 471 476 477 478 480 482 487 492 496 500 
501 505 507 511 512 516 518 519 523 527 535 536 
542 543 544 553 558 563 569 575 581 585 588 589 
590 591 595 598 601 608 611 615 622 626 628 632 
637 640 641 643 644 645 647 648 652 668 671 676 
681 682 688 689 692 693 695 696 705 711 717 724 
725 727 731 735 741 747 749 750 755 757 758 760 
761 762 768 770 773 774 775 779 784 786 787 790 
792 793 797 798 
231
4 11 12 19 20 23 26 29 32 36 37 38 
46 47 49 51 52 57 59 61 65 67 69 75 
76 78 79 88 99 102 104 106 114 116 122 124 
126 127 130 135 140 141 143 145 147 151 160 161 
163 164 167 178 182 186 187 191 200 214 216 217 
230 237 239 243 246 250 253 254 255 260 268 269 
271 274 275 277 282 286 288 292 301 310 318 320 
321 322 332 333 334 335 341 342 346 351 352 357 
363 366 376 385 388 393 399 405 416 417 419 424 
425 428 429 430 433 434 436 440 443 444 446 451 
458 460 463 471 473 474 477 482 483 484 485 502 
503 504 508 516 518 519 530 531 532 534 538 539 
541 543 545 546 548 552 554 562 565 567 568 572 
578 579 580 583 584 586 587 588 594 596 598 601 
602 603 611 613 614 616 623 624 625 628 630 635 
639 641 645 647 649 650 653 659 661 668 682 684 
687 690 692 698 699 701 702 706 714 716 719 728 
732 733 734 736 739 743 745 746 749 755 756 758 
759 761 765 768 769 770 773 779 784 790 792 793 
794 796 798 
232
2 10 12 17 18 20 26 33 34 35 37 39 
41 43 44 49 59 64 65 69 72 75 76 86 
96 97 102 104 106 108 111 116 119 121 127 129 
130 144 147 154 156 171 172 176 177 178 186 190 
191 194 200 202 211 213 219 221 224 225 226 229 
231 233 235 236 239 242 246 251 252 253 261 271 
276 279 280 286 287 292 294 303 312 314 319 321 
324 326 332 333 335 340 341 344 346 358 359 360 
362 364 367 369 370 371 373 375 379 380 382 389 
392 395 399 400 408 409 415 416 417 418 419 423 
429 431 433 434 440 446 447 449 455 459 474 476 
477 479 483 486 488 490 491 492 495 502 506 508 
513 516 518 519 522 525 530 531 532 534 535 537 
542 548 551 560 564 569 570 573 575 576 581 582 
587 596 597 600 602 612 619 621 623 625 627 633 
636 637 647 651 653 655 661 663 664 670 672 673 
675 679 684 687 695 700 703 705 706 711 713 718 
719 729 730 732 733 735 736 740 741 742 746 753 
757 766 769 775 779 781 782 783 787 790 793 795 
796 797 798 800 
229
5 6 8 9 10 12 13 16 21 23 25 31 
37 49 51 56 58 61 63 65 69 72 73 78 
83 97 98 111 113 115 117 118 119 121 123 125 
129 137 139 140 143 145 146 147 150 155 156 157 
158 162 163 166 168 169 170 175 176 181 188 189 
190 191 192 195 196 200 202 206 207 213 217 229 
232 234 235 241 244 252 257 268 271 272 274 275 
276 279 280 286 294 296 299 319 324 327 328 330 
343 350 352 353 355 359 364 368 374 376 380 383 
385 389 396 397 401 405 408 409 424 425 426 430 
436 443 446 455 460 461 464 467 468 470 477 481 
484 486 488 489 490 501 502 508 510 512 516 518 
519 521 525 527 536 539 541 545 548 549 550 552 
556 559 562 564 567 570 576 577 589 590 591 592 
593 596 597 598 599 600 602 603 609 611 616 622 
623 627 631 644 650 651 652 653 654 655 663 664 
671 678 682 684 690 691 696 698 707 708 712 714 
719 724 726 734 736 737 738 740 742 744 746 749 
750 755 757 759 760 764 765 771 773 775 777 785 
793 
233
7 13 15 17 20 22 30 37 43 45 49 56 
64 68 69 70 71 73 76 80 85 86 91 94 
98 99 100 103 104 108 109 110 112 118 120 140 
142 151 152 153 158 163 164 169 174 176 177 179 
181 183 184 188 190 191 193 194 196 201 203 204 
205 206 213 221 226 227 228 231 238 240 253 254 
259 261 267 268 280 288 289 290 291 298 299 300 
301 302 310 311 319 328 330 331 333 336 341 342 
349 351 352 355 359 364 367 369 370 372 377 383 
387 389 394 395 396 397 409 419 425 426 427 431 
433 435 439 441 442 443 445 447 449 450 452 453 
458 459 460 462 468 469 474 476 477 478 480 481 
482 490 491 495 503 509 513 515 518 524 525 528 
532 533 535 537 541 543 544 548 549 550 552 554 
559 560 562 563 564 566 572 573 587 588 590 594 
595 603 606 609 611 620 626 634 635 639 640 648 
658 660 662 674 676 685 689 690 694 699 703 705 
707 711 712 713 714 719 724 726 730 732 734 736 
739 741 746 753 757 758 759 760 767 771 775 782 
786 794 797 798 800 
237
3 4 6 7 8 17 18 21 26 27 29 30 
31 32 33 34 37 38 40 46 47 48 55 64 
65 66 70 71 74 82 83 89 96 97 100 106 
108 114 115 119 120 131 132 133 135 145 146 149 
150 154 157 158 160 161 167 168 169 170 174 176 
181 184 186 187 188 189 199 202 203 210 212 215 
225 226 228 235 240 242 244 249 252 263 264 265 
266 267 269 270 272 277 282 284 287 291 293 295 
297 298 303 312 313 323 325 328 343 345 348 350 
352 358 361 362 363 365 370 373 377 378 380 387 
391 397 399 404 405 406 407 420 422 428 429 430 
431 435 437 439 456 460 461 462 465 475 478 479 
490 495 498 503 505 523 525 526 528 529 531 533 
551 554 558 560 561 563 570 572 574 576 580 590 
591 594 598 600 603 605 606 607 618 621 626 629 
634 636 638 640 646 647 651 654 655 656 657 658 
660 661 663 664 668 671 676 678 680 681 682 684 
686 687 688 691 696 698 704 710 713 714 725 727 
728 730 734 736 745 746 749 751 756 769 770 773 
774 775 779 782 783 784 792 793 795 
249
4 8 12 15 18 22 27 29 30 31 33 41 
42 44 54 60 63 64 66 67 69 72 75 77 
78 79 82 85 86 89 99 100 101 110 112 118 
119 123 125 126 129 132 136 137 138 140 142 144 
145 150 151 152 155 156 159 164 173 174 178 180 
183 187 189 191 193 194 198 203 204 206 209 215 
217 218 220 223 224 228 230 234 236 239 244 247 
249 250 253 254 259 260 263 267 269 275 279 282 
283 286 292 295 298 304 309 311 314 320 323 325 
326 333 335 339 340 353 354 355 363 374 376 379 
382 395 398 399 401 405 406 407 408 414 424 431 
432 434 437 440 441 442 444 446 447 450 452 461 
463 464 466 471 474 475 477 494 495 498 500 502 
506 509 510 516 517 518 523 529 530 533 543 548 
550 552 554 555 559 560 561 562 563 565 566 569 
571 572 576 579 583 585 588 593 595 596 603 604 
608 611 612 617 619 620 624 625 627 632 636 643 
644 645 648 653 655 657 658 662 667 669 679 688 
690 693 694 697 698 701 706 709 710 715 720 726 
730 734 737 741 743 747 749 753 758 767 768 771 
773 775 776 782 787 791 792 794 796 
236
6 8 20 21 23 25 32 34 39 42 44 45 
52 53 56 60 61 63 64 67 70 72 75 78 
79 85 88 92 98 99 100 104 112 116 122 125 
128 132 133 136 144 148 149 153 154 155 159 170 
180 185 188 194 199 203 204 209 219 220 224 225 
232 234 238 239 241 246 248 253 254 265 266 273 
276 284 285 286 290 291 298 303 307 320 324 325 
330 334 338 341 348 349 353 354 357 360 367 369 
370 372 375 379 380 382 383 386 390 391 392 403 
408 417 419 422 423 431 433 437 442 447 452 453 
457 458 460 463 467 470 472 473 474 475 481 483 
489 495 497 498 500 507 510 513 518 520 522 523 
526 531 532 533 535 539 545 547 551 552 554 555 
561 563 564 565 566 568 569 572 573 574 576 578 
580 581 587 588 591 593 595 597 602 611 613 615 
618 619 627 631 634 635 636 638 643 649 650 657 
659 660 663 666 667 668 669 676 682 684 685 692 
693 703 706 708 713 715 718 722 723 727 728 734 
739 749 754 758 759 760 766 769 771 772 775 779 
782 783 787 788 791 793 799 800 
240
2 3 5 10 11 16 18 22 23 26 31 32 
39 42 46 48 49 54 56 57 63 74 79 81 
85 97 98 99 100 103 105 111 112 114 118 121 
122 128 130 135 136 141 142 146 158 164 165 166 
168 169 171 179 185 187 200 204 205 209 213 214 
216 218 222 227 229 231 234 235 237 239 248 250 
251 252 257 260 261 262 263 270 271 276 282 290 
298 304 308 309 310 314 317 322 327 329 330 338 
345 347 353 354 357 362 367 370 374 376 383 390 
392 398 401 402 403 407 408 413 424 431 436 439 
442 445 447 450 451 453 456 460 461 462 468 470 
473 474 481 484 491 493 495 498 500 502 504 508 
509 516 523 525 528 530 532 540 541 542 543 546 
551 553 559 561 563 567 573 577 581 582 585 586 
588 592 593 595 596 597 602 615 618 624 625 630 
631 632 633 635 636 637 639 646 647 649 654 656 
658 660 661 662 663 664 668 670 675 676 677 680 
685 689 691 696 701 703 704 708 712 715 719 722 
726 729 730 736 740 741 742 743 744 755 757 758 
770 773 774 775 776 780 783 784 789 790 795 796 
244
2 3 5 12 13 14 18 22 24 28 30 32 
33 38 45 46 53 58 60 68 76 79 81 84 
86 94 98 101 102 103 108 109 110 119 120 121 
122 127 133 137 139 140 144 145 154 155 157 160 
163 165 167 172 173 174 175 178 182 184 187 189 
190 192 194 198 200 201 202 206 207 211 213 214 
215 221 226 230 231 236 244 248 253 259 260 262 
264 269 270 283 284 288 291 297 300 301 303 306 
308 309 311 312 319 323 328 333 340 341 342 343 
344 346 348 349 350 351 353 358 363 367 369 371 
375 379 382 384 388 390 396 400 401 406 411 412 
413 414 419 422 425 429 431 432 435 438 439 447 
454 456 457 459 463 470 472 473 477 480 481 482 
485 487 488 490 493 495 498 499 500 502 505 521 
527 530 532 534 549 555 561 563 564 566 568 571 
573 577 579 588 590 591 595 596 603 608 613 614 
615 618 619 624 628 630 631 635 636 637 645 649 
653 656 662 673 678 680 684 690 691 699 701 707 
709 711 713 714 727 728 735 739 743 744 748 750 
754 756 758 759 770 771 774 778 779 783 784 787 
791 792 793 794 
245
2 4 5 7 11 13 15 18 21 28 34 38 
39 48 49 57 63 64 75 76 84 85 90 91 
92 100 101 104 109 110 114 116 119 122 124 128 
132 134 136 145 148 154 159 160 164 167 172 174 
177 184 186 191 194 196 199 205 207 211 218 221 
222 228 235 240 241 242 251 255 257 260 261 264 
267 270 279 283 284 287 288 291 297 300 311 314 
316 320 323 332 334 335 336 339 341 344 345 347 
349 357 362 369 376 380 382 386 387 391 395 396 
398 403 409 410 411 416 420 421 426 430 431 434 
436 440 442 446 449 454 455 458 459 465 473 475 
477 478 482 487 488 492 507 510 511 516 523 524 
529 530 535 537 544 546 550 551 555 558 559 565 
567 569 570 572 575 576 578 579 580 582 583 588 
592 593 594 598 602 607 618 620 622 623 629 631 
633 636 640 641 643 644 645 648 650 651 652 656 
658 659 661 662 666 670 678 681 682 684 687 688 
690 692 695 699 701 704 707 710 712 713 716 717 
718 723 728 731 733 734 736 737 743 748 749 752 
755 757 759 760 762 766 767 773 775 778 780 788 
793 795 797 798 799 
235
1 2 4 11 16 17 19 20 22 32 33 37 
41 43 44 45 51 53 63 70 73 76 81 87 
88 94 98 99 115 119 122 132 133 139 141 144 
146 149 150 151 158 172 177 180 183 186 189 190 
191 192 194 195 197 199 200 202 206 210 216 217 
224 228 231 232 235 236 240 241 247 252 256 258 
264 266 269 270 273 277 280 283 284 287 288 291 
295 297 299 300 301 303 304 305 307 315 327 328 
333 338 341 346 348 351 360 371 379 382 383 386 
392 393 395 397 399 405 408 409 411 412 415 419 
423 428 429 430 433 435 441 442 444 449 450 464 
470 472 477 479 480 485 490 491 495 496 509 511 
514 519 529 540 541 544 546 548 556 559 560 561 
567 568 570 572 575 577 581 585 586 587 588 591 
597 599 602 605 606 608 609 611 613 614 615 616 
618 620 622 623 627 641 642 649 650 651 652 653 
657 665 674 676 678 679 680 681 684 685 690 700 
706 707 711 713 714 716 717 719 721 723 724 729 
731 733 741 742 745 747 757 759 761 765 776 779 
781 783 786 787 790 793 796 
235
6 7 9 10 17 27 31 32 33 38 39 41 
48 52 56 62 66 70 71 73 77 79 81 82 
88 89 94 98 102 103 107 108 115 125 127 129 
132 136 139 148 151 152 154 155 157 159 160 164 
166 170 173 177 178 179 183 184 186 192 194 196 
198 199 212 215 218 226 237 244 248 249 254 261 
263 264 265 274 275 278 279 281 289 291 293 295 
300 302 309 318 320 327 328 335 336 337 338 340 
345 346 347 349 350 353 357 359 367 368 371 375 
377 378 382 383 384 387 396 398 402 408 417 422 
427 429 430 435 448 450 453 456 457 460 468 469 
481 485 491 492 497 498 501 503 505 507 508 510 
511 513 514 516 517 521 522 529 530 532 537 538 
539 543 546 552 554 558 561 570 572 576 581 587 
593 599 601 602 607 608 609 612 614 624 629 631 
633 636 637 639 641 642 643 645 652 658 664 666 
668 670 672 674 677 681 692 693 694 695 697 698 
700 701 703 706 710 716 721 724 729 730 732 734 
735 737 739 742 743 744 748 751 752 757 759 762 
763 769 780 781 782 783 794 
243
4 7 11 15 16 19 20 25 29 30 32 33 
35 37 39 40 42 51 52 54 55 57 59 62 
68 72 73 75 76 81 83 84 90 91 93 96 
97 105 119 120 121 124 125 132 136 139 146 148 
150 154 160 161 165 168 171 174 178 179 183 189 
190 199 212 214 219 221 232 234 238 245 246 247 
252 254 258 264 265 267 274 278 284 286 291 298 
304 306 314 318 324 326 328 334 336 338 347 350 
351 352 360 362 366 378 379 380 383 385 386 393 
394 395 400 402 407 409 411 413 414 419 424 425 
426 432 439 447 453 457 463 467 472 478 482 486 
488 492 495 501 504 507 510 512 513 514 515 516 
518 522 524 526 531 533 534 536 538 539 541 544 
545 549 557 558 559 564 568 571 578 579 580 586 
589 591 592 595 596 598 602 607 611 616 617 619 
620 625 626 629 631 634 635 636 639 644 645 646 
652 655 656 660 661 663 665 666 667 669 670 673 
674 676 680 681 682 683 687 693 694 696 697 703 
704 710 711 715 718 722 723 724 728 733 740 742 
747 751 752 756 758 761 764 765 775 776 778 784 
787 789 794 
253
3 5 7 8 11 13 14 16 18 24 31 33 
34 41 42 45 50 54 55 59 62 63 66 69 
81 83 87 90 93 94 98 101 102 109 110 111 
113 116 118 120 123 125 126 128 131 139 140 145 
146 150 155 158 159 162 165 167 168 170 175 180 
182 183 184 185 186 188 193 196 197 199 200 206 
207 215 216 218 220 221 223 224 228 230 238 242 
244 245 247 250 251 256 259 261 263 264 265 270 
271 272 279 282 286 287 290 293 297 300 301 302 
303 304 308 317 321 326 332 337 340 341 346 347 
349 353 354 358 361 363 366 367 371 376 384 389 
397 399 407 408 409 415 425 430 432 441 443 447 
449 456 458 461 465 469 470 472 478 483 494 500 
503 504 505 507 510 512 516 520 521 524 528 529 
531 532 533 535 539 549 550 551 553 554 556 559 
564 565 566 569 570 575 578 593 594 595 596 599 
601 602 604 606 608 610 611 619 621 623 639 640 
644 645 649 655 656 657 658 662 666 667 670 679 
681 686 691 693 700 711 717 719 720 723 726 728 
729 731 732 743 746 754 755 756 757 758 759 763 
765 768 775 781 783 789 790 791 792 793 794 796 
797 
229
5 10 12 17 19 21 22 23 26 27 29 32 
33 36 38 42 44 51 53 59 61 62 63 68 
76 78 79 84 90 95 97 100 103 107 109 112 
113 116 122 124 130 133 135 136 138 139 150 154 
156 160 164 167 169 172 180 181 185 187 189 190 
196 199 202 205 213 215 222 227 228 233 236 244 
248 251 255 270 272 273 274 277 278 282 287 292 
296 297 298 299 302 304 306 310 314 318 320 326 
327 328 329 330 332 338 340 341 344 345 348 351 
356 357 359 364 366 367 368 370 378 379 386 395 
401 403 405 406 413 420 426 432 433 435 448 450 
452 453 460 462 464 469 471 474 476 477 478 479 
483 491 497 500 502 510 518 519 525 528 530 532 
533 534 535 537 538 544 545 548 552 554 556 560 
562 566 568 569 571 574 591 595 601 604 608 610 
619 620 621 624 625 626 630 632 635 653 655 656 
658 659 668 670 672 684 685 686 688 702 710 714 
719 721 722 723 726 727 732 733 735 740 746 748 
757 762 763 767 770 773 777 779 783 785 794 797 
798 
237
5 6 7 9 10 11 18 19 20 22 23 27 
30 35 37 40 42 56 65 69 72 75 77 78 
80 82 84 85 89 90 95 96 97 98 109 111 
121 126 127 129 138 139 144 146 148 149 150 153 
159 161 162 167 170 174 175 177 186 189 190 197 
199 205 211 214 217 218 222 223 237 238 245 249 
251 255 259 260 267 272 273 274 275 281 284 286 
292 294 299 301 303 304 305 310 311 316 318 319 
322 327 332 333 337 338 341 353 360 363 364 367 
369 372 375 391 394 404 413 416 420 421 428 429 
430 435 439 445 451 457 459 460 464 465 470 472 
473 477 478 480 488 492 501 508 512 513 516 517 
518 520 525 531 533 534 536 542 543 544 547 548 
553 556 557 560 561 563 566 567 570 572 573 576 
578 581 582 584 586 592 597 600 601 606 610 611 
612 614 618 622 625 629 630 631 633 635 637 641 
644 651 655 657 661 664 666 675 677 678 686 687 
688 690 694 695 701 702 710 711 717 721 726 727 
728 729 730 732 733 738 745 747 748 752 754 755 
766 771 776 780 781 785 795 799 800 
249
5 14 16 17 18 19 21 22 26 33 37 38 
40 42 44 48 49 50 51 52 57 62 63 70 
77 82 84 85 86 87 90 93 95 101 102 106 
109 112 113 121 123 125 129 138 149 150 151 153 
156 160 166 168 169 171 172 176 177 179 180 182 
183 184 185 186 189 190 193 196 202 205 207 212 
213 214 217 219 223 226 227 229 237 239 241 242 
248 249 251 252 253 254 260 262 273 278 283 286 
288 290 293 297 299 307 309 310 313 317 318 330 
331 332 336 337 338 346 348 349 350 351 352 353 
357 362 363 365 372 384 390 391 394 397 398 403 
406 409 410 412 416 418 420 426 427 428 434 435 
436 448 457 458 463 468 477 479 488 494 495 497 
500 503 505 522 523 525 529 536 541 542 543 550 
552 555 556 558 564 567 568 570 573 575 576 581 
583 587 589 592 594 598 600 603 615 619 627 630 
638 640 644 645 647 651 654 658 663 667 671 672 
687 690 692 696 697 699 700 701 706 708 709 714 
716 717 719 720 722 725 726 728 729 732 733 734 
735 743 744 745 747 751 752 756 758 760 767 771 
772 773 775 776 778 786 789 791 794 
240
1 5 9 15 16 17 22 24 25 26 28 31 
32 34 36 38 41 45 50 51 55 59 60 61 
67 70 74 75 79 80 86 91 103 110 111 115 
116 120 125 127 128 131 136 137 147 149 154 158 
159 163 166 171 173 176 177 180 187 189 192 193 
195 198 201 202 203 207 209 212 220 223 224 228 
230 233 249 255 259 270 272 273 278 280 281 283 
285 287 288 290 291 292 295 296 297 298 299 304 
307 312 318 321 322 325 327 328 331 333 334 348 
350 354 356 359 365 371 374 378 379 381 386 389 
391 393 394 395 402 408 412 414 416 422 427 431 
432 435 437 440 445 448 449 450 452 454 470 472 
473 474 481 483 484 485 487 489 493 494 499 501 
503 507 509 513 516 518 519 523 525 530 532 533 
536 543 551 555 557 559 561 562 567 572 574 586 
588 589 590 593 606 609 611 614 616 617 619 622 
623 624 626 629 630 631 633 634 636 640 645 646 
651 654 655 656 669 670 671 673 680 682 687 697 
701 702 703 706 715 721 723 726 730 731 737 741 
750 760 761 762 768 769 770 782 783 786 799 800 
235
1 3 6 9 13 14 20 22 29 31 37 38 
39 44 45 48 49 50 52 55 56 66 68 71 
74 77 86 87 91 99 100 104 111 114 116 118 
120 131 135 136 138 141 143 146 147 150 153 156 
158 159 165 171 174 176 179 185 186 189 190 191 
194 195 197 200 205 206 213 215 216 218 221 223 
224 227 230 232 233 234 235 236 237 243 244 245 
249 252 255 263 273 275 277 280 287 288 291 292 
295 299 301 312 317 320 325 327 332 337 341 350 
355 356 357 358 359 366 368 375 377 380 382 383 
387 393 397 399 400 402 405 410 411 412 422 423 
429 430 435 437 444 448 451 452 453 454 460 471 
475 480 482 486 488 490 492 499 500 503 510 512 
515 519 533 544 546 548 549 552 553 559 560 561 
562 563 566 571 578 583 591 594 600 602 614 622 
626 629 634 637 638 650 651 654 663 669 670 675 
677 679 680 685 697 700 709 712 715 716 718 721 
723 727 732 734 737 739 740 741 743 747 749 750 
751 758 761 764 766 768 769 771 775 777 779 782 
783 785 787 788 796 797 800 
238
2 5 7 10 17 20 22 24 28 32 37 38 
39 40 41 42 44 45 46 47 48 53 68 72 
73 74 76 79 81 85 87 91 92 96 98 100 
111 117 121 125 129 131 134 135 136 151 154 162 
164 168 172 174 175 177 185 187 189 190 191 198 
201 205 206 211 212 213 217 219 222 227 228 229 
230 234 240 243 245 251 252 255 264 265 269 271 
272 274 276 278 279 282 283 284 288 291 292 296 
300 301 302 303 304 307 309 319 327 336 342 345 
347 351 355 356 357 359 366 367 370 372 376 383 
388 389 396 409 410 415 416 419 423 428 430 435 
438 446 448 450 452 456 457 463 467 474 479 481 
482 486 488 490 497 499 501 506 507 511 513 518 
521 525 533 536 545 546 547 551 557 559 567 568 
570 571 577 581 582 583 586 589 594 598 599 604 
605 607 609 612 621 623 624 634 635 638 641 642 
644 645 650 651 652 658 668 669 670 672 674 675 
676 691 696 697 709 710 714 716 717 719 722 723 
725 726 728 729 732 733 738 742 747 758 761 767 
768 770 771 772 775 776 778 779 787 796 
230
9 14 17 19 20 23 27 28 31 33 36 37 
38 41 44 53 54 55 56 57 61 68 77 83 
84 85 88 90 93 94 103 104 106 108 109 111 
112 116 118 124 128 129 130 141 144 146 149 152 
157 163 164 170 174 175 178 179 180 182 183 184 
187 189 191 192 194 197 198 200 206 210 214 219 
223 226 228 230 238 239 241 243 244 246 247 250 
256 262 268 277 285 287 289 291 294 299 301 303 
309 310 313 316 319 322 328 329 333 334 335 336 
346 347 348 349 352 353 354 370 371 372 375 381 
385 387 392 395 396 398 399 402 403 404 409 415 
416 422 423 425 429 430 431 434 435 436 446 449 
451 452 462 466 474 480 481 482 486 490 495 496 
497 507 508 510 516 517 523 524 528 529 531 533 
534 542 543 545 554 566 570 581 584 586 594 603 
604 607 616 619 620 622 623 629 636 638 639 640 
643 645 649 654 660 666 668 683 687 689 691 701 
703 716 717 727 729 730 731 732 733 735 737 744 
747 750 753 754 763 782 783 786 787 790 791 795 
796 799 
248
7 14 17 26 27 29 30 33 39 41 44 45 
47 49 55 60 62 66 68 69 73 75 77 78 
82 83 86 90 94 96 98 101 105 106 108 109 
118 122 126 127 129 132 139 141 142 143 147 153 
157 160 165 168 172 180 183 185 192 193 200 201 
202 210 211 214 215 217 219 220 221 225 227 228 
229 232 234 241 243 244 245 249 252 253 263 265 
266 267 274 275 278 281 282 285 286 292 293 307 
311 312 317 318 319 322 331 332 335 344 347 349 
350 352 354 357 360 361 363 364 366 370 372 378 
381 384 387 393 394 399 401 403 414 422 425 429 
431 433 445 447 451 453 456 461 469 470 471 476 
481 485 487 492 493 495 499 500 504 509 514 516 
519 522 527 528 532 537 542 543 544 548 549 550 
551 554 557 560 563 566 567 570 572 573 575 576 
578 579 586 589 594 596 598 599 602 605 613 616 
620 621 625 631 636 637 646 647 648 649 654 658 
660 661 666 673 679 680 683 693 696 700 706 714 
715 716 720 721 725 731 732 733 737 741 742 744 
747 748 751 754 757 760 762 767 769 771 774 775 
779 781 786 787 788 789 798 800 
218
10 12 13 14 15 19 23 24 27 30 34 36 
40 41 47 52 53 60 70 75 83 92 93 102 
103 106 109 110 114 115 118 121 126 130 133 138 
140 142 153 161 164 167 168 169 171 172 175 176 
178 180 187 190 191 195 203 204 206 214 227 232 
234 246 254 256 262 274 278 280 282 283 293 294 
303 306 307 309 313 314 318 319 321 323 325 326 
329 330 332 338 342 344 350 353 364 365 370 377 
379 380 381 383 384 385 389 391 395 396 399 404 
406 407 411 414 415 423 424 426 428 429 430 434 
438 444 448 458 469 475 476 478 484 486 492 493 
504 509 517 520 523 529 532 533 538 547 550 553 
554 555 559 560 564 568 571 572 574 577 578 580 
582 583 595 599 601 603 604 606 607 610 615 617 
623 624 629 631 642 647 648 649 650 652 654 658 
661 662 664 665 668 672 673 675 679 683 687 688 
699 701 704 707 708 711 716 718 727 729 730 734 
737 741 746 750 756 757 759 777 779 781 791 794 
799 800 
