200 400
47 96 14 24 71 13 30 6 15 13 48 3 
53 19 39 18 59 23 68 100 33 55 45 70 
45 20 65 63 85 18 4 36 75 96 12 29 
99 36 38 97 33 89 51 57 19 53 55 90 
11 51 3 69 88 41 79 22 51 82 91 10 
77 48 43 76 72 97 52 44 44 32 6 37 
77 45 20 5 89 27 64 95 42 34 64 55 
78 44 72 75 32 8 93 68 21 76 83 10 
64 47 5 43 90 93 58 54 28 31 40 3 
91 93 20 86 25 88 65 21 70 32 66 39 
3 17 34 27 40 72 70 63 55 72 76 33 
68 22 86 22 81 77 36 48 76 16 90 60 
4 71 72 27 21 34 94 70 90 65 33 31 
68 67 15 67 36 89 1 25 92 6 16 53 
56 21 37 69 44 79 97 72 16 41 98 17 
11 89 18 9 50 76 49 51 79 28 38 94 
80 25 48 80 17 93 85 43 7 15 1 9 
89 64 78 42 41 68 98 43 12 63 34 83 
83 90 92 28 52 93 87 81 80 38 67 80 
84 42 60 63 9 45 40 10 89 94 94 74 
9 11 42 23 47 36 70 20 19 36 45 32 
12 18 51 2 7 100 18 89 22 99 5 73 
93 76 58 80 98 61 86 37 95 18 86 71 
36 25 32 4 40 80 22 74 87 21 41 68 
30 6 62 12 72 27 20 22 19 96 47 42 
24 63 31 54 7 92 21 6 1 99 18 38 
19 55 19 22 19 14 66 18 91 98 14 44 
96 92 21 17 73 30 8 37 59 26 19 79 
49 64 90 81 31 46 27 76 100 71 40 98 
39 78 57 98 42 51 80 64 93 95 6 32 
29 68 15 15 62 17 37 4 28 69 61 67 
53 19 49 65 31 12 90 71 35 95 61 10 
53 73 50 3 23 44 50 31 16 40 71 100 
12 87 22 3 
175
1 4 8 9 11 12 16 17 24 26 27 28 
29 30 34 35 40 42 46 50 54 56 57 58 
61 62 63 64 65 66 68 73 76 78 79 86 
87 89 90 93 94 99 103 104 106 107 108 110 
118 121 122 123 124 126 127 133 135 136 137 138 
139 144 147 152 153 154 155 156 158 161 164 167 
168 170 171 176 178 179 180 181 182 183 184 193 
196 197 200 201 203 205 208 209 214 215 216 217 
218 222 225 239 240 241 242 244 247 249 252 258 
262 263 264 265 267 268 270 274 279 283 284 285 
289 293 297 299 301 305 306 307 310 314 320 322 
323 324 326 329 331 334 336 337 340 343 344 345 
346 347 349 350 351 352 354 355 356 358 360 363 
365 366 367 370 371 373 374 376 377 382 384 385 
387 388 389 396 397 398 400 
209
3 4 5 9 12 13 15 17 18 21 23 27 
28 29 30 33 34 36 41 43 44 48 49 51 
52 53 54 56 58 63 64 65 68 69 71 73 
77 81 82 83 86 88 89 91 93 94 96 97 
98 101 102 103 104 105 109 110 111 113 114 115 
117 118 119 121 122 123 124 126 127 128 129 130 
132 133 135 137 138 139 140 142 143 150 151 154 
157 158 160 161 163 167 168 169 170 171 174 175 
176 177 178 180 182 184 185 186 189 190 192 196 
199 200 201 202 204 205 206 210 211 212 213 218 
219 227 229 231 233 234 235 236 237 238 239 240 
242 245 247 248 252 255 257 258 259 260 261 264 
265 266 267 268 269 273 274 280 281 284 286 292 
293 295 297 298 300 302 304 306 307 312 314 316 
318 319 321 322 323 326 328 329 330 337 340 342 
344 345 347 349 351 352 356 357 359 361 363 367 
369 371 374 377 380 381 382 385 386 388 389 391 
392 393 395 396 400 
190
6 8 9 10 11 12 13 14 18 19 21 24 
25 26 27 28 29 30 32 35 36 37 38 42 
45 47 49 52 53 55 57 60 64 66 69 70 
71 73 76 77 80 82 83 86 87 88 90 91 
93 95 99 100 103 104 105 108 111 112 113 116 
118 119 123 124 126 127 129 132 134 138 139 141 
143 144 146 147 148 150 151 153 155 160 161 163 
165 166 170 171 172 175 176 178 179 181 183 186 
187 192 196 199 202 203 208 209 210 212 213 217 
219 220 221 222 229 231 235 236 239 242 246 248 
251 257 259 262 264 265 266 267 269 273 277 281 
283 285 286 289 291 294 298 299 300 301 302 303 
305 307 310 311 313 314 316 317 321 323 325 326 
327 328 329 331 333 338 341 342 348 349 353 354 
357 358 359 361 362 364 365 369 370 375 378 384 
386 387 388 390 393 394 395 396 397 400 
201
1 2 6 7 8 9 10 12 17 18 20 21 
24 30 32 33 34 35 37 38 39 41 43 45 
46 47 54 55 59 62 63 66 71 76 79 82 
83 84 85 87 88 89 92 93 96 99 100 103 
105 107 108 111 112 120 121 122 123 124 125 127 
132 133 136 137 139 140 141 143 146 147 148 149 
150 151 152 154 155 158 160 162 163 166 167 168 
174 176 177 181 182 183 184 185 187 188 190 192 
193 194 196 197 198 199 202 209 216 217 218 221 
224 225 226 227 228 229 231 233 234 235 236 237 
238 240 241 245 246 248 249 250 253 254 255 256 
258 262 263 264 265 266 267 269 273 275 277 281 
282 283 288 289 291 292 295 296 297 299 303 305 
308 311 314 316 318 322 323 324 325 334 335 336 
337 338 339 341 344 346 348 349 350 351 352 355 
357 360 362 363 364 366 367 368 370 372 373 378 
380 384 388 389 393 394 396 397 398 
203
1 4 8 9 11 20 22 24 29 30 31 32 
38 39 41 42 43 48 51 52 54 55 57 60 
61 64 68 76 77 78 79 81 82 84 85 87 
89 90 91 92 96 97 101 105 106 107 108 109 
111 114 115 117 123 127 130 131 132 133 134 136 
137 143 144 145 146 147 149 152 153 156 159 160 
161 165 167 168 169 170 171 172 174 175 176 179 
180 181 192 193 195 196 200 201 202 204 206 207 
208 209 212 214 215 216 219 221 222 226 227 228 
232 234 236 239 240 243 245 247 251 253 254 257 
261 262 263 264 267 268 271 272 273 274 277 278 
281 283 286 287 288 289 291 292 294 297 298 299 
301 302 304 306 308 309 310 311 313 316 317 318 
319 320 321 322 323 327 328 329 330 332 333 339 
340 343 345 347 350 351 353 358 359 362 363 364 
366 367 368 369 371 374 376 378 379 380 382 383 
385 386 388 390 392 393 395 396 397 398 399 
206
1 2 3 4 5 9 15 16 17 18 19 20 
21 23 25 29 31 34 36 37 38 40 41 42 
44 45 47 49 50 53 54 57 58 60 61 63 
66 67 68 71 74 75 77 78 82 83 87 90 
91 92 94 95 96 97 98 100 101 109 113 118 
121 125 127 128 129 130 131 135 136 137 138 139 
141 142 143 145 146 147 149 150 151 155 157 158 
162 166 167 170 172 173 174 179 180 187 190 192 
193 194 195 198 200 202 207 211 214 217 221 222 
224 227 228 229 230 231 232 233 234 235 237 239 
242 245 246 250 252 254 255 258 260 261 263 264 
270 271 272 274 275 277 278 279 281 282 283 287 
290 291 292 294 296 298 299 300 302 303 304 307 
308 310 311 312 315 316 318 319 320 323 325 329 
331 334 335 336 338 339 340 341 344 345 347 348 
349 350 353 354 358 360 363 365 366 368 369 372 
373 374 376 380 381 382 385 386 389 392 394 396 
397 398 
219
2 4 5 7 9 10 12 14 15 16 17 18 
21 26 27 32 34 35 37 38 39 40 42 46 
47 48 51 53 54 55 56 59 60 62 63 64 
65 68 69 70 71 73 75 78 79 81 83 85 
86 88 93 94 95 98 99 101 104 105 108 109 
110 111 112 115 118 119 120 121 123 125 128 129 
132 136 137 139 143 146 149 150 152 153 154 156 
157 159 162 163 167 168 169 171 175 176 177 179 
180 181 182 184 185 186 188 189 190 195 196 198 
201 205 206 207 208 209 210 211 215 216 218 220 
222 223 227 228 229 232 233 235 239 241 243 244 
246 247 249 251 252 255 257 258 261 263 264 265 
266 267 270 271 273 275 277 278 279 280 281 284 
285 287 288 289 290 292 294 295 297 300 301 303 
307 308 312 314 316 317 320 323 324 325 328 329 
330 331 334 340 344 346 347 348 352 354 355 358 
359 360 361 362 363 365 368 369 371 373 374 376 
378 379 380 383 384 385 386 388 389 390 395 396 
397 399 400 
223
1 2 3 4 5 6 7 8 10 12 13 15 
22 25 26 27 28 31 32 33 34 35 36 39 
40 41 44 47 48 49 51 52 53 54 56 57 
59 61 62 63 65 70 73 76 77 78 79 80 
82 83 84 85 87 88 95 98 99 101 104 106 
109 110 111 112 113 116 118 120 121 122 124 125 
126 128 130 132 133 138 139 140 141 142 144 146 
147 149 150 154 155 159 160 162 163 164 168 170 
172 174 175 176 178 180 181 182 187 189 191 192 
194 197 198 200 201 202 204 207 211 212 213 214 
216 220 222 223 225 226 228 229 231 233 234 236 
238 239 240 245 246 247 248 251 253 255 256 257 
260 261 262 263 264 265 269 271 272 274 276 277 
278 284 285 286 291 297 298 299 300 301 302 303 
307 310 311 313 314 315 318 319 320 321 324 326 
327 328 329 331 332 335 336 337 338 339 340 341 
343 344 345 346 349 350 354 356 359 360 362 363 
365 366 367 369 371 372 373 374 375 376 380 384 
390 391 392 394 395 396 400 
179
1 2 5 8 11 13 17 22 23 24 25 27 
28 33 34 38 41 44 46 47 48 51 52 53 
54 55 57 61 62 63 68 71 72 77 78 79 
80 81 82 85 87 91 94 96 98 101 102 103 
106 107 108 111 112 113 114 120 121 122 128 129 
131 134 137 138 140 141 142 144 145 146 147 149 
150 151 153 155 158 160 162 163 164 169 170 171 
174 178 181 182 185 186 189 190 191 193 198 200 
202 203 204 205 209 211 213 214 215 216 217 222 
224 225 231 232 235 237 238 239 243 245 246 252 
255 260 262 263 265 268 269 270 271 272 273 275 
278 282 283 286 289 292 293 294 295 296 297 300 
301 304 311 313 318 322 323 327 328 330 331 333 
334 337 342 344 347 351 353 356 357 360 365 372 
373 375 378 382 384 385 392 393 396 397 398 
193
5 7 8 9 11 15 16 18 19 21 22 24 
25 26 27 30 33 34 36 38 40 43 44 45 
46 47 48 49 51 54 56 57 59 61 65 66 
68 69 74 75 78 80 81 83 85 87 88 89 
91 95 100 107 108 110 111 113 114 122 123 124 
126 129 130 131 133 134 135 137 140 142 143 147 
148 153 154 155 157 158 159 161 164 167 169 172 
174 175 176 177 179 181 182 186 187 190 192 193 
201 202 203 205 206 207 209 210 211 213 217 218 
222 226 229 231 233 234 237 241 242 243 247 248 
249 250 252 255 259 268 269 271 272 273 274 275 
276 277 281 282 283 285 286 287 292 294 297 299 
301 302 303 310 314 315 316 317 318 320 327 328 
332 335 336 338 339 340 341 342 347 348 351 354 
355 356 359 360 361 363 365 366 367 369 371 373 
374 375 376 379 380 381 382 385 388 392 395 396 
399 
198
1 2 4 9 10 11 12 14 15 19 20 21 
22 23 26 27 28 29 30 32 33 36 37 39 
42 43 44 46 50 52 56 57 59 60 61 63 
64 66 67 68 69 71 72 75 77 78 81 82 
85 88 89 92 94 98 99 101 102 103 104 105 
106 107 108 109 110 112 115 119 122 127 128 131 
132 133 134 135 136 138 140 142 143 144 146 149 
150 151 154 157 161 162 163 166 170 175 177 178 
179 185 187 188 189 192 193 196 197 202 203 204 
205 207 208 210 211 212 217 226 228 230 231 234 
236 239 243 244 245 248 250 251 253 254 260 261 
262 263 267 268 269 271 273 275 278 279 280 281 
283 284 285 288 292 295 298 302 303 305 307 315 
320 322 323 325 329 331 332 333 335 336 339 340 
341 343 347 348 349 351 354 359 360 362 364 365 
366 367 369 370 371 375 380 382 383 386 389 391 
392 393 394 396 397 399 
222
1 3 6 7 8 11 13 16 19 20 21 23 
24 26 30 31 33 34 36 37 38 40 41 42 
44 48 49 50 54 57 59 61 62 66 69 75 
83 84 87 90 91 92 93 96 97 98 99 101 
102 104 107 110 112 114 118 119 121 123 124 125 
130 131 132 133 134 135 136 138 139 140 143 144 
147 148 149 150 151 153 154 156 159 161 162 163 
164 169 173 174 175 176 177 179 180 183 184 185 
188 189 190 191 193 195 197 198 200 201 202 204 
207 208 209 211 212 213 214 217 218 220 221 222 
225 226 232 233 234 235 237 238 239 240 242 243 
244 245 246 247 248 250 253 255 257 258 260 261 
263 267 269 270 271 272 273 274 275 278 280 284 
285 287 288 289 291 292 293 296 297 298 299 300 
301 302 305 306 307 308 309 311 314 315 316 318 
320 321 322 324 331 332 333 334 337 338 339 340 
341 342 344 347 348 349 355 356 357 359 361 365 
366 367 368 369 374 378 380 381 382 384 388 389 
390 391 392 393 395 398 
206
1 2 3 4 5 9 12 14 17 18 21 22 
23 25 29 31 32 33 34 35 36 37 38 42 
43 45 46 47 48 51 53 60 63 64 65 67 
73 76 78 80 81 86 89 91 93 95 96 97 
98 99 100 104 106 109 110 118 120 123 124 125 
126 131 132 133 134 137 138 140 142 144 145 148 
149 151 152 154 155 156 160 161 162 163 164 165 
166 170 171 175 177 178 179 183 184 186 188 190 
192 193 194 196 198 200 201 202 203 209 210 211 
214 216 217 218 219 220 221 222 223 224 225 228 
230 233 234 235 236 237 239 242 243 245 248 250 
251 254 255 256 259 262 264 265 268 269 270 272 
274 275 278 279 280 281 282 284 285 286 287 293 
295 300 301 302 303 304 307 308 309 310 311 312 
313 314 318 319 320 322 325 330 336 339 341 342 
343 345 346 347 353 356 358 361 362 364 367 369 
373 375 376 377 382 385 386 388 390 391 392 393 
396 400 
214
1 2 5 9 11 12 13 14 16 17 18 19 
20 21 22 23 28 30 31 33 35 36 37 38 
40 41 42 43 46 47 48 51 53 54 56 58 
60 62 65 67 71 72 73 74 80 81 82 83 
84 86 87 88 89 91 92 93 94 95 96 97 
104 109 110 111 113 118 119 121 122 126 128 129 
131 132 133 135 136 138 139 140 141 143 144 146 
147 148 152 153 158 160 161 163 168 169 172 175 
176 177 178 180 181 182 184 188 189 190 192 194 
195 197 198 199 200 204 205 208 210 212 214 216 
219 220 223 225 226 232 236 238 239 240 241 242 
244 245 248 251 254 259 260 261 263 264 265 268 
270 272 274 277 278 284 287 288 289 290 291 293 
295 297 298 302 303 306 307 308 311 312 313 317 
318 319 321 323 325 326 327 329 331 332 334 336 
337 338 339 341 342 343 344 345 349 350 353 354 
356 358 361 362 366 370 373 374 375 377 379 381 
382 385 386 389 391 393 394 395 397 399 
200
2 5 6 10 11 12 13 14 17 19 21 22 
23 24 27 28 29 31 32 35 36 37 38 40 
41 42 43 44 46 49 50 52 55 56 63 66 
70 71 72 73 79 80 87 88 90 93 100 101 
102 104 106 107 110 112 113 117 118 119 122 123 
129 130 131 135 136 137 138 139 140 143 144 145 
146 148 149 150 152 153 154 155 156 159 160 162 
163 165 168 170 171 172 176 180 183 188 189 190 
191 193 196 199 201 203 208 209 210 211 216 217 
218 219 222 223 224 225 227 233 234 235 237 241 
243 247 250 256 257 258 259 260 263 265 268 269 
270 272 273 274 275 276 277 282 283 284 286 288 
289 291 292 294 296 298 299 300 303 305 306 307 
309 310 311 313 314 315 318 321 325 328 331 334 
335 337 338 339 341 342 344 346 349 350 351 352 
353 355 357 358 360 369 370 371 373 374 376 377 
382 387 389 391 392 395 398 399 
208
1 2 4 5 6 7 8 10 11 12 13 14 
16 17 19 23 27 28 29 30 32 38 39 41 
42 47 48 49 50 51 52 55 56 57 59 60 
61 62 63 66 68 72 73 74 75 77 82 88 
90 93 95 99 100 107 109 110 111 115 116 117 
119 120 121 122 125 128 129 132 134 135 136 137 
138 139 140 141 142 144 146 148 150 153 154 156 
158 159 160 166 168 172 174 176 177 179 180 181 
184 185 186 189 191 192 193 199 200 205 207 208 
209 210 212 213 214 218 221 222 223 224 225 227 
228 229 230 232 235 237 239 241 243 248 255 257 
258 260 261 262 263 264 265 266 267 268 269 270 
276 281 283 285 286 287 290 291 292 294 296 297 
300 302 306 307 308 310 312 315 318 319 321 323 
324 325 326 329 335 336 337 339 340 343 345 347 
349 351 355 356 358 359 360 362 365 367 371 372 
375 376 378 379 380 382 386 387 389 390 391 392 
394 395 396 399 
194
9 11 12 15 16 18 19 20 21 22 24 26 
31 35 36 39 40 41 42 46 47 51 55 58 
59 60 62 67 68 70 76 81 82 86 87 88 
94 97 98 104 105 106 107 108 110 111 113 115 
116 117 118 120 122 126 130 131 132 133 136 138 
140 145 148 151 155 156 157 159 160 161 163 164 
166 167 169 170 171 172 173 175 176 178 182 183 
184 185 187 188 189 191 193 195 197 199 200 203 
208 209 214 215 216 217 222 223 224 225 226 229 
235 236 238 239 241 242 243 245 249 250 254 257 
260 261 262 270 271 272 274 275 276 277 278 284 
285 286 288 291 293 294 295 299 303 304 305 309 
317 319 323 324 327 329 331 333 334 335 336 338 
339 340 342 343 348 349 352 353 354 355 357 358 
359 361 363 364 369 371 373 374 376 377 378 379 
380 381 382 383 384 386 387 389 391 392 395 396 
399 400 
197
2 3 5 6 10 11 14 15 17 18 19 23 
24 26 27 29 30 31 33 36 40 43 44 46 
47 50 51 53 54 55 56 57 58 63 66 67 
68 70 71 73 76 77 78 80 82 85 86 89 
91 92 97 98 100 101 103 104 105 107 110 112 
115 116 118 122 124 129 130 131 134 135 136 139 
148 150 151 153 154 155 156 157 160 163 164 165 
171 172 174 175 179 182 183 185 187 189 191 193 
195 198 200 206 208 210 217 218 220 225 227 228 
229 230 231 233 236 238 243 245 246 247 248 250 
252 254 255 256 259 260 262 263 265 266 268 272 
273 274 275 276 280 282 285 287 288 290 291 292 
293 295 296 298 300 301 304 306 309 311 312 315 
317 318 319 320 321 323 324 328 329 336 337 338 
342 343 346 348 353 354 355 356 357 361 362 363 
367 369 371 373 374 375 378 379 385 389 391 392 
393 394 398 399 400 
213
1 2 9 12 14 18 21 22 23 25 26 27 
28 30 31 32 33 35 38 42 43 44 45 48 
50 51 52 53 55 56 58 59 60 63 64 65 
67 68 70 71 73 74 75 76 77 79 80 81 
83 84 85 91 92 93 97 98 99 100 103 104 
105 107 108 109 110 111 112 113 115 116 118 121 
125 126 127 128 130 131 132 135 137 139 141 142 
144 146 152 153 154 155 156 157 159 161 163 164 
165 167 168 169 171 173 174 175 178 183 184 185 
188 189 190 191 192 193 194 195 197 198 199 201 
202 203 204 208 210 212 214 216 217 219 220 222 
225 226 227 232 234 236 237 240 241 243 244 247 
248 252 253 254 255 256 259 262 263 264 265 269 
270 271 272 274 278 280 281 282 286 287 288 291 
295 296 299 300 302 306 307 311 312 313 318 320 
321 322 324 331 333 335 336 337 339 341 342 346 
349 351 352 354 355 359 360 361 367 371 374 376 
377 380 384 388 389 390 391 395 397 
200
7 9 11 13 15 16 17 18 19 24 26 28 
30 32 33 34 35 36 37 39 40 43 44 45 
52 53 56 57 62 63 65 68 75 76 81 82 
83 84 86 87 88 89 92 95 97 98 99 100 
101 104 105 107 108 109 110 111 112 114 115 120 
122 123 124 126 127 128 129 130 132 133 137 140 
142 143 144 145 149 150 152 153 154 155 156 159 
161 162 163 164 165 167 169 171 172 173 174 177 
179 182 186 189 190 191 194 195 198 203 204 205 
207 212 223 224 225 230 231 233 234 235 236 238 
239 242 243 248 249 251 252 255 256 257 258 259 
263 267 268 269 273 275 277 281 283 284 286 293 
298 303 304 305 308 313 315 316 317 321 323 324 
326 327 328 329 331 332 336 337 338 340 341 343 
345 346 347 348 349 352 356 357 358 359 360 361 
368 370 371 373 374 377 378 379 382 385 386 387 
389 391 393 395 396 398 399 400 
214
1 3 5 6 8 9 10 12 17 20 23 27 
29 31 32 33 34 36 38 39 41 42 43 45 
47 48 49 50 53 57 58 59 61 63 65 66 
68 70 72 73 76 77 81 84 87 92 94 98 
100 101 103 104 107 108 112 114 115 117 119 120 
121 122 124 126 127 128 130 131 134 136 137 138 
139 140 142 143 145 146 151 156 159 160 162 164 
165 166 169 173 175 176 179 180 183 184 185 186 
187 188 190 194 196 198 199 200 202 203 205 209 
211 212 213 214 216 217 219 220 221 222 224 225 
226 227 228 229 231 232 235 237 238 241 246 249 
252 254 259 260 261 265 266 267 269 271 272 273 
274 276 279 280 282 283 284 286 288 289 290 291 
293 294 296 298 299 300 301 302 306 309 310 311 
312 313 315 316 318 319 323 325 329 330 331 332 
334 336 338 339 341 344 345 346 347 348 351 352 
353 357 358 361 363 365 366 367 368 369 373 376 
379 380 385 386 387 388 389 391 399 400 
206
1 3 5 6 8 9 13 14 15 17 19 21 
22 23 24 25 26 28 29 32 35 36 40 42 
43 45 48 49 51 52 53 54 55 57 61 62 
63 65 67 70 71 76 77 78 79 80 83 84 
87 88 91 92 98 100 102 105 108 111 113 114 
116 118 120 123 126 130 131 133 134 138 139 140 
143 144 149 150 152 153 154 155 158 163 166 169 
170 171 172 173 174 175 177 179 180 183 184 185 
186 189 191 192 193 195 196 198 200 205 206 207 
208 210 211 213 214 217 218 219 221 222 225 227 
231 232 233 234 240 242 243 246 248 251 252 255 
256 257 259 261 262 263 264 267 273 275 276 277 
278 279 282 283 286 288 290 291 293 296 297 298 
301 303 304 305 306 307 308 311 313 314 315 319 
320 322 326 330 333 334 335 337 340 341 342 343 
344 349 353 354 355 356 357 361 362 363 364 368 
369 376 377 379 380 381 383 385 387 389 393 394 
396 400 
215
4 5 7 8 12 14 18 19 20 21 23 24 
25 28 29 30 33 37 43 45 46 49 51 53 
57 58 61 64 65 68 69 71 74 76 78 80 
81 82 83 84 85 87 88 96 98 99 101 103 
104 105 109 110 113 115 116 117 118 121 123 124 
126 127 128 129 130 131 132 133 134 136 137 138 
141 144 146 147 148 149 150 151 152 153 154 155 
156 157 158 162 163 164 169 172 173 174 180 182 
183 184 188 190 191 193 194 196 199 202 203 204 
210 214 216 217 220 221 222 223 224 225 227 230 
235 237 238 239 241 242 243 244 248 249 252 254 
256 260 266 269 270 272 273 275 276 277 278 279 
280 281 282 286 288 289 290 292 295 296 297 302 
303 305 306 307 308 309 310 313 317 318 319 320 
322 324 325 327 328 329 330 333 335 336 337 338 
339 340 341 346 347 349 350 354 356 357 359 363 
364 365 366 368 369 371 374 375 377 378 379 381 
382 385 387 388 391 392 393 394 395 397 400 
191
2 4 7 8 10 12 15 19 20 21 29 30 
31 32 33 34 35 37 40 42 43 49 50 52 
55 56 57 59 61 62 65 67 68 69 70 71 
78 81 86 90 95 96 104 105 107 108 109 113 
116 119 125 126 129 133 135 136 138 140 142 145 
147 154 156 158 159 160 163 164 165 166 169 171 
174 176 178 180 182 185 186 188 189 191 192 193 
198 199 200 201 203 208 209 210 211 216 217 218 
220 223 224 227 231 234 235 236 237 239 241 244 
245 248 249 250 251 253 255 256 258 261 264 271 
273 275 279 280 281 283 285 288 289 293 294 296 
299 301 303 304 306 307 308 309 314 315 316 317 
318 319 320 321 322 323 327 328 329 331 339 342 
343 344 346 349 354 355 356 357 359 360 361 362 
363 365 366 369 370 372 374 377 378 382 383 384 
387 388 389 391 392 393 394 396 398 399 400 
202
3 5 8 10 11 13 14 15 16 18 20 22 
23 26 28 30 31 33 34 35 40 41 45 47 
49 51 54 55 56 57 60 61 62 65 66 67 
70 71 75 77 78 79 83 84 86 87 88 89 
90 92 94 95 96 97 102 103 107 111 112 113 
114 115 116 117 118 122 123 124 128 129 130 139 
140 142 143 144 145 146 149 152 154 155 156 160 
161 164 167 168 169 170 171 177 180 181 185 186 
188 192 193 195 198 200 203 204 205 206 208 209 
210 211 212 214 215 217 218 221 222 223 225 226 
230 231 234 235 237 239 240 245 250 251 252 253 
254 255 258 259 260 264 265 266 268 269 271 275 
279 283 284 286 287 288 293 294 295 297 298 300 
304 306 308 309 310 311 312 314 315 318 323 329 
330 331 334 335 338 339 342 344 345 347 349 356 
357 361 363 364 367 368 369 370 372 373 375 376 
377 378 382 386 387 388 390 391 394 396 
189
2 5 8 10 11 15 18 19 20 21 24 25 
27 28 29 31 37 38 41 42 43 51 53 57 
60 64 65 67 69 73 74 75 77 79 82 83 
85 90 94 96 97 100 101 102 104 108 109 112 
113 115 116 117 119 120 123 127 131 133 134 141 
142 143 145 146 149 150 151 155 157 160 162 165 
167 169 170 171 172 174 175 176 177 178 179 180 
181 182 185 186 187 190 191 192 194 196 197 198 
202 204 205 206 207 209 210 211 214 218 220 223 
228 229 230 233 234 237 239 240 256 257 258 261 
262 263 265 266 269 271 272 275 281 284 285 287 
289 290 297 298 299 300 301 302 305 306 309 311 
312 313 314 315 316 318 319 321 322 328 329 330 
333 337 338 339 340 345 346 347 348 349 354 355 
356 360 361 363 365 366 367 368 371 376 378 380 
384 385 389 390 392 394 397 399 400 
206
2 4 6 11 14 16 22 23 24 26 27 28 
32 34 39 40 41 42 45 46 48 50 51 52 
53 55 57 58 61 63 64 65 66 68 70 71 
76 77 78 83 86 87 90 91 92 95 96 100 
101 103 106 107 110 111 112 113 116 118 126 127 
128 129 130 132 134 135 137 138 139 141 142 144 
146 149 150 151 153 155 158 159 161 164 165 166 
167 169 171 172 173 174 175 177 179 180 183 184 
185 187 188 190 192 194 195 199 201 202 204 206 
207 208 211 212 213 214 218 219 222 223 227 229 
230 232 235 238 242 244 245 247 249 250 251 252 
254 255 256 257 260 261 263 265 266 268 269 270 
271 275 276 278 279 280 282 283 285 287 288 289 
291 298 300 301 304 305 308 309 313 314 315 320 
321 322 323 324 327 330 333 334 336 337 338 339 
341 342 343 344 346 349 350 351 352 354 355 358 
368 369 370 371 372 373 377 381 384 386 388 389 
392 394 
208
1 3 4 5 6 8 12 14 15 17 19 22 
23 24 25 26 29 30 31 36 37 41 42 43 
46 47 48 51 53 54 55 56 57 60 63 65 
67 68 69 70 71 73 76 77 78 80 82 83 
84 86 87 91 92 94 95 96 97 98 100 101 
102 103 104 105 107 109 110 112 114 115 119 120 
122 123 124 125 126 128 130 131 134 135 137 138 
139 141 142 145 146 149 150 151 152 154 156 157 
161 162 167 168 169 171 177 181 182 183 187 188 
189 190 199 200 201 203 204 205 206 207 210 211 
214 215 216 217 219 220 221 223 225 227 228 232 
233 234 237 239 240 241 242 244 245 249 250 251 
253 255 256 257 259 260 261 262 263 269 271 281 
282 286 287 288 290 293 295 297 301 303 304 309 
316 321 322 323 324 325 329 331 332 337 338 339 
342 343 344 348 349 351 353 354 359 360 361 363 
364 367 368 369 371 374 375 376 378 383 385 390 
391 397 398 399 
200
1 2 5 6 11 12 16 17 18 21 22 23 
25 28 29 32 33 35 36 38 42 44 45 50 
51 52 54 55 56 57 58 60 62 64 67 68 
71 72 73 74 75 76 77 78 79 83 86 89 
90 95 96 98 99 103 105 106 108 109 110 113 
114 118 119 122 127 128 131 133 134 135 140 141 
142 144 146 150 151 152 154 156 157 161 162 164 
166 168 171 172 174 176 181 182 183 189 190 193 
194 195 196 199 200 203 204 205 206 207 208 210 
211 216 218 225 226 228 229 231 232 234 235 236 
237 239 241 245 249 252 254 255 260 264 265 266 
268 270 271 272 275 276 278 279 280 281 282 283 
284 285 286 289 290 292 294 296 297 299 301 303 
304 306 308 309 310 311 312 315 316 317 318 319 
320 321 324 326 327 328 334 336 337 338 341 345 
349 355 357 360 367 371 372 373 374 375 382 384 
386 391 392 395 396 398 399 400 
200
1 2 3 4 5 8 9 11 13 15 17 19 
20 22 26 27 28 31 37 40 41 45 47 48 
50 51 52 54 55 56 57 60 61 62 63 65 
67 68 69 71 73 76 81 82 83 85 88 92 
93 95 102 103 104 108 110 111 112 113 114 115 
116 120 123 126 127 128 129 132 133 140 141 142 
143 144 147 148 149 151 152 153 156 157 158 160 
161 163 164 165 166 167 170 174 175 176 181 186 
187 189 190 191 192 193 194 198 199 200 201 204 
213 214 220 221 227 228 230 232 233 234 235 236 
238 241 242 243 245 248 249 253 254 256 258 259 
260 262 264 267 271 275 281 282 284 286 290 291 
293 297 303 305 306 309 311 312 313 316 317 318 
320 322 323 326 327 330 331 334 335 336 337 339 
340 341 342 343 345 347 348 349 352 353 355 356 
359 362 365 366 367 370 376 377 378 380 381 382 
383 384 393 395 396 398 399 400 
217
1 4 6 7 8 9 12 13 15 17 18 20 
21 25 28 29 30 32 34 35 36 37 38 39 
40 41 44 48 52 53 54 57 58 59 60 61 
62 65 69 71 72 74 78 79 84 85 88 90 
93 94 95 100 102 106 107 110 114 115 116 117 
118 121 123 125 126 129 130 132 134 135 136 137 
138 139 140 141 143 144 146 148 149 150 151 153 
158 161 165 168 169 170 171 172 174 177 180 182 
183 184 185 186 187 188 190 192 195 197 200 201 
202 203 208 210 211 212 214 216 217 218 221 223 
225 227 229 231 232 233 236 240 242 243 245 246 
247 248 249 251 252 253 254 256 257 258 261 263 
264 266 268 270 272 275 276 278 280 282 284 285 
286 288 290 291 292 293 294 296 297 301 302 303 
304 305 307 308 310 314 315 319 320 321 323 329 
330 331 333 335 338 339 340 341 342 345 347 348 
350 351 352 353 354 357 358 361 362 363 364 368 
369 370 375 378 380 384 390 392 393 395 396 398 
399 
192
1 3 4 6 8 10 11 15 16 18 19 20 
22 24 26 30 32 33 36 38 40 41 44 48 
50 52 55 56 57 58 61 62 64 66 67 68 
69 72 74 75 77 78 79 82 86 87 93 97 
99 109 115 117 118 122 125 129 130 131 132 135 
138 140 141 142 147 150 151 152 153 154 155 156 
157 158 159 164 167 170 173 176 177 178 179 184 
187 189 190 191 193 194 198 201 203 204 205 207 
208 209 210 212 213 214 215 221 223 224 227 228 
229 232 235 236 237 238 239 240 241 243 246 249 
252 254 256 257 259 262 265 267 268 271 273 274 
276 278 280 283 286 287 288 289 290 291 292 299 
303 309 311 312 316 317 321 322 323 326 327 330 
331 334 335 336 344 345 349 351 354 355 356 357 
358 359 361 362 365 366 367 368 370 371 373 375 
376 379 380 384 387 388 389 390 392 394 398 399 
215
1 4 5 6 7 8 14 15 16 21 24 25 
26 27 29 30 34 36 40 41 43 44 45 46 
55 58 62 64 65 67 68 69 70 73 74 75 
77 79 80 81 83 84 87 91 92 93 94 96 
97 98 101 102 103 104 105 106 107 108 109 110 
111 112 113 114 122 124 125 127 128 131 133 137 
138 139 141 142 146 147 148 149 152 155 157 158 
161 163 164 165 167 168 169 170 172 173 174 178 
179 183 184 189 190 193 194 195 196 198 200 201 
202 203 206 207 211 212 213 214 215 216 219 220 
221 229 230 231 232 233 235 238 239 243 247 248 
249 250 252 255 256 258 262 263 265 266 267 269 
270 272 273 276 279 280 283 284 286 290 293 295 
296 297 298 299 302 305 306 311 315 317 318 320 
322 325 328 329 330 331 339 341 342 344 345 348 
351 353 354 355 357 358 360 361 362 363 364 365 
367 368 369 376 377 378 379 380 381 383 385 386 
387 388 389 390 391 392 396 397 398 399 400 
197
2 6 9 10 12 13 15 17 23 25 26 27 
28 29 30 33 37 38 44 48 49 57 60 61 
62 67 68 69 71 72 73 75 77 79 80 81 
82 84 85 88 92 93 94 95 99 103 104 115 
120 122 124 126 127 130 131 132 134 135 137 139 
140 141 142 148 149 151 152 153 154 157 158 159 
161 162 163 165 166 167 169 171 172 173 175 176 
177 179 180 181 182 183 184 186 188 189 191 192 
193 196 202 203 204 205 206 208 210 211 213 218 
222 223 224 226 227 229 230 231 235 238 239 240 
241 243 244 247 248 249 250 251 253 255 260 261 
262 263 266 267 268 269 270 271 277 278 282 283 
284 286 290 293 296 300 303 306 308 310 312 313 
314 318 321 322 329 331 332 334 335 336 337 338 
341 342 343 344 347 352 353 355 357 359 361 362 
364 365 366 367 369 373 375 377 378 379 383 384 
387 391 393 395 399 
207
1 3 4 8 10 12 13 16 17 18 19 20 
21 25 27 28 30 32 34 35 41 42 43 49 
55 58 59 60 63 64 65 66 67 68 71 73 
74 75 76 77 81 82 83 85 86 87 91 92 
94 96 99 100 103 104 105 109 110 112 113 115 
116 118 120 121 122 123 124 126 127 128 129 131 
133 134 137 138 139 141 142 145 146 148 149 153 
155 156 157 159 160 161 164 167 168 169 170 171 
172 175 176 177 179 180 183 185 186 187 188 190 
191 193 194 195 198 199 200 205 207 208 217 218 
220 221 222 223 227 228 229 230 232 233 237 240 
242 245 246 249 250 251 252 253 254 255 257 258 
261 263 266 269 270 272 273 274 275 277 280 282 
283 284 287 290 291 293 294 297 300 304 306 308 
310 314 316 321 322 323 324 327 328 330 334 336 
337 341 345 346 348 350 351 356 358 360 365 366 
367 369 376 378 380 381 382 383 386 388 390 392 
394 395 398 
206
3 6 8 9 10 11 14 16 18 22 23 24 
27 29 31 33 34 36 38 39 41 44 45 46 
48 49 51 52 55 56 58 59 60 62 63 66 
67 68 70 73 75 76 78 81 84 87 88 89 
91 92 93 95 96 97 100 101 103 110 114 115 
116 120 121 122 124 127 132 133 136 137 138 141 
142 145 149 151 155 156 157 158 159 161 162 163 
165 166 169 170 171 173 176 178 180 182 183 184 
186 187 189 191 192 196 199 201 202 206 210 216 
217 219 221 223 224 226 227 229 230 231 232 236 
239 241 246 248 249 254 255 258 259 260 262 264 
265 266 268 269 271 272 273 274 275 279 282 288 
290 292 293 294 297 298 299 300 301 303 304 307 
308 311 316 317 318 319 323 324 326 327 328 330 
331 332 333 334 335 336 337 338 342 343 344 345 
346 347 349 350 351 353 359 364 365 366 367 370 
372 373 375 381 383 385 387 388 391 395 396 398 
399 400 
196
2 4 6 8 9 10 11 17 19 22 25 27 
29 30 34 35 37 39 40 46 47 48 49 53 
56 58 59 61 62 64 66 67 68 69 70 74 
75 77 78 80 81 83 84 86 87 88 89 90 
91 92 93 97 100 101 102 103 106 108 111 113 
114 115 116 119 120 123 126 127 131 133 134 136 
138 143 148 152 157 159 163 165 166 169 171 173 
176 178 179 180 182 183 185 186 187 188 189 190 
196 197 199 203 205 206 207 208 212 214 215 216 
217 218 221 222 226 229 231 232 234 240 243 246 
247 249 252 253 254 257 258 260 263 267 270 274 
275 276 277 279 281 283 284 285 289 290 291 292 
295 297 301 303 306 307 309 311 314 319 320 322 
323 324 325 326 327 328 337 339 341 342 345 346 
347 349 350 353 354 357 358 359 360 361 363 364 
365 367 369 371 372 374 376 379 381 384 389 391 
392 394 396 399 
206
1 3 4 5 6 8 10 11 14 16 17 18 
21 26 30 32 33 35 36 39 41 42 44 45 
47 48 49 52 53 55 58 59 60 61 64 65 
67 72 75 76 78 79 80 81 82 83 85 86 
87 90 91 92 93 94 95 97 98 99 100 101 
102 106 107 109 110 111 117 119 120 123 124 129 
132 133 134 136 139 140 141 144 145 147 150 155 
156 158 159 160 162 165 167 169 170 172 174 175 
176 180 183 184 187 188 189 191 192 193 195 197 
200 201 202 203 204 208 209 211 213 216 217 219 
222 223 224 225 226 227 232 235 238 243 244 247 
249 255 256 258 259 260 261 263 264 267 272 273 
276 277 278 279 281 282 288 289 290 292 293 299 
301 302 304 305 306 308 310 311 312 314 318 319 
324 328 329 331 333 335 338 339 341 342 343 346 
348 350 355 356 357 360 361 363 366 367 368 370 
371 372 373 374 378 379 381 382 385 389 391 394 
397 399 
186
1 2 3 6 8 10 13 15 19 24 25 26 
31 33 36 39 40 42 45 46 47 49 58 63 
64 65 67 69 71 74 75 76 79 85 86 87 
89 91 93 95 96 97 99 101 106 107 111 113 
119 120 121 123 127 128 130 132 133 134 135 136 
138 139 140 142 144 145 146 148 150 151 152 153 
154 155 156 157 158 162 164 167 168 170 172 173 
176 178 181 183 189 190 191 193 197 198 200 202 
207 208 210 211 212 214 215 216 217 218 219 220 
223 230 231 234 237 240 241 244 246 249 250 258 
262 265 268 273 274 275 276 277 281 282 284 286 
289 291 293 298 299 301 302 305 308 309 310 311 
312 313 315 317 319 320 322 327 329 330 334 335 
336 339 341 342 343 345 347 348 351 353 354 355 
356 365 366 370 371 372 376 377 383 384 386 387 
389 390 392 393 396 397 
204
1 2 4 5 8 10 13 16 20 21 22 24 
25 27 28 29 30 32 34 42 43 46 48 49 
50 53 55 57 59 60 61 62 63 65 66 67 
70 71 73 74 76 78 79 80 81 85 86 87 
89 90 93 96 97 98 99 100 102 103 106 107 
108 109 110 111 112 116 121 122 124 125 128 129 
130 132 133 134 136 140 141 142 143 144 145 150 
153 155 156 157 158 160 161 162 163 165 169 171 
176 178 179 181 183 186 187 190 193 195 196 197 
199 200 202 210 212 215 216 217 218 220 224 226 
227 229 230 231 232 233 234 235 237 241 242 245 
247 248 249 250 253 259 262 267 268 271 273 274 
275 276 280 281 283 288 289 291 293 294 296 302 
304 305 307 310 311 312 321 323 324 325 332 333 
335 336 337 339 344 345 346 348 349 351 352 353 
357 366 367 368 369 372 374 376 377 378 380 382 
384 385 386 388 390 391 392 394 395 396 397 398 
199
1 3 5 6 7 10 16 17 18 20 22 23 
24 27 31 33 36 37 38 39 40 42 43 44 
46 47 48 54 55 57 58 59 60 63 65 67 
69 70 71 72 73 75 77 81 82 83 84 89 
90 92 94 95 98 108 110 113 114 118 120 125 
126 128 132 135 141 142 144 147 148 149 153 158 
160 161 162 163 166 167 177 180 181 185 186 187 
189 190 193 194 195 196 199 200 204 207 209 210 
211 212 213 215 217 219 220 221 223 224 228 229 
231 232 233 235 236 237 238 239 241 243 248 252 
253 254 255 258 261 263 264 265 266 267 268 270 
271 273 280 282 283 285 287 289 291 293 294 298 
299 300 301 303 304 305 306 308 309 312 313 314 
315 317 321 325 326 327 331 332 335 336 338 340 
341 343 344 345 346 347 348 350 353 355 356 357 
358 359 361 366 369 370 372 374 375 376 377 380 
382 387 390 392 394 395 400 
210
2 4 5 6 8 9 10 13 14 16 17 18 
24 29 35 41 43 44 45 46 50 51 52 53 
54 55 57 59 62 64 67 69 71 75 76 78 
80 81 83 84 85 86 87 88 90 93 97 98 
102 104 105 106 107 108 110 111 118 120 121 122 
123 124 125 126 128 129 131 134 137 138 139 140 
142 144 146 147 152 153 154 156 157 159 162 163 
164 167 170 172 173 177 178 180 181 184 187 191 
193 194 196 200 201 202 204 209 210 211 215 216 
218 220 221 225 226 227 228 229 230 234 235 236 
240 241 243 244 245 246 249 251 252 254 255 257 
262 263 266 267 271 272 275 276 277 280 281 282 
284 285 286 288 292 293 294 295 296 298 299 301 
302 303 304 306 309 310 318 319 320 321 323 324 
326 327 329 331 332 333 334 337 338 344 345 346 
347 348 349 352 354 355 356 358 360 361 362 363 
364 365 369 371 372 374 376 381 386 387 388 389 
390 393 395 397 398 400 
198
1 2 3 4 5 6 7 8 11 12 16 18 
19 20 21 22 23 25 26 30 31 32 34 37 
38 42 44 46 47 50 51 52 56 57 62 63 
64 65 67 72 73 75 78 80 81 82 83 85 
87 89 90 91 95 98 100 102 103 105 106 110 
112 113 114 119 121 123 125 129 133 135 140 143 
145 146 147 149 150 151 153 156 158 160 163 164 
165 166 167 168 169 170 175 176 177 180 181 182 
183 184 187 188 191 193 195 198 199 203 206 208 
209 215 218 221 225 226 227 231 232 233 237 240 
243 250 253 254 255 257 258 259 261 262 265 266 
267 268 270 271 273 275 277 280 282 283 284 291 
292 293 295 296 297 298 307 308 310 311 313 314 
318 319 321 322 323 324 325 326 328 329 330 332 
334 335 336 337 339 340 342 343 347 348 350 351 
359 363 368 369 370 372 373 375 381 382 383 384 
385 388 392 395 396 399 
181
2 6 7 8 9 10 13 15 20 21 22 24 
25 26 28 31 35 38 39 43 46 47 50 51 
52 54 55 57 59 61 62 64 70 71 72 73 
76 77 81 85 86 87 89 90 91 96 97 98 
99 101 103 104 107 108 112 118 119 128 129 130 
132 137 139 142 144 147 148 149 150 154 156 158 
160 161 162 163 164 166 174 177 185 186 187 191 
192 195 196 197 200 203 204 209 211 212 214 215 
219 221 222 224 228 230 231 232 235 236 238 242 
244 246 247 252 254 257 259 260 261 266 269 276 
277 278 279 284 285 286 288 289 290 293 295 296 
298 300 301 303 304 305 308 309 310 311 312 313 
314 318 320 321 324 325 326 333 337 338 339 344 
345 347 349 350 354 355 359 362 363 366 367 370 
374 378 379 382 383 385 387 388 390 391 395 397 
399 
188
2 3 5 7 9 10 11 13 14 15 17 18 
23 24 26 27 29 31 32 33 34 35 36 37 
38 40 45 46 47 48 49 53 55 56 57 60 
61 65 66 67 71 73 75 76 77 79 80 83 
85 86 87 88 94 96 100 101 102 105 107 113 
116 118 120 121 125 127 130 131 132 133 134 135 
138 139 147 148 149 150 152 155 157 160 161 162 
164 165 170 174 175 177 180 181 184 185 191 193 
195 198 199 205 206 209 212 213 214 221 222 223 
225 228 234 236 237 240 241 242 250 253 254 256 
258 264 267 271 273 274 277 278 279 282 283 285 
289 291 294 295 296 297 299 300 301 302 303 304 
305 313 317 318 323 324 326 327 329 331 332 334 
336 341 345 346 350 353 354 357 362 366 368 369 
370 372 373 376 377 378 379 380 381 383 386 387 
388 389 391 392 395 396 398 400 
207
4 9 10 16 19 21 25 30 31 33 37 39 
41 42 45 51 52 53 54 55 58 61 62 63 
65 66 67 68 70 71 73 75 76 77 81 83 
84 85 86 87 88 92 93 95 97 101 102 104 
105 107 108 110 111 115 116 118 120 121 123 125 
126 128 129 133 135 138 140 142 143 144 145 146 
149 150 152 153 154 156 157 159 160 161 164 167 
168 170 174 176 177 178 179 181 182 183 188 193 
194 195 198 201 210 211 215 216 217 219 220 221 
222 223 224 225 226 227 228 229 230 231 232 233 
234 239 240 242 243 245 247 248 251 254 255 256 
257 261 262 263 264 266 267 268 271 274 275 276 
278 281 288 291 292 293 294 295 297 300 303 304 
305 307 308 311 312 314 315 317 321 322 323 325 
327 331 332 333 336 337 338 339 340 342 343 346 
351 354 357 358 359 361 362 363 364 365 366 367 
372 373 374 376 379 380 384 385 386 387 392 393 
395 398 399 
211
1 5 6 7 11 12 19 21 24 25 27 29 
30 32 35 36 38 40 41 42 43 44 46 47 
49 50 51 52 55 57 58 59 60 61 62 63 
65 67 68 69 70 72 75 76 79 83 84 85 
86 87 90 94 96 97 99 103 104 106 107 108 
112 113 114 122 126 127 128 130 132 135 138 139 
140 141 142 144 145 147 149 150 151 152 154 160 
161 163 164 165 166 167 168 171 172 175 176 177 
178 180 181 182 183 184 187 188 193 196 198 199 
203 204 208 211 212 214 215 216 219 220 221 222 
224 225 226 227 228 230 233 237 239 241 242 243 
244 248 253 255 256 257 258 259 262 263 267 268 
269 270 275 278 279 280 281 288 289 290 291 295 
298 299 304 305 307 308 310 312 315 320 322 323 
327 332 335 336 337 338 340 341 342 343 345 346 
347 348 350 351 356 357 359 360 361 362 363 365 
366 367 368 370 371 372 375 378 380 384 385 389 
390 391 393 395 396 398 400 
212
2 3 5 6 7 8 9 11 12 13 14 15 
18 20 21 23 25 26 29 31 34 37 38 39 
41 43 47 50 52 54 55 61 62 63 67 69 
70 71 80 81 85 87 88 90 91 92 93 94 
96 97 99 101 102 104 108 109 110 111 115 116 
117 122 123 124 125 126 127 128 129 130 131 132 
134 135 137 142 144 146 148 149 151 156 158 159 
160 161 162 164 165 167 169 170 173 175 177 178 
179 182 184 186 188 192 193 194 196 198 202 204 
206 207 208 210 212 213 215 217 218 219 220 221 
222 223 224 226 227 228 233 234 235 236 238 240 
244 246 250 252 253 255 258 262 263 264 273 275 
276 277 279 282 283 289 291 292 299 301 302 305 
306 308 309 310 311 312 313 318 319 321 323 325 
326 328 329 330 331 332 335 337 338 339 340 341 
343 345 346 348 349 352 353 354 357 358 359 360 
362 363 366 367 373 374 375 377 378 379 382 385 
387 388 391 392 394 395 398 400 
209
2 3 5 6 9 14 15 18 20 21 22 23 
24 26 27 31 36 37 38 39 40 43 45 49 
50 52 54 55 60 62 63 64 65 66 68 69 
70 71 73 74 78 79 80 81 82 83 84 87 
88 89 93 103 106 107 110 111 113 115 118 119 
120 121 124 125 126 127 128 131 133 134 135 136 
137 138 140 141 142 147 148 149 152 153 155 159 
160 161 168 169 176 178 179 181 183 188 189 195 
197 198 199 201 203 204 206 208 210 211 213 214 
215 216 222 223 224 225 227 228 230 231 232 233 
234 236 237 239 240 241 243 246 247 252 254 255 
256 257 259 260 262 265 266 275 277 279 281 282 
284 285 287 290 292 294 296 297 299 300 303 304 
305 306 308 311 313 315 316 317 318 320 321 325 
329 331 333 334 335 336 337 340 341 342 343 346 
347 348 351 355 356 358 359 360 361 362 363 364 
368 371 372 373 374 378 379 380 381 382 383 388 
389 391 394 398 399 
206
2 4 5 9 12 13 14 16 18 19 21 23 
24 27 29 30 31 33 34 37 38 40 41 42 
43 45 47 48 49 53 54 56 62 63 65 67 
68 69 73 74 75 77 81 82 84 86 87 88 
90 92 93 94 95 97 99 100 101 102 103 105 
106 107 109 113 114 116 118 121 123 124 125 126 
129 133 135 137 139 141 145 146 147 148 149 151 
156 159 161 166 171 173 174 177 179 180 181 182 
184 186 187 190 191 193 194 195 199 200 202 205 
206 210 211 214 217 220 221 222 223 224 225 226 
227 230 231 234 236 239 240 242 245 249 250 252 
256 258 260 261 264 265 266 268 269 270 271 273 
275 276 279 280 282 286 287 289 290 296 297 300 
302 304 305 306 310 311 312 313 315 318 319 320 
322 324 325 326 327 332 333 334 336 337 341 348 
350 351 353 355 357 359 360 361 362 363 364 366 
367 370 373 375 377 379 382 383 386 391 394 395 
396 400 
218
1 4 5 6 9 11 14 18 21 22 23 27 
28 29 31 32 33 34 35 37 39 42 43 45 
47 49 50 52 54 56 57 61 64 65 66 67 
68 69 70 71 75 76 77 78 79 81 83 84 
86 87 88 90 91 93 95 96 98 102 103 104 
105 110 111 114 115 116 117 119 120 121 123 124 
125 126 129 131 132 133 135 137 138 139 140 142 
143 145 150 152 154 161 162 163 164 166 168 169 
170 171 172 174 175 176 178 181 182 183 184 185 
187 188 190 192 194 199 203 204 205 206 207 209 
210 211 212 214 216 217 218 219 221 223 224 227 
232 233 237 239 241 242 245 251 255 256 257 260 
262 263 266 267 268 269 272 275 276 278 279 280 
281 285 286 288 289 290 293 295 300 301 302 303 
305 309 310 311 314 318 319 320 321 324 326 329 
330 331 332 333 334 336 338 339 341 342 343 344 
348 353 356 357 362 363 365 366 367 370 373 375 
376 380 382 383 384 385 389 390 391 392 394 395 
397 398 
200
1 3 4 14 16 17 18 19 20 21 22 25 
27 28 29 30 31 33 36 38 39 43 46 47 
50 52 58 61 62 64 65 66 67 68 71 75 
77 78 83 84 88 89 90 92 93 94 98 100 
103 104 106 109 115 117 124 125 126 127 129 130 
132 135 136 140 146 147 151 152 153 155 157 158 
160 161 163 164 165 168 170 171 173 174 176 179 
181 183 184 185 187 190 193 196 198 199 201 202 
203 206 207 208 210 212 213 214 215 219 227 228 
232 235 240 241 254 255 256 257 261 262 266 271 
272 274 275 277 280 281 282 284 285 287 292 293 
296 298 302 303 304 306 307 308 309 312 314 316 
317 319 320 322 323 324 325 332 333 334 335 336 
337 339 340 341 342 344 345 348 349 350 351 352 
353 354 356 357 358 359 360 362 363 364 365 366 
369 374 375 376 378 379 381 382 383 385 388 389 
390 391 392 393 394 396 397 399 
192
1 2 3 5 8 11 12 13 14 17 21 22 
23 25 32 34 35 37 39 40 44 45 46 47 
50 52 53 54 55 58 60 63 64 67 68 69 
70 71 72 73 75 78 80 81 82 83 84 86 
87 88 89 93 96 98 99 104 105 107 109 110 
111 112 113 116 120 121 122 124 125 127 128 129 
131 133 134 135 137 138 140 143 144 146 150 151 
154 155 156 157 158 159 160 166 167 168 170 173 
175 177 178 181 182 183 187 188 192 193 194 196 
197 203 207 208 210 212 214 215 220 223 224 227 
233 236 238 239 242 244 247 252 253 254 256 261 
264 265 267 268 271 272 276 278 279 282 284 287 
291 293 298 300 302 305 308 309 311 312 313 314 
317 318 320 322 325 328 330 331 332 338 340 341 
342 344 345 346 349 351 353 358 360 361 362 367 
368 369 373 376 377 383 387 388 390 394 397 399 
190
4 6 7 8 9 10 13 14 17 19 20 21 
22 23 24 27 29 30 34 35 38 43 46 49 
52 53 55 56 57 61 62 64 66 67 69 80 
82 89 90 92 96 103 106 107 108 110 112 113 
115 116 117 118 119 122 123 128 132 133 135 136 
137 139 140 142 150 152 156 157 159 162 163 167 
169 170 171 172 173 174 180 181 182 184 187 188 
190 191 192 206 209 212 213 214 217 219 221 223 
226 230 231 232 233 235 236 239 241 243 244 245 
247 248 249 250 251 252 255 256 258 261 264 266 
268 270 273 276 282 283 284 285 286 287 288 289 
293 296 299 303 304 305 306 309 313 315 316 317 
318 319 321 324 327 328 330 331 332 333 334 337 
338 339 343 349 350 351 352 356 357 358 359 360 
362 364 366 369 371 372 373 374 377 378 379 380 
383 384 385 386 391 393 394 395 397 400 
201
6 10 11 12 14 16 17 18 19 20 22 23 
24 27 28 32 33 35 41 42 48 49 53 54 
56 57 59 60 61 62 67 70 73 76 77 78 
80 81 83 87 88 89 90 92 93 95 104 105 
106 108 110 117 118 119 120 121 122 125 127 129 
130 131 132 134 142 144 146 147 150 151 153 155 
158 159 160 166 170 172 173 174 175 176 181 183 
184 185 195 196 198 199 200 201 204 208 209 210 
211 212 213 214 215 219 220 221 222 223 224 225 
226 227 229 230 232 233 234 235 236 237 238 239 
243 250 251 259 260 261 264 265 277 279 280 284 
285 288 290 291 292 295 296 298 299 300 301 302 
305 306 312 313 314 316 317 321 323 325 326 329 
330 334 337 339 340 343 344 346 347 349 351 352 
354 355 356 357 358 359 360 361 362 363 364 365 
366 368 369 370 371 373 374 377 378 380 381 383 
387 389 390 391 392 393 394 395 397 
205
2 3 4 5 8 9 10 12 13 15 17 23 
24 28 30 32 34 35 37 40 43 44 45 46 
48 49 51 52 53 55 56 58 59 62 66 69 
72 74 75 79 80 81 83 85 86 89 90 91 
92 93 95 99 100 102 103 105 108 109 110 113 
115 119 122 123 124 126 127 129 130 132 133 134 
135 138 140 142 143 144 147 148 150 153 156 158 
159 160 161 163 164 165 166 168 171 173 174 175 
177 179 182 185 188 190 192 193 194 204 207 211 
212 219 220 224 225 226 228 229 230 231 232 234 
236 237 238 240 241 242 243 245 246 247 249 251 
252 255 257 258 259 261 262 264 265 266 268 269 
270 271 277 278 282 283 284 285 289 291 292 295 
296 297 302 303 308 309 311 313 314 315 317 319 
321 322 323 324 326 327 336 340 341 343 345 347 
348 350 352 355 357 359 361 364 365 366 371 372 
376 377 379 383 384 385 387 389 393 394 397 398 
399 
204
2 3 5 7 10 11 12 14 15 16 18 19 
21 22 23 25 26 27 30 32 35 36 37 42 
43 45 46 47 50 52 54 55 56 57 61 65 
67 68 69 70 71 72 74 75 76 77 79 80 
84 85 87 92 93 94 95 101 104 107 109 110 
111 112 115 120 122 124 125 127 128 130 134 136 
137 139 142 147 148 149 152 153 157 159 161 162 
164 166 168 169 177 178 180 182 184 185 186 190 
191 193 195 196 197 198 199 200 205 206 207 208 
210 213 216 218 222 223 226 229 232 233 234 235 
236 238 239 240 242 243 249 250 251 258 262 265 
267 271 276 277 278 279 282 283 284 285 288 289 
292 294 295 296 297 301 302 307 309 311 313 318 
321 323 325 326 328 329 330 332 336 344 345 346 
347 348 350 352 353 354 355 356 357 359 361 362 
363 365 366 367 368 373 374 376 377 378 380 381 
382 384 386 387 388 389 390 391 392 394 398 399 
201
1 2 3 5 7 8 9 13 16 20 22 26 
28 29 30 31 32 33 37 44 47 49 50 54 
55 56 57 58 59 60 61 62 63 64 69 71 
75 76 77 78 79 81 82 83 84 87 88 89 
90 94 95 97 98 100 101 103 104 106 107 108 
112 116 118 126 127 129 131 133 136 137 139 141 
143 144 145 147 148 149 150 151 152 153 154 158 
159 164 165 167 168 170 171 173 176 177 178 179 
182 183 184 187 188 189 192 195 197 198 200 203 
205 206 207 210 213 216 217 218 219 222 223 224 
225 227 228 229 230 231 233 234 236 238 241 244 
247 248 251 255 256 257 258 267 268 269 271 272 
275 277 279 280 281 282 286 288 291 293 295 297 
298 299 302 303 304 305 308 313 317 321 322 324 
328 332 334 336 339 340 345 347 349 353 354 355 
359 360 361 362 363 366 367 368 371 372 376 379 
382 384 387 388 390 391 395 397 398 
188
1 3 7 13 14 17 18 19 21 22 24 26 
27 31 32 35 37 38 40 43 44 52 59 61 
62 66 67 68 73 75 76 77 83 85 86 88 
89 90 92 93 94 95 97 98 99 101 103 106 
108 109 116 118 119 120 121 123 124 125 126 128 
130 131 132 134 138 142 146 151 153 154 155 159 
162 163 164 166 168 170 171 172 175 178 183 187 
191 193 194 195 196 197 199 201 202 204 205 207 
209 210 213 217 218 220 223 224 225 227 230 231 
236 242 244 250 254 256 259 260 261 263 264 267 
268 271 273 276 277 283 286 288 289 290 295 298 
300 302 303 305 306 308 309 311 312 313 320 324 
326 327 329 330 331 333 334 335 337 338 340 341 
342 343 344 345 346 349 350 357 358 359 362 363 
367 368 369 372 374 375 376 377 378 379 381 384 
386 387 389 390 392 395 398 400 
200
1 4 8 9 15 16 17 19 20 22 23 24 
25 26 28 29 31 32 33 34 35 37 38 39 
40 44 45 47 48 51 52 53 55 56 57 58 
59 66 73 74 77 81 84 86 89 90 91 92 
93 94 95 96 100 101 102 103 104 105 108 109 
112 113 115 116 117 120 121 123 124 126 127 128 
131 135 137 143 146 148 149 152 154 156 157 159 
161 164 166 169 170 171 172 173 175 179 181 183 
187 189 193 194 195 198 201 205 207 212 213 215 
217 218 219 220 221 222 228 229 230 231 232 234 
237 243 244 245 247 249 253 254 255 256 260 261 
262 267 268 274 277 279 280 282 283 284 286 287 
288 290 291 292 294 295 296 298 307 308 311 312 
315 319 320 321 325 326 329 330 331 332 333 334 
335 338 339 340 341 342 343 345 347 348 349 352 
353 356 357 358 360 367 371 374 375 380 382 383 
385 386 391 392 394 395 397 399 
216
4 5 6 7 9 11 12 14 15 16 20 23 
24 25 26 35 36 39 40 41 44 46 47 49 
50 54 56 59 62 63 64 65 66 68 70 71 
75 77 78 80 81 82 84 85 86 87 91 92 
93 94 95 96 100 101 102 103 106 109 110 111 
118 121 122 123 129 130 133 137 138 139 141 142 
143 144 145 148 149 150 151 153 155 157 159 160 
161 163 164 169 171 172 173 175 178 179 181 183 
184 186 188 190 191 195 196 197 198 204 205 209 
210 211 212 213 214 215 218 220 222 223 224 226 
227 228 229 233 235 238 239 240 241 242 243 244 
246 247 249 252 254 256 257 261 263 265 266 267 
268 271 272 274 275 278 279 280 281 283 285 288 
289 290 291 293 294 297 301 302 304 306 308 312 
313 314 315 316 318 320 323 324 325 326 328 329 
332 339 340 341 343 345 346 347 348 354 356 358 
359 360 361 362 368 369 371 372 374 376 377 378 
379 380 383 386 387 389 390 392 394 396 398 400 
207
1 3 4 7 8 9 10 11 12 14 15 17 
21 22 24 25 26 27 28 31 32 34 35 36 
37 39 43 44 47 48 49 53 54 55 58 62 
64 67 69 72 73 74 81 83 87 88 91 93 
94 95 96 98 99 100 101 107 111 112 114 115 
116 118 120 122 123 126 127 128 130 132 134 137 
139 141 145 146 148 150 153 155 156 157 158 159 
161 164 166 167 169 170 172 174 176 177 180 183 
186 188 190 193 194 196 197 198 199 201 204 208 
210 215 216 218 220 222 226 228 229 233 234 235 
236 238 239 240 241 244 246 250 251 253 254 255 
256 257 258 259 263 265 266 268 269 270 272 273 
274 275 278 279 281 282 284 289 290 291 292 293 
295 296 300 301 302 303 307 308 311 312 314 315 
318 319 321 325 327 328 329 330 331 332 335 336 
338 342 344 345 349 350 352 354 356 359 364 365 
366 369 370 372 374 378 379 380 384 387 388 393 
397 399 400 
196
2 4 11 12 13 14 16 19 21 23 28 29 
30 32 35 36 37 38 42 43 48 50 55 56 
57 62 65 66 68 73 74 76 77 78 79 81 
83 85 89 91 92 93 97 99 100 104 106 107 
108 109 110 114 115 116 117 121 122 125 126 127 
129 130 131 135 140 141 143 147 148 149 150 154 
156 157 159 160 162 164 166 170 171 173 174 175 
176 177 179 181 182 183 184 186 187 189 191 193 
194 197 199 200 201 202 205 214 216 218 221 226 
227 229 232 234 236 239 240 242 243 247 249 250 
254 256 261 264 266 269 270 272 275 277 279 281 
282 283 284 288 289 290 293 294 295 297 300 304 
309 310 311 312 313 315 317 318 320 321 322 323 
324 327 328 329 331 332 333 334 336 337 339 341 
342 343 346 350 355 356 357 360 361 362 363 364 
365 367 369 371 372 374 376 377 380 381 386 388 
389 393 397 398 
205
1 5 6 8 9 10 11 12 14 16 22 23 
24 25 26 27 32 33 36 37 39 40 43 44 
45 47 50 51 52 56 59 61 62 63 69 72 
74 75 76 79 80 81 83 87 90 91 92 93 
94 95 96 97 98 105 109 110 112 113 114 117 
118 119 122 123 124 125 127 129 132 133 136 138 
140 144 145 146 147 151 152 154 155 157 158 159 
160 161 162 163 164 169 170 172 174 177 179 180 
184 185 188 189 190 191 193 195 196 198 200 201 
202 203 204 210 212 214 218 219 220 221 224 225 
226 227 229 230 231 232 234 237 239 240 241 243 
244 245 248 249 251 252 254 257 258 260 262 264 
265 267 268 269 270 273 281 282 283 284 285 286 
288 289 291 294 298 299 302 303 305 306 309 311 
312 313 315 319 320 323 325 331 333 343 345 346 
354 359 360 361 362 363 367 368 369 372 374 375 
378 379 381 382 386 388 390 392 393 394 396 398 
399 
188
5 6 9 16 17 18 19 20 21 23 26 29 
30 31 32 37 38 43 45 46 50 51 53 55 
58 59 62 64 65 67 70 71 72 75 77 79 
80 82 83 85 89 95 96 97 98 100 101 103 
105 106 109 110 115 117 119 122 123 126 128 129 
130 135 136 141 143 145 151 152 154 157 158 159 
161 162 163 164 165 167 168 173 175 177 185 186 
189 190 192 193 195 197 198 199 202 203 205 211 
213 218 219 221 222 225 227 228 232 234 235 236 
238 239 240 241 243 244 246 247 250 251 252 255 
256 257 258 259 262 264 266 268 270 272 274 275 
279 283 286 287 290 292 293 295 300 303 306 307 
308 310 313 314 317 318 320 321 323 324 326 327 
330 331 333 334 335 337 338 340 345 346 347 351 
353 354 355 359 362 368 370 372 373 374 378 383 
384 385 387 391 392 394 395 398 
213
1 2 4 5 6 9 10 12 15 17 19 21 
23 26 28 29 31 34 40 41 44 45 51 52 
55 56 57 58 60 62 63 64 66 70 71 72 
73 75 76 77 78 80 81 83 84 86 89 91 
92 93 95 98 99 101 102 103 105 106 109 112 
114 115 116 117 119 120 121 122 123 124 125 130 
131 132 133 134 136 137 138 140 141 142 143 144 
145 146 150 154 155 156 157 159 160 161 166 167 
168 171 172 174 175 178 179 180 181 182 183 188 
191 192 193 195 196 197 198 199 203 205 206 211 
215 216 217 219 221 222 223 224 225 227 229 230 
232 233 234 236 237 240 241 242 246 248 250 251 
252 257 261 263 264 265 267 269 272 274 279 280 
281 287 292 294 296 300 302 303 306 309 313 314 
316 319 321 322 324 328 330 331 334 336 338 339 
340 341 342 343 344 347 350 352 354 355 356 358 
361 362 364 368 369 371 374 375 377 378 379 380 
391 392 393 395 396 397 398 399 400 
205
3 6 8 9 11 13 14 16 18 20 23 25 
26 30 35 39 45 48 49 50 52 54 57 58 
59 60 61 63 64 67 69 74 77 78 80 81 
82 83 86 89 91 92 93 94 95 96 97 99 
100 101 102 103 107 109 110 111 112 113 115 118 
124 127 129 130 131 133 136 142 145 146 147 148 
149 150 151 152 154 155 156 157 159 160 163 166 
173 176 177 178 179 180 181 183 185 186 188 189 
190 192 197 198 201 204 205 206 212 214 215 216 
221 224 225 226 228 229 233 234 236 239 240 242 
243 244 248 249 250 251 252 253 254 255 256 258 
261 262 264 266 267 268 269 270 272 273 274 275 
278 282 291 293 295 297 298 299 300 302 305 310 
311 312 315 319 320 321 323 325 326 327 328 331 
332 335 336 337 339 340 342 343 345 348 349 352 
355 357 358 361 364 368 369 370 371 372 375 376 
377 378 379 380 382 384 385 386 388 392 393 396 
398 
218
1 2 3 4 5 9 11 12 13 14 16 19 
23 24 25 29 33 36 37 41 43 45 46 47 
49 51 52 53 56 57 58 61 67 68 70 72 
74 75 76 81 82 83 84 85 86 87 88 89 
90 91 92 93 94 96 98 99 100 101 102 103 
105 106 108 109 111 113 115 116 117 118 123 124 
125 126 132 133 135 139 141 142 145 146 149 151 
154 157 161 162 163 165 168 171 172 173 176 178 
181 182 183 186 187 189 190 191 194 195 196 198 
199 202 204 205 206 207 209 212 214 215 218 219 
221 222 227 230 231 234 236 237 238 241 242 243 
244 245 246 247 248 250 251 253 255 257 258 259 
262 263 264 265 272 273 274 275 276 277 278 283 
284 285 286 288 291 293 297 298 300 303 304 306 
309 310 311 312 313 315 321 324 325 327 328 330 
332 333 334 335 336 337 338 339 342 343 345 347 
351 352 353 354 355 357 358 359 361 362 364 366 
370 371 372 376 377 381 383 386 390 391 393 394 
396 400 
216
1 4 9 13 15 16 17 19 20 22 23 25 
26 27 29 30 31 32 33 34 35 39 44 45 
47 48 51 53 54 56 58 62 63 68 70 71 
72 75 76 77 81 83 85 91 92 94 95 96 
99 100 103 104 105 108 111 112 113 115 116 118 
120 121 122 123 124 125 128 130 131 134 136 143 
147 150 153 155 157 159 161 163 164 166 169 172 
177 179 180 181 184 185 187 191 192 193 194 195 
198 203 204 205 207 208 209 210 213 214 215 218 
219 221 222 223 230 233 235 236 237 238 241 242 
243 244 247 248 249 250 251 258 260 261 263 266 
268 272 273 274 275 276 277 280 281 282 284 285 
286 287 290 291 292 294 295 297 300 301 303 304 
305 306 307 310 315 317 318 319 322 324 325 326 
329 330 332 334 335 336 339 340 341 343 345 346 
347 348 350 351 352 354 356 357 358 360 362 364 
365 368 370 371 372 374 375 376 377 379 380 383 
385 386 387 388 389 390 391 393 394 396 397 399 
200
3 6 8 9 11 12 13 15 16 18 19 20 
21 25 27 33 36 37 39 42 49 50 52 53 
54 55 57 58 61 63 65 66 67 69 70 71 
72 74 75 78 80 81 82 84 87 89 93 94 
96 97 103 105 109 114 116 118 120 121 122 124 
125 126 127 128 129 130 131 133 136 137 141 146 
149 150 151 152 154 156 161 164 165 166 170 171 
172 178 179 182 183 186 189 194 197 199 200 201 
202 207 208 211 214 215 216 217 220 223 226 227 
232 233 234 235 237 238 240 242 244 247 249 250 
252 253 254 255 256 257 258 259 260 261 263 264 
266 269 271 272 275 282 283 286 290 291 293 294 
295 299 300 301 302 303 305 306 307 308 309 311 
312 313 315 317 319 320 321 323 328 329 333 334 
338 342 344 345 346 348 349 350 353 354 356 357 
359 360 361 364 367 368 370 371 375 379 380 381 
385 391 392 394 395 396 397 399 
202
2 4 6 9 10 18 21 22 25 31 32 33 
34 35 36 37 39 40 42 43 44 45 46 47 
49 50 52 53 56 61 63 64 66 67 69 71 
72 75 76 80 82 83 90 93 94 95 98 101 
106 108 109 110 112 116 117 119 120 121 124 125 
126 127 129 130 131 135 136 140 141 147 149 153 
154 155 156 157 163 165 166 167 170 171 173 174 
175 177 180 182 187 189 190 192 193 194 196 197 
200 201 202 204 207 209 210 211 213 214 215 216 
217 220 221 226 228 229 230 231 232 233 235 237 
240 241 245 247 250 251 253 254 256 257 258 260 
261 262 264 266 267 269 272 273 274 275 276 279 
282 283 284 285 288 291 292 293 296 297 299 300 
305 306 307 309 311 312 315 316 319 320 321 323 
325 329 330 332 334 337 338 339 344 346 347 348 
349 360 362 363 364 365 366 367 368 371 372 376 
377 378 380 384 387 388 392 396 397 398 
193
1 3 5 6 10 18 21 22 24 31 34 35 
38 39 40 42 43 44 45 46 47 50 56 57 
58 59 65 66 67 68 69 70 71 73 74 75 
76 80 81 82 84 85 88 89 90 91 92 93 
94 99 101 102 103 104 105 106 107 108 111 113 
116 117 119 120 121 122 123 127 128 130 132 136 
137 140 141 142 144 147 148 151 153 155 157 160 
162 164 165 168 169 172 175 176 177 178 180 181 
185 188 191 197 199 206 211 213 219 221 222 231 
233 238 240 241 242 246 247 249 250 251 254 256 
259 261 268 269 271 272 276 277 278 279 283 284 
287 288 289 291 292 299 300 302 303 304 305 307 
310 311 312 313 314 315 317 319 320 322 324 329 
330 335 336 340 343 345 348 349 350 351 352 355 
356 357 358 360 365 367 368 369 370 376 379 382 
383 385 386 387 388 390 392 393 394 395 396 397 
399 
201
8 9 10 11 13 14 15 16 19 23 24 25 
27 28 29 32 33 34 35 36 37 40 42 43 
44 47 48 49 51 52 55 60 61 63 66 67 
71 72 73 75 76 77 78 79 82 86 90 91 
94 95 96 101 104 105 109 110 112 113 117 118 
120 121 124 125 130 132 133 134 136 141 143 144 
145 148 149 151 153 154 155 156 161 164 165 166 
168 169 171 172 175 178 179 180 182 184 185 187 
188 189 191 192 195 197 199 200 201 203 204 205 
206 207 210 214 218 221 222 223 224 228 230 231 
232 233 237 240 242 243 247 248 249 251 252 254 
255 259 260 266 269 270 272 277 278 279 280 282 
284 288 289 290 292 295 297 299 304 305 306 314 
317 318 319 320 321 323 324 325 329 332 334 337 
338 341 348 351 354 355 356 358 360 362 364 365 
367 368 369 371 372 375 378 382 384 385 386 387 
388 389 391 394 395 396 397 398 400 
192
4 6 8 9 10 22 24 27 28 29 30 31 
33 34 35 36 37 39 42 44 45 46 48 49 
50 54 56 57 59 63 66 70 72 74 78 79 
81 83 84 86 87 88 92 95 96 98 100 104 
105 112 115 117 122 124 128 133 134 137 138 140 
143 148 150 155 160 161 162 163 167 168 169 170 
171 172 175 176 177 178 179 181 182 183 184 185 
187 190 191 193 195 196 200 202 204 205 206 210 
212 213 214 215 216 217 218 220 221 223 227 228 
230 232 233 235 236 237 239 244 246 249 250 251 
253 255 257 259 260 261 262 263 264 265 266 268 
270 272 275 276 285 286 290 291 292 294 297 300 
304 306 309 310 311 314 320 321 322 323 325 326 
328 331 332 333 334 335 336 338 339 341 343 345 
351 352 353 355 356 358 359 361 362 367 370 372 
373 376 377 379 383 388 389 390 392 395 398 400 
199
2 3 4 6 7 9 10 12 14 18 22 24 
25 27 29 31 32 33 35 36 39 40 43 44 
45 46 47 48 49 52 55 56 58 59 60 64 
65 67 69 70 71 72 75 79 80 83 86 87 
91 92 93 94 99 100 102 103 106 107 108 109 
114 116 117 118 119 120 128 130 132 133 138 139 
143 144 145 148 149 150 153 155 158 159 161 162 
165 166 167 168 172 175 176 178 181 183 188 189 
191 194 195 199 202 203 204 207 209 211 212 214 
218 222 226 227 228 229 230 231 232 243 251 252 
254 256 257 260 261 264 265 267 268 271 273 274 
276 277 279 281 283 286 287 290 292 293 295 296 
299 301 304 305 306 308 309 311 312 313 315 316 
317 318 319 320 321 322 326 331 333 334 335 337 
339 341 345 346 347 350 354 357 359 362 364 374 
375 376 378 379 380 381 382 383 385 387 388 389 
391 392 394 396 397 399 400 
194
1 2 4 5 6 7 8 10 12 13 14 16 
19 21 23 24 25 26 27 29 32 34 36 39 
41 43 45 48 51 53 55 57 58 59 60 63 
65 67 68 69 70 73 75 77 78 79 80 83 
84 85 90 92 93 99 101 102 105 106 108 110 
116 119 120 122 125 126 128 129 131 132 133 134 
136 137 139 140 144 145 146 152 155 156 159 161 
166 167 170 171 173 175 176 178 180 182 190 192 
194 195 196 197 198 203 204 210 212 215 216 219 
220 221 223 224 225 227 228 229 230 231 234 235 
237 239 240 241 242 244 245 247 248 250 251 252 
255 256 258 259 260 262 268 270 272 275 276 277 
279 285 286 287 288 289 297 298 304 305 307 308 
310 313 314 317 322 325 326 327 330 333 340 341 
344 349 350 352 354 356 358 361 363 364 366 368 
372 376 378 379 380 386 387 388 389 394 395 397 
398 399 
215
1 2 6 10 11 12 15 16 17 18 20 21 
24 25 26 27 28 29 30 31 34 35 36 37 
38 39 40 45 46 49 50 51 52 53 55 58 
60 61 63 66 69 70 74 77 78 79 80 82 
85 87 90 91 92 95 96 97 102 103 104 105 
106 111 112 113 117 118 119 120 121 125 126 132 
133 135 137 139 141 143 146 152 153 154 157 158 
161 163 168 170 173 174 175 177 179 180 182 184 
185 186 187 189 194 198 200 201 204 205 206 207 
208 209 210 212 214 217 218 220 221 222 223 224 
225 226 228 230 232 233 235 236 239 240 241 244 
247 248 249 250 251 252 253 254 258 261 263 266 
268 269 272 273 276 281 283 285 286 287 288 290 
291 292 293 294 295 296 298 302 305 306 307 310 
314 318 319 320 324 325 330 331 336 341 342 344 
345 346 348 349 350 352 353 354 358 359 360 363 
364 366 367 368 369 370 373 374 375 376 377 378 
380 381 385 388 389 390 391 393 394 396 397 
199
2 3 4 8 10 13 14 15 16 17 19 20 
22 23 24 25 26 29 31 35 36 37 38 42 
44 50 51 52 53 54 55 56 57 60 62 63 
64 65 67 68 70 72 73 74 78 81 83 88 
93 94 97 98 101 102 104 105 109 111 112 113 
115 119 120 122 123 124 125 127 130 132 137 138 
140 146 148 149 151 152 154 155 156 162 164 165 
166 167 171 174 177 178 179 182 183 187 188 190 
191 192 194 196 200 201 203 207 211 215 217 219 
223 224 226 227 228 230 233 234 236 237 238 239 
240 243 246 248 251 253 257 258 263 264 265 267 
268 270 271 272 273 275 277 279 280 282 285 286 
288 290 291 292 293 294 295 296 300 301 303 304 
308 309 312 313 317 318 325 326 332 333 334 337 
343 344 351 357 359 365 366 367 368 369 370 371 
372 373 375 376 377 378 379 380 381 382 383 384 
386 389 391 394 395 396 397 
202
2 3 4 6 7 8 9 10 14 15 16 17 
19 20 24 26 27 30 31 32 33 34 38 39 
40 41 44 46 47 50 56 57 59 60 62 67 
69 71 73 74 75 76 77 79 80 82 83 87 
90 91 92 95 97 98 101 102 104 105 106 107 
110 112 113 114 115 116 117 119 121 122 123 127 
129 130 132 133 134 135 137 138 139 140 142 143 
145 146 151 152 153 154 157 159 160 170 171 174 
176 180 182 183 186 190 192 197 201 202 203 204 
205 206 207 208 209 214 216 217 219 221 229 230 
231 233 234 243 244 245 246 249 251 253 254 255 
258 259 260 262 264 269 272 273 275 276 277 278 
282 283 285 286 287 289 292 293 294 296 297 299 
304 305 308 309 311 312 313 315 317 320 322 324 
327 328 329 330 332 334 338 339 342 343 344 345 
351 355 363 364 365 367 372 373 376 378 380 382 
388 389 390 391 392 393 394 397 398 399 
205
1 3 6 7 9 10 12 14 19 20 24 25 
26 28 31 33 34 37 38 40 43 44 45 46 
48 50 51 52 54 56 57 60 62 64 67 68 
70 71 77 81 83 84 85 87 90 91 93 94 
96 98 99 100 102 103 105 106 108 109 110 111 
113 114 115 117 118 120 123 124 128 129 130 131 
132 133 134 137 139 141 143 144 145 146 149 150 
151 152 155 158 159 162 165 167 169 170 173 175 
178 179 181 182 184 189 191 193 194 195 197 198 
200 201 205 207 208 210 213 215 217 219 220 221 
224 227 228 231 232 233 234 235 238 239 242 244 
249 253 255 256 259 260 266 267 271 272 275 279 
280 284 288 289 292 293 295 297 298 299 300 305 
306 309 310 311 313 314 315 316 317 320 322 324 
326 330 332 334 335 336 338 340 341 342 344 345 
349 350 353 354 355 358 360 363 364 366 367 370 
371 372 373 378 379 382 385 388 392 393 395 396 
398 
203
2 4 6 8 9 10 11 14 15 16 17 18 
22 28 29 30 32 34 37 39 40 41 43 44 
45 47 51 52 53 54 55 56 57 59 60 61 
66 67 68 69 72 75 77 80 81 84 85 86 
88 89 90 92 93 95 96 97 100 102 104 105 
107 109 115 116 118 119 120 123 124 126 127 128 
129 130 131 132 133 134 136 139 140 142 146 149 
152 153 159 160 162 164 165 168 170 174 176 177 
178 179 180 182 186 188 193 197 198 199 200 201 
203 206 207 214 216 217 218 221 222 223 227 228 
231 232 244 245 246 248 249 251 255 256 261 265 
267 270 272 273 276 277 281 284 287 288 289 290 
291 294 295 296 297 298 299 303 305 306 307 308 
311 313 316 321 324 325 329 331 332 334 335 338 
339 340 341 342 346 351 352 354 355 356 357 358 
359 360 362 363 365 366 367 370 372 373 375 376 
377 378 380 381 386 387 388 390 392 397 398 
202
2 3 4 7 8 9 11 12 13 15 16 20 
21 24 26 27 28 29 35 36 37 38 41 42 
43 44 45 48 51 55 56 58 61 63 67 68 
69 70 71 72 74 75 76 77 78 79 80 87 
90 91 93 95 100 102 107 108 109 110 111 114 
115 122 123 124 126 127 128 129 130 135 136 138 
143 144 145 146 148 150 152 153 156 157 160 163 
164 165 166 169 171 173 176 177 180 181 182 183 
187 188 190 191 192 193 196 197 199 200 204 208 
209 213 216 217 218 220 221 222 225 226 232 235 
236 241 247 248 249 252 255 256 259 260 261 263 
264 265 266 267 270 276 278 279 281 285 286 288 
291 295 297 299 300 301 302 303 306 309 310 314 
316 317 320 321 322 324 325 327 328 329 333 334 
335 338 339 341 343 345 348 349 352 358 359 360 
364 366 371 372 376 378 379 380 382 383 384 386 
387 388 390 391 392 393 395 396 397 400 
201
2 5 6 8 9 13 18 23 25 28 30 32 
34 37 38 39 42 43 44 45 50 53 55 57 
59 66 68 69 70 71 73 75 76 78 82 83 
87 93 94 95 96 98 100 103 104 105 107 108 
111 112 115 119 122 123 125 127 130 132 133 135 
138 140 145 147 150 152 155 156 157 158 160 161 
162 163 167 169 172 174 175 176 180 183 184 186 
187 188 193 196 200 204 206 207 208 209 210 211 
212 213 218 220 222 224 225 229 231 232 238 239 
240 241 242 244 246 247 249 251 253 255 256 257 
258 259 262 264 266 267 269 270 271 272 273 275 
279 280 281 284 286 288 289 290 291 294 295 297 
298 300 301 302 303 304 305 308 309 311 317 318 
319 320 321 322 323 327 328 330 332 334 336 337 
338 344 345 346 348 349 350 351 353 354 355 357 
359 360 361 363 364 366 367 370 371 372 376 378 
384 385 387 389 390 391 393 394 398 
213
2 4 6 8 9 14 16 18 20 22 23 26 
28 29 30 31 32 33 37 38 39 40 41 42 
46 51 52 54 55 56 57 58 59 60 61 62 
64 67 68 71 72 73 74 75 76 78 80 81 
83 85 86 87 88 90 92 94 97 98 101 102 
105 106 108 110 115 116 118 119 121 123 125 126 
128 134 135 137 138 141 142 143 147 149 150 151 
153 155 156 157 158 161 166 168 169 171 172 173 
174 175 176 186 189 191 192 193 194 195 198 199 
203 205 206 212 213 215 216 218 219 220 221 224 
226 230 232 233 234 235 236 237 243 244 246 251 
252 254 255 256 257 260 261 262 264 267 268 270 
271 272 275 276 277 278 286 288 291 292 295 296 
297 300 301 304 307 308 310 312 315 316 317 319 
321 322 324 325 326 327 328 330 333 334 338 344 
347 349 351 353 355 356 357 358 359 360 362 364 
366 368 369 372 373 374 376 378 379 380 381 383 
385 386 387 388 389 390 395 397 399 
195
1 12 15 17 18 20 21 24 25 27 33 34 
36 38 42 43 44 47 48 52 56 57 58 59 
66 68 71 72 75 79 80 82 83 84 85 87 
88 89 90 93 96 97 99 102 103 104 106 109 
111 112 113 114 116 118 119 123 124 126 132 133 
135 136 137 139 141 143 144 145 151 154 155 156 
157 158 161 162 165 167 168 172 174 175 176 177 
180 183 184 190 191 192 194 197 198 201 202 203 
205 206 207 208 211 214 217 219 220 221 222 223 
228 239 241 242 244 245 246 251 252 253 260 263 
266 267 271 273 279 280 282 283 284 285 286 287 
291 293 294 295 296 297 302 304 305 306 307 308 
309 310 312 313 314 315 317 319 320 321 322 323 
324 325 326 327 329 330 332 335 337 339 341 342 
343 344 348 349 350 357 359 360 361 362 363 364 
369 371 372 375 376 377 380 386 387 388 390 391 
393 394 395 
203
1 2 5 6 7 9 11 13 14 15 18 22 
24 26 28 35 36 40 42 43 45 47 49 53 
54 55 57 59 60 65 66 68 69 70 71 74 
75 80 83 84 87 89 90 91 92 95 96 101 
102 103 108 109 110 112 115 116 118 121 122 123 
125 128 129 131 132 134 136 137 138 139 143 144 
146 149 151 152 153 155 156 158 159 161 162 165 
167 169 175 179 182 184 186 188 189 191 192 193 
194 195 197 205 206 210 212 214 215 216 217 218 
220 221 224 226 227 228 230 232 233 235 239 240 
241 242 243 244 246 249 251 253 254 255 256 257 
259 260 262 263 265 266 267 268 271 275 276 279 
281 283 285 288 289 290 298 300 302 305 307 308 
310 311 312 313 317 318 319 320 321 322 323 327 
330 332 333 334 336 337 339 342 345 346 347 349 
350 351 352 356 358 360 361 363 366 367 370 375 
376 377 382 384 385 387 388 391 393 394 398 
189
2 5 10 14 15 19 22 23 24 25 26 27 
28 30 32 34 35 36 39 41 42 43 44 45 
47 56 57 59 61 62 63 65 69 71 72 81 
83 84 85 88 91 92 94 96 103 107 110 111 
114 115 116 120 122 124 125 126 132 136 137 138 
141 143 144 146 151 153 154 156 157 159 160 161 
163 164 167 168 172 178 183 184 186 188 189 190 
194 195 197 198 199 200 202 206 207 213 215 217 
219 220 223 224 227 229 230 233 235 237 238 241 
244 246 248 250 251 255 256 257 258 263 264 265 
266 267 268 269 271 272 273 274 276 281 282 284 
285 286 288 291 297 298 299 301 302 303 304 306 
307 310 315 316 317 318 321 323 325 329 330 331 
332 333 335 336 339 341 347 348 349 350 352 353 
354 355 357 362 364 369 370 371 372 374 375 376 
377 378 383 384 387 389 390 391 399 
217
1 3 6 11 13 15 16 19 20 23 26 27 
28 32 33 35 36 40 42 44 45 47 48 50 
51 52 53 54 56 57 58 61 62 63 64 65 
66 67 71 72 74 76 79 80 82 84 85 86 
87 88 90 92 99 107 108 109 113 115 117 120 
121 122 123 124 125 126 129 130 131 133 134 135 
137 138 140 141 145 147 149 150 151 152 155 156 
158 160 161 162 163 164 166 168 169 170 172 173 
174 177 179 182 185 186 188 191 192 193 194 195 
196 200 201 203 204 206 207 208 210 211 212 213 
214 218 219 222 223 225 228 229 230 233 234 235 
236 237 242 243 244 245 248 249 250 253 255 256 
257 258 263 265 266 268 271 274 275 277 278 279 
287 289 290 291 292 293 294 296 301 306 308 309 
312 313 316 318 320 321 322 324 325 326 327 328 
329 331 334 336 337 341 342 343 344 345 346 347 
348 350 351 353 354 355 356 357 358 359 362 363 
365 367 368 371 377 379 381 388 392 393 395 398 
399 
197
1 2 3 4 5 6 9 10 11 12 14 17 
22 24 28 32 35 36 38 39 40 41 43 44 
45 48 49 54 55 56 57 59 60 64 66 69 
70 74 75 76 77 78 79 81 82 83 87 88 
92 93 98 101 102 103 104 105 106 108 109 112 
114 116 117 118 119 120 122 123 124 125 126 127 
135 136 137 138 139 141 143 145 146 149 152 153 
156 157 158 159 160 165 167 168 170 172 173 175 
176 177 182 183 184 188 189 191 193 194 195 200 
201 204 205 206 207 209 210 212 215 218 219 220 
224 226 228 231 233 234 237 240 242 246 247 249 
251 252 253 254 255 257 260 263 264 266 268 271 
275 276 278 279 280 281 287 290 291 298 300 301 
303 309 310 312 316 319 320 322 324 325 326 328 
330 331 332 335 341 342 343 345 347 349 351 358 
359 360 361 363 364 365 366 371 379 381 382 385 
390 391 394 395 396 
203
3 4 6 8 9 10 14 15 16 17 20 23 
25 28 31 35 36 37 41 42 43 44 47 50 
54 55 57 58 59 60 61 62 66 68 70 72 
75 77 78 79 80 81 82 84 87 88 90 93 
94 96 97 98 99 100 102 105 107 109 110 111 
112 115 116 117 118 119 122 123 124 125 127 131 
132 134 136 138 139 142 143 145 146 149 151 153 
154 155 156 157 160 161 162 163 164 166 171 172 
173 174 175 177 179 181 182 185 186 188 190 191 
192 195 197 201 202 203 205 207 210 212 213 215 
216 222 225 229 230 239 240 241 242 243 244 245 
246 248 249 256 257 259 261 262 263 266 273 275 
276 278 279 280 283 284 285 289 290 293 294 298 
300 302 303 304 305 308 311 317 318 319 324 325 
326 327 328 329 331 333 334 336 338 339 341 343 
350 355 357 358 359 362 363 365 368 370 374 377 
379 382 384 385 386 389 390 392 393 395 398 
196
1 2 6 7 14 15 17 18 19 21 22 23 
26 29 30 31 32 33 35 43 44 45 46 50 
51 54 55 56 57 58 59 63 64 65 66 68 
71 73 74 77 79 80 83 87 92 94 95 97 
98 99 102 103 104 109 110 111 113 115 116 117 
120 121 122 123 127 128 129 131 132 133 135 136 
137 140 141 145 152 153 154 155 156 158 164 165 
166 168 173 174 175 176 178 179 181 182 183 184 
186 188 191 192 193 194 198 199 203 205 207 211 
212 213 216 217 220 222 223 224 228 231 232 234 
236 237 238 249 250 251 252 255 261 271 273 275 
279 281 285 287 288 289 290 292 293 295 296 297 
301 305 311 312 313 315 317 318 319 321 322 324 
328 331 333 334 336 337 339 341 343 344 345 350 
351 354 355 358 359 360 362 364 366 367 370 371 
374 375 379 383 384 385 386 389 390 391 393 394 
395 397 399 400 
208
2 3 4 7 9 10 11 12 14 15 17 20 
22 23 24 25 26 27 28 30 31 33 34 37 
41 42 44 49 50 53 54 55 58 59 60 65 
66 70 71 74 75 76 77 78 80 83 85 86 
87 89 90 91 95 96 98 101 103 104 105 106 
114 117 119 120 121 122 123 125 126 127 128 129 
130 131 132 133 134 135 136 139 140 141 143 144 
145 146 150 154 160 162 164 165 167 168 169 170 
171 172 173 178 181 183 185 187 192 193 195 196 
197 201 205 209 210 213 215 216 217 218 219 223 
224 225 226 228 230 231 233 237 241 245 248 250 
251 252 253 254 255 257 259 261 262 264 266 268 
269 271 272 274 276 279 282 283 286 289 290 291 
292 293 294 295 296 297 300 303 305 307 308 310 
312 314 317 319 320 321 322 324 331 332 333 334 
335 337 341 343 345 350 351 353 355 356 357 359 
363 364 367 369 371 378 380 384 385 386 391 395 
396 398 399 400 
185
1 2 5 6 9 11 12 13 14 17 18 20 
21 22 23 24 25 26 33 39 40 42 43 46 
48 50 51 53 54 55 61 65 66 68 69 70 
71 74 76 77 78 79 80 85 86 96 99 103 
104 107 110 114 118 123 124 126 129 134 136 137 
138 143 145 147 149 150 151 154 156 157 159 162 
163 165 166 168 169 170 171 172 173 174 177 184 
189 194 195 196 197 203 204 209 211 212 213 215 
216 219 221 225 226 227 228 229 231 232 233 234 
235 236 239 241 243 245 246 248 249 250 251 253 
255 258 260 262 263 264 265 266 267 268 269 270 
271 272 275 280 283 284 286 287 288 291 294 299 
303 304 305 307 311 313 315 320 322 324 327 333 
334 335 336 340 345 347 348 351 352 353 355 358 
359 362 365 370 371 373 375 378 379 380 381 389 
392 395 396 399 400 
196
1 8 9 12 13 15 16 18 21 24 25 27 
29 30 31 35 40 41 43 44 47 48 51 53 
54 55 56 57 58 59 60 61 62 68 69 71 
72 75 78 80 81 83 84 87 93 96 100 101 
102 103 104 107 109 113 114 115 117 118 121 123 
126 127 128 134 136 137 138 140 142 144 147 149 
155 158 159 161 163 164 165 166 167 171 172 177 
180 183 186 191 194 195 196 197 198 199 200 204 
207 208 212 214 215 216 217 218 219 223 224 227 
228 230 232 237 241 244 245 247 250 251 252 253 
255 256 258 259 260 262 263 266 270 272 274 277 
278 280 281 282 283 284 287 288 290 294 297 298 
300 302 304 305 306 307 315 316 317 318 321 324 
325 326 329 333 334 336 338 340 343 344 349 351 
352 353 356 358 360 364 366 367 369 373 374 376 
377 378 380 381 383 384 385 386 387 391 393 395 
396 397 399 400 
197
1 2 3 5 7 9 10 13 14 18 19 21 
23 24 25 27 28 30 31 32 36 38 45 46 
48 50 53 55 59 60 62 64 65 66 67 69 
72 73 76 77 85 87 93 96 98 100 102 104 
105 107 109 110 116 118 119 120 121 122 123 124 
126 127 129 130 131 136 137 138 139 142 145 147 
149 150 151 152 157 160 162 166 167 168 170 173 
176 177 178 179 181 183 184 186 187 188 189 190 
192 193 196 199 200 201 202 205 210 213 216 217 
221 222 223 225 226 228 230 234 236 237 240 241 
244 246 248 249 250 252 253 254 256 257 261 264 
265 267 268 270 272 278 282 283 285 286 288 289 
292 295 297 298 299 304 305 307 308 309 310 311 
314 315 319 322 324 325 326 327 331 332 334 335 
341 343 345 346 348 352 355 359 360 364 365 366 
367 368 373 374 377 378 382 383 384 386 387 390 
394 397 398 399 400 
196
1 3 4 8 9 11 12 15 16 17 19 20 
21 22 24 27 31 33 34 36 38 39 41 42 
43 44 48 50 52 54 57 59 60 65 66 67 
69 78 80 81 86 87 90 92 93 94 96 97 
101 102 104 105 107 108 110 112 118 120 121 122 
123 124 128 137 139 140 141 142 146 149 150 153 
155 156 157 160 161 164 166 168 172 175 178 179 
180 182 183 185 186 189 190 191 192 195 199 200 
204 206 214 219 221 223 224 225 228 230 231 233 
234 235 236 239 242 243 245 249 250 251 254 257 
258 261 262 263 267 274 277 279 280 283 284 285 
287 293 295 296 298 300 301 304 305 306 307 308 
310 311 312 313 314 315 316 318 319 322 323 324 
327 329 330 336 338 340 341 344 345 346 349 351 
354 356 357 359 360 364 365 367 368 369 373 374 
379 381 383 384 385 386 387 388 389 390 391 392 
393 396 398 399 
186
1 5 7 10 11 17 18 22 24 25 26 28 
30 33 36 40 42 45 46 47 50 52 57 61 
67 70 71 74 77 78 79 80 82 84 86 89 
90 91 92 93 94 99 100 101 102 104 105 108 
109 113 114 116 118 122 124 128 130 131 134 135 
137 140 142 143 145 146 148 150 151 152 155 156 
158 163 165 166 168 170 174 177 179 182 185 186 
188 190 194 195 197 199 200 203 209 211 215 216 
217 218 220 221 222 224 225 226 227 228 230 233 
238 240 243 244 247 249 251 255 256 257 258 261 
262 263 264 266 268 270 276 278 281 282 283 285 
286 287 288 289 290 291 293 297 299 304 305 306 
309 310 311 314 318 320 322 323 327 328 332 335 
339 341 344 345 346 348 351 353 356 366 367 370 
371 372 373 374 375 377 379 381 387 388 389 390 
392 393 394 396 397 400 
194
1 2 6 11 13 14 15 16 18 19 20 21 
22 24 26 30 31 33 34 37 39 40 43 45 
47 52 54 55 59 60 65 66 67 71 72 78 
79 80 81 83 84 85 89 93 100 106 107 109 
113 117 118 119 120 122 125 128 129 132 133 136 
137 139 140 142 143 146 147 148 150 151 152 153 
156 157 158 160 161 163 164 167 169 171 172 174 
175 181 182 183 184 185 187 188 190 191 193 198 
199 200 201 202 205 209 210 212 214 216 217 219 
221 222 223 226 229 230 231 233 237 238 242 246 
247 248 249 251 252 253 257 261 262 264 265 267 
268 269 272 275 279 280 281 282 283 284 285 287 
289 291 293 297 302 303 308 314 316 317 321 324 
325 328 331 332 334 338 340 341 343 344 345 346 
347 351 352 357 358 360 364 367 368 374 377 379 
380 381 383 384 386 387 388 389 390 392 395 397 
398 399 
189
2 4 5 6 13 14 17 18 20 21 22 23 
24 28 30 32 33 34 37 43 45 46 47 55 
58 59 61 68 70 72 73 79 80 81 82 84 
85 87 88 91 95 96 97 98 99 100 104 105 
106 107 110 111 113 115 116 118 120 124 125 128 
129 133 134 135 140 142 143 148 151 153 155 156 
157 162 164 166 168 169 170 173 176 178 180 183 
186 189 191 192 193 196 197 203 204 206 208 209 
211 212 213 215 219 220 222 224 227 228 230 231 
232 233 234 238 240 241 243 244 245 246 248 252 
253 254 255 256 257 258 259 263 264 265 266 270 
272 278 279 284 286 287 289 290 293 294 295 298 
301 303 306 307 308 309 310 312 314 317 319 320 
325 328 333 338 341 346 348 351 352 354 358 359 
363 364 365 368 370 372 374 376 377 378 380 381 
383 387 389 391 392 393 397 398 399 
209
1 2 4 6 8 9 11 12 15 16 19 20 
22 23 25 27 28 29 32 34 37 39 40 41 
42 43 46 47 49 50 57 60 62 65 67 70 
72 75 78 80 81 82 84 85 86 87 90 91 
92 93 95 97 98 100 101 102 104 106 112 113 
115 117 119 121 123 124 127 129 130 131 133 134 
135 140 141 142 145 148 149 150 151 157 161 164 
165 168 169 171 172 173 177 178 179 181 183 184 
185 187 195 196 197 198 200 202 203 205 208 209 
212 214 217 218 219 222 223 226 228 229 231 232 
233 234 235 236 237 238 240 241 245 246 247 249 
254 255 261 262 263 265 267 272 273 274 275 277 
278 279 280 281 284 285 286 287 291 292 293 294 
297 299 300 302 303 306 307 308 309 313 314 317 
319 321 322 323 324 326 331 332 335 336 338 339 
342 343 344 345 346 351 356 357 358 361 363 365 
366 367 370 373 375 376 381 384 387 390 391 392 
395 396 398 399 400 
199
3 5 6 12 13 14 17 19 20 21 22 24 
25 26 27 29 31 32 36 38 40 41 43 46 
47 48 50 51 53 54 55 57 59 63 64 65 
70 71 72 74 76 77 82 83 84 85 87 90 
92 93 94 95 98 101 105 108 109 113 115 116 
117 119 122 123 124 126 128 129 130 135 136 137 
138 139 141 142 143 144 146 148 151 154 157 158 
167 168 171 172 173 175 177 179 182 184 185 187 
188 189 190 191 192 193 194 195 196 198 200 201 
204 208 209 210 211 213 214 216 217 218 219 223 
224 225 228 230 231 235 237 239 241 245 262 263 
268 269 270 271 272 273 279 281 283 287 289 291 
293 294 295 296 298 299 300 302 303 305 306 308 
312 313 314 317 318 319 321 324 332 333 336 341 
342 345 347 348 349 353 357 358 359 361 363 364 
365 367 368 371 374 377 380 381 384 385 386 389 
390 391 392 394 396 398 400 
198
3 4 5 8 14 16 17 18 19 22 25 27 
28 29 30 31 32 34 37 42 44 45 46 49 
51 53 55 56 58 59 60 63 64 65 67 69 
73 74 78 82 83 86 89 90 92 95 96 97 
98 100 102 103 104 105 106 110 112 113 114 115 
116 117 118 119 120 122 124 126 127 129 131 132 
134 138 141 142 144 145 146 147 148 149 151 152 
156 157 158 159 162 163 170 176 180 181 182 184 
186 192 193 197 202 203 204 206 207 208 209 210 
211 212 213 214 215 216 217 218 223 224 226 227 
230 232 233 234 235 238 239 244 246 249 250 251 
252 253 256 257 259 260 266 268 270 271 272 274 
276 278 279 287 294 295 299 302 303 310 313 314 
318 319 320 322 327 328 329 332 336 339 343 348 
349 350 351 352 354 355 356 357 360 363 365 366 
369 370 371 374 376 377 378 379 385 387 388 390 
391 392 393 394 396 400 
200
3 4 8 11 12 14 15 16 17 18 20 21 
22 23 24 27 28 32 33 34 35 44 47 48 
50 56 58 60 61 63 64 65 66 67 69 70 
72 75 76 77 80 82 84 85 86 87 89 90 
91 93 96 99 102 103 104 106 109 112 113 115 
118 119 122 127 128 130 131 132 135 136 138 139 
141 143 146 147 148 149 150 152 156 158 159 160 
161 162 163 164 166 168 170 171 172 173 175 178 
180 181 184 186 190 191 192 193 194 195 198 199 
200 201 212 214 215 216 220 221 222 223 225 230 
232 234 237 240 248 253 255 257 262 267 269 270 
271 272 275 276 277 280 281 284 285 287 291 294 
296 297 300 302 304 305 306 310 311 313 314 315 
318 319 320 323 324 327 329 330 331 333 334 337 
338 339 340 342 344 345 346 347 348 350 352 355 
356 357 359 360 362 366 368 373 376 380 381 383 
388 390 391 392 395 396 398 400 
192
1 4 7 11 14 15 19 22 23 25 27 30 
32 35 36 39 40 41 45 46 47 48 49 50 
51 52 53 56 59 61 64 65 66 69 70 71 
72 74 75 76 77 81 82 85 86 88 89 90 
91 93 94 97 98 99 100 101 102 104 108 109 
110 111 113 114 115 118 119 120 121 122 123 125 
126 127 128 130 131 132 134 135 137 142 143 145 
146 147 149 150 155 157 159 163 165 166 168 171 
174 175 176 177 178 179 180 181 189 190 191 192 
193 194 197 198 200 202 203 204 205 211 212 215 
218 222 223 227 228 229 233 234 235 239 241 252 
258 261 265 266 267 269 271 276 278 279 280 281 
282 284 286 288 289 290 293 294 296 300 301 307 
326 327 331 333 335 337 338 339 341 343 350 353 
355 357 358 359 361 363 365 366 367 370 371 372 
374 375 380 381 382 383 389 390 392 393 398 399 
203
4 7 9 10 11 14 15 18 21 22 24 26 
28 30 31 32 33 34 35 37 38 42 43 46 
50 56 58 59 61 64 65 66 69 70 73 77 
79 82 84 85 86 87 88 89 91 92 93 96 
97 98 100 103 106 112 113 114 115 118 122 123 
127 128 129 134 140 142 144 145 148 149 152 153 
159 161 163 164 166 167 172 173 175 179 180 181 
182 183 185 186 187 190 191 192 194 197 198 201 
202 207 208 209 211 212 214 217 219 220 221 222 
224 225 226 227 228 231 233 237 241 242 243 245 
247 249 253 255 257 262 263 266 267 268 269 270 
271 272 276 277 278 279 282 284 286 288 289 290 
292 301 302 304 306 307 309 310 312 314 318 319 
320 323 324 325 326 327 329 331 332 333 335 337 
339 340 341 343 344 345 348 349 350 351 352 356 
359 362 363 364 365 367 369 370 373 378 380 381 
382 385 389 390 392 394 396 397 398 399 400 
200
1 2 6 7 8 9 14 18 21 22 23 24 
25 26 29 30 32 34 37 39 40 42 45 47 
48 49 50 52 53 57 60 61 65 66 70 72 
73 74 77 79 82 83 84 89 93 97 98 99 
101 102 103 104 105 109 110 112 113 114 115 118 
120 122 123 124 127 129 137 142 145 147 148 149 
151 155 159 160 162 164 165 170 171 172 173 175 
176 177 178 179 181 183 185 188 189 190 192 194 
196 198 199 200 201 202 204 206 207 209 213 215 
217 218 220 223 224 225 228 232 233 234 235 240 
242 246 247 249 250 254 256 258 260 261 263 266 
270 272 273 274 276 277 278 280 281 285 287 289 
290 291 292 294 295 297 298 301 302 303 307 309 
310 312 315 317 318 320 322 326 327 328 334 335 
336 337 341 342 346 348 350 352 354 357 359 360 
361 363 364 365 366 368 369 376 377 378 379 380 
382 384 385 388 391 395 398 400 
207
3 6 9 11 14 18 20 21 23 26 32 33 
34 35 36 37 39 43 47 48 51 52 53 54 
55 60 64 67 69 70 71 72 73 74 77 78 
79 80 81 83 84 87 88 90 91 92 93 94 
95 96 97 100 102 103 104 105 106 108 109 110 
112 113 114 115 118 120 124 125 126 130 131 135 
137 142 144 146 150 152 154 156 157 158 160 164 
168 171 174 175 176 179 181 183 187 188 191 193 
196 197 202 203 204 206 207 213 214 217 218 224 
225 226 227 228 230 233 238 240 242 245 246 249 
251 252 254 255 256 258 261 263 265 266 267 268 
270 271 272 273 275 278 279 283 284 285 286 289 
292 293 294 297 299 300 302 303 304 307 309 312 
316 317 318 320 322 323 324 326 327 329 331 334 
337 338 339 340 343 344 345 346 347 348 349 351 
353 354 355 356 357 358 359 362 366 367 368 371 
377 379 380 382 383 384 385 386 387 389 391 395 
397 398 399 
199
4 5 7 9 10 12 14 17 18 19 21 22 
24 26 28 29 32 34 35 37 39 41 43 44 
46 48 49 51 55 56 58 60 61 62 65 70 
72 76 77 78 79 84 85 86 90 93 97 98 
99 100 101 105 106 109 111 112 114 119 120 123 
128 130 131 136 139 140 141 142 144 146 147 148 
150 152 153 154 155 157 159 160 161 165 166 168 
175 177 180 181 182 187 188 189 190 192 193 195 
196 197 198 201 202 206 208 215 218 220 222 224 
225 227 229 230 231 235 240 241 246 247 249 252 
253 254 255 259 260 261 263 264 266 267 268 271 
272 274 276 279 280 281 283 284 285 287 288 289 
291 292 293 297 299 300 303 304 305 306 308 309 
310 312 314 316 318 319 320 323 325 327 328 330 
332 333 334 337 343 346 347 348 349 350 351 352 
353 354 358 360 362 368 369 370 372 374 376 379 
387 388 390 391 395 396 400 
210
1 2 3 4 5 8 9 11 16 17 20 22 
23 24 26 27 30 32 33 35 37 40 42 43 
45 48 49 53 54 58 61 64 67 69 75 77 
81 82 84 87 88 89 93 97 98 99 100 101 
102 103 105 107 108 109 110 112 113 114 118 120 
121 122 123 125 126 128 129 130 135 138 141 142 
145 146 147 148 151 152 153 154 156 157 161 162 
165 169 171 172 177 178 181 183 186 187 189 191 
194 197 198 199 200 201 202 203 204 208 210 211 
212 216 217 221 222 223 224 225 228 231 233 236 
239 242 244 245 246 248 250 252 253 255 257 259 
260 261 262 264 265 266 267 268 269 270 272 274 
275 277 284 286 287 289 290 291 292 294 295 296 
298 300 303 306 307 309 310 312 317 318 319 321 
324 325 326 328 329 331 333 334 336 337 338 344 
346 349 350 354 358 360 362 363 364 365 366 369 
371 372 373 374 375 377 382 384 387 389 390 391 
395 396 397 398 399 400 
192
4 11 12 14 15 17 18 20 21 22 27 28 
29 31 38 40 41 43 44 49 52 55 58 59 
60 61 62 64 65 69 72 76 77 79 83 84 
85 88 89 91 92 93 95 97 100 102 103 106 
107 111 124 126 127 129 130 132 134 135 136 139 
143 144 146 148 149 150 151 153 154 156 157 159 
163 165 166 168 172 176 177 180 182 183 184 185 
188 190 192 193 195 197 199 200 201 202 203 206 
207 210 212 217 220 224 225 226 230 232 233 237 
238 240 241 243 247 248 250 251 253 254 255 256 
257 259 260 261 265 266 267 268 270 271 273 275 
279 280 281 282 283 285 288 290 291 293 294 297 
299 302 303 304 308 309 310 311 312 314 316 317 
318 320 321 323 324 325 328 333 334 336 340 341 
342 348 349 353 358 361 362 364 365 367 371 374 
376 380 383 384 386 387 389 392 394 395 396 398 
181
1 2 8 10 12 15 17 21 22 24 26 27 
28 29 32 33 34 35 36 37 42 46 49 51 
53 57 58 59 60 61 62 64 73 74 75 77 
78 80 83 88 89 92 93 96 97 98 99 100 
105 108 109 113 114 117 118 121 122 123 124 126 
131 133 139 140 142 145 146 149 152 155 158 159 
162 163 165 166 169 170 173 175 176 178 185 187 
190 193 197 199 202 204 205 206 207 208 210 211 
212 215 217 220 221 229 233 234 236 239 240 245 
249 252 255 257 258 262 264 267 268 269 270 273 
274 277 281 287 289 292 293 294 296 297 300 302 
303 304 307 308 310 312 313 320 322 323 324 325 
327 330 331 333 334 338 340 341 342 344 346 347 
349 350 352 353 355 356 357 358 360 362 363 365 
366 367 368 370 372 373 374 375 377 384 387 388 
397 
198
1 3 6 7 9 11 13 15 16 19 20 26 
27 28 31 32 34 36 37 38 41 42 44 46 
47 48 49 53 54 57 58 60 62 63 64 65 
67 68 69 71 72 79 80 83 84 85 86 87 
90 91 94 95 96 100 101 104 105 106 107 110 
114 115 116 119 122 125 132 133 134 136 137 140 
141 145 147 150 153 154 156 157 162 165 169 172 
173 176 179 184 186 187 191 194 195 198 199 200 
201 202 208 212 213 215 218 222 223 226 227 228 
230 232 234 235 236 237 241 242 245 248 249 250 
253 254 256 259 260 262 265 267 268 269 271 272 
273 276 277 278 279 280 282 284 288 290 291 292 
294 295 296 297 298 300 303 304 306 308 310 317 
320 323 324 326 327 329 331 334 336 337 342 343 
345 348 352 353 354 355 358 359 364 366 367 368 
370 372 374 379 381 382 384 385 387 388 390 391 
392 393 395 397 398 399 
186
1 2 3 4 5 6 8 10 12 14 15 20 
27 28 29 30 31 32 35 37 38 41 43 49 
50 51 54 55 65 73 74 75 76 78 80 81 
82 83 85 87 90 94 96 99 100 101 102 104 
105 106 107 110 111 113 114 116 119 121 123 126 
128 129 132 133 134 135 136 145 146 148 149 153 
161 166 167 169 171 172 174 180 181 184 185 187 
191 192 194 195 197 200 201 203 204 205 210 211 
214 218 219 223 225 226 227 228 231 232 233 235 
236 237 239 242 245 247 249 250 256 258 260 262 
263 264 266 267 273 275 277 278 279 280 281 284 
286 289 290 293 298 301 303 305 307 311 319 321 
322 323 324 325 326 328 329 331 337 339 340 342 
343 346 347 348 349 352 354 355 358 363 366 368 
370 374 376 377 378 380 381 382 384 385 387 389 
390 394 396 397 399 400 
199
1 9 10 14 15 18 19 20 21 23 24 27 
29 30 32 33 36 37 38 40 41 42 43 44 
46 47 48 50 52 54 55 58 60 65 66 68 
71 73 74 75 83 85 88 90 91 92 94 97 
98 100 104 105 108 112 113 116 118 121 123 124 
129 130 131 134 137 139 142 146 147 151 152 154 
155 157 162 163 167 169 171 174 176 181 182 183 
184 187 188 189 191 192 194 195 196 199 201 202 
205 206 208 209 211 212 214 215 217 218 219 223 
224 225 226 230 231 234 237 238 241 245 246 249 
251 252 253 257 260 261 265 266 267 268 271 274 
275 276 280 282 283 285 286 290 291 295 296 297 
300 302 303 304 305 308 312 316 317 320 323 324 
325 328 329 332 334 335 336 338 339 342 343 344 
345 346 347 348 349 350 351 353 355 356 357 359 
362 365 366 367 368 375 378 379 380 381 382 386 
388 389 391 394 395 398 399 
220
4 5 6 8 9 14 15 16 17 19 20 22 
24 25 26 27 32 33 35 36 37 38 39 40 
43 44 45 47 49 50 52 54 56 62 63 65 
68 69 70 71 72 73 74 75 76 77 78 79 
81 83 85 86 87 90 91 92 93 94 95 96 
99 100 102 103 104 107 108 110 111 112 115 116 
117 118 119 121 122 124 126 128 130 131 132 134 
135 136 138 139 141 142 144 148 150 152 155 156 
157 158 159 161 162 163 164 165 166 167 170 171 
174 177 182 183 184 185 189 194 200 201 202 203 
204 205 206 212 216 222 224 225 226 227 230 233 
235 238 240 245 247 248 249 250 253 256 257 258 
259 260 261 264 266 267 271 272 273 277 278 283 
285 287 288 289 293 295 296 297 300 301 303 304 
306 307 311 312 314 315 316 317 323 325 326 329 
330 331 333 334 335 339 340 341 342 343 345 348 
349 350 353 354 355 357 358 362 363 365 366 370 
373 374 375 376 377 382 383 385 386 387 390 392 
393 394 397 398 
198
2 5 6 9 20 21 25 26 28 29 30 31 
32 35 36 39 45 48 50 51 52 53 54 55 
57 59 62 64 65 66 67 68 69 70 71 72 
73 75 76 77 87 89 92 94 95 97 98 99 
100 101 102 108 109 111 112 114 118 119 121 122 
125 126 128 129 130 132 136 137 138 140 142 143 
144 145 147 149 150 154 155 156 158 160 166 168 
170 171 177 179 181 183 187 189 191 192 194 195 
197 200 203 206 208 209 213 214 217 218 221 226 
227 228 231 233 236 237 239 242 244 245 247 249 
250 258 259 261 264 265 269 271 273 274 275 278 
279 280 281 283 284 285 286 288 289 293 294 295 
296 299 300 301 303 304 306 307 308 312 313 314 
317 318 319 321 322 323 324 325 335 338 340 343 
344 347 350 351 352 353 359 361 362 363 364 365 
368 369 370 372 373 374 377 379 380 388 390 391 
392 394 395 396 397 399 
209
5 6 7 8 9 10 13 14 16 17 18 21 
22 29 31 32 33 34 35 38 40 41 42 43 
45 46 47 48 49 51 53 56 58 59 60 62 
65 68 70 71 72 73 78 81 82 83 84 86 
92 94 99 100 102 103 104 106 107 108 112 113 
114 118 120 122 123 124 126 129 131 135 136 139 
140 141 142 143 145 147 148 152 153 154 156 159 
160 161 162 163 164 167 170 172 174 175 177 180 
183 184 185 186 191 195 196 199 202 206 210 211 
212 220 222 223 225 226 227 229 234 237 239 240 
241 242 243 244 246 247 250 256 259 260 264 266 
269 270 271 272 274 275 278 281 283 286 287 288 
289 291 293 296 297 301 302 304 305 306 309 313 
315 322 324 325 326 327 328 329 331 333 334 336 
337 338 339 340 341 342 343 345 346 348 351 357 
358 359 360 361 362 363 364 365 366 367 371 372 
374 375 377 378 383 384 385 386 387 392 394 395 
396 397 398 399 400 
196
1 7 9 14 15 16 18 19 21 24 31 33 
34 35 39 42 43 48 49 54 58 60 61 62 
64 65 66 74 75 76 83 84 87 88 91 93 
94 95 96 99 100 101 102 104 105 107 108 109 
111 112 113 116 118 119 120 123 124 125 127 128 
131 134 135 136 137 140 141 143 146 152 153 155 
158 160 161 164 165 167 168 170 172 179 183 186 
187 189 190 193 194 198 201 204 205 210 213 216 
218 219 221 223 224 226 227 228 229 230 231 233 
234 237 238 240 243 247 249 251 252 257 260 261 
264 265 268 269 272 274 275 276 277 278 279 280 
284 287 289 291 292 296 298 300 301 302 303 304 
305 309 310 311 312 314 319 320 322 324 326 327 
329 330 334 335 337 338 339 340 345 347 348 349 
350 351 353 354 355 359 362 365 366 367 369 371 
374 376 377 378 380 381 382 384 387 388 389 391 
392 397 399 400 
207
1 3 5 6 7 8 9 10 11 13 15 16 
20 32 33 34 35 38 41 42 43 45 47 48 
50 52 53 55 56 57 58 60 61 62 63 64 
68 69 70 73 76 78 79 80 81 82 83 84 
86 87 88 91 96 97 98 101 103 104 109 114 
115 122 123 124 126 127 128 130 133 138 139 141 
142 144 146 148 154 156 157 158 160 162 164 167 
169 171 172 174 175 177 178 183 185 186 188 191 
194 199 201 202 203 205 207 209 212 213 214 216 
217 218 226 229 230 231 232 233 235 236 237 246 
247 248 250 251 253 254 257 262 264 265 269 270 
271 274 275 276 277 281 282 283 284 285 287 288 
292 294 295 296 299 300 301 302 305 306 310 311 
312 316 322 323 324 325 326 327 329 330 331 332 
334 338 339 340 344 345 346 348 349 351 352 354 
355 356 359 360 363 368 369 370 372 375 378 379 
380 381 382 383 384 386 388 389 390 393 394 396 
397 398 400 
175
1 3 4 7 9 10 11 14 16 17 19 20 
23 27 28 34 36 42 44 47 49 59 60 61 
65 66 69 70 72 74 78 80 85 87 88 91 
93 94 96 98 99 101 103 105 107 108 109 110 
113 115 117 118 121 122 127 128 132 133 136 137 
138 141 142 144 147 149 150 151 154 155 156 158 
160 161 165 169 170 173 176 181 183 185 187 189 
191 192 194 195 196 200 201 202 205 206 208 209 
210 211 215 217 221 223 228 229 231 234 237 238 
239 242 247 248 251 252 253 254 255 258 259 261 
262 264 265 267 268 269 274 282 284 287 293 298 
300 309 310 312 314 320 321 325 326 328 331 332 
333 335 336 339 344 346 347 349 351 352 355 356 
357 358 359 361 366 371 372 373 376 382 387 388 
389 390 392 395 398 399 400 
200
1 6 12 13 15 17 19 21 23 25 29 31 
34 40 41 43 46 47 53 54 58 59 60 61 
62 63 66 68 69 72 75 76 80 85 88 89 
90 91 92 93 94 99 100 101 103 104 106 107 
109 111 119 120 124 125 126 130 132 134 135 136 
137 138 139 140 142 147 148 149 150 152 153 155 
159 160 161 163 164 165 168 173 174 175 176 178 
179 182 186 187 188 190 191 195 197 198 200 202 
203 204 205 206 209 210 211 217 218 220 221 222 
224 225 228 231 232 233 235 236 239 240 242 244 
245 249 250 251 252 254 255 258 259 260 262 263 
266 268 270 271 273 281 284 286 287 288 290 291 
293 294 297 299 302 303 304 306 307 309 310 312 
313 317 319 320 324 325 332 333 335 337 338 340 
342 347 349 350 351 352 356 360 361 362 365 366 
367 369 370 372 378 379 380 381 384 385 386 389 
390 391 392 393 394 396 397 398 
197
2 3 5 8 9 10 11 12 16 18 23 24 
29 30 33 34 35 39 40 44 45 48 50 52 
53 56 57 58 59 64 65 67 68 70 74 75 
78 80 82 83 84 86 87 94 97 98 101 107 
110 112 114 115 116 120 121 123 125 127 128 132 
133 134 137 141 145 147 148 149 155 157 160 161 
177 178 179 180 181 183 184 185 187 189 190 191 
195 196 197 200 204 205 206 207 209 210 211 213 
216 217 218 219 221 225 226 227 229 230 232 235 
239 240 244 246 247 248 251 252 253 254 256 257 
258 262 264 265 267 269 270 271 272 275 276 279 
280 281 282 285 286 287 289 290 292 293 294 298 
299 300 301 302 303 304 305 306 307 308 309 312 
313 314 315 323 325 330 331 333 337 339 340 342 
343 345 348 350 351 352 353 354 357 358 361 370 
371 372 373 376 377 382 383 386 387 388 389 391 
392 393 394 395 397 
195
1 6 7 8 9 10 14 17 18 20 21 24 
25 27 29 31 32 35 36 37 38 39 40 41 
43 45 46 51 53 56 59 61 65 67 68 70 
71 72 77 78 79 80 81 83 88 94 95 97 
98 99 102 103 104 106 110 113 114 115 119 121 
123 125 128 129 130 131 132 135 137 140 141 142 
143 145 146 147 148 149 150 152 155 157 159 163 
165 166 168 170 173 176 178 179 180 181 183 185 
186 188 189 191 194 198 199 201 202 204 205 206 
208 209 211 213 216 219 222 223 225 237 239 240 
242 243 244 245 247 251 253 256 257 263 265 266 
267 269 271 272 274 275 278 279 282 283 285 287 
288 290 292 293 294 295 297 301 304 305 309 310 
314 316 317 319 321 322 327 328 332 333 335 336 
342 343 344 347 354 357 358 359 361 362 363 365 
367 369 370 371 373 376 377 378 381 384 389 390 
391 394 395 
203
1 2 9 20 22 24 26 27 29 31 32 33 
35 44 47 48 54 55 56 58 61 63 64 67 
71 73 76 77 78 80 81 82 83 84 85 86 
87 88 93 94 97 98 99 100 101 102 106 107 
109 111 112 116 118 120 121 122 125 126 129 130 
131 132 133 134 135 136 137 141 143 144 145 146 
149 150 151 152 154 155 156 158 159 161 163 165 
166 167 169 170 172 173 174 176 179 180 181 185 
186 187 192 196 197 198 202 203 204 205 208 209 
211 213 214 217 220 221 222 226 227 228 232 234 
235 238 239 241 242 246 247 248 255 256 257 259 
261 262 268 269 270 271 272 273 278 280 282 283 
284 286 287 288 291 292 293 294 295 296 297 298 
299 302 303 306 307 312 313 316 317 318 320 323 
325 326 327 328 331 334 335 338 339 341 345 346 
347 349 350 354 356 357 359 362 363 364 365 366 
367 368 370 373 374 381 382 389 397 398 400 
211
1 2 4 5 7 8 9 13 15 16 17 21 
24 26 27 30 31 32 33 34 35 36 37 38 
42 43 44 45 47 50 53 56 59 60 61 64 
66 67 69 70 72 73 77 78 79 81 82 84 
88 89 92 96 97 99 101 103 107 108 110 111 
118 119 121 123 125 126 127 128 129 130 131 132 
134 137 138 142 144 145 150 153 154 155 158 160 
161 163 168 169 170 174 176 177 178 182 184 185 
187 190 193 194 199 200 202 203 208 209 210 213 
214 216 218 219 221 222 224 226 230 232 237 238 
241 242 247 250 251 252 253 254 255 256 257 258 
259 260 261 262 263 265 266 268 269 271 272 277 
279 281 286 287 290 292 296 297 299 300 301 303 
304 305 307 308 309 311 312 314 315 317 318 319 
320 322 323 324 325 329 331 332 333 336 341 343 
346 347 349 351 352 353 357 359 361 362 363 367 
368 369 370 372 373 375 376 379 380 381 383 385 
388 390 393 395 396 398 400 
177
2 4 5 8 11 12 13 17 18 20 21 22 
27 29 30 32 34 36 37 39 40 43 45 46 
47 49 50 51 53 54 56 65 66 69 70 73 
75 76 77 78 79 80 81 82 84 85 86 89 
90 94 96 97 103 104 106 110 111 112 113 116 
120 121 122 124 125 132 143 145 146 147 150 153 
154 155 156 158 159 162 163 166 169 171 173 175 
176 177 180 188 191 194 195 197 199 201 202 205 
206 209 214 215 218 219 220 221 223 225 226 229 
230 232 236 244 248 252 256 262 265 267 273 276 
278 279 281 283 284 286 289 292 294 295 297 298 
299 302 308 312 314 319 323 324 325 331 333 335 
336 337 339 340 341 342 343 346 351 352 353 354 
355 356 357 361 362 365 366 369 370 372 373 374 
376 378 383 386 389 391 394 395 396 
183
2 3 8 9 10 14 15 18 20 21 22 23 
25 26 30 33 34 35 36 37 38 39 41 43 
46 47 50 52 53 56 57 58 59 62 65 66 
68 69 73 74 75 77 83 84 86 89 90 92 
97 98 105 108 110 111 112 114 116 117 119 125 
126 129 131 132 136 137 140 141 142 143 145 146 
147 149 153 155 158 161 162 163 166 168 175 176 
179 180 182 191 192 194 199 200 201 205 208 209 
215 217 218 220 221 222 226 227 230 231 233 234 
237 239 241 242 244 245 247 252 259 260 261 262 
267 270 271 272 275 276 277 279 284 285 287 289 
291 292 298 304 305 306 307 308 313 315 317 319 
320 321 323 327 328 329 330 333 336 337 341 343 
344 347 348 351 352 353 354 356 367 369 370 371 
375 378 383 384 385 386 388 389 390 392 394 395 
396 398 400 
200
1 6 7 11 12 13 14 15 16 19 21 23 
25 26 27 28 30 33 36 41 42 43 44 45 
47 48 49 50 52 57 61 62 63 64 66 69 
73 76 79 81 82 84 85 88 89 90 91 92 
93 95 96 98 101 109 110 111 121 122 125 127 
128 129 130 131 132 133 134 135 136 137 138 140 
141 143 145 146 147 148 153 155 156 158 161 162 
165 168 172 174 175 176 177 178 182 187 189 192 
193 195 196 197 200 202 203 205 208 209 210 211 
212 213 216 220 225 226 227 228 229 231 233 234 
235 238 240 241 243 244 246 247 249 250 251 254 
255 260 262 266 268 270 271 275 276 277 279 280 
281 282 284 285 289 290 292 293 294 297 298 299 
300 301 302 303 304 311 315 317 319 320 324 325 
326 329 330 334 337 338 340 342 343 344 346 349 
351 352 353 355 356 360 361 366 373 376 378 380 
382 384 385 389 391 392 393 396 
177
4 7 8 10 11 13 14 15 17 18 19 21 
26 36 39 40 46 49 50 53 55 61 63 69 
71 72 75 77 78 79 81 82 83 85 87 88 
89 90 92 94 95 97 98 102 105 106 107 109 
112 116 118 122 127 129 131 132 136 139 140 141 
144 147 150 152 158 160 161 162 164 169 171 172 
173 175 177 178 180 185 187 188 190 193 194 197 
198 201 202 203 206 207 209 213 216 217 218 219 
220 221 222 224 228 229 238 239 244 245 247 248 
249 254 256 257 258 260 263 266 267 271 272 274 
277 281 287 288 294 295 300 304 305 306 311 313 
316 319 322 324 329 330 334 339 341 348 349 353 
354 355 356 357 359 360 363 365 367 369 370 371 
372 374 375 376 377 378 379 380 383 385 386 387 
388 389 390 392 393 396 397 398 399 
212
1 2 4 5 6 15 16 19 20 22 24 26 
30 31 32 35 36 37 38 39 40 42 44 45 
49 51 53 54 55 56 58 61 63 64 66 72 
73 75 76 78 80 83 88 90 93 96 99 101 
106 107 109 110 112 113 114 115 116 117 120 122 
124 125 128 129 130 131 132 135 136 139 140 141 
143 145 153 154 155 158 159 160 163 164 165 170 
171 172 174 175 178 179 180 181 187 188 189 191 
192 193 202 204 205 207 208 209 214 215 218 220 
221 223 224 225 226 227 228 229 231 232 233 234 
236 238 240 241 243 245 250 251 252 253 256 258 
259 260 261 262 265 267 269 271 273 279 280 281 
282 283 284 286 289 291 292 293 296 297 298 299 
300 301 302 304 306 307 308 310 311 312 313 316 
319 321 322 325 326 327 328 329 332 335 337 338 
339 344 346 347 349 353 354 355 356 358 359 362 
366 367 368 369 370 371 372 375 376 377 378 381 
384 385 389 392 395 396 397 400 
211
5 6 7 8 11 12 13 15 17 19 20 22 
26 27 29 30 32 33 34 36 37 38 40 41 
42 46 47 48 50 51 52 53 54 55 59 60 
62 63 66 67 69 70 78 80 86 88 90 93 
95 98 101 103 104 106 107 109 110 113 115 116 
120 124 125 128 131 132 133 137 138 139 141 143 
144 149 151 152 154 155 158 159 160 163 166 167 
168 170 171 173 174 175 176 177 182 183 185 186 
189 191 192 194 198 199 200 201 205 207 208 209 
210 214 215 216 219 221 222 223 227 228 230 231 
232 235 237 238 239 242 243 245 249 251 252 255 
256 263 264 265 266 268 270 272 274 277 279 283 
284 285 289 291 292 295 296 298 299 300 301 302 
304 305 306 308 311 312 314 315 320 321 323 324 
328 330 331 332 335 336 339 340 341 343 344 345 
347 348 350 351 355 357 358 359 360 363 364 365 
366 367 368 369 371 374 377 380 383 385 389 390 
392 393 394 395 396 398 400 
195
3 5 9 10 13 14 15 17 18 19 20 21 
22 23 25 26 27 29 31 32 33 35 40 41 
47 48 49 50 54 59 60 63 65 66 67 70 
74 76 77 80 82 83 84 86 87 88 90 91 
92 93 94 95 97 103 108 109 110 111 112 113 
118 120 122 123 131 133 134 136 139 140 141 144 
145 146 147 150 154 156 158 160 161 162 163 164 
166 167 172 176 177 179 183 184 188 189 193 194 
197 201 203 204 207 208 209 210 213 219 222 223 
225 226 227 228 229 231 233 236 239 240 241 243 
244 245 248 249 250 251 253 255 258 262 263 265 
267 268 269 270 272 274 276 280 281 282 285 286 
288 289 290 292 297 298 300 303 304 312 314 315 
316 317 319 321 322 330 331 332 333 334 337 338 
340 345 347 352 354 356 358 359 360 361 363 366 
367 369 371 373 374 375 376 378 383 384 386 387 
392 397 399 
194
2 3 4 6 9 10 11 12 14 16 18 19 
22 24 26 29 33 40 42 43 44 45 49 51 
53 54 55 56 61 62 64 66 67 69 71 72 
73 74 80 81 82 88 89 90 91 94 95 96 
97 98 99 103 107 109 112 114 116 118 119 120 
121 122 124 125 126 128 129 132 134 135 136 139 
143 144 147 148 149 150 151 157 158 159 164 166 
168 169 170 171 173 176 177 178 180 181 183 184 
186 187 189 192 194 197 199 201 202 203 207 209 
211 212 216 218 219 220 222 226 230 231 232 233 
235 237 243 244 246 247 248 252 253 254 257 258 
260 262 264 269 272 273 274 275 277 279 284 285 
287 288 290 291 293 297 298 300 301 302 304 305 
309 310 312 314 318 321 322 324 330 332 333 334 
337 340 342 347 348 350 352 353 357 358 359 362 
364 367 370 371 376 379 382 383 386 387 389 391 
392 398 
193
5 7 8 11 17 19 20 22 29 31 33 34 
35 38 39 40 42 44 46 47 49 51 52 56 
57 62 66 67 69 71 72 73 74 76 78 81 
83 84 85 88 89 90 91 92 93 94 95 97 
102 105 108 109 111 112 114 115 116 117 119 121 
122 123 129 130 133 134 135 136 137 139 142 143 
144 145 146 147 148 152 153 154 156 161 162 163 
166 168 171 173 176 177 179 182 184 188 191 194 
195 197 198 199 200 204 205 209 210 211 212 214 
216 219 224 226 227 230 231 234 235 238 240 241 
242 244 248 250 253 254 255 257 259 261 262 264 
266 270 271 273 274 275 280 281 282 283 285 286 
287 290 292 297 298 301 306 308 311 312 321 323 
324 325 326 328 333 334 335 337 339 346 347 351 
355 356 357 358 359 360 362 364 367 370 371 375 
377 379 380 381 382 383 384 386 387 390 392 393 
395 
211
1 4 6 10 13 14 15 16 19 20 23 25 
26 27 28 29 32 33 34 37 42 45 46 47 
52 53 54 55 56 59 61 63 67 70 73 74 
75 76 82 83 84 85 92 94 95 96 98 99 
102 103 106 107 108 110 111 113 114 119 120 121 
124 125 128 129 130 134 135 136 138 139 140 141 
144 145 147 148 151 152 153 154 157 163 164 165 
166 167 168 171 172 174 175 176 178 181 183 185 
188 189 191 192 195 197 198 200 201 203 204 206 
209 212 217 220 227 228 230 231 232 234 235 238 
239 246 247 248 249 250 251 253 255 256 257 261 
267 269 270 271 272 274 275 276 280 281 284 285 
287 291 294 295 296 297 298 300 301 303 304 306 
307 311 312 313 317 319 322 323 324 325 326 327 
328 329 330 335 337 338 343 345 346 347 348 349 
350 351 353 354 355 358 361 362 365 368 369 371 
372 374 375 376 377 378 379 380 381 382 383 385 
387 388 390 392 393 399 400 
215
1 2 3 4 5 6 9 13 14 15 16 19 
20 21 27 28 34 35 37 40 41 43 45 51 
56 57 59 60 61 62 63 64 67 68 70 71 
73 75 77 81 82 83 84 86 87 88 89 90 
91 93 95 96 98 99 101 102 104 106 107 109 
111 113 114 115 116 121 122 123 125 129 131 132 
135 136 141 144 148 149 150 151 152 153 154 155 
157 158 159 162 166 167 169 170 171 174 175 176 
177 180 182 185 186 188 189 192 193 194 196 197 
198 199 200 203 207 209 211 212 214 215 216 217 
218 220 221 222 224 225 227 228 229 230 231 233 
234 237 238 239 241 243 244 245 248 249 251 256 
257 261 263 264 266 269 270 273 274 275 281 282 
283 284 287 289 291 294 295 296 300 302 303 305 
306 308 309 310 312 313 314 315 317 318 320 321 
322 323 324 326 327 330 332 335 336 337 340 342 
343 344 346 347 348 350 351 353 356 357 360 361 
363 366 368 374 377 382 383 388 390 397 400 
205
1 2 3 4 6 7 8 9 10 11 13 17 
20 22 24 27 29 30 32 34 39 41 42 44 
46 47 48 51 56 57 59 63 65 66 67 68 
69 73 77 78 79 82 84 85 87 88 91 94 
95 96 98 100 104 105 106 108 109 110 115 118 
119 121 122 124 125 126 127 128 129 133 134 135 
137 140 141 145 147 149 150 151 153 154 156 157 
160 162 166 172 174 175 176 179 184 185 186 187 
188 189 191 192 196 198 200 202 206 209 211 212 
214 216 217 218 219 220 222 223 224 225 228 231 
232 233 235 237 238 239 240 241 244 245 246 248 
249 250 252 255 256 257 262 263 265 266 267 272 
274 276 277 280 284 285 292 293 294 297 298 299 
301 304 305 309 311 320 324 325 329 330 331 332 
333 334 338 342 343 351 352 353 356 357 358 360 
363 365 366 369 370 371 372 375 377 379 380 383 
385 387 388 389 390 391 392 394 396 397 398 399 
400 
192
4 5 10 11 15 16 19 21 23 24 28 30 
31 32 36 38 40 41 42 43 45 47 48 51 
52 53 59 60 62 63 64 67 70 72 73 74 
75 77 80 83 84 89 91 94 97 100 102 104 
107 108 110 114 115 118 120 121 126 129 130 135 
136 138 140 142 143 144 146 148 152 156 158 160 
167 168 169 170 173 176 181 186 188 189 191 192 
195 196 197 198 200 201 202 203 206 207 210 213 
214 215 216 217 219 224 226 228 230 231 232 233 
235 236 241 242 243 247 248 249 251 252 254 255 
256 259 260 261 262 264 265 266 267 270 274 275 
276 280 281 282 283 285 288 289 293 298 299 300 
302 306 308 309 310 311 314 316 320 322 326 328 
329 333 336 338 340 341 346 347 348 351 352 354 
355 356 363 365 366 367 371 372 373 375 376 377 
379 383 384 385 386 387 388 389 392 393 396 397 
196
6 11 12 13 14 17 20 21 22 23 25 27 
32 36 37 39 41 43 44 46 47 50 51 52 
54 57 58 59 61 62 63 64 68 69 72 75 
76 77 78 79 81 85 87 88 91 92 93 94 
99 100 101 103 107 111 112 113 114 115 116 118 
120 122 123 124 126 129 136 137 139 141 142 144 
145 146 152 154 155 156 161 163 166 167 169 173 
174 175 176 178 183 185 187 188 190 191 195 196 
197 198 199 201 202 204 206 210 211 212 214 215 
217 219 220 223 224 225 227 228 233 239 240 243 
246 247 248 253 254 256 259 264 266 267 270 271 
272 275 276 278 281 282 284 285 287 289 292 294 
296 297 298 300 301 302 303 304 308 309 310 311 
312 313 314 315 317 320 321 322 324 326 327 329 
332 334 335 337 338 343 347 353 354 358 360 361 
364 372 373 375 376 377 380 381 383 387 389 393 
395 397 399 400 
193
1 4 6 9 14 16 18 19 20 23 25 27 
30 32 34 36 37 38 40 42 43 44 46 48 
50 51 53 56 59 60 63 66 67 69 71 76 
77 79 80 83 84 85 86 87 88 89 92 93 
94 96 97 98 100 101 103 104 105 108 109 111 
112 114 120 121 123 128 131 132 135 136 137 139 
140 141 142 143 145 148 149 150 151 153 154 156 
157 158 159 160 164 165 167 168 169 174 176 178 
179 183 185 187 191 195 196 198 201 202 203 205 
207 208 209 217 220 228 229 231 232 234 237 242 
248 251 255 256 261 262 263 264 265 266 269 270 
271 273 276 278 280 281 282 284 286 291 292 293 
298 302 306 311 314 315 316 317 323 325 326 328 
329 332 333 334 337 339 343 345 348 350 351 352 
353 356 357 362 364 365 368 369 370 372 375 376 
377 384 385 387 390 391 392 393 394 395 397 399 
400 
206
1 3 7 10 13 15 16 18 21 24 26 28 
29 30 31 35 36 37 40 41 42 44 45 46 
47 48 50 56 57 59 61 62 63 64 65 66 
67 68 69 73 74 80 81 84 86 87 88 90 
91 92 93 94 95 96 98 100 101 104 107 109 
110 112 114 115 117 118 119 122 123 125 127 129 
130 134 137 138 139 141 142 149 150 152 153 154 
155 156 157 160 161 162 166 170 174 176 178 179 
180 181 183 187 188 189 190 191 193 194 195 199 
201 204 206 209 210 211 212 213 215 219 220 223 
224 226 228 230 234 236 241 245 246 248 249 250 
255 257 258 259 260 261 262 263 266 267 268 269 
270 272 273 276 279 282 284 285 287 288 290 291 
292 293 296 297 298 299 302 304 307 310 311 314 
315 316 317 318 323 325 327 329 330 331 332 335 
336 338 339 340 341 350 351 353 355 356 357 359 
361 362 368 372 374 375 380 381 384 385 387 388 
391 397 
201
1 4 5 10 15 16 18 19 20 22 25 26 
28 29 30 31 35 36 44 46 47 48 49 51 
55 58 59 60 62 67 70 71 72 75 81 87 
88 89 90 92 93 95 96 97 99 104 105 107 
108 110 111 112 113 114 115 118 119 120 123 124 
125 126 130 133 134 135 136 139 140 141 144 146 
148 150 155 156 157 161 163 165 167 168 169 173 
174 175 176 179 181 182 184 186 191 192 196 200 
201 202 203 206 208 209 210 211 215 216 218 220 
222 227 229 231 233 235 238 239 240 241 243 246 
248 250 251 255 256 258 259 260 263 265 266 267 
273 274 275 276 279 280 281 282 285 286 290 291 
297 298 302 303 305 306 307 308 309 310 315 317 
319 320 323 324 327 328 330 331 332 333 334 335 
336 337 343 344 345 349 350 351 355 356 357 358 
361 363 367 368 369 370 374 376 378 379 380 382 
385 386 387 392 393 394 396 399 400 
209
1 4 7 8 10 11 12 13 15 19 20 24 
27 29 30 33 35 38 40 42 43 44 48 49 
51 54 55 56 58 61 62 64 66 67 68 71 
74 75 76 80 82 83 87 88 89 91 92 94 
95 96 99 104 105 106 109 113 114 115 117 118 
120 121 122 125 127 129 132 134 136 137 141 142 
143 146 147 148 149 151 152 153 154 155 157 159 
160 161 169 173 175 176 177 179 180 181 187 188 
190 191 200 201 203 204 212 213 214 219 221 222 
223 229 230 232 233 235 236 239 241 242 243 244 
245 246 247 253 254 255 256 257 259 262 263 265 
266 269 271 276 280 281 282 284 285 289 290 293 
296 297 298 300 301 302 303 304 308 309 310 311 
312 313 314 316 317 319 321 323 324 325 326 327 
328 329 332 334 335 337 338 341 342 343 345 346 
347 349 352 354 355 357 358 360 361 364 365 366 
367 369 373 377 379 380 381 383 384 386 389 390 
391 393 395 396 400 
198
5 9 10 16 17 19 21 23 29 30 31 32 
34 35 37 38 39 40 42 43 49 51 52 53 
56 57 59 61 64 66 68 72 73 76 77 79 
81 82 84 85 86 91 96 101 104 105 106 107 
108 109 111 114 117 119 120 122 126 129 131 133 
135 139 144 146 147 150 152 153 155 156 161 164 
165 166 167 168 169 170 173 175 182 183 184 185 
188 189 191 192 193 195 198 199 200 210 211 214 
218 219 220 221 222 224 227 228 229 231 232 233 
234 235 239 240 245 246 248 249 250 251 253 254 
255 260 261 262 266 272 273 274 275 276 278 281 
282 284 285 287 288 290 291 293 294 296 299 300 
301 304 306 307 308 311 312 313 314 317 318 320 
323 324 326 327 328 329 330 334 335 336 337 342 
343 345 346 354 355 356 357 358 359 360 361 364 
366 367 368 370 371 375 376 377 378 380 383 386 
388 390 393 395 396 400 
216
2 4 5 11 12 14 17 18 22 23 26 28 
29 32 34 35 36 38 40 41 42 44 45 47 
48 49 50 52 53 56 59 66 67 68 69 70 
71 73 76 78 80 86 89 90 91 92 96 97 
98 99 100 101 102 105 107 108 110 111 114 115 
121 122 123 125 126 128 129 131 135 136 143 146 
147 148 149 153 156 157 160 161 163 165 168 169 
170 171 175 177 179 180 181 183 185 186 187 189 
191 193 195 196 198 199 203 204 205 206 207 209 
210 211 212 213 217 223 224 225 227 228 230 231 
232 233 234 235 237 238 239 240 241 242 243 245 
246 247 248 249 251 255 256 258 261 262 264 265 
266 267 269 271 272 273 274 276 282 283 284 285 
286 288 290 292 296 299 302 303 306 308 309 310 
311 312 317 318 319 320 322 323 324 325 326 327 
329 332 337 340 342 345 346 349 350 352 353 359 
360 361 362 365 366 367 368 371 372 374 375 376 
377 378 379 380 386 387 389 390 392 394 396 399 
194
2 3 4 5 7 10 11 13 15 16 17 19 
21 22 23 24 27 28 29 30 33 36 37 39 
40 43 46 48 49 50 51 52 56 57 58 61 
62 64 67 69 70 73 74 75 76 82 83 86 
88 89 90 91 93 94 95 96 97 98 99 100 
103 105 107 108 111 114 116 117 121 122 124 125 
127 128 129 131 133 135 136 137 138 140 141 142 
146 147 148 149 150 154 155 157 162 163 165 167 
168 174 177 183 184 190 191 196 197 203 204 209 
214 221 222 224 226 229 230 231 233 236 241 242 
243 246 247 248 251 253 255 257 263 265 267 268 
270 271 272 273 275 278 279 280 281 282 284 286 
287 290 292 294 295 300 301 302 307 310 311 313 
314 315 316 318 320 328 329 330 331 335 342 343 
345 346 347 349 351 357 358 359 360 362 363 368 
369 371 372 374 380 383 384 386 387 388 391 392 
397 399 
218
2 5 6 8 9 10 14 17 19 20 21 22 
25 26 29 31 36 37 39 40 43 45 46 48 
49 51 52 56 57 59 61 62 63 67 68 69 
70 71 73 74 75 79 80 84 89 90 93 94 
95 97 100 101 102 104 105 107 109 110 111 113 
114 115 117 118 119 120 121 122 125 126 129 130 
132 136 137 139 142 145 146 147 148 151 152 154 
157 158 159 160 162 163 166 167 170 171 172 174 
175 176 179 181 182 184 185 186 187 189 192 193 
197 198 199 200 206 207 208 210 211 212 213 215 
216 217 218 219 220 222 223 226 228 229 230 231 
232 233 236 237 241 242 244 245 247 249 250 251 
253 255 258 260 261 264 268 274 275 277 278 279 
280 282 283 284 285 286 287 289 293 296 297 302 
304 306 308 309 310 311 312 313 314 315 317 318 
319 320 322 323 324 327 328 332 333 336 338 341 
342 344 345 347 350 351 352 355 358 359 363 365 
367 368 369 372 375 376 378 380 381 386 388 393 
394 395 
218
1 5 7 13 15 19 20 22 23 24 25 29 
31 32 33 36 37 38 39 42 44 45 47 48 
49 50 53 54 55 56 59 65 66 67 68 69 
70 71 72 74 75 77 78 80 82 83 84 85 
86 89 92 96 97 99 100 104 110 112 113 114 
116 123 124 125 127 128 129 130 131 132 133 135 
137 138 141 143 144 146 147 149 150 151 152 154 
155 156 157 159 161 162 164 165 167 168 169 170 
174 181 182 183 185 188 189 190 192 194 195 196 
198 201 202 204 205 206 207 208 209 211 212 213 
214 218 220 223 228 229 231 234 240 243 244 247 
248 249 250 253 257 261 262 264 266 269 271 272 
275 276 279 280 281 282 283 286 287 289 290 291 
292 294 295 296 297 298 301 302 304 305 306 310 
311 312 313 318 319 321 322 324 326 329 333 335 
337 338 339 340 343 346 347 348 350 351 353 354 
355 357 358 359 361 362 363 364 365 366 368 370 
371 372 373 377 378 383 385 387 388 392 393 397 
398 400 
200
3 5 9 11 13 17 20 22 27 29 30 32 
33 34 35 37 38 39 44 45 46 47 48 51 
55 56 57 58 59 60 62 63 64 65 67 69 
72 73 76 77 81 84 87 88 91 92 93 95 
96 98 99 100 101 102 103 104 105 106 107 109 
111 112 113 115 119 120 122 123 127 128 131 133 
136 138 141 144 145 146 147 149 151 152 153 154 
157 159 161 162 164 165 166 168 173 176 177 180 
185 186 188 193 194 198 199 204 206 207 208 209 
212 213 215 218 219 220 226 229 233 234 236 237 
243 244 247 249 250 252 254 255 259 260 261 262 
264 268 270 271 272 274 276 279 280 282 285 286 
292 293 294 296 297 298 299 300 301 303 308 309 
311 315 318 321 323 324 325 326 329 330 332 333 
334 336 337 340 342 343 344 346 347 349 352 355 
357 360 362 366 367 369 373 375 376 380 381 383 
384 388 389 392 393 397 398 399 
199
2 3 4 5 8 12 14 15 16 17 18 19 
23 25 27 29 30 31 32 33 36 37 40 41 
42 46 47 48 52 53 54 55 56 59 60 61 
63 65 68 69 70 71 73 74 76 77 78 79 
80 81 82 83 84 85 90 92 93 94 103 106 
107 109 112 114 116 117 118 120 121 123 127 128 
130 131 133 134 136 137 138 139 140 141 142 143 
144 145 148 154 155 156 157 159 160 162 166 169 
170 171 175 177 179 181 183 185 190 191 196 198 
199 201 205 207 208 209 213 216 219 220 221 223 
224 225 226 237 238 239 242 243 244 252 253 256 
258 261 262 265 266 269 271 273 275 276 280 283 
284 285 287 288 292 293 296 298 299 300 302 303 
306 310 311 312 317 319 320 322 323 326 329 334 
335 338 340 343 346 347 348 349 350 351 352 357 
358 361 362 364 365 369 372 374 376 377 378 386 
387 388 391 394 395 397 398 
206
5 8 10 11 13 17 23 24 25 28 30 31 
34 37 39 40 41 42 43 44 47 48 55 56 
57 59 60 61 67 68 72 77 78 79 81 84 
85 88 89 93 95 98 101 102 104 105 106 107 
108 112 113 114 115 120 122 126 128 130 131 133 
134 135 138 141 142 143 145 146 147 149 150 151 
152 153 155 156 157 159 162 165 168 169 173 174 
176 177 178 179 184 185 187 188 189 192 195 196 
197 198 199 200 201 206 211 215 216 217 221 222 
224 226 227 228 229 230 231 232 237 238 239 240 
246 248 249 250 251 252 254 255 257 263 264 267 
271 274 275 276 277 280 282 283 284 285 286 289 
290 292 293 296 297 300 302 303 306 307 308 309 
310 313 314 315 317 319 320 321 323 324 325 326 
327 328 331 332 334 338 339 340 342 343 344 345 
347 348 349 350 351 352 354 356 358 363 365 367 
371 372 376 378 380 381 383 384 386 387 389 392 
396 399 
201
1 3 6 9 10 12 13 14 15 25 28 29 
30 31 32 34 35 38 40 41 45 46 47 48 
55 57 62 63 64 66 67 68 69 71 73 74 
76 78 79 81 82 83 84 86 87 90 92 93 
95 96 100 102 103 106 108 110 111 114 117 118 
119 120 121 122 123 125 126 134 135 137 138 140 
142 146 147 149 151 155 157 158 159 161 163 164 
165 166 168 169 171 172 177 179 180 182 185 187 
189 190 192 194 196 197 198 204 209 213 216 217 
225 226 228 229 231 233 234 235 236 237 239 241 
244 246 247 249 250 251 252 253 254 255 257 258 
260 261 263 264 265 266 267 269 270 272 275 276 
278 280 285 286 288 294 295 297 299 303 304 306 
307 309 310 314 316 317 318 321 322 324 326 329 
335 337 338 340 341 342 343 345 346 349 353 354 
357 359 360 363 366 368 369 372 374 375 376 377 
384 389 390 391 392 394 395 398 399 
217
1 3 4 6 8 9 11 13 15 16 17 23 
26 28 33 34 36 37 39 40 44 45 46 47 
50 51 53 54 55 56 57 58 59 62 63 64 
66 67 69 70 73 74 75 76 77 78 79 80 
81 82 88 90 92 93 95 96 97 99 101 102 
109 110 113 117 118 122 123 125 128 129 130 131 
132 133 134 136 137 141 142 143 144 145 149 152 
154 156 157 158 159 160 162 166 167 169 170 171 
172 175 176 177 178 183 186 187 189 191 194 196 
197 198 199 200 202 205 206 207 208 210 212 213 
214 215 217 221 222 223 224 225 227 234 235 237 
240 242 243 245 246 248 251 254 262 266 267 268 
269 270 271 273 274 276 277 278 279 282 283 285 
291 294 296 297 298 299 300 301 303 304 306 307 
308 309 310 311 312 313 314 317 319 320 327 328 
330 336 338 342 343 346 347 348 349 350 353 354 
357 358 359 361 362 363 364 365 367 374 375 376 
377 379 381 382 383 386 387 390 392 394 397 398 
400 
199
1 4 5 6 9 10 11 21 24 27 29 31 
33 36 37 38 39 40 41 45 46 50 51 52 
55 58 59 60 62 63 64 65 67 69 70 71 
72 73 74 75 76 82 86 87 89 90 93 97 
105 107 108 110 112 113 114 115 117 118 119 121 
122 126 127 128 132 133 135 137 138 141 142 147 
152 156 157 162 163 164 165 168 169 172 174 175 
180 182 183 185 186 188 191 194 195 196 197 198 
200 203 206 207 211 213 214 215 216 217 219 220 
223 226 227 228 229 230 231 232 233 235 238 240 
242 243 248 249 250 252 253 255 257 258 260 264 
265 268 270 272 273 275 276 279 280 281 282 283 
284 286 288 290 292 295 296 297 299 300 302 306 
307 308 313 314 318 319 320 322 324 327 329 331 
333 335 337 338 342 343 347 349 351 352 353 354 
361 371 372 376 377 380 381 384 387 388 389 390 
391 392 394 395 396 397 398 
182
2 4 6 7 9 10 11 12 13 15 16 17 
18 19 20 23 25 26 27 37 38 39 40 41 
42 44 46 47 49 51 52 53 57 59 62 63 
64 65 69 70 71 72 74 76 77 78 79 86 
88 91 92 97 98 101 105 107 109 112 115 117 
121 127 128 129 141 143 144 145 146 149 150 156 
159 164 165 166 167 169 171 173 174 177 179 183 
186 187 188 195 199 203 204 205 208 210 214 217 
218 221 223 225 226 227 228 229 231 232 236 239 
240 243 245 248 249 250 252 254 255 256 257 258 
259 262 265 267 269 270 272 276 279 286 289 291 
293 294 296 297 304 305 306 308 309 310 311 315 
316 317 318 321 323 324 325 327 330 332 336 337 
338 339 342 345 347 349 352 355 356 357 362 366 
367 369 372 373 376 377 378 381 385 388 389 394 
395 398 
202
1 4 5 9 11 12 13 21 23 24 28 32 
33 36 40 43 44 45 47 49 50 52 54 56 
57 58 63 64 65 69 71 73 74 75 77 78 
79 81 82 83 84 86 87 90 91 93 95 96 
97 98 99 102 103 104 108 111 112 117 119 120 
121 124 127 129 132 134 136 137 138 139 141 143 
145 147 148 149 151 158 160 161 162 167 168 170 
174 177 180 181 183 184 186 189 190 193 198 199 
200 201 205 207 209 210 211 212 213 215 217 223 
227 228 229 232 233 237 239 242 245 247 248 249 
250 254 255 256 258 259 260 261 265 266 268 269 
270 271 275 279 280 282 283 287 289 290 291 292 
293 294 296 298 299 303 304 307 308 311 313 314 
315 317 318 321 322 323 324 325 327 329 332 334 
335 336 338 340 344 345 346 347 353 354 355 357 
358 359 361 366 368 369 373 375 379 380 381 382 
383 384 386 388 389 391 392 393 398 399 
204
2 3 4 5 7 8 11 12 13 15 18 19 
21 22 23 24 25 29 30 31 34 36 37 38 
39 41 44 46 48 49 52 53 54 57 58 60 
61 63 64 66 67 69 70 71 72 73 74 78 
79 81 83 84 87 88 89 90 93 96 98 101 
102 105 106 109 111 112 113 114 123 125 127 128 
130 131 132 137 140 143 148 151 152 153 156 159 
162 163 164 165 167 172 173 174 179 180 182 184 
185 187 189 192 197 199 202 210 211 212 213 214 
218 220 224 225 227 228 229 231 233 234 235 238 
239 240 245 246 247 249 250 253 254 257 260 262 
263 264 265 266 267 268 269 270 272 274 276 278 
279 280 281 282 283 286 287 289 290 291 296 300 
302 305 311 312 313 319 323 324 328 330 331 333 
334 336 337 340 341 346 347 348 349 352 353 354 
355 358 360 361 363 365 366 367 368 370 371 373 
375 376 377 381 382 385 388 389 391 393 398 400 
202
2 3 4 6 7 9 10 12 13 14 16 17 
18 19 20 21 23 24 26 27 31 34 35 38 
42 43 45 46 49 51 52 53 54 55 58 60 
62 69 72 75 76 79 80 84 85 88 93 95 
96 99 100 104 105 106 107 108 109 112 114 116 
117 122 125 129 133 135 136 137 144 146 148 151 
152 156 157 159 160 161 163 166 170 171 174 179 
180 183 185 186 187 188 189 192 193 194 198 205 
208 209 211 212 214 215 218 224 225 226 229 230 
231 232 233 236 239 241 244 245 247 249 251 253 
254 255 256 258 259 260 261 266 267 268 273 274 
275 278 279 280 282 284 285 286 287 294 299 300 
302 306 307 311 312 314 315 318 319 320 321 322 
326 327 328 329 332 333 335 336 338 339 342 343 
344 345 346 347 348 350 352 353 354 355 356 359 
360 365 367 369 372 373 374 376 377 378 380 381 
384 385 386 389 390 394 395 398 399 400 
211
1 4 5 7 10 13 14 16 17 20 21 23 
24 28 29 30 31 33 34 36 37 38 40 41 
42 43 44 47 49 50 51 58 59 63 64 66 
68 69 70 71 72 74 75 76 79 83 85 87 
88 89 90 93 94 95 102 103 104 105 107 108 
109 111 112 113 114 116 117 119 122 127 131 133 
134 135 136 138 139 140 141 142 143 144 146 147 
148 149 152 153 155 157 158 161 164 165 168 170 
171 173 176 178 181 182 185 186 187 189 190 191 
193 195 197 198 199 200 202 203 204 206 208 210 
214 215 220 224 226 229 230 231 233 235 236 237 
239 241 244 246 247 248 249 250 253 257 263 264 
265 266 267 269 271 272 276 277 278 279 281 282 
283 285 288 290 292 295 296 298 300 301 302 303 
304 309 311 313 317 319 320 322 323 325 329 330 
331 333 336 338 343 350 351 352 354 355 356 357 
362 369 370 374 375 376 377 380 383 386 387 391 
392 394 395 396 397 399 400 
190
2 3 4 6 8 9 10 16 21 23 24 26 
28 31 32 34 36 37 38 40 42 47 48 50 
51 53 55 59 61 62 68 70 71 72 73 78 
81 87 88 94 96 97 98 105 107 110 111 115 
118 121 123 125 126 127 131 133 134 135 136 141 
143 144 146 150 152 154 156 157 158 160 162 163 
164 167 169 170 175 181 186 189 190 191 192 196 
199 200 201 202 207 208 210 213 214 215 217 219 
222 225 227 228 229 230 231 233 234 237 241 242 
244 245 246 248 253 254 255 257 258 259 261 262 
264 265 266 268 273 274 275 276 277 280 281 282 
286 287 289 290 291 295 296 298 301 302 306 307 
308 309 311 315 317 318 320 322 323 324 327 329 
333 334 335 336 339 340 343 345 346 350 351 354 
357 360 363 366 371 373 375 377 378 379 380 381 
383 385 386 387 388 389 392 397 398 400 
192
1 4 5 6 8 9 11 12 13 14 16 19 
21 23 24 25 26 27 30 32 33 37 39 41 
42 44 45 47 48 49 51 58 63 66 70 72 
74 75 79 80 81 82 83 84 86 87 88 91 
92 96 97 98 99 100 103 104 106 108 109 111 
112 114 115 119 121 122 124 125 129 130 131 132 
140 141 142 144 145 148 153 154 159 161 162 166 
169 171 174 175 177 179 181 183 185 186 188 189 
190 192 193 199 200 201 202 203 205 206 207 208 
211 216 219 221 224 225 226 228 232 234 237 238 
243 244 248 251 252 254 257 261 268 270 272 275 
276 277 280 283 284 286 291 296 298 299 306 307 
309 311 312 313 314 315 316 318 319 320 321 323 
326 327 329 330 334 335 339 340 343 344 347 350 
352 353 356 359 361 363 365 371 373 374 375 377 
379 381 382 384 386 391 392 393 394 395 399 400 
197
1 2 6 8 9 11 12 13 15 18 19 20 
22 25 28 29 31 33 36 38 40 41 47 50 
52 54 55 56 58 59 61 65 66 67 69 71 
73 74 78 80 81 83 84 86 89 91 95 102 
105 109 112 113 114 116 119 121 122 123 124 125 
127 128 129 131 132 134 137 138 140 142 145 146 
152 153 154 156 157 158 160 161 162 166 167 170 
172 173 175 177 178 179 182 183 184 187 189 190 
191 194 195 199 201 202 203 204 205 206 208 209 
213 214 221 228 229 232 233 236 237 238 239 240 
243 244 247 250 251 252 256 257 258 259 260 266 
267 270 271 272 273 275 276 278 282 284 288 289 
292 295 296 300 301 303 306 307 310 314 315 316 
318 321 322 323 324 328 329 330 331 335 339 340 
341 343 345 348 352 353 355 356 357 358 359 366 
368 370 373 375 376 377 379 382 383 384 389 391 
392 394 397 398 399 
218
1 2 6 7 15 16 18 21 22 23 24 25 
26 28 30 31 32 34 35 37 38 40 42 43 
45 48 49 50 51 52 53 56 57 58 59 62 
63 65 66 71 73 74 75 80 83 87 90 91 
94 95 96 98 99 100 101 102 103 104 108 109 
110 111 113 114 115 120 122 123 124 128 129 132 
133 134 137 138 140 142 144 145 147 148 149 151 
157 158 160 161 163 164 165 169 172 174 176 177 
178 179 181 182 183 186 187 188 189 190 193 194 
195 196 197 198 199 200 201 202 203 204 205 207 
208 209 211 217 218 219 223 225 227 229 230 232 
233 234 235 237 238 239 241 242 243 246 248 251 
253 256 258 262 266 268 270 276 277 280 281 283 
284 285 287 288 292 293 294 295 298 301 302 304 
305 309 310 311 312 313 316 319 327 328 329 330 
331 333 337 340 341 342 346 348 349 350 351 352 
353 355 356 357 360 361 362 363 364 365 367 368 
370 372 374 375 376 377 384 385 389 391 393 394 
396 400 
197
1 3 7 9 10 11 12 15 16 17 18 19 
22 24 26 32 34 37 39 42 43 44 46 54 
55 56 58 59 60 61 67 68 70 72 73 75 
76 82 83 85 86 92 94 96 98 99 100 102 
106 107 109 111 115 118 119 120 121 122 126 127 
128 133 135 138 139 140 142 144 145 146 149 150 
151 153 154 157 158 161 162 165 166 167 169 170 
171 172 174 176 177 178 179 184 188 189 190 192 
193 198 201 202 204 205 207 209 211 213 215 217 
221 222 224 225 226 233 234 235 236 237 240 241 
242 244 245 247 248 250 253 256 259 262 263 264 
269 271 275 276 280 281 282 283 284 286 289 290 
291 293 295 296 297 301 304 305 306 308 310 312 
316 319 320 324 325 326 327 333 335 341 345 348 
350 351 352 353 357 358 359 362 363 364 365 366 
368 372 376 377 378 379 384 385 386 388 392 394 
395 396 397 398 400 
198
1 2 4 6 7 8 11 14 15 16 17 18 
20 21 22 25 26 28 29 34 37 44 45 48 
54 55 56 58 60 63 67 68 70 72 73 76 
77 78 82 84 88 89 90 93 100 104 108 109 
110 111 114 116 119 120 122 126 127 128 129 132 
134 136 137 139 142 143 144 146 147 149 151 152 
153 154 157 159 161 164 165 166 167 168 171 173 
174 175 176 179 180 181 185 186 187 189 191 193 
194 196 198 199 200 201 202 203 204 206 208 209 
211 212 215 216 218 222 224 225 226 227 233 235 
237 243 244 245 248 249 250 252 253 258 260 267 
268 269 270 273 274 276 280 283 284 285 286 290 
291 293 294 295 296 299 301 302 303 304 306 309 
311 312 316 319 320 321 323 325 328 332 337 340 
342 343 344 345 351 352 353 354 355 356 357 359 
362 367 369 370 371 373 374 375 376 378 379 380 
383 384 386 387 392 399 
200
4 5 7 8 10 11 12 13 14 15 16 23 
24 27 28 29 39 40 42 44 45 47 49 50 
51 52 53 55 56 57 58 59 61 62 64 65 
69 72 79 80 85 87 88 93 94 98 99 103 
104 105 106 108 109 113 114 115 116 117 118 120 
121 122 123 124 126 127 128 130 133 139 142 143 
144 148 149 150 154 156 157 158 161 163 164 165 
168 170 171 173 175 178 179 181 184 185 186 187 
188 195 197 198 199 200 202 210 211 212 213 215 
216 217 223 224 225 228 229 232 233 236 237 238 
240 241 242 243 247 248 249 252 253 254 255 256 
258 260 263 270 271 273 276 277 281 286 290 291 
294 295 296 297 298 299 300 302 305 306 309 312 
313 315 316 318 319 321 324 325 329 332 333 334 
335 337 339 340 341 344 345 346 347 349 351 355 
359 360 362 364 365 366 369 372 375 377 380 381 
384 386 387 390 391 394 397 400 
209
1 2 3 9 10 11 12 15 16 17 21 24 
25 26 27 28 29 31 32 33 34 36 40 41 
43 45 46 49 52 54 60 62 64 67 70 74 
75 76 77 79 80 81 82 84 87 89 92 93 
94 95 96 98 99 101 103 104 106 107 111 112 
114 116 117 122 124 127 128 129 131 132 133 134 
137 139 143 144 146 149 150 151 155 157 161 162 
164 165 168 169 171 173 176 177 178 179 180 181 
185 186 188 190 192 196 198 201 204 207 209 213 
214 215 217 218 221 222 225 227 228 229 231 232 
233 236 237 238 239 242 243 247 248 252 253 255 
256 260 262 263 267 269 272 273 274 275 277 281 
282 284 286 287 288 292 294 297 299 302 303 305 
306 307 308 314 318 321 322 323 324 327 329 331 
332 334 335 336 337 338 341 344 345 347 349 352 
353 354 356 357 358 360 361 363 364 367 368 369 
370 371 372 374 376 377 378 383 384 386 387 388 
389 390 392 395 398 
200
1 3 4 5 7 13 15 18 19 20 21 22 
23 26 27 29 30 31 32 34 35 38 39 40 
41 43 44 50 51 54 56 58 63 65 67 69 
70 71 73 84 85 87 88 89 93 98 100 101 
104 105 106 109 111 114 121 122 123 124 125 126 
127 129 130 132 133 134 136 137 138 139 140 144 
146 147 148 151 153 154 158 159 160 162 163 165 
169 171 173 174 175 177 178 179 181 184 185 187 
188 189 190 191 192 193 196 197 201 202 204 205 
207 209 210 213 215 217 220 223 224 225 231 234 
235 236 239 245 246 248 252 254 255 257 260 261 
262 263 265 271 274 277 280 282 284 288 289 290 
291 294 296 298 300 303 306 308 312 314 316 319 
321 322 329 330 331 332 335 338 341 342 343 345 
347 348 349 351 352 353 355 356 357 358 361 362 
363 365 369 370 371 373 374 375 377 379 382 383 
384 386 387 391 392 393 394 397 
199
1 2 3 4 5 7 9 10 11 12 15 16 
22 28 29 30 31 33 37 38 40 41 43 45 
46 47 50 51 52 53 54 55 57 58 59 61 
62 63 65 72 76 80 81 82 85 86 88 89 
92 93 94 95 101 102 108 111 114 116 118 122 
123 124 125 129 131 133 137 138 142 147 150 151 
152 154 158 159 163 168 169 172 173 178 180 182 
183 189 192 193 194 195 196 197 198 202 203 204 
212 213 214 215 216 217 219 220 221 224 226 227 
229 234 238 244 246 248 252 253 254 255 256 258 
259 260 262 263 264 265 266 280 281 282 284 285 
286 287 288 289 292 294 295 296 297 298 299 300 
301 303 305 308 310 312 313 317 320 322 325 326 
328 330 331 332 333 334 335 336 342 343 348 349 
352 353 354 355 356 357 358 359 363 364 365 366 
368 370 371 373 375 377 378 379 380 381 383 385 
388 390 393 394 396 398 399 
194
1 3 6 8 11 12 16 17 19 25 28 29 
31 32 35 37 38 39 41 42 44 45 47 49 
51 53 54 55 57 58 59 60 61 62 63 68 
69 70 72 73 74 75 78 79 82 83 84 85 
89 90 94 96 98 99 102 103 104 107 108 110 
112 114 115 116 118 120 122 124 125 129 130 131 
133 135 138 139 140 144 147 148 151 155 156 157 
158 165 168 172 174 176 181 183 184 185 186 191 
192 193 195 197 199 200 202 212 213 215 216 218 
221 223 224 227 229 235 236 237 239 240 244 246 
248 249 251 253 258 259 265 266 267 269 271 272 
273 274 275 279 280 283 284 286 288 290 291 292 
293 295 298 299 300 301 304 305 306 307 309 310 
314 317 318 319 320 322 326 328 331 332 335 336 
339 340 346 347 353 356 357 358 362 365 367 369 
370 372 374 379 380 381 384 387 388 392 393 397 
398 399 
194
1 2 4 6 12 13 14 15 17 18 19 20 
21 25 30 32 33 34 35 36 37 39 40 41 
43 45 46 49 50 52 54 63 65 69 70 72 
73 77 89 90 91 94 95 97 99 100 101 105 
108 109 113 114 116 118 119 121 123 124 125 128 
131 134 135 137 139 140 141 142 143 144 146 147 
149 157 158 162 165 166 167 168 171 174 176 180 
181 182 184 186 188 189 191 192 194 195 197 198 
200 202 203 204 205 206 207 211 216 218 219 222 
224 226 227 228 229 233 235 237 240 242 243 244 
245 246 250 251 253 254 257 258 261 263 264 268 
269 270 274 275 281 282 285 288 291 294 295 297 
298 299 301 304 305 307 310 311 312 313 314 315 
316 317 319 321 326 330 334 335 337 340 343 344 
345 346 349 350 355 357 360 361 366 369 372 375 
377 378 380 382 383 384 385 386 388 392 393 394 
399 400 
196
1 3 7 8 9 10 13 14 16 18 24 27 
28 33 35 37 39 42 45 49 51 56 59 60 
62 66 67 70 71 72 74 78 79 80 81 83 
85 86 90 91 92 93 95 98 99 101 102 104 
106 112 114 117 119 120 121 122 123 127 128 129 
131 135 136 137 138 139 142 143 145 146 147 148 
149 150 153 154 157 160 161 164 170 175 176 177 
181 182 183 184 188 192 193 197 199 200 201 202 
203 206 207 209 210 211 212 214 215 216 217 225 
226 229 231 235 239 241 243 246 247 249 250 252 
253 254 255 256 260 261 262 264 265 269 272 273 
274 275 276 277 280 284 285 293 294 295 297 301 
303 304 307 308 310 312 314 315 317 318 324 325 
326 327 330 331 334 336 339 340 343 345 347 348 
349 351 354 355 357 358 359 361 363 364 369 371 
372 373 374 376 379 380 383 386 388 390 392 393 
394 397 399 400 
209
1 3 5 7 10 12 16 18 19 20 22 24 
25 27 29 30 34 35 36 39 42 43 44 46 
47 48 49 50 53 54 57 60 61 66 68 69 
71 72 73 80 81 83 84 86 87 92 95 97 
102 104 106 107 109 111 112 113 116 117 118 120 
125 128 129 134 135 138 140 144 145 149 152 153 
155 156 158 160 161 163 165 168 169 173 175 176 
177 179 180 181 182 183 185 188 189 191 192 193 
194 195 196 197 199 201 203 205 206 207 208 212 
213 214 215 216 217 218 219 223 224 231 233 234 
235 238 239 240 241 242 243 244 248 251 252 253 
254 256 257 258 259 267 268 270 272 276 277 278 
279 284 285 286 287 288 289 292 295 298 303 305 
307 308 309 314 316 317 319 320 321 322 325 328 
331 332 337 339 341 343 344 345 347 349 350 351 
352 353 354 356 357 358 361 363 364 366 367 369 
370 372 373 375 377 382 384 385 387 390 392 395 
396 397 398 399 400 
192
3 5 17 18 19 21 23 24 27 29 30 31 
32 33 37 40 43 45 46 48 49 50 52 54 
55 57 59 60 61 64 65 68 71 73 77 80 
82 88 90 91 92 93 95 96 98 99 100 102 
103 104 106 108 109 110 114 115 116 117 119 121 
122 124 126 127 132 142 143 145 146 149 155 159 
161 164 166 167 168 169 170 172 173 175 176 178 
180 182 183 187 189 196 197 199 200 201 202 205 
206 207 209 210 211 212 216 217 218 219 220 225 
226 227 228 229 233 236 237 240 242 245 246 248 
250 251 252 256 257 258 259 262 264 265 267 269 
270 272 273 274 275 280 282 286 288 289 290 293 
294 296 297 299 305 307 309 314 316 318 321 325 
326 328 330 332 333 342 345 346 348 350 351 357 
359 361 364 365 366 367 369 372 373 374 375 376 
378 381 382 383 384 387 388 389 390 397 399 400 
208
1 3 7 8 12 14 15 16 17 18 21 23 
25 27 28 31 32 34 37 38 39 40 44 50 
53 54 56 60 61 62 63 66 70 74 76 77 
78 79 80 81 82 83 84 88 89 93 94 99 
101 102 104 105 106 107 108 109 110 112 113 114 
115 116 118 121 123 124 125 129 132 133 138 140 
142 143 144 147 150 152 153 155 159 162 164 166 
167 171 172 173 176 178 185 187 188 191 193 194 
195 196 197 198 202 204 205 207 208 210 212 213 
214 215 217 219 221 222 225 226 227 229 231 232 
240 242 243 247 252 255 256 257 259 260 264 267 
268 269 270 272 273 274 277 278 281 283 286 287 
289 291 292 296 300 302 303 304 305 309 310 312 
313 314 315 321 322 323 324 328 330 331 333 334 
336 337 338 340 341 344 346 347 348 350 351 352 
355 356 358 360 361 362 363 365 366 367 369 370 
371 372 374 375 376 379 380 381 382 385 386 388 
390 391 396 400 
201
2 5 9 15 17 18 19 21 22 23 24 25 
26 29 31 32 33 34 35 39 41 42 43 46 
47 48 52 53 54 56 58 59 60 61 62 64 
65 66 68 69 70 72 73 74 75 79 80 81 
82 88 89 90 93 96 98 100 102 103 104 106 
107 108 111 112 116 117 118 122 123 124 125 128 
130 132 134 135 136 142 144 145 146 148 150 152 
153 155 158 159 160 161 164 167 169 174 175 176 
178 180 181 183 185 187 188 189 190 193 195 197 
199 202 204 205 207 208 209 210 211 212 214 217 
218 222 225 228 232 235 236 239 244 245 246 249 
251 252 254 256 259 262 268 270 272 274 282 286 
289 292 293 294 296 297 301 306 308 310 313 315 
316 319 321 322 323 324 326 327 328 329 330 331 
333 335 336 337 339 340 341 343 344 346 350 351 
352 354 356 357 359 361 363 366 367 368 371 372 
374 375 377 379 388 390 392 398 400 
216
1 2 3 5 8 9 10 11 17 18 19 21 
22 24 25 26 28 32 34 35 36 37 39 43 
45 46 48 49 51 52 53 57 59 62 65 68 
71 72 75 83 88 90 95 96 98 100 103 105 
106 110 112 114 115 118 120 121 122 123 124 126 
127 129 130 131 133 134 135 136 137 139 140 141 
142 145 147 148 151 152 153 156 158 161 165 167 
169 170 172 175 177 178 181 183 185 187 189 190 
191 192 194 196 198 199 200 202 203 205 207 208 
210 211 215 216 221 222 223 224 226 231 232 233 
235 236 237 239 240 242 245 247 250 252 253 254 
256 259 261 262 265 266 268 269 272 273 274 277 
278 279 280 282 283 286 288 290 291 293 294 295 
297 298 299 304 306 307 308 309 313 314 316 318 
319 320 321 322 323 324 330 331 332 333 334 335 
336 338 340 341 348 350 351 352 353 359 362 363 
366 368 369 371 372 373 374 375 376 379 380 382 
383 385 386 387 388 389 390 393 394 397 399 400 
202
3 4 7 10 11 13 14 17 18 20 21 22 
24 26 27 29 30 32 35 36 37 39 41 42 
52 53 56 59 63 69 70 71 72 75 79 80 
81 83 84 85 87 88 91 92 93 94 97 98 
99 101 102 104 105 109 111 114 115 116 117 118 
122 123 124 128 129 130 131 136 137 140 141 142 
143 145 146 147 153 154 155 157 160 162 163 164 
165 171 178 179 181 182 183 185 186 192 193 194 
195 196 200 201 202 206 207 208 209 210 212 213 
215 216 217 218 219 220 223 229 237 238 241 242 
246 247 248 249 250 251 252 254 258 259 263 264 
266 270 271 273 274 275 276 277 279 280 284 285 
287 288 290 291 292 293 294 296 297 299 303 304 
305 306 307 310 314 316 320 321 322 323 325 326 
327 329 330 331 335 336 342 348 350 352 353 354 
355 361 362 363 365 367 369 371 372 376 378 381 
383 384 386 387 389 391 392 393 395 400 
207
4 5 6 7 8 9 12 13 18 19 20 22 
23 24 25 26 27 28 30 31 32 33 34 35 
36 37 38 41 42 45 46 47 51 52 54 56 
58 60 61 67 68 71 72 74 77 80 85 86 
87 88 89 90 91 93 95 96 98 100 101 103 
104 110 111 112 113 116 119 121 122 123 124 128 
129 130 132 136 138 139 144 147 148 149 150 154 
155 156 157 158 161 163 164 165 166 168 169 171 
172 175 177 180 183 184 188 189 190 192 194 195 
196 197 199 200 202 203 205 207 208 210 211 214 
215 217 220 226 231 232 234 236 237 238 240 242 
243 245 249 250 253 254 255 257 258 259 260 261 
265 267 268 271 273 274 276 278 282 286 288 289 
292 293 294 296 297 299 301 302 303 309 312 315 
319 320 322 325 326 327 328 329 331 335 337 339 
340 343 344 346 348 350 351 353 354 356 357 359 
369 371 372 373 375 376 377 382 383 385 388 391 
396 397 399 
214
1 3 7 8 10 11 13 19 21 22 25 28 
29 34 35 38 39 43 45 47 49 50 52 54 
59 61 62 67 68 70 75 76 77 81 84 86 
88 89 90 93 94 99 101 102 104 106 110 111 
112 114 115 116 119 120 121 125 127 128 130 131 
132 134 135 137 139 142 143 144 145 147 151 153 
158 159 160 163 164 165 167 168 169 170 173 174 
175 177 178 179 182 183 184 185 186 188 190 191 
195 197 199 200 201 207 209 210 214 215 218 220 
221 222 223 226 227 228 229 230 231 233 236 240 
242 243 244 247 250 252 253 255 256 259 260 264 
267 270 272 273 276 279 282 287 289 290 291 296 
297 298 299 300 301 302 303 304 306 307 309 310 
311 313 314 315 316 317 318 319 320 323 329 330 
332 333 336 338 339 340 342 344 345 347 348 350 
352 354 355 356 357 358 363 364 365 367 368 369 
370 373 375 377 378 379 380 381 383 384 385 386 
387 389 390 391 392 394 397 398 399 400 
203
2 6 7 8 10 11 12 13 14 15 17 19 
22 24 25 28 32 34 36 40 44 45 47 48 
50 51 54 55 56 57 58 60 62 63 66 67 
68 69 70 74 76 77 79 84 87 88 89 90 
91 93 94 95 96 97 98 99 101 104 106 108 
113 116 118 120 121 122 125 127 131 132 133 135 
136 138 139 140 141 147 149 150 151 152 153 155 
156 157 159 161 162 163 166 168 170 172 177 178 
181 184 188 189 190 192 194 195 196 199 200 204 
206 208 209 216 219 220 222 225 230 231 233 234 
238 240 244 245 246 248 249 255 256 257 259 261 
263 269 270 282 283 285 288 290 296 297 300 304 
310 312 313 315 320 321 322 326 327 328 329 330 
331 332 333 334 335 336 337 338 339 340 342 343 
345 347 348 351 352 354 355 356 357 358 359 360 
361 362 364 365 367 368 369 372 373 374 376 379 
382 383 384 386 387 388 389 391 396 398 399 
183
1 3 11 13 14 17 18 19 21 22 23 27 
30 31 35 37 38 39 40 41 45 46 47 48 
51 52 53 54 57 60 63 64 65 69 71 72 
75 77 78 81 84 85 91 92 98 100 101 105 
108 109 111 112 114 116 117 118 119 123 125 126 
127 128 130 135 138 141 149 151 152 155 156 157 
158 159 161 162 164 167 168 169 170 172 173 174 
181 184 187 191 192 193 197 198 202 204 205 206 
207 212 217 218 219 228 229 233 234 235 236 237 
238 240 241 243 245 246 247 248 250 256 260 262 
263 270 274 276 279 284 287 291 294 295 296 297 
298 300 302 303 305 309 317 319 321 322 324 325 
327 330 331 332 333 335 336 337 338 339 340 342 
346 351 356 357 358 359 360 363 366 368 370 375 
376 377 378 380 381 382 383 384 385 387 389 392 
396 397 398 
177
1 2 4 6 9 10 11 13 14 15 16 17 
18 19 23 25 29 32 33 39 42 43 48 49 
52 58 59 61 62 63 64 67 68 69 70 71 
73 74 78 90 91 92 93 94 95 96 97 98 
100 101 102 104 111 113 114 118 119 121 122 124 
125 126 127 128 132 133 134 135 137 138 140 141 
142 143 144 152 154 156 158 159 162 169 170 175 
176 179 180 183 184 185 191 194 200 206 207 217 
218 223 224 229 230 233 234 235 236 237 238 240 
244 248 250 251 252 253 254 255 256 257 258 260 
261 262 263 272 273 275 279 281 284 286 288 290 
291 292 294 295 296 298 303 304 306 310 313 314 
318 326 327 329 332 333 338 339 344 346 350 353 
355 359 362 368 370 373 374 376 378 379 380 381 
386 387 389 391 393 395 396 398 399 
201
1 3 4 6 8 12 14 15 17 18 19 21 
22 23 24 25 26 27 30 31 37 38 39 40 
41 44 46 48 49 51 52 53 55 57 59 61 
64 65 71 74 77 80 82 83 85 86 90 91 
92 93 94 96 99 100 101 102 105 106 107 112 
114 115 116 119 123 129 130 134 138 139 142 150 
153 156 157 159 160 163 164 166 167 168 169 170 
176 177 178 180 181 182 183 184 185 187 189 190 
192 194 195 196 197 198 200 201 202 203 206 208 
209 210 211 212 213 214 215 216 222 223 225 227 
228 231 232 233 234 236 237 238 240 241 249 253 
255 258 259 260 261 263 266 267 269 274 275 276 
278 280 281 284 285 287 288 296 299 300 301 306 
308 310 314 315 316 317 318 322 327 330 331 332 
334 338 339 340 346 347 350 351 353 354 355 362 
363 366 367 369 370 372 373 376 378 379 381 383 
385 389 390 392 395 396 397 399 400 
175
2 3 6 7 8 9 10 11 14 16 17 18 
20 24 26 27 34 37 39 40 43 45 47 48 
52 53 57 58 59 61 64 66 67 68 77 80 
84 85 91 93 98 103 107 109 111 113 119 120 
121 122 123 126 130 131 132 133 135 137 139 141 
148 149 152 154 159 160 163 166 171 174 176 177 
178 179 180 181 182 185 194 196 198 200 202 204 
206 207 209 210 211 212 214 216 217 218 223 226 
228 232 234 236 237 242 245 249 250 255 257 259 
260 264 266 271 278 279 280 282 283 285 292 295 
296 297 298 299 300 304 305 306 307 309 311 314 
317 321 322 323 326 328 329 334 335 337 338 339 
340 342 343 348 350 351 352 353 356 357 358 363 
364 365 368 369 371 373 374 377 378 380 381 383 
385 389 390 394 396 398 399 
206
1 2 3 5 7 10 11 12 14 15 18 19 
21 24 26 27 29 30 32 33 34 35 36 37 
38 40 41 44 46 50 52 53 55 57 59 63 
66 69 70 71 72 74 75 77 80 85 86 90 
92 93 95 96 97 99 101 102 106 107 108 111 
112 113 114 115 117 118 120 122 123 124 125 128 
129 131 134 135 136 138 141 143 145 148 149 152 
155 156 158 159 160 162 163 164 165 166 169 171 
172 177 178 182 184 186 187 189 192 193 195 196 
200 201 204 205 206 207 211 214 215 216 218 219 
221 222 223 224 229 231 234 235 237 239 240 242 
246 247 249 251 254 257 258 259 261 265 266 267 
269 271 274 279 280 282 285 286 287 289 292 295 
297 298 299 300 301 302 303 304 305 306 309 310 
318 321 324 328 332 334 335 336 337 340 343 344 
349 350 351 352 353 355 361 363 364 365 366 367 
368 371 372 374 381 383 384 385 386 387 388 389 
390 392 
194
2 3 4 7 8 9 10 12 13 15 16 17 
18 19 20 22 23 25 26 27 29 30 31 33 
36 41 42 45 47 48 49 51 52 54 55 58 
59 62 64 74 76 77 81 82 83 84 85 86 
87 88 89 91 92 94 98 100 101 102 105 108 
109 110 111 112 114 115 116 117 119 120 125 127 
130 133 134 136 142 144 146 149 150 154 155 159 
162 163 164 165 166 168 169 171 172 174 175 178 
181 183 184 185 187 188 189 192 193 194 198 207 
210 211 212 220 224 226 227 229 231 237 238 239 
243 245 247 248 249 250 253 254 257 258 265 269 
270 272 275 276 279 281 282 290 291 292 294 296 
298 301 304 305 308 309 311 312 314 315 316 319 
322 324 326 329 332 334 337 338 339 341 346 347 
349 352 353 354 355 356 357 360 361 364 366 367 
371 375 376 377 380 381 384 385 387 389 391 393 
396 400 
190
2 4 6 10 11 12 13 15 17 21 22 24 
27 29 30 32 34 36 38 43 44 45 46 48 
49 52 53 54 55 56 57 58 60 63 65 66 
68 69 70 71 72 74 75 78 81 82 83 84 
87 98 99 101 103 108 109 111 115 118 119 121 
122 124 127 130 135 136 140 142 144 149 151 156 
160 162 165 166 167 168 170 171 172 173 174 176 
177 178 180 182 186 189 196 199 200 203 204 205 
208 209 211 213 215 218 222 224 229 230 231 233 
236 237 238 239 241 242 245 246 250 251 257 259 
260 268 270 272 274 275 276 277 278 280 281 283 
284 289 290 292 293 294 297 298 299 302 309 312 
313 316 317 319 324 326 328 331 332 333 334 335 
336 337 338 339 340 341 342 345 346 347 348 349 
355 356 357 359 360 363 366 367 369 374 378 379 
381 382 383 386 389 390 391 393 398 400 
193
1 2 6 9 12 13 14 21 24 25 28 31 
32 37 38 39 41 42 44 49 52 53 57 58 
64 68 71 72 75 76 78 81 82 83 84 85 
87 88 89 90 91 92 93 96 97 99 100 105 
106 107 109 110 111 112 113 118 120 122 123 124 
125 128 129 131 133 134 136 137 138 139 140 142 
143 147 149 159 162 163 164 165 166 171 172 173 
174 175 178 179 182 183 184 185 189 190 193 194 
196 203 205 206 207 210 211 213 215 218 222 223 
231 239 241 244 245 248 250 252 254 256 257 259 
261 263 264 265 267 268 269 273 275 276 280 281 
282 287 288 290 292 293 296 297 298 300 301 304 
305 306 307 310 312 313 314 320 325 326 330 331 
332 333 334 335 337 338 341 342 344 345 347 350 
353 355 359 361 363 364 367 369 371 372 373 374 
376 378 379 383 384 386 390 392 393 396 397 398 
399 
220
2 4 6 7 8 10 12 14 15 17 20 21 
22 30 31 33 37 39 43 50 51 52 53 54 
56 57 58 61 63 65 66 70 71 73 76 78 
81 82 83 84 85 86 88 91 92 93 94 96 
97 98 100 104 105 106 107 108 109 111 113 114 
115 117 118 119 121 123 126 128 129 130 131 134 
136 137 138 139 141 143 144 147 148 149 153 154 
155 158 160 161 162 164 167 168 171 173 174 177 
178 179 180 181 184 185 186 190 194 197 198 199 
200 202 203 204 206 207 208 209 210 215 216 219 
220 221 222 224 225 226 229 231 232 233 236 239 
243 247 248 249 250 252 253 256 260 261 262 263 
271 273 276 277 278 280 281 282 283 284 285 286 
287 289 290 291 292 294 298 299 300 302 303 304 
305 306 312 313 314 315 318 319 320 321 323 324 
325 326 328 334 335 339 340 341 342 343 346 348 
351 354 355 357 358 359 362 363 365 366 367 368 
369 371 373 374 376 377 379 380 381 382 383 389 
390 391 392 394 
212
2 3 4 5 6 8 9 11 12 17 22 25 
26 27 28 29 30 31 32 33 40 41 42 43 
44 45 46 47 50 55 56 57 59 60 62 64 
66 67 69 71 72 73 74 75 78 79 82 83 
87 89 91 92 94 96 97 98 100 101 102 103 
104 105 106 107 108 109 110 112 113 115 116 118 
121 122 123 126 127 129 130 131 133 135 137 138 
144 145 147 148 149 150 151 152 154 155 156 157 
158 159 161 162 166 169 170 171 172 174 175 176 
179 180 182 184 186 187 188 191 193 195 196 197 
198 199 213 218 222 223 224 225 228 229 236 239 
240 241 242 243 246 247 252 254 258 259 260 268 
269 271 273 282 284 286 287 288 291 293 294 298 
299 300 301 305 306 309 313 316 318 320 321 323 
325 326 328 330 334 335 337 338 340 345 346 348 
349 350 354 356 357 359 362 365 366 367 368 369 
370 371 372 376 377 380 381 382 383 385 386 388 
389 392 394 396 397 398 399 400 
183
1 3 8 10 14 15 16 18 20 21 22 23 
24 27 28 33 37 38 45 48 59 63 65 68 
70 74 76 77 78 79 82 84 85 88 89 94 
98 101 102 105 106 107 108 109 110 111 112 115 
116 117 120 124 126 128 129 131 134 135 140 142 
146 149 150 151 153 154 158 160 161 164 168 170 
171 172 175 176 177 181 182 185 186 187 188 189 
191 195 196 197 198 199 200 201 202 205 207 209 
210 213 214 215 216 217 220 221 223 227 228 234 
239 241 244 246 252 253 254 255 258 262 263 264 
265 268 270 271 272 275 276 277 279 281 282 286 
290 292 293 295 299 301 303 305 308 310 315 316 
317 318 320 323 324 325 330 332 333 334 335 337 
339 341 342 344 350 351 352 354 355 356 357 361 
366 368 372 373 374 375 377 380 382 384 390 392 
393 395 396 
211
1 3 5 7 9 11 13 17 18 21 23 24 
25 26 30 31 32 36 38 41 43 44 48 49 
50 53 54 55 56 60 61 62 63 64 67 68 
69 70 72 74 77 79 80 82 86 89 90 92 
93 97 99 100 101 102 106 107 108 111 113 115 
118 119 120 121 124 127 130 133 136 139 140 141 
142 143 145 146 148 149 155 156 157 158 159 160 
162 163 165 167 171 172 175 176 178 179 182 185 
186 187 191 193 195 196 202 205 206 208 210 213 
215 216 218 221 224 225 226 227 229 231 235 236 
238 240 241 242 243 244 245 246 247 251 252 253 
254 255 256 258 260 262 263 264 268 270 271 272 
274 276 278 280 281 282 283 286 288 291 292 295 
297 299 300 301 303 304 305 306 309 312 313 315 
317 320 321 322 323 324 326 330 334 337 339 341 
342 343 344 345 346 349 350 351 355 356 358 361 
362 363 366 368 370 376 378 379 381 383 384 385 
386 387 391 392 396 397 400 
201
1 4 6 8 9 11 12 15 17 20 23 24 
25 26 27 29 30 34 37 39 40 42 43 47 
48 49 50 53 54 56 57 58 59 60 61 63 
64 65 80 82 84 85 87 91 92 94 95 96 
97 98 99 103 105 106 107 108 109 111 115 118 
121 122 123 125 127 130 132 136 138 140 142 146 
150 151 153 154 156 158 159 160 161 162 165 174 
179 181 182 183 185 186 190 191 192 193 194 195 
198 201 202 203 206 216 217 218 220 221 222 224 
227 228 229 231 232 233 234 238 239 240 241 244 
245 246 248 251 253 254 256 257 258 259 260 263 
264 265 267 268 270 276 277 278 280 281 282 284 
285 286 287 289 290 292 293 294 296 298 301 307 
309 312 313 314 316 317 318 319 320 322 323 325 
328 330 332 333 334 336 340 342 344 346 347 348 
350 351 352 354 356 359 362 367 372 373 375 377 
382 384 386 389 395 396 397 398 399 
207
2 3 4 7 9 11 12 15 18 20 21 22 
26 28 29 32 33 34 37 38 39 40 42 49 
50 51 52 56 58 59 63 66 67 68 69 73 
75 79 83 84 85 90 92 93 95 98 99 105 
106 107 110 112 119 122 124 125 126 127 131 133 
134 136 137 138 140 144 145 149 152 154 155 156 
159 160 162 163 164 165 166 170 171 172 173 174 
175 176 177 178 179 180 185 187 189 190 191 193 
194 198 200 204 206 209 212 213 214 216 217 219 
221 222 227 228 229 232 233 237 238 240 241 244 
245 248 249 250 251 252 254 256 258 259 260 263 
265 267 271 272 274 275 276 277 278 279 280 281 
282 283 284 285 286 289 291 292 293 295 297 298 
300 303 305 306 307 309 312 314 315 316 317 318 
319 321 323 324 325 331 336 337 339 340 342 343 
344 345 346 348 349 350 352 355 356 360 362 364 
366 367 368 373 375 376 379 381 384 388 390 392 
393 397 400 
202
1 2 3 4 8 9 10 11 12 13 17 18 
20 21 22 25 26 28 29 31 32 33 36 37 
43 44 47 49 50 51 52 55 56 58 59 60 
62 63 64 66 68 71 72 73 75 78 79 80 
81 82 84 87 88 90 91 94 95 97 98 101 
102 107 108 109 111 115 116 119 128 130 135 138 
139 142 146 148 150 151 152 157 165 166 167 168 
170 172 173 177 179 181 183 184 185 187 188 192 
194 195 196 197 198 199 204 205 207 209 214 215 
218 220 221 222 224 226 227 228 229 234 236 238 
241 242 244 247 250 251 253 260 261 262 264 265 
266 267 268 269 272 276 277 278 280 283 284 287 
291 293 294 295 297 298 302 304 306 307 308 309 
310 311 312 314 317 322 324 325 329 331 332 333 
334 335 336 339 340 342 348 351 353 354 356 359 
361 365 367 368 369 370 373 374 378 379 381 382 
383 385 388 389 390 391 393 394 395 397 
195
1 3 6 7 10 14 16 17 19 22 26 30 
31 32 33 34 35 36 37 38 40 44 45 46 
47 53 54 55 56 57 59 60 63 64 66 67 
68 70 71 76 77 78 79 81 82 83 85 89 
94 96 97 100 101 103 104 105 106 109 110 111 
112 113 114 115 117 118 119 120 124 127 128 129 
132 134 136 137 138 144 145 146 148 152 153 154 
155 156 159 161 171 172 173 174 176 178 179 180 
183 184 185 189 190 193 196 197 200 201 203 206 
211 212 215 216 218 221 222 225 226 227 233 234 
235 237 239 242 243 244 245 246 248 250 256 257 
259 262 264 265 266 267 268 270 271 272 278 279 
282 284 285 287 288 295 296 298 301 303 304 306 
309 313 317 318 322 324 325 326 328 329 331 335 
337 338 339 341 345 348 349 350 352 354 355 356 
357 363 372 375 380 384 386 387 391 392 393 394 
395 397 398 
211
1 3 6 7 8 9 10 12 15 17 21 22 
25 27 28 29 30 31 33 34 40 41 43 44 
45 46 47 48 50 51 53 56 57 58 59 62 
63 64 65 67 69 70 72 76 77 80 81 82 
83 88 92 93 96 98 99 100 101 103 104 105 
109 111 112 113 114 115 116 120 121 125 126 128 
132 140 141 144 145 151 153 155 156 158 160 161 
162 163 166 167 168 170 171 174 175 176 179 180 
181 182 186 187 189 190 191 194 195 196 197 198 
199 201 202 203 205 206 207 209 211 212 214 215 
216 217 218 220 221 223 225 226 230 231 232 233 
239 241 243 245 246 247 248 249 250 251 252 255 
257 262 263 265 267 268 269 270 273 274 276 278 
281 282 283 288 289 290 293 295 297 298 299 301 
304 305 306 309 310 311 315 317 318 319 323 327 
332 334 340 342 346 347 348 351 352 354 356 357 
358 359 361 362 364 366 369 377 379 380 382 384 
387 388 392 393 396 397 398 
196
4 7 9 11 12 16 17 19 21 22 24 26 
28 30 31 34 36 37 39 40 41 42 43 45 
47 48 52 53 56 59 61 62 63 66 68 69 
70 71 73 75 76 77 79 80 83 85 86 89 
91 96 100 103 104 105 106 107 108 111 112 114 
116 117 118 119 121 124 127 131 132 133 134 135 
137 142 146 149 150 151 153 154 159 160 161 165 
167 168 171 172 174 180 187 188 189 190 192 193 
198 200 201 202 203 204 205 211 212 213 215 218 
219 227 228 232 235 236 237 238 240 242 245 246 
248 251 255 256 257 263 264 266 267 269 270 274 
275 280 284 285 286 289 291 294 296 298 299 301 
302 303 304 305 309 313 318 319 320 321 322 324 
325 326 327 329 331 337 339 340 341 342 343 344 
346 347 350 352 354 355 356 358 361 364 369 371 
372 373 375 379 381 383 386 389 391 394 395 396 
397 398 399 400 
191
2 3 4 5 7 10 12 14 15 17 27 28 
32 33 34 37 39 41 42 43 45 46 48 50 
55 58 59 62 63 64 66 67 72 75 76 77 
78 79 80 81 82 83 86 87 89 92 97 99 
101 102 103 106 114 116 117 118 119 121 122 123 
125 126 130 131 135 138 141 142 143 147 151 152 
153 154 156 158 159 160 162 164 165 166 168 169 
173 177 178 179 180 183 184 186 187 188 189 191 
193 196 198 199 202 206 208 211 223 225 227 231 
232 233 236 238 239 240 241 245 247 249 251 253 
254 256 257 258 261 263 265 266 267 269 272 274 
277 278 279 280 281 282 283 285 286 287 288 290 
292 296 297 298 302 306 307 311 313 315 318 326 
327 328 333 339 341 342 346 349 350 354 356 357 
358 361 362 363 366 367 368 369 371 373 377 379 
380 382 384 385 387 388 389 392 394 396 399 
