400 800
50 25 26 32 72 85 70 61 2 8 6 63 
76 97 7 11 97 28 15 80 72 48 8 36 
48 18 3 45 89 86 53 13 70 60 81 87 
37 12 70 46 100 16 80 92 46 38 64 40 
50 68 34 63 32 99 32 64 45 4 80 67 
62 86 83 9 8 40 18 66 85 68 27 17 
22 23 95 60 37 59 84 96 60 91 20 7 
96 30 29 40 65 95 23 67 79 80 9 13 
89 87 69 21 63 56 80 60 23 22 36 92 
54 3 15 85 76 32 3 72 33 34 87 60 
90 2 74 39 48 18 99 20 42 30 54 15 
86 91 91 36 64 53 70 37 22 69 28 93 
69 71 71 25 3 99 10 48 38 31 29 37 
60 1 41 18 39 29 33 43 86 22 89 75 
22 61 72 50 29 20 9 9 99 66 43 9 
85 31 83 31 83 78 94 28 73 71 25 34 
99 26 88 62 67 92 35 41 32 62 39 68 
28 99 38 38 65 26 38 44 91 77 76 82 
53 13 80 40 93 1 32 67 57 95 93 31 
8 60 20 14 7 21 55 79 100 68 78 33 
48 1 49 61 48 41 90 4 43 59 55 70 
42 32 99 35 38 27 39 50 61 33 71 68 
83 6 20 24 20 45 77 49 83 21 44 51 
12 39 61 51 97 93 66 50 85 19 33 74 
97 69 24 54 63 62 48 27 75 26 74 26 
2 93 2 28 87 39 36 51 35 64 79 15 
81 13 81 38 20 36 87 56 33 60 81 33 
5 8 92 3 48 53 13 52 14 68 37 49 
38 68 57 2 86 57 81 7 60 71 66 74 
53 6 68 48 21 20 29 17 79 55 84 24 
82 29 34 82 8 88 80 15 2 34 52 22 
27 69 67 47 94 4 50 45 6 78 38 31 
9 4 50 93 99 5 36 69 52 73 25 45 
62 24 31 99 40 59 74 85 52 37 52 75 
93 2 1 79 34 64 71 42 73 74 15 13 
28 51 75 55 52 18 53 86 2 76 26 83 
25 28 14 57 25 52 16 98 24 28 63 58 
66 64 34 54 93 11 81 68 100 64 18 97 
22 82 34 74 94 57 75 44 72 38 24 92 
82 31 67 93 23 26 55 44 52 63 86 83 
42 37 31 1 3 41 88 26 49 68 46 99 
96 33 47 13 24 87 75 91 61 58 17 38 
65 29 6 27 62 44 73 62 41 45 28 81 
36 11 19 12 25 23 91 77 11 34 6 28 
58 23 23 76 9 90 35 51 60 10 43 56 
44 66 50 45 81 32 36 51 77 32 83 19 
68 80 68 24 70 16 30 50 65 30 30 87 
50 41 20 66 1 67 33 63 48 38 83 4 
12 61 23 51 28 58 3 90 22 60 94 32 
96 12 96 89 15 32 57 40 74 43 80 52 
52 88 20 38 30 19 96 94 90 36 40 91 
80 73 48 75 51 62 58 94 83 55 15 87 
56 12 48 7 27 15 85 48 91 22 93 14 
75 63 19 33 97 48 50 60 82 15 97 2 
49 88 72 13 46 8 99 66 80 18 91 14 
60 66 80 3 57 6 83 76 89 13 50 7 
33 89 82 36 40 63 33 54 12 3 71 20 
68 81 1 67 87 11 4 18 56 77 22 85 
49 93 53 79 73 19 78 45 4 96 31 73 
87 69 99 19 2 99 2 24 68 40 38 31 
10 88 31 96 17 6 39 60 84 13 26 97 
94 23 36 30 77 30 95 51 31 53 39 61 
56 74 19 58 3 97 52 7 34 95 18 83 
45 50 9 22 3 35 64 12 59 55 76 57 
4 26 29 97 97 79 39 33 44 39 6 21 
27 62 21 86 25 75 59 20 89 69 17 10 
85 70 2 13 78 33 20 72 
67
16 17 19 66 68 70 71 77 79 103 122 128 
145 162 171 190 204 205 214 218 219 224 243 266 
275 284 314 333 341 346 356 357 365 384 389 432 
441 463 497 510 514 516 532 534 552 555 581 586 
590 621 630 652 671 680 683 685 697 713 720 728 
753 755 757 760 770 773 783 
80
15 16 31 40 69 81 82 83 86 97 99 138 
142 157 168 204 211 213 225 236 241 255 256 267 
269 284 305 307 310 327 342 355 359 369 381 395 
416 447 451 455 471 480 486 489 495 500 506 509 
512 513 524 536 540 554 574 575 588 614 617 642 
643 647 651 668 677 694 695 699 700 710 721 729 
742 762 776 778 780 783 788 790 
81
4 19 20 32 39 41 54 79 86 88 90 91 
92 129 141 151 152 176 181 185 186 192 199 201 
218 225 229 234 241 253 260 304 320 328 349 360 
363 364 378 399 400 414 426 436 443 474 480 505 
516 517 521 522 524 568 571 577 583 597 600 607 
634 673 683 696 697 700 702 707 715 720 726 735 
744 747 758 763 767 768 770 772 784 
76
2 26 61 68 69 70 76 85 92 95 111 124 
152 153 161 169 170 173 176 186 189 193 197 232 
235 243 246 259 262 295 299 312 329 374 381 397 
409 417 421 444 445 457 458 463 464 472 479 487 
488 490 527 545 566 573 575 590 604 607 612 624 
642 644 657 661 668 687 704 724 726 732 757 779 
784 785 790 794 
80
27 30 36 55 86 89 104 111 112 113 119 121 
133 137 138 143 165 175 192 193 194 197 209 211 
218 234 247 284 321 333 349 350 352 359 361 370 
371 383 395 412 419 434 441 449 456 461 501 509 
520 548 550 559 567 570 579 599 617 619 636 644 
646 650 662 663 676 677 691 696 719 723 728 734 
747 751 764 768 787 794 799 800 
96
11 20 23 24 30 38 48 51 58 59 84 86 
91 98 102 128 140 143 147 153 159 178 181 188 
195 196 203 204 210 223 231 244 252 264 276 290 
302 306 312 318 329 359 363 365 367 368 376 415 
417 419 434 435 484 486 493 495 504 521 525 537 
543 551 553 555 585 614 617 621 643 649 651 657 
660 664 665 666 672 677 684 698 702 705 707 708 
720 724 728 733 737 753 762 765 767 770 788 795 
77
3 5 7 23 25 31 46 47 115 129 131 132 
145 154 159 167 169 179 182 187 204 215 218 247 
248 261 263 270 279 311 318 339 343 344 346 356 
361 363 367 377 387 397 413 417 434 438 450 467 
472 478 489 495 505 520 523 526 531 543 545 546 
557 564 565 571 594 625 626 655 679 686 698 710 
711 723 770 782 792 
74
12 41 50 51 60 65 68 74 78 79 89 117 
123 146 147 151 169 180 193 197 204 240 251 255 
260 265 267 292 297 324 329 332 351 359 387 391 
397 399 404 414 420 433 434 444 464 471 475 480 
517 521 522 526 548 606 613 614 623 626 635 643 
648 669 676 688 701 719 733 745 757 758 772 781 
782 796 
70
29 33 36 40 44 49 63 74 75 78 93 105 
121 122 126 132 147 199 206 225 229 241 283 285 
293 328 330 336 348 361 367 377 381 395 403 420 
432 441 443 488 491 498 503 507 528 535 537 562 
566 571 578 589 592 609 622 628 651 662 686 699 
704 705 708 724 740 749 773 785 795 798 
77
3 15 19 27 46 61 75 78 82 90 101 108 
110 113 138 167 169 180 200 215 222 224 244 245 
249 254 259 269 278 285 297 301 322 324 331 341 
351 352 358 359 392 404 406 409 419 420 432 452 
474 478 480 482 493 495 511 512 523 543 565 571 
573 583 591 610 669 673 675 682 702 711 727 737 
743 771 772 784 794 
79
3 12 17 31 35 40 48 53 58 60 70 99 
116 126 150 153 189 191 192 215 217 220 240 256 
264 265 271 281 285 304 313 334 366 367 383 411 
418 419 426 468 471 483 486 488 489 491 499 503 
504 518 519 527 528 532 537 559 564 576 577 588 
602 615 633 642 643 648 672 682 703 709 720 727 
736 741 760 766 770 772 779 
109
2 6 7 10 12 19 23 32 35 51 59 65 
75 78 87 99 107 110 124 127 131 138 140 162 
163 165 184 185 189 190 192 195 201 206 212 223 
224 233 250 280 291 301 302 315 317 327 338 339 
349 357 364 368 379 401 413 422 434 436 437 439 
441 447 450 453 474 480 482 493 494 501 508 528 
529 532 542 561 563 565 571 578 583 596 602 617 
623 625 628 644 650 657 658 665 675 676 677 680 
683 691 696 703 726 727 733 745 758 764 770 773 
790 
90
1 8 16 42 65 66 89 94 98 99 109 129 
134 135 138 143 145 152 156 177 179 183 193 194 
199 212 213 222 235 241 245 247 254 260 261 269 
286 300 308 314 317 324 328 331 346 366 381 383 
390 394 396 406 415 419 426 439 441 449 457 460 
464 473 509 527 555 576 577 601 609 612 614 621 
631 650 651 691 713 715 720 731 734 737 751 763 
771 780 789 790 791 793 
98
4 5 8 12 33 36 46 50 57 61 82 83 
91 101 107 121 125 143 151 170 172 177 185 187 
191 225 228 246 257 262 269 286 288 291 300 317 
335 346 355 362 373 393 421 423 436 448 449 457 
458 462 468 486 499 515 526 532 536 537 538 540 
544 547 554 555 562 567 570 571 574 581 584 585 
596 605 607 613 617 620 630 631 634 650 652 661 
663 669 684 685 701 706 714 720 725 729 741 759 
769 780 
83
12 21 37 43 44 51 52 59 93 105 113 164 
185 188 195 200 202 204 210 221 226 231 239 260 
262 270 273 274 300 315 316 318 319 321 345 389 
393 403 406 411 426 430 432 484 485 503 512 516 
519 531 535 539 576 605 616 633 637 640 641 651 
666 670 676 679 683 694 703 713 714 722 725 732 
740 741 742 749 754 755 761 780 784 787 793 
78
4 12 21 38 41 62 83 101 108 111 117 124 
146 150 159 161 178 198 200 201 211 213 225 234 
238 245 282 287 297 301 309 316 321 322 325 329 
335 339 341 359 363 365 393 399 412 414 425 436 
469 509 537 559 580 591 596 630 632 635 641 644 
655 664 671 677 685 688 705 714 741 742 743 745 
746 754 769 797 798 799 
86
14 25 30 35 40 59 70 83 108 109 115 117 
128 138 140 147 149 159 164 166 180 183 188 204 
205 214 220 226 244 248 251 255 301 326 349 350 
351 360 379 380 381 387 391 427 437 438 460 462 
470 471 479 480 494 496 514 526 538 543 558 563 
566 595 603 608 633 635 638 654 656 664 666 667 
678 681 692 699 722 725 743 744 749 767 774 780 
781 785 
72
4 27 28 33 37 63 96 112 117 118 119 123 
126 138 149 175 183 187 198 206 210 211 239 245 
248 252 273 283 284 294 298 310 337 342 381 389 
402 403 421 431 439 451 454 455 459 470 479 480 
482 519 548 613 622 625 640 658 674 677 681 695 
697 709 713 725 744 747 748 751 757 758 759 774 
74
15 19 20 39 49 50 51 66 70 85 115 122 
123 134 160 162 181 199 208 216 226 236 265 286 
304 313 325 327 333 339 348 352 354 362 377 378 
385 405 422 424 436 441 443 445 482 490 496 503 
511 522 548 562 570 574 585 614 617 631 638 656 
670 702 704 708 720 744 764 769 773 778 782 788 
794 799 
68
21 51 53 58 60 63 72 74 84 89 97 135 
148 152 164 169 172 174 181 190 197 204 213 214 
240 245 255 260 262 271 276 283 304 316 342 358 
374 383 395 415 423 493 499 500 513 522 527 534 
539 555 559 595 598 613 621 640 650 669 695 697 
723 727 732 747 751 762 788 798 
94
6 7 18 37 40 48 67 108 110 132 134 139 
146 156 158 168 170 175 177 194 201 214 216 223 
231 232 233 257 264 265 284 285 288 290 292 296 
319 322 331 341 342 351 352 373 376 378 386 403 
411 415 419 427 434 435 440 443 455 461 462 465 
473 478 504 511 513 519 520 528 530 540 555 563 
565 573 591 599 605 633 653 660 668 676 690 697 
710 713 726 728 738 740 741 745 749 781 
73
12 16 34 38 40 47 50 55 58 71 75 98 
105 109 116 122 126 134 146 169 192 210 220 228 
231 235 243 253 260 268 282 300 301 304 334 338 
346 367 373 377 382 417 418 419 427 433 452 468 
474 480 481 512 515 526 539 543 544 551 581 604 
628 629 653 668 674 681 691 698 711 720 778 779 
783 
80
8 29 43 49 75 78 80 82 100 117 122 130 
148 169 179 186 187 193 212 229 248 261 272 292 
310 320 367 376 385 400 410 418 419 421 424 442 
455 460 463 478 493 503 512 532 536 554 568 580 
593 596 598 611 614 624 630 637 639 641 643 647 
669 676 693 696 709 710 726 730 732 733 742 747 
749 754 758 763 765 789 794 795 
97
7 21 23 25 31 34 53 68 76 85 89 91 
94 98 100 102 110 112 116 118 129 141 153 154 
155 157 159 169 173 174 193 208 220 225 229 239 
243 245 251 270 281 284 295 298 317 328 331 336 
349 359 367 369 386 407 424 427 432 447 450 455 
462 464 466 489 494 499 506 515 532 533 540 546 
554 556 560 569 582 586 595 599 605 627 675 676 
693 701 702 720 721 722 729 739 748 753 759 769 
782 
86
5 30 36 45 46 67 68 82 85 86 93 105 
111 118 121 122 123 124 140 162 175 177 187 191 
203 218 220 238 239 240 255 256 258 275 283 291 
297 309 315 345 348 362 391 416 426 455 468 469 
485 493 500 504 508 524 529 530 542 544 552 579 
582 585 599 603 615 622 624 634 637 640 650 654 
675 680 685 694 700 710 723 741 752 778 782 794 
797 798 
78
4 5 16 19 30 36 59 86 100 107 114 116 
122 129 145 162 168 188 200 208 209 211 233 249 
252 258 259 272 281 293 294 295 303 310 321 326 
338 340 351 355 357 363 378 390 397 414 415 449 
455 461 512 521 535 554 565 570 579 582 585 587 
598 601 616 618 637 639 646 656 681 700 718 721 
725 742 772 789 792 793 
85
19 20 24 33 43 48 49 50 57 59 60 61 
69 79 85 87 100 111 125 133 156 157 160 161 
169 176 179 182 204 206 210 211 238 239 263 285 
286 292 319 330 349 352 363 369 370 390 408 418 
439 440 445 450 455 457 483 496 505 516 523 529 
536 537 540 564 571 574 579 582 588 605 626 633 
634 642 644 663 666 728 734 755 758 761 771 777 
781 
85
1 4 7 16 19 35 36 44 54 59 67 72 
76 86 89 94 113 127 143 149 150 178 189 191 
192 197 199 213 218 221 229 232 240 261 264 272 
273 298 301 313 317 332 335 361 365 366 398 399 
401 413 427 428 460 482 494 498 502 504 520 522 
526 555 559 561 573 610 632 642 658 660 674 676 
683 686 693 697 704 725 733 735 758 761 763 775 
793 
85
12 25 31 33 43 46 53 64 90 95 111 130 
143 151 182 184 193 197 211 263 289 295 307 308 
324 326 354 364 379 386 407 408 420 439 440 448 
453 458 470 480 486 489 493 506 519 531 537 539 
546 555 556 564 572 576 593 608 614 624 632 639 
640 642 653 654 660 662 663 666 696 700 708 709 
715 719 729 737 738 741 747 750 757 783 784 790 
798 
83
2 12 20 37 42 50 55 59 60 62 83 87 
91 96 113 119 133 135 147 191 195 213 214 216 
225 228 234 238 239 240 253 263 273 292 305 319 
335 354 359 362 363 403 405 415 434 457 470 473 
489 493 498 502 505 535 559 571 588 593 596 601 
606 608 619 623 625 633 641 644 653 668 693 704 
723 731 740 741 742 753 755 764 781 789 798 
84
11 16 58 69 73 82 84 88 93 104 107 161 
175 191 202 213 216 230 231 234 242 244 246 248 
251 252 254 259 268 269 273 287 301 312 317 321 
330 331 340 344 351 353 359 362 376 454 464 469 
482 522 533 546 551 556 566 584 585 618 623 624 
633 636 640 641 665 666 687 690 691 698 705 709 
718 721 728 731 753 759 763 767 769 779 798 800 
88
3 17 18 38 46 56 57 61 73 87 92 101 
111 112 113 131 152 170 172 174 179 201 218 220 
223 225 232 233 242 255 273 276 298 302 304 318 
323 345 351 355 368 391 392 400 404 411 416 420 
428 431 439 440 451 452 457 477 483 493 510 517 
543 548 551 564 574 584 589 592 613 614 619 627 
632 651 683 684 690 696 717 721 730 757 758 779 
782 784 792 796 
82
5 13 27 41 50 53 57 74 114 118 137 138 
161 171 181 183 189 216 220 223 233 265 292 298 
336 341 342 368 383 397 401 408 421 437 464 469 
480 484 485 494 495 496 504 505 508 513 514 515 
535 543 551 564 567 572 577 580 611 614 629 631 
656 659 664 676 681 683 687 706 722 726 727 733 
734 741 763 769 777 782 783 785 793 799 
71
3 4 5 7 15 28 32 36 58 77 81 85 
110 111 124 138 151 156 164 179 186 202 233 241 
250 254 261 329 332 336 339 342 346 365 369 394 
401 416 425 437 438 447 453 479 544 550 560 605 
612 618 620 632 635 646 652 658 670 685 693 694 
695 706 722 726 739 741 745 755 765 774 778 
74
6 7 30 41 42 59 61 67 87 105 126 133 
138 151 159 161 198 221 227 233 240 249 260 274 
284 288 293 294 310 318 325 380 390 402 424 425 
436 438 446 488 494 503 504 506 513 516 522 524 
530 550 560 572 587 598 606 610 615 640 649 655 
659 675 687 697 700 714 716 727 731 746 761 776 
796 800 
78
7 27 43 70 77 85 97 101 105 106 128 131 
132 184 186 188 191 194 206 223 225 230 243 250 
252 264 273 274 280 307 309 310 318 330 343 347 
350 357 366 386 398 464 470 471 476 482 488 491 
493 502 507 533 535 549 559 563 564 572 587 596 
601 610 615 618 622 639 643 644 659 664 673 690 
712 714 738 761 773 779 
74
13 17 21 22 29 41 43 51 54 58 99 102 
104 106 107 124 129 131 133 144 150 155 166 167 
200 219 243 284 286 296 328 329 365 369 380 382 
384 401 407 416 417 432 448 458 474 477 489 490 
509 525 536 539 558 562 571 576 592 599 614 618 
623 637 648 651 652 678 725 726 742 749 757 779 
786 792 
63
10 15 17 18 28 35 51 67 70 74 96 110 
120 124 142 149 152 165 170 173 214 219 220 241 
242 246 247 249 263 266 299 327 362 368 379 382 
392 401 424 444 449 460 481 486 508 512 522 539 
558 562 608 611 627 629 630 645 712 746 764 780 
787 793 796 
89
25 32 38 42 61 86 89 100 103 106 110 146 
153 167 172 176 177 185 199 201 209 211 214 239 
247 249 252 274 276 278 279 281 289 293 308 309 
311 322 343 351 370 381 384 385 387 403 415 424 
425 435 436 440 452 454 459 476 497 508 524 528 
556 562 566 582 588 597 603 608 613 614 623 631 
650 659 666 678 682 684 685 727 740 741 763 764 
775 783 791 796 799 
87
4 20 24 36 67 72 87 90 100 108 115 141 
146 150 181 189 194 196 199 209 215 227 229 231 
254 262 267 278 288 292 298 315 334 339 341 345 
353 358 373 391 392 393 414 443 444 447 457 468 
470 473 475 490 495 496 535 536 537 539 540 549 
553 586 613 617 625 629 645 648 650 659 679 681 
684 689 693 708 710 714 723 724 727 738 746 761 
768 778 796 
83
2 16 24 33 37 41 50 70 74 82 84 88 
94 98 103 121 131 132 136 154 174 217 227 228 
235 238 257 259 273 276 279 285 293 297 301 304 
311 320 324 329 338 351 371 381 408 438 465 469 
483 488 490 492 509 518 519 527 529 593 594 605 
613 619 626 631 647 661 681 690 691 697 705 715 
717 718 737 738 744 746 765 771 773 783 799 
71
16 17 22 45 48 86 87 94 97 104 109 121 
134 145 160 162 190 203 207 212 215 219 223 226 
227 228 233 236 240 276 287 290 295 301 302 303 
322 348 369 372 394 404 415 445 455 457 463 468 
484 502 509 510 519 525 535 538 564 585 604 629 
630 646 650 670 732 741 749 753 763 776 780 
79
4 5 19 20 34 44 51 52 53 54 69 92 
93 100 108 118 137 152 161 169 176 185 186 192 
209 219 252 262 272 275 279 281 297 309 318 325 
327 328 348 349 363 375 384 386 401 403 425 430 
433 449 476 498 523 533 555 587 596 600 616 620 
630 632 641 656 672 689 691 701 706 724 727 738 
752 754 761 763 768 783 788 
83
3 28 53 55 57 80 81 95 96 98 99 106 
130 134 158 201 206 212 216 230 236 241 242 251 
252 255 270 279 287 292 328 337 341 347 348 358 
364 379 403 423 424 433 440 442 467 470 478 482 
492 495 504 515 516 517 519 520 537 539 541 550 
560 564 573 596 599 602 629 635 638 644 646 647 
670 675 682 685 694 704 721 726 746 769 797 
77
2 10 51 52 61 71 73 74 89 117 125 158 
159 184 188 212 220 221 223 242 247 251 260 263 
267 278 279 290 292 299 302 322 332 339 345 353 
362 366 374 376 385 418 434 459 461 485 490 493 
497 501 514 522 544 591 597 599 605 617 640 644 
654 656 664 677 690 723 724 737 746 751 759 767 
777 782 785 791 797 
79
2 9 11 20 29 31 39 49 80 88 119 134 
152 157 177 201 205 216 244 260 263 266 268 275 
294 295 299 309 311 322 324 333 335 337 342 372 
398 399 402 416 421 424 439 440 449 457 483 487 
496 524 547 557 570 575 580 585 588 598 611 628 
630 639 649 669 671 678 682 688 692 718 725 733 
745 754 760 767 789 791 797 
88
1 9 10 11 16 25 36 42 43 62 82 83 
89 93 102 104 111 119 120 132 138 145 147 173 
178 182 195 198 207 214 235 236 238 243 247 252 
259 260 288 289 298 313 340 361 369 380 390 400 
421 425 433 436 438 459 466 482 499 505 512 515 
523 531 533 544 551 560 569 580 595 600 611 616 
632 634 636 637 655 675 699 709 712 715 723 732 
747 763 768 790 
93
20 24 29 31 33 55 62 65 93 113 134 139 
146 148 161 175 182 184 188 193 212 215 217 232 
247 270 278 280 284 288 299 301 305 307 317 322 
327 344 345 356 362 370 390 399 402 406 413 432 
441 450 459 464 486 489 501 504 506 507 514 520 
531 549 554 558 564 565 582 610 611 624 635 640 
649 655 657 667 674 677 692 701 704 742 744 749 
753 760 762 775 778 788 790 794 795 
67
17 25 29 38 58 60 69 96 106 108 111 118 
120 124 130 143 153 161 164 166 194 197 198 249 
262 270 279 313 356 367 375 378 379 408 418 427 
429 431 460 473 484 498 499 501 514 517 519 521 
523 550 602 603 650 654 656 658 677 686 695 699 
709 710 745 758 769 787 791 
83
1 20 28 29 35 42 43 85 90 104 162 171 
184 185 197 211 212 218 219 224 233 235 243 246 
256 273 274 277 285 305 321 334 344 347 354 381 
396 420 421 423 425 430 433 441 448 468 497 506 
508 512 515 528 534 538 540 542 562 593 598 606 
608 609 616 625 633 647 664 668 675 677 685 686 
687 704 711 718 722 746 757 761 764 773 791 
78
3 4 33 37 60 68 80 81 90 102 110 127 
133 137 154 174 176 178 183 186 195 203 228 238 
243 246 252 311 339 348 349 387 391 432 434 450 
454 461 473 488 492 493 494 506 521 527 528 552 
562 569 571 580 583 585 590 592 595 596 611 613 
617 630 644 647 648 670 672 685 691 693 710 735 
741 757 758 770 786 798 
62
7 8 9 11 30 44 65 79 111 131 147 148 
159 175 211 216 223 225 226 262 263 266 319 347 
349 357 386 403 414 439 447 476 480 500 502 510 
518 519 561 568 596 600 610 617 626 630 652 671 
673 678 681 698 702 708 721 744 748 757 762 773 
784 797 
87
6 13 19 25 26 31 38 40 46 49 81 103 
122 129 135 144 153 154 160 162 176 177 178 182 
183 185 186 189 199 218 231 238 255 269 271 286 
288 297 301 309 315 317 326 333 334 354 374 387 
398 428 439 449 467 471 476 487 490 511 512 514 
518 529 531 534 540 554 556 568 574 582 592 596 
619 640 651 683 698 704 709 713 716 717 740 741 
749 761 781 
82
1 4 25 27 28 32 38 54 63 116 138 143 
147 152 159 162 179 196 198 199 210 223 233 241 
247 249 250 253 260 261 270 276 280 306 317 322 
328 335 336 337 338 347 371 373 390 402 415 431 
437 450 455 468 474 502 505 506 517 520 526 562 
566 574 590 601 604 617 626 645 648 654 692 696 
703 730 740 741 747 749 756 769 793 797 
84
6 11 15 18 23 27 33 41 54 57 63 72 
86 104 105 124 128 131 144 153 162 175 182 193 
197 200 213 216 233 235 237 243 245 260 264 266 
268 278 285 302 303 304 310 320 343 347 355 357 
376 396 413 416 425 429 430 443 446 447 456 499 
512 518 564 578 585 592 625 637 640 641 672 677 
692 695 711 715 717 728 738 740 751 758 779 784 
77
4 22 47 59 73 74 75 81 93 124 135 137 
148 159 183 184 195 206 218 224 226 247 251 253 
269 273 274 283 289 307 311 317 333 334 335 349 
353 359 376 391 394 398 403 409 410 443 445 447 
458 471 516 518 520 548 564 570 579 599 614 615 
641 645 650 653 688 690 693 718 726 733 735 746 
750 761 780 787 798 
88
14 37 41 42 45 60 74 76 94 96 97 102 
106 108 111 115 116 119 133 142 146 147 172 180 
181 185 188 193 202 207 211 214 226 244 260 268 
280 283 290 300 323 332 336 337 359 361 370 384 
390 391 431 436 443 465 474 479 531 533 539 544 
546 559 588 599 616 618 628 630 634 677 682 689 
692 693 705 721 722 728 743 746 759 770 773 777 
779 784 785 797 
89
18 38 41 46 55 58 59 68 71 73 96 104 
105 107 108 124 127 134 138 153 154 168 169 176 
178 180 182 196 203 204 218 220 235 239 245 250 
254 259 276 278 289 305 315 332 372 375 404 407 
417 437 475 480 483 489 490 495 509 510 512 516 
524 541 552 556 565 566 579 585 599 619 621 638 
659 669 682 686 693 699 701 705 708 716 738 757 
758 761 772 783 800 
72
21 38 39 48 51 59 60 70 87 93 95 102 
117 123 131 137 162 171 179 197 211 214 217 237 
240 250 258 266 282 296 324 334 346 376 381 386 
388 399 403 409 410 438 449 469 481 489 491 507 
515 531 537 540 541 553 562 574 580 588 597 610 
613 629 679 685 704 716 725 732 765 786 788 791 
59
8 15 17 76 80 90 93 118 140 155 185 196 
237 242 255 261 308 310 320 338 349 373 375 377 
399 404 425 427 445 446 448 452 458 463 487 516 
525 572 573 574 589 594 618 624 630 670 679 685 
687 716 721 750 752 763 764 769 771 785 787 
77
12 17 21 33 36 37 60 82 86 88 96 108 
111 118 128 131 145 151 170 180 183 194 197 199 
204 225 236 281 285 300 314 323 325 333 348 395 
396 402 420 421 431 449 460 469 478 492 509 543 
561 563 565 578 587 593 596 623 628 634 647 650 
662 664 691 696 715 722 726 731 734 737 739 750 
752 767 775 777 779 
101
5 8 9 10 24 28 31 47 48 50 64 70 
73 90 93 109 112 114 117 130 162 187 194 201 
209 213 237 238 256 259 265 275 279 297 306 329 
335 336 340 361 373 375 378 380 383 384 389 394 
399 400 405 422 425 426 427 428 437 440 452 471 
473 476 483 484 519 525 545 563 564 570 573 603 
624 629 644 666 672 674 682 694 695 701 703 705 
710 713 721 727 729 732 744 746 754 766 771 776 
783 787 791 796 799 
83
8 13 14 46 48 50 55 58 60 70 71 91 
127 146 147 148 149 165 169 207 216 222 224 226 
239 243 247 257 265 266 269 289 295 306 324 343 
392 393 399 400 412 432 436 439 444 455 470 484 
493 505 526 530 532 538 542 544 575 606 636 637 
638 649 660 661 663 686 690 692 693 694 695 699 
702 708 724 742 748 753 754 756 767 786 788 
79
14 16 21 36 55 57 79 81 85 87 99 106 
118 126 132 165 171 196 205 206 213 214 237 238 
239 250 256 260 261 262 263 280 294 330 358 372 
376 395 404 411 423 428 440 448 465 473 478 479 
483 499 506 510 521 526 536 537 545 551 569 578 
585 618 626 631 644 680 686 695 702 716 730 740 
753 755 764 779 788 790 792 
83
4 9 26 27 29 39 51 54 58 66 70 72 
80 95 97 100 116 119 128 169 174 177 180 194 
197 215 217 219 236 243 252 253 254 274 279 287 
289 291 297 305 306 310 314 319 344 346 362 369 
393 396 400 402 404 438 450 469 472 477 495 510 
520 527 531 535 539 582 615 619 623 625 637 649 
661 662 669 683 689 704 716 717 751 789 796 
82
20 27 28 37 52 57 69 75 85 94 98 129 
131 165 171 183 184 215 220 232 235 243 263 280 
282 296 299 301 304 314 320 335 337 360 365 367 
377 380 381 382 418 424 427 441 449 478 493 497 
530 533 545 558 563 572 579 582 604 610 611 619 
638 646 650 654 666 671 678 682 687 691 715 716 
718 721 730 747 768 777 779 792 797 800 
74
4 13 25 43 55 57 59 65 72 84 85 97 
114 165 167 178 186 196 206 217 219 224 235 236 
237 238 244 247 250 261 263 279 296 299 300 335 
374 375 377 384 396 415 417 454 461 471 479 498 
508 514 516 519 520 529 538 546 550 566 572 609 
611 638 647 657 696 697 698 726 748 762 763 765 
776 777 
76
15 22 26 37 40 68 105 106 113 122 142 155 
160 162 181 200 220 231 244 251 272 275 278 279 
286 292 309 321 323 327 343 348 375 397 402 405 
408 422 432 435 457 466 482 507 515 524 525 526 
529 548 565 572 576 601 624 646 655 658 662 677 
683 684 693 704 705 710 714 716 721 722 737 749 
760 774 782 796 
76
11 14 15 24 28 35 36 50 63 70 76 101 
113 121 124 136 147 148 157 158 159 162 195 206 
223 235 236 249 253 276 284 285 286 312 313 330 
341 362 363 378 379 384 393 399 422 449 457 476 
483 485 504 506 519 529 539 586 589 594 608 611 
630 632 633 641 668 690 700 716 728 739 744 750 
751 778 787 800 
101
16 29 47 74 81 84 107 108 121 124 125 128 
133 141 144 149 163 173 181 192 195 200 205 209 
220 226 233 239 244 248 254 262 289 304 307 314 
323 344 352 359 366 373 376 382 383 386 397 399 
410 411 413 419 421 422 425 427 432 435 439 461 
473 495 503 511 517 518 521 528 533 539 552 573 
575 604 619 642 645 671 673 674 680 683 686 691 
694 695 705 710 712 715 717 721 725 744 753 772 
775 777 783 791 798 
97
6 12 25 37 40 41 52 59 81 87 115 126 
129 132 137 148 151 154 160 161 163 182 193 194 
200 205 213 221 239 240 262 273 287 295 299 300 
310 329 342 355 364 365 375 384 395 404 416 425 
445 454 457 475 487 489 495 496 502 507 512 518 
519 525 528 535 537 541 552 558 564 566 570 577 
585 588 592 601 606 608 612 622 654 663 667 678 
679 689 692 695 710 726 737 759 761 765 774 783 
784 
70
31 41 42 58 81 101 103 111 116 119 121 135 
137 156 167 169 177 182 238 242 250 290 306 308 
327 328 329 337 342 369 372 401 405 421 423 431 
464 467 473 490 504 522 533 540 541 555 579 587 
598 607 611 617 626 640 652 681 683 700 710 712 
717 718 722 736 738 740 759 765 778 795 
75
6 54 61 73 76 78 120 131 148 153 171 195 
196 202 205 206 210 213 214 216 219 229 233 275 
335 371 389 391 405 421 433 444 445 446 460 465 
473 481 484 489 492 494 504 519 521 560 561 566 
572 574 575 583 592 598 605 613 624 630 642 689 
692 702 703 707 708 711 719 721 732 736 754 761 
766 767 776 
68
5 24 26 30 31 33 38 41 150 169 178 198 
202 203 224 229 232 248 255 262 264 277 279 290 
291 294 312 314 329 341 343 352 362 393 395 403 
405 436 441 446 453 469 483 529 535 548 555 562 
566 570 573 580 615 621 626 628 640 646 660 668 
679 693 738 746 749 753 766 775 
77
7 11 12 18 26 31 35 40 58 76 83 85 
88 99 100 101 104 107 111 114 120 134 147 154 
157 185 187 188 198 218 229 230 245 249 272 275 
283 296 315 318 336 360 361 362 363 364 373 396 
436 454 466 468 469 476 484 489 514 521 537 540 
545 552 585 587 654 682 693 695 717 733 737 748 
750 753 755 767 776 
76
11 16 17 27 30 35 38 61 71 79 86 87 
99 101 108 109 117 130 146 149 154 175 182 185 
187 192 200 208 224 225 240 255 274 277 278 279 
284 317 319 329 330 331 336 353 355 356 364 368 
369 383 420 425 431 442 463 468 491 497 504 505 
514 518 527 533 554 592 593 598 607 629 687 748 
755 773 797 800 
71
15 25 31 70 79 94 119 138 165 195 200 212 
223 242 259 262 271 273 279 291 292 298 337 338 
346 353 357 368 389 426 429 434 444 454 457 479 
487 488 504 506 509 511 519 522 525 534 537 538 
576 611 634 637 638 642 653 658 662 675 717 719 
723 731 745 757 759 782 787 788 789 791 797 
80
1 12 15 20 22 30 36 39 44 46 71 81 
110 112 115 135 146 151 154 158 175 189 196 207 
213 214 217 225 237 248 263 268 303 305 322 333 
360 362 368 392 398 429 431 436 447 462 469 488 
490 497 504 507 541 542 548 556 561 564 565 567 
571 578 586 595 611 635 639 669 670 672 709 715 
721 735 743 747 753 773 787 794 
85
32 34 41 64 84 100 143 145 173 178 179 215 
224 230 237 245 253 257 259 260 261 278 280 282 
283 288 305 312 320 321 329 332 337 339 345 369 
370 385 410 442 460 466 475 478 480 481 489 495 
497 510 536 537 542 548 552 569 570 593 595 599 
613 625 626 636 649 655 658 659 660 663 664 675 
682 691 697 702 717 718 723 733 737 747 777 778 
780 
92
5 17 25 29 34 40 41 46 47 76 93 98 
116 126 128 148 153 156 159 181 194 244 250 257 
260 277 284 286 300 310 322 324 327 343 349 351 
352 355 356 362 370 372 375 382 416 417 430 433 
435 443 447 465 476 478 479 489 494 495 497 509 
515 524 539 571 583 596 597 598 599 624 626 632 
640 647 650 661 662 663 673 677 683 692 695 701 
712 721 733 742 773 778 779 780 
82
25 29 35 36 56 64 66 75 77 92 96 111 
120 153 174 219 240 249 257 268 272 283 291 295 
296 299 310 314 327 329 331 333 339 355 370 384 
392 405 408 420 443 454 457 459 464 468 474 480 
485 490 491 502 508 518 523 534 543 555 576 577 
583 584 585 607 622 629 632 637 647 650 653 666 
681 699 704 725 744 747 748 791 793 794 
94
15 26 34 51 60 66 67 71 73 80 86 101 
113 116 130 143 147 189 191 193 198 200 205 213 
223 226 229 247 258 263 285 289 296 318 319 322 
327 330 331 338 350 363 366 400 406 419 420 455 
488 503 520 522 523 525 527 533 539 542 547 558 
565 582 604 615 618 619 630 631 655 673 677 685 
687 690 703 708 711 712 719 723 732 735 742 745 
757 764 769 781 783 787 793 795 796 797 
87
12 16 19 23 33 59 60 66 67 70 72 74 
78 88 94 111 122 128 130 133 141 143 144 154 
157 163 165 171 172 174 181 188 210 230 235 252 
257 264 271 274 276 282 291 294 304 311 319 329 
345 358 363 368 392 400 415 437 446 451 453 456 
477 478 483 491 493 499 500 506 513 514 526 540 
569 581 590 607 621 646 694 704 730 752 767 776 
782 784 794 
73
6 8 15 33 52 58 59 72 86 87 103 105 
107 142 176 186 199 244 251 268 274 290 294 295 
296 300 321 325 335 343 349 355 357 366 372 380 
394 400 405 408 413 428 454 480 518 521 530 549 
555 558 566 570 587 618 635 636 637 669 689 699 
704 713 717 719 721 723 725 730 762 782 786 795 
796 
78
18 54 63 69 73 83 85 87 92 107 108 120 
138 141 147 166 173 188 189 191 210 215 245 255 
256 275 291 307 323 337 347 356 370 371 377 378 
379 394 402 416 422 439 447 448 450 451 452 458 
461 476 503 521 528 532 563 564 574 577 583 587 
588 589 594 598 615 619 630 651 659 668 698 702 
704 706 716 717 718 760 
92
8 13 24 29 44 46 54 59 63 71 90 92 
107 116 117 121 136 147 161 165 173 180 191 198 
201 206 210 211 212 214 216 251 261 264 271 291 
295 303 327 340 350 351 355 361 385 391 406 409 
410 427 434 453 461 478 483 489 494 502 504 509 
523 540 550 553 559 562 567 571 572 574 575 610 
626 628 630 633 639 666 670 673 674 686 695 696 
698 699 726 728 754 755 762 768 
88
9 13 18 21 32 46 54 55 60 77 78 84 
114 118 127 138 147 156 169 184 191 209 213 218 
240 245 246 260 269 278 284 289 307 313 321 322 
326 330 332 334 336 337 355 356 358 379 384 390 
426 436 448 459 475 477 501 503 506 511 524 527 
530 531 532 537 554 562 564 565 575 577 598 599 
601 611 623 633 652 659 662 676 690 696 702 715 
731 752 754 769 
70
10 12 30 51 55 72 74 84 93 95 111 127 
144 147 150 153 158 176 188 192 200 226 237 241 
269 290 315 320 324 382 384 387 390 411 435 449 
451 500 504 515 516 519 522 524 548 560 564 576 
585 590 613 618 626 642 643 645 648 652 663 694 
698 702 707 710 742 746 776 779 784 794 
74
34 39 54 82 84 92 101 104 114 119 136 144 
145 163 180 202 204 230 231 232 249 265 281 323 
328 343 349 352 359 379 381 394 399 400 413 415 
421 425 426 430 440 452 456 462 463 478 481 483 
485 504 516 531 546 550 556 562 569 591 594 595 
600 615 659 664 668 676 683 685 729 743 746 748 
763 791 
70
6 11 22 29 35 51 59 72 81 84 112 134 
140 154 158 167 173 174 187 214 223 246 260 267 
271 293 295 313 350 359 360 366 370 402 412 419 
449 451 453 464 484 485 502 513 516 547 557 562 
569 572 575 600 627 653 654 659 700 709 719 722 
724 746 751 754 756 770 775 778 787 790 
64
6 16 17 35 65 70 76 92 99 117 121 129 
132 139 150 155 190 210 217 230 250 286 291 305 
324 341 356 390 392 406 410 421 423 434 449 456 
465 489 505 506 508 515 516 544 561 598 610 638 
647 652 655 657 664 667 677 696 712 723 756 761 
779 789 796 800 
78
5 13 23 53 55 79 95 107 121 137 140 151 
173 176 186 196 216 219 233 237 270 285 292 303 
304 328 343 361 363 371 374 405 408 416 417 420 
432 435 436 444 449 454 459 461 475 505 522 530 
535 539 548 554 565 579 592 594 600 601 608 614 
616 618 623 638 640 657 673 677 684 689 696 701 
703 716 722 736 745 758 
81
1 17 24 39 48 51 55 61 66 92 103 105 
117 130 135 143 154 162 166 178 189 192 206 209 
217 225 228 229 249 259 260 270 290 292 306 346 
348 362 374 379 383 388 409 416 420 427 430 434 
435 457 459 475 479 490 491 500 516 518 533 560 
579 589 611 625 636 654 670 672 680 699 707 722 
728 734 738 749 765 773 780 783 786 
101
1 2 11 31 48 57 59 60 62 66 68 71 
76 80 87 89 97 114 115 120 129 136 151 153 
164 166 189 192 194 206 207 223 224 236 241 252 
258 261 264 274 278 281 307 308 310 330 352 361 
362 366 373 379 391 398 412 427 435 436 443 445 
454 455 468 469 475 483 488 489 496 503 504 533 
546 549 552 557 567 576 580 583 593 603 607 618 
621 628 632 634 637 652 669 672 678 684 697 722 
733 736 767 778 791 
76
3 47 59 64 74 76 89 110 115 134 144 148 
159 165 174 181 182 183 209 210 219 220 241 249 
254 263 274 276 283 323 339 356 361 376 380 388 
392 398 401 406 416 423 430 431 439 442 444 445 
450 452 457 466 467 488 535 536 549 563 577 587 
607 618 629 637 647 653 661 684 705 711 736 745 
767 775 794 796 
80
3 5 9 12 23 32 43 47 77 87 112 115 
119 125 131 152 156 160 161 184 199 200 210 212 
241 243 251 267 268 277 280 282 288 292 319 332 
343 358 365 388 401 431 436 445 476 482 483 486 
504 509 525 527 537 539 547 569 587 596 605 607 
616 623 629 630 637 638 654 660 664 690 710 711 
715 718 759 760 775 785 791 794 
79
1 4 32 48 50 83 97 117 124 126 131 138 
145 163 169 187 194 195 197 209 217 224 227 234 
242 257 259 269 280 283 300 311 329 339 340 349 
350 360 361 409 410 419 420 431 445 446 452 465 
491 529 536 542 544 545 551 562 563 564 595 605 
616 619 625 633 647 657 667 670 671 676 696 701 
712 725 731 746 775 789 799 
83
9 17 20 30 43 53 55 61 73 79 83 87 
88 90 96 135 139 151 152 157 186 191 199 204 
218 235 248 268 299 310 330 360 366 382 383 401 
404 408 414 415 426 428 442 446 449 451 456 463 
465 488 493 502 529 539 543 553 557 558 562 565 
569 575 582 593 602 603 624 633 647 687 688 705 
713 716 719 740 745 752 757 773 776 777 787 
88
18 19 24 33 42 43 74 86 89 101 123 131 
132 134 139 146 151 173 176 189 222 227 237 260 
278 299 301 306 308 315 324 336 341 343 348 358 
369 370 381 383 384 389 396 403 413 438 440 442 
451 477 478 482 489 511 518 524 525 532 537 547 
571 579 583 586 588 593 598 605 653 659 667 673 
680 683 692 704 705 726 742 747 750 752 755 758 
769 779 785 799 
77
2 7 15 25 39 53 54 56 59 61 80 88 
94 117 119 125 126 128 136 137 155 171 173 189 
203 208 210 216 221 225 229 237 240 263 264 322 
336 339 347 377 378 388 389 397 410 413 427 434 
435 441 442 452 453 454 481 485 490 496 517 534 
538 566 570 601 606 607 618 642 659 666 686 696 
710 718 724 728 790 
85
1 10 20 24 42 55 63 66 70 90 101 105 
119 121 126 135 151 164 168 196 200 234 251 258 
262 275 289 312 314 316 323 329 333 345 349 381 
382 387 398 420 422 428 435 439 440 441 443 454 
463 465 471 473 506 507 512 513 516 541 557 565 
572 574 577 581 585 587 597 599 609 611 616 617 
645 652 671 679 683 701 705 728 735 757 758 774 
782 
79
15 39 40 47 51 79 80 87 115 117 148 151 
152 155 159 160 166 170 176 184 192 202 203 212 
215 233 239 252 293 308 311 312 339 343 353 354 
355 360 363 365 368 391 404 412 423 424 454 460 
469 474 480 487 488 491 499 501 507 512 516 519 
522 529 532 539 543 545 546 551 559 577 601 618 
673 676 727 728 732 749 762 
77
4 49 63 67 70 88 100 102 107 117 120 127 
141 146 156 165 172 181 185 197 201 209 243 263 
266 272 281 286 294 300 323 334 344 363 370 385 
403 433 437 444 447 460 478 491 503 507 508 511 
515 516 532 536 553 555 556 562 582 586 603 609 
626 631 640 641 656 658 667 673 685 709 710 720 
724 751 785 792 796 
79
31 37 41 56 63 67 79 113 125 132 137 142 
143 152 157 162 171 183 187 191 197 203 219 241 
271 281 282 293 300 305 309 314 316 321 324 327 
330 331 345 348 350 354 371 393 398 446 467 495 
499 507 517 524 530 531 537 538 544 571 573 597 
619 625 650 655 657 666 668 687 692 699 722 743 
747 759 768 772 773 776 791 
72
2 4 40 74 88 111 117 121 129 137 146 161 
163 180 184 207 214 219 235 240 241 275 303 311 
325 331 348 368 369 379 412 414 436 450 456 462 
463 464 470 501 504 513 522 528 529 530 546 564 
565 616 629 633 634 637 645 656 674 681 696 710 
723 735 741 742 746 748 766 773 777 782 790 795 
89
21 30 32 42 55 66 69 74 75 77 79 81 
86 93 108 113 143 149 152 155 162 172 182 193 
197 203 205 209 210 213 221 223 229 235 239 240 
242 247 249 253 262 267 271 302 312 314 317 339 
342 343 353 357 398 400 404 416 436 443 446 458 
459 463 476 488 499 503 525 540 543 579 593 627 
637 640 648 655 665 712 713 715 716 724 740 759 
761 772 778 787 789 
83
10 17 24 29 31 37 97 108 110 138 140 141 
147 160 164 181 186 205 215 221 225 240 245 246 
250 257 269 284 300 323 324 327 330 332 348 350 
356 369 382 427 428 431 441 443 444 446 454 459 
487 490 499 500 517 520 532 534 540 548 555 558 
563 569 571 575 584 589 590 599 603 607 611 616 
636 655 686 689 705 732 736 743 751 780 781 
75
1 2 25 28 30 50 53 67 68 92 106 109 
116 124 129 145 160 178 183 192 197 237 264 284 
292 297 298 312 315 317 341 344 351 359 383 384 
385 416 419 423 427 433 448 452 467 471 480 512 
520 531 546 562 577 583 590 594 602 640 656 659 
665 666 673 674 676 690 696 698 710 712 718 758 
767 772 785 
89
1 3 5 18 40 71 72 73 78 81 87 102 
112 116 117 122 136 157 183 190 209 215 221 225 
232 244 246 259 267 272 279 285 290 291 298 299 
311 313 315 343 349 357 394 396 399 405 408 411 
421 425 428 433 438 440 442 447 449 467 468 470 
477 483 496 516 541 549 552 560 564 570 574 575 
576 577 620 622 639 643 646 651 653 660 696 720 
728 765 767 768 770 
72
36 46 49 66 71 83 88 101 119 147 173 192 
220 259 274 280 287 331 333 353 359 387 395 400 
426 458 474 476 484 485 487 489 492 502 503 510 
511 514 527 536 543 547 579 593 597 609 618 633 
657 659 672 673 680 689 698 713 720 726 727 734 
746 748 755 759 760 774 775 777 781 782 787 788 
71
5 6 20 41 54 71 77 82 87 96 98 99 
100 110 129 132 148 160 179 180 220 222 223 244 
277 278 297 316 329 331 334 361 377 388 395 421 
430 441 445 455 456 468 473 491 497 507 538 545 
557 568 577 579 587 610 613 627 647 685 688 691 
693 699 706 724 726 744 760 765 767 783 791 
79
7 14 22 26 30 44 46 69 75 86 117 120 
131 146 152 161 164 170 185 186 191 209 210 213 
218 231 238 244 305 316 323 330 345 349 369 371 
380 381 384 386 390 410 411 412 414 417 431 441 
472 480 482 486 488 502 509 523 524 534 538 556 
563 565 578 600 620 621 623 664 669 693 726 738 
744 755 760 772 785 791 797 
80
8 12 16 34 50 56 64 70 98 121 123 131 
144 167 172 189 192 198 229 239 244 246 265 268 
281 293 306 333 345 358 362 363 379 408 424 427 
445 457 462 464 469 472 476 481 484 493 496 497 
503 507 517 529 544 553 558 560 561 583 584 597 
602 620 635 638 642 658 660 664 697 713 721 722 
725 760 765 767 773 780 795 800 
82
6 8 10 19 21 34 35 41 42 59 60 66 
68 83 84 98 102 141 146 170 175 179 189 216 
225 238 242 249 259 264 268 277 282 284 289 305 
310 319 326 329 334 349 359 362 373 383 386 406 
432 439 456 471 472 477 485 497 513 529 535 544 
549 564 583 587 606 612 625 640 650 659 670 702 
706 711 716 724 734 738 754 756 780 799 
61
3 4 8 16 27 58 73 97 125 173 179 186 
207 232 234 239 258 261 280 299 303 306 343 349 
366 379 401 407 427 439 443 475 482 493 498 511 
524 543 548 549 554 555 556 559 570 575 600 628 
634 639 642 681 699 701 709 717 722 754 761 774 
775 
79
3 9 27 35 39 46 60 84 85 88 89 90 
95 97 98 103 126 148 149 188 200 202 203 207 
220 223 230 236 240 248 249 261 265 272 295 302 
304 323 377 378 380 383 400 405 415 419 432 433 
453 462 464 474 482 493 499 507 533 546 548 550 
594 599 602 605 610 613 626 650 654 660 703 721 
725 729 750 754 760 766 786 
80
14 19 28 53 79 82 83 94 99 107 113 136 
139 142 151 154 160 182 188 192 195 199 201 206 
231 238 251 267 309 310 314 337 361 371 380 383 
436 439 448 454 468 509 519 532 539 549 551 559 
566 586 589 592 596 604 615 621 644 661 662 669 
672 673 675 680 694 700 708 709 712 714 716 725 
735 736 739 751 753 755 771 786 
98
2 9 25 41 48 70 74 82 87 105 106 110 
144 146 157 166 184 188 190 205 211 221 226 238 
257 263 272 281 292 297 307 309 310 311 316 319 
325 326 331 347 358 376 381 382 398 402 404 405 
427 434 437 454 457 469 473 477 503 506 511 514 
519 536 544 556 567 609 625 627 629 630 637 639 
644 646 659 660 665 681 690 696 700 703 707 716 
719 722 734 735 743 767 772 774 778 780 783 784 
789 790 
73
11 26 39 42 66 68 72 75 81 89 132 166 
173 180 189 227 235 236 249 267 292 312 314 317 
334 351 376 380 391 401 408 409 420 421 431 433 
437 450 472 486 488 502 516 517 528 529 532 535 
536 538 543 605 620 623 634 652 655 657 660 663 
667 671 688 694 698 700 709 717 731 755 772 778 
785 
68
13 21 25 30 37 68 95 105 112 134 147 148 
179 184 198 201 203 208 211 223 231 245 259 284 
286 288 297 315 328 338 359 376 391 394 396 421 
437 439 452 482 483 485 490 493 494 508 509 534 
546 547 551 557 562 586 588 589 629 630 637 654 
655 664 681 699 702 769 782 797 
72
5 9 21 38 82 101 139 145 153 154 176 192 
212 256 260 261 267 268 270 282 295 297 305 311 
312 340 358 383 391 402 407 408 418 436 439 452 
455 468 480 481 493 501 502 513 526 538 557 560 
564 579 591 595 598 599 610 640 641 643 646 665 
666 680 692 702 732 736 746 751 760 763 769 777 
68
45 59 75 137 160 168 173 175 181 186 224 228 
232 253 254 255 260 266 301 304 312 314 322 330 
337 349 367 368 392 404 405 408 453 468 473 475 
499 503 506 521 523 527 545 583 630 631 632 638 
644 646 647 655 657 663 668 674 692 711 724 731 
734 744 754 757 759 765 775 789 
76
4 29 39 58 83 102 121 123 125 131 134 141 
143 153 162 165 181 194 204 205 233 256 264 275 
284 287 295 304 309 323 327 332 333 348 351 374 
396 419 425 428 434 448 450 453 469 471 472 495 
499 515 525 534 537 546 590 607 611 616 617 624 
632 635 642 652 656 667 710 724 732 733 742 757 
775 793 796 797 
78
5 10 12 21 26 33 58 62 71 77 85 89 
94 106 174 175 179 183 186 191 196 217 266 268 
273 274 279 282 295 296 308 318 321 325 352 353 
360 375 379 394 398 399 405 419 430 453 462 474 
481 491 511 525 529 537 544 552 558 563 567 587 
597 617 659 662 680 689 698 705 706 722 749 754 
772 777 779 789 794 798 
81
7 14 19 25 43 87 96 114 123 135 151 166 
193 214 215 219 221 225 227 233 236 248 270 272 
279 280 289 292 304 319 329 335 356 363 375 378 
396 412 424 432 435 441 442 454 458 461 479 485 
495 500 511 525 526 528 529 532 533 540 542 570 
571 577 578 593 615 620 641 652 660 672 675 683 
695 711 721 729 739 767 773 778 792 
83
5 6 26 27 43 59 74 76 82 97 121 129 
147 157 169 177 178 180 185 190 200 201 202 224 
245 247 257 276 281 292 293 297 302 305 312 317 
334 348 351 368 390 406 407 421 434 451 460 479 
498 506 514 519 540 549 565 582 583 585 592 600 
607 618 622 623 654 663 666 669 671 672 674 677 
709 740 741 754 756 760 762 765 773 791 794 
69
1 6 9 21 40 69 101 108 113 119 133 138 
147 177 179 187 199 207 210 213 214 226 230 236 
274 283 289 292 309 327 329 335 367 384 388 390 
404 409 411 417 419 447 485 496 498 529 560 573 
605 615 622 643 652 673 683 686 693 699 701 710 
715 725 731 732 748 752 755 764 788 
77
18 22 36 41 48 49 54 66 73 88 89 116 
118 151 181 187 195 201 205 211 212 214 219 231 
232 236 250 255 266 278 284 286 320 321 358 374 
377 380 390 403 411 414 418 422 433 434 437 438 
439 443 458 483 498 511 523 527 560 565 568 577 
579 585 592 609 615 621 636 637 659 684 709 718 
723 746 756 789 795 
92
2 15 21 51 74 79 80 82 89 97 98 107 
122 124 125 126 131 132 159 171 179 180 199 201 
210 217 218 223 247 271 285 312 322 327 332 340 
360 363 369 377 379 384 395 397 399 407 416 426 
442 444 446 448 449 450 451 455 459 467 486 488 
503 505 516 532 541 544 546 563 574 587 599 619 
623 629 640 644 645 648 654 660 673 705 707 716 
765 769 771 773 775 777 785 788 
75
1 31 39 49 54 57 69 76 107 112 114 138 
141 146 154 184 186 187 198 199 216 270 276 284 
288 294 326 333 340 346 358 359 370 388 405 409 
421 434 448 453 461 467 508 528 531 532 541 548 
567 575 584 589 598 608 615 623 635 644 651 657 
673 679 692 713 718 723 724 729 744 751 753 770 
785 786 799 
79
13 42 95 100 112 126 131 148 149 151 157 160 
192 194 197 204 211 216 225 234 238 272 274 276 
277 279 281 290 294 300 309 313 317 339 344 347 
376 377 389 391 395 402 412 425 431 447 456 458 
473 490 498 502 520 524 528 531 538 544 550 559 
567 619 628 639 649 653 660 661 663 670 675 700 
707 722 730 768 769 795 797 
75
9 21 29 32 39 40 54 62 66 88 102 108 
109 127 143 150 176 184 185 191 196 210 214 215 
223 224 231 255 265 270 290 292 293 296 307 326 
349 365 414 420 446 455 461 474 497 502 514 533 
575 577 578 583 589 593 598 606 612 634 649 655 
661 662 669 672 690 702 712 713 722 730 732 753 
775 780 796 
78
5 8 9 13 15 21 28 32 37 49 51 57 
72 75 97 140 144 149 166 168 173 200 228 232 
252 287 300 302 303 328 345 392 425 432 434 436 
437 441 449 451 452 463 486 487 493 499 502 513 
520 521 551 564 572 619 620 621 636 651 655 666 
670 676 678 687 690 716 717 728 734 745 747 748 
749 750 754 775 777 799 
69
11 13 22 31 45 47 50 66 67 80 82 83 
98 127 132 137 150 151 154 161 171 215 219 221 
265 272 273 279 280 291 295 327 351 368 375 376 
384 391 399 441 478 479 489 523 556 565 567 575 
592 600 611 614 633 648 649 661 665 688 701 727 
735 736 743 754 757 764 787 791 797 
77
10 18 25 46 51 52 55 61 64 66 72 73 
74 88 102 109 121 122 132 140 151 159 161 165 
184 202 244 255 266 267 268 284 294 296 310 321 
327 341 377 378 379 381 397 415 417 438 444 446 
447 452 455 461 462 467 469 472 499 505 527 543 
545 554 576 614 659 694 706 740 741 743 744 753 
759 765 766 772 791 
80
20 45 50 59 65 79 83 85 87 101 102 170 
172 190 210 223 228 229 231 238 253 257 266 270 
271 278 282 294 299 323 324 336 340 353 355 358 
367 372 379 384 417 433 460 475 489 498 517 519 
524 535 574 577 580 582 603 610 611 616 618 628 
638 640 644 667 671 678 682 695 699 701 707 719 
724 734 740 745 765 783 792 793 
79
1 8 13 20 22 31 37 59 75 85 93 103 
119 126 131 138 149 155 158 218 233 235 257 279 
286 295 301 311 329 341 342 376 381 384 389 404 
406 408 412 415 422 425 427 429 430 437 463 470 
479 505 526 527 536 558 564 568 572 590 591 609 
612 628 629 634 635 644 667 687 690 708 713 735 
754 757 764 767 773 775 790 
90
4 6 10 37 40 50 61 74 81 106 114 119 
127 131 139 143 144 145 157 161 176 182 194 200 
216 233 239 242 247 271 287 289 311 337 339 344 
353 356 361 362 365 371 379 392 400 403 409 448 
458 474 479 482 483 491 501 508 509 510 525 527 
531 533 543 545 547 554 555 574 583 584 632 634 
644 651 653 671 675 679 681 710 716 733 740 746 
748 779 781 786 789 796 
84
10 33 35 46 61 64 67 94 96 110 111 116 
124 139 146 161 170 178 203 206 242 248 253 254 
265 270 273 274 275 306 309 323 325 336 341 342 
348 350 362 370 373 393 396 400 409 417 431 439 
444 445 446 479 487 489 492 495 499 506 513 517 
522 528 535 542 577 582 585 589 599 602 616 618 
656 661 671 676 688 735 743 757 768 771 772 778 
77
5 12 41 54 63 67 76 87 96 97 106 119 
166 170 177 185 191 199 203 206 207 217 218 228 
235 252 259 282 283 299 310 332 345 359 365 374 
384 399 406 412 414 415 458 466 477 479 480 505 
538 539 542 554 560 566 578 583 586 602 612 614 
645 649 654 656 669 699 700 704 708 725 739 742 
760 772 791 796 800 
69
30 64 67 74 75 81 123 129 135 145 146 155 
163 185 198 206 220 239 266 274 275 299 314 317 
318 328 349 363 384 394 402 420 422 427 441 465 
472 485 489 493 505 511 519 526 530 538 554 556 
560 572 580 590 609 619 632 644 675 681 708 719 
721 725 728 731 741 746 753 783 786 
84
25 26 28 35 48 51 70 71 80 119 127 135 
142 143 151 174 183 185 187 199 209 210 226 242 
254 260 267 270 272 324 326 335 343 354 381 391 
397 399 403 418 420 429 449 461 462 463 486 487 
497 534 553 556 577 579 592 595 599 603 606 620 
625 634 635 641 646 653 654 665 669 670 676 685 
700 715 725 728 730 732 736 741 749 765 786 794 
87
2 3 8 9 26 29 32 35 40 49 67 68 
86 100 121 126 127 130 131 151 158 170 176 180 
190 210 212 223 241 245 258 264 267 286 296 299 
317 325 326 334 336 361 376 379 390 406 407 412 
424 430 436 451 459 491 496 504 514 531 533 534 
538 547 550 563 587 601 603 608 631 640 653 665 
672 684 692 699 706 712 714 716 722 724 731 742 
753 795 797 
84
1 2 24 29 47 70 76 77 79 99 101 105 
113 115 120 123 126 128 143 147 160 166 175 183 
217 222 234 243 276 281 301 302 320 322 326 343 
346 355 356 366 371 380 430 438 445 460 461 476 
483 492 494 512 516 544 548 560 573 583 600 614 
618 623 637 643 645 656 660 682 689 699 704 710 
718 726 740 746 747 757 761 773 783 784 792 800 
82
8 9 26 27 79 80 105 111 118 137 149 153 
161 169 173 196 223 229 231 235 243 245 249 250 
263 271 282 294 298 313 317 328 334 345 352 363 
371 377 378 388 391 394 399 422 434 447 473 498 
508 513 514 517 529 532 534 551 553 554 569 587 
595 600 607 625 647 657 660 665 692 699 708 709 
710 722 735 757 765 770 772 774 790 797 
73
3 5 11 14 39 42 45 58 61 63 126 165 
169 170 181 198 204 220 235 247 259 260 272 276 
287 290 294 297 319 322 330 332 344 345 361 386 
390 393 414 420 421 427 437 475 482 487 488 504 
505 506 511 553 564 565 569 576 588 595 598 607 
612 617 660 668 690 693 708 711 743 747 764 791 
793 
82
4 35 37 41 57 59 68 74 90 110 118 127 
131 135 137 145 154 158 177 195 236 237 239 240 
241 269 270 274 280 282 287 292 293 298 310 316 
320 335 342 345 350 370 388 396 398 431 447 456 
479 486 500 531 533 534 535 536 538 543 547 550 
558 570 587 594 603 605 606 616 621 623 629 644 
651 659 662 669 670 704 705 706 725 778 
77
7 23 25 43 44 52 60 88 95 96 102 107 
122 136 137 149 188 195 196 208 209 226 251 256 
265 271 272 316 320 338 351 363 374 379 381 387 
421 425 447 457 465 470 476 479 490 503 509 518 
526 536 550 562 570 578 584 635 639 653 656 666 
670 675 685 692 705 713 716 724 726 740 742 755 
766 773 778 786 797 
75
25 26 42 67 77 81 82 94 99 101 105 121 
127 137 150 156 159 164 169 186 204 207 211 214 
223 229 230 272 279 289 308 314 339 348 352 366 
380 387 413 425 433 436 458 463 464 475 491 495 
506 512 514 537 549 561 568 577 601 614 619 630 
651 661 663 665 667 668 707 748 750 760 763 784 
787 795 800 
66
3 12 46 47 50 54 71 72 83 96 98 104 
131 144 149 163 165 188 203 207 214 239 248 251 
254 269 275 276 279 293 302 325 332 338 353 362 
365 369 394 427 453 456 478 538 541 593 612 621 
625 646 652 654 660 690 694 708 725 731 735 740 
744 767 771 774 778 796 
80
4 37 40 62 65 68 79 81 98 103 107 125 
135 136 141 156 161 167 190 214 221 231 252 257 
273 287 295 307 317 318 323 326 350 364 373 374 
376 392 397 409 417 424 429 432 437 438 439 441 
452 455 464 469 471 507 514 517 522 535 540 548 
549 566 568 574 582 600 621 659 682 695 712 724 
743 757 765 767 768 772 775 791 
80
29 32 45 64 81 109 132 137 142 148 156 170 
190 192 209 220 241 270 276 289 293 294 307 320 
323 328 341 344 347 350 353 355 358 367 372 381 
390 392 423 440 452 466 467 472 475 476 480 499 
502 508 513 526 544 557 588 596 602 607 621 623 
635 672 676 677 679 713 715 716 722 727 730 739 
744 745 753 761 767 784 792 799 
78
1 15 18 55 56 77 95 113 125 132 153 154 
158 160 166 172 192 194 201 218 220 225 227 243 
251 272 276 280 283 296 299 315 361 373 374 379 
383 389 423 425 426 435 442 462 481 501 504 519 
522 526 534 541 542 561 579 598 601 608 609 621 
623 631 632 633 684 686 689 692 696 697 699 710 
711 751 758 777 790 792 
77
17 20 34 36 49 76 85 111 124 130 153 165 
171 172 193 201 211 223 240 243 264 282 290 295 
302 319 324 328 337 344 351 375 389 403 408 415 
424 430 443 448 465 467 472 486 509 524 527 533 
538 547 555 557 568 577 578 591 613 614 624 635 
640 644 655 663 665 696 707 709 721 727 729 730 
762 763 767 783 796 
83
20 56 65 71 75 78 84 94 95 99 105 110 
112 131 135 152 160 164 168 180 197 217 239 240 
242 243 249 254 273 278 295 313 316 319 321 354 
368 371 380 385 396 400 425 434 443 452 453 458 
473 477 484 488 499 503 504 505 515 529 537 544 
572 585 588 594 605 621 632 635 659 666 685 695 
696 705 717 727 737 738 750 751 760 770 778 
72
12 18 19 26 40 47 54 74 86 88 89 93 
99 119 121 147 149 155 180 185 193 196 203 211 
213 224 240 264 270 277 285 290 293 296 306 312 
314 329 336 348 359 370 393 429 454 466 478 483 
497 515 519 523 530 537 540 541 574 595 609 610 
622 647 704 705 707 712 713 739 744 752 768 783 
78
19 70 72 76 82 91 94 117 147 158 181 198 
218 226 236 254 265 282 286 303 319 321 346 359 
367 376 387 414 419 421 422 426 427 437 448 449 
454 462 471 478 484 499 505 509 511 512 515 518 
523 530 532 541 544 593 598 606 608 610 628 629 
635 649 653 660 664 684 696 699 703 708 727 740 
753 778 781 782 787 798 
94
2 13 30 45 47 61 64 83 87 91 94 101 
103 120 129 132 136 144 146 153 161 162 163 173 
192 197 203 210 217 227 254 255 259 280 316 323 
324 341 343 349 359 363 371 374 381 390 395 396 
400 413 417 424 429 438 465 467 468 470 486 493 
509 512 551 552 553 558 610 619 624 626 642 649 
651 657 672 673 674 680 685 688 690 699 700 706 
707 713 719 726 753 759 760 770 796 799 
88
2 5 15 21 25 55 85 92 94 100 107 114 
133 136 139 140 145 156 175 181 193 202 207 209 
212 217 240 243 264 270 272 274 288 292 294 300 
302 303 315 322 326 345 347 356 360 362 391 394 
409 415 421 424 426 438 451 453 486 501 532 535 
555 563 567 574 591 593 597 611 613 614 616 622 
634 638 645 649 695 697 701 703 719 726 742 745 
749 750 795 797 
86
4 14 15 32 33 51 64 91 94 96 106 118 
119 123 124 125 126 129 158 168 174 186 187 200 
205 214 228 233 236 246 269 274 279 293 294 303 
306 310 316 318 331 337 347 357 359 410 417 424 
439 441 454 460 465 469 473 479 484 495 506 508 
517 533 545 547 554 566 572 574 582 585 588 593 
608 615 630 668 681 701 706 709 732 742 756 770 
773 793 
84
28 46 47 48 53 63 74 83 102 108 132 137 
146 153 155 163 167 170 171 188 199 213 225 227 
230 243 245 264 268 272 291 292 300 305 310 330 
337 351 366 367 369 373 377 378 401 412 418 420 
424 428 466 468 472 482 497 513 516 543 551 582 
594 603 605 615 618 619 627 628 633 636 644 662 
669 682 703 712 716 736 758 760 779 783 784 798 
90
2 4 5 16 19 61 63 75 105 115 117 144 
146 151 164 169 185 188 206 208 212 218 230 231 
246 247 276 290 304 306 310 317 326 349 364 375 
377 380 393 408 410 412 426 430 438 452 456 458 
467 470 476 478 480 484 491 510 523 534 545 547 
561 570 576 580 583 585 588 616 619 620 650 657 
658 671 680 689 692 706 713 717 733 753 755 758 
764 767 772 787 790 794 
73
2 3 15 21 37 46 50 66 73 77 97 101 
110 115 143 155 165 166 170 180 221 227 238 246 
263 269 280 317 318 324 326 340 350 354 359 376 
389 399 405 414 419 426 431 446 447 460 468 474 
489 493 507 513 532 554 576 581 586 589 598 604 
615 617 620 623 640 683 693 748 758 771 780 781 
784 
76
2 6 13 22 23 24 26 53 69 85 89 165 
177 183 200 211 217 228 258 274 276 278 282 292 
298 302 324 344 345 346 347 351 361 363 373 402 
404 407 418 431 442 444 445 453 486 500 503 508 
528 533 543 547 564 573 599 612 615 624 639 648 
671 679 686 687 688 703 715 716 721 739 740 746 
770 786 789 796 
89
24 27 34 37 38 49 52 57 62 63 65 66 
73 76 78 91 93 97 98 112 121 122 187 194 
200 214 224 228 229 246 256 261 281 291 292 293 
297 309 312 313 323 328 337 339 346 359 376 381 
395 414 435 437 453 457 465 496 501 528 540 543 
549 562 593 602 604 620 632 635 645 646 653 663 
665 685 691 695 696 708 752 757 761 766 768 775 
780 784 788 794 797 
73
1 6 16 30 36 42 50 55 63 84 99 111 
139 153 157 172 173 184 192 213 216 240 254 269 
278 286 289 313 338 340 345 359 379 381 413 415 
416 420 423 425 427 432 440 443 447 456 458 469 
478 480 500 555 572 573 591 594 604 611 625 640 
644 648 686 719 726 727 739 751 766 773 783 787 
788 
71
13 15 33 46 47 54 64 81 86 116 133 150 
188 212 222 225 233 240 251 253 268 294 316 324 
333 355 357 361 368 391 397 411 413 421 422 441 
444 448 455 460 469 471 475 490 497 498 524 527 
537 548 557 564 565 575 594 607 620 621 630 644 
659 684 688 692 711 731 737 795 796 798 800 
87
4 8 9 13 19 22 24 25 45 69 70 75 
114 116 158 160 167 181 182 208 232 253 263 264 
268 277 291 311 313 326 328 346 349 353 367 379 
380 392 402 405 406 413 422 434 446 449 452 466 
468 486 497 500 505 530 543 546 556 560 563 564 
566 579 614 626 636 639 666 679 683 688 693 694 
701 706 716 720 734 745 750 753 765 766 773 777 
784 793 795 
81
2 16 18 47 50 54 59 67 90 106 109 111 
121 134 140 161 169 173 174 191 200 219 231 239 
244 256 260 264 266 273 288 289 295 298 306 307 
313 317 335 347 355 358 385 403 441 448 449 454 
482 500 501 521 540 547 580 581 587 591 610 618 
626 663 664 672 687 692 693 694 698 704 709 715 
728 729 753 767 774 793 794 796 798 
90
5 7 11 13 19 30 55 56 65 87 88 127 
131 160 164 165 170 178 187 190 208 219 226 228 
237 266 269 284 291 342 350 354 368 371 373 394 
404 412 417 418 420 424 434 437 445 446 447 451 
461 467 475 487 488 490 497 514 517 518 536 552 
557 568 577 579 587 620 621 634 660 672 678 684 
690 705 706 718 725 729 737 739 743 748 751 753 
761 770 790 795 799 800 
91
14 25 29 30 33 35 40 49 58 61 77 103 
110 113 138 141 145 164 172 176 204 206 217 219 
224 229 233 243 254 258 259 265 281 296 297 300 
305 311 322 324 339 341 343 358 372 379 381 388 
395 402 408 409 412 425 437 442 446 462 463 493 
503 512 544 549 561 562 567 571 574 576 590 595 
598 636 639 650 651 659 666 673 681 701 719 741 
745 754 767 775 781 789 795 
86
13 26 43 45 49 52 58 76 79 87 88 94 
105 108 111 115 122 131 137 144 151 156 165 168 
169 185 191 207 209 210 212 217 245 253 267 270 
288 290 312 325 334 336 343 351 353 362 412 416 
425 427 459 465 475 477 480 510 522 523 533 535 
552 566 578 581 583 590 594 599 600 623 635 649 
658 662 666 687 694 705 732 736 739 743 756 757 
767 791 
70
7 36 47 53 59 64 68 70 88 91 94 103 
106 110 112 117 133 148 159 169 190 197 207 209 
212 231 232 238 258 267 289 298 300 301 311 339 
347 356 366 378 404 408 423 431 435 446 459 469 
495 499 516 532 556 558 565 579 581 600 620 629 
665 673 717 732 737 739 743 774 780 781 
79
1 25 42 46 50 52 63 64 86 94 96 106 
115 129 143 157 158 160 176 179 182 198 206 223 
238 247 255 259 270 282 312 318 322 327 334 338 
354 363 367 375 386 407 442 443 450 454 456 474 
477 510 513 516 519 552 553 556 559 598 605 612 
615 628 639 646 651 655 665 669 673 674 710 732 
751 764 779 781 792 793 795 
69
12 37 47 49 51 85 92 94 103 112 121 128 
129 155 157 171 180 223 224 228 231 235 263 291 
294 296 311 319 327 337 344 357 374 388 400 411 
418 434 437 441 446 471 494 532 551 552 554 574 
597 601 602 625 637 649 656 657 670 672 706 708 
723 729 734 770 773 776 781 792 798 
86
14 26 28 30 35 39 43 46 49 53 57 65 
86 93 102 103 105 112 120 127 133 162 164 171 
179 181 184 199 200 222 226 230 241 245 253 271 
277 284 300 310 322 327 330 384 404 416 449 477 
488 497 501 508 532 538 544 546 553 554 560 566 
572 573 588 589 601 603 614 616 621 642 660 669 
678 686 687 688 699 716 719 725 732 733 741 752 
792 796 
93
5 12 21 34 49 53 87 88 97 99 109 125 
126 154 157 160 162 164 171 180 182 196 198 204 
226 227 230 233 235 259 281 295 303 308 312 319 
322 324 325 326 327 338 361 365 372 407 410 424 
432 440 453 462 484 486 495 502 511 514 525 527 
530 532 546 547 554 557 559 571 591 604 614 630 
631 644 645 654 655 692 694 697 718 723 728 732 
734 741 751 754 757 762 788 797 798 
85
2 3 9 12 16 27 28 34 38 40 49 58 
61 69 92 110 111 118 130 131 139 145 183 192 
201 209 221 226 234 241 243 244 250 251 255 267 
274 289 320 332 333 336 338 345 360 367 373 382 
399 417 423 424 450 460 470 473 474 477 478 484 
490 511 527 538 543 560 565 572 602 613 647 657 
696 706 707 717 722 724 734 745 754 756 768 769 
779 
87
6 11 12 13 16 25 29 37 45 54 66 68 
70 80 103 124 128 144 145 148 167 170 187 200 
219 223 230 232 233 241 258 270 273 293 300 311 
316 323 334 338 350 370 381 392 394 410 417 426 
430 437 440 452 468 480 496 501 502 516 529 556 
557 572 583 584 603 608 611 617 627 641 650 651 
662 670 675 687 706 710 723 727 746 752 765 779 
788 791 796 
81
3 17 20 23 31 38 58 65 86 103 117 120 
123 129 134 153 156 159 172 195 197 206 207 230 
235 240 267 278 291 294 328 332 333 344 365 380 
381 383 393 396 414 415 418 424 428 440 443 453 
462 478 495 499 512 517 522 536 552 557 560 569 
570 577 579 591 610 613 620 634 635 637 648 675 
677 692 693 718 727 741 760 787 800 
77
3 15 26 32 47 65 78 85 86 98 135 155 
160 194 225 230 244 253 288 294 296 306 313 331 
339 340 347 367 382 402 411 417 433 438 442 445 
461 463 466 478 479 483 495 513 521 558 561 571 
579 582 592 615 647 658 671 673 674 684 703 707 
710 714 715 716 720 721 726 742 747 753 762 766 
774 778 787 789 790 
86
4 8 31 36 41 44 50 51 52 54 66 71 
107 111 125 128 152 153 155 164 179 192 217 232 
246 264 265 267 296 316 322 324 328 343 351 354 
356 366 369 370 374 376 379 388 400 407 409 410 
411 423 447 451 460 469 472 473 477 481 507 509 
518 531 542 549 556 568 575 576 577 590 601 604 
610 620 626 632 680 696 721 723 730 740 752 763 
767 791 
78
12 20 47 50 62 66 77 78 92 101 116 118 
124 127 130 133 140 144 152 155 164 171 181 188 
207 225 273 280 288 294 313 315 317 328 337 360 
363 364 407 417 422 436 444 480 495 506 507 509 
515 544 546 558 576 590 596 602 619 626 627 629 
631 635 636 644 668 671 690 696 701 723 753 757 
760 765 767 768 770 777 
78
6 10 18 29 54 70 81 83 86 111 122 125 
160 163 172 180 183 206 213 220 223 237 244 246 
247 249 251 258 298 330 335 339 360 397 401 403 
418 421 430 433 439 442 455 464 474 485 490 501 
516 530 535 550 553 580 587 588 594 612 640 644 
647 656 660 661 664 667 683 685 689 690 714 723 
739 742 756 769 786 792 
75
8 17 83 84 87 92 96 97 103 126 143 150 
154 167 172 176 195 204 218 219 257 258 264 277 
278 281 287 288 310 315 324 327 331 337 344 346 
347 357 358 369 378 383 412 440 454 501 514 531 
543 547 551 558 569 575 609 621 630 631 641 644 
648 662 673 674 692 695 719 721 726 746 748 754 
761 776 799 
70
4 20 36 42 80 82 112 135 160 167 168 173 
178 211 214 220 221 237 242 251 268 284 296 301 
302 312 348 352 358 371 376 405 422 426 438 444 
451 461 472 489 500 505 507 515 521 542 551 553 
562 584 587 592 596 598 604 611 646 648 673 676 
680 702 703 709 724 732 767 783 785 800 
90
5 10 11 13 16 30 32 34 36 50 53 70 
96 110 126 131 133 135 144 152 157 158 160 162 
176 178 183 198 212 220 222 227 248 284 289 296 
321 329 330 331 337 347 350 360 399 421 426 432 
438 446 461 462 473 510 514 517 519 521 526 543 
564 565 570 588 594 598 601 603 609 614 626 639 
645 649 656 657 658 662 664 667 678 682 699 704 
705 741 777 795 797 800 
79
1 21 31 49 85 108 123 138 139 148 153 187 
188 194 206 208 211 218 238 239 264 290 295 307 
322 334 357 358 383 385 387 390 391 406 418 421 
425 434 436 449 468 483 501 504 506 518 519 523 
528 530 537 541 543 546 548 551 568 573 584 587 
588 590 595 602 604 614 625 631 641 652 661 663 
678 729 746 758 785 787 795 
78
5 20 28 44 67 77 80 86 89 102 105 106 
122 124 126 135 163 165 166 173 185 203 210 221 
227 232 233 257 258 261 265 284 299 314 323 328 
348 350 360 372 385 412 416 422 429 439 464 470 
477 497 500 513 527 543 589 590 605 618 624 641 
646 648 656 665 670 692 697 705 716 728 741 749 
750 753 772 785 797 800 
86
8 25 27 30 31 67 73 75 79 83 91 103 
107 109 110 113 115 132 143 169 174 182 194 197 
198 218 265 266 271 278 287 297 301 307 318 328 
334 337 338 340 347 350 352 362 383 396 398 402 
409 415 445 453 459 471 472 480 481 523 533 542 
546 548 555 558 560 575 596 607 613 616 617 618 
621 663 668 676 686 711 715 721 725 729 734 759 
787 795 
75
9 11 14 22 29 40 46 55 58 76 94 99 
101 127 138 166 182 184 192 193 194 205 210 214 
240 245 248 264 265 270 280 287 293 296 297 308 
327 328 329 353 370 374 403 406 418 419 421 437 
470 518 531 533 540 542 546 554 562 571 600 617 
619 637 663 665 679 701 712 736 748 749 754 785 
791 792 793 
82
2 38 40 53 59 78 93 94 103 120 122 123 
124 129 131 136 144 152 154 172 187 189 191 211 
216 223 226 228 235 239 246 249 267 274 297 300 
309 321 338 360 368 409 422 423 428 438 444 453 
464 465 467 496 509 512 526 538 567 572 573 590 
603 606 608 627 645 663 667 677 696 704 711 728 
731 733 746 750 757 765 780 782 785 794 
69
3 6 17 48 50 54 61 94 103 105 109 118 
139 155 161 167 180 204 221 230 245 256 259 270 
271 286 290 291 308 319 355 375 377 386 392 400 
401 405 406 409 417 419 438 459 473 503 511 536 
544 547 550 565 576 578 583 592 598 604 610 615 
634 667 688 727 740 749 766 792 796 
74
4 20 23 32 34 38 48 54 70 77 85 94 
121 122 133 136 143 157 179 187 200 201 208 235 
279 288 294 304 319 324 354 356 359 373 376 388 
403 411 434 446 468 473 477 492 523 529 553 555 
574 575 576 577 581 598 603 613 616 619 630 631 
664 676 685 708 710 712 717 719 731 732 747 759 
772 800 
81
1 2 20 36 49 51 55 63 68 81 82 87 
90 101 111 123 133 137 149 155 158 159 160 163 
170 183 184 193 194 201 209 220 225 227 233 241 
242 257 277 293 314 339 365 374 387 391 398 411 
430 433 436 458 460 504 505 532 535 536 562 568 
575 577 584 607 611 616 628 634 647 653 658 717 
729 739 744 749 752 768 780 784 785 
97
3 13 14 37 38 63 64 83 85 91 93 94 
102 104 123 129 131 141 151 158 176 184 225 229 
237 238 245 247 253 265 286 291 298 300 314 322 
324 327 334 337 338 344 347 352 361 366 377 390 
412 415 417 423 437 447 459 461 475 486 501 504 
510 512 543 553 570 573 579 580 584 590 592 597 
599 607 620 627 632 641 644 648 655 656 663 664 
673 681 704 716 729 743 752 757 758 759 773 775 
797 
78
20 22 27 39 42 50 56 68 76 108 135 139 
146 152 157 159 174 178 181 185 196 208 209 214 
216 222 225 227 244 246 249 259 266 269 286 289 
291 293 304 308 310 312 317 319 326 354 400 403 
412 432 433 445 483 485 525 529 539 551 555 556 
574 593 598 605 612 634 650 693 696 727 728 735 
739 745 757 772 778 784 
77
7 15 22 28 52 54 62 77 86 91 103 108 
113 114 121 134 144 145 215 236 238 240 241 262 
269 304 309 319 331 333 337 341 356 357 364 376 
406 413 420 427 445 464 480 481 494 509 518 521 
533 535 536 544 555 580 587 589 601 603 611 640 
649 653 661 672 676 684 690 699 727 733 734 737 
750 755 787 791 799 
71
27 34 36 83 94 109 110 114 128 134 135 139 
141 151 154 160 162 165 173 183 205 222 224 234 
248 258 280 283 312 316 332 350 358 359 365 375 
389 422 430 437 452 489 518 527 528 530 540 550 
561 573 577 587 600 625 631 632 639 646 666 675 
683 687 690 724 752 756 762 773 778 793 798 
100
3 5 13 38 48 66 67 74 84 103 106 113 
116 119 136 141 143 164 180 186 191 206 220 227 
232 236 251 259 261 269 281 284 287 296 309 313 
317 318 321 336 338 345 351 376 378 380 383 390 
394 397 407 418 421 423 432 433 437 452 484 487 
489 498 506 508 509 517 529 557 570 575 583 597 
603 609 613 616 620 639 667 671 673 675 687 701 
705 717 727 729 735 746 753 762 763 766 769 780 
785 786 796 799 
76
5 25 31 41 77 80 90 99 107 119 127 129 
146 152 162 171 183 184 188 199 202 222 255 257 
259 260 278 286 288 300 311 314 323 332 342 353 
354 358 372 374 376 393 424 427 432 433 434 464 
465 466 488 495 508 540 547 551 603 615 626 633 
648 656 657 660 668 680 708 712 714 752 758 768 
784 785 791 792 
85
3 30 42 48 52 60 98 102 108 112 116 118 
119 122 124 134 155 178 184 186 198 211 214 220 
222 232 236 239 246 255 281 289 297 303 327 348 
360 365 384 385 392 402 411 420 428 433 441 444 
471 472 486 495 496 499 505 515 527 539 545 546 
556 558 560 593 595 599 605 634 635 636 652 673 
687 704 716 720 746 751 763 767 768 777 778 779 
783 
74
40 42 46 52 53 63 64 74 75 78 85 86 
92 94 104 107 114 117 123 136 174 179 209 213 
226 250 272 281 298 306 316 325 354 357 393 404 
408 409 418 430 433 459 468 476 485 492 497 507 
515 525 530 566 599 601 616 623 625 626 630 636 
646 651 653 666 674 681 684 686 704 719 722 748 
761 794 
97
1 3 20 65 73 84 98 101 105 110 117 142 
161 190 194 200 221 230 239 240 258 259 265 266 
268 288 293 299 305 310 311 319 321 332 335 336 
338 344 358 359 361 371 378 383 384 389 390 401 
406 417 418 420 465 468 495 502 510 516 517 546 
552 570 574 596 602 606 608 616 623 625 630 645 
646 647 648 650 651 654 657 665 676 677 692 697 
716 718 723 731 750 761 774 778 781 787 789 796 
798 
86
1 15 19 32 43 47 56 64 88 98 106 111 
122 127 150 151 162 164 177 182 187 203 206 217 
221 228 247 273 277 282 293 297 298 301 309 310 
314 317 323 328 334 357 363 379 380 382 402 413 
414 439 441 442 447 453 465 470 474 476 478 479 
501 505 509 524 525 533 536 545 552 562 569 572 
595 598 602 639 641 662 674 709 716 721 733 741 
746 768 
95
20 25 26 27 31 32 37 39 53 60 67 77 
92 106 110 115 131 132 155 169 170 175 176 180 
196 214 217 231 242 246 253 254 257 263 268 274 
275 276 279 290 296 297 325 327 328 338 349 363 
376 379 384 391 399 415 423 438 440 443 450 453 
454 465 467 479 491 495 525 526 537 545 550 551 
564 566 567 573 581 585 595 604 607 609 614 618 
637 645 648 658 669 681 698 725 747 781 790 
73
6 24 29 45 101 120 125 132 140 143 147 161 
164 200 202 226 227 229 243 249 279 296 302 316 
336 358 359 374 375 384 400 402 408 415 419 432 
442 463 466 481 486 492 504 515 533 535 559 562 
567 580 586 592 600 607 615 622 629 637 639 645 
657 694 712 726 738 746 750 768 773 780 790 792 
795 
83
2 6 18 32 37 42 61 73 81 82 99 120 
121 128 155 166 172 173 180 194 195 204 205 208 
223 224 225 237 241 248 255 256 265 285 293 306 
313 322 326 338 339 359 372 407 419 440 442 449 
453 494 509 550 560 563 576 578 582 592 605 613 
622 628 636 650 652 658 682 683 690 696 701 703 
704 706 728 757 761 768 774 778 785 788 797 
74
10 24 45 46 67 80 84 87 90 100 120 121 
126 137 170 172 179 199 200 225 231 233 243 250 
254 259 270 307 315 319 325 333 346 348 372 377 
388 445 450 455 461 464 479 494 504 509 515 519 
531 537 549 550 551 568 577 584 588 608 610 665 
670 679 687 691 704 723 740 769 775 779 783 797 
798 800 
91
3 5 6 10 23 43 49 58 66 86 88 93 
105 106 110 117 118 132 143 150 153 157 163 165 
167 180 189 195 215 220 224 240 256 271 280 283 
302 312 318 340 370 371 375 376 399 400 405 411 
422 432 435 436 438 439 441 452 454 456 464 466 
472 487 488 491 511 517 563 571 582 598 608 618 
622 625 636 658 661 675 682 687 691 693 726 732 
740 745 750 753 769 773 777 
73
35 36 43 47 95 96 100 108 119 122 123 127 
139 165 176 182 188 204 211 218 229 231 234 236 
252 256 259 273 277 282 283 309 315 332 346 347 
376 385 426 427 428 436 463 472 476 502 508 509 
517 527 528 530 557 560 563 564 572 576 591 595 
617 624 658 660 665 680 696 743 748 758 763 787 
789 
85
4 9 10 12 19 23 28 32 40 69 73 74 
75 77 95 105 108 113 114 125 126 129 137 142 
149 154 168 216 218 226 239 240 284 288 310 311 
330 335 358 371 380 383 409 442 449 451 461 464 
465 491 495 498 522 524 540 552 569 580 584 598 
601 602 606 619 629 648 655 660 663 681 700 709 
712 725 739 744 764 773 775 782 784 787 788 792 
797 
65
10 19 32 35 36 57 62 65 106 112 128 157 
162 184 186 197 200 224 227 241 245 255 276 299 
341 342 379 381 427 428 442 445 476 487 491 504 
507 514 527 528 538 539 541 553 571 586 590 594 
610 614 630 642 672 674 680 686 689 693 719 725 
736 740 765 787 799 
84
3 6 7 11 18 39 44 60 61 73 74 79 
100 108 109 158 159 163 172 173 176 186 195 198 
203 224 230 236 242 245 259 276 279 284 296 297 
303 321 368 379 384 393 412 424 440 450 460 467 
468 474 481 484 487 489 495 499 513 560 565 570 
573 595 602 606 608 620 627 631 641 645 649 691 
701 702 704 708 728 729 732 737 756 762 772 776 
74
3 10 15 30 31 39 50 56 71 77 83 84 
98 99 112 115 123 132 138 145 147 154 157 162 
164 179 203 218 231 243 253 254 286 289 315 344 
358 374 377 388 395 397 400 408 418 437 454 486 
494 502 517 523 536 553 555 562 586 598 599 606 
642 646 648 652 655 660 680 685 687 697 754 760 
766 783 
87
8 10 16 32 46 47 55 65 68 79 87 115 
118 124 135 151 158 180 186 191 203 205 209 229 
261 269 270 272 284 286 314 317 318 320 337 342 
346 352 365 372 380 382 384 390 397 409 419 429 
449 453 460 468 474 482 541 544 549 565 566 594 
603 605 607 610 613 614 623 633 638 642 662 664 
674 686 688 692 695 721 723 732 738 747 749 758 
760 770 800 
76
26 31 46 60 69 88 119 131 144 151 154 158 
172 179 196 205 216 217 225 239 249 264 268 271 
286 296 319 326 337 342 355 368 371 384 402 419 
421 425 429 439 440 444 486 508 519 522 524 530 
532 546 560 572 589 595 626 629 663 669 695 698 
701 702 719 723 726 730 741 743 750 773 776 784 
787 788 796 800 
65
7 10 35 39 100 108 113 120 124 126 144 160 
161 165 168 202 210 213 225 233 241 255 258 261 
277 278 297 312 316 332 346 353 384 387 414 416 
417 450 451 452 453 475 477 494 504 507 523 557 
573 598 602 608 649 655 656 661 665 685 691 705 
720 754 782 786 800 
85
15 17 50 68 69 75 90 95 104 114 144 166 
169 175 192 195 218 223 233 262 263 280 289 294 
302 303 312 316 335 339 342 345 358 359 365 373 
376 377 380 383 385 387 388 391 409 427 434 443 
449 461 472 480 482 487 488 507 519 523 542 558 
562 578 591 593 605 607 664 667 669 675 691 696 
697 699 709 718 720 730 768 769 774 775 792 795 
800 
55
14 21 44 47 50 59 64 73 102 117 122 123 
124 130 143 173 175 187 205 206 222 225 226 234 
268 274 275 281 299 318 369 416 417 425 454 482 
504 519 523 536 538 558 565 567 568 582 613 624 
644 655 669 707 742 772 792 
79
4 59 66 72 74 93 109 114 122 127 134 139 
149 161 166 167 174 177 181 191 203 209 216 230 
231 238 246 252 254 278 283 293 294 302 312 317 
318 323 326 337 342 351 353 361 370 393 414 441 
446 463 464 466 485 500 501 514 515 523 578 581 
598 623 626 646 656 676 690 697 703 708 712 718 
720 723 737 742 760 786 794 
84
1 2 8 11 12 43 48 49 62 68 72 77 
96 112 135 143 164 173 174 187 198 214 227 238 
260 274 276 312 319 337 341 344 352 353 382 384 
394 396 412 415 425 428 435 436 439 449 458 471 
475 476 485 496 498 501 510 512 521 523 531 535 
555 556 566 567 581 592 596 610 621 624 626 642 
646 696 699 701 713 715 726 760 763 769 778 783 
78
10 31 37 41 54 60 70 100 110 118 138 145 
146 161 172 190 202 212 230 239 252 254 259 260 
267 278 281 289 323 328 332 342 349 350 352 353 
362 392 395 397 431 432 449 451 460 461 471 475 
477 481 486 489 499 514 523 524 574 604 630 638 
656 661 666 671 681 694 696 697 716 717 725 730 
748 750 751 756 760 772 
76
1 31 42 59 70 77 96 104 109 116 130 132 
145 157 176 189 196 200 202 209 221 227 243 247 
249 253 267 308 334 341 366 371 378 387 391 400 
409 415 424 440 443 446 457 472 490 499 509 529 
546 552 573 583 612 614 625 628 631 632 644 647 
663 679 686 695 700 703 716 724 747 748 757 760 
761 762 780 792 
76
6 8 15 30 32 37 44 50 64 73 96 110 
117 133 135 136 140 157 162 165 175 183 186 193 
198 206 216 217 233 240 243 253 264 269 286 314 
316 344 362 369 391 399 405 409 440 457 475 489 
500 514 523 534 594 616 621 627 632 640 641 642 
652 672 678 681 691 696 714 715 725 746 760 767 
769 792 795 796 
86
27 32 33 34 39 44 45 51 55 62 89 94 
95 99 116 118 123 141 154 165 167 175 191 194 
195 231 241 242 259 274 293 305 318 326 328 352 
357 375 376 383 405 421 423 438 439 444 466 471 
486 488 497 499 518 520 528 537 553 561 582 584 
598 599 605 620 624 629 635 637 638 640 642 645 
646 653 660 669 671 683 684 686 690 698 709 738 
778 786 
66
11 14 37 45 74 80 94 112 137 141 150 164 
168 183 190 192 201 212 230 246 268 270 273 279 
281 283 290 292 319 320 331 349 358 367 405 412 
418 420 431 435 459 461 503 509 533 550 551 560 
565 576 577 602 618 631 661 676 704 705 736 748 
755 769 771 777 792 794 
85
1 16 19 28 32 58 76 80 98 100 109 114 
126 160 164 166 176 186 188 189 190 203 205 209 
211 214 224 239 240 265 272 275 283 289 291 299 
318 344 350 366 378 412 446 463 480 484 488 494 
516 518 530 537 539 559 563 571 574 575 598 611 
615 635 637 638 640 648 653 664 673 690 696 705 
706 716 722 727 729 748 750 751 752 781 786 796 
798 
80
33 75 77 81 82 88 103 138 148 149 162 163 
169 179 189 193 197 227 242 256 270 292 297 298 
304 305 306 312 315 316 317 329 330 342 351 355 
375 377 381 382 387 409 410 411 415 418 422 424 
452 455 487 493 502 507 521 539 556 558 568 574 
577 602 611 615 631 642 645 646 647 659 668 675 
688 692 693 705 768 779 784 789 
92
3 6 10 18 28 29 44 49 50 63 64 67 
68 99 103 107 110 113 119 123 135 141 146 149 
152 179 181 192 197 217 220 241 242 252 263 265 
268 270 277 280 300 336 348 350 376 383 393 406 
411 417 435 438 441 444 446 452 455 473 534 538 
541 551 554 586 590 612 617 620 637 650 659 679 
696 697 699 701 719 720 721 727 728 731 738 742 
761 762 771 775 790 791 793 794 
95
14 15 20 22 23 27 30 50 63 73 75 80 
91 118 149 158 162 164 168 173 187 194 196 198 
217 220 230 231 248 254 282 286 301 312 355 358 
361 366 376 377 388 390 394 396 397 399 402 403 
415 430 440 453 454 463 465 470 490 492 512 529 
530 533 539 543 548 556 558 583 597 612 622 624 
625 637 638 649 654 655 659 662 668 675 678 685 
687 706 709 719 730 735 739 751 761 765 771 
95
12 14 15 16 20 30 37 55 79 90 99 105 
109 134 136 146 153 156 180 207 213 220 242 247 
251 263 268 271 276 280 294 314 320 322 343 346 
361 365 370 384 399 401 407 452 458 462 468 480 
481 491 496 498 500 503 508 514 528 529 534 536 
538 546 549 558 566 569 596 598 609 625 632 633 
634 636 643 644 654 677 680 686 694 695 700 712 
726 738 740 743 749 753 756 771 776 777 800 
72
1 11 21 24 32 33 39 50 60 72 93 102 
110 132 156 186 187 190 223 238 251 283 300 307 
312 315 316 327 332 344 348 375 379 384 390 413 
428 433 441 442 449 451 456 466 479 481 490 509 
532 533 549 557 602 613 618 619 625 628 635 654 
665 666 690 710 712 716 720 739 741 760 761 766 
84
12 14 15 21 44 47 48 60 68 72 108 135 
144 154 158 162 172 185 189 197 226 233 235 237 
243 255 283 289 295 302 308 323 324 325 327 328 
372 384 418 419 434 442 483 486 496 498 508 515 
555 556 565 569 585 588 595 606 623 624 628 639 
646 654 655 657 673 682 684 685 688 690 695 701 
707 710 714 724 725 741 751 767 768 793 794 800 
74
6 11 12 13 25 42 63 77 85 97 99 102 
113 119 158 161 168 169 183 184 189 205 209 248 
251 264 267 289 338 364 375 386 396 398 404 416 
423 425 447 459 465 469 485 490 493 501 508 511 
518 521 531 546 550 580 583 594 614 630 639 653 
670 703 706 717 736 742 743 755 759 764 766 774 
777 780 
75
10 30 72 82 89 97 103 125 133 137 148 153 
167 184 254 258 262 266 277 283 286 307 314 335 
340 343 346 369 371 375 382 388 400 404 409 417 
426 429 455 473 478 485 501 510 520 523 529 549 
550 551 554 581 588 594 595 608 648 651 653 654 
663 675 702 714 717 723 724 730 758 760 763 782 
786 791 795 
72
33 42 82 85 103 128 141 146 166 172 174 190 
215 220 249 254 269 299 307 308 313 333 337 352 
353 367 420 431 435 462 480 493 500 502 509 521 
523 525 538 541 548 566 567 572 574 581 583 585 
596 602 613 645 646 660 676 680 693 710 721 727 
733 735 740 742 744 747 754 759 763 767 780 796 
84
11 26 29 33 35 38 69 78 90 106 136 137 
149 161 178 202 218 227 236 256 260 270 273 274 
297 305 307 309 332 333 337 349 350 356 373 394 
396 403 404 419 423 428 430 435 440 442 464 468 
474 479 492 524 525 526 527 533 544 553 563 573 
584 606 624 630 635 641 654 659 665 671 674 675 
685 688 689 695 718 735 747 750 752 758 763 774 
72
11 45 49 76 85 93 95 128 131 148 151 177 
209 213 231 237 274 276 280 281 284 320 322 323 
325 326 331 348 354 355 361 364 366 380 396 401 
418 428 442 460 471 472 488 494 509 541 544 553 
573 582 583 588 594 595 604 626 630 635 636 659 
665 672 696 709 713 718 723 749 753 766 770 791 
85
7 12 15 21 49 60 69 72 84 92 130 133 
141 144 145 151 152 160 187 193 196 201 209 217 
227 231 242 264 267 287 304 309 314 320 332 346 
347 348 352 358 389 393 397 407 418 422 435 443 
464 465 480 482 491 494 499 507 514 527 530 544 
548 564 590 611 648 651 676 677 683 684 686 687 
692 694 697 701 710 727 728 731 744 753 754 757 
759 
86
2 33 39 45 46 54 55 87 96 113 126 135 
147 153 177 180 192 201 208 226 255 280 281 296 
297 309 330 331 332 337 360 371 372 378 385 398 
402 409 413 422 434 436 454 477 494 501 502 509 
514 516 518 523 533 541 551 564 566 575 582 609 
610 635 645 650 653 657 664 669 683 684 688 692 
693 708 724 725 733 734 740 746 762 771 773 781 
788 796 
82
1 18 28 39 47 52 60 86 91 124 142 149 
159 198 200 214 217 237 244 248 258 269 273 292 
299 307 317 343 347 348 350 366 369 376 404 407 
413 448 474 475 476 483 497 498 503 508 525 526 
536 541 554 555 558 563 566 574 580 589 606 609 
620 635 641 649 661 662 681 689 691 696 697 704 
713 715 717 751 754 761 766 782 793 796 
78
4 9 19 91 96 103 116 117 122 132 133 137 
151 160 162 168 190 191 230 232 238 249 253 255 
258 268 272 277 293 305 316 335 337 354 355 365 
382 383 387 389 395 400 420 440 450 461 466 507 
512 515 517 524 559 571 575 578 583 587 594 603 
607 613 628 642 648 663 664 665 673 674 691 694 
710 717 722 725 726 746 
82
13 21 45 46 60 66 76 80 95 108 123 138 
141 144 153 158 161 167 191 193 202 215 227 230 
238 245 257 260 263 265 278 286 294 302 309 310 
325 326 328 334 337 341 347 349 363 369 370 384 
387 391 408 413 414 425 443 463 482 483 510 542 
555 558 590 594 618 631 642 643 653 656 688 704 
728 740 755 756 764 780 783 787 797 799 
85
12 41 49 51 55 68 69 72 74 81 84 88 
94 98 113 116 131 136 145 166 172 196 202 221 
223 233 235 239 247 249 252 258 262 272 277 281 
301 312 320 334 341 353 363 376 379 386 387 414 
416 425 426 428 434 446 472 474 480 490 491 510 
531 532 541 555 556 568 603 606 620 632 644 658 
664 669 713 714 723 727 736 738 751 762 764 776 
784 
90
8 9 25 39 43 47 57 71 74 75 92 111 
112 113 127 128 143 145 146 154 161 171 181 238 
278 292 311 319 325 330 335 339 353 355 357 366 
368 380 385 396 402 403 407 408 418 420 436 438 
443 445 446 452 460 468 496 548 563 564 574 577 
585 589 592 599 612 617 636 637 640 659 662 673 
682 685 687 690 691 693 695 725 729 730 740 752 
763 771 772 774 781 787 
75
20 22 28 41 64 68 74 125 135 152 178 188 
231 247 256 294 302 303 311 313 314 316 320 321 
322 332 338 362 373 382 384 387 404 418 419 428 
448 449 450 458 483 491 527 532 533 537 543 544 
575 580 584 586 587 590 597 604 608 611 618 629 
632 636 644 645 655 662 667 673 684 687 709 743 
766 785 800 
66
30 34 37 46 68 78 82 86 109 124 127 135 
152 158 161 162 195 204 229 235 252 272 321 323 
326 343 344 349 350 352 393 401 402 411 418 448 
453 455 479 489 497 502 509 511 513 523 524 539 
561 573 610 629 645 681 683 689 691 702 725 766 
768 784 793 794 796 798 
76
24 73 80 84 106 112 131 158 160 171 187 204 
205 216 217 223 242 243 256 257 259 266 275 276 
287 295 301 309 323 325 328 332 345 348 358 363 
368 373 374 388 391 411 433 437 444 458 489 499 
506 509 510 512 572 576 581 583 585 609 627 631 
645 672 684 688 689 708 729 738 742 753 755 756 
769 772 780 782 
85
8 9 21 22 24 47 48 53 76 89 97 101 
111 112 118 126 129 132 144 170 174 185 191 198 
210 216 217 221 223 228 259 264 265 284 289 293 
305 307 310 317 320 346 357 373 381 382 390 393 
402 421 425 428 441 448 466 469 479 509 510 513 
522 550 560 578 582 593 602 603 607 610 613 629 
633 653 657 676 688 695 713 715 727 728 747 777 
778 
82
30 60 66 67 79 90 95 99 105 106 113 115 
120 133 138 140 144 157 164 167 174 178 185 207 
213 214 216 237 264 271 288 292 298 313 314 334 
335 344 351 360 367 372 377 383 390 396 407 409 
426 430 473 491 492 512 521 526 537 540 565 574 
581 587 611 643 645 646 650 662 671 682 683 694 
699 709 712 730 732 734 745 760 778 792 
82
2 9 14 23 34 42 45 55 72 82 89 105 
129 130 149 150 158 160 163 165 187 194 195 231 
247 257 263 268 279 285 289 303 323 340 344 354 
367 373 391 395 401 408 424 435 438 464 467 468 
474 476 506 519 528 529 531 535 547 548 555 560 
570 578 579 584 601 605 607 608 638 639 662 668 
697 713 727 735 736 737 758 762 768 777 
74
22 49 67 72 78 79 81 85 86 92 96 109 
121 161 183 185 189 195 201 206 211 213 245 249 
254 257 258 259 267 281 289 313 323 334 342 344 
392 393 413 418 431 433 469 470 511 517 520 575 
584 590 605 606 616 618 629 642 648 656 671 683 
686 696 700 701 706 719 732 735 748 766 768 770 
777 798 
87
49 50 63 85 107 134 140 160 176 179 189 195 
197 226 227 232 233 235 249 264 287 291 294 296 
298 303 310 316 320 326 348 356 359 370 376 396 
407 408 414 416 418 422 437 438 441 443 448 452 
457 463 475 476 486 500 502 515 523 526 568 569 
571 592 594 599 632 643 645 654 666 682 683 691 
707 708 714 721 735 746 759 764 767 772 779 781 
783 784 786 
81
8 25 59 66 76 96 97 104 106 109 115 131 
139 142 147 148 160 188 195 222 226 232 239 244 
257 258 267 268 276 302 317 319 335 337 343 348 
375 394 395 408 412 426 432 437 439 446 453 456 
460 461 468 469 470 476 523 524 531 542 543 548 
550 561 570 598 616 618 625 670 680 697 704 730 
734 738 740 742 745 779 784 786 789 
88
2 13 15 17 77 90 97 106 109 110 111 115 
116 119 126 133 139 141 156 158 170 171 172 188 
196 214 219 220 225 231 243 251 269 287 293 295 
309 323 344 346 347 394 406 413 416 417 443 444 
445 453 455 473 485 486 505 513 514 517 520 563 
566 579 588 593 606 618 619 627 644 646 653 664 
671 674 681 686 696 713 723 736 747 749 762 767 
772 775 782 793 
92
6 14 27 30 34 41 45 47 59 69 89 96 
103 107 108 116 120 149 156 180 181 182 184 185 
192 222 244 245 252 256 266 279 282 295 305 315 
329 349 351 364 374 376 387 388 416 419 427 436 
438 455 479 487 499 500 506 510 524 527 528 543 
544 548 566 567 578 583 590 598 612 613 617 639 
658 685 694 711 713 720 729 738 741 744 746 749 
753 766 767 780 785 791 793 794 
68
32 37 44 53 61 62 127 132 135 140 143 160 
170 173 182 190 195 203 216 221 225 268 298 301 
310 331 341 375 398 406 409 426 432 433 435 443 
460 472 488 489 493 494 506 526 533 552 570 572 
581 589 602 623 624 634 635 639 666 671 702 704 
714 726 727 729 748 787 797 799 
82
18 23 39 43 55 69 72 82 108 117 124 157 
161 163 164 167 169 176 186 214 222 225 227 239 
250 253 288 340 348 350 363 364 365 369 374 377 
381 384 385 398 414 416 428 430 440 466 473 474 
489 499 509 530 533 543 563 564 577 588 592 596 
600 608 613 628 639 640 641 643 660 673 681 695 
720 721 724 731 750 759 774 777 791 793 
87
4 11 22 29 33 42 43 46 55 57 66 74 
84 92 125 140 141 143 152 155 162 179 185 189 
192 200 204 206 213 215 221 223 234 240 264 271 
279 293 302 304 313 318 319 329 343 359 372 380 
396 410 429 430 445 451 470 477 478 497 503 513 
524 532 541 563 565 574 579 591 605 631 638 641 
655 669 675 682 683 697 708 716 733 739 755 758 
768 776 796 
67
8 15 21 24 49 57 66 80 91 103 109 112 
116 133 138 157 187 197 199 201 210 241 243 251 
257 284 285 297 307 309 327 328 335 342 350 359 
389 427 430 454 489 496 504 508 512 568 569 574 
580 602 607 617 622 631 657 668 687 699 715 746 
751 761 767 769 773 790 792 
83
4 6 7 10 11 16 38 59 61 115 121 131 
138 150 155 156 195 197 203 251 265 266 270 278 
289 291 294 302 307 312 343 363 369 393 399 422 
429 433 437 458 472 487 493 494 508 511 518 519 
524 526 534 543 556 560 575 588 589 596 599 604 
607 615 627 629 646 656 659 671 672 684 694 702 
715 725 737 738 748 752 764 766 768 778 782 
87
26 29 31 37 40 52 53 54 55 56 61 93 
94 96 106 111 118 120 128 157 162 165 166 168 
173 183 204 212 218 226 235 236 246 247 261 268 
279 293 309 310 317 319 321 334 339 341 342 344 
349 351 360 361 363 373 376 377 385 391 416 423 
439 443 446 479 489 500 508 529 531 540 548 559 
585 599 623 634 653 665 671 688 698 726 737 750 
757 766 769 
73
45 46 52 66 79 87 100 117 128 130 134 135 
137 149 151 181 200 209 249 261 285 289 300 316 
336 363 364 367 372 383 394 396 409 427 433 436 
439 446 449 453 497 509 527 542 544 548 559 566 
574 582 583 611 625 631 632 640 643 676 682 683 
694 701 711 715 717 727 731 740 759 764 774 793 
794 
79
28 35 37 41 46 52 58 80 98 99 109 121 
139 141 143 145 167 183 188 196 210 237 243 248 
260 261 276 280 283 290 291 306 308 332 345 347 
355 359 365 375 386 397 401 408 409 448 460 473 
485 492 495 496 530 553 563 569 578 581 601 618 
629 630 632 635 643 653 654 671 674 684 688 703 
707 716 739 742 764 774 794 
77
30 34 38 46 56 66 68 76 90 91 92 123 
145 154 158 175 181 183 187 193 216 222 237 253 
260 268 275 296 299 307 309 314 335 351 356 359 
376 377 390 405 433 435 442 468 471 476 477 503 
520 526 554 574 577 602 604 617 628 629 635 637 
645 648 661 667 673 682 688 690 720 734 740 759 
770 772 779 781 796 
65
9 10 45 68 69 72 93 120 125 139 145 149 
179 183 199 204 214 322 326 348 372 395 396 413 
418 426 429 445 448 456 471 486 497 519 524 525 
537 540 542 543 578 579 597 601 615 623 625 640 
645 646 647 650 670 689 695 710 726 748 758 761 
762 765 766 788 792 
66
1 5 39 48 86 93 97 129 134 163 175 181 
201 204 212 215 250 257 267 287 307 321 327 328 
336 337 342 344 362 365 372 378 397 410 419 453 
454 455 468 471 528 540 547 554 562 564 579 583 
592 601 607 618 623 632 658 665 668 678 693 706 
730 732 741 759 760 794 
74
7 41 47 52 81 90 111 129 132 134 138 140 
142 162 170 179 181 192 207 214 218 226 227 243 
248 267 294 314 328 335 364 369 377 382 411 412 
451 453 457 482 483 490 504 509 510 513 519 522 
523 525 546 550 563 565 586 588 589 602 631 643 
679 684 691 693 707 713 719 722 723 743 747 750 
751 767 
79
11 19 32 34 37 40 46 54 60 74 77 104 
109 115 151 153 156 162 163 164 168 176 187 188 
195 200 210 217 223 227 231 234 236 263 279 289 
302 315 332 359 385 407 409 419 433 444 468 470 
495 501 506 509 512 542 546 559 590 611 612 617 
622 627 631 634 653 673 690 693 694 699 701 728 
736 743 751 759 778 790 794 
68
13 14 29 32 38 44 53 59 68 70 73 93 
100 120 126 144 147 149 153 173 182 198 230 242 
243 246 288 299 316 329 342 355 405 411 424 427 
430 438 449 451 472 476 482 487 498 503 510 513 
521 531 547 548 564 592 611 626 629 665 673 700 
706 707 711 745 750 758 783 792 
84
3 6 13 15 16 24 26 38 40 46 52 56 
80 86 122 123 137 147 153 160 162 174 178 230 
232 237 243 248 251 265 267 268 286 298 303 305 
315 335 339 375 393 396 401 420 423 442 443 455 
472 484 499 501 506 515 516 520 523 533 538 542 
547 557 569 583 584 591 600 637 652 682 684 700 
720 726 733 743 757 758 765 766 767 786 798 800 
98
6 12 34 35 48 51 56 67 80 89 104 115 
120 122 123 124 125 141 150 169 177 184 201 208 
211 214 216 240 245 248 254 261 262 268 277 282 
298 307 314 324 326 327 336 337 347 348 354 368 
371 380 381 385 390 392 400 407 408 409 413 418 
424 428 432 437 438 441 471 482 511 513 522 532 
545 580 583 588 596 597 598 606 630 632 650 658 
673 677 678 685 694 699 716 728 740 743 752 753 
774 797 
82
10 13 18 23 33 37 38 40 43 53 59 64 
72 80 107 110 123 131 138 155 163 195 211 212 
218 227 251 267 268 282 283 284 295 318 319 323 
324 357 376 382 383 387 404 408 419 421 425 432 
433 450 451 456 488 513 523 554 558 590 591 597 
598 600 602 607 608 621 625 670 686 696 703 711 
724 730 738 745 760 761 769 784 785 786 
75
11 24 25 36 37 79 86 96 106 108 111 126 
128 134 139 144 152 182 188 189 224 240 253 254 
259 263 266 285 300 308 309 312 322 345 346 363 
397 399 406 421 427 435 453 458 462 466 470 521 
527 545 562 563 564 573 586 592 593 599 600 601 
610 615 625 633 662 664 680 699 711 716 736 739 
765 769 777 
74
8 36 37 41 56 60 89 95 100 102 114 124 
143 146 152 176 177 206 212 243 250 253 265 295 
297 302 314 317 335 340 344 345 363 370 382 402 
409 422 433 434 441 450 452 453 455 462 478 479 
498 503 519 544 553 556 570 577 582 591 611 623 
648 664 677 689 709 723 725 728 732 733 738 741 
744 752 
69
15 28 33 36 48 50 71 74 80 85 115 122 
134 138 157 162 163 164 184 194 199 217 224 232 
234 248 249 250 255 266 270 276 281 287 296 299 
307 330 357 358 373 419 426 427 446 450 470 499 
529 541 544 561 571 578 591 600 623 632 640 676 
677 687 711 727 729 768 774 777 785 
87
2 5 22 25 27 31 36 42 59 61 64 66 
70 75 78 113 118 138 146 173 194 196 203 215 
217 229 233 240 244 254 257 264 275 295 316 323 
329 331 336 338 346 350 357 360 364 397 399 406 
416 446 447 471 476 487 492 513 525 527 541 543 
551 553 555 565 568 570 581 592 594 611 617 620 
633 656 685 692 704 712 720 732 733 743 758 775 
776 777 798 
81
5 9 25 29 32 33 67 102 142 148 153 170 
192 200 209 217 220 221 243 255 258 270 285 293 
308 321 334 339 342 346 347 352 356 382 390 403 
406 415 416 420 422 432 434 446 451 453 455 466 
481 500 518 519 523 540 542 550 580 584 592 593 
596 608 634 644 656 661 671 675 679 681 698 705 
707 711 726 746 747 771 779 786 798 
86
13 41 53 58 59 63 88 98 99 103 108 116 
117 128 157 162 167 171 183 186 194 196 221 242 
263 267 272 274 304 306 323 337 338 339 344 350 
368 391 394 399 401 402 407 420 425 435 440 442 
453 471 475 488 490 493 506 510 516 555 556 558 
562 566 579 592 601 607 611 613 622 643 666 667 
672 689 690 691 694 711 719 743 763 766 773 778 
783 796 
84
11 17 33 35 67 79 80 82 100 118 125 128 
137 141 162 174 198 209 233 255 263 283 300 302 
329 340 359 370 373 378 387 395 396 400 419 432 
435 442 448 459 466 467 469 480 483 500 515 516 
520 525 528 530 531 547 552 560 580 596 601 603 
604 609 618 619 641 668 671 690 691 693 694 698 
700 702 722 735 736 739 752 778 780 782 786 795 
87
1 5 26 43 45 53 54 64 67 68 71 75 
79 80 90 92 116 117 119 133 185 188 192 204 
206 213 215 229 235 238 248 257 276 303 312 319 
324 329 330 344 345 389 394 396 397 403 406 411 
429 450 453 454 484 490 498 503 522 523 539 559 
568 571 574 594 596 597 599 606 614 636 646 649 
667 669 670 672 690 691 701 703 732 737 742 748 
775 794 797 
94
17 19 37 41 64 66 76 79 87 96 102 103 
106 108 137 138 141 145 170 171 181 206 214 216 
220 235 236 247 250 253 272 288 289 294 299 308 
344 346 349 362 370 385 389 390 392 394 395 405 
408 417 436 438 442 455 456 459 472 477 479 488 
495 500 504 514 519 534 544 548 553 563 575 579 
580 582 585 596 599 600 604 621 624 635 652 666 
674 678 684 688 692 747 760 784 793 794 
81
9 31 37 39 63 77 85 103 110 111 121 133 
134 138 148 159 161 170 186 207 209 220 228 234 
246 261 262 285 292 298 299 304 329 351 371 384 
393 406 411 415 418 423 443 459 461 488 501 502 
505 506 509 511 519 527 545 554 584 601 610 615 
616 621 636 638 643 647 654 666 667 681 687 692 
724 726 730 755 765 769 771 775 794 
77
1 2 21 24 27 30 34 37 39 61 67 73 
79 88 112 128 129 143 144 160 190 222 234 235 
236 273 286 289 297 299 315 321 322 323 324 338 
339 344 350 355 364 378 380 393 424 425 438 466 
467 491 492 497 498 538 543 544 555 562 588 596 
604 608 614 622 641 653 665 666 689 699 734 736 
737 756 769 771 778 
85
4 7 10 19 32 41 76 77 83 91 92 118 
136 159 171 176 185 186 192 198 202 233 249 270 
272 276 277 281 295 310 317 318 327 334 354 356 
357 361 365 368 387 404 407 416 433 435 448 460 
467 482 513 519 524 528 529 530 581 584 588 608 
611 613 638 647 651 655 676 683 685 686 694 705 
709 719 721 729 737 749 754 755 761 779 781 792 
797 
82
8 9 12 22 23 25 34 38 39 62 66 67 
68 70 80 104 107 110 115 121 128 131 160 193 
205 221 227 236 242 255 269 329 337 346 355 359 
376 387 397 398 406 415 426 436 438 447 449 453 
454 456 460 467 471 477 478 479 481 494 525 534 
538 553 554 592 593 606 611 623 625 681 685 707 
714 717 751 757 758 766 789 790 798 799 
85
4 13 43 46 55 105 134 137 149 163 168 169 
170 171 175 178 186 222 224 229 236 241 246 260 
261 263 265 278 279 281 288 296 298 299 334 340 
347 350 377 385 413 415 422 429 431 432 435 446 
453 467 472 476 502 507 513 523 537 538 564 573 
574 588 592 593 599 600 605 625 631 633 636 647 
655 657 667 673 708 709 713 715 740 743 780 782 
799 
91
22 40 42 50 61 63 66 101 108 111 113 116 
117 129 156 175 183 191 202 218 227 228 243 287 
291 307 336 354 362 376 385 388 392 395 402 425 
444 454 463 464 465 469 481 497 500 502 519 520 
530 544 545 562 563 578 585 589 593 602 607 611 
636 638 641 644 646 671 677 695 702 711 712 720 
721 725 728 733 736 741 752 754 757 764 768 770 
777 781 791 793 795 797 800 
83
25 32 36 51 64 70 74 76 80 81 89 93 
94 95 115 135 158 161 164 190 193 203 212 224 
250 263 267 278 287 301 318 323 332 341 347 352 
355 358 365 368 376 389 401 408 410 419 427 435 
437 453 454 464 467 479 494 506 517 528 534 541 
547 554 577 589 603 631 636 655 658 664 670 671 
675 677 711 717 723 753 758 772 781 793 800 
71
41 45 54 60 64 93 96 103 105 111 115 120 
137 140 164 165 167 174 175 191 271 274 277 284 
295 306 329 333 345 349 351 353 371 401 403 407 
421 427 455 459 469 474 476 507 514 523 540 553 
556 558 584 596 605 624 633 645 653 655 659 677 
705 707 708 734 743 751 754 758 775 781 787 
75
4 22 39 53 70 73 87 91 98 103 139 156 
158 167 180 198 217 234 238 239 259 262 272 280 
317 319 332 348 352 371 378 390 392 398 407 412 
420 459 485 489 499 502 520 523 545 546 561 565 
590 592 594 610 612 628 641 646 652 658 679 681 
699 707 709 732 734 736 748 749 772 774 776 788 
791 795 797 
79
3 11 16 22 34 39 71 74 92 101 122 153 
160 161 172 186 193 209 212 217 232 236 249 260 
263 266 273 285 286 289 293 329 342 361 362 392 
402 403 406 411 427 439 461 473 478 480 496 497 
498 504 511 529 550 567 569 573 578 594 603 646 
647 661 672 690 693 695 711 713 720 726 737 754 
760 773 777 780 787 791 793 
82
14 16 40 55 56 74 79 102 105 107 109 121 
132 154 155 162 163 176 181 182 198 213 215 243 
246 264 278 303 325 329 339 340 346 371 378 384 
395 403 404 410 416 423 438 444 451 456 473 486 
505 507 551 573 577 583 603 604 610 614 616 618 
622 623 624 626 628 630 643 649 656 661 664 672 
680 684 695 708 709 717 722 749 763 793 
69
2 29 36 44 100 103 126 129 136 154 166 168 
173 174 179 180 184 186 205 206 210 219 237 249 
262 274 302 311 322 331 380 413 452 463 473 474 
480 494 501 532 539 542 543 546 547 551 562 567 
572 588 590 610 639 668 669 671 673 684 695 696 
699 741 747 756 767 775 780 784 799 
80
13 21 23 28 32 40 53 82 84 88 94 103 
137 138 144 163 164 170 183 188 201 218 244 253 
256 264 315 330 340 346 353 356 357 359 360 373 
382 396 397 403 404 410 411 416 432 467 468 478 
482 483 490 508 524 546 551 561 569 572 578 579 
603 606 616 621 627 663 670 692 703 704 705 719 
720 738 752 756 763 768 774 789 
84
11 18 32 45 51 56 65 69 83 96 116 147 
153 174 193 197 210 221 237 247 258 260 264 273 
299 301 306 319 325 327 336 350 352 358 365 379 
383 394 396 398 399 441 446 452 456 485 486 493 
505 509 513 567 570 578 583 603 604 607 611 612 
614 625 639 642 643 649 666 667 677 691 702 712 
713 715 718 735 742 752 761 786 790 792 795 796 
76
5 11 23 25 42 45 70 74 79 84 115 119 
125 134 136 142 157 161 163 183 192 198 208 215 
221 228 237 240 245 251 260 263 274 286 294 298 
317 320 341 349 396 407 442 446 468 490 499 511 
513 514 527 528 537 577 581 582 592 594 613 621 
629 650 655 661 668 690 694 708 718 732 736 740 
742 764 798 800 
83
3 39 64 76 88 90 94 96 97 108 116 117 
129 134 138 154 156 159 168 184 197 208 231 235 
237 238 247 249 255 259 264 290 292 295 309 322 
336 346 350 352 353 406 422 440 443 448 451 452 
454 471 473 494 514 524 526 533 536 545 559 561 
576 577 597 605 616 620 623 626 630 636 643 675 
687 695 700 704 718 724 730 731 744 762 777 
71
2 10 62 67 71 95 107 117 144 146 148 156 
159 183 193 209 216 223 252 275 299 317 323 328 
334 338 359 365 371 394 397 408 420 435 446 459 
468 469 515 542 567 593 612 613 615 625 628 631 
633 642 644 650 652 661 667 689 693 698 713 722 
735 748 754 756 768 772 778 787 797 799 800 
77
8 9 15 19 25 26 55 64 71 91 96 99 
104 110 128 133 147 151 160 164 181 204 211 213 
218 231 246 254 276 320 349 358 366 370 395 403 
438 449 460 476 480 481 485 492 511 521 535 546 
556 563 571 580 584 591 596 626 633 636 648 663 
670 674 675 697 701 711 713 718 720 723 724 739 
765 783 790 794 795 
70
9 29 30 35 52 97 110 132 133 135 156 157 
165 166 180 186 212 237 246 260 261 265 273 307 
309 311 312 330 342 344 355 356 385 393 407 414 
429 437 445 450 454 456 457 461 475 501 503 508 
522 545 566 576 585 590 593 605 608 609 647 700 
706 743 751 756 766 769 777 781 786 794 
78
3 48 57 59 67 69 75 92 97 113 117 141 
169 172 178 183 185 192 207 209 215 231 265 273 
277 286 292 303 305 308 313 335 337 343 389 405 
409 412 428 429 444 460 463 465 472 497 501 507 
513 521 523 552 554 566 570 572 579 588 603 605 
608 611 639 641 658 682 691 692 696 708 717 724 
738 758 764 780 781 783 
77
4 7 13 28 30 43 44 47 52 62 64 81 
98 105 112 114 116 121 132 143 159 173 174 190 
194 199 206 207 208 217 245 262 288 296 317 320 
345 355 371 376 412 419 422 428 434 437 453 459 
501 511 534 561 582 588 606 607 614 617 621 637 
640 649 653 655 660 668 696 700 709 713 714 736 
743 764 765 770 782 
86
9 16 19 26 28 65 100 109 120 136 150 152 
153 158 170 172 174 194 196 208 214 249 253 263 
270 289 296 303 308 309 313 315 318 326 328 353 
378 385 388 418 425 435 437 440 443 481 482 485 
496 502 514 537 541 548 550 551 571 577 613 638 
643 650 652 656 663 676 681 683 699 702 708 716 
725 729 734 735 740 745 747 752 758 776 783 792 
794 795 
93
7 22 30 43 52 72 74 76 78 79 84 86 
89 101 104 107 114 115 129 132 139 141 162 165 
174 186 189 198 199 206 208 216 220 240 242 246 
294 307 310 313 316 317 322 333 341 355 359 366 
384 391 400 413 417 424 438 447 448 465 472 491 
497 524 547 550 552 559 562 584 598 604 606 612 
623 634 636 637 642 645 668 674 689 731 735 739 
740 743 744 747 762 765 769 791 796 
91
4 7 20 29 36 38 45 52 53 55 75 81 
90 91 101 106 107 108 110 114 116 130 133 140 
154 155 157 165 182 199 204 245 273 277 290 292 
304 335 354 361 364 370 384 413 417 426 430 433 
471 476 483 501 505 512 523 570 571 572 576 599 
605 606 610 611 622 628 630 639 640 645 649 656 
657 662 671 675 684 696 700 701 709 712 730 750 
755 759 778 783 790 794 798 
87
7 9 15 23 29 48 55 57 66 73 91 96 
109 134 141 143 146 159 160 169 178 184 209 222 
225 227 236 237 242 267 270 288 290 295 300 307 
313 356 369 371 376 418 442 443 445 446 470 480 
486 490 494 503 515 524 543 553 558 560 565 566 
567 569 573 578 579 593 615 635 636 665 669 681 
685 686 690 706 724 739 743 745 747 757 768 771 
785 787 795 
84
11 13 20 21 25 30 51 59 80 88 118 124 
126 137 142 143 168 177 183 195 196 209 215 222 
235 261 271 277 279 281 284 295 311 314 320 327 
333 340 345 355 359 368 369 396 397 412 413 414 
451 459 461 476 483 491 503 506 509 513 514 517 
525 532 533 540 544 576 583 592 606 612 621 668 
675 686 687 703 705 708 723 748 751 764 777 797 
80
1 12 15 18 20 21 23 31 66 71 74 105 
122 137 138 164 174 185 192 197 217 227 294 319 
328 333 350 362 363 371 393 400 401 434 448 453 
462 474 476 480 485 495 501 513 516 517 519 548 
556 561 569 598 600 616 617 631 634 635 645 652 
655 669 685 686 692 697 721 729 735 736 739 742 
743 745 748 752 754 762 793 799 
88
5 16 17 18 21 40 43 51 55 65 75 77 
99 118 139 141 161 178 181 187 191 205 213 221 
222 230 236 268 269 272 275 276 298 316 319 329 
334 355 382 396 411 432 448 455 500 502 505 509 
529 532 558 561 565 567 569 573 575 579 581 592 
601 607 609 618 624 633 638 649 650 657 669 685 
687 690 698 705 729 736 739 755 757 758 767 778 
779 784 786 794 
75
4 33 37 52 53 62 63 83 86 88 89 109 
112 128 155 177 193 207 209 217 218 226 238 242 
245 248 257 270 279 295 303 318 322 332 364 380 
405 413 417 428 430 435 437 445 455 464 490 494 
513 517 523 524 532 534 545 557 559 573 577 584 
591 601 620 623 626 638 640 651 675 720 745 756 
778 784 800 
80
21 40 42 60 79 85 86 94 105 109 112 115 
134 142 157 178 186 204 230 255 260 261 266 297 
315 322 332 360 363 378 379 387 388 408 409 416 
420 432 464 467 468 473 474 490 496 499 511 515 
516 535 542 562 565 567 568 606 610 624 631 651 
653 668 671 705 707 719 728 731 736 759 764 767 
768 781 783 786 787 791 793 797 
74
26 48 64 66 81 92 93 94 106 108 113 125 
127 128 130 133 139 146 151 170 185 193 199 206 
233 237 262 269 274 281 282 284 290 302 341 392 
409 421 439 440 456 459 463 470 473 494 498 514 
520 530 532 548 593 613 615 632 644 670 679 682 
687 700 705 715 728 729 730 733 741 746 755 756 
768 779 
88
5 16 29 37 105 131 139 142 184 193 204 235 
240 254 255 258 264 267 272 274 293 300 319 320 
333 338 339 344 353 356 369 374 384 387 388 390 
402 409 411 416 425 429 432 446 453 474 478 496 
500 502 511 521 529 537 544 546 551 552 555 579 
586 595 596 601 610 617 634 636 641 659 668 679 
681 687 706 708 719 723 725 727 742 750 753 775 
779 785 792 798 
74
3 5 11 12 30 38 49 69 77 86 90 98 
120 137 148 159 194 202 210 234 247 261 267 268 
272 278 285 299 305 312 329 341 346 349 358 378 
386 389 402 409 419 420 423 427 430 434 448 455 
460 485 507 512 517 521 527 528 529 556 570 604 
611 645 647 650 653 654 670 679 691 724 738 745 
776 790 
69
23 26 29 35 36 38 58 74 81 82 96 102 
106 114 123 131 133 140 141 146 181 187 189 260 
261 267 272 279 294 300 320 351 353 357 367 375 
379 380 392 446 455 481 485 492 496 525 532 541 
546 550 569 599 602 613 626 633 639 646 668 675 
699 711 713 720 725 731 740 745 768 
99
21 43 46 60 64 66 74 77 85 87 91 92 
126 131 136 142 146 148 150 151 161 168 185 186 
189 198 199 215 216 217 227 256 261 271 272 273 
277 281 287 290 300 312 314 325 326 327 332 345 
360 362 369 377 382 388 389 395 397 400 401 415 
438 439 444 455 460 463 465 472 479 484 488 491 
495 509 523 526 532 541 560 567 572 596 613 616 
625 641 646 653 681 701 709 714 726 746 748 751 
760 761 795 
81
14 20 24 30 48 59 78 79 86 88 93 121 
135 147 162 163 165 172 173 196 201 214 218 221 
224 249 267 268 276 290 316 317 321 324 353 357 
376 389 396 400 438 442 459 461 464 477 480 485 
488 499 514 531 532 545 577 592 608 609 615 617 
625 629 653 661 667 671 681 683 694 707 730 732 
734 735 741 756 758 762 768 774 776 
70
6 7 59 64 80 82 105 110 128 132 138 142 
156 181 187 212 224 246 277 278 280 291 297 308 
326 347 369 395 403 417 428 429 431 455 456 466 
471 482 489 504 510 517 536 549 554 555 560 565 
570 575 580 595 597 600 601 608 615 620 624 635 
644 651 655 720 730 738 741 756 769 790 
77
9 44 46 72 77 87 91 96 97 103 104 122 
136 139 172 191 206 207 209 212 216 218 219 223 
250 256 260 264 268 276 302 306 318 328 329 335 
341 359 360 392 398 415 423 424 436 442 461 471 
472 476 485 509 528 535 540 542 558 565 568 569 
570 583 609 629 635 652 655 657 677 691 713 722 
749 757 779 787 796 
82
1 6 11 16 19 21 25 27 33 34 40 44 
76 78 88 89 108 111 121 122 125 128 152 162 
195 214 220 230 260 261 271 284 287 300 310 314 
320 323 330 344 360 363 379 382 406 418 426 432 
438 444 446 454 488 520 531 536 538 541 549 553 
565 587 604 609 612 618 646 649 660 669 672 715 
719 721 724 736 741 764 778 780 781 794 
81
5 8 16 38 43 46 53 85 91 104 111 127 
133 137 142 145 162 166 172 184 207 214 222 235 
240 257 294 301 315 340 364 368 396 399 410 412 
418 433 440 443 454 455 469 473 479 488 503 506 
508 516 517 522 523 528 531 534 580 590 595 600 
609 613 624 627 637 639 649 666 685 688 724 725 
745 748 763 771 779 784 789 792 800 
68
10 52 61 65 87 90 91 99 119 141 157 158 
162 178 204 208 219 225 229 240 251 258 262 280 
282 290 291 300 308 312 329 341 347 349 361 373 
387 406 449 450 454 462 488 498 502 524 527 539 
563 582 588 614 615 634 639 645 648 656 671 672 
681 683 709 737 750 757 768 787 
87
6 19 26 35 67 82 83 90 94 96 116 117 
118 125 130 143 154 157 171 195 215 216 219 222 
233 239 242 243 261 262 266 271 283 287 290 305 
330 331 333 340 369 374 382 389 390 398 411 417 
436 445 450 458 477 500 507 515 516 521 538 550 
551 552 566 595 605 633 640 645 649 672 673 682 
699 707 716 721 724 727 736 742 744 748 757 764 
787 790 793 
85
22 25 28 37 38 58 63 67 108 110 114 124 
126 136 137 140 141 147 154 157 161 167 181 186 
192 194 209 212 216 217 218 231 248 249 264 274 
300 305 312 314 316 319 321 325 344 345 359 383 
387 395 398 423 445 471 478 484 492 498 501 502 
518 529 545 554 562 568 581 584 587 606 609 612 
622 627 667 678 704 709 729 732 740 756 763 784 
794 
87
1 3 5 9 13 14 18 33 69 73 76 82 
89 102 107 134 150 166 187 189 194 209 210 235 
237 249 252 259 265 272 275 276 280 290 305 321 
327 335 342 356 376 377 380 384 387 389 404 410 
417 436 437 444 463 483 487 491 508 531 546 555 
582 583 585 589 595 602 604 606 631 662 672 674 
689 691 716 723 724 732 734 749 755 759 764 775 
777 795 798 
73
6 21 28 31 44 48 52 62 64 76 94 101 
112 113 130 143 146 153 156 176 193 194 202 209 
221 230 243 249 251 259 273 300 301 302 312 315 
319 324 344 369 370 431 438 443 446 447 455 467 
473 482 487 515 517 519 524 529 552 568 571 576 
597 602 608 614 619 638 640 644 688 703 733 792 
797 
85
1 9 12 23 29 37 45 48 51 67 72 74 
85 97 98 100 119 128 134 147 164 165 173 186 
208 212 213 221 224 230 231 235 273 298 301 335 
338 346 347 348 349 352 355 369 385 393 397 432 
435 444 448 450 451 454 466 485 496 503 512 516 
534 535 540 543 574 582 608 613 616 617 636 652 
653 668 671 703 713 739 741 756 771 774 779 787 
789 
83
1 11 18 43 44 46 53 54 57 72 77 97 
120 122 127 167 175 183 195 197 206 236 240 243 
244 248 253 289 293 297 301 307 317 318 320 348 
351 354 365 371 374 392 396 401 405 413 430 446 
452 461 472 473 485 502 508 531 537 543 552 557 
584 592 595 599 606 608 610 614 617 620 633 635 
661 691 702 718 727 756 778 788 794 796 797 
79
11 13 15 53 61 69 72 75 96 109 123 125 
141 160 165 168 175 181 197 204 210 243 276 290 
296 299 305 306 313 317 318 324 334 362 363 365 
394 400 402 408 415 416 460 466 471 477 486 495 
533 552 554 557 566 567 580 582 589 590 600 604 
608 610 625 630 633 654 656 660 665 672 678 692 
709 716 731 752 755 779 780 
83
1 16 18 22 42 48 49 80 97 103 104 116 
125 134 137 144 156 164 184 186 245 246 248 251 
255 257 263 282 292 325 333 346 349 387 391 399 
406 415 426 431 437 446 451 457 461 462 464 467 
474 477 485 488 523 526 550 567 570 576 597 611 
615 619 624 631 633 639 656 666 680 691 699 706 
726 735 738 739 749 760 761 762 763 767 776 
74
3 6 12 31 49 58 60 66 106 112 116 118 
141 143 154 165 167 184 200 216 236 250 251 258 
290 314 316 317 336 350 359 393 416 434 464 467 
483 489 507 516 535 536 540 546 553 558 561 574 
586 590 594 596 598 604 622 630 638 643 659 663 
664 682 692 711 715 723 732 740 743 747 767 772 
790 794 
68
11 45 56 64 87 89 98 106 122 149 169 170 
180 182 189 191 198 200 205 238 271 272 277 303 
305 317 318 321 328 343 359 376 389 400 414 431 
445 466 499 506 507 510 521 536 541 544 562 572 
590 592 604 610 625 629 630 686 694 699 710 712 
724 729 733 737 758 765 769 781 
77
6 43 46 49 52 54 55 63 76 78 86 90 
113 119 124 125 129 132 133 165 171 177 181 186 
187 190 195 225 233 250 253 255 259 267 268 276 
293 300 308 309 368 371 379 381 393 404 408 412 
444 450 451 458 460 545 570 573 586 602 605 607 
615 617 629 634 659 684 705 708 721 727 740 755 
765 784 795 796 800 
66
10 25 30 47 56 68 83 89 99 102 114 126 
151 160 161 167 206 208 221 256 261 281 288 297 
299 327 328 337 340 365 371 374 382 400 416 420 
421 446 455 456 463 471 497 518 555 604 610 617 
629 649 651 652 677 686 696 698 716 729 731 733 
758 767 776 783 786 796 
83
10 13 20 26 39 42 46 57 95 106 116 119 
122 140 147 149 150 164 170 172 179 198 205 219 
222 235 268 292 306 307 310 318 329 333 343 349 
376 379 380 426 433 434 436 444 455 461 465 466 
481 495 500 506 517 532 538 563 598 610 614 620 
623 624 640 644 651 655 659 665 669 670 683 686 
703 722 724 739 740 771 775 779 780 794 795 
82
9 23 34 57 59 108 137 139 157 162 187 199 
212 220 227 237 238 242 243 265 270 276 283 289 
290 303 311 322 323 329 330 332 338 342 345 358 
362 363 377 379 398 409 421 425 426 448 474 480 
483 497 498 500 527 546 550 564 566 568 577 578 
579 626 630 634 641 649 654 666 677 705 706 709 
712 717 736 738 763 772 774 779 780 791 
54
23 65 103 152 163 166 179 185 203 205 213 217 
219 268 288 299 314 324 344 352 354 358 360 366 
370 408 412 452 457 493 502 505 520 538 540 552 
553 575 589 602 608 615 619 629 638 647 659 685 
687 689 690 706 792 795 
90
27 30 55 66 72 80 103 117 122 151 162 175 
191 208 212 215 225 226 236 249 251 254 266 268 
273 299 303 317 326 328 338 358 361 366 371 389 
396 412 435 440 448 449 452 486 495 497 512 523 
534 541 542 544 555 563 565 567 570 590 592 595 
613 618 619 626 636 640 652 654 655 656 657 662 
670 683 686 695 700 709 710 713 740 741 743 748 
769 770 775 780 784 796 
76
7 26 27 34 39 63 76 80 85 99 110 114 
115 119 130 131 137 152 160 192 211 214 217 218 
220 230 232 234 239 251 256 258 296 297 303 335 
342 358 361 399 408 420 421 427 463 471 481 491 
521 529 545 566 587 591 595 615 624 627 647 675 
679 690 713 724 726 731 735 754 757 759 774 778 
781 783 784 786 
86
22 30 56 57 67 74 88 96 102 115 118 135 
139 148 150 157 159 195 200 202 213 225 235 239 
255 259 262 268 272 280 284 295 300 301 317 331 
347 387 401 411 422 425 466 480 482 484 488 492 
494 497 507 517 538 558 559 564 565 567 576 579 
617 621 622 631 634 640 643 647 662 695 700 707 
708 713 723 725 727 729 744 749 777 780 781 784 
790 796 
88
1 16 20 40 72 75 80 93 100 101 105 110 
128 137 141 164 167 172 173 210 212 217 218 221 
271 272 273 278 279 286 290 320 327 331 335 336 
346 358 359 364 375 379 382 386 390 392 401 402 
417 422 427 446 460 461 468 476 480 487 515 539 
540 546 557 572 573 583 588 594 596 606 614 633 
643 662 665 674 685 688 690 710 713 724 731 738 
747 775 776 777 
78
27 30 61 62 64 66 95 104 108 127 134 156 
163 168 177 182 188 189 202 221 237 240 246 264 
268 269 272 276 304 309 315 360 386 404 405 414 
419 420 428 432 442 446 453 457 508 509 517 525 
529 540 542 553 571 583 596 605 608 609 611 620 
621 626 663 670 672 679 681 694 729 735 739 741 
742 749 755 759 770 791 
71
21 34 39 42 54 57 62 96 109 112 137 140 
149 153 178 179 194 202 212 227 232 239 242 245 
247 254 261 262 269 311 327 379 394 419 425 448 
449 467 479 480 484 486 487 489 491 492 517 523 
574 603 605 617 629 630 648 670 675 690 691 692 
713 723 724 743 752 763 764 766 768 790 792 
63
2 19 52 55 67 78 101 106 112 113 129 139 
157 163 204 206 208 234 238 243 252 270 280 290 
299 305 313 315 336 356 407 411 419 422 441 459 
462 502 527 538 541 543 584 606 608 609 625 629 
655 669 671 692 715 716 729 730 731 732 739 742 
773 783 785 
82
46 49 50 62 64 98 105 109 122 141 145 152 
161 169 177 178 188 191 195 207 209 210 212 217 
227 240 241 254 255 268 274 277 286 291 298 309 
311 315 320 323 329 338 343 350 353 381 390 424 
436 449 469 471 472 490 497 516 524 556 558 581 
582 634 637 650 656 673 677 678 691 699 703 710 
714 726 727 736 739 771 776 786 787 797 
83
19 20 25 33 42 54 71 73 86 88 100 101 
102 112 122 123 124 126 142 150 157 165 169 175 
183 198 207 209 222 232 244 320 325 342 344 350 
370 376 379 394 397 406 409 414 426 428 445 448 
463 469 480 482 493 507 509 511 514 525 530 534 
540 592 593 629 639 640 660 661 676 682 683 691 
694 714 732 733 755 756 775 785 787 795 796 
80
9 15 19 31 39 61 63 75 105 109 110 119 
123 144 153 161 183 188 190 194 204 205 206 207 
229 256 261 277 283 289 310 322 344 347 362 363 
366 384 395 396 398 406 413 415 425 432 434 440 
454 488 495 533 542 547 553 569 570 572 574 576 
589 601 602 606 613 621 634 651 690 702 716 720 
727 734 745 749 757 776 785 799 
74
1 9 21 24 26 45 46 53 57 68 78 91 
97 98 102 108 128 142 147 154 157 171 211 232 
237 271 273 287 293 294 295 296 305 316 329 337 
360 377 383 390 410 422 433 437 441 449 474 483 
488 524 549 550 552 618 621 646 649 652 672 685 
702 708 711 713 726 736 740 741 751 756 759 766 
780 788 
85
17 26 53 55 62 64 70 91 101 102 107 108 
112 122 131 137 140 167 170 193 200 206 208 217 
238 255 288 290 298 301 302 303 311 316 320 347 
348 352 361 379 392 402 410 431 444 452 467 469 
477 478 479 483 492 497 504 513 529 541 560 561 
567 574 576 585 589 591 612 620 642 644 648 666 
668 669 674 700 704 708 710 734 737 753 757 780 
791 
87
6 17 30 41 46 56 62 68 77 98 102 109 
114 117 123 125 135 139 147 158 161 163 167 171 
172 177 199 201 219 225 226 227 254 262 268 289 
294 317 319 339 341 353 356 371 392 401 402 434 
459 468 469 476 482 485 486 498 505 513 527 569 
572 582 585 599 607 608 613 640 645 653 654 655 
656 677 683 686 691 696 701 705 715 717 725 756 
776 778 782 
72
19 20 27 51 72 77 79 108 115 146 148 149 
173 186 191 216 218 223 234 249 258 260 268 274 
276 293 296 305 312 313 325 326 340 341 393 404 
405 407 412 414 421 428 439 443 463 493 497 499 
500 532 534 538 539 544 573 597 607 608 610 614 
643 657 676 687 705 709 722 724 746 753 762 763 
89
2 5 13 19 21 23 24 25 32 47 57 79 
88 92 97 100 101 108 109 111 139 145 165 183 
184 185 191 208 211 216 223 236 237 238 241 248 
250 252 258 262 270 279 280 311 326 335 338 359 
370 389 397 402 413 444 450 458 471 472 475 492 
499 504 512 513 534 539 547 574 585 625 642 643 
672 675 679 691 693 697 698 704 727 733 735 740 
776 784 793 797 800 
83
1 16 40 45 65 73 75 83 87 98 101 106 
111 114 149 172 173 185 205 216 231 238 242 248 
256 258 260 280 303 306 309 310 314 318 330 338 
346 388 390 402 419 420 424 431 441 443 447 452 
463 474 475 498 503 513 538 547 548 560 563 566 
568 578 587 600 609 628 631 656 687 688 693 707 
709 710 717 726 729 743 750 770 776 779 784 
78
17 18 21 38 45 67 68 89 104 115 120 141 
154 156 169 175 177 178 182 198 202 223 225 226 
249 272 278 284 288 302 314 316 321 323 324 330 
336 368 369 381 401 417 419 421 441 448 457 475 
482 496 507 512 518 520 524 525 543 565 569 582 
583 589 598 606 609 627 661 669 701 711 722 732 
750 752 753 787 794 800 
73
7 33 42 46 56 116 118 123 124 140 155 163 
165 183 185 240 248 249 265 291 300 305 315 322 
326 331 334 342 399 402 409 441 448 456 461 467 
469 474 484 490 499 501 524 535 539 541 580 588 
596 597 601 602 611 624 626 627 632 637 676 693 
706 712 716 718 722 729 735 750 755 756 759 770 
777 
72
8 12 18 42 43 60 72 76 79 100 104 134 
167 176 177 202 206 208 214 218 228 241 281 291 
292 307 309 317 319 328 333 342 347 352 354 364 
365 372 383 406 407 408 423 433 458 480 498 504 
536 542 565 569 570 613 628 641 654 673 679 689 
690 693 696 701 711 740 741 757 761 772 792 794 
73
1 31 35 36 39 46 59 70 90 107 111 117 
144 150 158 162 165 171 181 193 203 206 208 217 
250 257 260 274 292 293 302 308 316 319 332 338 
343 351 375 386 395 414 419 427 428 435 470 479 
489 490 502 505 553 573 576 586 587 648 657 678 
679 690 710 717 722 730 731 743 749 757 766 786 
789 
79
5 22 26 60 65 71 73 81 110 123 129 151 
155 161 164 165 166 167 170 183 204 215 225 228 
240 259 264 276 305 318 330 335 339 359 373 382 
417 440 446 457 459 480 482 505 510 522 524 539 
546 554 560 566 575 577 583 612 622 630 633 635 
637 638 651 652 659 669 679 680 682 684 713 716 
727 728 731 750 780 782 787 
75
7 9 18 29 38 39 52 75 81 101 102 110 
117 133 152 153 158 167 177 181 182 183 200 236 
264 272 277 289 293 300 310 313 331 332 344 346 
374 377 410 417 434 444 450 454 460 470 477 489 
505 538 543 568 572 582 603 611 624 625 627 635 
646 647 656 662 680 688 720 731 732 734 735 741 
781 792 794 
82
30 39 62 81 86 102 107 108 116 125 137 145 
147 151 163 164 167 180 183 190 198 201 207 212 
227 228 250 251 253 277 281 286 296 302 303 309 
339 353 354 357 376 390 400 414 415 435 449 481 
494 495 509 513 514 542 545 550 556 566 571 572 
576 577 586 588 605 622 627 637 649 673 685 696 
699 714 719 727 739 746 761 769 780 789 
93
5 6 19 45 61 75 84 101 123 131 133 135 
136 142 150 167 176 186 205 206 207 208 218 227 
240 241 254 266 267 275 277 279 283 296 302 308 
322 327 330 333 341 360 365 376 389 395 408 412 
416 418 432 436 450 459 466 475 495 496 498 502 
513 514 525 541 547 578 580 581 601 621 628 642 
666 670 672 694 695 696 699 701 711 720 721 732 
750 765 773 775 778 783 792 799 800 
89
1 10 15 19 22 25 37 53 75 77 78 96 
123 131 141 151 181 188 198 206 213 214 222 237 
244 247 250 262 280 287 289 303 306 310 316 329 
342 358 365 378 383 384 409 421 425 436 441 446 
457 465 482 484 489 491 499 508 518 526 548 552 
553 557 561 562 567 568 593 604 610 621 641 644 
650 653 656 660 664 671 688 692 695 721 731 741 
747 781 784 788 793 
86
4 12 23 26 36 50 56 61 74 81 82 84 
112 132 145 152 158 159 163 204 210 226 229 254 
265 281 291 301 310 322 328 329 332 353 354 367 
376 380 388 399 407 415 417 419 426 459 467 485 
487 488 491 495 501 504 517 533 534 541 546 548 
578 581 593 600 603 604 606 611 632 637 638 652 
676 679 696 700 735 751 753 755 756 758 771 777 
792 796 
66
21 22 35 38 48 52 75 79 80 105 134 137 
152 180 199 221 239 259 285 294 315 323 335 339 
351 366 381 384 403 409 419 433 455 456 461 464 
475 486 492 499 532 533 561 573 580 581 589 608 
610 611 620 641 646 647 648 649 656 658 673 707 
713 726 731 743 791 797 
82
2 11 14 42 51 54 85 92 98 101 104 106 
130 140 152 154 170 196 202 207 217 221 228 235 
236 267 270 275 278 282 296 299 305 318 321 336 
338 339 341 358 359 371 380 402 406 411 418 432 
433 441 442 443 459 468 477 487 488 550 551 612 
619 621 625 626 632 633 660 661 665 678 747 748 
750 753 758 764 768 779 782 792 793 799 
70
1 30 34 43 52 69 76 79 93 105 120 141 
151 169 188 197 199 238 240 241 242 243 268 296 
299 317 319 330 355 363 370 391 393 395 396 397 
398 433 436 437 455 463 478 479 486 488 500 504 
510 516 541 551 565 577 606 624 625 638 652 673 
697 703 725 728 743 759 764 767 770 783 
86
13 16 19 29 36 37 51 57 102 118 129 141 
145 149 157 170 181 198 209 211 212 242 250 253 
278 293 298 305 306 321 325 333 334 336 341 363 
367 376 379 385 388 392 401 413 423 429 432 434 
444 448 474 476 478 505 506 517 525 529 530 531 
536 538 556 561 562 593 596 597 611 617 622 645 
656 657 662 667 668 676 684 685 700 738 758 784 
786 796 
76
7 19 41 57 66 79 81 88 95 118 123 130 
189 204 212 217 218 224 228 229 230 236 271 278 
291 296 311 332 345 349 360 363 390 408 424 426 
439 444 458 469 488 500 501 517 548 552 557 561 
583 585 596 610 611 614 624 634 646 653 665 675 
676 684 687 702 708 709 710 715 717 729 740 741 
764 770 790 792 
85
28 37 47 51 64 80 95 107 128 141 156 183 
187 195 209 210 232 260 261 265 294 299 301 313 
324 326 329 331 351 357 363 365 366 377 381 382 
430 476 481 482 486 490 502 536 539 541 555 573 
575 577 585 586 589 600 608 612 623 626 627 632 
637 643 648 653 660 681 682 684 685 693 709 712 
720 730 736 738 749 760 767 769 775 787 789 797 
799 
78
22 32 42 62 65 76 88 125 133 135 145 149 
153 158 160 162 170 183 208 212 216 237 254 323 
328 334 336 341 349 351 354 360 363 365 375 385 
399 400 406 423 427 434 435 438 442 443 450 457 
459 465 471 472 476 481 494 502 515 523 532 553 
560 576 586 606 617 618 657 687 692 695 702 704 
733 754 759 760 781 789 
92
6 10 11 13 24 32 46 57 61 68 85 89 
92 95 106 113 131 161 162 164 166 217 227 228 
236 238 243 250 252 254 262 272 273 286 289 322 
333 339 342 349 352 365 366 375 396 427 431 446 
458 481 489 494 498 509 523 535 536 540 553 566 
571 572 578 600 610 614 616 619 629 630 645 649 
654 658 675 676 684 698 707 710 714 715 719 733 
735 736 746 750 755 767 783 800 
96
1 6 19 26 28 32 33 37 47 64 67 109 
114 125 149 170 174 182 197 204 211 219 231 243 
251 260 265 288 296 298 305 320 322 328 332 334 
341 351 358 377 386 387 392 396 403 408 410 414 
426 439 446 449 459 467 480 489 499 500 505 509 
510 515 518 527 528 543 546 556 567 569 572 575 
598 612 618 623 646 647 650 651 656 671 674 685 
689 706 708 716 742 746 750 754 755 778 784 800 
76
1 23 33 38 45 64 67 92 96 109 111 117 
120 132 149 167 170 172 177 188 196 201 208 212 
228 231 249 254 273 282 289 306 315 324 353 362 
366 380 381 398 399 428 432 433 437 445 459 479 
480 484 492 533 541 547 552 554 560 567 570 575 
577 597 598 610 668 704 708 725 743 744 745 757 
761 779 783 795 
89
6 12 22 42 45 50 72 79 84 87 95 98 
105 106 109 110 126 127 129 133 135 140 141 155 
156 166 200 216 236 248 253 255 258 262 268 291 
298 318 322 332 335 338 342 367 370 377 384 386 
388 392 401 406 452 458 493 495 496 498 508 519 
532 538 543 544 545 552 555 557 559 565 577 586 
637 654 656 673 674 680 691 716 719 729 734 736 
778 780 790 793 800 
84
9 13 19 58 73 76 83 88 90 102 113 117 
118 125 184 194 196 198 200 205 207 209 210 227 
230 232 238 240 245 248 255 258 278 286 300 303 
305 312 318 326 327 343 358 360 365 367 370 374 
391 407 420 423 453 467 471 473 475 529 563 564 
568 576 579 581 589 596 598 600 624 635 653 664 
681 686 691 698 726 747 753 756 759 777 797 800 
82
15 34 37 40 83 95 116 120 124 131 151 157 
166 172 176 185 191 192 197 215 216 217 220 242 
246 248 259 290 300 342 345 370 377 387 397 401 
415 423 439 447 449 458 462 470 473 483 486 497 
522 540 544 545 567 569 576 579 583 595 597 604 
628 629 638 648 649 663 668 678 682 689 695 697 
701 706 707 710 713 719 761 762 778 789 
80
5 11 14 15 18 43 49 50 64 72 75 107 
111 112 118 121 131 136 138 148 171 184 186 196 
197 199 203 208 257 267 289 309 319 324 349 362 
376 387 392 406 418 428 437 446 448 453 464 471 
473 476 478 491 512 515 522 538 549 559 606 625 
629 638 655 658 660 681 702 715 719 724 737 743 
762 763 766 767 779 784 787 793 
85
3 8 9 11 28 30 32 40 52 55 64 80 
88 101 113 128 135 138 141 142 148 149 158 168 
172 203 207 208 227 230 257 264 266 274 278 279 
289 293 295 301 304 324 332 333 336 337 340 368 
370 384 406 417 447 479 510 511 513 519 524 538 
551 563 573 591 602 603 606 608 609 630 637 639 
650 672 692 717 730 739 755 764 779 787 788 790 
798 
85
7 8 25 40 41 45 49 55 64 74 107 118 
128 143 147 153 159 162 165 168 170 187 191 209 
213 245 255 285 286 299 323 328 329 346 361 370 
379 380 391 394 401 415 431 436 454 470 480 499 
512 523 526 529 540 542 551 561 563 571 574 577 
583 613 621 627 629 630 654 668 700 702 707 735 
743 747 756 763 768 770 774 778 787 789 790 792 
794 
77
4 7 36 67 75 80 99 117 121 126 134 139 
155 171 172 178 179 195 201 243 254 256 260 273 
279 297 304 306 310 328 334 340 348 354 361 362 
364 366 376 379 386 399 404 411 424 436 463 473 
478 483 487 515 526 543 557 566 569 597 600 603 
610 613 616 618 619 631 632 666 673 696 715 745 
769 786 791 797 799 
82
5 6 14 16 25 28 41 46 57 60 62 79 
83 91 137 138 143 146 166 167 196 211 214 224 
228 229 232 234 246 257 264 269 277 282 297 302 
309 311 325 330 346 351 378 402 407 410 412 414 
417 431 439 446 459 463 464 518 524 528 553 556 
568 575 620 624 627 672 692 694 700 713 714 716 
727 733 738 741 769 776 782 783 792 799 
71
11 13 15 25 26 28 31 36 62 96 100 112 
123 124 131 141 151 152 153 219 225 252 270 276 
289 293 302 308 333 345 353 355 363 366 368 373 
382 399 419 424 440 446 450 462 463 483 486 487 
492 512 521 526 532 539 547 558 562 568 621 623 
628 641 701 702 748 750 752 754 763 792 796 
74
3 13 23 25 28 36 64 66 67 77 110 119 
123 139 140 145 149 162 165 166 169 215 219 235 
256 257 278 290 292 296 299 303 317 318 331 344 
353 355 373 378 379 394 436 442 460 462 471 478 
486 503 508 522 523 527 567 571 575 577 579 616 
639 640 645 646 652 695 707 710 725 726 732 751 
771 794 
69
2 7 23 32 63 68 94 122 124 129 131 144 
153 165 168 178 179 181 228 243 256 269 273 276 
277 286 311 331 350 394 417 421 427 442 444 445 
453 458 460 461 464 477 492 515 545 547 562 573 
619 620 630 636 646 660 666 667 669 680 684 690 
703 710 713 738 739 744 775 791 792 
73
3 9 13 14 21 27 83 92 97 102 103 109 
136 139 143 147 160 176 183 188 230 245 246 249 
267 268 281 283 320 352 354 371 376 397 411 416 
420 445 449 452 478 483 485 508 509 517 545 556 
557 560 565 576 577 582 584 620 631 637 639 642 
643 653 667 712 714 721 729 735 743 751 768 770 
791 
68
9 24 27 47 56 60 69 99 121 135 138 143 
183 212 213 223 245 254 273 283 293 315 321 328 
351 354 382 389 391 392 395 403 406 411 417 418 
419 423 434 447 469 470 480 484 489 506 511 517 
527 543 559 560 564 587 613 614 616 632 639 666 
671 705 710 717 718 738 746 760 
66
48 61 88 95 98 102 103 123 147 158 169 189 
203 207 217 220 224 235 259 262 263 272 277 296 
312 343 344 350 368 400 409 421 430 434 444 446 
471 473 513 537 555 572 580 584 586 597 602 630 
650 653 669 671 678 682 716 722 731 733 755 764 
765 767 768 773 788 794 
76
8 11 20 25 42 78 92 122 140 144 152 155 
161 180 197 202 208 222 231 262 267 270 280 284 
292 310 318 323 326 333 334 354 365 376 397 399 
401 408 412 453 455 462 467 475 482 510 529 531 
533 534 540 544 545 551 586 587 591 594 612 617 
622 626 639 648 652 654 666 667 672 674 686 689 
707 745 748 768 
63
5 15 16 26 56 58 60 94 100 104 125 149 
180 196 197 217 228 264 267 270 291 293 299 335 
338 343 346 363 367 374 376 378 396 403 406 411 
438 443 494 495 502 521 548 553 554 576 585 590 
623 646 652 662 701 712 718 721 734 739 753 759 
773 780 791 
73
18 23 27 29 34 36 37 45 53 54 65 68 
79 81 82 86 91 96 124 133 142 168 181 187 
190 193 201 205 213 227 233 236 241 260 267 282 
313 316 318 358 372 380 388 389 395 397 400 438 
453 471 512 516 524 546 565 574 578 581 600 613 
638 647 669 675 688 713 725 738 751 752 759 777 
793 
73
1 12 14 18 21 39 40 43 45 64 87 92 
103 107 112 115 123 147 159 178 198 201 260 267 
293 315 316 320 323 335 336 357 377 397 404 413 
416 424 470 475 491 496 525 530 533 534 539 554 
557 561 579 580 593 597 600 602 617 619 623 637 
646 650 659 670 679 690 711 729 746 747 776 783 
784 
85
24 34 38 45 48 57 59 68 70 79 83 84 
85 129 152 159 164 165 173 190 197 204 234 241 
254 258 273 301 314 330 336 347 353 374 382 383 
388 389 390 403 408 420 423 430 432 435 440 442 
447 460 463 469 470 482 492 501 536 542 563 568 
586 597 598 604 611 624 634 638 655 659 679 691 
693 696 709 736 737 742 748 755 766 773 782 788 
795 
82
1 2 7 24 31 33 38 46 47 67 73 82 
84 86 104 122 123 140 141 143 153 159 166 168 
190 193 201 214 216 219 222 224 238 272 287 289 
308 316 318 324 335 350 356 357 364 373 385 409 
416 428 446 452 453 482 493 522 525 533 534 536 
539 552 556 563 566 579 582 584 590 617 618 666 
678 686 716 723 724 745 753 774 783 790 
80
3 10 13 18 19 27 43 54 56 60 68 76 
79 83 84 91 93 100 104 110 117 143 148 165 
168 181 188 202 214 230 233 246 259 261 271 272 
278 280 286 314 319 335 337 343 352 367 369 377 
378 380 381 435 451 464 479 492 496 503 515 532 
533 535 571 594 604 634 658 685 689 697 706 708 
712 719 748 752 755 765 773 779 
83
1 6 20 23 25 39 47 79 91 101 108 133 
136 144 146 147 156 161 163 177 193 202 213 233 
247 257 261 262 271 292 297 300 321 341 345 348 
358 359 361 362 377 379 386 388 398 413 429 431 
439 453 465 491 492 498 507 550 565 566 567 579 
582 592 596 598 600 601 603 628 632 646 649 650 
662 668 672 694 704 739 740 745 750 752 770 
86
1 6 16 63 66 79 94 103 117 124 142 143 
150 151 157 160 165 177 182 218 231 239 263 295 
307 316 318 324 326 341 349 350 352 361 364 368 
373 375 380 387 403 412 414 415 424 446 451 456 
459 460 471 478 488 491 495 512 527 540 543 547 
550 554 555 564 575 586 587 597 618 631 634 637 
646 651 663 674 681 687 699 718 725 737 741 744 
749 769 
85
1 11 37 41 47 49 54 59 65 66 71 76 
78 81 112 117 147 153 169 173 177 202 215 216 
217 231 267 275 276 277 283 296 304 316 331 364 
368 371 387 393 401 418 431 436 446 465 477 486 
492 497 507 517 542 543 544 556 578 598 613 616 
624 631 637 644 647 651 660 663 664 672 680 687 
688 702 713 717 737 741 751 754 756 757 759 765 
771 
76
14 15 16 29 34 61 62 70 83 87 90 100 
114 116 123 128 173 190 193 199 218 234 255 276 
279 295 302 304 312 326 337 350 363 376 377 417 
432 440 452 476 480 487 488 489 494 500 505 508 
519 526 544 546 552 569 593 601 614 620 621 627 
636 640 658 661 674 678 682 685 704 710 719 723 
733 744 776 800 
