200 800
1 1 1 1 1 1 1 1 1 1 1 1 
1 1 1 1 1 1 1 1 1 1 1 1 
1 1 1 1 1 1 1 1 1 1 1 1 
1 1 1 1 1 1 1 1 1 1 1 1 
1 1 1 1 1 1 1 1 1 1 1 1 
1 1 1 1 1 1 1 1 1 1 1 1 
1 1 1 1 1 1 1 1 1 1 1 1 
1 1 1 1 1 1 1 1 1 1 1 1 
1 1 1 1 1 1 1 1 1 1 1 1 
1 1 1 1 1 1 1 1 1 1 1 1 
1 1 1 1 1 1 1 1 1 1 1 1 
1 1 1 1 1 1 1 1 1 1 1 1 
1 1 1 1 1 1 1 1 1 1 1 1 
1 1 1 1 1 1 1 1 1 1 1 1 
1 1 1 1 1 1 1 1 1 1 1 1 
1 1 1 1 1 1 1 1 1 1 1 1 
1 1 1 1 1 1 1 1 1 1 1 1 
1 1 1 1 1 1 1 1 1 1 1 1 
1 1 1 1 1 1 1 1 1 1 1 1 
1 1 1 1 1 1 1 1 1 1 1 1 
1 1 1 1 1 1 1 1 1 1 1 1 
1 1 1 1 1 1 1 1 1 1 1 1 
1 1 1 1 1 1 1 1 1 1 1 1 
1 1 1 1 1 1 1 1 1 1 1 1 
1 1 1 1 1 1 1 1 1 1 1 1 
1 1 1 1 1 1 1 1 1 1 1 1 
1 1 1 1 1 1 1 1 1 1 1 1 
1 1 1 1 1 1 1 1 1 1 1 1 
1 1 1 1 1 1 1 1 1 1 1 1 
1 1 1 1 1 1 1 1 1 1 1 1 
1 1 1 1 1 1 1 1 1 1 1 1 
1 1 1 1 1 1 1 1 1 1 1 1 
1 1 1 1 1 1 1 1 1 1 1 1 
1 1 1 1 1 1 1 1 1 1 1 1 
1 1 1 1 1 1 1 1 1 1 1 1 
1 1 1 1 1 1 1 1 1 1 1 1 
1 1 1 1 1 1 1 1 1 1 1 1 
1 1 1 1 1 1 1 1 1 1 1 1 
1 1 1 1 1 1 1 1 1 1 1 1 
1 1 1 1 1 1 1 1 1 1 1 1 
1 1 1 1 1 1 1 1 1 1 1 1 
1 1 1 1 1 1 1 1 1 1 1 1 
1 1 1 1 1 1 1 1 1 1 1 1 
1 1 1 1 1 1 1 1 1 1 1 1 
1 1 1 1 1 1 1 1 1 1 1 1 
1 1 1 1 1 1 1 1 1 1 1 1 
1 1 1 1 1 1 1 1 1 1 1 1 
1 1 1 1 1 1 1 1 1 1 1 1 
1 1 1 1 1 1 1 1 1 1 1 1 
1 1 1 1 1 1 1 1 1 1 1 1 
1 1 1 1 1 1 1 1 1 1 1 1 
1 1 1 1 1 1 1 1 1 1 1 1 
1 1 1 1 1 1 1 1 1 1 1 1 
1 1 1 1 1 1 1 1 1 1 1 1 
1 1 1 1 1 1 1 1 1 1 1 1 
1 1 1 1 1 1 1 1 1 1 1 1 
1 1 1 1 1 1 1 1 1 1 1 1 
1 1 1 1 1 1 1 1 1 1 1 1 
1 1 1 1 1 1 1 1 1 1 1 1 
1 1 1 1 1 1 1 1 1 1 1 1 
1 1 1 1 1 1 1 1 1 1 1 1 
1 1 1 1 1 1 1 1 1 1 1 1 
1 1 1 1 1 1 1 1 1 1 1 1 
1 1 1 1 1 1 1 1 1 1 1 1 
1 1 1 1 1 1 1 1 1 1 1 1 
1 1 1 1 1 1 1 1 1 1 1 1 
1 1 1 1 1 1 1 1 
243
7 10 25 30 31 32 37 38 40 42 44 46 
50 59 63 68 70 75 76 82 83 88 90 91 
98 102 105 106 116 122 127 128 129 130 135 137 
139 142 143 150 151 153 155 159 164 167 170 174 
179 181 184 190 193 195 196 204 205 206 214 216 
217 220 221 225 227 229 230 231 233 235 238 242 
247 251 253 262 264 270 276 277 282 285 288 290 
291 293 302 305 307 308 311 315 317 323 326 333 
343 345 347 356 357 360 363 366 367 373 375 378 
379 382 384 385 389 390 391 392 394 402 404 406 
410 419 422 424 427 429 430 435 436 440 447 448 
452 454 457 460 465 468 469 470 471 472 476 480 
485 491 494 496 497 500 501 503 507 508 509 510 
512 513 516 519 520 524 525 526 533 534 538 544 
554 556 562 568 574 575 577 578 579 580 584 585 
589 590 591 595 603 604 606 613 615 616 629 632 
633 634 641 644 650 653 654 657 660 666 671 672 
673 680 682 685 692 696 697 698 700 702 706 713 
715 718 719 722 723 726 736 737 740 741 752 753 
754 755 756 760 762 764 770 771 772 774 779 783 
785 791 793 
237
3 12 15 20 32 33 37 39 43 44 51 52 
55 59 60 65 72 77 89 93 95 100 105 109 
111 112 118 121 124 126 130 131 132 134 137 144 
145 146 153 156 159 165 173 180 181 182 187 189 
190 194 197 198 205 206 208 210 213 214 215 220 
221 223 228 234 235 236 242 244 255 258 260 261 
262 273 274 275 276 278 281 284 285 287 289 292 
294 295 296 306 311 314 323 328 330 331 335 338 
345 350 351 361 363 364 369 371 372 379 380 382 
385 386 390 395 406 408 410 412 414 415 420 422 
425 429 433 435 436 437 438 439 442 448 449 455 
456 464 467 470 471 475 476 477 485 488 494 496 
499 500 512 515 518 520 521 525 526 527 537 538 
541 548 551 555 556 567 583 586 590 592 594 597 
599 608 612 616 618 619 621 623 628 630 631 633 
635 636 638 645 646 654 659 660 669 670 675 677 
678 679 680 681 685 690 697 707 713 714 715 719 
720 724 725 733 735 739 740 741 742 743 751 753 
754 757 759 760 761 764 765 769 770 773 774 776 
782 784 785 786 788 794 796 799 800 
237
1 4 8 10 11 12 13 15 28 30 34 37 
50 51 53 58 60 64 69 70 71 72 73 75 
78 81 82 83 90 96 97 101 107 109 111 113 
114 117 123 124 133 136 140 142 143 144 148 149 
152 154 157 159 161 163 164 166 167 169 173 177 
178 179 180 181 183 187 190 191 193 202 204 211 
216 218 219 225 236 241 250 251 258 260 268 270 
271 275 281 287 289 293 296 298 304 306 313 315 
316 317 319 320 337 338 341 342 343 349 350 351 
354 357 361 365 367 374 375 377 381 384 385 390 
394 395 398 408 409 410 411 428 429 436 437 439 
440 443 449 457 471 473 474 475 476 477 478 479 
484 486 494 496 499 500 507 513 518 521 522 523 
527 528 536 546 559 566 568 570 573 576 577 581 
583 585 590 594 597 606 607 608 615 618 619 627 
628 632 640 641 644 651 652 653 657 658 659 661 
666 668 670 671 673 679 680 684 690 692 693 700 
705 707 708 709 711 714 716 718 721 724 725 728 
732 735 744 745 747 750 751 752 753 756 764 766 
773 775 776 785 788 791 794 798 799 
231
2 5 6 11 12 14 15 20 31 33 45 50 
55 57 60 61 62 63 64 68 69 73 85 88 
89 92 97 99 100 102 104 105 111 113 114 128 
135 137 138 139 141 142 144 147 149 155 156 160 
169 174 175 177 179 181 186 188 196 199 200 202 
207 210 211 212 217 222 232 237 242 248 255 261 
262 264 268 274 277 278 281 282 288 290 301 308 
310 311 316 317 322 323 324 327 329 331 333 335 
337 342 344 346 351 353 359 366 369 377 380 384 
385 387 396 401 402 404 406 408 409 410 417 419 
420 426 430 433 435 436 438 439 440 444 458 460 
463 465 466 471 475 476 481 482 484 494 496 501 
503 511 513 516 518 519 523 524 529 535 539 545 
552 553 555 556 558 559 560 563 566 571 573 576 
577 589 590 592 595 596 597 599 609 616 617 618 
622 624 635 637 639 645 650 652 653 654 655 656 
663 666 671 675 676 677 678 682 683 689 690 691 
693 701 702 707 708 711 713 714 719 722 723 735 
736 741 743 754 762 769 771 779 783 786 788 790 
793 798 800 
220
5 12 14 15 16 20 23 25 30 31 43 45 
55 56 61 65 68 69 83 84 91 101 102 103 
105 108 109 110 112 113 114 120 125 128 129 135 
139 143 149 150 152 157 158 159 162 165 169 171 
173 178 179 180 184 185 188 192 196 199 201 204 
207 208 209 215 219 224 231 234 235 240 248 254 
260 265 267 269 272 280 282 284 286 290 293 296 
299 301 303 309 310 312 315 316 319 328 333 336 
338 340 341 351 353 361 362 365 371 372 374 384 
385 388 392 397 400 408 411 414 420 421 423 428 
436 438 442 443 446 448 449 456 458 462 465 466 
468 476 479 482 488 503 505 506 511 516 520 528 
531 535 537 538 539 541 543 544 548 551 556 562 
567 568 573 574 575 586 591 593 594 597 600 601 
602 606 607 611 618 621 623 630 632 634 636 641 
643 644 652 654 657 659 661 665 667 668 669 692 
693 698 700 704 705 706 707 708 711 721 725 727 
728 730 737 739 743 746 758 760 766 767 778 781 
782 787 794 796 
239
3 4 9 14 16 19 24 25 26 30 41 43 
44 45 46 48 54 57 58 62 65 74 75 76 
80 83 85 88 92 94 99 102 105 112 113 118 
119 136 141 145 156 161 162 164 165 168 169 173 
177 181 182 184 185 186 190 194 195 197 204 210 
212 213 214 217 218 219 226 227 229 232 233 237 
239 241 246 249 251 252 253 254 255 261 268 270 
274 278 282 284 289 291 293 300 302 304 305 309 
315 318 319 321 322 323 325 330 333 334 336 338 
339 344 346 347 351 352 354 358 360 362 363 364 
369 371 372 373 375 376 383 387 388 389 393 397 
402 415 417 422 426 430 435 439 440 443 448 451 
456 463 467 472 474 479 481 483 487 491 498 501 
505 507 511 515 523 525 528 531 533 536 537 543 
544 546 547 555 559 560 563 565 574 581 586 587 
588 589 590 595 596 597 601 603 604 605 611 612 
615 619 620 622 627 629 636 646 648 656 669 672 
674 676 679 682 685 693 694 701 709 711 715 718 
723 726 727 743 746 753 754 755 764 766 772 773 
774 776 777 785 786 788 794 796 797 798 799 
245
1 4 8 9 13 14 20 23 24 27 31 32 
34 37 40 41 43 48 52 55 58 59 60 61 
63 65 67 72 73 75 76 79 80 81 83 85 
87 88 89 99 104 105 111 116 123 124 125 127 
130 139 145 150 156 158 162 165 170 181 184 192 
194 195 197 200 203 205 206 207 209 210 211 213 
219 220 225 228 232 233 234 236 242 245 258 264 
265 268 272 273 276 277 279 281 283 291 294 295 
297 300 301 302 303 304 305 309 312 313 314 315 
316 325 327 329 333 337 338 341 346 350 357 358 
361 362 366 368 370 375 376 379 380 382 383 386 
389 391 393 394 397 399 411 416 422 425 429 430 
433 434 440 442 453 454 458 459 466 467 470 474 
479 481 483 485 488 489 490 494 497 507 509 510 
515 521 523 529 530 532 533 538 541 542 544 548 
550 553 555 556 557 560 564 574 580 586 591 593 
596 598 617 619 621 623 631 633 634 636 638 645 
647 650 652 657 664 665 666 668 669 673 674 679 
686 694 695 704 705 706 711 718 725 731 734 741 
744 747 750 752 755 756 766 767 768 774 779 781 
782 786 787 793 794 
255
1 2 3 8 10 13 21 25 28 32 34 36 
41 46 48 55 58 60 68 71 77 78 81 85 
87 88 90 92 93 102 107 109 118 120 123 126 
129 135 138 142 144 149 151 156 162 163 169 170 
173 177 178 179 183 184 185 190 192 194 196 197 
199 200 205 206 209 213 214 216 220 222 231 235 
236 238 242 246 248 251 253 255 260 263 264 267 
271 274 278 280 283 288 290 291 292 294 296 302 
304 307 308 310 311 312 314 318 319 320 322 326 
333 334 337 339 340 344 346 348 349 353 357 358 
360 361 371 373 380 383 394 395 400 403 407 408 
409 410 411 415 416 420 425 432 437 438 442 443 
448 450 451 452 457 461 462 464 465 466 470 473 
474 478 479 485 487 488 493 494 495 501 502 506 
507 509 512 520 521 524 526 527 529 530 531 535 
538 542 547 549 551 553 558 559 565 568 569 570 
571 573 576 579 584 587 589 592 596 600 601 602 
607 622 623 624 626 627 628 630 631 632 643 652 
653 655 661 668 674 676 680 685 688 692 696 697 
698 700 704 715 716 722 725 728 731 733 735 738 
739 742 750 751 756 761 764 766 777 779 780 786 
789 793 800 
242
2 5 9 10 13 15 16 22 24 27 28 31 
34 35 46 47 48 49 50 51 55 57 58 70 
75 81 87 91 92 95 99 103 104 105 106 111 
113 114 115 116 125 131 135 137 140 145 148 151 
157 158 163 164 167 171 174 179 180 183 187 189 
190 192 194 205 206 207 219 224 227 230 232 235 
236 238 239 243 244 247 249 252 260 265 268 271 
272 278 282 285 288 296 297 299 303 304 307 315 
317 321 323 333 335 338 340 342 346 350 352 353 
360 367 372 374 380 382 383 386 388 395 404 410 
412 413 414 415 418 419 421 422 425 427 429 430 
440 441 442 443 455 456 458 462 463 465 472 473 
477 478 484 487 492 501 506 509 511 514 517 524 
535 536 537 538 541 546 547 553 555 567 568 572 
573 574 578 580 602 603 605 606 607 615 617 620 
626 628 629 631 633 634 638 640 641 643 644 647 
649 652 661 662 665 668 672 689 690 692 693 697 
701 702 703 704 705 707 708 711 713 715 716 719 
721 724 726 729 734 736 737 739 743 745 747 749 
751 754 755 758 761 762 764 774 778 783 786 792 
794 796 
270
3 8 9 14 20 23 39 41 44 49 50 51 
58 59 63 64 65 67 69 72 73 77 78 79 
83 85 86 90 93 95 97 98 99 100 103 105 
109 111 113 116 117 119 120 122 124 127 128 129 
133 135 136 138 144 147 155 156 157 159 161 165 
166 169 173 174 193 198 199 200 201 204 206 207 
209 214 219 224 227 229 230 233 237 246 248 251 
258 259 265 268 270 283 286 294 296 303 304 308 
310 311 314 315 320 322 323 331 337 340 341 343 
344 346 347 349 351 356 357 360 362 363 364 365 
366 367 369 378 379 390 391 392 395 397 399 402 
403 404 414 415 416 419 420 422 425 426 430 431 
432 433 437 446 450 451 453 454 455 463 464 466 
470 471 475 478 480 482 487 489 491 494 500 501 
502 504 505 509 510 519 520 521 522 525 526 528 
529 531 535 538 540 541 543 544 545 546 552 555 
559 562 564 569 571 573 574 575 577 578 581 583 
584 588 591 593 597 599 604 606 609 610 621 623 
625 626 627 636 640 641 642 643 644 645 652 654 
658 660 667 668 669 672 673 676 679 680 682 686 
689 705 711 713 716 718 721 722 723 728 730 739 
742 745 747 748 751 752 759 760 761 765 766 771 
773 775 778 782 784 793 
238
3 7 11 14 16 17 23 32 41 48 51 54 
55 58 63 66 67 71 74 75 86 89 91 95 
96 103 108 111 112 114 131 139 140 156 157 158 
160 163 164 168 170 175 177 178 183 185 186 188 
194 195 199 200 206 209 210 211 213 214 215 217 
219 222 223 224 226 228 230 233 235 237 238 240 
242 244 245 247 249 251 252 257 258 261 264 265 
267 277 283 284 287 298 304 306 312 313 314 325 
331 334 341 342 345 346 348 356 358 359 361 363 
368 371 373 379 380 382 386 401 402 404 405 408 
409 412 414 418 419 424 427 429 433 443 447 450 
456 460 461 463 466 467 482 484 485 488 499 504 
510 511 512 514 516 518 522 523 525 526 528 534 
540 542 544 545 555 556 558 559 561 569 570 573 
578 581 583 585 586 587 590 595 597 599 600 603 
605 610 622 624 626 628 630 631 632 633 636 637 
639 640 645 652 654 659 660 662 664 674 676 680 
684 685 688 693 694 696 697 701 703 711 715 725 
726 731 733 740 748 749 752 753 754 759 761 765 
766 769 773 777 781 782 788 793 797 799 
265
1 3 11 13 14 17 18 19 28 31 32 35 
38 41 42 43 45 47 48 53 57 59 62 63 
68 69 72 78 80 81 82 86 87 91 97 98 
101 104 107 116 119 121 123 124 126 128 129 133 
134 138 141 143 145 152 159 161 162 163 164 165 
167 170 173 181 183 186 190 192 193 195 197 198 
199 203 204 205 208 218 222 223 225 231 233 234 
235 238 245 247 248 253 254 255 264 266 267 268 
269 271 272 273 275 277 278 279 280 281 284 296 
304 307 309 310 311 312 313 318 324 336 338 339 
343 347 351 354 363 365 366 367 369 384 385 388 
391 392 394 395 397 398 400 401 403 406 410 413 
414 415 417 418 421 422 423 424 425 431 434 435 
442 451 454 458 460 462 469 470 476 477 481 483 
486 490 503 504 505 507 511 518 520 522 529 530 
531 532 535 537 542 546 547 548 550 551 555 561 
569 571 574 580 590 591 596 598 603 604 609 615 
619 621 625 630 632 634 639 646 649 653 659 660 
666 673 675 676 679 680 681 682 683 685 686 688 
692 693 698 703 705 706 708 709 711 714 717 718 
725 731 732 738 739 740 742 743 746 748 752 753 
758 763 766 768 770 771 775 783 786 789 795 796 
800 
222
8 11 13 31 35 42 43 46 49 52 54 55 
59 61 69 77 87 88 90 94 98 102 109 110 
113 115 119 121 122 125 126 130 131 138 140 143 
150 152 153 154 157 161 163 164 171 176 184 185 
187 190 191 195 199 201 202 206 209 213 218 219 
222 224 227 229 236 237 240 246 255 258 263 265 
266 267 268 269 270 272 274 275 279 280 287 290 
293 301 303 314 316 317 319 324 329 335 336 337 
339 342 347 352 356 367 368 373 374 376 381 383 
384 385 389 390 391 394 396 397 399 403 404 405 
413 415 418 425 427 430 433 443 447 451 454 456 
462 469 473 485 487 489 491 492 507 509 510 513 
518 519 520 529 533 541 542 544 548 553 557 564 
566 567 570 575 577 583 588 593 594 597 600 604 
605 610 616 618 626 634 637 638 639 643 649 650 
654 657 658 659 669 685 686 687 695 700 702 708 
714 717 719 722 724 728 736 739 743 745 748 754 
756 757 758 760 762 763 771 772 778 785 786 787 
788 789 791 793 795 800 
235
3 4 6 12 16 22 24 25 30 35 38 39 
41 43 48 52 55 57 59 61 67 69 70 76 
79 82 83 84 85 91 92 94 99 102 103 116 
118 128 131 132 138 140 142 147 151 155 159 169 
174 176 180 188 189 191 200 206 215 218 220 223 
225 227 232 235 236 238 243 246 247 250 259 267 
269 270 273 275 285 286 290 293 295 297 300 302 
303 304 305 307 311 312 315 321 324 326 327 328 
334 340 342 348 352 354 358 362 364 369 371 372 
373 375 378 386 389 393 401 405 407 411 416 420 
421 424 429 430 435 436 439 441 444 446 451 452 
453 454 456 459 460 461 466 468 469 476 479 480 
481 484 487 490 491 493 494 499 509 512 533 535 
536 537 540 542 549 551 552 554 558 563 565 567 
571 578 581 582 587 590 591 597 598 601 605 606 
615 618 620 630 632 638 640 642 643 646 649 650 
651 656 659 660 663 671 673 675 677 678 680 683 
686 687 690 691 693 695 702 707 709 710 712 713 
716 720 729 745 747 748 750 755 759 771 772 773 
774 782 786 787 788 793 794 
237
1 6 8 9 12 14 21 23 24 27 31 33 
34 39 42 46 47 48 52 57 60 63 70 71 
86 90 92 95 100 101 102 107 121 123 124 126 
129 130 131 132 134 135 140 147 148 149 153 155 
158 162 165 166 178 179 182 184 185 187 192 193 
199 203 204 205 209 218 232 243 244 246 247 248 
249 255 261 263 276 284 289 290 291 299 303 304 
310 312 313 314 315 318 321 322 324 325 328 330 
331 332 339 340 345 346 350 352 357 359 363 364 
370 371 375 382 387 388 389 393 398 399 400 401 
404 405 406 407 410 411 412 415 418 422 425 426 
432 433 434 436 439 445 448 451 461 464 466 472 
475 476 477 478 482 485 489 491 492 495 501 503 
509 511 517 522 529 531 533 535 536 537 539 540 
542 548 549 551 554 561 563 567 573 578 582 590 
594 599 605 611 612 613 620 621 623 625 627 631 
632 637 639 642 644 645 647 650 653 655 659 661 
662 663 664 674 677 680 697 698 701 702 704 709 
711 720 727 728 733 740 744 749 760 761 764 765 
766 769 773 778 779 784 788 797 798 
219
1 12 14 18 25 26 28 29 33 34 38 39 
42 44 53 57 58 59 61 64 74 75 76 79 
82 84 86 87 90 92 93 101 102 106 107 109 
111 113 114 116 117 123 132 141 144 145 149 154 
160 163 164 167 169 174 176 180 183 189 192 198 
200 204 212 218 219 225 229 230 233 235 259 264 
265 266 268 269 274 279 280 285 289 291 300 301 
303 305 309 314 321 322 323 326 330 340 343 345 
346 351 354 355 359 362 367 370 374 376 383 390 
395 396 397 402 407 412 415 420 423 424 425 427 
428 441 444 445 447 451 456 457 459 462 465 468 
470 471 473 478 481 482 486 490 491 498 516 523 
524 530 536 537 540 543 544 546 547 548 549 550 
553 554 557 570 571 572 573 577 581 582 584 593 
598 604 607 615 618 627 629 630 631 634 637 643 
645 651 653 654 655 660 662 663 666 670 678 684 
689 690 693 694 696 700 706 717 718 723 727 728 
730 733 734 740 756 764 768 783 784 787 790 791 
792 798 800 
255
2 3 4 6 8 12 13 15 19 25 28 29 
35 37 39 58 61 63 64 65 66 67 71 74 
77 79 83 87 89 94 100 104 105 109 111 113 
114 115 121 122 130 131 134 136 137 139 140 142 
146 148 152 159 160 162 164 167 169 170 171 172 
173 174 179 180 183 185 189 192 195 199 203 208 
209 214 225 229 233 240 243 249 250 251 252 254 
255 256 258 259 260 266 267 280 289 295 296 298 
304 307 308 310 311 312 316 320 327 328 331 334 
336 338 340 341 350 360 364 366 369 370 371 374 
377 380 384 385 387 388 395 396 402 405 406 407 
409 411 418 421 423 425 426 428 429 430 431 440 
444 445 446 448 452 453 460 461 466 468 473 474 
475 478 482 486 490 494 496 504 506 507 508 510 
512 515 517 520 521 525 526 527 530 531 534 536 
542 545 548 552 553 554 556 557 563 565 571 581 
583 584 587 598 603 607 611 614 616 619 627 629 
631 633 637 638 640 645 648 652 654 658 660 661 
664 666 668 678 687 690 693 695 698 700 708 717 
719 720 724 728 733 734 736 741 752 759 761 762 
764 765 766 771 773 776 779 781 785 786 791 795 
797 798 800 
232
8 9 13 18 22 29 32 34 38 39 41 42 
47 51 53 57 66 71 76 81 82 83 85 89 
92 94 96 98 99 100 103 109 115 117 119 123 
124 129 141 145 147 152 159 162 163 166 169 170 
178 182 189 190 193 198 201 202 203 204 207 210 
212 213 214 219 220 224 226 227 232 233 235 240 
241 251 252 253 257 260 262 263 264 267 269 273 
275 277 280 284 285 290 295 299 307 308 316 318 
319 321 323 333 334 335 338 342 343 344 345 347 
348 352 355 356 360 371 373 375 377 382 386 390 
393 397 399 401 403 404 405 418 419 421 423 430 
434 438 439 442 443 444 448 451 452 454 456 468 
479 480 485 489 494 496 497 499 501 503 504 508 
517 518 523 541 546 547 550 551 553 554 563 566 
570 577 582 583 586 587 591 593 612 613 616 620 
622 629 632 634 635 640 641 648 650 654 657 658 
665 666 668 670 672 673 677 679 681 682 684 686 
689 696 702 703 705 716 724 726 729 731 732 733 
737 739 747 754 762 763 769 770 777 785 788 789 
791 795 796 800 
230
2 3 10 13 14 17 19 20 21 23 27 28 
29 41 43 46 47 48 54 56 57 59 67 79 
83 88 92 93 97 98 99 100 101 102 104 106 
109 111 118 120 121 126 129 133 141 143 144 146 
147 149 150 157 163 169 174 192 195 204 205 207 
211 212 216 219 221 227 239 246 264 267 270 276 
284 287 289 293 294 297 298 299 304 310 313 323 
338 339 340 345 346 348 349 352 356 361 364 369 
377 378 383 388 397 399 402 409 410 411 415 416 
417 418 420 422 423 425 427 428 431 433 435 438 
439 443 446 447 451 455 459 460 461 468 470 475 
476 478 487 490 493 495 502 505 507 508 509 510 
514 515 522 530 531 532 536 540 542 543 550 551 
555 562 568 571 572 573 577 578 580 588 590 593 
596 597 598 605 613 619 622 623 624 632 635 638 
641 642 643 647 648 651 653 654 656 657 658 659 
668 671 674 676 679 682 684 687 689 699 703 707 
708 715 725 730 733 735 737 740 745 752 755 758 
761 762 764 766 767 768 771 773 781 782 791 794 
796 797 
225
4 10 12 13 16 21 25 27 30 32 33 38 
40 41 42 52 53 57 62 66 70 72 74 77 
81 83 88 92 94 96 100 101 102 103 105 107 
108 110 117 118 120 122 129 138 141 144 145 152 
154 161 165 168 170 171 175 177 179 184 192 193 
194 200 206 207 208 212 216 219 221 222 226 233 
249 257 263 265 266 268 270 271 280 284 286 287 
288 291 298 300 303 305 311 312 329 330 332 336 
337 342 345 346 347 350 359 364 366 370 371 375 
379 382 383 386 393 402 407 411 412 414 418 420 
421 426 429 433 436 439 445 451 452 453 455 456 
459 471 472 475 476 480 484 486 487 488 489 494 
498 500 504 506 512 514 522 527 528 530 531 534 
535 536 537 538 539 540 542 543 559 563 568 571 
583 595 597 600 606 607 611 612 615 620 624 625 
629 635 636 641 642 648 657 660 662 664 665 666 
669 670 686 688 697 699 701 702 704 705 708 713 
714 717 721 723 728 732 739 745 750 751 754 755 
757 763 766 768 769 770 772 774 793 
241
2 11 14 16 19 24 26 29 32 33 36 37 
39 43 50 51 52 64 66 70 73 75 78 79 
81 84 89 91 92 94 95 97 100 108 111 115 
126 132 134 137 140 141 149 150 151 154 156 157 
162 163 167 168 169 170 181 185 186 187 188 190 
192 195 198 205 209 215 218 222 231 238 239 241 
246 247 249 250 256 257 259 263 267 274 280 281 
286 290 294 298 303 304 308 312 319 321 323 324 
325 326 327 329 332 334 338 339 340 344 348 350 
351 355 357 369 371 376 377 380 384 387 388 390 
391 406 407 409 411 412 417 422 423 424 432 433 
434 437 439 443 445 448 451 465 466 467 472 476 
484 489 491 498 506 507 515 517 519 523 524 527 
528 529 530 532 533 537 543 545 546 549 551 555 
560 561 563 567 569 578 579 592 593 594 595 597 
600 602 606 607 620 623 632 634 637 643 644 648 
650 660 662 663 666 667 669 670 677 682 683 684 
689 690 691 698 707 709 711 712 721 724 726 728 
729 736 737 738 742 749 752 754 758 759 761 766 
771 772 774 775 783 785 786 787 793 794 797 798 
800 
250
2 5 6 7 24 25 31 32 35 36 42 51 
53 58 60 63 70 74 76 77 78 79 82 83 
85 90 96 97 98 104 106 110 111 113 117 119 
127 131 134 136 138 139 150 151 152 157 158 170 
172 173 175 176 181 184 189 193 197 198 206 211 
213 216 219 222 226 228 229 238 239 242 243 244 
245 250 260 263 264 267 268 269 270 271 272 274 
275 281 283 284 287 288 296 299 301 303 306 309 
314 320 321 322 325 329 332 341 345 346 350 351 
353 361 364 365 367 368 370 377 379 380 386 388 
390 395 396 399 410 412 416 424 428 431 433 434 
439 446 448 449 450 454 455 457 463 470 472 473 
475 476 477 479 481 482 484 488 489 492 493 503 
514 516 518 522 525 527 531 535 538 539 540 542 
543 551 554 555 559 564 570 579 581 590 591 593 
595 597 600 601 603 606 607 610 611 614 616 617 
620 621 623 630 631 632 638 640 641 644 651 652 
655 656 660 662 665 668 669 672 673 675 676 678 
679 680 681 682 690 699 702 703 704 707 715 716 
717 718 728 729 730 732 738 739 740 742 744 753 
767 768 769 773 774 776 780 783 785 788 
243
1 7 11 12 13 17 19 21 24 26 28 30 
33 34 39 42 50 53 56 60 61 65 68 72 
73 75 76 79 83 84 85 86 89 91 93 96 
98 104 110 112 113 114 116 117 118 121 122 127 
130 131 133 141 143 144 145 148 150 157 161 162 
165 167 169 175 176 178 181 182 183 184 187 194 
198 199 200 203 204 205 208 209 213 216 217 219 
235 238 244 255 256 261 262 267 271 273 276 278 
279 289 293 298 299 303 305 307 308 309 310 315 
319 322 323 324 333 334 343 346 351 360 367 368 
369 373 374 384 392 396 398 401 410 411 412 420 
421 426 427 428 434 439 441 442 444 445 446 447 
451 452 453 456 457 460 468 471 473 476 480 481 
486 491 492 495 499 506 507 508 509 512 514 516 
523 526 527 528 529 531 536 539 542 552 553 558 
562 573 574 580 598 599 600 601 604 605 613 617 
621 628 631 632 637 640 643 646 648 650 655 659 
660 663 664 666 668 671 673 674 676 677 679 685 
689 691 698 700 701 702 710 714 718 733 734 739 
744 753 758 762 767 774 775 778 779 782 784 787 
792 793 795 
201
2 4 5 8 17 18 21 26 31 35 38 39 
43 44 48 49 52 65 68 72 75 77 83 88 
93 100 102 103 110 112 116 119 127 134 135 143 
145 157 158 159 172 173 181 187 194 196 201 204 
212 213 222 223 228 231 234 235 237 247 256 259 
260 266 272 276 281 287 293 294 295 296 300 302 
304 306 308 315 316 319 320 321 322 326 327 331 
338 343 346 354 355 359 361 363 364 371 372 373 
377 380 386 397 398 407 408 411 412 418 427 430 
433 436 438 443 451 457 464 467 468 471 476 477 
479 480 483 485 491 497 500 504 508 510 515 517 
518 522 524 530 532 551 552 558 559 562 565 567 
568 574 586 589 591 595 603 606 616 617 620 621 
622 624 627 634 639 640 642 646 652 661 664 666 
667 683 685 689 690 695 698 706 713 714 715 716 
719 724 726 733 742 754 758 760 762 763 764 765 
767 772 778 782 785 786 789 793 798 
243
9 11 12 18 19 21 29 32 34 35 38 41 
44 47 76 77 98 99 100 101 105 106 111 113 
115 117 118 120 132 133 134 135 136 137 140 141 
144 145 147 150 152 154 157 164 170 181 185 191 
196 198 202 204 207 208 210 211 213 216 217 221 
224 228 229 230 231 241 244 249 250 251 254 255 
256 258 261 264 269 270 276 278 280 283 287 288 
290 291 293 294 299 301 303 307 311 316 318 320 
321 322 325 329 330 334 339 342 348 351 352 355 
364 366 377 378 379 381 382 386 390 391 394 396 
397 400 403 407 411 412 417 419 424 429 438 439 
447 451 462 470 472 476 477 482 493 497 500 503 
509 510 515 519 521 523 525 529 532 536 537 540 
547 549 554 555 561 563 567 568 569 572 574 575 
579 582 584 585 587 590 591 592 599 603 605 607 
609 612 619 622 631 639 640 650 651 652 655 657 
659 661 664 665 666 668 669 672 674 676 680 681 
682 683 684 688 691 693 696 697 705 706 708 714 
717 721 729 730 731 733 734 738 742 744 745 746 
747 748 750 761 762 764 767 768 774 775 786 796 
797 799 800 
229
1 4 5 7 8 9 14 15 21 29 30 35 
40 44 48 49 50 53 54 55 58 62 71 72 
73 75 76 79 82 93 95 97 98 100 101 110 
123 126 131 134 135 138 141 142 143 145 147 149 
157 162 166 169 170 173 174 181 186 188 192 201 
203 208 219 236 240 241 243 245 246 250 254 255 
258 259 261 266 267 272 273 275 277 278 279 289 
296 297 304 306 308 316 318 325 329 334 337 341 
344 348 351 352 356 361 363 369 371 372 373 374 
380 381 383 384 388 391 395 398 402 408 410 419 
421 423 425 432 437 442 444 452 454 457 462 480 
482 484 486 488 492 495 504 506 517 519 520 523 
525 528 531 533 534 542 543 547 551 558 560 562 
564 565 569 573 585 592 595 596 599 600 604 617 
620 621 627 635 637 639 640 644 645 646 652 653 
654 656 658 660 663 666 670 672 674 678 681 682 
683 687 693 696 698 699 703 704 713 715 716 717 
718 719 720 724 729 734 736 744 745 748 750 753 
756 760 762 764 765 766 782 784 786 788 794 795 
800 
261
1 2 6 9 17 19 26 30 32 35 36 40 
43 46 47 50 55 58 60 61 62 63 66 69 
74 81 83 89 90 100 102 104 107 109 111 118 
123 127 128 133 134 138 140 142 157 160 161 162 
165 167 168 170 172 173 177 178 179 183 186 187 
188 190 194 200 204 205 207 208 209 212 215 216 
219 221 225 230 233 236 243 244 245 246 247 250 
254 256 257 259 260 261 263 265 266 269 271 273 
274 287 288 289 291 296 298 299 304 306 316 321 
326 328 341 343 346 349 350 352 354 357 358 360 
361 362 365 366 368 375 376 377 378 379 381 384 
385 397 398 400 405 409 416 419 422 424 426 429 
430 437 438 441 444 453 457 460 465 468 471 472 
474 483 484 485 488 490 491 492 494 497 499 503 
506 516 517 526 533 535 538 539 544 545 547 548 
556 557 559 560 563 567 570 571 572 573 584 590 
593 595 603 604 610 611 613 628 630 634 636 643 
647 649 651 652 653 656 666 668 670 671 674 675 
679 682 686 687 690 693 696 699 701 702 703 704 
705 711 712 714 717 718 720 721 722 725 728 742 
745 746 748 749 750 751 753 759 760 761 763 767 
768 770 776 777 786 788 793 797 799 
244
3 8 10 13 20 21 22 27 34 37 41 43 
48 49 52 61 62 67 69 83 85 92 93 94 
95 98 100 105 107 109 111 112 113 114 117 118 
122 126 129 131 132 136 137 151 155 163 164 166 
171 172 180 186 190 194 195 200 204 208 211 212 
214 217 226 227 229 233 234 241 244 247 249 250 
251 253 254 255 262 264 276 279 281 283 284 288 
291 292 294 298 299 305 306 307 308 312 315 316 
323 324 332 335 336 337 340 345 349 359 365 367 
368 370 376 381 386 387 392 393 396 397 398 399 
400 401 402 404 406 407 408 413 415 421 425 428 
430 435 437 440 447 449 453 455 460 461 462 463 
466 478 484 486 497 501 502 503 506 510 511 512 
513 519 523 524 526 527 528 529 532 536 539 541 
542 543 545 548 549 551 552 559 560 573 577 581 
582 584 590 591 594 601 604 605 617 620 628 634 
635 637 643 647 650 653 654 658 659 660 662 663 
665 666 667 668 674 675 678 679 685 687 690 691 
692 696 697 698 702 707 710 711 712 713 718 719 
729 744 745 754 755 756 757 763 764 768 775 778 
781 783 786 793 
226
1 2 4 8 10 16 19 22 23 24 34 40 
41 48 55 58 59 61 68 75 76 80 84 89 
90 94 95 105 106 112 115 127 130 139 145 147 
149 150 153 155 158 163 166 167 168 176 178 181 
197 198 200 201 204 205 209 210 218 224 227 231 
232 233 236 238 242 246 252 254 257 262 264 270 
282 286 293 297 298 300 306 310 315 318 321 330 
334 337 339 345 346 348 349 350 354 355 356 358 
361 368 369 372 373 375 378 382 385 391 398 405 
407 408 413 417 421 422 427 433 434 435 436 438 
441 445 456 457 464 467 485 499 501 505 508 514 
518 522 523 525 530 531 532 535 539 540 542 543 
545 547 549 550 551 555 562 565 571 577 578 580 
584 589 590 591 592 593 594 601 603 610 614 615 
616 617 619 623 627 630 631 636 637 638 641 646 
648 649 652 654 655 670 675 678 680 681 684 691 
693 697 699 702 703 705 707 710 712 716 720 721 
723 724 731 732 734 737 740 741 744 748 756 757 
761 766 767 769 773 780 783 785 789 797 
245
1 4 6 9 10 11 12 14 15 16 21 24 
27 31 34 41 62 63 68 69 71 73 75 77 
80 84 86 88 95 98 99 102 106 107 108 110 
114 117 119 122 123 125 126 128 135 139 140 149 
154 157 159 163 166 169 170 177 179 193 195 196 
201 203 207 211 212 213 217 219 221 222 223 242 
244 247 254 256 257 258 260 267 276 281 282 283 
287 289 290 295 297 305 314 315 317 318 321 328 
329 332 344 345 346 356 363 364 365 374 375 377 
378 379 380 381 387 388 390 392 393 397 401 408 
409 412 413 417 420 423 424 425 426 428 431 446 
448 450 453 456 461 465 468 469 472 473 476 480 
485 486 492 502 505 506 507 510 515 522 523 533 
537 538 541 543 550 552 553 554 557 559 560 561 
573 574 575 581 583 585 587 594 601 604 605 609 
610 611 612 617 619 623 624 628 636 638 641 645 
648 650 651 654 655 659 664 666 667 674 680 681 
682 683 689 692 695 699 700 701 702 708 714 715 
720 724 728 729 730 731 732 737 738 742 750 751 
756 758 760 761 765 770 771 772 774 776 782 786 
788 790 796 799 800 
220
1 3 5 6 7 8 11 12 15 18 19 29 
37 38 42 48 50 51 53 57 64 65 83 86 
90 100 103 106 107 108 109 114 115 119 121 122 
123 125 126 128 130 132 133 135 139 142 151 160 
163 164 168 174 175 176 179 191 195 199 203 207 
214 215 218 221 222 224 227 231 232 240 241 245 
246 250 251 260 262 264 265 266 273 277 278 285 
286 292 293 296 298 302 303 311 313 317 319 321 
332 333 335 339 342 350 354 358 359 360 365 371 
375 377 378 386 394 395 396 400 407 415 416 417 
422 432 441 443 453 455 460 463 464 469 471 472 
473 474 475 478 480 481 484 488 489 490 492 498 
499 500 517 520 521 525 527 529 536 541 550 551 
552 553 558 560 565 566 570 578 580 581 586 590 
594 599 612 616 620 621 623 636 640 650 653 660 
665 667 668 673 678 680 682 687 688 692 701 702 
707 708 709 710 711 713 716 732 733 740 741 753 
754 758 762 768 770 772 773 778 779 780 781 784 
787 791 795 798 
226
7 9 10 13 17 18 19 30 40 41 44 48 
50 53 54 62 63 64 65 68 71 73 75 77 
79 82 85 87 88 91 92 93 101 105 110 114 
115 117 118 122 125 126 135 138 143 145 148 151 
156 161 162 164 179 185 188 199 202 208 209 210 
220 224 226 238 241 247 248 254 255 258 259 260 
262 265 266 269 271 272 273 274 276 279 280 281 
282 292 294 301 313 316 318 324 333 335 339 342 
343 347 349 350 353 356 359 361 365 372 378 395 
400 402 406 411 412 419 426 439 443 444 445 472 
473 483 493 496 497 499 507 508 513 514 516 520 
521 522 525 528 529 531 532 539 541 542 551 552 
554 555 556 560 563 567 571 575 580 584 589 596 
597 599 600 604 607 608 609 615 623 627 631 632 
638 639 640 645 649 651 652 656 663 664 665 666 
668 669 672 676 678 679 683 685 687 689 693 697 
700 701 702 708 709 710 711 713 714 715 717 719 
722 724 726 732 734 735 743 747 753 755 756 760 
762 767 768 771 783 784 790 795 797 800 
255
6 9 14 15 17 18 28 29 32 40 43 46 
56 60 62 65 66 70 71 73 83 89 99 100 
103 105 106 109 111 113 116 118 119 124 128 129 
133 134 138 148 149 156 158 160 163 165 173 180 
186 188 191 194 198 200 204 205 208 214 218 219 
220 221 224 226 227 231 233 235 237 242 246 252 
257 258 261 262 265 266 267 269 272 277 278 279 
282 283 285 290 292 293 294 298 300 302 308 312 
313 315 328 331 334 337 338 339 343 346 347 348 
349 350 351 353 355 357 359 363 365 368 376 379 
381 383 386 389 393 394 396 400 401 404 410 412 
430 443 449 452 454 455 458 461 462 473 474 478 
481 482 484 485 489 492 495 496 499 503 505 508 
510 511 514 515 518 519 520 526 527 528 529 530 
531 533 535 537 542 546 552 553 555 556 563 569 
570 579 582 583 584 588 593 595 601 612 615 616 
618 623 628 633 634 640 641 644 646 648 649 651 
654 667 669 676 678 679 684 685 687 690 691 692 
693 697 698 699 704 705 706 710 712 713 714 715 
716 717 720 724 729 730 733 739 742 744 747 752 
754 760 762 765 768 772 783 784 785 787 788 791 
796 797 799 
221
1 4 10 11 18 22 25 31 32 33 34 35 
36 40 42 45 46 52 66 67 70 71 76 77 
78 85 88 90 92 93 99 108 109 113 117 124 
128 135 138 139 147 150 160 163 171 178 181 190 
191 195 197 198 199 202 203 205 207 210 211 217 
229 230 232 234 239 240 245 247 251 261 264 265 
266 273 279 286 290 292 296 298 299 309 317 318 
324 328 337 338 340 341 344 355 356 364 369 373 
375 380 387 390 393 395 396 401 402 405 406 407 
408 409 411 418 420 425 431 432 433 435 447 448 
451 454 455 456 458 460 461 463 464 465 466 467 
469 472 478 483 484 485 491 492 493 500 501 504 
505 510 513 514 515 516 518 519 523 528 536 544 
546 551 552 559 563 566 567 569 570 571 572 573 
575 589 592 595 599 600 601 604 609 610 612 613 
615 618 626 629 638 639 645 649 667 668 669 672 
674 675 690 693 700 703 705 708 712 713 715 716 
722 723 725 727 729 733 747 748 750 761 765 773 
777 782 789 794 795 
235
2 3 6 7 15 18 19 22 25 26 27 30 
36 39 43 47 48 50 52 55 59 60 63 65 
67 68 70 73 78 79 82 88 95 103 106 107 
110 124 125 126 130 131 132 134 141 146 148 151 
159 160 164 165 173 176 178 179 185 186 187 193 
196 198 200 211 213 214 223 224 226 229 236 237 
239 246 248 256 259 263 264 265 269 272 275 278 
279 280 282 285 291 295 297 305 306 309 310 311 
312 316 328 336 338 342 345 354 355 356 357 358 
368 369 377 383 385 386 388 392 402 404 407 411 
413 423 424 427 431 432 433 440 443 449 451 453 
456 458 460 462 464 467 469 478 480 481 483 484 
487 490 493 494 500 504 506 507 508 511 518 519 
520 528 532 533 537 538 540 542 547 551 555 562 
565 566 568 571 572 574 588 589 590 595 596 598 
605 606 611 614 615 620 623 625 628 632 634 638 
646 661 671 672 674 678 679 680 684 688 694 697 
699 701 706 707 721 723 729 732 735 738 739 743 
746 747 748 754 757 758 761 764 768 769 775 778 
781 782 784 785 788 793 794 
220
1 3 4 11 13 19 21 25 31 32 33 39 
40 41 48 49 50 51 56 60 66 69 70 72 
73 81 82 90 92 95 96 98 102 103 112 117 
119 122 123 125 134 137 142 143 153 159 162 169 
179 180 182 184 185 186 187 196 201 202 203 204 
208 210 215 221 223 224 231 232 239 240 243 245 
246 253 256 259 261 262 265 268 270 279 283 285 
286 288 292 303 304 308 313 317 319 320 328 334 
340 353 358 359 361 366 373 376 379 381 388 389 
391 392 393 394 395 400 402 408 412 413 417 419 
421 425 428 436 439 442 446 447 450 451 459 461 
462 470 475 484 488 492 494 496 500 504 506 509 
510 513 516 527 533 536 539 544 546 548 549 554 
557 561 565 569 587 591 592 598 608 614 621 622 
623 624 628 630 635 638 639 640 643 644 646 649 
653 654 658 666 676 678 684 687 688 689 697 699 
711 720 721 722 724 728 729 733 734 740 742 749 
751 754 759 763 768 769 772 774 777 778 783 784 
787 788 790 791 
237
4 5 9 13 21 26 27 34 39 43 44 46 
50 52 54 55 60 65 66 69 77 78 80 87 
92 94 95 96 100 104 105 107 108 109 110 111 
117 119 121 123 124 126 133 136 140 142 144 148 
149 155 162 168 173 174 176 178 180 181 182 188 
189 193 194 200 201 204 208 211 212 213 214 218 
221 227 235 237 239 246 249 250 256 258 263 264 
277 279 280 281 283 284 289 297 301 302 303 316 
317 323 324 327 330 332 336 341 343 345 355 356 
357 359 360 366 367 368 375 376 378 381 390 396 
398 399 405 407 408 409 413 416 417 420 421 425 
433 455 463 469 472 475 477 479 481 482 483 485 
486 488 489 491 492 493 494 501 505 506 507 508 
521 522 523 524 533 534 539 543 545 550 551 553 
555 558 559 571 575 581 585 589 596 599 600 607 
613 615 616 622 627 629 630 633 636 640 641 647 
653 654 661 662 670 671 679 682 684 686 687 691 
694 695 697 707 711 713 714 721 724 730 733 736 
738 739 741 742 750 751 754 757 758 759 763 773 
776 777 780 781 791 793 794 799 800 
252
3 7 9 14 15 18 23 25 26 29 32 33 
37 39 42 43 45 47 48 59 60 63 66 73 
75 80 83 84 85 86 88 90 95 105 108 109 
117 119 120 121 125 128 139 140 144 149 153 154 
161 167 171 174 184 185 186 187 189 190 192 197 
200 201 202 203 204 211 217 221 226 227 228 229 
230 233 234 235 237 238 240 244 245 249 251 252 
256 259 264 265 266 267 268 271 272 274 280 281 
287 302 303 307 315 319 320 323 334 335 337 339 
344 345 346 347 348 349 352 356 358 359 361 363 
369 374 375 384 386 388 396 400 404 406 408 409 
411 412 414 416 420 422 430 431 432 434 436 438 
441 455 457 459 461 462 464 468 471 474 476 478 
484 485 491 495 496 498 500 501 502 509 510 518 
523 528 531 532 533 536 538 548 549 550 551 554 
561 562 567 568 577 579 590 593 602 609 611 620 
622 624 629 630 633 635 638 642 643 644 645 648 
650 653 654 655 657 658 659 662 669 676 679 680 
682 683 690 694 695 699 701 703 714 715 721 722 
723 724 726 733 734 737 745 746 747 757 758 759 
760 768 769 772 776 777 778 779 784 787 795 796 
246
3 4 5 9 17 24 25 30 33 36 42 43 
44 46 47 50 62 63 70 71 72 80 81 85 
87 97 104 107 110 111 113 120 123 125 130 134 
139 141 142 144 149 151 153 159 162 165 167 173 
176 177 180 183 185 199 200 202 203 213 214 215 
216 217 220 223 227 232 234 236 242 249 250 254 
255 258 269 273 274 276 286 288 289 300 307 310 
315 316 317 318 322 324 329 330 332 334 340 341 
343 344 353 356 358 361 364 365 368 375 376 377 
378 381 383 387 388 391 392 393 398 400 403 405 
406 407 428 434 438 442 450 451 454 457 460 461 
463 466 468 469 470 471 481 482 490 494 503 504 
506 512 518 519 520 521 522 530 531 532 533 537 
538 539 540 544 550 552 563 564 566 568 570 571 
575 578 579 580 583 585 586 588 594 595 603 605 
607 613 615 617 618 619 621 624 631 632 636 637 
640 641 645 647 649 651 653 655 657 658 660 664 
668 672 673 675 676 677 678 681 682 684 688 699 
705 713 716 720 722 725 728 729 735 738 741 742 
745 749 753 754 757 758 761 763 764 772 774 775 
781 785 791 792 798 800 
228
3 4 6 7 10 15 17 19 32 33 35 43 
48 58 60 68 69 70 71 74 75 80 81 86 
88 95 98 107 108 111 112 113 115 119 128 130 
133 135 139 146 149 151 157 159 162 163 164 176 
177 178 184 189 191 196 197 202 206 207 208 211 
213 215 221 222 224 228 230 234 236 239 242 253 
268 271 272 277 286 287 292 293 300 303 304 309 
315 316 317 319 320 322 323 328 335 351 354 360 
362 364 365 369 371 373 384 386 390 392 396 399 
401 402 405 409 412 413 423 426 430 435 444 445 
447 449 453 457 461 463 465 472 473 479 489 490 
492 494 498 504 508 509 510 511 512 513 514 515 
517 522 527 530 532 538 543 548 549 554 555 558 
560 563 565 567 570 574 577 578 579 583 584 591 
594 601 606 612 613 614 615 619 620 627 630 640 
641 642 643 644 645 648 649 654 658 660 662 663 
664 665 667 674 675 677 679 680 688 689 701 708 
722 728 730 733 735 738 743 749 757 763 764 770 
771 773 775 779 780 781 783 787 790 795 799 800 
232
1 2 5 6 8 9 10 13 14 15 20 26 
31 35 37 42 43 52 54 56 58 59 63 66 
68 72 76 77 82 83 84 87 89 90 99 103 
104 106 110 120 129 130 132 135 136 147 151 152 
157 162 164 166 170 172 174 175 176 190 204 208 
209 216 218 220 222 223 225 227 230 238 239 240 
241 242 247 249 253 257 261 262 266 272 274 277 
278 280 281 290 291 295 296 298 303 304 309 310 
316 326 327 332 333 344 347 348 353 355 357 361 
362 367 368 369 372 373 377 385 387 388 389 405 
406 409 413 418 423 425 427 430 431 432 434 438 
446 447 448 451 455 456 457 458 460 461 462 476 
482 486 500 501 502 504 508 517 540 541 546 555 
563 566 568 570 571 572 573 576 580 592 595 597 
605 610 612 613 619 620 621 626 634 635 636 637 
640 644 651 652 654 656 657 658 663 664 667 670 
675 679 680 681 685 690 693 694 697 699 701 711 
713 715 722 723 727 730 732 735 736 739 740 742 
744 747 753 758 769 770 773 774 777 782 784 785 
788 791 792 797 
240
3 4 7 9 10 12 13 18 19 20 23 24 
25 26 29 30 38 41 44 45 48 57 58 63 
67 70 76 77 78 83 84 85 93 95 97 99 
109 110 111 114 120 123 125 126 129 131 133 136 
139 142 145 150 155 171 178 181 182 185 186 192 
199 204 205 206 210 214 215 218 220 221 224 225 
230 232 235 238 241 243 245 247 249 251 256 260 
262 266 267 269 270 272 273 277 279 281 283 288 
290 293 294 300 307 309 310 320 321 324 326 327 
331 341 348 349 359 361 363 366 368 372 373 374 
382 383 384 388 389 390 391 397 400 407 410 412 
414 415 422 423 429 431 434 435 437 438 439 440 
450 458 461 462 471 475 482 486 488 493 494 495 
496 503 508 514 518 521 523 529 532 534 537 538 
549 550 560 561 562 566 569 573 589 590 592 603 
605 614 615 623 626 629 642 646 647 648 649 650 
654 655 656 660 661 662 663 665 670 673 682 684 
690 694 695 702 705 713 714 717 718 720 721 724 
725 726 735 739 745 747 748 750 754 756 765 767 
769 771 776 777 781 783 785 786 787 790 794 796 
254
4 8 13 15 17 26 27 30 35 36 37 41 
43 46 51 56 60 61 62 73 74 78 79 81 
82 85 90 98 105 113 114 120 123 124 126 130 
135 140 142 144 147 150 152 153 158 164 170 171 
172 176 177 184 185 188 193 195 197 200 206 211 
212 213 226 231 233 234 236 239 243 244 246 248 
249 250 251 252 253 258 260 265 269 270 277 278 
279 281 282 287 289 291 293 295 296 297 298 301 
310 313 314 315 318 326 328 329 342 345 347 348 
349 352 356 358 365 374 377 379 381 384 387 395 
399 400 401 402 406 409 410 425 429 431 434 436 
438 446 447 449 450 451 452 457 460 472 474 475 
476 479 480 488 489 490 492 494 497 499 501 502 
503 506 512 515 516 525 526 538 545 553 554 564 
565 566 570 572 573 574 575 583 584 585 587 589 
595 596 598 600 601 605 607 609 610 611 620 623 
625 626 630 634 640 642 643 648 650 651 654 661 
664 665 671 672 673 674 675 677 681 688 694 696 
697 698 699 700 702 704 708 709 712 713 714 716 
718 723 724 727 729 732 736 740 745 746 752 755 
756 767 769 771 776 783 786 788 790 792 793 794 
796 797 
247
1 2 3 5 7 12 13 14 15 16 19 22 
25 26 29 33 39 43 50 52 58 59 60 61 
62 66 69 73 78 80 81 83 85 86 88 90 
93 112 120 123 126 128 136 138 140 141 144 145 
151 152 153 154 155 159 161 164 167 171 172 174 
177 178 180 191 192 193 194 197 199 201 203 204 
207 209 210 219 220 223 226 227 228 234 242 251 
261 265 271 275 284 286 289 291 297 300 304 307 
312 313 317 321 322 325 326 328 331 337 348 354 
358 362 371 375 376 380 381 383 384 385 389 394 
404 405 406 408 410 413 422 424 425 427 428 430 
433 435 438 440 444 448 462 463 465 468 474 479 
485 488 492 493 495 511 521 522 523 530 532 534 
535 538 539 540 543 546 553 554 558 562 564 565 
569 571 573 576 577 583 587 590 591 595 597 602 
608 614 617 621 623 624 626 631 632 633 638 641 
644 646 651 653 659 668 670 672 673 676 679 682 
684 694 698 699 702 703 704 705 707 708 709 711 
714 715 719 720 723 726 727 737 739 745 749 750 
754 755 763 768 769 770 775 776 777 783 784 785 
786 787 788 789 790 791 800 
221
2 5 6 8 10 11 12 18 20 21 22 23 
28 32 36 37 42 43 49 52 59 61 64 66 
68 70 78 79 81 82 88 95 96 101 102 106 
108 109 115 122 128 132 134 139 140 145 151 152 
153 155 158 160 161 162 165 172 173 176 178 179 
182 184 194 195 196 197 202 207 211 219 224 225 
228 229 231 235 252 260 268 270 290 294 295 301 
305 312 317 320 324 327 329 330 332 333 336 337 
340 344 348 349 352 357 358 361 366 370 372 376 
384 386 391 392 393 395 404 407 408 409 411 420 
422 425 433 434 435 436 440 445 446 451 457 459 
462 464 467 479 486 490 493 495 496 497 508 509 
514 515 516 519 520 521 525 526 532 533 534 535 
537 543 545 547 548 553 554 556 565 566 569 573 
574 575 584 588 592 605 609 611 617 624 626 628 
634 637 642 649 650 655 668 669 674 675 678 679 
683 694 695 705 708 712 713 726 727 729 736 742 
747 755 757 763 766 769 773 777 779 780 781 786 
787 789 792 793 800 
240
3 9 16 17 19 24 26 27 28 34 37 38 
41 52 57 58 59 60 63 68 70 72 81 91 
95 98 107 110 113 120 122 125 126 130 131 132 
134 136 139 144 147 151 153 160 162 167 172 173 
174 175 194 196 198 199 200 207 208 213 216 218 
224 227 231 232 236 237 239 240 241 243 247 248 
252 253 260 262 263 273 277 279 280 281 282 287 
293 294 296 304 314 317 318 323 324 328 330 331 
332 341 345 347 353 356 361 362 365 369 370 371 
373 374 375 377 385 393 394 395 399 402 404 409 
416 418 425 430 431 432 434 438 439 442 449 450 
452 453 455 458 459 460 462 464 472 477 479 481 
482 484 486 491 494 495 496 497 501 502 510 517 
518 522 524 533 534 535 546 547 551 552 555 556 
558 562 565 566 569 571 572 573 575 577 581 583 
594 595 602 603 604 605 607 608 611 612 613 620 
627 629 633 644 645 647 654 656 663 668 670 677 
684 685 687 689 692 695 702 705 712 717 719 720 
722 723 726 728 730 736 738 740 751 758 759 763 
768 775 776 780 782 785 788 790 792 793 797 799 
249
1 11 12 15 17 20 21 23 25 26 28 30 
34 35 38 45 50 51 53 56 57 61 64 68 
77 78 83 87 92 101 107 108 109 110 113 115 
116 120 121 125 126 129 130 132 135 139 141 144 
145 149 151 157 158 160 164 170 172 176 182 187 
190 192 195 196 201 205 207 216 217 227 228 230 
234 236 237 239 241 246 252 265 266 267 270 273 
274 277 278 279 280 287 292 298 301 302 303 312 
316 319 320 323 324 325 334 335 336 338 347 352 
353 354 355 356 359 361 363 364 367 372 373 374 
376 379 381 382 384 385 393 394 395 401 402 408 
414 417 419 420 425 426 434 436 437 441 443 446 
447 451 455 456 461 467 468 480 482 487 489 492 
493 497 501 506 509 511 512 513 515 516 517 524 
530 531 532 534 538 539 540 544 545 546 553 556 
558 561 564 571 573 575 583 588 589 591 594 598 
602 607 612 616 618 620 631 645 653 654 655 657 
664 666 671 675 678 686 688 689 692 696 698 699 
702 705 706 707 716 719 723 724 726 728 729 731 
734 738 740 741 749 750 755 756 762 763 769 770 
777 778 780 781 785 792 793 795 798 
243
2 11 14 17 20 22 23 33 36 40 41 42 
44 45 47 51 52 54 57 61 63 68 70 71 
73 74 75 77 79 82 83 87 93 94 96 103 
104 107 109 111 119 122 124 125 126 127 129 133 
134 137 147 148 153 156 161 168 169 170 186 191 
195 196 197 198 199 203 205 207 209 212 223 224 
229 230 231 236 242 244 245 248 250 252 254 255 
266 267 270 271 272 275 281 282 284 285 286 292 
293 294 304 308 311 313 320 321 327 333 335 340 
341 342 345 347 350 352 353 355 361 362 372 382 
388 390 395 398 400 402 403 407 411 412 415 424 
433 434 445 446 450 452 457 460 463 464 466 467 
469 470 474 477 481 491 492 494 497 502 507 510 
515 530 541 545 546 547 556 562 563 566 567 570 
571 572 575 577 578 583 589 591 592 600 610 611 
624 627 630 632 634 636 640 643 644 645 646 651 
655 656 664 666 675 678 679 682 683 684 685 687 
689 690 693 694 697 700 701 703 709 710 714 720 
722 724 728 730 737 738 739 743 744 751 754 755 
759 760 764 770 773 777 778 781 786 789 790 791 
795 796 799 
224
3 5 14 24 33 35 38 42 52 53 58 59 
63 68 72 88 91 96 98 99 101 102 105 106 
109 111 114 118 120 130 141 144 148 150 154 158 
159 160 161 163 166 168 171 172 177 180 182 183 
186 199 211 219 224 225 226 227 228 229 232 234 
236 243 244 257 259 262 265 270 272 273 284 287 
293 294 298 299 303 314 317 319 320 321 324 325 
328 329 332 333 340 341 342 343 346 349 353 356 
360 362 367 373 375 382 383 387 392 396 398 399 
403 406 409 413 419 422 424 426 427 430 431 432 
433 434 436 437 446 447 451 452 455 456 457 460 
465 466 474 475 476 482 486 491 492 494 497 498 
503 509 510 512 517 523 529 533 534 537 540 541 
543 546 549 550 551 553 566 567 570 574 584 592 
593 597 599 606 617 618 619 632 635 638 643 646 
649 653 654 655 659 668 674 675 677 678 679 687 
700 703 706 707 717 719 723 729 731 732 733 740 
746 750 753 754 757 758 760 762 764 766 769 773 
778 780 785 786 787 789 792 796 
233
9 10 12 13 14 19 22 28 37 47 49 52 
53 58 60 68 69 71 77 79 82 84 92 94 
95 96 100 104 115 123 130 131 134 143 144 150 
156 161 164 172 173 174 180 181 185 188 191 193 
194 196 203 212 217 218 220 221 222 223 229 235 
236 238 242 243 249 253 257 264 267 268 274 277 
281 286 292 296 297 299 303 305 308 309 316 318 
323 326 327 330 334 339 340 347 351 352 357 360 
362 367 368 369 372 373 379 382 383 386 388 390 
393 394 399 401 402 404 405 407 418 419 423 427 
430 437 445 455 456 459 462 463 465 467 472 476 
477 478 481 483 489 493 495 498 500 513 515 518 
519 522 524 528 529 533 534 538 539 541 542 543 
547 548 551 553 556 562 568 572 574 575 577 579 
582 583 584 593 594 596 598 599 603 604 607 608 
613 614 619 621 622 624 625 626 627 631 633 642 
643 648 649 652 653 663 664 669 674 687 689 698 
699 701 705 716 718 719 724 725 727 728 729 730 
738 744 748 751 757 761 767 769 771 775 776 778 
781 784 785 788 800 
244
4 5 12 14 17 23 24 25 27 29 30 36 
39 48 52 54 59 61 63 65 69 71 73 76 
78 81 82 84 89 92 94 96 97 98 99 100 
101 103 104 110 114 118 123 125 128 139 142 144 
146 148 151 154 160 165 169 176 178 181 184 186 
187 188 191 193 196 199 202 205 206 207 209 220 
234 237 247 251 252 256 259 260 261 266 282 284 
288 295 296 299 300 307 312 313 317 322 326 334 
342 345 350 364 365 366 377 378 382 392 393 396 
398 399 401 407 409 412 414 415 421 423 426 429 
431 432 440 452 454 460 461 463 465 467 473 474 
481 482 483 487 488 491 494 499 502 506 510 511 
512 513 517 518 520 524 527 528 533 538 539 540 
541 543 544 546 547 549 551 553 557 562 563 565 
567 570 571 573 574 576 579 582 590 596 603 611 
614 616 626 630 632 634 636 638 646 647 648 651 
654 657 660 663 664 666 669 674 676 678 679 681 
684 685 686 687 689 691 693 694 698 702 703 710 
711 717 719 721 726 727 731 732 733 748 749 750 
754 756 757 759 761 762 765 768 769 772 775 782 
784 786 791 797 
232
4 8 12 18 20 22 23 25 29 31 35 36 
41 45 47 48 49 55 59 63 64 66 70 71 
72 76 77 78 81 82 84 87 88 94 95 98 
104 109 110 114 123 126 132 138 144 148 149 152 
160 162 164 165 172 178 180 183 188 189 190 191 
194 195 197 198 205 209 210 213 218 221 225 228 
232 233 236 237 244 246 247 251 257 261 262 263 
270 272 282 286 288 289 294 298 305 307 313 318 
322 326 329 331 332 333 334 336 346 351 352 353 
358 359 361 363 364 367 372 374 385 388 396 398 
401 403 407 408 409 413 420 421 422 423 424 425 
428 430 444 449 451 455 456 458 467 470 472 478 
479 480 484 486 490 492 494 495 496 504 505 515 
519 520 521 528 530 533 538 539 550 551 557 559 
564 565 569 571 576 577 581 584 586 590 592 593 
594 596 598 600 601 602 610 611 612 626 627 631 
634 635 640 646 651 652 654 658 663 668 670 675 
693 694 698 700 703 707 723 728 731 732 734 738 
740 746 751 759 765 771 773 776 781 783 789 792 
796 798 799 800 
234
4 6 7 8 10 11 13 17 20 26 29 31 
32 33 35 48 56 60 64 71 74 77 79 82 
92 102 108 113 116 117 119 120 121 125 129 132 
140 141 148 149 152 157 159 165 168 170 175 176 
178 179 180 182 188 195 198 201 207 208 213 215 
219 220 224 225 227 231 235 241 246 250 252 253 
256 258 262 263 264 267 268 269 275 279 280 283 
284 286 293 297 300 308 312 313 317 318 321 327 
333 335 338 342 343 344 346 356 361 363 366 367 
380 382 387 394 397 398 401 403 414 416 420 423 
426 427 429 431 432 433 437 441 442 444 445 448 
450 451 453 457 458 459 462 470 473 475 480 484 
489 495 497 498 504 505 506 508 510 514 517 519 
522 523 525 526 530 533 538 552 554 556 563 564 
566 575 577 578 583 587 590 591 593 596 598 601 
602 603 609 615 619 622 628 631 633 634 638 645 
646 648 653 657 659 661 662 669 675 682 684 689 
690 691 692 698 703 706 709 710 714 715 718 727 
731 736 739 740 748 761 765 766 772 776 783 784 
785 787 791 792 796 798 
232
3 7 14 15 19 21 32 33 36 38 43 45 
51 56 58 59 63 64 70 72 73 75 77 78 
83 87 88 89 90 95 96 97 103 107 108 114 
116 117 124 127 132 139 144 154 156 157 158 159 
160 161 163 166 169 172 174 175 176 178 180 186 
190 194 197 200 201 211 212 219 221 232 233 234 
236 237 243 247 250 259 264 268 269 272 286 291 
292 294 295 298 299 301 303 307 310 313 314 315 
317 318 321 323 332 340 346 348 350 353 355 356 
361 366 375 376 377 378 379 381 386 388 391 392 
393 402 409 420 421 433 444 450 451 456 465 467 
468 474 478 481 488 490 498 500 503 505 506 509 
510 512 514 520 528 535 541 546 547 549 550 551 
552 559 563 566 578 584 585 587 591 592 595 596 
597 599 601 602 608 609 616 618 619 627 631 633 
635 636 640 645 650 653 654 656 657 666 667 671 
676 686 688 691 695 696 704 706 708 709 712 714 
720 722 724 728 729 731 732 734 735 740 745 747 
752 753 758 764 766 769 774 776 781 783 784 786 
789 790 792 795 
253
1 3 13 14 18 19 23 26 29 34 42 44 
46 48 49 50 52 54 56 57 62 69 70 72 
83 86 92 94 95 100 101 106 111 114 116 118 
119 128 130 134 135 137 141 143 144 153 154 155 
156 166 169 170 174 175 178 180 187 191 192 193 
198 202 205 211 212 213 216 219 223 225 227 228 
233 234 237 243 249 251 258 260 262 264 269 287 
288 291 294 296 297 298 303 304 307 310 313 316 
317 319 320 321 322 323 327 328 330 344 352 354 
355 356 357 358 359 361 362 364 367 368 370 372 
374 376 378 379 382 384 386 389 392 393 395 396 
402 404 407 413 414 418 420 425 432 435 437 438 
439 440 441 442 443 446 449 450 455 456 462 463 
464 466 469 481 483 494 496 499 501 502 513 523 
526 527 528 530 534 536 539 543 545 547 549 551 
552 554 558 560 565 571 574 577 579 580 586 590 
595 604 605 606 614 616 618 620 621 623 626 630 
632 634 635 637 639 640 646 647 652 653 654 655 
661 662 663 665 667 668 671 672 673 676 681 691 
693 705 709 710 712 714 718 724 728 731 746 747 
752 754 760 766 770 772 776 782 785 786 791 795 
796 
250
3 6 14 15 17 18 20 23 27 28 36 37 
38 50 51 52 53 57 59 60 61 65 66 68 
69 72 73 74 76 77 89 93 94 98 100 103 
104 105 109 114 115 117 121 128 129 132 138 139 
145 151 153 155 166 169 171 178 179 180 182 183 
186 187 190 192 196 199 201 208 209 213 216 223 
231 235 242 243 244 246 248 251 255 256 263 265 
269 270 271 275 277 280 286 287 300 301 303 307 
310 312 313 315 321 323 324 325 329 330 334 335 
336 337 339 345 350 352 354 356 358 359 361 368 
370 371 376 377 382 383 387 388 393 405 408 425 
427 432 435 436 438 440 443 444 450 455 461 464 
466 468 469 470 472 473 474 475 484 487 488 490 
492 493 495 497 498 499 504 505 507 514 516 517 
518 519 521 523 524 525 527 530 537 538 549 562 
563 575 577 578 581 582 584 588 599 605 606 608 
609 611 614 618 624 626 630 631 634 635 636 641 
642 646 648 653 657 660 665 666 668 676 687 689 
690 691 692 694 696 699 706 707 715 717 721 722 
725 729 732 733 734 739 742 743 744 751 753 764 
768 773 776 782 783 785 786 792 796 798 
245
2 3 5 10 11 14 18 22 24 28 29 30 
32 33 36 40 43 44 45 46 49 50 53 60 
62 73 74 75 76 81 84 89 92 94 95 99 
102 104 105 106 110 111 114 118 121 122 123 124 
131 134 135 136 139 143 146 154 159 161 164 171 
174 175 185 203 207 208 210 211 212 214 216 217 
218 220 224 225 230 231 232 234 241 244 248 252 
266 270 272 273 274 279 284 285 289 291 293 294 
295 298 307 313 319 330 333 334 341 344 345 347 
351 355 358 360 362 363 366 374 375 376 382 383 
388 389 396 401 409 410 415 417 418 423 427 428 
432 433 437 438 440 443 446 448 449 451 455 458 
460 464 466 475 479 484 492 497 501 503 507 512 
513 515 516 521 524 525 527 536 537 540 541 542 
550 551 552 558 562 563 566 568 570 572 574 575 
578 579 582 583 584 588 591 595 598 603 607 608 
613 616 618 621 622 631 635 636 644 646 647 651 
654 659 662 667 670 676 678 687 688 690 692 693 
697 707 709 721 726 728 731 734 741 743 744 748 
749 750 756 758 764 765 767 768 770 772 774 777 
780 785 791 792 798 
242
4 8 14 15 16 21 22 24 27 31 40 46 
50 55 56 65 68 73 83 85 89 94 97 99 
101 109 119 128 129 132 136 137 138 140 144 145 
148 151 152 156 157 164 168 170 173 178 180 186 
187 188 194 196 198 199 203 206 207 208 211 213 
214 215 219 220 222 227 228 231 240 245 249 255 
257 263 268 274 281 286 288 291 292 293 296 299 
302 303 304 309 320 321 323 328 330 332 337 338 
339 340 344 345 348 352 357 362 363 364 369 371 
375 383 393 399 401 402 406 411 414 418 421 422 
424 431 433 434 435 439 441 447 453 454 457 461 
467 469 473 474 475 476 485 488 500 501 503 508 
511 517 520 524 528 529 541 542 545 549 550 553 
555 563 567 571 578 583 584 586 593 595 596 601 
603 605 609 611 614 616 620 625 627 629 633 637 
640 643 645 650 651 654 655 656 658 662 663 675 
679 686 690 695 696 701 703 706 707 708 710 713 
719 721 726 727 729 730 731 732 734 735 736 738 
744 745 747 750 751 752 753 754 755 756 763 766 
767 768 771 773 774 776 779 782 787 788 792 793 
794 798 
254
1 2 3 7 11 20 22 26 29 31 34 44 
51 52 53 56 63 65 71 73 74 81 87 88 
89 90 91 92 96 99 102 111 113 115 116 117 
119 121 122 123 124 126 128 130 132 133 135 141 
142 144 147 149 151 152 153 154 156 160 170 177 
179 183 185 191 198 199 200 201 204 206 209 210 
212 214 216 218 219 224 225 227 231 232 234 235 
241 242 244 245 246 251 261 264 265 266 270 271 
272 279 280 282 284 285 290 291 301 302 303 305 
307 310 311 316 317 319 321 325 340 344 358 360 
362 369 375 379 384 385 386 390 392 399 400 404 
406 410 412 416 421 425 427 428 430 438 439 440 
441 446 450 459 466 471 472 474 479 481 487 492 
495 505 510 511 515 518 519 527 536 537 538 546 
547 548 549 550 554 555 561 562 566 570 573 574 
578 579 580 583 591 594 597 602 604 606 610 614 
615 618 621 623 625 629 636 643 647 657 664 668 
671 679 681 682 685 688 689 690 691 699 706 707 
708 710 711 712 714 719 720 721 722 730 733 734 
737 740 742 746 749 750 752 753 754 755 756 758 
762 766 767 768 769 777 779 783 784 787 789 793 
795 799 
254
7 9 11 12 14 17 18 20 23 25 26 27 
30 34 38 39 40 41 43 48 52 53 55 58 
60 61 64 65 75 76 77 78 88 92 96 98 
100 104 107 108 118 120 121 123 126 128 132 136 
141 142 144 152 160 163 168 169 170 173 174 176 
179 180 185 186 187 194 195 198 199 205 208 213 
215 217 219 222 223 224 227 231 232 237 238 240 
244 246 251 253 254 257 260 263 268 269 271 274 
284 285 292 293 295 296 299 300 303 306 312 313 
317 320 328 329 332 335 342 351 353 356 360 361 
378 379 380 386 387 389 395 397 398 406 408 413 
418 419 421 427 430 433 436 438 440 442 448 449 
455 461 467 468 471 472 474 480 481 487 488 489 
490 492 494 498 502 508 510 515 520 526 527 531 
533 540 542 547 548 550 551 553 556 568 572 574 
575 581 583 584 586 587 589 590 594 596 597 600 
603 604 605 609 610 623 625 627 628 632 633 634 
635 636 638 649 650 652 656 661 664 667 671 672 
674 678 680 681 682 685 693 694 698 700 710 711 
713 716 719 725 738 743 749 750 751 753 757 760 
761 763 764 768 773 775 778 779 784 788 792 794 
795 798 
252
5 8 10 11 14 19 20 23 26 28 29 34 
36 37 40 44 46 56 63 65 68 72 79 81 
83 86 89 92 98 100 103 106 107 109 110 111 
112 114 115 120 122 125 128 131 134 142 145 152 
154 155 157 160 164 168 176 180 182 187 200 215 
216 217 220 223 224 227 230 233 240 241 249 251 
253 255 256 259 260 262 270 271 272 274 285 287 
291 292 295 298 299 302 307 309 314 318 326 327 
331 332 333 334 337 345 349 351 353 354 355 357 
359 363 366 369 370 371 375 377 378 383 385 387 
388 389 397 398 399 400 404 405 406 408 411 413 
414 415 420 422 430 431 433 434 442 445 450 451 
452 453 455 459 463 468 489 491 498 505 506 508 
511 512 515 518 519 523 527 536 539 543 549 552 
553 559 562 565 566 567 569 571 572 575 576 577 
579 586 590 592 594 598 603 604 605 606 607 610 
614 616 621 625 627 628 633 637 641 642 644 645 
647 651 656 658 662 663 664 666 667 680 682 683 
684 687 690 696 700 703 707 708 713 717 718 723 
725 728 729 731 735 736 741 754 756 759 762 765 
769 770 774 776 777 780 782 785 789 790 795 796 
230
6 9 11 17 23 30 45 46 48 52 57 58 
60 61 63 65 67 68 77 85 86 90 95 99 
100 101 107 110 113 116 118 119 125 127 134 138 
143 144 145 147 149 152 160 162 166 167 168 176 
184 192 193 196 197 199 206 207 209 211 212 216 
217 218 228 229 231 233 234 235 239 242 245 246 
247 250 255 256 270 280 288 289 300 305 306 312 
314 315 316 321 327 334 340 341 344 346 348 353 
358 359 361 365 368 369 380 381 384 392 399 407 
409 411 413 423 425 428 429 433 437 442 443 444 
448 449 450 455 456 458 461 465 466 472 474 479 
482 484 488 493 494 497 505 506 507 510 515 517 
521 530 531 535 537 539 540 543 545 546 553 563 
565 568 569 576 577 581 583 584 589 594 596 600 
603 608 609 612 613 614 617 624 628 630 632 633 
639 642 644 645 648 649 650 652 658 660 662 666 
672 676 679 684 685 689 694 695 698 701 715 717 
719 721 723 732 734 735 738 743 744 745 750 752 
753 754 762 764 769 770 774 779 780 784 788 791 
793 800 
243
1 4 6 7 9 11 12 13 14 17 18 25 
28 30 31 36 40 42 47 49 50 52 56 65 
69 71 73 74 75 79 90 92 96 97 102 106 
109 111 115 116 117 119 121 125 129 131 140 147 
151 152 158 160 166 169 171 175 186 188 190 191 
198 199 201 202 203 207 209 210 216 217 218 222 
223 224 230 233 235 241 242 256 260 261 268 275 
276 279 284 287 289 290 292 295 298 299 305 307 
309 311 312 314 317 318 320 321 326 329 338 339 
340 342 343 348 350 352 353 354 357 359 361 368 
370 371 372 373 374 375 376 388 391 393 396 399 
400 405 407 410 411 416 417 422 425 428 429 434 
435 437 439 448 452 454 463 464 465 466 467 471 
473 479 481 497 504 505 506 514 520 526 527 528 
532 539 543 546 547 549 558 559 560 563 564 568 
569 572 573 575 577 578 584 588 589 593 601 605 
608 613 622 626 627 633 637 640 642 645 649 650 
652 653 654 655 660 665 667 672 674 683 686 700 
701 702 713 715 717 731 733 736 742 746 747 751 
756 757 766 769 770 771 772 776 779 787 790 791 
796 798 799 
258
1 3 8 10 13 15 16 20 33 36 41 45 
46 52 53 58 62 70 77 79 81 84 85 89 
91 92 95 96 98 99 100 101 103 111 112 113 
121 127 130 134 140 144 149 151 152 155 158 161 
162 165 168 173 180 182 183 189 190 192 193 194 
203 205 209 212 213 215 220 221 229 230 236 237 
238 240 242 244 245 246 248 253 257 259 260 262 
263 264 267 268 270 274 277 281 282 285 288 289 
290 293 299 308 312 315 317 318 325 326 330 332 
335 340 342 351 353 360 365 368 369 373 379 380 
389 390 393 394 395 397 401 402 407 409 410 412 
414 416 418 432 442 443 446 452 453 456 461 462 
466 476 480 482 483 484 491 492 494 498 499 501 
502 503 504 505 508 510 512 513 516 520 521 524 
526 531 532 533 539 540 542 547 551 552 554 555 
557 558 565 566 571 574 576 583 586 587 589 592 
593 594 605 608 610 614 615 620 622 624 631 633 
635 640 648 649 654 655 658 659 660 667 671 678 
679 684 691 692 694 695 696 699 701 704 705 706 
708 709 712 715 722 727 729 732 734 737 740 742 
746 748 749 752 755 759 761 763 764 771 776 781 
785 786 789 790 796 797 
240
3 18 26 31 32 36 40 41 48 53 57 58 
63 65 71 72 73 76 77 80 82 83 86 88 
90 94 99 100 107 110 111 112 113 116 123 124 
127 130 131 135 143 144 147 148 150 151 152 162 
165 173 175 180 187 188 189 192 193 200 202 207 
213 222 225 226 228 231 233 236 238 240 243 247 
256 260 261 263 265 275 283 284 298 299 301 302 
303 305 306 312 318 321 322 331 337 343 344 345 
349 355 356 358 361 363 367 368 371 372 373 375 
378 379 380 381 382 386 388 389 395 398 399 404 
406 407 410 411 412 415 419 422 423 426 430 434 
437 440 442 443 444 447 449 450 458 460 463 464 
465 466 469 470 479 482 485 502 505 506 515 522 
535 539 544 547 551 557 559 563 565 568 572 576 
577 579 581 585 591 593 597 601 603 604 606 610 
611 613 615 619 621 624 625 627 628 629 631 635 
639 642 644 645 648 669 670 673 674 677 680 682 
683 685 688 696 698 701 702 707 710 720 723 724 
727 729 730 734 740 744 746 748 754 755 760 769 
771 778 779 780 781 782 783 784 786 787 790 794 
242
1 2 5 6 10 12 13 20 21 22 23 27 
29 33 36 38 43 44 57 58 72 79 83 85 
88 91 96 97 99 101 102 111 113 122 128 130 
132 133 135 140 148 152 158 159 160 166 167 171 
172 173 174 177 179 181 187 188 191 192 193 194 
195 200 214 218 220 221 222 223 224 225 226 238 
241 243 246 247 249 255 257 260 262 264 269 270 
271 272 273 283 289 297 299 300 301 302 303 304 
311 313 314 321 324 325 331 339 354 356 359 374 
377 380 383 385 387 392 396 401 403 405 406 410 
418 420 423 425 427 432 435 442 445 451 453 455 
457 458 460 465 469 470 474 475 476 478 480 485 
487 489 493 494 496 500 503 505 506 511 512 514 
517 519 520 526 549 550 552 553 554 556 557 559 
560 567 568 569 571 573 574 576 581 582 585 586 
590 591 594 595 598 599 600 608 620 623 624 626 
630 632 633 637 639 648 649 653 658 663 664 670 
671 677 689 690 694 695 697 705 706 708 717 721 
723 725 728 739 742 743 744 753 758 759 760 762 
766 767 769 771 773 774 777 781 782 784 790 791 
795 799 
238
6 7 9 13 14 20 21 30 32 36 47 50 
54 62 67 69 74 83 86 87 88 89 94 95 
96 104 110 115 119 121 123 124 130 131 138 140 
147 148 149 150 153 157 159 161 168 170 172 177 
184 191 205 206 210 214 223 225 226 227 228 235 
237 238 243 244 245 247 254 255 256 260 265 266 
267 269 279 285 286 293 306 308 319 323 325 326 
328 331 335 341 346 352 353 357 360 366 368 370 
380 392 396 406 416 418 420 422 423 428 438 441 
443 444 445 447 448 454 455 456 459 460 462 463 
464 470 474 481 483 487 488 492 495 496 499 503 
505 506 510 511 512 513 514 517 518 522 528 529 
531 534 539 543 546 547 551 558 559 561 564 565 
566 568 569 570 571 573 574 581 582 586 587 588 
591 592 593 594 597 598 600 601 604 608 610 613 
615 621 624 628 632 634 635 641 642 650 652 653 
654 660 664 668 671 672 676 677 684 695 698 699 
701 704 706 711 715 716 717 725 727 728 735 737 
738 740 743 746 751 755 762 764 765 767 768 770 
771 773 778 781 783 787 788 789 798 799 
258
4 6 14 18 23 26 27 28 29 32 41 42 
43 46 50 52 54 55 60 61 64 68 69 70 
71 77 83 85 90 91 92 99 102 103 108 113 
118 120 121 122 125 128 131 137 142 146 150 151 
155 156 167 168 175 176 178 180 181 182 185 191 
192 193 195 196 198 203 207 210 214 217 220 221 
226 230 235 246 249 255 257 262 263 266 269 273 
275 277 280 281 286 290 294 297 301 312 314 315 
317 318 319 320 321 322 323 324 330 333 337 338 
346 348 349 350 354 360 361 372 385 386 387 390 
391 399 403 405 409 415 416 417 420 422 430 434 
436 437 440 441 443 446 450 452 456 457 458 464 
465 467 470 472 473 475 478 485 486 489 490 491 
492 494 496 498 506 507 511 513 517 518 527 531 
532 533 539 544 547 549 550 551 555 560 563 565 
567 568 571 576 579 580 581 585 586 588 589 596 
597 598 605 607 610 616 617 619 620 622 627 630 
633 638 641 642 645 646 649 652 653 658 663 665 
666 668 672 673 674 680 682 684 685 687 688 695 
696 702 705 707 712 716 717 720 724 729 730 731 
732 744 745 746 751 762 764 771 777 778 779 780 
787 788 789 790 792 799 
231
9 10 14 17 18 20 23 25 28 29 32 38 
40 44 45 52 54 55 56 61 63 64 65 68 
75 78 81 82 83 88 92 93 100 101 118 122 
123 128 131 134 135 141 144 146 149 151 153 154 
158 162 166 167 170 173 174 180 182 186 189 191 
193 195 201 204 205 207 212 214 220 221 222 231 
232 241 249 255 256 260 261 262 266 270 272 276 
282 285 289 296 297 299 301 308 309 315 318 321 
322 323 324 327 329 330 339 343 345 348 351 352 
354 355 357 364 365 367 371 376 377 381 389 392 
403 404 412 414 418 421 422 423 426 429 434 445 
456 464 469 472 474 478 479 484 487 488 493 494 
496 498 502 504 507 510 511 516 517 519 524 528 
533 536 538 541 543 554 559 563 567 570 573 574 
575 577 580 586 588 589 592 593 604 615 618 628 
630 632 638 645 646 648 653 657 658 661 664 666 
668 669 673 677 681 686 689 696 699 703 708 715 
721 724 725 731 732 733 734 735 736 737 743 744 
747 750 752 754 756 772 775 777 778 779 787 792 
794 796 797 
233
1 4 5 9 10 12 15 21 24 29 34 35 
36 42 45 46 48 53 55 59 62 68 71 75 
76 79 87 102 103 104 106 108 109 111 112 113 
115 117 123 128 141 145 146 153 154 158 164 168 
171 184 185 186 189 191 194 203 207 214 216 217 
220 222 225 226 230 233 236 239 246 253 254 265 
268 269 270 271 272 278 279 282 290 294 295 302 
303 304 307 310 313 314 316 325 327 330 333 335 
340 342 346 357 358 363 364 368 369 373 374 375 
378 383 385 387 388 389 398 400 406 408 409 410 
414 415 420 428 431 433 438 446 447 449 452 454 
459 465 471 472 475 476 479 483 497 505 506 512 
526 533 534 537 538 539 543 546 547 550 551 552 
557 560 561 563 566 570 571 575 581 588 590 593 
595 596 601 609 613 614 615 616 618 620 621 623 
629 631 638 639 643 654 657 658 662 664 667 677 
678 679 680 683 684 686 696 701 708 709 713 716 
718 721 724 728 730 731 733 742 749 750 753 754 
756 763 768 769 771 772 773 775 776 778 781 788 
789 790 792 796 799 
236
4 6 9 11 12 20 21 28 30 31 32 35 
42 45 46 50 53 57 59 65 67 76 84 86 
88 89 94 96 98 108 111 117 119 121 131 132 
134 135 138 139 144 145 147 155 156 157 158 161 
165 172 174 175 178 183 184 186 190 191 193 198 
199 200 203 213 217 218 225 228 234 237 239 243 
247 249 250 255 256 258 259 260 261 262 263 265 
268 270 277 279 280 282 283 285 291 301 302 304 
308 320 321 323 330 340 341 350 351 358 359 360 
362 367 369 374 377 378 388 392 397 402 403 404 
408 409 410 413 414 419 421 426 433 434 435 438 
439 440 441 442 450 451 453 457 460 463 464 467 
471 472 474 477 478 480 481 490 491 493 506 517 
521 522 528 529 534 538 539 542 543 545 546 549 
550 556 557 559 560 565 567 571 572 573 579 580 
582 585 586 589 590 591 594 610 620 622 624 626 
627 629 635 637 638 646 648 650 653 657 658 664 
665 666 667 668 676 679 681 683 684 703 705 709 
719 724 727 728 738 743 746 747 752 753 755 757 
762 763 765 772 785 791 792 794 
229
6 7 9 11 12 19 26 30 31 32 34 35 
36 37 40 43 44 45 46 53 55 56 61 67 
70 81 93 94 98 99 101 109 115 117 121 122 
123 126 127 132 135 141 145 149 151 152 158 162 
164 165 172 175 176 181 182 183 184 198 200 205 
209 210 213 215 221 227 231 233 241 243 253 257 
260 263 264 271 272 275 279 280 281 292 293 304 
310 312 313 315 316 320 321 323 327 338 341 343 
345 361 363 365 369 372 374 379 382 383 387 389 
393 400 407 410 412 414 415 420 425 434 436 439 
443 449 450 455 457 458 459 469 471 474 481 486 
489 490 492 494 495 496 497 498 499 500 501 503 
504 506 511 521 522 527 532 535 537 538 540 542 
546 548 549 552 560 562 567 569 570 571 575 576 
581 585 589 596 600 602 607 609 612 621 623 626 
627 628 630 637 645 647 653 655 656 663 664 668 
676 680 681 695 697 699 707 712 716 717 730 733 
735 736 737 743 746 748 749 750 751 752 753 756 
760 763 768 769 772 774 775 777 781 791 793 798 
799 
266
2 3 7 9 10 12 14 16 17 25 26 28 
29 30 34 35 39 40 42 48 55 57 58 59 
60 61 69 74 75 87 88 90 92 94 95 106 
107 108 110 111 112 113 117 119 122 123 127 129 
140 144 150 156 158 161 163 165 166 172 177 181 
189 191 192 193 194 195 197 201 204 206 210 212 
216 222 223 228 229 231 233 235 241 242 243 249 
250 251 258 262 265 266 270 277 279 280 286 305 
307 308 309 311 316 318 322 323 327 332 335 337 
341 344 347 354 356 357 358 360 362 364 367 371 
374 378 379 380 388 389 396 400 402 404 406 408 
409 412 415 421 425 426 428 429 431 434 435 436 
442 448 450 451 453 457 458 462 463 466 467 472 
476 484 486 487 489 491 493 494 497 499 500 509 
512 516 519 521 527 529 530 531 533 536 537 540 
543 545 546 555 556 558 564 567 569 571 576 578 
581 584 585 587 592 593 596 599 600 601 604 606 
610 616 619 620 622 628 629 634 635 643 650 659 
661 663 668 669 670 671 673 674 677 678 679 680 
681 682 684 695 702 704 705 707 709 713 715 716 
725 731 732 739 742 745 748 749 751 753 754 755 
757 758 762 764 766 768 770 788 789 791 792 793 
794 796 
232
4 5 9 10 17 20 21 26 29 34 40 41 
44 52 54 55 59 62 64 69 72 73 74 80 
82 89 91 93 94 98 100 103 107 110 111 114 
115 118 122 123 128 129 131 132 133 135 137 139 
140 148 153 155 159 161 165 167 171 174 178 180 
183 184 191 194 195 196 202 209 211 213 218 221 
222 223 230 232 233 236 238 239 247 254 255 259 
260 272 278 280 284 286 290 292 297 301 303 306 
309 317 323 324 327 329 331 332 334 337 347 351 
352 354 363 365 370 371 378 380 382 386 389 395 
397 398 400 409 415 416 422 428 430 438 439 443 
446 449 450 465 468 479 480 484 486 487 491 493 
494 497 498 504 505 509 511 513 516 517 531 536 
540 543 544 545 546 555 559 563 568 569 571 572 
578 584 591 599 603 612 614 617 625 626 627 628 
634 636 639 641 644 652 654 660 671 675 678 681 
683 684 686 688 691 700 702 705 706 708 710 713 
717 718 720 721 729 732 736 737 740 742 744 745 
746 748 751 753 755 758 765 770 771 772 774 776 
781 786 787 798 
250
11 12 14 18 21 23 24 25 27 28 35 37 
38 46 48 49 51 52 55 56 59 62 63 68 
76 78 79 82 91 92 98 101 102 112 118 119 
121 124 126 127 128 129 130 133 134 135 138 139 
140 144 149 152 153 159 161 164 169 170 173 175 
180 182 185 187 193 194 196 197 205 206 209 212 
213 218 223 231 233 236 237 243 251 252 254 256 
260 261 265 266 269 272 273 276 282 288 291 292 
298 300 301 302 303 307 308 314 318 320 324 327 
330 337 339 340 341 343 344 345 347 351 355 359 
360 363 367 374 376 382 391 393 394 395 397 401 
403 406 407 418 420 423 426 427 430 433 434 435 
437 440 441 443 446 447 450 463 464 467 479 482 
487 497 498 503 517 524 525 526 533 535 538 540 
541 542 543 545 560 563 565 568 570 571 581 586 
587 595 597 598 599 600 607 611 619 621 626 629 
631 634 641 645 646 648 650 652 656 657 659 663 
665 668 669 676 678 680 682 686 687 688 690 691 
695 699 702 706 707 713 718 719 725 727 732 733 
741 743 744 751 757 761 764 765 766 768 769 770 
772 773 777 778 779 780 785 788 791 799 
256
1 2 5 8 10 12 21 29 33 35 36 37 
38 45 50 53 59 60 64 67 71 72 73 85 
93 96 98 100 101 105 109 112 113 117 118 120 
133 134 136 139 143 144 151 157 158 173 175 180 
182 183 193 194 196 199 202 204 213 217 218 226 
230 234 236 240 245 255 263 266 267 270 271 273 
274 276 277 278 285 287 290 292 293 294 295 299 
306 308 310 311 312 314 315 317 318 324 330 336 
339 342 344 345 350 351 352 353 354 357 364 368 
374 376 377 381 384 388 389 390 391 392 393 400 
402 404 405 407 413 415 421 425 428 429 432 435 
437 438 439 445 449 453 456 460 462 466 469 470 
473 474 475 476 477 481 483 484 486 488 489 490 
497 502 508 510 513 514 515 517 518 522 524 526 
530 533 534 535 541 543 549 553 559 560 561 562 
565 566 567 577 582 583 584 585 595 596 597 598 
599 602 605 610 613 615 617 618 619 623 625 628 
637 641 643 647 655 656 667 668 671 678 685 686 
689 695 699 701 702 703 705 709 710 712 722 726 
727 730 732 735 740 745 746 751 754 755 756 759 
761 763 769 770 771 774 777 780 784 785 786 791 
792 793 798 799 
225
7 8 9 12 15 16 21 25 30 32 33 34 
36 37 38 39 50 51 55 59 61 64 65 68 
70 71 73 78 79 88 91 104 111 112 117 120 
127 131 133 134 141 144 148 149 158 162 166 167 
169 174 177 182 189 192 194 195 196 197 203 204 
207 215 217 221 223 226 231 244 247 252 254 256 
257 259 261 262 265 270 276 278 279 284 297 303 
310 318 322 323 327 332 347 355 360 367 369 374 
376 379 380 381 385 386 388 390 392 397 399 400 
403 404 406 411 413 414 417 418 422 423 430 432 
439 449 452 453 456 457 460 463 465 468 475 477 
481 482 484 490 492 502 505 508 509 512 517 521 
524 533 535 537 539 541 548 549 551 555 556 561 
562 563 564 566 579 581 583 591 594 598 601 608 
614 619 620 626 627 629 631 635 636 637 644 645 
646 647 649 652 657 658 659 660 666 673 676 679 
683 688 691 692 698 699 701 702 710 715 716 717 
718 724 727 728 729 736 742 746 753 757 760 762 
767 771 776 780 783 785 786 789 800 
259
2 3 9 16 20 21 22 31 32 36 41 43 
45 47 50 51 54 56 58 59 66 67 68 69 
72 73 74 80 85 89 96 97 98 99 103 105 
106 109 119 121 125 128 133 146 150 155 159 160 
162 164 166 168 169 170 172 173 175 176 178 182 
185 186 188 190 196 200 201 205 207 208 209 212 
216 217 224 229 231 232 233 235 237 238 243 246 
248 249 250 256 258 260 265 271 274 280 283 291 
296 298 299 301 306 307 309 319 320 322 323 328 
330 335 336 337 338 343 345 348 349 351 352 360 
370 375 376 377 378 379 384 393 399 401 403 405 
407 408 412 415 416 417 426 427 431 434 436 437 
438 440 444 447 448 449 450 451 459 460 461 477 
481 484 490 496 497 498 499 502 507 511 512 513 
514 515 517 518 523 524 527 528 534 535 538 539 
541 543 544 545 546 547 549 551 552 556 560 565 
568 571 572 578 581 582 587 592 597 605 606 609 
616 619 621 627 629 630 638 644 650 653 658 666 
670 680 684 685 688 689 693 694 697 700 708 714 
719 720 721 725 727 729 733 734 737 739 744 748 
750 758 761 762 764 765 766 770 771 772 778 784 
785 786 789 790 794 799 800 
228
2 4 5 7 13 14 15 23 28 29 30 31 
34 37 44 46 53 54 56 57 59 69 73 74 
75 77 80 81 82 83 84 88 89 95 98 102 
103 106 116 117 119 121 126 127 128 133 134 143 
152 154 158 159 162 163 165 169 170 172 177 179 
180 183 184 189 190 192 199 207 208 210 211 213 
215 216 218 220 226 229 232 234 241 243 250 255 
259 261 274 282 289 294 299 300 310 313 314 320 
322 325 327 333 337 338 342 348 351 354 361 363 
374 375 379 383 393 401 403 404 407 409 411 415 
417 422 431 432 435 440 441 449 450 455 458 459 
467 468 469 470 474 475 478 486 497 502 506 507 
508 512 518 519 522 525 527 528 529 531 539 545 
550 558 560 561 565 567 569 572 577 578 584 586 
588 589 590 593 594 597 598 609 612 617 623 624 
628 632 642 647 657 669 672 673 675 676 685 686 
693 694 695 696 699 701 705 706 707 708 709 711 
712 713 715 723 730 734 736 738 743 746 755 756 
758 761 763 764 765 768 770 774 779 790 796 798 
237
7 18 24 29 30 32 33 36 37 38 40 42 
44 45 49 50 55 57 58 61 62 66 69 70 
72 73 75 78 79 80 83 85 87 89 90 91 
92 93 94 103 113 117 123 126 136 138 141 142 
144 150 151 153 156 161 166 167 169 175 177 180 
185 187 191 192 195 196 197 200 207 210 214 215 
225 231 233 236 241 259 265 266 267 270 274 281 
283 284 286 289 291 292 293 299 301 305 309 310 
315 320 321 322 325 326 327 334 337 340 348 350 
351 356 363 368 377 380 381 385 388 403 404 409 
415 416 417 419 421 426 434 443 446 448 452 456 
458 459 460 465 473 474 476 484 485 492 494 498 
499 501 503 504 508 509 514 518 520 527 532 542 
548 551 555 556 558 561 562 563 564 567 568 575 
582 590 592 595 597 599 600 605 607 608 614 615 
624 626 629 630 632 633 634 636 641 643 654 656 
658 659 661 662 666 667 668 674 680 681 683 684 
686 689 694 696 700 708 709 710 712 721 722 729 
730 731 739 742 743 746 752 755 758 765 766 770 
771 773 776 784 788 794 795 799 800 
246
1 2 3 4 15 16 19 20 32 36 37 39 
45 48 53 54 56 61 62 69 76 77 81 82 
85 87 94 96 99 101 108 109 110 111 113 115 
116 119 120 122 132 134 143 144 145 148 154 155 
162 163 172 173 174 183 184 187 189 190 192 196 
206 208 214 216 217 220 221 222 226 230 232 233 
238 240 244 246 256 258 260 263 264 266 272 275 
277 279 290 293 300 301 311 313 314 316 320 323 
325 327 328 331 341 348 349 350 354 355 356 360 
367 369 371 372 377 379 386 390 394 395 398 404 
406 408 412 414 416 418 421 422 424 431 438 439 
440 446 451 452 453 459 462 463 465 471 474 479 
480 481 484 485 486 488 493 495 496 501 502 507 
508 512 514 516 521 524 526 531 537 539 544 546 
558 562 564 567 570 573 576 581 584 600 601 608 
610 614 615 617 619 628 634 635 639 641 649 650 
651 655 657 658 659 669 670 671 672 673 675 677 
687 692 693 697 701 706 707 708 710 712 722 724 
726 727 728 740 741 742 744 745 747 748 749 752 
758 763 765 767 768 769 773 774 775 777 778 780 
785 787 789 791 795 800 
251
3 5 6 8 11 16 18 21 22 24 25 29 
31 34 35 41 42 44 51 52 59 61 64 65 
67 73 75 77 78 79 82 84 85 88 93 96 
102 103 105 111 115 116 119 121 127 129 140 141 
142 145 148 150 157 159 160 161 166 169 171 173 
176 182 184 188 190 191 197 198 203 204 205 226 
227 229 235 237 241 242 245 247 248 249 251 255 
260 267 270 274 275 278 280 282 283 284 285 287 
288 295 299 302 303 311 312 314 325 326 331 332 
334 336 344 347 348 351 352 354 356 360 364 365 
367 376 380 381 383 389 390 392 394 396 401 402 
406 408 409 416 420 421 423 425 427 438 439 440 
443 446 450 452 453 454 457 463 468 470 472 476 
477 479 487 488 492 494 495 496 497 498 502 503 
505 506 508 510 520 522 523 527 531 532 537 540 
544 549 551 559 561 562 566 567 575 580 582 583 
585 606 610 611 618 620 623 627 631 636 638 640 
641 650 653 654 656 660 667 673 680 687 690 691 
694 696 697 706 710 712 717 719 720 722 724 728 
730 731 732 733 735 737 738 739 740 744 745 748 
751 753 754 759 760 765 776 780 784 789 791 
242
2 3 5 7 22 26 33 37 44 47 49 50 
54 56 61 65 69 70 76 77 80 81 86 88 
89 90 92 97 98 99 100 107 108 111 112 114 
115 120 121 122 124 131 132 135 144 145 146 148 
150 151 153 154 160 172 173 174 175 177 188 189 
200 202 206 214 215 216 217 219 223 224 228 234 
237 238 239 247 252 260 262 263 268 275 279 280 
281 282 290 292 293 297 298 299 301 303 305 308 
310 316 319 329 330 334 337 338 339 340 346 349 
350 351 358 360 362 369 374 377 380 381 383 385 
386 389 396 400 401 407 409 410 411 413 414 417 
421 422 424 426 430 433 436 447 453 454 455 460 
461 468 472 473 475 479 481 484 487 489 490 494 
501 503 506 507 513 514 517 521 523 528 530 532 
535 540 558 562 565 566 575 583 586 587 589 590 
593 594 595 598 606 608 611 623 627 633 637 638 
641 642 644 645 647 648 652 653 654 655 661 669 
671 676 682 687 689 693 697 698 703 705 706 707 
714 715 716 728 735 738 741 742 744 750 753 755 
756 759 765 767 770 773 776 779 784 787 790 791 
793 800 
216
6 9 21 24 25 27 31 33 36 37 38 39 
40 49 50 54 55 59 60 65 66 70 74 76 
89 92 93 101 102 107 112 117 124 128 131 132 
138 139 140 141 142 145 146 150 151 152 162 166 
167 168 172 175 179 189 200 204 207 208 211 217 
222 229 233 235 240 241 244 248 249 250 253 257 
259 266 267 270 273 282 299 300 304 305 308 314 
319 320 328 334 341 344 353 356 358 363 364 371 
374 375 376 377 378 380 381 384 386 389 392 393 
397 398 399 400 403 407 408 415 421 422 424 425 
429 451 452 464 467 470 475 478 479 480 481 483 
485 490 494 495 517 521 523 524 525 526 530 536 
537 540 541 542 543 545 549 551 552 559 564 568 
571 572 573 581 584 594 595 596 601 610 613 614 
616 625 631 642 644 650 652 654 655 659 660 665 
669 673 674 676 681 686 689 694 695 696 700 702 
703 715 717 722 723 726 728 730 736 739 746 748 
760 763 766 771 782 783 784 787 790 792 798 799 
235
1 7 16 17 23 24 25 35 39 44 46 48 
53 57 59 61 63 66 70 74 75 83 86 87 
98 106 109 111 115 121 122 127 128 148 150 151 
152 153 156 157 159 168 173 182 183 184 185 186 
189 193 194 195 199 200 201 203 205 207 211 214 
218 220 221 226 229 230 231 241 246 247 248 249 
250 257 258 259 262 263 266 267 270 272 275 276 
278 279 281 288 293 296 299 304 305 307 312 318 
319 320 321 324 326 327 329 333 337 342 344 346 
350 354 355 358 359 360 364 370 374 376 383 387 
388 390 394 398 399 400 403 419 421 424 434 436 
439 444 445 446 450 453 456 460 466 472 475 481 
484 485 486 488 492 495 496 506 508 516 525 533 
534 536 537 539 546 548 550 552 556 558 561 563 
569 575 580 594 595 604 605 606 609 611 612 618 
619 625 628 629 630 632 639 644 645 646 664 665 
672 674 675 677 679 697 699 700 703 706 707 709 
713 717 719 720 728 731 732 733 734 736 738 739 
740 745 747 751 758 759 760 762 766 767 770 771 
779 782 784 790 792 796 800 
242
1 2 7 8 9 11 15 18 23 27 28 31 
36 38 39 40 49 51 53 54 57 63 68 69 
76 78 81 82 84 86 91 94 98 106 115 120 
128 130 132 143 145 150 154 155 157 164 167 173 
181 182 190 191 192 194 199 204 205 206 208 217 
223 227 234 235 236 243 251 253 254 260 261 263 
265 266 267 268 272 274 275 280 281 284 285 288 
291 293 300 303 306 309 313 318 320 324 325 326 
327 329 330 334 338 339 340 343 344 350 357 359 
360 362 364 365 366 370 373 374 377 383 385 400 
403 404 405 413 423 425 432 433 434 436 438 439 
443 446 447 448 449 453 454 459 462 463 468 472 
473 479 483 486 487 493 496 500 505 509 510 512 
517 518 521 527 531 534 535 540 541 545 548 553 
557 561 562 563 565 570 571 574 577 579 581 582 
583 585 588 591 595 600 601 603 610 612 622 625 
628 632 634 635 643 648 649 652 656 657 661 663 
666 669 675 682 683 684 686 687 689 691 692 697 
699 701 706 707 716 723 733 743 748 749 755 756 
757 760 762 765 766 768 774 780 782 786 787 788 
791 792 
223
1 5 9 10 14 16 17 21 29 30 37 39 
44 46 48 55 59 63 71 75 78 92 97 98 
102 103 106 110 111 114 119 128 129 135 140 142 
146 158 161 164 168 176 177 178 182 183 185 190 
191 193 196 197 202 206 209 210 211 212 214 217 
218 219 223 226 228 231 243 246 247 248 249 256 
258 259 268 270 273 274 275 276 279 285 286 289 
291 292 297 302 305 310 318 320 321 322 328 332 
335 336 345 346 347 349 350 352 353 354 359 360 
364 370 371 372 378 380 383 388 390 393 398 400 
405 416 420 426 438 441 444 449 456 458 461 464 
466 469 471 472 476 479 480 481 485 487 490 500 
502 504 505 506 508 512 513 515 520 525 531 535 
539 555 559 564 565 566 567 569 574 578 579 585 
586 592 599 600 602 605 607 615 617 618 622 625 
630 637 642 645 653 658 664 671 672 674 675 680 
684 687 689 690 698 708 713 716 719 729 736 739 
740 741 742 743 744 746 749 756 759 763 770 776 
781 782 783 787 788 798 799 
240
3 4 8 11 12 16 17 19 21 25 27 32 
39 40 44 50 51 52 57 60 61 73 75 78 
80 85 92 95 96 104 107 108 110 113 114 117 
119 120 121 122 123 126 127 128 132 134 137 142 
143 145 148 150 156 160 163 168 171 176 180 183 
185 189 197 202 205 206 207 208 209 211 212 214 
215 216 217 219 224 230 237 241 246 249 251 253 
255 256 265 268 270 276 280 282 283 284 291 295 
296 302 305 307 314 318 327 328 330 332 340 342 
345 346 349 350 353 356 360 361 362 366 370 371 
374 379 386 392 393 395 396 397 398 399 400 401 
411 415 418 420 432 442 448 455 457 461 462 474 
477 487 499 500 504 507 508 519 528 532 533 541 
546 552 559 560 562 567 568 570 571 572 578 581 
584 586 587 588 589 592 593 600 602 606 607 611 
616 620 622 623 625 630 631 632 634 636 641 645 
649 650 652 653 658 661 668 671 673 681 686 689 
692 694 704 706 709 715 717 725 727 732 735 736 
738 740 742 744 748 750 752 755 757 758 759 764 
766 772 777 779 782 784 789 790 793 794 796 797 
225
4 7 14 16 17 20 21 22 24 26 36 39 
43 44 45 55 56 64 70 72 74 76 78 80 
84 91 92 98 99 105 110 120 122 125 127 130 
132 155 159 160 164 168 169 171 177 180 183 184 
185 191 192 195 200 202 207 209 213 219 223 237 
240 243 254 255 268 272 278 280 286 292 293 295 
296 297 301 303 305 307 315 318 321 323 326 327 
331 332 333 341 342 344 347 352 353 358 361 370 
372 376 378 379 381 384 388 393 396 399 406 407 
414 416 417 423 427 428 433 435 441 442 446 449 
450 451 453 454 455 460 469 475 476 479 482 485 
487 488 489 490 493 497 521 524 529 531 536 537 
541 543 546 548 551 560 561 562 563 564 565 567 
571 585 587 593 596 599 602 604 605 610 611 621 
624 625 630 631 635 638 639 640 644 646 652 654 
656 657 659 664 665 666 668 671 677 679 684 685 
691 695 698 702 703 704 711 713 718 720 723 724 
725 727 738 741 748 750 751 752 754 755 759 760 
774 775 785 788 789 790 794 797 800 
236
1 4 6 9 10 11 13 17 21 22 27 34 
35 41 46 47 48 49 53 55 56 59 67 70 
71 76 77 79 80 84 85 90 98 101 102 104 
105 109 110 117 124 125 126 127 128 135 138 140 
144 147 149 154 164 165 166 174 175 183 188 189 
192 193 194 195 196 197 201 209 213 216 218 219 
225 229 236 238 240 242 244 245 246 248 252 253 
259 260 261 274 276 283 284 288 301 305 307 311 
320 321 322 323 327 332 334 337 339 341 342 343 
344 347 352 356 357 362 363 364 370 372 375 376 
381 385 386 387 388 390 392 399 400 408 409 414 
418 422 423 424 431 438 446 450 454 458 460 461 
462 466 468 477 479 483 490 493 494 498 502 503 
509 513 517 522 529 538 543 545 554 557 558 561 
564 566 569 570 574 575 581 583 587 592 595 608 
611 613 618 620 632 635 636 637 640 642 648 654 
658 660 663 669 677 678 679 683 685 686 688 690 
691 695 698 701 703 704 710 717 721 727 730 733 
734 736 739 740 743 745 747 749 752 756 760 766 
767 770 779 780 790 793 794 799 
211
1 6 10 11 18 25 27 28 29 32 34 35 
39 43 47 48 49 50 52 55 68 69 76 78 
85 86 88 92 97 106 107 109 115 116 119 121 
123 124 126 128 130 132 136 144 145 146 147 158 
159 161 167 168 173 176 177 179 181 190 191 197 
202 203 204 205 210 214 218 220 223 224 225 230 
236 240 242 243 245 248 251 252 253 258 261 267 
271 276 280 283 286 288 291 292 295 296 298 305 
310 315 316 318 320 342 345 346 347 350 355 362 
363 372 376 377 378 379 380 381 384 386 393 396 
398 400 404 411 412 419 425 431 444 446 447 448 
453 455 461 464 471 472 473 475 480 488 491 495 
504 505 507 508 510 513 514 522 523 528 529 530 
531 539 540 546 552 555 564 567 571 575 576 589 
593 595 603 621 633 636 637 642 652 655 664 665 
666 672 673 676 680 685 689 700 708 714 717 722 
726 727 729 735 737 743 747 750 751 762 763 769 
776 777 788 790 793 796 797 
222
3 6 11 32 38 45 47 49 51 52 55 56 
61 62 64 65 68 69 72 73 74 77 86 93 
95 99 101 104 106 109 111 112 113 115 117 121 
124 125 126 130 144 145 147 148 149 153 155 160 
167 169 170 171 172 173 175 176 180 184 199 201 
202 206 207 210 211 213 214 215 220 230 235 238 
248 253 260 264 268 271 274 289 291 296 298 305 
308 312 314 315 317 318 319 320 323 331 333 342 
345 356 358 360 362 363 365 370 379 380 385 386 
391 396 402 404 407 411 412 417 422 423 426 432 
434 435 437 438 444 447 450 453 454 455 456 457 
458 459 461 471 473 474 476 481 485 490 491 493 
498 504 507 519 520 522 529 535 536 539 540 544 
545 546 548 559 563 565 569 570 571 572 584 585 
591 592 596 600 608 609 611 612 614 617 619 620 
623 624 625 626 629 634 635 636 638 649 655 658 
663 665 666 682 683 685 687 696 699 704 705 708 
715 724 727 728 736 739 743 745 757 759 762 774 
780 786 789 793 795 797 
269
1 2 6 12 14 18 21 23 24 27 33 34 
36 42 44 47 48 51 53 59 60 62 69 71 
73 75 76 77 79 80 84 88 90 91 93 98 
100 101 108 110 116 117 118 120 124 127 130 131 
134 135 136 138 140 141 148 149 152 153 164 165 
167 171 172 175 177 179 182 186 187 194 196 199 
206 207 209 211 213 214 216 218 219 224 228 235 
236 237 239 245 248 250 251 252 255 260 266 267 
270 274 275 276 278 290 291 295 296 300 301 312 
313 315 317 318 319 322 323 324 326 334 336 337 
340 343 351 353 355 359 362 377 378 379 384 387 
389 390 394 400 403 405 407 408 410 413 415 418 
419 420 422 428 429 432 433 439 445 451 457 460 
462 466 474 475 479 481 483 488 497 499 502 503 
507 509 510 513 515 522 524 526 527 528 530 531 
534 539 546 547 562 563 564 565 567 570 571 572 
573 583 585 596 597 599 601 603 604 605 608 610 
615 619 624 630 636 638 639 642 644 647 648 649 
652 656 658 659 662 664 666 667 674 677 679 680 
682 685 689 690 696 700 701 703 706 710 716 717 
719 721 725 730 738 739 741 742 748 751 758 759 
760 761 765 767 770 776 779 781 782 783 784 785 
788 790 793 794 795 
251
1 3 6 8 12 16 17 20 23 28 29 30 
33 45 46 48 49 51 53 57 61 65 69 73 
75 76 77 78 80 82 84 92 93 96 97 98 
100 101 103 104 109 115 118 120 122 123 128 138 
139 146 150 151 155 158 159 162 163 166 179 182 
189 194 195 197 202 206 210 211 212 219 222 223 
225 226 228 230 236 237 242 244 247 250 266 268 
272 276 283 285 290 298 307 308 309 310 319 321 
322 326 329 330 332 338 341 342 343 345 346 349 
350 361 367 368 372 374 377 379 380 382 387 390 
393 395 396 397 401 403 405 406 409 411 416 417 
419 420 421 422 430 433 434 441 444 446 450 452 
459 462 463 464 465 475 481 484 494 495 498 506 
511 516 518 519 522 525 528 530 533 536 542 551 
552 553 555 558 559 560 561 564 573 579 580 586 
587 592 599 605 616 621 631 633 634 639 643 644 
649 651 656 657 659 662 664 667 671 678 679 681 
682 685 687 689 699 707 708 709 711 712 714 716 
717 718 719 723 724 726 727 728 730 737 738 739 
744 750 752 757 759 762 763 766 768 769 771 772 
774 780 781 782 785 787 788 794 796 798 800 
239
1 7 10 12 15 28 30 31 33 36 38 39 
41 50 52 59 60 63 72 73 75 77 80 81 
83 85 87 95 96 105 108 110 118 120 122 123 
125 127 128 129 135 136 138 142 145 148 153 155 
156 160 164 165 169 172 174 185 189 191 193 194 
202 204 216 217 220 225 229 237 246 253 260 263 
265 267 270 273 274 284 286 288 290 295 304 309 
311 313 315 325 328 330 333 335 336 339 346 347 
348 350 357 359 360 362 363 365 368 370 371 384 
385 388 399 401 403 418 422 426 434 439 440 445 
447 449 451 458 459 466 470 471 472 473 475 480 
482 483 484 488 489 490 493 495 496 497 498 499 
503 509 514 515 516 519 520 522 523 529 531 542 
546 550 551 556 564 565 573 576 579 582 586 587 
591 592 596 598 599 603 607 614 615 617 618 621 
623 624 625 633 637 640 644 647 656 659 669 670 
672 675 676 678 679 684 686 692 693 701 705 711 
716 719 720 723 724 725 728 729 730 732 733 735 
736 737 738 740 742 744 747 750 756 757 759 762 
765 773 779 780 782 785 791 793 794 796 800 
238
5 6 11 14 20 22 23 26 29 35 36 38 
43 44 49 50 51 57 63 70 71 72 82 85 
86 88 93 94 97 98 105 121 122 123 124 125 
138 145 153 156 159 160 162 165 166 167 171 176 
181 185 192 193 199 201 202 203 204 206 211 212 
216 221 225 229 231 236 239 240 244 245 246 247 
250 252 254 258 263 269 270 271 272 278 282 286 
287 292 293 298 300 301 303 304 308 310 313 320 
322 325 333 356 359 365 368 372 374 380 384 387 
389 390 394 398 400 401 405 412 420 424 427 428 
429 442 448 451 456 460 469 473 475 476 478 482 
484 487 489 493 494 499 501 502 503 504 505 512 
513 514 520 523 528 535 536 539 542 543 549 551 
556 557 559 561 563 565 569 573 578 586 591 592 
593 595 599 604 605 611 615 619 622 624 625 632 
633 636 637 639 640 641 647 648 651 652 656 658 
659 661 662 664 667 673 674 679 680 686 693 694 
699 703 704 706 708 711 712 713 717 720 726 728 
730 732 736 737 739 741 746 748 750 754 759 760 
764 772 776 779 788 789 790 791 793 800 
236
7 8 16 18 19 24 26 27 32 34 36 40 
43 47 53 57 58 60 61 67 68 69 70 75 
76 78 85 88 90 93 96 97 99 102 107 110 
111 115 121 123 124 132 133 134 136 141 149 157 
161 162 164 165 167 172 175 176 178 187 196 198 
208 214 217 218 219 220 223 225 226 237 239 241 
242 249 252 254 255 256 263 266 267 281 285 291 
295 296 297 298 303 304 305 310 316 318 319 322 
324 326 327 330 331 338 341 342 348 349 354 356 
358 360 363 374 377 378 383 387 392 393 395 397 
399 401 403 405 408 410 413 415 422 428 434 437 
438 442 443 455 456 458 459 460 463 464 467 474 
477 479 480 484 492 504 506 510 518 520 529 534 
535 537 538 539 541 542 545 548 549 553 557 558 
559 560 565 567 569 570 571 573 576 577 581 583 
587 588 589 592 595 597 598 599 607 610 614 621 
637 638 642 644 655 661 662 668 669 678 680 681 
701 705 711 713 714 722 728 732 739 740 742 743 
744 749 753 754 758 768 769 774 775 776 778 780 
782 786 787 789 792 794 799 800 
242
2 3 7 9 14 18 19 20 24 27 30 35 
38 41 43 53 54 55 60 63 65 67 69 77 
83 84 86 88 89 90 92 105 107 110 111 116 
118 119 121 122 126 135 137 138 146 147 148 150 
151 153 156 159 163 165 168 172 173 174 175 177 
187 193 196 197 200 202 206 210 212 214 216 217 
222 223 229 232 234 238 242 243 244 246 247 256 
265 272 278 279 284 285 287 288 289 290 292 293 
294 297 298 301 310 311 317 321 330 341 345 347 
348 352 359 360 367 368 370 380 385 387 389 391 
392 395 397 398 415 417 419 420 424 431 437 438 
441 442 443 446 451 455 461 462 470 475 476 484 
491 492 493 494 495 496 498 502 507 508 510 515 
517 520 532 533 545 546 548 549 553 558 559 560 
562 564 565 567 572 573 574 578 580 592 595 597 
601 609 611 612 615 619 622 623 628 630 632 634 
636 640 649 650 654 656 658 660 662 665 668 669 
684 687 689 690 693 696 697 698 702 705 707 708 
716 717 718 719 722 724 725 729 736 740 746 747 
748 756 758 759 760 764 769 773 778 779 780 781 
788 792 
246
4 12 13 14 20 23 24 27 30 32 42 43 
44 48 50 56 57 62 63 67 71 73 74 79 
86 90 95 99 100 102 108 111 115 119 123 124 
126 128 132 133 134 136 141 148 152 156 159 164 
165 171 174 177 187 188 191 192 195 196 198 200 
202 204 205 207 208 216 221 223 225 228 232 236 
240 244 257 267 271 275 276 277 279 281 286 288 
295 298 299 300 302 315 319 328 332 346 349 350 
351 352 353 354 357 360 361 362 369 371 373 376 
378 381 382 384 386 394 398 405 406 407 418 421 
422 432 433 435 437 439 441 443 446 447 448 455 
460 462 464 465 469 470 471 476 477 482 483 484 
485 488 492 498 500 502 503 510 518 519 521 528 
529 530 531 533 534 537 542 546 548 553 560 561 
565 568 570 572 574 575 577 581 583 589 592 594 
601 611 612 614 615 620 624 625 627 629 633 637 
642 643 644 657 667 675 677 680 685 690 693 696 
697 699 700 702 704 711 713 714 715 718 722 724 
730 731 735 737 742 745 747 750 751 752 756 757 
758 759 765 767 768 770 772 776 782 783 786 788 
789 790 791 792 794 797 
230
6 9 10 14 16 18 24 37 38 39 43 46 
48 49 50 51 52 56 57 68 70 74 75 80 
82 85 87 88 95 96 104 106 113 122 123 127 
129 130 131 132 140 143 145 147 153 163 165 166 
167 168 170 172 179 180 182 183 190 194 196 202 
205 207 210 212 220 221 222 223 227 241 246 249 
250 251 252 254 256 259 260 262 267 269 278 280 
289 290 295 297 298 300 304 306 308 311 313 320 
321 325 327 329 335 337 341 342 346 347 355 356 
362 368 375 377 378 380 384 404 406 407 415 417 
419 420 421 427 432 435 441 443 447 451 453 454 
455 457 469 470 472 478 479 484 488 491 496 504 
505 509 511 519 521 528 529 532 535 536 541 542 
543 544 550 559 561 565 566 569 571 573 577 583 
589 590 596 610 616 618 620 625 626 631 638 639 
640 641 647 649 656 657 662 667 668 671 674 678 
684 687 696 697 699 700 703 704 705 706 711 714 
715 717 719 721 725 726 727 734 735 739 740 741 
742 745 747 759 761 766 768 770 777 778 779 780 
787 794 
268
2 7 10 17 22 26 27 28 36 42 43 47 
49 50 55 56 57 63 65 71 72 74 77 79 
83 84 90 91 92 95 98 107 111 114 121 128 
130 133 134 139 140 143 144 148 152 154 162 163 
165 166 177 179 182 183 187 188 190 191 199 202 
206 207 220 222 223 227 229 230 232 234 235 237 
244 245 246 251 252 254 256 259 262 263 264 265 
266 273 275 276 278 280 281 285 286 290 295 296 
298 305 307 309 310 316 317 319 322 324 327 330 
331 334 336 337 338 342 343 346 355 357 359 362 
363 364 365 366 367 369 371 372 377 378 380 385 
386 390 393 394 395 396 397 400 402 404 406 407 
408 415 417 421 424 426 430 432 434 435 436 437 
439 442 444 447 448 452 453 454 460 468 471 481 
483 497 499 501 503 504 508 513 514 516 524 532 
534 536 540 548 550 551 552 553 554 558 561 566 
569 571 575 577 580 583 590 594 596 597 601 603 
608 609 612 614 615 618 624 629 633 634 636 644 
645 646 648 650 655 661 666 667 673 675 678 679 
680 683 686 687 691 692 696 697 701 704 705 706 
719 725 726 728 731 735 737 738 743 744 747 750 
751 764 765 766 767 768 771 772 775 778 781 782 
784 785 794 800 
256
2 4 14 16 18 20 21 23 24 25 26 33 
35 39 42 43 45 46 47 49 51 53 55 63 
64 69 73 78 82 86 87 89 90 92 93 94 
97 99 100 103 106 110 112 113 115 118 126 129 
137 142 145 148 150 158 161 162 164 165 167 168 
169 170 171 173 175 177 180 182 189 190 199 204 
205 206 208 209 211 212 213 215 216 217 219 223 
228 230 239 246 247 248 255 261 264 265 266 267 
268 269 274 279 280 282 286 289 300 304 311 314 
315 316 328 329 335 338 339 343 349 353 358 367 
368 369 371 380 382 384 385 388 393 395 397 399 
404 407 409 410 411 413 414 416 418 422 423 429 
432 436 440 445 450 456 461 462 466 469 472 473 
475 476 489 491 494 500 505 508 509 510 511 514 
520 525 526 530 533 534 535 537 542 546 551 552 
556 558 560 566 569 572 577 580 581 583 589 592 
595 600 601 604 609 614 618 622 626 631 637 647 
650 653 655 661 664 668 670 672 675 676 680 683 
685 689 691 694 695 699 700 702 703 704 708 709 
710 711 715 721 728 733 735 738 740 744 752 754 
755 757 759 760 762 763 772 773 780 783 786 787 
788 793 795 800 
246
3 7 8 9 13 14 19 21 22 24 25 30 
31 33 34 37 40 41 42 47 48 50 51 52 
57 65 68 69 72 73 74 77 78 80 83 86 
88 94 96 102 103 109 113 115 117 120 122 123 
129 137 144 147 150 152 154 159 162 168 170 179 
191 202 205 207 212 214 216 219 221 223 225 226 
229 231 241 243 246 259 267 268 269 277 279 286 
287 288 297 298 302 304 307 309 311 313 315 316 
318 327 333 334 338 344 345 346 351 353 356 357 
358 362 370 375 379 383 392 394 396 397 404 405 
406 408 414 423 430 431 432 434 436 438 440 445 
450 452 455 460 464 465 468 472 474 478 485 490 
493 494 496 497 498 502 504 505 510 513 518 521 
524 525 529 533 539 540 541 542 546 552 556 557 
560 561 563 564 565 573 574 578 583 592 603 604 
609 610 612 613 619 621 623 625 628 634 638 641 
643 644 646 649 651 655 658 664 675 676 679 685 
693 695 697 698 699 701 703 704 705 706 709 711 
713 714 716 717 719 721 724 727 729 733 741 745 
746 750 752 756 757 761 762 764 772 773 778 779 
781 786 787 794 795 799 
241
2 4 8 10 21 24 27 31 36 38 42 44 
45 50 58 60 63 65 73 74 75 80 81 83 
84 86 90 92 93 98 102 103 115 116 119 132 
134 146 148 149 152 155 161 162 163 165 168 170 
172 177 183 194 199 202 209 210 212 214 215 220 
223 226 232 239 240 242 243 255 256 258 262 263 
266 270 272 273 279 280 282 283 286 287 289 292 
296 305 310 313 314 318 325 331 333 336 340 344 
347 348 349 351 358 359 360 362 363 370 371 373 
376 384 385 389 390 391 392 399 401 403 405 408 
410 411 415 419 420 422 423 424 426 428 430 432 
435 436 437 438 442 448 449 453 454 455 460 464 
465 466 469 471 484 492 500 501 505 509 511 512 
517 520 522 523 524 525 534 536 541 542 544 546 
551 552 555 558 560 561 562 570 572 573 574 578 
581 588 590 592 594 601 606 608 609 610 613 614 
615 620 621 622 630 632 636 639 646 651 655 657 
658 660 662 664 667 672 680 681 683 686 688 693 
694 697 704 709 710 714 717 719 720 724 725 735 
745 747 748 760 763 764 770 774 780 782 786 787 
788 
252
3 5 11 13 14 15 17 19 21 23 26 34 
37 40 42 43 50 56 57 71 82 83 84 86 
89 92 96 98 102 103 106 107 108 112 114 115 
116 117 119 120 128 135 138 140 141 145 150 155 
156 158 160 163 165 166 171 172 176 181 187 190 
192 194 195 200 207 208 215 217 219 226 227 232 
236 240 246 250 257 263 265 266 275 278 281 283 
296 298 299 300 303 305 307 315 317 319 321 323 
324 334 336 337 339 343 345 350 351 352 356 362 
363 364 365 367 371 372 373 374 377 378 393 394 
396 409 413 415 420 426 427 431 433 438 442 446 
447 448 451 455 456 457 458 460 461 463 466 468 
471 476 479 480 481 482 486 488 493 496 497 500 
502 503 504 505 506 509 510 511 513 525 526 533 
534 536 540 545 548 550 564 565 566 573 574 577 
578 580 582 592 598 600 604 605 607 608 610 621 
633 636 637 640 641 642 651 659 660 666 667 668 
671 684 687 689 695 696 697 699 700 705 706 707 
708 713 719 721 730 731 736 737 738 741 743 744 
745 747 748 749 751 756 764 766 767 769 771 772 
776 777 778 780 785 789 790 791 797 798 799 800 
234
6 9 14 16 18 19 20 22 25 27 36 49 
50 56 60 64 65 66 76 79 80 81 85 86 
92 97 99 104 111 114 117 119 120 121 124 126 
130 133 135 139 143 146 152 153 154 156 166 169 
172 173 175 184 191 192 200 201 203 206 207 208 
209 211 214 218 224 232 234 237 242 243 249 250 
252 255 258 266 270 275 277 280 281 288 290 292 
300 302 303 309 335 337 341 342 346 347 352 353 
355 358 362 366 367 368 370 375 389 391 392 395 
396 398 401 406 414 423 424 426 427 428 431 433 
438 440 444 449 450 453 455 456 461 467 473 482 
488 489 491 495 496 500 512 513 515 516 519 525 
526 527 529 530 531 534 537 538 545 547 553 555 
558 559 562 564 566 567 568 576 581 585 588 590 
592 594 595 601 603 604 607 609 610 623 627 629 
635 637 643 648 650 652 655 657 660 665 666 668 
670 672 673 674 682 685 686 693 694 695 697 698 
699 707 709 710 713 714 715 720 727 731 732 736 
741 743 746 748 752 754 756 766 768 782 783 786 
787 791 793 797 799 800 
235
1 3 10 12 17 18 21 23 31 35 41 43 
48 62 63 64 67 68 70 76 83 87 94 95 
98 102 108 109 113 115 124 126 134 136 137 142 
144 146 158 160 166 168 170 172 182 185 189 190 
191 193 194 200 202 203 207 211 212 213 215 220 
225 228 234 236 238 239 240 241 245 262 267 270 
276 280 282 284 286 287 289 292 296 299 302 306 
310 311 319 322 323 326 328 329 332 333 340 346 
350 351 353 354 355 358 363 373 376 377 385 389 
393 395 399 403 405 406 407 412 413 415 417 420 
421 423 427 428 432 433 435 436 439 440 442 445 
449 451 454 459 460 462 464 466 477 478 485 487 
489 490 493 494 495 497 500 506 509 511 512 523 
525 527 529 532 541 542 546 549 551 553 555 561 
564 566 568 570 573 574 581 586 588 598 609 611 
612 614 622 624 625 626 630 631 638 640 646 647 
653 656 657 659 660 662 672 673 676 677 684 693 
701 702 704 710 711 712 717 718 720 722 723 724 
729 730 736 740 741 750 753 759 761 767 768 769 
773 776 778 784 788 792 800 
247
6 12 14 15 22 23 24 26 29 30 41 42 
45 52 53 54 59 63 65 66 75 76 77 79 
82 91 92 97 98 100 102 104 109 110 115 118 
122 123 128 132 134 140 141 144 153 154 157 163 
173 175 177 178 180 187 188 196 198 199 200 208 
209 214 217 227 230 232 249 252 254 255 256 262 
263 268 271 272 273 278 279 280 281 286 289 291 
296 297 298 299 300 303 306 309 310 316 324 329 
331 333 335 336 338 339 340 341 344 349 350 351 
359 360 361 365 373 374 376 380 384 385 387 391 
394 395 400 401 405 408 411 420 423 428 431 432 
433 438 442 443 448 452 453 455 457 468 472 474 
479 482 483 489 491 495 499 500 502 503 504 507 
512 514 517 523 524 525 527 531 534 535 545 546 
547 551 552 553 554 557 560 561 567 571 575 576 
578 587 595 599 600 601 608 614 615 617 618 619 
620 623 625 627 631 640 641 644 645 646 647 650 
654 658 663 666 670 685 688 690 694 695 696 703 
707 708 712 717 719 721 725 726 730 731 742 745 
747 752 763 765 766 771 772 774 776 777 778 785 
786 787 792 795 796 797 799 
252
7 9 15 16 18 20 24 26 29 31 32 34 
35 36 37 49 50 55 61 64 65 68 69 70 
73 75 81 85 94 99 101 102 105 118 119 120 
122 124 126 133 135 136 138 139 140 144 145 150 
156 163 168 173 174 175 176 179 181 191 196 198 
201 209 210 213 221 226 227 234 235 236 238 239 
248 253 258 261 263 265 271 272 273 274 276 283 
291 294 304 305 313 314 318 320 325 327 331 334 
335 337 338 339 340 341 345 346 349 353 355 359 
360 365 368 369 373 384 387 389 390 391 402 405 
407 409 410 415 419 426 428 429 430 433 436 437 
440 442 443 446 448 452 453 458 459 464 468 471 
474 476 477 484 486 489 491 492 500 502 503 505 
506 517 531 534 538 544 548 549 552 562 567 576 
577 579 580 585 586 591 593 594 595 600 607 608 
614 615 616 617 619 622 623 630 634 635 639 641 
642 646 647 653 656 658 662 664 665 667 669 671 
678 681 683 687 691 693 694 695 698 701 703 704 
705 713 714 716 717 722 723 724 727 728 730 731 
735 741 744 747 750 758 761 764 766 768 769 772 
773 774 776 778 781 783 784 785 789 796 797 800 
226
1 3 8 10 11 12 17 20 32 35 39 42 
45 46 53 59 60 61 70 75 80 81 85 87 
91 92 96 104 107 108 110 122 123 134 139 145 
148 152 155 156 163 168 169 172 173 174 175 182 
185 194 196 197 198 201 202 203 205 208 226 232 
234 241 242 243 246 247 248 254 257 258 259 262 
269 275 277 285 286 287 292 294 295 302 307 308 
309 312 313 317 318 321 327 331 336 342 343 344 
354 356 359 360 370 371 378 382 385 387 391 396 
399 404 407 408 409 410 411 414 416 417 424 432 
435 436 442 448 450 451 458 462 467 469 475 479 
481 483 485 488 489 491 494 495 497 499 501 502 
509 510 517 523 524 529 533 536 544 547 548 550 
563 564 568 569 573 574 575 580 585 592 594 604 
608 611 619 622 626 637 641 642 644 646 647 648 
650 656 658 660 661 662 667 672 675 688 689 695 
699 700 704 705 708 710 712 713 716 717 718 721 
722 733 734 735 737 738 739 742 743 746 751 755 
764 773 774 778 784 785 790 791 794 795 
230
2 4 5 6 8 13 19 22 24 25 27 29 
30 32 33 43 45 49 55 58 59 62 67 71 
73 75 76 79 83 84 85 86 88 90 91 98 
101 109 114 115 116 117 119 121 126 134 135 137 
140 141 144 146 148 151 160 162 165 167 168 170 
172 174 175 178 180 182 189 193 200 201 220 229 
233 235 240 248 249 250 252 255 256 265 270 274 
282 284 286 288 291 297 300 304 307 310 311 317 
320 323 330 331 344 348 351 352 353 355 356 357 
362 363 364 371 385 388 390 391 396 400 406 409 
413 415 424 427 428 431 432 434 439 442 443 447 
449 455 456 458 459 460 465 474 478 479 488 496 
502 503 506 509 510 513 525 528 534 535 540 545 
550 561 572 574 579 586 591 593 595 604 605 606 
609 610 613 615 619 621 623 624 626 627 628 632 
633 635 636 637 640 646 647 649 652 653 657 666 
675 677 680 682 685 687 690 693 695 698 699 700 
701 702 710 728 737 740 746 753 756 758 759 763 
767 773 774 775 777 778 779 783 788 789 791 793 
795 799 
234
3 6 7 8 10 13 22 24 26 29 30 35 
39 44 46 47 49 50 51 56 58 69 71 72 
73 78 80 81 82 85 102 106 113 118 119 120 
121 128 129 132 134 138 141 142 144 153 159 163 
166 167 172 176 180 181 183 189 198 202 207 208 
211 212 213 214 215 219 224 225 235 236 242 246 
247 249 252 253 256 257 264 274 275 286 288 291 
298 302 305 310 316 323 325 328 331 336 338 339 
340 341 345 350 352 353 354 359 360 363 369 375 
378 380 385 387 396 398 399 400 403 404 409 415 
417 419 421 424 432 437 438 445 448 454 456 461 
467 470 472 477 479 488 494 503 507 509 510 512 
514 523 524 525 526 528 529 533 535 536 537 541 
543 545 546 547 564 568 569 571 572 575 576 577 
578 581 585 587 588 590 594 599 600 607 608 613 
616 621 626 632 634 642 644 645 651 652 655 659 
660 664 668 669 670 671 674 675 678 685 687 690 
692 694 697 704 706 708 711 720 721 723 725 732 
735 741 747 757 758 763 765 767 770 772 773 777 
778 780 782 788 793 798 
251
1 2 3 4 11 19 27 38 40 42 46 48 
51 53 54 60 61 64 65 67 70 71 82 88 
93 98 99 100 101 102 103 114 125 129 140 143 
149 151 152 153 155 156 157 165 169 170 173 175 
176 178 183 185 186 187 191 195 202 205 211 213 
215 216 217 222 225 230 232 233 234 239 241 243 
254 257 259 262 263 265 269 275 280 282 285 287 
291 293 296 307 311 314 315 316 322 323 324 326 
331 332 333 335 340 342 348 350 351 360 362 366 
368 369 371 372 373 374 376 381 384 397 399 401 
405 407 409 413 415 416 418 421 423 424 425 426 
431 435 442 448 449 451 455 460 462 464 468 475 
476 477 480 489 490 500 501 502 505 507 508 510 
511 512 518 522 524 525 528 530 533 535 537 538 
547 548 549 551 552 553 567 569 571 573 575 581 
584 586 587 590 592 601 602 603 605 609 613 618 
623 625 626 628 629 640 641 642 644 652 653 656 
661 673 674 676 677 678 683 686 687 697 698 701 
707 708 709 711 712 716 717 721 727 728 729 734 
736 740 743 745 748 752 753 755 757 761 763 764 
774 776 781 783 784 785 788 789 792 793 798 
224
1 4 9 11 15 17 28 29 33 34 35 37 
42 49 54 62 65 72 74 79 82 86 88 90 
92 95 97 98 99 102 110 111 113 116 117 123 
130 131 132 135 141 144 148 150 156 161 165 169 
174 175 176 190 192 194 195 204 206 207 208 209 
211 212 216 217 218 220 221 227 230 236 240 241 
244 245 248 249 258 261 262 272 273 276 277 281 
284 286 288 298 300 301 307 310 313 314 319 328 
334 339 342 344 347 349 354 356 357 358 362 363 
366 369 371 377 388 389 391 392 394 404 411 420 
426 435 440 443 445 447 448 449 450 455 456 458 
460 462 463 465 471 478 480 482 487 494 495 496 
497 498 505 506 509 511 512 513 514 517 519 524 
526 534 539 543 547 548 551 552 553 559 560 564 
573 583 584 586 609 613 618 620 621 625 632 636 
638 641 642 648 652 656 657 658 664 672 674 679 
686 687 693 696 699 703 704 706 715 720 724 725 
727 730 732 737 743 753 754 755 756 757 761 766 
768 771 774 777 783 787 788 789 
238
2 3 9 11 17 20 22 23 27 32 33 35 
38 41 50 51 57 69 75 76 78 83 87 89 
93 100 101 102 109 111 113 114 120 122 125 126 
134 138 142 143 145 146 154 155 161 165 168 177 
178 188 192 202 206 207 209 215 220 232 235 240 
241 242 243 246 248 256 258 259 261 269 273 276 
279 284 287 288 289 297 303 308 310 320 323 328 
331 337 338 340 341 343 346 353 354 355 356 358 
361 363 365 367 368 369 373 378 380 382 384 388 
389 398 399 413 417 418 420 426 432 433 435 438 
440 441 448 449 454 462 466 470 471 472 473 477 
480 482 484 488 492 493 494 496 497 498 501 502 
503 507 509 516 518 526 531 532 534 536 538 542 
546 549 551 556 559 561 564 570 584 588 595 602 
612 613 614 618 619 622 623 625 628 633 636 637 
639 640 645 646 647 650 652 656 661 663 664 666 
669 673 675 677 679 682 683 685 686 687 689 694 
695 699 701 702 704 708 710 712 713 714 715 722 
727 728 737 738 740 745 746 752 755 757 760 761 
765 771 773 775 782 787 790 792 797 798 
264
7 13 22 23 26 27 29 31 32 38 39 40 
46 53 57 65 66 67 73 74 76 77 78 80 
94 95 101 107 113 120 122 123 125 126 127 135 
140 142 146 153 155 156 160 161 162 163 165 166 
167 168 171 174 176 178 179 180 183 185 186 188 
189 195 198 201 204 213 215 216 221 224 228 230 
236 241 245 247 248 250 252 254 255 256 260 261 
264 272 273 274 278 280 283 285 287 294 297 301 
302 306 307 308 309 320 322 324 332 333 334 339 
340 341 353 356 357 358 362 364 367 370 372 374 
375 376 378 380 381 382 384 389 392 394 399 403 
404 412 413 416 417 421 423 426 428 429 434 436 
437 438 439 440 443 444 445 449 452 453 458 463 
471 475 481 482 483 485 486 489 490 491 496 497 
500 503 506 507 509 510 512 514 521 524 530 531 
537 538 539 544 546 549 560 563 565 567 568 569 
571 575 576 578 580 585 587 589 590 594 607 611 
614 615 616 619 620 625 628 631 632 637 641 643 
647 655 656 660 664 669 670 671 672 673 676 682 
684 693 694 696 704 705 706 707 714 717 722 729 
730 736 739 742 746 748 751 754 756 758 760 764 
766 772 776 777 783 785 786 789 791 795 797 798 
228
2 3 5 7 17 18 23 28 29 30 32 35 
40 41 42 44 50 52 53 58 59 60 66 67 
69 71 72 75 77 87 88 90 94 99 102 104 
107 109 112 114 117 119 120 129 132 136 139 141 
142 154 157 158 161 162 163 165 166 170 176 177 
182 183 184 186 192 195 199 202 206 210 211 214 
222 224 229 232 235 239 244 245 246 247 251 255 
266 267 268 275 276 282 284 285 288 293 294 295 
297 298 306 312 315 321 323 333 347 351 364 367 
370 372 374 376 386 402 404 408 409 410 417 418 
420 421 422 427 429 431 435 438 440 446 448 451 
452 453 455 457 458 464 466 470 473 474 475 476 
478 486 487 497 498 509 516 520 524 527 529 531 
536 546 547 550 552 553 557 558 559 560 562 569 
581 584 586 592 594 598 601 606 608 609 622 624 
626 627 644 647 648 651 653 656 657 661 663 671 
674 682 684 686 687 688 692 695 697 699 705 708 
709 719 721 724 725 729 732 736 739 743 745 755 
765 768 771 774 776 781 782 785 789 791 793 794 
226
1 2 6 12 13 17 21 24 25 33 38 39 
49 51 53 54 55 58 62 65 68 76 77 78 
80 84 87 88 91 94 96 98 99 101 103 104 
112 117 121 127 128 135 137 146 148 150 157 162 
163 169 170 175 176 177 178 180 185 186 190 198 
201 217 218 225 229 230 232 233 235 241 244 249 
250 254 258 260 261 266 268 271 273 276 277 278 
280 282 284 285 286 288 309 312 324 331 333 336 
337 341 345 353 354 355 356 358 362 366 367 368 
373 374 379 380 381 383 389 392 393 396 398 399 
401 409 410 413 414 415 420 431 432 435 438 440 
450 453 455 461 468 471 481 497 499 501 503 505 
506 508 512 513 514 524 527 528 529 532 534 535 
544 546 547 548 551 552 553 558 561 563 564 565 
568 570 573 579 580 581 582 590 591 596 597 598 
606 609 610 611 613 615 616 622 628 630 632 647 
653 657 658 664 666 668 675 677 684 688 692 696 
702 704 705 709 721 726 732 737 739 740 744 753 
763 766 774 775 784 789 790 792 795 800 
218
6 11 14 16 20 34 35 36 37 39 41 42 
43 44 45 47 54 56 61 68 70 75 77 78 
79 81 82 83 84 85 87 88 94 96 99 104 
106 107 109 114 115 119 122 125 133 142 145 148 
150 161 162 163 166 167 170 176 179 182 185 197 
198 211 212 216 220 224 227 230 233 235 240 242 
244 247 249 250 251 254 256 258 259 260 265 273 
277 278 282 289 290 291 292 296 301 310 316 318 
321 323 327 329 333 336 340 344 351 352 356 362 
371 372 377 382 387 389 392 398 399 409 410 412 
418 426 429 432 434 435 446 447 448 452 454 456 
458 459 466 470 474 477 478 480 487 493 495 502 
504 515 527 530 533 535 544 547 549 554 555 556 
559 562 572 586 592 595 599 604 607 610 612 617 
619 620 622 627 629 633 634 639 645 647 654 656 
662 664 669 675 678 680 686 688 690 693 699 700 
706 713 714 717 718 720 721 722 723 731 735 740 
741 746 748 757 762 772 774 779 781 784 787 789 
790 795 
232
7 8 11 13 14 15 22 24 25 27 29 31 
33 39 45 58 59 65 76 85 86 89 91 92 
95 99 103 107 113 117 119 120 122 125 127 129 
132 133 140 143 149 151 152 157 159 162 167 172 
178 181 182 185 187 188 189 192 194 196 197 201 
206 209 210 212 213 215 218 222 224 232 241 243 
246 248 253 261 266 267 271 277 283 288 291 303 
306 310 311 312 318 319 321 322 323 326 327 329 
330 334 335 336 345 346 357 358 359 360 361 365 
366 367 373 375 377 381 392 395 397 398 401 403 
409 410 413 414 416 420 423 425 426 429 430 433 
435 438 440 442 443 446 460 462 466 467 469 475 
477 479 486 488 491 499 500 505 506 509 510 517 
520 532 535 536 546 549 553 556 557 561 562 565 
567 568 569 570 571 572 582 584 588 589 594 601 
607 609 610 618 619 620 621 622 623 625 635 637 
646 662 664 670 680 684 687 691 701 703 704 706 
716 717 718 724 731 734 738 743 745 747 749 755 
757 763 764 767 772 781 783 784 788 789 790 792 
793 794 796 798 
253
1 2 3 8 9 12 13 14 15 16 21 24 
35 38 40 42 47 53 57 59 60 62 63 68 
69 70 72 73 79 80 83 84 87 92 93 95 
99 101 102 103 105 106 108 110 114 115 121 122 
125 126 128 130 132 136 138 141 143 145 146 150 
151 159 163 164 165 167 169 172 175 176 177 179 
180 183 190 195 197 199 201 204 208 214 215 216 
221 227 228 234 235 240 241 246 249 250 257 258 
259 261 267 268 275 282 283 290 293 303 304 317 
318 323 325 328 329 330 331 340 344 345 346 347 
354 361 363 364 367 369 372 380 386 389 390 393 
396 398 399 414 418 423 426 432 437 442 443 444 
445 447 448 449 457 459 462 463 464 466 467 471 
483 487 488 491 494 495 496 500 507 512 513 515 
519 521 525 527 532 539 542 543 544 547 553 554 
558 561 565 569 572 576 580 585 586 588 594 598 
599 601 602 605 609 613 615 618 619 620 622 634 
637 638 639 645 647 648 652 657 659 664 667 669 
670 676 677 678 689 690 694 700 704 706 711 719 
724 725 727 729 731 736 737 740 744 747 752 753 
755 761 763 764 778 780 781 783 785 789 791 794 
798 
245
1 4 5 6 8 13 16 19 30 34 42 43 
45 48 49 61 64 68 70 75 76 80 82 83 
91 93 95 96 100 102 103 106 107 108 111 112 
114 118 124 126 127 129 132 140 146 148 149 152 
153 165 168 173 175 180 187 188 189 190 191 195 
197 201 211 223 228 232 238 240 241 243 245 247 
250 252 260 263 269 270 274 277 279 280 282 283 
288 291 293 296 298 301 306 309 315 319 321 324 
325 330 331 333 334 336 340 341 343 349 350 353 
354 357 358 359 363 364 365 367 368 370 371 376 
378 381 387 392 394 398 399 403 404 408 409 414 
415 424 426 427 429 441 442 451 454 458 459 464 
465 466 468 471 472 481 484 487 493 498 502 504 
508 510 513 519 523 527 533 534 536 537 538 541 
545 547 549 555 560 562 563 564 569 571 574 578 
585 596 597 603 604 611 616 618 619 620 629 635 
639 643 648 650 652 658 667 668 670 671 673 675 
678 679 680 685 686 687 688 689 691 694 696 708 
710 711 715 717 719 720 729 731 732 733 740 742 
750 753 756 757 758 762 767 768 770 776 778 783 
785 788 789 793 798 
228
2 5 6 15 21 25 28 33 34 38 47 51 
57 68 70 81 83 85 86 89 91 92 93 97 
98 99 103 105 111 116 121 123 128 135 139 140 
143 145 147 149 150 151 152 156 157 159 160 167 
169 186 188 193 195 211 216 225 227 228 231 233 
243 244 247 269 272 277 278 279 280 282 285 294 
295 301 302 307 312 315 317 318 324 326 330 332 
333 336 342 343 344 347 348 349 352 355 360 364 
367 370 378 383 388 390 391 396 399 402 405 414 
415 416 427 429 433 434 435 442 443 450 451 453 
454 455 458 463 464 472 473 475 477 480 482 488 
490 493 496 497 498 501 502 505 507 509 517 521 
523 526 527 530 533 545 549 553 554 555 556 557 
558 563 564 565 566 572 574 576 581 583 585 592 
598 599 604 608 616 617 619 624 625 633 638 641 
646 654 656 659 667 682 683 685 688 703 705 706 
707 708 709 710 712 722 726 729 730 731 732 735 
743 744 746 747 748 751 752 754 755 760 761 764 
765 769 773 775 778 779 780 787 788 793 796 798 
222
5 18 24 25 26 27 36 44 48 54 57 59 
62 78 83 84 85 87 92 93 98 99 101 108 
110 111 119 125 126 127 130 132 133 134 135 145 
149 151 154 157 158 161 164 175 176 177 185 188 
192 194 196 197 199 200 208 210 214 216 222 223 
224 229 231 235 240 245 247 250 254 257 260 262 
266 276 284 287 293 310 315 326 341 347 351 363 
368 370 373 374 376 377 381 382 383 384 386 387 
388 389 395 400 402 403 408 409 414 420 422 426 
427 429 436 437 438 444 445 447 449 450 453 454 
465 466 476 477 478 481 485 487 489 492 494 495 
513 517 520 526 532 533 535 537 539 540 554 556 
559 561 568 571 573 576 580 581 582 584 588 592 
597 599 601 602 603 608 609 612 613 614 616 619 
626 627 634 635 640 641 643 645 658 659 660 661 
662 673 674 675 677 680 687 690 701 703 709 711 
715 718 720 726 728 731 732 735 736 737 740 742 
744 750 751 755 756 757 760 763 768 772 777 778 
781 784 790 791 792 796 
265
1 2 3 5 6 12 16 17 20 22 26 27 
37 39 40 47 48 51 52 53 54 55 57 62 
64 72 76 80 81 83 84 86 89 90 93 97 
98 99 101 104 109 112 118 122 125 127 128 136 
138 143 144 145 147 153 158 159 162 163 166 168 
170 177 181 186 189 190 192 193 196 197 198 201 
205 208 209 212 214 215 216 217 227 228 231 234 
235 236 240 242 249 250 255 257 258 260 264 265 
270 272 276 282 284 285 287 291 312 313 322 323 
326 327 329 331 332 340 344 346 350 356 364 371 
374 377 378 381 382 383 387 393 396 398 399 404 
405 407 408 411 412 416 418 419 422 423 424 425 
428 431 436 438 439 441 443 448 450 454 457 463 
464 465 470 485 486 488 490 491 493 494 501 503 
505 508 512 520 523 528 529 530 542 543 545 546 
552 554 557 562 564 567 576 577 578 583 586 591 
594 596 600 603 604 605 606 623 627 629 634 637 
638 639 645 646 648 649 652 655 657 661 663 665 
670 671 675 676 683 687 694 699 704 706 707 713 
714 721 723 726 727 728 730 732 737 738 741 743 
744 745 748 752 753 756 758 761 762 763 765 767 
769 771 778 779 781 783 787 790 795 796 797 798 
800 
228
1 2 5 7 11 13 15 16 30 33 34 38 
45 47 49 51 55 56 57 59 62 65 69 92 
93 94 97 103 110 112 116 117 118 120 125 131 
135 139 144 148 154 155 162 171 172 174 177 179 
183 186 187 190 200 201 202 212 214 219 224 234 
235 236 238 239 242 243 247 250 251 252 255 256 
257 263 264 267 271 272 276 280 282 288 290 291 
295 300 303 306 307 308 309 314 317 319 326 330 
333 347 362 364 365 369 371 374 378 379 381 394 
405 407 413 414 416 417 418 427 430 431 433 435 
436 447 448 449 452 453 458 469 470 472 473 474 
475 477 482 483 484 488 492 495 498 499 500 502 
509 510 511 512 528 531 532 547 553 554 558 561 
562 564 567 569 571 572 574 578 581 582 583 585 
595 596 597 598 602 606 609 613 618 619 620 622 
628 634 636 641 651 652 653 657 659 666 667 677 
678 683 684 685 688 692 694 703 704 705 707 711 
716 717 718 722 725 728 732 736 741 744 746 750 
753 756 758 770 772 779 780 781 784 794 795 798 
235
5 12 17 24 29 33 50 51 52 53 54 59 
60 61 62 68 69 72 74 75 76 77 78 79 
82 87 91 93 99 102 103 106 109 111 119 125 
128 132 134 135 138 140 142 145 146 147 148 154 
157 158 159 164 175 179 182 187 188 190 200 203 
215 217 221 223 227 230 233 241 243 244 247 248 
249 251 256 261 266 267 270 283 288 290 292 300 
305 306 309 311 317 325 326 331 335 340 344 353 
355 359 360 362 365 369 371 383 389 392 398 401 
404 406 407 412 417 422 424 425 428 429 430 433 
436 438 441 445 453 454 461 469 471 472 478 482 
483 484 486 487 488 489 495 496 498 502 506 507 
508 510 514 518 519 521 524 527 532 538 545 551 
553 555 556 557 559 560 561 563 564 565 567 570 
572 573 574 575 576 577 579 582 586 588 589 591 
593 602 609 612 615 616 623 624 632 637 641 643 
645 654 656 658 659 661 665 666 671 673 677 678 
683 684 686 690 691 694 696 700 703 704 705 707 
710 715 717 728 733 742 749 756 761 769 774 777 
781 783 792 797 798 799 800 
236
1 3 6 12 13 14 16 21 23 24 25 27 
28 29 33 35 38 39 42 44 46 48 52 53 
54 55 57 70 77 78 82 86 93 98 99 100 
101 105 109 112 115 116 126 127 129 131 136 137 
144 149 153 156 158 159 160 162 164 165 166 168 
176 181 185 186 189 191 192 194 195 199 202 208 
210 211 212 219 221 222 224 239 242 243 250 252 
253 257 261 263 265 275 279 280 283 284 286 287 
289 292 295 297 298 311 319 326 328 331 335 337 
338 345 353 354 357 358 359 363 368 370 372 377 
378 383 389 391 395 396 397 403 404 407 409 410 
411 412 413 419 423 426 429 432 440 447 456 457 
458 462 469 474 478 485 487 496 501 502 504 514 
522 524 526 527 529 532 542 545 546 549 559 560 
573 575 576 577 579 588 589 593 599 601 602 603 
605 606 607 610 612 613 614 617 619 626 629 630 
636 639 642 646 651 664 672 673 675 679 681 682 
684 688 690 697 699 700 702 703 705 708 709 711 
717 723 726 727 728 729 734 748 752 755 761 767 
768 775 779 784 789 791 792 800 
243
2 6 7 10 12 13 14 16 18 19 20 25 
27 28 30 35 39 45 47 50 56 58 60 61 
63 70 73 87 88 89 90 95 105 107 110 114 
116 117 122 123 127 133 134 136 137 138 140 143 
155 156 158 160 162 163 165 166 167 170 171 174 
175 176 186 188 189 191 194 198 202 204 209 211 
212 215 217 220 223 225 226 232 245 248 261 262 
264 266 267 272 277 278 284 288 291 293 298 300 
302 306 310 312 313 317 320 322 323 326 329 333 
334 336 340 341 345 348 352 353 354 359 360 362 
363 369 373 374 383 385 390 392 395 397 401 404 
405 407 408 409 411 413 414 415 416 427 429 431 
439 440 445 447 448 451 457 459 461 462 464 465 
466 467 473 475 480 481 484 492 494 496 498 512 
520 521 522 527 530 532 535 536 542 544 547 551 
553 556 557 559 562 563 564 565 567 570 572 575 
577 578 579 583 589 590 592 594 596 610 613 623 
626 627 633 634 636 651 654 657 672 677 687 692 
694 699 703 705 710 723 730 731 735 738 739 744 
746 749 750 757 760 766 770 771 772 779 785 788 
793 797 799 
251
6 7 17 20 21 23 25 26 27 29 33 36 
41 45 47 51 55 59 63 64 67 68 74 76 
82 83 85 90 93 94 95 100 102 106 111 122 
123 130 131 134 137 141 143 150 153 155 156 157 
161 165 174 178 179 184 185 186 188 190 191 197 
200 201 210 215 216 223 226 228 231 233 243 245 
246 249 254 255 257 269 270 271 274 276 277 281 
283 290 291 292 294 296 298 299 300 301 309 311 
315 317 318 321 322 323 325 327 329 331 335 336 
339 342 347 354 356 359 368 369 370 371 373 374 
375 381 382 386 387 392 395 397 398 401 406 410 
412 416 420 425 426 431 432 436 438 442 443 445 
448 450 457 460 461 463 464 468 469 470 472 476 
477 481 484 485 488 489 490 494 498 499 500 501 
505 506 507 509 513 514 520 526 528 530 532 534 
540 545 556 561 562 566 577 586 590 596 597 605 
606 607 611 613 614 618 625 627 630 644 646 647 
649 650 653 658 659 662 666 671 685 689 690 695 
697 698 702 704 710 711 712 714 716 718 720 725 
726 732 734 736 741 744 746 748 750 752 758 759 
760 765 775 780 781 784 785 788 791 795 797 
220
2 3 5 7 10 12 16 20 26 41 43 49 
54 56 64 68 71 72 74 76 86 87 93 101 
103 105 108 110 111 113 114 115 119 120 121 126 
127 129 132 144 152 159 160 162 165 171 174 182 
193 201 202 204 217 221 223 227 228 230 231 234 
235 238 240 243 244 251 260 264 265 277 279 282 
284 285 290 291 294 296 300 301 307 318 321 322 
326 329 333 335 339 350 351 356 357 359 364 366 
370 373 388 391 394 395 398 404 406 410 413 415 
417 421 424 426 431 434 435 447 448 452 453 454 
455 457 459 464 465 466 467 468 469 470 471 472 
475 477 481 486 487 492 496 497 506 511 512 519 
522 523 529 532 535 540 548 554 559 560 566 568 
570 573 578 590 594 595 597 599 604 606 610 621 
627 629 637 638 641 644 654 656 659 664 665 668 
674 676 689 691 692 697 699 705 709 710 711 713 
715 721 722 725 727 734 735 736 741 745 747 748 
750 752 763 768 769 775 778 785 786 787 789 790 
791 795 796 800 
233
6 9 10 11 15 16 18 19 21 23 29 33 
41 44 45 46 47 65 66 67 70 71 73 74 
77 80 83 84 89 91 98 102 106 115 117 119 
120 121 122 126 130 131 132 134 135 136 138 141 
143 147 153 158 160 164 165 166 167 170 176 177 
178 181 184 188 193 202 218 220 222 223 228 233 
234 237 238 239 241 244 246 248 249 252 254 260 
264 267 270 273 275 281 294 295 296 298 299 300 
301 309 314 322 324 325 329 330 335 339 343 350 
353 354 356 358 359 363 369 372 373 376 382 388 
390 396 397 399 413 415 417 422 429 431 437 439 
444 447 452 457 459 465 485 486 487 489 490 492 
497 499 508 519 521 522 527 528 530 536 537 540 
552 554 559 561 563 567 570 571 578 582 583 585 
586 589 593 595 599 601 611 621 624 628 632 641 
642 644 646 647 649 652 655 662 664 668 670 671 
675 680 683 684 692 694 695 700 702 707 708 709 
711 713 718 721 724 727 730 731 732 734 736 739 
746 749 750 753 761 766 767 770 774 776 781 787 
788 789 791 792 794 
259
3 4 8 9 13 15 17 19 20 21 22 25 
35 45 46 52 55 58 59 62 63 69 73 74 
78 79 80 87 89 92 94 98 99 102 104 105 
108 110 117 119 121 123 127 130 131 135 147 149 
150 151 152 154 158 163 164 169 175 176 180 181 
186 190 191 197 199 205 209 210 212 214 219 223 
229 231 232 234 236 238 239 242 245 246 249 251 
252 253 254 261 262 272 274 277 279 281 291 295 
302 305 308 310 311 319 321 322 323 326 332 337 
338 341 343 347 350 352 354 366 367 373 374 376 
378 384 389 391 394 398 401 407 414 415 418 420 
427 432 434 435 438 441 442 446 448 453 455 457 
464 465 470 475 477 478 480 481 482 483 487 488 
499 501 502 513 516 519 523 524 526 527 529 531 
538 541 542 545 547 548 550 552 558 561 564 567 
571 572 582 585 586 591 594 595 598 599 601 605 
606 607 611 615 619 626 627 629 630 638 639 642 
648 649 650 654 659 663 664 669 672 676 684 687 
690 692 693 694 695 696 698 699 702 706 707 710 
711 714 718 720 722 723 726 728 738 739 740 742 
744 745 747 753 754 756 760 762 763 765 766 767 
768 769 770 786 789 791 796 
242
2 3 5 6 12 13 20 21 25 40 41 52 
53 57 59 60 61 62 64 65 66 71 74 77 
82 86 87 89 96 97 98 99 103 107 108 110 
114 115 119 121 126 129 136 137 140 143 148 149 
159 160 161 162 164 170 172 176 180 181 184 186 
188 189 193 205 212 217 221 225 228 230 234 235 
238 239 242 247 252 253 255 257 260 264 266 268 
270 275 285 287 291 292 294 309 313 314 317 319 
321 322 332 333 334 335 338 344 346 358 359 360 
361 366 368 370 373 378 383 386 388 389 390 391 
403 404 405 408 411 413 418 423 432 433 434 436 
439 442 443 447 450 459 463 467 473 474 477 478 
490 495 496 497 501 502 518 524 525 529 530 533 
534 538 539 540 544 545 547 549 550 553 556 557 
576 577 581 582 584 585 588 589 592 593 597 598 
599 601 603 604 609 611 618 619 621 624 627 629 
630 633 635 648 651 653 654 655 659 660 661 662 
668 670 672 677 680 686 691 693 694 700 702 705 
718 719 725 730 735 739 740 744 748 753 757 759 
765 766 767 769 770 771 774 775 777 782 783 790 
794 796 
225
3 6 12 15 20 21 28 34 39 40 41 43 
46 48 50 56 59 60 62 63 66 81 89 93 
100 101 104 106 112 114 115 116 119 120 121 124 
126 128 130 137 139 142 143 147 155 156 157 158 
159 163 166 167 178 179 182 187 188 193 195 199 
205 207 210 212 216 220 222 227 231 235 242 246 
249 251 255 258 264 269 272 281 284 290 298 306 
310 311 313 315 317 320 323 325 335 339 340 342 
352 358 359 361 374 379 382 386 390 397 400 401 
404 407 415 418 422 423 424 426 432 433 438 442 
445 447 453 455 461 466 468 469 473 477 480 484 
489 490 491 492 495 498 503 507 510 512 516 522 
523 529 532 534 536 537 539 540 541 546 553 555 
557 559 564 568 570 572 576 578 588 592 594 598 
606 610 611 612 614 621 622 624 625 631 638 639 
640 642 643 645 651 656 658 662 666 671 672 677 
678 683 686 688 689 690 692 694 701 706 711 716 
718 725 731 732 735 738 756 758 762 764 768 769 
773 775 778 779 781 795 797 798 799 
256
5 6 9 15 18 20 23 28 29 32 34 40 
42 50 51 60 62 64 65 79 80 85 89 90 
101 102 103 108 110 112 113 120 124 126 127 132 
133 135 139 140 144 148 150 154 157 158 160 161 
173 176 181 183 189 190 191 192 193 198 199 200 
202 205 206 210 211 214 217 222 223 224 226 233 
237 238 239 243 244 247 248 251 252 253 254 265 
273 277 280 284 285 286 290 305 307 311 312 314 
315 320 323 324 326 333 334 342 345 358 360 365 
369 374 375 377 384 385 386 387 396 399 400 402 
405 408 409 412 414 417 421 429 432 438 444 448 
450 454 456 459 465 466 471 473 474 475 479 480 
484 486 493 498 504 505 507 508 514 515 518 521 
524 525 526 527 529 532 533 535 537 538 539 541 
550 551 553 557 562 566 568 571 572 576 577 579 
581 586 589 592 594 599 600 601 603 605 607 610 
611 613 618 632 634 638 642 644 646 651 657 658 
663 664 665 669 670 671 672 673 675 683 684 687 
690 693 697 701 704 709 710 714 720 723 726 727 
730 731 734 738 739 743 744 745 746 751 759 760 
761 764 768 770 773 779 780 781 784 787 788 792 
793 794 797 800 
221
2 8 10 12 15 18 21 29 34 36 37 38 
41 46 56 59 60 64 72 74 75 79 88 90 
91 93 96 97 101 102 106 113 115 121 123 124 
126 129 131 133 137 141 145 146 158 159 168 169 
170 174 175 188 189 190 196 199 204 205 209 214 
217 219 224 227 229 230 237 238 246 250 252 254 
257 259 263 281 286 291 294 303 306 308 314 316 
320 328 333 336 338 339 341 343 353 361 363 366 
372 373 378 381 382 386 387 389 390 392 401 404 
406 410 415 417 430 436 437 441 449 451 457 459 
461 467 469 473 474 476 479 484 485 486 489 492 
493 495 499 501 503 505 511 513 514 522 526 527 
528 535 537 541 547 551 558 560 562 569 572 573 
582 586 588 590 593 595 597 598 600 601 606 607 
616 619 621 626 627 633 638 642 648 649 651 653 
654 657 669 674 675 679 682 683 685 686 688 692 
693 694 695 698 706 712 716 717 723 725 726 727 
728 730 732 734 736 741 744 749 752 755 756 775 
779 782 785 788 800 
253
4 11 16 17 18 20 24 25 27 28 46 47 
48 55 56 60 61 62 63 64 65 66 69 75 
77 83 87 89 95 97 102 104 105 106 114 116 
119 124 126 127 128 132 133 136 141 157 160 161 
163 165 167 175 176 180 182 188 199 200 201 208 
215 219 220 222 225 226 232 237 241 243 247 249 
254 255 259 263 264 266 267 269 272 273 275 276 
277 279 280 284 285 288 289 293 297 303 305 309 
311 314 319 324 327 328 329 330 332 333 335 339 
342 343 345 352 358 360 362 363 367 370 372 377 
378 380 382 383 385 386 389 390 393 394 395 397 
404 405 413 417 427 429 431 433 436 440 441 443 
446 449 456 458 462 465 474 475 477 480 488 494 
496 503 506 512 513 514 516 521 524 525 526 530 
531 532 538 547 550 551 560 565 572 577 579 581 
584 585 586 588 590 591 592 595 599 602 603 604 
607 608 610 616 621 625 629 630 638 649 650 651 
661 663 664 666 672 677 680 684 685 686 692 696 
698 700 703 706 707 716 717 725 726 727 732 734 
743 744 747 750 753 755 759 760 761 762 764 766 
769 772 777 778 783 784 786 787 790 794 795 796 
797 
238
2 4 12 14 17 18 20 24 26 30 34 38 
41 42 47 48 50 52 53 55 64 65 67 70 
71 72 74 76 78 80 81 83 85 88 92 97 
99 107 108 110 112 125 126 127 129 131 133 137 
144 147 157 160 163 165 167 168 176 180 181 184 
185 186 193 196 200 201 217 222 225 226 227 229 
231 239 250 253 258 260 261 269 270 278 285 286 
288 294 296 302 303 307 312 316 324 329 331 333 
334 340 343 345 348 353 356 365 366 370 371 373 
375 382 383 391 392 393 397 406 408 409 413 414 
417 422 423 424 428 432 441 443 445 449 456 459 
461 466 469 471 472 474 475 479 482 484 491 493 
495 498 500 501 509 517 526 532 534 537 538 547 
549 551 552 557 560 564 567 569 572 578 588 593 
597 599 602 603 605 609 610 613 615 619 620 622 
628 637 641 644 646 647 649 656 660 667 669 671 
673 675 681 682 684 685 689 691 700 701 702 703 
705 707 711 714 716 719 723 724 725 727 728 730 
732 739 742 743 747 755 756 757 758 760 761 762 
771 772 774 777 784 785 787 788 791 795 
252
4 12 13 16 23 25 26 29 35 41 48 50 
62 64 65 67 72 77 79 81 82 84 85 89 
96 99 103 109 112 113 120 122 131 132 133 136 
138 141 146 151 153 154 164 180 182 185 190 195 
197 200 204 206 207 209 211 212 213 214 216 218 
220 223 224 226 230 234 235 240 242 246 248 252 
255 257 258 262 266 269 277 284 289 291 298 301 
304 305 306 312 314 316 317 323 325 327 330 338 
341 345 347 349 351 352 353 354 360 361 366 368 
369 370 371 373 376 377 378 379 381 386 393 397 
402 403 406 407 414 418 419 428 433 435 437 438 
439 440 447 449 454 455 458 460 464 465 471 473 
476 485 486 500 502 506 510 512 517 518 519 521 
522 523 525 531 533 543 548 553 555 557 566 568 
569 575 576 586 587 588 590 594 596 597 601 605 
606 607 609 613 614 615 619 621 623 624 628 632 
637 640 641 642 648 652 653 656 659 662 665 667 
671 673 674 676 681 683 686 687 689 690 698 702 
706 707 709 711 716 725 729 734 735 737 739 740 
746 747 752 755 758 759 761 762 763 765 771 774 
776 777 779 780 783 784 785 786 787 792 797 800 
247
2 3 5 6 10 14 19 22 27 28 35 43 
46 49 65 69 73 75 77 78 84 87 88 93 
94 98 106 107 118 119 120 129 131 132 136 139 
146 147 151 152 158 160 161 165 170 174 181 183 
189 191 194 195 199 200 202 208 209 218 219 221 
225 229 232 233 242 246 252 253 259 260 265 269 
271 273 281 282 285 286 289 290 291 292 293 298 
300 304 305 308 316 318 322 324 327 329 330 332 
334 336 342 346 348 351 353 355 356 359 377 378 
383 388 392 396 398 399 400 405 406 408 414 416 
417 420 423 427 434 435 436 437 442 443 445 449 
454 455 458 459 463 465 468 481 483 485 486 489 
492 493 497 499 504 507 511 512 513 519 524 527 
528 535 536 537 541 543 557 558 560 563 569 571 
572 576 579 580 582 585 586 588 590 591 592 593 
594 597 598 599 611 613 615 616 617 618 629 640 
642 648 650 651 655 657 658 660 662 663 666 669 
670 673 676 683 684 686 687 689 690 691 692 698 
699 700 701 702 710 712 716 720 736 738 741 742 
743 749 750 754 762 766 768 769 770 771 773 777 
778 779 785 787 794 797 798 
258
2 3 17 18 19 25 28 29 31 32 44 49 
50 51 55 60 63 64 68 74 76 80 86 87 
89 90 91 93 95 100 101 102 103 104 105 107 
109 110 112 116 119 121 124 126 136 137 141 146 
150 157 165 166 171 175 177 178 179 180 184 187 
188 189 190 192 193 194 196 197 201 204 205 208 
213 215 216 220 222 223 224 226 227 229 235 236 
237 241 242 247 250 257 260 261 262 264 265 267 
268 275 278 283 284 290 293 295 296 298 305 307 
308 311 315 319 325 326 333 335 336 337 342 347 
348 351 352 353 354 359 364 367 369 373 380 387 
392 395 406 412 414 418 419 420 424 425 435 443 
448 449 450 451 452 453 464 469 472 475 478 479 
481 487 490 492 495 500 502 504 508 513 520 526 
529 532 538 540 542 543 546 549 550 555 556 560 
561 562 567 570 574 579 585 586 589 594 595 596 
597 598 599 600 601 607 614 622 624 625 627 630 
634 638 640 642 647 655 657 658 660 662 663 670 
671 675 679 682 683 687 691 694 695 696 701 702 
704 711 714 715 721 724 728 730 731 736 742 744 
745 748 749 754 757 758 763 766 768 772 773 775 
778 780 791 793 794 800 
257
4 8 9 12 13 25 29 37 46 49 55 59 
61 63 64 69 72 73 80 88 93 94 97 99 
101 105 108 109 118 120 121 125 126 128 131 134 
135 136 140 142 145 146 147 149 150 155 160 161 
164 165 166 170 173 177 178 180 183 188 190 194 
195 197 199 202 203 210 217 221 228 229 230 233 
235 236 237 239 242 244 246 248 249 250 254 256 
258 260 261 263 271 273 276 279 287 288 300 301 
302 304 306 308 312 315 317 325 331 334 335 337 
340 341 348 353 359 364 365 366 368 371 383 385 
389 390 392 401 410 413 417 418 423 426 432 435 
438 440 443 459 460 461 468 475 477 479 481 485 
486 487 490 491 494 497 504 505 508 510 511 513 
514 518 519 520 525 532 535 536 537 545 557 559 
560 565 567 579 586 587 589 591 592 593 596 602 
604 605 608 609 610 612 613 615 619 620 621 627 
631 633 634 638 639 641 643 645 646 647 648 649 
650 652 654 659 664 666 669 672 673 674 675 677 
682 689 691 692 693 695 697 698 699 701 702 705 
712 716 722 727 729 730 731 733 737 739 744 745 
746 749 750 751 753 758 761 765 768 770 773 774 
785 791 795 796 800 
246
3 7 8 10 11 16 19 23 24 25 26 27 
30 32 34 35 36 37 40 43 44 45 60 62 
68 69 74 87 90 91 92 93 98 99 100 107 
110 114 117 118 119 123 125 126 128 129 130 138 
139 142 144 148 152 153 156 157 160 162 168 171 
173 176 178 180 185 193 194 200 202 203 205 209 
210 212 214 219 222 224 227 228 231 234 235 236 
239 241 246 252 265 267 268 273 280 284 285 287 
295 306 312 314 319 326 329 330 332 347 348 352 
353 359 365 367 369 372 379 383 384 385 388 391 
393 396 401 403 406 408 409 411 412 417 418 419 
420 422 425 426 428 429 430 432 435 436 437 438 
443 450 451 463 464 465 476 480 482 485 486 489 
490 498 499 504 507 512 513 515 517 530 535 540 
542 547 548 550 554 557 564 568 580 581 582 585 
589 591 593 594 596 597 601 607 610 615 616 617 
619 630 631 632 633 639 645 647 650 651 654 657 
660 662 663 667 668 672 673 675 680 684 690 692 
694 703 704 707 709 716 722 725 736 739 746 747 
748 754 756 757 763 770 776 778 779 781 782 783 
788 789 790 792 799 800 
231
5 9 17 18 20 21 24 25 30 31 32 43 
46 53 62 70 75 80 82 86 87 90 101 102 
105 109 111 114 125 133 135 136 137 138 142 148 
152 153 155 156 157 164 165 166 167 171 173 177 
181 183 187 189 192 193 196 197 198 199 205 209 
210 212 221 222 223 234 235 245 249 250 251 254 
256 261 262 267 268 269 272 277 279 280 288 294 
298 302 305 308 311 313 316 319 320 326 330 332 
335 339 340 342 343 355 356 359 363 364 368 372 
373 380 385 390 399 407 418 426 430 432 437 438 
439 447 450 453 456 466 472 475 476 481 486 489 
493 494 495 497 499 505 509 510 512 513 516 519 
521 522 527 529 532 535 539 547 549 550 551 552 
553 556 557 563 569 570 571 574 575 576 578 581 
585 587 588 589 590 592 595 599 602 603 608 609 
610 628 634 637 640 644 648 650 659 660 661 662 
663 665 669 682 683 685 689 700 702 704 706 708 
709 712 719 721 723 728 729 732 735 749 753 758 
761 765 767 768 769 772 774 776 778 781 785 791 
797 798 800 
231
2 15 16 19 21 24 30 34 36 39 40 42 
44 45 46 54 64 65 67 70 72 84 85 86 
94 98 103 105 107 110 114 116 120 125 128 130 
132 144 146 147 148 150 151 152 155 157 160 162 
164 165 166 167 173 175 176 177 182 184 185 193 
194 198 204 207 213 214 215 228 237 238 239 240 
241 254 255 256 265 268 273 278 280 282 283 290 
298 309 316 319 322 323 325 326 328 335 339 342 
343 344 346 348 358 359 364 369 375 378 379 396 
397 403 407 410 412 413 419 421 426 427 430 434 
436 438 439 442 443 444 447 448 449 451 452 457 
459 461 467 472 476 477 481 487 488 496 506 507 
509 511 513 515 516 524 525 529 530 531 532 533 
537 539 550 553 554 559 563 564 571 574 577 581 
582 585 589 599 604 615 616 620 625 628 631 637 
643 644 645 646 648 649 655 656 657 658 659 662 
666 668 676 678 680 684 685 687 691 692 693 694 
695 697 699 707 721 722 723 724 730 732 733 735 
742 744 755 762 765 766 775 778 779 781 782 784 
792 797 799 
231
12 15 18 24 34 36 38 42 47 50 52 54 
65 68 71 78 80 86 89 97 101 103 108 109 
113 116 117 118 121 122 123 129 135 139 140 143 
146 149 152 156 161 166 172 174 178 180 184 186 
187 198 202 207 211 215 217 224 229 233 239 240 
249 250 254 262 263 264 266 271 272 279 285 286 
296 297 298 302 310 312 315 318 319 334 341 343 
351 354 355 357 360 365 366 372 373 377 380 382 
383 384 389 396 402 403 405 406 408 413 414 418 
429 431 437 439 440 443 444 445 446 447 448 451 
453 454 457 461 462 464 468 469 470 477 478 480 
487 488 490 497 506 510 511 512 517 520 522 523 
528 529 534 535 537 540 543 548 551 552 557 559 
561 563 564 565 569 570 572 573 574 578 580 582 
583 584 585 586 588 592 596 600 603 615 618 619 
622 627 632 635 642 645 652 655 656 658 662 667 
668 670 673 674 677 683 685 686 689 691 695 697 
699 704 705 706 707 710 715 716 718 723 728 729 
731 734 736 739 743 745 747 751 762 767 771 774 
785 792 793 
227
3 5 7 9 11 12 21 22 28 31 41 42 
46 49 54 62 65 70 80 81 82 84 88 90 
93 96 99 104 107 109 113 118 119 122 123 128 
139 142 145 149 150 151 152 153 155 157 160 162 
167 170 177 181 187 191 195 200 210 211 212 217 
218 225 231 233 234 237 245 246 253 255 267 271 
273 277 279 281 287 289 294 297 299 300 301 302 
307 311 316 322 324 327 337 339 349 355 366 367 
369 374 375 378 380 381 385 387 389 390 392 393 
395 397 402 405 408 416 422 426 428 431 435 438 
444 446 448 450 451 458 460 471 474 475 480 482 
483 486 487 490 491 492 498 499 503 507 509 514 
517 524 528 529 534 537 541 543 544 546 556 557 
559 563 566 569 574 577 583 587 588 595 596 600 
601 602 603 606 607 608 609 618 619 622 626 634 
636 649 652 653 655 656 663 668 673 678 679 680 
681 682 688 690 693 695 699 700 706 707 712 714 
716 717 718 721 723 729 731 737 738 744 748 749 
758 761 763 765 767 778 781 788 795 796 800 
235
4 6 9 10 13 14 15 16 18 19 20 23 
24 31 33 39 40 42 44 50 53 62 66 67 
68 70 73 78 84 100 102 103 106 108 111 113 
127 131 135 136 139 141 142 146 151 154 156 158 
164 165 166 169 170 173 178 182 183 184 189 190 
192 193 201 205 206 209 210 219 221 223 224 225 
229 230 231 232 233 238 240 242 246 248 253 254 
258 259 262 269 273 274 276 286 287 289 295 304 
309 314 316 319 320 332 339 342 344 345 352 353 
354 363 364 367 371 378 384 385 388 390 391 392 
394 395 401 403 408 410 411 423 429 437 444 450 
456 458 460 462 463 465 466 467 468 477 479 482 
484 499 500 502 508 516 525 530 535 537 539 540 
548 556 557 564 575 576 581 587 588 590 595 601 
608 609 610 611 612 616 619 620 622 627 630 631 
637 643 646 648 655 656 657 658 661 666 669 675 
678 679 680 681 685 688 690 693 695 696 699 700 
702 705 706 709 711 718 726 727 728 731 738 746 
749 755 757 758 759 763 764 765 766 770 776 783 
785 786 792 793 794 799 800 
234
2 5 6 14 16 18 20 25 26 27 28 32 
34 35 38 48 53 57 61 65 66 67 68 71 
72 74 77 81 88 91 92 97 101 102 108 109 
116 119 129 131 133 136 139 143 148 149 150 151 
154 158 160 161 164 165 168 169 170 178 183 193 
198 199 200 205 222 223 224 236 238 239 240 250 
251 256 259 260 261 263 266 271 274 275 279 280 
282 293 300 301 302 304 305 306 307 313 314 315 
325 331 332 333 334 339 342 348 349 351 354 358 
369 370 378 379 380 387 389 392 398 407 409 410 
411 414 424 428 434 436 440 443 452 455 464 465 
466 473 477 479 484 488 492 495 496 499 501 511 
512 513 515 517 521 522 526 527 529 534 540 541 
544 545 547 552 553 562 563 566 572 573 575 579 
581 583 588 594 598 604 607 609 618 623 625 626 
628 629 631 636 644 646 650 654 659 661 663 666 
670 676 679 682 688 692 693 694 696 697 698 701 
704 705 706 708 710 712 720 721 723 725 739 744 
745 746 747 748 750 754 755 763 765 768 770 777 
783 784 787 790 795 797 
226
12 30 34 37 42 48 51 54 57 58 59 60 
72 74 77 81 83 86 92 95 99 109 125 128 
134 136 145 153 156 158 168 171 173 175 177 178 
179 180 181 182 184 188 189 199 200 206 208 211 
214 215 216 217 220 221 225 228 230 231 241 243 
245 247 248 249 253 254 260 261 263 265 268 269 
275 276 278 284 285 286 287 289 291 295 309 314 
316 321 323 325 330 332 338 339 340 344 349 350 
356 359 360 361 367 368 374 375 389 390 391 392 
399 404 405 414 415 419 420 421 422 424 429 430 
432 439 442 446 451 462 475 478 486 489 495 499 
501 502 503 505 509 510 512 516 519 520 523 526 
528 529 536 540 548 552 560 561 564 565 567 579 
580 584 585 589 592 594 595 596 597 598 601 606 
608 609 613 616 621 623 624 626 632 633 634 643 
644 646 648 649 651 652 653 654 661 662 664 678 
686 690 692 696 697 698 699 702 704 718 720 735 
736 744 747 748 752 753 755 760 763 767 768 773 
774 775 782 784 785 790 791 792 793 795 
244
4 5 7 13 14 15 17 20 21 22 23 26 
30 37 40 42 44 45 49 53 55 57 60 64 
68 69 74 75 76 79 82 85 86 92 96 100 
102 107 112 113 114 118 119 124 138 139 145 146 
150 152 155 156 159 161 162 168 170 179 181 182 
184 187 188 190 194 196 197 198 202 205 209 211 
212 216 218 220 230 234 241 242 246 251 255 258 
266 267 268 270 274 279 280 281 285 286 288 293 
294 295 296 298 300 301 304 306 309 310 315 318 
320 327 335 341 343 347 352 354 360 364 366 367 
368 374 376 379 380 381 382 385 389 390 394 398 
400 404 406 407 415 416 417 420 421 424 434 435 
439 440 442 448 451 453 465 468 470 472 473 477 
486 492 493 495 498 505 509 510 513 524 529 542 
546 549 553 557 558 562 563 565 567 570 575 577 
579 581 591 605 606 613 614 616 617 620 622 624 
629 631 643 646 647 648 650 655 659 662 666 667 
672 673 681 683 684 687 691 693 694 696 698 699 
701 704 705 706 707 711 721 728 731 732 736 737 
742 743 745 760 765 766 769 774 776 786 787 788 
791 792 798 800 
252
2 8 17 18 21 27 35 41 42 46 47 51 
53 56 62 64 70 77 85 86 89 91 92 95 
102 105 112 113 114 115 119 129 131 143 145 146 
147 149 150 151 152 153 154 155 156 158 161 171 
181 182 183 187 192 193 196 201 207 208 209 211 
213 217 221 223 227 231 234 236 238 240 250 253 
254 255 257 264 266 268 272 274 277 278 283 285 
287 289 299 300 307 310 312 322 325 327 328 330 
331 335 336 337 342 343 347 352 353 354 357 359 
360 362 365 368 376 378 383 392 399 400 401 408 
411 413 415 420 429 430 431 434 435 437 444 449 
454 455 456 457 466 467 470 471 474 476 480 482 
487 490 493 495 500 505 510 511 515 527 528 535 
536 538 539 542 546 547 548 550 555 558 565 566 
570 572 575 576 579 580 587 591 593 595 597 600 
601 602 606 608 609 610 612 615 616 617 619 621 
623 624 626 630 631 633 634 635 639 643 644 650 
651 654 657 658 660 664 670 678 680 681 682 687 
688 690 692 697 699 701 703 704 714 716 717 720 
721 723 724 733 736 739 743 753 759 762 764 765 
766 767 772 776 777 778 783 790 793 796 797 798 
233
1 2 5 6 7 8 11 12 13 14 15 16 
17 19 20 23 25 27 32 35 36 37 39 50 
51 61 62 66 68 70 77 78 81 84 86 88 
93 96 99 100 101 103 106 109 112 114 115 123 
127 136 139 141 142 143 149 155 159 160 167 177 
179 180 182 186 189 192 196 199 207 214 218 219 
223 230 231 234 236 248 250 251 252 254 255 260 
261 266 271 281 284 285 289 290 292 293 295 296 
297 300 301 303 304 305 308 309 313 316 322 327 
330 335 336 343 346 348 349 351 352 362 367 376 
382 383 388 397 404 406 409 417 419 420 424 428 
429 430 431 436 443 445 446 451 452 460 463 471 
483 484 488 497 498 502 504 512 514 517 520 523 
524 533 535 536 538 546 551 555 560 563 567 576 
584 585 594 595 598 600 602 604 605 611 615 620 
627 629 632 633 635 636 639 642 644 648 651 662 
663 664 665 666 667 668 673 678 679 684 685 689 
690 692 694 699 703 704 705 706 707 713 725 727 
735 736 744 745 750 754 759 763 771 773 775 779 
785 786 794 798 799 
247
2 6 7 10 17 19 30 31 33 38 39 40 
41 43 47 48 49 50 51 52 54 55 58 59 
60 63 64 66 67 70 71 72 73 77 79 81 
84 85 91 96 98 100 101 106 112 117 118 119 
121 125 126 128 131 140 146 151 160 161 166 169 
170 172 177 182 183 188 189 192 195 204 205 207 
213 215 218 225 226 232 233 243 251 252 253 254 
263 266 267 271 273 277 279 281 283 286 287 289 
297 302 303 307 308 309 319 321 338 342 350 351 
358 368 369 374 375 376 378 381 382 383 384 385 
390 408 409 416 417 422 424 427 436 440 441 447 
449 450 451 452 454 456 457 459 469 471 477 488 
494 495 496 501 502 507 509 512 515 524 527 531 
532 534 535 539 541 543 546 550 553 556 557 560 
563 564 572 574 577 586 591 605 609 617 624 625 
628 629 630 634 640 644 645 647 651 652 661 663 
664 668 671 672 673 674 676 681 682 689 690 692 
696 698 702 703 704 705 708 710 711 712 719 721 
724 726 728 729 732 743 746 748 751 752 753 756 
758 761 765 766 767 770 771 772 773 776 783 784 
785 792 793 794 796 798 799 
241
1 4 5 11 12 13 16 19 32 35 40 41 
51 52 54 61 70 71 74 80 89 91 92 94 
102 107 110 112 116 119 136 137 139 143 145 155 
156 158 159 174 176 178 181 184 187 188 189 193 
194 198 200 203 204 207 215 220 227 230 240 241 
242 243 244 245 250 251 254 255 260 273 274 275 
276 281 283 291 293 295 296 299 304 309 312 313 
317 318 320 322 324 327 331 340 343 350 352 353 
354 357 360 361 368 371 373 374 377 384 387 393 
398 399 400 403 405 409 410 415 417 422 429 433 
435 436 443 448 451 455 456 457 460 466 472 475 
476 478 481 485 492 494 497 499 506 507 513 517 
520 522 526 528 529 530 532 534 536 540 545 548 
550 555 557 559 561 564 566 569 570 571 574 580 
584 585 588 593 594 596 598 601 605 608 610 620 
623 630 631 634 638 641 647 650 652 665 666 669 
674 675 677 680 684 690 691 694 695 697 698 699 
700 701 706 718 720 723 724 725 727 730 733 734 
735 737 738 740 741 743 745 748 749 752 758 759 
761 764 767 769 771 775 776 782 790 791 792 794 
796 
252
2 4 6 15 16 19 20 23 25 26 30 32 
36 37 42 44 49 50 53 55 58 62 63 65 
76 79 80 82 83 86 89 91 93 95 98 102 
103 106 109 110 116 122 123 125 128 129 133 134 
137 141 143 150 153 158 163 165 166 167 171 172 
174 176 184 187 190 194 196 197 200 202 204 208 
213 215 218 223 226 228 229 235 238 242 243 244 
245 246 247 249 254 262 266 275 276 277 280 285 
287 289 291 295 297 301 304 305 307 308 309 310 
312 316 317 318 322 324 325 327 336 340 346 351 
355 357 359 364 365 366 368 370 382 390 398 403 
404 417 418 421 422 423 425 429 434 440 446 450 
451 456 457 458 459 462 463 468 469 470 474 479 
482 483 494 496 498 499 500 502 508 512 515 516 
517 518 520 523 525 526 528 539 540 547 549 550 
557 558 559 565 576 579 580 581 583 591 595 601 
602 603 606 607 614 617 619 620 628 629 632 633 
641 646 649 650 651 659 663 664 667 672 684 685 
688 696 698 700 702 709 711 712 714 715 717 722 
734 735 736 744 747 749 750 754 755 756 757 761 
762 766 770 771 777 778 784 785 790 792 797 800 
249
8 10 11 13 16 18 22 24 27 33 39 40 
41 42 47 48 52 55 57 59 60 69 72 77 
80 82 88 92 95 96 97 103 105 110 111 117 
121 124 136 140 143 144 150 151 157 161 163 166 
167 170 182 187 191 193 196 197 199 203 206 212 
213 219 222 228 230 237 238 239 248 254 255 258 
264 265 267 270 272 273 276 280 282 284 286 287 
290 292 295 297 301 305 306 307 308 310 319 324 
325 327 329 330 333 334 337 340 342 345 346 353 
355 360 362 366 374 377 380 381 388 389 392 393 
396 397 400 405 406 407 410 412 415 420 421 425 
429 432 433 434 435 448 450 451 456 457 460 462 
465 466 476 479 482 484 485 487 490 492 493 494 
495 496 497 501 504 512 513 517 523 525 528 530 
534 535 536 540 542 544 545 547 548 554 564 565 
567 571 577 578 580 582 585 593 599 601 603 609 
610 614 619 620 625 628 629 631 633 635 636 639 
642 643 654 660 662 665 667 671 672 680 683 686 
690 695 696 698 699 703 708 709 718 726 731 739 
740 741 742 743 745 746 748 749 752 756 759 762 
764 768 769 772 777 788 794 795 797 
233
2 4 10 11 20 33 34 38 39 43 46 49 
52 54 55 62 64 65 68 71 73 74 76 88 
91 92 93 97 99 102 110 112 113 114 116 117 
118 120 122 123 127 128 129 130 136 137 138 139 
145 150 152 155 157 165 168 169 171 175 181 192 
199 200 201 208 209 219 221 227 236 239 240 241 
251 254 255 258 268 273 276 286 287 289 290 294 
296 300 304 306 313 315 321 325 328 329 331 333 
335 337 339 340 342 345 346 349 351 352 353 354 
356 357 362 364 365 370 371 376 385 391 400 401 
405 406 408 415 420 421 424 428 430 431 432 437 
440 446 463 472 474 477 480 482 486 489 491 493 
495 498 499 500 502 506 512 514 524 528 529 538 
540 547 553 561 563 568 569 570 571 577 578 591 
592 601 604 606 608 617 618 631 634 648 650 653 
657 658 660 664 668 669 670 673 674 675 677 679 
682 684 690 691 696 697 698 699 703 705 707 709 
714 717 720 721 727 731 741 744 746 751 754 757 
758 760 761 771 772 774 775 776 778 786 787 788 
789 790 793 796 799 
227
2 3 4 5 6 8 17 20 22 24 25 27 
32 35 38 39 41 42 45 49 52 63 67 68 
69 72 75 76 79 83 91 92 96 98 102 115 
120 122 123 131 133 135 141 142 146 147 149 157 
160 166 172 174 177 185 191 192 199 203 207 210 
211 215 220 221 224 228 230 231 232 234 238 240 
246 249 253 259 262 263 264 265 267 269 270 279 
290 292 300 305 307 316 318 321 323 325 328 330 
334 338 353 357 360 364 366 367 371 376 382 383 
387 390 393 394 399 402 407 410 411 415 417 421 
426 427 437 439 444 452 454 455 456 458 459 461 
464 468 469 471 472 475 477 482 485 488 500 506 
509 511 513 520 521 529 533 534 538 541 542 543 
545 546 550 552 555 557 560 561 562 564 566 575 
578 580 581 585 586 588 589 596 601 608 613 614 
618 621 622 628 630 632 633 635 637 638 639 641 
642 644 661 662 664 668 682 688 696 698 700 703 
713 715 719 721 727 731 733 746 750 753 769 770 
774 776 779 784 787 789 792 793 794 796 798 
244
4 5 6 8 13 18 22 28 33 34 37 39 
42 43 51 53 54 57 61 63 64 65 78 81 
82 85 86 88 91 96 97 99 100 101 104 105 
111 113 117 120 124 127 133 142 144 145 146 149 
151 154 157 158 162 171 172 173 174 181 186 187 
188 191 203 204 207 209 214 215 221 225 229 230 
233 236 237 238 240 243 246 253 254 258 259 260 
264 268 288 291 292 293 295 303 309 312 317 319 
321 332 337 341 342 343 351 352 353 355 366 367 
368 370 372 380 382 388 389 390 391 392 396 398 
400 402 403 404 420 424 425 430 434 435 443 446 
448 450 455 461 464 468 471 476 477 478 484 494 
495 499 500 506 507 510 511 512 516 519 521 522 
532 533 535 538 539 546 548 550 551 552 556 559 
562 569 571 572 573 574 578 579 590 593 594 596 
597 599 602 605 608 616 619 620 622 623 630 638 
640 642 644 646 651 655 659 661 664 666 670 672 
678 679 680 681 683 691 692 694 696 699 708 712 
713 715 718 721 725 726 731 739 748 749 750 752 
754 756 757 760 761 767 769 771 772 782 788 792 
793 795 796 798 
230
2 15 20 24 25 30 31 32 36 37 44 45 
47 48 50 51 54 60 63 64 66 68 73 85 
87 98 100 101 109 113 114 117 118 119 122 123 
125 128 131 137 140 141 142 145 147 149 152 153 
155 161 165 166 172 176 180 182 189 190 198 201 
203 208 210 215 217 218 227 231 233 236 244 253 
255 256 258 259 261 263 272 276 284 285 289 307 
308 309 312 313 317 318 319 321 328 330 338 341 
342 347 351 355 360 363 366 372 378 381 391 392 
393 394 396 397 399 401 404 408 412 413 415 418 
423 426 428 429 435 436 437 440 445 446 447 450 
451 453 454 467 471 474 477 480 490 491 494 498 
499 502 504 507 514 517 521 532 534 540 541 544 
545 546 547 549 550 556 559 561 562 567 569 575 
576 580 581 584 587 588 590 593 597 600 604 609 
611 617 619 620 624 627 630 643 644 652 653 654 
666 674 675 677 679 680 681 684 689 691 693 696 
698 704 727 733 747 751 753 755 756 759 760 761 
771 772 773 777 779 780 781 783 784 789 790 794 
798 800 
227
7 10 11 14 17 23 26 27 36 37 38 41 
46 48 53 56 58 61 65 68 74 76 78 79 
94 101 103 105 108 109 110 115 121 124 125 140 
143 146 152 153 164 165 166 172 175 182 183 200 
201 203 207 210 213 214 215 221 222 227 230 232 
240 241 247 248 249 250 252 255 256 262 263 264 
265 267 269 271 274 275 280 282 284 287 288 294 
300 303 309 310 313 314 318 319 325 327 329 333 
336 340 343 345 346 348 351 356 363 366 367 368 
369 374 375 376 377 379 381 382 383 384 391 392 
395 397 403 405 408 415 418 422 426 430 432 435 
440 441 442 444 445 450 453 455 462 470 471 472 
475 478 484 488 490 492 493 500 501 502 504 508 
511 513 522 529 530 531 535 544 552 560 562 578 
579 586 587 589 590 605 609 616 620 624 626 628 
635 636 644 645 648 649 651 654 655 665 666 670 
674 686 690 694 698 702 704 707 710 715 719 727 
729 731 733 738 740 742 744 750 751 752 758 762 
764 766 768 769 774 777 780 787 791 797 800 
231
5 7 8 9 10 12 14 23 33 38 42 45 
47 52 55 57 58 68 73 74 82 85 86 87 
89 91 92 94 98 101 104 105 108 110 113 114 
115 116 117 123 125 126 127 130 132 133 134 143 
150 151 153 155 158 160 166 170 175 177 179 185 
192 194 195 201 203 209 210 211 214 223 232 235 
241 252 260 261 262 263 264 269 272 273 275 284 
287 290 292 294 302 304 306 307 308 310 316 317 
323 325 327 328 338 341 342 344 346 347 349 352 
362 363 364 366 371 374 377 379 383 384 392 395 
401 405 407 408 411 416 421 422 423 425 434 436 
439 448 449 450 453 457 459 464 468 471 474 477 
483 484 492 493 498 502 504 508 511 512 514 516 
518 519 520 521 522 526 527 535 536 538 541 544 
553 554 555 557 563 567 573 575 579 591 597 598 
599 600 602 622 624 625 635 637 642 643 644 645 
655 657 659 660 665 668 672 673 676 680 682 685 
688 691 697 702 706 707 710 713 714 716 722 726 
728 733 740 741 749 753 756 763 766 771 777 778 
781 792 796 
227
5 7 10 13 16 17 26 31 33 38 40 43 
44 51 56 57 59 60 62 68 73 75 78 80 
81 83 84 87 91 92 96 97 100 103 106 112 
114 123 125 129 131 133 135 141 145 146 148 154 
156 157 161 162 164 168 169 171 177 180 182 187 
190 192 208 209 217 227 228 231 232 233 234 240 
242 243 249 252 253 258 264 270 271 272 274 284 
287 297 300 303 304 306 309 311 319 320 322 332 
338 339 340 342 344 346 352 354 359 365 366 370 
392 401 402 406 407 413 416 419 421 425 428 432 
434 437 439 447 448 450 451 452 454 455 456 462 
465 467 472 477 480 482 483 486 487 507 509 510 
513 518 519 521 522 526 528 529 550 555 556 559 
561 562 564 565 568 574 575 576 578 583 584 591 
593 596 597 611 613 616 623 630 632 635 640 648 
650 652 653 654 655 657 660 661 666 668 670 671 
672 673 677 681 685 689 693 694 698 701 706 710 
720 723 726 727 732 735 740 743 745 751 753 755 
756 773 777 779 781 784 790 791 793 795 800 
242
1 3 7 11 12 16 22 23 25 30 42 44 
47 53 56 59 60 63 64 65 67 69 73 76 
78 81 82 85 88 91 96 99 101 102 104 111 
115 117 119 122 124 125 131 132 137 140 143 147 
152 155 158 162 170 175 176 186 187 188 191 192 
194 196 198 199 202 203 209 213 222 228 232 235 
238 240 243 244 245 246 249 253 258 259 264 265 
266 270 274 282 283 287 293 296 297 300 302 304 
312 313 315 322 324 328 331 333 335 337 340 341 
348 351 354 363 365 369 370 375 378 384 388 389 
390 391 392 400 402 404 405 407 414 423 425 426 
428 439 440 446 447 449 453 461 465 469 470 473 
474 475 476 481 483 487 498 500 503 506 509 510 
511 513 514 519 531 534 535 537 539 542 547 552 
554 555 556 561 562 564 567 568 569 572 580 581 
582 589 598 599 609 610 612 614 621 622 625 627 
628 629 630 634 637 638 642 644 651 652 659 661 
668 671 674 676 685 686 692 697 698 699 702 704 
711 712 720 725 727 730 735 736 738 739 743 747 
749 751 754 755 762 764 768 771 778 780 783 784 
786 792 
254
3 4 6 9 11 13 24 27 28 31 32 33 
37 42 44 46 49 51 52 55 56 58 61 62 
69 76 82 84 85 101 104 109 115 117 122 124 
126 132 133 135 137 138 141 142 144 148 156 165 
171 174 181 182 188 196 199 201 203 204 205 210 
211 212 216 218 220 222 231 234 237 238 240 242 
250 253 254 259 266 267 268 269 273 274 276 285 
286 287 288 293 294 296 298 299 300 305 307 308 
309 311 315 316 319 320 323 329 336 337 340 341 
342 348 350 353 354 357 358 362 365 369 371 372 
373 383 385 388 391 393 394 399 400 403 408 414 
416 417 419 423 425 430 433 434 435 438 439 440 
450 453 455 457 458 463 464 468 481 482 483 489 
493 494 503 509 510 520 526 527 531 532 534 547 
552 553 555 556 558 563 564 570 572 573 574 576 
578 580 583 586 588 591 595 596 599 602 604 605 
607 608 611 616 622 625 628 629 632 634 635 638 
641 646 648 652 659 660 665 668 669 673 674 675 
677 679 683 684 685 686 687 688 689 695 705 706 
710 715 717 719 721 728 729 731 738 741 744 746 
748 754 760 764 765 766 768 771 779 782 783 784 
796 798 
256
1 4 12 14 20 21 23 25 28 36 40 42 
43 44 45 46 51 54 60 62 63 66 67 80 
81 82 87 91 92 93 94 97 101 103 104 105 
116 117 119 120 124 125 128 129 131 132 133 141 
145 146 151 153 156 165 167 170 174 177 178 180 
181 183 186 191 193 194 198 203 205 207 215 218 
219 222 224 230 231 236 239 242 244 248 249 250 
251 260 262 263 265 267 270 274 279 280 283 285 
291 298 299 305 308 310 314 317 318 321 326 327 
332 334 336 337 340 342 344 349 352 356 363 365 
367 369 372 375 376 381 384 385 386 392 393 396 
399 409 412 414 418 420 422 423 424 426 432 434 
439 441 444 446 454 460 462 468 471 472 476 479 
482 485 490 494 500 502 503 511 513 519 522 526 
528 529 530 534 536 539 540 543 544 545 549 550 
554 556 563 571 572 579 584 587 593 594 595 601 
604 608 612 615 620 621 622 625 626 627 629 638 
640 649 650 652 654 655 659 661 669 676 678 679 
686 688 689 694 703 706 709 710 713 714 715 717 
718 720 721 724 727 730 731 738 741 742 746 749 
751 754 763 765 767 768 771 774 777 778 781 785 
789 791 796 797 
236
4 10 18 20 21 27 28 34 36 37 38 39 
41 42 47 49 52 54 56 58 59 61 64 65 
66 68 72 74 75 76 77 79 80 82 85 89 
91 106 114 116 135 139 140 141 145 149 151 157 
159 161 164 182 183 185 191 193 195 200 206 208 
209 211 213 215 220 223 226 232 234 235 239 241 
247 252 261 263 265 268 270 276 279 280 283 284 
287 293 299 301 306 308 316 317 318 320 323 325 
326 335 339 346 347 349 350 351 355 362 364 367 
369 370 371 373 376 379 388 392 393 394 395 396 
401 404 407 408 411 412 416 418 422 425 428 435 
437 438 439 441 446 450 453 461 467 469 477 479 
480 481 486 488 489 491 496 500 503 504 505 506 
509 511 517 518 523 524 525 526 527 528 532 542 
544 547 558 561 562 568 571 572 574 578 580 588 
592 593 594 600 602 606 611 612 613 615 618 621 
622 624 629 631 633 646 656 666 668 669 673 677 
684 687 688 690 695 700 701 710 719 724 726 736 
739 741 742 744 751 753 757 764 765 768 772 776 
781 783 787 790 791 795 798 800 
233
7 8 17 21 26 30 31 33 35 41 45 50 
52 55 61 69 73 74 75 77 78 79 80 82 
86 89 92 94 95 97 99 103 105 106 108 109 
110 112 113 114 116 118 121 126 127 128 132 138 
154 156 158 160 161 165 173 180 182 185 186 194 
195 197 198 199 201 205 207 210 221 231 232 233 
234 237 240 242 244 252 254 256 267 269 271 274 
275 280 281 282 283 299 301 305 307 310 312 313 
314 316 317 324 325 330 340 345 347 348 352 353 
365 369 374 377 378 380 384 387 391 397 398 400 
405 408 409 412 413 414 415 424 425 426 432 435 
439 440 441 442 447 448 449 459 462 472 475 483 
486 487 491 503 505 508 510 513 517 520 524 530 
532 533 536 537 539 543 544 549 552 553 555 556 
568 570 572 574 579 581 582 583 585 586 587 589 
590 594 599 601 604 606 618 623 625 626 629 633 
642 643 645 646 649 650 653 664 666 669 677 679 
691 694 695 699 701 712 716 720 722 726 729 732 
733 734 740 748 759 763 768 769 772 775 777 779 
780 783 790 796 799 
245
2 3 11 15 23 24 35 37 38 40 44 45 
47 54 56 60 61 67 72 74 85 90 95 96 
97 103 107 108 109 110 123 132 135 137 141 144 
146 147 148 150 151 152 157 162 163 172 178 179 
185 188 189 192 195 197 199 210 211 212 218 221 
223 224 225 228 231 232 234 239 242 247 253 254 
261 264 265 267 268 271 272 278 279 283 284 296 
297 302 306 309 312 313 315 317 319 321 323 324 
325 326 335 339 341 342 343 346 347 348 355 363 
367 368 369 377 380 381 383 384 387 388 389 395 
397 398 399 402 404 405 412 416 418 426 431 433 
437 443 448 449 454 461 463 464 466 470 477 478 
481 482 483 484 489 493 500 504 507 508 512 519 
522 526 527 529 532 533 535 540 547 548 554 556 
557 558 563 571 572 573 575 576 580 582 591 593 
598 600 605 607 610 613 618 633 634 642 643 650 
653 655 658 660 661 664 669 678 684 687 691 692 
693 694 695 696 698 700 704 708 709 712 723 728 
729 731 732 735 739 740 742 743 748 750 756 759 
761 762 764 767 769 770 774 777 781 783 787 788 
791 793 798 799 800 
233
4 8 15 17 19 21 22 27 31 32 33 42 
43 44 52 53 56 59 61 66 68 73 76 79 
81 83 98 100 102 103 104 113 120 121 122 123 
125 127 131 139 140 141 144 145 147 148 150 154 
155 159 161 162 165 174 175 182 183 186 187 189 
190 198 201 207 211 212 217 219 223 225 228 236 
238 242 245 252 253 257 260 261 266 268 280 282 
294 297 305 307 311 312 318 322 324 328 329 330 
332 334 335 339 340 345 346 348 350 351 353 358 
359 372 374 375 390 393 397 398 401 403 407 408 
410 415 418 425 430 431 436 437 438 443 444 450 
456 462 465 466 468 470 472 473 475 476 478 479 
480 481 484 488 495 496 501 509 514 521 523 526 
528 529 531 536 537 539 544 556 558 566 568 569 
572 575 585 586 587 591 592 593 601 607 611 614 
618 620 621 622 623 625 631 638 641 644 645 651 
659 663 666 667 668 672 674 675 684 685 687 689 
690 692 702 703 704 705 707 710 714 715 729 739 
748 758 761 762 766 768 775 782 784 785 786 787 
788 790 791 798 799 
244
4 6 7 8 9 17 24 26 28 33 35 44 
46 48 58 71 72 74 76 80 84 88 90 95 
96 103 105 111 115 116 122 124 126 137 142 145 
163 164 165 166 169 171 172 176 180 181 183 184 
185 188 193 195 196 197 206 207 208 215 218 222 
223 224 234 235 247 249 258 269 271 272 274 275 
277 281 282 286 290 292 295 298 299 302 303 304 
308 310 311 312 324 325 333 336 337 340 352 353 
354 357 359 360 361 364 366 369 372 374 376 377 
382 383 386 387 388 391 393 396 399 403 408 411 
417 420 424 425 432 434 441 444 446 453 457 459 
461 462 465 471 477 479 486 489 492 493 497 502 
504 505 506 508 511 522 523 524 526 530 531 536 
537 542 546 547 550 554 559 562 563 565 566 567 
569 571 574 583 586 589 590 591 592 593 599 601 
602 610 615 618 622 624 626 629 636 639 650 651 
652 653 654 658 659 662 664 665 666 669 675 678 
685 686 688 691 706 714 715 716 718 719 721 722 
724 727 728 736 737 740 741 742 743 750 751 757 
760 764 765 767 774 779 783 785 786 788 790 792 
793 796 799 800 
261
3 6 10 11 12 13 14 17 21 23 34 36 
38 39 41 42 48 51 54 56 59 62 63 66 
78 80 83 91 93 94 102 119 121 122 124 126 
129 135 142 143 149 150 151 152 154 156 160 161 
164 165 166 168 174 179 183 184 186 187 189 191 
197 200 205 211 214 216 218 220 222 224 225 229 
230 231 232 234 243 245 247 248 253 266 267 270 
271 273 274 277 278 283 289 290 292 293 301 304 
306 307 308 311 314 318 319 322 323 325 327 328 
330 332 339 340 346 347 349 352 354 356 357 362 
368 370 371 372 375 379 381 383 384 385 387 392 
395 398 401 402 403 404 406 411 414 416 420 421 
425 427 433 440 441 445 446 447 449 452 459 460 
467 468 474 476 477 482 487 491 492 493 494 498 
500 501 506 508 509 510 515 519 522 523 525 531 
533 534 546 550 552 553 555 559 563 566 568 571 
576 577 585 587 589 593 597 601 602 606 622 625 
628 629 631 635 636 639 640 643 644 648 649 651 
652 653 656 659 660 661 663 672 679 694 697 702 
704 711 714 715 717 718 719 723 724 725 727 729 
740 741 742 745 748 749 752 753 764 765 775 776 
778 779 784 785 787 791 792 794 798 
230
2 4 13 14 15 19 20 22 24 26 27 29 
33 38 40 51 52 58 61 69 78 80 81 82 
85 86 89 90 91 96 99 100 101 103 106 110 
111 112 120 123 131 134 136 140 141 150 151 155 
164 166 167 170 171 173 177 187 189 193 195 196 
208 211 216 217 219 223 230 232 234 235 239 244 
254 257 260 264 269 271 276 280 285 287 296 299 
300 302 306 310 313 319 321 329 332 335 338 341 
342 343 348 354 361 362 363 369 370 372 374 376 
380 381 390 395 399 400 401 402 409 411 414 415 
419 420 425 428 429 439 447 448 453 454 455 458 
459 463 465 471 474 475 479 480 491 495 497 498 
513 518 526 527 528 529 531 534 535 537 538 539 
542 543 546 558 561 566 567 568 574 575 579 581 
591 597 598 599 601 607 608 613 614 625 632 638 
639 643 645 649 653 657 659 662 664 665 667 671 
676 678 681 684 687 695 698 704 707 708 713 722 
723 728 730 732 734 735 737 742 750 752 753 754 
758 761 763 765 767 769 770 772 773 775 782 787 
792 795 
253
5 7 12 13 14 17 19 22 23 24 25 26 
29 34 37 38 39 42 44 48 51 59 64 67 
68 70 75 76 77 80 82 83 86 88 90 91 
92 94 95 98 105 106 107 112 117 121 125 134 
137 145 147 149 151 152 157 162 169 170 171 174 
181 184 192 194 197 200 205 206 209 210 211 213 
217 220 229 230 232 235 237 243 245 246 247 254 
255 257 264 266 268 269 272 273 274 275 277 278 
279 286 291 293 299 301 302 309 312 313 314 317 
322 324 325 334 340 341 343 345 346 361 367 370 
374 375 378 381 382 384 386 388 389 391 394 395 
396 397 400 401 411 412 417 423 425 427 434 440 
443 449 450 451 453 455 457 459 460 461 465 466 
471 472 477 478 482 487 489 491 492 494 497 500 
502 510 514 515 518 524 526 530 539 542 547 548 
550 551 557 559 561 563 572 573 577 578 585 590 
592 593 595 598 599 601 615 618 619 621 622 623 
626 628 634 636 637 639 646 647 651 652 654 657 
660 670 681 682 691 693 697 702 703 707 708 711 
714 720 721 724 727 728 730 733 734 740 742 745 
747 753 754 758 759 761 772 778 786 787 789 796 
798 
229
2 4 5 7 8 22 30 32 34 35 36 42 
47 54 56 60 62 63 68 69 72 76 77 80 
84 85 89 91 92 94 96 100 102 110 114 117 
118 119 124 127 128 129 133 136 144 153 155 159 
165 176 177 180 184 190 195 197 207 211 212 213 
222 228 230 231 233 234 236 238 245 247 249 250 
255 258 259 265 267 268 276 278 281 282 288 291 
300 308 315 316 320 321 326 329 341 342 346 348 
350 351 354 355 356 374 377 378 381 382 388 392 
405 406 415 420 423 427 433 436 439 440 441 450 
455 457 463 464 466 469 471 473 476 477 478 479 
487 488 492 496 503 505 507 508 513 515 516 525 
527 537 538 539 551 555 560 565 571 573 574 581 
583 586 587 595 597 598 599 602 604 605 611 614 
615 620 621 622 624 629 630 631 632 633 635 636 
637 640 641 642 646 648 650 652 653 655 664 668 
677 678 683 689 690 691 696 697 698 703 711 712 
715 717 723 726 727 733 736 750 752 753 755 756 
761 762 763 769 773 776 777 781 786 787 793 796 
800 
218
1 3 4 11 12 20 21 27 40 44 59 60 
61 66 73 80 81 82 86 89 93 95 99 104 
106 107 111 113 117 118 121 123 127 130 131 132 
138 142 145 146 147 148 149 151 153 154 158 169 
170 173 176 180 193 196 201 203 205 213 214 219 
220 225 227 230 232 233 234 235 247 252 256 258 
259 261 264 267 270 272 274 276 280 282 286 289 
291 296 298 299 301 302 317 318 322 323 327 330 
335 337 338 340 345 355 360 363 364 367 374 376 
378 382 388 395 399 400 406 411 423 425 426 428 
431 440 445 448 460 463 464 470 473 475 476 477 
480 481 483 485 492 496 497 504 508 514 516 518 
522 524 526 529 530 538 543 545 550 562 564 567 
569 570 577 578 579 584 592 593 595 599 603 605 
607 612 618 621 622 625 627 629 630 631 633 643 
652 654 656 660 661 663 666 671 680 683 691 702 
703 706 709 711 712 713 716 717 725 728 735 736 
738 746 751 757 764 769 771 774 782 789 792 796 
798 800 
221
10 12 22 31 37 41 42 45 46 47 48 50 
51 52 57 60 69 70 75 82 84 85 88 91 
94 101 103 106 110 111 113 116 118 120 123 129 
134 135 140 148 149 152 153 156 157 158 161 163 
164 167 172 174 186 189 191 196 199 205 206 208 
209 214 215 243 248 249 255 258 261 262 266 267 
269 270 271 272 275 278 279 282 286 287 289 290 
296 297 300 301 313 314 316 317 322 323 325 335 
336 337 343 345 347 353 362 363 367 368 373 378 
380 382 385 395 396 413 420 421 425 428 434 437 
440 441 442 448 456 458 460 462 463 473 475 482 
483 484 490 495 503 504 507 516 521 526 536 537 
545 551 553 555 557 560 568 575 578 581 589 593 
603 605 608 612 617 618 622 623 629 630 632 634 
635 636 641 644 645 648 652 660 665 666 668 672 
673 677 680 682 685 688 689 699 701 703 705 707 
708 712 713 718 727 728 730 732 734 748 750 755 
756 768 771 775 778 779 783 784 785 788 789 792 
793 794 795 798 799 
249
4 7 9 11 15 16 18 19 30 34 43 54 
58 60 61 62 66 70 73 74 80 86 89 91 
92 96 102 106 109 110 112 113 115 119 120 121 
126 128 132 135 136 137 140 145 153 155 159 160 
168 171 172 173 174 178 179 182 183 184 187 188 
189 194 200 203 205 211 212 218 224 229 230 233 
243 246 248 257 260 261 270 273 277 280 283 284 
288 294 297 299 308 315 321 325 331 332 333 334 
335 339 341 342 343 345 350 354 359 360 361 365 
366 367 370 373 376 378 385 390 393 394 402 414 
418 419 423 425 427 428 430 431 438 439 441 444 
445 448 455 463 465 468 469 470 471 477 479 482 
484 485 487 497 503 504 506 510 512 514 516 522 
524 526 527 528 530 531 533 537 538 547 548 549 
550 554 555 557 558 559 560 564 566 569 573 574 
578 581 587 589 596 597 600 602 603 605 608 609 
611 615 617 619 620 630 633 634 641 651 654 659 
664 667 669 675 677 682 686 687 691 699 705 706 
709 712 714 721 725 732 737 738 739 740 742 743 
746 747 748 749 752 758 759 765 767 768 769 771 
772 787 789 790 793 794 795 798 799 
248
2 4 8 12 13 14 15 16 21 25 29 32 
33 34 35 44 46 54 57 58 60 61 64 65 
66 68 69 72 77 81 82 84 85 87 95 98 
99 100 107 113 114 121 123 128 136 140 149 153 
158 160 163 164 165 175 178 187 188 190 191 192 
194 197 203 204 211 216 219 221 223 229 231 232 
235 242 244 245 247 248 251 253 254 256 259 264 
265 270 273 274 277 278 279 281 286 294 299 300 
302 306 308 310 314 316 318 319 326 328 329 330 
334 342 344 345 346 348 349 350 352 362 366 367 
382 386 392 394 400 403 409 410 412 413 414 418 
423 426 427 429 432 435 436 437 441 443 446 451 
452 465 478 482 486 488 490 491 493 494 500 510 
511 514 525 526 533 538 539 541 543 547 549 551 
559 562 565 567 570 575 578 583 585 588 591 592 
596 600 601 604 606 608 611 612 613 614 615 621 
626 627 630 632 633 634 635 638 640 646 649 650 
651 652 662 674 679 680 690 695 705 708 709 714 
718 722 725 726 727 728 729 733 734 735 743 744 
746 749 751 752 753 755 757 761 768 773 774 776 
779 781 784 786 788 789 791 796 
236
1 2 3 4 5 7 9 11 13 15 17 19 
20 22 27 28 32 41 42 43 46 57 62 64 
71 72 79 83 85 86 87 88 91 94 97 100 
105 106 107 109 110 115 120 125 134 135 138 141 
143 144 145 148 151 158 172 174 178 184 185 192 
195 197 198 200 207 209 210 214 220 222 223 230 
233 236 237 239 241 246 248 256 260 261 262 265 
268 269 271 272 274 276 279 280 283 293 294 297 
300 306 311 313 314 315 321 322 323 331 333 334 
335 338 342 343 348 354 358 362 369 372 373 374 
384 386 388 390 399 403 406 410 418 422 442 444 
446 450 453 454 456 460 462 464 466 475 478 487 
488 490 491 492 495 502 504 507 512 513 518 522 
523 524 525 530 531 538 539 541 545 546 553 554 
558 563 566 569 571 575 585 587 588 593 596 602 
604 606 611 614 616 635 640 643 652 656 658 662 
666 671 673 675 679 680 682 689 691 693 696 698 
701 711 712 717 720 721 728 729 732 733 734 735 
739 743 753 760 761 762 763 766 767 769 771 778 
781 782 784 788 791 793 794 799 
232
1 5 8 14 16 18 21 28 31 32 37 38 
45 49 52 53 55 58 66 67 68 72 73 74 
76 79 80 82 83 87 89 91 96 98 105 111 
113 114 123 140 142 150 160 161 166 167 168 171 
174 175 177 180 184 190 207 211 216 217 221 222 
225 226 227 235 242 245 247 260 261 264 270 271 
272 273 280 282 285 297 299 303 310 312 315 320 
321 328 333 335 336 338 348 349 350 357 360 366 
368 369 381 383 389 390 391 394 396 397 400 411 
414 419 423 425 426 430 435 438 439 444 448 451 
454 456 459 460 462 463 468 469 472 473 476 479 
484 485 491 492 497 500 502 503 508 513 519 520 
521 523 525 527 529 531 536 537 538 539 542 550 
560 562 566 574 575 578 581 582 587 589 594 596 
597 602 603 604 605 607 608 611 616 619 621 625 
630 639 640 641 642 645 646 650 651 653 658 660 
661 663 664 665 667 675 679 681 683 687 699 711 
722 729 730 732 738 739 746 748 753 755 756 761 
766 767 770 772 774 775 782 783 787 790 792 794 
796 797 798 800 
245
9 10 12 13 16 23 24 26 27 31 33 34 
36 41 49 52 55 59 64 67 70 71 77 85 
86 88 90 91 93 95 100 101 110 112 116 119 
120 127 129 132 139 142 143 145 153 156 160 163 
164 171 173 178 179 183 185 187 202 205 208 209 
210 214 216 218 224 226 228 231 232 240 243 245 
246 247 248 251 256 260 262 263 266 268 274 279 
287 288 289 295 296 306 308 313 315 318 320 323 
328 332 333 341 343 346 354 355 359 369 370 371 
374 375 379 386 387 392 394 407 414 417 418 422 
426 428 434 442 450 452 453 456 457 459 464 466 
467 470 478 479 480 484 485 486 488 496 499 503 
509 514 518 521 522 528 529 530 531 533 536 539 
540 543 547 548 549 552 553 559 565 566 575 577 
578 580 582 584 585 592 593 594 595 599 601 602 
605 608 612 613 614 618 619 622 626 629 633 636 
638 640 641 647 650 652 654 661 665 668 670 674 
677 680 683 684 685 686 692 696 700 702 703 704 
708 713 714 720 724 725 727 728 733 735 739 740 
742 748 749 751 752 754 757 759 760 763 767 769 
781 784 791 793 800 
242
3 4 9 22 24 27 28 32 35 37 40 42 
47 49 53 60 62 71 73 75 82 88 89 97 
103 104 107 108 109 110 113 115 116 119 122 127 
132 135 137 138 144 146 147 149 151 153 157 164 
167 170 174 177 179 184 186 188 197 198 199 203 
207 208 211 214 217 219 224 225 232 236 248 250 
254 256 259 265 266 267 271 273 275 280 283 284 
287 289 290 294 304 306 309 319 323 325 326 327 
331 336 338 345 354 357 365 366 369 374 378 382 
383 384 387 390 395 396 399 404 406 409 413 419 
420 421 424 441 442 443 448 453 456 459 462 464 
466 467 468 470 475 476 478 480 487 491 495 501 
504 506 508 509 514 515 532 538 539 540 546 553 
555 556 558 560 561 567 570 576 578 581 583 586 
589 590 591 594 595 596 597 600 601 603 609 614 
616 618 621 624 627 629 639 647 650 655 656 657 
660 661 662 664 666 668 670 674 676 677 678 690 
697 703 706 708 709 710 711 712 716 718 722 723 
726 727 730 732 733 735 736 739 740 741 744 745 
747 751 752 756 760 762 766 767 775 778 790 792 
796 798 
229
3 7 15 23 24 27 28 34 36 37 38 39 
42 44 46 47 48 52 57 60 64 66 70 71 
73 81 100 105 107 111 116 122 129 130 134 135 
136 138 140 147 148 157 160 161 162 165 168 173 
174 176 181 185 186 188 189 190 195 197 204 212 
213 214 220 221 226 227 232 238 242 243 244 247 
255 265 273 277 279 281 283 286 288 294 296 297 
300 307 310 319 320 325 327 328 332 334 336 349 
351 352 353 354 359 360 363 372 375 378 379 386 
389 394 397 403 404 407 413 419 428 429 432 433 
437 440 443 448 449 459 463 467 468 469 472 474 
476 477 491 499 501 502 505 507 509 511 513 514 
519 534 536 537 539 541 543 546 550 553 559 560 
567 580 581 588 590 593 600 602 604 605 606 610 
613 615 617 621 622 623 625 626 627 628 629 632 
646 649 652 653 656 664 665 667 670 671 675 678 
686 697 700 701 703 709 715 718 720 722 726 736 
738 739 741 743 748 749 750 757 758 759 760 769 
772 773 775 776 781 784 785 791 793 795 797 798 
799 
227
2 7 20 22 39 40 42 47 52 54 56 60 
63 66 68 71 73 74 76 79 84 86 88 91 
93 94 97 99 100 102 105 108 109 115 116 119 
120 121 125 129 131 133 134 135 139 141 142 143 
147 152 153 154 158 159 161 163 165 169 176 187 
201 202 208 223 224 226 227 229 233 243 250 256 
265 269 270 277 279 284 289 297 299 300 301 304 
306 312 313 314 321 322 324 327 329 330 333 335 
337 338 347 352 356 357 360 367 372 379 380 382 
386 393 395 397 399 400 406 407 409 410 412 413 
419 421 424 425 426 431 434 437 440 442 443 445 
448 450 451 452 463 464 467 480 482 485 486 487 
488 489 499 509 510 513 514 518 519 526 530 531 
533 534 537 541 542 543 547 552 555 557 562 565 
566 577 580 584 589 590 591 593 595 598 601 609 
611 615 618 621 622 627 632 635 636 639 641 649 
650 659 666 672 677 685 686 687 688 689 690 692 
699 705 707 713 720 721 725 728 729 730 732 741 
743 747 748 750 753 763 775 776 788 791 794 
237
2 6 10 11 14 18 25 28 30 33 36 40 
42 48 58 61 62 65 80 96 102 105 107 109 
118 120 125 127 134 135 137 142 143 146 147 148 
154 158 169 170 172 177 180 185 187 195 196 203 
204 206 209 212 213 217 218 228 233 239 242 244 
247 249 256 258 259 262 264 265 271 274 275 281 
283 284 286 288 290 293 294 297 300 305 307 308 
312 314 319 321 324 325 336 337 340 341 343 344 
349 351 359 360 362 367 370 375 379 380 385 387 
393 395 397 399 403 407 411 412 413 417 419 420 
423 427 430 431 435 444 450 452 456 458 464 466 
469 473 475 482 484 491 494 500 501 504 506 512 
513 519 521 524 525 526 527 528 529 532 534 535 
538 542 545 548 549 554 556 559 561 567 569 570 
572 582 589 593 594 596 597 603 605 607 610 611 
612 614 618 627 628 638 639 642 644 648 660 662 
666 668 673 674 677 678 681 683 688 690 694 695 
697 698 699 708 711 712 719 722 725 727 728 729 
733 741 744 754 756 758 761 764 766 767 769 771 
779 783 785 786 787 792 794 797 798 
249
2 5 11 12 14 24 28 33 42 50 56 57 
58 70 72 73 77 78 82 86 89 90 94 96 
97 105 110 111 113 115 116 117 125 133 134 136 
139 141 143 144 150 157 158 163 167 169 170 171 
174 175 176 179 181 187 188 194 195 197 198 199 
201 208 209 212 215 218 219 221 223 224 225 226 
227 234 236 241 244 247 255 259 260 262 265 267 
272 273 277 278 279 280 282 292 299 300 306 307 
309 310 315 318 319 321 322 327 328 331 332 334 
337 355 361 364 366 367 375 377 380 388 392 395 
396 397 400 405 410 412 413 418 420 421 426 427 
428 434 436 437 439 441 444 452 454 456 457 459 
461 462 467 471 472 476 481 485 491 492 496 497 
499 500 519 520 524 530 540 541 542 548 552 553 
558 567 577 579 583 587 596 598 599 600 602 605 
608 615 616 617 618 623 625 630 633 637 638 643 
645 647 650 653 654 655 659 661 665 666 669 674 
675 677 678 680 690 692 693 697 699 706 708 710 
712 713 714 715 718 722 727 728 731 734 737 741 
744 746 749 752 759 761 762 763 767 769 770 774 
776 777 788 790 791 793 796 797 798 
229
2 5 22 32 34 35 36 37 42 49 51 54 
55 56 57 63 69 73 74 80 82 84 92 95 
96 103 107 108 113 118 120 122 125 126 129 133 
138 140 151 160 166 168 169 170 172 175 177 179 
181 185 187 188 189 195 197 199 202 211 212 216 
217 218 220 224 226 232 235 239 240 244 245 246 
249 250 254 257 259 260 263 271 273 276 279 282 
286 287 294 295 298 305 310 316 317 322 325 334 
335 338 339 342 343 349 352 363 366 369 374 375 
376 380 386 393 395 399 413 414 422 427 436 438 
442 446 447 450 452 453 459 460 467 468 471 473 
474 475 479 481 484 486 488 491 492 493 496 497 
498 499 500 506 507 511 514 516 518 522 523 525 
530 531 535 540 542 546 547 549 551 560 566 567 
569 571 573 575 578 586 587 591 596 598 600 607 
613 617 619 621 628 634 637 639 646 654 661 662 
665 679 680 682 683 685 686 690 699 702 706 710 
714 720 721 725 728 729 734 735 740 743 746 757 
760 766 767 770 772 774 778 786 787 788 790 792 
796 
249
5 7 8 10 14 17 20 23 28 29 30 35 
38 40 49 50 51 64 67 68 76 78 80 85 
98 99 102 104 111 115 119 122 123 125 127 134 
136 139 141 144 152 157 164 166 171 174 178 184 
186 189 193 199 204 205 207 208 210 214 215 218 
220 226 230 239 243 245 249 253 257 258 263 265 
266 268 269 270 272 273 275 278 285 290 292 298 
302 303 305 310 312 314 315 316 319 321 322 324 
341 345 346 347 352 354 355 358 360 372 373 377 
380 394 399 401 403 406 407 408 409 413 418 421 
424 425 427 429 430 433 438 440 441 442 449 457 
460 462 463 466 472 476 477 478 480 484 488 491 
495 498 501 502 508 510 513 518 519 520 533 535 
536 539 544 547 550 551 555 557 565 568 569 570 
571 572 573 575 582 584 585 588 591 596 598 601 
605 609 610 614 615 621 622 623 626 629 633 635 
636 638 641 646 648 649 652 654 655 656 661 662 
673 678 679 686 689 694 696 700 702 704 708 711 
714 716 718 719 722 723 726 728 729 731 739 740 
741 744 746 749 750 751 754 758 760 761 762 763 
768 777 778 782 785 786 795 796 799 
223
1 2 9 11 12 21 23 25 33 34 35 39 
47 48 52 57 58 62 67 72 74 75 76 83 
84 88 91 97 102 103 110 112 115 118 127 128 
137 139 142 144 146 156 160 167 171 173 175 179 
180 185 186 192 201 204 206 208 210 212 218 221 
226 230 231 234 242 246 249 251 255 266 268 270 
273 274 275 283 286 288 291 294 303 305 308 310 
311 314 318 333 336 337 339 346 347 352 355 356 
358 362 368 369 372 373 376 378 380 383 386 390 
392 400 403 419 420 428 431 434 443 445 452 457 
458 464 465 469 473 474 475 477 481 488 498 502 
503 506 520 521 524 528 531 535 538 542 544 546 
549 551 555 556 561 566 572 573 577 579 580 581 
582 584 586 587 588 589 596 598 603 609 610 614 
619 629 631 636 637 639 641 642 643 648 650 651 
655 659 663 664 665 669 670 680 684 688 689 695 
696 701 703 704 710 711 722 723 725 726 728 730 
732 734 735 736 737 742 749 754 757 758 763 773 
775 780 784 785 791 796 797 
235
3 6 7 35 36 38 39 48 49 50 52 54 
55 56 60 62 71 73 79 82 86 88 91 101 
109 110 120 134 135 136 137 140 144 148 149 153 
154 155 156 161 163 164 174 175 177 179 180 183 
184 185 188 191 192 196 198 201 205 209 214 217 
219 221 222 227 232 236 240 241 249 252 257 260 
261 262 263 265 267 272 279 282 285 293 295 296 
304 310 311 320 326 330 333 340 341 347 353 355 
356 357 358 364 367 372 373 374 376 377 381 382 
383 384 386 389 390 392 404 411 414 416 418 420 
423 428 436 438 441 442 447 450 456 461 463 465 
466 467 469 471 480 482 493 494 506 511 514 515 
518 519 521 525 527 530 534 536 551 552 557 562 
565 572 573 574 576 580 584 585 588 592 593 594 
596 599 606 607 611 615 618 619 620 624 626 627 
628 632 635 636 637 642 643 644 647 650 663 669 
671 674 677 689 696 700 703 707 710 711 712 715 
718 719 720 726 736 739 742 744 745 748 749 752 
754 756 759 763 767 769 774 775 776 781 782 783 
784 785 787 788 794 798 799 
218
1 3 4 8 13 14 15 17 19 20 21 33 
37 38 43 46 47 48 50 51 54 55 59 67 
69 70 76 80 90 92 99 100 101 113 119 122 
127 129 135 137 142 143 144 151 154 155 158 160 
161 163 166 173 179 183 194 197 199 206 207 214 
215 220 222 223 228 233 236 238 239 255 259 260 
266 267 272 275 278 279 281 283 286 288 289 290 
296 303 304 307 308 310 311 317 322 324 326 327 
328 332 333 339 340 341 343 354 361 365 376 381 
382 386 392 394 396 405 408 412 434 440 441 443 
445 453 454 460 461 464 467 468 472 481 482 488 
490 497 500 501 502 505 506 511 512 513 515 518 
522 523 526 528 534 540 549 551 553 560 561 564 
567 571 572 577 578 587 601 602 603 605 607 608 
610 620 623 628 631 632 641 647 649 652 654 657 
670 671 675 680 681 685 693 702 704 710 712 713 
715 718 721 722 724 727 731 735 736 737 740 745 
756 758 761 770 772 775 776 781 786 789 792 795 
797 799 
227
1 3 12 16 17 21 24 25 31 35 38 41 
44 45 49 54 57 59 64 65 78 79 91 94 
97 104 106 107 108 112 113 114 117 121 126 127 
131 135 137 139 147 148 152 153 157 164 166 168 
173 180 183 185 188 189 192 193 195 204 210 214 
216 219 221 222 228 231 233 246 250 252 253 256 
257 259 260 263 268 272 273 274 276 279 283 288 
289 292 296 301 303 309 314 316 319 322 325 335 
337 340 342 346 348 352 361 363 364 369 372 373 
376 379 383 384 390 392 394 398 409 410 413 415 
420 424 425 430 446 450 451 456 457 460 461 465 
473 474 475 483 488 491 500 501 502 504 505 507 
510 511 513 515 516 517 522 526 527 529 533 535 
540 541 544 546 547 551 555 557 558 560 563 566 
571 572 577 589 592 595 600 601 605 606 609 611 
613 622 628 637 638 639 640 641 642 644 648 650 
654 655 659 661 672 673 677 680 684 691 695 696 
704 708 709 714 723 726 727 728 732 743 746 756 
765 767 770 774 777 782 784 786 787 788 791 
263
10 15 16 17 22 26 32 39 42 48 50 55 
56 59 61 62 63 67 68 69 75 78 80 82 
91 92 93 95 96 97 98 101 102 106 112 117 
118 127 133 135 140 144 145 151 152 156 159 160 
168 169 173 179 184 185 188 189 201 202 209 215 
216 217 220 222 224 225 226 227 228 230 249 251 
255 256 257 261 263 265 266 267 276 277 278 289 
295 301 305 307 308 310 312 314 315 318 319 321 
322 333 341 346 347 348 351 355 356 361 362 367 
369 374 376 379 384 386 389 394 395 397 401 405 
409 410 411 412 413 416 419 420 423 424 425 427 
430 431 438 441 442 443 455 465 472 473 476 481 
483 490 491 493 495 496 497 498 500 501 502 506 
511 513 516 517 520 522 525 528 530 538 540 548 
549 555 561 562 567 569 570 575 576 580 581 582 
583 584 585 587 591 592 596 598 599 601 602 605 
608 609 610 615 616 625 626 630 633 635 641 642 
646 651 652 655 656 657 658 663 665 669 670 675 
678 680 684 686 688 689 690 692 694 696 698 699 
701 706 711 716 718 721 722 723 733 741 748 750 
751 755 756 757 758 759 761 764 766 768 772 773 
776 778 781 782 784 785 788 789 792 794 799 
231
2 4 6 8 9 13 19 24 27 29 30 33 
40 42 45 46 47 48 51 52 55 58 62 63 
85 87 92 94 98 101 102 103 104 108 109 113 
116 119 124 127 128 132 135 141 142 143 145 148 
156 157 175 177 180 187 194 195 208 216 219 221 
224 230 232 235 238 240 246 247 249 251 252 254 
262 267 272 274 277 281 286 287 288 289 291 297 
299 301 304 308 309 314 317 318 321 323 325 326 
328 329 330 335 337 340 341 344 346 348 351 359 
364 365 369 370 377 378 379 380 381 387 391 392 
393 397 399 403 407 410 411 414 415 419 420 421 
425 427 432 438 439 441 443 449 452 456 459 464 
475 478 479 480 493 500 502 506 510 519 525 530 
541 545 547 548 549 553 555 558 560 562 564 565 
567 568 569 576 578 583 586 587 593 602 609 612 
613 618 620 623 631 632 641 642 646 648 650 651 
653 655 656 657 659 661 664 665 670 673 678 680 
683 688 691 707 709 713 717 721 724 731 733 740 
746 750 753 754 758 759 760 766 775 784 788 791 
794 796 797 
228
8 12 13 16 17 19 28 30 31 33 34 40 
42 46 49 62 71 73 77 79 84 92 94 97 
100 105 107 116 119 122 123 124 125 133 135 136 
137 139 141 146 148 149 155 156 158 160 162 166 
167 172 175 178 180 183 184 188 189 194 195 198 
199 201 202 204 211 220 224 227 230 232 233 236 
239 244 246 255 259 261 267 273 274 275 278 281 
282 284 285 286 288 291 297 298 307 313 316 321 
330 331 332 334 335 338 340 344 345 348 357 359 
366 369 377 378 379 384 388 404 407 409 416 417 
418 422 423 424 428 430 434 441 443 445 453 458 
461 474 475 476 479 481 484 489 491 493 506 507 
514 517 519 522 527 531 532 536 538 541 542 544 
548 550 551 552 560 566 570 574 576 583 585 586 
587 594 595 599 601 603 604 607 611 612 623 624 
626 629 634 636 638 641 644 647 648 650 653 654 
657 661 664 665 667 669 670 672 673 676 677 686 
689 694 698 703 705 713 733 738 758 761 762 764 
768 770 771 772 774 779 784 785 787 790 795 797 
233
1 3 13 14 16 24 27 28 30 32 35 57 
68 70 77 80 83 87 88 89 90 93 96 97 
100 102 105 108 116 120 125 126 130 137 138 139 
143 146 148 150 155 159 160 161 168 170 175 178 
179 187 188 191 196 199 200 206 210 211 220 225 
229 231 238 240 241 245 246 253 254 258 260 262 
266 269 271 272 273 275 283 285 289 292 301 303 
304 305 306 308 313 316 318 321 323 324 326 330 
335 336 342 345 346 347 349 350 353 356 357 359 
364 365 368 369 371 378 381 382 384 390 394 396 
397 400 402 406 407 409 410 412 413 416 422 427 
432 436 440 443 445 446 447 459 461 467 468 473 
474 481 482 484 485 487 489 490 494 495 497 502 
503 507 510 514 515 516 518 527 531 532 537 541 
550 552 553 554 556 557 578 583 585 586 595 598 
599 600 603 610 611 615 616 617 619 622 627 629 
633 638 647 648 649 656 668 676 679 681 686 691 
692 697 699 707 712 714 715 716 726 728 730 731 
736 738 740 743 750 752 754 755 762 763 765 769 
771 778 782 794 795 
264
6 8 10 13 14 20 22 24 27 30 32 34 
38 42 46 52 53 55 56 57 59 61 63 64 
72 77 79 81 82 85 87 88 90 91 92 94 
98 99 100 103 118 119 122 123 124 125 126 130 
131 132 135 138 140 142 144 145 146 152 153 155 
157 160 164 165 170 181 183 185 189 199 202 204 
207 208 210 212 215 218 219 220 223 228 232 234 
237 240 245 249 254 256 257 258 261 272 274 277 
279 280 281 282 283 287 288 289 290 292 294 295 
297 299 300 305 306 307 313 315 317 323 324 326 
327 329 333 334 341 343 344 348 350 351 352 360 
364 366 367 368 371 372 377 384 387 390 395 397 
398 403 410 413 415 416 418 419 425 428 430 432 
435 436 437 439 442 443 447 448 457 463 464 465 
469 471 472 473 474 480 485 488 494 496 501 503 
506 507 509 517 518 522 534 535 537 540 547 557 
559 561 566 570 576 578 580 581 582 583 585 588 
591 593 597 598 608 612 613 614 616 621 627 629 
631 634 636 637 645 647 648 649 652 655 668 672 
673 675 676 679 684 686 697 706 709 712 713 717 
721 722 725 729 732 733 735 736 737 740 744 746 
747 750 759 760 763 767 772 773 784 789 790 800 
