200 800
1 1 1 1 1 1 1 1 1 1 1 1 
1 1 1 1 1 1 1 1 1 1 1 1 
1 1 1 1 1 1 1 1 1 1 1 1 
1 1 1 1 1 1 1 1 1 1 1 1 
1 1 1 1 1 1 1 1 1 1 1 1 
1 1 1 1 1 1 1 1 1 1 1 1 
1 1 1 1 1 1 1 1 1 1 1 1 
1 1 1 1 1 1 1 1 1 1 1 1 
1 1 1 1 1 1 1 1 1 1 1 1 
1 1 1 1 1 1 1 1 1 1 1 1 
1 1 1 1 1 1 1 1 1 1 1 1 
1 1 1 1 1 1 1 1 1 1 1 1 
1 1 1 1 1 1 1 1 1 1 1 1 
1 1 1 1 1 1 1 1 1 1 1 1 
1 1 1 1 1 1 1 1 1 1 1 1 
1 1 1 1 1 1 1 1 1 1 1 1 
1 1 1 1 1 1 1 1 1 1 1 1 
1 1 1 1 1 1 1 1 1 1 1 1 
1 1 1 1 1 1 1 1 1 1 1 1 
1 1 1 1 1 1 1 1 1 1 1 1 
1 1 1 1 1 1 1 1 1 1 1 1 
1 1 1 1 1 1 1 1 1 1 1 1 
1 1 1 1 1 1 1 1 1 1 1 1 
1 1 1 1 1 1 1 1 1 1 1 1 
1 1 1 1 1 1 1 1 1 1 1 1 
1 1 1 1 1 1 1 1 1 1 1 1 
1 1 1 1 1 1 1 1 1 1 1 1 
1 1 1 1 1 1 1 1 1 1 1 1 
1 1 1 1 1 1 1 1 1 1 1 1 
1 1 1 1 1 1 1 1 1 1 1 1 
1 1 1 1 1 1 1 1 1 1 1 1 
1 1 1 1 1 1 1 1 1 1 1 1 
1 1 1 1 1 1 1 1 1 1 1 1 
1 1 1 1 1 1 1 1 1 1 1 1 
1 1 1 1 1 1 1 1 1 1 1 1 
1 1 1 1 1 1 1 1 1 1 1 1 
1 1 1 1 1 1 1 1 1 1 1 1 
1 1 1 1 1 1 1 1 1 1 1 1 
1 1 1 1 1 1 1 1 1 1 1 1 
1 1 1 1 1 1 1 1 1 1 1 1 
1 1 1 1 1 1 1 1 1 1 1 1 
1 1 1 1 1 1 1 1 1 1 1 1 
1 1 1 1 1 1 1 1 1 1 1 1 
1 1 1 1 1 1 1 1 1 1 1 1 
1 1 1 1 1 1 1 1 1 1 1 1 
1 1 1 1 1 1 1 1 1 1 1 1 
1 1 1 1 1 1 1 1 1 1 1 1 
1 1 1 1 1 1 1 1 1 1 1 1 
1 1 1 1 1 1 1 1 1 1 1 1 
1 1 1 1 1 1 1 1 1 1 1 1 
1 1 1 1 1 1 1 1 1 1 1 1 
1 1 1 1 1 1 1 1 1 1 1 1 
1 1 1 1 1 1 1 1 1 1 1 1 
1 1 1 1 1 1 1 1 1 1 1 1 
1 1 1 1 1 1 1 1 1 1 1 1 
1 1 1 1 1 1 1 1 1 1 1 1 
1 1 1 1 1 1 1 1 1 1 1 1 
1 1 1 1 1 1 1 1 1 1 1 1 
1 1 1 1 1 1 1 1 1 1 1 1 
1 1 1 1 1 1 1 1 1 1 1 1 
1 1 1 1 1 1 1 1 1 1 1 1 
1 1 1 1 1 1 1 1 1 1 1 1 
1 1 1 1 1 1 1 1 1 1 1 1 
1 1 1 1 1 1 1 1 1 1 1 1 
1 1 1 1 1 1 1 1 1 1 1 1 
1 1 1 1 1 1 1 1 1 1 1 1 
1 1 1 1 1 1 1 1 
387
1 2 7 10 12 13 15 17 18 19 22 26 
29 30 32 35 37 40 44 46 47 48 49 51 
53 55 57 58 62 63 71 72 74 77 78 80 
81 84 85 95 96 98 100 101 102 103 109 111 
112 118 119 122 125 129 130 133 134 135 136 137 
141 142 143 146 148 151 153 154 159 163 164 165 
169 171 172 173 174 176 178 179 181 187 189 190 
191 192 193 195 197 200 203 206 209 210 211 212 
213 214 215 216 218 221 222 225 226 229 232 233 
234 236 238 241 245 247 249 250 252 256 258 260 
264 265 268 269 270 272 273 274 275 276 277 278 
279 280 282 286 288 291 292 295 296 304 305 306 
312 313 314 318 319 320 323 324 326 328 333 335 
336 337 339 340 341 343 345 347 349 351 352 354 
356 357 358 361 362 366 368 369 372 375 377 379 
380 381 389 391 392 394 396 397 399 400 401 402 
403 404 405 406 409 410 411 412 413 414 415 416 
417 419 420 422 424 426 429 432 433 434 435 436 
437 439 444 447 448 449 451 453 454 456 457 460 
461 463 467 468 475 476 478 483 485 487 489 490 
491 494 496 497 498 502 503 504 506 508 509 511 
512 515 516 518 520 521 523 527 530 531 533 535 
542 543 544 547 548 549 550 552 553 554 557 559 
563 564 565 568 571 572 573 576 577 581 583 584 
586 587 590 591 594 595 597 598 600 602 607 611 
613 614 615 616 621 622 628 631 633 634 636 637 
639 640 642 644 645 646 647 651 652 653 654 657 
658 660 663 664 665 666 670 677 679 682 686 687 
691 694 695 696 699 700 702 704 705 707 710 715 
716 720 721 722 723 725 726 727 728 729 730 732 
736 738 739 742 744 747 749 750 751 752 757 758 
759 760 764 765 766 767 768 772 777 781 782 788 
793 797 799 
384
1 2 4 7 11 14 15 17 24 25 26 33 
35 38 39 41 42 45 54 56 58 63 66 69 
70 71 72 73 75 78 79 80 81 82 86 89 
94 96 99 100 103 108 110 111 114 115 117 118 
119 120 121 122 123 127 129 130 132 133 136 139 
140 142 143 145 146 150 151 153 154 155 159 163 
165 166 170 172 173 174 175 176 181 182 183 185 
186 188 190 192 193 194 196 198 199 200 201 204 
206 208 211 212 213 214 216 217 224 226 227 228 
229 232 236 237 239 240 241 242 243 244 246 249 
251 252 253 255 256 257 258 259 260 261 262 263 
267 268 269 273 281 282 283 284 287 291 293 295 
297 299 301 302 306 308 312 315 316 318 323 328 
330 332 336 339 340 341 346 347 349 350 352 355 
356 359 363 364 365 366 368 370 372 373 377 378 
379 383 384 385 386 387 389 390 392 394 395 398 
401 406 415 416 417 418 419 420 423 424 427 431 
432 436 437 438 441 442 443 445 446 448 449 450 
452 459 460 461 463 464 465 469 471 473 476 477 
478 479 482 483 486 487 488 489 491 493 498 499 
506 509 511 512 515 517 519 520 521 522 523 525 
529 532 533 534 535 537 538 540 544 545 547 548 
549 550 551 555 556 559 560 561 562 565 567 568 
573 576 577 578 579 580 581 582 583 584 585 588 
590 591 592 598 601 602 603 604 606 608 610 611 
613 615 618 620 623 624 626 627 629 631 633 634 
636 637 640 641 642 644 646 653 656 663 664 666 
668 673 674 677 678 683 689 690 692 693 694 697 
703 704 705 706 709 711 712 713 716 718 728 730 
731 732 733 735 736 737 739 740 741 747 748 749 
750 755 757 758 759 762 763 767 768 769 770 772 
776 779 780 782 783 784 786 789 795 796 797 799 
413
8 11 12 13 16 18 19 20 21 25 26 29 
30 31 33 37 38 42 43 44 45 48 49 50 
51 52 54 56 58 60 61 65 66 67 68 70 
73 74 79 80 83 86 87 88 89 90 92 93 
95 96 97 102 103 104 107 109 110 111 112 113 
118 119 121 124 125 128 131 132 136 138 139 140 
143 146 148 152 154 155 156 157 158 162 164 166 
168 169 170 172 173 178 180 181 183 187 188 189 
190 193 194 195 197 201 205 211 212 213 214 215 
216 217 218 220 221 223 225 227 228 229 230 231 
234 237 240 241 243 247 249 250 253 255 256 259 
261 262 263 264 265 267 270 271 273 276 280 281 
283 284 285 286 290 292 295 297 298 299 300 302 
303 304 306 308 310 311 313 314 318 319 322 326 
329 331 337 340 342 343 344 345 346 347 349 350 
351 352 355 356 358 359 362 364 365 367 371 379 
380 381 384 385 387 389 390 394 395 396 398 404 
406 407 408 410 411 412 415 418 419 420 421 422 
424 425 427 428 429 430 432 434 435 438 439 440 
442 443 444 446 448 451 452 453 456 461 462 466 
470 471 472 473 478 479 480 481 482 483 486 490 
491 495 497 498 499 501 503 505 506 507 508 513 
514 517 518 520 521 522 524 526 529 530 532 535 
537 538 539 541 542 543 544 546 548 550 554 555 
556 561 563 564 566 567 569 571 574 576 578 581 
582 584 586 588 589 590 592 596 597 598 600 605 
609 610 612 614 615 617 621 623 624 625 626 628 
629 632 636 637 638 639 640 641 643 645 647 649 
651 652 654 657 659 663 664 665 667 671 672 673 
677 678 682 685 686 687 688 689 692 694 696 698 
699 703 704 705 706 707 710 711 713 714 716 718 
722 725 726 728 729 731 732 733 734 736 738 740 
742 743 747 748 751 756 757 758 760 761 762 763 
764 765 766 769 770 771 772 776 779 783 786 792 
795 796 797 798 799 
414
1 2 3 4 5 6 8 12 15 16 17 18 
20 21 22 24 25 26 28 29 34 37 38 39 
40 42 43 44 45 47 48 49 50 51 53 55 
56 61 63 64 65 66 67 68 69 70 73 75 
80 82 83 86 87 91 93 94 96 97 101 104 
106 107 108 110 113 114 115 120 121 122 123 125 
128 129 134 135 140 141 142 143 144 145 147 151 
153 154 156 157 158 160 165 168 169 170 171 176 
177 185 187 188 189 193 194 195 202 203 207 209 
211 212 213 214 216 217 218 220 222 223 224 225 
227 229 231 235 236 238 239 240 242 245 249 251 
252 253 257 260 265 271 273 275 276 278 279 282 
286 288 289 296 298 299 302 303 304 306 307 309 
318 321 324 325 326 329 330 332 333 334 336 337 
343 347 351 352 353 355 356 358 360 361 363 364 
366 375 376 380 381 385 389 391 392 395 396 398 
400 401 402 403 404 405 406 407 408 409 410 412 
414 415 416 417 419 421 422 425 426 429 431 432 
433 434 435 436 437 439 440 445 446 447 448 450 
453 454 455 456 457 458 459 464 466 467 468 469 
470 471 473 474 475 477 478 479 480 482 484 487 
488 489 491 492 493 495 498 499 503 505 506 507 
510 511 513 514 515 516 517 519 520 522 528 530 
532 534 536 537 540 541 542 545 546 547 548 549 
556 557 560 565 566 568 575 576 578 579 581 583 
587 588 590 593 595 596 598 599 601 604 609 614 
615 618 619 620 621 624 625 627 628 630 631 632 
633 634 635 636 639 641 643 644 647 648 656 657 
658 659 660 661 662 664 666 667 669 671 672 674 
677 680 681 683 684 685 689 690 691 693 694 697 
698 700 701 703 705 707 708 709 710 713 714 715 
716 717 719 723 726 727 732 734 739 740 741 745 
747 748 750 751 752 757 758 759 761 762 764 766 
767 769 771 774 775 776 777 778 781 782 783 785 
787 790 794 795 798 800 
447
2 4 5 6 7 10 11 14 15 16 18 19 
20 24 25 28 29 31 37 40 41 46 47 49 
50 51 54 57 58 60 62 63 64 65 67 68 
70 75 76 78 79 80 81 82 83 84 86 88 
91 93 95 96 97 98 99 101 102 107 108 112 
113 114 118 120 126 129 130 131 132 133 134 135 
136 139 143 145 149 150 154 155 159 163 164 167 
168 170 171 173 175 177 181 182 183 185 187 189 
190 191 192 193 194 196 197 201 203 204 206 208 
209 210 211 215 216 217 219 223 224 225 226 228 
229 230 231 234 235 237 239 240 241 242 243 244 
247 248 250 252 253 258 261 263 264 266 268 272 
273 274 275 277 278 279 280 281 282 283 284 287 
288 289 294 295 296 297 301 302 303 304 305 306 
309 311 312 313 315 318 320 321 324 325 328 329 
331 332 334 335 336 337 338 340 341 343 346 347 
348 349 350 351 352 353 354 355 360 361 362 364 
365 366 367 368 369 370 373 374 376 379 381 382 
385 387 390 392 393 398 400 402 409 413 414 415 
416 417 419 423 425 426 429 430 432 433 439 441 
442 444 446 449 450 451 452 453 454 459 460 468 
471 472 473 474 476 478 482 483 484 485 487 488 
492 493 496 499 501 502 503 504 505 506 509 510 
512 514 515 516 517 519 520 523 524 526 533 534 
536 541 542 543 544 548 549 550 552 553 554 555 
557 558 559 560 561 563 564 566 567 568 569 573 
574 575 577 578 579 581 582 583 584 585 586 587 
588 590 592 594 596 598 601 602 603 604 606 610 
611 612 613 614 616 617 618 621 623 624 625 626 
629 630 632 634 635 636 638 641 643 644 647 650 
652 654 655 656 657 659 660 663 666 670 672 673 
675 676 678 679 683 684 687 689 690 691 694 695 
697 698 699 700 701 702 703 706 708 709 710 711 
712 713 714 715 716 717 719 720 721 722 723 726 
727 729 730 734 736 737 738 743 745 746 747 748 
749 754 757 758 759 760 763 765 767 769 770 771 
772 773 774 778 783 784 786 787 789 790 792 793 
794 798 800 
385
2 3 4 6 8 11 12 14 15 17 18 19 
20 24 27 28 30 32 34 36 37 41 43 47 
48 49 50 51 54 55 57 58 65 66 68 69 
71 73 74 77 80 81 82 83 88 89 91 92 
93 96 98 99 101 102 103 104 106 113 120 123 
131 132 134 135 137 138 139 140 147 148 149 150 
152 154 155 157 160 161 162 163 167 168 171 173 
180 183 184 186 187 195 196 197 199 202 206 207 
209 210 212 215 217 220 231 234 236 238 239 241 
244 246 248 252 253 255 260 261 263 266 268 270 
271 273 274 277 278 279 280 282 284 286 290 291 
293 295 297 298 303 304 305 306 307 308 309 310 
311 312 315 319 322 323 327 331 333 334 336 337 
338 340 341 344 345 346 350 352 353 355 358 359 
360 362 363 365 366 367 370 372 374 377 379 380 
382 384 386 388 390 391 392 393 396 399 401 405 
406 412 415 416 418 419 423 426 428 431 432 434 
435 438 439 440 441 443 444 445 446 449 455 456 
458 459 460 463 467 468 470 471 474 476 478 481 
482 484 486 487 490 491 492 493 494 495 498 499 
501 502 504 506 511 513 514 520 521 525 527 529 
532 534 535 536 537 539 541 546 548 549 550 554 
559 560 561 564 566 571 572 573 574 577 580 581 
584 585 587 590 591 593 594 596 597 598 602 603 
608 609 610 612 613 614 616 617 621 623 625 626 
627 628 630 631 632 634 636 637 638 640 645 646 
648 649 651 652 653 655 657 658 660 662 663 666 
667 674 676 677 678 679 681 682 689 690 693 695 
696 697 698 706 708 709 710 711 712 713 714 715 
720 722 724 728 729 730 736 739 742 744 749 752 
754 755 756 758 760 762 763 764 768 769 771 773 
774 776 778 779 783 792 793 794 795 797 798 799 
800 
417
1 2 3 4 5 7 10 11 13 14 15 16 
17 18 20 22 23 24 25 26 31 33 34 35 
38 39 40 43 44 45 46 47 48 49 53 54 
58 59 64 65 68 69 71 73 74 76 78 79 
81 83 86 88 90 91 92 94 95 96 97 99 
100 103 105 108 110 111 112 114 120 123 126 127 
131 133 134 137 138 140 141 143 144 145 147 148 
149 151 152 155 158 161 162 164 165 167 168 169 
170 173 177 178 179 180 181 183 185 188 189 191 
194 195 196 197 198 199 200 203 204 205 206 207 
208 209 212 214 215 217 219 221 223 226 228 232 
233 236 237 238 241 242 243 249 252 254 256 258 
259 260 261 263 264 265 267 268 269 271 273 274 
275 277 279 283 284 285 286 289 290 291 292 297 
298 299 301 303 304 305 307 308 309 310 311 316 
317 318 321 328 329 330 331 332 341 345 350 355 
357 358 360 361 362 363 365 366 368 371 372 373 
376 377 379 381 384 385 386 389 390 391 394 396 
398 399 401 402 403 404 407 408 409 414 415 416 
418 421 423 425 427 428 432 434 437 438 441 443 
445 447 448 449 450 451 453 454 455 456 457 462 
464 465 466 469 470 474 475 476 477 478 481 484 
485 486 487 490 493 495 497 500 503 504 507 508 
509 510 511 520 523 524 527 531 532 533 535 537 
539 540 542 544 545 546 549 560 562 565 566 567 
568 574 576 578 579 582 583 584 585 587 591 593 
595 596 597 600 603 604 605 609 610 611 613 614 
616 618 619 624 627 629 631 634 635 638 640 642 
643 645 647 649 652 653 656 657 662 663 664 665 
666 670 676 677 679 682 686 687 689 691 692 698 
701 703 704 705 707 708 709 713 714 715 717 718 
721 722 723 726 728 730 731 733 735 736 737 740 
742 743 744 745 746 748 750 752 753 755 756 757 
758 760 761 763 765 769 771 772 773 774 776 778 
779 782 783 784 794 796 797 798 800 
413
5 7 9 10 11 12 15 16 17 21 22 24 
25 26 27 28 29 31 33 39 40 45 46 47 
48 49 51 52 53 58 59 60 61 62 64 65 
66 67 70 71 72 73 75 76 78 79 80 81 
84 85 86 88 89 91 92 93 96 97 98 99 
100 102 103 104 107 108 109 112 113 114 115 117 
118 123 125 126 130 131 133 134 135 136 138 140 
143 144 146 147 150 151 152 153 155 156 159 160 
165 166 167 171 174 175 177 180 182 187 188 189 
191 192 193 194 195 198 199 203 204 205 207 209 
210 212 213 214 217 218 219 221 222 224 225 226 
228 229 231 234 236 239 240 241 242 243 245 248 
249 252 256 257 259 260 262 263 267 269 271 273 
278 279 282 284 287 289 290 291 292 293 294 296 
297 298 303 304 306 308 311 315 316 319 321 323 
326 329 330 332 335 336 338 339 340 343 344 345 
346 350 352 353 354 356 357 361 362 363 365 366 
368 375 376 380 382 385 391 392 393 395 396 399 
401 404 406 407 412 414 415 416 418 419 422 423 
426 427 428 429 432 433 434 435 436 437 440 442 
443 446 451 453 454 455 456 459 462 463 467 468 
469 470 471 472 473 475 481 482 483 484 485 486 
490 493 497 499 500 501 503 504 505 507 508 509 
510 511 515 520 521 525 527 528 530 534 537 540 
543 544 545 546 547 548 553 554 556 557 561 564 
566 569 571 575 576 577 581 582 584 585 586 587 
588 589 591 592 595 596 598 599 600 601 602 604 
605 620 621 626 629 630 632 633 634 636 638 640 
643 644 645 646 647 648 649 650 652 655 657 659 
660 661 664 665 668 669 671 672 675 676 678 680 
681 682 684 685 687 688 689 690 692 695 697 701 
707 708 709 710 711 713 720 722 723 725 729 730 
732 733 734 736 737 738 739 741 744 745 747 752 
753 755 756 760 762 764 771 774 775 781 783 784 
785 788 795 796 798 
406
3 4 7 8 9 10 11 13 14 15 17 22 
23 26 27 28 29 30 35 36 37 38 40 43 
44 46 48 51 52 53 54 58 59 60 62 63 
65 67 68 69 70 72 73 75 76 77 78 81 
83 87 90 93 97 98 99 100 103 108 112 113 
117 119 122 124 125 126 128 129 132 133 137 139 
140 141 143 145 146 147 149 150 155 156 159 160 
161 163 165 166 169 170 176 177 183 184 186 187 
189 190 194 199 200 202 203 205 207 209 210 212 
214 215 218 219 222 225 226 228 229 231 232 234 
235 237 238 243 246 247 250 251 253 254 257 258 
260 261 266 267 268 272 275 277 279 282 284 288 
290 291 294 295 297 298 307 309 312 318 321 322 
323 324 326 329 330 335 338 339 340 341 342 343 
344 345 346 348 350 352 353 354 358 359 365 370 
371 372 374 375 379 380 381 383 384 386 387 389 
394 395 408 410 411 412 416 419 420 421 427 429 
431 432 433 434 435 437 438 440 441 442 446 447 
451 454 455 460 461 462 463 464 465 466 469 470 
471 476 477 481 482 484 485 486 487 488 489 490 
493 496 498 501 502 506 509 510 511 513 514 515 
519 522 527 528 530 531 532 533 534 536 537 538 
539 540 543 545 547 549 550 552 554 557 559 563 
564 565 567 568 569 570 571 572 575 578 579 580 
582 585 586 587 589 592 593 595 597 603 607 608 
609 612 613 614 616 620 623 624 627 628 633 635 
636 639 640 641 642 643 644 646 649 651 653 654 
656 657 660 661 662 663 667 669 675 677 678 681 
684 685 688 689 690 693 694 696 697 699 703 704 
705 706 708 709 711 712 715 717 718 719 720 721 
725 726 727 728 729 731 733 734 735 738 739 743 
744 745 746 747 748 749 750 751 752 755 758 759 
760 761 763 766 769 770 771 772 773 774 775 782 
784 787 789 791 792 794 795 796 799 800 
395
3 4 5 8 10 12 19 20 22 25 26 27 
28 29 32 35 36 37 39 40 42 44 46 50 
52 53 54 55 56 58 60 62 64 66 70 76 
77 79 80 81 93 94 95 96 97 99 103 106 
107 108 109 111 113 114 122 127 128 130 131 133 
137 138 139 140 142 145 146 151 155 156 157 159 
160 162 164 165 166 170 172 173 175 177 183 186 
187 188 193 197 200 201 207 209 210 212 213 214 
215 219 220 223 225 226 227 229 230 235 237 238 
239 241 242 243 244 245 247 249 252 255 256 258 
259 261 262 263 265 267 268 272 274 275 278 280 
281 283 287 290 291 292 294 295 296 298 303 306 
307 310 311 312 314 315 316 318 319 321 325 326 
327 328 330 331 333 335 336 337 339 340 341 342 
344 345 346 349 350 352 353 354 355 356 361 362 
365 366 368 369 370 372 374 375 378 385 386 387 
388 389 390 391 392 394 397 399 401 405 406 407 
411 413 414 417 418 419 423 425 427 428 433 439 
440 441 444 446 449 452 453 454 457 458 459 460 
461 462 471 474 476 478 479 482 484 485 486 487 
489 490 491 492 493 494 495 496 498 500 501 502 
503 504 505 508 509 515 516 520 522 525 526 528 
529 530 532 533 535 536 539 541 543 545 546 547 
548 550 553 554 555 556 560 561 563 566 567 570 
572 573 577 579 580 581 582 584 587 595 596 598 
600 601 603 604 605 609 611 612 615 616 619 624 
625 628 629 630 631 636 637 639 641 642 643 646 
647 650 653 656 657 658 659 660 663 665 668 669 
671 677 681 684 685 687 688 689 691 692 694 697 
699 701 703 704 705 708 714 715 716 720 721 724 
727 728 729 731 736 737 738 739 741 742 744 746 
751 753 757 758 759 761 763 764 765 767 770 771 
772 781 782 783 785 789 790 791 792 796 800 
427
1 6 8 9 10 13 15 16 18 19 20 22 
24 26 28 29 30 31 32 43 45 46 47 48 
50 52 53 54 55 57 58 59 63 65 72 74 
75 77 78 80 82 83 87 92 97 100 102 103 
104 105 106 108 111 112 116 118 120 122 123 125 
126 127 129 130 132 135 136 138 140 142 143 144 
146 149 150 151 152 153 154 156 160 161 163 165 
167 169 170 172 175 178 179 180 183 184 185 190 
192 193 195 199 200 203 204 205 207 209 210 211 
212 213 214 218 223 226 227 228 230 231 232 234 
235 236 238 241 242 245 247 248 252 253 256 258 
259 262 263 264 267 270 273 276 277 278 279 280 
285 286 288 291 294 295 296 297 298 299 305 306 
308 310 311 312 314 315 316 317 318 321 322 324 
325 326 327 329 330 332 333 334 335 336 337 340 
341 342 344 346 347 348 349 351 354 357 359 360 
362 363 367 369 371 372 373 374 377 379 382 383 
386 387 389 390 391 393 399 401 404 405 406 407 
408 412 413 415 416 418 420 421 422 424 426 427 
428 429 432 433 435 436 437 439 442 444 446 450 
451 452 455 457 458 459 461 464 466 467 468 469 
470 473 478 479 480 481 484 485 487 491 493 494 
495 497 499 501 502 505 506 507 508 509 510 511 
512 514 515 516 518 523 525 528 534 536 537 538 
539 541 542 543 546 547 549 552 553 556 557 558 
560 561 564 565 566 569 571 572 574 575 580 582 
586 587 588 590 595 596 597 598 599 602 603 607 
608 609 610 612 615 617 621 623 624 627 629 631 
632 636 637 638 640 641 642 645 651 652 654 657 
659 660 661 666 667 668 671 673 674 675 676 684 
689 695 696 697 699 700 701 702 703 704 706 707 
710 711 712 713 714 717 719 721 722 723 725 728 
730 732 733 734 736 737 739 742 744 745 746 750 
752 753 755 756 758 759 761 763 764 766 767 771 
772 773 774 776 777 778 779 780 784 785 786 787 
788 790 791 792 795 797 798 
413
4 5 11 14 16 19 20 22 23 25 31 33 
35 36 38 39 40 43 45 48 56 57 58 60 
64 65 72 73 74 78 79 81 83 84 85 92 
96 100 103 104 105 106 107 108 109 114 115 116 
117 118 119 122 130 133 137 138 141 142 143 145 
151 154 155 156 157 159 161 162 166 167 171 172 
173 174 175 176 177 178 180 181 184 185 186 187 
188 189 190 191 195 197 198 201 202 205 206 212 
213 214 215 216 220 223 224 225 227 229 231 232 
233 234 235 236 237 241 242 244 245 246 247 248 
251 252 253 254 257 258 260 262 264 266 268 269 
271 272 275 276 277 279 282 283 284 285 286 289 
290 293 296 297 298 299 300 301 304 309 311 313 
314 315 318 319 322 327 328 329 330 331 332 338 
340 342 343 344 345 347 348 349 354 356 357 359 
360 362 363 364 365 366 367 369 374 376 377 378 
380 381 383 384 386 387 389 390 392 394 396 397 
399 400 401 403 410 412 414 418 419 420 421 422 
423 427 428 430 431 432 435 437 438 440 441 443 
447 448 452 453 454 455 456 458 459 461 463 466 
468 469 470 472 473 474 476 477 479 480 482 483 
484 486 487 492 494 497 503 506 509 512 513 520 
522 523 528 530 532 533 534 536 538 540 541 543 
544 545 548 549 551 553 554 556 557 558 559 560 
562 563 564 566 572 575 576 581 582 585 586 589 
591 594 595 596 601 602 603 604 605 607 608 609 
610 615 616 619 620 623 629 630 631 635 636 638 
639 641 642 643 644 645 648 650 653 654 657 658 
659 661 662 663 664 668 670 671 672 675 677 679 
680 681 685 686 687 688 696 697 698 700 701 704 
705 706 707 713 714 715 716 718 719 720 724 725 
727 728 729 731 732 733 734 736 737 738 739 741 
745 746 748 750 751 754 755 757 758 761 764 765 
766 767 769 771 775 781 783 784 785 787 788 791 
792 795 796 799 800 
404
1 4 5 6 7 9 10 11 14 18 19 20 
27 30 34 35 37 38 40 42 45 46 50 51 
52 55 56 57 58 59 60 62 66 69 70 71 
72 73 74 77 78 81 83 84 86 87 88 89 
91 95 96 99 100 105 106 109 115 121 122 126 
127 128 129 135 136 138 139 142 146 147 148 149 
150 152 153 157 160 164 165 166 169 170 171 172 
174 180 181 182 186 187 189 192 193 194 195 197 
200 201 203 206 207 209 213 221 223 224 225 226 
228 230 231 235 238 239 242 243 244 247 249 250 
251 255 256 257 258 260 261 263 264 265 267 268 
272 273 274 276 277 278 279 280 281 282 284 286 
288 290 291 292 293 296 298 299 300 301 302 303 
304 305 306 307 311 314 315 319 321 324 328 329 
332 334 341 343 348 351 352 356 358 360 369 370 
372 374 377 378 379 381 382 383 384 386 388 389 
390 391 395 396 398 400 401 402 404 408 412 413 
419 420 421 423 424 427 429 430 431 432 433 435 
437 438 439 440 442 444 445 447 448 450 451 453 
455 456 459 460 461 462 463 465 466 467 469 472 
476 477 478 479 481 487 488 494 495 497 499 501 
503 506 508 509 510 511 513 514 519 520 521 528 
532 534 538 540 541 543 545 546 548 549 550 551 
556 557 559 560 561 562 563 564 565 566 569 572 
573 575 578 582 585 588 589 591 592 593 597 599 
600 602 605 607 608 609 617 620 621 623 624 625 
626 627 628 630 631 632 634 635 636 637 638 639 
640 641 642 643 645 649 651 653 654 659 661 663 
664 665 666 667 668 673 677 678 679 682 684 686 
687 691 693 695 697 698 700 702 703 707 710 711 
713 715 719 722 723 724 725 729 730 731 733 734 
735 737 738 739 745 746 747 754 755 758 759 761 
763 764 765 768 775 778 779 782 783 784 785 788 
789 790 792 793 795 796 798 800 
385
4 8 9 11 13 14 16 20 25 26 27 28 
29 38 39 40 44 45 46 48 49 50 52 59 
60 62 63 67 68 69 71 75 76 82 87 90 
91 93 94 96 97 99 100 102 104 109 112 113 
116 119 122 123 125 130 131 137 139 140 141 149 
152 154 155 157 158 163 167 168 169 172 173 174 
176 179 180 181 182 184 191 194 196 198 199 202 
204 206 209 211 214 215 216 218 219 221 223 224 
226 227 229 230 233 234 244 248 249 253 254 256 
259 263 265 267 271 272 273 275 276 277 278 279 
284 285 287 288 289 292 295 297 298 299 300 301 
303 304 307 310 315 316 319 324 327 330 331 333 
335 338 341 343 344 347 351 358 359 360 362 363 
364 365 367 369 372 376 382 383 384 389 390 394 
395 396 397 400 402 403 404 405 406 408 409 411 
412 414 415 416 418 420 421 422 423 426 427 428 
429 431 432 433 435 436 438 441 442 445 448 451 
453 455 459 460 462 463 464 465 466 473 474 475 
478 480 482 483 484 489 490 494 496 497 499 502 
506 509 510 511 512 514 515 516 517 518 519 520 
524 529 531 534 535 538 539 540 541 543 544 545 
548 550 553 554 555 557 561 565 566 568 569 572 
574 577 578 579 582 583 584 585 586 588 590 591 
593 595 596 599 600 603 605 606 607 609 610 611 
614 615 618 619 624 625 627 628 631 632 633 641 
642 643 644 646 647 649 651 654 655 656 658 660 
666 667 668 669 670 672 674 675 676 677 678 683 
684 685 688 689 690 691 692 693 699 701 703 704 
709 711 712 713 714 716 721 723 724 725 728 729 
731 732 733 735 738 739 740 744 746 748 752 755 
756 757 758 759 761 764 766 767 768 771 772 773 
774 779 780 782 783 784 786 789 791 792 793 799 
800 
389
4 6 9 10 14 15 16 18 19 22 23 26 
28 32 33 34 36 37 38 40 43 44 45 48 
51 54 55 56 60 61 63 64 71 74 79 80 
81 82 83 84 85 87 88 90 91 96 98 99 
100 104 107 114 116 118 119 122 124 126 128 129 
130 131 134 135 137 140 141 143 145 147 148 149 
151 153 154 156 160 161 164 168 169 170 173 175 
176 178 181 186 187 188 190 192 195 202 204 207 
208 209 210 213 214 215 219 221 222 227 230 231 
233 235 236 238 239 240 241 242 243 244 245 246 
247 249 250 251 254 255 260 264 265 267 273 274 
276 277 278 279 283 284 285 286 287 289 292 293 
297 302 305 308 310 311 312 314 315 323 325 326 
327 328 332 335 337 340 344 346 347 348 349 350 
353 354 355 356 358 359 362 364 365 366 367 370 
372 373 374 375 376 377 378 381 382 386 388 390 
391 392 393 395 399 400 401 402 404 405 406 407 
409 410 411 412 414 416 417 418 419 420 421 423 
426 427 428 429 430 431 436 437 439 440 444 445 
446 447 449 450 451 452 453 457 459 460 462 463 
471 472 473 474 477 479 481 483 488 493 496 497 
506 507 510 511 514 515 520 523 525 528 529 531 
533 534 537 539 540 542 543 545 547 548 549 550 
551 557 558 561 562 566 568 571 575 577 578 579 
581 585 586 591 592 593 594 598 601 602 603 604 
611 614 615 618 623 626 628 631 632 635 638 639 
640 641 645 646 648 649 650 655 658 659 663 665 
673 674 679 682 683 685 690 691 692 693 694 695 
698 699 700 701 706 708 709 711 712 715 716 718 
719 721 723 724 725 726 728 732 736 738 739 740 
741 742 743 744 746 749 750 752 754 756 757 758 
766 771 772 774 776 777 780 781 784 787 788 790 
793 795 796 799 800 
410
1 3 4 6 7 8 10 11 14 16 20 21 
24 25 26 27 28 29 31 32 34 36 37 38 
41 44 47 49 50 57 58 59 61 63 65 67 
68 70 75 78 79 83 87 88 89 90 91 92 
93 94 96 97 102 104 106 107 108 111 112 113 
118 119 120 121 124 126 127 128 129 131 132 137 
139 141 143 144 146 149 150 151 152 155 159 163 
167 168 169 175 177 178 179 180 181 183 186 187 
188 189 194 195 196 197 199 204 208 212 217 226 
228 229 230 231 232 233 236 237 238 239 240 241 
244 245 246 247 248 249 253 254 257 258 260 264 
265 266 267 271 272 273 279 280 281 282 284 289 
290 292 294 295 298 299 303 305 307 309 310 312 
313 315 316 320 321 323 324 325 326 328 329 331 
335 337 338 339 340 341 344 345 351 354 355 357 
358 359 360 362 363 364 366 367 368 369 370 372 
373 374 375 376 377 380 383 384 385 389 390 392 
396 398 400 401 402 404 406 409 410 413 414 416 
417 422 423 427 433 436 437 438 443 444 448 449 
450 451 452 453 454 457 459 462 463 464 465 466 
467 471 472 476 479 480 483 485 487 488 489 490 
492 493 494 496 503 509 510 511 512 517 519 520 
521 530 531 534 536 537 540 541 542 543 544 545 
547 551 552 554 555 556 557 558 559 562 563 564 
566 567 568 569 571 576 577 578 580 587 589 591 
594 595 597 599 603 604 605 606 610 613 614 615 
616 617 618 619 620 621 623 624 626 628 630 631 
632 633 635 639 640 641 642 644 645 646 647 648 
649 652 653 655 657 658 663 664 666 667 670 671 
676 679 681 682 683 684 686 687 693 694 695 696 
698 699 700 703 704 706 707 708 709 710 711 712 
714 718 719 720 723 729 735 736 737 739 740 742 
743 745 746 747 748 753 756 758 762 764 770 774 
775 776 779 781 783 784 785 786 789 790 791 793 
798 800 
403
1 3 5 6 12 18 21 22 25 26 27 28 
29 32 33 34 35 39 40 46 48 49 53 54 
55 61 62 63 64 66 67 72 78 80 81 83 
84 87 88 90 92 93 95 96 99 101 105 106 
108 110 111 112 114 115 123 124 125 126 127 130 
131 132 134 136 137 139 140 142 145 148 153 154 
158 160 161 162 166 167 170 171 175 178 179 180 
182 183 184 186 187 188 189 190 192 193 194 195 
197 198 202 205 209 212 215 217 219 221 224 226 
229 230 232 233 234 235 236 238 240 241 242 243 
244 247 249 250 251 252 254 255 256 257 258 261 
262 264 266 267 268 269 270 272 274 278 279 281 
285 286 287 290 292 293 294 301 303 306 307 310 
311 313 314 316 320 322 324 325 326 327 329 333 
334 335 336 337 339 340 341 342 344 346 347 349 
351 354 357 360 364 365 366 368 369 371 372 373 
376 377 378 384 385 386 391 392 394 396 397 398 
399 404 405 407 408 409 410 411 412 413 414 415 
417 418 419 420 421 424 425 426 428 429 433 435 
438 440 441 443 446 447 448 449 451 452 453 455 
456 460 461 464 465 466 469 470 471 472 473 474 
475 477 478 483 484 487 488 490 494 496 500 501 
502 508 510 512 515 517 518 519 520 526 528 531 
533 534 536 537 539 541 544 550 551 552 553 554 
557 559 561 562 564 565 567 569 570 571 574 575 
578 583 584 586 587 589 591 594 595 596 601 603 
607 611 614 616 618 619 621 622 632 633 635 640 
642 643 644 648 650 652 653 654 655 657 659 660 
661 663 664 667 669 675 679 685 686 687 689 690 
692 694 696 698 702 703 704 706 708 711 712 713 
717 718 719 720 721 722 723 724 728 729 730 732 
736 738 739 741 744 746 748 752 753 755 756 759 
760 761 764 766 772 773 774 775 778 780 781 786 
787 788 790 795 797 798 799 
414
1 2 7 8 11 12 13 14 16 17 18 19 
21 23 25 26 31 33 35 37 41 43 45 46 
48 49 51 56 57 58 60 62 65 66 67 69 
71 73 75 80 85 87 88 89 91 94 96 98 
100 101 102 103 105 107 108 109 110 112 114 116 
119 120 123 124 125 126 127 129 133 134 136 137 
139 140 143 145 146 147 148 149 150 152 153 156 
160 161 162 166 167 169 171 174 175 176 178 179 
181 182 183 185 187 189 192 193 195 197 198 199 
201 203 204 210 211 213 214 217 218 223 225 231 
232 233 234 235 237 239 240 244 247 251 253 257 
259 260 261 262 264 265 267 268 270 271 272 273 
274 280 281 282 284 286 287 289 294 295 299 302 
303 304 305 310 311 312 313 316 317 318 320 322 
328 329 330 331 334 340 341 342 343 345 347 354 
355 357 358 359 360 362 364 368 370 371 372 373 
374 375 376 377 379 381 383 385 386 387 388 392 
393 394 395 396 397 398 400 403 405 406 407 408 
409 410 411 412 415 420 422 428 429 435 437 441 
442 443 444 445 446 447 448 452 455 457 458 459 
461 462 466 467 468 472 478 480 481 482 485 488 
490 491 492 494 497 499 501 502 504 506 508 512 
515 517 521 523 527 529 530 532 533 534 536 537 
539 540 542 544 545 546 547 548 550 555 556 557 
558 559 560 566 568 570 571 573 577 578 580 581 
582 583 586 588 589 591 593 595 600 601 602 605 
606 608 610 612 614 615 616 617 619 622 623 630 
631 634 635 638 639 641 642 643 645 646 647 648 
655 656 657 659 660 661 664 671 672 674 676 679 
681 682 684 686 689 692 694 698 699 700 701 704 
706 707 708 711 712 713 715 717 719 720 721 723 
724 725 731 732 734 736 738 739 741 742 744 745 
747 750 752 754 755 757 758 759 760 763 766 767 
768 769 770 771 774 777 782 784 786 787 788 789 
791 793 794 795 796 800 
400
1 4 5 7 11 12 17 19 20 22 24 26 
29 32 33 34 36 39 40 46 47 48 49 50 
51 52 53 54 56 58 60 62 67 69 73 75 
77 78 79 80 83 88 91 97 100 101 102 104 
105 107 109 110 111 112 113 118 120 121 124 126 
129 137 143 144 145 147 148 149 152 156 158 159 
160 166 167 169 170 173 174 175 178 183 185 186 
189 192 193 195 196 198 199 202 205 211 214 216 
217 219 220 222 223 225 227 228 229 231 232 233 
238 241 242 245 246 247 249 252 254 255 258 259 
260 261 262 263 265 266 268 269 270 271 274 276 
278 279 282 283 286 291 293 298 299 302 303 306 
307 308 312 319 320 321 323 327 329 330 333 336 
337 340 341 344 346 347 349 352 355 356 359 361 
362 365 366 367 371 373 375 376 377 378 379 380 
381 385 387 388 391 392 393 394 395 396 400 401 
404 408 409 410 411 421 423 424 425 428 431 432 
438 439 440 441 444 445 446 447 448 449 450 451 
452 453 454 455 458 461 465 466 467 468 471 472 
473 474 479 481 482 483 484 487 488 490 491 495 
496 497 499 505 512 513 517 522 523 524 525 526 
527 530 531 532 533 534 536 537 538 539 540 541 
544 546 548 549 554 559 560 561 563 564 566 567 
568 570 573 575 579 580 581 586 589 590 591 596 
597 598 599 601 603 605 607 608 609 610 612 614 
616 617 618 619 620 621 622 623 625 626 627 629 
630 631 633 634 637 643 645 647 650 651 652 656 
657 658 659 662 666 667 668 670 671 672 673 674 
677 679 681 682 684 685 686 687 690 693 694 696 
698 699 702 703 705 706 708 710 712 713 714 716 
718 720 723 724 726 732 733 735 736 737 738 741 
744 745 747 752 753 754 759 761 764 768 769 770 
772 774 775 778 780 781 782 784 787 789 791 792 
794 796 798 799 
369
5 6 10 11 18 21 24 26 27 32 33 34 
36 37 38 40 43 44 45 47 48 49 50 52 
53 57 62 67 68 69 72 73 78 80 81 83 
88 89 91 92 93 95 98 99 103 104 106 107 
109 110 113 115 127 128 130 131 134 135 136 137 
138 139 140 144 145 146 151 152 154 155 156 157 
160 161 166 169 170 171 172 174 175 176 178 184 
186 188 192 193 194 195 198 200 205 207 208 209 
213 216 217 222 224 225 226 227 228 229 231 232 
237 241 242 244 245 249 250 252 253 255 257 261 
262 263 264 268 270 272 273 275 279 280 286 287 
288 290 291 293 294 296 299 301 303 304 305 309 
310 312 315 316 318 319 320 321 322 323 326 327 
330 333 334 335 337 338 341 347 349 350 352 353 
356 357 362 364 365 366 367 368 369 370 372 375 
379 380 384 386 389 394 395 398 399 402 403 405 
406 408 410 411 420 421 422 424 428 430 432 436 
437 438 441 443 444 446 447 453 457 461 463 466 
467 469 472 473 476 477 480 482 488 490 495 497 
499 500 501 502 504 505 507 510 513 517 518 519 
520 521 523 526 527 528 529 530 532 533 535 540 
545 546 547 551 553 555 559 561 562 567 568 571 
572 573 576 577 578 582 585 586 587 590 593 597 
598 601 602 603 605 607 613 615 618 620 623 628 
633 635 636 637 638 640 642 644 645 648 649 653 
654 661 665 667 672 673 677 679 683 686 688 689 
690 696 698 702 703 704 707 709 712 716 719 720 
721 722 724 725 729 733 734 735 736 739 741 743 
744 745 746 747 750 751 753 755 756 759 761 763 
766 767 769 770 775 777 778 779 780 781 783 786 
789 792 793 794 795 796 797 798 799 
397
2 5 8 9 11 13 14 15 17 18 19 22 
23 25 26 27 29 30 35 38 40 41 42 44 
46 52 55 57 59 60 62 64 65 69 71 74 
75 76 78 80 82 85 86 87 90 93 95 98 
100 101 102 103 105 106 107 110 113 116 118 123 
126 128 130 135 136 138 140 141 142 143 144 145 
147 148 150 151 152 153 154 155 157 158 159 160 
162 163 167 169 172 173 174 175 177 178 179 180 
182 183 184 186 187 190 192 194 198 201 202 203 
207 208 211 213 214 217 218 220 221 222 223 225 
228 229 232 236 237 240 241 243 244 245 251 252 
256 258 259 260 263 264 269 273 274 275 277 279 
280 281 282 284 286 295 298 300 303 304 305 307 
315 317 323 324 327 334 336 337 338 342 343 345 
346 348 349 350 351 354 358 359 360 361 367 368 
369 370 371 372 374 375 376 378 379 380 381 383 
384 385 387 389 390 391 394 397 401 403 404 407 
408 409 411 412 417 420 422 425 428 431 434 435 
436 442 443 444 449 450 453 457 461 462 465 466 
467 473 480 485 488 489 490 492 493 494 495 496 
499 501 503 504 505 506 507 509 510 517 519 525 
526 528 530 531 534 535 537 539 540 543 546 547 
548 549 550 551 552 555 557 558 559 561 563 566 
573 579 580 581 583 584 585 587 589 591 592 597 
599 600 603 604 606 607 608 610 614 615 617 620 
623 625 626 627 629 630 631 634 635 636 637 640 
647 648 649 650 651 655 656 658 661 662 663 665 
667 668 669 671 672 675 676 678 679 680 682 683 
689 690 692 694 699 700 701 705 707 709 710 715 
717 718 719 720 722 723 726 728 729 731 732 733 
734 735 738 740 742 743 744 745 748 749 750 751 
752 757 760 761 767 769 771 772 774 776 778 779 
780 782 783 784 785 786 788 789 791 795 796 798 
799 
403
3 4 9 12 14 16 22 23 26 27 28 29 
30 31 32 34 36 38 39 40 43 45 46 47 
48 49 51 53 54 56 60 64 65 66 67 68 
71 73 74 77 78 80 82 83 85 86 87 88 
90 93 95 98 99 107 109 110 111 112 113 116 
117 119 123 127 128 130 132 135 136 138 140 141 
143 145 147 153 156 161 163 164 166 169 172 173 
177 178 179 180 181 184 185 186 188 191 192 193 
195 197 198 202 203 204 207 209 210 211 212 214 
215 218 219 224 229 230 232 236 237 241 242 243 
244 246 247 248 253 255 259 261 262 264 266 268 
269 271 273 274 275 277 278 279 282 284 285 286 
287 288 290 291 293 296 297 299 302 303 304 305 
308 310 312 313 314 316 317 320 322 324 325 326 
328 330 331 335 336 341 343 345 346 348 349 350 
351 352 355 357 360 361 363 366 368 369 370 375 
376 380 381 382 384 385 386 387 388 389 390 391 
398 400 401 403 404 405 406 413 414 418 421 422 
425 426 428 434 437 438 439 441 442 444 447 448 
449 451 454 456 457 458 460 465 467 470 471 472 
473 474 477 478 480 484 487 488 490 491 492 493 
494 495 496 498 501 502 510 511 513 517 518 521 
523 527 530 532 534 536 538 540 542 544 545 546 
552 557 558 563 570 571 572 575 576 579 582 583 
586 587 589 591 592 597 598 599 600 601 602 605 
606 607 609 612 614 617 618 619 620 627 628 629 
630 632 634 635 637 638 639 640 641 642 643 644 
645 647 648 649 650 652 653 654 656 658 660 662 
668 671 672 674 675 679 681 682 683 685 688 690 
692 693 695 696 698 700 702 703 704 705 706 708 
710 711 717 719 721 722 723 725 726 727 728 730 
732 734 738 739 748 751 752 753 754 756 757 758 
759 761 762 766 767 769 771 772 776 777 780 783 
789 790 793 794 795 797 799 
397
7 8 10 12 15 18 20 22 25 26 27 29 
33 37 40 43 44 45 46 48 49 50 53 54 
55 56 60 65 67 69 70 71 72 73 74 75 
81 88 92 93 95 99 101 105 107 112 116 117 
120 121 122 124 125 133 136 140 142 144 148 149 
150 151 153 155 157 158 159 162 163 164 165 167 
169 172 174 177 183 185 189 190 191 194 195 197 
198 199 201 202 204 205 206 208 209 211 212 214 
215 218 219 220 221 223 224 225 228 233 239 240 
242 245 248 249 255 256 258 259 260 265 268 270 
272 273 274 275 277 278 280 281 282 283 288 289 
290 291 292 295 297 298 300 303 305 307 308 310 
312 316 320 321 324 325 326 329 330 331 332 337 
340 341 342 343 346 347 349 350 351 353 354 355 
356 361 362 363 366 367 369 370 371 372 373 375 
378 379 381 383 384 385 386 388 389 390 391 392 
395 396 397 399 402 403 405 407 411 414 418 423 
426 427 428 429 430 431 433 434 435 438 442 443 
445 446 448 451 452 455 458 460 462 463 464 465 
468 476 479 480 481 482 487 488 491 492 493 497 
498 499 500 501 506 508 510 512 514 515 516 519 
521 522 523 524 525 526 528 531 532 534 535 536 
540 541 544 547 548 549 553 555 556 557 558 559 
563 565 567 571 573 576 577 583 584 585 586 587 
590 594 595 598 599 602 603 605 612 613 615 616 
618 619 622 623 624 627 628 634 636 638 641 642 
643 649 650 651 652 654 655 661 662 665 667 668 
670 671 672 677 679 682 684 685 686 687 688 690 
692 694 695 697 701 705 710 711 712 715 718 720 
723 725 727 730 731 732 733 734 735 737 739 740 
741 744 745 746 747 750 751 752 756 757 758 759 
761 762 769 770 773 775 776 777 778 779 780 781 
782 783 784 785 787 788 789 790 791 792 793 794 
800 
418
1 2 4 5 6 8 9 12 13 15 17 18 
21 22 23 25 26 27 30 32 33 34 35 36 
37 40 41 43 44 45 46 48 50 52 53 54 
58 60 62 63 64 66 71 74 75 80 81 82 
86 93 94 95 96 99 100 103 104 106 108 109 
111 112 113 115 117 118 120 122 123 124 125 126 
127 129 130 131 135 136 138 139 140 141 142 144 
147 151 158 163 165 166 169 170 171 172 173 174 
175 177 179 180 182 185 186 187 189 191 194 195 
197 198 200 205 206 208 212 214 215 216 219 220 
222 224 226 228 229 231 233 234 235 240 246 247 
251 254 255 259 261 263 264 265 266 269 271 272 
275 277 278 279 280 283 284 285 288 289 290 292 
293 294 295 298 303 305 308 309 311 312 314 316 
318 320 321 323 324 326 333 334 337 338 339 345 
346 347 348 358 361 363 364 367 368 370 371 372 
373 374 375 377 382 383 384 385 386 387 388 389 
390 391 393 396 397 398 400 403 406 407 409 412 
414 416 417 418 422 424 425 427 428 430 434 435 
437 438 439 440 445 446 447 448 449 450 451 452 
454 458 459 460 463 465 470 471 479 481 482 483 
485 487 488 489 491 492 493 495 497 499 500 501 
502 503 504 507 510 512 513 514 516 518 520 522 
525 527 528 533 534 535 537 544 545 548 550 552 
553 554 555 556 557 559 562 563 566 574 575 579 
581 584 585 589 594 595 596 599 603 604 605 607 
609 612 614 615 617 622 623 625 626 627 629 630 
631 632 634 636 637 638 639 640 642 645 646 647 
648 649 650 651 653 654 657 659 661 665 669 670 
672 674 676 677 679 681 684 689 690 692 694 699 
700 701 703 704 705 706 707 708 710 711 712 713 
714 715 717 720 722 723 725 726 728 729 732 739 
740 741 742 743 744 750 752 755 756 761 764 765 
766 767 768 769 770 772 773 775 776 777 779 780 
781 782 788 789 792 793 794 796 798 799 
418
3 5 7 8 10 11 12 15 18 27 28 29 
30 32 33 38 41 45 46 47 49 50 52 53 
54 58 60 61 62 64 65 68 69 71 72 73 
74 77 80 86 91 93 94 95 97 98 99 100 
101 102 105 107 109 110 113 114 117 119 120 121 
122 128 129 131 132 133 135 139 140 143 144 145 
146 147 151 154 155 157 159 162 163 165 169 171 
174 175 178 179 183 184 185 187 188 189 190 192 
195 196 197 198 200 202 203 204 205 207 208 209 
211 214 215 216 219 222 223 224 225 227 228 229 
231 232 233 236 240 241 242 243 244 245 246 249 
250 252 255 256 257 259 260 262 266 267 268 269 
270 271 273 274 277 279 280 281 290 294 295 297 
298 299 300 301 304 305 308 310 311 313 314 316 
318 319 324 325 326 327 328 330 331 332 333 334 
337 339 341 342 343 344 345 347 348 349 350 351 
354 356 358 361 362 364 365 366 369 371 372 375 
377 378 379 382 384 385 386 389 391 395 399 400 
405 406 407 408 409 412 415 416 419 420 421 424 
426 428 429 431 435 437 439 441 442 443 445 448 
450 452 456 458 459 460 462 463 465 466 468 469 
470 472 475 476 477 479 482 483 484 485 489 490 
491 492 493 494 495 496 498 500 501 504 505 514 
516 517 518 519 524 525 527 528 529 530 533 534 
536 538 543 544 546 548 551 557 558 559 561 571 
572 573 575 576 577 579 585 588 590 591 592 593 
594 600 601 602 604 608 609 610 611 613 615 617 
623 624 625 627 628 629 630 631 633 634 635 639 
640 644 645 646 647 650 651 654 655 656 657 658 
661 662 663 665 666 667 669 671 673 674 678 681 
682 683 684 685 687 688 690 691 692 696 697 698 
700 710 711 716 719 720 721 722 726 727 728 729 
730 731 732 733 734 735 737 738 739 740 741 744 
750 752 753 755 757 758 759 761 764 765 767 770 
774 775 780 781 782 786 788 789 791 798 
388
1 3 4 6 8 9 11 13 16 18 19 20 
21 27 30 32 33 34 35 36 37 38 39 40 
44 45 46 47 48 49 50 54 55 57 59 61 
64 65 76 77 78 80 81 87 94 95 96 98 
100 101 103 107 109 111 114 119 121 123 124 125 
127 129 130 134 138 139 145 148 152 153 154 162 
164 168 170 172 173 176 177 180 181 183 185 186 
189 190 192 193 198 199 201 202 207 210 211 212 
214 215 218 219 220 222 223 226 227 228 229 232 
234 239 240 242 243 246 249 251 253 255 260 261 
264 265 266 267 268 271 272 273 274 278 279 280 
283 289 293 294 295 296 297 298 299 301 303 306 
310 312 313 318 319 320 321 329 334 338 339 340 
341 344 345 349 350 352 353 354 356 357 358 359 
365 366 374 375 376 377 381 384 392 393 397 399 
401 402 403 409 410 411 412 413 415 416 419 421 
422 424 425 426 427 430 435 440 443 446 447 448 
453 454 455 456 463 464 467 469 470 471 472 473 
475 476 477 478 480 481 482 491 493 494 495 496 
498 499 500 502 504 505 506 508 511 513 515 518 
520 521 523 524 525 529 531 532 533 538 539 541 
544 545 546 547 549 551 552 556 561 562 565 568 
569 570 572 573 574 577 580 581 587 588 589 591 
593 594 595 600 603 605 606 607 610 613 614 617 
618 619 620 621 622 624 626 628 629 632 635 636 
637 638 639 640 643 644 645 646 649 650 652 653 
654 657 658 662 663 667 668 670 671 673 674 675 
676 677 678 679 680 681 682 684 688 689 692 694 
695 698 699 701 702 703 706 709 710 712 713 715 
717 718 719 724 725 726 727 731 734 738 739 741 
744 746 747 749 750 751 752 754 758 759 760 762 
768 770 774 776 778 783 785 786 787 788 789 790 
793 795 796 797 
404
4 5 6 7 10 12 13 17 20 21 22 23 
25 28 30 37 41 42 43 44 45 50 52 55 
56 57 59 63 64 67 69 71 72 73 75 77 
78 80 81 82 84 85 88 90 93 100 101 104 
107 108 113 115 119 120 122 126 127 129 130 131 
133 134 135 136 138 140 141 142 148 149 153 154 
155 157 158 161 162 166 167 171 172 174 175 178 
179 181 182 183 186 189 192 193 194 195 199 200 
204 207 210 211 212 213 214 215 216 218 219 220 
222 223 224 226 227 229 230 231 233 234 235 240 
241 244 246 247 248 249 250 251 252 253 256 257 
258 260 261 262 267 269 270 271 273 275 277 279 
280 282 285 286 287 288 290 294 296 298 299 301 
302 304 305 306 307 308 311 312 313 315 316 317 
318 319 320 321 323 325 326 327 328 329 330 331 
335 336 339 340 343 349 353 354 355 357 358 360 
362 366 367 369 372 375 380 382 383 384 387 390 
391 392 395 396 397 398 401 403 405 408 411 412 
413 416 418 419 420 425 426 427 428 429 431 433 
435 438 439 440 442 443 446 447 448 450 452 453 
455 456 458 459 461 462 465 466 467 468 473 474 
475 476 477 480 481 482 485 487 488 491 493 494 
495 500 501 503 506 507 509 513 516 517 518 520 
521 523 525 527 530 531 536 537 539 542 543 544 
548 549 551 554 556 557 563 565 566 567 568 569 
570 571 572 575 577 579 581 582 584 589 591 594 
597 599 600 603 604 606 607 608 610 612 614 615 
616 618 620 625 626 628 633 635 637 641 643 644 
645 647 651 657 658 659 660 661 662 666 667 669 
670 671 673 679 680 681 682 683 684 685 686 687 
688 690 693 705 707 708 717 718 719 720 723 725 
727 728 732 733 735 737 738 739 740 744 749 752 
754 755 756 759 764 765 766 768 772 776 777 779 
781 784 789 792 794 795 797 798 
384
4 5 6 7 9 11 12 14 17 18 20 22 
23 26 27 28 29 31 33 37 38 42 43 46 
52 53 56 57 60 62 68 69 70 71 74 78 
79 80 82 84 86 87 91 92 94 96 97 101 
103 106 107 109 111 113 114 116 122 123 124 128 
131 133 134 136 137 139 140 141 144 145 148 151 
153 154 157 158 160 162 170 171 175 176 177 178 
179 180 182 184 185 187 188 189 191 195 196 200 
202 205 206 208 212 213 216 217 218 219 220 222 
224 229 233 234 235 236 237 239 240 241 243 244 
245 246 247 250 251 252 254 255 256 257 260 262 
266 273 283 284 285 286 288 289 294 295 297 301 
302 304 305 307 309 311 312 313 314 315 316 321 
323 325 326 327 328 329 330 332 334 335 336 339 
340 342 344 345 347 349 351 352 357 361 362 363 
364 365 366 367 370 372 373 375 376 377 378 379 
387 388 396 397 398 399 401 404 410 411 412 416 
421 424 427 429 431 432 433 434 436 437 441 444 
445 447 448 453 454 456 457 458 459 461 462 464 
465 467 468 471 473 475 477 478 479 480 484 485 
486 494 495 498 499 500 505 511 515 516 522 523 
525 526 527 534 535 536 539 540 541 544 545 547 
548 550 551 553 555 556 558 559 560 562 563 565 
566 567 573 574 575 576 581 586 589 590 591 592 
595 597 599 600 602 604 605 608 611 615 619 621 
624 626 628 630 631 634 636 638 639 642 645 647 
652 654 655 659 665 667 668 670 672 674 676 677 
678 680 681 682 684 685 690 693 694 696 697 698 
701 704 706 709 710 712 716 717 721 723 724 726 
728 729 732 733 734 735 739 740 741 742 744 745 
749 750 751 752 753 754 757 759 761 762 763 765 
767 768 769 771 780 783 784 791 797 798 799 800 
406
3 9 10 11 13 16 18 24 26 29 30 32 
35 36 38 40 41 42 44 52 53 54 55 57 
58 59 62 63 65 66 67 72 73 74 76 77 
78 79 80 82 85 87 88 89 91 92 94 95 
96 98 101 102 103 104 108 110 111 112 115 116 
117 119 120 121 122 123 125 128 129 131 132 137 
138 140 141 142 143 144 146 149 151 152 153 154 
155 156 157 158 159 162 164 166 167 168 170 173 
174 176 177 184 185 187 189 190 192 193 196 197 
199 200 201 204 205 206 207 208 209 211 215 216 
218 220 221 222 223 225 227 228 234 235 236 237 
239 240 242 244 245 246 247 251 254 256 257 260 
261 262 265 266 270 271 272 273 275 277 278 280 
282 283 284 285 286 288 289 290 296 300 303 305 
306 311 312 316 317 319 320 322 323 324 329 332 
336 337 340 343 345 346 347 349 351 357 359 361 
362 363 369 371 372 373 375 378 380 382 384 387 
389 391 392 394 398 399 400 402 403 405 406 408 
409 410 411 416 418 420 421 424 425 427 430 432 
436 437 439 440 442 446 448 451 453 454 455 458 
460 461 462 464 465 466 467 469 471 472 476 477 
478 482 483 486 487 489 490 491 494 496 497 498 
500 504 505 506 509 511 512 514 516 518 519 525 
526 527 529 530 532 533 537 539 540 541 547 548 
549 550 551 553 554 555 557 558 560 561 563 566 
567 575 576 577 578 580 582 583 586 587 588 589 
592 594 595 598 599 600 602 604 605 607 609 610 
611 613 614 616 619 620 621 623 631 632 637 640 
641 643 644 646 649 652 653 654 656 657 660 664 
666 668 669 673 678 680 683 684 685 687 688 696 
698 699 701 704 706 709 710 713 714 715 716 722 
724 727 729 733 737 739 741 742 743 747 748 749 
752 755 756 757 759 760 764 768 772 777 778 779 
781 782 784 787 789 790 791 794 796 798 
395
3 4 7 10 11 14 18 21 22 24 26 27 
28 30 31 32 33 34 36 37 38 39 40 41 
42 43 44 55 57 60 61 62 63 64 66 68 
73 74 78 80 81 82 85 86 87 89 91 92 
94 97 98 100 103 104 107 108 110 112 116 117 
118 119 120 125 126 127 128 129 130 135 136 137 
138 140 143 144 152 153 158 159 161 162 169 171 
172 174 178 184 185 199 206 207 210 211 212 214 
215 217 219 221 226 229 230 233 234 235 237 238 
239 241 243 252 256 261 262 263 266 267 268 275 
277 278 279 280 283 284 286 287 288 289 290 293 
296 299 300 304 307 308 309 310 313 314 315 318 
319 322 326 328 329 332 333 336 342 343 346 347 
349 351 355 356 358 359 360 361 362 364 365 366 
369 372 373 375 377 378 379 380 381 382 383 384 
385 386 393 394 396 398 399 400 401 403 404 406 
411 413 417 424 427 428 430 431 432 435 438 439 
440 443 446 447 448 449 450 452 454 461 463 464 
465 467 469 470 471 472 473 475 478 480 481 483 
484 485 487 488 489 492 495 496 497 498 500 501 
502 503 504 505 508 510 512 513 516 522 529 530 
531 535 536 537 539 540 541 543 544 545 546 548 
552 553 555 557 558 559 560 561 567 571 572 573 
574 577 580 581 584 587 589 592 594 596 597 600 
602 603 604 605 607 609 611 613 614 615 616 617 
618 619 620 623 626 627 630 633 634 635 639 641 
644 645 646 647 648 650 651 655 658 659 660 661 
667 668 669 671 674 675 678 679 680 681 683 685 
687 689 692 693 694 695 697 700 701 704 705 706 
708 710 714 715 717 719 720 721 725 726 728 730 
732 733 735 737 739 740 743 744 746 747 748 751 
756 758 760 764 767 768 771 773 775 776 781 782 
783 786 787 790 791 792 793 794 795 798 800 
430
1 2 3 6 7 8 9 10 18 19 24 26 
28 29 32 33 34 35 36 37 38 40 42 44 
46 50 53 54 56 57 59 61 62 63 64 65 
66 68 70 72 73 76 77 85 88 93 95 96 
98 99 100 102 103 104 106 110 115 119 121 125 
126 127 131 132 135 136 137 138 140 141 142 145 
146 147 148 150 152 153 155 157 158 159 160 163 
164 165 166 167 168 171 175 179 180 190 192 194 
200 202 204 205 206 207 208 209 211 213 217 220 
221 222 223 226 227 228 231 232 233 234 236 238 
239 240 243 244 246 251 253 254 256 257 258 261 
262 263 264 265 268 269 273 274 278 279 280 281 
284 291 292 295 296 298 299 300 301 302 303 306 
309 312 313 314 316 317 318 320 321 323 324 326 
327 328 331 332 333 334 336 337 338 339 340 341 
342 343 344 346 349 350 351 352 354 356 359 361 
363 366 367 368 369 374 375 378 379 380 385 386 
388 390 392 393 394 397 400 407 408 409 410 413 
414 415 416 418 420 422 423 424 425 427 428 429 
430 432 433 434 435 436 438 439 440 445 448 449 
451 452 454 455 456 463 464 465 466 468 469 470 
471 472 476 477 479 481 482 483 485 486 490 492 
493 494 497 499 503 504 506 508 510 511 512 513 
515 516 522 526 528 529 531 532 533 534 535 540 
541 543 544 545 546 548 550 551 552 553 554 557 
558 564 567 568 570 571 572 574 575 576 577 578 
580 584 585 587 588 592 594 595 597 600 601 602 
604 605 606 608 609 611 612 614 615 618 619 622 
623 624 626 629 631 634 636 637 638 639 644 646 
648 649 651 654 658 661 662 665 667 668 670 671 
673 675 676 678 680 681 682 684 685 688 689 692 
693 695 698 699 700 703 704 706 707 709 711 712 
714 715 716 717 719 720 721 723 724 725 730 732 
733 737 738 739 740 745 746 749 750 751 752 754 
756 757 758 764 767 768 769 770 772 775 778 779 
781 783 785 786 787 788 791 792 796 798 
408
2 4 5 6 8 10 11 14 16 20 21 22 
23 24 25 26 32 35 36 38 39 40 42 43 
45 49 50 52 54 55 58 59 61 62 63 64 
66 67 69 71 72 73 75 76 77 79 84 87 
88 92 95 96 97 98 100 105 109 110 111 114 
118 120 122 123 126 128 131 133 134 135 136 137 
138 140 142 143 146 147 149 150 151 152 154 156 
157 158 160 162 164 165 166 169 170 172 176 180 
182 187 188 189 191 192 195 196 197 198 199 203 
206 207 209 215 216 218 219 220 221 222 223 228 
229 231 232 235 236 237 238 242 244 245 247 249 
250 252 255 256 257 258 259 260 261 262 264 266 
268 269 271 272 275 276 277 278 279 280 281 282 
285 288 293 294 295 296 297 298 299 303 310 311 
312 313 315 317 318 319 321 323 325 327 328 330 
334 335 336 339 340 341 342 343 344 345 348 349 
351 352 353 354 357 358 361 362 363 364 365 370 
371 372 373 378 381 384 386 388 395 396 401 403 
405 406 407 408 411 413 414 416 421 423 424 426 
427 428 430 432 433 437 439 441 442 446 450 453 
457 458 459 461 462 464 471 472 478 479 481 482 
483 486 488 489 494 498 501 506 509 519 520 521 
522 525 527 528 530 532 533 534 535 537 539 544 
547 548 551 553 555 556 557 558 560 561 563 565 
570 573 574 577 578 584 585 586 590 591 592 595 
597 601 604 608 609 610 616 619 620 621 623 625 
627 628 629 631 632 634 635 638 639 640 642 644 
646 647 650 651 652 653 654 655 657 658 661 662 
666 670 673 674 676 677 679 680 682 683 685 686 
687 691 694 695 697 700 701 702 703 704 705 706 
709 714 715 719 720 721 722 723 724 725 732 733 
736 738 740 741 742 743 747 748 749 751 752 753 
755 757 758 759 761 764 765 766 773 774 776 777 
779 781 783 785 790 792 793 794 795 796 799 800 
393
1 2 4 6 7 8 9 11 14 15 21 23 
25 27 29 34 37 38 39 45 46 47 48 49 
50 51 52 53 56 57 59 60 61 66 67 68 
69 70 71 72 77 79 83 87 88 90 92 93 
97 100 101 102 103 104 105 107 108 110 111 113 
117 119 126 127 128 130 134 138 139 140 142 144 
145 146 147 148 156 157 162 165 166 167 170 173 
174 175 176 178 182 183 187 191 193 196 200 201 
202 205 206 207 210 214 216 218 221 225 229 230 
232 233 235 237 238 240 242 243 246 247 250 251 
252 254 260 264 265 266 267 268 269 270 271 273 
275 280 282 284 285 288 290 291 293 294 297 298 
301 302 303 304 307 308 309 310 314 315 316 317 
319 320 321 322 323 324 325 326 327 328 331 332 
334 336 338 339 340 341 342 343 346 347 348 349 
351 352 354 360 362 364 367 368 370 373 374 377 
378 379 380 382 384 389 392 393 394 396 398 399 
402 404 408 409 415 417 421 422 423 424 426 429 
433 435 437 438 442 445 449 450 451 452 455 456 
457 458 461 464 465 466 467 468 470 471 472 476 
477 483 484 486 487 488 489 490 491 494 496 498 
501 505 509 510 512 514 516 520 521 525 526 529 
535 540 542 544 547 550 551 552 554 558 559 560 
562 563 564 567 568 570 573 574 575 576 577 578 
579 581 585 586 591 592 593 594 595 596 597 600 
601 604 606 607 608 611 612 616 617 618 619 620 
623 625 627 629 631 633 634 636 637 642 644 646 
647 648 650 651 652 653 654 655 656 657 664 665 
667 668 673 678 681 682 684 685 688 690 693 694 
710 712 713 714 716 717 718 719 722 723 724 725 
726 727 728 731 736 740 741 742 744 746 747 748 
749 751 753 757 758 760 762 763 765 767 771 772 
776 777 779 785 787 789 791 792 794 
409
2 5 13 14 15 16 18 20 21 24 25 29 
30 31 36 39 41 42 44 47 48 49 50 55 
56 59 61 63 64 65 66 68 69 70 73 78 
80 81 84 86 88 92 93 98 100 103 105 106 
111 112 115 116 118 119 121 122 124 126 129 130 
133 134 135 136 139 141 144 145 147 149 150 151 
152 153 154 157 159 160 161 162 164 165 167 169 
170 172 174 175 176 178 180 181 182 183 189 190 
191 192 193 196 197 198 199 200 202 203 206 208 
210 213 215 217 219 221 226 227 231 232 235 236 
237 242 243 247 248 253 254 259 260 261 263 265 
268 270 272 277 278 280 281 284 286 289 290 291 
293 298 299 301 304 305 306 307 308 309 310 314 
315 318 320 321 323 324 325 327 328 330 333 335 
336 339 340 341 343 346 348 350 351 354 355 358 
360 361 365 368 371 372 373 374 375 376 378 384 
386 387 389 391 395 396 397 398 399 401 402 406 
407 409 411 412 413 422 424 425 426 430 431 433 
436 437 438 439 441 443 445 448 449 451 452 455 
457 458 463 464 467 468 469 470 472 473 477 478 
479 480 481 483 485 488 490 491 492 493 495 496 
497 500 501 504 505 506 509 514 517 518 521 525 
526 527 532 533 534 536 538 539 540 541 542 544 
545 547 548 550 551 553 554 557 559 560 569 570 
572 573 577 578 579 580 581 583 584 587 593 594 
595 597 599 600 601 605 606 609 613 615 616 620 
622 623 624 626 627 628 629 630 631 635 642 645 
648 650 651 652 653 655 656 657 658 661 664 665 
666 667 672 674 675 677 678 681 684 685 689 690 
691 693 700 701 703 706 707 708 709 716 718 719 
720 722 723 724 726 728 729 730 732 733 735 739 
740 743 744 745 747 749 751 752 754 755 756 757 
758 760 762 764 765 766 767 768 770 772 774 776 
777 780 782 783 786 787 788 792 793 794 796 797 
800 
400
3 4 5 8 9 12 13 16 20 22 23 24 
27 28 29 32 33 34 35 36 37 40 41 43 
50 53 56 59 60 62 63 67 68 69 72 73 
76 78 79 80 84 90 94 96 99 100 102 103 
105 107 110 113 119 120 123 124 125 127 132 133 
135 138 139 140 141 146 153 155 156 157 159 162 
164 166 168 169 171 173 174 176 177 178 179 180 
184 185 188 189 190 197 199 201 202 203 209 210 
211 212 214 215 218 219 221 222 223 224 225 227 
228 231 234 238 239 241 244 248 249 252 254 258 
260 263 264 265 267 268 270 272 273 274 276 277 
280 282 283 284 285 288 291 294 295 297 298 301 
304 305 306 310 313 314 317 318 320 322 324 326 
328 330 331 335 336 338 339 340 344 345 346 347 
348 351 352 353 357 359 361 363 364 366 367 369 
371 373 374 376 377 378 379 381 382 383 384 386 
388 389 390 391 393 404 406 409 410 411 412 413 
414 415 417 419 420 422 425 427 428 433 437 438 
439 441 442 443 444 449 452 453 456 457 460 463 
464 465 470 472 473 474 476 477 480 484 486 489 
490 494 495 497 499 500 501 504 506 508 509 510 
511 517 519 521 522 523 524 526 531 533 536 539 
540 544 545 547 548 549 551 552 555 556 558 559 
560 562 563 566 568 574 575 576 579 580 581 585 
586 588 592 594 595 596 597 598 599 600 601 603 
604 609 610 614 616 619 624 625 626 627 629 631 
633 634 637 641 642 643 645 646 649 650 651 652 
655 656 657 661 663 664 665 666 667 669 670 673 
678 680 682 686 691 692 697 698 699 700 701 702 
703 704 705 707 708 710 712 713 714 719 725 726 
727 728 729 730 731 733 734 739 740 742 745 746 
747 748 751 753 754 756 757 758 760 761 763 764 
767 768 769 776 777 778 780 782 785 786 789 790 
792 793 795 800 
408
1 3 5 7 8 11 12 14 16 17 19 20 
21 25 26 27 29 31 35 40 42 43 50 51 
53 55 58 66 67 69 72 73 78 79 81 86 
90 91 93 97 98 100 101 102 104 106 107 112 
113 114 116 117 120 122 123 126 130 132 133 135 
136 137 139 140 144 145 146 148 149 150 151 152 
153 155 156 157 158 159 161 163 165 166 167 168 
170 175 176 178 179 182 183 184 187 188 194 195 
196 202 203 204 205 207 209 212 213 217 218 219 
221 223 225 228 231 233 234 235 236 237 238 242 
245 249 252 255 261 262 263 264 265 267 269 270 
273 274 278 279 281 282 283 285 286 287 288 294 
297 298 299 300 302 303 304 305 307 311 312 317 
325 326 328 329 330 331 335 339 340 341 344 347 
349 351 355 356 358 359 365 366 368 369 370 372 
373 374 375 376 378 379 380 381 382 384 385 386 
390 391 393 397 399 400 402 414 415 419 421 423 
424 425 426 427 430 432 437 440 441 443 444 445 
447 450 452 455 458 459 461 462 464 466 468 469 
470 471 473 474 475 476 477 478 481 483 485 486 
487 489 490 491 492 494 499 503 506 508 510 511 
512 516 517 518 519 520 521 522 523 525 526 527 
529 531 532 535 538 541 542 545 547 548 551 552 
556 564 567 568 569 570 571 573 574 575 576 578 
579 581 583 584 585 586 587 590 592 593 595 596 
602 603 609 610 612 613 614 617 618 619 624 625 
626 627 629 632 634 636 638 640 642 643 645 647 
648 653 654 655 656 660 661 664 665 666 668 669 
670 671 673 676 677 678 686 689 690 691 692 693 
694 695 697 699 700 702 703 704 705 711 718 722 
723 732 734 735 737 739 740 741 742 745 749 750 
751 752 753 754 755 757 758 760 762 763 765 766 
767 768 770 774 775 776 777 778 779 780 781 782 
784 785 786 788 789 790 792 794 796 797 799 800 
403
4 6 8 9 12 13 14 15 16 18 19 22 
23 25 29 30 31 35 38 40 41 45 46 49 
50 51 54 55 56 59 60 63 65 67 68 70 
73 74 77 85 87 89 91 92 93 95 96 97 
99 101 104 109 110 111 113 114 115 117 120 122 
123 126 127 131 132 134 136 137 138 141 142 143 
146 149 150 151 153 155 156 157 159 166 167 170 
173 174 175 176 177 178 179 183 185 187 188 189 
190 191 192 193 194 196 197 200 201 202 204 209 
212 213 215 216 217 218 221 222 224 225 226 227 
228 230 237 239 240 241 243 244 247 249 250 251 
252 253 258 260 261 263 264 268 269 270 271 272 
273 276 277 278 280 284 285 287 289 290 292 294 
295 297 299 300 301 303 304 305 311 312 314 319 
320 321 322 328 329 332 333 334 335 337 339 341 
344 345 348 349 351 354 356 358 359 361 362 363 
369 373 377 381 382 384 386 387 389 391 392 393 
394 395 396 397 400 403 407 410 413 414 415 416 
418 421 423 425 431 434 435 436 444 448 450 451 
457 458 462 465 466 467 469 471 472 474 476 478 
479 480 481 482 483 488 490 491 492 493 497 499 
500 505 506 508 509 511 514 515 516 517 518 520 
523 524 525 529 532 534 535 539 546 549 550 551 
552 553 554 555 556 558 559 560 561 562 565 566 
567 568 571 573 577 581 583 587 590 591 593 595 
596 597 598 600 602 605 606 608 610 612 613 615 
616 623 624 625 626 627 633 636 638 642 643 645 
646 647 651 652 656 657 660 661 663 664 665 669 
670 672 673 674 676 677 680 682 686 687 688 690 
695 696 697 698 699 700 704 705 710 711 713 714 
716 723 725 727 728 730 731 732 733 735 739 740 
741 742 743 744 746 747 748 750 752 757 761 763 
764 765 768 770 772 773 774 776 779 780 783 784 
786 788 794 795 798 799 800 
388
1 2 3 4 7 9 11 12 13 14 15 16 
17 18 19 20 21 22 23 25 27 28 29 30 
31 34 35 36 37 39 40 42 43 49 52 56 
57 58 60 61 65 67 70 73 79 81 85 89 
90 91 92 93 94 96 97 98 100 101 102 105 
106 109 110 111 112 113 116 117 119 120 121 122 
125 126 131 133 134 137 138 139 143 149 151 152 
153 154 156 158 160 162 164 169 172 176 177 179 
181 182 183 186 188 190 192 194 195 197 199 200 
201 204 205 207 210 217 218 219 221 224 225 227 
231 232 235 236 238 239 241 244 246 248 251 255 
256 259 261 262 263 264 265 266 267 268 272 273 
274 275 276 278 281 287 288 289 290 291 292 293 
294 296 300 302 308 309 311 312 313 314 315 316 
317 318 320 322 323 326 329 334 336 337 338 340 
341 343 344 347 349 351 353 355 356 357 359 360 
361 362 365 366 372 373 375 376 377 379 382 385 
387 388 389 392 395 396 399 402 403 405 406 408 
411 413 414 416 417 418 421 422 423 425 426 432 
433 434 435 440 443 444 447 449 450 451 460 461 
472 474 476 477 478 479 483 485 492 493 494 495 
497 498 500 504 506 507 508 509 510 516 518 519 
522 523 524 525 531 534 536 538 540 541 543 544 
549 551 560 561 562 563 568 569 570 574 576 579 
583 584 586 589 590 592 593 596 597 598 599 601 
603 606 607 608 609 610 611 612 614 615 617 622 
635 636 640 642 650 651 659 662 663 664 665 668 
672 674 675 678 681 682 683 685 686 687 688 689 
691 694 699 700 701 702 704 705 706 708 710 713 
714 718 719 720 727 728 731 734 735 736 739 740 
741 742 744 747 748 753 762 763 765 766 767 768 
769 770 771 774 775 776 777 778 780 782 784 788 
791 793 795 799 
405
1 2 3 4 5 10 11 12 13 17 20 21 
22 23 24 28 29 30 32 35 37 43 44 46 
49 51 54 55 57 58 59 60 61 62 63 64 
65 66 68 69 71 75 79 80 81 82 83 84 
85 87 92 93 95 97 101 103 104 107 112 113 
114 116 118 120 122 123 127 128 129 131 133 134 
139 140 141 143 145 146 147 150 154 155 158 160 
163 166 168 170 171 174 176 179 183 185 186 188 
191 192 193 196 198 200 207 209 211 215 216 217 
218 221 222 225 226 232 234 235 237 239 240 243 
247 250 253 256 257 258 260 261 262 264 266 267 
269 270 271 272 273 276 277 280 281 282 286 289 
291 293 296 299 300 301 302 303 305 306 307 308 
309 312 313 316 317 318 319 320 323 326 327 328 
329 331 332 334 335 336 338 340 341 346 347 348 
350 353 357 358 360 361 365 366 367 370 373 374 
375 376 380 382 383 385 387 388 389 394 396 397 
399 402 403 404 406 407 408 409 411 415 418 421 
422 426 430 431 434 440 442 443 444 446 448 452 
455 457 461 465 466 467 468 469 470 471 474 476 
478 479 481 482 483 485 488 490 491 493 494 497 
498 499 500 503 506 508 511 513 514 516 519 520 
523 526 534 535 536 539 541 546 547 548 550 552 
558 559 561 566 571 572 575 576 578 579 582 584 
586 589 590 592 593 595 602 603 604 605 606 610 
612 613 614 615 616 618 619 620 622 623 626 627 
628 632 633 634 637 638 641 642 643 646 648 650 
651 652 654 657 659 660 662 664 667 669 672 673 
675 676 679 680 682 684 687 689 690 691 692 693 
694 698 699 700 701 706 710 711 713 714 715 717 
718 719 721 727 728 729 731 734 735 740 742 743 
744 745 746 750 752 753 754 756 759 760 761 763 
764 769 770 771 772 774 777 778 780 782 783 785 
788 789 791 792 793 794 795 797 800 
400
4 5 11 15 16 21 22 24 25 26 27 29 
30 31 33 34 35 36 38 39 40 43 44 45 
46 47 54 55 57 59 60 62 63 64 68 72 
73 77 79 82 85 86 87 88 90 91 93 95 
97 98 99 100 101 102 104 109 112 113 117 118 
119 120 121 122 123 124 125 128 131 132 133 136 
137 138 140 143 145 147 148 150 158 159 160 162 
166 168 172 173 174 176 178 179 180 183 186 189 
190 192 194 196 198 199 202 206 207 209 212 213 
218 219 220 221 223 224 226 228 232 234 238 243 
244 246 249 250 253 258 259 260 261 263 264 265 
267 269 271 273 274 275 276 279 280 284 287 289 
290 292 294 297 298 299 300 302 303 306 307 317 
320 323 326 328 329 331 332 333 335 338 342 343 
346 350 352 353 357 361 362 363 365 366 373 375 
379 380 381 383 384 385 386 387 390 394 396 399 
400 401 402 405 406 412 413 415 416 418 419 420 
421 422 425 427 429 432 438 439 440 441 442 443 
444 446 448 449 451 452 453 455 456 461 463 464 
469 470 472 474 475 476 477 478 479 481 482 483 
484 486 488 489 491 506 507 511 513 514 516 517 
518 519 520 521 522 524 525 526 527 530 531 532 
533 535 538 540 542 543 544 545 546 547 549 550 
551 553 557 558 559 560 561 565 573 575 577 580 
584 586 587 588 591 594 596 599 600 603 604 605 
607 608 609 611 612 613 614 615 618 622 627 629 
630 631 634 639 641 642 644 647 648 649 651 653 
654 655 656 660 661 662 664 665 671 672 673 678 
679 680 681 682 687 688 689 690 691 692 693 694 
696 699 700 705 708 710 712 714 716 717 719 720 
724 728 731 733 734 735 736 737 738 739 741 743 
745 746 750 751 754 755 756 757 760 761 764 766 
768 770 771 776 777 779 781 783 786 788 789 794 
796 797 799 800 
406
1 3 4 6 11 13 14 15 20 23 25 26 
31 34 35 36 37 38 40 44 46 47 50 51 
52 53 54 56 57 61 62 63 65 66 67 68 
69 71 72 73 75 76 78 80 81 83 85 86 
87 88 89 91 95 96 98 99 102 105 106 112 
113 114 118 119 121 125 128 130 132 133 135 136 
137 138 140 141 143 144 145 147 148 150 151 156 
158 160 161 163 170 171 172 174 175 176 177 178 
181 183 185 186 191 192 194 195 196 200 201 202 
205 206 207 210 211 212 213 216 217 218 222 223 
224 226 229 230 232 236 237 238 240 242 245 250 
251 252 255 257 258 259 261 263 265 267 269 274 
275 278 279 280 281 282 283 284 286 288 289 290 
295 296 297 298 301 302 304 312 313 314 315 316 
320 322 323 325 326 327 328 331 332 335 336 337 
343 344 345 348 349 350 351 352 357 359 360 361 
362 364 371 373 375 376 378 380 384 385 390 391 
392 393 394 395 396 397 399 400 401 402 403 406 
408 409 412 413 414 415 416 424 425 426 427 431 
433 436 439 441 445 446 447 450 452 453 455 457 
459 460 461 462 463 464 465 466 467 469 470 471 
472 473 475 477 479 482 485 486 488 492 497 501 
512 513 515 519 521 523 524 525 527 531 533 537 
538 539 540 541 542 543 544 545 546 547 548 549 
550 551 555 560 561 564 565 569 571 574 576 577 
579 580 583 584 587 588 589 590 591 595 596 597 
604 607 611 616 617 618 619 620 621 622 623 624 
625 626 628 631 632 636 639 641 643 645 646 647 
648 649 653 657 658 659 661 662 663 664 666 667 
670 671 674 676 679 681 683 689 691 693 694 696 
699 703 704 707 711 714 716 717 719 720 721 722 
727 728 730 731 741 742 744 747 749 750 753 755 
756 757 758 759 761 763 764 768 770 772 773 777 
778 779 783 784 789 790 791 798 799 800 
400
3 4 5 6 7 9 11 12 13 14 15 19 
21 24 25 26 29 31 32 34 35 36 37 38 
42 43 44 45 47 49 52 54 55 57 60 61 
62 66 67 70 74 75 76 83 84 85 86 87 
88 90 93 94 96 97 100 101 102 104 106 108 
111 116 117 118 119 127 128 129 130 134 137 139 
142 149 151 152 153 154 155 157 158 159 164 166 
168 170 171 172 174 180 181 184 191 194 197 199 
203 204 205 206 207 208 209 210 211 213 214 215 
219 222 223 225 226 229 231 232 233 237 239 241 
243 245 246 250 251 254 255 256 257 259 260 261 
262 263 264 266 267 268 270 271 273 274 279 280 
282 285 286 287 288 289 290 292 293 294 295 298 
304 306 307 308 310 313 314 315 316 318 319 320 
321 324 325 328 330 335 339 345 348 349 351 353 
354 356 357 364 366 368 370 373 376 380 382 383 
384 387 388 389 391 395 402 404 409 410 413 415 
417 418 419 420 426 428 429 430 431 432 433 435 
437 440 441 442 445 447 448 451 453 455 459 467 
471 473 474 476 481 482 483 486 487 491 493 494 
495 496 497 499 502 503 504 505 507 511 512 513 
514 516 518 521 522 526 527 528 529 538 539 541 
542 543 544 545 546 547 550 552 553 554 557 560 
561 563 564 567 570 571 572 573 575 577 578 579 
580 584 588 592 593 594 595 601 606 610 611 614 
616 621 626 629 631 633 634 635 641 643 644 646 
648 649 650 651 652 653 654 655 658 659 660 661 
662 666 667 669 670 680 682 685 686 687 688 690 
691 692 693 695 696 698 701 703 704 705 709 710 
711 713 715 717 718 719 720 721 722 726 727 729 
730 731 732 736 738 739 741 743 744 747 748 749 
750 751 752 754 756 757 762 765 766 767 768 769 
770 775 776 778 779 780 781 785 788 789 792 794 
795 796 798 800 
399
1 2 4 5 6 11 13 16 19 23 27 30 
34 37 39 44 45 46 47 50 52 53 54 60 
64 65 66 67 70 71 73 75 76 77 78 83 
86 87 90 93 94 97 98 100 101 103 105 107 
108 110 114 115 119 120 121 123 124 125 126 127 
128 130 131 132 133 134 138 140 143 144 151 152 
153 154 155 156 158 159 162 164 165 167 169 174 
175 179 180 181 186 188 190 193 195 196 197 198 
199 200 201 205 207 208 209 210 211 212 213 216 
220 221 225 226 227 230 232 233 237 238 239 241 
242 243 244 245 246 247 248 249 251 253 256 258 
261 262 263 265 266 267 271 274 275 278 279 280 
281 286 287 288 290 294 295 296 297 299 302 308 
309 310 311 312 317 319 320 321 323 326 327 331 
332 333 336 340 341 342 344 345 347 348 351 353 
354 355 356 358 359 360 364 365 367 370 372 373 
375 377 380 382 386 389 390 394 395 397 399 400 
401 402 403 404 409 410 417 421 422 423 424 425 
426 429 430 431 432 435 436 437 438 440 442 443 
445 446 448 450 452 453 455 460 461 462 463 467 
468 470 471 472 473 474 482 490 495 496 497 500 
502 503 504 506 507 509 510 515 516 518 519 527 
528 529 534 535 536 538 539 540 544 546 548 551 
553 555 556 560 561 565 567 568 573 576 577 578 
580 585 586 589 591 595 596 599 600 601 602 603 
604 606 607 608 615 617 619 621 623 625 626 627 
628 631 634 635 636 637 638 639 640 641 642 643 
644 645 647 649 650 652 654 661 664 666 670 671 
672 674 675 677 678 686 688 689 690 691 693 695 
696 698 699 700 701 702 703 705 707 708 709 711 
714 715 718 719 723 724 725 730 733 739 740 741 
745 746 751 752 756 758 760 761 763 764 766 767 
768 771 772 775 776 778 779 780 783 786 790 791 
792 796 799 
392
1 7 8 9 12 13 15 17 18 20 26 27 
29 30 32 34 36 39 41 42 43 46 47 48 
50 51 52 54 55 56 57 58 59 61 62 70 
71 73 74 76 78 82 88 90 91 93 96 97 
98 99 106 107 108 109 110 111 118 119 120 124 
128 131 135 143 147 149 150 151 152 153 157 158 
160 161 165 167 173 174 175 179 181 185 188 190 
191 194 195 197 198 200 201 206 209 211 212 213 
216 217 218 220 221 222 223 224 225 227 228 229 
230 234 235 236 237 239 244 246 248 249 251 252 
253 254 255 256 258 259 260 262 263 264 265 266 
268 273 275 276 279 283 284 285 288 289 290 291 
292 294 296 298 299 300 301 303 305 306 311 312 
316 317 318 319 326 328 329 334 339 343 345 348 
349 350 352 355 358 361 362 370 372 374 375 376 
378 380 381 386 389 391 392 393 399 400 402 403 
405 411 413 417 419 420 424 425 428 430 431 432 
435 436 437 438 442 444 448 449 450 451 452 456 
459 460 461 462 464 468 471 473 476 479 484 485 
487 490 494 495 498 500 501 502 503 504 505 507 
510 512 514 515 517 518 521 524 525 526 528 529 
532 533 535 536 538 541 542 545 548 550 551 553 
554 557 558 559 562 565 567 568 569 576 578 579 
581 585 588 590 592 595 596 601 605 606 610 613 
617 619 620 621 623 624 625 626 627 630 634 635 
638 642 644 645 646 648 650 651 653 655 657 659 
660 661 664 665 666 668 669 672 673 675 679 680 
681 682 683 684 685 687 690 691 693 695 697 700 
703 705 707 708 710 711 713 714 717 718 720 721 
722 723 724 725 726 728 729 730 732 736 737 739 
742 743 746 748 751 754 755 756 758 760 762 763 
764 765 766 770 771 772 776 779 780 781 784 785 
786 787 791 794 795 797 799 800 
401
1 2 3 4 6 7 12 13 14 15 21 24 
25 27 28 29 33 38 39 42 45 49 51 52 
55 56 57 58 61 65 66 69 71 73 74 75 
78 80 81 82 83 84 85 86 88 89 90 96 
97 100 102 104 106 108 109 110 112 113 115 116 
117 118 120 121 127 128 130 134 136 138 143 144 
145 148 151 152 153 155 156 157 160 161 162 164 
165 166 169 178 179 182 186 187 188 189 191 193 
201 203 205 208 211 212 217 222 223 225 227 229 
232 233 234 236 238 239 240 241 242 247 250 253 
254 255 258 262 265 266 268 269 271 272 274 278 
279 280 281 282 284 287 288 290 291 292 294 298 
299 300 301 303 305 307 310 311 312 313 315 317 
320 321 322 326 329 330 331 332 333 335 337 338 
339 341 342 343 344 346 347 348 349 351 354 355 
356 357 359 360 361 363 364 366 367 368 371 372 
373 374 377 378 379 383 384 385 386 387 388 389 
391 393 397 401 404 407 411 412 414 419 420 422 
423 424 425 427 428 429 433 434 440 443 445 446 
447 453 456 459 461 462 463 464 466 467 470 471 
475 479 484 485 486 496 500 502 503 505 506 507 
508 509 518 519 522 523 524 525 526 529 530 533 
534 536 538 541 543 544 546 547 548 549 550 555 
556 557 558 559 560 561 562 563 565 567 570 572 
577 579 580 581 582 583 585 586 588 589 593 594 
595 596 598 599 600 602 603 604 606 608 609 610 
613 615 617 619 624 631 632 635 637 641 642 643 
644 645 647 649 650 651 656 661 663 664 665 667 
669 670 671 673 674 675 678 680 684 687 690 691 
692 694 695 696 703 705 709 712 713 715 718 723 
727 728 729 731 734 735 736 737 739 740 741 744 
745 746 750 756 757 758 760 761 762 763 764 767 
771 775 776 777 779 780 781 784 785 786 788 789 
792 793 794 795 797 
385
2 3 4 6 7 8 9 11 13 16 17 19 
20 21 22 23 25 26 27 28 29 31 35 36 
37 40 42 43 44 45 52 53 55 58 60 64 
65 68 69 71 72 73 74 79 81 83 86 88 
91 92 95 100 101 103 105 109 110 113 118 119 
121 122 124 128 131 132 137 138 140 143 144 145 
146 147 149 152 155 157 161 162 163 165 167 168 
169 170 172 173 174 176 177 180 181 182 183 186 
187 188 192 194 196 197 199 201 202 204 209 213 
216 217 219 221 223 224 225 226 229 231 232 235 
237 238 239 240 241 242 244 245 246 251 253 257 
258 260 261 264 267 270 272 274 275 276 278 279 
282 283 287 289 292 296 298 299 300 302 308 310 
313 315 318 319 323 324 330 332 334 335 339 340 
342 347 349 351 353 359 360 363 364 367 370 373 
375 377 378 389 391 392 393 394 396 400 401 402 
403 404 405 406 409 410 411 412 413 417 421 422 
427 430 432 434 435 436 438 439 440 443 445 451 
453 457 458 459 460 462 463 465 466 470 471 472 
473 476 477 478 479 480 481 487 488 489 491 493 
496 497 498 499 502 503 504 505 506 509 512 513 
514 518 519 520 523 525 526 528 530 533 534 538 
540 542 543 544 548 551 559 561 563 564 566 569 
570 571 575 576 579 581 582 585 586 590 591 592 
593 595 598 601 603 607 612 613 615 618 620 623 
624 625 627 628 631 632 634 635 636 638 640 641 
643 652 654 655 657 658 659 662 663 664 670 673 
675 677 678 680 682 683 688 689 693 696 697 699 
701 707 708 711 715 716 717 718 719 720 722 724 
730 731 732 733 735 738 739 741 742 743 744 745 
747 748 749 750 751 752 753 759 762 764 766 771 
773 776 778 779 782 783 784 786 788 789 796 797 
799 
385
3 4 7 8 12 13 15 19 23 26 27 28 
29 31 32 33 35 37 38 40 41 43 44 45 
47 50 52 58 61 63 64 70 72 78 83 86 
87 88 90 91 94 95 96 101 105 106 108 109 
110 112 113 114 115 119 120 122 123 125 129 130 
136 137 140 141 142 146 147 148 156 157 158 159 
160 161 162 164 165 166 171 172 176 177 178 179 
180 181 184 186 187 188 191 192 195 197 201 202 
205 214 215 217 218 221 224 226 228 229 230 235 
237 238 241 244 245 246 247 249 256 257 258 259 
260 262 263 264 265 266 270 274 275 277 278 281 
282 283 284 287 289 290 292 293 298 301 304 307 
308 309 310 311 313 314 315 316 318 319 320 323 
324 329 331 333 336 337 339 340 343 345 346 347 
350 354 361 364 365 366 368 370 371 374 375 381 
382 384 391 392 393 396 397 400 405 407 408 412 
413 414 417 423 427 435 437 440 441 442 444 445 
447 457 460 461 464 465 467 468 469 470 471 472 
475 477 479 481 484 487 488 490 491 492 493 494 
499 500 502 503 506 508 509 513 515 517 520 523 
524 528 531 532 533 534 537 540 541 542 543 545 
546 547 548 549 550 554 555 556 558 559 560 563 
565 567 568 569 570 572 577 584 586 588 590 591 
597 598 599 601 602 603 605 606 609 610 611 613 
615 617 618 620 621 623 626 627 628 629 630 631 
632 633 637 638 639 641 642 643 644 646 647 650 
651 654 656 658 659 661 662 665 666 670 677 678 
679 681 682 684 685 686 692 694 695 697 698 700 
703 704 708 710 711 712 715 717 718 721 723 726 
728 732 737 738 739 740 744 745 746 748 749 751 
752 753 755 758 759 760 762 763 764 765 767 769 
770 775 778 779 781 784 785 787 789 790 792 794 
799 
388
2 4 7 11 13 15 19 20 21 22 24 26 
36 38 39 40 41 42 43 45 50 51 52 53 
54 58 59 60 62 63 65 72 73 76 77 81 
82 83 86 89 92 93 98 100 101 105 106 108 
112 114 115 116 117 121 123 126 127 129 130 132 
133 134 135 140 141 142 143 148 149 150 151 155 
160 161 162 165 168 173 174 178 179 180 185 186 
187 189 192 193 194 196 199 200 202 203 204 205 
207 210 211 213 214 217 218 219 220 221 222 223 
224 226 227 230 233 234 236 238 240 241 245 250 
251 252 253 254 255 256 257 260 261 263 264 265 
266 269 271 272 275 276 277 278 280 281 282 288 
290 291 293 298 302 304 305 313 314 318 319 320 
321 323 325 327 328 329 331 336 339 340 341 343 
344 345 347 351 352 354 355 359 363 364 366 367 
368 370 372 373 376 377 378 382 383 384 386 389 
396 398 401 403 405 406 409 413 418 421 422 424 
425 434 436 437 438 441 443 446 447 448 449 450 
452 459 462 470 472 473 475 476 478 480 481 483 
484 489 490 491 493 494 495 497 498 501 502 504 
508 509 512 513 515 516 518 519 520 521 522 523 
525 526 527 529 530 531 532 533 535 537 538 540 
543 544 546 547 548 552 553 555 556 557 558 560 
561 566 568 572 576 580 585 586 589 592 595 596 
597 598 599 600 602 604 607 609 610 611 612 613 
616 617 620 623 626 629 631 632 633 634 635 636 
639 641 648 651 652 654 655 661 664 666 667 668 
675 677 678 679 681 684 685 686 687 690 696 699 
700 702 706 709 710 711 715 717 718 722 723 724 
726 728 729 731 733 734 737 740 744 746 748 749 
750 751 752 753 755 756 757 759 760 763 764 766 
768 774 775 776 780 781 784 785 786 788 789 790 
797 798 799 800 
377
5 9 17 18 20 23 26 28 29 30 31 33 
35 36 38 39 40 41 48 49 53 58 59 60 
62 63 64 65 68 69 73 74 80 82 83 85 
86 87 88 96 97 98 100 103 104 105 110 112 
114 115 119 121 124 125 127 130 132 133 135 138 
139 141 142 143 144 151 153 154 156 158 160 162 
163 165 166 167 171 173 175 176 177 186 190 191 
195 196 198 199 201 203 205 206 209 210 211 213 
216 217 219 220 226 229 230 231 232 233 235 236 
238 239 242 246 247 251 253 255 258 260 261 264 
268 269 270 271 272 273 274 275 285 288 289 290 
294 296 297 300 301 303 305 308 311 314 315 319 
320 321 324 325 326 328 329 330 332 335 337 338 
339 340 341 344 345 346 350 351 352 354 357 358 
359 361 366 367 370 371 372 375 377 378 380 385 
389 392 393 396 399 401 403 404 405 406 407 409 
410 412 414 417 420 423 426 430 432 434 435 438 
442 444 446 448 449 450 452 456 457 459 462 463 
464 465 468 471 476 477 480 481 482 483 484 485 
490 491 494 496 497 498 499 500 507 508 511 513 
514 519 523 524 527 531 533 536 540 541 543 545 
547 548 549 552 554 556 559 564 565 567 568 570 
574 577 578 579 580 581 582 584 591 593 594 598 
599 600 601 606 609 611 612 613 614 617 620 624 
625 626 627 628 630 632 635 643 645 648 649 652 
655 656 659 660 664 666 667 668 669 671 672 673 
674 677 678 684 685 689 690 691 695 696 698 699 
700 703 704 705 707 708 709 710 711 713 717 718 
719 720 721 722 723 724 728 729 730 731 735 736 
737 740 742 743 747 749 751 753 756 757 758 760 
762 763 766 768 772 773 780 785 788 790 791 793 
794 797 798 799 800 
393
2 4 5 10 12 13 15 16 17 18 19 20 
21 25 26 28 29 30 32 34 35 38 40 41 
42 44 45 46 49 50 53 54 56 57 58 60 
64 65 66 67 68 69 70 75 78 79 83 84 
87 93 95 96 101 106 107 109 115 119 120 121 
122 123 126 131 132 135 137 138 140 145 152 153 
154 156 159 162 164 165 168 170 173 178 180 181 
183 186 187 188 191 192 194 196 202 203 205 208 
212 214 217 218 220 225 227 228 229 230 232 233 
234 239 243 248 251 252 254 255 256 262 264 266 
269 271 272 280 281 282 283 285 286 288 293 294 
295 296 299 301 304 306 307 309 311 314 318 320 
321 322 325 326 330 331 333 335 336 337 338 339 
340 344 345 346 347 349 350 352 354 356 357 358 
359 360 361 364 367 368 369 370 372 373 374 375 
378 379 380 382 384 385 386 387 388 391 392 393 
396 397 398 402 403 405 407 408 409 411 413 416 
417 421 422 423 426 429 431 433 435 436 438 440 
441 443 447 448 449 450 452 453 454 455 456 458 
459 461 462 463 465 467 468 469 471 472 473 476 
478 479 482 483 485 488 490 493 494 495 497 498 
500 501 502 504 508 511 512 513 514 516 519 520 
526 530 534 540 543 544 546 547 548 553 555 560 
562 563 564 568 569 570 571 573 574 575 578 579 
580 581 582 585 589 590 593 595 600 601 604 606 
609 613 617 621 623 625 628 630 631 632 636 637 
639 640 643 650 654 656 661 662 663 665 667 668 
670 671 672 674 675 676 677 679 680 682 683 684 
686 687 688 690 693 694 695 703 704 709 710 713 
714 715 723 725 726 728 729 731 734 737 738 739 
741 744 745 746 747 749 750 751 753 756 757 759 
760 761 764 767 768 770 771 772 773 774 776 778 
779 781 784 787 789 790 795 798 800 
402
2 3 4 5 7 12 13 14 17 20 23 24 
25 26 27 29 30 34 35 40 41 42 45 49 
51 52 53 54 56 60 61 62 65 66 67 74 
77 78 79 80 82 83 87 88 90 93 95 97 
99 100 101 102 103 104 106 108 112 114 115 117 
123 129 132 133 134 135 137 139 140 141 143 144 
148 149 151 153 154 158 168 170 173 174 175 178 
180 181 182 183 184 186 188 191 194 196 197 200 
202 203 207 210 211 213 214 215 216 222 223 224 
225 226 227 228 230 232 235 237 240 241 242 246 
247 248 250 251 252 256 257 258 266 269 271 277 
278 280 281 287 289 290 293 294 295 296 297 298 
300 302 305 306 309 310 313 314 318 319 321 322 
324 326 328 330 331 332 335 340 345 346 347 351 
353 356 358 359 360 362 364 365 366 367 368 369 
371 373 374 375 376 378 379 380 381 382 384 385 
387 388 389 390 394 395 396 399 403 404 406 409 
410 411 415 417 419 420 423 424 426 427 430 431 
434 436 437 438 439 440 441 443 445 448 450 452 
454 455 457 458 459 462 463 466 467 469 470 471 
473 474 475 478 479 480 484 486 489 490 495 496 
503 508 510 514 515 516 519 520 522 524 525 528 
529 531 534 536 540 542 544 545 546 552 553 554 
557 558 559 561 563 564 566 570 571 573 574 575 
576 579 581 583 591 592 593 596 597 599 600 601 
603 604 608 609 611 613 614 615 616 617 622 627 
629 630 633 634 636 638 639 640 642 648 650 652 
654 655 661 663 668 670 671 672 677 678 680 682 
685 686 687 688 692 693 694 698 700 701 702 704 
705 710 711 713 714 717 721 722 723 725 726 727 
728 729 730 732 733 734 737 738 740 741 742 743 
744 746 748 751 752 753 755 756 758 760 763 764 
765 769 771 773 775 779 780 783 786 787 789 790 
791 792 794 796 799 800 
413
1 2 7 8 9 10 12 14 15 16 19 20 
21 22 23 24 30 33 34 36 37 38 40 41 
42 43 47 51 54 58 59 61 65 66 68 70 
73 74 75 77 78 79 80 81 82 83 84 86 
88 89 93 94 96 97 98 99 100 103 106 107 
110 111 116 117 120 122 124 125 127 130 131 133 
134 135 136 140 141 142 143 144 150 152 153 154 
155 156 157 158 160 161 162 165 166 169 171 172 
173 174 175 178 179 180 181 184 186 190 193 195 
196 198 200 201 203 204 205 208 216 217 218 219 
222 226 227 228 229 230 231 237 240 241 242 245 
246 249 250 252 256 258 264 268 269 271 273 274 
276 279 280 281 284 285 286 287 288 289 290 292 
293 294 296 301 304 305 308 309 311 312 313 318 
320 322 323 324 325 326 328 331 337 339 341 342 
345 347 350 351 352 355 356 359 361 362 364 365 
367 369 371 373 376 377 379 383 387 390 393 403 
407 408 410 411 412 413 414 415 416 417 418 419 
420 421 422 423 425 427 430 431 432 434 435 436 
438 441 442 444 445 447 448 449 450 452 453 454 
460 463 464 465 467 468 471 472 473 477 478 482 
483 488 489 490 492 493 494 498 500 501 502 505 
506 507 511 513 517 518 519 521 526 527 529 530 
531 532 535 537 538 539 540 543 546 548 551 552 
554 555 558 560 561 563 566 568 569 575 576 578 
579 580 581 582 583 584 585 586 587 588 589 591 
592 593 595 602 603 604 609 610 611 612 615 616 
618 619 621 622 623 625 626 627 628 629 631 633 
635 638 639 641 643 645 649 652 653 655 656 658 
661 663 664 665 671 672 673 676 680 682 685 686 
688 690 692 693 695 697 699 700 701 705 706 707 
708 709 710 712 715 716 717 718 721 724 733 734 
739 741 742 744 745 746 747 755 756 758 759 760 
763 764 765 768 769 771 772 777 779 782 783 784 
786 787 792 795 798 
400
1 3 5 8 9 10 11 12 13 14 17 18 
19 20 24 25 26 27 29 32 33 34 35 37 
38 39 43 44 47 48 49 52 53 55 56 62 
63 64 66 69 70 71 73 75 76 78 80 81 
82 83 84 90 91 92 93 95 96 98 99 102 
103 106 108 110 113 114 115 116 119 122 123 125 
127 128 129 131 134 135 136 137 139 140 142 144 
148 149 154 158 160 162 163 166 169 170 173 175 
178 183 185 187 188 189 192 195 196 199 201 202 
203 204 208 211 215 217 218 219 224 225 227 228 
232 234 235 236 238 239 240 243 244 247 249 252 
254 257 258 261 262 265 266 267 273 274 275 278 
279 280 282 283 285 287 290 291 292 297 299 300 
301 302 303 304 310 313 318 320 327 329 330 333 
334 335 339 341 343 346 347 348 349 350 354 355 
356 357 360 361 362 363 366 368 375 377 382 383 
384 385 387 389 390 392 397 398 399 400 403 405 
408 410 412 416 420 421 428 435 436 437 442 443 
444 445 448 449 450 451 452 454 455 456 462 463 
465 466 467 469 470 471 473 475 477 478 480 481 
484 488 490 493 495 496 502 503 506 507 508 509 
511 512 513 515 517 519 522 523 524 526 528 530 
531 534 538 539 542 543 551 552 553 556 558 559 
562 563 564 565 566 569 572 573 574 575 576 579 
580 582 583 585 588 589 591 593 596 597 598 599 
604 606 607 611 612 617 619 621 625 626 630 633 
635 636 638 639 640 641 642 643 645 646 647 648 
649 651 655 656 657 659 660 662 663 665 671 672 
673 674 677 678 679 688 689 693 695 699 700 701 
704 706 711 713 715 717 719 721 723 724 727 728 
732 733 734 735 736 738 739 740 743 744 749 750 
751 755 757 761 762 764 765 768 769 770 771 772 
773 776 777 778 779 781 783 784 786 790 792 793 
795 796 797 800 
406
1 2 3 5 7 8 9 14 20 23 25 26 
28 29 30 33 34 35 36 37 38 40 42 44 
46 48 49 51 52 53 54 56 59 61 63 64 
65 66 73 75 76 77 78 83 91 92 94 95 
96 97 98 99 105 106 108 109 111 114 116 118 
119 120 123 124 125 128 130 132 138 139 140 141 
142 143 144 145 146 147 148 150 151 153 154 157 
158 163 164 165 166 167 168 169 170 171 173 174 
175 176 178 179 183 188 190 194 195 196 197 198 
201 202 203 208 209 212 218 219 221 222 225 227 
230 231 232 234 235 240 241 242 244 246 247 249 
253 255 257 259 264 268 269 270 272 277 283 286 
292 293 294 295 298 302 304 305 309 311 312 313 
321 325 326 328 330 334 335 336 337 338 340 342 
343 344 345 346 347 351 352 353 355 356 362 363 
364 368 369 370 372 376 377 379 380 381 387 388 
390 391 392 395 398 401 403 405 408 409 410 412 
414 415 417 419 422 423 424 425 426 428 429 430 
432 436 437 443 445 449 450 451 452 453 456 457 
458 459 461 464 466 468 471 472 475 476 478 479 
482 485 486 487 488 489 491 492 493 494 497 498 
503 504 505 506 507 508 509 511 512 514 515 516 
521 522 526 528 529 532 533 535 543 544 547 551 
552 554 555 557 558 561 562 563 565 566 567 568 
569 570 571 573 575 577 580 585 588 590 591 593 
594 595 597 599 600 601 607 608 610 611 612 614 
618 619 621 622 624 626 627 628 629 630 632 634 
635 636 637 641 643 644 649 650 654 655 658 659 
665 666 667 670 672 673 674 676 677 683 685 687 
690 695 696 697 700 702 703 704 705 706 708 711 
712 713 715 718 719 720 722 725 726 727 729 730 
731 732 733 735 739 743 745 748 749 750 751 753 
754 756 759 761 762 764 767 768 769 773 774 776 
782 783 789 791 793 794 795 796 799 800 
378
1 3 4 5 6 8 11 12 13 15 16 19 
20 22 23 25 26 28 29 30 32 35 37 38 
45 46 54 56 57 58 60 63 66 67 68 70 
73 74 79 81 82 84 92 96 98 99 101 106 
109 113 114 116 117 118 120 121 122 126 130 132 
135 136 137 138 139 140 145 146 149 150 152 156 
157 164 165 167 171 172 173 174 175 177 178 180 
191 192 193 194 197 198 200 204 206 209 210 213 
214 215 216 220 223 224 226 229 232 233 235 237 
238 239 240 245 247 250 252 254 257 259 262 264 
267 268 270 272 273 275 279 281 282 290 291 293 
295 296 297 300 301 302 303 304 305 310 312 314 
315 316 319 323 325 327 329 333 336 337 340 346 
347 349 350 354 355 357 362 363 364 365 366 371 
372 375 376 377 381 384 385 386 387 390 391 396 
397 404 406 407 409 411 414 415 416 417 420 424 
425 428 429 431 433 437 438 439 440 441 442 444 
445 446 450 451 452 453 454 456 457 462 463 465 
467 468 472 479 481 482 483 484 485 486 489 491 
494 495 496 498 502 504 505 506 511 513 514 515 
517 519 520 522 523 525 526 527 530 534 537 538 
541 545 546 547 548 549 551 554 557 558 559 565 
567 572 573 574 575 576 577 580 581 583 585 586 
589 592 594 596 598 599 600 602 604 605 606 610 
618 621 624 625 629 634 636 638 640 641 643 644 
646 648 650 651 656 658 660 662 664 665 670 671 
672 674 675 681 682 685 694 700 701 702 703 706 
707 708 709 710 712 713 716 717 718 719 722 723 
724 726 727 729 730 731 732 735 737 738 739 740 
741 742 743 745 746 747 748 752 756 757 759 763 
764 765 767 768 770 771 772 775 776 777 779 781 
785 788 789 791 792 800 
403
2 3 4 5 8 9 12 13 15 17 24 25 
26 30 34 35 37 38 41 42 44 45 47 48 
49 50 53 55 62 63 65 77 79 81 82 83 
85 88 90 91 97 100 101 105 107 108 110 111 
113 118 120 122 124 125 126 127 130 133 135 137 
140 141 142 143 144 146 148 149 151 155 158 160 
161 163 164 165 168 169 170 171 173 177 178 179 
180 182 184 185 186 187 189 190 191 192 197 198 
201 202 203 208 209 216 217 219 220 221 222 223 
224 226 227 231 232 234 238 243 244 246 248 249 
250 253 255 257 258 259 260 262 264 267 269 271 
272 273 275 276 277 278 280 281 282 283 284 286 
288 289 291 294 295 297 301 302 303 304 307 308 
309 313 314 315 316 318 319 323 324 326 327 328 
329 330 332 335 336 338 342 343 345 346 347 349 
351 352 353 357 360 363 367 370 371 372 373 374 
376 381 385 388 389 393 394 395 396 397 399 400 
401 402 403 404 406 411 412 413 414 415 417 420 
421 422 430 441 442 443 444 445 450 451 453 454 
455 456 462 463 464 465 466 467 469 471 472 473 
474 475 476 477 478 480 483 485 486 487 488 489 
492 494 495 496 497 498 499 500 501 502 503 505 
507 508 510 512 516 519 520 521 526 528 530 532 
533 535 536 537 538 542 544 548 549 551 553 554 
555 556 557 559 561 564 566 567 568 569 570 571 
574 576 579 580 582 583 587 589 590 592 594 595 
596 599 600 601 609 610 616 617 618 619 622 623 
624 625 626 632 635 637 640 641 642 643 645 646 
647 648 649 650 651 653 654 660 661 663 664 668 
670 671 672 678 679 681 682 690 691 698 699 703 
709 710 712 714 716 718 722 724 725 728 729 730 
731 733 734 736 738 741 742 743 747 754 758 762 
763 764 765 766 771 772 774 775 776 781 782 783 
787 788 789 791 792 794 796 
392
1 2 3 4 5 7 9 10 12 13 14 16 
19 22 25 26 29 31 32 34 38 41 42 45 
46 52 54 55 60 61 63 64 68 69 70 74 
75 76 77 79 80 84 85 87 89 90 93 94 
97 98 99 100 102 103 105 106 107 109 113 115 
119 120 121 123 124 125 127 129 130 136 137 139 
140 143 147 148 150 151 152 153 156 159 162 163 
166 168 170 174 179 180 181 183 186 189 190 191 
192 193 196 198 199 200 202 203 204 205 206 207 
209 210 211 222 225 227 228 230 231 232 233 234 
237 239 245 247 248 252 257 259 260 261 262 263 
264 265 266 269 270 271 279 281 285 287 290 293 
294 295 296 300 302 304 306 308 309 313 317 323 
325 326 332 333 334 337 338 339 340 342 344 345 
348 349 351 353 354 356 359 361 362 363 365 366 
369 371 372 374 375 378 379 383 387 391 392 399 
400 402 403 404 406 414 416 417 418 420 422 423 
425 427 429 431 433 434 435 437 438 439 440 441 
442 447 449 451 453 454 455 461 462 463 466 468 
470 473 474 475 477 478 480 482 483 484 485 489 
490 493 496 497 498 501 503 504 506 507 509 511 
513 515 517 520 522 523 524 533 535 536 538 539 
543 544 546 547 550 552 553 554 556 557 558 559 
560 561 564 566 567 570 571 572 573 574 576 577 
579 584 587 589 590 592 599 601 603 604 607 608 
611 612 621 622 626 633 635 639 641 642 644 646 
648 650 657 663 664 667 671 674 675 677 678 680 
684 685 686 687 689 690 691 693 694 695 697 698 
700 701 702 703 704 707 709 711 713 714 718 719 
720 721 723 724 725 728 731 732 733 734 736 737 
740 744 745 746 750 752 755 757 759 762 764 767 
768 770 772 773 776 778 779 781 783 784 787 788 
789 790 791 793 794 795 796 797 
382
2 4 5 6 10 11 14 16 17 20 21 22 
24 26 28 30 32 39 40 42 43 44 45 46 
47 49 50 51 52 53 54 55 57 60 62 67 
69 70 71 72 73 75 76 77 78 80 82 83 
84 86 87 88 92 96 99 100 101 102 104 106 
108 112 113 117 120 121 125 126 127 130 131 132 
139 142 143 145 146 147 149 150 151 153 154 158 
160 162 163 164 169 170 172 173 177 178 179 180 
181 182 184 186 188 189 190 191 193 195 196 197 
203 204 206 209 210 212 214 215 216 218 219 220 
222 226 227 233 236 238 239 241 242 246 247 250 
254 255 257 258 259 260 261 263 266 267 268 271 
272 273 274 279 282 285 287 289 290 292 295 299 
300 301 306 309 311 316 317 319 320 323 325 327 
331 333 339 344 346 348 349 352 353 354 355 359 
360 362 363 366 367 368 369 371 373 375 376 378 
379 383 384 385 386 387 389 394 396 397 398 399 
400 401 402 406 409 411 412 413 414 415 417 418 
419 420 421 424 427 430 434 437 438 439 442 443 
444 448 449 450 452 455 456 457 458 459 465 467 
468 472 474 475 476 479 483 485 487 493 495 496 
498 501 503 507 511 512 513 514 516 517 524 525 
526 528 531 533 534 536 537 539 540 543 544 546 
547 550 554 555 556 558 559 562 565 567 568 571 
577 578 579 580 588 590 591 593 594 595 596 598 
602 604 605 606 614 615 616 624 625 629 631 632 
634 635 636 637 638 642 643 645 646 648 650 651 
652 653 655 656 658 659 663 664 665 668 669 671 
678 679 683 688 691 692 693 694 697 703 705 706 
707 719 720 723 724 725 728 731 732 736 739 740 
741 743 744 745 749 750 754 757 760 764 768 771 
776 779 782 783 785 786 790 793 797 800 
396
3 5 8 9 11 12 13 14 15 16 18 19 
21 22 25 26 27 29 30 31 32 33 34 37 
39 40 41 42 44 45 46 47 50 51 55 57 
59 61 62 63 65 67 69 70 74 79 83 84 
85 87 89 92 93 94 97 98 99 100 102 105 
107 111 112 115 116 117 118 120 121 122 125 126 
130 131 132 133 134 140 144 147 148 149 150 151 
153 154 155 157 158 160 161 163 164 165 166 167 
168 171 173 174 175 178 181 183 185 189 191 192 
196 200 201 203 206 207 210 213 217 225 226 229 
230 233 234 246 247 249 251 254 260 261 262 263 
264 265 266 267 269 271 272 273 274 277 279 280 
282 284 289 294 296 299 301 302 303 304 305 306 
308 309 311 313 315 316 323 324 330 332 333 335 
338 339 342 343 344 345 347 348 349 350 353 354 
356 358 362 363 364 366 368 369 370 371 375 376 
377 381 384 386 388 390 392 393 394 398 399 400 
401 402 407 408 409 410 415 416 419 421 423 427 
428 432 433 434 437 438 441 442 444 448 450 451 
452 453 455 456 462 465 468 469 473 477 478 481 
482 483 484 485 486 489 490 492 498 500 501 505 
509 512 513 514 517 520 524 526 529 531 533 535 
536 537 540 542 543 545 546 547 549 550 551 554 
555 556 557 559 565 566 569 570 573 575 577 580 
581 582 586 588 591 593 594 595 596 597 598 603 
604 605 608 609 611 614 615 618 621 623 624 625 
628 630 631 634 638 639 643 644 649 650 652 653 
654 656 659 661 662 664 666 667 668 669 671 672 
674 675 677 678 682 683 684 687 691 695 698 699 
700 701 705 707 708 713 714 720 721 724 725 729 
730 731 734 735 738 741 742 743 745 747 750 751 
753 754 755 758 759 761 763 764 765 766 767 770 
771 773 780 782 784 785 786 791 792 793 797 798 
410
1 2 4 9 10 11 13 14 15 16 17 18 
19 20 21 24 26 27 31 32 35 36 37 38 
39 42 46 49 50 51 52 53 56 60 61 62 
64 65 66 67 70 71 72 74 76 77 80 82 
83 86 87 88 89 91 95 96 97 98 100 103 
105 106 107 109 111 112 117 118 119 125 126 129 
130 131 133 135 136 137 139 140 141 142 143 146 
150 152 155 156 157 158 160 167 169 170 174 178 
180 183 184 185 186 187 189 191 193 195 197 198 
199 203 204 205 206 207 208 209 210 211 214 217 
218 220 222 224 225 227 229 231 232 237 239 242 
243 244 246 249 250 252 253 254 255 257 258 259 
260 261 262 263 264 268 269 270 271 274 276 279 
280 282 283 284 286 287 288 290 294 295 297 298 
301 302 306 308 311 313 314 315 316 317 318 320 
322 323 328 329 330 331 337 338 339 347 348 349 
352 353 355 356 358 359 361 363 365 369 371 376 
378 380 381 382 383 384 385 388 389 393 395 396 
400 401 402 404 405 406 407 409 410 412 413 415 
416 418 420 421 422 429 430 437 441 448 452 455 
456 458 459 460 461 462 463 468 469 470 471 473 
474 477 480 481 483 485 487 489 491 492 494 495 
498 501 502 504 508 509 511 515 516 519 520 521 
523 524 526 527 529 535 540 541 544 545 547 551 
552 553 554 555 557 558 559 562 563 564 567 570 
571 575 577 578 580 582 583 585 589 594 596 601 
604 605 607 609 611 614 616 617 619 622 624 625 
626 628 629 632 633 634 636 637 639 640 647 652 
653 656 657 660 664 665 666 667 669 672 674 675 
677 680 681 682 686 688 691 693 694 695 697 701 
702 704 706 707 708 709 710 712 713 714 715 716 
718 719 720 726 727 728 730 735 737 739 745 746 
749 751 752 754 756 757 759 761 762 763 764 768 
770 776 777 779 781 783 784 785 787 788 790 793 
795 799 
402
1 5 8 11 14 15 20 25 26 28 31 32 
33 34 35 36 39 40 42 43 47 48 49 51 
57 58 59 61 62 63 64 65 69 70 74 75 
76 80 84 85 87 88 89 90 92 93 94 97 
100 104 106 107 110 111 112 113 114 115 116 119 
120 121 122 126 130 132 133 135 140 141 148 150 
151 154 155 156 157 158 162 163 164 166 167 169 
171 172 175 176 180 181 182 183 185 186 187 189 
191 192 193 194 202 203 207 212 213 214 215 218 
220 222 224 227 229 230 231 232 233 234 235 237 
241 242 243 248 249 250 251 255 257 258 259 261 
264 269 270 271 273 274 277 278 279 280 281 285 
287 288 292 294 295 296 298 302 303 305 306 307 
309 310 312 313 314 318 319 320 321 323 325 332 
333 337 338 340 341 343 344 348 350 351 352 354 
355 356 358 363 364 366 367 369 375 377 378 379 
382 383 384 385 386 390 392 393 398 399 400 401 
402 403 405 406 408 409 411 412 417 418 420 421 
423 426 427 430 431 432 434 435 436 437 439 441 
442 446 447 448 449 453 457 458 461 464 467 468 
469 470 473 474 475 476 478 481 484 485 486 490 
491 492 501 503 504 507 509 510 511 512 513 514 
515 519 521 522 524 529 534 536 544 547 550 551 
552 554 555 557 561 562 568 572 574 577 579 580 
581 582 586 587 589 590 591 593 595 597 599 602 
604 605 606 607 609 610 612 613 614 616 618 620 
621 622 625 628 629 631 632 633 634 637 640 642 
643 645 647 649 650 651 654 656 657 659 660 663 
664 668 670 671 672 675 676 677 678 680 681 687 
690 691 693 694 696 701 703 705 706 707 708 709 
710 711 713 714 717 724 729 738 739 741 743 744 
745 747 748 752 754 755 760 761 762 763 764 765 
769 770 771 775 777 783 784 785 786 787 788 790 
791 793 796 798 799 800 
395
1 2 3 4 7 14 16 17 21 24 27 28 
29 30 31 33 34 37 38 39 40 42 43 45 
48 49 50 51 52 54 56 59 63 64 65 70 
71 73 74 76 79 81 83 84 86 88 90 91 
93 94 102 103 105 106 107 108 109 110 112 113 
118 121 122 126 127 128 130 131 133 137 140 142 
144 145 147 149 150 151 153 155 156 157 158 160 
164 165 166 167 168 170 172 175 176 179 181 182 
188 189 190 195 196 197 198 201 202 203 204 206 
207 209 210 214 217 218 219 220 222 227 232 234 
237 239 241 245 248 253 255 256 259 260 262 264 
271 274 277 279 280 281 282 284 287 289 292 293 
295 296 299 301 304 305 306 308 310 311 313 318 
320 322 326 327 328 329 330 332 335 337 342 344 
346 347 348 351 352 359 362 363 366 369 373 374 
376 378 380 381 384 387 388 389 390 392 394 395 
396 397 401 403 404 405 408 409 411 414 415 417 
419 422 426 427 428 432 434 436 437 439 440 441 
444 446 448 449 453 459 460 461 463 464 466 467 
468 470 471 472 474 475 476 480 481 482 484 485 
488 490 491 494 496 498 499 500 502 505 510 511 
512 514 516 518 520 523 524 525 527 529 530 534 
535 536 538 544 545 546 548 552 553 555 557 559 
560 562 564 565 568 569 570 572 580 583 584 587 
588 590 591 592 595 596 599 600 602 603 604 609 
610 611 612 613 614 615 618 620 625 626 629 630 
632 634 635 636 640 641 644 648 651 656 657 660 
661 662 663 664 666 667 668 669 671 673 674 676 
677 678 679 683 686 687 688 691 697 701 702 703 
704 706 707 709 710 712 714 715 717 718 719 720 
725 726 727 730 732 733 735 736 738 741 742 744 
746 753 754 755 756 759 760 763 767 768 769 774 
775 781 782 784 786 789 793 794 796 797 798 
409
8 9 12 13 15 16 19 21 22 23 27 28 
30 31 32 33 35 36 37 38 41 42 45 47 
52 53 54 55 56 58 59 60 61 62 63 64 
65 68 69 70 72 74 76 78 80 82 85 87 
90 91 92 94 96 98 101 103 104 108 111 112 
113 115 121 124 126 129 132 134 136 137 138 139 
140 145 148 149 151 157 160 162 163 164 165 167 
168 170 171 175 177 179 180 182 183 184 185 186 
187 191 193 195 196 197 199 200 202 203 206 207 
209 213 215 216 220 223 224 225 227 230 231 232 
233 237 239 240 241 242 243 244 247 248 249 250 
252 255 258 259 261 264 265 266 267 268 272 273 
275 276 277 279 283 285 286 287 288 289 290 291 
293 294 295 296 299 302 304 305 310 311 312 313 
317 318 319 321 322 323 324 326 327 329 334 337 
338 339 343 345 346 347 350 352 353 359 362 365 
367 368 373 374 375 376 377 386 390 392 394 397 
399 401 402 405 409 411 416 417 418 422 424 427 
429 433 439 442 443 448 450 452 455 456 459 463 
467 468 472 473 483 485 486 490 491 493 494 495 
499 500 501 506 510 512 514 516 520 521 524 525 
527 530 531 534 535 536 537 538 540 541 544 545 
546 547 548 549 550 553 554 555 556 560 561 566 
568 569 570 572 576 577 578 579 580 582 583 584 
585 587 588 591 593 594 595 597 599 602 603 604 
605 608 610 611 612 613 615 616 618 619 623 624 
626 629 632 633 636 637 639 640 641 642 644 645 
647 649 650 652 653 654 657 659 661 662 663 664 
667 669 670 673 675 676 678 680 681 685 687 688 
692 694 695 696 699 700 701 704 706 707 712 716 
717 719 720 721 722 723 726 728 729 731 735 737 
738 740 745 746 748 751 752 753 754 755 756 758 
760 761 762 764 765 768 772 773 774 775 776 777 
778 779 780 782 783 785 786 790 792 793 794 798 
799 
401
1 2 3 4 6 8 10 12 15 20 21 24 
25 27 28 31 33 34 37 38 41 42 44 45 
46 50 51 52 54 55 59 61 62 63 64 66 
67 75 76 77 78 79 80 84 86 87 92 93 
94 95 97 99 100 102 103 104 107 108 109 114 
115 118 120 121 122 123 124 127 128 129 130 133 
134 137 138 140 142 143 147 148 149 151 152 159 
164 165 168 172 173 177 178 180 181 182 184 188 
189 190 191 194 196 197 198 199 200 202 204 205 
208 209 212 213 214 215 216 217 220 222 223 224 
225 226 227 228 229 230 232 234 236 237 238 239 
241 243 244 247 248 249 250 251 254 259 260 262 
263 269 270 271 274 275 277 282 283 284 290 291 
294 295 298 299 303 306 308 310 313 314 315 316 
317 319 320 322 325 326 330 333 336 341 343 345 
346 347 349 353 354 356 360 365 367 369 370 380 
382 384 385 389 392 394 397 398 400 403 405 406 
407 408 410 413 414 417 419 421 422 423 425 426 
427 430 431 432 434 438 439 440 442 443 444 449 
454 455 458 461 462 466 468 470 471 472 479 480 
483 485 486 487 489 492 494 497 500 503 504 505 
506 507 508 509 511 514 515 518 520 523 524 525 
526 529 530 533 536 537 540 541 547 551 553 554 
557 558 559 561 564 568 569 571 572 573 579 583 
584 585 586 587 588 589 590 591 593 596 597 598 
600 601 602 604 605 607 611 612 614 617 619 621 
624 625 627 628 630 631 632 633 636 637 640 642 
643 645 646 648 653 654 656 657 658 659 660 662 
663 664 665 668 670 674 675 677 678 679 680 681 
683 691 692 695 700 701 702 703 704 705 707 709 
710 713 714 716 718 720 727 729 732 734 735 736 
739 740 748 749 750 751 752 753 754 757 759 760 
761 764 766 768 771 772 773 778 779 780 781 787 
792 794 795 797 798 
409
1 5 7 8 9 10 11 12 13 14 15 17 
19 20 21 22 24 27 28 29 30 35 36 37 
39 40 41 44 45 46 47 49 53 55 56 57 
58 59 60 65 67 68 70 72 74 75 76 77 
80 81 82 84 91 92 94 95 98 100 104 108 
112 116 120 121 122 123 124 125 129 133 136 139 
144 145 148 149 152 153 155 156 157 159 164 165 
169 172 173 175 178 183 184 186 188 189 190 191 
195 196 197 198 200 204 206 208 209 211 212 214 
217 218 219 220 223 224 229 233 234 236 238 239 
240 241 246 247 249 251 252 255 260 262 264 265 
266 267 268 269 273 275 276 279 282 289 291 292 
293 296 297 299 301 305 307 309 310 314 315 317 
318 319 320 321 322 325 333 336 340 341 344 348 
351 354 355 358 360 361 362 363 365 366 374 375 
377 379 381 385 386 387 389 390 393 394 395 399 
400 403 404 405 406 408 412 414 415 418 419 420 
421 422 423 425 427 434 435 436 437 438 439 442 
445 446 450 452 453 454 455 457 458 460 466 468 
470 471 472 473 477 478 479 482 483 485 489 490 
491 492 493 497 498 499 502 504 505 510 511 512 
514 520 526 528 529 530 532 538 541 544 545 546 
551 552 553 556 559 564 566 567 568 569 571 572 
573 574 576 577 578 579 580 581 582 583 585 586 
587 589 593 594 596 597 599 602 605 606 607 609 
610 611 612 613 614 615 616 617 619 623 624 626 
628 629 630 631 632 633 635 637 639 640 644 645 
647 648 651 653 655 659 660 661 662 665 666 668 
669 670 672 675 676 677 678 679 680 681 684 686 
687 689 692 694 695 696 697 699 702 704 705 706 
710 711 714 716 718 721 722 723 724 725 728 729 
731 732 733 735 737 739 740 741 743 746 750 756 
758 765 766 768 769 771 773 774 775 776 777 778 
780 782 787 788 789 791 792 793 794 797 798 799 
800 
403
1 2 4 6 8 9 12 14 16 17 23 25 
26 27 28 29 31 33 35 38 40 41 43 47 
49 50 52 55 56 57 61 62 64 67 71 76 
77 78 82 83 88 90 91 92 93 95 96 97 
98 100 101 105 108 109 110 111 114 116 118 119 
120 123 126 128 129 131 134 135 137 138 139 140 
142 143 149 153 155 158 159 160 161 162 164 166 
168 170 172 174 175 176 178 179 184 185 187 189 
190 191 192 193 195 196 197 198 202 205 207 208 
211 213 215 216 217 218 219 220 224 228 233 234 
238 239 240 241 244 247 249 250 255 256 257 259 
262 263 267 268 270 272 273 274 279 280 284 285 
288 295 296 297 298 302 304 305 306 309 310 314 
316 318 320 321 322 324 326 330 331 333 336 337 
338 341 343 344 345 346 347 351 352 355 358 361 
362 366 367 368 369 371 376 378 379 380 383 385 
386 388 389 391 393 395 398 400 401 404 410 411 
413 414 415 416 417 420 421 424 426 430 431 433 
434 435 438 441 442 444 446 449 450 451 452 453 
456 458 461 463 464 465 466 468 469 470 472 473 
476 477 478 479 481 482 483 484 486 487 488 491 
493 496 498 499 501 504 507 508 512 514 515 519 
527 528 529 530 532 533 534 535 538 540 541 542 
544 545 546 548 549 550 554 555 556 558 561 562 
563 565 571 573 575 580 581 582 583 584 589 590 
591 597 598 602 604 605 610 612 613 615 619 626 
628 630 632 636 637 639 640 641 642 643 646 648 
649 651 654 658 661 663 664 667 668 670 672 673 
674 677 678 679 681 682 686 691 692 693 694 695 
697 700 702 703 704 706 708 709 710 713 714 716 
719 720 721 722 724 727 728 729 734 738 739 740 
741 742 744 747 749 750 752 755 757 758 759 760 
761 765 766 768 770 771 772 777 780 783 785 788 
789 792 793 797 798 799 800 
405
2 5 6 10 12 13 16 18 19 20 21 24 
26 27 28 30 34 35 37 39 41 43 44 47 
48 50 54 56 57 59 61 62 63 64 65 66 
67 69 70 72 73 74 76 78 79 80 81 82 
83 85 86 88 89 91 92 96 97 99 100 101 
104 105 106 111 113 116 118 126 127 128 129 130 
131 132 135 136 139 140 141 142 144 149 150 152 
153 155 156 157 160 163 164 168 170 171 178 181 
182 183 187 191 192 193 194 195 196 198 199 200 
201 202 203 208 209 210 212 214 215 218 220 221 
222 223 225 230 232 233 234 235 236 238 241 242 
243 245 246 250 251 253 255 256 257 258 260 261 
262 263 264 265 266 267 268 274 290 293 295 296 
301 303 305 306 307 308 311 314 315 316 319 322 
324 330 332 333 334 335 338 339 344 345 346 348 
350 355 357 359 360 362 363 364 366 369 371 374 
375 376 377 383 386 387 390 391 393 395 396 397 
401 403 404 406 407 409 412 415 416 418 420 425 
426 427 434 435 437 438 439 443 445 446 448 449 
454 455 457 458 459 462 468 471 472 475 476 477 
478 481 482 483 484 486 487 494 501 503 506 507 
508 511 512 515 517 519 521 522 526 527 529 531 
532 536 538 539 540 543 547 548 549 553 556 558 
559 563 567 568 570 573 575 577 578 579 584 585 
590 593 595 596 598 600 602 605 607 608 609 610 
611 615 625 627 628 629 630 634 635 636 638 639 
641 642 646 648 649 654 655 656 658 659 660 661 
662 663 665 667 668 669 670 671 672 675 676 677 
680 682 683 684 690 691 693 694 695 698 700 701 
705 706 707 711 714 715 716 717 718 720 722 723 
724 726 727 728 730 731 732 736 737 738 739 740 
744 745 746 750 752 754 758 759 760 761 762 765 
766 768 769 770 771 773 775 777 778 779 783 784 
785 787 791 793 795 797 798 799 800 
394
2 3 8 9 11 14 15 18 19 20 23 24 
27 29 30 31 32 36 39 40 41 42 43 44 
45 46 48 51 52 53 55 57 59 61 62 64 
65 67 69 70 71 73 75 78 79 80 81 82 
84 85 87 89 91 93 97 98 100 101 111 112 
113 114 117 118 119 121 122 124 125 126 127 130 
131 132 134 135 137 138 140 147 149 151 154 156 
159 160 163 165 166 167 171 179 181 186 188 189 
191 193 194 195 196 199 204 206 207 208 211 212 
217 218 219 222 223 226 227 228 230 231 232 235 
236 237 239 241 242 243 244 246 247 250 251 253 
255 256 257 262 265 266 267 268 270 272 273 274 
276 277 281 283 284 287 288 289 290 291 292 295 
296 299 301 302 303 305 306 307 308 310 311 312 
315 319 322 324 325 326 327 328 329 330 331 334 
335 337 339 340 341 342 344 349 350 352 354 358 
359 366 367 368 370 374 375 376 383 384 386 387 
388 389 390 392 394 395 397 400 402 404 407 409 
410 411 413 415 417 424 425 430 432 435 438 442 
443 445 448 449 450 457 458 459 460 466 468 471 
473 474 481 482 483 484 486 487 488 490 492 493 
494 496 497 498 501 505 506 509 510 511 512 513 
515 516 520 521 522 526 527 528 530 532 533 534 
536 537 538 539 540 541 544 546 547 549 550 554 
555 556 558 559 560 564 565 566 568 570 572 573 
576 578 580 585 588 590 591 592 596 597 598 600 
603 605 606 608 610 611 612 613 614 617 619 621 
622 623 629 631 632 635 636 637 639 642 644 655 
656 657 659 663 665 666 667 670 671 673 675 678 
679 680 682 683 685 687 691 692 693 695 697 699 
700 702 709 711 714 715 720 727 729 730 734 737 
739 742 743 746 754 759 762 766 767 768 770 771 
773 775 776 784 785 786 791 794 795 798 
393
1 4 5 6 7 12 13 14 15 19 20 21 
24 25 26 27 30 31 38 39 43 44 45 46 
47 48 49 53 56 57 60 62 63 67 69 71 
72 76 77 82 83 85 86 87 88 89 91 98 
99 100 101 102 103 104 106 107 108 109 111 114 
115 118 121 128 130 131 134 135 136 139 140 142 
144 147 148 152 153 155 157 163 164 166 168 169 
170 172 174 177 179 182 184 186 188 189 190 191 
194 195 196 197 199 203 204 205 207 208 209 210 
212 213 214 217 222 228 229 233 234 235 237 238 
241 242 244 245 249 250 252 254 255 257 260 261 
262 263 264 266 270 271 276 277 279 280 284 288 
290 291 295 296 298 300 302 303 305 306 308 310 
312 313 315 316 317 320 321 323 324 325 331 332 
333 334 335 336 339 340 344 345 346 348 352 353 
355 358 360 363 364 365 368 371 372 373 375 376 
377 378 379 380 382 384 385 388 389 390 392 394 
396 400 401 403 404 405 407 409 411 412 414 417 
421 422 430 431 433 438 439 440 444 445 450 455 
460 462 465 466 469 471 472 473 474 477 478 481 
482 483 484 491 492 493 495 497 500 502 503 504 
508 510 511 513 514 515 517 518 519 521 522 523 
525 526 531 532 533 534 535 538 539 541 547 550 
552 554 558 563 566 567 569 570 571 573 574 575 
576 577 578 581 585 586 587 589 593 594 596 597 
601 603 604 605 610 613 615 616 618 621 624 625 
627 629 632 634 639 640 643 644 647 650 651 653 
656 657 660 662 663 664 665 668 670 673 675 676 
677 679 680 681 683 684 686 688 694 695 697 698 
700 704 706 709 714 716 717 720 721 722 725 726 
729 730 731 732 733 735 736 737 744 746 747 757 
759 763 765 767 768 769 771 773 775 781 782 783 
784 789 790 792 794 795 797 798 799 
408
1 6 7 9 11 14 19 20 21 22 25 29 
30 31 32 34 37 42 43 44 45 46 51 57 
58 59 60 63 64 65 66 69 70 71 75 76 
77 78 81 82 84 88 89 90 91 92 93 94 
95 96 98 104 106 107 110 115 118 123 127 128 
132 133 134 135 137 140 141 142 144 145 146 149 
152 156 157 158 160 166 167 171 173 175 177 178 
180 185 186 187 189 192 198 201 202 203 205 206 
209 211 212 213 214 215 218 219 224 226 227 231 
233 235 236 237 238 241 242 243 244 245 246 247 
248 249 250 252 254 257 260 262 263 264 265 266 
268 271 272 273 274 275 276 278 281 284 285 287 
289 293 295 297 298 299 302 304 305 306 308 309 
313 315 316 318 321 323 330 331 335 337 338 345 
346 349 350 356 357 358 359 360 362 365 368 370 
371 375 376 377 378 384 385 387 388 390 398 402 
403 406 407 408 409 410 413 414 415 418 420 421 
422 423 424 426 427 428 431 432 434 435 437 438 
439 440 442 444 445 446 450 453 454 456 458 460 
461 462 465 470 471 476 477 478 479 484 485 487 
488 491 492 494 499 502 504 507 508 509 510 511 
515 522 523 526 529 530 531 532 534 539 540 543 
544 545 546 547 548 550 552 553 554 555 560 564 
565 566 567 569 572 574 576 579 581 582 583 584 
585 588 589 590 592 595 597 598 599 602 604 605 
606 607 608 613 614 617 618 621 624 625 629 630 
631 633 636 638 639 640 646 647 648 649 650 651 
652 655 656 658 660 661 663 664 669 670 671 672 
673 675 676 677 678 679 681 682 684 685 686 687 
690 694 696 701 702 704 705 707 708 709 711 712 
714 716 718 719 720 721 726 728 730 733 734 735 
736 740 742 743 745 746 747 750 754 755 757 758 
759 761 762 763 764 765 766 768 769 770 775 777 
780 782 783 786 788 789 791 792 794 795 796 800 
396
2 3 6 7 8 9 19 21 24 26 28 29 
31 32 35 36 38 40 41 42 43 48 50 51 
52 56 57 58 60 62 63 64 65 71 73 74 
75 76 78 81 82 84 85 86 88 91 92 93 
95 98 100 102 105 108 112 114 115 116 119 120 
123 124 126 127 128 129 130 132 133 134 137 139 
140 142 144 148 151 152 154 159 162 163 165 167 
171 172 175 176 178 183 184 185 187 190 191 195 
202 203 204 212 214 216 219 221 223 226 227 229 
232 233 234 236 237 240 243 247 250 253 254 255 
256 258 260 263 266 268 271 274 276 278 280 282 
286 288 290 294 295 298 299 300 306 309 310 311 
312 313 314 316 317 319 320 321 322 323 325 327 
333 334 339 341 343 346 348 349 350 352 353 355 
357 358 360 364 366 369 370 372 373 374 378 379 
380 381 387 389 390 391 392 395 396 400 401 404 
406 409 410 413 417 418 422 423 424 425 426 429 
430 432 433 434 436 439 442 443 444 446 447 448 
450 455 457 459 460 461 463 464 465 467 471 474 
475 477 479 480 481 482 485 487 489 492 493 494 
495 498 503 504 505 508 510 512 513 515 517 518 
519 521 522 524 525 526 528 529 530 536 539 540 
544 545 548 549 550 552 553 557 558 559 560 563 
570 575 576 577 578 580 582 583 590 591 592 594 
595 598 599 603 608 609 610 611 613 614 615 616 
620 622 623 624 625 626 627 632 633 634 635 636 
638 640 641 644 646 649 651 653 655 656 660 662 
663 664 667 668 670 673 674 675 676 678 680 681 
684 685 686 688 689 692 693 694 695 696 697 699 
700 702 709 712 713 715 717 720 722 724 728 729 
732 733 734 735 738 739 742 746 748 751 754 756 
757 760 762 764 765 766 769 770 771 773 776 779 
780 781 783 784 786 790 791 793 794 797 798 799 
384
3 4 5 6 8 9 10 11 15 16 18 23 
26 28 29 31 32 33 34 37 39 43 49 53 
56 58 63 68 70 71 75 77 78 79 82 84 
87 88 89 90 93 95 96 97 102 104 108 112 
114 115 116 117 120 123 124 126 129 131 133 134 
138 139 140 147 148 152 153 154 155 158 159 161 
162 164 165 166 167 170 173 180 184 187 189 192 
196 198 202 203 205 206 207 210 211 214 216 218 
220 221 225 227 229 230 231 235 237 238 239 240 
243 245 246 247 249 250 251 253 255 260 262 269 
270 272 273 275 276 277 281 283 285 286 291 292 
293 294 295 299 301 306 307 308 309 311 313 318 
319 321 322 323 324 327 328 329 332 333 335 336 
337 338 340 346 348 349 352 353 354 356 359 360 
362 363 364 365 366 368 370 377 378 379 382 383 
384 386 388 389 391 392 393 396 399 401 403 405 
408 411 418 420 421 422 425 429 433 435 436 439 
440 442 444 445 447 452 453 454 460 463 464 468 
469 471 472 473 474 481 486 487 488 489 492 495 
498 501 504 508 509 513 514 520 522 523 528 529 
530 533 534 535 541 542 543 544 546 548 549 550 
554 556 557 558 561 564 565 566 568 569 575 578 
583 584 585 587 588 591 593 594 596 598 603 605 
606 607 608 610 611 613 614 616 617 620 621 622 
623 624 626 627 629 632 633 634 635 641 642 644 
645 648 649 655 658 660 664 665 666 667 670 671 
674 677 679 681 684 685 688 689 691 692 695 697 
700 701 703 707 708 709 710 711 712 713 714 715 
717 720 721 723 724 725 726 730 731 733 734 736 
737 742 745 746 747 748 750 751 752 753 754 756 
758 761 763 768 769 770 771 774 776 777 778 779 
780 782 783 787 788 790 791 794 797 798 799 800 
387
1 3 4 7 8 11 12 13 14 17 18 19 
25 26 32 34 37 39 40 42 46 49 51 60 
61 62 64 69 73 74 76 77 80 81 85 86 
88 91 94 102 103 105 108 112 114 115 118 120 
121 122 124 125 129 130 132 134 136 137 139 140 
141 143 144 145 146 150 154 159 160 161 163 165 
172 175 177 178 179 181 182 183 184 185 186 189 
190 191 195 196 199 205 209 211 212 213 214 216 
219 221 222 224 226 228 230 231 233 237 238 240 
242 243 244 245 248 250 251 253 255 257 262 264 
267 268 269 271 273 277 279 280 284 286 288 289 
291 293 297 300 301 302 303 304 306 307 311 314 
315 317 318 319 321 325 326 329 330 332 334 335 
337 339 340 341 343 344 346 347 348 349 352 353 
355 356 359 360 361 363 366 367 369 371 374 377 
378 379 381 382 385 387 388 392 393 396 398 401 
403 405 409 410 414 415 419 422 423 424 425 428 
429 430 431 438 442 446 447 450 451 452 454 455 
459 460 461 462 463 471 472 473 474 476 479 480 
481 482 483 486 487 488 490 493 495 498 499 501 
507 513 514 516 517 520 521 522 523 525 529 530 
531 532 533 534 535 537 538 541 544 545 549 550 
551 552 554 557 559 560 561 563 566 568 572 575 
576 577 583 585 588 589 592 593 594 597 598 599 
603 605 606 608 609 611 618 620 624 625 626 628 
629 631 632 633 634 635 636 640 641 642 645 647 
650 651 652 653 654 655 660 661 662 663 664 665 
667 668 670 672 674 675 677 680 681 684 685 686 
688 691 692 694 695 697 699 701 705 706 714 715 
716 717 719 720 721 723 724 726 727 728 730 732 
735 736 743 747 751 752 754 755 758 760 763 764 
766 768 769 770 774 775 779 782 783 785 786 789 
791 797 800 
400
3 5 6 8 10 11 15 18 21 22 24 25 
28 31 37 38 39 42 45 46 47 48 49 51 
52 53 54 58 59 61 64 65 66 67 70 74 
75 76 77 80 81 82 83 84 85 86 88 90 
92 94 95 96 97 98 99 100 101 108 110 111 
112 115 117 119 120 121 122 125 128 131 132 133 
136 137 138 140 141 142 145 146 147 150 152 155 
156 157 158 159 163 168 170 171 172 174 175 176 
179 180 181 184 185 188 189 191 192 195 196 197 
202 203 204 205 206 207 209 212 216 217 219 221 
224 227 228 229 230 234 235 236 244 247 248 255 
256 257 261 262 263 264 267 268 270 271 272 273 
278 279 281 282 283 286 289 290 291 292 295 298 
299 300 301 304 306 308 310 312 313 315 316 319 
320 322 323 324 327 329 330 331 336 340 341 343 
344 345 349 351 352 353 356 359 363 366 369 371 
372 379 380 383 387 388 389 391 392 393 394 395 
396 397 398 403 405 406 407 408 409 411 413 415 
417 419 421 424 427 428 430 431 435 436 438 440 
441 442 443 445 446 451 452 456 458 460 462 463 
465 469 470 472 474 475 476 478 479 481 482 485 
486 491 492 493 495 496 497 498 503 504 506 508 
510 512 513 515 520 523 525 526 527 528 531 533 
534 535 538 540 541 542 545 546 548 549 554 557 
558 560 561 567 569 570 571 573 576 582 585 586 
589 590 592 594 598 599 601 602 605 606 607 608 
609 611 613 615 617 618 619 621 622 624 625 627 
630 635 639 642 647 649 650 654 662 667 668 669 
672 673 674 675 676 677 678 680 682 684 686 691 
693 697 698 699 700 701 705 706 707 709 710 711 
713 714 715 716 720 722 723 724 725 727 731 734 
735 737 738 739 741 743 745 747 749 759 762 764 
768 770 771 775 777 778 779 781 783 786 788 790 
795 796 797 800 
380
3 4 6 8 11 12 13 14 15 17 22 24 
25 27 29 30 32 33 34 36 37 39 40 44 
45 46 49 50 52 53 56 57 59 60 63 64 
67 68 71 75 76 77 78 79 80 83 84 85 
86 87 88 89 90 91 95 96 99 103 105 107 
109 114 117 118 120 122 125 126 127 128 131 133 
135 136 137 140 146 149 154 158 160 161 167 169 
170 172 173 176 179 180 181 182 186 189 192 193 
198 199 200 207 208 213 214 216 220 223 224 225 
227 229 234 238 242 245 246 250 253 255 256 257 
259 263 264 265 267 269 272 273 274 279 281 287 
288 291 294 295 298 299 300 301 302 303 304 308 
312 315 316 318 320 321 322 326 327 328 329 330 
331 332 336 337 338 342 344 347 348 349 352 354 
355 356 357 358 360 362 363 365 366 368 371 374 
375 376 377 378 381 382 383 385 392 395 396 399 
400 403 406 408 410 411 412 413 414 417 420 423 
424 425 426 431 432 433 435 436 438 441 445 446 
449 450 452 455 456 457 461 462 464 466 468 473 
474 475 476 477 480 483 484 487 489 497 506 508 
512 517 519 525 526 528 530 533 536 538 541 548 
549 551 553 554 557 559 561 564 566 567 568 569 
571 574 575 576 577 578 582 586 587 590 592 594 
595 597 599 601 606 607 608 609 612 616 617 620 
621 622 624 625 628 631 633 634 635 636 638 639 
648 649 651 655 656 657 659 660 661 662 664 665 
667 671 674 676 681 682 684 685 686 687 690 691 
692 698 699 700 702 703 707 710 711 713 719 722 
724 725 726 729 730 731 733 735 736 737 741 743 
749 750 751 752 753 754 756 757 758 762 763 766 
767 768 770 774 775 776 778 780 783 785 786 787 
790 792 793 794 796 798 799 800 
388
3 4 5 11 13 14 15 19 20 21 22 23 
24 27 28 29 30 31 32 33 34 35 38 39 
42 43 46 47 48 51 58 59 60 65 66 68 
72 73 78 81 83 85 87 89 93 97 101 102 
104 105 106 109 110 116 117 121 122 124 127 129 
130 132 133 134 135 138 139 140 142 144 145 148 
149 150 153 159 168 169 171 173 176 177 181 184 
185 190 191 194 195 196 197 198 199 201 202 204 
205 209 210 212 214 216 217 218 221 222 223 225 
226 227 228 230 231 234 241 243 244 246 249 250 
253 255 256 260 262 264 265 266 268 269 272 273 
274 275 278 280 285 286 287 288 289 292 293 305 
308 310 311 314 315 319 320 321 322 324 325 330 
333 335 336 337 339 342 343 349 350 352 353 355 
357 358 359 361 362 367 369 371 372 374 375 377 
379 380 383 384 385 389 390 393 394 396 397 400 
401 404 407 413 418 419 427 430 432 433 435 440 
444 447 448 449 450 451 452 453 454 456 460 461 
462 463 466 467 468 469 470 471 473 477 478 480 
481 483 484 489 490 497 499 500 504 506 510 512 
513 514 518 520 521 527 528 530 533 534 536 537 
538 540 541 544 545 546 549 552 553 554 555 556 
557 558 559 560 561 562 564 565 566 567 572 573 
575 576 577 583 584 586 588 589 592 593 594 595 
597 600 601 602 603 607 608 610 611 613 616 617 
619 620 621 622 625 626 627 628 629 631 633 634 
635 636 637 638 639 640 641 642 645 647 648 650 
653 656 659 665 667 668 669 670 672 673 676 677 
680 684 690 694 696 697 704 708 710 713 715 716 
718 719 723 724 726 727 728 731 732 733 738 739 
740 742 749 750 751 753 754 756 761 764 766 769 
771 772 777 779 782 783 784 785 786 787 789 792 
796 797 798 799 
391
2 5 7 10 11 12 14 16 17 25 29 30 
32 33 37 39 41 42 43 44 45 47 48 49 
52 57 59 61 62 64 67 68 69 71 72 73 
76 78 79 83 85 88 93 94 95 96 97 98 
100 103 106 108 112 113 114 115 116 118 119 125 
126 127 128 131 132 133 134 135 138 142 143 144 
150 151 153 154 157 158 159 160 164 165 169 171 
173 175 176 177 179 183 184 185 186 194 198 200 
211 212 214 216 218 219 220 221 222 224 227 228 
229 230 231 235 236 239 241 244 246 248 250 251 
252 253 255 256 260 261 263 264 266 270 271 272 
273 274 281 285 286 288 290 293 299 300 301 302 
304 306 308 309 311 312 313 314 315 317 318 321 
322 325 329 333 334 337 338 339 340 343 345 346 
347 348 349 351 352 354 357 358 364 367 368 379 
384 387 388 389 390 392 394 397 398 402 408 411 
412 414 415 418 420 422 425 428 430 431 433 434 
436 439 442 443 444 445 453 455 457 460 461 462 
463 465 467 468 470 471 472 478 481 483 484 486 
489 491 492 493 495 497 500 501 503 505 506 508 
510 512 513 514 515 517 519 521 522 524 525 527 
531 532 535 536 537 538 544 545 546 548 549 552 
555 556 557 564 567 570 571 574 576 577 580 582 
585 586 587 588 589 590 592 594 595 597 599 600 
602 608 610 611 612 613 616 624 625 627 629 632 
633 634 635 638 640 641 644 645 646 647 648 650 
652 653 657 658 660 661 663 664 667 669 670 671 
673 674 675 677 678 679 681 685 686 688 689 693 
694 698 699 701 702 703 704 705 707 709 710 712 
713 715 720 721 722 723 726 727 729 731 732 734 
735 739 742 743 744 746 747 750 751 752 754 757 
761 763 765 766 774 775 778 780 786 788 791 792 
793 794 795 796 797 798 799 
397
1 5 6 7 8 9 10 14 15 20 21 22 
24 25 27 29 30 31 35 36 39 42 48 51 
54 55 58 59 62 64 65 69 70 71 73 75 
76 77 79 80 82 83 87 92 93 94 95 96 
99 100 102 104 111 112 114 115 116 117 119 121 
122 127 129 131 133 135 138 139 142 143 145 147 
149 150 151 153 155 157 158 159 160 161 164 166 
168 171 175 177 180 182 184 186 187 194 195 198 
201 203 206 208 210 211 212 213 217 218 219 222 
226 228 229 231 236 241 244 246 247 248 250 251 
252 254 255 258 260 261 263 264 265 268 269 274 
275 276 278 279 280 281 283 284 286 288 289 292 
296 297 298 300 302 304 306 313 317 318 322 325 
328 329 330 331 333 337 339 340 341 342 344 345 
346 349 351 354 355 356 357 358 359 360 362 363 
364 365 366 368 369 370 371 372 373 375 385 389 
390 392 393 394 396 399 401 404 405 407 408 412 
414 415 418 423 425 426 428 430 431 435 437 438 
440 441 443 444 445 446 447 448 450 451 455 456 
461 462 465 468 470 482 483 484 486 488 489 494 
496 497 500 501 502 503 506 507 508 509 511 512 
516 518 523 530 531 532 537 538 540 541 542 544 
545 546 547 548 549 550 551 552 555 557 558 559 
560 565 568 569 570 572 575 577 580 582 584 587 
588 589 590 593 594 595 596 600 602 603 607 608 
609 610 612 614 615 617 618 619 621 624 625 629 
631 634 635 636 637 638 639 640 642 643 644 645 
649 651 652 655 657 661 664 668 670 671 672 674 
675 677 683 685 686 687 689 692 695 697 698 704 
705 707 709 710 711 712 714 717 718 720 721 724 
725 728 729 731 732 734 735 738 739 741 747 748 
749 752 760 761 762 763 768 769 770 773 774 775 
776 777 778 779 784 786 788 793 794 795 797 798 
799 
421
1 2 3 4 5 6 7 10 13 15 17 18 
19 22 27 28 29 30 34 37 40 42 43 46 
47 48 50 52 54 55 56 57 59 60 61 63 
69 71 73 76 79 82 83 84 85 87 89 90 
91 93 94 96 97 98 99 100 101 102 103 104 
106 109 110 112 115 117 119 121 123 126 128 129 
130 132 133 134 135 137 138 140 141 144 145 146 
148 149 150 151 154 157 158 160 161 163 168 170 
171 172 175 176 177 182 183 184 185 187 190 191 
192 194 195 198 200 201 203 205 208 210 213 215 
217 218 220 222 223 224 225 227 228 229 230 232 
233 236 237 239 240 241 244 245 246 247 248 253 
254 256 257 259 263 264 267 268 269 270 272 274 
275 277 279 280 281 283 285 289 292 294 295 296 
297 300 301 302 304 305 307 309 312 313 314 315 
317 322 323 324 325 326 327 328 329 330 332 334 
336 338 341 346 348 352 357 358 359 360 362 364 
365 366 368 369 370 372 374 375 376 380 382 383 
384 385 386 389 390 395 397 399 400 405 407 408 
409 411 414 418 420 421 423 425 426 430 431 432 
436 437 438 439 444 445 449 450 451 454 455 456 
457 465 466 467 468 469 472 473 474 475 476 479 
480 482 484 488 490 491 492 494 495 497 498 500 
501 503 505 506 508 509 510 512 513 519 520 521 
522 525 527 528 530 534 536 538 540 542 543 545 
546 547 550 551 553 554 555 557 562 566 571 575 
576 581 583 586 588 590 591 592 597 598 599 600 
601 602 606 607 608 612 615 617 618 619 620 624 
626 627 633 634 635 636 637 641 642 644 645 651 
653 655 656 660 661 663 664 665 666 667 669 671 
672 678 680 681 684 687 688 689 692 694 695 697 
699 700 702 705 708 711 712 715 720 721 726 728 
731 733 734 735 737 738 742 743 745 750 751 752 
755 759 760 761 762 765 766 770 773 775 777 778 
781 782 783 785 786 790 791 792 794 795 796 798 
799 
394
1 2 6 9 13 14 18 20 27 39 41 42 
43 44 45 48 52 53 54 55 56 57 58 59 
60 61 63 69 71 75 77 78 82 85 86 87 
90 91 95 96 99 100 101 104 105 107 108 111 
112 113 114 116 117 118 119 122 123 124 129 131 
132 134 136 137 138 139 142 143 145 146 149 151 
156 157 160 161 163 164 167 169 170 172 173 174 
176 181 182 183 185 186 188 191 194 195 196 198 
200 201 203 208 209 211 214 216 221 222 224 229 
230 231 234 236 239 242 244 245 246 247 248 249 
250 251 252 255 256 257 260 261 262 269 270 273 
274 276 278 279 281 282 285 288 292 294 297 298 
299 300 302 303 304 305 308 311 312 313 314 315 
316 320 321 322 323 325 326 329 330 331 335 336 
340 341 345 347 349 351 355 356 357 358 361 363 
365 366 370 372 373 375 377 380 381 383 388 391 
392 393 396 399 400 401 402 403 405 407 408 409 
411 413 414 415 416 418 425 427 433 436 438 440 
441 445 447 448 449 450 451 454 455 458 459 461 
462 463 467 469 471 479 483 484 485 487 489 491 
497 499 500 502 506 507 508 509 511 513 516 517 
518 524 525 526 527 531 535 536 537 538 539 540 
542 543 545 546 549 555 561 562 563 564 566 567 
568 572 574 576 578 579 585 588 591 592 595 596 
598 599 600 601 605 606 609 612 613 614 615 616 
617 618 619 620 621 622 625 627 628 629 631 632 
633 634 636 637 639 644 650 653 654 656 658 661 
666 667 669 670 671 672 673 674 675 677 678 679 
681 689 690 691 692 694 695 698 699 700 701 704 
706 707 708 712 717 719 722 725 727 728 729 730 
733 734 735 737 738 739 745 747 751 753 754 756 
758 760 762 763 764 769 770 773 774 776 777 778 
780 781 787 788 789 790 791 793 797 799 
391
2 3 4 7 8 10 12 14 17 19 20 23 
25 26 27 28 30 32 38 39 40 43 44 45 
48 50 52 53 55 58 60 61 64 65 66 70 
75 78 81 82 83 84 94 95 97 99 100 101 
105 106 110 111 116 118 120 121 122 123 125 126 
127 131 133 134 137 139 140 141 142 143 145 147 
151 153 154 157 158 160 161 162 163 165 168 170 
171 172 173 174 178 180 182 183 185 186 187 193 
196 197 200 201 204 208 212 214 217 218 219 220 
221 224 225 228 229 235 240 243 244 245 247 248 
249 250 252 253 255 256 258 260 261 262 263 265 
267 268 270 271 272 273 275 277 280 281 282 284 
285 287 288 292 294 295 296 299 301 302 304 307 
312 313 315 316 317 318 324 325 326 328 329 332 
334 336 337 340 344 345 346 347 350 351 354 359 
363 366 370 371 373 376 378 379 380 387 388 389 
392 393 395 397 398 402 404 405 406 408 409 411 
417 423 427 430 431 433 434 437 442 444 445 446 
448 449 451 452 455 456 459 464 465 466 470 471 
476 479 481 483 485 490 495 500 501 504 509 510 
511 514 515 517 519 521 522 528 530 531 533 535 
537 539 541 543 547 548 549 551 552 557 558 561 
563 564 565 566 567 568 569 571 574 576 577 579 
580 581 583 585 591 595 597 598 600 603 604 606 
607 610 613 616 617 618 619 620 623 624 626 628 
634 635 638 639 641 644 645 650 651 652 653 656 
658 659 660 663 665 666 667 668 672 673 676 678 
680 681 683 684 686 690 691 693 696 697 698 699 
701 703 704 706 707 708 709 710 712 714 720 723 
726 729 730 731 732 733 734 735 736 738 742 743 
744 745 746 748 749 750 752 754 755 756 757 759 
761 765 767 772 774 775 778 780 781 786 787 788 
791 792 795 796 797 798 799 
376
2 3 5 8 10 14 15 16 17 19 22 24 
25 28 31 32 35 38 41 46 49 52 53 56 
57 59 60 61 62 63 64 65 67 68 70 73 
74 75 76 77 79 82 83 84 86 88 89 90 
92 93 94 96 97 98 99 104 105 106 109 112 
115 116 117 118 119 123 124 125 126 127 130 134 
135 140 141 142 143 146 147 148 149 154 157 158 
159 161 162 163 166 168 169 171 172 174 177 178 
179 180 182 186 187 192 193 194 195 196 197 199 
201 202 203 204 205 207 209 210 215 219 220 223 
225 229 230 232 236 238 241 245 246 247 249 250 
251 252 253 254 257 259 262 263 269 270 272 274 
275 279 284 285 286 289 291 292 293 296 300 302 
307 308 311 313 315 317 318 319 322 324 328 333 
334 335 339 342 343 344 348 350 353 354 356 357 
361 363 364 365 368 369 373 374 380 381 382 386 
388 389 390 392 393 397 399 401 402 404 406 411 
412 417 419 423 424 429 430 431 432 433 435 437 
439 441 445 446 447 448 450 453 455 459 461 464 
466 467 470 473 475 476 477 478 479 481 484 485 
486 489 493 494 495 496 498 499 504 505 506 507 
508 509 510 511 512 516 517 519 522 525 527 528 
529 530 536 538 540 541 542 546 548 550 554 557 
560 562 563 564 565 567 568 569 574 582 583 586 
589 594 595 599 600 601 603 605 607 609 612 614 
615 619 620 623 630 632 634 638 641 642 643 644 
648 652 655 657 660 663 664 665 669 673 675 676 
677 680 681 682 684 689 691 692 694 695 696 698 
702 706 710 712 715 720 721 722 728 734 735 738 
739 740 741 742 743 746 748 749 750 752 754 755 
756 759 761 767 768 769 772 774 775 778 785 787 
789 790 791 794 
383
2 7 10 11 13 14 16 18 19 21 22 23 
24 29 30 32 34 35 37 38 39 42 43 44 
48 51 52 53 55 59 60 61 67 68 69 72 
74 76 77 80 81 82 86 90 94 96 100 101 
103 106 107 110 114 116 120 121 122 123 124 125 
126 127 129 130 136 138 139 143 144 145 146 149 
156 158 159 160 161 162 165 167 169 170 171 172 
173 175 180 185 186 188 189 191 194 200 201 204 
209 210 211 217 218 219 221 222 223 224 225 226 
227 228 231 232 233 239 241 242 245 248 249 251 
252 253 254 256 258 262 263 270 271 272 277 278 
279 280 281 282 283 286 287 289 290 296 297 300 
303 307 310 311 312 313 314 315 320 321 323 324 
328 330 331 336 341 342 343 344 347 348 349 350 
352 353 354 355 358 359 360 361 362 364 365 366 
370 372 373 374 375 380 383 385 388 391 393 396 
397 398 399 401 405 407 410 411 413 415 416 418 
420 423 424 425 433 434 435 436 437 438 439 442 
444 447 448 449 450 451 452 458 460 461 462 465 
468 469 471 472 473 477 479 482 484 485 491 497 
498 502 503 504 505 507 509 521 524 525 528 530 
532 535 539 540 542 543 545 546 548 549 551 553 
556 558 559 561 565 566 568 570 571 573 575 578 
579 580 582 586 587 589 590 594 595 596 598 600 
603 604 606 608 609 611 615 619 620 622 623 626 
627 628 629 631 632 634 635 636 638 640 641 643 
645 646 647 650 651 656 658 659 662 664 667 669 
670 671 672 673 674 677 679 680 684 686 690 691 
699 700 701 702 704 707 708 710 713 714 717 718 
720 721 726 727 730 731 732 733 735 736 744 745 
746 748 750 753 754 756 758 759 764 766 768 770 
771 772 774 780 783 784 788 792 793 798 800 
393
2 3 7 12 15 17 21 24 25 29 30 31 
34 35 36 37 39 41 43 44 46 49 52 53 
54 55 58 61 63 65 66 69 70 71 72 74 
77 78 79 80 81 82 83 84 85 90 92 93 
95 96 97 99 103 104 107 110 113 114 115 118 
120 122 126 128 134 136 138 142 144 146 147 148 
149 154 155 158 159 160 161 162 163 165 167 169 
171 173 174 176 177 178 179 181 188 189 190 192 
196 200 202 206 207 210 212 214 223 224 229 231 
232 238 240 242 243 244 248 249 257 259 261 263 
264 268 270 271 274 275 276 277 278 282 283 284 
286 288 289 290 291 294 295 296 298 300 301 305 
306 307 309 310 317 318 319 320 321 322 323 324 
326 327 330 331 333 335 336 338 339 340 342 343 
346 347 351 355 356 358 359 361 362 364 367 370 
373 380 381 382 384 385 387 388 390 392 394 395 
400 402 404 406 408 411 412 413 417 418 419 420 
423 425 426 429 432 434 435 437 438 439 440 442 
443 444 445 448 449 453 454 455 456 458 460 461 
462 463 464 465 467 468 472 473 476 479 480 482 
485 487 488 489 490 493 494 495 496 497 499 500 
501 502 503 505 508 509 510 513 517 519 520 521 
522 529 536 537 540 541 542 543 545 547 550 552 
553 554 555 559 563 566 568 569 570 571 573 576 
578 579 582 587 590 591 592 595 599 602 606 607 
610 612 613 614 615 618 619 620 623 626 627 628 
629 630 631 632 634 635 639 641 642 644 645 647 
649 650 652 654 655 656 657 658 659 661 663 667 
673 678 681 682 684 685 687 689 690 693 698 699 
702 706 708 709 712 713 714 715 717 718 719 721 
723 724 725 730 731 733 734 739 740 742 751 752 
754 755 757 758 760 761 764 767 772 774 775 776 
782 785 786 787 788 791 793 796 798 
406
2 3 4 6 9 10 11 12 15 17 19 20 
24 28 30 31 32 34 36 37 38 39 41 42 
44 45 47 48 51 52 54 56 57 62 64 69 
73 75 79 80 81 82 84 87 89 90 92 98 
99 101 103 104 107 108 110 112 115 120 121 122 
123 124 126 129 130 135 137 138 140 143 144 151 
153 156 158 159 160 163 165 166 168 171 172 174 
181 182 187 188 190 191 193 195 197 198 199 201 
203 204 205 207 211 212 216 217 222 229 231 233 
238 239 241 242 243 248 250 254 255 256 257 262 
267 269 271 274 277 279 280 281 283 285 286 291 
292 295 298 299 303 304 305 306 308 311 312 313 
314 315 319 325 327 331 333 334 335 337 339 341 
343 344 349 355 356 357 358 359 362 364 367 371 
373 375 377 378 379 381 383 384 385 386 389 392 
393 394 395 396 398 399 400 401 402 406 409 410 
411 413 415 420 422 423 426 427 428 429 430 431 
432 433 435 436 439 442 444 445 446 448 450 451 
453 456 461 463 466 468 469 470 472 473 474 475 
476 477 479 481 482 483 484 486 488 497 498 499 
500 501 502 503 505 507 508 509 510 511 513 514 
515 517 518 528 529 532 533 535 537 538 540 541 
542 543 546 548 549 553 556 557 558 559 560 564 
566 568 572 573 574 575 576 578 579 582 584 585 
587 596 598 603 606 608 610 611 612 616 618 619 
620 621 623 624 625 627 628 629 630 631 633 634 
635 636 637 639 640 641 642 644 645 646 647 648 
649 651 654 656 658 659 660 662 664 667 668 672 
675 678 679 680 681 683 684 687 689 690 692 693 
694 696 697 698 699 700 704 708 712 713 714 716 
718 720 721 724 726 727 729 730 731 732 734 736 
737 740 742 743 744 746 748 749 750 752 753 754 
755 757 758 762 763 765 767 770 772 773 774 778 
779 780 784 785 786 787 791 792 795 799 
353
1 5 8 9 10 11 13 19 21 29 30 35 
38 39 41 42 44 49 51 55 56 57 59 60 
61 62 64 66 67 71 76 77 78 79 84 85 
87 89 90 91 92 94 95 96 100 101 102 103 
104 106 108 110 111 113 117 118 119 121 127 128 
132 133 136 137 138 142 144 145 146 147 148 149 
151 153 162 165 166 170 176 177 180 182 183 184 
185 186 187 188 190 191 196 199 203 204 209 210 
218 219 221 223 224 227 228 230 233 234 235 239 
241 245 252 253 254 260 261 272 274 275 276 277 
280 287 288 289 290 292 293 299 300 301 302 304 
305 310 312 313 317 318 319 320 321 326 327 329 
332 333 337 339 342 344 346 347 349 353 359 360 
362 365 366 370 374 375 377 378 380 385 388 389 
390 392 396 397 399 400 401 402 408 410 411 412 
413 417 418 419 422 423 425 426 431 435 437 441 
447 448 451 452 454 455 456 458 459 462 464 465 
467 468 469 471 474 477 479 480 483 484 486 488 
491 493 494 500 501 505 509 510 513 514 515 520 
522 523 524 527 530 532 535 537 539 540 542 544 
547 549 552 556 561 562 564 565 566 569 570 571 
573 574 575 581 582 583 584 585 586 593 594 595 
597 600 601 602 605 608 609 610 611 613 617 618 
619 620 624 625 626 627 631 632 633 636 637 639 
643 644 650 651 652 659 662 663 666 667 669 671 
675 676 677 679 681 682 683 685 690 692 693 694 
696 697 698 706 707 711 715 717 720 721 722 724 
726 729 732 733 734 737 739 741 744 747 749 750 
755 757 760 764 765 772 774 775 776 778 779 781 
782 788 789 797 799 
410
1 2 7 8 10 12 13 14 15 17 22 23 
25 26 27 30 31 32 33 34 37 38 39 44 
47 48 49 51 54 55 56 57 61 62 63 65 
66 71 72 74 77 79 80 81 82 83 85 86 
88 93 94 95 99 106 108 113 115 116 117 118 
119 122 123 124 125 126 129 131 133 134 138 140 
141 143 144 151 152 157 159 162 164 167 168 170 
171 173 176 178 180 181 182 183 185 186 187 188 
189 194 195 196 197 198 200 201 202 206 208 209 
211 219 220 222 225 227 228 231 233 235 237 238 
239 241 243 244 247 248 249 250 252 254 255 258 
264 266 269 270 272 275 277 278 279 280 284 287 
289 292 293 294 298 299 301 302 304 305 306 308 
309 310 312 313 314 318 323 324 325 327 328 329 
334 338 340 341 343 348 353 354 355 356 358 359 
361 362 368 369 373 376 377 384 385 388 390 392 
394 398 400 401 402 403 408 409 410 411 413 419 
420 422 424 426 427 433 435 436 437 439 440 441 
442 444 447 448 455 457 458 461 462 463 464 465 
466 469 470 471 473 474 476 477 478 479 483 484 
487 488 491 492 493 494 496 498 501 502 503 504 
505 506 507 513 514 515 516 517 519 522 526 527 
528 530 533 534 539 540 541 543 544 546 547 550 
553 554 556 557 558 559 562 563 564 565 566 568 
574 575 576 578 583 586 587 588 589 591 593 594 
595 596 597 598 600 601 602 603 604 606 607 608 
612 613 614 615 619 620 626 631 632 634 637 638 
641 644 645 646 647 648 650 651 652 655 656 659 
660 664 665 667 668 669 672 677 678 679 680 681 
684 687 690 691 693 695 697 698 703 704 705 706 
707 713 714 715 716 718 720 725 726 727 728 730 
732 739 740 742 743 749 751 752 753 756 757 758 
759 762 763 764 766 767 770 772 773 774 776 777 
778 781 782 783 786 788 789 791 792 793 794 795 
796 797 
406
3 5 6 7 9 14 15 16 20 27 31 32 
34 38 39 42 44 45 47 49 50 52 53 54 
56 57 60 61 63 64 65 66 67 73 74 75 
79 80 81 82 83 86 87 88 91 92 93 96 
100 101 102 104 105 109 110 112 113 116 118 119 
123 124 125 128 129 130 131 132 133 139 142 143 
147 148 149 150 151 153 154 161 165 166 172 174 
175 176 178 179 180 182 183 184 185 186 189 191 
193 195 200 201 202 206 208 209 212 213 214 217 
218 226 228 231 232 233 235 236 238 241 242 243 
244 246 248 250 251 256 258 261 263 264 265 266 
268 269 271 272 273 277 279 280 281 283 284 285 
288 290 291 292 296 297 300 301 302 303 306 309 
310 311 312 313 316 318 320 323 324 325 326 327 
328 332 333 335 336 338 341 342 343 345 346 347 
348 349 350 351 352 353 355 357 361 362 363 365 
366 367 369 370 371 373 374 375 376 380 382 388 
389 391 394 395 398 400 401 402 406 410 412 413 
415 417 418 422 423 427 428 431 433 437 438 440 
442 443 445 446 448 449 451 452 453 457 458 459 
461 466 468 470 471 476 477 478 479 480 482 483 
485 487 489 490 492 495 499 505 506 508 511 513 
516 517 518 519 520 521 527 528 530 532 535 536 
539 542 543 544 546 547 553 556 559 563 569 573 
574 575 581 584 587 588 589 590 591 592 593 596 
599 600 601 602 603 604 605 607 609 612 613 615 
616 617 618 619 621 622 623 624 628 629 634 635 
637 638 641 642 644 646 648 649 652 654 658 659 
662 663 667 668 669 670 673 676 678 680 681 682 
683 684 686 687 688 689 690 692 693 697 699 701 
702 707 709 714 717 718 722 723 725 727 728 731 
733 734 738 739 740 741 742 745 746 749 750 751 
753 755 757 758 760 763 764 767 769 770 771 772 
775 777 780 781 784 789 791 795 796 800 
408
1 2 3 5 6 9 10 12 13 14 15 16 
17 18 20 23 24 30 31 33 35 36 38 40 
41 46 50 53 54 59 61 62 64 67 68 69 
71 72 75 76 77 79 81 82 84 88 90 92 
93 96 99 100 103 104 108 110 114 116 118 119 
121 125 126 127 131 132 133 135 137 138 139 140 
147 148 149 154 156 157 159 162 163 168 169 170 
172 174 175 176 179 180 181 183 186 187 188 193 
194 195 196 197 198 199 201 202 206 207 208 209 
210 213 214 215 217 219 220 222 224 226 227 229 
230 231 232 233 239 241 243 245 246 247 248 249 
251 253 254 255 256 259 260 262 264 265 267 268 
270 271 272 273 274 276 277 279 284 286 290 291 
297 299 300 302 303 305 308 310 313 314 315 316 
318 320 323 327 332 334 335 336 337 338 339 342 
345 346 347 349 351 352 354 356 358 360 363 365 
369 372 373 375 376 377 379 381 382 383 389 392 
393 394 395 398 399 400 401 406 407 409 410 411 
412 413 416 417 418 421 422 425 427 429 431 433 
437 442 445 446 447 450 452 454 455 457 458 463 
468 470 471 473 476 477 479 482 485 486 488 489 
490 494 495 496 498 504 505 506 507 508 509 510 
513 515 517 518 519 522 526 529 531 533 536 538 
539 540 541 543 545 546 549 550 551 554 556 562 
567 568 570 571 572 573 574 575 576 577 578 580 
581 582 584 585 586 588 589 590 592 595 596 598 
599 601 602 603 604 610 614 617 620 621 622 628 
634 635 636 637 643 644 645 646 648 652 656 657 
658 659 661 662 665 666 669 670 673 674 676 677 
678 683 684 688 689 691 692 694 695 696 700 702 
703 705 707 712 715 716 718 720 721 723 725 726 
727 728 731 732 734 736 738 740 741 742 748 751 
753 754 756 760 762 763 767 768 769 771 777 779 
780 782 783 785 786 787 788 792 795 796 798 799 
423
2 4 6 7 8 9 10 11 12 14 15 16 
17 19 21 22 26 28 29 30 32 34 36 37 
38 40 41 45 47 48 50 51 52 53 54 57 
61 62 63 64 65 66 67 68 69 70 71 74 
75 76 77 78 80 81 82 83 84 88 93 95 
97 99 102 105 107 109 110 113 114 116 117 120 
123 124 129 133 136 139 141 143 144 146 147 149 
152 153 156 159 160 161 162 164 165 170 173 174 
176 184 185 186 187 188 191 194 195 197 198 199 
202 203 204 208 209 215 220 221 223 228 229 230 
238 239 243 244 249 250 251 252 253 255 256 259 
261 262 264 267 270 271 272 274 275 276 277 278 
281 282 284 285 286 288 293 294 295 296 297 300 
303 304 307 308 311 316 317 319 321 323 324 325 
326 328 329 335 337 339 341 342 344 349 351 352 
355 358 360 362 363 365 366 367 369 372 374 375 
376 377 378 381 382 384 385 386 387 388 389 391 
392 394 395 396 397 398 399 400 401 402 405 407 
408 410 413 415 416 418 419 420 421 423 429 432 
433 434 437 438 439 442 443 445 447 450 461 462 
463 465 467 469 473 474 476 477 478 479 481 482 
485 486 487 488 491 493 494 495 496 501 502 504 
507 510 511 514 522 523 524 530 531 532 534 536 
537 540 542 543 544 545 547 548 550 554 555 556 
557 559 560 561 563 564 565 567 569 572 573 576 
577 578 579 584 585 589 591 593 597 598 600 601 
603 604 607 608 610 611 614 615 616 618 620 622 
623 625 626 628 629 630 632 633 634 635 636 637 
639 640 641 643 644 647 648 649 652 653 655 658 
660 661 664 666 667 670 673 674 676 680 683 684 
685 687 688 691 693 694 695 696 697 699 701 705 
706 708 709 710 711 712 714 715 716 717 718 719 
720 722 724 725 726 728 729 730 732 733 735 739 
741 743 747 748 750 754 758 760 765 766 767 770 
772 775 778 780 783 784 785 787 790 791 793 795 
797 799 800 
414
2 3 4 9 10 11 12 13 16 17 19 21 
23 24 26 27 29 33 34 35 36 40 41 42 
44 45 46 49 51 55 56 57 58 59 62 66 
67 68 70 74 75 77 78 79 83 85 89 92 
94 98 101 102 103 106 110 111 112 113 114 115 
116 117 118 120 123 128 129 130 132 134 135 137 
141 144 145 148 149 150 152 153 154 156 159 160 
164 165 167 170 171 178 181 183 185 186 188 191 
192 194 196 198 199 201 202 203 204 206 207 208 
211 212 213 214 217 220 222 223 225 229 231 233 
236 237 238 239 240 241 242 248 249 250 251 255 
256 257 258 262 264 266 267 270 271 272 273 274 
276 282 283 285 287 288 292 293 300 301 302 303 
305 306 308 312 313 315 321 326 327 329 332 333 
335 336 337 339 342 343 344 346 347 349 352 353 
354 357 360 362 364 365 366 368 373 376 377 378 
381 382 383 384 388 389 391 395 398 399 400 401 
402 404 408 410 411 412 413 417 420 421 422 423 
425 427 428 430 431 432 434 435 436 437 438 441 
452 453 454 458 459 460 461 465 466 467 470 471 
472 473 474 477 480 481 486 488 489 494 495 496 
498 502 507 509 510 511 513 515 516 517 521 523 
526 527 528 529 532 533 534 536 537 542 544 546 
547 551 554 556 557 559 560 562 563 564 566 569 
570 571 573 576 578 579 580 581 582 584 586 588 
592 594 601 602 604 605 608 610 612 613 615 617 
619 623 624 625 629 630 633 634 636 639 640 641 
643 644 645 651 653 654 655 656 657 658 661 662 
663 665 666 667 669 670 671 673 676 677 678 679 
680 682 685 686 688 689 690 692 693 695 696 698 
699 701 702 703 705 708 710 712 715 717 718 724 
726 728 729 731 732 733 734 740 743 745 746 747 
749 750 753 754 758 760 761 762 763 768 769 773 
775 776 778 780 781 782 783 784 787 788 789 790 
793 796 797 798 799 800 
404
5 6 7 9 10 11 15 16 18 20 21 23 
25 27 28 30 32 34 36 38 39 40 43 46 
47 49 50 54 57 59 61 64 67 70 71 74 
75 77 79 81 82 86 87 88 89 90 91 92 
93 96 98 100 103 104 105 107 111 114 115 116 
117 118 123 125 128 129 131 133 135 136 137 138 
139 140 141 142 143 144 145 149 150 156 159 160 
162 163 164 165 169 172 173 174 175 176 179 180 
181 182 184 185 186 187 190 192 193 195 200 201 
202 203 204 205 206 208 211 215 218 219 221 223 
224 226 228 230 231 233 236 238 241 242 243 244 
245 247 251 255 256 257 258 262 264 265 269 270 
271 273 274 277 279 280 281 282 283 285 286 288 
293 301 304 305 306 307 308 309 311 312 315 319 
320 321 322 323 325 328 329 330 331 333 334 336 
338 341 342 344 345 349 351 352 354 355 357 358 
359 361 362 364 366 372 374 377 379 380 381 383 
387 391 394 395 397 399 405 406 407 408 409 414 
415 417 418 419 421 422 425 426 427 429 430 432 
437 438 440 441 442 444 445 446 447 451 453 458 
462 465 468 469 471 473 474 477 479 481 487 489 
492 497 498 499 500 502 507 508 510 512 516 517 
520 524 525 529 530 532 533 534 535 543 544 545 
546 548 549 551 553 555 557 558 559 561 564 567 
568 573 574 575 576 577 584 588 590 592 594 595 
596 597 598 601 602 607 610 611 614 616 617 619 
624 626 627 628 630 634 637 638 641 642 643 644 
645 647 648 649 650 652 654 656 658 659 661 662 
663 665 668 669 672 675 677 679 680 681 684 685 
686 687 688 691 692 693 694 695 696 697 698 699 
701 704 706 707 712 715 719 724 730 732 733 734 
735 736 740 744 746 747 750 752 753 754 757 758 
759 760 761 762 764 767 770 772 773 775 776 780 
781 789 792 793 797 798 799 800 
406
3 4 9 10 13 15 17 19 20 22 23 24 
27 28 30 31 33 40 41 42 44 47 48 50 
52 53 54 56 57 59 63 65 66 73 74 75 
77 78 79 81 82 84 85 88 90 91 92 94 
96 97 99 101 102 103 105 106 111 113 115 117 
118 119 120 127 131 132 135 137 138 139 143 146 
147 151 152 155 157 159 160 161 162 167 169 172 
173 174 176 177 185 186 189 192 193 195 196 197 
199 200 202 204 205 209 211 213 214 215 216 217 
218 223 224 226 229 231 234 236 237 239 240 244 
248 250 253 255 256 257 258 259 263 270 272 273 
274 275 277 279 280 281 284 285 286 287 288 290 
292 294 295 298 301 303 306 311 312 313 317 319 
320 321 322 323 324 325 326 327 332 334 336 337 
342 344 348 349 350 352 355 357 360 362 365 366 
367 379 381 382 383 385 386 387 388 390 391 393 
395 397 398 399 400 402 405 407 408 415 416 421 
425 427 430 431 432 434 435 437 438 443 446 450 
455 457 458 459 460 461 463 465 466 470 471 472 
473 474 476 477 479 480 481 483 485 487 488 489 
492 494 497 498 500 504 506 508 509 511 512 515 
516 519 524 525 529 530 531 535 536 538 539 541 
543 545 547 548 550 552 553 555 556 557 558 559 
560 562 565 566 568 569 573 574 575 576 578 579 
580 581 582 584 586 588 590 592 593 596 598 601 
602 606 613 615 617 619 620 622 626 627 628 629 
630 631 635 636 637 638 639 640 641 643 646 647 
648 649 652 655 656 661 662 663 664 665 666 667 
668 670 672 673 674 680 685 687 688 691 693 696 
697 700 701 702 703 705 707 708 710 712 714 715 
718 722 723 724 726 730 731 733 734 735 737 740 
741 742 743 746 747 748 750 751 752 754 757 759 
761 763 764 765 766 769 770 775 776 777 779 781 
783 784 786 788 791 792 796 797 799 800 
418
1 2 3 4 5 6 7 8 9 10 12 13 
15 21 22 23 24 26 29 31 32 33 36 38 
40 41 44 45 47 49 50 51 52 53 61 64 
65 66 68 70 74 75 76 83 85 86 88 89 
91 92 93 94 95 98 99 100 101 103 104 106 
107 108 109 111 112 119 121 123 125 126 127 129 
131 133 136 137 138 139 141 142 145 146 148 150 
151 153 154 156 159 160 168 170 172 174 175 177 
180 183 187 188 190 191 196 197 201 202 204 205 
206 208 210 214 220 221 225 226 227 228 231 233 
234 236 237 238 239 245 250 252 255 256 257 263 
264 267 268 271 273 275 278 281 284 285 287 289 
290 291 293 294 296 297 302 304 305 306 307 310 
311 312 313 315 316 317 318 319 320 321 324 327 
329 331 332 333 334 335 336 337 339 342 345 347 
348 349 350 351 352 354 355 356 358 360 361 362 
365 366 367 368 369 370 371 375 376 377 378 380 
381 382 383 384 385 387 389 391 392 395 396 397 
405 406 418 419 425 427 428 430 433 434 437 438 
445 446 451 456 457 458 459 461 463 464 467 469 
470 471 474 477 478 479 480 481 482 484 487 488 
489 491 495 497 498 499 500 501 502 503 507 509 
511 513 515 516 517 518 519 524 526 527 528 531 
532 533 534 535 537 538 539 541 543 544 548 549 
550 551 552 554 555 557 558 560 561 562 565 566 
570 571 573 574 579 580 583 586 589 592 595 596 
598 599 600 602 604 605 611 613 614 615 617 619 
620 621 632 633 634 635 639 641 642 643 646 647 
648 649 651 652 653 655 656 657 659 660 661 663 
664 666 668 669 672 674 676 680 681 682 683 684 
686 688 689 693 694 697 698 700 704 706 707 709 
710 712 713 716 718 721 722 723 724 725 728 730 
733 736 742 743 744 745 747 749 750 754 755 756 
757 758 761 762 765 766 767 771 774 776 777 778 
786 787 789 790 791 793 794 795 799 800 
424
1 2 3 4 6 8 10 11 12 13 21 24 
26 27 29 32 37 42 43 45 46 48 50 51 
59 63 64 67 69 71 74 75 77 78 79 82 
85 86 87 89 90 91 93 94 96 97 98 99 
100 102 103 105 107 108 109 111 112 116 120 121 
123 127 129 130 134 136 137 138 139 141 142 143 
144 149 151 153 154 155 156 157 162 164 168 169 
172 175 180 183 184 185 186 188 190 191 194 196 
197 198 199 201 204 205 206 207 208 212 215 217 
219 220 223 224 225 227 229 230 232 233 235 236 
238 239 240 241 243 244 246 247 248 250 251 252 
253 254 255 256 258 261 262 263 264 265 268 270 
271 272 276 277 278 279 281 282 286 287 289 290 
293 297 299 300 302 303 306 309 310 312 313 315 
317 318 320 321 323 324 325 329 330 331 332 334 
337 338 341 343 345 346 347 348 349 353 356 362 
363 364 369 370 371 372 373 374 375 376 378 379 
381 383 385 386 388 389 390 392 395 397 399 400 
401 402 406 407 408 409 413 417 418 419 420 423 
428 430 431 433 435 437 441 443 445 453 454 455 
456 458 465 466 470 473 475 479 482 483 484 485 
486 487 488 489 492 495 497 498 503 504 507 508 
509 510 514 515 516 518 520 521 522 523 524 527 
528 529 530 533 535 537 538 539 540 544 545 549 
550 551 552 553 554 555 556 558 561 562 563 564 
565 566 568 573 575 576 577 578 580 582 583 584 
585 592 593 599 601 602 604 606 607 608 609 610 
611 613 614 616 617 619 620 622 625 627 628 629 
633 634 635 638 640 641 642 643 647 648 649 650 
651 652 654 657 660 661 662 663 664 665 666 667 
669 670 671 672 673 675 683 684 685 687 688 690 
692 694 696 701 702 703 708 709 714 716 717 718 
719 721 723 724 726 727 729 730 732 735 740 742 
743 745 746 752 754 755 757 758 761 764 765 770 
771 772 773 776 778 780 781 782 786 787 790 791 
793 795 796 800 
410
1 2 4 6 8 10 13 17 18 20 21 26 
27 28 29 33 34 37 39 42 45 46 48 49 
50 52 53 56 57 58 59 60 61 62 63 65 
66 68 69 70 73 74 75 76 77 78 80 81 
82 85 86 87 88 91 93 94 96 98 101 107 
109 111 113 115 116 120 121 122 125 129 130 131 
133 136 140 142 143 144 146 147 152 153 154 155 
156 159 160 161 164 168 170 171 172 175 178 182 
183 185 186 187 188 191 194 203 205 206 207 209 
210 214 215 216 217 218 219 220 222 223 224 225 
227 228 229 232 234 236 237 240 241 246 247 249 
251 259 260 261 262 263 267 269 270 271 272 274 
279 280 282 283 287 288 289 290 291 294 297 298 
299 301 303 307 310 311 313 314 315 319 322 325 
328 329 330 332 335 336 338 341 342 345 347 348 
349 353 354 359 360 362 363 365 367 369 373 374 
375 378 379 382 383 384 386 388 389 391 393 395 
397 399 400 401 402 403 404 406 412 414 416 418 
421 422 424 425 426 428 429 430 431 434 436 437 
439 440 445 449 454 456 457 458 459 461 463 464 
465 467 468 469 471 472 473 475 476 483 489 490 
493 495 496 499 502 503 508 511 512 515 516 518 
522 524 525 527 530 532 533 535 538 543 544 545 
551 557 558 559 561 562 563 564 565 566 567 570 
572 574 578 579 584 585 589 593 594 595 596 597 
602 604 606 607 608 610 611 612 615 619 621 622 
623 624 625 626 628 632 633 634 637 638 639 641 
642 645 646 647 649 651 652 655 656 658 661 662 
664 670 671 672 673 675 676 677 678 680 681 682 
684 686 687 689 690 692 701 703 704 706 708 709 
710 711 712 715 717 718 721 722 723 724 725 726 
727 729 731 732 733 734 736 737 742 744 745 746 
747 750 751 752 755 756 757 760 762 765 767 768 
771 774 775 776 778 781 786 787 788 791 792 794 
795 799 
404
2 4 8 9 10 12 13 14 15 18 22 25 
27 28 29 31 32 33 36 40 45 48 51 53 
54 58 60 61 62 63 68 69 75 78 79 83 
85 86 87 88 90 92 93 94 99 102 105 106 
109 111 112 114 117 121 122 124 126 128 131 135 
136 138 140 145 147 150 151 152 154 156 158 159 
160 161 168 170 171 172 173 176 181 183 184 185 
188 189 191 195 199 200 201 203 204 206 207 208 
209 210 212 213 214 216 217 218 219 221 222 223 
227 229 230 232 233 234 235 236 240 241 242 243 
244 245 250 254 256 257 259 262 263 265 266 268 
270 271 272 273 275 277 279 280 281 283 284 290 
291 292 293 294 295 297 298 300 302 303 304 307 
308 312 313 314 315 316 317 318 320 325 326 329 
331 332 333 336 337 338 340 345 347 348 349 350 
351 353 356 357 360 361 362 363 369 371 378 379 
380 383 387 388 389 390 391 394 396 397 399 401 
402 403 404 405 407 408 410 411 416 417 419 420 
423 425 427 431 432 436 437 438 440 443 444 445 
447 454 457 460 461 462 464 465 466 467 468 472 
473 475 477 478 482 484 485 487 488 492 494 495 
496 498 500 501 503 504 505 506 507 512 513 514 
515 516 517 519 521 523 525 529 530 531 535 537 
540 542 543 547 548 552 555 557 559 560 564 566 
567 573 574 575 580 585 588 589 590 591 593 597 
599 600 601 602 608 610 612 613 617 618 620 621 
624 625 626 632 633 634 635 636 637 639 642 645 
646 647 648 649 651 652 659 660 663 665 666 667 
668 671 674 675 677 678 680 681 682 684 685 687 
690 691 694 695 696 697 702 707 708 709 710 713 
714 718 719 720 722 724 728 731 732 733 734 735 
736 737 740 743 744 750 751 753 754 756 757 758 
761 763 765 767 768 769 772 775 776 778 780 781 
784 786 788 789 795 796 797 799 
402
2 5 6 7 10 11 14 15 16 18 19 20 
23 24 25 26 28 33 35 36 37 38 41 43 
45 48 49 50 51 55 57 59 60 61 63 64 
66 67 72 73 74 75 79 80 81 82 83 87 
90 92 95 96 98 100 101 102 104 105 107 108 
109 110 116 117 120 121 123 124 125 126 129 132 
134 135 138 139 141 144 146 151 152 156 157 160 
162 165 167 177 178 180 183 184 186 188 189 190 
194 195 197 199 202 203 204 206 207 210 212 213 
214 215 217 218 221 222 224 225 227 228 231 232 
233 234 235 236 238 239 240 246 248 250 251 252 
253 254 255 260 262 263 265 268 271 273 275 276 
279 280 281 283 287 288 289 295 296 297 299 302 
303 304 307 308 311 312 316 321 323 325 329 330 
332 335 338 339 341 342 344 346 348 349 351 352 
353 355 358 359 360 362 363 364 366 367 368 371 
372 374 378 379 380 386 387 393 394 397 400 403 
404 407 409 411 412 414 417 418 419 420 422 424 
426 428 433 435 439 441 442 443 444 446 448 449 
457 461 464 468 474 476 477 478 480 482 483 484 
485 486 487 490 492 493 494 496 500 501 503 504 
505 507 508 510 513 516 517 518 520 521 522 523 
525 528 529 530 531 533 534 537 538 540 542 543 
545 548 550 553 554 559 561 562 563 564 565 567 
568 569 571 574 575 579 580 583 584 586 587 589 
591 598 600 601 602 607 608 611 613 615 617 620 
621 622 625 627 628 631 632 633 634 635 641 643 
645 646 647 648 649 650 652 657 660 664 666 667 
669 670 671 674 675 676 680 683 686 688 689 693 
696 699 700 703 704 706 707 708 709 710 714 715 
718 719 721 722 727 728 730 732 733 734 735 736 
738 739 740 748 750 754 756 757 758 760 762 763 
765 768 770 771 774 775 776 778 781 783 787 789 
790 791 792 793 795 800 
425
2 3 4 5 6 7 8 10 12 13 15 18 
19 23 24 25 26 27 29 31 32 33 38 39 
42 43 44 45 47 50 52 53 55 58 60 61 
65 66 70 71 72 73 77 80 85 89 90 91 
92 93 94 95 96 97 98 99 101 102 103 104 
105 106 111 113 115 116 117 119 120 122 123 126 
132 135 137 138 139 141 142 144 146 148 150 152 
153 154 161 163 165 166 168 170 178 179 181 182 
185 186 191 193 197 199 201 202 203 204 205 206 
207 211 212 213 218 220 221 222 224 225 227 228 
230 236 239 241 242 244 245 246 248 253 254 255 
256 258 260 264 265 267 268 270 271 272 274 275 
277 281 282 283 284 285 287 290 291 295 297 298 
302 303 304 305 306 309 311 312 313 317 319 322 
324 325 326 327 329 331 334 335 336 337 339 340 
341 345 349 351 352 353 354 355 358 359 360 361 
363 364 366 367 369 371 374 375 376 377 378 382 
384 385 390 391 392 394 396 398 401 405 406 409 
412 413 414 418 421 422 423 424 426 427 429 430 
431 432 434 435 436 441 442 443 444 448 449 451 
452 454 455 456 457 458 459 461 462 463 465 467 
469 471 472 474 475 477 480 481 482 483 484 485 
489 494 496 497 498 500 502 503 504 509 510 512 
513 514 515 518 524 525 527 529 531 533 534 536 
539 540 541 545 547 549 555 556 557 558 559 561 
563 564 566 567 568 570 571 575 578 579 580 581 
582 583 585 586 587 588 589 591 593 594 595 600 
603 604 605 607 609 610 613 616 619 623 626 627 
631 634 637 638 639 640 641 645 647 648 653 658 
659 660 662 663 664 667 669 671 672 675 677 678 
679 684 686 688 689 690 692 693 696 697 700 701 
704 706 707 708 709 710 711 712 713 715 716 718 
722 723 724 725 726 727 729 730 732 733 734 735 
738 739 740 744 745 747 752 755 756 764 768 769 
771 772 773 775 778 781 782 784 788 789 790 791 
792 794 795 797 800 
381
3 7 9 11 14 16 18 20 22 23 25 28 
29 30 32 34 39 40 41 42 43 48 51 52 
57 58 60 63 66 69 70 71 72 73 76 78 
79 80 81 82 85 86 87 96 97 98 103 105 
106 107 108 109 110 111 112 114 115 117 119 125 
126 128 130 132 135 139 142 145 146 147 149 150 
153 154 155 156 159 163 164 166 168 169 172 174 
176 180 181 182 183 185 186 190 191 192 193 195 
197 199 204 206 207 209 211 215 217 218 219 223 
225 229 230 231 232 234 235 236 238 242 245 246 
248 249 250 252 254 259 260 261 263 266 267 268 
270 273 276 280 281 282 285 286 290 291 292 293 
294 296 298 299 300 307 308 310 311 312 313 314 
315 317 318 320 322 323 324 325 330 333 334 335 
342 344 346 351 356 357 358 359 361 362 363 364 
365 366 367 368 376 379 382 388 389 391 392 395 
396 398 404 405 407 408 418 419 422 425 429 430 
434 435 441 442 445 447 449 450 452 453 454 455 
457 458 459 460 462 463 464 465 466 467 470 473 
476 485 486 488 489 493 496 499 502 503 507 508 
511 512 516 517 519 520 521 524 527 529 530 531 
535 536 539 540 542 544 548 550 551 554 555 560 
561 570 573 575 576 579 582 583 584 585 587 591 
592 598 599 601 602 603 604 607 608 609 611 612 
613 616 617 618 619 621 624 625 629 631 632 636 
638 640 641 642 645 646 648 649 650 651 653 654 
655 656 658 659 661 666 667 669 671 674 675 679 
680 681 683 685 686 688 689 690 694 696 697 702 
704 706 709 710 711 712 713 717 719 720 724 727 
728 729 730 731 732 735 736 738 739 740 747 749 
755 756 757 764 766 767 768 770 771 777 778 780 
781 783 784 787 788 789 796 797 799 
385
2 3 4 6 7 8 10 11 16 17 21 24 
26 27 30 33 34 35 36 37 38 39 41 44 
45 46 52 54 55 56 58 63 64 65 66 68 
69 70 73 74 75 79 80 81 82 83 84 86 
87 89 90 92 97 98 99 100 103 104 106 107 
108 110 116 117 118 119 121 123 124 125 129 130 
135 136 137 138 139 141 142 143 144 145 146 147 
150 151 152 153 154 155 157 158 160 162 165 167 
170 171 172 173 177 181 182 184 185 186 190 191 
195 196 200 202 204 206 213 214 216 217 218 219 
225 226 227 231 236 238 241 242 244 248 249 250 
252 254 255 259 261 262 263 265 269 270 272 273 
274 276 277 281 287 289 291 296 297 298 299 300 
301 303 308 312 313 314 315 320 322 323 324 325 
330 331 332 333 334 335 340 343 346 351 355 356 
357 360 361 365 366 367 369 370 376 378 379 380 
385 386 387 388 390 391 392 393 395 397 398 399 
401 403 406 407 409 410 411 412 414 418 421 423 
425 432 433 440 441 443 444 447 450 451 452 455 
458 459 460 461 464 469 470 471 473 474 476 477 
478 479 480 490 493 494 495 496 497 499 500 501 
504 505 507 509 511 512 513 514 515 517 518 521 
525 526 528 531 532 533 534 535 536 538 539 542 
543 548 549 550 552 553 555 557 560 563 564 565 
568 571 575 583 587 588 590 591 593 594 596 599 
606 608 610 612 614 615 617 618 620 621 622 624 
626 630 633 634 639 640 643 644 645 649 650 652 
653 654 659 660 671 676 677 679 682 683 685 691 
692 694 695 698 705 708 709 712 714 717 720 725 
726 728 730 731 732 734 735 738 740 741 743 746 
750 751 752 754 757 758 759 762 765 766 771 772 
775 777 778 780 782 783 787 788 792 796 797 798 
799 
390
4 7 8 10 12 14 15 19 22 23 25 31 
32 34 35 36 42 44 46 49 54 63 65 68 
69 70 71 75 76 77 79 83 87 88 92 93 
94 95 98 103 104 106 109 111 112 113 115 116 
119 122 124 125 132 135 136 137 142 145 147 150 
154 159 162 163 168 174 176 180 183 184 185 186 
188 190 191 193 197 198 199 200 202 205 208 211 
213 214 215 217 219 221 223 224 225 226 232 233 
237 238 240 246 247 250 253 254 256 257 258 260 
262 263 264 265 266 267 268 269 270 271 274 275 
276 280 281 282 283 287 289 291 293 294 296 298 
299 300 301 302 304 308 309 312 313 314 318 319 
320 323 324 327 328 329 330 342 343 345 349 351 
354 355 358 359 360 362 363 365 366 377 379 381 
383 384 386 387 388 389 390 394 397 399 401 402 
404 405 406 407 408 409 411 413 416 418 421 422 
423 424 426 427 430 432 433 435 437 438 440 441 
443 445 446 450 454 457 458 459 460 465 468 470 
475 477 478 481 483 485 487 488 489 490 492 493 
495 498 501 504 505 506 507 509 514 518 519 520 
521 522 523 524 525 526 530 531 532 536 543 546 
550 551 552 553 554 555 556 557 558 559 560 562 
564 566 567 569 571 572 574 575 578 579 583 585 
590 592 594 596 597 602 603 605 606 607 608 611 
614 616 619 622 623 626 627 628 632 633 634 637 
638 639 641 642 643 646 647 651 652 654 655 657 
659 662 665 667 668 669 670 671 673 676 677 678 
680 681 682 684 686 687 689 690 691 694 695 698 
699 700 701 703 704 707 710 711 713 715 716 717 
718 719 721 724 728 732 734 737 738 741 742 744 
746 747 750 752 754 756 757 758 762 763 764 766 
767 771 772 773 777 778 781 782 783 786 787 790 
791 793 794 796 797 799 
405
4 5 7 8 9 10 13 14 16 20 21 24 
25 27 28 32 33 34 35 38 39 42 43 47 
49 50 52 56 58 61 62 64 67 69 70 74 
75 83 85 86 87 89 90 94 95 97 98 100 
102 103 104 105 106 108 110 112 113 116 117 119 
121 123 124 125 126 129 131 133 134 137 138 139 
140 143 144 146 151 153 154 155 156 157 158 165 
166 167 168 169 170 171 174 176 177 179 180 185 
186 187 189 190 191 193 194 195 197 198 199 200 
202 204 205 206 207 208 209 211 212 213 215 216 
217 218 219 222 224 225 226 233 234 240 241 244 
245 246 248 250 251 252 253 254 257 259 262 264 
267 269 271 273 275 280 282 287 290 296 297 298 
301 302 304 305 308 310 313 317 318 323 325 327 
328 329 332 337 338 340 341 342 346 348 350 352 
353 354 356 362 363 366 367 368 371 373 374 375 
379 382 388 389 390 391 392 393 394 395 396 397 
398 399 402 404 406 409 411 412 413 414 417 421 
422 423 425 426 427 428 431 432 433 438 441 442 
443 446 447 448 449 451 453 454 456 460 463 464 
467 471 472 473 474 475 476 477 479 480 481 482 
484 485 487 488 489 491 492 493 494 495 498 501 
503 505 506 508 509 510 515 518 521 523 525 527 
530 531 533 539 540 544 546 550 551 552 553 555 
557 558 561 562 563 564 566 568 570 571 576 578 
579 580 583 584 586 589 592 594 595 599 601 604 
605 606 607 608 613 616 618 620 621 623 625 629 
636 638 640 641 643 644 645 648 649 651 652 653 
656 663 664 665 667 668 671 672 673 675 676 679 
683 686 689 694 695 697 698 704 708 710 711 713 
716 719 720 721 722 723 726 729 730 731 733 734 
735 737 738 741 742 744 747 750 753 755 758 759 
761 763 765 766 770 773 774 776 777 778 779 781 
783 789 790 792 793 795 797 798 800 
400
8 9 10 11 12 14 17 18 19 20 21 25 
27 28 30 33 34 35 36 37 40 41 44 46 
47 48 51 52 53 55 56 58 61 63 66 70 
71 75 76 77 78 79 81 90 91 92 95 96 
97 98 99 103 104 105 108 109 110 111 112 113 
115 116 118 120 122 126 127 128 137 138 139 149 
150 151 152 158 161 163 165 172 176 177 180 182 
183 184 185 186 188 193 194 195 197 199 201 203 
205 207 212 213 214 215 219 220 221 223 224 227 
229 230 232 233 234 236 239 240 242 245 250 251 
252 253 254 257 259 262 264 267 271 274 275 276 
277 279 280 282 286 291 292 293 295 296 301 302 
307 308 310 313 314 321 323 327 328 330 331 333 
334 339 340 341 342 343 345 348 350 351 352 353 
354 355 356 358 359 360 363 366 367 371 373 375 
376 377 378 379 380 381 382 383 385 387 391 393 
397 398 402 404 406 408 409 410 411 414 420 422 
423 427 429 430 431 433 435 436 437 440 441 442 
445 446 448 449 451 452 454 458 460 462 463 465 
466 467 468 469 473 474 475 480 483 484 485 493 
494 497 498 499 501 503 504 506 507 508 509 510 
513 517 518 522 523 525 528 531 532 535 536 539 
541 543 544 547 548 549 551 552 555 557 560 564 
565 566 569 575 576 577 578 579 583 584 585 586 
589 590 592 595 596 597 602 604 605 606 607 610 
613 615 617 619 621 622 623 624 626 627 628 629 
630 632 634 637 639 642 643 647 648 651 653 654 
656 659 660 663 667 668 669 670 671 672 676 677 
678 680 681 682 683 685 688 690 691 694 696 699 
700 702 705 706 709 711 717 718 723 724 725 732 
734 736 737 739 740 742 744 745 746 748 751 752 
753 754 755 756 757 759 761 766 768 769 770 771 
774 777 779 782 784 785 786 787 788 793 794 795 
796 797 798 800 
388
4 5 7 12 13 16 17 18 22 24 25 27 
28 33 36 37 39 40 41 42 43 44 45 47 
48 51 53 55 56 57 58 59 60 63 66 68 
70 71 73 74 76 77 79 82 86 87 89 91 
92 94 95 96 99 100 107 108 109 110 112 113 
114 115 117 118 122 124 127 128 130 131 132 136 
137 140 142 143 144 148 149 150 152 153 154 155 
158 160 162 163 164 166 167 169 171 173 174 178 
181 184 189 190 192 193 198 203 206 207 208 209 
210 211 213 214 216 217 219 221 222 223 224 225 
227 228 232 234 235 237 239 240 242 244 247 248 
249 252 254 257 258 262 263 264 266 267 270 273 
274 275 278 282 284 286 287 293 300 305 306 309 
314 318 319 323 325 327 330 331 332 333 337 340 
346 349 351 352 361 362 365 368 369 371 374 375 
389 390 395 396 397 398 399 402 403 404 405 410 
411 412 414 415 419 420 422 425 427 429 430 431 
432 434 437 440 442 444 445 446 447 448 449 454 
455 456 457 458 459 462 463 464 465 466 467 469 
470 471 472 474 475 476 478 479 480 482 483 484 
486 489 492 493 499 500 503 504 507 509 510 514 
516 518 519 522 524 527 529 532 535 536 538 540 
541 542 543 545 547 548 549 552 554 555 556 561 
562 571 572 577 580 581 582 583 586 587 592 595 
596 597 598 599 600 601 604 608 612 616 617 621 
622 623 625 629 630 631 634 637 638 639 640 641 
645 646 649 651 652 658 659 660 663 666 668 669 
678 684 687 688 692 693 694 695 696 698 699 701 
702 703 704 705 706 707 708 709 713 716 719 722 
725 728 732 733 734 735 737 738 741 743 744 746 
748 753 754 755 758 759 761 762 763 765 766 767 
769 771 772 776 779 781 782 783 784 785 787 788 
793 795 796 797 
416
4 5 7 9 10 11 13 14 15 16 19 21 
23 24 25 26 27 33 34 37 39 40 44 46 
47 50 51 52 54 56 57 60 64 66 67 68 
69 72 74 81 82 83 84 85 86 88 89 91 
97 100 101 102 104 107 108 109 110 112 118 120 
121 123 124 127 129 130 134 135 137 139 141 142 
144 145 146 148 155 159 161 162 164 165 167 169 
170 177 179 180 183 186 190 192 193 194 196 198 
200 202 207 209 211 213 217 218 220 221 223 226 
227 228 231 232 234 236 241 242 243 244 245 246 
247 248 250 252 253 256 257 261 262 264 265 266 
268 272 276 279 280 281 284 285 286 291 293 295 
297 298 299 300 303 305 307 310 314 316 318 323 
324 325 328 331 332 333 336 337 338 339 340 341 
344 346 349 350 352 353 354 361 362 363 365 366 
368 370 372 373 374 376 378 379 383 388 389 391 
393 395 397 399 400 402 403 405 406 408 409 410 
411 412 413 414 415 419 420 421 424 426 427 428 
431 433 435 436 440 444 446 447 450 451 453 455 
456 457 458 461 464 466 468 469 470 471 472 474 
476 478 479 485 486 487 488 489 491 492 495 496 
498 499 500 501 503 504 505 510 511 513 514 516 
517 518 519 520 522 523 525 528 529 530 532 537 
538 539 540 542 543 544 545 546 547 549 551 552 
558 559 560 561 562 563 566 569 571 573 574 577 
579 580 581 584 586 587 589 592 593 597 599 600 
601 602 603 604 605 608 609 610 611 612 613 614 
617 619 621 622 623 624 625 626 629 632 633 635 
636 637 638 640 641 643 645 647 649 651 653 656 
657 658 659 660 662 663 664 665 666 669 670 671 
673 677 678 682 686 690 693 694 695 696 698 702 
706 707 709 710 711 714 715 717 718 721 723 725 
727 734 735 737 740 741 742 743 746 748 749 755 
756 757 758 764 769 771 772 773 774 777 778 779 
780 782 786 788 794 797 798 800 
394
2 3 6 7 10 16 18 19 20 21 24 25 
27 29 31 33 41 42 45 46 48 51 53 55 
58 59 60 61 62 63 64 65 67 69 73 75 
78 80 81 82 83 84 85 89 91 92 94 95 
96 97 98 102 103 105 108 112 116 117 120 121 
125 130 131 141 143 145 147 150 153 155 158 160 
162 163 164 167 169 171 174 177 180 181 182 185 
186 188 189 190 193 194 199 200 202 203 205 206 
207 210 211 212 213 216 217 218 219 221 222 223 
225 226 228 229 236 238 239 240 242 243 245 247 
252 253 255 256 257 259 260 261 262 263 264 266 
267 273 274 277 279 281 282 283 286 288 289 291 
293 294 295 296 299 300 303 304 305 308 310 311 
313 318 320 322 323 324 325 328 330 331 335 338 
339 340 341 343 347 349 350 352 354 356 357 358 
363 366 367 369 370 377 378 379 380 382 383 385 
386 387 389 391 393 394 397 400 401 402 406 407 
409 413 414 416 417 423 425 427 429 430 432 434 
435 436 437 438 443 446 448 450 451 452 456 458 
463 464 465 469 472 473 474 476 477 479 480 482 
483 485 487 488 490 492 493 498 499 502 503 505 
507 508 509 512 515 518 519 525 526 533 537 540 
545 546 547 553 554 555 556 563 564 565 566 567 
568 569 572 574 575 577 578 579 580 581 583 584 
586 587 589 590 591 595 598 602 603 604 605 607 
611 612 614 618 622 623 624 625 626 627 629 630 
632 634 635 640 642 643 644 645 646 647 650 651 
654 658 661 662 664 665 666 667 668 671 674 678 
680 681 683 687 688 690 691 693 698 699 700 701 
707 709 710 713 717 718 721 724 725 729 730 734 
735 738 740 743 745 746 748 749 750 751 755 758 
759 760 762 765 768 770 773 775 777 779 781 782 
785 788 789 790 792 794 795 796 798 799 
422
1 5 7 8 10 14 19 27 29 30 32 36 
39 40 41 43 44 45 48 49 50 54 55 56 
57 58 59 61 62 63 65 67 68 69 73 77 
78 80 82 83 84 85 88 90 91 92 94 95 
97 98 99 101 102 103 106 112 114 115 116 117 
119 120 123 124 126 127 128 129 131 132 135 136 
137 138 147 149 154 156 157 158 159 160 163 167 
172 173 174 176 177 178 179 182 183 185 186 188 
190 192 195 196 197 198 201 202 203 207 208 209 
210 215 218 219 220 221 222 223 225 227 228 230 
231 232 233 234 235 236 237 238 240 243 244 247 
250 252 253 254 255 258 262 263 264 265 266 271 
272 273 274 276 278 279 282 284 285 286 287 292 
293 294 302 303 305 306 307 309 310 311 312 317 
318 319 322 323 327 328 331 332 335 336 337 338 
343 344 347 348 349 350 352 354 356 357 359 360 
362 363 366 370 371 374 378 379 380 381 382 383 
385 386 387 388 389 391 393 394 398 400 405 406 
407 409 413 414 415 418 419 420 423 424 425 426 
427 431 432 434 435 437 439 440 444 448 453 454 
458 465 466 467 469 470 471 472 473 475 476 477 
481 482 486 487 488 489 492 493 496 497 501 502 
504 505 506 507 510 515 516 518 522 523 526 528 
529 533 536 537 538 539 545 548 549 552 553 556 
557 559 561 566 567 570 571 572 575 576 577 579 
580 581 582 587 592 594 595 596 598 600 601 602 
605 606 607 609 611 615 616 621 622 623 626 627 
630 631 633 634 635 637 638 639 640 641 646 647 
649 650 652 653 656 657 660 662 663 664 667 669 
671 672 676 677 678 679 681 683 684 685 689 691 
692 694 695 696 698 699 700 702 705 707 708 712 
713 714 716 719 720 721 723 724 725 726 727 730 
732 733 734 737 738 739 740 744 745 746 748 749 
753 755 756 760 762 763 764 767 769 770 772 775 
777 778 781 783 784 785 786 787 788 790 793 794 
796 797 
402
2 4 5 12 13 14 19 20 25 27 29 30 
31 34 37 40 41 42 43 48 55 59 60 62 
65 66 69 70 71 73 75 78 83 85 86 87 
90 91 92 93 94 95 97 98 101 102 105 106 
107 108 109 110 111 112 115 116 117 118 122 124 
125 127 130 131 132 133 134 135 138 139 140 142 
147 151 152 154 155 159 162 164 166 169 170 171 
173 180 185 186 189 191 192 195 196 197 198 203 
207 209 213 216 219 220 221 222 223 224 225 226 
228 229 234 235 237 240 243 244 249 251 253 254 
255 257 258 260 263 264 267 269 271 272 273 276 
278 279 280 281 284 285 286 287 288 292 296 298 
299 300 301 302 303 307 308 310 313 316 317 320 
321 325 327 329 330 332 335 337 339 342 345 346 
348 350 352 353 354 355 357 359 361 363 366 367 
369 370 376 380 381 382 384 385 386 388 390 392 
397 398 400 401 402 403 406 411 412 413 415 416 
419 420 421 424 425 426 427 428 429 430 431 432 
433 434 436 437 438 440 442 443 445 447 448 449 
450 451 452 453 455 456 457 458 459 461 464 467 
468 469 479 481 482 483 484 488 491 492 497 498 
499 501 503 507 508 509 510 511 512 513 521 522 
526 527 528 529 531 532 533 534 536 537 539 541 
542 546 551 552 557 558 560 567 569 570 573 574 
577 578 579 580 582 583 584 587 588 589 590 591 
592 594 595 597 598 601 602 605 606 609 610 613 
614 616 617 619 620 621 622 625 626 634 636 638 
640 642 645 648 649 651 653 660 661 662 665 667 
669 670 673 675 676 680 681 684 689 696 698 699 
701 702 705 706 709 715 716 717 720 724 726 732 
736 738 739 740 742 743 744 745 747 748 750 751 
752 756 757 758 759 763 764 766 768 769 770 771 
772 773 775 777 778 779 781 783 784 785 787 788 
789 791 793 796 797 800 
410
1 2 3 6 8 9 13 14 16 18 20 24 
27 28 30 32 33 34 35 36 37 38 40 44 
45 49 50 51 54 56 57 61 62 65 67 75 
77 78 79 80 83 84 85 87 89 90 92 94 
95 96 97 98 99 100 101 102 103 105 106 107 
108 114 116 117 118 120 121 122 123 124 127 128 
129 130 131 132 133 134 139 141 144 145 150 151 
152 154 155 156 159 160 161 166 168 171 175 177 
179 182 183 185 186 188 189 190 191 192 194 196 
197 202 204 205 206 208 210 211 212 213 214 215 
216 217 220 221 222 225 226 230 233 234 235 236 
238 239 240 241 242 248 249 253 255 256 257 258 
259 261 262 265 268 269 270 272 273 277 278 279 
281 282 288 292 294 296 301 303 304 305 306 310 
311 312 313 317 319 320 322 323 324 325 328 335 
336 338 344 345 346 351 352 356 357 360 363 365 
368 369 371 373 375 378 379 380 384 391 392 393 
397 399 400 405 406 408 410 411 412 415 416 418 
419 420 421 424 425 427 429 430 433 434 436 438 
439 440 441 443 448 451 452 458 459 460 461 463 
464 467 468 469 470 471 475 476 482 485 486 490 
492 493 495 497 499 501 504 506 508 509 510 512 
514 515 517 518 519 521 524 531 532 535 537 540 
542 543 544 545 548 550 552 553 557 559 560 561 
573 575 576 577 578 579 580 582 584 589 590 591 
592 594 595 597 598 600 601 602 606 607 610 611 
617 620 621 625 628 630 631 633 637 638 644 646 
647 649 651 652 653 655 657 660 662 663 665 666 
667 669 670 671 673 676 680 682 683 686 687 688 
689 693 697 698 699 702 704 705 706 707 708 709 
710 719 720 725 727 732 734 736 737 738 740 741 
744 746 747 748 749 752 753 754 757 758 759 762 
764 765 767 768 769 770 771 772 773 776 777 778 
779 780 783 785 786 789 791 792 793 794 795 797 
798 800 
406
2 7 8 14 16 21 23 31 32 33 36 37 
39 40 41 42 45 46 50 51 52 55 56 57 
59 60 61 63 64 69 71 74 79 81 83 88 
89 90 91 92 96 97 99 100 102 104 105 106 
107 109 110 112 115 116 117 118 122 123 124 126 
127 136 137 139 140 141 142 144 147 149 152 154 
156 160 162 167 170 172 173 175 176 177 178 179 
182 183 184 186 188 191 192 193 196 199 201 207 
208 210 211 213 214 215 216 218 219 220 224 226 
227 230 232 233 234 236 238 239 242 244 245 246 
249 252 253 254 255 256 258 259 260 262 264 265 
266 267 268 269 270 271 272 273 275 277 279 281 
282 283 284 286 287 288 292 294 295 296 297 298 
299 302 303 304 305 308 309 310 313 314 317 319 
320 321 322 323 324 325 326 330 332 334 336 337 
338 340 341 343 345 346 348 349 350 351 352 354 
359 360 361 369 370 373 374 376 381 382 384 385 
387 388 396 397 398 399 400 405 408 412 416 419 
423 425 426 432 434 435 436 438 439 442 443 446 
448 450 453 454 456 458 459 461 463 464 465 468 
469 470 473 476 477 478 485 487 488 491 496 497 
502 505 506 507 511 512 513 514 519 523 524 528 
529 530 535 536 537 538 539 540 542 543 545 547 
548 550 553 560 562 563 566 567 568 573 574 575 
576 577 580 581 583 584 586 587 588 592 594 597 
600 603 606 607 609 613 615 617 618 619 622 623 
624 628 630 631 632 633 635 639 640 642 644 645 
646 651 652 654 656 660 663 664 665 667 668 670 
672 674 676 679 680 682 686 688 689 690 691 692 
694 695 696 700 701 702 703 704 706 707 710 712 
713 714 715 717 718 722 725 726 727 728 729 730 
731 732 734 736 737 740 747 750 752 754 758 760 
761 764 765 767 770 773 774 775 777 778 779 780 
781 782 784 786 789 790 792 793 794 796 
414
3 4 7 8 9 10 11 15 16 18 19 20 
21 22 26 29 30 32 36 39 41 45 48 50 
53 54 55 58 59 60 62 63 64 65 66 68 
69 70 71 73 74 75 78 79 81 82 84 86 
87 88 89 90 95 96 98 100 102 103 106 107 
108 114 117 118 121 124 128 130 132 133 134 135 
141 144 145 146 147 148 149 150 153 154 155 156 
158 160 161 162 163 165 166 168 171 172 173 174 
178 181 183 187 189 190 191 193 198 199 200 201 
203 206 209 210 211 212 214 216 218 219 220 221 
222 223 226 227 228 231 233 234 235 236 237 238 
240 241 242 243 244 245 247 249 250 256 257 259 
260 262 263 264 266 269 272 274 275 276 277 282 
283 287 290 292 293 295 296 297 298 300 303 308 
309 311 312 313 314 319 320 323 325 326 327 331 
332 333 335 337 338 339 340 341 342 343 344 346 
348 353 354 357 362 363 366 368 369 373 374 378 
380 381 384 385 387 389 390 392 394 395 401 402 
406 407 408 409 410 411 412 413 414 415 416 418 
419 420 421 425 426 427 433 434 435 436 438 441 
445 451 452 454 459 460 462 469 470 472 473 474 
476 477 479 480 485 487 489 490 491 492 494 497 
498 499 500 501 505 507 508 509 510 513 514 516 
517 519 520 521 524 525 527 530 531 537 538 542 
544 545 547 551 553 554 557 560 568 569 572 573 
574 579 581 582 583 585 586 589 590 591 594 595 
596 603 605 611 612 614 615 617 619 622 625 626 
627 630 632 633 635 637 638 639 640 642 645 647 
649 650 651 655 656 657 659 661 662 663 666 668 
670 672 673 675 677 678 679 681 682 683 685 686 
689 691 693 695 696 697 698 700 702 703 704 706 
709 710 716 718 719 724 725 726 727 728 735 738 
739 741 744 746 748 749 751 756 757 760 762 763 
764 767 772 773 775 777 778 779 780 782 783 786 
787 790 791 795 799 800 
389
2 7 8 10 13 14 17 18 19 20 24 25 
30 31 33 35 36 39 40 45 46 47 48 49 
51 58 59 60 66 69 72 73 79 82 83 84 
86 89 90 91 93 103 105 106 109 111 113 114 
115 116 118 119 121 123 126 128 130 133 135 139 
140 141 143 144 147 148 152 153 154 163 168 171 
172 174 175 177 178 181 182 184 185 190 192 195 
199 201 203 206 208 210 211 212 214 215 216 218 
219 223 226 227 229 231 233 234 235 237 238 240 
241 242 244 245 246 247 250 252 253 256 257 260 
261 271 275 277 282 287 291 293 294 299 300 301 
302 303 304 306 309 314 316 317 322 324 325 327 
331 334 335 337 339 341 343 346 348 349 353 354 
355 360 364 369 373 375 376 379 381 382 384 385 
386 387 388 390 393 394 397 398 399 401 404 406 
407 410 412 414 416 419 421 424 426 430 432 435 
437 439 441 442 443 444 447 448 449 450 452 455 
457 460 461 462 463 472 474 475 476 478 480 481 
482 483 486 487 488 490 491 493 498 499 500 503 
504 505 506 507 509 511 514 516 518 520 521 523 
524 527 528 529 532 533 534 535 537 538 540 541 
544 546 549 550 551 552 553 556 559 560 561 562 
563 564 566 569 570 571 573 575 576 577 578 580 
583 585 592 595 598 600 601 602 604 606 608 609 
610 612 613 614 615 616 618 620 622 623 624 628 
630 632 634 640 642 645 647 650 651 652 654 655 
656 657 660 663 665 667 668 669 670 671 674 676 
679 680 683 686 687 688 689 690 691 692 695 696 
697 700 704 706 708 709 710 711 714 716 717 721 
724 725 728 729 730 734 741 742 743 747 748 749 
750 753 755 756 757 758 759 760 761 763 764 767 
770 772 776 778 779 780 781 783 784 788 790 793 
794 795 796 797 799 
409
3 5 6 7 8 9 10 12 13 15 16 17 
19 20 21 24 25 29 31 34 39 40 41 42 
44 46 47 48 51 53 54 55 57 58 59 60 
62 64 66 69 72 73 74 76 77 80 81 83 
85 87 89 90 93 94 96 97 101 102 105 109 
110 112 113 114 115 116 117 119 121 123 125 126 
127 129 134 139 140 142 148 150 151 155 156 157 
158 159 161 162 164 166 168 170 175 176 178 180 
181 184 187 190 193 194 195 196 197 198 200 201 
202 203 205 210 212 214 215 218 220 222 223 228 
229 231 232 234 235 237 238 239 240 242 243 244 
245 246 247 249 253 254 255 256 257 260 261 264 
265 266 268 270 271 272 273 274 275 279 280 283 
284 287 291 293 294 295 303 304 305 307 308 310 
318 319 321 323 328 329 330 331 333 334 336 337 
340 344 346 348 349 350 352 353 355 357 359 360 
362 364 366 367 373 374 375 377 379 380 382 384 
386 389 390 393 394 396 397 398 399 400 401 402 
403 404 406 408 409 410 411 412 414 415 416 417 
418 420 421 422 423 427 429 430 432 434 435 438 
440 442 448 450 451 452 453 454 458 459 460 464 
465 466 468 471 472 473 474 475 478 479 481 484 
488 489 490 494 498 499 500 502 504 505 513 514 
515 518 521 522 524 525 526 527 531 534 536 537 
538 539 540 542 543 544 545 546 549 550 555 556 
557 562 564 565 566 571 575 576 577 578 579 581 
582 583 586 589 590 591 592 593 594 597 604 606 
609 610 613 614 617 624 627 629 631 632 633 634 
637 638 639 641 642 643 648 649 650 655 656 660 
664 669 670 676 679 681 684 685 693 694 699 700 
703 704 706 707 708 710 713 714 717 721 722 724 
728 729 733 734 738 739 746 747 748 751 753 754 
758 760 762 763 764 766 767 769 770 773 777 778 
779 780 783 784 786 787 789 791 792 793 795 797 
800 
382
2 4 6 11 12 13 15 16 18 20 22 23 
24 25 28 30 31 32 33 34 38 43 44 46 
47 49 52 57 60 64 66 73 76 77 78 79 
81 82 83 84 85 86 89 91 96 97 99 105 
106 108 109 114 116 117 118 119 120 121 125 128 
129 131 133 136 137 140 142 144 146 150 151 152 
153 154 155 156 159 160 161 162 163 164 166 169 
171 173 174 175 176 177 178 180 181 185 186 191 
192 193 194 196 199 200 201 203 205 207 208 213 
214 215 216 218 221 228 229 232 235 236 237 238 
239 242 243 245 246 250 252 253 255 256 257 258 
259 262 263 264 272 275 278 279 280 287 292 295 
297 302 303 304 305 307 311 313 314 316 318 320 
321 322 325 327 328 329 330 335 336 338 339 340 
341 343 346 347 350 357 358 359 360 362 363 365 
366 367 368 370 377 379 380 381 383 384 385 386 
387 388 390 391 392 393 394 395 397 400 404 408 
410 411 412 415 417 419 421 422 424 428 429 430 
431 432 433 435 436 439 441 443 446 447 449 450 
456 462 477 478 479 482 486 488 489 490 492 495 
496 498 499 500 501 504 506 508 511 512 513 514 
517 518 520 521 522 523 529 531 533 538 540 541 
543 547 550 551 553 555 558 566 567 569 570 574 
576 579 580 582 583 586 588 589 590 592 597 600 
601 602 604 605 607 608 609 611 616 618 619 621 
622 625 626 628 631 633 640 641 642 646 655 657 
658 667 669 670 671 674 675 681 683 684 687 688 
691 693 694 697 698 701 702 703 704 706 708 709 
710 712 713 715 717 719 721 724 725 728 729 734 
739 740 741 743 744 745 748 750 751 752 754 756 
757 759 761 763 764 766 767 768 770 774 778 780 
782 786 789 792 793 795 796 798 799 800 
390
1 6 7 10 12 14 15 17 18 19 21 23 
24 27 29 30 34 35 36 41 42 44 45 48 
49 52 53 55 56 57 60 61 62 64 65 67 
68 70 74 75 78 82 83 84 85 88 92 93 
94 98 101 104 106 108 109 110 111 112 113 117 
119 121 124 125 128 130 133 136 137 138 142 143 
144 145 146 147 150 151 155 156 160 163 164 165 
167 170 172 173 176 177 178 180 182 183 187 189 
190 191 193 194 195 200 201 204 206 208 209 214 
215 217 218 219 220 222 224 225 226 227 229 232 
233 240 241 242 246 247 248 249 251 253 254 259 
261 263 264 266 267 268 269 270 271 272 275 281 
282 283 284 285 286 290 292 293 295 297 298 299 
302 307 309 310 311 312 313 315 321 324 325 329 
330 331 337 339 341 343 344 345 347 348 352 353 
356 357 358 359 361 364 366 369 370 371 373 374 
379 380 381 383 385 387 389 390 394 395 397 402 
410 411 414 415 416 417 421 422 423 426 431 432 
433 434 437 439 440 446 447 448 450 455 460 464 
465 468 471 473 477 478 479 480 486 487 489 490 
494 495 497 498 499 501 505 507 508 511 512 513 
514 515 517 520 521 523 525 526 528 530 534 539 
541 542 544 545 546 547 550 552 553 556 559 561 
562 564 568 569 570 573 575 576 578 579 582 584 
587 590 591 592 593 594 595 597 598 599 600 601 
603 604 606 608 613 614 617 620 621 622 624 630 
633 634 638 639 644 645 646 648 659 661 662 664 
667 668 670 672 674 676 677 680 681 684 685 689 
692 693 694 695 696 697 698 699 701 707 710 713 
714 721 724 725 726 727 733 735 736 737 738 740 
741 742 744 745 746 748 751 756 757 759 761 762 
763 765 766 770 772 775 776 778 779 780 783 786 
787 790 792 793 794 798 
398
1 3 4 7 8 9 10 11 13 19 21 22 
23 25 26 31 32 36 37 38 39 45 51 54 
57 60 62 70 71 73 74 78 79 80 81 83 
86 90 91 94 96 97 107 108 110 111 112 114 
115 117 118 120 121 122 123 124 126 127 128 129 
130 133 136 141 143 146 147 148 152 153 154 156 
157 158 160 161 162 164 166 167 171 174 175 177 
178 181 183 189 193 198 201 203 204 207 208 210 
211 214 215 220 221 222 223 225 226 227 230 233 
235 238 239 241 242 243 246 247 249 250 252 254 
256 257 259 262 264 266 267 268 272 274 275 278 
279 280 282 286 289 290 292 293 294 295 296 297 
299 301 304 305 311 312 314 318 319 320 321 323 
324 326 328 330 332 335 336 339 340 341 343 344 
351 354 356 357 358 360 361 363 366 367 369 371 
373 374 375 377 378 379 382 385 387 389 391 392 
393 394 395 397 398 399 402 409 410 412 413 414 
415 417 419 421 422 423 425 426 427 432 435 441 
444 446 447 448 449 451 454 456 458 466 467 470 
471 472 473 476 477 480 482 483 487 489 491 494 
495 496 497 508 510 511 512 513 515 516 517 520 
521 523 525 526 527 529 532 533 534 537 539 541 
544 548 549 552 553 554 555 558 561 562 564 566 
567 568 569 570 571 573 574 579 580 581 582 583 
585 587 591 593 596 598 600 601 603 605 607 608 
612 613 614 617 619 622 627 628 631 632 634 636 
641 642 643 644 646 647 648 649 650 652 655 659 
660 662 663 664 669 670 671 672 673 677 678 680 
681 682 683 685 687 688 689 692 694 696 699 700 
701 705 706 710 715 716 718 719 720 722 723 724 
725 726 729 730 731 733 736 739 740 741 742 743 
749 753 754 756 757 758 760 768 769 770 774 776 
777 778 784 785 786 787 788 790 791 793 795 796 
799 800 
414
1 2 4 5 6 7 8 9 10 15 16 17 
25 29 30 36 37 39 40 41 42 43 44 45 
46 48 51 53 55 56 57 59 66 67 69 70 
71 72 73 76 77 78 80 87 89 90 92 94 
95 97 99 100 101 102 103 104 105 107 109 110 
111 112 114 115 117 120 122 123 127 128 131 132 
134 136 137 141 143 144 145 150 151 153 155 156 
157 159 161 163 164 165 168 170 171 172 173 174 
175 181 182 183 184 187 188 189 190 192 194 195 
202 203 204 206 207 211 213 218 220 221 223 224 
225 229 231 232 233 234 235 236 240 241 243 244 
246 247 248 250 253 254 255 257 258 260 263 264 
265 268 270 274 275 277 278 279 281 282 284 286 
288 289 290 294 296 298 299 300 301 302 304 307 
308 311 312 313 314 315 316 321 323 324 325 326 
329 335 336 338 342 345 346 351 353 357 362 365 
367 369 370 371 372 376 377 378 379 382 385 388 
390 391 393 394 396 398 399 400 403 404 405 406 
409 410 413 417 419 421 422 427 428 429 430 431 
434 437 438 440 441 443 444 445 446 448 451 452 
454 456 460 461 463 465 468 473 475 478 480 482 
485 486 489 490 491 492 495 496 498 501 504 506 
507 508 510 512 513 515 517 520 521 523 525 529 
530 532 533 535 536 537 538 539 540 542 543 544 
545 549 552 553 554 555 557 558 560 562 564 568 
569 571 573 574 575 577 580 583 586 588 589 591 
592 597 600 601 603 606 607 609 611 612 614 615 
616 618 626 628 629 630 631 635 636 638 641 643 
644 645 650 653 655 656 658 660 661 662 664 665 
670 672 674 675 683 686 687 688 689 690 702 704 
705 706 707 708 710 714 719 722 723 724 725 726 
727 730 731 733 736 739 740 742 743 746 747 748 
750 752 756 759 761 762 765 766 768 769 770 771 
773 774 775 776 777 779 782 783 786 787 788 790 
791 792 794 795 797 800 
398
5 6 7 8 11 12 17 18 19 20 21 24 
25 27 29 32 33 34 37 41 46 47 48 49 
52 53 54 55 56 57 58 60 61 63 65 67 
68 72 74 76 77 78 79 84 88 92 93 94 
96 97 98 100 103 104 105 109 115 116 119 123 
125 126 127 128 130 131 132 133 134 135 136 137 
138 139 140 141 142 146 148 149 150 154 155 158 
159 160 161 163 164 166 167 169 172 175 176 179 
183 184 185 186 187 190 192 195 196 198 200 201 
212 213 214 218 221 224 228 229 234 237 238 241 
243 245 248 253 254 255 256 257 259 263 265 266 
269 271 272 277 280 281 284 285 287 293 294 296 
298 299 300 304 306 309 310 312 315 318 320 324 
325 326 330 331 333 334 335 339 340 341 342 344 
348 350 353 356 357 359 361 362 364 369 372 373 
376 377 378 379 383 384 385 387 391 392 396 397 
398 401 402 403 405 406 407 408 411 412 413 416 
418 422 426 428 430 431 432 433 434 435 438 440 
442 446 447 448 449 451 452 456 458 460 465 467 
468 469 470 477 478 479 483 490 491 492 494 495 
497 499 502 503 506 509 512 513 514 516 517 518 
519 521 522 524 526 527 528 529 530 532 533 534 
537 539 541 542 545 546 550 551 554 557 559 560 
564 565 566 568 570 574 576 577 580 581 583 585 
588 589 590 591 594 595 598 599 600 601 602 605 
606 607 608 609 610 611 621 622 623 625 627 628 
629 630 634 635 638 639 642 643 645 646 648 649 
651 652 654 656 660 662 664 665 666 667 668 670 
671 674 675 680 687 690 691 692 694 695 696 699 
700 701 702 703 704 706 708 709 710 719 724 726 
727 728 729 730 735 736 740 744 745 747 748 750 
751 752 753 755 756 757 758 761 763 768 769 772 
773 774 776 778 780 782 783 786 787 791 793 796 
798 799 
384
3 9 11 13 14 16 17 18 19 20 21 25 
30 31 32 34 35 36 37 38 40 41 43 44 
45 48 50 52 54 55 59 63 64 68 74 77 
79 80 81 82 84 89 90 92 93 94 95 100 
101 102 104 107 108 110 113 116 117 119 120 121 
122 126 127 129 130 132 137 138 139 142 144 146 
147 151 152 154 155 156 164 165 167 169 173 174 
176 179 180 183 184 186 187 189 190 191 192 195 
196 197 201 202 209 210 211 214 217 219 221 222 
223 225 228 233 237 239 241 242 243 246 247 249 
253 263 265 268 272 273 275 276 278 280 281 282 
285 286 287 291 292 294 295 297 298 301 302 303 
305 306 307 308 311 314 315 320 321 324 325 326 
329 331 333 339 340 341 347 349 351 358 359 360 
361 362 365 366 368 370 371 374 375 376 379 380 
382 383 387 388 391 393 396 398 402 404 406 408 
409 410 412 416 419 420 421 422 423 424 425 428 
430 431 434 435 436 438 442 444 445 446 447 449 
451 452 453 458 460 462 464 466 467 468 471 472 
474 475 476 478 479 481 482 483 488 491 492 494 
503 506 508 509 510 511 512 514 515 516 517 518 
519 521 522 523 524 526 527 528 530 534 535 536 
541 542 546 549 550 553 554 556 559 560 563 564 
565 567 572 573 574 576 578 581 583 585 586 589 
590 593 594 595 599 600 601 603 604 605 610 612 
613 615 618 620 624 626 629 630 631 633 637 642 
643 644 645 646 648 652 653 654 655 658 660 661 
665 666 668 670 672 676 677 678 679 682 683 684 
685 690 691 696 698 699 705 712 713 715 716 721 
722 724 728 731 732 733 734 735 738 740 743 744 
745 748 749 751 753 755 763 764 765 767 769 777 
779 781 782 785 788 790 792 795 796 797 798 799 
403
1 2 6 7 14 15 17 18 22 24 26 32 
33 36 37 39 40 45 47 48 49 51 52 53 
54 56 61 62 63 64 66 67 69 70 74 78 
82 85 86 87 90 91 93 95 97 99 100 101 
102 105 109 113 114 117 118 124 125 126 127 129 
131 135 136 139 141 142 144 145 146 147 148 151 
152 156 157 158 159 160 161 163 164 166 168 169 
170 171 173 181 184 186 188 189 190 192 193 201 
204 205 208 209 212 213 216 217 218 223 224 229 
230 234 235 236 241 244 251 252 253 254 255 256 
260 261 263 265 267 268 271 272 275 277 278 279 
281 282 283 285 287 288 289 291 293 294 296 297 
298 300 301 304 305 306 309 310 314 319 320 322 
324 326 329 330 333 334 337 339 341 343 346 347 
348 351 352 358 360 362 363 365 368 369 371 373 
374 375 376 378 379 381 384 386 387 388 389 393 
395 396 398 400 402 405 406 407 408 412 413 417 
418 419 421 422 423 424 425 428 434 435 436 437 
438 439 443 445 454 455 456 457 460 462 463 464 
465 469 470 471 472 475 478 479 480 481 486 491 
493 494 497 499 505 506 507 509 511 513 514 515 
516 517 518 521 525 526 528 531 532 533 535 536 
538 539 540 544 547 548 550 551 553 558 559 560 
561 564 568 569 570 573 574 575 576 578 580 582 
583 584 585 586 587 589 591 592 593 595 597 598 
599 600 601 603 605 610 612 614 615 616 619 620 
621 622 626 629 631 632 633 634 635 637 638 640 
641 642 646 649 651 652 657 659 663 665 667 671 
672 673 674 675 676 679 681 682 683 685 686 689 
690 694 695 697 700 701 710 712 714 716 717 718 
721 722 723 724 728 731 732 733 734 736 737 738 
739 740 741 742 743 747 750 751 754 756 758 759 
761 763 765 767 770 771 773 779 782 783 785 786 
787 788 789 792 794 795 800 
395
1 2 3 5 6 9 10 11 16 17 18 20 
21 22 28 29 30 32 37 40 41 42 44 47 
48 50 53 54 56 60 64 65 69 70 71 73 
77 80 82 85 86 87 91 94 95 97 98 102 
103 105 106 107 108 109 110 115 116 117 120 124 
125 126 127 128 130 137 142 143 144 147 148 149 
150 153 158 162 165 168 171 174 176 178 182 184 
185 188 189 190 191 192 195 196 198 201 204 205 
208 209 212 214 218 219 221 223 225 227 228 230 
231 232 233 236 239 240 241 242 245 246 249 253 
256 258 259 261 264 265 266 267 268 271 274 276 
277 281 283 284 286 288 289 291 292 293 295 296 
299 302 304 306 308 309 310 313 315 316 317 318 
320 322 323 325 326 328 329 332 333 336 339 340 
341 342 344 348 350 352 353 355 356 357 358 359 
361 363 365 367 368 371 374 376 377 379 381 384 
386 389 392 393 395 396 397 400 401 404 409 414 
415 417 419 421 422 428 431 434 435 440 441 442 
443 445 446 447 448 450 451 452 454 457 460 461 
464 466 468 469 471 472 473 476 477 478 480 481 
484 486 487 489 490 491 495 498 500 503 505 508 
511 516 522 523 524 526 530 531 533 534 535 537 
538 539 540 541 545 549 550 551 553 554 555 557 
559 561 564 566 572 573 575 577 582 585 586 590 
592 593 595 598 601 603 605 606 607 608 609 612 
615 616 617 630 631 632 634 635 636 637 638 643 
644 645 648 649 650 652 653 654 655 657 660 662 
663 664 665 666 668 669 672 673 674 678 679 681 
682 685 689 693 698 699 700 701 702 703 708 713 
714 716 718 720 721 722 725 727 728 730 731 735 
736 739 740 741 743 745 746 747 748 752 753 755 
757 758 759 761 762 766 768 769 772 773 776 779 
780 781 784 785 786 788 792 793 795 796 797 
379
3 4 6 8 9 10 11 17 18 22 25 29 
31 33 35 36 39 41 44 46 47 49 52 53 
54 55 57 58 63 65 67 70 73 74 75 78 
79 80 82 85 86 88 89 92 93 96 97 100 
101 102 103 112 113 115 116 117 118 120 123 124 
125 126 127 129 135 137 139 141 142 143 145 150 
153 154 155 156 157 158 159 162 166 167 168 169 
170 172 173 175 176 177 179 181 184 185 190 194 
195 196 204 208 210 215 217 219 220 225 228 229 
232 236 240 243 244 245 247 249 250 251 252 254 
255 257 258 260 261 263 265 266 269 272 273 274 
275 276 278 280 281 283 287 288 291 293 294 295 
297 304 306 307 314 316 317 319 320 326 327 333 
334 335 337 338 340 342 343 344 347 348 349 351 
354 355 358 359 362 365 367 368 371 372 374 375 
378 379 380 381 384 386 389 392 394 397 400 402 
404 407 408 409 411 412 414 415 416 417 418 420 
422 423 426 434 435 436 439 440 442 445 450 451 
452 453 458 459 461 464 467 471 472 477 478 481 
485 487 490 491 493 494 496 497 501 502 504 506 
508 510 512 513 515 516 518 521 522 527 529 539 
541 542 543 544 545 547 548 549 550 551 552 554 
555 561 562 564 568 570 572 573 574 575 576 577 
580 582 583 584 586 587 589 592 594 602 603 604 
605 606 608 611 612 614 615 617 620 624 625 627 
635 636 638 642 643 645 648 649 651 654 655 657 
658 659 663 665 666 667 668 669 670 672 673 675 
681 683 685 686 690 691 696 697 698 702 703 705 
706 707 708 709 711 712 713 714 717 722 728 731 
733 734 742 744 746 747 748 750 753 754 756 757 
758 759 761 763 766 770 771 773 775 776 779 783 
786 788 789 790 794 795 799 
376
3 5 6 8 10 11 13 15 16 17 19 23 
25 26 29 33 35 37 38 42 44 45 46 50 
53 54 55 56 57 59 65 68 69 71 72 74 
75 76 79 83 85 88 91 92 96 98 99 105 
108 109 111 113 116 117 119 121 122 127 128 130 
131 132 133 134 136 137 140 141 142 143 145 146 
147 149 150 152 153 154 156 157 158 159 160 164 
165 170 172 174 175 180 181 182 183 191 193 200 
201 203 204 206 209 212 220 223 224 226 227 228 
229 232 234 240 241 245 246 247 248 252 253 255 
256 257 260 262 266 271 272 274 285 291 293 294 
295 296 297 302 307 309 311 312 313 314 318 319 
320 321 322 323 325 326 327 328 330 331 332 334 
336 338 339 343 344 348 350 355 356 357 361 362 
363 368 371 372 375 376 378 379 383 384 385 387 
388 392 393 397 398 399 400 408 415 417 418 419 
420 424 429 431 434 435 436 438 444 445 446 447 
449 450 453 455 458 459 461 463 464 466 468 472 
474 475 476 481 483 484 489 491 492 493 494 496 
498 499 500 503 506 509 510 512 513 516 521 522 
523 525 526 530 532 536 538 539 543 547 548 554 
555 559 561 565 568 569 571 573 576 578 580 581 
585 586 590 592 593 594 595 596 598 599 604 605 
606 607 608 610 611 612 614 615 616 617 618 623 
624 625 626 627 634 635 636 637 638 639 642 645 
650 652 653 655 656 657 661 662 663 669 670 671 
674 676 677 678 679 680 681 682 683 684 685 687 
688 690 691 692 693 695 697 702 703 704 705 708 
709 713 717 723 724 727 728 731 732 733 734 737 
740 742 743 744 745 746 747 749 750 751 753 754 
756 758 759 765 766 768 774 775 777 781 782 785 
793 794 796 800 
387
2 6 7 8 14 17 24 25 28 31 35 37 
41 42 47 48 49 52 53 56 57 58 61 62 
65 66 70 75 77 79 82 84 85 86 88 89 
91 98 99 100 102 104 107 111 112 114 119 122 
124 129 132 133 135 138 141 142 144 146 149 151 
155 159 160 163 164 166 171 172 174 175 177 178 
179 182 183 184 188 190 193 194 195 196 198 199 
200 202 204 206 208 210 211 212 213 214 216 220 
223 224 228 230 231 232 233 237 244 245 246 248 
249 252 254 256 257 260 261 262 264 265 267 270 
273 276 278 279 280 282 283 284 286 289 290 293 
294 297 299 301 303 304 306 307 309 310 311 315 
318 320 322 324 327 332 334 337 340 341 344 346 
348 350 351 353 354 357 358 360 361 362 364 367 
369 370 372 375 377 379 382 384 385 386 388 390 
391 395 396 398 399 402 403 410 412 413 415 418 
419 420 423 424 426 431 432 433 438 442 443 444 
445 450 452 453 456 458 460 464 465 466 468 469 
473 474 475 476 478 479 480 483 484 485 486 488 
490 498 500 502 503 507 509 510 513 517 518 519 
520 522 523 524 525 528 529 530 531 535 537 539 
541 542 544 549 552 553 557 558 560 561 562 565 
567 568 570 576 577 578 579 580 581 582 583 584 
585 589 590 593 596 597 603 605 607 609 611 615 
616 618 619 621 622 623 624 626 627 629 630 631 
636 638 639 642 643 645 647 648 653 654 657 659 
660 661 662 665 666 668 669 671 672 673 674 677 
678 679 682 684 685 687 689 690 692 693 694 695 
700 701 702 704 705 706 707 709 713 715 717 718 
719 720 721 722 728 730 732 734 735 739 741 745 
746 750 751 752 753 754 756 757 758 761 764 766 
767 770 773 775 777 779 780 782 784 785 787 791 
795 796 799 
399
1 3 4 8 10 14 17 18 19 20 21 22 
23 26 27 28 29 30 32 33 34 35 38 39 
40 42 46 49 50 53 55 56 58 59 60 62 
63 64 65 67 75 76 77 79 82 84 86 87 
90 94 95 96 101 102 103 105 106 107 108 110 
111 116 118 120 121 122 123 126 129 133 134 136 
137 139 142 145 146 147 148 149 150 151 152 153 
154 155 157 160 161 162 163 166 169 172 173 178 
180 183 184 185 187 188 189 190 193 196 200 201 
202 203 207 208 209 211 215 216 217 218 219 220 
225 227 228 229 231 232 235 240 242 253 255 256 
257 258 259 260 262 267 268 269 274 276 282 283 
284 285 287 292 293 295 296 301 302 306 310 311 
314 315 316 317 321 324 327 330 331 333 335 336 
340 343 346 354 358 361 364 369 370 371 374 378 
379 381 384 389 390 394 396 397 399 401 405 406 
408 409 410 414 418 419 422 425 428 430 431 432 
433 436 437 439 440 442 444 445 447 451 454 457 
459 460 461 463 465 466 467 468 470 471 474 475 
485 487 488 490 492 493 496 502 504 505 507 509 
510 514 516 517 518 520 521 522 526 529 533 534 
535 537 540 541 542 544 548 551 553 555 558 560 
562 563 564 565 568 570 579 580 581 584 585 587 
588 589 590 591 592 593 594 596 597 598 603 605 
608 611 613 614 617 618 619 622 624 625 627 628 
631 632 633 634 637 638 639 642 644 645 647 648 
649 650 651 655 656 657 658 660 662 663 664 665 
666 667 670 671 672 673 674 676 679 680 683 687 
690 692 695 696 698 699 701 702 703 704 705 708 
709 712 713 715 716 717 720 721 722 725 727 728 
729 730 731 732 733 734 735 738 739 740 741 742 
743 746 747 751 752 754 755 758 759 763 765 769 
770 774 775 778 782 783 788 789 791 792 794 795 
798 799 800 
398
2 3 6 10 13 14 15 16 18 19 24 29 
32 38 39 40 41 46 47 48 49 52 53 54 
58 62 63 67 68 72 76 77 80 82 85 88 
89 90 91 92 94 95 98 99 101 102 103 104 
106 107 111 113 115 116 117 122 130 131 132 133 
135 139 140 142 143 146 149 150 152 153 154 160 
163 165 166 168 170 174 177 179 180 185 186 189 
190 192 194 195 196 197 198 200 202 203 204 205 
207 208 210 212 214 215 216 218 221 223 224 227 
230 232 241 242 245 246 250 251 252 254 258 260 
262 266 267 268 269 271 276 278 282 286 289 290 
291 292 296 299 300 302 304 309 311 312 313 316 
319 322 323 324 325 327 328 329 330 332 335 337 
338 339 340 341 342 344 351 353 356 357 359 361 
363 364 365 366 368 369 370 372 373 374 375 376 
377 378 379 380 382 384 386 387 388 390 392 395 
396 397 401 402 403 409 410 412 413 418 423 424 
425 428 430 433 434 435 437 439 440 442 443 444 
445 446 447 449 450 452 454 455 457 458 459 460 
464 465 466 467 468 470 473 478 479 481 482 485 
487 490 492 495 497 498 499 500 501 503 507 508 
509 511 512 514 515 516 517 518 519 520 521 524 
527 528 529 530 531 532 534 535 537 538 539 545 
547 548 554 555 558 562 564 566 568 569 570 571 
572 574 579 580 582 584 586 587 589 590 594 595 
596 597 600 601 602 604 605 608 612 613 615 616 
617 620 621 622 624 626 630 634 639 640 642 643 
644 648 649 651 658 663 664 668 670 672 674 675 
678 679 681 684 687 691 692 693 694 698 699 704 
707 708 711 713 715 719 722 724 725 726 727 728 
729 732 733 734 735 737 738 739 742 743 745 746 
747 750 755 756 758 762 764 766 769 771 773 774 
775 777 780 781 782 783 785 787 788 789 790 791 
797 799 
420
2 3 4 6 11 13 15 17 20 21 23 24 
25 27 28 29 30 32 36 42 44 45 46 47 
51 53 54 57 59 60 69 70 72 74 76 78 
79 80 81 85 86 90 91 93 94 95 98 100 
102 103 105 106 109 113 117 120 124 126 131 132 
135 136 142 143 144 145 146 147 148 150 151 152 
153 158 159 160 161 164 168 170 172 173 176 180 
182 183 185 187 189 190 191 192 193 194 196 198 
199 202 204 205 207 209 211 212 213 215 216 217 
218 219 220 221 222 223 227 229 231 235 236 237 
238 245 246 247 248 249 253 254 255 256 258 260 
261 262 267 268 269 272 274 275 276 277 282 286 
293 294 299 300 301 302 303 306 307 308 311 315 
316 317 320 322 329 331 332 334 341 342 343 345 
346 347 351 354 355 356 359 360 363 367 368 371 
375 377 378 380 381 383 385 386 387 389 390 391 
393 396 397 398 399 400 401 403 404 405 407 408 
409 412 416 417 418 419 420 422 423 426 427 428 
430 434 436 437 443 448 449 450 452 453 455 456 
457 458 459 462 463 464 465 469 470 474 475 476 
478 480 481 482 483 485 486 489 491 495 497 499 
501 503 507 511 512 513 514 516 517 519 521 526 
527 530 531 532 533 537 539 542 543 544 545 547 
548 549 550 551 552 553 554 555 556 560 561 562 
563 564 571 572 575 577 579 580 581 583 584 586 
588 589 593 594 596 597 599 602 605 606 610 611 
612 614 615 616 617 619 620 625 626 627 628 629 
631 632 633 634 639 640 641 642 643 644 645 647 
648 649 650 652 653 654 655 656 657 659 661 662 
663 665 668 670 671 673 674 676 677 679 680 687 
688 689 690 691 692 694 697 699 701 702 705 709 
710 711 713 714 716 718 720 721 723 724 725 726 
728 731 737 738 739 745 747 748 749 750 754 755 
758 759 760 761 763 766 767 768 769 771 773 776 
780 781 783 784 786 787 788 789 791 793 798 799 
401
1 4 5 6 7 10 12 16 17 18 20 24 
25 26 28 30 33 34 36 38 39 40 41 42 
43 45 47 48 52 53 54 58 61 64 65 66 
68 70 71 72 73 74 78 83 86 87 89 90 
93 95 96 98 99 101 105 107 109 111 112 115 
117 120 122 124 125 127 128 129 130 131 132 133 
134 135 137 139 140 141 142 143 145 146 148 149 
151 152 155 158 159 160 162 169 170 173 174 178 
179 182 184 188 190 192 193 194 195 198 204 205 
206 207 208 210 212 214 215 218 219 222 223 226 
229 230 231 239 240 241 243 244 245 247 248 249 
250 252 253 256 260 263 264 267 268 270 271 273 
275 276 277 280 281 285 286 287 288 289 292 294 
295 296 297 301 302 303 305 307 312 314 315 316 
317 318 319 320 321 322 323 324 327 328 330 331 
332 333 336 338 340 341 343 345 347 350 351 352 
353 354 358 362 365 368 369 370 372 373 374 375 
376 377 378 379 381 382 384 385 386 387 389 392 
393 394 397 398 402 403 404 405 406 407 408 412 
413 416 417 419 420 422 423 426 428 429 431 432 
434 436 437 442 451 453 458 459 461 462 463 465 
466 473 481 483 484 486 489 491 494 496 499 500 
502 504 508 510 512 513 515 517 518 519 520 522 
523 524 525 526 527 532 536 537 540 542 544 548 
550 555 557 558 559 560 562 563 565 566 567 568 
569 570 572 573 574 575 577 579 581 582 585 586 
587 588 594 595 596 597 603 605 606 607 609 610 
613 616 621 622 623 626 627 630 632 633 637 643 
644 645 649 652 656 659 664 665 667 668 670 672 
675 678 681 682 685 691 695 696 699 700 701 702 
704 705 706 711 713 715 716 717 720 721 722 723 
728 731 735 739 740 741 742 743 745 746 747 751 
752 753 758 766 773 774 778 781 782 783 785 786 
789 790 793 797 800 
427
7 10 12 16 19 25 27 28 32 35 39 41 
44 46 49 53 55 56 58 59 63 64 65 66 
67 69 72 73 75 78 79 81 84 85 87 89 
92 94 95 96 98 99 100 101 103 105 107 109 
110 112 114 116 118 119 120 122 123 124 126 127 
130 132 133 134 135 137 140 141 143 147 148 150 
151 152 155 156 159 160 162 170 171 172 173 174 
176 179 180 181 183 187 189 190 191 196 198 199 
201 204 205 206 208 209 214 216 223 225 226 227 
229 235 236 237 238 239 241 242 244 246 247 248 
250 254 256 257 258 259 260 262 263 267 268 270 
272 273 276 277 278 280 281 283 284 285 286 287 
289 291 294 296 297 299 301 302 303 305 306 307 
308 309 311 314 316 318 320 322 323 324 325 327 
328 329 333 334 335 337 340 343 345 347 349 350 
351 352 360 362 364 366 368 370 371 375 377 378 
381 384 385 388 392 393 394 396 399 400 401 402 
405 406 407 410 411 412 413 415 416 418 420 422 
423 424 425 426 427 429 430 431 435 436 437 438 
439 441 443 444 445 446 447 448 450 451 453 454 
455 457 461 463 464 466 471 472 475 479 484 485 
486 487 491 492 493 494 496 497 499 501 504 505 
510 511 512 516 517 519 520 521 527 529 531 533 
534 535 536 537 538 539 540 542 543 545 551 557 
558 559 564 566 567 568 571 572 575 578 579 580 
582 583 584 586 588 589 593 597 599 601 603 604 
605 606 611 613 614 616 618 619 620 621 623 626 
627 628 629 630 631 632 634 635 636 637 638 640 
642 643 644 646 648 652 655 660 662 663 666 667 
668 669 671 672 674 675 676 678 681 682 683 684 
687 688 689 690 691 692 693 695 697 698 699 703 
704 705 709 710 711 715 717 718 722 723 725 726 
728 729 731 732 733 735 737 739 740 742 743 747 
748 749 750 754 755 756 758 762 763 764 766 767 
768 769 771 772 773 776 777 778 781 784 786 789 
791 793 794 795 798 799 800 
390
2 4 5 7 11 12 15 18 20 22 23 27 
28 29 34 35 40 41 42 43 44 45 46 47 
51 54 55 56 58 59 60 63 65 74 75 78 
79 81 82 83 85 87 88 90 92 93 94 99 
100 102 104 106 108 109 112 113 114 115 116 121 
123 125 126 130 132 137 139 142 143 144 145 150 
151 156 158 162 165 166 168 170 173 174 175 176 
177 178 183 184 190 191 192 195 196 198 199 200 
201 202 203 207 209 211 212 214 215 216 217 218 
220 221 222 223 224 225 226 227 228 229 231 234 
238 239 240 242 244 247 250 251 252 254 255 258 
259 262 263 266 267 268 269 271 273 274 276 277 
278 279 281 286 287 288 292 295 300 301 304 307 
310 311 313 314 317 318 319 324 328 330 332 335 
337 339 341 343 344 346 347 350 351 353 354 355 
357 358 360 361 365 366 368 369 370 371 373 378 
379 381 384 388 392 394 395 401 402 403 407 410 
413 414 418 419 421 422 425 432 434 435 436 437 
438 441 442 443 445 451 452 453 454 457 458 462 
466 469 470 472 475 480 481 483 485 487 489 490 
495 496 498 499 500 503 504 505 506 507 509 513 
514 518 520 521 522 523 525 526 527 528 530 534 
538 540 541 543 545 547 549 551 553 554 558 559 
567 572 573 574 578 579 581 583 586 587 588 592 
595 600 601 602 603 604 606 607 612 615 616 617 
618 620 621 623 625 626 627 628 631 633 637 638 
639 640 641 642 645 652 653 655 657 660 662 664 
665 667 668 670 671 672 673 674 675 676 677 679 
680 682 684 687 688 690 692 693 695 699 700 702 
703 705 708 711 714 715 717 718 720 721 724 726 
727 728 730 731 732 735 737 738 740 748 751 753 
755 759 760 761 766 767 769 771 774 776 778 779 
781 782 790 791 796 799 
389
3 6 7 8 10 11 13 14 17 19 21 23 
26 27 31 32 33 34 35 37 38 40 41 42 
48 50 51 54 56 57 58 60 61 64 65 66 
70 72 73 76 80 83 84 87 89 90 91 92 
94 98 102 109 111 113 117 122 124 125 130 131 
132 134 135 136 137 138 143 144 145 147 149 152 
154 156 157 158 159 161 166 169 171 173 174 176 
179 182 183 184 185 186 188 189 190 193 195 196 
201 203 206 210 211 212 215 217 221 222 223 225 
226 229 235 236 237 238 241 244 245 246 249 251 
252 253 254 255 256 259 261 262 263 265 267 268 
269 272 273 275 278 281 285 287 288 289 291 296 
302 303 308 310 311 315 316 318 324 327 330 334 
337 338 339 342 343 344 347 348 349 351 352 354 
357 358 359 360 363 366 367 369 371 372 373 374 
375 376 377 381 384 385 386 389 392 394 397 398 
400 401 404 407 408 412 415 418 419 420 421 423 
424 430 431 432 433 434 439 440 444 447 449 451 
452 454 456 459 461 462 463 464 467 472 473 475 
476 479 480 481 484 485 486 487 488 489 490 491 
493 495 496 500 502 505 506 509 511 512 513 514 
516 517 520 523 524 526 528 529 531 533 534 535 
536 537 540 542 543 545 546 547 550 551 552 553 
561 566 567 569 571 574 575 578 579 581 582 583 
584 592 594 598 599 600 601 604 605 606 607 610 
612 620 621 623 626 627 629 631 632 633 634 635 
639 642 643 645 646 652 653 655 656 658 661 662 
664 665 666 667 669 671 673 675 680 681 682 684 
691 695 700 702 703 704 706 707 708 709 711 712 
715 720 721 724 726 730 731 732 733 735 736 737 
739 740 742 743 744 745 746 748 749 751 756 758 
759 760 764 765 770 771 772 774 776 777 779 790 
792 793 795 797 798 
398
1 2 3 5 8 10 12 13 14 18 23 24 
27 28 29 31 34 36 39 40 41 43 45 47 
48 49 50 51 52 54 55 63 67 68 70 72 
74 75 76 79 80 84 86 87 88 90 94 98 
99 100 101 102 103 104 106 111 115 120 121 124 
127 128 129 130 131 133 135 137 138 139 140 151 
153 154 155 160 162 163 164 166 167 171 174 175 
179 180 181 183 184 187 188 196 198 202 203 205 
208 210 211 212 215 221 225 229 230 231 232 233 
234 235 236 237 240 241 244 246 247 249 250 251 
252 256 257 260 262 269 273 274 275 277 278 280 
284 285 286 291 293 297 299 301 303 305 307 308 
310 312 313 316 321 326 327 328 329 330 331 335 
336 337 339 341 342 343 344 347 349 350 351 355 
356 359 361 363 364 365 368 369 372 376 380 382 
383 384 385 386 387 388 395 396 397 398 399 400 
401 407 409 412 413 415 416 417 418 419 420 424 
427 429 430 431 432 435 439 445 447 449 454 455 
456 457 458 462 466 467 468 469 470 472 474 475 
477 478 479 481 482 484 485 486 488 489 492 494 
495 501 504 505 506 515 518 519 520 521 522 523 
524 526 528 532 533 534 538 539 540 542 543 544 
547 548 554 556 557 558 560 561 563 564 568 571 
573 575 576 579 580 583 585 587 588 589 590 591 
592 593 594 598 600 601 602 605 608 610 611 612 
613 615 616 617 618 619 620 621 623 628 629 632 
633 635 636 641 642 645 646 647 648 650 651 652 
653 657 660 662 665 666 667 668 669 671 672 676 
677 680 682 685 687 688 690 691 694 699 700 705 
706 707 708 709 711 714 715 716 718 719 724 726 
730 731 732 734 737 738 739 741 742 743 745 748 
751 752 758 759 761 763 765 766 768 769 771 776 
777 779 783 784 785 787 788 789 790 793 797 798 
799 800 
399
7 8 10 11 13 15 17 18 19 21 23 25 
26 27 29 30 32 33 34 35 39 42 45 48 
49 50 51 55 56 57 58 59 62 63 65 66 
67 69 71 72 73 75 76 79 81 83 85 86 
87 89 91 94 98 100 101 102 103 104 108 113 
114 116 117 118 120 121 122 123 124 125 127 128 
132 134 136 137 138 143 144 147 148 150 152 153 
155 157 158 159 160 170 173 175 177 178 179 180 
181 183 184 185 186 187 188 192 195 201 202 203 
209 213 214 216 217 221 223 226 227 228 233 236 
237 247 250 252 256 258 260 264 265 267 269 271 
274 275 277 278 279 281 283 286 287 289 290 292 
293 294 303 307 309 310 311 312 315 316 318 319 
321 324 326 327 328 329 330 331 334 335 337 338 
341 342 345 349 352 356 363 367 368 370 372 373 
375 377 378 384 385 389 394 395 396 398 400 402 
406 410 412 413 415 416 418 419 420 421 423 427 
428 434 437 438 439 440 442 445 446 447 452 453 
454 455 459 462 463 465 468 472 473 475 478 481 
484 487 491 492 494 496 498 499 500 501 507 508 
510 512 513 515 517 519 520 524 527 529 530 532 
533 534 535 537 539 540 541 543 545 546 549 552 
554 557 559 561 562 564 565 566 567 569 570 571 
573 574 575 576 578 584 588 589 591 594 595 596 
597 598 600 603 604 607 608 611 612 614 616 617 
619 622 625 626 627 629 630 632 633 636 637 638 
639 640 641 642 643 646 648 650 652 655 656 658 
663 665 666 667 670 671 673 676 677 680 682 683 
684 685 686 687 690 691 693 694 697 698 699 703 
704 706 709 710 711 714 719 720 722 724 725 727 
728 731 732 733 734 735 737 740 741 742 744 745 
746 749 750 751 753 754 755 756 760 762 766 770 
776 777 778 779 780 781 782 785 787 792 793 794 
795 796 798 
422
3 4 6 7 12 15 16 17 18 19 20 21 
22 23 25 28 29 32 35 36 38 42 44 46 
48 49 50 52 54 57 60 61 63 64 66 68 
71 72 73 74 81 83 85 86 89 91 93 94 
99 102 107 108 109 111 113 117 127 128 129 132 
134 135 137 139 140 141 143 144 145 146 148 150 
152 153 156 157 158 159 161 163 165 166 168 171 
173 174 176 177 178 180 181 182 183 184 186 188 
189 194 195 196 197 198 199 203 204 205 210 212 
214 215 219 221 222 223 224 227 228 230 231 234 
235 236 239 240 252 255 256 260 261 262 264 265 
268 269 270 271 272 273 274 276 281 282 284 286 
288 290 292 296 297 298 299 300 302 304 308 309 
310 312 315 316 317 318 319 320 321 322 323 326 
327 328 330 332 334 335 336 338 340 344 345 346 
347 348 350 351 352 354 356 357 358 359 360 361 
363 372 375 376 377 378 381 382 384 388 393 396 
397 398 399 401 403 405 406 407 408 409 410 411 
412 413 415 417 419 421 422 423 425 428 431 433 
434 436 437 438 439 440 444 445 447 455 456 457 
460 461 462 463 464 466 468 473 478 479 486 488 
490 491 492 495 499 500 501 502 503 506 510 514 
516 518 519 521 522 524 526 528 529 530 535 536 
538 540 542 543 544 548 553 556 557 558 563 564 
565 567 568 569 570 571 573 575 576 578 579 580 
582 585 586 589 591 592 593 594 595 596 597 599 
600 601 602 605 606 607 611 614 618 621 623 625 
627 630 632 633 637 638 641 644 645 648 649 656 
657 658 659 660 662 663 664 667 668 669 671 672 
674 679 680 681 683 684 685 691 693 694 695 696 
698 700 703 704 705 709 710 712 713 714 716 718 
721 722 725 726 728 729 730 731 732 733 735 736 
738 739 740 741 742 744 747 750 751 752 753 756 
758 759 761 762 764 765 766 769 770 773 774 775 
778 779 781 784 785 786 787 791 793 794 795 797 
798 799 
381
3 4 5 6 11 12 14 16 20 23 26 28 
29 31 32 33 34 36 38 39 41 44 46 52 
53 54 55 57 71 72 75 77 78 79 80 85 
92 94 97 98 99 101 103 106 112 113 114 116 
118 119 122 124 126 133 135 136 138 143 146 147 
148 149 150 151 152 153 157 158 161 162 167 169 
170 174 177 178 186 187 190 191 194 197 199 203 
205 206 207 208 209 212 213 214 220 223 224 225 
227 228 229 233 234 240 242 243 246 249 257 258 
259 261 263 265 266 268 270 271 273 274 278 281 
283 285 286 287 288 289 292 297 298 299 300 306 
307 308 309 311 312 317 321 323 324 331 332 333 
336 337 341 344 347 348 350 352 353 355 357 359 
360 361 363 366 367 370 372 374 375 376 381 385 
387 388 389 390 391 392 393 395 396 398 399 402 
407 408 410 414 417 418 419 420 424 425 430 431 
432 433 436 438 440 444 446 448 449 451 452 453 
454 455 458 460 461 465 466 467 469 473 475 476 
479 480 483 486 488 490 492 493 495 498 499 500 
502 503 506 507 508 511 513 517 519 520 521 522 
523 525 526 527 529 533 534 535 537 538 540 542 
543 545 546 548 549 550 554 555 556 558 560 561 
562 566 567 568 569 571 572 581 587 590 592 593 
594 600 602 603 604 605 609 610 613 614 615 616 
617 619 622 624 626 628 630 632 636 637 638 642 
645 647 649 650 652 654 657 660 661 663 664 667 
669 671 674 675 677 678 681 682 683 684 685 686 
693 700 701 703 706 708 710 711 712 714 717 719 
723 727 728 730 731 732 733 735 736 738 744 746 
748 750 752 753 754 758 760 762 763 764 766 771 
772 773 774 776 777 778 780 781 783 784 785 786 
787 788 789 790 791 792 793 796 797 
402
1 3 5 6 7 8 11 13 14 15 16 17 
20 21 22 23 25 28 31 32 34 35 39 40 
41 46 48 51 52 54 56 57 60 61 63 65 
71 74 75 76 77 78 80 82 83 85 86 87 
88 89 92 93 94 96 102 103 107 108 109 110 
117 119 120 121 123 124 128 130 131 134 135 136 
138 139 140 143 144 145 146 148 149 151 153 154 
156 157 159 160 165 170 171 172 174 178 179 181 
182 184 188 189 190 191 192 194 195 197 198 199 
204 205 210 211 213 216 219 221 223 224 233 239 
240 241 244 249 251 253 254 258 259 264 271 275 
276 277 279 280 281 285 286 287 288 289 290 299 
304 305 308 309 311 312 313 314 316 318 322 323 
324 326 327 328 330 331 333 334 335 336 337 340 
341 347 348 349 352 353 356 358 359 360 361 362 
363 364 365 366 367 371 373 376 378 380 381 385 
387 388 389 390 391 392 394 398 399 402 404 407 
408 410 413 414 415 417 418 419 421 422 423 424 
425 428 431 432 434 435 436 437 439 440 441 446 
448 456 457 459 460 462 463 464 465 466 468 469 
471 474 476 478 479 483 484 485 488 490 493 497 
500 502 503 504 507 508 509 512 516 517 519 522 
523 524 526 530 532 533 535 539 542 547 550 551 
553 555 557 559 565 569 573 575 578 579 582 584 
587 588 589 590 592 594 599 602 603 604 605 609 
610 611 613 614 616 617 618 619 622 624 625 626 
629 630 631 635 636 643 644 649 651 652 654 656 
658 659 662 663 664 666 667 671 673 675 676 677 
678 682 684 685 686 687 688 689 692 693 695 696 
698 699 701 702 705 706 707 709 711 712 713 714 
716 717 718 719 721 723 728 729 730 733 734 735 
736 737 738 743 744 748 753 754 755 757 759 761 
765 766 768 769 771 776 777 779 780 783 784 785 
786 788 792 794 797 800 
407
7 9 11 12 13 14 16 18 23 26 27 30 
31 32 33 36 41 42 43 45 46 48 50 52 
54 55 56 57 58 59 62 64 67 71 73 74 
76 77 78 80 85 87 89 91 93 97 99 101 
102 104 105 106 107 108 110 112 115 117 118 119 
122 124 125 126 131 132 134 135 136 139 140 141 
142 144 146 149 151 157 158 160 163 164 167 169 
172 173 181 182 183 184 185 186 187 188 190 191 
193 196 198 199 200 201 202 203 205 208 209 211 
214 215 218 219 221 223 227 229 230 233 236 237 
238 242 243 244 245 247 250 253 254 255 256 257 
261 265 266 267 269 270 273 278 285 286 287 290 
291 292 293 295 296 301 302 303 304 306 307 309 
310 312 315 317 319 320 321 322 323 324 328 329 
331 332 335 336 337 338 341 342 345 353 354 355 
356 360 363 364 365 366 367 374 375 378 381 382 
383 387 388 389 390 391 392 393 396 398 399 402 
404 406 408 409 411 415 416 417 421 422 424 425 
426 428 429 432 434 437 438 439 440 442 443 446 
450 451 452 453 456 458 459 461 462 467 469 471 
475 476 477 479 481 483 484 490 491 500 501 504 
505 507 508 509 510 511 512 515 517 518 519 520 
521 522 527 529 533 536 538 540 541 546 548 550 
551 552 554 558 559 560 561 562 565 567 568 569 
573 574 580 581 583 584 587 589 591 594 595 596 
597 599 600 602 606 607 609 610 615 616 617 619 
623 628 629 630 631 633 636 637 638 639 640 642 
644 645 646 647 650 651 655 656 658 662 666 668 
670 674 676 677 679 680 682 683 686 688 690 691 
692 693 694 695 696 698 699 701 702 703 704 705 
707 708 709 711 712 713 714 718 719 723 724 729 
730 731 735 736 737 738 739 740 742 743 744 750 
751 752 754 756 757 762 764 766 767 770 773 774 
777 778 780 782 784 785 786 787 788 793 800 
381
2 3 5 6 7 9 10 12 15 16 18 19 
20 23 25 26 27 30 31 33 34 36 41 42 
44 45 46 47 48 52 55 56 58 60 62 63 
70 72 73 76 80 83 85 86 87 88 90 91 
93 94 101 102 104 109 116 123 125 126 127 128 
130 131 139 141 143 145 151 152 153 155 156 159 
160 162 163 165 170 175 176 177 179 182 185 186 
187 188 189 191 195 198 199 201 202 205 206 208 
209 212 215 216 217 218 220 221 222 223 228 231 
232 233 236 237 241 242 244 247 248 249 250 251 
254 258 259 260 265 266 267 268 270 271 272 273 
275 283 285 286 290 291 293 295 297 302 303 305 
306 309 310 311 314 315 316 318 321 322 324 325 
326 328 330 332 335 337 339 340 343 348 349 350 
351 352 353 355 358 360 361 363 365 368 369 370 
372 374 375 376 378 380 381 382 384 385 386 389 
390 391 392 393 397 398 399 400 401 402 403 405 
407 409 415 419 424 428 429 432 433 434 435 436 
439 442 443 444 445 447 448 449 452 454 456 458 
459 460 463 466 467 473 475 476 477 478 479 480 
483 484 488 490 491 492 493 494 497 499 500 501 
503 505 507 509 511 512 515 517 521 524 525 527 
528 529 531 540 543 544 545 546 547 550 551 553 
559 561 567 572 580 582 585 586 587 588 589 590 
593 595 597 598 599 601 605 607 609 613 614 615 
616 619 622 625 626 627 629 635 637 640 642 645 
648 650 654 663 664 666 668 669 671 676 680 682 
683 688 689 690 691 692 696 697 699 700 701 702 
703 704 707 708 709 711 716 719 721 728 729 730 
732 734 737 740 741 743 744 745 746 747 748 750 
753 754 755 756 757 759 760 764 766 767 769 777 
778 780 781 785 787 790 794 797 798 
403
2 3 4 8 9 13 15 16 20 21 23 24 
25 29 30 31 33 34 35 38 39 40 43 44 
45 46 47 49 50 51 52 53 56 57 59 60 
64 65 66 68 69 70 72 74 76 79 80 81 
82 83 84 85 89 91 96 98 99 100 101 103 
105 107 108 109 110 112 113 115 118 119 123 126 
129 132 135 136 138 139 141 142 145 146 148 149 
150 151 152 153 154 156 158 162 163 165 167 168 
169 172 178 179 185 186 188 189 190 193 198 200 
203 204 205 208 211 212 215 217 218 221 224 226 
227 233 234 236 237 240 241 245 247 248 251 255 
260 263 265 266 267 268 270 271 273 274 276 277 
278 280 281 282 284 286 291 292 293 294 299 301 
305 308 312 313 314 315 317 318 320 333 334 337 
338 340 341 347 350 355 359 361 364 365 372 373 
377 379 381 384 386 388 389 390 392 396 398 399 
400 403 406 407 410 411 412 413 415 420 421 422 
425 429 432 434 435 437 439 440 445 446 447 451 
453 454 455 457 459 461 462 463 465 469 471 473 
476 478 479 480 481 483 488 490 491 494 495 496 
497 499 500 501 503 505 507 510 511 512 513 514 
517 518 522 524 525 528 529 530 531 533 534 535 
538 543 544 546 547 550 553 554 555 556 557 558 
562 563 564 567 568 570 572 573 574 575 576 577 
579 582 583 585 589 590 593 594 595 597 598 599 
600 602 605 606 611 614 616 618 619 620 621 624 
626 627 629 630 632 633 635 636 637 638 639 641 
642 644 645 648 651 652 653 655 659 660 661 663 
664 665 667 668 669 670 675 676 680 682 683 686 
689 691 693 694 695 698 702 703 704 705 707 708 
709 711 712 715 716 717 719 720 724 726 731 732 
733 735 737 738 739 741 742 743 747 748 749 751 
754 758 764 766 770 771 772 775 776 777 779 781 
782 784 791 792 796 797 798 
404
1 3 5 6 10 12 13 14 15 17 18 19 
24 25 26 27 29 30 32 33 35 37 38 39 
42 43 45 46 47 50 53 55 56 57 58 59 
60 65 68 69 72 73 75 78 79 81 85 86 
87 88 90 92 93 94 95 97 100 101 102 104 
106 107 110 111 112 115 116 118 119 120 121 123 
128 129 131 138 139 141 142 143 144 146 147 148 
152 154 156 158 159 160 161 162 163 164 165 166 
167 171 172 173 176 177 181 182 185 187 191 193 
196 197 199 203 204 206 207 210 215 218 219 221 
224 226 228 230 234 237 242 244 246 247 251 252 
253 254 256 257 260 262 264 265 266 268 270 272 
273 275 277 278 280 282 283 286 288 289 291 292 
294 297 300 302 303 304 306 308 309 312 314 315 
316 318 320 321 322 324 326 331 334 338 343 345 
350 351 352 354 355 356 357 358 361 364 366 368 
369 374 375 376 377 378 379 380 381 383 385 387 
388 389 392 394 398 400 401 402 403 404 405 407 
408 410 413 418 421 422 423 424 425 428 430 432 
433 435 437 439 442 445 448 455 457 459 460 467 
469 470 474 475 476 483 485 487 488 491 492 495 
496 497 500 502 504 508 510 513 514 524 525 527 
528 529 531 534 536 538 539 541 547 549 552 554 
557 558 559 560 564 566 568 569 570 572 573 577 
578 579 583 588 590 591 592 597 600 602 603 604 
606 607 612 613 614 615 616 619 622 623 624 627 
628 633 634 637 638 639 640 641 642 644 646 649 
650 653 655 660 661 662 664 666 667 668 670 673 
675 676 677 678 679 681 682 685 691 693 697 700 
704 706 707 708 709 710 711 712 717 719 720 721 
723 724 725 731 732 734 738 739 740 741 743 744 
745 746 747 748 749 751 752 753 754 756 757 758 
759 760 762 767 770 771 772 775 777 782 783 784 
786 787 791 792 793 795 797 800 
397
1 3 6 9 12 16 18 19 20 21 22 23 
24 26 30 32 36 37 39 40 42 43 45 47 
48 49 50 54 57 60 65 67 69 70 71 72 
74 76 79 83 84 87 88 89 90 91 92 93 
94 95 96 97 99 100 106 107 111 114 115 116 
117 120 122 124 126 129 134 135 136 137 141 146 
147 148 149 150 155 160 161 162 166 169 172 179 
180 181 182 185 186 187 191 194 195 197 200 201 
205 206 207 208 209 210 211 214 215 216 217 219 
221 222 223 225 226 227 228 230 231 235 236 239 
240 242 243 244 245 247 248 249 250 252 253 254 
255 258 259 262 264 266 267 268 271 272 273 277 
280 282 283 284 287 288 289 292 293 298 299 300 
301 302 303 304 305 311 312 313 315 316 317 318 
320 322 326 327 331 337 338 340 342 343 345 346 
349 353 354 355 358 359 361 365 367 368 369 370 
372 375 376 380 381 382 384 386 388 390 392 393 
395 396 399 403 404 405 406 409 411 412 417 418 
419 424 429 430 432 434 435 436 437 438 440 446 
447 448 449 454 455 456 457 458 459 460 461 463 
464 465 467 470 471 474 476 477 479 486 487 488 
492 495 499 501 505 506 507 508 509 510 513 515 
517 519 522 523 526 529 530 532 534 536 537 538 
540 541 542 544 546 547 549 550 554 555 559 563 
565 575 577 578 582 587 588 594 597 598 599 600 
602 603 604 606 607 609 610 612 613 614 615 616 
617 619 620 623 628 629 635 636 638 640 644 647 
649 651 652 658 665 667 668 670 671 674 677 678 
679 681 683 684 687 688 690 695 696 701 705 707 
711 713 714 717 719 721 722 723 726 729 730 731 
732 733 734 736 737 742 744 746 747 748 749 750 
751 752 754 756 757 759 760 762 763 766 768 771 
773 774 777 779 780 782 784 785 788 789 791 795 
799 
399
2 3 6 8 10 11 12 13 14 18 21 22 
24 27 28 29 30 35 36 37 40 42 45 47 
48 50 51 54 56 58 60 61 62 63 65 67 
70 71 73 75 78 82 84 94 99 101 102 105 
107 108 110 112 113 114 116 119 122 123 125 127 
128 129 139 141 144 145 147 148 149 152 153 157 
158 159 160 165 166 167 169 172 174 177 178 182 
185 187 188 190 191 194 195 200 201 202 204 205 
206 209 211 214 215 216 217 218 219 220 221 225 
226 232 233 234 235 245 248 252 253 254 255 256 
258 261 263 265 266 267 268 269 270 271 272 273 
278 280 281 282 284 285 286 288 289 291 293 294 
295 296 302 303 304 305 306 309 313 314 323 327 
330 331 333 335 337 338 341 345 346 350 351 357 
362 363 364 365 372 374 375 377 378 386 388 389 
391 392 393 394 396 399 405 406 407 408 409 410 
415 417 420 421 423 424 426 427 430 431 432 434 
435 436 437 441 442 444 446 451 453 457 461 463 
465 468 472 473 475 479 482 483 485 486 491 492 
493 494 497 498 500 501 502 504 506 507 508 509 
512 513 515 516 518 519 520 525 526 527 528 529 
530 531 533 534 536 538 539 543 544 545 548 551 
552 553 555 556 557 558 559 560 569 570 571 572 
573 574 575 577 578 579 583 585 588 589 590 591 
592 597 598 600 610 611 613 614 619 620 621 622 
626 630 631 632 635 636 637 639 640 641 643 646 
647 648 653 658 659 660 663 664 665 668 669 670 
671 673 675 677 679 680 681 683 684 685 686 688 
689 690 691 694 695 697 698 700 701 703 705 707 
709 711 712 714 715 717 719 720 721 722 723 724 
725 727 728 729 734 738 739 740 742 743 744 749 
750 751 752 761 762 765 766 767 768 770 771 772 
774 775 777 779 780 782 783 784 787 788 790 792 
793 796 798 
409
3 4 9 13 16 17 18 20 21 27 28 31 
35 36 39 40 44 49 50 52 55 56 57 58 
59 60 61 63 67 68 69 70 72 73 74 75 
76 77 78 79 83 85 86 91 92 93 95 96 
100 103 104 105 106 107 112 113 114 116 117 120 
122 128 129 131 132 133 134 135 136 140 141 142 
146 147 148 153 156 158 160 162 165 166 169 171 
172 173 175 176 177 178 180 183 184 185 188 189 
190 191 193 194 195 196 197 200 202 204 208 210 
212 213 214 216 218 221 222 223 226 228 230 233 
234 235 236 238 239 241 242 244 247 248 251 252 
253 254 258 262 263 264 265 266 275 276 277 281 
282 285 288 289 295 297 298 299 302 303 305 306 
308 309 310 312 313 315 316 317 319 320 321 322 
323 325 326 327 328 330 333 334 335 336 338 340 
346 347 348 352 357 364 365 370 375 378 381 382 
383 384 385 386 391 392 396 397 398 400 403 404 
407 408 410 411 413 414 417 423 426 427 428 429 
430 431 433 434 435 441 442 445 448 449 451 452 
454 455 456 458 460 461 464 465 466 467 468 469 
471 472 476 478 479 480 481 483 484 488 489 491 
492 493 494 495 500 501 502 503 504 505 506 507 
508 510 511 515 517 518 521 522 524 528 529 532 
533 534 535 540 542 544 547 549 550 552 554 555 
557 558 564 567 568 569 570 573 574 577 580 582 
583 585 586 588 590 592 593 594 596 597 598 603 
604 606 608 609 611 617 620 622 624 625 627 628 
630 632 634 635 636 637 638 639 645 646 647 648 
649 650 651 653 655 656 657 658 659 661 664 666 
669 671 674 675 679 683 689 692 693 694 695 696 
698 700 705 707 709 710 711 713 714 716 720 722 
723 724 725 726 727 732 733 734 735 737 743 746 
747 749 754 755 759 761 762 769 770 771 772 773 
774 775 776 778 780 783 784 788 790 791 793 794 
795 
406
2 3 4 8 9 12 17 23 26 27 28 29 
30 33 36 37 39 42 43 46 47 49 50 56 
57 61 63 64 65 70 72 76 77 78 79 81 
82 84 86 90 91 97 100 104 105 107 112 114 
116 117 118 119 125 126 128 129 130 131 132 134 
135 136 137 140 141 143 144 145 146 148 152 157 
159 161 163 164 165 166 171 173 175 178 180 181 
185 186 188 190 191 193 194 199 200 201 202 203 
208 209 210 215 216 217 219 221 222 223 224 226 
230 231 232 233 236 237 238 239 243 244 247 248 
249 253 256 257 258 259 261 262 266 267 268 271 
272 278 280 281 282 284 286 288 290 292 293 294 
296 297 301 303 304 306 309 310 311 312 315 319 
321 322 323 324 328 329 331 333 336 337 340 341 
342 343 344 345 346 351 352 354 357 358 359 360 
362 363 364 365 368 371 372 374 375 376 378 380 
382 383 384 386 389 390 391 393 394 395 398 402 
403 407 408 409 410 413 414 415 416 419 420 421 
423 425 427 429 432 433 436 441 442 443 446 449 
450 452 456 460 465 466 468 471 472 474 478 480 
482 483 484 487 488 489 490 491 492 493 498 501 
503 505 507 508 509 513 515 516 518 519 520 522 
524 526 530 531 533 536 537 538 539 540 541 545 
546 547 549 551 554 556 557 559 562 563 564 567 
568 570 571 572 573 578 580 583 585 586 588 589 
593 598 599 601 602 604 608 609 610 613 614 615 
616 617 618 620 621 624 626 628 630 633 634 635 
637 638 640 642 644 647 649 651 652 653 654 655 
656 660 667 669 671 672 674 675 677 680 682 683 
684 688 690 691 693 694 695 698 699 701 702 704 
705 706 710 713 716 718 720 721 722 724 725 730 
732 735 736 737 739 740 743 745 747 748 750 751 
753 756 757 759 762 763 766 767 771 772 775 776 
778 779 780 781 782 784 789 790 794 800 
380
2 7 8 9 11 12 13 15 16 17 18 19 
24 27 28 34 37 39 41 42 43 44 45 46 
47 49 50 51 55 58 60 61 63 64 65 71 
73 76 77 78 80 83 86 87 89 90 93 95 
96 97 98 99 100 103 104 105 106 107 108 109 
110 111 113 114 115 116 118 119 120 121 122 124 
129 134 135 136 138 144 147 148 155 163 164 165 
167 169 172 173 174 176 177 179 180 182 187 188 
193 196 197 198 199 200 201 202 203 208 210 214 
215 216 219 220 221 224 227 229 231 233 234 235 
237 239 240 241 242 248 251 252 254 257 258 263 
271 272 274 277 279 281 285 288 289 292 293 296 
299 301 308 311 318 322 324 325 327 328 329 330 
333 334 337 340 341 344 345 346 349 350 354 358 
361 367 368 370 371 372 373 374 375 383 384 387 
391 392 399 401 403 406 409 410 416 417 419 420 
421 423 424 429 432 433 434 440 441 444 449 451 
452 454 455 456 457 458 459 463 464 466 467 468 
471 472 476 479 484 485 488 489 491 492 498 499 
501 502 503 504 507 508 510 512 515 516 517 518 
520 521 524 526 529 531 533 535 536 539 540 541 
543 544 548 551 552 557 559 562 564 565 568 569 
573 574 575 576 581 584 585 587 590 591 595 599 
600 602 603 604 608 610 615 616 617 618 621 622 
623 625 626 628 630 632 634 636 638 641 642 643 
645 646 647 649 650 653 654 657 658 660 661 662 
663 664 666 667 670 671 672 673 677 679 685 686 
687 690 692 693 694 695 698 700 706 707 710 711 
712 713 714 715 718 719 722 727 728 730 732 734 
735 737 740 741 745 747 748 749 750 753 754 755 
758 759 760 761 763 766 768 769 770 772 778 780 
782 783 784 785 787 790 792 799 
377
1 2 6 7 10 12 14 15 17 18 19 21 
22 26 28 32 35 36 37 38 39 41 42 43 
45 46 51 53 54 56 58 61 63 68 79 80 
81 83 84 86 87 89 92 94 95 98 99 101 
103 104 105 106 107 108 109 111 114 116 117 120 
121 123 124 128 129 130 133 134 136 138 140 143 
144 145 146 147 148 152 155 156 157 159 160 161 
162 166 167 170 173 174 175 176 178 180 188 190 
193 195 196 198 200 201 202 205 206 208 209 210 
214 216 217 218 222 223 224 225 226 228 229 230 
232 233 235 236 240 241 242 243 244 247 252 253 
257 259 262 269 271 272 274 275 277 278 280 283 
284 290 293 297 299 303 304 305 306 307 309 311 
314 316 318 320 321 325 327 330 331 333 337 338 
339 340 345 346 351 352 353 363 368 369 371 373 
377 379 381 382 383 384 389 392 394 395 396 399 
400 401 404 405 408 410 411 412 413 415 417 419 
420 421 422 431 432 433 436 438 440 441 442 446 
448 453 457 458 461 462 463 464 465 466 467 469 
472 473 480 481 485 486 491 492 495 496 498 499 
502 504 505 506 508 510 512 513 515 516 517 518 
519 520 525 528 531 532 534 535 536 540 542 544 
545 548 550 552 553 556 558 567 574 576 577 578 
581 584 585 590 593 595 596 598 603 606 607 611 
614 615 617 618 619 624 628 631 632 635 637 641 
642 644 645 646 649 650 651 652 653 656 658 661 
663 665 667 668 670 671 672 673 679 683 684 687 
690 691 692 695 697 699 702 708 709 710 717 718 
720 721 722 723 724 725 731 734 735 736 738 743 
744 745 746 750 752 753 755 756 760 763 764 765 
766 768 771 772 774 776 777 778 779 785 787 789 
792 795 796 799 800 
414
1 2 3 5 9 12 15 18 19 20 21 22 
24 26 29 30 32 33 35 36 37 40 46 48 
50 51 55 57 59 60 62 63 64 65 68 69 
73 74 76 77 78 82 86 88 90 94 95 99 
103 104 106 107 108 110 111 113 114 115 116 118 
122 124 126 128 129 130 131 132 137 140 145 146 
147 149 150 151 152 156 158 160 161 162 163 166 
167 168 170 171 172 173 175 176 178 181 182 183 
184 186 188 189 191 192 194 195 197 198 201 202 
205 206 207 209 210 213 214 215 217 218 219 220 
221 223 225 226 228 230 231 234 238 242 244 245 
249 251 252 257 262 264 266 267 270 271 277 278 
279 280 282 283 284 285 286 287 288 289 290 291 
292 298 299 301 302 303 305 308 311 313 314 317 
318 320 321 322 324 325 329 330 331 332 333 337 
338 339 340 342 345 346 348 349 352 354 356 357 
358 359 364 365 366 367 368 370 372 374 376 382 
385 386 391 392 393 395 396 399 400 402 405 406 
409 411 412 416 417 423 424 425 428 431 434 435 
436 437 438 441 442 444 445 446 447 448 449 451 
452 454 455 457 458 459 460 461 465 467 468 472 
476 478 481 483 487 494 495 496 497 498 500 501 
502 504 505 506 507 508 509 510 512 513 514 517 
518 521 524 525 526 528 534 535 536 538 539 540 
544 545 547 548 550 551 553 554 557 559 560 562 
565 569 570 572 573 574 577 579 580 583 584 588 
590 592 593 595 596 598 601 603 605 607 609 610 
611 615 618 620 621 622 624 625 627 628 630 631 
632 633 640 641 644 645 646 652 656 659 665 667 
669 673 682 683 684 686 690 691 694 698 699 700 
701 702 703 707 711 713 715 716 717 719 722 724 
727 728 730 731 732 733 734 735 736 739 741 743 
745 746 747 748 749 750 752 753 756 758 759 764 
765 768 770 771 773 776 777 778 779 781 782 783 
784 785 788 792 794 800 
382
1 4 6 9 12 13 14 16 17 21 22 23 
24 27 28 29 30 31 38 40 41 42 46 49 
52 54 55 56 57 60 61 62 63 68 73 74 
75 76 77 79 80 82 84 85 86 88 90 91 
92 98 99 101 102 107 108 109 110 111 113 116 
117 118 119 123 126 127 128 131 136 137 139 141 
146 147 149 160 166 167 169 172 174 176 177 178 
181 182 185 187 191 195 196 197 203 204 206 207 
210 211 214 215 218 221 224 227 236 237 238 239 
242 245 247 249 250 252 254 255 257 258 259 260 
262 264 267 268 270 272 274 277 282 283 284 286 
289 294 295 296 297 298 302 303 304 309 314 315 
316 318 319 320 325 331 337 340 342 344 345 348 
349 351 353 355 356 360 363 364 365 370 371 373 
375 376 377 378 382 383 385 386 388 389 390 394 
396 398 399 400 402 403 404 406 409 411 413 414 
415 418 420 421 423 430 431 433 434 435 436 437 
439 442 444 445 446 448 449 450 453 454 457 458 
460 463 466 469 471 472 478 480 488 491 493 494 
495 499 503 504 506 509 512 513 514 520 521 522 
524 525 527 528 531 532 533 534 535 537 540 544 
545 547 550 552 555 556 558 559 560 562 565 567 
571 572 573 574 579 584 585 586 588 590 591 593 
594 596 597 598 599 600 602 606 608 610 613 615 
618 619 621 622 623 625 626 627 628 631 632 633 
638 639 642 646 647 648 649 652 653 654 658 659 
663 665 666 668 671 672 673 675 676 677 680 682 
687 689 693 694 698 699 700 705 706 708 709 710 
713 715 718 720 722 723 725 726 729 733 734 738 
739 740 742 743 745 746 747 750 752 753 754 759 
761 762 763 765 767 769 770 772 773 774 776 778 
779 783 784 786 791 793 794 796 797 800 
419
2 3 7 8 9 13 14 16 19 20 27 28 
29 30 31 32 33 35 41 42 43 44 45 46 
48 50 51 54 55 56 58 60 61 62 63 66 
69 72 73 76 78 79 82 84 86 87 97 98 
99 104 106 107 109 110 111 113 115 117 118 119 
120 121 122 123 124 126 127 128 129 133 134 135 
137 139 145 149 150 151 152 154 155 156 157 158 
159 160 165 167 168 169 170 172 173 174 175 177 
178 179 180 181 182 185 186 187 188 189 190 191 
193 194 195 199 200 203 211 212 213 214 215 216 
219 220 223 224 225 229 231 232 233 234 235 238 
239 241 242 243 244 249 252 254 259 260 261 262 
263 266 267 268 269 270 271 272 273 274 275 276 
277 278 282 285 286 287 291 295 297 298 300 302 
303 308 310 312 313 315 320 321 322 324 327 330 
331 332 333 337 343 345 348 351 354 357 360 361 
362 364 366 369 371 372 374 376 382 383 384 385 
386 387 388 389 390 391 393 395 396 398 404 408 
411 413 414 416 417 419 423 427 430 431 432 434 
435 437 439 440 443 445 446 447 449 450 451 452 
454 455 456 458 460 463 465 466 468 469 470 471 
472 474 475 477 478 482 483 486 487 488 489 490 
492 493 494 496 497 498 502 504 506 507 508 509 
511 515 516 518 519 520 521 522 525 528 530 531 
532 533 534 537 543 546 549 552 554 555 558 562 
563 565 568 569 572 573 574 576 577 578 579 583 
585 587 589 594 595 597 599 607 608 611 617 619 
623 624 627 628 631 633 634 635 636 641 642 644 
645 646 647 648 654 656 658 661 662 667 669 670 
671 672 673 675 679 680 682 683 684 686 687 688 
689 690 691 692 697 698 700 706 707 708 709 710 
711 713 715 716 717 718 719 721 722 724 725 727 
728 729 738 740 746 747 748 749 754 758 759 760 
763 764 765 766 767 768 770 775 777 779 780 781 
782 783 785 786 787 789 791 793 795 797 800 
381
1 2 3 7 8 9 14 15 16 20 21 22 
23 24 25 27 31 32 34 35 36 39 41 42 
43 44 45 46 48 54 55 59 60 63 64 67 
68 70 74 81 82 83 84 85 90 93 97 99 
100 101 102 103 104 105 111 114 115 116 119 121 
122 124 125 129 130 131 132 133 134 138 139 141 
143 151 154 156 162 165 166 169 172 180 183 184 
186 187 188 190 194 198 199 201 202 204 206 209 
211 212 213 214 218 219 220 221 222 223 224 225 
226 228 232 234 235 236 237 239 240 242 243 250 
251 254 257 259 260 262 264 265 266 267 271 272 
273 274 275 276 281 286 288 291 292 293 295 296 
303 305 307 311 312 315 316 317 320 321 322 323 
324 328 329 330 331 332 334 335 337 338 339 341 
342 344 348 351 352 353 355 363 364 368 370 371 
375 377 378 379 381 384 387 391 392 394 395 396 
397 398 399 400 403 404 405 409 413 415 419 420 
421 424 426 429 430 431 432 433 434 436 438 439 
444 446 447 453 457 458 463 465 467 471 472 474 
482 484 485 486 490 491 492 493 494 495 496 497 
499 500 501 508 510 523 524 525 527 528 529 530 
533 537 538 542 543 545 546 550 551 553 555 559 
561 564 565 567 570 571 573 575 580 581 588 589 
590 591 592 593 597 598 600 601 603 607 611 613 
614 616 622 623 624 625 626 627 630 631 632 644 
645 652 653 655 658 661 663 664 666 669 670 671 
672 673 675 677 679 680 682 683 691 692 693 696 
697 698 702 704 705 706 707 708 709 712 713 714 
715 719 720 724 725 726 730 731 732 733 734 735 
736 737 739 740 741 746 747 748 749 750 751 752 
753 755 756 757 760 768 769 772 773 777 782 783 
784 787 790 792 794 795 796 797 799 
391
6 8 11 13 14 15 17 18 22 23 25 26 
28 31 34 35 36 37 39 40 41 42 43 44 
46 48 49 50 54 55 56 57 58 60 66 67 
68 71 73 79 80 81 85 89 91 94 96 98 
99 100 104 105 107 108 109 110 111 112 113 117 
118 119 122 124 125 126 127 129 130 131 134 136 
137 138 139 147 148 150 153 155 156 157 159 160 
161 162 165 166 168 176 177 178 179 180 181 184 
185 186 187 188 192 197 199 200 201 203 206 207 
208 209 211 212 213 219 220 221 225 228 230 231 
232 235 239 242 243 245 249 253 255 256 258 261 
262 263 264 265 266 267 269 270 271 274 278 279 
281 282 283 284 289 293 295 296 297 298 299 300 
301 303 304 305 309 313 314 318 319 321 322 326 
329 330 331 332 334 335 336 337 338 339 342 343 
345 348 350 353 357 359 360 365 366 368 370 371 
373 375 382 384 385 386 387 388 389 391 393 396 
397 399 400 401 403 410 412 413 414 422 423 424 
426 428 429 430 431 434 437 438 440 444 447 448 
450 451 452 453 454 455 458 461 462 465 467 469 
471 472 473 474 475 476 479 483 484 490 491 492 
494 495 496 498 499 503 504 505 510 511 519 524 
525 526 527 528 530 531 532 533 535 536 542 543 
544 545 550 551 553 554 555 556 557 558 562 564 
565 570 573 575 576 579 580 581 584 585 586 587 
590 591 592 594 595 597 599 602 603 604 608 611 
612 618 621 622 624 625 629 630 631 635 640 641 
642 646 648 650 652 654 657 658 660 663 665 669 
670 671 674 676 679 682 688 692 695 698 702 705 
706 707 709 712 717 719 724 726 729 732 733 734 
735 737 739 743 745 748 749 750 753 757 760 761 
762 763 766 770 771 773 774 775 777 779 783 784 
786 787 790 791 792 793 797 
394
3 4 5 7 9 11 13 15 16 17 21 22 
29 33 36 38 40 41 43 46 50 52 53 54 
61 68 70 71 73 74 75 76 77 80 81 82 
83 87 88 91 92 95 98 100 103 104 105 115 
120 121 124 125 127 132 134 135 136 137 138 142 
145 146 147 148 150 151 154 155 161 164 165 167 
168 170 171 172 173 177 178 180 182 183 184 191 
193 194 195 198 199 201 205 206 207 208 212 216 
218 219 221 223 225 230 231 233 235 238 241 246 
247 248 249 252 253 255 257 259 264 267 268 269 
272 273 274 276 277 279 282 285 286 287 289 290 
294 295 298 299 300 301 302 303 308 309 315 316 
318 319 322 323 324 325 326 330 332 333 334 335 
336 337 340 341 346 347 348 349 352 354 356 357 
358 359 366 369 370 373 375 380 385 386 390 393 
397 398 405 406 408 410 411 412 414 416 417 418 
419 420 423 428 430 431 432 434 437 438 440 441 
442 443 444 446 448 450 451 452 454 455 457 461 
467 468 472 474 475 476 477 478 484 486 487 492 
494 495 499 500 502 503 506 507 508 509 510 512 
513 515 518 519 520 523 524 528 529 530 531 532 
533 534 536 537 540 541 542 544 545 547 548 549 
550 552 553 554 555 556 558 560 562 564 566 573 
577 580 582 584 586 587 589 594 595 596 597 599 
602 603 604 605 608 611 612 613 616 621 622 623 
626 628 633 635 636 637 638 639 640 641 642 646 
647 648 651 652 653 654 655 656 658 660 661 662 
665 666 667 668 670 672 673 674 677 679 680 681 
682 683 684 685 688 692 693 694 695 696 698 700 
703 708 709 710 712 713 714 715 717 718 719 722 
723 725 727 729 731 735 737 739 740 741 742 749 
751 753 756 760 761 764 765 767 768 769 770 771 
774 775 776 777 778 780 786 787 795 796 
407
2 4 7 9 12 13 14 15 16 17 18 19 
22 23 25 29 30 31 33 34 35 37 46 51 
55 56 58 60 62 63 67 71 72 73 77 78 
82 85 86 87 88 90 91 95 97 101 102 103 
107 108 109 110 111 113 115 116 118 121 122 125 
128 131 132 136 138 139 142 143 146 147 148 149 
150 151 154 157 158 159 161 162 166 167 168 170 
172 176 181 182 184 188 189 192 194 195 196 197 
199 200 201 202 203 206 208 209 212 213 214 215 
216 217 219 224 227 230 232 234 238 239 241 242 
244 245 246 248 250 252 253 256 262 263 264 265 
266 267 273 274 277 278 280 281 282 283 284 287 
288 290 291 293 295 296 298 299 301 302 304 306 
307 309 311 314 318 319 320 323 325 329 330 331 
332 333 338 339 343 345 346 347 348 349 350 351 
352 353 355 357 359 361 363 366 367 370 371 373 
377 378 379 380 381 391 392 393 395 397 399 400 
405 406 409 410 420 422 425 427 429 430 436 437 
439 440 442 450 453 457 458 459 460 461 464 466 
469 470 471 473 474 475 479 480 481 487 488 490 
491 492 495 496 502 503 504 505 506 509 510 511 
512 513 518 520 528 529 531 532 535 538 540 541 
544 545 546 547 548 552 554 556 558 559 560 565 
566 567 568 569 571 573 575 576 577 579 581 582 
585 587 588 590 591 592 596 597 598 599 600 602 
604 607 608 609 610 615 617 620 621 624 627 632 
634 635 637 638 640 641 644 645 646 647 650 651 
652 653 655 656 657 658 660 661 662 663 664 667 
670 673 674 676 677 678 681 683 684 685 688 690 
691 692 693 694 699 700 701 703 705 707 710 712 
714 715 716 717 725 726 727 733 734 735 737 739 
740 743 745 747 748 749 751 752 754 755 756 759 
761 763 764 766 768 770 771 772 773 775 776 777 
780 781 782 784 786 788 791 795 797 798 800 
398
1 2 3 7 10 11 13 21 22 24 25 26 
27 29 30 31 32 34 36 37 40 42 43 45 
47 48 51 52 54 55 58 61 63 66 70 71 
75 76 79 80 90 91 92 93 95 96 99 101 
102 104 105 106 111 113 117 118 119 121 123 124 
125 126 127 128 132 133 134 135 139 141 142 144 
147 149 151 152 153 154 156 157 158 159 161 165 
166 167 168 169 170 172 173 174 175 179 183 184 
185 187 189 190 192 195 199 205 206 207 208 211 
214 215 217 219 220 224 225 228 229 232 233 234 
239 240 244 245 246 249 250 251 252 256 259 261 
264 266 267 268 269 272 274 275 277 279 280 281 
286 287 290 291 292 294 296 297 299 300 301 303 
304 307 309 310 311 312 313 314 316 319 321 323 
324 325 328 330 334 336 337 338 339 341 346 347 
349 350 351 354 355 357 358 364 369 370 372 374 
375 376 377 378 379 381 382 386 387 389 390 396 
399 401 404 407 409 411 413 420 421 422 423 424 
427 428 429 431 432 433 434 435 437 440 442 447 
449 451 455 456 457 458 459 461 462 465 466 467 
468 469 470 471 474 476 479 482 483 493 495 496 
499 500 501 503 506 507 508 510 512 517 519 522 
530 531 533 534 536 537 538 542 543 544 550 551 
556 557 558 560 561 562 564 567 569 571 573 574 
575 578 579 583 584 586 587 588 589 590 592 593 
597 598 599 606 607 608 609 610 611 613 614 615 
618 621 622 623 624 628 631 632 635 637 641 642 
644 646 647 648 651 652 654 659 661 663 666 667 
668 669 670 674 675 681 683 684 687 689 690 693 
695 696 698 703 705 706 707 708 710 712 713 716 
721 722 726 727 729 731 732 733 734 735 736 738 
743 746 751 752 754 755 757 760 769 773 777 778 
779 782 783 784 785 788 789 790 791 792 793 794 
795 798 
402
1 3 5 6 9 10 11 13 14 15 16 20 
23 24 25 26 28 31 32 34 38 39 40 41 
42 43 46 48 49 53 54 57 60 61 62 69 
70 72 75 76 81 82 83 86 88 89 92 93 
95 96 97 99 100 101 102 103 105 106 110 112 
114 115 120 121 122 124 125 128 129 131 132 133 
136 139 141 142 146 147 148 149 150 151 152 154 
155 157 158 161 162 163 166 167 169 170 173 177 
179 180 181 183 184 185 188 189 191 193 194 195 
197 201 203 204 206 208 210 217 218 219 222 224 
225 228 229 234 237 239 240 241 243 245 249 253 
256 258 260 261 263 266 267 268 271 275 283 284 
288 289 290 294 295 301 304 308 309 310 311 314 
315 316 318 320 324 325 326 327 331 334 336 337 
338 339 341 343 346 347 348 351 352 354 356 357 
361 364 366 368 369 370 372 373 374 375 377 379 
380 381 383 384 385 390 392 394 395 396 397 403 
406 409 413 414 415 416 417 418 419 422 423 427 
430 431 433 434 436 438 441 442 443 444 445 446 
447 453 455 457 458 459 460 461 463 465 466 470 
472 476 480 482 485 487 488 490 492 496 499 500 
502 504 505 506 507 508 509 511 514 521 524 526 
530 531 533 535 536 537 539 541 542 548 549 554 
555 556 559 560 563 565 567 568 570 572 573 574 
584 585 586 590 594 601 602 603 604 605 606 607 
610 616 617 621 627 628 629 632 635 636 637 641 
644 645 648 650 651 652 653 654 656 657 660 663 
664 666 667 669 670 675 676 677 681 682 684 685 
686 687 688 691 692 696 697 698 702 703 704 705 
706 707 708 709 710 711 712 713 714 717 718 719 
722 723 725 726 727 730 731 732 733 735 739 740 
745 751 752 753 756 757 758 760 762 764 765 766 
767 769 772 775 777 779 781 782 784 785 787 788 
789 790 791 792 798 799 
404
1 8 11 13 14 19 20 22 23 24 29 36 
37 42 43 44 45 48 49 50 51 55 57 58 
60 61 63 64 66 70 72 73 75 80 81 82 
84 88 90 91 93 94 97 98 102 109 110 119 
120 121 123 124 127 128 129 130 131 132 133 137 
138 144 145 148 150 151 153 155 156 158 159 160 
163 164 165 168 169 171 173 174 178 182 183 184 
189 190 191 192 194 196 198 203 204 205 206 207 
208 209 210 211 215 219 220 223 224 225 227 228 
230 231 238 241 245 250 251 253 255 257 261 263 
264 266 268 269 271 272 275 276 278 279 280 285 
286 287 289 290 291 293 294 295 298 299 300 304 
305 306 307 308 310 312 314 318 319 323 324 327 
328 329 330 334 337 339 340 341 342 343 344 345 
348 349 351 357 359 361 363 364 366 367 368 371 
376 378 379 380 385 386 387 388 390 393 395 396 
400 409 415 419 420 423 424 428 432 433 434 438 
439 440 441 442 443 444 446 447 448 450 456 457 
459 460 461 464 465 468 470 471 473 476 477 478 
479 480 481 484 486 489 490 492 493 494 495 496 
497 498 501 503 504 505 506 507 509 512 513 514 
516 518 519 522 525 527 530 531 532 533 535 536 
537 538 540 541 542 543 544 545 546 547 550 557 
559 562 564 565 567 570 571 572 574 578 581 582 
583 586 589 592 593 594 596 598 599 602 604 606 
607 608 611 616 618 619 620 621 622 625 626 627 
630 631 632 633 634 635 637 638 639 642 644 645 
646 648 650 652 656 658 661 663 664 667 669 670 
671 672 673 677 678 679 680 681 682 686 688 690 
692 697 699 701 702 704 705 706 707 708 709 712 
713 716 718 723 724 727 729 730 732 735 736 740 
741 742 744 746 747 748 751 752 753 757 758 760 
762 764 765 766 769 772 777 779 781 783 785 787 
788 789 790 793 794 796 797 798 
422
3 4 6 9 10 11 14 15 16 18 19 21 
25 26 28 29 31 33 34 35 37 44 45 49 
52 54 57 58 59 61 63 66 68 69 72 74 
77 78 79 80 82 83 84 85 87 91 94 97 
99 101 102 103 104 105 106 108 109 111 114 115 
120 121 122 124 126 127 128 132 134 135 136 137 
139 140 141 142 144 146 147 150 153 154 158 159 
163 164 165 168 172 173 177 179 180 183 184 188 
189 193 199 201 202 204 205 206 207 208 209 211 
212 214 215 217 219 220 221 222 224 226 227 228 
229 232 233 236 237 238 239 241 242 244 245 247 
248 249 251 252 257 259 260 262 263 264 265 266 
267 274 277 278 279 285 286 288 291 292 293 296 
298 299 300 304 305 306 308 309 310 312 313 314 
315 317 320 321 324 326 327 328 330 335 337 338 
345 346 348 349 353 354 355 356 357 359 360 362 
363 365 367 372 373 374 376 377 378 382 383 384 
385 386 389 390 392 394 398 401 403 404 406 409 
410 413 414 418 419 420 424 425 426 427 429 430 
434 435 437 441 442 445 447 448 449 454 456 457 
458 463 464 465 466 467 468 472 473 476 481 485 
486 487 489 493 495 497 498 499 501 502 505 506 
510 511 514 517 518 519 520 527 528 532 533 538 
539 540 541 542 543 546 547 548 549 556 557 561 
562 564 565 566 567 568 570 571 572 577 578 581 
582 584 586 589 591 593 597 598 599 601 603 604 
605 606 608 609 611 612 613 615 618 619 620 621 
628 629 634 635 636 637 640 641 644 645 647 649 
650 652 654 656 657 660 663 664 665 667 668 670 
671 675 676 678 679 680 681 682 683 684 686 687 
688 691 692 694 695 701 703 705 708 709 710 714 
715 716 717 719 720 721 723 724 725 726 733 734 
738 739 740 741 745 746 749 750 751 752 753 754 
755 759 761 762 763 764 768 771 772 774 775 776 
777 779 781 783 784 787 789 790 791 795 796 797 
798 800 
413
3 4 5 8 10 13 14 17 19 20 21 22 
23 24 25 27 31 34 35 36 39 41 43 44 
49 50 52 53 54 56 59 61 65 66 67 68 
71 75 77 78 79 80 81 83 84 85 87 89 
90 91 93 95 98 100 103 108 110 111 112 113 
114 115 116 117 119 121 122 123 125 126 127 128 
133 134 137 139 141 143 144 145 149 155 156 157 
159 162 163 164 165 166 169 170 171 176 178 179 
181 182 184 185 189 190 191 192 193 195 196 198 
199 204 205 207 209 210 212 213 216 219 220 221 
222 224 226 227 229 230 231 232 233 235 236 238 
241 246 247 249 250 251 253 255 260 263 264 265 
266 268 270 273 277 279 280 281 282 283 287 289 
290 292 293 294 297 298 300 301 302 303 306 307 
309 310 312 317 318 320 321 322 327 333 338 340 
342 343 350 352 354 355 356 358 363 364 365 366 
367 370 372 375 379 380 381 382 383 384 387 388 
389 390 395 396 398 399 400 401 402 406 407 408 
411 413 415 416 418 419 420 421 423 425 429 434 
435 437 438 441 443 444 447 448 449 450 452 453 
456 457 459 462 464 465 466 467 469 471 473 474 
475 478 479 482 483 484 486 489 494 501 504 508 
511 512 513 515 516 517 518 520 521 522 528 530 
531 532 533 535 537 541 543 549 550 552 553 555 
556 559 560 566 567 568 571 572 573 575 578 579 
581 582 583 584 588 589 591 592 593 594 595 599 
600 601 603 607 609 611 612 614 615 616 619 621 
622 623 626 628 630 631 632 635 639 640 645 647 
649 652 655 656 657 658 660 661 662 663 664 665 
666 667 670 672 674 677 680 681 685 687 688 691 
694 699 702 709 710 711 712 716 717 720 721 724 
726 729 731 733 734 735 736 738 739 742 744 745 
746 749 751 758 759 760 761 762 763 764 766 767 
769 770 772 775 776 778 781 783 784 786 787 788 
792 793 794 796 799 
388
1 5 7 12 15 16 20 26 27 28 29 30 
32 33 34 36 39 40 43 45 46 47 48 53 
56 57 58 59 60 65 66 68 70 72 75 79 
82 85 86 89 92 94 95 97 100 101 102 108 
110 111 114 117 119 120 121 122 124 125 127 128 
133 135 136 140 141 142 147 150 153 154 155 162 
164 165 166 167 170 171 172 174 176 179 181 185 
190 191 195 199 200 201 206 207 208 209 213 214 
215 216 220 222 225 228 229 230 234 235 237 238 
240 242 244 245 246 247 248 250 252 253 255 256 
260 261 263 264 265 267 268 269 270 271 272 274 
275 277 278 280 281 282 285 291 295 297 299 300 
302 304 311 312 313 314 316 317 318 323 325 328 
331 333 336 337 338 340 342 343 345 346 347 348 
352 356 358 362 366 367 371 372 373 374 376 377 
378 379 383 384 385 388 391 393 397 400 402 403 
407 409 414 415 418 419 420 422 423 424 425 426 
427 431 432 433 435 436 440 441 443 444 446 448 
450 451 452 456 458 459 462 463 464 465 478 479 
480 481 482 483 485 486 487 488 489 492 495 501 
504 505 507 514 515 516 521 525 529 530 531 532 
537 538 540 541 543 544 546 548 549 550 551 553 
555 557 561 562 563 564 565 568 569 570 574 577 
579 584 585 586 591 593 594 595 596 598 599 601 
602 603 604 605 608 610 613 614 615 616 617 618 
619 621 624 628 630 631 632 634 635 636 637 643 
649 652 653 654 655 657 659 660 662 664 666 667 
670 672 676 680 681 683 684 685 687 690 692 693 
695 697 702 703 705 706 708 711 713 715 716 718 
719 724 725 727 730 731 735 736 737 738 739 742 
743 744 747 749 754 755 757 762 763 764 767 769 
771 772 775 777 779 780 784 785 788 789 790 793 
794 797 799 800 
396
1 5 6 9 11 13 17 22 23 24 25 26 
27 33 34 40 43 44 45 46 47 48 53 55 
56 57 62 63 65 68 69 71 72 75 77 79 
84 88 89 90 91 93 94 95 99 101 102 107 
109 110 111 112 114 115 119 120 121 122 123 124 
125 126 128 130 133 134 136 138 139 140 143 144 
146 147 150 151 155 158 161 163 165 166 168 169 
170 181 182 186 190 191 193 195 199 201 206 207 
211 214 215 218 220 221 222 223 225 226 227 228 
229 230 231 233 234 235 237 238 244 246 247 249 
255 258 259 265 268 269 270 274 277 278 281 283 
285 287 290 292 293 294 296 298 300 302 307 308 
312 313 315 318 319 320 322 323 326 328 329 335 
336 337 339 342 345 347 348 351 352 353 356 357 
359 361 362 363 368 371 372 373 374 375 376 378 
379 380 381 382 383 387 388 389 391 394 397 398 
401 402 405 407 409 410 411 412 413 414 415 417 
421 422 425 426 427 428 430 432 433 437 438 440 
441 444 446 447 448 450 451 452 457 459 461 462 
465 467 468 469 470 472 473 474 480 481 482 485 
486 487 488 489 490 495 496 497 499 503 506 509 
517 518 520 522 524 528 530 533 534 535 536 539 
540 541 543 544 545 547 548 550 552 554 555 556 
557 564 565 568 569 570 577 578 579 581 582 584 
588 590 593 597 598 599 602 603 604 606 609 611 
612 613 615 616 617 620 622 623 625 631 634 635 
637 646 648 649 651 652 654 655 656 657 660 662 
663 664 665 666 668 670 673 674 675 677 678 679 
680 681 684 685 686 687 688 690 691 692 696 697 
699 700 704 706 707 709 710 711 713 720 721 724 
726 729 732 736 741 742 744 745 748 749 751 754 
755 756 757 759 760 763 764 765 768 773 774 775 
778 779 783 786 787 789 791 794 795 797 799 800 
391
2 3 4 6 8 11 12 14 15 16 17 18 
19 25 26 27 28 31 32 35 37 39 44 50 
52 55 56 57 58 60 63 65 66 72 73 75 
77 78 82 84 85 86 87 91 94 95 96 97 
98 99 101 103 104 110 112 113 114 115 116 120 
121 122 123 124 127 133 136 139 143 146 149 150 
152 153 154 155 156 157 160 161 163 166 167 168 
171 174 177 179 180 181 183 185 189 190 193 194 
195 196 197 201 209 210 212 217 222 224 225 226 
228 229 232 235 236 238 239 240 242 243 244 245 
247 250 251 253 254 257 258 261 262 263 265 266 
272 274 275 276 279 281 285 286 289 290 291 292 
293 299 303 308 311 312 313 315 319 321 323 325 
327 328 330 332 333 335 337 338 340 341 343 344 
346 348 351 354 355 357 359 361 362 365 368 371 
373 374 376 378 379 383 385 388 389 392 393 394 
395 397 398 400 402 403 408 410 411 414 417 418 
420 421 422 423 424 425 427 428 429 431 432 433 
434 438 439 440 442 444 445 448 449 460 461 464 
465 467 468 473 475 476 477 483 485 487 489 491 
492 494 495 502 505 510 512 515 517 518 521 522 
523 524 526 527 528 529 530 532 534 535 537 538 
539 540 541 546 547 548 550 557 559 560 561 562 
563 567 569 570 573 575 580 581 582 585 586 587 
591 592 593 595 603 604 608 610 615 617 618 619 
623 624 625 626 629 631 632 635 642 643 646 648 
650 651 654 655 658 659 660 662 663 664 665 667 
668 669 670 671 674 677 679 681 683 684 685 687 
690 692 695 697 698 700 704 706 707 708 709 717 
720 721 722 724 725 727 729 730 731 734 735 738 
740 741 743 745 746 747 749 751 753 755 756 759 
761 762 765 770 771 773 775 777 778 780 782 786 
788 792 795 796 797 798 800 
382
1 2 4 5 6 7 9 10 11 12 13 15 
16 17 18 20 21 22 23 26 35 36 38 39 
40 44 45 47 49 50 51 53 55 58 59 61 
63 66 67 68 70 72 73 75 81 82 84 85 
87 88 90 93 95 96 97 98 99 106 111 115 
116 118 120 122 126 131 132 133 134 135 136 139 
140 141 142 147 148 149 151 154 155 156 157 158 
159 160 165 166 167 168 176 177 180 181 182 183 
186 187 188 190 191 194 195 198 200 203 207 215 
217 221 222 224 225 226 229 232 233 234 235 236 
237 238 240 241 244 246 247 248 250 251 253 254 
255 260 268 271 273 277 279 286 289 291 293 294 
296 298 301 302 303 306 307 311 314 315 316 318 
320 321 322 326 333 334 335 336 340 341 344 345 
346 355 356 357 358 365 366 370 372 373 375 383 
384 385 386 387 388 391 392 394 395 398 400 401 
403 405 406 408 411 412 414 415 416 419 420 422 
424 425 426 427 430 431 432 433 435 436 438 439 
442 443 444 445 449 450 451 452 455 456 458 459 
460 462 463 465 467 469 470 471 475 477 478 479 
484 489 492 493 494 495 496 498 500 501 505 507 
509 511 514 516 517 520 522 523 525 526 527 530 
532 534 536 541 542 544 547 548 552 556 558 561 
563 570 572 573 577 581 583 584 588 589 592 593 
594 598 602 603 604 605 606 607 609 611 613 614 
615 617 618 622 624 628 629 630 632 639 640 641 
642 643 644 647 648 650 652 656 658 659 664 665 
667 668 673 674 679 682 683 684 685 686 687 688 
689 690 693 694 695 697 698 699 702 703 704 709 
714 717 718 720 728 732 739 748 749 754 755 756 
757 758 762 765 766 768 769 772 774 776 777 779 
782 784 785 786 788 789 793 794 796 797 
408
1 3 4 6 16 17 19 23 25 26 27 28 
29 31 32 34 35 37 41 43 44 45 47 48 
50 51 52 53 60 64 68 69 70 71 72 79 
81 84 85 86 87 90 92 93 94 97 100 101 
102 105 106 107 110 112 115 116 118 121 124 125 
126 127 128 130 131 132 133 136 139 140 141 144 
150 151 153 154 155 156 157 158 159 160 161 162 
164 169 170 174 177 181 183 184 185 188 189 191 
193 195 196 197 199 202 203 204 210 211 214 218 
220 222 223 224 225 226 228 230 231 232 233 234 
236 237 239 240 243 251 252 257 258 260 261 263 
264 265 267 268 270 271 274 276 279 280 286 288 
289 290 291 292 298 299 300 302 304 307 308 309 
312 317 318 319 320 323 325 326 328 329 330 331 
332 336 337 339 340 346 348 350 351 352 354 355 
356 357 358 362 363 364 365 369 370 372 373 375 
376 377 379 380 381 382 384 385 392 394 399 400 
402 407 408 412 413 415 416 419 420 421 422 423 
427 429 433 434 436 437 438 440 442 446 451 452 
453 455 456 458 466 467 468 470 471 473 474 477 
478 479 481 485 486 487 489 490 491 493 495 496 
497 499 502 504 505 506 507 512 513 514 516 517 
520 521 523 526 527 530 532 534 535 536 537 540 
541 544 547 548 550 554 560 561 563 565 569 571 
572 575 577 579 581 586 588 589 590 592 593 599 
600 602 604 606 611 613 614 616 618 619 625 626 
629 630 631 633 634 635 636 640 642 643 644 646 
648 649 651 652 653 654 655 656 657 664 665 669 
670 672 673 675 676 678 679 680 682 686 687 688 
689 691 692 694 695 696 697 700 701 702 703 709 
711 712 714 715 717 719 720 725 726 728 729 730 
731 733 734 736 737 739 742 745 746 751 753 754 
756 759 762 763 764 766 767 769 770 772 774 775 
776 777 779 783 784 788 789 791 792 795 796 800 
416
2 3 5 7 8 10 11 12 14 16 18 19 
21 22 24 25 28 29 33 34 35 37 41 42 
43 45 46 47 49 50 51 53 55 58 59 60 
61 63 64 66 67 69 70 71 75 77 79 80 
83 84 87 88 91 94 95 96 97 100 102 104 
111 112 113 114 115 118 121 122 124 125 126 129 
132 135 136 138 139 141 142 143 145 146 148 149 
150 152 155 158 160 163 166 168 170 171 172 174 
175 177 178 179 180 182 188 189 190 193 196 197 
198 199 200 201 203 205 208 210 213 214 216 217 
223 224 225 226 229 230 233 234 235 236 238 239 
240 241 243 245 246 248 249 250 255 256 258 259 
262 263 264 267 268 271 273 274 275 277 279 283 
287 288 289 290 292 295 297 298 300 301 305 306 
307 308 309 311 314 315 316 321 322 324 325 327 
328 329 330 331 332 333 335 337 338 339 340 342 
345 349 353 354 355 356 358 360 362 363 364 365 
368 370 373 375 380 382 384 385 386 389 391 392 
399 400 401 402 409 410 413 414 415 416 419 422 
426 433 434 437 441 442 446 447 454 455 456 458 
460 464 465 466 467 468 473 475 476 477 478 480 
481 482 483 484 486 490 493 494 495 496 497 498 
499 500 502 503 504 505 508 509 513 514 516 518 
521 522 526 529 530 537 539 540 542 546 549 550 
551 552 561 564 565 566 567 568 569 572 573 575 
576 577 584 585 586 587 589 590 592 593 597 600 
604 605 606 607 608 610 611 612 614 615 616 618 
620 622 623 625 626 630 632 633 635 637 640 641 
645 647 657 659 660 663 665 667 668 669 670 671 
672 674 676 677 678 679 681 683 684 685 686 688 
689 693 694 695 697 698 699 700 701 703 705 707 
709 710 711 713 715 722 723 725 727 730 732 736 
737 738 739 740 741 744 747 754 759 762 766 770 
771 772 774 776 777 778 779 781 782 783 787 788 
790 791 792 793 794 796 797 800 
416
1 2 3 4 5 6 8 10 11 12 13 15 
17 19 20 22 23 26 27 28 31 35 36 38 
40 41 42 45 47 49 50 51 54 55 56 57 
59 60 62 64 69 72 74 76 78 79 80 81 
82 83 84 87 89 91 93 94 95 96 97 98 
99 100 102 103 104 106 107 108 110 111 112 115 
116 117 118 119 120 122 124 125 128 130 133 134 
135 136 137 139 140 141 142 143 144 145 150 151 
152 153 155 157 159 161 163 164 169 171 173 175 
177 178 179 187 190 195 198 199 203 204 205 207 
208 211 212 216 218 220 222 224 225 226 227 229 
230 235 236 237 239 240 242 244 245 246 247 254 
256 258 263 264 265 266 267 271 274 279 281 283 
287 289 291 292 293 295 297 298 300 304 307 308 
309 312 315 316 319 322 323 324 325 328 329 330 
332 333 334 336 339 340 344 346 347 348 349 350 
355 357 359 361 363 365 367 368 374 375 377 380 
381 383 385 386 387 388 389 396 397 399 402 407 
408 412 413 418 420 421 426 427 430 434 437 439 
441 442 443 444 445 446 447 449 450 451 452 456 
457 459 462 464 466 467 468 470 474 475 476 478 
479 480 483 488 491 492 494 495 497 500 501 504 
505 506 510 511 516 517 518 519 521 523 525 526 
528 529 530 534 538 540 542 545 546 547 549 552 
553 556 557 558 559 564 566 567 568 569 571 574 
576 577 578 579 581 582 584 585 586 588 594 595 
596 599 600 605 606 607 608 612 614 616 623 625 
626 627 628 633 635 636 637 638 639 641 642 643 
644 646 647 649 653 654 655 656 659 661 663 665 
666 667 673 675 677 678 680 684 687 690 691 692 
693 694 698 700 702 703 705 708 709 710 712 714 
715 716 717 720 722 724 725 726 731 732 733 734 
737 738 739 744 746 747 749 750 752 754 755 756 
759 760 769 772 775 776 777 778 779 781 783 784 
785 786 788 789 791 792 793 794 
413
1 4 7 8 9 12 13 15 16 17 19 20 
21 22 24 26 29 30 32 37 40 41 47 50 
51 53 54 57 58 59 61 62 63 65 66 67 
71 73 77 78 79 82 83 84 87 88 89 90 
91 92 93 95 97 100 102 103 104 106 110 112 
113 114 116 117 120 123 125 126 128 129 130 132 
134 135 136 139 142 143 144 148 150 153 155 159 
162 165 166 167 169 170 173 175 177 179 181 183 
185 186 187 189 192 193 194 196 197 201 203 205 
208 210 211 212 216 217 218 219 220 221 222 225 
226 227 228 229 231 233 234 236 238 240 241 243 
245 248 254 257 260 261 264 265 266 269 271 277 
281 282 283 284 285 289 291 293 298 299 303 304 
307 308 312 313 314 315 316 318 321 322 323 325 
326 327 333 334 336 338 339 341 342 344 345 347 
349 351 354 357 359 360 361 363 364 365 366 367 
368 370 372 373 374 375 381 382 383 384 385 386 
387 392 393 394 395 396 397 399 401 403 407 408 
412 414 418 419 420 421 422 425 426 428 429 430 
433 434 435 437 439 440 445 446 447 448 450 451 
453 454 456 457 461 465 468 470 471 473 474 475 
476 477 478 479 480 481 482 484 485 492 502 503 
505 506 509 510 511 513 515 517 518 519 520 521 
523 525 526 529 530 531 536 537 539 542 543 544 
546 548 551 552 555 556 557 561 562 563 569 571 
573 574 575 576 578 580 582 583 585 586 590 591 
593 594 597 598 601 605 606 607 609 610 612 617 
618 619 621 627 629 631 632 633 635 637 641 643 
645 646 647 648 650 652 653 656 657 660 661 664 
668 670 671 675 677 678 682 683 684 685 686 690 
691 694 697 698 700 701 703 705 710 711 712 713 
714 715 720 724 727 730 731 733 736 737 738 739 
743 744 745 747 748 750 753 754 755 757 759 760 
761 764 765 766 767 769 771 778 779 781 782 784 
785 790 794 795 799 
405
2 3 4 8 11 12 13 15 16 19 21 22 
23 24 25 27 28 29 30 33 36 37 38 44 
45 46 47 52 54 57 58 59 64 65 66 69 
74 75 76 77 79 81 85 86 87 88 90 91 
92 96 97 98 100 102 103 104 107 110 111 116 
119 120 121 122 123 127 129 131 134 136 138 139 
140 142 147 149 153 154 156 163 164 166 167 169 
174 175 180 181 182 183 185 186 192 195 196 197 
198 200 201 202 203 204 206 210 211 212 213 214 
217 218 220 223 225 226 228 230 231 234 240 244 
246 249 250 253 254 255 258 260 263 264 265 267 
268 269 272 274 275 276 279 280 282 283 284 288 
290 292 297 301 303 304 305 306 307 310 311 313 
314 315 316 317 323 324 326 329 332 333 334 337 
339 340 341 342 343 345 348 349 351 352 354 355 
357 358 364 367 369 371 373 375 378 380 384 388 
389 390 392 396 397 398 406 408 410 412 413 415 
416 417 418 424 430 431 432 433 435 436 438 439 
441 444 446 450 451 452 455 456 460 463 467 468 
469 470 472 474 476 478 483 484 485 491 492 493 
496 497 499 500 501 502 505 507 508 509 512 514 
516 518 519 521 522 523 524 528 529 530 532 535 
538 540 546 547 548 549 550 552 554 555 558 559 
562 565 568 569 571 574 576 579 580 581 582 586 
587 588 592 594 595 599 601 602 603 607 608 609 
612 613 614 620 621 623 626 627 628 629 638 639 
640 641 643 644 645 647 648 650 651 652 654 656 
657 660 661 662 663 665 666 667 668 669 670 671 
672 673 674 678 681 682 683 684 685 687 688 690 
691 692 700 703 704 706 707 711 713 714 717 720 
721 723 724 726 727 729 730 733 734 736 737 741 
743 745 747 748 749 752 756 757 758 760 761 762 
765 768 772 773 774 775 778 779 780 781 782 784 
788 789 790 792 793 794 796 798 799 
423
1 3 6 9 10 11 12 13 15 18 19 20 
24 25 26 29 38 39 41 45 46 51 52 53 
54 56 57 58 60 61 65 66 67 68 70 71 
72 73 74 76 77 78 79 80 83 84 85 87 
88 89 90 92 93 98 100 101 102 103 105 106 
111 113 115 116 117 118 119 120 121 124 126 129 
133 134 135 136 137 139 141 144 146 149 150 151 
153 155 157 158 159 160 161 162 163 164 165 166 
168 169 170 171 178 181 182 184 186 187 188 192 
193 194 195 198 199 201 203 204 205 207 208 210 
211 213 216 218 221 222 228 229 233 234 235 240 
241 243 245 247 252 256 257 258 263 264 265 269 
272 276 277 280 284 285 286 287 294 298 299 300 
301 302 308 309 311 317 319 320 323 326 327 328 
332 333 334 335 336 337 338 339 341 345 347 348 
350 351 352 353 354 355 358 359 360 362 363 366 
367 369 370 372 374 375 377 378 379 380 382 383 
384 385 387 388 390 392 393 394 395 396 397 399 
402 403 405 407 409 410 411 412 413 414 415 417 
418 421 427 428 429 434 437 439 440 444 445 446 
448 452 453 454 457 464 466 468 469 470 475 476 
479 482 484 486 487 490 494 495 500 501 502 503 
506 508 509 510 512 513 514 515 522 523 524 525 
528 529 530 531 532 533 535 536 537 538 542 543 
547 548 550 551 553 554 557 559 561 562 563 564 
569 570 571 574 579 580 581 582 583 585 586 587 
590 591 592 593 594 596 599 603 607 608 611 612 
613 614 615 617 618 619 620 621 625 626 627 628 
629 631 633 635 637 638 639 640 641 642 643 645 
651 652 653 657 658 660 661 662 664 667 668 670 
672 677 678 681 686 687 689 690 691 696 697 698 
699 703 704 705 707 708 709 710 711 713 714 715 
716 720 721 723 724 725 726 727 729 733 734 735 
736 740 743 745 746 753 758 760 764 765 766 768 
769 770 771 773 775 776 777 778 780 785 789 793 
794 795 797 
405
4 5 6 8 9 11 12 13 16 17 18 19 
20 24 27 31 34 35 36 38 39 43 47 50 
51 52 56 58 59 63 64 65 66 67 68 69 
70 71 72 73 75 76 78 79 81 82 83 85 
90 91 92 94 106 107 109 111 112 118 119 120 
121 122 126 128 131 132 133 135 138 141 142 143 
150 152 153 154 155 156 157 158 159 160 162 163 
164 166 167 168 169 170 171 172 175 177 179 188 
189 191 194 197 198 199 203 204 205 206 207 208 
210 211 212 214 216 217 218 219 221 224 226 227 
228 230 231 233 235 237 239 240 241 242 244 245 
247 249 250 251 252 253 255 257 258 260 261 266 
269 270 272 280 281 283 285 286 288 289 290 293 
296 301 303 304 305 309 312 316 318 319 322 323 
324 326 327 328 329 330 332 333 334 335 336 337 
340 343 344 345 346 347 349 357 358 359 361 364 
369 370 371 373 375 379 385 388 389 392 393 394 
396 401 404 410 411 412 419 420 424 425 427 431 
436 437 438 439 441 445 448 449 451 454 455 459 
460 462 467 468 471 474 475 476 477 478 480 481 
482 485 486 489 490 492 495 497 500 502 504 505 
508 509 510 515 516 517 518 519 521 522 526 528 
531 535 537 538 539 540 544 545 546 548 554 555 
557 560 563 564 566 568 569 571 572 577 578 579 
581 582 584 587 590 592 595 597 599 603 605 606 
607 611 612 613 614 622 623 626 627 628 629 632 
633 634 636 639 640 643 644 645 646 649 650 652 
654 655 657 658 659 660 662 663 664 668 669 671 
675 676 678 679 680 681 684 686 688 690 693 694 
695 696 697 700 701 703 706 707 708 710 711 712 
715 717 718 719 722 723 724 725 726 729 734 735 
736 737 738 739 743 744 747 748 749 752 754 755 
759 761 762 764 769 770 772 773 775 778 781 782 
786 788 791 793 794 795 796 798 800 
409
1 4 6 7 8 10 11 13 14 15 17 18 
19 22 27 29 30 33 35 36 37 41 44 46 
48 49 50 57 58 59 60 62 63 65 66 69 
72 73 74 77 78 79 80 81 82 83 86 91 
95 96 97 98 99 104 105 106 108 109 110 111 
116 122 123 125 126 127 128 129 130 131 132 133 
135 138 141 143 144 145 146 147 150 151 152 153 
155 156 158 160 165 166 167 169 170 171 172 173 
174 175 178 179 181 182 183 185 186 188 189 194 
195 197 199 200 202 203 204 205 210 211 212 214 
215 217 220 221 225 229 230 231 235 236 238 241 
242 243 249 250 251 252 255 257 259 260 261 263 
264 265 266 270 272 275 282 283 285 286 289 293 
294 295 298 299 303 306 308 311 312 313 314 317 
318 321 328 330 331 332 333 334 337 338 343 344 
346 348 349 352 354 356 360 361 362 363 366 368 
371 373 375 376 380 381 382 384 385 387 388 391 
396 397 398 401 404 406 407 408 411 412 414 415 
417 419 421 422 425 428 429 430 431 432 433 434 
436 437 441 442 443 444 447 448 449 453 456 458 
459 460 462 464 465 467 469 470 472 473 474 475 
476 479 482 483 485 487 488 489 491 492 495 496 
499 500 501 502 508 509 513 515 517 519 520 524 
526 529 535 542 543 545 546 548 549 551 554 555 
557 558 561 562 564 568 571 572 573 574 575 576 
577 582 583 590 591 593 594 597 598 599 601 604 
605 606 607 608 609 610 611 614 617 618 619 626 
627 628 629 631 634 636 637 640 641 643 645 646 
647 650 653 656 662 663 664 667 669 670 674 675 
677 679 680 681 683 684 691 695 696 700 701 705 
706 707 708 710 712 717 721 722 723 725 729 731 
733 734 736 738 739 742 745 746 751 754 755 756 
757 758 759 763 764 765 766 767 768 769 770 774 
776 779 780 781 785 788 790 791 793 795 797 799 
800 
396
2 3 6 7 8 10 11 18 19 20 23 28 
31 32 34 36 37 39 41 43 45 46 48 49 
50 52 53 56 57 58 63 65 66 67 68 70 
71 72 75 79 80 83 84 85 88 92 93 95 
97 100 103 104 106 108 110 111 114 116 118 119 
123 124 126 127 128 130 134 136 137 139 141 142 
145 146 147 148 149 150 152 153 156 157 160 161 
162 164 166 167 168 169 170 171 174 176 177 178 
183 185 186 187 188 189 190 191 193 195 196 197 
199 200 201 202 203 204 208 210 214 216 218 220 
221 226 229 232 235 236 240 241 243 246 247 254 
256 261 263 264 266 268 269 273 274 275 276 277 
281 282 284 286 287 289 290 292 296 299 302 305 
307 308 309 310 311 312 314 316 318 321 322 325 
326 330 331 333 334 337 338 339 340 343 345 346 
348 350 352 354 357 358 359 362 363 365 367 371 
377 381 382 384 386 388 389 390 391 392 395 396 
397 400 402 408 409 410 412 413 414 415 420 421 
422 423 424 425 427 428 430 431 432 434 436 438 
439 440 441 443 449 450 455 457 461 463 464 465 
466 467 470 471 473 476 478 479 480 487 488 492 
494 500 502 503 507 508 510 511 513 514 515 516 
517 519 521 522 524 525 527 528 530 532 533 534 
535 536 538 543 544 546 547 549 556 564 565 566 
568 570 571 572 573 577 580 583 585 587 589 590 
592 594 595 596 601 602 603 606 607 608 610 612 
614 615 616 618 623 626 628 631 632 633 635 637 
640 644 646 648 652 653 654 655 656 658 661 664 
668 670 671 673 674 675 676 677 678 679 681 682 
683 687 688 694 696 697 698 699 700 702 706 708 
709 711 714 715 721 722 724 725 727 729 731 732 
733 739 740 743 746 749 750 751 753 754 755 756 
765 766 771 772 777 782 784 785 789 790 791 796 
395
1 2 6 7 8 10 11 14 19 21 22 24 
26 28 29 30 34 35 37 39 41 44 46 49 
50 52 57 60 63 64 65 66 67 68 74 76 
77 81 82 83 84 85 89 90 91 92 93 94 
95 97 100 103 105 112 116 117 118 119 120 123 
127 129 135 136 137 138 139 141 142 143 144 150 
151 153 156 158 161 166 168 170 172 173 174 176 
180 181 182 183 186 189 192 197 199 201 206 208 
210 212 213 214 215 216 217 218 219 221 222 223 
226 227 228 232 239 241 242 243 246 252 253 254 
259 260 263 268 269 270 271 272 273 274 276 278 
280 283 287 288 290 291 295 296 298 299 300 301 
305 307 308 309 310 311 312 314 315 316 317 318 
320 322 323 326 331 332 333 335 336 338 339 342 
343 345 348 349 350 352 353 355 358 361 363 364 
366 368 370 372 373 375 378 381 382 383 384 385 
388 389 390 391 392 396 400 401 402 404 405 408 
415 416 421 423 427 428 429 430 433 437 439 441 
442 444 446 447 448 449 451 453 454 455 458 460 
471 473 474 477 478 479 480 481 485 486 489 490 
492 493 497 498 501 502 503 505 506 508 509 513 
514 515 516 517 519 522 524 527 528 530 531 532 
533 536 538 540 541 543 544 545 546 550 552 555 
559 563 567 568 569 572 573 574 577 578 579 580 
583 584 585 587 588 593 594 595 596 597 600 601 
603 605 606 608 611 612 613 615 616 617 618 623 
626 627 628 629 636 639 641 642 643 645 651 653 
656 659 660 664 665 669 670 671 672 677 679 680 
685 687 688 689 693 694 696 697 699 701 705 706 
707 709 713 714 716 717 718 723 724 725 726 729 
730 731 732 735 739 740 741 744 747 752 753 757 
759 763 765 766 769 770 773 774 778 779 780 781 
784 785 788 789 791 793 794 796 797 798 799 
410
3 5 6 8 9 12 13 14 15 16 17 23 
24 26 28 29 32 34 35 39 40 41 42 46 
47 49 51 53 57 58 59 61 64 65 66 69 
70 71 72 73 74 75 77 78 79 80 81 85 
86 90 91 93 95 98 99 100 103 104 105 109 
112 114 118 119 120 122 123 124 125 126 127 129 
132 138 139 141 143 154 155 157 160 163 164 168 
169 170 174 175 181 182 186 187 188 190 191 193 
202 205 206 207 208 209 213 214 215 218 220 221 
222 223 225 228 229 231 232 233 234 238 239 241 
243 244 246 247 248 251 253 254 261 262 263 264 
266 267 269 271 273 274 278 280 281 282 286 289 
290 298 299 300 301 302 303 305 308 310 314 316 
317 319 322 325 329 330 334 335 336 337 339 340 
343 346 348 349 350 351 352 356 358 361 363 364 
365 366 367 372 373 376 378 380 381 386 390 391 
392 393 398 400 402 403 404 407 408 410 411 415 
418 421 422 423 424 425 428 429 431 433 435 437 
442 446 451 452 453 454 458 459 460 462 464 466 
467 468 470 472 473 474 476 477 481 485 488 495 
496 497 498 502 504 505 508 509 510 512 513 514 
515 516 517 520 523 524 526 531 534 539 541 542 
543 547 548 550 551 553 554 555 557 558 559 560 
561 562 563 564 565 566 568 569 570 571 573 578 
580 581 582 584 585 586 589 590 593 594 598 599 
605 612 614 615 617 618 621 622 623 625 626 628 
630 631 634 635 636 637 638 639 640 641 643 648 
650 655 657 660 661 662 663 664 666 667 668 669 
670 672 674 675 677 678 680 682 683 684 685 688 
691 692 693 694 695 696 697 698 699 701 702 705 
707 708 709 710 711 714 715 716 717 718 719 720 
721 722 724 725 727 728 729 732 734 738 739 741 
742 743 750 753 754 758 760 762 767 768 774 775 
776 778 779 781 782 784 785 786 787 789 792 794 
796 797 
393
2 3 5 8 11 12 14 16 17 19 20 21 
22 23 25 26 27 28 29 31 36 38 42 43 
49 52 53 55 56 57 59 60 62 64 65 66 
68 69 70 71 72 73 74 86 89 92 93 97 
104 105 106 108 109 111 112 113 115 118 121 125 
126 127 128 132 133 134 135 136 137 143 148 150 
152 156 157 161 164 166 170 172 180 181 182 183 
185 186 188 197 198 200 201 202 203 206 209 211 
214 215 217 218 219 220 221 223 224 225 230 233 
234 236 237 238 243 244 247 249 250 251 252 253 
254 257 258 262 265 266 267 268 270 272 274 281 
282 289 290 291 292 293 294 295 296 297 298 299 
300 301 305 311 312 313 317 319 321 325 326 327 
328 329 330 332 333 335 339 348 349 351 355 358 
361 368 369 370 371 376 380 382 385 388 389 390 
391 396 398 401 402 403 404 405 406 407 409 416 
420 421 422 423 424 425 426 428 429 430 431 435 
436 438 439 440 441 442 444 445 446 450 451 455 
457 459 461 463 465 469 471 472 474 476 480 481 
482 484 485 486 487 488 490 491 496 497 499 502 
504 506 509 512 513 514 515 517 519 520 523 524 
529 531 533 534 536 538 539 541 542 543 544 545 
546 547 549 550 552 554 556 557 560 562 564 565 
568 569 572 574 578 581 584 585 586 587 588 590 
591 593 596 597 599 605 607 611 612 615 617 623 
625 626 627 630 631 632 633 635 637 638 640 642 
646 647 649 650 653 656 662 664 665 667 668 669 
670 672 673 674 675 678 681 682 685 686 687 688 
689 690 695 696 697 700 701 704 705 706 710 712 
713 715 716 717 720 721 723 724 727 728 730 732 
733 735 736 741 743 744 749 751 752 755 760 762 
763 768 770 771 772 773 774 775 776 779 780 782 
784 785 786 789 791 795 796 797 798 
380
2 4 6 7 8 9 11 13 16 18 19 20 
21 24 25 26 27 29 30 32 33 34 35 37 
39 45 46 50 55 56 57 59 61 63 65 66 
70 73 74 75 76 79 80 85 87 90 93 94 
96 99 102 104 111 112 116 117 118 123 125 126 
130 133 137 140 141 143 145 146 147 150 151 152 
154 157 158 159 161 162 163 164 167 168 170 173 
174 175 179 180 182 183 184 186 187 189 191 192 
194 195 197 199 200 203 206 212 216 217 218 219 
223 226 227 231 232 233 234 236 237 238 239 240 
244 247 248 249 250 254 255 258 260 263 265 268 
270 271 272 274 275 276 279 286 287 288 289 291 
292 294 296 297 302 303 307 310 313 314 315 317 
318 323 327 329 332 335 338 344 346 347 351 353 
355 356 358 364 367 370 372 375 376 378 379 380 
387 389 392 396 398 399 401 403 406 407 409 411 
413 414 415 416 418 420 422 424 426 427 428 431 
433 442 443 444 449 450 452 454 460 464 465 466 
469 472 473 476 480 481 482 483 486 487 488 491 
494 497 499 500 501 503 504 507 508 510 511 512 
513 514 515 517 518 519 524 525 533 534 536 544 
545 548 550 553 556 559 560 562 563 566 567 569 
570 571 574 576 577 578 579 584 588 591 592 595 
596 599 600 604 605 611 618 619 621 622 629 632 
633 634 637 638 643 644 646 649 650 655 658 661 
662 663 664 665 667 668 669 671 672 673 674 677 
679 680 681 682 683 684 686 688 690 692 693 694 
700 701 703 705 706 707 709 711 712 713 714 715 
718 721 723 725 727 728 729 730 731 734 735 739 
741 743 745 748 754 756 757 758 759 760 761 762 
763 764 766 769 771 773 774 775 777 780 784 785 
786 788 789 792 796 798 799 800 
378
4 5 6 9 10 11 12 17 19 20 21 28 
29 30 35 36 38 39 40 42 47 50 51 52 
53 54 60 61 62 64 65 67 70 79 80 81 
86 87 88 89 90 91 92 94 97 99 100 102 
104 105 106 110 115 116 117 118 122 124 125 126 
129 130 131 132 134 135 146 147 149 150 158 159 
160 161 162 163 165 170 172 179 181 183 185 186 
188 190 191 192 196 197 204 206 208 211 213 216 
217 218 224 225 226 228 229 231 233 234 236 239 
242 243 244 246 247 249 250 251 255 256 260 261 
262 271 278 279 281 283 284 287 288 289 291 293 
297 298 302 303 306 308 309 311 314 316 321 322 
323 324 325 327 328 330 334 335 338 340 341 345 
347 354 357 358 361 363 365 366 368 369 371 375 
376 378 379 381 383 385 390 392 393 394 396 397 
398 401 403 405 407 408 412 414 416 418 419 421 
422 425 428 432 433 434 436 441 442 446 447 449 
456 459 460 461 462 463 465 467 472 474 475 476 
478 480 481 482 486 488 493 497 499 501 503 504 
505 506 508 509 515 516 517 518 520 522 525 527 
530 532 535 536 537 538 541 542 543 544 545 547 
548 552 553 558 559 560 561 568 573 574 575 577 
578 583 586 587 588 589 592 593 595 598 600 601 
604 606 610 611 612 613 615 617 618 620 623 625 
628 629 630 631 632 634 635 636 638 639 640 641 
642 645 646 650 652 653 657 658 660 662 664 665 
667 668 669 672 673 674 677 679 686 687 688 689 
691 694 696 697 698 703 704 705 707 708 709 711 
712 717 718 720 721 722 724 725 727 731 734 737 
739 740 741 744 745 747 748 749 750 752 754 755 
757 762 764 765 769 771 772 773 775 776 777 780 
781 786 790 793 794 796 
416
2 3 4 6 8 10 16 17 18 23 24 28 
30 31 32 33 34 36 37 38 43 44 46 48 
50 51 54 55 56 57 58 59 60 67 73 76 
77 81 82 83 84 86 88 92 95 96 97 98 
100 105 107 109 110 111 114 115 117 123 124 126 
127 128 132 136 137 138 139 143 145 146 149 150 
151 152 153 154 155 157 158 159 160 163 164 166 
167 168 170 171 172 173 174 175 179 180 181 183 
184 185 186 188 189 190 191 192 193 195 196 197 
198 199 200 206 208 211 214 215 217 220 221 222 
224 226 230 234 235 237 240 245 247 249 250 251 
254 257 258 259 260 262 263 265 266 267 268 269 
271 275 279 281 282 285 286 287 288 290 291 292 
293 296 297 299 300 303 306 308 309 310 311 313 
316 317 318 320 321 322 323 324 325 327 330 333 
335 336 337 339 341 342 343 344 349 350 351 354 
355 357 363 365 369 372 373 375 376 377 379 381 
383 388 394 395 397 400 402 403 404 407 408 412 
413 414 415 419 422 423 425 426 427 429 433 434 
435 436 438 447 451 452 453 454 458 459 463 467 
468 470 472 473 474 476 477 479 480 481 483 485 
486 489 490 492 493 494 497 498 500 501 502 505 
506 507 509 511 512 513 514 516 517 518 519 521 
522 523 524 525 528 529 530 532 533 537 539 540 
544 545 546 548 549 551 555 556 559 560 561 563 
564 568 573 575 580 582 583 584 586 589 590 593 
595 597 599 601 602 603 604 606 610 611 613 621 
622 623 626 627 630 632 633 634 635 640 641 642 
643 644 648 649 650 652 653 654 655 656 657 660 
661 662 664 669 670 671 673 679 681 682 684 687 
688 695 696 698 701 702 705 706 709 710 712 713 
714 717 719 720 722 723 724 726 727 729 732 734 
737 740 741 742 745 748 749 750 751 757 761 762 
763 764 767 768 769 770 771 773 776 780 781 782 
783 787 789 792 793 796 798 800 
379
2 7 8 9 13 15 17 20 22 23 27 28 
29 31 36 37 39 40 44 45 48 49 50 51 
52 55 56 63 66 68 72 74 76 77 78 81 
84 85 88 91 93 95 96 98 99 100 101 103 
105 106 108 111 112 114 120 122 123 124 128 130 
131 132 136 137 139 141 143 146 147 148 149 154 
156 158 159 161 163 165 170 173 177 179 180 183 
184 185 187 189 193 194 195 196 198 200 203 205 
207 209 210 211 213 215 216 217 218 222 223 224 
225 227 228 231 233 235 237 243 244 245 247 248 
249 255 257 260 261 262 265 266 267 269 272 273 
274 275 282 283 284 285 286 287 289 290 294 295 
297 298 301 303 304 306 307 310 312 315 316 317 
318 319 320 323 326 328 329 331 333 336 340 341 
347 349 350 351 353 355 357 358 359 367 368 369 
373 374 380 383 386 388 390 391 392 395 397 404 
406 408 410 411 417 418 420 421 422 423 424 426 
429 430 433 434 440 442 445 448 450 451 452 453 
456 457 459 460 461 463 464 468 469 472 475 476 
477 481 484 485 487 490 491 492 494 495 499 501 
503 505 507 508 509 512 513 514 523 525 526 529 
532 534 537 539 540 542 544 545 546 550 556 557 
560 564 566 567 568 569 571 576 577 578 582 583 
584 586 588 589 591 592 593 594 595 597 598 599 
600 601 602 603 607 609 614 618 619 620 622 624 
625 626 627 629 630 631 634 638 639 640 641 647 
648 650 659 660 662 665 666 672 673 674 679 681 
684 685 686 687 688 689 692 696 699 703 704 705 
706 708 709 710 711 713 714 715 719 720 721 723 
724 725 726 730 733 739 740 742 743 744 745 750 
751 753 754 757 759 760 764 765 770 772 780 781 
784 788 792 794 796 797 799 
422
3 6 9 11 13 14 21 24 25 27 28 29 
30 31 32 33 34 36 37 38 41 42 44 47 
48 50 51 52 58 60 61 63 65 67 68 69 
71 73 74 75 78 83 84 85 86 87 88 89 
90 92 95 97 104 106 107 108 111 112 113 114 
115 117 119 121 126 127 128 130 132 136 137 139 
140 141 146 147 148 149 150 151 152 153 157 159 
161 162 163 164 167 169 170 171 177 185 188 190 
192 194 195 196 197 198 201 202 203 205 207 213 
214 219 222 224 227 228 229 230 231 235 237 238 
239 240 242 244 245 249 254 256 257 258 260 261 
268 269 271 273 274 277 279 281 282 284 289 292 
296 298 299 300 301 302 303 306 307 308 309 310 
315 317 321 322 329 333 339 341 342 343 344 345 
348 350 354 356 362 364 367 368 369 373 375 376 
377 380 381 386 390 391 394 395 398 399 401 404 
406 407 408 409 410 412 414 415 417 418 419 422 
423 424 425 426 428 431 432 433 434 435 436 437 
441 443 445 447 448 450 451 452 454 455 456 458 
461 464 467 470 472 473 476 477 478 484 485 486 
488 489 490 491 492 494 502 506 507 509 510 514 
515 517 518 519 522 526 527 529 530 535 536 538 
539 540 543 544 545 546 547 548 550 552 554 557 
558 559 560 562 563 564 565 566 567 568 569 570 
571 572 573 574 578 579 581 582 583 584 586 587 
588 590 593 594 596 597 598 599 600 601 602 604 
606 607 609 612 614 615 616 618 619 621 624 625 
626 627 629 630 631 632 635 636 637 639 640 641 
644 646 652 657 659 662 663 666 667 669 671 672 
673 675 679 680 681 682 683 685 686 688 689 694 
695 696 699 700 704 705 707 709 710 711 719 720 
723 725 727 728 729 730 733 740 742 744 746 747 
748 749 750 752 753 755 757 758 759 760 761 762 
763 767 768 769 770 771 773 775 776 777 780 782 
783 784 785 786 788 789 790 791 793 794 795 797 
798 799 
418
2 3 6 8 9 11 14 16 17 19 20 22 
23 28 30 31 32 34 37 38 40 42 44 45 
48 49 50 55 59 60 61 63 66 67 68 71 
72 76 77 79 82 83 87 92 93 94 96 98 
99 101 102 106 107 108 109 110 111 113 114 115 
117 119 122 123 130 131 134 140 142 143 147 149 
150 152 155 156 158 160 163 164 165 166 170 171 
173 179 185 189 191 192 193 197 198 199 203 206 
207 211 213 214 215 217 218 219 224 229 230 231 
233 234 238 239 241 242 244 246 247 248 249 250 
251 254 255 257 260 261 263 264 265 266 267 268 
270 271 273 274 280 285 287 288 289 291 292 293 
295 297 298 299 301 304 305 306 307 310 313 316 
317 323 324 326 329 330 331 332 333 335 338 341 
342 343 344 345 347 348 350 351 353 354 355 356 
363 365 368 370 371 372 376 380 382 389 390 391 
392 394 397 401 406 407 411 420 422 423 424 428 
430 431 433 437 438 439 440 442 443 446 449 450 
452 454 456 459 464 467 469 470 474 475 476 478 
480 485 487 488 489 491 494 495 496 497 498 499 
500 502 503 504 507 508 509 511 512 514 515 516 
517 518 519 524 525 526 527 529 531 532 533 537 
539 541 542 543 544 546 548 549 554 555 556 557 
558 562 563 564 566 567 569 571 573 575 577 578 
580 581 584 589 590 591 592 596 597 598 599 602 
603 604 605 606 607 609 610 611 612 614 615 620 
621 622 627 631 632 635 636 637 638 639 641 643 
644 646 647 649 650 653 655 656 659 660 661 664 
665 666 667 668 669 670 671 672 673 679 680 682 
683 684 685 691 693 695 696 698 699 702 703 704 
705 706 710 711 713 714 715 716 717 718 719 720 
721 723 724 727 730 734 735 736 738 740 744 747 
748 749 750 753 754 756 757 758 761 764 766 768 
771 772 773 775 776 778 779 780 781 782 783 784 
787 790 791 792 794 796 797 798 799 800 
421
1 2 3 6 7 8 10 11 14 16 18 19 
21 24 26 28 29 31 32 33 34 35 36 37 
38 42 45 46 48 49 50 51 53 54 55 58 
61 63 64 66 68 69 71 72 73 74 75 77 
80 86 88 95 97 101 103 104 107 108 115 117 
118 119 120 121 122 124 125 130 131 132 134 138 
139 140 142 148 150 151 154 155 158 160 161 162 
164 165 166 167 168 170 171 173 174 175 177 178 
179 184 185 186 188 190 191 192 193 197 198 200 
201 204 205 206 208 210 211 212 213 214 215 217 
220 222 224 226 227 228 229 232 233 235 236 237 
238 241 242 243 249 250 251 252 256 257 258 260 
263 264 266 267 268 270 271 274 276 277 278 280 
281 285 286 288 292 294 295 296 300 303 304 305 
306 308 309 310 312 314 315 317 323 324 325 326 
327 329 330 332 334 335 336 337 342 347 349 353 
354 355 356 357 358 361 362 363 366 369 372 374 
377 378 379 382 383 386 387 388 391 392 393 395 
396 398 399 400 401 404 405 406 407 409 410 413 
416 417 418 419 421 427 428 429 431 432 433 435 
439 442 445 446 448 450 451 452 456 457 460 461 
464 465 466 467 469 470 471 473 477 479 480 482 
483 486 487 488 490 492 496 498 500 503 504 508 
510 515 520 521 522 524 527 528 530 535 537 539 
544 545 546 549 550 551 552 553 556 557 558 559 
560 562 563 566 567 568 569 571 573 574 576 579 
580 582 583 585 586 588 590 591 593 595 597 602 
604 607 608 609 610 611 614 615 616 619 620 623 
626 628 629 631 632 634 636 638 639 641 642 643 
645 646 648 650 652 658 659 660 662 663 665 667 
669 670 675 677 678 679 682 685 687 690 691 692 
693 696 697 698 699 700 701 702 703 704 707 709 
715 717 719 720 724 725 727 729 733 734 735 737 
738 745 746 748 751 752 754 755 758 762 764 765 
769 770 772 774 780 781 782 784 786 787 792 794 
799 
407
2 4 6 9 10 13 14 15 17 18 20 24 
25 27 30 32 33 36 37 39 41 42 44 46 
48 51 52 56 57 58 59 61 67 68 74 75 
77 78 80 82 84 85 93 94 95 99 100 106 
107 108 111 113 115 116 117 121 122 124 126 130 
134 137 138 142 143 147 148 151 153 159 160 162 
163 164 165 166 167 168 169 172 178 179 181 185 
186 187 189 190 191 193 194 195 196 197 198 202 
203 205 209 211 212 213 214 215 218 221 222 223 
224 225 228 229 231 232 233 235 236 239 240 242 
243 244 245 246 248 251 253 254 257 260 263 265 
270 272 273 275 277 279 280 281 283 284 286 288 
291 292 293 296 298 301 302 303 305 308 310 311 
312 313 314 315 316 318 325 328 329 331 333 338 
339 342 347 348 349 350 351 354 356 360 366 368 
369 371 372 374 375 376 381 383 384 395 398 399 
400 402 403 406 407 408 413 415 417 418 421 422 
423 425 426 431 432 434 435 436 440 441 442 445 
446 449 450 451 459 460 461 464 466 467 469 471 
473 474 476 477 481 482 486 488 489 491 492 495 
498 500 507 509 510 511 514 516 517 520 521 524 
526 528 529 531 532 533 534 536 537 538 539 540 
543 544 548 550 551 553 554 555 556 557 558 559 
561 564 565 566 567 568 572 575 576 579 580 581 
583 585 587 588 589 593 594 595 596 598 602 605 
609 610 612 613 614 615 617 619 621 622 626 627 
629 630 631 632 633 635 636 637 639 640 645 646 
648 650 652 654 656 658 660 664 665 666 669 670 
671 675 677 678 679 686 687 688 689 690 691 694 
695 696 698 700 703 705 706 709 710 713 716 720 
721 722 724 725 727 728 729 730 733 734 735 736 
737 740 741 743 744 745 748 750 751 752 754 755 
756 759 761 764 765 767 770 771 773 774 776 778 
780 782 784 785 791 795 796 797 798 799 800 
406
1 6 7 9 10 14 15 16 18 19 20 22 
23 26 27 28 29 30 32 33 36 41 42 43 
46 47 48 50 52 53 59 60 61 63 64 68 
71 76 79 82 83 85 87 91 93 94 95 96 
99 105 107 108 109 111 113 116 119 120 121 122 
123 124 125 126 127 129 131 132 133 138 142 143 
144 145 147 148 150 151 152 153 159 160 161 162 
164 169 170 171 173 175 176 177 178 179 180 182 
183 185 186 187 189 191 193 194 195 196 197 199 
201 203 205 210 211 212 214 215 217 220 221 223 
224 225 226 227 229 230 231 233 234 235 238 243 
246 249 250 254 255 256 257 258 260 261 262 265 
266 269 271 272 274 276 277 278 283 285 286 287 
290 292 293 297 299 301 304 307 308 309 313 315 
317 319 320 321 322 326 331 332 333 334 335 336 
338 339 344 345 346 347 348 350 355 356 357 358 
361 362 363 364 367 369 374 375 380 381 382 383 
387 388 391 393 396 399 406 408 410 411 412 414 
415 418 419 420 423 424 427 431 432 433 434 435 
439 440 445 447 448 449 450 451 454 455 456 459 
462 463 468 469 471 472 473 475 476 477 479 481 
482 484 485 488 493 495 496 498 500 501 502 508 
512 514 515 518 521 522 523 524 525 526 527 528 
529 531 532 534 535 536 538 539 543 545 547 548 
549 551 556 557 565 566 567 568 569 571 572 576 
577 580 581 583 585 587 589 590 591 592 593 594 
595 598 599 601 604 605 606 607 609 610 611 612 
614 616 618 619 623 629 632 636 640 643 644 645 
647 648 649 652 653 654 657 658 662 669 675 678 
679 680 681 682 687 688 691 692 693 696 697 698 
699 700 701 702 704 705 707 709 710 714 717 718 
720 724 728 730 733 736 738 741 742 750 751 753 
756 757 758 759 760 761 763 764 766 771 772 777 
784 787 788 789 790 792 793 796 798 800 
408
4 5 6 7 11 12 13 14 15 16 17 19 
22 25 27 29 30 31 33 35 38 40 41 42 
43 45 46 47 48 50 51 55 56 58 59 61 
62 65 71 72 74 77 78 81 82 83 87 91 
92 94 95 97 100 101 102 105 106 109 110 112 
114 116 118 119 122 125 130 132 133 134 142 143 
147 148 150 152 153 155 157 159 161 162 164 165 
166 169 170 171 172 174 175 177 178 179 180 182 
183 184 185 187 188 189 192 194 195 197 207 210 
214 215 218 220 221 224 226 227 237 239 242 245 
246 247 248 249 250 253 254 257 258 259 260 262 
263 264 265 266 267 268 269 270 271 277 282 283 
285 286 288 289 290 292 294 295 300 301 302 304 
305 307 310 311 314 316 319 320 321 325 327 328 
329 330 333 335 336 337 342 343 345 346 348 350 
351 353 360 361 363 364 365 368 369 372 373 376 
379 381 383 384 385 386 387 388 389 390 392 393 
394 395 397 399 401 402 406 407 409 410 412 413 
415 416 419 420 421 422 426 427 428 430 432 433 
437 438 439 443 447 450 452 454 455 457 458 460 
461 463 468 469 470 473 474 475 476 477 479 482 
484 485 486 487 489 492 493 496 499 503 508 510 
511 512 513 516 522 524 526 527 529 532 533 534 
535 536 537 538 539 541 544 545 547 548 549 550 
554 556 558 559 562 564 568 569 574 578 580 582 
585 589 590 592 593 594 596 597 598 601 602 603 
610 614 615 617 619 620 621 623 624 625 626 632 
633 634 636 637 639 641 643 649 654 655 658 661 
662 663 665 667 668 671 672 674 675 676 679 682 
683 684 687 688 689 695 698 699 702 706 707 708 
710 711 712 715 718 721 723 724 727 728 731 734 
736 739 741 743 748 749 751 752 753 754 757 758 
759 760 761 762 763 764 765 766 768 770 771 774 
776 779 784 785 786 787 791 793 794 796 798 799 
409
1 2 3 6 8 9 10 15 16 17 25 26 
28 29 32 37 38 41 43 45 46 47 48 50 
51 54 57 58 59 64 65 66 68 70 75 76 
78 79 81 82 86 87 88 90 94 96 97 98 
99 101 102 103 105 108 109 110 111 112 113 114 
116 119 121 122 123 124 125 127 128 129 130 136 
139 143 146 147 149 150 151 153 158 160 161 162 
166 167 168 169 172 173 177 181 183 187 188 192 
193 194 195 196 197 199 200 201 202 203 204 205 
208 209 210 211 213 219 220 221 225 226 228 232 
234 237 240 242 244 250 251 254 257 259 262 263 
265 266 267 268 269 272 273 278 280 282 285 286 
288 289 290 292 293 298 301 304 305 306 308 309 
312 313 314 317 320 330 331 332 336 339 341 342 
345 346 347 349 350 354 363 364 366 368 374 375 
378 379 381 382 384 385 389 391 392 394 401 403 
408 410 411 412 413 416 418 420 421 424 425 426 
429 430 431 433 434 436 438 439 442 444 446 447 
449 451 452 457 461 462 467 468 470 471 474 475 
476 482 483 484 485 487 490 491 492 493 494 495 
498 499 500 501 505 506 507 510 511 514 517 518 
519 523 524 527 528 530 531 534 536 537 539 541 
544 545 546 547 548 550 552 553 555 557 558 564 
565 567 568 571 572 573 574 576 578 579 580 586 
587 588 589 593 595 596 598 599 600 601 603 604 
605 606 608 610 613 614 615 616 618 619 623 625 
629 631 633 636 639 642 643 644 645 646 649 652 
653 655 656 657 658 659 661 664 665 666 667 668 
670 673 674 675 678 680 683 685 686 687 688 690 
691 692 694 697 698 701 704 706 708 710 711 713 
715 716 717 718 719 720 723 725 726 727 729 735 
737 739 740 742 743 744 745 746 747 749 753 756 
758 760 761 763 764 765 767 768 772 775 777 778 
780 781 785 787 788 789 790 791 793 795 796 797 
799 
425
1 3 5 6 10 11 12 13 17 19 20 24 
26 27 28 29 30 31 32 33 34 40 41 45 
52 53 55 60 63 64 65 66 69 71 74 75 
78 82 83 84 85 87 88 89 93 94 96 97 
99 100 102 103 104 107 111 113 114 115 116 117 
119 123 125 129 130 132 133 134 136 137 138 139 
140 142 143 150 151 155 157 158 159 160 161 163 
166 167 168 169 170 171 172 173 174 177 181 182 
184 185 187 192 193 195 197 198 200 201 204 205 
207 208 212 214 215 216 217 218 220 224 225 228 
229 230 231 232 233 234 235 238 240 242 245 246 
247 251 254 256 261 262 264 265 266 267 269 270 
273 275 278 280 281 282 284 286 288 292 293 295 
296 297 298 299 300 306 307 308 309 311 312 319 
320 323 331 332 333 335 336 337 338 339 342 343 
346 348 349 350 351 352 353 354 356 359 361 362 
363 366 367 368 369 370 371 373 374 376 377 381 
382 384 385 386 388 390 393 399 403 404 405 406 
407 409 410 413 414 415 421 422 423 424 427 429 
430 431 433 439 440 442 443 444 446 448 454 455 
457 458 459 460 461 463 465 467 469 471 473 475 
476 477 478 479 482 484 488 489 490 495 496 497 
498 499 501 503 505 507 511 512 513 514 515 517 
522 523 524 526 527 528 529 530 531 532 533 534 
535 536 537 538 539 543 545 547 549 552 555 556 
557 558 559 560 563 564 566 567 572 574 581 582 
584 585 587 589 590 595 596 597 603 604 607 609 
610 611 612 614 615 616 621 622 626 627 631 632 
633 636 638 639 640 641 643 644 646 649 651 652 
654 655 658 660 661 663 665 668 672 674 676 677 
680 681 682 685 689 690 691 693 694 696 698 699 
700 701 705 707 708 713 714 715 717 721 722 723 
724 725 727 732 734 736 738 739 741 742 746 747 
748 749 751 752 753 756 757 758 759 760 765 766 
767 771 772 773 774 775 778 779 780 782 783 789 
790 791 792 798 800 
405
1 3 4 5 6 9 10 12 15 22 23 25 
26 27 28 31 32 33 35 38 40 41 43 44 
47 48 49 52 56 57 60 62 63 64 65 69 
71 72 76 77 82 83 85 86 88 89 90 91 
93 95 97 98 101 102 106 107 109 113 117 119 
120 123 127 128 130 132 133 135 136 137 138 140 
142 144 148 149 151 153 155 156 159 160 162 164 
165 166 167 168 169 170 172 174 175 184 185 187 
188 190 194 195 196 197 199 203 208 209 213 215 
216 217 218 219 220 223 224 227 229 230 233 234 
235 236 238 239 241 247 248 249 255 256 257 260 
261 264 267 268 271 272 273 277 280 283 284 286 
291 292 294 295 297 298 299 300 301 303 306 308 
313 315 318 319 320 321 323 324 325 327 328 330 
331 335 336 337 338 341 342 343 344 345 347 348 
350 352 353 355 359 361 364 367 368 370 371 372 
373 376 377 378 379 380 382 383 384 385 386 389 
395 397 398 401 403 405 406 408 410 414 416 418 
419 420 421 423 425 426 428 429 431 432 433 436 
437 439 440 442 447 449 450 451 455 457 460 464 
466 468 470 471 473 474 475 476 478 483 493 496 
498 499 502 503 505 508 509 510 512 513 515 516 
517 518 519 521 522 523 525 526 527 530 531 532 
533 536 537 539 540 542 546 547 548 549 550 552 
553 554 555 557 562 563 564 566 567 574 575 576 
577 578 581 583 585 586 588 591 592 593 594 599 
600 604 607 610 612 613 616 619 620 622 623 624 
625 628 629 630 631 632 635 639 641 644 645 646 
648 649 655 656 657 658 659 660 661 662 663 668 
669 671 672 673 674 679 681 682 686 687 689 691 
696 701 703 706 708 712 713 719 721 725 726 727 
730 734 735 737 741 745 746 747 749 750 752 755 
758 765 766 767 769 771 772 778 780 781 782 784 
785 786 788 790 791 793 795 798 799 
407
3 7 9 12 13 14 15 16 18 19 22 24 
25 26 30 33 34 36 37 39 41 43 44 46 
49 50 51 53 54 60 63 64 66 67 68 69 
70 72 79 81 88 90 94 96 97 99 100 102 
103 105 109 112 113 114 115 117 120 121 124 125 
126 127 129 135 138 140 141 142 144 146 148 149 
155 157 160 161 163 165 166 169 172 174 176 179 
180 181 182 183 184 185 187 188 190 191 192 193 
195 196 198 207 209 213 215 217 219 221 223 224 
226 228 229 230 232 233 234 236 237 239 240 241 
244 245 249 251 254 255 256 257 258 259 261 262 
265 269 271 272 274 275 277 279 281 282 283 284 
286 289 296 297 298 303 306 307 309 310 311 312 
313 316 318 320 323 324 327 328 329 330 332 334 
336 339 340 341 342 344 347 348 349 350 352 357 
358 359 361 362 367 369 372 373 374 376 377 378 
380 383 388 389 394 397 399 403 404 405 407 408 
411 413 415 416 417 421 423 424 425 429 430 433 
434 435 436 438 439 441 443 444 445 446 448 450 
451 452 454 458 461 462 466 468 470 471 472 473 
474 476 477 480 481 483 485 491 492 493 496 497 
501 502 503 505 508 511 513 514 515 517 520 521 
525 526 527 529 532 533 534 535 537 538 539 540 
542 544 550 554 556 558 559 562 564 566 567 569 
570 571 572 573 574 578 579 580 582 583 585 588 
589 590 595 597 604 608 609 610 611 612 613 614 
617 618 619 627 630 632 633 635 641 642 644 647 
649 650 651 652 653 654 655 656 657 659 662 664 
665 667 668 670 674 677 680 681 686 688 690 692 
694 695 696 697 698 700 703 704 705 707 709 712 
714 715 719 722 724 725 727 728 733 735 736 737 
739 740 741 742 744 745 746 749 750 754 756 761 
767 768 770 771 772 773 774 775 777 778 783 785 
786 787 789 791 792 793 795 797 798 799 800 
391
1 3 4 7 8 10 12 13 17 19 21 22 
24 27 30 31 35 36 37 41 46 49 50 58 
61 62 63 67 68 70 71 73 74 77 78 80 
81 84 86 87 88 90 92 93 100 102 103 115 
117 120 122 125 129 130 131 134 135 136 138 143 
144 145 147 148 149 150 151 153 157 159 160 161 
163 165 166 169 173 174 176 177 178 179 181 183 
186 191 194 196 199 201 202 203 204 205 206 210 
211 213 221 222 225 227 228 230 231 233 234 235 
236 242 243 245 247 251 252 254 255 257 260 261 
262 263 264 265 267 269 270 271 273 274 275 278 
280 282 286 290 291 293 295 300 301 302 305 306 
307 308 313 319 320 327 329 330 331 333 334 335 
336 340 343 351 352 355 358 360 367 376 381 382 
383 384 385 388 392 394 397 398 399 401 403 405 
406 407 409 410 416 419 420 421 422 425 427 428 
429 432 433 434 435 436 437 439 440 441 444 445 
446 448 450 451 454 455 457 459 462 465 468 469 
470 471 472 474 476 477 481 483 484 485 490 491 
495 497 498 501 502 504 505 509 510 511 512 514 
516 517 518 519 520 521 525 526 527 529 530 533 
537 538 540 551 552 555 558 561 562 565 566 568 
573 576 577 579 581 582 583 584 585 589 591 595 
596 598 601 604 606 607 608 610 615 616 617 619 
620 622 623 625 626 627 628 629 632 634 635 636 
638 642 643 644 645 648 651 652 653 654 659 660 
661 662 664 665 666 667 671 673 674 675 676 677 
681 683 684 686 690 691 695 696 698 700 702 703 
705 707 709 711 713 715 721 722 723 726 727 728 
729 730 731 732 734 735 738 739 743 744 745 747 
748 754 755 756 757 758 762 763 764 765 768 769 
771 773 774 780 781 784 785 787 788 790 791 792 
793 794 795 796 798 799 800 
415
1 2 4 5 6 7 9 12 15 16 18 25 
26 28 29 30 31 37 38 39 42 43 44 45 
47 48 49 51 53 57 60 61 62 64 65 67 
69 72 77 79 82 84 87 89 90 91 94 96 
97 99 101 108 110 111 112 113 114 115 117 119 
120 122 123 125 126 129 130 131 134 137 138 139 
140 143 144 146 147 150 152 153 156 157 158 160 
161 162 163 164 166 168 171 172 174 176 177 178 
179 182 183 184 185 186 187 189 190 191 192 197 
199 200 202 205 206 208 212 213 214 215 216 219 
220 223 224 226 227 228 230 231 233 234 235 236 
239 243 244 245 247 249 250 252 253 254 258 259 
261 262 263 264 267 271 274 275 277 278 281 283 
284 287 288 290 291 297 298 299 303 305 306 307 
310 311 312 313 314 315 316 317 318 319 323 328 
332 333 334 335 336 338 340 343 344 347 348 350 
353 354 357 358 361 364 366 367 369 370 372 373 
376 377 379 384 390 396 397 400 401 402 403 406 
407 408 409 410 412 413 418 419 421 424 425 428 
429 432 434 435 437 438 439 440 444 445 449 450 
451 453 454 457 458 460 461 462 463 464 465 466 
468 472 475 477 481 482 487 489 490 491 492 494 
495 497 499 500 501 504 505 510 514 515 517 519 
520 522 524 526 530 532 533 538 542 543 544 545 
547 550 552 554 555 557 558 561 564 565 566 569 
571 572 573 575 576 579 581 582 587 589 590 592 
594 595 599 600 601 602 606 608 610 611 613 614 
616 617 620 627 628 630 631 633 634 635 636 637 
638 640 641 642 647 648 651 653 654 656 658 660 
661 664 666 667 669 672 673 675 680 681 683 689 
691 692 693 695 696 698 700 702 703 704 706 709 
710 711 714 716 717 719 723 724 726 728 729 731 
735 738 739 740 745 746 749 752 753 756 757 758 
759 760 762 763 764 767 770 772 773 775 780 784 
785 788 791 793 797 798 800 
397
2 8 9 10 11 12 18 19 20 26 30 31 
34 37 40 41 42 47 48 49 50 51 52 54 
55 56 57 58 59 62 63 67 68 69 71 72 
73 74 75 77 78 79 82 83 84 85 87 88 
90 91 92 94 96 97 99 100 102 110 112 113 
118 123 124 125 126 128 129 138 142 143 149 151 
152 153 154 159 160 162 163 164 166 167 168 169 
171 172 174 176 180 183 184 186 189 191 192 197 
200 201 203 205 206 209 214 216 221 222 224 225 
226 227 232 233 234 235 236 238 241 242 243 245 
247 249 250 251 253 254 257 263 268 270 274 278 
279 282 285 286 287 288 291 295 297 298 299 300 
301 302 305 306 308 312 314 316 317 318 319 320 
321 322 323 324 325 329 330 334 335 336 339 340 
342 343 344 346 347 349 350 351 355 362 363 365 
366 369 371 374 379 381 383 386 387 388 390 392 
393 394 396 401 405 407 412 413 416 417 418 420 
422 426 427 429 432 438 442 444 445 446 447 453 
454 456 458 464 465 468 469 471 472 476 480 484 
485 489 490 491 497 498 502 505 506 507 510 511 
512 514 515 517 519 521 523 526 527 528 529 532 
533 534 538 540 541 542 544 545 546 550 551 554 
555 558 563 564 565 568 569 571 574 576 577 578 
579 581 583 584 585 586 591 595 600 601 602 604 
605 606 612 614 617 619 622 623 625 626 628 629 
630 631 633 634 635 636 638 639 640 643 645 646 
647 648 649 651 659 660 661 662 663 664 668 670 
676 677 678 679 681 682 684 685 686 687 691 692 
693 694 695 696 697 698 699 703 706 707 708 709 
710 711 712 714 715 716 718 721 722 723 724 726 
727 728 731 733 736 738 739 745 746 747 748 749 
750 752 754 755 758 760 762 763 764 765 769 771 
773 774 776 782 783 784 786 790 791 794 795 796 
798 
389
10 12 13 16 18 21 22 23 25 26 29 30 
32 33 35 36 37 38 39 40 43 44 47 48 
52 53 55 57 59 63 64 66 67 68 75 76 
78 79 82 83 84 86 88 91 92 93 95 96 
99 101 102 104 105 107 112 114 115 117 118 120 
122 123 124 125 128 130 133 142 144 148 151 154 
158 161 163 168 171 172 174 175 176 179 181 185 
186 188 191 192 196 197 198 199 201 202 203 205 
206 207 208 210 212 213 215 216 218 219 221 225 
228 229 236 238 240 243 244 245 248 250 255 259 
260 261 264 265 266 267 269 274 276 279 280 283 
284 285 289 290 291 292 293 299 301 302 305 306 
307 310 312 313 314 319 320 321 324 325 327 328 
329 330 331 333 335 337 338 341 343 345 347 349 
354 356 357 360 361 363 367 368 369 370 372 373 
374 377 381 386 389 392 395 396 398 401 402 403 
407 408 413 414 415 416 417 420 421 424 425 426 
428 430 433 440 441 442 443 445 447 451 452 453 
454 455 456 460 464 465 466 469 471 474 475 476 
477 478 479 480 482 485 486 489 492 493 498 501 
505 510 513 516 517 519 520 522 524 525 529 531 
533 534 536 537 538 541 543 549 551 553 554 557 
558 561 564 565 570 571 573 574 575 577 580 582 
586 587 589 590 591 592 593 594 595 596 602 603 
604 608 609 610 613 616 617 618 622 623 624 628 
629 630 633 636 638 639 640 641 642 643 644 646 
648 649 650 656 657 660 661 662 663 664 665 668 
670 672 675 676 680 681 684 689 690 691 692 695 
696 699 700 702 703 704 711 712 719 722 724 726 
727 731 734 736 738 743 744 745 746 747 749 750 
751 752 754 755 756 764 765 766 767 768 769 770 
771 772 774 776 777 779 780 782 784 786 788 790 
791 792 794 796 800 
379
2 3 6 11 12 15 16 17 20 26 27 35 
39 40 42 43 45 48 50 52 54 58 59 60 
61 66 68 69 70 72 74 76 77 78 81 84 
86 89 90 91 92 93 94 97 98 99 100 102 
103 104 106 107 108 111 117 119 121 122 123 124 
125 128 134 135 142 145 148 149 158 164 167 168 
170 172 176 177 179 182 184 187 190 191 194 199 
201 202 203 205 208 209 213 214 216 217 220 225 
226 229 230 232 236 237 238 239 244 245 246 247 
249 252 255 257 258 259 260 261 262 263 265 267 
269 270 271 272 277 279 281 282 283 284 288 293 
294 296 299 302 304 307 310 312 314 318 319 320 
323 324 331 332 337 338 341 345 347 351 352 354 
355 356 357 358 359 361 362 363 364 365 367 372 
373 378 380 385 386 387 389 391 395 396 401 402 
403 404 405 407 411 413 414 418 421 424 426 427 
428 429 430 432 435 438 439 440 441 442 444 446 
447 448 450 453 454 455 457 459 461 465 466 467 
468 469 471 478 479 480 483 485 486 488 489 490 
492 493 496 498 499 501 503 509 510 513 515 516 
518 521 523 526 529 531 534 535 538 541 543 552 
553 556 557 561 562 564 565 566 568 569 571 572 
573 576 577 579 583 585 586 588 591 592 593 598 
599 600 601 602 603 607 609 611 613 616 618 619 
622 623 624 626 627 628 632 633 635 636 638 640 
641 643 645 646 648 650 655 656 659 660 661 662 
664 665 667 668 669 672 673 677 678 681 686 687 
688 689 693 696 697 699 701 703 704 706 707 709 
711 712 713 714 715 721 723 726 727 730 732 736 
738 740 745 746 747 748 750 751 755 756 758 759 
760 766 768 769 771 774 775 778 780 781 783 784 
788 789 790 791 795 799 800 
404
1 3 4 6 10 12 13 16 17 22 23 24 
26 27 29 30 31 33 34 35 38 40 43 44 
46 47 48 49 52 54 55 56 60 61 62 63 
64 65 68 70 71 72 75 77 78 86 87 89 
92 94 96 97 100 102 103 104 105 109 112 114 
115 116 117 121 122 123 126 128 129 131 134 139 
141 144 145 146 152 153 154 155 157 160 161 166 
169 173 178 179 180 183 186 188 189 192 195 196 
202 206 208 210 212 215 218 219 220 221 222 223 
224 225 227 228 229 234 236 238 239 240 241 242 
244 245 247 248 249 250 251 252 253 254 256 259 
264 265 266 269 270 271 274 275 279 281 282 283 
288 290 292 295 296 297 298 299 301 302 303 306 
308 309 312 315 317 318 319 322 323 324 325 326 
327 332 333 334 336 337 338 339 340 343 349 350 
352 354 357 360 361 364 366 367 370 372 373 375 
376 378 379 380 381 385 388 391 396 398 400 402 
403 404 405 406 407 411 412 413 415 416 417 419 
420 421 422 423 425 426 428 429 430 433 434 436 
437 438 441 442 445 447 448 451 452 456 460 463 
464 466 467 468 473 477 480 481 482 483 484 485 
487 488 490 491 494 496 499 500 501 502 505 507 
509 510 513 514 515 516 517 518 520 521 522 524 
525 527 529 532 533 534 537 540 543 544 546 547 
548 550 551 552 554 555 560 562 564 566 569 571 
573 574 577 578 579 582 583 585 586 587 592 596 
597 598 599 601 602 603 604 605 609 610 614 615 
616 621 625 626 630 632 634 635 637 638 640 644 
646 647 656 658 660 662 664 667 668 669 673 674 
675 676 677 678 679 681 682 683 684 685 688 691 
692 696 700 705 706 707 708 709 713 714 717 721 
722 723 724 725 727 729 736 739 744 748 752 756 
757 758 760 765 768 769 772 774 779 781 783 785 
789 790 791 793 794 797 799 800 
405
1 2 3 7 9 11 14 16 17 19 20 21 
22 23 25 26 27 29 30 32 36 37 40 41 
45 46 47 48 49 50 51 53 55 56 58 61 
64 68 69 72 73 77 79 84 86 87 94 98 
102 103 106 107 108 113 114 116 118 119 120 122 
124 125 129 130 131 132 133 137 139 140 141 143 
148 149 151 152 155 157 167 168 169 170 172 175 
178 182 186 187 188 189 191 193 195 196 197 198 
199 202 205 206 207 210 211 212 214 215 216 217 
218 220 221 222 224 227 228 229 230 231 235 238 
239 240 241 243 244 246 247 248 249 251 253 255 
257 259 262 263 264 269 270 271 272 273 274 280 
282 286 287 291 292 295 296 297 298 299 300 306 
308 309 310 311 312 313 314 316 317 320 321 323 
324 326 327 328 329 332 334 337 340 342 343 346 
347 349 353 354 355 358 363 364 367 370 372 381 
383 385 387 388 390 393 396 399 401 405 406 407 
408 409 411 413 414 415 416 418 420 422 425 426 
427 428 432 435 436 437 438 439 440 442 443 444 
446 447 449 450 452 453 462 464 470 471 474 477 
479 480 482 483 484 487 489 490 491 493 494 495 
496 498 499 500 501 505 506 508 509 516 517 518 
521 523 525 526 527 528 530 532 536 537 538 540 
541 544 545 550 552 553 554 562 564 569 570 571 
572 573 575 577 579 582 583 584 585 586 591 592 
593 594 595 596 597 598 600 607 608 611 613 617 
621 622 624 625 627 629 631 633 634 635 638 639 
640 641 643 649 650 652 654 655 656 658 659 660 
667 668 670 673 674 676 677 680 681 682 683 684 
685 686 687 694 695 700 702 703 708 712 713 714 
715 716 718 719 721 723 724 727 729 730 731 732 
735 737 742 744 747 748 749 750 751 753 755 757 
759 760 761 762 764 767 769 771 772 774 775 777 
778 779 783 788 789 791 794 797 798 
404
1 7 11 12 13 14 15 17 18 19 21 29 
32 34 35 36 37 38 40 42 45 49 55 56 
57 58 60 64 66 67 68 69 70 72 74 75 
77 78 79 81 82 83 84 85 86 87 88 92 
95 97 99 100 102 103 105 108 109 110 111 113 
114 118 119 121 122 123 128 130 131 134 136 137 
138 139 140 141 142 143 144 145 149 153 154 156 
157 158 159 163 164 165 170 172 175 176 178 179 
181 182 185 188 189 192 193 195 199 200 202 203 
208 209 212 214 217 222 223 225 226 230 231 232 
237 238 239 240 245 247 250 253 254 259 261 264 
266 267 268 269 270 273 275 276 277 280 281 285 
293 294 296 297 304 306 307 309 310 312 313 317 
319 320 321 322 323 324 325 326 327 330 332 333 
334 336 339 340 342 343 344 345 347 348 349 351 
352 353 356 358 359 360 362 363 364 365 366 367 
369 372 373 374 376 377 378 380 383 385 390 391 
392 393 395 396 398 400 402 405 406 410 412 413 
414 416 418 419 422 423 426 427 428 432 436 438 
440 441 442 443 444 448 450 451 452 453 454 456 
459 460 462 463 466 467 468 469 470 471 472 475 
477 481 483 484 485 488 490 491 493 497 501 502 
507 508 511 513 515 517 518 520 522 523 524 526 
530 532 538 539 541 543 546 547 551 557 560 562 
563 565 571 574 578 581 582 583 584 585 586 587 
588 589 590 591 593 594 595 599 602 603 605 609 
611 618 619 620 624 625 626 627 628 632 633 636 
637 638 642 644 645 647 650 651 652 653 654 657 
658 659 661 662 663 664 666 667 668 670 671 672 
675 677 679 680 681 682 683 688 689 690 691 694 
703 706 710 711 712 716 718 719 726 728 729 730 
731 734 735 739 743 746 747 752 754 756 757 758 
759 762 765 766 767 769 770 771 776 779 780 781 
782 783 784 793 795 796 798 799 
384
1 3 4 6 7 8 9 10 11 12 15 16 
17 18 19 20 22 23 24 28 30 33 36 42 
45 54 59 61 64 66 67 69 70 71 75 76 
79 81 84 85 86 88 90 91 94 95 96 97 
98 99 101 102 106 108 110 111 112 115 116 117 
119 121 123 124 127 128 129 132 134 135 136 138 
139 141 142 143 145 148 150 151 153 157 163 164 
166 167 171 173 174 176 177 178 184 185 187 188 
189 190 192 195 196 199 201 206 207 208 209 211 
213 219 221 226 231 233 234 238 239 240 242 244 
245 246 247 249 253 255 257 258 259 261 262 264 
265 269 271 273 274 275 276 281 282 289 292 296 
298 300 304 307 309 310 312 313 317 318 320 321 
322 323 324 326 327 329 330 331 333 334 335 337 
339 340 342 344 346 349 351 352 354 355 357 358 
359 360 365 367 368 370 372 374 375 384 385 388 
389 390 392 394 395 397 398 399 400 402 405 407 
410 412 413 414 415 417 422 423 424 426 427 430 
431 432 435 436 437 438 439 440 441 442 446 447 
449 450 454 457 460 463 466 469 471 473 476 479 
480 481 482 484 485 489 490 491 492 494 496 500 
505 507 509 511 512 513 516 518 519 521 525 527 
528 529 530 532 533 537 539 540 543 553 554 555 
556 559 560 561 564 565 566 567 570 571 572 573 
576 578 581 582 583 585 587 588 590 593 594 599 
601 605 610 612 616 618 621 622 623 628 631 638 
641 643 645 648 650 651 652 653 654 655 659 660 
662 664 666 668 669 670 682 684 689 690 692 694 
695 696 697 701 702 703 704 705 709 710 711 713 
715 716 717 718 721 722 726 728 729 731 733 736 
744 745 746 748 749 751 756 759 761 762 764 766 
769 772 774 777 782 783 785 790 791 792 794 797 
386
1 4 5 7 9 11 12 15 16 18 20 25 
26 28 30 31 32 33 39 40 42 44 45 46 
49 52 54 55 56 57 58 60 61 64 67 69 
70 71 73 74 75 78 79 80 81 83 86 87 
89 91 92 93 99 100 101 102 106 107 109 111 
113 114 116 119 121 123 127 129 130 134 135 136 
138 139 140 141 142 146 149 150 153 155 162 163 
164 167 168 170 171 173 175 176 177 182 183 184 
187 188 189 194 195 196 200 202 206 207 208 210 
212 216 217 218 220 222 223 224 225 226 229 230 
232 234 235 236 237 238 239 240 243 247 250 251 
254 257 261 262 264 266 270 271 272 273 274 275 
276 284 290 293 294 295 298 299 300 302 303 304 
306 307 308 312 314 315 320 321 323 328 329 330 
331 332 334 336 339 341 342 343 346 348 349 355 
357 358 359 362 363 364 366 371 373 376 377 378 
380 381 382 385 386 387 389 390 391 392 395 398 
405 409 410 411 414 417 418 419 425 428 429 430 
431 439 442 445 449 454 455 457 458 460 462 463 
464 466 472 476 478 480 481 483 486 488 493 494 
499 500 502 503 507 509 511 516 517 521 522 524 
525 526 527 530 531 532 533 534 535 536 537 540 
543 544 545 546 548 549 552 553 554 555 557 558 
561 562 563 566 573 574 575 576 581 588 589 590 
592 594 604 605 607 608 618 624 626 627 628 629 
630 631 632 634 635 637 638 643 649 650 651 655 
657 658 661 663 664 665 666 667 670 672 673 675 
678 680 682 686 688 691 692 693 694 695 696 698 
699 701 702 704 708 710 713 718 719 720 721 723 
725 726 730 733 734 735 738 740 741 743 746 749 
750 754 757 761 762 765 766 768 769 771 773 774 
776 778 779 780 782 783 784 787 789 792 794 795 
798 800 
392
1 3 5 8 9 10 13 15 18 19 23 24 
25 26 27 28 29 32 35 37 38 39 40 42 
43 44 45 46 47 48 55 56 57 61 64 67 
69 70 74 75 78 79 80 81 82 87 89 91 
95 96 97 98 99 101 106 107 110 115 116 118 
119 120 127 129 131 132 133 134 135 136 137 138 
139 141 142 144 148 151 153 154 155 156 159 162 
163 164 165 166 169 172 173 174 178 179 180 181 
183 184 185 186 195 196 199 207 208 209 211 213 
214 221 228 229 231 233 234 235 236 238 244 245 
247 249 251 252 254 257 258 259 260 261 262 265 
269 271 275 276 279 280 290 292 294 296 298 299 
303 304 306 307 308 309 315 316 317 322 323 327 
328 331 334 336 337 339 341 342 343 345 348 349 
350 351 356 357 358 363 364 366 367 370 371 375 
376 377 381 383 384 386 388 389 391 393 394 397 
398 399 400 401 405 406 407 408 409 411 412 413 
414 417 418 419 421 426 427 429 431 432 436 438 
439 440 442 443 446 447 448 452 454 455 459 460 
462 464 467 469 470 471 474 475 476 480 481 483 
484 485 487 490 491 492 495 498 506 509 510 511 
512 514 516 517 518 526 528 530 532 534 535 537 
538 539 540 541 545 548 549 552 553 556 557 558 
561 562 566 569 576 579 581 582 583 584 585 587 
589 592 597 600 601 603 605 606 608 609 610 612 
615 617 619 621 622 623 624 626 629 630 632 636 
637 638 640 641 642 645 648 649 651 657 659 660 
661 662 665 666 667 668 670 672 680 683 687 688 
689 691 692 694 695 696 700 702 703 706 707 711 
714 716 717 720 721 728 732 733 734 736 737 738 
739 740 744 745 747 748 749 750 751 754 755 757 
764 765 766 767 773 775 778 780 781 782 784 785 
786 787 788 789 790 792 798 799 
