400 800
32 14 89 97 33 56 45 98 65 66 43 64 
72 32 73 40 1 23 7 81 89 11 66 63 
23 67 44 31 93 70 76 22 57 47 21 9 
99 50 52 73 5 16 85 68 15 91 39 65 
40 87 86 40 51 100 28 53 66 96 26 73 
66 65 28 71 68 58 28 9 60 96 4 31 
19 4 2 8 49 83 55 2 31 29 44 58 
48 80 54 72 41 29 9 44 70 17 53 22 
84 94 57 16 83 20 88 74 49 7 7 25 
88 48 99 12 9 34 5 6 13 57 56 60 
1 100 61 73 15 3 1 78 54 46 49 53 
61 62 73 84 2 86 88 26 78 98 6 95 
56 44 78 3 43 11 62 15 76 85 40 27 
16 4 37 29 67 24 3 52 59 56 12 40 
41 69 97 78 52 66 79 49 47 74 13 58 
17 34 11 10 54 27 60 9 83 66 97 24 
9 29 3 57 33 42 69 61 16 38 11 75 
97 94 49 5 47 5 2 94 82 49 77 3 
59 62 5 41 28 16 16 64 59 54 24 13 
72 51 79 23 69 73 21 82 64 2 40 71 
32 61 79 4 30 28 100 41 46 42 2 93 
16 28 27 34 11 25 50 63 9 14 89 32 
78 79 8 61 98 67 15 84 15 26 30 33 
56 49 36 55 34 18 57 6 55 98 69 25 
24 18 82 3 65 2 17 85 92 35 63 45 
82 19 100 29 90 28 31 27 26 95 45 53 
98 40 60 18 16 9 43 65 71 28 57 52 
63 36 74 19 14 52 63 15 49 71 52 41 
85 61 34 21 1 29 100 70 77 26 18 63 
79 96 78 87 3 96 80 29 40 11 64 92 
85 94 81 68 58 19 4 94 52 78 36 51 
97 21 98 31 13 9 51 29 34 93 69 83 
48 61 16 76 22 69 4 39 31 98 37 4 
79 2 27 26 78 19 35 14 18 80 82 71 
47 94 80 1 2 43 89 14 56 75 96 82 
45 34 37 95 79 25 44 74 91 86 14 58 
31 97 74 80 70 19 74 36 87 19 74 70 
49 32 2 39 29 38 64 70 36 24 50 45 
50 36 69 48 30 79 75 89 63 71 70 76 
45 35 17 5 50 50 18 23 21 25 39 21 
82 11 87 95 67 53 92 10 10 38 34 94 
81 15 95 25 8 46 49 18 50 12 48 52 
94 4 50 46 14 48 83 68 2 73 14 20 
82 81 95 84 3 76 30 82 61 31 32 12 
66 25 35 93 52 15 43 40 85 25 10 34 
91 72 61 72 82 41 86 34 34 42 58 79 
74 12 29 7 24 58 60 4 6 27 38 31 
21 42 20 34 25 81 42 12 83 91 64 28 
69 32 59 75 38 22 18 66 41 84 91 52 
68 80 30 29 39 76 84 60 15 87 9 14 
92 12 57 32 33 2 94 5 85 22 97 95 
48 39 61 43 75 25 90 22 14 13 100 15 
69 35 94 88 10 37 4 59 46 10 52 33 
87 30 58 19 58 88 94 99 50 2 91 61 
68 82 50 90 13 97 92 12 49 90 34 20 
87 66 91 75 85 34 69 77 84 27 54 54 
16 12 30 42 100 40 4 65 59 2 14 22 
55 28 100 91 37 90 92 58 57 77 82 56 
54 71 67 96 31 64 6 53 25 3 49 49 
74 29 87 57 98 66 36 100 94 80 86 62 
62 54 78 65 27 87 42 98 26 83 100 40 
86 83 85 52 37 80 37 11 88 44 71 45 
19 39 86 45 35 39 29 43 54 3 25 6 
53 86 25 1 76 59 71 1 55 77 31 21 
51 15 91 42 81 68 73 47 89 21 68 69 
34 69 60 31 45 45 61 66 19 60 78 11 
46 11 23 82 96 11 48 42 
237
5 9 10 11 12 14 17 19 20 28 31 38 
39 40 43 50 53 55 60 63 67 68 69 70 
71 75 79 84 89 90 97 98 101 102 104 106 
107 108 110 116 118 119 121 126 128 132 136 138 
144 149 153 160 163 166 168 172 173 177 179 181 
185 187 190 191 192 197 207 214 216 217 219 221 
222 226 228 231 232 233 234 237 238 239 240 244 
245 249 251 256 257 259 269 277 278 282 284 286 
293 296 298 300 301 304 307 308 309 311 313 314 
315 317 320 327 331 333 338 340 349 351 352 354 
356 359 362 364 365 366 367 368 369 372 373 378 
379 381 387 390 396 397 404 405 409 410 413 416 
417 418 422 423 426 433 434 442 443 445 453 454 
457 458 466 472 473 477 479 480 485 486 487 493 
494 497 502 505 507 513 539 541 548 552 553 557 
558 560 561 562 565 567 571 572 573 574 577 582 
584 587 590 601 602 606 609 611 618 628 630 632 
648 649 653 654 657 660 665 668 673 676 677 689 
690 693 694 700 705 714 715 721 731 734 742 745 
750 751 753 755 766 775 796 797 799 
241
4 5 7 11 12 13 14 15 23 27 40 43 
46 48 50 52 55 56 61 63 65 66 69 75 
76 85 87 97 99 103 104 107 114 116 118 119 
127 128 133 135 145 150 151 153 157 159 160 165 
168 172 175 177 178 181 187 189 191 193 195 197 
200 205 207 211 212 217 218 228 240 243 263 265 
266 267 270 274 277 278 279 281 283 287 290 292 
297 298 299 303 310 312 313 316 318 319 320 321 
328 330 338 339 341 342 345 346 349 353 359 361 
362 365 377 398 401 404 409 416 421 432 438 439 
441 443 446 448 452 454 456 458 460 465 468 475 
479 481 483 487 491 492 493 495 501 503 508 512 
513 514 516 518 519 520 522 525 527 528 534 535 
537 538 539 544 547 548 550 551 552 555 565 567 
569 575 577 580 583 587 593 604 605 606 609 613 
614 615 616 619 622 624 627 631 632 639 640 642 
643 644 647 649 652 653 660 661 664 668 670 673 
676 678 685 687 690 691 693 699 701 718 720 724 
727 729 735 742 743 746 752 753 755 757 760 761 
766 770 777 779 783 785 786 789 792 793 794 798 
800 
238
2 4 5 10 14 15 23 25 27 30 42 43 
49 51 55 57 59 60 62 72 77 78 84 85 
86 96 97 109 112 118 119 122 124 132 134 139 
145 147 148 150 155 158 165 167 171 174 175 176 
179 183 199 202 203 209 215 220 226 232 234 236 
239 247 250 253 255 258 269 270 272 274 276 277 
278 281 283 286 288 289 290 293 296 300 301 305 
306 308 311 314 315 323 324 329 330 332 337 339 
340 342 343 344 345 352 354 355 364 365 371 373 
374 381 389 390 392 398 400 403 409 410 412 414 
418 420 423 424 429 431 432 434 437 438 441 443 
444 450 453 456 459 461 463 468 469 474 479 483 
488 499 503 507 513 521 523 530 531 536 538 543 
549 551 553 555 556 558 561 570 573 574 577 578 
579 580 581 582 587 588 589 590 592 594 595 600 
601 605 609 612 616 619 621 622 624 627 628 632 
635 640 645 647 648 649 651 659 660 666 671 679 
682 683 686 689 691 692 695 697 699 708 711 728 
735 738 743 744 746 749 750 751 753 755 756 761 
762 765 770 772 784 792 794 795 796 798 
247
17 23 24 26 27 28 30 31 33 40 43 44 
49 55 56 57 61 63 64 67 68 72 75 76 
85 87 92 93 94 96 97 99 102 104 109 110 
114 115 122 126 128 129 131 133 136 139 141 146 
152 157 159 160 161 167 168 175 181 188 189 191 
195 199 200 203 205 206 218 220 224 231 243 248 
249 251 252 258 259 260 266 267 272 274 275 276 
278 284 291 292 293 296 297 298 304 310 311 312 
314 316 317 319 320 321 326 336 341 343 344 345 
347 350 352 358 360 362 363 372 376 381 382 385 
386 387 388 389 397 399 400 406 414 415 416 418 
421 422 423 424 427 431 447 448 451 457 461 462 
469 470 471 472 477 480 483 484 487 488 490 496 
498 508 514 518 523 528 535 543 544 547 550 561 
562 563 570 571 574 579 581 585 591 592 596 600 
601 603 610 611 615 620 621 622 625 627 629 633 
635 636 643 648 650 652 655 660 663 665 669 673 
674 675 676 680 681 684 686 689 693 695 697 700 
703 705 706 708 709 710 713 717 718 726 730 736 
739 741 747 749 752 753 757 758 760 764 766 772 
774 779 780 791 792 798 800 
239
8 9 10 13 16 18 25 27 28 32 36 38 
46 54 56 57 61 62 63 64 66 69 71 72 
78 83 84 87 88 89 90 97 100 102 105 106 
108 112 116 121 125 128 130 131 133 139 143 144 
149 152 153 154 155 159 166 167 168 176 177 181 
185 191 193 194 195 200 202 208 209 210 211 213 
214 215 219 220 221 228 235 238 239 243 244 246 
247 255 256 258 259 260 261 267 274 287 289 296 
297 298 301 304 308 314 315 319 323 325 330 334 
337 345 346 348 352 353 354 355 357 380 384 386 
388 390 392 394 398 400 402 404 407 409 410 420 
430 432 433 435 442 447 450 454 457 462 470 478 
480 485 487 489 495 499 505 508 509 511 515 517 
518 519 522 530 532 536 537 540 541 543 544 545 
548 549 551 559 567 572 573 575 578 581 584 587 
594 599 609 611 620 623 624 625 627 628 629 631 
633 638 639 641 647 649 655 660 661 664 666 669 
677 678 683 684 685 689 691 692 696 697 701 706 
708 709 714 717 718 719 733 734 737 743 745 747 
751 753 764 777 781 782 784 788 797 799 800 
242
2 3 7 8 9 10 13 21 28 30 37 39 
48 49 55 58 69 73 75 81 85 87 96 97 
104 106 111 117 118 123 125 126 129 133 135 143 
148 153 156 157 172 174 175 177 182 192 198 201 
203 211 212 218 221 222 227 228 229 237 239 240 
244 245 246 248 254 257 259 261 265 266 269 270 
275 284 285 286 289 294 295 298 300 302 304 305 
308 310 316 319 323 329 333 337 338 344 346 348 
353 357 358 370 375 380 384 385 386 392 393 395 
397 398 401 402 403 405 407 412 413 415 416 419 
421 422 424 426 427 432 433 434 438 439 442 443 
446 450 453 455 461 466 471 473 482 485 492 495 
496 497 499 514 515 516 530 531 533 537 539 544 
546 549 552 553 557 560 561 563 565 566 570 573 
575 581 583 586 588 589 591 595 597 600 603 607 
609 610 611 621 624 629 647 650 651 659 660 664 
665 668 670 674 675 676 685 687 689 695 700 701 
707 708 709 715 717 718 721 722 723 724 725 727 
731 734 736 737 738 740 741 742 744 746 747 750 
752 756 761 765 767 770 771 773 781 787 789 792 
793 797 
251
4 6 7 11 12 15 16 19 20 26 30 35 
40 43 46 50 53 55 56 61 63 71 72 74 
75 76 83 85 88 89 90 93 94 102 104 107 
108 109 110 114 123 126 127 131 134 143 144 145 
150 156 160 161 163 176 180 181 195 196 197 199 
200 205 210 212 216 219 222 227 229 230 233 234 
240 242 243 246 250 251 252 255 256 264 269 271 
272 276 278 285 286 288 293 295 299 301 306 311 
312 313 314 315 318 319 323 325 328 333 352 353 
354 355 357 367 374 379 384 385 388 392 393 395 
404 407 408 409 412 413 415 422 428 429 430 433 
436 444 445 448 452 453 454 456 462 464 465 468 
473 474 475 476 478 481 484 487 488 493 495 499 
506 507 508 510 512 513 515 516 517 519 521 524 
526 534 536 541 542 543 544 546 548 554 555 556 
568 569 576 577 578 585 590 596 604 605 608 611 
623 624 625 633 635 642 644 652 667 670 674 677 
681 682 686 687 692 693 695 697 699 701 705 708 
710 713 721 723 727 728 730 731 737 738 743 744 
750 751 754 757 759 762 763 764 766 770 774 775 
780 781 783 784 789 793 794 796 797 799 800 
233
4 13 16 19 22 23 24 26 30 31 33 34 
39 42 43 44 47 55 64 65 71 73 76 77 
78 79 80 82 83 85 87 89 91 92 93 97 
101 102 108 111 112 118 119 121 122 123 139 141 
142 143 156 157 161 166 169 176 177 180 181 185 
190 191 193 195 196 197 200 202 203 204 205 206 
207 215 221 222 231 233 235 241 244 248 255 259 
260 261 262 267 272 275 282 285 291 292 302 303 
307 309 310 311 313 316 320 331 333 338 342 345 
346 354 358 359 361 366 370 371 376 388 397 398 
404 406 412 415 416 419 424 428 430 431 434 436 
437 438 439 441 442 445 448 450 453 454 455 456 
458 468 470 472 475 480 482 487 489 494 495 500 
501 508 510 512 516 520 521 523 525 529 537 543 
544 549 553 559 560 563 572 576 579 580 581 582 
594 606 607 608 610 612 619 622 624 627 629 637 
652 655 658 662 667 672 680 682 686 689 690 691 
692 700 701 702 704 707 711 713 715 722 725 728 
735 738 745 756 759 762 767 771 773 777 781 785 
787 789 790 792 798 
241
2 4 7 13 23 26 31 33 45 46 48 49 
50 51 53 54 59 60 61 62 63 65 66 74 
76 77 84 86 89 90 91 96 98 100 102 104 
108 110 111 119 129 131 137 144 156 157 161 164 
166 167 171 172 173 180 183 184 185 187 190 194 
196 202 208 214 217 223 233 236 244 247 251 259 
260 262 264 267 268 280 283 285 286 287 289 291 
294 297 298 299 300 301 306 307 310 311 318 319 
320 323 326 332 334 336 338 341 343 344 346 353 
358 359 364 365 368 382 383 386 393 399 400 401 
402 403 404 407 413 414 418 420 421 432 439 442 
445 447 448 452 454 455 456 457 458 461 462 472 
490 494 495 503 505 507 511 512 519 520 522 526 
528 531 534 542 544 548 550 553 554 555 556 557 
559 568 571 580 581 585 588 595 597 601 604 606 
608 610 612 616 619 620 621 625 627 629 638 639 
643 647 648 649 650 651 652 654 655 657 661 664 
669 672 677 678 680 685 687 692 695 702 704 706 
708 710 716 724 725 726 732 733 738 741 742 749 
752 760 767 770 776 777 780 781 782 783 789 792 
795 
223
8 14 16 18 21 22 33 35 37 40 42 44 
61 63 65 67 69 70 71 74 80 83 89 102 
108 111 114 116 121 123 135 146 149 155 157 162 
163 164 167 168 169 171 187 198 200 201 202 204 
205 209 211 213 218 224 226 228 231 236 237 249 
253 255 260 262 268 272 288 289 291 301 307 310 
311 313 314 315 317 318 322 324 325 327 330 336 
339 341 342 343 346 351 355 360 363 367 368 370 
373 381 385 388 396 398 400 406 409 412 418 424 
425 429 431 435 437 438 439 443 445 447 463 468 
475 483 487 491 493 498 499 500 505 509 511 514 
518 523 530 532 538 545 551 553 555 556 558 565 
566 568 572 579 580 583 585 592 593 597 598 604 
606 609 610 613 617 618 627 630 631 632 634 635 
638 640 641 648 652 653 661 669 670 674 675 676 
679 682 683 686 687 688 690 692 693 694 695 696 
701 702 714 717 720 721 723 724 727 731 732 738 
742 745 746 751 758 759 761 765 768 774 781 782 
784 785 789 790 794 795 799 
222
1 2 9 11 21 27 30 32 39 47 53 55 
58 59 70 75 76 77 83 92 94 97 99 101 
103 120 124 127 128 129 133 135 137 138 139 140 
141 152 153 155 158 161 175 178 183 192 193 194 
197 198 201 208 217 218 220 221 223 225 232 235 
237 242 243 244 245 247 252 255 260 265 268 287 
292 297 298 305 307 314 315 316 318 319 322 324 
325 334 336 339 340 342 344 347 348 354 356 358 
365 370 372 373 374 377 378 379 380 382 385 387 
389 392 394 395 398 405 411 413 414 418 421 430 
434 440 442 443 446 448 454 460 461 464 468 475 
478 485 490 492 501 502 503 508 509 513 518 524 
525 526 528 541 542 544 545 551 559 560 565 569 
571 574 577 578 579 582 590 593 595 597 600 601 
605 609 614 617 618 625 628 629 634 639 642 645 
646 647 649 657 658 662 668 669 672 677 684 689 
693 694 697 699 700 702 705 708 709 711 714 721 
722 723 725 727 728 732 738 739 747 748 751 753 
758 764 769 773 787 795 
231
3 7 11 12 20 22 28 31 35 39 45 53 
60 67 68 71 72 74 77 81 82 86 90 101 
103 106 109 114 115 118 122 130 131 133 134 138 
142 143 145 146 153 155 160 162 166 167 168 169 
175 179 181 184 187 192 193 197 201 203 205 209 
211 212 219 220 221 226 228 229 230 231 235 238 
239 241 243 244 247 251 252 253 255 261 263 265 
269 272 273 274 279 282 286 288 291 297 306 312 
316 320 323 325 328 329 332 337 338 339 341 343 
345 351 355 356 359 360 363 365 366 369 379 388 
390 395 396 407 411 415 420 425 429 431 434 437 
443 450 451 454 456 458 460 461 463 464 465 466 
469 471 476 489 490 491 498 500 503 506 507 512 
527 529 530 531 532 537 546 549 551 553 556 558 
559 560 561 570 571 572 575 577 581 582 589 608 
611 613 618 619 622 623 629 630 631 634 647 648 
651 655 666 667 671 681 687 693 696 703 704 705 
706 709 711 714 715 720 732 740 742 743 745 751 
754 755 756 762 763 766 767 769 780 784 790 797 
798 799 800 
222
11 14 17 24 25 29 37 42 44 45 48 51 
52 60 63 64 68 69 70 75 76 80 81 83 
84 87 88 90 95 96 98 104 106 117 119 124 
127 128 129 132 133 138 144 150 151 154 160 161 
162 166 173 174 176 190 193 194 197 198 200 211 
218 223 224 225 230 235 248 258 260 261 262 269 
270 271 283 286 289 291 292 298 299 302 304 305 
307 313 317 321 324 326 328 331 333 343 345 346 
348 349 354 355 356 358 366 367 371 377 378 380 
381 382 385 389 392 397 400 408 413 414 417 419 
429 432 434 439 442 446 447 448 450 454 456 458 
459 460 463 471 472 475 489 493 494 496 499 503 
504 508 523 532 534 535 539 541 545 552 555 568 
572 574 577 579 580 582 583 594 597 599 603 604 
606 608 611 612 616 617 628 630 636 648 649 650 
652 656 658 660 669 671 675 677 680 681 682 683 
684 694 696 701 706 707 710 718 719 720 724 726 
728 735 739 740 741 744 748 751 756 772 777 778 
780 789 793 794 795 796 
225
2 5 6 19 21 24 26 27 30 33 37 42 
44 49 57 58 60 61 62 64 70 72 73 75 
77 79 83 86 87 90 91 92 94 96 97 100 
106 107 111 114 116 118 119 120 127 129 135 137 
143 151 159 160 161 163 166 171 180 182 183 186 
187 192 198 203 207 209 210 213 215 216 223 229 
231 241 243 244 249 252 253 255 256 265 267 272 
273 275 278 287 290 296 301 304 308 313 314 319 
322 328 333 336 337 348 353 367 372 373 375 376 
384 388 389 396 400 401 412 415 422 429 431 434 
439 444 445 454 461 464 466 469 477 481 492 495 
499 503 505 508 509 513 515 524 528 531 543 546 
551 554 558 560 566 567 573 575 583 586 587 588 
589 590 598 600 601 605 606 607 608 609 610 611 
613 615 622 626 627 629 633 636 640 646 648 650 
651 653 656 658 675 676 678 679 680 688 690 696 
700 701 707 711 713 714 716 721 727 730 732 740 
741 743 747 748 754 758 759 762 767 770 775 778 
779 784 787 790 791 796 797 799 800 
232
1 2 5 8 9 17 20 21 22 23 26 28 
36 37 38 44 45 49 53 54 57 61 63 65 
71 75 80 88 99 100 102 105 106 110 113 114 
118 120 121 122 123 129 130 142 145 156 161 162 
169 171 172 173 174 177 178 180 184 186 189 190 
191 192 200 202 204 210 212 214 220 224 226 227 
237 238 241 243 254 257 268 269 270 276 278 280 
282 284 287 290 292 293 296 303 304 305 310 321 
322 329 330 337 340 345 347 349 351 354 356 357 
361 364 381 382 389 390 403 407 408 411 415 425 
426 430 434 438 445 449 451 452 455 457 463 467 
470 474 486 488 490 491 492 498 501 503 509 514 
515 519 523 525 526 527 528 532 543 545 548 550 
551 552 555 562 568 570 571 574 577 582 583 585 
586 591 592 610 612 613 614 616 618 619 620 626 
627 629 634 637 646 647 651 654 660 664 665 666 
670 681 683 691 692 695 698 699 701 706 708 714 
716 719 721 723 724 726 730 732 733 735 737 746 
749 751 753 756 758 760 761 762 769 779 783 784 
785 789 791 798 
222
1 2 3 13 17 23 24 26 30 31 32 33 
36 37 38 42 43 45 46 47 49 50 53 54 
55 56 60 62 63 69 71 74 79 80 88 92 
99 100 103 104 106 107 108 112 114 115 117 119 
122 133 137 138 143 144 149 155 165 168 173 177 
179 181 186 191 194 196 197 203 205 212 219 222 
224 225 226 233 237 240 241 242 246 247 248 260 
266 267 277 280 285 288 289 293 294 298 305 311 
312 313 318 321 322 325 328 331 332 335 343 345 
346 348 352 356 357 367 369 370 376 377 378 385 
388 394 401 405 409 411 423 427 428 443 444 450 
452 453 457 459 461 468 469 476 478 479 481 500 
502 503 504 507 511 514 525 526 530 533 538 544 
545 551 552 553 556 563 565 570 583 584 591 596 
597 602 614 618 631 634 638 645 647 648 650 675 
677 678 683 684 686 694 697 699 700 701 702 710 
712 713 716 717 718 720 721 724 728 729 739 740 
741 745 746 750 753 756 759 767 775 785 788 790 
791 794 795 796 799 800 
235
1 2 9 13 15 19 21 23 25 30 40 43 
44 46 57 60 66 67 70 73 74 77 80 81 
82 85 86 95 99 100 105 111 118 122 123 124 
127 129 136 137 139 143 148 149 158 160 166 168 
170 172 177 181 185 187 188 189 190 191 192 193 
195 196 203 204 210 215 220 221 222 223 231 237 
244 248 250 251 260 261 271 272 276 279 290 291 
293 297 301 303 308 312 316 317 320 324 325 327 
330 332 333 342 345 347 348 358 361 363 372 373 
377 379 381 382 384 385 388 390 396 399 405 409 
414 420 432 435 437 439 440 446 453 454 456 461 
462 468 469 470 473 475 476 478 480 482 489 490 
495 497 499 500 501 503 505 511 512 513 520 522 
527 531 534 542 543 545 549 557 558 563 566 575 
578 579 580 583 587 588 590 594 599 601 607 609 
611 612 616 617 618 621 624 625 627 628 633 638 
641 643 651 653 658 659 662 671 672 673 678 682 
684 685 686 688 690 692 694 696 700 702 706 708 
711 726 732 739 742 744 745 746 748 756 758 759 
765 774 778 790 793 796 799 
236
3 4 5 8 9 17 20 27 30 32 35 36 
39 40 43 44 51 53 55 79 80 81 84 86 
87 94 97 104 105 111 112 114 115 116 117 121 
130 132 133 137 141 145 149 152 164 169 170 171 
179 180 184 185 192 197 199 201 206 208 213 215 
227 231 232 234 236 239 244 245 248 250 251 252 
253 259 261 262 264 265 273 274 281 282 285 290 
291 293 294 299 300 303 304 306 310 314 316 317 
318 319 325 327 335 339 345 349 353 354 358 361 
363 365 366 375 377 379 382 385 388 390 391 397 
398 400 408 413 415 416 417 421 424 426 428 430 
431 436 453 459 461 467 469 470 471 474 477 478 
481 485 489 490 496 504 505 514 515 517 532 534 
535 536 539 543 546 547 562 569 571 572 575 578 
582 593 594 601 602 603 604 608 611 613 614 615 
622 624 627 629 632 635 638 642 644 649 655 656 
657 662 663 664 672 673 674 680 682 683 684 688 
692 695 699 705 712 717 718 720 722 725 727 729 
733 734 741 746 747 748 750 751 752 764 765 768 
771 772 774 776 779 786 790 797 
237
1 4 6 7 8 11 19 21 23 25 32 34 
35 38 41 44 45 53 55 57 58 75 79 80 
82 83 86 88 89 91 93 95 96 103 108 110 
117 118 128 135 136 138 140 142 145 146 148 149 
154 160 162 164 167 170 172 180 185 186 187 191 
200 202 208 209 210 211 213 214 218 224 225 227 
229 230 232 236 245 248 253 255 258 261 264 265 
269 274 275 279 281 283 293 295 300 306 308 316 
318 326 328 332 334 337 339 341 342 345 346 347 
349 350 351 352 356 362 375 376 377 389 391 393 
396 399 404 406 411 412 416 419 421 422 425 426 
427 431 432 438 439 446 449 452 457 462 463 464 
469 473 475 482 483 484 485 489 499 500 515 516 
519 524 526 527 529 531 532 534 541 542 549 553 
557 558 559 560 564 569 576 579 580 584 586 587 
588 593 598 602 610 615 617 620 624 626 629 631 
645 653 655 656 659 660 662 665 668 670 675 688 
689 690 692 693 701 706 709 712 713 717 719 721 
725 730 735 738 740 746 748 750 752 755 757 758 
760 765 766 767 774 775 786 788 790 
257
1 3 6 14 15 17 27 29 30 32 33 37 
41 50 51 53 54 57 64 72 73 74 76 79 
81 85 86 94 99 102 103 104 106 108 109 110 
112 116 120 121 122 135 148 149 152 154 155 158 
159 160 171 174 178 181 187 188 191 193 196 202 
203 207 213 214 218 221 223 225 226 227 228 229 
230 231 232 234 235 241 242 244 245 251 257 258 
265 268 269 275 278 281 284 286 287 300 302 305 
307 308 319 320 323 324 326 327 328 331 333 337 
342 344 345 347 349 352 356 361 362 363 364 366 
368 369 373 374 389 397 399 400 401 404 406 409 
411 412 414 415 419 420 421 428 429 430 431 439 
443 445 446 447 449 450 451 456 459 460 461 469 
474 475 476 478 480 483 484 486 487 489 490 491 
499 500 505 507 508 513 515 520 524 531 537 543 
545 547 555 558 560 562 568 571 573 584 586 590 
593 597 607 611 612 613 616 618 620 622 623 625 
629 632 636 637 642 652 654 657 663 664 665 666 
669 671 674 675 676 677 678 686 692 694 703 704 
707 714 718 719 720 722 727 732 733 736 739 742 
746 753 754 755 760 761 766 767 769 771 775 780 
782 785 788 794 796 
245
4 6 7 10 11 15 17 19 20 22 27 32 
38 40 42 43 45 47 57 59 65 66 67 69 
72 80 82 84 86 92 94 96 98 100 103 111 
112 114 115 116 119 125 129 132 134 138 142 143 
147 148 153 159 160 166 172 177 182 183 188 190 
192 197 198 199 200 205 211 216 224 236 243 246 
248 249 250 259 260 265 271 281 282 283 285 287 
291 294 296 297 299 311 312 314 315 317 323 325 
326 328 330 334 335 336 338 340 341 343 347 348 
351 362 365 368 369 370 372 373 376 379 382 383 
384 385 386 387 389 390 395 397 399 409 410 411 
413 415 417 419 420 425 426 427 442 443 446 448 
449 451 452 454 456 459 460 464 472 476 479 480 
486 489 497 499 501 504 513 519 521 525 527 530 
537 540 541 543 547 549 551 552 563 566 568 571 
573 577 580 582 583 587 588 591 592 594 598 600 
601 604 608 612 620 626 632 637 638 642 648 652 
658 659 661 662 665 666 669 676 680 692 697 698 
702 703 707 712 714 715 722 723 729 744 754 756 
758 760 761 762 763 765 770 771 774 776 778 782 
785 792 796 798 799 
222
1 10 13 15 20 23 31 32 35 42 46 47 
49 53 54 55 56 60 62 64 66 68 70 71 
75 77 82 84 86 87 90 98 99 104 106 110 
112 114 115 119 122 129 130 135 139 141 145 146 
149 156 157 158 161 162 163 166 171 173 179 183 
190 196 201 202 203 205 211 215 220 221 222 223 
234 235 239 240 242 252 255 257 260 263 265 270 
275 280 281 284 289 292 293 294 296 298 308 310 
311 318 322 329 333 334 340 342 343 344 349 355 
360 361 363 364 369 371 372 375 379 387 397 401 
409 419 421 424 433 441 442 444 446 457 458 460 
463 466 467 470 472 474 476 479 480 488 489 495 
499 502 503 509 512 515 516 517 519 522 527 530 
532 534 536 543 544 558 565 570 573 576 577 591 
601 602 603 606 607 610 613 625 626 629 630 633 
644 645 651 652 655 657 658 664 667 668 670 679 
696 699 700 704 710 714 715 721 723 725 726 728 
739 744 746 747 749 752 753 755 757 764 777 780 
781 783 792 793 798 800 
259
3 5 6 7 9 13 14 16 20 21 27 35 
38 39 43 46 49 56 59 62 63 65 68 72 
73 78 79 82 85 86 90 92 93 95 96 98 
99 103 109 113 118 119 125 127 128 129 130 135 
139 140 143 144 147 148 149 153 154 159 160 161 
164 166 173 175 177 178 179 181 186 188 198 200 
203 205 206 208 210 218 220 221 222 223 225 226 
230 231 239 240 242 243 245 250 251 255 262 263 
264 265 273 274 281 286 294 295 297 300 301 305 
308 310 312 318 320 323 327 328 330 333 338 343 
348 349 352 353 358 364 365 367 371 373 374 375 
376 383 384 385 386 387 395 400 407 409 410 415 
416 417 419 420 421 426 431 433 435 438 439 441 
442 449 450 451 454 462 464 473 477 484 485 486 
496 497 498 509 517 518 524 528 533 535 542 544 
550 552 556 558 559 560 562 565 570 572 573 580 
584 585 587 589 590 592 593 596 597 599 601 603 
614 617 625 626 629 630 635 636 638 639 640 641 
645 646 652 660 663 666 672 673 680 685 686 690 
697 704 708 709 710 716 718 721 725 728 730 733 
743 750 754 761 762 771 773 776 779 783 785 790 
791 793 794 795 796 798 799 
223
4 5 9 13 16 18 22 30 31 35 39 41 
47 49 51 54 60 65 66 75 79 82 85 90 
94 95 96 98 99 112 116 122 126 132 134 141 
143 145 148 150 152 155 165 166 167 168 169 179 
180 186 187 188 189 190 191 198 204 208 217 218 
227 232 234 238 242 245 249 251 257 259 264 265 
279 281 287 288 289 290 304 308 309 312 314 316 
320 321 326 330 335 337 343 344 346 347 348 351 
353 354 356 364 368 371 373 374 376 377 382 383 
385 387 389 391 392 399 401 406 411 413 414 417 
422 429 430 431 442 446 455 461 465 467 468 471 
473 475 481 497 499 501 502 504 505 506 507 512 
527 536 538 541 542 543 548 551 552 570 575 576 
577 578 579 580 588 593 594 595 597 604 607 608 
614 618 620 627 629 632 634 635 636 640 642 649 
655 656 659 661 680 683 693 694 699 707 708 709 
710 714 718 723 724 726 727 728 731 736 738 740 
743 744 748 749 752 754 759 761 762 765 770 776 
778 779 787 789 793 795 796 
225
5 8 18 22 34 39 41 42 43 45 48 51 
52 55 68 75 76 77 78 79 80 84 88 89 
90 93 96 98 99 105 117 118 130 131 134 138 
140 156 157 164 168 169 170 172 174 175 181 184 
186 197 200 209 210 212 214 215 221 226 229 232 
235 237 238 240 246 251 254 255 256 265 266 268 
272 276 278 280 281 282 283 287 294 296 305 307 
311 318 319 320 322 323 324 326 329 331 334 336 
338 342 343 346 347 350 352 354 357 359 364 369 
370 376 384 390 394 395 399 404 405 406 409 410 
411 414 417 420 424 435 438 446 447 450 451 454 
459 462 464 468 473 477 483 487 488 489 497 503 
507 511 517 518 525 529 531 532 535 538 542 545 
546 551 558 562 564 565 573 575 577 579 580 583 
584 585 594 596 599 613 615 617 620 623 624 625 
628 629 631 633 635 637 639 644 648 652 653 654 
663 664 669 671 679 684 690 691 694 695 702 710 
712 715 718 720 721 723 729 735 736 738 745 758 
760 776 780 787 793 794 795 796 798 
246
6 9 13 24 25 28 39 40 45 46 49 52 
61 64 65 66 72 74 78 80 83 90 91 92 
94 97 101 104 110 113 115 122 125 130 131 132 
139 150 151 154 157 158 159 165 176 179 183 184 
198 200 202 215 224 225 228 230 231 234 235 237 
238 243 244 245 247 249 252 255 256 257 260 261 
266 267 269 273 279 283 284 285 286 289 293 307 
308 312 313 315 320 327 331 332 333 337 339 340 
342 345 352 357 360 371 373 374 376 378 379 381 
389 391 394 396 397 399 400 401 405 406 408 410 
413 414 415 417 422 427 429 432 433 435 437 438 
440 441 444 446 447 449 455 461 465 467 470 471 
476 477 481 492 493 498 500 501 503 504 508 510 
518 520 533 541 545 550 551 552 555 556 557 563 
570 574 575 576 578 580 583 584 585 586 587 592 
594 599 600 602 606 608 616 619 622 623 625 628 
629 630 631 638 647 651 652 658 664 667 668 670 
671 674 679 684 690 700 702 704 705 706 710 711 
713 716 719 727 736 740 744 746 748 754 755 758 
759 761 762 763 765 766 768 770 771 777 778 779 
787 790 792 797 799 800 
258
4 10 15 17 18 19 20 21 24 25 27 28 
30 33 34 36 39 40 44 46 47 51 52 54 
55 61 62 64 65 72 76 79 80 83 85 86 
88 90 97 104 106 108 109 110 112 114 115 123 
125 127 132 135 136 137 143 146 147 153 155 160 
161 164 171 172 173 175 176 177 183 186 188 190 
191 196 201 203 206 209 211 212 217 219 221 228 
230 231 236 237 240 242 253 255 257 258 259 262 
263 266 267 272 275 276 277 278 280 281 283 290 
292 293 294 298 299 300 302 311 312 317 329 332 
334 340 341 347 348 352 356 358 361 364 374 375 
385 390 391 392 397 402 403 404 407 410 413 421 
431 436 438 447 450 455 458 465 470 475 476 478 
481 482 484 485 492 495 497 498 503 505 507 509 
511 514 515 523 525 532 538 539 541 543 546 550 
553 557 565 566 581 584 587 588 589 590 595 597 
598 600 602 603 607 609 615 618 620 621 626 633 
634 639 640 641 643 644 648 656 659 679 680 682 
686 688 689 695 702 703 707 709 711 712 715 716 
717 718 719 720 721 722 725 726 732 744 745 746 
755 756 758 759 761 765 769 770 771 772 775 777 
778 779 780 781 786 791 
229
4 6 10 12 16 22 24 28 29 39 46 47 
52 56 58 71 79 80 82 85 86 91 92 93 
95 96 97 99 102 105 106 109 110 115 119 121 
125 127 130 150 151 152 158 161 162 165 168 169 
170 171 174 179 192 193 196 198 200 204 206 210 
211 213 214 215 219 222 226 231 233 234 235 241 
242 245 246 247 250 253 255 256 257 259 261 268 
270 273 278 283 295 304 306 309 310 314 316 322 
325 326 328 330 333 334 337 347 353 370 372 376 
381 389 391 397 399 401 404 407 411 413 416 417 
418 422 423 433 438 439 446 457 465 466 467 476 
477 488 490 494 497 502 505 513 514 515 518 521 
523 527 530 535 538 542 543 547 549 551 558 561 
564 569 572 578 584 587 590 592 593 594 595 597 
598 602 605 606 608 609 611 616 618 620 623 632 
633 636 638 641 643 645 646 647 648 649 651 658 
661 665 670 672 678 681 682 684 685 688 690 702 
703 706 709 710 711 717 721 730 735 736 737 741 
747 751 754 758 762 768 772 777 781 783 785 790 
799 
264
1 3 8 10 12 16 21 25 26 31 32 36 
37 40 43 46 51 55 56 61 70 73 76 78 
81 82 86 88 97 98 103 111 114 115 119 121 
128 135 138 146 148 150 153 155 158 164 165 167 
168 170 172 175 178 186 202 207 208 213 214 215 
220 225 228 229 231 236 244 248 251 257 261 262 
264 265 269 271 276 277 278 281 282 284 285 289 
292 294 295 296 297 298 299 306 308 309 310 312 
313 315 316 318 322 325 329 331 333 343 344 347 
351 353 360 362 364 366 370 373 376 377 379 381 
388 389 400 403 404 406 407 410 416 422 423 425 
432 439 442 452 455 465 466 467 472 478 479 480 
482 483 489 492 494 495 496 500 503 505 509 511 
513 516 518 519 520 522 524 529 532 536 539 543 
546 547 549 552 556 559 560 563 564 569 572 573 
575 581 584 585 587 594 595 596 599 602 605 610 
611 617 620 621 622 623 624 625 626 627 630 631 
634 638 640 642 643 646 653 660 662 664 665 667 
669 671 672 676 678 681 683 685 687 689 691 694 
698 700 707 711 712 717 725 726 728 731 733 734 
736 739 745 748 749 750 755 756 760 761 762 763 
764 765 766 776 777 784 785 791 794 798 799 800 
241
4 5 8 10 16 25 26 29 32 34 36 37 
39 42 45 48 63 65 66 71 74 76 77 89 
91 99 101 104 107 108 112 124 125 126 127 131 
136 137 138 141 144 146 148 152 155 156 157 158 
159 164 166 167 170 171 172 174 180 182 184 192 
193 194 195 197 198 199 202 205 208 212 215 220 
221 224 232 233 234 240 244 249 250 256 257 259 
261 263 265 267 271 272 275 276 280 287 290 291 
293 304 305 309 313 315 316 320 324 329 331 332 
333 340 342 344 345 350 355 357 358 360 363 365 
367 368 375 377 378 382 383 385 390 393 397 398 
399 400 402 405 407 409 412 417 435 440 442 444 
446 450 454 455 456 464 468 477 482 490 492 501 
502 505 509 510 514 516 517 523 524 534 535 539 
545 551 552 556 560 564 566 568 569 571 586 588 
589 592 593 596 599 600 601 607 608 616 617 618 
620 621 629 631 632 637 638 639 640 643 644 647 
658 659 663 667 668 672 674 679 683 687 688 694 
703 716 726 727 729 737 745 747 748 750 752 758 
760 763 764 765 770 772 774 777 778 779 781 787 
791 
279
3 4 6 7 11 14 20 27 30 32 33 34 
35 36 38 39 41 42 43 44 45 47 49 56 
60 61 66 68 71 74 75 84 87 88 92 93 
94 97 99 105 107 115 124 128 134 135 142 146 
148 150 155 156 158 164 165 171 172 175 178 181 
185 188 189 191 193 198 199 204 205 206 209 212 
215 216 218 220 223 228 232 234 235 241 250 251 
254 256 257 258 269 273 275 276 278 279 283 284 
285 286 287 292 297 302 307 313 318 320 322 323 
324 325 329 333 334 336 337 339 342 347 348 349 
365 371 377 380 382 383 385 389 390 391 394 395 
399 400 401 402 412 413 416 419 421 422 424 427 
428 429 432 434 435 436 438 443 444 448 449 450 
453 460 463 465 468 471 475 479 480 483 490 495 
499 502 506 510 514 516 518 520 526 530 537 538 
539 540 544 549 550 551 552 553 554 557 558 562 
564 567 570 571 572 574 579 582 583 586 587 589 
592 593 594 595 597 602 603 608 610 614 615 618 
622 623 626 629 630 632 633 635 636 638 640 643 
644 647 653 654 661 663 664 668 669 670 671 674 
680 685 694 698 701 703 704 705 706 709 715 721 
723 726 729 731 732 734 735 736 739 742 746 747 
748 752 755 767 770 771 772 784 786 787 788 789 
792 798 800 
234
3 13 14 16 20 22 27 28 31 33 34 39 
44 46 50 59 61 63 67 74 81 83 88 89 
98 99 104 106 109 116 117 127 128 130 134 137 
142 146 147 148 150 152 154 155 156 163 165 166 
173 175 178 182 183 185 191 197 205 210 211 213 
215 218 219 220 227 232 234 235 237 239 243 245 
246 247 249 252 254 255 260 261 266 270 274 276 
277 278 279 282 283 289 291 292 294 308 315 317 
329 331 333 334 335 347 349 352 355 357 358 359 
362 372 373 376 378 380 382 383 384 399 401 403 
406 412 414 415 417 418 421 423 424 429 431 435 
443 445 446 456 459 461 470 473 481 483 485 486 
495 501 502 503 504 513 514 515 519 528 529 530 
536 539 541 546 548 557 560 561 563 566 570 571 
575 580 582 583 584 590 593 594 599 608 609 611 
612 614 627 628 635 637 638 640 641 654 657 661 
666 668 678 682 691 703 708 711 715 717 718 719 
721 722 724 727 728 731 732 736 739 741 745 746 
747 754 758 761 765 768 772 776 777 783 785 786 
788 790 792 793 799 800 
250
1 4 14 16 24 26 29 35 37 46 49 50 
52 53 54 59 61 67 68 70 71 73 79 80 
82 86 88 90 93 94 96 100 102 103 104 105 
106 110 113 115 117 122 124 127 128 129 132 145 
148 150 151 162 173 174 183 186 187 188 192 200 
204 207 210 211 213 214 216 217 222 225 228 229 
233 234 237 239 240 245 249 251 255 256 257 259 
265 270 281 282 294 295 296 297 299 303 305 308 
313 314 315 316 317 320 321 322 325 328 333 338 
340 342 344 346 347 352 353 354 355 359 360 361 
365 366 367 368 371 372 375 380 383 385 388 389 
392 393 397 401 404 408 410 413 414 415 416 417 
420 423 426 428 429 431 436 441 445 446 449 451 
455 458 460 466 473 476 478 485 492 498 499 502 
503 504 511 513 518 523 524 526 527 529 531 532 
533 534 536 538 541 542 555 556 559 561 564 566 
572 573 576 578 580 587 590 591 594 596 601 611 
629 630 639 641 642 643 646 647 651 655 658 668 
670 671 672 675 677 685 691 693 696 700 709 714 
715 731 732 735 738 745 748 750 753 755 756 760 
762 771 775 776 777 781 784 787 788 795 
249
3 4 5 7 10 13 27 29 32 41 42 57 
64 65 66 73 74 80 82 91 93 96 99 100 
101 102 109 110 116 120 134 135 136 141 143 148 
156 157 166 171 174 178 186 190 191 193 202 209 
215 220 222 223 224 225 227 229 230 234 240 243 
244 250 252 253 255 262 265 271 273 283 285 289 
293 295 298 299 301 303 305 309 310 311 312 313 
316 317 322 327 330 333 334 344 345 350 352 357 
359 360 362 365 368 369 372 373 374 375 377 379 
383 384 386 387 388 392 411 412 415 418 421 425 
433 440 443 445 447 448 452 453 460 461 463 467 
469 471 478 482 484 488 489 490 491 497 500 501 
507 511 512 513 516 517 520 521 523 524 525 528 
534 537 539 542 544 545 546 548 555 556 557 560 
563 565 567 572 577 581 582 583 584 586 587 588 
589 591 592 593 594 596 597 598 599 603 606 613 
614 616 625 630 631 638 642 645 649 652 655 657 
663 664 665 668 674 676 686 695 696 699 705 706 
709 710 712 714 719 721 723 725 730 731 732 734 
741 743 744 745 746 747 748 753 761 766 769 772 
773 774 778 781 782 784 786 793 799 
242
2 3 9 13 14 17 24 25 26 30 32 33 
40 43 44 45 46 49 50 53 55 56 58 59 
61 62 66 68 70 71 76 80 85 93 97 101 
103 108 115 124 129 131 140 142 143 144 155 157 
160 166 179 184 186 189 190 192 193 195 197 198 
202 204 207 211 215 216 217 221 222 228 230 233 
238 240 241 244 247 252 253 254 255 257 258 259 
260 265 272 275 279 281 289 294 295 298 299 301 
309 324 330 331 334 336 344 349 353 363 365 369 
373 375 379 386 387 388 389 390 393 395 400 407 
413 414 417 419 425 432 435 438 444 449 454 456 
457 466 467 471 474 475 486 493 500 502 503 504 
505 508 513 516 517 520 528 530 533 537 539 542 
545 549 555 557 558 563 564 565 569 572 584 589 
590 592 596 598 602 606 611 617 620 625 628 630 
638 640 641 643 645 646 647 649 661 667 669 670 
673 675 678 679 681 683 685 687 692 694 695 698 
702 703 707 710 720 723 724 728 731 732 734 735 
736 739 740 743 746 752 753 755 756 757 758 759 
761 762 766 767 768 770 773 776 777 779 780 785 
790 800 
244
3 6 8 11 16 17 19 23 31 36 45 48 
49 50 52 55 56 60 62 63 64 68 77 80 
85 87 96 101 103 106 124 125 127 128 131 132 
133 135 136 142 143 144 145 146 149 154 158 161 
162 164 165 177 179 181 182 183 190 193 194 201 
202 203 210 214 215 218 221 226 227 232 237 238 
239 243 245 251 254 265 274 278 279 294 301 304 
307 309 313 315 316 318 320 323 324 327 328 330 
331 336 337 346 347 349 354 355 358 362 365 366 
367 368 370 371 373 375 381 382 383 384 388 391 
393 395 398 399 400 403 404 410 416 420 421 426 
429 430 431 432 436 445 447 448 451 455 458 459 
463 466 471 474 476 483 484 486 487 492 494 497 
499 501 517 518 520 521 525 531 532 535 536 538 
541 544 547 550 552 553 554 555 556 557 560 563 
565 566 567 569 572 577 584 587 589 614 616 619 
621 622 626 627 630 631 637 643 648 650 651 652 
653 654 655 656 658 659 661 665 669 670 677 678 
680 684 687 694 695 698 699 701 705 714 720 723 
728 732 733 734 740 756 762 764 766 774 775 777 
781 785 794 796 
244
1 2 3 10 12 16 22 32 35 36 37 39 
42 44 50 54 55 58 59 60 61 62 67 70 
71 75 76 78 80 81 91 92 93 97 99 100 
101 111 112 122 123 129 130 138 140 144 152 155 
157 158 161 162 163 164 165 166 173 180 181 186 
187 193 196 197 201 206 207 211 216 219 222 224 
225 231 233 234 238 239 243 247 251 260 265 268 
273 276 280 281 286 287 293 299 301 304 306 313 
321 322 325 331 339 341 343 347 349 357 358 362 
363 364 370 373 375 378 381 382 385 386 391 396 
398 404 405 408 409 411 412 415 416 427 429 434 
435 438 443 444 445 451 453 458 464 465 472 478 
479 483 485 486 489 490 497 503 504 506 511 513 
514 516 517 521 523 524 527 531 540 543 550 555 
556 557 559 561 568 570 572 574 578 580 582 583 
584 586 587 588 591 598 602 610 615 618 631 635 
636 637 638 640 642 646 649 653 654 661 662 663 
668 669 671 672 677 678 679 686 687 691 694 701 
705 707 721 724 727 733 737 739 746 756 763 765 
766 767 769 770 773 775 776 779 781 783 784 785 
786 788 798 800 
253
2 5 7 12 19 20 28 31 39 41 42 43 
47 50 53 55 57 61 62 64 73 75 76 81 
82 84 90 93 96 99 100 103 110 113 114 117 
122 123 129 131 137 139 142 144 147 148 149 150 
152 158 160 164 167 174 181 191 192 193 194 199 
200 202 205 208 209 213 215 220 226 229 233 237 
245 248 249 252 257 259 266 267 277 279 282 290 
293 297 299 304 305 307 308 311 317 318 320 321 
324 328 331 332 334 337 344 345 349 350 352 355 
356 361 364 372 373 376 379 392 393 396 398 406 
407 408 411 412 417 420 424 426 428 430 432 433 
434 436 440 442 443 444 445 446 452 454 460 463 
469 475 482 487 489 491 492 497 498 502 505 518 
519 520 526 531 534 536 537 542 544 546 548 551 
554 556 557 563 568 570 571 574 578 580 584 586 
588 590 591 594 602 605 606 607 608 610 611 613 
622 625 626 627 631 635 637 639 642 643 646 648 
652 654 655 657 664 668 669 672 676 686 687 690 
691 695 697 700 706 711 712 714 718 722 728 731 
733 735 737 738 741 742 744 745 747 749 750 752 
756 761 769 771 772 773 778 779 780 783 791 795 
800 
239
2 5 9 13 20 21 22 23 24 29 31 37 
45 47 48 49 52 58 59 60 62 64 67 73 
75 79 88 89 90 91 93 99 104 107 113 114 
120 130 132 134 139 141 148 151 153 165 170 171 
176 177 182 183 185 189 194 195 203 204 205 206 
213 214 215 217 219 221 230 235 236 242 243 244 
248 249 250 252 256 261 263 267 268 276 277 280 
285 290 296 298 299 302 305 306 310 319 320 321 
325 326 329 330 331 332 333 341 350 354 358 362 
363 366 370 374 378 383 388 390 391 393 394 400 
410 412 415 425 426 430 431 433 435 437 440 446 
447 454 457 458 466 468 469 485 490 491 495 503 
504 507 510 515 517 518 519 523 527 538 544 548 
557 559 561 563 565 567 570 571 573 578 579 584 
585 590 592 596 598 599 600 603 604 607 608 610 
612 614 616 618 625 632 635 636 637 640 641 648 
649 657 658 664 665 669 670 675 680 682 685 687 
688 692 699 706 708 710 716 719 720 723 724 728 
732 733 734 740 745 746 751 754 755 757 760 762 
764 771 772 773 776 777 779 782 792 794 798 
239
1 5 12 15 20 21 23 25 26 27 32 35 
38 44 47 56 57 58 64 65 67 70 74 80 
82 84 85 92 94 96 104 105 106 107 109 117 
119 122 123 124 125 128 130 138 140 141 142 145 
146 147 154 155 157 160 162 169 174 175 176 181 
184 190 191 192 194 198 202 204 215 216 218 220 
221 229 230 231 232 237 238 240 241 244 250 256 
258 260 269 274 276 280 282 283 288 293 295 297 
302 303 313 316 317 318 319 321 322 323 325 326 
329 330 345 351 352 353 363 367 372 377 390 393 
398 402 403 407 409 410 411 414 416 417 418 419 
420 425 428 429 431 433 439 440 441 444 445 448 
453 464 465 467 471 473 475 477 479 480 486 509 
516 529 533 535 536 538 544 554 560 562 564 568 
569 571 574 575 576 578 581 585 586 587 588 592 
595 606 607 610 612 627 630 634 638 643 645 649 
653 656 658 660 662 663 664 672 678 681 682 684 
686 688 691 692 695 698 703 707 714 715 716 723 
727 728 731 732 733 748 750 754 760 762 763 765 
767 768 769 770 771 781 790 791 792 794 798 
248
2 5 6 7 8 9 10 11 19 25 26 31 
36 42 44 45 50 53 55 56 57 60 61 66 
67 68 69 74 76 77 94 95 96 97 98 102 
105 106 110 118 121 125 127 128 129 130 131 132 
134 135 137 143 146 148 154 159 163 167 168 172 
173 181 188 191 196 197 203 208 209 213 215 223 
230 231 243 254 259 261 263 265 266 268 269 273 
278 279 281 282 284 286 287 289 290 291 295 299 
302 310 311 314 320 322 325 327 332 333 337 340 
344 346 354 356 357 358 360 361 362 364 365 366 
368 378 381 382 383 389 391 392 394 396 402 407 
411 416 418 419 420 428 433 434 435 441 442 445 
447 449 459 460 466 470 473 481 486 489 494 496 
513 517 524 526 535 539 540 543 548 550 552 557 
558 560 562 566 567 573 575 576 579 581 584 589 
593 594 598 604 606 609 613 614 616 622 623 624 
631 633 638 639 640 642 643 644 645 646 647 650 
655 656 658 659 661 664 673 674 681 682 683 686 
695 696 699 704 708 709 713 716 718 720 729 742 
743 747 749 753 755 757 760 764 765 766 771 772 
773 775 781 782 787 790 792 794 
276
3 5 11 17 18 19 20 22 27 28 32 33 
35 36 43 45 47 49 54 56 60 64 65 69 
77 82 85 86 90 94 95 96 97 99 100 102 
107 109 110 113 116 119 126 128 129 132 133 136 
138 139 145 146 151 154 162 163 165 172 175 184 
186 188 191 198 200 203 207 209 211 212 214 221 
224 225 227 232 235 237 243 246 256 257 258 259 
261 262 264 270 275 278 279 280 281 282 288 289 
292 293 295 297 301 304 309 311 316 317 318 322 
323 324 325 328 333 335 336 337 339 344 345 348 
355 357 360 364 366 367 368 369 371 372 374 377 
380 386 392 393 397 399 400 402 403 405 408 410 
411 412 416 419 422 426 429 430 431 433 435 436 
442 447 448 450 453 454 455 460 470 471 479 480 
482 483 484 487 490 491 494 497 498 502 503 507 
511 512 517 519 523 527 533 540 547 550 553 555 
558 561 565 570 574 576 578 583 588 594 597 600 
601 603 604 607 608 610 616 619 620 622 624 626 
627 630 631 635 637 640 641 643 645 650 652 657 
660 662 666 667 670 672 678 681 682 685 686 687 
688 694 697 699 701 707 708 711 713 714 718 731 
732 736 738 741 743 746 749 750 753 754 760 761 
762 764 769 770 771 773 782 788 791 794 797 798 
259
3 5 12 18 20 26 28 30 33 35 38 39 
40 43 44 45 47 49 50 54 56 57 59 60 
63 65 69 70 72 76 77 80 81 83 93 99 
100 101 108 117 118 119 121 122 124 125 131 133 
134 135 137 141 150 151 159 162 168 170 174 184 
185 187 188 192 194 199 202 203 210 211 219 225 
226 239 241 250 251 254 255 259 262 264 271 274 
280 281 283 290 292 293 298 299 300 303 304 307 
308 312 314 316 318 322 325 335 340 345 347 349 
357 359 363 364 367 371 375 383 385 387 389 397 
400 403 409 414 424 426 428 429 430 431 433 435 
439 445 448 454 456 465 467 471 473 475 477 478 
480 482 484 485 486 492 494 498 502 516 520 523 
524 528 530 532 534 535 536 541 545 549 551 552 
553 555 557 561 563 566 568 570 571 577 579 583 
584 590 597 598 600 605 606 607 612 621 622 625 
627 630 635 638 639 640 642 647 650 651 652 658 
667 671 672 680 685 688 690 691 692 694 695 698 
702 704 709 711 713 716 717 720 721 722 723 724 
727 728 732 734 739 743 745 746 751 756 757 759 
760 763 764 766 767 768 772 775 776 778 780 782 
784 786 788 789 790 796 799 
244
12 13 18 22 23 29 31 32 35 38 41 44 
45 47 50 52 53 56 61 63 64 65 66 67 
70 73 78 80 82 87 88 89 93 97 101 103 
104 112 113 116 118 120 123 124 128 136 148 151 
152 154 155 162 167 174 175 177 184 192 193 197 
198 199 201 204 205 206 212 219 223 224 233 237 
246 248 249 252 255 256 257 260 261 266 267 268 
275 277 278 285 293 294 304 305 307 309 310 311 
313 316 317 319 322 324 325 326 328 330 338 343 
345 348 352 364 367 368 374 376 380 382 384 388 
389 391 394 403 405 415 431 434 435 444 446 449 
454 456 464 465 469 471 473 478 486 487 488 493 
494 495 502 503 505 507 510 514 515 523 529 531 
533 535 537 539 540 547 548 551 553 557 561 569 
572 574 578 579 580 581 583 584 590 592 594 597 
606 613 618 624 625 627 639 641 643 645 647 649 
652 654 657 659 667 668 672 675 676 677 678 684 
691 693 694 696 699 702 703 704 705 708 712 718 
722 729 730 732 735 736 739 742 744 747 749 752 
760 767 769 771 772 774 776 777 779 786 788 790 
792 793 795 800 
244
1 2 5 9 12 15 16 19 21 22 33 37 
38 42 44 46 47 49 54 56 60 65 66 69 
70 72 73 80 85 87 89 91 92 95 103 109 
112 114 116 119 127 128 133 135 137 138 141 148 
149 150 152 156 159 160 163 166 167 173 174 175 
180 184 185 187 189 190 200 204 208 210 211 215 
219 223 224 226 236 238 243 244 245 246 247 248 
251 254 257 259 262 265 267 271 274 276 277 278 
279 280 281 283 293 294 299 304 310 311 312 313 
314 315 318 319 323 331 334 342 343 346 349 350 
352 356 361 365 366 370 373 374 379 382 391 393 
394 400 405 408 412 414 420 425 428 431 432 433 
434 444 445 448 462 464 471 483 484 487 492 500 
502 508 512 515 516 518 519 526 529 531 534 536 
537 549 553 554 559 560 565 567 569 571 572 577 
578 581 584 587 588 590 595 598 602 604 605 608 
609 610 616 617 618 625 630 639 649 651 655 657 
659 663 665 668 671 672 675 678 680 682 684 689 
691 694 696 698 702 704 706 709 714 722 727 730 
731 733 734 744 747 751 756 757 761 764 770 774 
781 793 795 800 
217
1 16 17 18 24 26 27 30 31 33 36 38 
40 43 44 45 58 63 86 87 92 98 106 111 
112 119 125 126 128 129 132 133 136 137 143 144 
149 158 159 160 178 179 182 184 185 190 191 194 
197 199 201 202 212 218 226 228 231 233 236 242 
243 244 246 248 249 251 253 254 256 258 261 267 
272 275 276 279 290 292 303 304 305 309 312 314 
316 326 327 329 330 333 337 339 348 355 358 359 
362 364 371 373 374 377 379 382 389 394 398 401 
406 414 421 424 434 435 436 440 444 445 447 450 
456 457 464 466 467 476 477 482 483 487 488 492 
498 500 501 505 507 508 511 514 516 519 525 532 
540 545 549 555 557 558 561 565 569 570 573 579 
580 581 587 592 594 595 596 599 602 613 618 621 
622 625 626 631 633 635 636 641 642 644 645 650 
653 656 661 664 669 672 675 677 678 690 695 702 
703 708 712 713 717 718 720 724 736 738 740 746 
751 752 753 761 762 768 771 775 783 789 790 795 
798 
239
3 4 14 17 20 28 41 46 48 54 59 63 
66 73 75 76 82 85 87 90 95 102 103 106 
109 111 115 120 122 124 125 132 136 137 139 140 
144 145 148 149 152 157 163 164 171 173 175 177 
181 183 188 190 196 198 199 200 203 205 207 208 
210 211 214 221 226 227 231 234 239 241 243 244 
245 248 249 252 256 259 274 276 277 283 284 285 
297 299 300 301 306 308 311 320 321 327 329 332 
333 334 338 339 343 346 347 348 351 354 355 361 
366 369 371 375 380 384 387 388 389 391 396 398 
404 410 412 413 415 419 434 435 444 445 447 448 
457 460 461 462 464 468 470 478 483 484 487 491 
493 501 502 516 517 520 522 525 528 530 531 533 
537 541 546 549 551 554 555 558 563 564 565 567 
568 570 575 578 579 584 590 593 600 601 608 612 
617 623 624 629 631 633 637 642 643 644 647 648 
650 651 654 655 661 668 682 683 685 688 691 695 
697 698 699 703 704 710 712 717 718 720 721 723 
729 730 744 745 750 756 761 762 763 769 771 773 
776 777 779 780 781 784 787 788 792 796 798 
264
2 3 7 11 16 18 21 22 24 25 30 34 
37 40 43 44 51 59 61 64 68 69 70 78 
79 80 84 90 96 98 99 104 105 109 116 117 
120 125 131 133 135 139 140 141 146 151 152 155 
158 159 161 163 164 170 171 179 180 181 182 183 
185 188 195 198 200 207 211 213 218 222 226 227 
228 231 233 234 235 236 242 243 245 248 249 262 
263 271 272 276 278 280 285 289 294 295 296 298 
299 306 310 312 315 316 324 325 326 327 333 335 
340 342 347 350 356 357 361 364 371 376 377 380 
382 384 387 389 392 393 399 401 402 403 406 407 
408 410 412 415 421 430 439 440 444 451 453 457 
458 460 461 464 466 467 471 472 476 478 480 488 
495 499 507 514 516 519 523 525 529 532 537 540 
542 543 547 551 555 556 558 565 567 569 570 575 
579 580 588 590 591 594 595 597 598 600 604 609 
612 613 614 615 616 617 620 623 630 634 635 636 
638 639 641 642 648 650 651 652 655 656 660 661 
663 664 667 668 669 670 675 677 683 687 688 692 
694 696 698 702 705 712 715 720 724 725 726 731 
732 733 735 736 737 738 743 745 750 752 753 763 
766 770 771 774 776 777 779 780 782 789 794 795 
203
3 5 7 14 27 28 33 41 48 52 54 63 
65 68 82 85 95 96 98 100 104 106 108 110 
121 123 125 131 138 144 147 149 153 154 157 166 
167 181 184 189 196 199 202 204 205 212 215 221 
231 232 234 236 237 238 246 247 248 256 261 266 
267 269 271 273 275 277 278 279 284 288 290 294 
295 297 298 302 306 309 310 318 319 323 324 325 
327 330 331 332 344 347 353 357 358 359 361 362 
364 367 380 382 387 396 401 404 406 414 416 418 
419 426 427 429 430 435 438 443 445 449 451 452 
455 456 458 459 464 468 470 471 473 476 484 492 
494 506 507 512 525 529 530 538 546 547 550 555 
561 565 568 573 579 582 583 586 592 596 597 598 
602 610 614 616 617 618 620 623 625 626 635 636 
637 644 647 649 662 665 666 677 680 685 694 699 
701 702 705 711 716 722 725 726 741 742 748 750 
755 757 766 767 772 775 783 785 786 794 799 
243
1 2 10 11 14 15 16 19 20 22 29 30 
31 32 33 35 38 43 44 51 56 57 65 72 
88 95 99 100 104 108 111 112 113 114 115 117 
120 123 132 134 135 140 141 143 149 154 155 156 
159 162 170 172 173 174 180 181 182 185 188 189 
193 208 215 225 226 231 232 233 235 237 241 243 
244 247 248 249 254 257 273 274 277 278 281 282 
285 286 287 293 295 297 305 306 309 310 316 317 
319 325 331 333 334 335 339 346 348 351 354 355 
356 357 363 364 369 372 377 379 381 382 384 391 
395 396 397 399 404 410 415 416 417 434 436 440 
442 444 447 453 454 456 462 467 471 476 481 483 
485 486 501 504 510 512 515 518 519 521 524 526 
528 529 530 533 534 540 549 550 552 553 556 559 
563 570 571 576 579 581 582 583 586 587 590 594 
598 600 604 611 612 613 617 618 633 635 636 637 
639 644 645 646 647 648 649 651 653 656 661 662 
667 668 673 675 679 683 684 695 699 700 702 709 
710 723 724 727 732 734 735 737 742 745 746 748 
752 754 756 758 761 763 770 776 779 785 786 787 
792 796 797 
258
2 3 4 7 18 22 24 26 27 28 33 36 
37 38 40 44 47 52 53 57 61 68 69 70 
71 72 78 81 82 86 87 91 93 97 99 100 
102 103 110 111 113 114 119 120 121 125 127 130 
133 137 139 143 149 158 161 162 163 164 165 167 
168 169 172 176 180 181 183 186 188 195 199 200 
204 208 211 213 215 217 219 225 230 231 235 238 
245 246 257 258 260 261 262 268 271 274 275 290 
294 296 305 311 318 321 324 326 330 334 337 347 
349 352 353 354 356 358 359 364 366 367 368 372 
374 376 377 378 386 388 389 393 405 406 417 419 
424 427 430 436 440 445 447 455 457 458 468 470 
472 479 481 483 488 489 490 493 494 498 499 502 
508 511 512 513 517 519 523 531 533 534 535 536 
547 548 552 555 556 557 560 561 562 565 570 571 
575 577 578 582 587 594 597 598 601 602 604 606 
611 615 616 617 626 627 628 631 632 633 640 641 
644 649 650 652 653 654 657 658 663 664 665 666 
669 676 678 680 681 682 686 687 688 689 693 696 
700 702 704 722 723 731 735 744 748 750 751 758 
761 763 764 766 767 772 774 777 781 784 785 786 
790 791 793 794 795 798 
240
1 6 7 9 13 23 26 30 36 37 40 41 
42 43 45 49 63 66 67 70 71 74 76 80 
84 85 89 90 91 95 101 102 109 111 115 121 
124 126 133 134 137 138 141 145 146 147 154 157 
159 163 167 168 171 173 176 181 183 185 188 189 
190 196 197 198 200 204 210 212 213 214 215 218 
229 231 237 245 250 251 260 263 266 270 272 274 
275 276 277 279 280 283 287 289 291 292 293 296 
305 312 314 315 318 321 323 326 328 333 334 339 
340 342 347 352 354 359 368 369 375 379 381 382 
383 384 389 391 393 396 397 400 403 404 410 415 
416 417 422 425 432 439 454 456 459 463 464 466 
484 490 492 497 500 504 505 506 507 514 515 516 
522 526 534 535 540 541 543 544 547 549 552 554 
556 559 561 563 567 569 577 582 585 587 590 593 
595 596 600 601 603 605 607 608 612 613 616 621 
623 626 638 641 642 643 646 647 650 651 652 657 
658 663 667 670 671 673 677 687 689 693 695 699 
701 705 710 712 713 718 731 732 734 740 742 744 
747 751 764 769 771 773 781 787 788 790 798 800 
238
2 3 6 10 11 17 18 19 22 32 35 36 
39 44 49 52 53 58 63 66 69 70 75 77 
78 80 83 88 97 98 100 102 104 105 112 118 
124 130 137 139 142 146 147 158 173 175 180 181 
193 194 195 203 210 215 220 223 225 228 229 233 
235 244 252 253 256 263 264 266 267 268 269 270 
271 272 277 281 283 289 290 291 294 295 297 301 
307 311 312 315 317 319 322 323 325 326 341 345 
346 347 349 351 352 354 355 356 358 360 370 372 
374 375 377 380 386 389 399 400 411 412 413 414 
418 423 429 430 440 445 449 450 456 457 458 459 
462 465 466 467 469 470 474 475 476 478 481 487 
488 492 500 502 504 506 508 518 522 524 525 536 
539 542 543 544 547 549 550 552 553 554 555 560 
561 562 568 571 578 580 584 587 592 593 594 595 
601 603 605 611 612 614 617 622 623 636 642 648 
651 652 655 656 663 664 666 675 684 697 701 704 
705 707 711 713 716 719 720 724 727 734 737 741 
743 744 746 747 749 758 760 763 768 769 770 771 
773 775 777 778 782 783 786 789 791 798 
238
4 6 9 12 13 19 20 25 27 31 34 37 
38 41 43 44 45 46 53 68 70 73 74 76 
79 81 82 85 87 88 100 101 104 105 108 113 
116 120 122 131 135 137 141 146 148 149 155 156 
161 163 165 174 176 178 179 186 188 189 198 209 
212 215 216 217 218 220 221 226 229 234 236 237 
240 242 251 254 259 265 266 267 270 273 281 282 
286 287 288 291 293 294 296 301 304 305 306 310 
315 316 317 319 327 332 336 338 340 341 353 359 
363 365 366 367 369 370 378 380 388 389 393 402 
405 420 423 425 430 431 432 447 448 451 454 461 
463 466 469 470 472 473 475 478 479 486 487 493 
494 496 498 503 504 505 521 524 530 533 536 538 
547 559 560 561 567 570 571 578 581 582 590 592 
593 594 595 598 601 603 604 605 610 611 612 613 
615 616 620 622 626 630 637 638 641 644 646 647 
651 654 655 658 660 666 667 669 670 673 674 675 
676 678 684 686 690 691 693 702 709 717 721 722 
724 730 731 736 737 740 742 749 757 758 759 761 
770 771 778 780 783 785 786 790 791 800 
247
4 5 9 17 22 24 25 29 31 34 38 41 
48 52 54 59 60 63 66 67 72 76 81 82 
85 90 94 96 102 103 105 107 114 116 120 121 
124 125 128 130 132 135 141 142 144 148 149 159 
160 169 173 174 177 187 188 190 196 198 205 210 
211 214 215 216 220 221 223 226 228 229 230 235 
242 243 244 245 248 250 254 257 260 267 273 278 
279 283 285 289 292 293 294 299 303 315 318 319 
322 323 336 337 339 340 345 347 349 350 351 352 
356 359 361 362 365 369 373 374 379 387 393 395 
400 403 406 407 416 418 422 425 426 431 438 440 
444 447 455 456 459 460 461 462 465 468 470 481 
484 486 487 496 503 506 507 508 516 523 525 529 
530 531 532 534 536 537 540 541 544 545 548 549 
550 554 556 560 562 564 576 581 584 586 590 597 
598 601 605 609 614 615 616 617 621 624 626 627 
629 638 640 642 644 646 648 653 661 664 666 669 
671 679 686 689 697 698 700 704 708 709 710 719 
721 723 733 734 735 739 741 742 744 747 749 750 
756 757 763 766 768 770 771 772 773 777 779 780 
783 784 789 792 794 796 798 
252
4 8 11 14 15 19 20 21 23 27 29 32 
34 39 46 47 54 56 58 60 63 67 68 69 
75 79 80 81 87 95 99 100 106 112 113 115 
117 125 128 129 130 133 135 136 138 146 150 153 
155 161 166 167 171 178 179 185 188 189 193 194 
195 196 198 201 208 209 210 212 219 228 230 233 
235 236 237 241 245 256 257 258 260 261 262 268 
269 273 274 275 276 278 279 285 295 300 308 314 
316 320 321 323 324 328 329 331 342 345 348 354 
362 366 367 369 370 375 376 377 379 380 390 392 
395 396 399 401 403 407 409 410 416 420 421 423 
426 433 435 440 444 447 454 455 461 462 467 469 
470 471 472 481 485 488 489 503 506 507 508 509 
512 513 515 516 518 519 522 533 548 551 552 555 
558 561 564 568 574 575 578 582 585 589 596 601 
602 604 610 611 612 613 615 617 618 619 622 624 
631 632 634 636 640 645 651 652 658 661 663 665 
666 669 673 686 688 692 694 695 696 698 700 707 
708 709 710 712 716 720 731 736 737 738 739 740 
742 744 753 755 757 761 762 764 766 768 769 770 
774 776 777 779 781 784 790 793 794 796 797 799 
244
1 4 8 9 11 20 27 28 29 30 33 34 
35 38 49 52 55 56 57 60 62 65 67 68 
74 75 78 79 81 83 84 85 90 95 96 97 
100 106 109 112 114 115 121 122 124 126 128 129 
130 132 136 140 141 144 146 147 148 152 153 157 
163 167 169 176 186 187 189 190 193 208 209 215 
217 219 222 223 224 225 226 240 244 248 249 256 
258 269 272 274 276 281 285 289 293 296 298 302 
307 312 313 315 318 320 322 326 327 329 333 334 
335 341 344 346 348 352 358 361 362 365 366 372 
374 376 377 378 380 381 384 389 397 402 411 412 
414 416 419 421 424 426 429 438 440 441 442 443 
448 452 453 460 468 470 472 473 474 476 478 481 
490 492 495 499 504 505 514 522 527 530 532 538 
539 541 545 548 551 554 559 564 566 571 573 575 
576 579 581 582 586 594 595 596 598 602 603 612 
613 614 615 617 622 623 624 627 629 631 644 647 
648 652 656 657 664 669 677 681 684 685 686 692 
697 702 704 713 714 724 732 737 739 745 750 755 
758 759 760 761 762 765 767 773 775 780 783 785 
786 787 793 799 
234
1 2 8 9 11 12 14 18 22 26 27 32 
34 35 44 45 46 48 52 54 58 62 63 68 
70 71 81 83 84 90 93 94 99 100 101 103 
104 106 114 116 118 122 124 126 129 138 140 144 
146 148 149 155 157 158 159 160 161 163 166 167 
168 170 179 184 188 190 192 195 200 206 209 212 
215 216 217 219 220 223 225 226 232 234 238 242 
244 245 246 251 254 262 263 264 265 270 289 293 
294 298 308 310 312 314 316 320 329 331 332 333 
335 342 345 348 354 355 359 363 368 369 370 384 
388 391 392 394 400 412 413 429 430 432 434 435 
439 446 449 458 462 464 467 468 469 477 479 480 
495 496 498 499 500 506 513 517 518 520 523 529 
530 532 536 542 546 549 550 551 555 564 574 581 
582 586 587 590 594 597 606 616 620 621 623 624 
625 630 632 635 636 639 645 650 652 661 666 673 
675 680 682 683 685 689 690 691 692 693 698 700 
704 705 707 712 714 716 719 722 724 728 730 735 
737 739 740 741 742 745 747 749 750 753 757 759 
761 766 783 784 789 793 
228
2 8 9 20 28 32 33 46 49 50 51 52 
57 60 62 63 64 65 66 75 77 79 83 87 
88 89 90 94 95 98 103 113 115 120 122 127 
133 135 137 138 139 140 151 153 159 160 162 165 
166 172 176 178 182 184 185 186 187 188 190 198 
200 202 203 204 208 211 213 214 219 221 225 226 
227 230 234 239 240 244 256 260 271 273 279 283 
285 286 287 290 297 299 306 307 310 314 323 325 
328 332 333 334 336 339 343 352 355 360 362 363 
364 366 379 383 391 392 394 396 406 415 418 425 
431 435 442 446 449 458 459 466 467 471 473 482 
490 492 494 498 502 512 513 529 533 540 541 545 
546 554 556 561 563 567 574 575 577 578 582 584 
585 586 587 594 595 597 602 605 609 610 611 612 
613 619 620 621 622 624 626 628 632 636 638 645 
646 649 654 656 659 665 666 670 674 677 683 699 
700 702 703 705 707 711 715 718 722 724 733 736 
738 739 740 742 745 747 748 751 753 759 762 764 
765 768 770 771 774 775 778 781 789 791 798 799 
226
17 18 23 26 27 28 37 40 41 45 46 50 
51 52 54 64 65 72 73 76 78 79 83 84 
85 87 88 89 94 95 102 104 110 111 119 121 
124 133 138 140 143 144 145 146 147 154 157 160 
168 176 187 192 196 201 222 225 227 230 233 236 
244 245 250 251 265 270 271 272 276 278 280 282 
284 286 294 300 303 308 311 319 322 333 334 335 
336 341 344 346 349 350 351 352 353 362 373 377 
381 384 388 389 393 396 399 403 406 408 411 412 
415 416 421 430 431 438 443 451 454 460 462 473 
475 478 479 480 488 490 491 495 497 504 506 511 
512 513 515 526 527 530 537 538 540 541 544 548 
549 551 553 557 559 561 562 564 565 566 568 579 
580 581 585 591 592 594 595 596 605 615 623 625 
633 635 644 646 647 649 650 651 652 653 665 670 
671 674 676 679 682 684 691 692 695 696 698 699 
701 702 709 716 717 718 719 721 726 735 736 738 
742 743 747 751 752 757 760 761 762 768 771 775 
777 782 783 785 787 789 790 794 796 798 
243
5 15 16 19 23 35 39 40 46 47 48 50 
52 54 61 62 64 65 67 73 78 87 95 101 
105 109 112 118 119 124 126 135 139 152 154 156 
159 163 165 170 173 176 177 184 186 187 189 195 
197 199 202 210 211 214 217 218 220 221 228 229 
231 234 237 239 243 245 247 248 250 251 253 255 
257 258 269 273 277 280 281 282 283 284 286 288 
290 291 296 299 302 305 310 311 315 316 318 324 
329 330 345 349 350 355 357 362 367 369 373 374 
378 382 384 389 395 399 401 405 406 409 411 412 
416 418 420 422 424 433 437 439 440 442 445 446 
448 451 458 459 466 467 468 472 479 480 481 484 
485 487 491 493 498 499 501 502 503 510 511 513 
514 517 518 523 528 529 530 535 538 542 546 548 
551 552 559 560 562 563 564 566 574 575 576 580 
581 582 588 591 592 593 596 599 600 604 606 607 
620 625 627 630 639 640 642 645 646 650 657 663 
664 673 675 685 690 691 696 700 704 709 712 722 
727 728 730 731 732 733 736 739 751 753 760 761 
762 764 766 769 772 773 776 778 783 785 786 787 
791 795 798 
256
3 4 7 14 16 19 20 23 24 27 28 29 
31 41 42 43 46 48 50 53 54 55 60 64 
68 73 75 80 82 86 88 94 95 98 101 104 
105 111 113 116 127 130 133 134 136 140 144 146 
147 148 149 151 169 170 171 172 173 177 179 180 
181 184 185 188 190 196 204 208 212 219 220 222 
225 227 235 239 245 246 249 253 258 263 267 268 
273 274 278 281 283 287 289 292 297 301 305 310 
311 320 323 324 330 332 333 340 342 344 348 349 
350 351 358 366 368 370 373 378 380 382 385 393 
396 397 399 405 406 412 422 429 430 435 437 438 
442 443 445 447 449 451 453 454 456 458 459 463 
467 468 469 471 472 475 476 477 478 496 498 501 
507 508 514 518 519 524 527 530 531 532 533 534 
535 536 537 541 542 547 551 553 556 558 563 567 
570 571 573 577 578 583 587 590 601 602 603 605 
608 611 617 619 625 629 632 634 635 636 637 643 
650 651 653 655 657 659 662 663 664 672 682 683 
688 692 693 695 700 705 707 708 709 712 713 715 
716 717 718 720 726 728 730 732 734 736 748 749 
751 752 756 758 759 761 771 775 779 780 783 785 
789 791 794 798 
231
8 11 12 13 26 27 30 43 44 45 47 48 
49 50 53 64 68 69 74 76 77 79 83 86 
90 94 96 98 99 100 105 115 118 128 132 133 
138 142 146 147 149 165 177 178 180 186 187 188 
194 197 199 200 201 204 206 212 213 215 221 222 
224 225 227 229 230 234 254 255 259 261 266 269 
270 272 277 280 281 284 287 291 293 296 297 298 
300 301 302 304 305 308 309 315 318 319 321 328 
329 332 336 339 341 342 356 357 369 390 391 396 
398 399 402 403 408 417 418 420 421 422 435 440 
441 448 451 453 454 458 459 461 462 463 464 465 
470 471 474 476 480 482 483 484 486 487 495 500 
503 509 510 512 513 517 525 526 528 533 534 535 
536 539 545 546 547 550 558 576 582 586 587 589 
590 593 594 605 606 614 616 617 626 628 630 633 
640 646 649 650 652 653 655 659 667 669 679 680 
681 682 685 690 695 698 700 701 705 708 709 712 
715 720 726 728 729 730 735 738 739 740 746 752 
754 756 759 762 768 775 777 779 785 787 794 795 
796 797 798 
268
2 4 16 24 25 27 29 36 38 39 41 42 
43 48 50 54 58 61 64 66 68 69 73 80 
88 90 91 93 94 96 100 101 106 110 116 120 
122 125 138 139 140 148 150 152 154 156 160 161 
167 169 170 171 174 184 195 196 198 201 204 205 
206 207 210 212 214 221 222 224 227 228 233 238 
239 247 250 252 256 261 263 269 274 285 290 294 
295 298 302 305 314 317 318 322 323 326 328 329 
331 335 337 339 340 342 344 345 346 354 356 357 
358 359 361 363 371 373 376 379 381 382 383 384 
388 390 398 405 406 409 413 417 419 420 423 424 
426 429 430 431 436 437 441 443 445 448 450 454 
457 459 462 463 466 467 468 469 470 471 475 477 
487 488 492 493 500 502 505 508 509 511 513 514 
517 519 521 525 527 529 531 536 540 542 543 544 
547 551 555 556 559 565 566 568 571 572 577 580 
581 587 588 590 592 593 594 598 599 603 604 606 
611 620 623 625 631 634 635 636 641 643 645 647 
648 649 654 655 656 665 667 669 672 674 675 680 
685 688 695 697 702 704 706 714 716 719 720 722 
727 728 729 730 737 740 742 744 745 746 750 751 
753 759 763 764 765 766 774 778 782 784 785 786 
787 790 797 800 
233
4 8 10 14 18 21 22 25 32 36 37 39 
41 44 45 49 56 58 60 63 64 70 73 76 
80 87 90 108 112 113 118 119 120 122 124 126 
128 132 133 139 140 151 154 155 159 161 163 168 
170 172 175 182 183 188 194 196 197 198 205 209 
213 216 226 230 231 233 236 239 245 250 252 255 
256 259 262 263 267 273 275 277 278 279 281 285 
291 295 296 298 300 301 304 305 308 309 312 317 
318 328 329 330 332 341 342 343 354 357 360 366 
368 371 373 375 385 386 388 397 398 400 404 405 
409 412 414 415 419 420 423 426 436 438 441 444 
446 449 452 461 462 463 469 471 478 483 484 496 
500 503 506 507 508 509 517 522 525 528 542 546 
549 552 555 556 559 564 565 572 574 575 577 581 
585 590 594 595 602 604 605 606 609 610 615 617 
623 624 629 630 634 635 638 643 645 656 660 665 
666 667 672 674 676 681 682 686 687 688 689 695 
699 703 705 707 708 709 710 714 717 721 730 732 
734 735 737 741 747 752 758 759 760 761 772 775 
777 792 793 794 795 
267
5 8 11 13 14 21 22 23 35 38 42 47 
48 50 51 56 57 60 61 67 70 79 81 89 
94 97 98 99 100 103 108 111 114 115 116 118 
120 121 127 137 143 144 146 147 150 151 153 154 
156 157 158 161 165 168 169 177 178 182 185 191 
197 198 208 212 214 217 227 228 230 234 236 241 
244 251 252 253 255 256 259 261 263 264 265 266 
270 271 279 284 295 298 303 304 306 308 310 318 
322 324 329 332 333 336 338 342 344 345 348 352 
356 358 363 364 365 366 374 375 376 378 379 380 
383 385 390 393 395 396 397 399 410 411 412 413 
417 420 422 427 431 432 436 448 449 452 454 457 
460 461 462 468 470 473 478 488 494 501 505 513 
517 519 520 521 522 524 528 529 531 537 539 542 
544 545 546 548 549 553 555 556 559 560 563 564 
567 568 570 571 574 575 576 577 582 583 584 586 
587 592 598 599 600 602 612 615 616 622 628 633 
635 637 639 640 642 643 644 649 656 659 664 665 
667 669 671 677 678 679 680 682 684 686 690 691 
695 698 702 703 704 707 709 710 712 714 720 722 
723 724 727 731 734 737 738 741 742 746 747 751 
753 754 756 762 769 770 771 772 780 782 783 787 
794 798 800 
238
2 3 7 10 11 18 19 24 25 30 32 38 
39 41 45 46 50 51 53 57 60 65 66 68 
69 74 75 78 88 94 98 100 101 104 114 115 
118 120 121 123 125 128 129 133 137 138 143 146 
157 158 159 163 165 176 177 186 189 192 195 202 
203 208 209 211 221 230 231 236 237 238 239 243 
244 249 251 252 261 262 265 268 269 272 277 279 
280 281 286 292 295 296 301 302 304 305 309 315 
316 317 322 324 325 326 332 333 336 342 357 365 
366 367 373 374 381 382 384 385 386 388 390 392 
395 398 399 400 401 402 408 409 410 411 412 417 
424 426 428 430 434 437 438 443 446 448 451 457 
459 468 471 479 484 487 490 491 494 495 499 500 
503 505 513 515 516 519 520 524 527 530 536 543 
544 551 556 568 569 581 582 583 585 586 590 592 
596 600 602 603 604 606 607 609 611 614 622 625 
626 627 629 630 632 635 636 637 645 646 648 649 
655 657 662 669 673 675 684 685 686 687 689 694 
696 698 703 708 710 714 719 723 729 730 738 748 
752 757 758 760 771 774 778 785 790 800 
248
2 12 17 19 24 25 28 30 32 43 45 50 
52 53 62 63 66 71 73 77 96 100 106 108 
109 110 113 116 119 120 122 123 124 126 127 128 
130 138 141 144 145 147 150 153 155 161 162 164 
178 179 181 187 188 195 198 201 208 210 229 234 
237 238 239 242 243 245 246 252 257 260 263 265 
268 273 275 280 281 287 288 289 290 299 300 305 
309 311 312 314 318 320 321 324 326 329 330 332 
333 334 335 336 337 347 353 356 357 362 364 366 
368 369 379 382 383 385 394 401 402 406 407 410 
411 412 419 420 421 431 433 435 441 442 443 445 
449 464 465 469 470 472 476 478 480 483 489 490 
494 500 501 505 513 514 519 520 521 522 529 538 
540 542 544 554 555 560 567 569 572 575 577 578 
579 582 583 584 585 586 587 588 592 593 599 602 
606 608 609 615 617 619 627 632 634 644 647 649 
652 658 659 663 671 672 674 676 677 678 680 689 
695 697 703 704 705 706 707 709 710 713 714 718 
720 721 726 729 730 733 734 735 737 738 741 742 
746 747 751 755 756 758 762 763 766 767 768 769 
776 786 787 788 790 793 795 799 
270
8 14 15 16 17 23 26 27 28 30 31 36 
37 38 39 40 41 42 44 48 49 50 51 52 
53 56 57 59 61 63 64 65 67 68 69 70 
73 76 87 88 90 95 96 97 100 101 105 106 
111 114 115 116 121 123 126 128 132 135 136 138 
140 141 142 143 144 148 149 152 156 157 161 163 
167 170 172 173 178 180 181 186 188 192 193 196 
197 199 201 215 216 219 221 223 227 231 232 233 
234 238 250 254 255 260 262 263 264 267 268 276 
281 284 286 287 292 303 314 320 329 338 340 341 
343 344 350 351 353 354 367 369 376 377 380 381 
385 386 389 395 401 403 405 408 411 413 414 415 
416 417 418 420 429 431 433 434 435 437 438 440 
443 447 454 460 462 463 464 470 473 475 482 483 
484 487 488 490 491 494 495 498 501 505 506 507 
508 511 514 520 525 529 535 537 545 547 548 552 
555 563 569 571 574 577 580 581 584 585 599 601 
603 605 616 618 621 624 625 626 627 629 630 632 
641 643 649 650 654 655 656 662 671 673 674 677 
679 685 689 691 693 694 699 705 706 709 710 714 
715 717 720 724 727 730 734 735 739 740 744 746 
748 752 755 756 758 762 763 767 768 772 782 784 
788 789 790 791 794 799 
258
2 4 6 8 9 10 12 13 14 18 21 28 
32 34 39 40 43 44 45 46 50 53 59 64 
66 73 74 75 82 90 97 99 102 111 113 114 
122 126 129 138 139 140 150 151 153 154 160 163 
164 167 169 170 175 176 178 180 182 187 188 189 
191 194 195 196 198 204 206 209 215 221 225 227 
230 231 235 238 243 247 250 259 263 264 271 273 
274 275 279 283 284 285 290 292 295 297 298 302 
304 305 311 313 322 328 330 332 334 337 341 343 
344 348 350 351 353 355 356 364 366 368 369 373 
376 379 385 387 389 390 395 400 403 404 406 408 
414 416 418 419 425 426 431 432 435 436 437 440 
442 447 449 452 454 455 460 465 470 472 474 477 
482 486 487 493 498 501 504 506 507 511 513 520 
522 524 526 527 528 530 534 535 538 543 544 545 
546 547 551 552 554 564 565 566 570 573 574 579 
581 587 589 592 593 595 598 602 603 609 612 620 
622 623 627 630 632 637 641 642 643 645 646 653 
655 657 669 675 678 679 682 684 686 687 691 694 
698 700 701 702 710 711 715 719 723 725 729 731 
736 741 744 753 754 757 759 761 766 774 776 779 
785 787 789 795 797 798 
239
4 6 7 8 14 16 18 23 32 33 34 41 
43 46 48 49 51 53 54 61 68 74 76 83 
89 90 91 92 96 97 101 104 106 107 109 111 
112 113 116 117 118 119 122 123 124 136 137 139 
142 143 144 148 152 156 157 159 163 170 171 179 
180 186 190 192 194 196 200 201 206 209 216 217 
220 221 222 227 229 233 234 235 241 242 245 250 
252 253 260 261 267 268 269 278 282 283 285 287 
289 302 305 307 310 316 318 326 332 334 338 340 
342 346 347 348 349 351 353 359 364 366 368 369 
371 381 387 388 390 396 397 401 402 403 408 409 
410 415 421 422 430 434 441 443 459 461 463 465 
467 468 472 478 479 486 487 489 491 496 498 499 
507 508 516 523 530 531 533 534 544 546 547 553 
555 557 558 562 563 575 578 581 586 591 594 596 
603 604 609 612 617 618 619 620 624 626 629 632 
633 634 638 639 641 644 648 650 654 661 664 673 
675 681 684 686 687 688 705 709 711 713 717 721 
722 726 728 729 733 738 741 744 755 756 760 762 
763 765 766 769 779 782 786 788 791 797 800 
236
5 8 9 11 12 15 16 17 19 21 24 25 
26 28 32 35 36 43 45 46 48 54 59 63 
64 65 67 72 73 82 86 88 90 91 93 95 
96 97 101 103 105 109 112 115 118 119 120 121 
122 128 131 133 136 139 143 144 147 152 159 164 
165 172 173 175 180 195 198 206 209 212 217 219 
225 226 227 228 229 231 235 238 242 245 248 250 
251 253 257 258 271 272 273 277 278 280 289 290 
292 295 298 312 315 318 319 320 326 329 330 331 
335 342 346 347 352 357 360 362 363 370 380 387 
393 397 398 403 412 417 419 420 421 425 426 427 
429 433 439 451 457 463 466 469 472 477 478 480 
481 482 489 492 497 498 500 501 505 509 510 511 
513 518 520 526 528 531 532 535 545 550 553 554 
559 560 566 567 568 571 574 581 583 587 590 601 
602 603 604 610 611 614 616 623 626 627 631 635 
639 641 648 652 661 663 665 666 667 673 681 690 
696 698 701 705 707 716 723 724 726 728 731 738 
740 744 746 747 749 750 764 770 771 774 775 777 
778 779 780 786 793 795 796 798 
240
2 7 8 15 22 23 26 30 32 33 34 42 
45 47 49 50 55 62 66 69 70 75 78 90 
99 100 101 102 105 111 112 117 118 127 130 133 
134 135 138 144 145 147 148 149 151 157 162 163 
164 167 170 171 174 181 185 190 191 195 196 204 
205 214 218 222 223 227 229 231 232 236 242 243 
244 247 248 250 251 252 254 258 266 271 274 276 
282 289 291 292 297 302 307 308 312 313 319 322 
323 326 327 330 331 335 338 341 343 349 350 352 
353 357 360 361 365 367 372 373 383 384 385 388 
399 402 406 410 412 418 419 420 422 427 428 429 
430 431 438 440 448 456 457 463 468 470 473 474 
476 479 480 482 484 486 493 496 500 503 506 508 
513 517 524 527 535 536 537 539 544 545 546 549 
551 552 555 557 559 560 562 563 564 565 572 579 
584 585 588 593 598 608 619 620 624 627 628 630 
643 653 656 659 661 662 663 665 666 668 670 671 
672 677 678 681 682 685 694 695 708 710 717 718 
720 721 723 728 731 734 740 742 745 749 751 755 
757 758 759 764 766 768 774 779 786 791 795 798 
213
3 9 16 19 25 26 29 36 42 47 48 51 
52 53 59 66 68 70 75 81 82 83 86 93 
94 95 103 107 110 117 118 120 122 124 128 129 
132 136 139 155 157 164 173 178 183 193 201 202 
206 209 211 213 214 216 222 226 230 235 236 238 
239 243 244 246 248 249 251 260 261 266 268 270 
272 275 286 291 293 296 297 302 303 304 314 315 
320 329 331 334 337 339 344 348 350 352 353 355 
356 357 361 362 364 368 370 381 392 395 400 403 
407 408 410 412 414 417 419 421 427 433 436 437 
444 449 450 451 453 455 458 463 474 477 485 495 
503 510 512 513 515 517 524 528 535 538 545 554 
555 557 559 569 570 571 580 581 586 587 591 592 
593 596 600 601 605 609 614 621 625 626 630 633 
635 636 641 645 647 659 668 672 674 679 680 681 
683 686 690 698 699 703 713 716 718 720 723 728 
731 733 734 738 742 749 751 753 755 758 759 764 
767 769 774 775 776 779 781 786 799 
237
3 10 11 20 24 26 29 37 41 42 46 56 
62 64 66 67 68 69 72 75 76 77 78 86 
90 91 96 103 109 113 117 118 120 121 123 125 
126 135 142 147 159 170 172 173 176 177 178 183 
184 188 192 196 197 201 204 206 207 212 221 223 
225 229 232 234 237 239 247 251 263 265 266 267 
268 271 273 275 277 282 283 288 289 293 296 300 
302 305 307 314 315 317 328 333 336 340 343 346 
348 349 354 357 358 360 363 373 376 381 383 390 
394 399 403 404 410 413 414 416 420 421 422 429 
432 437 441 446 449 450 454 457 458 460 463 464 
466 475 476 479 480 482 486 487 495 502 503 504 
507 508 509 510 512 513 523 526 530 538 542 551 
553 558 559 561 563 571 576 579 581 585 586 587 
593 594 595 596 599 613 623 626 629 631 633 635 
638 644 645 650 654 656 660 663 666 667 670 671 
674 677 683 686 687 693 696 697 700 701 702 703 
704 707 708 709 713 715 717 718 725 726 727 738 
740 751 759 760 761 762 767 769 772 776 778 779 
780 781 785 786 787 791 792 794 798 
246
1 2 4 11 13 17 18 24 26 29 30 32 
35 37 38 39 40 46 53 54 55 58 61 63 
68 70 73 74 76 82 83 85 87 88 93 98 
99 101 103 105 108 109 113 116 119 127 128 130 
131 133 136 139 142 147 148 150 151 154 163 165 
167 168 171 175 187 199 201 204 206 207 209 210 
214 223 224 227 233 236 240 244 246 249 252 254 
255 259 260 261 263 273 274 277 281 285 288 291 
295 298 299 307 310 314 315 317 323 338 339 340 
342 343 349 350 355 357 359 360 362 366 367 368 
369 371 385 386 389 392 394 395 405 410 411 412 
413 414 415 423 425 426 429 431 434 438 439 446 
448 455 457 458 466 468 473 475 476 479 483 488 
489 493 495 496 498 502 504 505 506 508 511 515 
516 520 529 530 537 541 550 552 556 557 561 563 
565 566 567 568 575 579 580 585 587 589 591 593 
600 601 608 610 625 629 631 652 658 661 663 664 
668 669 676 677 679 680 682 689 691 696 698 701 
706 711 712 715 716 723 725 731 735 742 744 747 
752 753 759 760 762 765 766 773 774 777 781 783 
786 788 791 795 796 799 
252
1 2 7 11 14 19 20 21 22 29 30 31 
42 43 44 49 53 55 56 62 64 66 69 70 
74 75 77 79 83 84 87 91 92 93 96 103 
108 109 110 120 122 123 127 130 134 138 141 142 
144 155 156 157 159 167 170 173 175 176 177 180 
191 192 201 204 206 208 210 212 214 218 221 223 
224 227 228 229 230 235 237 242 246 247 249 256 
257 259 263 266 268 269 273 274 277 279 283 285 
286 287 292 294 296 300 302 304 307 308 311 313 
314 315 320 321 331 333 334 336 338 349 350 352 
355 360 361 363 366 369 370 374 376 379 382 384 
389 390 393 395 396 400 407 409 415 433 444 445 
447 453 457 458 461 464 465 467 468 469 478 480 
484 486 490 491 498 501 505 507 517 518 519 520 
530 535 538 551 556 557 565 566 570 573 574 577 
582 587 588 589 593 594 605 607 608 609 613 616 
619 624 625 629 633 636 639 642 644 646 647 650 
653 655 657 662 665 670 674 675 678 679 685 694 
696 701 717 719 721 723 724 726 729 733 735 736 
739 742 744 748 749 750 752 755 756 758 759 761 
764 766 768 769 774 778 781 782 785 791 796 800 
237
1 5 8 14 18 19 20 21 22 23 24 25 
27 34 40 41 50 55 56 58 63 70 76 78 
83 85 93 94 95 100 103 104 106 118 126 128 
132 133 136 141 144 153 157 159 161 162 166 173 
174 175 178 181 183 186 189 199 200 201 202 203 
207 210 214 217 219 220 222 223 224 226 232 245 
247 249 250 251 260 266 269 272 273 276 285 289 
292 293 297 305 307 308 309 311 315 320 324 329 
333 337 340 341 343 347 350 354 357 359 360 362 
363 364 366 368 371 372 373 376 377 380 382 384 
386 388 389 395 400 402 409 414 417 422 425 435 
437 443 444 450 452 454 460 462 467 473 478 479 
480 497 498 502 506 507 508 509 519 521 522 523 
524 530 535 537 551 552 556 557 558 562 570 575 
577 579 581 586 590 596 598 603 604 609 611 613 
614 616 619 622 623 627 639 647 650 677 680 682 
683 685 686 688 692 695 696 698 700 703 709 712 
714 715 721 722 724 726 727 729 730 731 738 740 
741 747 749 753 755 759 762 767 768 773 775 776 
782 786 787 789 790 791 795 796 800 
245
2 10 11 13 19 20 29 33 38 40 41 43 
45 48 52 54 55 58 59 62 63 65 69 72 
73 76 77 78 79 80 82 93 96 98 101 103 
104 105 110 111 112 116 118 120 122 125 133 136 
139 140 142 145 147 150 151 152 153 159 163 164 
167 170 172 173 177 178 181 182 187 189 191 201 
202 205 206 208 210 212 221 224 240 241 246 247 
249 251 262 263 268 269 274 277 278 285 288 291 
292 294 297 298 302 308 310 311 316 319 321 324 
325 332 334 335 341 343 344 349 354 355 366 369 
375 380 381 386 393 396 399 402 407 412 416 418 
419 423 426 428 445 448 449 450 452 455 458 461 
466 468 470 475 480 486 490 496 497 498 504 505 
507 508 515 519 524 527 530 536 538 539 540 546 
552 557 564 566 577 578 579 583 584 585 589 590 
592 597 603 605 607 611 614 615 617 621 624 627 
631 633 636 638 640 641 646 650 651 653 656 658 
659 664 668 670 673 678 679 680 686 688 689 690 
691 697 698 702 714 718 720 721 722 725 731 733 
742 748 749 750 751 752 757 760 761 762 772 779 
780 782 792 795 799 
244
5 7 13 22 25 28 31 42 43 44 50 51 
55 60 63 64 65 66 70 71 72 79 80 84 
86 90 93 98 100 101 102 103 104 107 113 115 
116 125 127 135 137 139 144 154 156 158 159 161 
163 169 171 172 173 175 176 178 185 196 197 202 
205 209 212 215 217 218 219 220 224 226 232 233 
236 238 239 240 243 245 246 249 252 254 263 268 
272 275 279 281 289 294 295 297 299 300 302 303 
304 306 309 310 312 313 316 323 326 327 332 334 
345 348 349 350 351 354 356 357 365 367 371 374 
375 383 386 399 401 406 413 414 415 416 420 423 
424 426 430 433 434 439 440 442 443 444 446 450 
453 458 460 462 463 467 470 472 477 478 485 486 
492 497 504 507 508 513 514 516 517 520 536 537 
541 542 546 547 560 561 562 563 564 566 568 572 
573 583 587 589 590 599 600 610 613 619 620 622 
629 632 636 640 642 647 649 650 652 657 658 660 
673 680 681 686 689 697 707 710 711 712 714 719 
720 721 725 727 728 732 735 740 741 742 743 745 
749 756 758 762 769 770 771 772 777 781 784 785 
794 796 798 800 
250
1 2 9 13 14 15 17 24 25 26 30 32 
39 40 43 45 47 48 52 54 55 56 60 61 
62 65 67 70 71 73 74 77 81 87 90 92 
93 96 97 98 100 104 112 115 117 119 120 122 
124 128 130 133 136 139 142 151 160 161 162 169 
171 174 181 187 188 190 192 195 196 198 199 202 
207 214 215 218 219 221 225 228 229 232 235 237 
240 249 250 254 260 261 265 273 274 277 280 281 
282 283 284 288 289 290 291 293 302 309 311 312 
315 318 321 322 325 327 332 335 337 341 342 352 
353 354 355 357 361 365 376 378 379 382 386 397 
398 399 401 405 410 413 414 419 422 423 427 446 
448 450 451 458 461 464 465 467 468 470 477 479 
480 484 486 490 491 495 500 505 510 511 512 513 
514 517 523 531 534 539 540 541 542 544 555 567 
569 573 575 578 582 588 594 598 602 604 605 608 
611 612 613 626 630 635 640 641 646 648 654 655 
658 661 664 665 667 668 670 671 672 676 681 685 
689 690 693 694 706 707 710 719 720 723 729 732 
735 739 746 748 753 754 756 757 759 760 762 771 
774 777 781 782 783 789 791 797 798 800 
228
5 9 10 11 13 20 26 28 33 41 43 50 
51 52 59 69 71 72 73 75 78 79 80 85 
86 87 88 90 96 98 104 106 108 111 113 114 
116 122 131 132 133 134 135 139 140 144 145 146 
148 150 152 153 157 163 166 170 174 177 180 181 
182 184 185 186 188 199 206 209 213 214 218 225 
226 227 233 235 238 251 252 259 262 265 267 274 
278 279 280 282 283 284 285 286 288 290 292 294 
298 299 300 301 313 318 320 325 329 333 340 342 
343 350 355 374 379 382 383 386 388 392 394 396 
399 400 407 408 412 414 421 429 437 445 446 449 
451 452 455 461 466 472 474 478 481 483 486 490 
495 499 501 506 515 516 519 522 531 532 534 536 
538 539 540 544 546 547 549 554 556 557 563 566 
572 587 597 602 606 608 610 612 613 619 626 633 
639 642 644 646 647 648 652 654 655 658 662 664 
669 671 673 674 677 678 679 680 685 687 690 693 
695 704 714 722 726 735 737 739 744 745 747 750 
751 752 753 758 761 765 767 772 776 780 782 798 
231
1 12 17 23 25 26 28 46 49 54 55 58 
64 68 70 73 74 75 79 82 84 86 89 104 
106 107 111 113 117 128 129 135 136 138 140 141 
142 145 150 151 152 154 155 158 160 162 163 168 
169 171 174 175 178 179 180 184 186 195 200 201 
203 204 206 213 214 215 227 228 230 237 239 241 
242 244 250 252 255 257 264 270 278 279 282 286 
291 295 298 300 301 307 312 314 315 318 320 325 
327 330 335 336 337 338 340 344 348 349 357 358 
359 363 374 375 380 385 387 391 398 400 401 403 
404 411 413 416 417 419 424 428 431 435 443 451 
459 465 467 472 473 480 481 483 489 490 492 496 
500 501 506 512 517 522 523 530 532 535 536 537 
538 539 543 546 548 549 550 552 553 558 559 560 
567 584 587 593 594 598 603 606 608 612 613 616 
617 618 622 624 629 633 635 641 643 647 660 663 
666 667 668 669 670 672 678 688 690 692 695 696 
698 705 708 711 716 724 726 731 732 738 740 741 
745 748 749 754 757 760 762 779 783 785 786 788 
791 797 800 
250
2 4 9 15 18 24 25 33 41 43 44 49 
53 57 58 64 65 70 71 79 81 83 86 87 
88 89 90 93 96 97 99 101 111 112 113 114 
118 119 123 124 125 134 137 143 144 148 151 159 
165 166 168 170 174 176 177 182 189 191 194 198 
199 200 201 203 204 206 211 213 217 218 220 221 
224 227 228 239 242 244 248 249 250 252 262 266 
267 269 273 280 283 289 290 292 294 296 297 298 
303 305 308 312 313 317 322 327 330 333 338 343 
346 348 354 360 362 366 370 373 375 382 388 389 
390 391 393 404 405 410 411 414 430 431 440 442 
443 445 447 452 454 461 472 478 483 485 488 490 
492 496 498 500 503 506 507 508 509 510 511 512 
513 514 515 516 526 527 531 536 537 538 540 547 
550 551 553 558 559 564 565 566 567 569 572 574 
575 576 581 585 586 587 593 594 597 604 613 616 
618 623 625 628 629 632 638 647 657 660 661 665 
666 668 676 677 679 684 687 688 689 691 700 706 
711 713 715 717 722 728 729 734 735 736 737 746 
747 751 754 755 758 760 762 764 768 769 770 772 
773 774 779 780 782 783 785 789 792 794 
225
4 7 10 18 29 31 33 39 42 43 44 45 
48 52 53 56 57 58 63 67 69 75 92 94 
95 98 109 110 111 112 113 119 124 133 135 136 
137 141 146 150 152 153 158 159 161 165 167 168 
172 173 177 179 189 200 206 214 218 221 226 229 
230 231 233 242 248 249 262 275 276 280 281 282 
283 284 292 304 307 308 309 313 315 317 344 345 
346 350 351 354 355 369 373 374 378 380 387 388 
389 390 394 407 409 410 413 416 419 421 424 429 
431 434 436 437 448 452 454 456 457 461 464 468 
474 475 476 478 479 480 483 487 502 504 507 510 
517 524 525 536 537 538 541 542 545 548 550 557 
558 559 560 561 569 570 573 575 580 581 582 587 
588 590 595 598 600 605 608 610 611 616 631 633 
640 641 643 645 646 648 649 651 656 662 664 665 
666 667 669 672 673 676 679 683 687 690 693 696 
697 701 702 704 709 713 717 718 720 721 722 724 
730 732 741 742 744 749 751 755 757 759 760 762 
766 770 773 779 786 792 794 796 800 
232
1 4 10 15 17 18 19 21 23 28 29 35 
38 40 41 48 49 50 51 52 53 54 57 59 
60 63 64 68 71 74 76 79 82 88 93 94 
97 98 99 100 102 103 110 113 114 115 116 117 
119 121 123 145 146 153 156 163 169 170 174 176 
179 180 184 196 198 199 201 203 210 212 213 215 
217 218 219 220 224 225 232 233 234 239 242 243 
245 249 261 262 266 268 269 271 272 273 285 289 
295 298 300 309 317 320 325 326 334 336 337 343 
345 348 355 356 358 361 364 367 370 373 374 378 
382 383 389 392 396 399 406 410 417 418 419 421 
422 423 424 426 427 433 435 437 439 440 441 442 
445 446 448 458 461 462 467 468 469 475 479 481 
493 500 503 504 506 507 510 512 513 518 532 533 
534 543 544 545 546 548 549 552 555 558 560 561 
564 565 567 568 576 587 596 603 607 610 617 618 
626 630 632 636 640 641 642 646 651 657 659 663 
666 669 672 673 677 685 686 688 696 698 702 709 
714 720 721 724 726 728 746 749 752 754 762 763 
781 782 791 795 
222
1 2 4 9 19 21 29 30 38 43 44 45 
46 47 49 58 62 66 67 68 76 77 86 88 
92 101 102 103 104 105 107 109 116 117 118 119 
122 123 124 127 134 135 143 149 152 153 155 157 
161 169 171 174 178 188 195 196 202 204 206 208 
214 215 216 217 218 224 227 228 231 233 234 236 
239 240 244 246 249 257 260 265 266 269 273 274 
277 279 280 287 288 296 297 301 304 308 310 317 
318 325 328 335 346 347 349 353 356 359 360 362 
367 368 372 379 380 386 392 400 401 409 411 412 
413 414 416 418 419 421 423 424 429 430 433 440 
442 446 452 459 461 463 473 474 478 483 488 490 
491 493 495 500 502 507 509 511 512 513 514 519 
520 521 533 535 536 538 540 554 562 563 565 575 
580 581 582 584 586 587 597 602 611 612 615 624 
627 640 645 651 653 659 662 663 667 668 673 681 
682 686 687 694 695 702 710 713 714 719 720 724 
736 740 743 748 749 753 754 756 758 763 765 783 
784 785 788 790 791 799 
231
1 2 12 17 20 21 22 34 39 40 44 46 
47 48 49 51 54 55 61 63 66 75 79 83 
85 86 87 90 91 93 94 100 104 105 108 115 
117 119 122 130 132 136 137 138 146 150 151 156 
163 169 171 179 182 185 188 189 190 195 196 198 
199 200 202 210 216 224 225 229 233 234 240 250 
251 253 256 257 258 260 262 263 267 268 270 272 
273 277 280 285 290 294 297 309 310 312 317 324 
327 328 331 333 344 345 349 351 354 365 366 367 
368 370 375 376 382 383 386 389 392 399 402 405 
406 410 412 413 414 416 418 421 423 424 426 427 
430 440 455 457 463 466 467 469 471 479 484 486 
490 493 503 505 508 515 517 519 527 534 538 542 
548 549 550 551 553 554 555 557 558 561 562 569 
571 574 577 582 585 586 608 610 611 621 623 624 
625 627 633 636 642 650 656 657 663 665 666 668 
669 670 677 680 682 683 686 690 695 700 705 710 
716 720 722 726 729 731 732 734 736 738 740 744 
746 749 750 752 759 761 764 766 767 769 782 788 
790 793 797 
240
1 9 13 21 25 32 34 37 38 45 48 49 
50 52 58 62 64 65 66 73 74 76 78 83 
84 87 90 92 94 102 104 105 109 110 114 117 
120 122 123 124 125 126 128 137 140 141 147 148 
149 150 151 156 166 167 175 177 179 186 188 190 
191 192 194 200 202 206 210 211 212 213 216 217 
218 220 224 226 227 229 240 245 247 249 254 255 
256 257 258 261 263 278 279 280 284 288 289 290 
292 293 294 299 300 302 304 310 320 322 325 326 
328 329 334 339 344 348 350 354 358 362 365 368 
371 372 376 386 388 389 393 394 396 398 401 403 
404 416 418 430 435 436 437 438 439 443 446 448 
450 452 456 457 459 462 463 469 473 475 479 492 
493 494 495 497 498 504 505 511 512 513 514 524 
528 529 546 549 556 558 559 562 564 566 570 572 
575 579 581 582 590 591 592 594 595 597 598 599 
602 603 609 620 624 625 626 629 631 637 638 641 
646 647 658 659 662 665 667 668 673 674 679 690 
693 699 702 707 709 721 727 743 755 756 757 759 
761 762 763 767 769 772 775 779 788 789 791 792 
225
5 7 10 13 15 22 23 25 26 29 33 36 
42 51 55 65 67 71 74 76 79 90 92 93 
103 104 106 107 111 115 117 120 124 125 126 131 
132 142 148 149 153 155 160 161 165 170 174 186 
189 191 192 195 204 205 207 211 212 214 218 219 
221 223 225 231 232 233 237 240 259 265 267 268 
271 274 279 280 284 286 293 294 296 297 302 303 
304 309 310 312 314 315 317 323 324 332 333 334 
337 339 340 345 351 354 356 357 362 363 366 374 
378 379 383 386 390 392 395 398 400 401 405 406 
407 408 412 413 416 424 425 427 428 431 433 434 
440 441 452 463 466 470 472 478 479 480 489 493 
502 505 509 513 516 525 526 529 532 533 535 542 
550 554 555 558 560 564 568 570 573 575 587 588 
592 593 606 607 608 615 625 626 629 631 633 635 
639 640 643 644 651 654 656 662 665 666 667 670 
674 675 679 688 693 696 702 703 704 706 710 711 
717 718 719 737 738 744 750 753 757 760 765 766 
767 774 777 778 782 786 787 793 796 
234
2 5 8 10 16 25 26 27 33 35 41 44 
47 49 57 61 63 67 68 69 71 74 76 79 
81 82 87 88 94 96 101 102 107 115 117 121 
126 134 135 138 142 150 152 153 155 165 166 168 
169 174 176 177 179 181 186 189 191 193 196 204 
205 206 214 215 217 219 221 226 235 236 238 244 
246 251 256 259 261 263 266 267 271 274 280 285 
287 291 293 297 303 307 308 313 314 315 319 322 
323 331 333 337 338 339 341 343 344 345 346 349 
351 352 358 359 362 365 370 372 373 375 387 395 
403 406 407 409 410 419 424 425 430 431 432 437 
439 440 441 444 445 454 455 458 461 464 473 474 
483 485 488 493 494 497 501 506 508 516 519 521 
524 526 530 531 541 544 548 554 555 556 561 562 
565 570 573 577 578 579 582 594 597 598 602 603 
604 606 607 613 616 617 620 623 629 633 636 638 
639 640 641 646 652 664 673 675 684 685 689 690 
691 693 695 699 700 707 715 717 720 725 735 745 
747 754 756 761 762 766 767 770 771 775 780 785 
788 789 794 795 796 800 
254
1 5 6 9 10 12 13 16 19 20 22 26 
27 31 36 38 40 42 44 45 46 48 49 51 
52 56 58 60 62 69 70 73 74 77 78 84 
85 87 88 89 92 95 98 99 110 111 113 116 
120 130 136 142 143 144 145 146 150 151 160 161 
163 165 169 170 177 178 182 184 186 187 188 195 
204 206 207 208 213 215 221 229 233 246 249 252 
254 260 262 268 270 271 272 273 275 278 279 283 
284 297 298 299 302 303 305 308 311 312 316 320 
324 329 334 335 338 339 340 347 351 355 356 357 
358 360 362 363 365 367 375 378 383 384 391 395 
397 401 404 419 429 430 432 434 436 449 453 455 
458 467 471 474 480 485 487 488 497 498 499 502 
503 505 514 516 517 522 525 526 528 533 534 537 
540 544 547 549 554 556 557 560 561 562 568 569 
570 574 576 581 584 588 590 592 593 596 597 600 
601 603 605 606 609 610 612 615 630 631 632 634 
635 637 645 646 647 649 652 654 655 660 664 666 
669 670 674 677 684 686 688 691 696 706 707 717 
718 721 723 730 736 739 743 744 746 751 754 755 
757 760 763 765 768 769 777 782 786 787 790 793 
796 799 
241
3 4 5 6 10 13 15 16 17 18 19 20 
21 22 25 26 29 35 38 40 41 43 45 46 
49 52 53 55 58 59 60 65 67 72 74 76 
79 80 82 93 94 101 102 103 106 109 113 116 
119 120 121 129 136 137 144 145 148 155 156 160 
162 171 181 182 184 188 194 197 200 205 207 208 
213 222 224 227 230 235 236 237 246 247 250 257 
267 271 273 278 280 281 282 289 290 292 298 303 
305 309 311 313 320 321 324 325 327 328 329 331 
332 335 336 337 338 339 341 345 349 351 353 354 
360 364 371 375 376 377 384 389 396 397 398 404 
409 410 413 419 420 423 426 427 431 433 434 436 
439 445 448 453 457 469 471 475 476 477 485 487 
489 492 493 494 498 499 501 507 508 517 518 525 
531 532 544 545 547 548 550 553 563 570 571 573 
585 589 591 604 606 610 613 615 618 621 622 623 
630 632 636 637 652 659 661 663 668 671 672 674 
677 680 681 684 691 692 693 707 716 719 722 727 
731 734 737 738 739 740 742 743 745 751 754 770 
776 777 781 783 784 785 786 787 788 791 793 798 
799 
229
1 7 9 11 12 13 14 15 24 27 31 37 
38 39 42 43 44 50 52 54 63 67 69 72 
74 76 78 80 82 84 88 89 90 94 95 104 
107 110 119 130 135 138 143 144 145 151 152 161 
162 164 166 168 175 177 178 180 181 184 189 191 
192 193 196 204 208 211 214 223 225 227 229 230 
235 241 246 249 251 253 254 256 257 260 261 262 
264 269 272 273 279 281 283 285 289 299 300 303 
304 307 314 317 318 319 323 330 340 341 344 347 
351 357 358 360 361 363 365 369 372 374 375 378 
385 400 407 408 413 417 435 437 438 440 446 449 
458 467 472 473 478 482 488 490 496 501 502 505 
510 512 514 516 526 531 533 534 539 542 550 555 
561 567 570 582 584 585 586 591 596 599 604 608 
609 616 617 619 620 627 628 630 632 635 636 641 
647 648 651 655 656 658 660 662 667 673 675 678 
679 686 689 694 695 698 707 710 715 721 726 730 
731 732 736 746 750 752 754 756 757 759 760 764 
765 766 771 773 781 783 784 786 788 790 793 795 
800 
234
3 4 6 10 11 12 17 18 19 23 26 27 
34 35 39 42 48 60 64 68 69 70 72 77 
78 79 81 83 84 86 87 88 91 99 101 103 
104 110 114 116 123 124 127 130 131 135 137 138 
139 144 147 152 153 160 161 163 164 166 175 185 
190 191 193 195 204 205 209 217 220 221 224 231 
232 234 242 250 252 254 256 259 261 266 269 271 
273 274 282 287 293 296 306 312 313 315 317 319 
324 328 329 330 333 342 346 349 351 356 360 363 
364 367 371 376 377 379 380 382 387 388 390 392 
400 409 417 418 419 420 425 428 433 434 435 436 
437 439 441 442 443 445 446 449 450 452 453 454 
456 464 475 483 486 496 506 515 518 524 532 533 
534 536 550 551 552 555 565 568 569 571 572 573 
577 579 581 582 584 591 598 607 610 612 614 616 
625 626 629 632 634 637 638 642 643 644 648 661 
667 670 672 676 677 679 680 689 694 699 700 702 
704 706 710 712 715 719 721 723 727 730 731 735 
736 744 745 747 752 754 758 760 765 770 774 779 
780 782 783 784 793 799 
248
4 5 6 9 10 11 12 15 16 20 23 25 
27 31 32 34 38 39 40 41 46 49 50 53 
61 65 67 71 73 75 76 77 78 79 80 82 
83 86 94 95 96 97 98 99 101 102 103 109 
111 120 124 125 126 130 131 132 135 141 143 151 
153 154 155 156 161 164 170 182 183 190 193 195 
197 199 203 205 206 207 214 215 220 225 227 232 
233 235 236 243 252 256 258 260 262 264 269 271 
273 277 281 283 285 291 293 299 309 311 314 321 
322 327 332 338 343 344 345 347 354 363 365 368 
372 378 380 383 386 387 391 402 406 409 413 419 
427 428 429 434 435 445 446 450 451 453 454 456 
460 475 477 478 480 484 487 489 495 496 500 506 
508 514 515 520 533 542 543 549 552 553 554 555 
560 561 562 566 567 578 584 585 587 596 597 602 
604 609 610 611 620 621 627 631 637 649 658 660 
661 664 666 670 673 676 678 681 682 684 686 687 
689 690 692 699 705 708 710 711 712 715 717 718 
720 722 725 732 734 735 736 738 740 742 743 745 
746 747 748 751 760 766 769 771 772 774 777 778 
782 784 791 792 793 794 796 799 
217
2 3 4 11 13 17 22 24 28 35 41 48 
50 56 62 63 68 75 78 80 81 82 92 97 
99 100 107 116 117 118 120 122 123 125 128 131 
134 135 139 141 149 153 156 160 164 171 172 176 
177 179 185 187 188 192 199 208 210 211 212 214 
217 219 228 229 234 235 236 240 241 251 252 253 
259 279 291 303 306 307 318 319 321 322 323 325 
333 335 336 339 340 342 351 353 354 356 359 360 
363 369 373 376 381 384 388 389 407 408 410 412 
424 425 427 431 432 435 436 443 444 445 447 449 
456 459 460 466 468 469 470 479 482 483 487 488 
491 498 506 507 509 512 515 519 523 527 528 532 
536 538 539 541 542 550 553 563 571 575 576 585 
589 594 601 608 610 613 616 623 626 628 639 643 
644 645 648 656 658 659 661 663 665 668 675 678 
683 693 694 695 696 697 698 702 705 706 710 720 
721 727 731 732 734 737 739 740 743 746 751 754 
755 756 760 761 766 770 780 783 785 791 792 799 
800 
239
3 4 6 9 12 13 14 17 18 20 21 24 
25 27 28 29 33 34 36 38 40 41 43 45 
47 48 54 55 58 60 61 62 71 75 76 80 
84 86 88 90 91 96 98 99 100 101 107 114 
115 120 121 122 127 132 136 137 140 144 145 150 
151 153 156 166 167 168 175 179 181 183 186 187 
188 189 190 192 195 197 198 201 202 204 205 208 
211 220 225 226 232 237 238 240 245 247 256 257 
260 261 264 266 270 271 272 278 279 281 286 295 
297 303 306 307 308 310 313 321 327 329 338 341 
354 360 367 369 372 377 378 379 380 382 387 391 
393 397 398 404 406 410 420 424 425 444 448 452 
454 457 465 466 468 470 474 476 478 479 481 483 
485 489 490 495 496 498 499 500 505 506 514 535 
542 552 557 558 559 566 569 571 574 583 584 586 
592 595 598 599 603 607 608 612 615 616 619 620 
626 631 639 644 646 647 648 650 654 658 662 683 
690 691 694 695 699 703 704 706 707 712 713 714 
720 723 726 727 740 742 744 747 757 765 766 767 
768 769 778 779 784 785 789 792 793 798 799 
251
3 7 8 10 12 17 18 19 22 27 37 38 
40 41 45 52 53 55 59 60 62 63 64 70 
73 76 82 86 92 99 102 104 105 107 110 112 
117 118 123 125 127 133 136 138 141 142 147 148 
154 156 157 158 160 164 170 171 178 188 191 194 
195 197 198 199 201 203 205 211 212 213 214 215 
217 219 221 225 232 237 240 242 250 252 260 262 
264 265 266 268 269 270 271 273 274 279 281 290 
293 294 299 305 308 309 318 322 326 327 329 330 
334 336 338 342 343 344 345 347 348 351 352 355 
365 368 369 373 379 381 383 385 387 390 398 405 
409 410 412 413 419 420 421 429 433 439 443 446 
451 452 454 458 467 469 471 473 474 475 478 483 
484 495 496 498 501 503 505 510 511 516 522 523 
529 530 536 540 541 542 544 545 547 550 553 560 
562 565 567 571 575 578 581 583 585 587 589 591 
595 596 599 603 606 614 616 620 621 622 626 628 
630 631 632 635 642 644 646 652 654 662 670 672 
675 678 680 682 686 688 692 698 703 707 708 709 
717 721 723 725 734 735 736 738 742 743 747 749 
751 757 767 770 773 777 781 786 788 798 799 
246
4 13 24 30 33 34 39 41 42 45 49 52 
53 60 62 66 67 71 77 79 85 90 92 96 
97 98 99 101 104 107 109 110 111 113 122 127 
128 144 145 147 152 156 157 158 162 163 164 167 
176 181 184 186 193 195 198 205 210 211 214 215 
221 226 232 237 238 242 244 246 248 249 255 258 
261 264 265 268 269 274 275 279 280 282 284 289 
300 304 306 315 317 322 328 331 334 336 339 340 
345 351 352 354 356 358 359 360 362 363 364 365 
367 368 372 376 384 386 390 394 397 400 404 406 
409 410 411 414 422 423 424 425 427 429 430 433 
434 435 437 444 445 450 456 460 461 466 470 471 
477 478 479 480 486 506 513 517 518 520 521 522 
528 531 533 535 536 542 547 550 552 557 559 560 
561 566 569 572 574 576 577 579 594 600 602 604 
606 608 611 612 613 614 615 616 619 620 624 629 
634 635 636 637 639 648 650 651 654 659 662 668 
669 670 673 674 677 678 680 682 685 686 691 692 
695 702 712 720 730 734 735 742 746 747 749 751 
754 755 759 760 763 766 768 769 771 772 773 777 
779 785 794 797 798 799 
244
2 8 12 13 15 25 29 31 33 35 38 39 
40 50 56 58 61 72 74 75 81 82 84 85 
97 98 100 103 107 109 111 116 119 120 121 122 
124 127 131 140 148 159 164 166 177 183 190 191 
192 193 197 199 201 205 208 210 211 213 217 218 
219 230 239 241 242 245 246 247 248 250 255 256 
258 265 268 269 275 277 279 284 285 291 294 295 
296 298 305 312 316 320 321 323 325 327 333 336 
338 339 345 347 349 350 353 357 358 362 375 376 
378 380 381 383 384 391 394 396 410 413 416 417 
419 420 421 423 432 436 438 440 443 447 453 456 
459 460 463 469 472 475 476 478 487 489 491 494 
495 498 499 502 503 508 510 511 514 516 519 527 
528 532 534 535 536 537 538 540 543 551 552 554 
557 558 561 564 572 574 576 578 580 581 588 589 
591 595 597 598 599 606 609 616 623 625 627 630 
632 633 634 637 639 641 646 647 648 653 659 665 
675 678 679 680 683 686 693 696 697 700 704 706 
708 710 714 715 716 717 719 744 747 750 752 755 
756 757 758 762 768 771 779 780 782 785 788 790 
795 797 798 800 
248
3 6 7 10 11 13 18 19 23 26 29 33 
35 40 44 45 53 56 58 60 62 64 65 71 
74 75 78 81 87 92 97 98 100 102 104 107 
121 122 131 134 137 138 139 144 146 147 154 155 
157 159 162 164 165 168 170 173 174 176 180 182 
185 186 189 192 193 198 214 215 216 221 222 228 
232 234 235 240 242 244 245 246 247 249 252 253 
257 260 261 264 266 267 276 286 287 289 290 292 
303 304 306 307 308 311 319 327 329 334 335 339 
345 346 347 349 351 352 353 355 363 366 368 369 
373 374 380 382 388 390 396 398 400 405 407 408 
411 415 420 422 425 426 429 432 437 440 442 446 
447 458 459 467 469 479 482 486 488 489 490 491 
493 497 501 512 514 516 519 520 522 523 530 534 
535 538 541 544 548 549 553 560 561 567 570 571 
572 577 578 583 584 589 590 592 594 596 598 599 
611 615 617 622 624 625 629 630 639 643 660 665 
669 673 675 687 690 695 696 697 702 703 705 708 
710 713 716 717 720 722 723 725 729 733 735 738 
742 743 745 748 749 752 757 762 763 764 778 780 
783 784 785 787 791 794 795 798 
254
1 2 10 15 18 20 23 24 32 36 38 48 
52 53 54 55 56 57 59 60 62 64 69 74 
76 80 82 84 85 89 90 91 98 99 100 103 
104 105 106 110 113 115 116 119 121 124 131 132 
140 142 148 150 151 152 169 178 181 182 184 185 
194 195 197 198 201 203 206 208 210 211 212 214 
217 218 219 220 223 224 227 229 232 238 245 248 
249 250 253 255 256 259 263 266 267 268 271 275 
280 286 287 296 297 298 299 308 309 310 311 313 
318 319 320 323 325 327 329 331 332 334 335 339 
345 355 363 364 368 370 373 374 379 383 387 391 
393 394 398 400 403 409 418 419 422 427 428 431 
438 440 441 443 446 450 452 455 457 463 464 467 
483 495 501 510 512 514 519 520 521 523 524 527 
528 536 537 540 545 546 547 558 559 561 562 564 
565 566 572 573 575 579 580 582 584 586 593 594 
595 604 606 607 613 623 630 633 634 642 645 646 
651 652 653 655 656 662 663 666 669 670 672 676 
679 680 681 682 683 688 690 691 699 702 704 706 
711 713 714 725 727 729 734 735 738 749 750 752 
753 755 756 758 762 768 769 773 774 792 794 795 
796 799 
241
3 5 8 11 12 13 14 15 18 32 33 34 
42 43 50 59 60 61 62 64 68 69 71 73 
79 93 97 99 101 103 104 105 106 111 112 114 
120 121 124 125 127 129 132 140 142 143 144 145 
146 147 148 149 151 154 161 169 175 181 187 188 
192 194 199 201 212 215 216 218 226 227 228 233 
234 235 246 247 250 253 255 260 263 274 276 281 
282 283 285 291 298 304 307 308 311 312 314 315 
318 319 323 326 327 332 335 339 340 344 345 349 
350 352 359 362 367 368 370 371 374 380 383 384 
385 386 387 389 391 394 399 408 416 418 419 425 
426 427 430 437 440 442 448 451 452 453 461 466 
472 473 474 476 477 478 480 481 482 486 488 491 
495 503 504 505 511 512 516 517 518 527 528 529 
536 538 540 542 544 545 554 555 557 561 566 569 
571 575 576 577 579 585 586 591 595 596 599 603 
604 612 613 614 620 623 624 627 628 636 641 643 
644 647 648 649 654 657 659 670 678 682 702 705 
706 710 720 721 730 735 740 743 750 752 756 763 
764 768 769 771 775 777 782 784 785 786 787 790 
793 
243
6 7 9 16 18 19 21 23 26 28 30 40 
42 45 46 48 66 76 81 84 86 90 97 109 
111 114 115 117 123 127 130 133 139 142 147 148 
149 153 154 157 158 163 176 183 190 194 195 200 
203 205 206 207 209 210 212 214 218 224 227 228 
231 237 241 243 248 250 252 255 257 258 261 266 
269 270 273 275 278 290 297 298 299 304 305 306 
311 316 319 320 327 329 332 337 340 342 343 347 
355 356 359 362 368 369 371 376 378 385 386 391 
392 397 398 400 407 408 409 415 416 420 421 425 
428 429 432 436 437 441 442 448 450 455 458 459 
461 467 468 473 474 478 484 487 492 495 496 505 
506 509 512 516 518 526 528 530 531 533 544 547 
548 551 552 553 554 556 557 559 564 565 576 579 
580 583 586 594 598 599 604 608 610 611 613 617 
622 627 631 632 636 637 641 643 644 648 649 651 
654 656 657 661 670 672 674 676 677 678 685 688 
689 690 694 696 698 704 707 709 712 718 724 727 
728 732 733 738 740 743 744 745 749 750 754 760 
761 764 766 767 772 774 777 778 779 782 783 792 
794 795 797 
233
3 9 11 14 15 16 23 24 26 27 30 44 
45 50 56 58 63 69 73 78 80 87 94 95 
96 99 100 103 104 111 114 118 121 130 132 134 
138 141 142 153 158 159 162 164 165 167 169 170 
171 175 178 180 183 186 193 195 196 201 206 208 
224 225 227 233 234 235 236 238 242 243 244 250 
261 263 264 266 267 268 270 272 274 275 277 282 
287 290 292 294 296 298 306 310 311 312 315 323 
326 327 329 331 333 336 344 347 352 353 354 357 
361 363 365 367 368 373 376 378 379 380 381 388 
395 398 401 403 404 408 409 410 411 412 415 417 
418 421 422 424 425 434 435 437 439 441 443 449 
451 452 457 460 467 469 483 494 499 501 502 507 
508 509 520 521 526 531 535 536 542 545 547 549 
556 560 561 574 575 587 595 597 599 600 602 609 
615 625 632 635 636 642 643 645 648 654 656 660 
663 664 670 676 680 681 688 689 691 694 695 697 
699 705 710 711 713 717 730 732 733 741 747 750 
751 752 758 764 765 766 767 769 771 772 773 774 
777 778 790 796 798 
227
2 3 7 8 12 21 24 27 30 32 33 38 
41 42 44 45 49 50 54 57 63 75 78 80 
86 87 89 90 96 111 113 114 115 118 119 123 
124 125 129 131 139 140 141 149 153 157 159 160 
162 171 174 178 181 188 190 194 199 200 215 219 
221 228 233 239 249 251 255 263 265 266 267 272 
274 280 283 285 289 293 295 296 297 298 299 303 
304 308 309 310 311 313 317 320 324 325 326 328 
333 337 338 342 343 351 356 365 369 372 373 378 
383 388 391 400 401 405 410 414 418 422 426 429 
432 436 438 443 444 445 450 451 455 458 462 464 
466 467 472 477 478 490 492 494 495 497 507 512 
514 519 522 525 528 530 531 532 534 539 545 551 
552 563 566 568 580 582 584 588 593 596 600 604 
608 613 616 620 621 626 627 632 633 635 637 638 
641 642 644 647 648 662 663 666 667 670 675 676 
681 688 689 691 692 693 700 712 713 715 729 731 
732 736 737 743 746 747 752 753 756 757 761 766 
768 769 770 771 772 773 786 787 788 797 798 
228
4 6 8 12 14 31 33 34 38 44 48 50 
53 54 56 63 64 69 75 82 93 97 101 102 
108 110 113 116 117 124 127 128 132 133 138 147 
157 158 159 160 163 173 174 176 177 178 179 181 
186 187 189 190 191 192 193 196 199 201 207 213 
217 223 224 233 239 240 242 245 250 254 260 269 
288 293 295 296 297 299 304 308 309 310 313 314 
318 321 322 326 327 328 329 330 331 334 336 342 
344 346 347 349 357 358 361 363 364 369 372 373 
380 388 392 395 397 398 404 411 413 416 418 419 
421 426 429 430 431 440 441 442 445 450 451 452 
454 457 461 465 468 474 476 481 482 483 486 487 
489 491 504 505 506 511 516 520 525 526 533 536 
539 541 544 547 551 552 566 567 569 570 576 589 
590 591 592 595 598 600 607 608 609 614 616 617 
618 622 628 630 632 643 648 649 653 654 658 660 
663 680 689 690 692 693 695 698 701 702 707 710 
715 717 719 724 727 730 732 735 737 743 746 749 
757 759 763 766 767 769 775 781 784 787 788 791 
255
3 16 18 19 23 25 27 32 41 42 43 46 
51 53 57 59 60 70 71 72 74 76 83 85 
86 94 95 98 100 101 103 105 108 109 110 111 
113 115 117 120 121 123 128 130 136 139 148 153 
156 157 159 161 164 166 175 179 182 183 187 189 
194 195 196 198 202 207 208 209 210 211 215 233 
234 236 238 240 244 247 253 254 258 262 263 267 
268 275 276 278 288 291 301 309 310 311 317 320 
326 327 328 330 332 339 340 341 342 344 356 361 
364 367 369 371 380 383 385 388 389 390 400 401 
402 404 408 409 414 415 431 435 438 439 440 442 
443 445 448 449 450 451 453 454 456 460 461 463 
467 469 473 478 479 482 484 489 490 492 494 500 
501 503 505 507 508 513 515 516 524 526 527 529 
530 541 546 553 557 560 561 563 566 567 570 582 
585 586 592 593 595 596 599 604 605 606 609 615 
617 620 621 622 626 627 628 633 636 639 640 648 
651 652 655 657 660 663 672 676 680 682 684 687 
690 692 694 695 698 701 703 716 721 722 724 726 
730 731 738 740 742 746 750 751 752 753 754 757 
760 761 762 764 765 769 773 777 781 786 787 788 
789 791 795 
220
4 10 11 16 20 25 26 28 29 32 36 37 
39 42 45 51 53 54 57 64 65 76 78 81 
84 86 88 91 93 103 108 116 120 122 123 125 
126 128 130 131 133 135 137 138 142 143 147 150 
152 153 166 173 174 176 185 188 189 191 196 198 
199 203 204 205 208 210 216 218 230 231 232 235 
239 244 247 252 256 261 264 266 269 275 279 285 
290 291 293 297 299 306 309 312 313 318 326 327 
340 350 351 355 359 367 372 382 383 384 386 390 
393 396 400 401 405 407 410 411 412 417 420 422 
425 431 434 435 436 440 446 450 454 457 458 462 
468 472 474 476 485 489 492 493 500 507 509 519 
527 529 537 548 551 552 554 558 565 571 572 578 
582 585 588 591 593 596 599 611 615 618 619 622 
623 628 632 633 636 637 639 640 641 642 644 650 
658 662 664 665 673 674 676 683 688 695 697 698 
700 710 711 712 714 718 725 733 735 737 739 740 
743 745 746 747 749 754 757 758 759 764 776 791 
792 797 799 800 
247
4 7 12 15 22 25 26 28 29 30 36 38 
41 42 45 46 47 49 52 54 56 62 63 69 
70 73 75 78 79 80 82 83 87 88 89 92 
99 100 102 103 104 106 117 118 122 129 131 144 
146 152 153 155 157 159 161 162 164 167 171 173 
175 177 180 181 183 186 190 191 197 199 205 206 
212 220 224 226 230 239 245 246 250 251 252 254 
256 259 260 265 272 276 281 284 285 298 305 306 
307 309 310 311 313 314 327 329 333 335 338 343 
345 347 348 358 360 362 366 369 371 372 378 379 
384 387 389 391 392 393 394 396 401 404 407 408 
411 413 417 422 423 426 429 430 431 436 439 447 
448 457 458 463 464 469 473 474 475 482 484 486 
493 495 496 499 502 504 510 517 519 521 523 525 
528 530 532 533 535 537 543 544 545 550 551 558 
559 562 563 568 572 574 575 576 588 589 593 598 
600 606 614 615 616 625 626 627 631 640 641 652 
653 656 657 658 660 663 664 666 668 670 673 680 
683 688 689 699 700 701 705 707 711 713 716 724 
730 734 744 746 749 753 754 758 759 760 762 769 
778 784 788 793 797 798 799 
231
10 13 14 23 24 26 28 31 32 39 43 52 
59 62 66 67 68 69 72 75 76 77 79 91 
93 94 96 98 100 102 105 108 109 114 116 118 
120 125 126 127 129 132 140 147 153 154 160 167 
168 172 175 176 181 186 187 199 209 211 217 220 
222 226 228 229 236 241 243 246 247 248 249 250 
257 258 263 264 269 270 271 272 274 275 277 279 
280 284 285 286 289 290 291 300 301 303 304 307 
313 315 316 327 333 339 342 344 346 349 352 354 
356 361 364 369 371 377 380 383 390 395 399 407 
408 416 417 422 424 426 428 430 431 432 433 436 
437 445 446 452 457 461 463 472 477 480 482 483 
490 493 497 499 503 511 516 517 521 523 525 526 
531 533 534 539 545 549 553 555 562 565 569 572 
574 576 578 582 593 600 602 606 609 612 613 618 
619 620 622 623 624 625 629 633 635 640 642 645 
650 652 656 660 661 664 671 674 677 683 684 688 
694 698 700 701 702 704 712 715 717 721 727 732 
734 738 740 751 754 756 757 766 767 768 773 785 
792 795 800 
229
2 5 7 9 13 14 20 21 24 26 27 32 
33 43 44 47 52 54 55 58 59 64 70 74 
76 80 88 89 91 94 97 98 101 102 103 113 
115 117 139 140 142 143 145 146 151 152 154 157 
159 160 162 171 172 173 175 176 178 186 197 202 
203 204 205 206 210 215 216 217 226 230 237 238 
239 247 256 257 262 265 267 268 274 275 280 283 
290 292 293 294 298 299 300 304 306 307 312 313 
315 326 336 337 342 343 350 353 360 364 381 386 
394 396 404 409 411 418 422 428 430 435 436 438 
441 442 443 444 446 448 449 451 452 454 455 456 
458 460 466 471 472 474 482 485 495 502 506 507 
512 517 518 519 525 530 533 534 539 541 548 549 
554 555 562 565 566 568 570 574 576 578 579 580 
582 585 589 592 597 598 604 611 612 615 619 623 
629 632 637 639 641 645 646 657 663 665 666 669 
671 676 679 687 690 699 700 705 709 710 717 725 
726 734 737 741 743 744 748 749 750 752 756 760 
761 763 767 770 778 781 790 791 793 794 795 799 
800 
248
1 10 12 14 18 23 32 39 42 43 44 45 
53 56 70 75 79 82 83 84 85 86 87 90 
91 96 104 107 108 110 111 113 117 120 125 126 
129 130 131 134 135 137 143 145 147 154 155 157 
162 163 165 166 171 172 186 188 192 194 196 197 
200 201 208 210 217 221 224 228 230 235 241 243 
246 253 258 259 260 263 270 272 282 295 297 299 
301 302 306 311 313 319 321 332 334 335 337 338 
339 341 345 347 349 353 354 358 360 361 366 369 
372 375 381 384 385 390 393 395 398 399 400 401 
405 409 410 411 416 420 423 424 428 429 432 433 
440 445 446 448 450 453 457 460 465 466 470 474 
475 481 482 483 494 497 498 501 502 506 512 514 
518 522 523 525 537 541 542 543 544 546 549 550 
551 554 557 570 571 572 573 576 577 579 582 585 
588 593 597 602 608 611 614 619 620 623 625 626 
628 631 633 636 638 640 644 646 647 653 654 655 
656 657 661 663 669 670 672 673 674 675 677 682 
686 687 688 693 701 704 705 708 709 713 714 720 
722 730 731 736 739 740 746 751 753 756 761 774 
777 778 781 782 789 794 796 797 
234
5 12 15 16 19 23 25 28 30 31 33 34 
35 37 38 48 51 53 54 57 65 66 71 79 
83 87 89 93 94 99 102 103 109 111 113 115 
117 121 125 128 129 130 134 147 153 154 156 161 
162 182 191 194 199 202 203 204 208 215 217 220 
222 227 229 232 238 246 249 259 260 262 268 270 
272 278 279 280 287 289 297 299 306 307 316 317 
318 320 321 322 325 326 339 342 343 346 349 350 
354 355 359 360 367 370 373 380 388 395 401 403 
404 405 406 411 413 417 418 421 423 426 430 432 
434 440 442 445 450 452 459 460 463 467 471 474 
481 482 495 496 498 499 503 507 515 518 520 525 
533 537 539 540 543 544 545 546 551 553 559 575 
576 579 582 583 584 588 590 591 593 594 595 596 
598 600 609 610 612 613 615 617 619 620 621 622 
626 628 629 630 631 635 636 640 643 645 650 651 
654 658 664 671 676 678 681 683 686 689 690 691 
695 700 702 706 707 712 715 719 723 727 728 731 
737 746 753 758 759 760 761 762 763 772 773 780 
786 788 789 794 796 797 
247
8 15 17 24 27 29 32 33 34 35 37 40 
44 55 58 60 67 68 69 72 74 78 79 82 
83 85 88 89 92 95 96 99 103 105 107 115 
117 118 125 130 131 135 136 137 139 140 142 146 
156 158 162 167 168 169 175 179 182 183 184 188 
189 191 193 196 200 202 203 204 205 209 210 212 
218 219 220 234 242 245 248 261 265 270 271 275 
277 279 281 283 287 291 293 294 296 298 302 307 
313 314 315 320 323 324 325 326 329 335 338 340 
342 353 354 357 362 363 368 369 378 379 384 385 
386 387 388 393 402 403 404 413 427 429 430 434 
436 444 445 448 452 457 458 467 468 472 476 487 
488 491 492 493 494 495 497 506 507 511 512 517 
518 521 523 531 534 535 538 542 548 549 550 551 
552 555 559 560 563 564 567 569 570 573 575 576 
577 581 584 586 587 588 589 592 594 595 607 610 
612 614 615 616 618 622 631 637 649 650 654 659 
665 669 671 673 681 682 684 685 695 699 700 702 
706 707 708 709 711 713 722 723 725 728 729 733 
737 738 742 744 745 751 758 765 769 770 779 780 
783 786 788 789 790 796 798 
229
4 11 13 16 21 26 34 36 37 40 50 59 
60 61 68 69 70 79 83 94 100 103 106 108 
112 119 123 125 127 130 131 134 135 141 157 158 
172 173 177 180 182 185 186 189 194 198 200 201 
203 204 206 207 209 210 222 225 227 229 238 243 
245 248 249 251 252 257 263 265 269 271 276 280 
282 283 286 287 288 289 297 298 302 304 307 309 
314 315 317 328 329 330 333 335 337 344 347 349 
351 353 354 359 360 361 362 373 377 378 383 389 
391 392 395 396 399 400 401 402 405 409 410 411 
414 423 424 426 427 431 434 435 441 449 453 454 
458 461 465 470 471 480 492 495 498 504 506 507 
511 513 516 522 524 527 531 535 539 548 550 556 
562 565 566 569 573 576 581 582 583 591 592 596 
598 604 608 615 616 626 627 629 631 632 634 636 
642 643 645 650 653 655 656 658 659 661 662 665 
667 671 674 683 685 686 688 694 702 704 714 715 
717 718 730 734 735 738 742 749 750 755 760 765 
766 769 770 774 775 777 778 783 786 789 791 796 
797 
251
1 2 3 4 6 7 12 20 21 24 25 26 
30 32 34 35 36 37 38 40 48 50 55 58 
60 76 78 96 103 105 109 110 111 113 115 118 
120 121 122 128 132 137 138 153 154 156 157 160 
167 168 176 177 179 180 182 186 187 188 192 193 
201 202 205 206 207 208 209 211 213 229 232 233 
234 240 241 242 245 246 256 260 262 266 271 273 
274 276 277 284 286 287 288 291 292 293 295 298 
302 304 307 308 314 316 319 327 332 336 339 342 
343 348 355 358 359 363 365 368 370 371 373 374 
376 377 379 382 385 387 401 402 406 408 413 418 
419 420 421 422 426 435 437 444 453 455 457 462 
463 472 473 474 479 482 483 484 488 490 501 502 
505 506 507 509 521 523 524 526 527 529 536 540 
544 546 547 548 553 554 560 565 567 571 572 577 
579 582 584 585 586 587 589 590 594 600 603 604 
605 617 621 623 625 628 630 631 633 635 643 645 
646 647 648 653 658 666 667 670 672 679 682 685 
690 692 694 695 698 699 700 704 709 710 712 713 
715 716 717 720 721 729 731 734 735 737 746 747 
753 759 761 767 775 780 781 786 789 796 798 
250
10 11 13 15 21 24 26 32 39 45 48 54 
56 59 63 66 69 70 72 74 75 80 81 82 
83 88 92 99 107 119 126 128 130 132 135 139 
149 150 151 152 160 163 168 170 175 183 184 187 
190 191 194 195 199 201 211 214 215 217 218 221 
222 228 230 232 233 249 251 255 256 262 263 267 
268 271 275 280 282 285 286 290 291 292 295 297 
300 302 304 305 306 309 311 319 326 327 335 338 
343 345 350 352 358 359 360 362 371 374 383 384 
387 391 393 407 411 420 421 425 428 429 432 434 
435 441 446 449 452 457 459 462 463 464 465 470 
471 472 473 474 481 482 484 487 488 490 492 495 
496 499 505 510 511 512 514 516 517 519 520 521 
524 525 526 529 530 533 534 535 537 538 542 544 
546 552 553 554 559 563 569 571 572 574 575 577 
579 587 590 591 595 597 604 607 612 621 627 629 
632 634 640 641 642 643 645 647 654 658 662 667 
672 674 676 681 682 683 685 688 692 694 696 700 
701 709 710 715 720 721 724 727 733 734 739 743 
744 747 753 754 755 756 757 758 763 764 767 772 
775 776 777 780 781 788 791 793 796 798 
242
5 6 19 21 23 24 29 33 40 41 44 47 
48 51 52 54 56 61 63 67 71 74 75 78 
79 80 81 82 86 88 91 92 93 100 106 108 
113 114 116 117 118 123 129 133 137 138 140 147 
149 152 156 157 160 161 163 176 180 182 188 190 
191 197 199 200 206 212 228 235 239 241 246 248 
249 251 252 255 256 262 265 273 279 280 281 290 
294 295 298 302 305 307 316 317 319 325 326 327 
332 333 336 339 341 342 344 346 348 352 354 355 
356 358 361 366 370 372 380 381 384 386 387 390 
392 395 397 398 402 404 407 409 412 415 420 421 
422 424 426 429 437 439 440 445 446 449 450 452 
454 455 462 463 467 469 471 474 478 493 497 499 
500 508 510 511 513 518 520 531 541 543 544 545 
551 553 554 555 562 563 567 568 572 574 575 576 
581 585 587 588 595 602 603 604 605 608 611 616 
618 620 621 623 624 629 649 655 656 662 663 667 
668 669 672 673 675 676 679 683 687 690 695 702 
703 704 706 716 725 726 727 730 731 732 733 734 
736 738 742 745 750 753 759 766 789 790 791 792 
793 800 
233
2 3 6 14 21 25 26 27 35 36 37 44 
48 59 62 65 66 67 68 69 71 73 79 85 
86 87 89 97 99 100 102 108 112 118 124 128 
130 134 135 137 139 140 150 152 154 157 158 162 
163 165 166 168 169 171 173 175 176 178 182 196 
201 204 206 213 216 217 220 221 224 232 233 249 
251 253 254 255 261 264 268 270 273 275 277 283 
286 288 290 291 295 300 302 305 307 308 309 311 
312 314 316 321 322 330 332 338 339 341 342 351 
354 356 360 362 370 372 378 379 380 384 388 389 
399 405 407 409 416 423 425 426 428 430 433 437 
438 442 444 450 454 461 463 469 472 474 475 476 
478 480 486 487 491 492 498 499 500 501 504 507 
515 517 519 521 522 523 526 531 533 534 535 536 
541 542 543 547 550 555 558 564 568 581 582 593 
598 602 605 608 615 623 625 626 630 642 643 655 
657 664 665 670 671 672 673 674 683 691 694 695 
697 699 708 712 714 716 719 721 722 725 729 730 
739 740 741 744 745 760 761 762 766 771 774 776 
783 786 788 793 797 
232
2 3 8 9 17 21 22 34 49 51 53 58 
61 64 70 71 78 81 83 85 88 91 94 98 
99 103 104 108 110 113 116 117 118 120 122 128 
129 137 140 147 151 157 159 162 168 177 180 189 
190 191 194 196 203 204 205 206 208 209 216 219 
223 224 225 236 237 238 239 246 250 251 253 257 
265 266 269 270 274 276 285 291 292 293 300 304 
305 306 310 311 313 317 326 330 331 339 341 344 
348 350 352 353 359 362 368 375 385 388 391 393 
394 395 397 405 406 409 414 415 417 420 423 424 
428 430 440 441 447 448 450 451 453 457 458 462 
463 464 467 470 481 482 487 493 494 495 497 508 
511 517 518 520 526 529 532 533 534 537 541 548 
551 552 553 559 566 573 575 577 586 587 589 591 
596 599 609 610 611 613 614 617 620 622 626 629 
632 637 639 642 644 645 646 647 651 653 654 655 
664 667 669 670 675 676 678 679 681 686 691 698 
702 706 707 708 715 718 719 726 734 735 737 741 
743 745 748 753 756 762 764 766 767 770 777 778 
780 784 787 794 
243
2 5 6 7 8 9 15 16 18 29 31 34 
36 44 45 52 56 57 60 62 63 64 69 73 
80 82 96 102 110 114 127 128 131 134 140 144 
145 147 150 151 152 160 163 167 168 174 179 187 
189 198 200 213 217 218 221 222 223 225 227 230 
235 236 239 240 241 247 250 255 257 259 260 261 
264 265 266 267 270 273 275 276 278 279 283 286 
290 293 294 296 301 303 311 321 322 340 345 354 
355 356 357 361 362 364 365 367 368 369 377 378 
384 387 388 391 392 393 394 396 405 407 409 411 
412 413 414 415 416 422 423 426 428 431 434 446 
448 450 451 453 454 455 458 463 464 467 468 469 
477 480 482 485 487 495 501 503 504 506 508 510 
513 518 520 526 528 529 531 533 537 542 546 551 
555 559 562 563 566 567 569 570 575 579 583 585 
586 591 593 600 601 611 618 620 621 628 629 633 
635 641 646 651 652 658 659 670 674 675 677 678 
679 680 682 683 688 695 697 698 699 700 711 712 
713 716 717 720 721 722 729 731 732 738 741 748 
754 755 769 771 772 774 777 778 782 784 787 790 
792 796 798 
224
9 11 14 16 22 24 29 30 34 36 37 42 
45 47 51 52 54 60 63 66 67 68 69 71 
73 77 79 80 82 83 92 93 95 98 99 102 
103 104 105 106 109 110 116 118 120 122 123 129 
131 142 143 145 152 153 154 156 157 161 164 165 
174 181 183 185 200 201 202 203 207 212 220 221 
223 229 230 231 233 235 236 239 244 245 247 253 
255 264 266 275 276 284 285 287 297 299 300 301 
303 304 305 309 311 315 318 323 325 332 335 338 
341 343 344 348 350 354 356 360 368 372 382 393 
401 402 408 409 414 415 417 423 424 425 433 435 
436 441 445 447 448 449 450 454 455 456 466 467 
472 474 477 480 485 490 492 494 497 498 499 502 
505 508 511 526 529 530 532 534 535 537 538 542 
545 546 554 557 558 563 573 575 577 580 582 583 
585 586 607 610 613 619 621 629 633 637 638 639 
641 647 651 659 666 667 680 684 685 689 692 693 
697 706 713 715 719 720 721 743 754 764 765 767 
768 770 776 783 792 797 798 800 
247
2 3 4 6 10 12 16 24 25 29 31 33 
34 39 46 51 53 57 58 63 64 69 72 74 
77 78 80 82 85 86 88 90 93 95 98 99 
100 103 104 105 107 108 114 117 123 127 129 133 
134 139 142 147 148 152 153 156 163 166 169 186 
187 190 192 194 201 202 211 227 229 231 235 236 
239 240 241 242 245 246 248 251 253 254 255 256 
257 258 259 260 263 270 271 277 278 282 283 287 
288 293 298 301 302 304 315 317 323 326 334 338 
345 346 350 354 356 361 362 365 367 374 391 392 
393 399 405 406 410 419 423 427 428 429 432 433 
440 447 452 457 458 462 463 464 469 471 478 479 
481 482 483 491 496 500 502 503 504 507 508 509 
512 519 524 526 534 535 540 546 547 549 551 559 
560 563 566 568 570 575 581 590 591 592 596 603 
606 607 612 613 617 620 622 623 624 632 633 634 
635 638 645 648 652 653 654 655 657 658 663 664 
665 668 669 671 672 674 675 676 677 678 680 687 
690 697 698 699 702 703 705 708 711 716 726 728 
730 738 743 745 747 748 750 754 757 769 771 775 
777 778 781 782 787 792 796 
251
10 19 21 22 25 30 32 33 36 38 39 41 
43 45 46 47 48 53 54 58 59 62 63 64 
67 68 69 76 77 78 79 80 83 85 87 88 
90 91 102 103 104 105 109 111 115 117 124 128 
134 137 141 146 150 156 161 165 169 172 174 175 
176 177 179 180 184 185 188 191 203 206 214 218 
220 224 230 238 239 240 244 253 255 265 267 270 
273 280 283 286 289 292 305 307 309 315 317 322 
330 335 336 341 343 346 349 355 356 361 363 371 
372 374 377 379 382 389 398 399 401 403 404 408 
413 418 421 424 431 432 436 440 442 443 444 447 
449 450 452 455 461 468 474 478 481 484 485 486 
488 489 490 492 497 499 500 501 502 505 508 510 
514 515 516 519 526 527 530 535 538 544 548 550 
553 554 555 558 560 561 564 569 571 572 578 583 
585 591 602 604 605 606 608 611 621 623 628 629 
634 639 640 651 653 654 655 658 661 666 667 668 
671 676 677 678 684 685 694 695 697 701 704 705 
706 707 708 710 711 716 717 719 722 725 726 728 
730 739 741 742 747 748 755 757 758 762 765 766 
767 768 774 779 785 788 792 794 796 797 799 
233
4 6 7 11 13 14 20 23 25 27 31 39 
41 44 47 54 59 63 70 71 79 80 85 86 
90 92 93 94 97 102 103 104 105 106 107 114 
115 120 127 128 129 130 131 136 139 151 152 155 
159 163 166 167 173 174 175 178 180 182 183 185 
188 189 191 192 194 203 207 211 212 213 217 219 
221 225 227 228 230 234 235 240 242 243 248 250 
251 252 254 264 267 276 278 279 280 282 287 289 
295 300 301 304 306 308 310 312 313 314 315 324 
328 331 334 335 341 342 344 345 347 349 353 356 
357 359 364 365 372 373 376 382 385 386 388 392 
399 400 402 403 408 415 417 418 420 421 424 426 
429 434 436 445 450 452 453 455 458 464 465 467 
476 479 481 482 485 486 496 503 508 509 511 513 
520 522 527 529 530 534 541 544 546 554 559 561 
570 571 575 577 579 581 583 587 591 593 595 596 
602 603 610 624 627 628 634 640 642 646 652 658 
659 670 672 677 680 685 690 695 697 699 704 715 
719 720 724 725 727 731 737 749 750 756 759 762 
763 767 777 780 785 
254
1 8 9 10 14 16 20 24 25 27 29 32 
35 40 41 44 46 58 59 60 62 67 70 72 
75 79 84 89 96 98 99 102 111 112 113 115 
117 122 124 128 129 130 132 133 139 140 142 146 
148 154 162 165 170 173 174 176 182 185 186 188 
189 192 196 197 199 201 203 204 205 206 214 218 
220 225 226 227 228 231 236 237 238 240 241 247 
248 250 252 255 257 259 262 268 269 270 281 283 
285 286 288 291 296 298 300 301 305 307 310 321 
325 326 330 334 336 337 341 343 346 349 351 354 
363 364 365 367 372 377 378 380 382 386 389 399 
400 402 404 410 411 417 419 420 425 428 434 435 
438 439 443 449 450 451 454 455 456 457 459 462 
464 467 468 475 479 481 482 484 488 491 493 494 
496 497 509 512 514 515 519 520 524 529 530 531 
537 548 554 556 559 560 574 581 582 583 585 586 
587 589 593 595 597 602 603 620 624 625 629 631 
632 638 641 645 646 648 649 651 658 660 664 667 
672 673 678 680 681 684 689 694 695 696 701 702 
703 707 709 711 712 723 724 731 736 740 741 742 
753 754 755 764 767 769 773 775 776 777 784 789 
790 797 
258
9 10 13 14 18 23 29 31 39 45 62 63 
68 71 74 75 79 80 82 85 86 87 89 92 
98 104 116 118 119 121 128 139 140 142 143 147 
148 149 153 157 159 160 162 164 165 167 168 170 
172 177 178 179 183 189 193 200 201 202 208 209 
210 212 213 219 229 230 235 237 239 240 243 250 
251 252 255 256 259 261 262 263 265 272 274 278 
283 285 291 293 297 299 302 305 306 307 308 310 
315 319 320 322 323 325 329 333 338 340 341 347 
352 353 355 356 358 362 364 366 367 371 372 374 
375 381 383 396 398 401 405 406 415 416 417 418 
419 423 428 429 430 431 436 437 440 445 446 449 
452 462 467 470 475 479 481 483 493 494 500 504 
510 513 515 516 519 527 530 534 535 536 541 545 
547 549 554 556 558 561 566 571 575 578 579 582 
583 588 590 591 592 597 598 605 606 608 614 615 
619 626 629 630 634 635 639 640 642 644 645 649 
651 653 657 658 662 663 665 668 669 671 672 675 
676 678 680 682 686 687 690 692 693 696 699 702 
703 704 710 711 720 721 723 726 727 734 736 738 
739 741 744 745 746 751 756 771 772 778 785 786 
787 788 791 792 794 797 
229
7 8 10 19 22 24 28 31 32 36 39 41 
46 55 57 58 62 66 67 72 74 83 89 90 
91 93 100 101 102 108 115 116 117 126 129 138 
141 154 156 159 161 172 176 179 180 183 189 193 
202 207 210 218 219 220 221 223 225 226 228 230 
231 236 239 241 242 244 246 249 255 261 263 264 
267 277 278 282 283 294 295 298 311 313 318 322 
325 326 328 329 330 333 334 336 343 344 345 347 
348 356 363 366 369 373 375 377 379 382 383 387 
395 396 402 403 407 410 411 416 419 428 430 431 
435 437 438 441 442 444 449 450 451 458 465 470 
473 474 476 477 478 483 485 492 498 499 500 504 
513 516 518 522 525 533 537 542 543 548 550 551 
552 553 555 556 561 564 566 570 574 576 579 584 
586 588 589 590 592 601 604 610 612 613 615 617 
619 624 632 636 640 641 645 650 651 652 653 656 
661 664 671 674 681 683 684 689 699 704 705 708 
709 714 715 720 722 724 727 730 732 736 742 748 
749 751 755 761 765 770 773 774 777 787 788 791 
792 
244
2 4 5 6 10 15 21 22 25 27 30 32 
33 38 39 42 43 44 51 55 56 58 60 66 
72 77 84 86 89 101 102 105 111 116 127 133 
134 135 136 137 140 144 147 153 156 158 164 166 
178 181 184 193 195 196 200 208 212 218 220 221 
222 223 228 234 236 244 248 256 262 264 265 269 
273 278 280 282 286 288 289 290 291 292 293 295 
297 300 307 308 312 321 331 335 340 342 347 348 
349 353 358 359 360 362 364 369 370 374 375 387 
391 393 400 401 404 405 406 410 411 412 414 416 
417 419 420 421 424 428 430 435 439 441 444 445 
447 458 461 464 468 469 474 481 484 486 489 493 
494 497 499 504 505 506 509 512 513 518 523 525 
526 532 534 535 537 539 540 545 547 548 549 551 
553 554 556 564 565 566 567 568 571 572 575 580 
583 593 597 598 600 605 607 613 616 617 619 624 
630 631 632 636 637 638 648 651 652 653 654 655 
660 661 662 663 676 677 685 686 687 689 707 713 
714 715 722 724 727 731 735 739 746 748 755 758 
762 764 765 773 777 779 780 782 783 786 787 790 
791 794 797 799 
235
1 5 8 11 12 17 23 24 35 42 44 45 
46 47 50 51 53 73 74 75 77 78 84 87 
88 89 93 99 103 112 118 121 123 127 128 129 
130 132 133 139 145 146 147 149 150 157 158 159 
165 166 167 168 171 175 178 179 181 182 191 193 
198 199 204 205 210 215 218 223 225 226 228 230 
231 235 238 239 242 243 244 248 249 251 253 255 
257 268 269 270 275 276 281 282 287 288 293 294 
295 297 301 303 308 309 311 315 319 322 328 329 
330 334 340 347 349 350 366 367 375 378 379 380 
382 383 384 387 388 390 393 394 397 404 414 416 
417 422 433 434 440 443 444 450 451 459 464 465 
469 477 479 480 490 491 493 504 506 513 514 517 
519 530 536 539 541 547 548 551 553 559 561 563 
564 566 567 573 579 585 586 588 590 592 593 597 
598 600 603 610 613 616 621 624 626 632 640 641 
645 647 655 659 672 675 678 679 680 687 689 690 
694 697 699 704 712 714 718 720 721 728 732 737 
742 747 761 762 763 764 768 771 774 778 779 780 
781 785 786 789 790 794 795 
256
8 13 17 19 27 30 33 40 42 45 53 54 
60 61 65 69 73 74 75 76 77 78 81 82 
84 86 88 95 98 99 105 107 109 113 114 115 
121 123 125 127 131 135 138 139 149 153 155 163 
166 169 170 174 176 179 184 192 193 195 207 210 
213 216 217 219 221 222 224 229 230 232 235 239 
250 253 254 256 260 262 265 268 276 277 280 282 
286 288 294 299 300 301 307 308 315 321 326 328 
329 330 333 340 342 348 351 354 362 364 365 366 
368 371 372 373 374 378 380 381 382 383 386 392 
395 396 399 402 404 406 407 411 413 417 422 424 
425 426 428 430 431 433 437 446 458 463 466 467 
469 470 475 476 477 480 483 484 489 496 497 500 
502 503 510 511 514 516 520 523 524 526 529 536 
537 543 545 547 552 553 558 562 567 570 574 576 
579 580 581 587 588 589 591 594 601 606 609 612 
615 619 622 625 631 635 636 637 639 640 643 645 
652 655 661 663 664 667 672 673 674 675 682 683 
686 692 695 697 698 700 704 707 715 719 720 721 
722 725 726 728 732 736 737 739 742 746 747 751 
754 755 756 758 760 764 766 769 776 779 782 783 
788 791 796 797 
252
1 2 4 6 7 10 11 12 16 19 21 31 
32 33 38 39 43 45 46 50 52 58 62 70 
78 80 86 88 91 98 99 106 108 110 114 117 
119 120 122 128 142 143 144 146 163 165 166 170 
183 184 189 191 193 195 198 202 203 212 214 215 
217 222 223 226 229 234 235 239 242 246 248 249 
250 259 260 262 263 268 277 279 286 287 288 293 
295 306 307 308 311 319 324 326 330 331 335 337 
338 339 341 342 346 347 348 349 350 352 353 354 
355 358 360 361 362 367 368 369 371 373 376 378 
387 388 397 405 406 421 427 428 434 436 437 439 
442 444 445 447 449 450 451 454 455 456 457 459 
460 462 463 465 466 469 471 479 486 490 500 508 
509 510 513 517 519 522 524 525 526 527 528 530 
540 541 545 549 550 552 554 559 560 561 562 568 
569 571 577 579 580 582 583 587 592 594 596 605 
606 612 617 622 629 630 631 633 635 642 647 649 
650 653 656 663 668 670 671 673 680 681 682 690 
692 696 697 701 706 708 710 711 720 722 724 725 
730 732 737 738 739 742 743 745 746 747 753 755 
758 759 762 763 764 773 777 792 793 794 796 799 
246
6 7 14 19 20 21 23 26 29 33 39 44 
46 47 49 52 53 56 59 61 63 66 72 83 
85 86 87 90 91 95 98 103 108 112 123 125 
128 130 136 138 143 152 156 157 158 161 163 167 
168 174 176 179 183 184 189 195 196 197 201 202 
203 205 217 223 229 231 234 235 236 241 242 243 
248 249 250 251 252 253 257 266 267 270 271 273 
275 278 279 285 287 288 289 296 298 302 304 306 
308 310 311 316 327 328 329 330 334 345 346 348 
351 355 357 371 375 378 380 384 391 392 393 396 
401 402 413 414 435 437 441 448 452 455 457 458 
459 462 466 467 470 471 475 476 478 487 488 489 
491 499 500 503 504 505 511 520 528 531 533 541 
543 544 553 563 565 568 569 572 574 575 577 579 
581 582 588 595 596 598 601 605 606 607 608 615 
617 619 622 625 626 630 631 632 638 640 641 644 
645 648 649 652 653 654 656 658 659 676 677 681 
682 684 692 693 694 698 702 713 714 715 719 720 
721 723 726 729 731 732 736 740 744 745 750 752 
753 755 757 763 764 765 767 769 774 776 778 779 
782 783 788 791 796 800 
227
3 6 12 15 17 28 33 35 39 40 48 51 
54 56 57 64 68 71 75 77 85 86 93 98 
101 105 107 109 114 117 118 121 131 132 141 145 
147 150 153 158 160 162 164 165 166 171 173 180 
181 183 184 191 193 195 196 197 198 200 202 209 
211 215 218 224 229 230 239 240 242 244 248 249 
250 255 256 257 271 272 274 277 282 285 290 293 
296 297 298 299 300 305 312 316 318 326 328 332 
333 338 341 343 345 348 352 354 357 359 360 364 
366 369 371 373 376 381 382 384 386 394 396 397 
404 409 413 427 432 441 444 445 450 452 453 458 
460 478 479 480 482 488 489 500 509 517 520 522 
527 528 529 532 534 535 537 538 539 544 547 548 
553 562 564 566 567 568 575 576 581 586 587 590 
592 595 597 600 601 605 608 609 611 612 614 615 
616 619 625 627 629 642 649 654 657 658 660 665 
669 671 674 676 679 690 691 693 697 702 714 720 
723 725 730 733 735 738 745 747 749 757 764 765 
768 769 772 776 777 778 782 787 788 790 792 
262
5 6 8 9 11 13 14 24 25 26 30 31 
32 34 37 39 41 42 44 45 47 50 52 57 
60 63 71 76 77 85 86 87 91 93 96 97 
103 116 118 119 120 121 129 131 138 139 144 148 
150 152 155 157 159 160 163 166 171 178 179 180 
181 185 188 190 191 198 199 205 213 221 222 225 
227 228 229 230 233 235 238 239 243 245 246 250 
251 254 255 257 262 264 271 272 275 277 280 281 
282 285 286 287 290 291 297 304 309 314 317 320 
324 331 334 338 344 346 347 348 350 351 353 358 
360 361 364 367 368 372 374 375 377 378 381 385 
387 390 391 395 396 398 399 412 416 417 418 420 
421 422 425 429 434 435 442 449 450 456 471 473 
475 489 494 497 498 500 502 503 505 508 512 517 
518 521 523 525 528 529 531 532 534 536 545 550 
551 554 555 556 564 565 566 567 568 571 573 577 
581 582 583 591 594 595 596 605 609 610 614 619 
624 625 626 629 632 637 640 641 651 657 662 669 
670 674 679 681 686 687 688 690 691 692 693 695 
697 700 710 717 718 720 724 725 726 728 729 737 
738 741 743 745 746 748 753 757 758 759 760 765 
772 778 780 781 783 788 789 790 791 799 
235
1 2 8 9 10 12 16 20 23 27 30 37 
44 47 48 50 54 55 65 72 73 74 76 77 
80 84 85 89 90 95 97 113 114 116 117 119 
123 125 127 128 132 137 138 140 141 144 159 162 
164 166 167 173 174 175 176 177 179 184 186 189 
191 192 193 194 198 200 202 204 209 212 215 216 
217 220 223 231 232 236 241 243 245 246 248 251 
254 255 256 259 260 262 266 270 274 275 282 287 
291 292 293 296 298 302 303 304 307 309 311 316 
317 318 322 328 330 332 333 343 344 346 352 356 
359 371 379 388 390 393 399 401 402 403 404 409 
410 412 417 420 426 428 429 431 442 443 444 445 
448 459 461 472 475 476 482 483 486 489 493 494 
495 496 499 502 503 510 511 531 533 535 538 543 
554 560 569 574 576 578 580 581 582 584 588 589 
597 601 607 610 612 613 615 617 627 632 636 640 
642 643 645 653 658 662 664 673 675 677 679 680 
691 693 701 707 709 711 713 719 720 731 732 734 
736 737 745 747 757 762 765 766 767 768 773 776 
777 783 794 795 796 797 798 
244
2 6 9 15 16 18 24 27 28 29 30 32 
33 34 38 45 46 47 54 56 57 58 59 60 
62 66 71 74 76 81 84 85 87 88 90 93 
95 100 109 111 113 115 119 128 130 139 140 143 
144 153 163 164 165 166 167 171 178 179 196 198 
200 201 204 205 208 210 216 217 221 226 227 229 
232 238 240 251 257 258 259 261 265 267 275 277 
280 281 282 292 293 304 308 311 314 317 318 320 
321 325 327 328 331 344 346 347 348 352 355 358 
359 364 367 368 370 374 375 377 378 385 388 390 
391 394 400 406 407 408 411 413 414 417 420 426 
430 433 437 441 453 456 457 463 465 470 477 478 
485 486 491 497 500 502 507 508 510 515 516 518 
519 520 524 538 550 554 556 558 559 561 563 566 
569 575 576 578 582 585 589 591 592 593 597 600 
601 604 606 613 614 616 617 618 619 621 626 629 
634 644 646 647 648 650 652 654 655 656 659 660 
661 663 672 673 674 675 677 696 699 702 703 707 
709 710 717 724 726 728 733 734 745 746 747 748 
751 754 756 759 764 767 768 770 772 777 780 782 
786 789 793 799 
236
6 11 12 13 16 17 19 20 22 27 30 33 
43 45 55 64 66 70 71 72 73 76 78 80 
86 87 89 95 96 99 103 105 106 109 111 122 
127 147 148 149 159 167 170 171 179 180 181 183 
184 185 187 190 192 196 198 200 203 217 220 223 
226 227 237 243 250 251 253 254 272 279 280 286 
288 295 298 300 301 305 314 320 323 324 326 328 
335 337 339 340 350 352 353 355 368 376 378 380 
381 385 387 391 398 401 404 407 419 421 423 424 
429 436 440 443 449 450 453 454 460 464 470 472 
475 476 479 480 483 484 486 494 495 496 497 500 
504 508 517 520 525 529 532 534 539 540 541 546 
549 550 555 557 563 564 570 576 577 579 584 585 
593 594 595 599 602 607 608 611 614 615 616 627 
630 634 635 636 637 639 641 644 645 647 649 650 
651 654 657 664 665 667 669 670 672 673 675 676 
687 690 691 692 696 697 699 701 703 705 712 713 
717 718 721 725 726 731 733 734 740 741 750 751 
760 761 762 768 772 773 774 775 776 777 781 784 
785 787 791 793 795 797 798 800 
243
1 2 3 8 17 24 25 26 30 33 38 41 
45 49 53 54 60 64 68 69 72 75 78 79 
80 82 83 84 89 92 96 98 111 114 120 123 
125 126 127 130 135 140 148 158 161 163 164 168 
172 174 178 180 188 189 193 194 195 197 205 206 
211 216 217 219 221 222 228 229 231 237 238 239 
240 243 252 254 257 261 263 264 265 269 273 276 
278 281 288 300 301 302 304 306 308 309 311 312 
317 319 320 327 333 334 342 343 348 358 365 371 
373 374 378 380 382 392 394 402 404 407 412 413 
414 417 423 424 425 428 430 431 432 433 434 438 
440 444 445 446 453 454 455 461 463 466 469 475 
478 481 483 485 486 487 488 489 491 495 497 498 
503 506 508 512 516 527 532 544 552 553 557 561 
566 569 570 571 576 580 583 586 593 594 596 597 
600 602 603 604 605 608 610 611 618 621 625 627 
630 631 638 641 644 645 650 660 664 665 673 674 
675 680 681 685 686 687 689 695 702 704 719 724 
725 729 731 732 734 740 741 742 744 745 746 747 
748 756 758 767 768 770 774 780 781 785 786 792 
793 797 799 
249
4 9 10 18 21 24 29 30 31 32 34 36 
42 43 44 45 46 47 48 51 56 57 60 61 
62 63 69 70 77 80 82 88 89 90 92 93 
95 98 99 100 102 106 113 115 116 120 125 126 
128 132 133 135 138 140 143 147 154 159 174 178 
180 185 186 188 189 191 193 197 200 202 203 205 
209 210 221 225 226 232 233 238 242 243 245 247 
251 252 254 263 266 267 272 273 283 286 291 294 
296 298 301 305 307 316 321 323 328 329 342 351 
357 361 363 364 366 369 376 379 383 392 395 396 
398 407 408 409 411 414 415 418 434 435 437 438 
439 441 442 443 447 450 451 453 458 463 469 470 
474 475 477 482 483 486 489 491 492 496 505 507 
511 513 514 517 520 522 525 534 536 539 543 544 
547 548 549 553 563 564 565 567 568 570 572 574 
584 588 590 591 592 595 600 606 608 609 611 615 
617 618 621 622 625 631 632 637 639 641 644 648 
651 652 653 658 663 665 667 668 670 676 678 679 
682 683 688 691 699 700 704 705 708 709 717 723 
740 743 751 753 758 759 761 762 763 764 765 768 
771 775 776 778 785 788 789 793 799 
268
3 5 7 8 9 14 15 17 18 19 20 22 
24 26 29 32 40 42 44 51 57 58 71 72 
77 79 80 81 82 84 87 91 93 95 101 106 
110 113 115 116 117 125 128 130 131 132 133 134 
137 139 141 144 149 151 152 166 171 175 178 181 
189 190 196 197 198 202 205 208 209 210 215 216 
222 226 230 231 233 235 237 240 241 243 245 246 
253 255 256 264 265 269 270 272 273 276 277 285 
288 294 298 303 304 305 307 309 310 314 322 325 
326 328 335 338 340 341 347 351 357 358 360 362 
363 364 366 372 376 380 381 383 385 393 397 398 
400 405 407 412 415 418 420 421 428 430 433 435 
436 437 438 444 447 449 451 457 458 461 464 468 
469 472 475 480 483 484 485 487 489 491 494 495 
496 500 505 511 513 516 522 524 527 529 531 535 
538 540 541 545 547 550 552 553 554 555 558 560 
567 569 572 573 574 580 583 587 589 590 591 594 
595 598 603 611 613 616 617 618 627 631 632 635 
636 638 640 641 643 647 648 652 653 655 658 663 
665 666 667 669 671 680 681 682 683 685 686 689 
692 693 705 706 708 712 713 716 719 724 732 736 
744 746 747 748 753 755 756 760 766 772 773 774 
782 792 793 795 
209
15 22 23 28 30 32 38 42 47 50 55 61 
64 68 69 70 77 84 88 89 90 92 93 95 
97 100 103 105 109 111 113 116 119 121 123 125 
128 132 136 141 142 149 152 154 158 159 160 162 
163 171 173 178 181 188 194 195 201 204 206 207 
210 219 220 226 229 231 242 243 244 246 257 260 
261 274 276 277 282 285 292 298 300 301 305 306 
308 314 318 320 325 328 330 343 347 352 353 357 
358 366 370 371 376 384 388 391 392 393 395 402 
403 409 411 418 419 422 424 444 447 452 460 461 
462 465 468 482 485 488 493 494 501 502 503 507 
511 521 527 528 534 535 536 538 539 550 554 557 
558 564 565 566 568 569 570 571 572 573 584 586 
587 588 590 591 594 597 603 608 609 624 630 631 
632 634 641 647 652 655 656 658 666 681 686 690 
691 693 694 695 697 700 705 717 718 719 731 733 
744 745 750 752 758 767 768 778 779 780 781 782 
783 787 792 795 799 
246
8 10 13 15 19 22 29 36 37 47 48 53 
58 64 69 74 76 81 83 85 87 91 92 97 
99 100 101 102 103 105 107 109 110 116 120 122 
125 127 130 131 132 137 140 143 151 152 156 158 
166 169 170 171 172 173 177 178 183 185 188 189 
192 195 200 204 205 207 214 220 227 233 236 240 
241 243 248 252 255 264 269 270 271 272 274 275 
280 283 289 290 292 293 299 306 308 309 312 314 
315 323 324 325 327 329 331 339 340 342 346 347 
351 354 357 360 361 365 372 377 379 382 384 385 
388 395 396 399 402 404 405 409 414 417 429 430 
431 436 439 441 446 449 450 453 457 462 464 465 
467 470 471 478 481 485 490 494 500 506 507 513 
515 518 523 525 527 529 530 532 535 536 537 540 
547 548 554 556 564 565 566 570 571 576 578 581 
586 592 595 605 608 609 612 615 620 627 631 633 
634 637 638 644 645 646 648 649 651 654 655 658 
660 666 668 670 675 679 685 686 689 690 693 697 
700 705 707 714 715 719 720 721 724 728 733 734 
737 740 741 746 753 757 760 761 765 770 772 780 
786 789 791 798 799 800 
233
1 4 12 14 16 20 26 31 34 37 38 40 
42 43 46 47 49 53 57 67 68 69 70 73 
76 80 81 83 87 88 93 95 97 99 103 106 
113 120 122 124 128 139 140 146 151 152 158 162 
165 172 180 181 184 189 195 196 203 204 205 207 
212 214 220 221 223 225 228 230 236 239 240 245 
253 265 268 272 273 275 276 279 283 284 286 289 
301 306 307 309 320 321 327 335 337 342 343 344 
346 347 348 351 359 360 361 362 363 372 374 382 
386 388 389 396 402 406 412 416 418 419 421 422 
428 429 430 436 438 439 445 452 456 461 463 472 
473 477 478 479 488 490 492 494 506 508 509 512 
513 515 521 523 524 531 532 533 535 547 548 551 
552 553 558 560 562 568 570 578 580 582 584 594 
595 597 598 604 613 616 625 629 633 644 646 648 
652 658 659 666 667 673 676 677 678 682 686 690 
693 694 697 699 703 706 707 708 712 713 714 720 
723 729 731 733 735 736 740 745 746 750 752 753 
755 756 759 761 767 769 775 776 782 785 787 788 
790 792 798 799 800 
238
1 5 8 12 20 21 22 26 31 35 37 43 
45 48 50 52 59 61 62 64 65 69 75 76 
85 86 87 89 90 93 95 100 103 106 114 118 
127 128 129 133 137 139 141 142 144 152 157 159 
164 165 168 175 176 182 185 186 188 199 200 204 
206 208 214 221 223 224 225 229 233 237 240 242 
243 247 248 251 259 263 267 268 270 271 273 276 
284 285 287 290 291 292 293 296 300 302 308 311 
312 315 319 327 334 342 346 354 356 374 375 377 
382 388 390 392 396 397 400 401 405 407 410 415 
419 420 422 426 427 431 432 435 438 442 443 444 
447 448 449 450 452 455 460 462 464 467 470 471 
473 474 478 479 481 482 483 484 485 486 487 490 
491 495 503 504 509 513 524 533 534 535 539 543 
545 546 549 551 562 571 572 574 575 577 582 586 
588 595 596 598 599 605 611 613 616 617 623 624 
625 627 628 629 632 645 646 647 648 651 653 660 
663 680 682 684 685 688 690 697 698 700 702 703 
704 712 714 720 723 726 727 747 754 756 758 762 
769 771 773 777 778 788 790 791 794 797 
233
6 7 16 29 33 34 37 39 42 43 44 55 
56 58 63 68 69 72 73 74 76 79 81 83 
86 89 93 99 100 101 103 112 114 116 117 119 
121 123 124 125 126 129 131 135 136 141 142 143 
145 146 147 154 155 157 162 164 167 173 181 182 
183 186 190 194 196 198 204 205 208 213 223 225 
229 233 235 236 237 240 247 254 255 256 258 262 
265 266 272 273 278 279 283 286 289 292 293 296 
304 307 313 315 316 318 324 333 342 346 349 350 
359 366 370 371 373 375 385 396 397 398 401 408 
413 417 418 422 427 429 432 433 434 439 440 443 
444 446 447 448 454 455 464 468 477 479 480 487 
496 498 504 511 514 515 519 526 530 533 535 536 
537 540 541 543 549 550 553 560 561 562 563 571 
573 577 580 588 592 594 599 601 602 603 616 618 
619 632 636 641 647 648 649 653 656 661 662 664 
669 674 678 679 682 686 687 691 692 695 700 701 
703 707 710 711 720 721 722 728 730 731 736 744 
747 748 751 759 761 763 765 767 768 770 779 780 
781 784 786 789 799 
248
2 7 9 11 14 21 22 23 25 27 32 37 
42 44 45 46 49 53 55 56 59 60 61 63 
66 68 69 70 75 79 80 81 84 86 87 89 
93 94 96 100 105 110 111 112 113 115 119 122 
123 125 127 134 135 139 142 145 153 154 160 161 
164 171 176 178 180 182 184 186 187 190 193 195 
197 201 208 214 218 220 227 232 235 239 240 243 
249 250 254 257 262 263 264 266 268 270 274 278 
289 290 299 306 311 312 313 315 318 320 323 324 
328 331 334 336 337 338 339 341 344 346 348 349 
352 353 354 357 362 364 367 368 369 371 375 376 
377 380 386 387 393 397 399 400 402 404 406 410 
413 415 418 419 431 434 436 439 441 447 451 456 
458 459 460 461 466 469 474 477 478 479 480 482 
484 487 490 494 504 505 513 520 528 538 542 547 
551 555 559 563 575 576 583 584 585 590 598 602 
605 607 608 609 611 618 623 631 637 639 640 642 
646 649 651 656 657 663 664 666 673 675 678 682 
683 684 699 705 707 708 722 723 724 725 729 731 
734 735 737 740 749 754 755 763 767 770 771 772 
777 778 786 794 795 796 797 798 
233
3 4 7 13 14 17 18 22 26 28 33 36 
37 43 45 46 47 54 56 58 59 60 64 66 
67 68 72 80 94 95 97 98 102 104 106 109 
114 115 124 129 134 140 141 145 148 151 152 157 
159 161 162 171 172 176 177 179 180 182 183 185 
191 192 194 196 197 198 200 201 203 214 223 226 
232 234 235 236 245 248 259 260 265 268 270 272 
280 292 296 299 301 307 310 313 314 320 323 325 
329 334 335 336 337 339 344 356 361 363 364 369 
371 372 374 382 383 388 398 401 402 403 405 406 
408 409 414 417 418 424 426 427 439 448 453 454 
455 458 461 467 476 482 483 486 490 499 505 507 
510 511 517 522 524 529 533 537 541 547 554 556 
565 566 567 572 576 584 589 590 591 593 598 604 
607 609 610 613 617 618 623 626 632 638 641 652 
654 659 661 672 673 681 683 684 687 689 694 697 
698 699 702 703 706 708 716 721 722 724 729 732 
733 735 740 741 744 745 747 748 750 753 756 760 
761 762 763 764 765 766 768 772 774 775 777 780 
781 782 792 793 796 
242
2 3 4 6 7 8 12 13 18 21 26 27 
33 36 38 41 46 48 49 51 53 54 58 65 
66 67 68 71 73 77 78 80 85 87 90 92 
94 95 100 101 102 116 129 131 132 135 140 150 
155 156 157 158 160 164 166 167 170 174 177 178 
184 186 187 188 193 195 203 206 211 218 219 220 
221 223 224 225 229 232 237 243 245 247 252 255 
258 259 261 267 269 279 280 282 283 295 301 311 
312 315 317 318 322 327 328 341 344 351 353 364 
367 370 373 376 377 379 381 384 386 389 390 391 
398 406 407 410 412 413 416 417 423 427 431 433 
434 437 446 449 457 458 462 467 468 470 471 488 
490 491 495 496 497 501 502 504 506 507 521 522 
523 527 529 531 532 534 537 543 544 545 548 552 
555 561 564 567 569 572 573 574 578 598 601 604 
608 611 612 613 615 619 623 626 627 628 631 641 
642 649 650 651 653 654 656 662 663 666 667 671 
672 675 679 681 686 692 695 704 705 710 713 717 
722 723 724 728 734 735 741 744 745 747 750 752 
753 756 759 761 764 769 771 772 779 786 788 789 
790 791 
241
2 5 7 9 10 12 14 17 22 25 28 29 
32 34 36 43 48 59 62 68 71 72 74 84 
86 93 94 102 105 107 112 113 114 119 123 126 
130 131 134 136 139 145 150 156 157 159 165 170 
171 173 178 179 185 189 196 201 202 208 210 211 
215 218 219 221 232 242 244 246 253 256 257 260 
262 264 265 266 269 270 272 274 276 277 280 281 
282 284 285 286 290 294 296 297 299 301 308 309 
310 315 317 321 323 324 328 330 338 345 350 355 
367 369 373 375 377 391 395 401 403 405 407 408 
411 412 424 426 428 429 430 431 432 435 436 442 
444 445 450 452 456 457 461 466 468 472 476 481 
489 491 492 494 495 499 503 510 515 517 522 525 
526 529 532 534 537 544 548 549 554 555 556 557 
562 563 566 567 574 577 579 581 582 583 584 585 
595 599 601 602 604 605 609 610 615 617 622 633 
637 644 646 648 651 656 657 662 663 676 678 691 
697 698 704 707 710 712 714 716 719 726 727 731 
734 739 740 746 749 755 757 761 763 764 765 767 
769 772 775 784 785 786 788 790 791 792 796 799 
800 
233
3 6 20 22 25 26 27 29 30 37 41 43 
49 51 55 56 62 67 72 74 75 77 84 86 
91 99 108 109 110 113 114 129 133 134 140 141 
144 148 151 152 153 155 156 165 166 171 173 176 
178 179 181 182 185 188 189 190 194 197 201 205 
207 208 209 212 218 219 221 225 227 228 231 232 
233 238 239 241 245 246 248 251 254 255 259 265 
266 268 271 280 281 284 287 290 297 298 305 309 
311 318 321 323 329 332 333 337 340 344 345 346 
347 348 349 351 352 363 367 368 385 390 393 394 
397 398 401 402 404 406 411 415 417 425 432 434 
435 437 438 440 449 456 457 459 462 464 465 467 
471 472 475 488 489 499 500 502 503 507 510 511 
513 517 523 526 529 532 534 535 538 541 552 559 
560 571 579 586 587 588 594 595 599 603 606 609 
617 618 619 620 622 627 632 634 637 639 642 645 
652 654 656 657 658 662 664 667 668 670 672 673 
675 681 682 687 695 698 701 704 710 711 712 717 
718 723 727 728 734 737 740 747 757 759 767 769 
775 782 793 799 800 
234
1 4 6 7 8 18 24 27 32 36 40 43 
44 50 52 55 56 57 60 62 65 67 70 74 
78 79 81 85 90 94 98 99 111 112 113 122 
125 127 128 132 135 136 140 141 142 147 148 150 
155 157 160 162 163 167 169 173 174 180 185 186 
190 192 193 195 198 200 201 203 204 208 211 214 
217 223 224 227 228 234 235 237 250 255 258 261 
263 264 267 269 274 276 280 283 287 292 296 298 
301 307 308 313 315 323 329 330 335 336 340 341 
343 344 354 358 360 361 366 369 371 375 377 380 
384 386 388 393 394 398 410 411 412 420 422 424 
430 432 438 443 444 446 447 448 452 464 466 470 
472 473 487 489 490 501 504 506 511 515 524 532 
536 542 544 549 550 551 554 557 571 572 573 574 
576 584 587 590 591 592 593 594 600 601 602 608 
609 612 615 619 620 621 625 634 635 640 643 644 
649 651 657 658 666 681 683 684 687 692 693 694 
696 699 703 706 708 709 714 715 718 719 728 730 
738 740 741 744 746 757 764 766 767 768 776 780 
782 784 786 787 789 795 
235
7 8 11 14 15 16 20 22 23 26 28 32 
41 42 43 45 48 49 50 51 56 58 63 64 
80 82 84 88 89 96 97 104 107 108 111 115 
116 117 119 120 124 126 128 129 130 134 138 142 
143 145 154 155 157 161 166 168 174 175 177 178 
188 189 190 193 195 196 198 200 202 206 207 210 
221 224 225 226 229 230 233 235 236 239 241 252 
253 258 262 263 265 269 271 278 279 281 283 287 
290 291 292 300 302 306 309 314 317 319 322 325 
331 336 340 347 350 354 355 362 364 367 368 380 
381 383 385 387 391 401 407 408 410 418 420 422 
428 429 437 444 448 449 452 455 456 459 468 470 
471 476 483 489 492 495 496 499 502 505 506 507 
508 509 517 519 527 532 534 535 542 545 546 548 
549 558 567 570 575 578 579 586 589 591 593 606 
610 613 615 627 632 636 640 643 646 649 655 657 
659 660 662 666 667 683 685 686 687 688 693 694 
696 698 699 704 707 713 718 727 729 737 738 741 
743 744 747 753 755 758 759 760 763 764 767 773 
774 778 788 792 793 798 800 
247
2 3 4 6 10 19 26 29 40 42 50 53 
55 77 81 84 85 94 95 96 102 103 105 107 
108 110 114 115 120 123 127 129 132 137 138 144 
145 148 152 153 154 155 157 159 162 164 165 168 
172 173 174 182 185 189 195 196 198 199 202 204 
206 214 216 219 220 222 231 233 234 236 237 240 
244 245 246 248 252 256 257 260 264 265 266 268 
276 277 278 283 285 286 289 294 297 300 309 311 
314 317 318 319 323 328 330 332 338 340 341 343 
357 358 359 360 366 368 370 374 385 388 389 390 
396 403 404 406 407 408 412 413 422 423 424 425 
437 438 445 447 452 463 465 466 470 473 476 489 
490 491 492 507 509 511 514 516 519 520 523 526 
527 530 531 533 536 537 540 541 543 545 548 553 
555 558 560 563 566 568 576 577 579 585 592 593 
594 597 604 606 607 608 610 613 614 615 618 619 
624 630 631 640 641 643 646 651 652 655 659 664 
665 666 668 670 673 675 681 684 687 690 693 695 
696 698 701 704 705 707 708 714 718 721 722 723 
724 725 728 729 733 735 744 745 751 756 771 772 
777 778 780 786 788 794 800 
250
1 2 4 6 7 13 16 17 21 24 29 32 
41 42 43 45 46 48 53 58 59 63 66 67 
69 71 73 74 79 82 86 88 91 98 100 107 
108 113 116 117 118 121 128 129 135 136 137 138 
141 148 149 153 156 157 158 160 163 164 167 172 
174 176 178 181 184 190 193 194 195 199 203 205 
208 210 221 229 231 233 236 237 238 243 260 261 
266 269 271 274 275 277 281 283 286 288 291 295 
300 304 307 310 311 314 315 318 320 324 330 331 
332 334 335 340 342 344 345 348 349 359 360 362 
365 367 370 372 376 378 383 386 388 390 391 394 
395 397 400 402 404 405 414 417 418 422 425 427 
430 432 442 443 444 448 451 456 464 466 470 472 
477 484 485 488 489 491 493 501 502 504 510 514 
520 528 529 531 536 537 538 540 543 551 553 558 
559 562 565 568 570 574 578 579 585 586 587 588 
589 592 593 595 606 612 617 618 624 637 638 639 
641 642 644 652 655 657 660 667 668 677 680 681 
682 686 688 695 699 704 709 713 715 716 721 722 
727 728 729 731 733 738 740 748 749 752 756 763 
766 767 771 772 774 775 777 786 798 800 
243
5 10 24 25 27 32 33 34 36 39 44 45 
46 47 48 54 55 56 57 59 61 62 63 65 
73 75 77 79 81 87 90 91 93 99 106 108 
110 118 122 124 126 127 130 134 138 139 141 144 
149 150 153 154 157 164 172 174 177 181 184 185 
188 190 193 196 199 200 205 207 215 217 221 222 
229 240 242 248 249 252 254 257 258 260 261 262 
265 268 273 275 277 282 295 297 300 301 302 303 
305 306 311 312 314 318 319 322 323 326 327 331 
338 341 350 354 355 364 365 370 379 383 387 391 
392 395 396 398 399 405 406 412 414 418 419 421 
423 426 438 447 452 455 456 457 468 471 483 485 
497 499 505 506 507 508 511 518 527 531 532 534 
535 544 545 546 548 552 554 555 557 559 560 563 
564 566 570 573 575 579 581 584 587 588 590 591 
594 597 607 609 610 612 615 621 629 632 634 636 
637 641 646 651 652 656 657 658 659 660 665 670 
675 676 678 682 685 686 690 694 700 704 720 721 
722 723 728 731 735 736 741 745 756 757 761 763 
765 766 768 770 772 774 775 776 777 782 786 793 
795 799 800 
269
5 8 10 11 16 17 21 25 29 30 31 34 
39 43 47 58 59 68 69 70 72 74 75 76 
77 79 81 84 86 87 88 92 93 100 101 102 
103 105 111 119 121 122 124 130 134 135 137 138 
140 143 144 148 150 153 158 161 163 166 169 170 
171 178 179 180 181 183 184 186 187 189 192 193 
196 199 200 206 212 221 222 227 232 235 236 238 
240 242 243 246 248 251 256 257 260 263 265 266 
274 275 277 279 283 286 288 292 295 302 312 313 
314 315 316 322 323 324 326 330 337 340 341 349 
351 356 357 360 362 366 367 368 370 373 376 380 
381 382 383 394 397 399 403 404 405 408 411 414 
416 418 422 423 428 429 432 434 439 449 450 457 
460 461 462 465 466 471 472 474 481 484 486 488 
490 491 493 494 496 502 503 504 506 507 518 519 
520 522 526 528 530 531 532 537 539 542 561 564 
565 571 572 578 581 591 593 595 597 599 604 607 
609 614 617 618 619 623 626 631 633 634 636 640 
642 646 647 648 652 654 660 662 663 666 667 668 
670 672 673 677 679 689 692 694 699 700 704 710 
711 716 721 723 726 728 729 733 736 742 746 747 
748 749 755 756 761 762 768 771 772 774 776 778 
782 789 791 798 799 
239
5 12 13 15 19 25 26 28 31 33 34 35 
36 40 46 47 48 53 55 59 63 64 65 66 
67 76 79 85 90 96 101 102 103 108 110 114 
118 121 126 130 132 133 146 148 150 151 152 155 
156 161 166 171 173 175 176 178 188 190 193 194 
202 204 208 209 212 215 216 220 223 225 227 231 
233 237 247 253 254 256 266 271 272 273 274 276 
277 283 284 286 287 290 293 295 304 307 308 309 
312 314 318 320 321 323 324 328 329 332 335 342 
344 345 347 348 359 370 371 374 375 377 378 380 
383 385 387 389 391 395 396 409 411 412 413 414 
417 418 419 422 436 442 450 451 454 458 465 468 
479 484 487 489 493 497 499 500 502 503 504 506 
507 508 512 522 528 532 540 545 547 549 550 553 
554 555 559 560 564 567 574 576 582 583 585 587 
596 598 599 604 607 609 612 619 624 631 632 633 
635 640 642 644 646 647 649 652 654 661 665 669 
671 677 680 681 683 684 690 691 694 695 701 706 
711 722 729 730 742 743 749 760 761 762 764 767 
768 770 773 780 782 783 785 786 789 794 796 
243
2 8 14 15 16 18 19 21 29 35 36 38 
41 42 44 46 48 52 57 61 65 70 73 74 
75 76 80 82 85 93 96 100 101 102 105 107 
112 120 121 122 126 127 129 133 134 136 137 138 
143 153 157 166 171 174 179 182 184 185 190 195 
200 201 208 218 219 220 229 231 236 244 247 249 
250 251 253 254 255 256 265 268 269 271 274 275 
276 278 280 281 283 284 285 286 287 289 294 300 
303 306 311 314 318 319 321 322 327 330 333 335 
343 344 346 350 359 363 364 366 367 370 372 373 
381 384 387 391 392 393 395 397 402 408 411 417 
423 434 437 438 439 444 446 452 455 456 458 459 
460 461 462 468 473 478 481 485 486 494 499 505 
507 510 516 526 527 538 540 542 543 548 549 556 
558 569 570 584 587 589 590 591 592 593 597 599 
602 605 606 611 613 615 623 631 632 635 638 639 
641 642 643 646 650 653 655 659 663 670 673 674 
675 680 683 684 691 693 696 697 701 702 703 707 
709 710 712 715 716 718 719 723 730 731 733 734 
735 746 751 754 755 759 764 766 771 772 775 780 
784 785 787 
226
4 6 7 9 11 20 21 25 29 32 34 37 
40 41 42 50 51 57 58 62 65 78 79 80 
82 85 86 87 102 111 116 121 123 129 131 134 
146 147 153 154 155 156 158 162 170 173 179 182 
183 189 190 192 203 205 206 215 216 217 220 221 
222 224 225 229 230 231 232 235 236 249 250 256 
258 261 263 269 274 279 280 293 294 296 301 305 
306 308 313 318 319 323 331 332 337 339 340 342 
345 350 351 354 356 360 364 366 370 376 377 381 
382 387 392 393 394 395 398 406 410 411 412 414 
419 422 423 428 436 438 440 442 445 452 454 455 
465 469 471 473 478 487 490 502 503 506 515 519 
522 524 527 533 542 554 556 559 560 561 562 563 
565 567 568 570 571 577 580 584 586 588 591 594 
603 609 611 613 614 615 617 620 621 628 631 634 
635 639 640 642 645 653 654 657 660 661 662 665 
666 671 672 682 687 701 703 704 709 712 713 715 
724 727 729 731 732 738 739 749 751 754 757 778 
779 780 782 784 788 790 795 798 799 800 
235
4 9 10 11 15 20 24 33 35 39 40 50 
53 54 59 60 63 68 77 81 83 85 86 88 
89 98 107 112 113 115 116 119 123 124 128 133 
136 140 146 149 158 160 165 166 168 171 172 184 
188 197 198 199 202 208 213 220 221 222 223 230 
234 235 241 242 247 249 251 252 259 264 266 272 
275 277 280 281 282 283 284 285 289 293 294 301 
306 307 310 311 315 316 317 319 325 327 328 332 
336 337 341 352 357 363 365 368 370 372 377 381 
382 388 390 393 397 404 406 411 412 419 422 423 
426 430 431 432 433 434 442 443 446 447 449 450 
453 458 461 465 466 469 475 480 482 485 487 490 
493 494 497 501 503 506 511 512 513 516 519 520 
522 539 540 541 550 555 556 565 568 570 572 575 
577 579 580 586 587 588 590 592 593 599 605 609 
610 612 620 627 628 636 642 650 655 658 660 669 
671 674 675 681 690 698 706 707 710 715 716 718 
722 723 724 726 732 734 736 737 738 744 745 746 
747 750 753 759 760 761 762 765 766 768 772 773 
780 784 786 790 794 796 800 
238
5 8 10 11 12 15 18 20 22 24 26 32 
33 35 40 41 50 51 53 56 57 68 74 77 
78 81 82 83 89 91 96 97 101 103 110 111 
113 114 125 126 127 134 135 137 138 139 140 141 
143 144 146 147 150 156 157 158 159 162 165 171 
175 176 183 184 189 202 208 210 212 214 221 222 
223 229 231 234 236 238 239 252 255 263 266 272 
275 283 285 286 287 288 290 294 302 307 308 313 
316 319 327 331 333 334 337 338 343 347 348 350 
353 354 357 360 367 382 384 385 387 388 391 394 
396 398 399 400 404 413 424 429 430 432 438 441 
442 446 452 455 456 459 462 465 467 472 475 477 
479 480 482 485 486 488 493 495 498 499 504 508 
511 518 520 521 522 525 527 528 531 537 538 540 
546 548 549 552 554 558 559 563 564 568 571 575 
576 578 580 585 588 591 607 610 615 621 623 634 
637 638 639 648 659 660 661 671 674 675 681 687 
689 692 694 697 698 705 706 710 721 730 732 738 
741 742 747 749 751 752 756 758 762 764 765 770 
773 774 776 777 783 788 789 790 795 800 
266
1 9 10 14 15 17 18 20 24 27 29 30 
32 33 34 35 38 44 50 51 58 60 61 69 
72 73 79 81 83 91 93 102 103 111 112 116 
121 123 126 128 132 139 142 146 150 153 158 165 
166 167 168 174 178 184 186 187 193 199 201 202 
203 207 208 220 221 225 226 228 231 232 233 238 
241 245 251 256 259 263 267 272 275 276 280 281 
289 290 294 297 301 302 303 308 314 316 317 318 
319 321 322 327 328 332 334 337 339 341 346 349 
351 352 355 357 360 361 365 367 368 371 374 379 
383 384 385 386 393 394 398 399 403 404 405 406 
410 411 418 420 425 426 427 432 435 441 446 454 
457 460 463 465 473 475 482 483 484 485 488 491 
492 498 500 510 515 517 518 520 523 526 531 533 
536 541 542 544 548 549 552 554 555 557 560 566 
572 573 579 580 582 583 584 588 597 601 606 607 
609 611 615 624 627 628 631 632 634 638 640 642 
646 650 652 653 659 661 663 664 667 669 672 673 
675 676 682 684 687 693 696 697 699 703 705 706 
708 712 715 716 720 721 722 724 725 726 728 729 
731 732 734 742 745 747 749 751 752 754 756 763 
765 767 769 771 774 776 778 779 783 786 790 791 
794 795 
250
4 5 9 12 15 21 26 27 31 36 38 39 
44 48 50 51 52 54 57 58 63 67 72 73 
86 88 89 94 97 99 100 102 103 104 108 109 
114 115 118 123 125 127 128 129 135 136 140 141 
143 149 154 157 160 163 164 166 169 173 177 179 
184 186 194 195 196 202 204 205 206 207 208 213 
216 217 222 224 225 227 233 251 252 254 257 258 
260 262 263 264 268 270 271 273 280 288 290 291 
296 298 307 314 317 318 322 327 330 336 338 340 
343 344 345 352 360 361 365 366 370 371 373 374 
382 387 389 394 403 411 412 413 418 419 422 428 
430 431 433 435 443 445 446 447 450 454 455 460 
461 463 475 480 483 484 487 491 496 498 500 501 
504 506 512 516 519 521 523 526 527 533 542 544 
545 555 557 560 561 562 563 566 570 571 572 577 
579 587 589 593 594 599 601 602 603 604 612 618 
623 627 629 632 633 635 636 648 652 653 656 658 
660 661 667 668 671 673 676 678 683 686 687 688 
690 701 705 707 711 720 721 722 724 730 736 740 
742 744 746 749 753 755 762 764 766 768 769 772 
773 774 778 782 785 786 789 791 793 794 
246
3 8 11 23 26 27 32 33 36 39 45 47 
49 51 52 56 65 66 68 71 72 74 81 82 
83 88 89 90 91 97 102 103 106 109 111 113 
115 117 122 123 126 128 129 136 147 153 154 156 
162 166 174 180 182 188 196 200 201 204 206 217 
221 222 225 228 229 234 246 249 254 255 259 260 
262 265 267 268 275 276 278 281 283 285 290 292 
303 305 309 314 324 325 327 331 334 337 339 341 
344 346 348 349 350 356 357 358 360 364 365 368 
369 370 372 376 380 383 384 385 386 390 391 392 
393 399 400 402 404 407 409 410 411 413 414 415 
417 418 422 424 431 433 435 441 448 452 457 460 
463 466 468 472 473 478 486 488 494 497 500 501 
504 505 506 511 514 515 520 523 524 525 526 527 
530 531 539 545 549 553 557 560 561 565 567 569 
571 572 574 583 586 589 590 594 596 610 611 612 
616 619 623 627 630 631 636 637 639 641 642 643 
644 650 652 656 657 661 664 668 671 673 677 679 
685 690 693 694 696 697 700 703 717 719 726 730 
731 732 736 737 743 754 757 760 764 771 772 773 
783 786 790 792 794 796 
221
3 9 11 12 23 24 28 34 38 45 51 59 
60 64 68 76 80 81 84 85 89 92 102 105 
106 107 111 113 115 116 118 122 129 130 132 133 
141 148 152 158 163 183 194 195 198 199 206 210 
216 218 221 226 228 230 231 235 236 239 241 246 
250 251 256 259 263 268 270 271 273 275 281 283 
284 285 292 295 298 300 304 306 308 312 313 315 
317 321 324 326 328 331 332 335 344 347 349 352 
357 363 365 367 368 369 372 373 374 378 380 386 
394 398 399 414 418 421 426 429 437 438 440 442 
447 448 449 450 452 455 457 458 466 469 471 477 
479 482 490 491 495 510 511 513 514 515 517 522 
523 528 532 535 536 537 539 541 543 544 546 548 
552 553 564 566 570 574 578 584 590 593 608 614 
615 619 622 630 631 637 639 641 646 648 652 653 
654 656 657 670 677 679 681 685 686 694 695 697 
705 706 707 710 717 718 727 728 734 737 738 741 
743 748 750 751 763 765 766 767 776 781 783 784 
785 787 793 794 796 
240
2 6 14 15 19 20 21 23 24 33 35 38 
46 49 51 52 54 58 66 71 75 76 83 86 
92 94 95 96 97 98 103 109 110 111 115 116 
117 118 119 120 121 126 127 138 143 145 147 152 
153 155 161 163 174 176 177 179 180 186 191 197 
200 212 219 221 222 225 228 232 240 241 243 247 
251 258 264 268 270 277 283 293 294 299 301 302 
314 316 319 322 324 328 332 333 335 337 338 343 
346 349 350 351 357 359 365 366 372 374 381 384 
385 389 394 396 399 403 404 405 406 407 410 416 
423 426 427 428 430 431 441 444 450 451 456 459 
462 469 476 477 478 481 485 488 489 491 492 493 
498 499 506 507 508 512 529 534 535 538 541 545 
547 549 552 556 557 565 567 571 574 575 578 581 
582 585 588 592 594 595 600 603 604 606 608 610 
615 619 622 624 625 626 629 630 634 636 640 641 
642 649 651 654 655 656 660 661 662 666 667 670 
676 677 688 690 693 700 702 703 707 708 709 713 
719 720 723 730 740 743 746 749 751 752 753 758 
760 763 765 771 777 780 785 786 789 793 794 800 
242
1 9 11 13 14 18 24 26 30 32 34 40 
45 46 48 50 55 60 62 67 70 71 72 80 
81 83 85 87 88 90 91 94 100 101 105 109 
115 116 120 131 133 135 139 144 145 152 154 156 
157 163 168 175 178 183 185 191 197 198 204 207 
212 214 217 218 220 223 224 237 240 241 244 249 
253 254 255 257 265 267 272 277 278 279 282 284 
285 286 287 291 294 298 299 305 312 314 315 317 
319 321 329 332 334 337 338 340 341 342 343 344 
347 349 350 351 356 358 359 361 366 370 372 379 
383 388 390 392 394 403 405 408 412 416 418 420 
421 423 429 430 433 435 438 447 449 452 453 454 
455 462 469 481 482 490 492 493 494 495 497 498 
499 503 506 509 510 513 518 523 524 540 543 545 
552 554 560 564 567 568 570 575 581 582 583 590 
592 594 597 598 603 604 606 607 609 612 614 617 
618 619 623 627 628 631 634 636 637 643 646 651 
652 658 659 660 662 680 684 686 688 689 701 702 
709 714 721 722 727 735 741 745 746 747 754 757 
758 759 764 765 770 771 772 780 785 788 793 794 
796 800 
215
1 9 15 19 29 34 36 37 41 45 54 60 
63 64 68 81 83 89 94 98 99 104 105 107 
113 117 125 126 129 132 133 137 139 140 144 147 
148 153 157 162 167 170 172 175 181 184 192 206 
210 213 216 221 237 239 241 246 247 249 252 253 
256 257 259 260 261 262 266 277 278 290 292 293 
297 303 304 308 309 310 311 319 327 333 337 338 
344 349 353 354 358 362 368 369 371 373 374 377 
379 381 382 384 388 395 401 404 411 418 420 423 
425 430 431 433 434 438 443 445 449 451 453 455 
457 464 465 467 470 472 487 492 493 494 495 502 
503 507 509 513 515 526 527 529 530 534 539 542 
543 544 547 561 564 565 567 576 578 581 582 584 
585 587 590 595 602 603 604 605 606 612 614 616 
618 619 620 624 627 632 638 640 641 642 644 645 
649 650 655 656 667 668 672 679 680 689 700 706 
709 711 716 717 718 719 724 729 737 749 751 757 
758 762 763 768 770 771 782 785 786 787 800 
259
5 11 16 18 19 20 21 24 25 28 29 30 
32 34 37 40 42 45 47 48 49 50 52 66 
68 71 74 77 78 79 80 82 83 84 86 97 
102 103 105 106 111 116 119 124 128 130 131 132 
134 143 144 145 146 148 151 157 159 160 163 165 
168 171 174 175 178 182 184 193 194 196 199 200 
206 208 209 210 212 214 221 222 223 224 228 231 
232 234 237 239 246 248 249 250 252 265 266 269 
270 271 272 276 281 284 286 288 289 294 296 299 
302 313 314 315 316 326 333 335 337 338 342 347 
357 359 364 369 372 381 387 388 394 400 401 402 
403 405 409 416 418 422 425 427 430 433 440 441 
451 452 460 465 466 470 476 477 479 480 482 483 
489 494 495 497 498 499 500 501 503 506 511 514 
516 528 531 537 538 539 546 547 548 550 551 552 
554 555 556 557 558 566 567 571 576 578 584 588 
589 596 606 612 616 617 619 625 629 641 643 653 
656 657 658 660 665 668 670 671 674 676 682 687 
690 693 695 697 699 703 707 711 713 715 718 719 
721 723 726 727 729 731 732 735 739 740 747 752 
754 759 768 770 771 772 773 774 776 777 780 781 
782 783 792 794 797 799 800 
240
7 12 14 16 18 21 24 27 31 33 37 38 
39 41 42 66 74 76 77 81 83 87 88 94 
104 109 110 111 112 118 126 127 128 133 137 140 
141 146 150 151 155 160 167 168 169 171 172 174 
179 183 191 192 195 197 199 207 210 211 215 217 
223 224 231 234 239 243 245 254 256 257 258 268 
269 272 274 279 280 284 297 302 303 305 312 313 
314 315 318 319 321 323 324 326 329 332 334 336 
346 348 349 350 357 360 362 370 372 373 375 376 
383 386 394 395 397 398 399 400 403 404 405 406 
416 417 425 433 436 442 443 450 452 457 458 459 
460 461 463 464 469 475 478 480 484 486 494 496 
508 511 513 517 518 520 523 526 528 532 533 536 
540 542 544 545 546 555 556 562 563 564 565 569 
573 577 581 587 588 589 591 592 593 594 605 613 
618 620 623 626 629 639 640 643 644 648 653 662 
664 666 669 672 676 680 681 682 683 686 690 697 
704 705 710 711 712 714 718 720 721 722 725 726 
729 730 731 732 733 737 739 740 743 745 751 752 
759 761 767 768 773 774 784 792 793 794 797 798 
253
2 3 4 6 7 8 12 13 20 26 28 36 
42 44 48 49 63 65 66 67 68 71 73 78 
79 87 94 96 97 102 104 105 107 111 115 117 
120 123 128 129 130 134 136 137 140 141 143 151 
157 163 164 167 171 176 180 182 184 185 188 189 
191 193 194 197 198 199 204 205 208 210 212 214 
215 217 218 221 222 225 226 228 229 231 233 237 
242 243 247 248 250 253 257 259 262 264 266 268 
273 281 283 286 293 303 307 312 314 316 317 324 
326 339 342 343 344 345 347 351 355 358 362 363 
364 365 372 378 380 384 385 388 390 394 395 396 
398 399 400 403 408 409 410 411 416 419 421 425 
429 430 434 440 441 444 447 452 454 456 457 460 
463 464 468 469 470 474 478 479 481 483 491 492 
494 498 507 509 513 515 517 528 529 536 539 542 
543 550 555 557 561 564 565 570 571 576 577 584 
587 589 591 601 602 603 610 613 614 615 617 620 
622 623 626 627 628 635 645 647 649 658 663 664 
665 666 667 669 682 684 685 687 699 707 711 721 
726 727 728 732 733 734 735 741 745 746 748 751 
757 759 762 764 766 767 768 769 773 776 777 780 
797 
231
8 16 20 22 23 24 29 33 37 40 50 52 
58 60 62 63 67 72 73 77 85 88 90 96 
97 100 108 109 111 117 119 124 126 128 132 133 
135 136 143 148 157 170 174 177 184 185 188 192 
193 194 205 209 211 219 224 226 228 230 233 236 
237 240 242 243 244 245 247 249 254 256 257 260 
262 267 268 277 278 284 285 294 297 299 300 301 
302 303 306 320 323 326 335 339 345 346 352 353 
354 355 363 364 365 371 373 375 379 381 386 393 
397 399 404 409 415 417 423 424 429 430 431 434 
439 441 446 447 450 454 455 461 464 471 472 473 
474 475 477 478 483 485 486 488 489 490 492 493 
496 502 511 514 517 521 523 524 526 529 533 537 
538 547 550 552 555 562 564 565 568 569 575 576 
578 590 591 592 596 597 603 604 605 613 615 618 
619 623 624 625 628 630 636 637 638 645 646 648 
649 650 651 653 655 658 663 668 671 672 674 675 
677 692 694 700 702 703 708 709 715 721 722 726 
727 730 732 736 737 751 753 760 764 767 770 773 
782 789 790 
222
2 5 12 14 15 17 21 23 24 37 39 44 
46 53 57 58 63 66 69 76 78 81 83 88 
96 98 104 106 112 121 126 130 131 133 134 138 
141 142 145 149 152 156 166 168 172 176 182 191 
195 197 200 204 208 212 215 218 220 221 222 226 
228 235 236 245 246 252 258 263 269 270 274 276 
278 279 281 282 286 287 292 300 301 308 313 318 
320 323 329 334 344 350 356 371 373 376 381 382 
386 397 401 407 408 410 416 417 420 423 425 427 
428 439 442 443 446 451 455 456 458 467 473 480 
481 485 487 488 496 501 502 504 507 508 510 514 
516 518 522 523 525 531 532 533 534 535 536 545 
546 547 548 551 552 556 558 563 564 565 566 572 
573 579 580 582 584 585 589 595 601 613 616 618 
619 624 626 631 632 635 643 644 648 652 653 655 
659 660 662 666 667 668 672 681 686 687 688 690 
694 695 699 700 703 706 708 716 717 724 728 729 
735 742 743 748 754 759 762 768 769 771 772 779 
782 788 789 790 794 799 
226
2 4 5 6 9 12 17 22 28 35 37 38 
40 41 45 49 50 64 65 66 67 71 80 81 
82 84 85 89 95 100 101 102 108 110 115 119 
123 133 136 139 152 154 155 156 158 159 160 171 
174 179 180 182 183 190 191 192 195 197 199 201 
204 209 210 213 219 226 229 230 232 237 240 241 
242 246 247 253 259 261 267 268 273 277 281 283 
287 288 289 290 292 294 295 297 300 301 310 311 
313 319 321 325 329 332 333 336 343 349 350 355 
362 364 376 377 382 383 387 388 394 395 399 414 
416 418 421 430 434 436 437 438 442 446 448 449 
452 457 463 466 467 471 475 476 490 495 497 502 
510 511 516 517 519 523 526 531 534 536 555 557 
564 565 570 571 580 581 583 586 588 597 604 606 
607 610 611 612 615 619 620 623 625 628 629 630 
632 639 654 656 658 673 674 675 677 679 682 688 
691 697 700 706 711 713 717 719 720 721 724 725 
728 733 738 740 741 747 756 759 760 763 768 772 
775 778 782 784 786 789 794 795 798 800 
215
3 7 8 11 26 28 32 39 45 47 48 49 
53 54 55 56 59 62 64 65 71 75 77 80 
81 82 86 90 92 98 106 111 112 113 123 127 
129 130 131 140 141 142 144 145 147 152 158 161 
167 171 177 180 182 184 187 189 191 196 203 216 
219 223 230 231 232 234 235 239 242 245 250 256 
259 261 264 267 270 271 272 278 283 288 298 299 
302 304 309 319 320 326 327 331 335 338 345 355 
362 363 364 365 366 373 380 381 392 393 406 408 
412 413 414 415 425 432 437 439 442 443 444 445 
451 457 460 464 470 473 475 478 481 483 488 490 
491 497 509 519 521 524 526 527 533 535 539 541 
546 550 551 559 561 565 570 571 572 579 583 587 
588 591 593 595 596 597 598 600 608 610 613 618 
621 626 628 631 635 637 639 642 651 655 661 662 
669 675 678 693 695 696 697 705 707 710 711 716 
717 718 719 723 724 735 736 745 755 757 759 761 
762 765 768 771 775 776 780 784 786 788 797 
239
3 4 5 10 11 16 22 30 34 35 36 38 
50 52 53 54 60 62 64 66 69 71 73 76 
78 80 81 83 84 85 87 89 95 98 103 107 
113 114 115 117 119 124 126 127 128 129 134 136 
137 139 141 150 152 153 156 159 161 166 171 174 
176 178 179 181 182 184 193 197 201 203 207 210 
220 225 229 232 240 243 250 251 260 261 266 269 
273 276 278 280 281 286 288 294 296 303 309 316 
322 327 329 331 332 334 335 338 340 341 343 344 
346 351 352 357 358 359 364 370 374 376 385 386 
391 393 394 395 398 402 403 405 409 410 411 412 
415 416 421 422 425 435 444 451 455 460 465 466 
468 475 476 482 484 487 490 492 496 501 502 503 
513 515 516 523 524 529 530 531 532 537 539 540 
543 547 552 553 554 555 557 562 565 574 584 588 
589 590 594 595 596 597 604 606 607 611 615 619 
622 630 633 634 646 648 653 660 665 670 672 674 
678 679 687 688 689 696 698 703 704 708 709 712 
715 722 725 727 730 736 737 738 739 742 748 750 
753 754 755 766 770 772 775 779 781 791 799 
246
3 6 10 12 13 15 16 23 28 33 38 42 
43 44 45 56 57 60 64 65 67 70 84 88 
91 98 100 102 103 108 109 111 114 121 124 125 
129 131 147 156 158 159 161 165 168 173 179 180 
181 182 191 193 196 197 200 203 228 229 233 238 
239 241 242 245 251 253 257 261 263 265 273 277 
278 282 286 289 291 292 294 297 301 302 305 307 
313 315 317 319 321 322 326 331 334 336 337 347 
351 357 358 360 361 363 364 365 366 368 373 376 
377 378 379 380 384 385 388 395 397 400 401 408 
410 413 415 421 422 427 430 431 436 438 443 446 
448 450 457 460 462 466 467 468 471 475 480 487 
488 489 491 492 494 499 503 505 508 509 518 521 
523 526 528 533 536 539 540 543 549 551 557 558 
559 562 563 567 568 569 570 574 588 589 595 599 
601 604 613 615 616 626 627 629 632 634 636 637 
638 640 642 643 645 646 650 651 653 655 663 668 
670 671 672 673 679 680 681 684 685 686 689 697 
701 702 704 708 709 711 715 716 722 727 728 740 
742 746 748 751 753 755 757 762 766 769 774 775 
779 781 782 794 795 799 
250
7 10 14 17 19 20 24 25 26 29 40 45 
46 49 50 53 54 56 59 62 63 74 77 78 
80 81 88 89 91 94 95 97 99 100 105 109 
114 117 123 126 132 138 142 148 149 153 154 158 
160 170 171 173 176 178 179 185 198 199 200 202 
206 209 212 213 214 215 216 219 224 228 229 230 
233 234 235 236 237 238 239 240 243 250 253 258 
259 260 261 263 267 268 271 272 273 276 280 287 
289 290 294 295 296 298 299 302 303 308 309 314 
315 317 318 321 330 331 342 344 347 350 351 354 
355 361 365 366 367 373 380 381 383 384 392 393 
394 401 403 407 408 409 412 418 422 430 431 434 
438 441 442 446 448 449 451 452 456 459 460 462 
463 468 470 472 478 482 483 484 485 505 506 508 
513 517 522 525 526 527 528 531 533 546 550 556 
567 572 573 579 582 583 584 596 605 618 621 624 
632 633 634 643 645 646 647 648 656 661 663 664 
665 667 668 671 673 674 675 677 681 690 691 692 
694 695 699 703 705 707 709 711 712 713 718 719 
723 724 725 727 730 740 743 750 752 754 757 759 
760 761 764 772 775 778 780 782 790 798 
238
1 6 9 14 19 23 24 28 30 31 33 35 
36 37 40 42 44 50 53 56 59 65 66 68 
69 70 75 80 81 82 83 88 90 91 93 95 
97 106 109 116 117 118 120 121 122 124 129 130 
132 135 136 150 155 157 158 159 164 166 169 172 
177 180 185 186 195 199 202 203 206 207 212 213 
218 231 235 239 240 242 245 247 252 258 262 264 
267 269 274 281 284 286 290 301 302 306 311 312 
314 316 319 320 321 322 325 326 331 333 336 338 
344 345 346 352 354 357 358 361 362 368 382 389 
398 399 401 408 411 415 417 420 423 425 429 441 
444 456 457 458 459 460 464 466 471 473 475 476 
482 484 491 492 495 496 502 505 509 515 516 517 
525 533 539 540 541 547 549 556 559 560 566 569 
572 575 578 588 590 595 602 605 609 610 616 619 
620 621 622 629 633 637 638 640 641 646 647 648 
650 651 653 660 668 671 673 674 676 677 680 682 
683 689 692 704 705 709 722 724 727 728 729 732 
733 734 736 738 739 743 744 745 746 749 750 754 
762 763 766 767 769 771 772 783 784 792 
241
2 5 6 7 8 10 11 13 20 21 22 23 
25 28 33 34 35 42 44 46 53 57 58 60 
64 67 71 72 74 76 78 79 87 94 95 99 
101 105 107 117 118 122 124 127 133 145 147 151 
153 155 156 161 162 163 169 170 172 176 178 184 
191 193 194 198 206 207 212 215 216 218 223 226 
228 230 231 232 234 240 242 243 244 245 247 251 
260 261 268 271 273 276 278 279 281 289 290 295 
296 298 299 300 301 303 304 313 321 322 328 333 
344 347 351 353 354 359 361 366 372 375 377 378 
391 399 404 405 409 410 413 415 420 421 422 427 
428 429 432 438 443 446 447 450 451 452 453 454 
459 463 465 466 472 473 474 475 476 477 478 487 
488 489 495 499 504 509 513 514 515 526 528 529 
530 532 533 536 537 538 544 554 555 558 559 561 
572 581 591 592 597 612 617 618 620 625 629 631 
634 636 640 645 646 650 654 655 656 657 662 663 
668 670 672 674 675 676 679 681 682 687 690 693 
697 700 702 720 722 726 734 739 741 745 746 749 
750 755 757 763 768 772 774 775 777 778 785 788 
799 
233
5 7 13 14 18 20 26 27 29 30 31 35 
36 40 41 51 56 57 58 63 64 65 69 75 
77 86 91 94 96 97 98 99 103 107 113 117 
124 127 133 134 140 142 145 148 150 152 156 157 
161 162 170 174 178 179 182 186 195 199 203 204 
214 220 222 226 229 230 231 234 235 238 239 240 
243 247 256 261 262 264 267 269 276 279 283 287 
289 293 301 305 307 313 315 321 323 328 342 344 
348 353 356 358 363 371 373 377 378 379 381 385 
388 389 392 396 398 399 404 406 415 417 421 431 
440 445 451 453 458 460 465 474 475 480 482 485 
487 488 491 494 495 496 497 501 503 505 508 517 
518 523 524 526 529 533 534 535 537 543 544 545 
549 556 560 567 568 571 572 574 575 576 582 593 
595 598 599 610 613 616 618 619 624 626 628 635 
636 638 641 643 645 646 649 653 658 662 666 668 
673 675 676 690 691 694 704 705 708 710 712 714 
715 718 719 720 723 728 730 735 736 744 745 746 
749 750 753 756 759 761 763 765 768 770 785 787 
788 789 790 791 798 
253
2 3 4 7 8 13 22 26 28 30 32 42 
45 46 50 57 59 61 62 68 72 73 74 75 
78 81 87 90 91 97 99 108 116 122 123 124 
125 132 136 139 141 149 155 156 159 162 168 169 
170 180 183 184 187 191 192 193 195 198 200 202 
204 207 211 212 214 216 221 226 228 230 234 241 
243 245 247 249 250 253 254 255 258 260 261 262 
274 275 281 282 283 289 290 292 295 297 298 300 
311 319 320 323 324 325 330 331 334 337 339 341 
342 350 352 355 356 357 358 360 365 370 371 378 
380 382 383 385 388 390 391 392 398 400 403 407 
414 415 416 417 419 421 422 431 438 439 444 446 
450 451 452 455 456 458 460 463 465 466 469 471 
473 474 476 477 479 485 490 491 492 493 502 513 
517 518 519 523 525 526 527 529 531 534 536 537 
538 543 545 546 551 552 557 558 559 566 568 571 
572 577 581 585 587 588 594 597 601 612 618 626 
627 628 630 632 636 641 644 647 653 654 656 663 
671 673 680 681 687 695 696 700 706 707 711 714 
715 721 722 729 734 741 744 746 748 750 751 753 
760 762 765 766 770 777 778 783 784 785 790 794 
799 
234
2 9 13 14 27 32 36 43 51 54 59 64 
66 71 76 83 84 85 91 92 95 96 97 104 
106 113 114 115 117 118 119 122 125 127 132 133 
135 136 142 152 156 157 158 169 187 191 192 200 
203 205 209 212 213 215 225 226 227 230 232 236 
239 242 247 249 250 254 257 261 262 263 265 271 
273 278 282 283 287 290 291 295 297 301 308 312 
314 315 316 317 320 321 323 324 325 328 331 332 
333 334 340 350 352 361 363 371 372 373 375 376 
381 387 389 391 399 403 404 409 411 412 416 419 
424 426 427 439 440 444 445 449 459 463 464 467 
472 474 476 478 480 481 484 488 490 493 494 499 
502 515 518 520 532 537 541 543 544 546 549 550 
556 559 569 570 574 575 580 583 585 586 594 596 
597 604 605 611 615 620 623 626 629 631 632 636 
637 639 646 648 651 653 654 658 664 669 672 676 
679 687 690 691 695 696 697 701 707 710 713 715 
716 718 721 722 727 733 742 743 744 750 751 754 
755 756 757 759 761 764 765 768 769 773 775 784 
787 789 790 792 794 796 
241
6 7 12 13 18 20 22 29 33 35 44 48 
50 51 52 53 57 59 60 63 68 69 75 76 
94 95 96 108 111 114 115 118 120 121 125 136 
139 145 155 162 164 171 172 174 175 179 182 184 
187 197 203 205 207 208 213 217 219 223 224 227 
231 232 237 243 247 248 252 255 256 267 270 277 
279 281 284 287 290 291 292 295 296 300 304 305 
306 308 309 312 313 318 320 321 324 326 328 329 
330 333 337 339 341 347 350 353 355 356 364 366 
368 372 377 381 390 394 406 407 408 409 411 414 
416 418 419 420 421 422 426 427 433 436 437 442 
451 452 453 454 456 457 460 462 468 471 472 473 
479 481 484 491 492 495 500 508 510 512 520 521 
523 524 529 533 534 536 538 539 542 544 549 553 
555 559 564 566 570 572 574 583 589 590 591 594 
595 598 599 600 602 607 608 612 613 619 626 629 
631 632 634 636 637 639 649 654 661 663 664 666 
668 674 675 676 679 680 683 689 692 694 699 700 
702 709 712 713 714 715 719 723 727 731 738 745 
746 747 752 757 769 774 779 780 784 786 788 797 
799 
253
5 7 9 10 13 15 22 27 29 35 39 42 
44 46 47 48 50 53 54 55 57 60 61 65 
68 69 70 72 82 85 86 87 88 90 91 92 
93 94 95 96 99 100 101 103 104 114 115 122 
131 133 136 138 148 155 156 157 161 162 163 166 
172 175 177 180 187 188 191 192 196 199 202 205 
207 208 211 212 213 216 221 225 226 227 230 231 
235 243 244 248 255 265 269 270 271 273 274 277 
282 286 288 289 292 298 305 306 309 310 313 319 
322 335 339 345 351 353 367 368 370 373 374 375 
378 396 399 402 413 414 418 419 423 424 427 430 
431 432 437 442 443 446 451 454 457 458 465 466 
472 478 480 484 486 487 491 492 496 500 502 503 
511 513 515 516 520 523 526 528 529 530 535 536 
538 546 560 572 579 581 583 585 591 594 595 596 
598 601 604 606 612 614 618 622 624 626 628 630 
633 641 645 647 649 651 653 657 660 661 667 671 
675 676 677 684 689 691 695 698 700 703 706 708 
713 716 722 723 724 725 726 729 730 733 739 741 
744 745 748 751 754 757 758 760 761 762 764 765 
767 769 772 773 775 776 777 779 783 784 788 793 
796 
230
3 5 8 9 11 12 13 15 17 19 20 26 
33 35 38 41 48 49 55 56 60 64 65 68 
70 74 77 79 87 96 98 100 101 102 103 113 
115 116 121 126 133 137 138 141 143 162 173 176 
178 181 184 193 196 197 199 200 201 205 207 217 
218 219 220 225 227 230 234 238 252 258 260 263 
266 271 272 273 274 282 283 285 289 311 316 327 
329 331 334 335 336 338 342 343 345 347 353 355 
358 359 360 362 363 365 367 371 372 380 382 386 
391 392 395 399 402 403 412 415 420 424 428 430 
431 442 451 453 457 459 460 462 463 468 473 475 
477 480 481 482 483 485 499 500 502 506 511 516 
517 519 520 526 529 535 538 539 542 543 553 554 
561 569 572 581 585 590 592 593 596 597 601 604 
608 613 617 618 619 627 629 634 638 640 641 652 
653 662 664 668 672 678 682 683 685 690 697 698 
700 703 707 708 714 717 718 722 728 730 733 734 
742 743 745 747 749 755 756 758 759 762 763 765 
769 772 773 775 777 778 780 783 785 787 791 795 
798 799 
242
5 7 16 22 23 35 38 44 45 49 51 55 
56 59 60 61 66 67 69 75 77 81 83 86 
87 90 91 92 93 94 99 100 101 102 106 107 
109 111 114 119 120 122 123 127 130 135 137 138 
140 141 143 147 150 157 164 168 169 175 176 182 
183 187 189 190 191 194 203 204 206 209 210 211 
214 216 220 222 223 224 228 230 232 234 236 241 
245 247 254 264 266 267 274 276 278 280 282 286 
289 290 291 292 294 296 300 303 305 309 311 312 
314 316 317 319 322 325 327 328 332 335 337 346 
347 354 357 358 362 368 369 370 371 375 377 378 
384 391 393 399 400 401 402 404 405 408 409 410 
419 421 424 432 442 448 450 457 458 459 462 463 
466 472 474 487 492 498 500 504 506 509 510 511 
513 517 530 541 542 546 549 552 554 570 575 576 
577 578 579 584 585 587 588 598 605 606 619 621 
625 626 630 635 637 639 640 644 645 647 653 659 
660 663 664 670 671 675 682 688 690 691 692 699 
705 710 728 730 731 732 735 736 738 742 745 752 
760 761 763 766 768 769 770 777 778 779 782 788 
799 800 
239
4 8 12 14 17 18 26 32 35 37 39 41 
43 49 54 56 61 64 70 75 80 81 84 88 
89 97 102 105 112 115 120 124 127 129 130 131 
135 141 147 160 161 164 165 167 170 171 174 177 
179 182 185 186 187 191 195 197 207 208 210 212 
214 217 218 220 222 230 231 232 237 239 240 245 
248 250 258 262 265 273 278 280 281 285 286 301 
302 303 305 309 311 318 319 323 327 330 331 335 
336 338 340 344 347 352 353 354 355 356 360 363 
364 366 372 375 380 383 386 387 389 390 391 393 
394 396 399 401 405 407 410 412 413 417 418 423 
426 429 430 432 434 436 439 440 442 443 447 449 
458 459 460 464 466 467 473 479 480 483 488 497 
498 506 507 521 522 523 530 535 537 538 540 552 
553 562 567 584 588 592 593 595 596 597 598 601 
603 607 611 613 617 626 629 631 632 638 644 650 
655 663 664 666 670 679 686 687 689 691 694 696 
697 700 709 710 716 717 724 727 731 733 734 736 
740 743 745 752 755 756 757 760 763 765 782 783 
784 785 787 788 789 790 793 795 796 797 800 
241
3 4 6 9 18 24 34 37 40 41 42 45 
47 53 58 60 62 72 76 79 80 81 82 90 
91 92 93 99 100 104 111 114 118 125 141 143 
144 145 148 157 158 159 162 172 175 180 182 188 
197 198 201 204 205 210 211 212 213 214 217 218 
219 221 222 226 227 228 229 230 238 240 241 242 
243 244 249 254 257 258 261 266 268 269 272 276 
277 280 285 287 290 292 303 309 311 313 316 320 
322 323 326 330 332 333 336 339 340 342 345 348 
349 351 359 365 370 371 373 375 386 389 390 394 
396 400 415 416 417 419 425 427 430 434 446 447 
449 461 463 466 469 482 483 484 487 489 490 491 
492 495 496 501 502 508 510 518 526 528 530 532 
533 534 536 543 544 551 562 566 567 569 571 573 
576 602 612 617 621 627 628 631 632 633 636 637 
639 640 641 644 652 653 657 658 661 670 674 680 
682 683 684 688 691 695 698 699 703 705 706 714 
715 716 720 722 723 724 725 730 735 738 740 743 
745 747 749 750 751 756 757 760 763 764 765 767 
771 773 774 777 778 780 781 782 786 789 793 795 
799 
234
5 7 11 14 25 30 35 36 40 42 52 62 
63 64 65 66 70 81 87 88 95 106 111 113 
115 121 122 123 125 128 135 136 139 151 157 158 
160 162 164 165 166 167 168 172 174 179 181 186 
187 190 192 193 194 197 203 205 207 214 216 217 
221 222 223 227 228 229 235 238 239 244 249 250 
256 260 261 263 265 266 267 272 276 282 284 290 
292 294 301 305 314 316 321 324 326 328 330 331 
332 333 336 340 343 346 350 351 352 358 361 364 
365 366 368 372 373 374 382 389 392 396 397 400 
401 405 409 415 416 420 421 427 433 435 438 441 
443 448 449 450 452 462 463 466 468 469 484 491 
494 500 502 505 507 511 516 517 519 521 523 525 
527 534 537 538 539 541 544 545 546 548 555 567 
569 570 574 576 577 582 587 588 590 592 593 606 
607 614 621 622 623 625 628 629 630 633 636 637 
647 655 657 660 662 663 666 667 669 670 674 677 
682 690 691 693 694 698 700 708 716 722 723 724 
733 735 741 743 745 758 774 775 776 777 778 779 
782 785 793 795 796 800 
267
11 12 16 18 21 22 25 26 31 38 43 44 
45 47 52 57 64 68 71 73 75 77 79 82 
87 97 98 100 101 103 106 107 109 113 117 124 
127 128 129 130 131 133 134 137 139 141 143 144 
146 147 149 151 152 154 155 157 164 165 167 170 
171 178 182 186 187 189 196 197 205 211 215 216 
217 219 221 223 224 228 231 232 234 236 238 239 
240 242 244 253 255 256 260 261 265 267 268 269 
272 273 276 281 282 284 287 288 290 292 293 294 
295 297 307 308 312 313 315 317 321 324 325 326 
329 331 334 338 345 350 353 356 358 360 364 365 
367 370 376 377 380 382 384 391 392 394 397 402 
403 410 416 420 422 427 428 435 437 440 449 450 
459 464 466 467 471 472 473 481 490 491 507 508 
509 512 513 515 518 520 521 522 526 527 528 529 
530 533 537 538 539 544 545 546 550 555 556 558 
559 560 568 573 577 579 580 581 585 586 587 589 
590 592 593 594 596 599 600 604 606 610 611 613 
621 623 626 627 628 643 644 645 650 651 656 659 
660 668 673 676 680 682 686 687 688 692 701 703 
705 707 708 709 710 711 715 723 731 733 749 759 
760 762 765 766 767 772 777 778 780 784 785 788 
791 794 797 
252
1 2 7 8 9 11 12 13 14 16 20 23 
25 26 33 38 49 50 54 57 59 61 64 65 
66 73 76 77 78 82 87 90 96 100 107 116 
119 122 123 124 127 130 132 133 135 139 142 143 
145 147 153 159 162 165 172 174 177 179 183 187 
189 197 199 200 203 207 210 211 224 225 228 232 
236 238 239 245 248 249 251 256 258 261 262 272 
274 275 279 282 283 284 285 291 295 297 298 301 
304 307 308 311 318 319 321 323 325 327 328 330 
334 338 339 341 346 349 352 355 361 364 369 381 
383 388 389 394 399 401 403 407 408 412 417 419 
424 435 436 437 441 442 443 444 448 454 455 457 
461 466 467 468 469 471 477 479 480 483 484 486 
491 492 499 506 507 508 510 511 513 514 515 516 
517 521 523 524 527 529 532 537 541 547 549 556 
557 558 559 562 564 565 566 571 576 579 585 587 
590 591 592 597 601 604 605 609 611 617 618 620 
621 627 631 632 634 637 639 642 643 665 667 674 
676 682 683 692 694 698 704 708 711 713 714 722 
724 727 728 730 732 734 741 746 755 760 761 763 
765 767 769 773 774 778 781 785 791 793 797 800 
230
2 6 7 13 24 27 28 46 51 54 55 59 
61 72 83 86 90 91 93 94 95 99 101 103 
104 111 112 125 131 135 139 143 144 145 147 152 
155 158 160 168 172 174 178 179 183 184 188 189 
195 198 200 207 214 217 218 219 221 225 227 238 
240 245 256 258 259 264 265 266 267 270 273 277 
281 289 292 295 300 301 302 308 309 311 317 319 
321 322 331 332 334 336 337 338 339 344 354 359 
360 367 375 384 388 394 400 401 404 407 412 415 
416 420 424 425 427 433 435 437 441 442 444 445 
447 448 453 454 459 461 462 468 469 470 472 473 
475 476 486 487 489 495 508 514 520 522 523 524 
525 526 530 531 532 533 542 543 544 551 556 561 
567 569 571 572 576 580 581 585 586 592 593 594 
595 596 601 602 605 609 616 618 621 627 628 631 
633 639 641 649 652 653 654 663 666 673 678 680 
683 691 694 695 699 702 703 706 708 711 712 719 
721 723 726 728 729 732 733 734 735 739 741 743 
744 746 749 759 760 764 767 768 769 774 778 779 
795 798 
253
5 6 7 11 13 14 15 16 17 21 23 25 
26 28 32 34 41 44 48 49 51 55 56 60 
65 66 72 74 75 76 77 79 82 84 87 89 
90 95 98 103 104 109 116 121 122 124 125 133 
142 144 146 147 153 155 158 162 164 166 169 172 
177 183 189 192 193 196 197 199 202 208 213 219 
221 222 231 232 233 235 241 248 249 251 253 259 
263 264 265 267 268 277 279 280 283 286 291 293 
301 302 303 312 314 317 325 327 328 331 332 342 
344 347 348 350 351 353 358 362 368 372 375 382 
386 389 392 394 396 398 402 405 409 417 418 419 
421 426 430 431 433 440 442 443 446 451 453 456 
463 467 474 479 482 483 485 490 493 496 497 504 
507 512 516 518 521 528 537 539 543 544 545 546 
547 554 556 557 559 561 563 565 566 569 570 571 
575 576 578 579 584 585 588 592 596 597 603 606 
608 609 611 613 619 622 623 624 627 629 631 634 
635 638 641 647 651 661 670 671 674 675 682 689 
690 691 695 696 697 698 700 701 703 705 707 717 
722 725 727 735 736 738 743 754 757 761 762 764 
767 772 775 778 779 781 782 785 790 792 796 797 
798 
238
3 4 6 7 11 13 15 22 26 31 33 37 
40 43 46 49 51 52 58 63 66 73 74 79 
80 83 86 87 98 101 107 109 114 115 118 122 
124 127 130 139 140 148 152 153 155 168 169 176 
177 180 183 185 186 188 193 197 200 206 207 208 
212 213 218 220 227 237 245 247 254 265 267 271 
273 276 277 281 285 286 288 292 298 302 304 308 
311 312 313 316 317 320 322 324 329 333 337 339 
341 345 352 357 360 366 368 369 370 373 380 384 
386 387 388 391 402 404 406 408 409 411 413 416 
417 419 421 423 424 428 429 439 447 448 451 454 
455 456 461 464 465 467 469 471 477 484 485 486 
487 491 494 496 498 501 505 510 512 516 518 520 
521 522 527 528 530 535 537 540 544 548 553 554 
560 564 568 571 572 576 580 585 590 592 595 598 
601 607 611 614 616 617 618 619 620 625 626 633 
645 649 651 652 656 665 666 670 673 674 677 678 
681 687 691 694 695 696 700 710 711 716 717 719 
724 730 733 735 740 741 743 744 746 747 748 750 
751 754 756 761 765 768 771 774 780 783 
248
5 11 12 14 16 17 20 21 25 33 35 36 
46 53 59 65 67 68 69 70 75 78 85 89 
91 92 94 95 103 104 107 112 118 119 127 129 
131 135 136 137 144 146 147 148 150 152 153 156 
157 159 161 170 171 178 179 182 184 187 195 199 
202 203 210 221 229 234 235 238 240 242 247 248 
252 255 258 263 268 271 272 273 278 283 285 291 
292 293 299 302 303 304 305 306 308 309 311 314 
315 317 318 322 325 326 331 334 339 343 346 347 
349 350 355 357 359 365 370 371 377 379 380 383 
384 385 387 394 397 399 400 405 411 413 414 416 
418 419 421 423 425 427 431 443 447 448 453 455 
456 460 462 463 473 476 480 485 486 487 493 497 
504 506 508 509 513 517 521 548 549 550 553 556 
557 568 569 571 575 577 578 579 580 584 586 590 
592 593 596 603 607 608 611 616 619 621 622 623 
625 631 632 635 639 641 642 645 650 651 654 655 
665 666 667 670 671 672 673 683 687 688 693 696 
697 699 700 701 703 707 709 711 712 713 716 727 
730 735 736 738 739 740 741 742 746 753 758 766 
769 773 779 784 788 789 792 795 
249
1 4 8 10 11 12 15 19 20 25 26 27 
29 33 34 39 41 42 43 44 48 49 51 54 
55 56 62 64 70 72 76 77 80 95 97 98 
99 103 104 107 111 116 119 126 128 131 132 140 
142 148 149 150 158 160 170 171 173 177 178 181 
182 188 191 193 194 204 212 213 214 216 221 225 
228 229 231 232 238 245 249 252 255 259 260 261 
264 265 267 271 273 275 278 280 281 282 285 287 
289 291 292 296 298 299 308 309 310 311 314 315 
317 321 336 344 352 354 357 360 364 367 370 372 
373 375 377 381 383 384 388 391 394 395 396 398 
401 406 411 413 418 419 421 429 434 439 441 444 
448 451 453 454 456 457 459 462 463 464 466 467 
477 479 482 484 488 494 495 498 499 507 510 511 
517 523 524 525 528 530 540 543 545 546 547 549 
555 559 562 564 565 568 570 571 579 582 587 590 
591 596 603 605 607 608 609 616 621 623 626 635 
636 637 638 643 645 652 654 656 657 659 660 662 
664 665 666 676 682 686 692 694 696 697 699 702 
708 712 714 725 727 737 743 747 748 750 753 755 
761 771 772 779 782 783 789 791 800 
223
2 6 9 10 14 23 25 26 29 30 42 45 
48 52 53 59 61 62 63 65 71 81 86 89 
94 106 108 117 122 124 127 129 133 138 142 143 
145 147 149 154 156 164 165 168 169 170 175 179 
180 182 184 188 192 199 205 208 216 225 226 231 
232 233 235 239 248 249 255 256 266 272 273 278 
281 282 292 293 295 301 303 304 309 324 326 327 
333 340 341 343 347 353 354 356 357 358 362 370 
372 375 381 382 388 402 407 411 417 423 424 426 
430 433 438 439 440 442 448 449 450 451 452 457 
459 460 470 475 480 481 483 488 489 490 491 493 
500 501 509 510 511 514 517 522 523 524 526 528 
529 530 532 534 538 544 548 551 557 564 567 568 
569 573 576 577 585 588 590 591 592 593 601 606 
609 616 623 635 636 637 649 652 653 657 659 668 
676 677 678 684 685 696 698 699 702 705 706 709 
710 713 719 722 724 736 737 740 741 742 744 746 
747 749 752 755 757 758 760 762 763 765 769 774 
779 782 783 786 787 788 793 
221
2 6 8 11 14 15 17 18 26 36 37 39 
46 52 56 57 58 59 62 66 67 70 72 80 
81 83 84 86 89 94 99 101 107 110 118 120 
123 130 133 143 146 150 152 156 161 168 173 175 
176 186 196 198 209 214 219 222 223 243 249 250 
252 254 258 261 263 267 268 269 273 278 280 281 
284 291 298 300 303 306 307 312 320 322 327 328 
331 335 339 340 341 352 354 355 365 367 368 369 
370 373 374 375 380 383 388 402 405 407 409 411 
412 413 417 420 421 423 425 429 430 436 437 438 
442 443 445 446 449 452 459 461 465 467 470 473 
487 494 496 499 500 501 502 509 511 512 515 524 
527 534 539 540 543 546 548 549 550 557 566 567 
570 571 573 574 575 579 582 585 586 587 588 589 
592 593 594 610 612 619 626 630 631 633 637 644 
645 646 650 652 653 658 660 665 668 669 677 689 
691 695 697 704 708 711 721 723 725 728 731 739 
746 747 748 754 755 761 768 772 775 778 779 782 
783 784 790 798 799 
231
1 10 14 15 23 27 28 33 34 36 37 51 
52 54 56 60 63 66 67 68 71 72 78 81 
82 91 96 97 103 105 111 116 117 118 119 122 
123 126 129 131 137 138 140 147 149 150 162 166 
172 177 181 182 184 191 193 194 195 199 203 206 
216 222 223 231 232 233 239 241 248 251 265 272 
277 289 291 292 295 296 300 303 306 312 331 338 
341 346 348 349 351 352 353 359 363 365 367 371 
376 380 382 391 400 403 406 408 409 415 416 417 
419 421 423 428 429 433 440 445 448 449 450 452 
463 465 466 467 469 471 473 474 475 477 478 481 
483 493 494 497 498 500 501 504 506 507 508 511 
512 518 525 529 530 537 538 539 540 541 542 548 
552 563 565 567 569 573 577 578 581 585 587 588 
593 597 605 606 607 615 620 625 630 633 634 635 
637 642 646 647 650 654 661 662 663 674 675 679 
680 683 685 689 691 695 697 698 699 705 707 713 
715 717 721 723 730 731 737 739 743 744 746 749 
753 755 757 759 769 774 775 776 777 783 785 787 
790 794 798 
246
1 3 5 13 15 22 26 30 34 39 40 41 
44 46 47 49 50 51 58 61 62 67 68 71 
74 78 81 82 93 94 95 101 108 109 111 116 
119 128 130 133 134 136 138 139 141 142 145 146 
150 152 157 163 165 166 168 169 170 174 195 201 
204 207 208 211 214 215 216 224 227 231 232 233 
235 244 245 248 250 251 255 256 258 274 275 279 
283 286 289 291 292 293 297 298 303 304 307 308 
309 331 332 335 336 339 356 357 359 360 361 365 
372 379 381 384 389 391 393 397 406 409 412 413 
415 417 418 419 420 423 424 427 428 430 439 440 
441 443 457 459 460 462 473 475 481 484 486 490 
497 498 510 515 516 519 526 529 534 536 537 539 
541 544 547 552 557 558 560 562 563 565 567 569 
571 574 580 583 588 589 592 595 597 606 608 609 
610 613 614 616 618 621 622 630 632 633 638 639 
646 647 650 654 657 662 664 665 667 669 671 672 
682 683 690 694 695 699 703 704 710 713 714 715 
722 723 725 727 729 730 731 733 734 738 739 745 
746 747 751 752 754 756 757 760 763 765 767 770 
774 776 779 782 799 800 
252
1 2 4 7 8 10 12 15 19 20 24 30 
31 32 37 38 41 43 48 54 57 58 60 61 
63 65 66 68 80 83 84 85 87 93 94 99 
100 102 103 112 115 118 124 129 135 136 137 142 
150 151 153 156 158 160 164 167 171 175 179 183 
185 188 198 199 200 203 205 206 209 212 213 214 
215 216 219 221 223 227 228 231 234 239 240 242 
244 246 248 249 251 252 254 261 267 271 273 274 
275 276 278 279 281 282 283 284 286 290 292 296 
300 304 305 308 309 313 322 326 331 332 334 335 
343 345 351 357 359 365 376 378 380 381 382 385 
387 389 390 392 399 404 410 411 414 415 418 423 
424 428 431 436 437 442 443 447 451 454 455 460 
461 470 472 473 475 478 479 484 485 487 489 494 
498 505 513 517 519 520 523 524 529 532 536 538 
539 541 545 549 550 555 570 575 582 585 587 591 
600 604 607 608 611 613 622 626 635 637 638 641 
644 645 646 648 652 658 659 665 667 668 677 681 
686 690 692 694 696 697 704 706 709 716 720 725 
726 736 742 743 746 749 751 754 756 757 758 761 
765 766 770 775 776 784 788 790 792 795 798 800 
253
3 8 9 12 14 17 23 24 26 27 29 41 
43 45 49 50 54 77 78 81 89 93 95 98 
99 100 101 109 111 112 122 123 125 129 130 135 
137 139 141 145 149 151 152 153 158 161 163 166 
167 168 172 173 176 182 185 190 191 194 207 211 
215 218 219 223 226 227 228 231 237 238 241 247 
248 249 250 254 255 256 264 275 277 280 281 283 
284 285 288 290 291 292 294 295 301 303 310 312 
316 324 331 334 336 339 341 343 345 350 353 358 
359 361 362 363 365 379 381 382 397 400 406 411 
413 415 416 419 420 422 423 432 433 436 437 439 
440 443 444 445 449 452 454 458 465 467 471 474 
478 481 484 485 488 489 491 492 498 502 504 509 
511 512 513 515 516 517 526 531 532 533 537 540 
544 546 548 551 552 563 566 571 574 576 578 580 
581 584 590 596 597 599 608 610 611 612 613 617 
621 625 628 631 632 634 636 638 643 647 648 654 
655 658 661 663 668 671 672 685 688 689 690 692 
693 702 704 705 707 708 712 714 716 719 720 723 
725 728 729 733 734 739 744 745 751 755 762 763 
764 766 767 769 770 771 772 773 785 790 792 796 
800 
238
3 4 12 16 19 21 30 36 40 45 46 50 
52 54 58 61 63 67 68 70 74 75 76 77 
78 80 81 85 87 98 109 113 114 121 123 124 
127 132 136 138 143 144 145 147 164 166 169 170 
171 174 178 181 186 187 191 193 195 196 201 207 
210 211 213 215 221 226 232 236 247 249 250 251 
255 258 259 260 261 262 272 276 281 286 289 290 
292 294 296 302 303 304 306 307 309 310 311 312 
313 315 317 327 328 331 332 336 338 340 346 347 
354 357 361 369 382 384 385 389 390 398 400 402 
407 410 411 415 418 424 426 428 430 432 436 438 
441 442 443 445 449 455 464 470 471 482 485 490 
496 500 505 510 512 517 519 520 522 527 530 533 
536 540 543 544 545 550 553 555 558 559 560 563 
564 566 575 576 577 581 582 583 592 596 599 606 
610 611 614 615 619 625 626 629 630 632 636 640 
642 643 645 646 647 649 656 658 671 672 673 680 
685 688 694 697 703 707 711 718 720 725 728 732 
751 755 757 758 759 760 762 763 764 766 767 769 
770 774 777 779 787 788 789 793 794 800 
211
3 11 13 15 16 17 18 22 25 27 29 30 
36 37 45 46 48 49 50 51 56 58 59 61 
62 65 66 68 74 79 82 89 97 99 113 116 
117 118 119 122 123 126 129 137 138 142 145 149 
150 156 160 164 169 176 178 181 184 185 186 187 
190 196 202 204 211 216 223 226 231 232 238 252 
254 256 259 261 264 269 270 276 279 281 282 285 
289 291 298 305 307 314 319 320 330 333 334 343 
352 353 362 369 378 379 381 384 395 399 401 402 
404 412 416 417 419 422 423 425 433 437 441 445 
450 455 458 472 474 475 478 481 488 493 495 496 
501 509 511 527 529 530 533 544 546 549 559 560 
562 563 566 568 571 573 574 581 587 595 596 602 
603 606 609 610 612 615 619 624 627 628 634 636 
642 645 650 652 654 656 657 658 660 663 664 668 
670 676 681 682 685 690 693 696 697 704 709 715 
724 730 731 732 747 748 749 754 756 759 765 771 
773 779 783 790 794 796 800 
235
8 13 16 27 34 35 39 43 44 47 50 55 
56 59 62 63 70 72 75 76 84 88 91 93 
94 97 100 101 107 108 116 119 120 121 124 125 
126 127 135 137 141 142 145 147 150 153 155 157 
161 163 164 165 170 179 181 187 190 194 201 203 
209 212 215 219 221 223 230 231 233 236 239 244 
245 246 249 251 264 266 267 268 272 273 280 290 
292 294 295 297 301 304 315 316 317 325 327 328 
329 332 334 339 340 342 344 348 355 357 361 363 
364 375 379 392 393 395 396 408 409 418 423 428 
431 432 435 436 437 440 441 444 446 447 448 456 
461 462 466 469 471 473 474 476 478 485 486 490 
498 501 504 505 509 510 519 529 533 534 536 537 
538 539 543 544 545 551 553 554 557 558 560 563 
564 571 573 577 581 582 583 589 601 607 610 611 
612 613 625 634 644 646 653 654 657 659 666 667 
671 672 674 681 684 686 688 692 698 701 703 704 
705 707 708 715 716 718 724 725 728 734 736 740 
748 751 757 758 761 762 766 772 774 778 780 781 
784 788 790 792 794 796 798 
250
5 7 8 10 12 30 31 38 41 44 53 60 
62 65 69 70 72 73 76 79 81 85 87 90 
92 95 97 101 104 105 106 110 112 114 115 125 
128 133 135 136 141 142 145 155 159 162 163 166 
167 168 170 175 176 178 180 182 183 185 187 191 
201 202 203 204 207 209 212 219 223 224 231 233 
234 238 250 256 257 259 260 262 267 276 277 280 
285 286 287 288 289 290 292 295 298 300 303 304 
309 314 318 323 326 327 328 329 333 344 345 346 
348 353 364 366 379 382 384 388 391 392 395 399 
407 411 414 415 417 419 424 430 437 440 441 449 
453 454 457 460 461 462 463 464 468 469 473 476 
477 478 484 485 487 497 499 500 501 502 503 505 
506 509 511 520 521 522 524 526 527 539 544 548 
554 556 558 563 564 567 582 586 590 591 595 597 
598 602 606 607 610 614 615 618 624 625 626 632 
633 635 636 645 646 648 651 652 653 654 656 657 
659 660 661 671 672 673 676 677 679 680 681 686 
693 694 695 697 705 714 717 719 729 731 732 735 
737 745 748 750 751 753 761 762 763 769 771 777 
778 780 784 787 788 790 793 794 796 798 
238
1 9 12 14 19 21 23 26 29 30 32 35 
37 42 44 47 50 52 54 59 60 66 69 72 
78 80 84 85 87 88 90 92 96 98 101 102 
103 105 106 107 112 118 119 123 132 134 141 142 
143 148 150 152 153 159 162 163 166 168 172 173 
179 185 186 189 193 197 198 199 200 202 203 204 
206 207 213 216 221 224 225 227 232 236 243 246 
249 251 255 257 260 263 264 269 273 274 275 276 
277 281 284 286 288 289 290 293 295 296 299 304 
313 318 323 326 332 339 342 347 350 358 359 362 
365 371 372 374 381 384 388 399 411 414 415 416 
431 432 434 437 442 444 446 450 455 457 460 462 
472 473 474 475 477 478 480 482 484 486 490 491 
492 499 502 511 514 516 518 519 523 536 542 546 
549 550 552 554 555 559 563 567 574 576 577 578 
580 583 590 594 598 600 603 607 611 615 617 618 
625 633 638 639 641 642 643 644 645 649 654 658 
659 660 668 677 679 684 686 689 692 705 708 712 
714 722 725 729 731 732 733 736 738 740 744 754 
755 756 758 770 772 775 776 785 786 794 
227
4 12 13 15 17 21 25 26 27 34 35 44 
47 48 50 53 65 67 70 75 76 79 81 84 
88 90 96 99 107 109 115 118 119 120 122 127 
129 132 139 141 142 147 151 153 159 162 165 170 
172 181 182 186 200 201 206 213 217 228 231 233 
235 236 238 242 244 254 259 268 269 270 280 281 
286 287 290 294 296 297 299 300 313 318 320 321 
322 326 327 330 334 336 337 339 342 343 345 351 
352 355 357 359 366 369 371 375 378 381 383 395 
401 402 405 409 413 414 418 421 426 429 430 431 
434 435 444 448 449 452 459 463 464 467 469 473 
481 483 484 486 490 491 492 499 500 501 502 515 
518 519 524 525 534 536 543 545 546 552 553 565 
567 569 571 577 578 580 583 592 593 594 595 600 
607 615 619 622 624 625 627 628 630 633 635 639 
645 646 649 654 657 672 674 680 681 685 686 688 
689 695 697 698 700 702 712 716 721 727 729 733 
734 737 740 743 744 747 748 749 752 753 754 755 
756 757 761 768 776 781 782 794 795 796 799 
248
1 2 3 4 5 6 18 22 23 28 30 32 
38 40 46 51 53 65 66 69 70 73 75 78 
82 88 95 96 105 108 109 113 117 122 123 127 
128 136 142 147 152 153 154 156 159 160 162 165 
176 178 179 183 184 188 195 199 201 203 204 206 
208 214 215 216 219 220 223 225 226 228 236 237 
240 242 243 245 246 250 251 253 257 265 268 269 
270 275 285 289 290 291 292 294 297 298 301 305 
307 308 309 314 317 318 322 329 332 336 339 340 
341 342 345 349 351 353 356 357 360 365 366 372 
374 378 381 385 386 394 398 399 411 413 414 430 
432 443 444 453 454 455 456 457 459 463 464 468 
470 471 473 474 475 479 498 499 502 503 504 505 
508 510 511 512 513 514 520 521 527 528 532 534 
535 539 540 541 542 544 545 546 547 551 554 555 
570 571 576 577 595 596 599 606 610 612 613 617 
620 626 630 636 637 640 650 651 652 653 655 656 
657 664 667 670 671 681 684 686 688 689 690 695 
698 699 702 704 705 706 710 714 716 718 724 725 
726 730 732 733 734 738 741 746 748 749 757 758 
763 765 769 770 774 779 787 793 
237
2 3 4 6 17 23 27 28 34 36 47 59 
66 68 71 72 73 74 76 79 81 85 86 91 
94 96 97 103 105 106 109 118 121 122 131 135 
136 137 138 140 150 151 153 154 158 159 162 165 
166 177 180 185 186 187 190 192 193 194 198 202 
208 210 213 217 218 219 220 223 224 228 231 232 
234 237 239 242 245 253 254 262 264 266 271 275 
279 282 285 288 293 295 300 304 306 312 313 317 
326 329 335 346 347 348 354 357 359 369 371 375 
379 382 388 390 402 403 404 405 411 416 417 419 
424 425 426 431 432 433 440 444 445 448 451 457 
458 469 475 478 482 484 488 491 492 493 494 499 
500 501 502 506 510 512 517 518 519 522 523 529 
530 537 540 545 546 554 558 560 562 566 569 571 
572 573 577 583 588 590 591 593 595 596 612 614 
617 619 624 628 631 634 642 650 653 660 664 665 
669 673 677 679 680 682 683 685 687 694 696 699 
702 704 705 706 709 721 728 729 730 732 739 747 
748 749 750 754 755 761 762 763 765 768 769 779 
780 782 783 784 786 790 794 795 800 
220
1 2 4 7 12 13 18 20 23 30 35 38 
44 45 58 62 71 72 74 79 86 87 88 96 
97 99 100 106 113 115 116 119 120 122 124 125 
134 136 140 149 150 164 168 174 175 176 177 183 
184 188 193 196 197 198 199 200 202 203 206 207 
213 218 222 230 238 241 243 246 249 250 252 258 
260 264 266 268 280 281 284 286 290 291 292 295 
296 298 300 301 303 304 309 312 321 324 328 332 
335 341 349 351 352 353 356 359 365 372 376 378 
380 383 389 393 395 396 405 410 411 423 427 430 
432 433 436 438 445 449 452 455 457 458 466 472 
485 486 487 494 495 496 501 504 505 518 520 521 
522 525 526 528 530 533 534 536 541 543 545 547 
548 552 554 556 563 564 570 572 575 578 586 591 
594 596 598 601 602 605 606 610 617 621 624 629 
630 632 634 637 640 657 662 669 672 682 683 684 
689 690 693 694 696 697 698 708 716 717 727 728 
730 733 741 744 751 757 759 760 764 774 776 777 
785 793 797 798 
244
3 4 5 11 12 13 16 29 33 37 40 42 
43 46 47 48 51 53 58 59 63 70 72 76 
82 83 85 89 94 97 98 101 104 106 107 117 
121 125 129 131 133 139 140 145 146 147 149 151 
152 154 155 157 158 162 173 174 177 178 181 187 
194 199 200 211 213 214 216 218 220 221 228 230 
233 234 238 239 242 243 244 252 253 260 263 265 
266 275 277 279 285 287 289 293 301 305 311 312 
319 323 325 327 329 334 335 344 346 354 355 358 
359 360 364 370 375 376 377 382 383 384 387 389 
394 399 400 402 409 416 417 418 419 421 425 429 
430 431 436 437 441 442 444 450 451 454 461 462 
465 466 467 468 469 472 473 476 477 478 484 485 
489 492 495 499 501 502 513 517 525 527 528 531 
534 535 542 552 555 558 560 562 563 568 573 583 
584 591 594 596 599 602 604 610 614 617 622 627 
631 635 640 641 650 651 653 655 659 669 671 676 
678 679 682 683 685 687 688 690 691 693 694 695 
698 700 704 705 711 722 723 731 734 735 742 749 
751 763 764 769 771 773 774 777 779 785 786 789 
790 791 796 799 
223
12 17 22 23 24 28 29 31 32 37 38 44 
47 48 51 54 56 66 72 78 86 87 93 94 
105 107 117 123 124 126 129 132 134 138 140 154 
159 162 165 166 168 169 171 173 178 179 180 182 
184 186 188 191 195 198 199 209 213 218 220 227 
228 233 240 243 253 261 263 264 265 267 268 271 
272 282 285 292 293 296 298 301 310 316 317 326 
329 331 335 341 342 343 344 348 350 357 359 362 
366 374 375 376 380 392 393 395 396 399 404 407 
410 411 414 415 416 420 424 425 428 433 435 436 
439 441 444 447 449 450 452 454 456 457 458 463 
464 465 472 475 481 482 484 486 489 492 497 500 
502 506 510 511 516 517 523 528 529 530 532 535 
543 546 550 552 557 559 561 562 564 567 569 575 
576 577 579 584 585 586 592 599 602 603 606 616 
624 627 630 634 636 638 641 644 645 661 663 664 
665 668 670 684 686 694 695 696 700 701 708 727 
728 732 733 742 745 749 755 764 765 766 773 782 
783 789 790 792 795 797 799 
243
4 5 11 14 16 18 28 29 33 37 39 44 
49 50 61 62 68 70 72 75 77 78 79 82 
84 85 92 93 94 96 99 102 106 110 115 116 
122 126 129 134 144 145 146 147 149 151 155 157 
158 160 161 164 166 170 175 176 177 182 183 188 
191 193 196 198 199 201 205 209 214 215 219 222 
229 230 233 234 236 241 245 252 255 261 269 271 
282 283 284 285 286 295 296 302 303 307 309 310 
314 315 318 322 323 327 333 334 348 353 357 358 
365 367 368 369 371 372 380 382 384 386 387 389 
391 396 400 401 404 405 407 408 415 418 422 424 
426 431 435 437 439 445 446 450 454 460 461 462 
464 468 469 471 473 476 480 482 486 491 492 496 
500 501 507 508 510 511 519 527 530 533 535 536 
544 545 546 548 551 552 554 555 556 561 569 575 
589 602 604 605 606 610 611 613 625 628 633 634 
636 638 643 644 649 657 660 666 669 675 685 688 
690 691 693 697 698 706 707 709 712 714 724 725 
727 729 735 736 741 742 743 745 746 752 754 755 
758 761 763 765 768 771 772 778 779 782 787 792 
794 795 799 
253
9 12 15 16 19 22 23 31 38 41 43 45 
49 58 60 61 66 67 68 73 74 77 78 81 
84 86 91 92 93 95 96 105 108 110 112 113 
115 116 117 118 124 125 126 129 131 134 136 140 
146 150 151 152 154 155 156 157 159 164 165 167 
168 170 171 172 176 196 198 209 214 220 223 226 
228 233 234 236 244 246 248 249 252 256 261 265 
266 267 273 275 276 277 279 280 295 298 300 301 
302 307 309 315 319 321 325 326 330 331 333 334 
337 345 351 352 353 356 357 360 363 365 367 370 
375 376 380 385 387 388 391 394 395 398 402 406 
411 416 417 431 432 433 434 436 437 440 441 444 
448 453 456 461 467 471 473 474 476 482 485 487 
496 501 505 507 509 510 514 522 523 529 535 538 
539 540 557 558 560 561 563 565 568 569 570 571 
576 577 579 595 602 605 607 613 614 616 620 626 
628 630 632 636 639 640 641 642 644 648 651 652 
655 657 661 662 665 666 668 672 673 678 680 681 
683 686 689 692 693 694 695 698 702 705 706 713 
714 717 718 722 723 727 731 733 738 741 750 756 
762 763 765 769 770 773 775 776 782 785 789 792 
794 
236
11 18 19 21 22 23 24 34 40 41 44 46 
48 50 54 55 56 60 61 64 68 69 70 71 
77 83 86 93 98 99 100 101 103 105 107 108 
116 118 122 123 133 145 147 161 164 167 169 178 
181 183 185 189 190 195 196 197 200 202 206 209 
211 215 217 218 220 222 226 231 235 237 238 239 
243 244 247 254 258 259 264 265 268 269 274 278 
289 291 293 295 297 299 300 304 312 313 318 321 
325 328 330 336 337 345 347 349 358 362 364 378 
382 388 390 395 406 413 417 418 419 420 422 426 
427 433 435 446 451 462 464 470 472 478 482 483 
486 489 492 496 497 503 506 509 512 515 517 518 
527 530 533 534 545 552 558 559 560 562 564 565 
571 579 585 586 591 592 595 601 603 605 611 613 
616 618 622 628 629 630 632 634 636 640 642 648 
651 652 654 655 657 658 659 665 666 668 671 672 
674 677 681 683 689 694 695 697 700 701 702 713 
714 716 721 723 725 726 728 730 732 735 737 738 
739 740 741 742 746 751 761 762 764 765 773 775 
779 780 781 784 786 788 790 793 
228
5 13 17 18 22 23 25 27 28 31 33 36 
37 39 42 45 50 51 55 56 58 61 64 67 
69 75 77 78 79 83 84 85 86 95 98 104 
108 110 111 112 117 121 128 131 135 140 144 148 
150 153 156 157 158 161 163 167 172 173 180 182 
183 184 185 189 191 195 196 197 198 204 207 211 
212 213 214 216 217 219 230 234 243 254 260 266 
267 271 272 280 291 299 300 301 303 307 315 316 
317 321 326 330 331 333 335 338 342 343 344 346 
351 361 362 364 365 366 367 371 374 379 381 384 
386 388 389 394 399 401 411 416 423 429 437 439 
449 451 452 455 456 459 460 461 465 470 473 478 
486 487 490 492 493 494 496 498 499 504 508 510 
511 523 524 526 533 534 539 541 543 548 551 557 
563 564 577 578 585 587 588 590 595 597 600 605 
608 609 610 616 617 626 629 646 649 653 654 656 
658 664 665 669 672 675 677 682 686 692 696 699 
704 705 710 711 715 720 723 732 737 740 747 749 
750 758 759 760 761 763 765 766 767 771 777 780 
242
2 3 6 7 12 13 16 19 20 25 28 32 
33 34 37 38 40 42 46 48 55 63 73 74 
77 79 81 86 88 89 95 96 97 98 99 101 
102 105 106 112 113 114 115 122 125 128 129 130 
131 132 140 145 146 147 150 164 166 170 172 176 
181 187 188 189 203 210 213 216 219 222 225 227 
232 233 234 245 246 252 253 257 262 263 268 271 
272 274 279 284 287 288 289 291 296 299 304 307 
309 318 320 327 328 341 342 343 346 352 353 360 
363 370 372 386 388 391 395 397 399 409 411 414 
415 417 422 423 434 436 437 438 443 449 451 452 
453 455 457 458 459 461 463 464 473 474 477 483 
486 488 489 491 495 500 502 504 511 512 521 524 
525 527 528 534 536 538 539 543 544 548 554 559 
560 562 573 575 576 580 583 585 586 589 590 592 
595 598 607 608 610 611 615 620 623 632 634 638 
640 641 643 645 647 648 649 655 657 659 669 674 
676 678 682 690 691 698 706 707 714 716 717 718 
719 722 723 724 725 733 738 742 743 744 745 746 
748 751 752 760 770 772 773 774 783 787 791 795 
798 800 
230
1 5 12 15 21 22 23 33 34 39 49 52 
53 56 57 60 65 67 70 73 77 80 85 87 
88 90 93 94 95 97 102 108 121 125 128 133 
140 145 154 156 164 170 180 181 183 184 185 189 
190 191 193 197 201 210 213 214 215 219 220 221 
222 225 227 234 235 237 238 243 255 256 268 269 
279 280 287 289 293 298 301 304 313 314 315 317 
321 325 330 340 342 343 344 347 348 353 357 371 
373 374 376 379 382 385 386 389 391 394 398 412 
414 417 420 421 425 428 429 430 431 437 438 439 
442 451 452 453 454 461 465 467 470 473 474 478 
484 488 489 494 496 499 502 504 506 507 511 514 
517 518 519 522 525 526 535 536 549 552 554 566 
567 572 578 579 580 587 592 594 595 597 599 606 
609 610 612 613 620 624 626 628 631 633 639 643 
644 647 649 651 652 653 654 655 657 665 667 674 
685 687 689 690 691 692 696 702 705 707 709 710 
712 714 715 716 718 721 723 728 740 748 765 767 
768 769 770 772 773 774 775 777 781 783 785 790 
792 800 
253
5 10 11 12 13 14 17 21 23 26 28 31 
34 38 39 44 46 49 50 62 64 69 70 73 
75 77 79 89 94 103 105 110 113 115 123 124 
129 132 133 134 135 139 140 141 142 144 145 146 
149 150 153 156 168 172 175 178 185 186 187 194 
197 198 206 209 210 213 215 220 221 222 224 227 
234 235 243 244 249 250 252 259 263 264 265 277 
281 282 291 294 299 301 302 305 307 313 315 326 
327 330 331 336 339 341 342 345 346 349 350 355 
356 365 366 369 372 374 376 383 384 387 388 389 
398 407 411 412 421 424 425 429 434 440 442 443 
446 452 454 456 457 460 463 465 468 473 474 475 
480 481 483 488 489 497 500 501 502 507 509 512 
513 515 516 519 521 523 525 527 528 534 536 541 
549 550 554 555 556 560 561 569 571 574 577 578 
579 583 585 588 589 597 599 602 605 606 607 608 
615 617 618 620 621 622 624 626 637 639 641 646 
652 654 659 664 665 669 670 673 674 675 680 681 
682 683 686 687 689 690 697 699 702 705 708 711 
712 720 723 727 729 733 737 738 744 747 749 753 
761 765 766 767 768 770 777 778 781 784 786 791 
792 
233
3 5 11 12 15 16 17 19 20 21 22 29 
30 31 32 33 46 55 57 63 64 65 70 71 
72 77 86 91 98 101 102 111 119 121 123 129 
131 132 134 135 136 139 141 143 145 148 150 154 
159 165 174 178 180 182 184 185 190 193 199 200 
203 206 210 214 218 224 225 231 232 236 238 244 
246 249 252 257 258 262 265 266 269 273 276 278 
289 296 299 304 305 310 311 314 316 318 322 325 
327 333 337 343 345 347 348 349 359 361 363 364 
365 371 377 378 379 380 382 383 384 386 390 393 
394 397 398 401 402 405 409 410 421 422 423 424 
425 429 432 433 434 438 439 446 447 455 461 462 
463 467 473 475 482 487 488 492 494 503 507 511 
512 519 535 538 553 554 555 560 566 568 579 580 
581 586 590 591 593 595 598 601 602 606 609 610 
615 617 618 624 625 628 630 632 633 635 637 645 
646 649 652 655 656 663 671 674 675 678 681 686 
687 695 697 706 713 718 722 723 725 726 727 728 
729 738 741 761 766 767 770 772 774 775 777 780 
782 783 789 794 800 
245
4 12 13 15 18 19 32 43 44 50 54 58 
60 62 63 65 71 75 78 80 85 86 95 98 
101 103 104 105 111 112 116 117 118 119 120 121 
124 127 128 130 132 134 135 141 143 144 146 148 
149 151 153 156 158 160 161 162 164 166 172 173 
181 187 190 193 194 196 199 201 203 204 206 207 
209 216 218 219 220 227 231 235 236 237 238 239 
250 253 256 261 270 272 274 277 279 280 283 287 
293 297 304 305 307 311 314 316 319 321 323 324 
326 331 334 335 338 344 353 354 355 356 367 370 
372 378 380 384 385 387 389 390 393 394 396 397 
398 400 403 406 410 411 414 416 417 418 423 425 
432 437 439 441 444 453 454 466 477 481 482 485 
488 491 494 497 503 505 507 510 512 514 515 532 
534 540 544 545 546 550 552 554 556 559 567 570 
571 576 577 579 580 584 589 592 593 597 598 602 
604 608 614 617 623 631 637 642 644 646 647 649 
655 658 659 667 670 682 685 686 693 700 705 706 
708 711 713 715 716 720 721 724 726 732 733 735 
736 739 747 748 755 756 758 764 767 770 771 776 
781 782 789 791 800 
229
12 13 15 19 23 25 31 36 37 38 44 51 
52 57 62 68 69 71 76 82 86 88 94 99 
102 103 108 111 112 114 118 123 128 140 151 153 
155 160 162 164 166 168 170 171 172 174 196 199 
200 202 203 204 206 207 210 212 227 228 229 232 
235 239 240 243 244 259 262 264 269 270 275 278 
281 282 285 286 288 289 293 299 300 308 310 312 
315 321 328 329 330 337 338 339 345 352 362 363 
365 366 368 369 370 382 388 392 393 396 397 402 
410 414 417 428 431 432 433 437 440 441 442 444 
446 451 452 453 454 455 456 458 459 460 462 464 
465 469 473 477 483 489 491 497 500 503 507 511 
513 514 516 517 518 522 535 546 550 551 552 556 
558 559 563 567 572 574 575 578 583 587 591 593 
598 601 608 613 619 620 621 631 632 633 636 646 
647 648 650 655 658 662 663 665 667 670 672 673 
674 675 677 678 679 681 683 685 686 689 692 693 
711 712 714 717 718 720 738 740 745 746 748 755 
761 766 767 772 774 778 780 781 784 785 797 799 
800 
263
3 6 12 17 20 26 28 33 40 41 44 45 
52 53 55 57 58 59 60 61 62 63 67 68 
70 71 75 78 79 80 87 88 89 90 95 97 
98 99 101 104 106 107 109 112 116 117 120 121 
125 128 129 130 132 133 134 136 138 140 143 145 
153 165 166 167 168 170 172 174 181 182 185 186 
188 190 191 196 201 203 210 213 215 221 224 228 
235 236 242 243 244 248 250 257 258 264 269 270 
271 272 273 277 282 286 289 290 294 296 297 298 
299 308 312 314 323 325 327 328 329 331 332 339 
341 344 346 348 349 350 351 359 360 366 367 370 
371 372 373 374 375 378 381 384 385 391 392 393 
400 401 407 409 412 413 414 417 418 422 425 426 
429 430 436 438 439 440 442 444 446 447 448 451 
454 458 459 461 463 467 469 476 477 479 480 482 
489 492 493 494 496 499 512 513 518 521 522 523 
525 526 533 535 542 545 546 552 554 558 561 566 
567 575 577 578 579 584 586 587 591 593 603 607 
608 610 614 617 618 624 630 635 642 647 649 655 
658 662 665 666 670 676 681 684 686 689 696 699 
701 703 707 714 719 720 723 725 731 738 746 749 
750 751 763 765 770 773 785 792 794 798 799 
225
3 4 6 10 11 12 13 14 17 21 25 31 
33 34 36 37 43 49 54 57 58 61 73 74 
76 78 79 92 100 102 103 104 105 107 111 112 
114 116 117 124 125 128 129 130 131 147 148 152 
155 157 163 171 175 180 182 183 187 188 190 191 
193 194 195 200 201 214 215 217 221 223 226 230 
236 237 241 244 245 250 251 252 257 260 261 262 
263 277 278 279 280 283 289 294 296 299 302 303 
306 314 323 326 331 337 339 341 342 345 348 352 
355 357 361 374 375 376 377 378 390 391 392 398 
399 402 404 406 409 411 416 417 426 431 433 440 
447 451 454 455 456 457 460 461 468 469 471 485 
488 492 495 496 501 504 506 507 508 510 513 530 
531 534 535 536 542 550 551 558 568 572 579 581 
584 589 592 593 602 604 606 613 623 626 627 628 
636 645 647 661 665 674 678 681 690 691 694 696 
697 700 703 704 705 709 711 713 721 726 727 728 
730 741 743 754 758 762 763 764 769 771 772 773 
776 777 779 780 783 784 787 796 799 
231
3 13 14 15 18 20 27 29 30 31 33 40 
42 45 47 48 51 57 60 61 63 65 73 76 
78 79 81 85 89 94 95 106 108 109 110 117 
118 123 127 132 133 140 142 145 149 150 152 153 
159 160 161 163 167 174 185 189 191 193 196 198 
201 205 206 212 214 218 221 223 230 234 235 236 
237 245 246 249 252 258 262 266 270 271 273 279 
280 281 286 287 288 292 293 298 305 311 319 320 
321 322 328 331 336 341 344 351 352 353 354 355 
364 366 369 373 378 385 386 392 397 402 404 408 
409 411 413 416 419 424 432 433 435 437 441 442 
443 445 446 449 450 459 465 466 468 469 473 477 
480 483 484 485 489 490 491 493 495 499 502 503 
517 519 520 524 527 529 530 531 532 536 543 545 
551 555 564 566 568 577 580 581 582 587 590 597 
606 607 612 614 615 616 621 622 635 636 648 649 
651 654 659 674 675 680 681 683 684 686 691 693 
705 708 711 713 718 723 724 732 734 743 755 756 
757 760 761 764 768 769 774 781 785 790 792 796 
797 799 800 
245
5 8 10 13 15 19 24 26 28 33 36 37 
39 41 42 49 51 60 62 64 67 68 74 76 
78 83 84 92 100 103 104 105 107 110 127 130 
139 140 142 143 145 161 162 170 171 176 181 183 
186 188 190 192 193 194 196 197 198 200 202 208 
209 210 212 214 215 221 225 227 234 236 240 241 
242 254 261 262 263 264 265 268 271 273 276 278 
282 284 285 289 291 294 297 299 302 306 308 312 
314 316 319 320 327 331 334 335 338 339 341 342 
347 352 355 358 365 366 368 369 371 375 378 380 
383 385 389 390 391 396 397 406 408 411 415 416 
417 421 428 430 432 433 436 437 438 442 445 446 
449 450 451 456 457 461 463 464 466 476 477 479 
483 490 492 494 497 498 499 502 506 509 510 513 
517 518 521 525 540 542 543 545 547 550 552 561 
562 563 565 569 576 587 588 595 603 605 611 613 
615 622 624 629 635 637 639 643 644 650 651 657 
660 662 664 666 667 669 682 683 691 696 697 700 
703 709 711 714 716 718 719 720 721 722 725 727 
728 731 732 734 735 736 739 742 743 746 750 760 
762 764 779 781 790 
237
1 2 13 14 22 27 28 30 31 37 42 46 
49 53 54 55 58 62 63 68 69 71 74 76 
77 81 89 90 94 97 98 102 106 114 119 120 
123 125 128 133 135 138 139 143 144 145 148 154 
156 158 165 167 168 170 173 188 189 190 194 195 
203 205 208 212 213 214 220 225 228 231 236 242 
248 250 252 256 260 264 267 269 270 279 283 286 
290 291 293 297 298 299 308 312 317 319 321 324 
331 332 334 336 337 339 348 352 361 368 372 374 
384 388 396 397 398 399 402 405 412 420 422 423 
424 427 428 430 434 438 440 443 445 448 449 453 
462 466 467 469 470 472 474 478 484 487 488 498 
499 502 504 509 513 521 524 528 535 546 555 558 
564 565 567 568 570 572 576 585 592 596 610 612 
613 616 618 619 621 622 631 633 635 641 644 645 
647 650 652 654 656 658 665 666 668 673 674 679 
680 686 688 690 691 693 697 700 701 702 703 705 
707 708 710 712 713 715 724 725 726 738 741 742 
744 754 756 760 761 768 770 771 774 775 778 779 
783 788 791 792 793 795 796 797 799 
257
2 3 7 12 14 16 27 28 31 34 36 39 
44 46 48 50 53 61 67 71 73 82 88 90 
92 95 96 99 101 108 111 115 118 119 120 121 
122 125 128 135 137 142 144 145 149 156 157 158 
160 164 167 168 169 170 172 176 179 181 184 186 
187 189 190 193 195 196 198 199 202 204 210 211 
213 214 215 216 218 219 221 222 223 224 228 229 
233 241 242 244 245 252 254 258 263 264 266 267 
269 270 271 272 273 274 275 278 279 291 301 310 
314 315 316 317 318 320 323 327 328 334 341 347 
350 354 357 359 360 365 367 370 371 373 377 378 
379 386 387 394 396 399 404 405 410 412 413 416 
418 421 431 432 433 435 436 438 444 446 448 452 
453 455 456 460 461 467 474 475 477 482 484 488 
489 491 492 495 496 497 498 505 507 509 516 518 
523 527 528 531 533 547 551 552 558 565 567 568 
573 583 588 589 591 600 605 606 614 618 619 620 
624 626 634 635 637 644 653 654 657 660 662 666 
669 674 679 681 685 690 691 699 700 704 710 716 
719 723 724 725 727 728 731 734 738 740 742 746 
747 753 756 761 762 769 772 778 779 786 787 788 
789 790 792 793 794 
241
3 6 12 14 15 25 26 27 28 32 37 38 
41 46 48 52 53 56 61 67 68 72 74 75 
77 78 86 90 97 98 99 106 110 112 115 117 
120 121 122 123 124 129 132 134 141 143 144 156 
159 164 167 168 169 173 176 178 180 181 183 185 
186 188 189 192 193 202 206 207 208 218 219 221 
222 224 228 236 237 238 243 246 247 253 257 258 
266 271 272 277 279 283 284 285 286 297 304 305 
308 312 313 314 328 329 333 338 340 344 348 350 
354 359 362 365 368 370 374 381 390 392 394 401 
402 406 408 409 410 411 414 420 421 423 426 429 
430 435 439 442 443 446 448 453 454 457 458 459 
462 466 467 471 473 476 477 478 480 482 486 488 
491 492 493 497 501 507 511 512 513 515 517 520 
523 524 526 527 532 533 535 536 537 538 539 540 
547 550 556 562 563 574 578 580 583 588 591 596 
597 599 611 612 621 624 628 629 630 635 637 651 
661 663 665 666 667 668 673 676 677 679 681 684 
687 694 699 703 706 718 720 725 727 730 732 733 
734 737 742 758 760 761 765 771 774 775 776 777 
786 
246
4 6 13 17 24 27 30 33 35 45 46 50 
54 55 60 61 62 63 70 71 78 81 82 84 
89 92 95 99 104 106 112 113 114 115 120 122 
123 127 128 129 133 134 136 140 142 149 152 156 
157 165 166 167 174 175 178 186 197 198 199 217 
225 232 238 241 242 244 248 249 251 253 255 256 
257 261 262 267 268 270 277 278 280 284 286 292 
298 299 302 303 304 305 306 307 312 315 322 323 
325 331 332 334 338 341 342 346 347 351 357 360 
361 364 365 366 371 373 381 387 388 389 391 392 
401 402 406 408 411 412 413 414 416 423 428 434 
438 441 450 451 456 459 460 466 467 470 473 474 
475 479 483 488 489 490 491 497 502 504 506 509 
511 514 517 521 525 527 528 536 544 547 548 551 
553 558 560 567 569 571 572 575 585 587 590 593 
594 596 597 599 604 606 610 611 612 613 616 618 
619 622 625 626 628 629 631 634 638 645 653 658 
660 663 666 667 670 673 676 679 680 682 685 687 
688 690 697 698 699 700 703 707 709 711 716 719 
732 736 740 741 743 745 747 749 759 766 771 773 
776 784 787 790 793 797 
234
3 7 8 12 15 20 21 23 30 32 33 34 
35 37 42 47 48 52 56 57 59 66 67 68 
69 70 78 79 83 85 88 90 91 92 93 94 
95 96 99 103 104 107 108 112 114 115 116 129 
132 133 135 136 140 142 143 150 152 153 158 163 
170 172 173 175 176 182 190 192 193 197 199 202 
203 207 211 212 214 215 216 220 221 222 224 225 
228 229 236 239 241 251 254 257 258 262 265 269 
277 279 282 284 295 296 297 303 307 310 315 319 
320 321 322 332 333 339 344 350 351 352 355 357 
362 373 377 378 381 387 396 399 400 401 405 410 
414 418 420 424 428 429 435 443 448 457 459 465 
478 480 482 484 485 488 492 502 505 514 515 524 
526 527 529 530 534 535 536 543 544 551 552 555 
561 564 565 571 576 580 581 584 585 595 598 599 
600 604 614 615 617 619 620 624 635 644 646 647 
651 653 659 668 670 673 682 695 702 705 706 712 
713 714 715 717 718 719 720 724 728 729 730 732 
734 739 740 749 751 753 759 761 770 771 773 774 
776 782 787 788 789 792 
222
1 2 4 5 8 10 14 16 21 23 24 29 
30 31 32 35 42 44 45 49 58 62 64 74 
79 82 96 101 107 112 114 116 120 121 123 126 
132 136 137 139 140 142 152 160 163 175 179 182 
187 188 201 203 207 209 211 214 235 243 250 255 
256 258 259 260 262 263 264 266 270 271 278 279 
280 286 291 295 297 301 303 304 307 310 311 312 
314 316 322 325 328 330 333 341 345 351 355 357 
360 363 366 368 383 388 391 392 393 395 397 398 
403 404 409 413 416 418 419 423 424 428 430 436 
437 440 441 446 448 456 458 460 462 470 471 472 
473 475 476 484 485 487 491 493 499 500 503 507 
508 511 512 514 519 521 529 530 531 534 537 554 
557 560 563 569 570 571 573 579 581 584 588 591 
592 593 596 611 618 621 624 637 640 647 651 653 
657 658 662 666 669 670 672 673 675 680 681 685 
687 688 690 695 696 697 700 708 718 719 730 735 
741 742 754 756 758 759 765 766 767 768 772 776 
777 781 785 791 793 800 
240
5 11 12 15 16 18 21 26 31 33 35 37 
38 42 43 44 47 48 51 60 72 75 77 78 
79 80 82 87 91 96 97 104 105 111 113 115 
117 119 121 123 127 129 131 135 140 146 151 153 
155 158 165 169 175 177 178 180 181 184 188 190 
194 196 198 205 209 210 213 214 216 219 220 223 
224 225 227 228 230 233 236 238 240 247 249 254 
257 258 260 262 267 270 272 273 274 280 281 284 
300 302 309 312 320 323 325 326 328 334 340 349 
352 353 356 358 360 369 370 371 374 376 378 381 
382 390 392 398 399 400 402 408 411 413 415 417 
418 420 422 431 442 444 449 450 451 452 454 455 
458 459 462 463 465 466 469 471 472 474 475 476 
481 488 490 493 496 506 509 515 518 531 532 533 
534 551 554 555 557 567 574 578 579 583 586 592 
598 601 605 610 613 616 619 628 632 635 636 638 
639 641 642 645 649 651 652 655 658 661 669 674 
683 686 691 694 696 697 701 715 717 723 725 726 
727 731 735 740 741 742 744 746 747 748 753 754 
755 756 758 763 764 766 769 772 778 783 784 785 
248
2 5 9 13 14 15 17 18 21 22 25 26 
29 31 34 41 55 59 62 63 64 66 72 82 
84 87 94 97 100 101 106 109 113 115 119 121 
123 124 128 141 142 143 144 149 165 166 168 169 
170 173 175 180 181 182 186 193 194 196 199 205 
206 209 211 212 214 217 218 220 222 230 231 239 
243 250 252 255 256 261 262 265 267 268 271 272 
275 280 284 286 292 298 300 314 316 317 318 322 
327 328 333 334 336 338 340 341 343 345 348 349 
353 355 359 360 370 373 375 378 379 380 383 390 
391 392 395 396 399 402 403 404 405 408 409 411 
421 423 429 433 439 441 442 443 446 448 457 458 
461 465 468 471 474 475 476 481 485 492 506 508 
516 517 519 523 524 525 528 530 532 535 541 542 
543 551 552 553 557 558 559 561 563 564 565 567 
568 576 577 589 590 591 594 600 603 605 609 612 
616 621 623 625 626 631 633 640 641 642 655 656 
661 663 666 667 669 672 673 677 684 693 695 696 
699 703 713 714 718 724 729 734 741 749 750 751 
754 758 762 763 767 769 775 776 777 778 779 780 
781 782 787 788 794 795 797 799 
234
4 9 10 15 17 22 23 25 26 32 34 35 
40 41 43 45 46 49 51 52 55 56 61 67 
70 80 82 90 97 109 110 114 115 116 123 124 
126 128 130 133 134 140 141 143 145 146 147 154 
158 159 169 172 175 176 177 179 186 196 207 208 
214 215 219 223 227 229 237 243 244 262 264 265 
267 277 278 281 282 290 291 294 296 297 300 303 
304 308 312 318 319 325 328 330 332 334 338 346 
351 353 360 363 367 378 384 387 389 392 395 396 
401 405 406 407 409 413 416 417 418 419 420 422 
425 427 429 432 437 438 442 448 457 463 469 470 
474 475 477 478 479 491 493 496 498 502 503 504 
506 507 508 515 517 520 522 523 524 528 531 532 
538 541 542 543 544 550 557 558 559 566 567 572 
573 576 578 584 585 586 589 591 592 595 597 603 
604 605 607 608 610 613 614 621 626 627 630 636 
637 645 649 653 655 659 661 665 666 673 678 682 
687 688 693 695 709 711 716 723 729 732 735 737 
741 742 744 746 748 750 751 754 758 761 766 769 
776 778 782 786 789 792 
218
10 12 14 15 16 19 24 25 30 36 43 49 
54 59 61 66 67 69 78 79 86 93 96 100 
105 109 119 120 121 123 124 126 130 131 132 135 
137 139 140 141 143 146 153 165 175 177 178 179 
188 191 193 195 196 200 201 202 204 205 212 221 
226 229 232 235 238 244 245 247 252 253 261 264 
267 269 278 299 303 304 306 308 314 317 324 331 
334 335 336 339 340 341 346 347 351 352 360 363 
368 376 386 390 392 397 399 402 411 416 417 419 
422 428 430 432 434 435 438 442 444 452 460 461 
467 473 475 481 482 488 492 493 494 496 497 502 
508 509 513 530 532 533 535 536 543 549 551 553 
554 556 558 561 563 570 573 575 576 578 580 582 
585 586 589 594 596 597 600 609 614 615 616 619 
620 621 623 624 625 627 631 632 635 638 640 642 
643 648 652 653 655 668 669 674 675 676 680 684 
692 699 700 709 717 720 722 725 729 733 736 745 
747 764 765 771 775 776 777 778 783 787 789 791 
796 798 
260
2 4 5 10 12 13 15 17 18 21 24 25 
26 27 29 33 36 37 38 41 43 44 56 57 
58 59 63 69 72 84 91 92 94 96 100 102 
107 111 112 114 116 118 121 122 123 125 126 128 
132 133 134 135 141 145 157 161 162 164 166 167 
170 171 174 175 183 188 190 193 195 196 197 198 
201 204 206 208 212 213 214 219 220 221 222 224 
227 230 233 234 237 239 241 242 243 244 250 254 
256 257 260 262 266 268 270 280 281 287 288 290 
291 293 297 298 299 304 306 308 309 311 315 318 
322 325 327 329 332 333 334 338 339 341 342 344 
345 349 357 365 366 369 374 375 376 377 381 383 
386 389 394 398 400 404 407 410 412 415 418 419 
420 421 426 430 436 437 442 448 456 457 465 467 
470 472 473 474 476 477 479 486 487 490 491 492 
501 505 506 507 509 514 517 521 528 531 540 542 
546 547 553 554 557 559 560 561 565 566 570 571 
579 581 590 593 597 600 602 604 607 611 613 614 
617 618 619 621 627 631 632 633 646 647 648 650 
655 656 657 661 670 673 676 680 683 687 689 693 
704 705 708 711 716 720 723 730 731 745 749 750 
751 755 762 765 773 784 797 798 
225
3 4 18 19 24 27 30 36 37 54 59 63 
65 74 77 80 81 82 83 87 90 93 97 99 
105 118 123 124 137 139 140 143 147 148 150 153 
156 162 167 171 173 177 178 181 184 186 188 197 
201 207 209 213 214 215 222 227 229 244 248 252 
261 263 265 268 269 271 278 282 283 285 286 290 
295 305 306 313 316 318 319 320 324 325 326 327 
344 346 347 354 357 361 362 371 374 382 388 389 
390 391 392 394 396 400 402 405 406 407 414 416 
417 420 421 423 425 426 429 432 433 435 436 438 
439 443 451 452 453 455 465 472 475 478 485 488 
492 493 496 498 500 502 504 506 509 519 523 525 
526 529 532 533 535 538 540 543 546 549 551 557 
565 566 568 573 576 578 583 584 587 588 598 601 
603 604 606 613 614 617 619 620 623 624 625 631 
632 638 644 645 648 652 653 657 662 663 669 673 
678 679 691 692 697 700 701 709 710 713 716 726 
732 739 746 754 755 756 760 763 766 767 769 770 
772 774 786 787 790 796 797 798 799 
230
6 8 15 16 17 19 22 24 26 30 34 43 
44 49 58 63 67 73 77 78 79 81 82 86 
87 88 92 95 106 108 110 113 116 122 128 135 
136 139 144 149 153 158 159 165 167 176 178 180 
181 185 186 193 195 197 198 202 205 206 208 217 
218 230 232 235 237 242 250 251 252 253 257 259 
261 262 263 268 271 273 277 278 282 285 287 290 
291 294 295 303 307 308 310 314 315 319 323 325 
326 349 362 363 372 374 381 383 384 385 389 391 
393 394 399 406 407 408 415 416 417 420 421 422 
427 431 433 436 439 441 445 447 451 452 457 460 
461 464 466 471 476 486 488 492 493 495 498 500 
504 509 513 516 518 521 523 528 530 533 534 537 
541 542 544 545 554 563 566 571 575 577 579 580 
582 583 584 587 589 601 602 603 604 605 608 609 
618 621 627 631 633 634 636 643 644 653 655 656 
663 664 669 673 679 681 683 685 688 690 692 694 
700 701 704 707 709 712 713 722 729 734 735 736 
737 740 743 746 751 755 756 757 760 771 772 779 
798 799 
258
1 2 3 6 10 11 15 16 17 21 24 25 
26 27 29 32 33 34 38 41 44 45 46 49 
57 59 65 67 72 73 74 75 76 78 79 80 
83 88 93 97 98 101 102 104 106 107 108 119 
122 123 127 128 130 134 135 139 142 149 151 152 
153 156 160 161 172 175 179 183 184 185 188 189 
196 197 200 201 202 204 212 218 219 222 223 227 
228 233 237 241 247 252 255 257 260 261 272 274 
275 276 277 278 282 291 292 293 300 303 307 315 
316 321 322 323 325 327 330 338 341 342 346 348 
349 351 353 356 358 365 370 372 375 382 385 391 
396 400 401 404 405 406 409 416 417 418 419 422 
427 429 432 434 436 438 439 441 442 443 445 446 
451 453 458 462 464 465 472 481 483 487 489 493 
498 499 501 503 504 505 507 513 517 518 522 523 
532 534 536 538 544 546 547 565 566 567 569 570 
571 577 583 593 599 600 605 606 607 609 611 614 
615 616 617 618 622 623 626 627 631 632 634 638 
643 646 651 661 666 671 673 678 680 683 705 713 
716 719 720 726 728 732 734 741 743 745 747 755 
756 757 764 766 769 771 773 774 775 779 784 785 
787 788 789 793 796 799 
252
2 5 11 12 13 18 19 23 25 33 34 37 
38 41 42 43 46 47 51 55 63 64 65 68 
69 73 75 76 83 86 87 90 91 94 97 99 
100 101 103 106 108 110 111 114 116 117 127 135 
136 142 146 154 159 162 163 165 166 167 172 175 
181 185 187 188 189 191 193 194 195 198 205 208 
209 210 212 219 220 227 232 243 247 250 252 254 
256 258 260 261 263 264 270 278 281 285 286 287 
291 294 298 303 305 307 312 315 321 322 326 334 
337 339 343 344 345 349 351 356 357 360 369 370 
377 379 381 385 387 391 392 394 397 402 403 407 
412 413 416 420 432 437 441 444 446 451 455 456 
457 459 462 469 472 473 476 485 486 487 492 493 
496 497 501 505 508 512 515 516 519 524 528 530 
531 532 534 535 540 541 542 544 547 552 560 564 
565 571 573 578 584 585 587 592 595 597 602 605 
611 612 613 615 617 619 627 630 631 632 637 638 
639 641 643 649 650 656 660 663 664 671 673 675 
676 677 684 685 703 708 709 712 713 720 723 727 
735 737 738 740 743 751 759 761 763 767 768 771 
773 774 777 779 783 784 786 792 794 797 798 799 
234
3 4 7 16 17 24 26 31 40 46 49 51 
52 53 55 56 57 58 61 63 67 73 79 80 
81 82 84 85 87 89 91 92 97 100 102 105 
107 108 112 116 117 120 137 138 141 155 157 161 
179 180 183 186 190 192 197 207 208 210 214 220 
222 225 226 232 234 237 238 240 245 248 249 251 
253 257 261 265 269 271 272 273 274 275 278 282 
288 290 296 298 299 300 309 311 312 313 316 319 
322 323 324 326 329 332 343 347 348 349 352 354 
356 357 360 364 365 367 371 375 376 387 388 391 
392 394 398 404 405 406 413 414 426 427 433 435 
440 442 444 451 454 456 463 464 470 478 484 487 
488 492 493 494 496 497 505 506 519 522 524 537 
540 545 549 553 557 558 560 564 567 578 580 590 
600 602 603 605 606 607 610 612 614 616 620 622 
623 624 625 627 630 640 650 651 652 654 657 659 
660 661 662 663 665 667 678 686 687 690 694 695 
698 702 706 711 712 714 717 721 724 726 727 729 
734 736 742 743 744 747 757 764 769 771 773 777 
779 782 790 796 798 799 
231
6 16 18 32 35 36 39 40 42 43 45 58 
59 60 64 66 68 74 75 77 78 79 86 87 
88 90 91 92 94 96 97 99 101 106 108 110 
115 123 124 128 130 131 134 135 142 143 144 145 
147 152 153 157 161 165 168 176 177 186 189 193 
194 202 209 213 214 215 218 219 221 222 233 238 
246 255 256 263 264 269 270 275 277 278 282 286 
287 288 290 291 292 302 303 316 318 319 324 328 
333 336 341 342 346 349 351 355 357 360 363 364 
365 366 367 369 379 380 382 387 389 390 392 394 
401 402 403 404 405 408 409 411 412 424 428 435 
436 446 447 449 454 457 458 462 463 464 481 482 
498 499 501 517 519 521 523 530 531 532 533 537 
539 541 542 543 544 548 551 552 554 560 562 564 
566 568 578 592 594 595 596 597 598 603 608 611 
618 623 624 625 626 630 638 645 665 667 672 674 
676 683 687 689 690 691 696 698 699 700 705 706 
707 710 714 720 723 728 729 730 733 737 743 754 
756 758 760 761 762 765 769 770 771 776 777 785 
789 790 795 
251
5 8 13 15 20 21 23 24 28 31 34 38 
43 44 49 54 55 57 58 61 62 65 70 71 
73 76 77 78 79 80 81 82 86 88 100 106 
115 118 119 120 124 125 127 133 136 137 146 156 
159 163 165 173 178 182 188 189 190 196 197 199 
203 205 208 216 221 223 225 226 227 228 231 234 
239 242 244 247 251 256 257 258 269 274 275 276 
277 280 281 284 288 290 297 299 301 304 305 308 
310 311 315 318 320 322 323 324 326 328 333 336 
340 347 348 355 360 361 362 365 366 368 369 373 
378 381 382 384 390 393 395 398 401 403 404 410 
413 415 416 419 426 428 430 433 435 437 439 443 
448 456 457 460 466 467 468 470 475 484 485 486 
491 492 504 506 508 512 523 525 526 529 535 537 
539 547 549 550 552 556 558 559 562 567 570 572 
573 574 575 583 587 588 589 591 593 600 601 602 
616 619 621 622 624 628 630 632 633 634 635 641 
645 648 654 661 662 670 672 674 675 683 684 692 
693 695 697 699 704 705 707 710 711 713 715 718 
719 724 730 734 737 740 742 747 748 752 754 756 
757 760 764 768 771 772 776 777 785 795 798 
237
11 15 16 18 28 40 44 52 58 59 62 69 
70 82 83 87 90 91 92 94 95 96 101 102 
105 114 116 117 119 125 132 133 137 139 148 150 
154 155 158 159 160 165 170 171 175 179 182 184 
190 193 195 196 199 203 206 212 215 217 219 220 
221 222 223 227 230 231 235 245 247 253 256 259 
260 262 263 266 270 272 273 274 277 278 285 303 
308 312 319 323 325 327 333 334 336 338 345 346 
347 348 351 354 355 356 359 361 363 365 367 377 
379 380 381 382 384 386 392 395 397 398 403 404 
405 406 409 411 418 420 422 428 430 435 439 445 
446 448 449 452 454 460 461 464 465 466 468 472 
473 476 479 481 488 491 495 497 502 503 504 512 
513 516 521 522 524 527 531 534 540 541 542 546 
549 552 555 561 572 573 580 583 584 589 604 605 
606 610 616 618 619 621 622 623 624 626 629 634 
648 650 661 662 668 669 678 680 686 687 690 696 
697 702 703 708 709 713 717 725 727 731 732 733 
734 752 753 757 760 762 763 764 765 767 768 776 
778 779 784 786 789 791 792 795 796 
240
1 2 6 10 14 15 18 32 33 35 36 43 
47 49 54 57 60 62 66 67 72 79 83 87 
90 92 100 101 104 105 114 115 116 124 131 132 
134 138 140 143 150 154 155 156 159 160 161 162 
163 165 167 170 173 180 181 187 190 192 194 197 
198 200 201 203 205 206 212 214 215 221 228 230 
232 234 238 241 242 246 248 261 263 264 265 271 
272 274 281 283 284 286 288 289 310 311 312 316 
321 323 332 339 342 343 344 345 347 348 349 350 
355 357 365 368 374 375 376 377 379 383 384 402 
404 408 409 412 418 419 427 431 436 455 460 461 
464 468 469 472 473 474 476 483 487 488 496 500 
502 505 511 513 517 518 521 523 524 525 528 531 
534 536 537 539 548 550 552 562 564 565 569 572 
576 580 582 583 585 590 593 598 602 609 610 622 
626 630 632 633 635 640 641 643 645 646 648 649 
651 657 659 666 669 670 671 677 679 686 689 695 
696 697 698 700 705 706 707 709 712 713 715 716 
717 718 725 726 731 739 742 743 746 750 751 756 
757 762 764 771 773 779 784 786 787 788 796 800 
244
2 4 5 6 8 9 10 11 13 14 15 31 
34 35 42 47 48 52 53 57 58 62 63 65 
73 83 84 85 87 89 90 97 98 101 103 106 
107 120 129 132 133 135 137 140 142 144 147 152 
153 154 157 159 163 164 165 167 168 172 173 174 
177 179 182 183 185 186 187 189 190 202 204 207 
208 210 217 218 219 222 228 230 234 238 241 247 
250 258 261 262 266 269 271 276 299 300 301 302 
303 305 308 309 313 315 316 317 320 325 327 329 
331 346 347 349 350 355 360 363 369 372 376 377 
379 388 393 396 400 402 403 410 415 416 419 420 
422 423 424 425 429 436 438 439 440 441 445 447 
450 454 456 457 458 461 464 465 476 477 478 480 
483 492 493 498 505 508 512 515 516 518 523 527 
529 537 538 539 547 554 560 561 571 572 573 575 
576 582 583 585 588 590 592 600 601 606 607 615 
620 623 624 628 635 644 648 652 663 665 666 676 
678 685 692 695 696 697 698 699 701 706 711 714 
716 717 720 722 729 730 731 736 740 741 742 744 
746 755 756 760 762 767 768 771 774 781 788 789 
790 792 797 800 
224
4 6 17 20 29 30 32 34 40 43 44 45 
48 51 55 56 58 60 62 67 68 72 76 81 
90 93 98 99 103 106 108 109 110 118 119 137 
140 145 146 148 150 155 168 169 170 186 188 195 
198 199 201 204 208 210 214 219 220 230 231 235 
237 242 246 251 254 257 258 265 268 271 282 283 
285 286 287 292 293 296 300 301 302 303 304 309 
312 314 315 322 332 333 334 342 343 344 350 352 
353 355 357 365 366 370 373 374 375 382 390 392 
393 403 405 407 410 414 419 423 426 428 430 432 
434 441 442 443 447 450 453 463 465 466 467 468 
476 477 478 480 484 485 486 487 489 494 498 499 
504 509 517 523 526 534 545 549 559 560 562 567 
570 574 576 579 590 592 594 595 596 598 600 605 
606 607 615 616 628 635 637 639 641 643 650 651 
654 657 658 663 669 674 676 677 678 679 695 696 
701 703 704 705 707 709 712 722 724 726 727 728 
730 733 734 736 743 751 752 755 759 760 761 765 
768 773 776 778 779 789 794 796 
248
4 6 11 13 22 31 34 36 48 49 50 51 
54 56 57 61 71 73 79 81 85 86 87 88 
91 92 94 95 97 104 106 108 111 112 113 114 
117 119 123 125 127 135 137 141 148 158 159 162 
163 169 170 173 180 182 183 186 188 192 199 200 
202 205 207 214 215 222 225 232 235 243 244 246 
251 252 257 262 270 274 279 289 291 297 298 299 
300 301 303 305 308 309 311 314 319 321 322 324 
325 329 331 333 335 339 343 345 346 349 350 359 
361 365 366 367 376 377 379 384 385 389 392 402 
404 405 406 409 412 419 434 436 439 440 442 444 
446 450 456 459 461 462 464 466 468 469 471 474 
475 478 480 481 485 488 502 503 505 508 511 516 
520 522 524 525 529 530 532 533 535 538 542 546 
548 551 552 553 556 558 561 565 567 569 570 573 
575 576 578 579 582 584 587 589 591 597 599 600 
603 606 608 609 612 615 617 619 621 623 629 640 
645 651 652 655 661 662 668 671 676 678 693 694 
695 700 702 703 706 709 720 722 723 728 729 730 
734 739 742 743 748 758 759 761 763 767 768 775 
783 784 785 792 793 795 798 800 
227
8 12 13 15 16 19 23 26 28 33 43 45 
50 52 56 57 58 62 70 72 76 77 83 86 
88 89 98 101 109 119 120 121 122 126 129 131 
137 139 142 146 150 151 153 159 160 168 171 173 
183 184 187 190 191 195 202 203 204 206 209 223 
231 238 249 254 255 259 263 264 265 268 269 270 
277 280 295 299 301 303 305 306 309 310 314 319 
327 330 332 335 340 341 342 346 353 357 361 365 
371 372 373 374 377 378 380 381 385 386 390 391 
396 403 406 410 412 416 418 421 422 427 428 429 
430 431 433 436 437 442 443 445 446 450 454 457 
467 469 471 475 476 483 489 490 492 495 506 508 
509 511 512 516 519 521 523 526 534 537 540 541 
542 543 545 546 547 548 551 552 553 554 561 565 
567 568 570 572 580 581 590 593 596 597 598 601 
602 603 604 619 626 630 636 645 651 657 660 661 
662 670 672 678 679 683 685 687 688 694 696 699 
700 702 706 713 714 717 719 723 728 732 733 738 
743 749 758 760 770 771 776 777 784 790 800 
232
4 10 11 13 17 21 26 28 30 41 43 44 
45 47 65 70 71 74 78 81 83 85 87 88 
91 97 99 108 112 117 118 120 122 129 133 134 
136 138 139 142 145 149 156 157 158 159 160 165 
166 167 175 182 183 184 185 188 191 196 197 207 
208 209 210 213 220 221 230 231 232 234 242 244 
256 258 260 262 263 267 268 269 272 282 290 291 
299 301 303 308 311 315 323 326 327 329 333 334 
335 337 338 341 342 344 353 355 356 361 365 367 
372 376 380 385 391 401 409 416 417 418 420 422 
424 425 426 428 433 434 435 436 437 439 440 442 
447 449 450 452 458 462 466 469 478 479 485 489 
491 492 494 500 510 516 518 522 524 525 542 543 
547 548 549 551 556 557 559 565 567 569 574 580 
587 589 590 596 599 601 604 607 608 609 611 614 
616 628 631 634 637 638 639 642 649 653 655 663 
666 669 672 673 675 677 678 681 685 687 697 702 
704 706 707 712 713 716 718 731 733 734 735 736 
739 742 749 753 755 757 758 762 766 768 771 777 
782 783 790 798 
220
1 2 7 11 12 15 16 17 19 26 27 29 
32 39 42 44 50 56 59 62 63 68 72 77 
81 83 86 87 90 93 96 97 99 100 103 104 
108 110 117 118 122 124 128 129 133 136 139 147 
150 151 154 157 158 163 167 172 182 192 198 205 
208 210 217 219 220 225 226 228 229 232 234 237 
239 243 246 247 249 252 254 259 260 264 265 266 
267 270 284 285 286 288 289 291 292 293 302 307 
312 313 317 319 320 328 340 350 352 355 356 358 
361 366 370 372 373 374 376 378 379 380 382 386 
394 403 407 409 423 424 425 429 430 441 442 446 
447 448 452 456 462 466 475 476 477 490 493 500 
504 505 508 526 534 537 546 547 548 555 559 566 
572 575 577 580 585 589 591 595 605 610 611 612 
613 615 616 621 623 627 632 633 636 641 649 652 
655 659 661 662 663 664 672 676 679 680 685 692 
697 706 707 718 722 725 726 733 743 747 751 753 
755 756 760 761 763 764 766 769 775 787 788 789 
792 793 797 799 
237
1 2 6 13 17 24 30 35 37 39 42 44 
48 50 53 57 61 62 66 77 83 85 88 90 
91 93 95 96 97 99 101 102 105 107 113 122 
124 127 129 130 131 137 142 146 151 152 154 155 
159 160 167 174 175 177 181 183 184 185 190 194 
195 196 197 198 199 201 202 204 215 221 223 227 
228 230 231 232 244 245 250 252 253 262 264 267 
268 269 275 280 283 288 293 295 296 300 305 306 
307 309 311 312 313 314 320 323 333 335 336 340 
342 345 350 351 353 356 360 366 367 369 370 371 
373 377 385 386 387 388 391 394 396 401 402 407 
409 419 421 422 428 429 431 441 443 445 448 453 
454 457 469 470 471 472 474 476 484 492 501 503 
505 506 512 513 519 526 527 529 531 534 537 542 
544 545 549 557 562 567 568 572 573 575 577 578 
580 583 588 591 592 596 598 601 602 607 610 611 
612 620 623 626 627 629 641 645 647 649 666 667 
674 684 691 697 699 701 711 712 718 722 724 726 
732 734 739 742 744 752 754 755 756 757 759 768 
769 771 774 775 776 781 786 791 792 
201
5 10 12 18 19 24 38 42 51 53 56 67 
69 78 81 85 86 89 93 95 96 98 104 108 
109 112 122 128 134 135 138 140 141 143 146 147 
152 154 157 175 178 184 185 188 195 211 214 216 
220 221 225 226 228 233 238 243 247 258 261 262 
264 266 268 269 272 276 287 290 293 297 302 303 
306 307 308 309 311 318 333 334 344 346 349 356 
357 358 361 363 370 371 372 376 379 381 383 384 
394 400 403 408 409 411 412 414 415 426 428 429 
434 441 442 444 451 453 455 463 465 469 471 479 
481 487 505 506 507 508 511 517 522 523 525 528 
529 532 536 537 538 540 541 547 551 554 556 557 
565 571 578 581 582 583 584 585 590 604 606 608 
617 629 638 652 653 655 664 673 675 687 688 691 
696 697 698 699 705 709 713 717 718 722 725 728 
734 735 736 737 744 752 755 765 768 774 775 776 
780 782 787 788 791 795 796 799 800 
272
1 6 9 10 13 25 26 29 32 35 44 50 
54 56 59 62 63 65 68 69 70 76 77 82 
89 96 100 104 106 108 113 117 120 125 126 127 
130 132 133 138 139 142 145 146 149 154 158 160 
163 165 166 167 169 170 171 176 177 181 183 186 
191 198 202 203 204 205 209 212 215 217 218 222 
223 226 232 233 236 238 240 242 248 250 261 262 
266 267 269 276 277 278 282 283 284 285 288 292 
294 296 301 303 306 312 313 316 321 332 333 336 
337 338 344 347 351 353 354 355 358 359 360 361 
363 364 366 370 373 374 375 378 386 388 392 393 
396 397 399 401 405 406 407 409 412 413 420 422 
428 429 432 435 438 441 451 454 456 459 461 463 
475 476 478 479 483 485 488 489 491 493 496 507 
508 509 514 519 520 521 522 524 528 533 547 550 
553 557 560 562 563 565 566 567 571 572 573 580 
586 587 588 589 591 593 594 597 598 604 606 607 
608 616 617 620 622 624 626 627 628 634 638 642 
643 644 645 649 652 654 655 658 662 663 665 669 
670 671 672 676 688 691 694 695 696 710 711 712 
722 727 728 730 733 737 738 739 741 742 743 746 
747 750 751 757 758 759 765 767 770 774 779 780 
783 784 786 788 792 793 795 799 
223
16 18 19 21 24 27 28 31 39 41 42 44 
45 53 54 58 61 65 70 71 75 77 78 80 
81 87 106 107 111 124 125 127 129 140 141 142 
143 147 153 157 158 159 169 176 179 180 181 182 
187 188 196 197 204 209 211 212 215 222 223 229 
231 236 239 240 246 251 254 257 263 278 286 287 
289 290 291 292 299 304 305 307 314 319 321 324 
327 329 330 331 333 334 335 336 338 342 352 354 
359 362 369 371 377 379 381 383 384 388 389 390 
392 393 394 396 397 398 400 402 411 414 416 419 
431 444 446 456 460 467 468 469 473 474 477 478 
479 481 494 497 498 503 504 506 515 522 523 525 
530 531 533 537 542 543 550 551 555 557 561 563 
564 566 572 576 581 584 593 594 601 605 607 610 
620 622 623 626 628 634 641 645 647 654 655 658 
663 669 672 673 676 679 682 683 686 689 692 696 
699 700 702 707 708 722 723 727 729 734 742 743 
745 746 747 753 763 766 767 768 770 772 777 778 
783 786 791 794 795 797 799 
253
4 7 10 11 18 23 28 29 33 41 46 50 
51 52 62 68 73 76 79 84 86 91 98 101 
102 106 109 112 115 116 122 124 129 131 134 146 
148 154 155 160 163 164 165 166 167 176 182 184 
187 191 193 194 196 198 199 200 205 208 210 211 
213 215 221 222 224 225 228 231 233 238 240 243 
245 251 254 257 258 264 266 273 276 277 282 289 
294 296 298 300 303 304 305 307 310 311 314 315 
319 322 323 325 327 331 332 339 340 345 346 349 
352 354 360 365 370 381 387 390 395 396 398 403 
407 409 413 424 425 427 430 433 435 440 441 447 
450 452 457 460 461 463 467 469 470 472 474 478 
480 483 486 491 492 493 495 500 501 507 509 511 
512 513 516 517 520 522 524 528 529 530 536 540 
543 546 554 555 557 563 571 573 578 580 584 586 
587 588 589 590 592 594 603 608 609 614 615 616 
622 623 627 628 632 638 644 645 648 650 656 658 
661 664 667 670 674 676 679 684 687 690 691 693 
694 695 699 708 710 712 714 720 721 726 735 737 
738 740 742 744 747 759 760 762 763 766 767 771 
772 777 778 779 781 783 785 788 789 792 795 799 
800 
248
2 4 12 20 22 30 33 46 52 53 61 63 
64 65 76 77 80 81 88 89 90 91 93 94 
95 97 98 100 104 105 106 107 112 120 122 125 
126 127 128 129 134 135 136 137 139 142 147 151 
154 161 163 165 167 168 169 176 177 179 182 183 
186 190 191 193 200 201 202 203 207 208 210 211 
212 214 217 220 221 225 233 235 236 241 243 244 
247 248 252 256 258 262 263 269 272 274 275 281 
285 288 290 292 295 298 301 304 306 311 316 318 
321 326 335 337 340 344 346 349 355 356 357 361 
363 367 378 379 388 393 402 403 408 410 413 419 
420 423 430 433 434 440 446 447 454 459 460 461 
465 466 472 479 484 485 489 491 495 498 503 509 
511 515 516 518 519 520 523 526 529 533 539 542 
544 547 548 551 554 556 558 560 563 564 574 583 
588 589 592 595 598 603 606 607 610 613 614 615 
618 621 628 630 643 645 650 653 659 665 666 670 
675 678 680 683 684 700 702 703 706 708 711 713 
720 722 723 726 731 732 737 738 739 740 749 750 
751 755 756 762 763 765 770 772 775 776 777 780 
786 787 789 790 791 797 798 800 
238
1 8 11 12 13 15 19 24 27 33 34 39 
41 47 48 59 61 65 68 69 72 77 79 81 
83 85 86 89 92 94 95 96 98 104 105 106 
109 111 115 118 121 123 128 136 146 147 149 153 
156 158 163 175 178 184 188 191 192 193 195 197 
204 205 214 218 219 226 229 231 236 237 238 239 
242 248 249 252 254 259 266 267 269 271 273 275 
279 287 289 291 294 297 301 303 308 312 319 330 
335 336 344 347 348 350 358 359 366 367 368 369 
370 371 379 380 381 385 388 391 392 393 395 399 
401 408 410 412 417 418 419 420 421 426 428 430 
435 444 446 448 452 454 458 459 462 466 469 470 
473 477 478 479 483 489 491 494 495 499 510 514 
519 520 524 526 529 534 535 538 539 543 545 554 
556 559 561 562 563 572 573 576 584 594 598 602 
604 605 610 612 613 615 616 618 628 630 634 635 
636 638 639 643 657 658 660 665 668 671 674 675 
677 680 681 682 688 690 698 701 703 706 708 709 
721 722 728 730 731 738 740 741 743 750 751 753 
754 755 757 759 761 765 780 788 790 792 
241
4 5 10 14 16 22 28 33 34 35 38 43 
47 49 52 54 55 57 59 60 68 70 72 80 
90 91 94 97 106 107 112 117 118 119 120 121 
129 133 139 141 146 148 154 155 156 158 169 172 
173 175 177 178 179 180 186 188 191 192 202 206 
207 208 214 216 218 222 223 225 226 229 239 240 
246 250 252 259 263 267 268 271 272 273 277 279 
283 285 288 289 291 292 294 296 301 303 306 314 
315 316 317 318 319 320 322 323 324 330 332 333 
335 338 339 340 346 355 358 365 367 368 374 375 
377 379 381 385 386 389 390 392 394 395 397 398 
399 414 416 419 421 432 437 452 453 456 458 460 
466 467 468 470 473 478 483 484 485 487 490 497 
500 508 515 517 518 519 521 525 528 529 534 536 
537 538 541 544 549 558 559 562 564 566 573 574 
589 596 603 604 605 608 612 620 628 630 632 635 
638 646 651 652 654 655 658 661 667 672 677 678 
679 680 685 689 690 691 692 697 699 701 703 706 
711 716 717 725 728 730 731 736 737 743 753 754 
758 759 762 768 769 776 777 779 783 784 791 792 
798 
236
1 2 5 9 10 12 14 15 25 28 32 36 
38 40 48 50 54 64 65 69 71 73 74 76 
84 85 92 93 95 97 100 101 116 117 118 120 
130 134 141 143 144 149 150 155 156 159 160 162 
164 170 171 176 178 184 187 192 195 199 200 208 
215 218 222 225 227 228 241 243 244 251 253 255 
259 265 269 272 276 281 283 287 292 293 296 297 
300 301 308 313 316 321 323 328 336 347 353 355 
357 360 363 364 365 367 371 373 377 378 379 380 
383 384 386 391 395 399 407 411 416 423 426 435 
444 445 447 450 454 461 464 469 470 471 472 476 
478 484 497 499 502 504 513 516 525 526 530 531 
532 540 542 547 551 560 561 565 567 569 570 571 
573 574 578 579 583 585 591 593 595 600 607 611 
619 622 627 630 632 636 637 640 642 646 648 649 
650 654 655 656 657 658 672 675 676 678 679 687 
688 689 691 694 695 696 698 706 708 711 714 718 
721 723 724 725 726 728 731 733 739 740 741 742 
743 753 754 765 766 767 768 769 770 772 775 776 
779 781 783 785 791 795 798 799 
254
2 4 8 9 10 11 13 15 16 17 20 21 
25 31 32 33 34 35 43 46 53 58 60 61 
65 67 68 69 71 74 76 82 86 92 93 97 
99 103 106 107 115 116 117 120 121 126 127 130 
136 139 144 150 151 154 161 162 164 168 172 173 
175 176 179 180 183 184 187 190 192 195 198 202 
203 205 206 211 213 218 219 230 232 235 237 244 
252 253 258 260 261 263 264 265 267 269 270 279 
280 282 284 286 289 292 303 306 310 312 319 324 
329 330 331 332 333 336 337 339 342 343 351 352 
355 361 365 366 369 371 376 378 384 385 386 393 
394 395 398 404 405 406 411 414 424 430 437 441 
444 445 446 449 451 454 464 471 474 475 477 485 
487 488 489 490 500 501 504 507 512 513 517 518 
519 523 525 530 534 535 538 541 550 563 565 568 
570 572 573 574 581 584 586 588 590 600 601 609 
623 626 628 629 633 634 635 640 641 643 644 652 
655 656 660 664 675 676 679 680 682 684 686 688 
689 691 694 701 702 704 712 713 716 717 718 719 
722 725 733 734 735 737 739 740 742 743 745 747 
748 756 759 765 766 767 774 777 779 780 781 783 
785 793 
234
4 5 13 22 23 25 29 30 34 36 38 43 
44 45 46 47 52 58 70 73 76 77 80 86 
87 92 93 98 101 112 114 115 123 133 138 142 
144 146 148 151 154 155 157 159 160 161 162 168 
171 173 175 178 184 187 188 194 200 201 202 203 
204 207 208 213 216 223 226 227 231 234 246 247 
256 263 269 275 279 280 284 286 295 296 297 300 
305 306 310 315 318 319 325 326 328 329 330 334 
338 345 352 354 355 359 362 369 381 383 386 388 
390 393 396 398 401 402 409 411 417 424 425 431 
440 449 450 453 459 461 462 466 467 468 469 470 
475 477 479 480 481 483 485 488 489 494 496 497 
499 509 512 516 517 520 522 526 537 539 540 543 
544 545 550 554 555 557 559 566 567 570 571 573 
574 587 589 591 595 596 597 603 615 619 628 631 
634 637 638 639 641 642 646 647 654 660 662 664 
666 670 672 673 674 676 678 680 683 687 690 691 
692 693 704 705 713 717 723 727 729 734 735 739 
744 746 747 749 757 761 764 768 771 775 785 787 
788 790 792 793 797 799 
245
1 3 9 11 12 15 16 17 21 25 27 31 
36 47 51 53 56 57 58 71 73 75 77 79 
80 83 88 91 97 100 103 108 112 113 115 119 
125 126 128 131 142 149 151 152 155 162 165 168 
170 179 180 185 186 189 190 192 198 203 205 207 
215 220 221 228 231 235 237 241 243 246 253 261 
263 264 265 267 268 269 272 275 284 285 288 291 
292 293 294 302 306 307 309 311 317 321 331 335 
337 342 344 356 359 364 365 369 371 373 375 376 
377 381 384 389 396 402 406 408 409 410 412 414 
423 430 431 433 438 439 444 446 452 460 461 463 
473 474 476 478 480 481 483 484 485 487 492 493 
496 502 503 508 509 511 515 521 525 526 530 531 
532 534 535 547 549 553 562 563 567 573 588 594 
595 602 603 606 607 609 615 618 620 622 624 628 
629 630 631 633 639 642 643 647 648 652 653 658 
661 662 663 666 667 669 670 672 674 675 677 678 
680 681 682 684 687 690 693 696 699 700 702 709 
711 713 714 720 723 725 728 731 733 734 735 741 
743 750 752 753 756 757 764 767 768 779 784 788 
789 790 795 798 799 
232
5 9 11 19 21 24 26 30 33 36 37 38 
39 48 50 51 52 56 58 59 64 68 73 77 
81 97 101 106 111 117 119 121 123 126 127 134 
135 138 149 154 155 159 162 169 170 171 172 176 
183 184 189 194 197 198 201 203 206 207 214 221 
226 233 234 243 247 251 259 265 268 269 272 273 
277 279 281 284 293 294 305 308 309 318 320 322 
323 328 334 345 351 352 358 361 365 370 373 376 
387 390 394 402 404 405 411 415 417 423 426 432 
433 438 441 444 457 458 460 468 476 480 481 482 
484 486 487 489 490 492 493 495 496 498 500 502 
505 507 513 515 519 522 523 524 529 533 534 541 
545 547 548 552 556 566 567 568 570 572 578 579 
580 585 587 590 593 598 599 604 608 613 617 620 
621 622 624 630 631 633 634 636 637 639 644 647 
650 651 652 655 657 662 670 674 679 682 690 692 
695 697 698 700 704 709 711 713 714 718 719 722 
724 728 732 738 739 744 747 749 750 755 757 758 
759 762 763 767 768 769 770 772 777 779 781 782 
793 795 799 800 
233
1 5 6 7 8 14 24 26 27 30 32 40 
42 43 48 56 57 58 64 66 71 74 79 83 
87 89 90 97 98 99 101 109 112 130 133 143 
144 149 150 151 152 155 159 160 161 162 163 166 
172 176 178 181 184 186 188 193 196 201 204 214 
216 224 237 240 241 246 252 255 256 258 260 263 
265 267 269 270 276 280 281 285 294 298 299 303 
308 310 312 315 317 318 319 320 321 326 328 332 
342 343 344 348 349 351 352 354 355 360 366 367 
370 373 374 375 385 386 387 392 400 408 411 413 
419 421 433 434 435 439 440 442 450 452 462 466 
472 475 485 487 491 494 495 497 500 508 515 516 
518 524 528 533 535 538 540 541 546 547 553 554 
555 557 558 561 563 565 569 573 578 588 590 592 
595 597 605 606 613 616 618 621 622 630 631 632 
636 637 641 646 649 651 657 660 661 667 669 673 
674 675 676 677 680 686 687 695 698 699 702 706 
710 711 713 717 720 725 727 735 737 739 740 745 
746 748 751 763 765 775 777 778 779 781 783 784 
787 789 790 794 796 
261
2 6 11 12 14 16 18 22 25 26 33 34 
35 37 38 41 42 43 45 47 56 59 61 70 
71 75 81 92 96 99 108 110 112 113 114 122 
129 133 138 139 142 146 149 151 156 159 161 163 
168 170 172 177 185 186 192 196 202 204 213 217 
219 220 226 231 233 234 236 245 249 250 252 257 
258 259 262 265 267 278 286 292 293 296 300 306 
311 315 316 321 322 324 325 327 328 330 331 333 
335 341 343 347 348 355 356 359 360 363 367 373 
377 379 382 385 386 387 388 396 398 403 406 407 
409 412 415 416 417 419 421 422 426 428 432 439 
440 441 444 451 455 463 466 470 472 474 478 482 
484 487 489 490 495 496 497 498 500 509 510 514 
517 518 523 524 525 529 531 532 534 538 540 541 
543 544 550 551 554 555 560 561 565 566 568 569 
573 585 587 597 598 604 606 607 612 615 618 619 
621 623 633 635 638 639 641 649 656 657 659 660 
661 664 665 667 669 670 675 676 678 679 680 683 
686 690 694 695 697 699 700 702 704 706 711 713 
715 718 722 723 728 730 733 736 737 744 745 746 
748 750 754 755 757 762 763 764 769 772 773 776 
778 783 784 785 787 789 791 792 796 
223
2 4 8 10 17 18 19 25 29 30 33 34 
40 46 47 48 50 51 56 59 61 62 65 70 
74 75 83 85 86 87 90 91 92 93 95 98 
102 103 107 109 110 112 117 118 124 131 132 135 
138 139 143 144 145 148 149 153 154 157 162 165 
175 178 184 192 195 199 218 226 228 234 235 236 
241 243 244 248 249 252 258 261 266 269 273 278 
287 288 291 292 293 301 310 318 320 324 325 329 
332 335 338 342 343 345 357 360 365 370 376 377 
383 387 389 395 396 400 401 403 408 418 425 428 
431 452 453 454 459 463 468 470 472 474 475 477 
478 497 499 501 503 506 509 519 520 523 529 532 
536 548 554 555 564 565 568 569 570 575 577 579 
582 583 585 587 590 596 599 602 609 612 618 619 
621 623 624 625 626 628 629 630 632 633 640 643 
647 648 653 654 656 657 660 662 668 676 683 684 
689 690 692 697 700 701 707 708 721 722 724 726 
727 729 732 734 736 749 751 754 756 762 763 768 
770 771 784 787 791 796 800 
240
4 5 6 8 9 11 14 15 17 21 27 28 
30 32 37 41 42 44 51 56 65 73 77 79 
83 84 87 91 96 97 98 99 108 110 111 112 
113 116 118 120 121 123 126 130 132 133 136 138 
141 145 146 147 149 153 156 158 160 169 171 175 
180 182 183 187 190 192 194 199 203 207 209 214 
218 220 224 228 233 235 244 246 251 252 253 261 
263 266 268 277 278 280 281 282 288 300 303 305 
308 309 315 318 320 325 329 337 345 348 349 350 
351 354 358 363 366 367 378 384 385 390 395 399 
400 401 402 404 408 413 415 419 422 424 426 430 
431 434 435 440 441 445 446 454 456 457 468 471 
474 476 478 481 482 486 492 501 512 514 522 523 
525 530 531 533 537 540 543 547 558 559 562 563 
564 565 566 568 571 572 575 581 582 587 588 598 
600 602 604 607 613 614 615 618 626 627 629 630 
633 637 640 644 646 652 658 663 673 674 675 677 
678 679 680 682 683 685 688 692 694 700 703 706 
707 711 715 723 725 733 742 747 751 753 754 758 
761 764 765 774 776 779 781 782 784 786 790 796 
250
8 10 15 17 19 37 39 40 41 42 43 45 
47 53 68 69 70 73 76 77 80 83 86 91 
92 94 102 103 104 107 108 110 115 119 120 121 
122 124 126 127 128 129 132 139 141 142 150 156 
157 159 161 163 170 171 173 177 182 184 201 204 
205 211 214 216 221 222 224 226 232 233 234 235 
236 239 244 248 249 252 253 261 265 267 271 272 
278 281 285 286 287 288 290 291 293 298 301 302 
303 307 310 312 315 323 326 327 328 332 333 337 
339 340 346 347 353 355 357 359 360 369 374 376 
378 380 384 385 387 392 393 401 403 405 406 410 
413 416 421 426 440 441 445 449 453 455 456 459 
460 462 468 470 471 475 478 479 481 485 486 487 
495 496 497 505 507 508 510 511 512 514 516 520 
522 523 526 531 554 556 557 559 560 565 566 571 
572 575 576 578 579 585 586 589 602 618 622 625 
628 631 632 634 643 644 645 647 650 657 659 660 
661 662 663 664 675 676 680 681 682 683 688 689 
691 695 697 698 699 700 706 707 709 711 715 716 
717 719 724 729 734 745 749 752 755 757 763 765 
769 772 775 778 789 791 792 795 796 798 
256
1 5 6 7 12 18 20 22 24 26 30 38 
39 40 41 43 44 49 57 58 61 62 63 64 
69 70 71 73 76 80 85 86 89 90 94 97 
100 102 103 104 106 116 117 121 123 125 128 130 
137 138 139 141 144 150 151 157 162 171 172 177 
178 179 180 183 184 190 191 194 196 201 207 209 
214 215 222 229 237 245 247 250 252 254 255 258 
260 266 267 272 274 275 276 279 281 286 287 288 
290 291 296 299 305 312 316 318 319 321 332 336 
337 338 339 349 350 351 355 358 359 360 373 380 
383 387 391 403 408 409 410 412 413 417 419 422 
424 425 430 431 432 435 441 446 450 454 457 458 
461 462 465 470 473 475 477 480 484 491 494 495 
498 500 502 504 508 511 512 513 515 520 522 525 
533 534 536 538 540 543 544 545 549 550 553 554 
557 560 564 565 567 568 575 578 580 585 586 587 
588 590 595 597 600 601 602 603 606 615 616 619 
624 626 627 629 633 639 640 641 643 648 650 657 
659 661 662 674 681 683 685 686 691 693 694 697 
704 707 712 714 725 729 731 735 737 740 743 746 
748 759 764 766 770 773 775 777 778 781 782 784 
788 789 792 793 
237
6 8 11 12 14 20 24 25 28 30 34 39 
43 52 54 56 58 59 60 71 74 75 77 79 
80 81 87 92 99 104 106 112 129 135 138 139 
144 148 151 152 153 155 162 167 168 172 173 174 
176 179 183 185 186 195 197 198 199 202 206 207 
209 211 212 219 221 224 228 230 231 232 235 238 
240 241 244 248 252 257 258 259 260 263 265 269 
279 281 287 288 292 293 303 305 310 312 313 324 
325 329 333 342 343 345 346 347 350 353 358 359 
361 365 367 370 372 373 375 377 385 387 393 397 
399 409 414 415 422 423 426 428 430 431 438 447 
451 452 455 456 457 468 469 470 473 474 479 482 
484 485 486 488 494 500 502 506 507 509 512 513 
517 522 523 525 535 536 537 538 541 546 549 552 
555 561 563 570 577 580 581 588 589 599 601 605 
609 612 614 615 617 618 621 624 631 640 641 644 
646 647 650 654 655 666 669 672 675 676 683 684 
692 694 698 702 704 707 709 716 718 719 721 722 
723 726 732 738 739 741 742 743 749 754 765 767 
771 773 779 784 787 789 793 794 799 
232
3 4 5 7 11 17 20 21 22 26 29 30 
34 36 38 39 41 45 47 57 59 62 65 71 
80 83 85 86 88 92 93 98 99 102 106 107 
113 116 118 119 122 123 124 125 128 130 134 138 
139 145 147 150 151 155 156 158 159 164 166 167 
169 171 172 173 175 177 180 183 184 190 193 194 
196 197 204 217 218 222 230 232 243 244 245 246 
250 252 254 258 264 266 270 274 276 277 283 284 
285 286 287 290 294 300 303 307 312 313 316 317 
326 340 341 359 360 362 365 372 376 388 389 395 
406 413 419 422 426 428 429 430 436 439 443 446 
447 448 449 452 456 468 476 477 478 480 483 485 
493 496 497 503 505 515 517 520 523 524 530 531 
534 539 556 557 561 564 572 574 579 580 588 594 
600 606 609 610 614 627 630 632 633 635 639 644 
646 654 658 659 663 667 668 669 671 673 676 678 
680 682 685 691 695 696 702 705 707 710 712 720 
721 722 727 729 732 735 739 740 742 745 749 750 
752 753 763 764 765 767 770 771 772 777 778 781 
787 796 797 800 
256
1 2 3 6 8 9 11 13 15 21 27 29 
30 36 37 42 44 50 53 55 57 68 70 75 
83 87 88 92 93 94 98 101 107 113 114 116 
117 122 126 132 133 136 137 143 144 147 149 152 
160 161 166 168 169 173 175 179 183 189 192 196 
197 201 202 205 208 209 210 215 219 223 224 230 
241 247 248 249 250 252 260 262 266 268 269 276 
280 282 283 284 285 286 289 290 291 293 296 297 
298 301 302 305 310 321 322 323 328 330 341 346 
347 348 355 356 358 359 365 372 373 377 379 382 
385 387 388 393 394 396 405 407 410 412 421 422 
427 428 430 431 433 434 435 436 438 439 440 444 
445 446 449 450 451 453 454 457 459 467 476 479 
481 482 484 485 491 492 493 494 495 500 504 505 
506 512 513 515 521 528 536 538 541 542 546 547 
549 550 552 553 554 561 566 571 572 573 574 582 
583 587 589 592 595 596 598 600 602 606 609 613 
617 619 621 628 631 635 637 646 647 660 661 667 
674 676 678 682 683 684 685 686 687 691 692 695 
701 710 719 721 722 723 726 729 730 731 741 746 
748 752 760 763 764 768 772 773 778 782 789 790 
791 792 793 799 
241
2 4 7 9 10 11 15 18 19 20 24 25 
29 31 34 36 39 44 45 49 51 60 63 67 
70 71 78 79 80 92 93 95 97 98 103 104 
106 112 118 124 128 129 130 131 136 137 140 142 
160 163 165 166 167 168 175 178 183 185 193 198 
212 215 218 221 222 223 225 227 228 229 231 236 
239 246 248 249 252 254 255 256 258 260 266 271 
275 276 279 284 285 288 295 297 301 302 305 309 
314 315 326 332 340 341 342 344 346 351 355 368 
371 377 379 388 389 392 394 395 400 402 403 404 
422 423 424 427 428 430 431 434 437 439 441 445 
447 448 452 455 459 460 465 474 478 480 481 483 
486 488 492 493 495 500 503 507 509 510 513 521 
522 523 531 537 539 540 543 545 547 549 551 553 
564 565 567 573 575 577 581 582 590 592 593 594 
595 599 600 601 605 606 610 611 615 617 618 619 
620 621 623 625 627 630 634 635 641 643 652 659 
666 670 672 673 676 679 681 683 688 689 690 693 
699 701 703 705 706 715 727 728 731 732 739 742 
747 754 755 767 771 775 778 783 792 793 794 796 
797 
237
3 4 8 13 14 15 23 26 27 29 31 33 
36 38 40 41 47 48 52 54 56 65 68 71 
76 87 90 98 99 107 108 111 118 119 122 127 
132 133 134 139 146 148 158 160 162 164 165 166 
170 171 172 173 175 178 179 193 206 211 217 219 
220 225 226 227 231 234 244 246 247 251 252 256 
258 259 260 263 265 269 270 274 277 282 283 284 
294 295 296 299 300 306 307 308 310 318 320 326 
335 337 338 339 351 355 358 362 364 366 369 371 
373 374 380 382 383 384 385 392 399 402 403 409 
415 418 419 420 425 426 428 429 437 440 442 445 
448 449 456 459 463 466 473 475 477 485 487 489 
490 497 498 500 502 505 506 515 516 521 523 526 
532 534 535 537 541 547 548 549 551 552 553 560 
570 572 579 588 589 590 593 598 603 605 606 607 
608 619 625 630 632 633 635 638 641 645 647 648 
650 651 652 655 666 668 670 671 684 686 692 695 
696 698 701 704 708 715 726 729 733 735 741 743 
744 745 750 751 753 757 759 761 764 768 771 777 
778 779 782 789 791 792 793 796 800 
231
2 5 6 8 9 10 11 18 22 29 35 36 
37 40 44 47 49 50 57 60 65 66 70 73 
76 77 78 80 83 91 92 93 97 98 104 106 
110 111 123 131 139 144 145 148 151 154 156 161 
164 173 174 179 181 182 183 184 186 187 192 196 
201 202 203 206 210 212 213 215 220 224 225 234 
245 246 252 253 254 256 257 260 267 271 274 279 
284 286 287 289 291 295 298 300 302 305 307 309 
311 315 316 317 320 326 327 340 344 345 351 352 
354 357 359 373 375 377 378 383 387 395 397 399 
400 408 415 422 425 426 429 434 439 440 443 449 
452 454 458 460 464 466 471 475 480 481 484 485 
487 490 496 497 498 499 500 502 511 512 515 517 
527 530 533 534 543 545 554 555 558 561 562 565 
568 573 577 581 583 590 595 611 613 615 616 617 
622 623 624 625 629 631 640 641 643 645 651 652 
653 660 662 665 668 674 675 676 677 686 689 694 
706 708 717 722 726 728 731 732 735 736 745 750 
754 758 762 763 765 767 768 770 772 781 782 789 
791 795 798 
266
4 5 7 13 15 18 24 26 30 31 32 33 
34 35 38 43 53 57 58 61 65 67 69 74 
78 80 86 88 102 106 109 114 115 116 122 128 
131 132 140 144 145 148 150 153 157 161 162 166 
169 174 175 177 185 186 189 191 198 202 206 207 
208 214 217 219 220 221 225 228 232 233 242 244 
245 249 250 253 254 255 263 268 269 270 276 277 
278 279 282 283 288 293 296 297 299 300 302 303 
304 305 308 324 325 330 331 333 335 337 338 341 
342 352 354 355 357 358 365 369 370 374 375 381 
386 388 396 399 406 415 417 418 420 421 423 424 
426 427 429 430 434 435 436 437 439 443 446 448 
449 452 456 457 459 460 467 468 472 474 489 492 
495 497 498 499 500 504 507 508 512 513 514 515 
517 518 525 526 528 529 530 533 534 536 543 546 
548 559 561 562 568 569 579 582 584 589 590 592 
594 596 599 602 603 604 610 615 618 621 623 626 
627 628 629 643 646 648 650 655 657 660 662 663 
665 667 668 671 673 676 679 685 687 690 692 693 
694 695 701 702 704 705 707 709 712 725 729 730 
731 732 734 735 736 737 739 744 747 748 750 752 
753 759 762 765 773 775 776 781 785 786 790 795 
797 799 
238
3 4 5 7 10 14 16 19 25 28 29 30 
33 35 39 44 47 50 57 60 61 62 64 65 
68 75 76 77 79 84 86 89 92 104 110 112 
113 118 119 122 123 124 128 130 138 140 142 151 
153 157 161 169 170 172 175 178 179 180 185 188 
189 192 197 201 203 214 220 221 223 230 231 233 
234 239 242 245 249 256 260 261 267 273 274 279 
281 282 283 291 293 294 296 299 300 301 303 304 
317 319 324 333 336 343 359 363 366 368 369 371 
373 376 384 388 389 390 393 394 397 405 411 413 
415 418 421 422 432 433 434 437 439 443 451 454 
455 457 458 461 464 465 467 471 478 481 485 489 
490 492 493 494 496 499 502 504 508 510 512 514 
519 521 522 524 531 532 533 534 535 536 537 538 
539 541 543 546 549 565 568 569 570 575 580 581 
582 587 588 596 597 598 599 606 610 627 628 631 
632 634 636 652 653 655 661 664 665 666 675 680 
681 682 685 689 692 694 696 697 699 702 707 709 
710 714 721 722 724 725 731 732 733 739 743 749 
763 765 768 773 775 778 787 788 789 800 
214
3 6 8 10 12 17 19 22 27 31 32 48 
49 51 54 55 62 63 64 65 67 69 70 72 
73 74 93 102 108 111 114 119 120 121 123 125 
131 132 133 137 141 145 147 148 161 164 170 174 
177 180 182 183 188 189 190 191 193 197 199 203 
204 205 207 209 210 220 222 223 224 231 238 239 
242 246 247 259 268 270 272 276 281 289 291 293 
297 300 304 308 314 321 324 325 327 332 334 337 
348 352 354 359 362 366 367 368 369 370 371 378 
379 388 393 398 400 405 412 414 415 419 422 431 
433 434 435 439 441 444 452 455 457 461 463 466 
476 478 489 499 501 511 513 515 517 521 523 529 
533 536 538 543 546 548 550 554 555 557 558 564 
565 570 577 580 581 582 584 592 597 603 607 608 
609 619 621 622 623 626 632 634 637 643 649 653 
656 657 658 661 662 663 669 678 682 686 687 688 
692 694 696 702 705 713 714 719 722 726 729 739 
741 743 747 753 757 761 765 775 787 797 
237
7 9 11 12 13 15 16 19 22 25 26 27 
29 31 33 34 37 39 41 43 44 45 47 48 
49 50 56 65 71 74 77 80 82 85 87 93 
96 97 99 101 106 107 109 112 119 125 127 131 
134 135 138 139 141 142 150 152 153 154 165 169 
173 183 186 190 191 192 193 195 201 202 230 234 
236 238 239 244 251 253 255 260 263 268 269 271 
273 274 278 285 289 296 297 302 303 304 306 314 
319 322 326 329 333 334 338 339 343 346 349 351 
354 356 357 361 364 370 373 376 377 379 389 391 
393 398 402 404 424 427 428 429 430 433 437 440 
443 445 447 449 451 454 457 458 459 460 463 465 
468 469 472 473 476 477 478 479 485 486 487 489 
490 491 492 493 496 498 499 504 506 507 508 510 
514 515 518 519 524 527 531 534 536 538 544 545 
548 550 555 558 559 568 571 572 578 584 586 589 
592 599 603 609 613 616 623 627 628 630 635 636 
641 649 663 668 673 676 683 684 688 689 691 699 
707 712 714 719 728 731 733 735 737 744 745 749 
752 756 763 769 771 781 787 795 797 
251
5 9 11 15 17 20 25 27 29 31 33 34 
39 42 44 45 50 52 53 58 65 73 74 77 
78 81 83 90 97 98 100 101 102 104 106 112 
114 116 118 126 130 133 136 138 143 147 153 155 
156 160 165 167 169 170 171 178 179 180 182 184 
185 188 192 193 195 200 207 213 215 216 218 219 
220 222 224 227 229 234 237 239 244 245 260 265 
267 270 278 283 286 291 292 293 299 306 307 308 
311 312 320 321 322 323 326 330 332 344 348 350 
351 357 358 359 365 366 371 373 380 381 383 384 
393 398 400 402 403 408 412 414 415 417 426 433 
437 439 442 444 445 448 454 455 456 466 469 473 
477 488 489 496 500 503 506 507 510 515 517 519 
526 530 533 544 547 549 551 552 555 558 561 563 
566 568 575 578 584 585 588 590 596 598 599 603 
604 605 610 613 615 618 619 620 621 622 624 632 
634 638 640 645 646 650 653 655 656 658 659 661 
668 671 675 678 680 681 682 684 686 689 691 693 
695 699 705 708 710 712 713 716 717 719 720 722 
724 725 726 728 729 731 742 744 745 746 747 748 
759 763 764 766 771 783 785 792 797 798 799 
243
1 5 7 12 14 15 16 18 23 30 32 43 
47 48 52 57 62 63 66 68 72 75 79 85 
91 94 97 104 105 111 115 118 120 122 123 124 
126 127 131 133 143 145 146 148 149 154 158 159 
162 168 171 174 180 181 183 187 189 191 192 195 
198 205 210 211 216 219 220 223 228 231 233 237 
238 240 244 248 258 259 262 265 267 268 280 282 
283 284 286 290 292 293 294 295 299 300 304 308 
313 317 324 329 334 335 336 344 345 347 348 351 
353 357 359 362 367 370 371 373 375 378 386 389 
397 398 400 403 405 406 410 414 419 421 432 433 
434 442 455 456 457 460 461 464 466 468 469 473 
475 481 482 483 486 487 490 491 500 503 504 520 
521 523 526 529 530 539 540 543 545 547 548 554 
557 559 560 561 563 564 568 574 584 585 589 593 
594 606 613 614 621 622 625 631 632 633 634 642 
644 645 646 655 659 660 661 663 668 670 671 678 
679 683 684 696 697 698 702 705 706 708 710 711 
712 714 715 722 729 730 731 741 742 746 753 754 
763 765 766 767 769 770 774 776 784 785 787 789 
793 797 798 
267
4 10 12 14 16 19 23 24 29 34 38 39 
41 44 46 49 52 55 58 60 62 67 68 73 
74 77 79 81 82 84 85 86 91 96 100 102 
106 109 112 117 118 124 126 127 128 129 131 132 
133 134 135 143 148 153 155 160 164 166 170 171 
173 176 178 180 181 183 184 185 190 192 195 196 
199 203 204 207 209 211 214 215 216 221 227 229 
230 232 234 237 241 242 243 248 251 254 256 259 
264 267 269 270 271 275 277 278 282 283 285 286 
288 289 291 295 297 299 301 304 305 313 323 324 
326 329 330 334 339 346 348 354 359 365 369 371 
372 376 378 384 388 390 391 393 397 398 400 403 
404 406 411 412 414 415 416 418 425 426 428 430 
437 438 439 442 450 452 455 462 463 464 470 472 
475 477 481 493 494 496 503 505 509 513 516 517 
518 525 527 528 532 539 543 545 547 550 555 557 
564 565 567 568 573 578 579 584 585 587 591 596 
597 598 600 605 606 607 614 617 621 624 627 630 
631 632 634 639 647 652 654 657 658 662 667 668 
669 672 673 676 679 682 684 685 692 695 696 697 
699 700 701 707 712 713 719 727 733 734 737 741 
743 746 753 761 767 775 777 779 780 783 785 790 
792 799 800 
246
4 5 6 8 14 17 25 28 31 36 37 43 
45 50 51 52 62 63 73 74 75 76 78 83 
86 92 93 99 100 102 103 109 111 112 116 121 
123 124 129 132 133 137 142 143 145 148 153 155 
157 158 160 164 168 169 175 179 185 186 188 192 
195 197 199 202 205 211 213 215 216 225 233 240 
241 243 247 252 258 260 261 264 265 266 272 274 
275 278 284 288 291 298 303 304 308 313 316 317 
319 321 327 328 329 331 332 335 336 338 344 347 
350 353 357 359 364 365 366 369 370 374 377 380 
382 384 386 387 392 397 400 402 403 404 406 411 
418 419 421 426 432 435 439 440 442 448 451 452 
457 462 469 472 475 477 498 500 504 505 510 515 
516 518 519 520 526 530 537 538 539 547 555 559 
563 564 565 568 570 572 575 576 579 581 582 585 
588 594 596 597 598 599 601 602 603 613 614 615 
616 619 624 635 639 643 644 647 649 650 653 654 
659 660 664 667 676 680 681 688 690 693 697 700 
705 706 709 712 721 722 727 729 738 743 746 747 
753 755 757 758 761 766 768 772 776 779 781 782 
783 788 793 796 798 800 
230
6 8 9 16 18 20 22 27 30 33 36 39 
41 45 52 58 60 62 66 71 73 75 76 85 
86 100 104 105 107 108 118 119 121 125 134 137 
141 144 145 147 152 154 155 157 162 168 171 179 
185 188 192 194 196 200 210 211 214 219 220 222 
223 227 231 234 235 239 249 250 251 261 262 264 
273 275 278 280 282 283 286 295 296 299 301 313 
314 318 321 328 330 332 336 337 346 347 348 351 
355 367 371 372 373 374 376 379 380 382 386 389 
390 394 396 397 399 402 404 406 411 415 416 421 
422 424 425 428 430 431 434 442 444 450 456 457 
459 460 467 469 470 471 473 480 487 488 489 492 
493 501 502 505 506 509 510 514 517 522 527 528 
536 543 544 555 564 565 570 571 574 577 585 587 
589 593 594 595 600 602 606 619 624 625 630 631 
632 633 637 645 647 655 656 660 661 667 671 674 
677 678 680 681 685 689 690 693 694 695 696 699 
705 711 713 720 726 733 735 736 738 743 744 749 
759 760 767 768 769 771 772 778 780 781 783 787 
792 795 
242
3 11 12 13 24 26 27 28 33 35 36 37 
42 43 45 48 56 71 74 75 81 84 91 95 
97 101 103 105 107 109 110 112 113 120 124 125 
126 127 129 130 136 137 142 152 154 159 160 165 
167 171 172 174 176 177 179 184 192 193 196 198 
199 204 206 207 208 210 219 224 225 226 229 233 
234 235 245 246 248 250 251 255 257 264 265 266 
268 272 274 275 276 282 284 288 291 292 293 294 
295 297 301 302 304 305 307 309 310 313 331 333 
336 339 340 342 344 346 350 359 367 368 369 374 
375 379 387 388 396 400 401 407 410 411 414 416 
417 422 429 430 437 438 443 444 453 460 461 469 
473 474 475 487 489 493 494 496 506 508 510 512 
513 517 519 522 530 537 539 547 549 553 556 559 
560 561 566 568 571 578 581 585 602 603 610 614 
616 617 622 623 625 629 630 636 639 648 650 653 
656 658 663 668 669 673 677 682 683 688 691 693 
695 697 698 700 701 702 706 708 709 720 721 732 
733 734 737 741 743 744 745 746 760 761 766 767 
769 770 771 772 773 774 778 780 792 793 794 798 
799 800 
220
11 14 17 18 22 23 25 26 30 40 44 45 
46 47 51 61 64 72 73 75 84 85 87 89 
98 100 104 106 108 109 123 124 128 135 137 139 
140 142 150 151 153 158 161 165 166 171 174 178 
181 184 188 192 193 195 197 198 202 203 211 213 
220 222 226 228 235 243 245 249 250 256 258 260 
262 264 270 271 272 277 281 282 288 290 291 292 
301 302 307 308 317 319 320 321 324 326 328 329 
336 339 343 352 355 368 369 376 377 386 387 390 
397 401 402 404 409 411 413 420 424 426 429 435 
437 444 452 455 457 458 461 465 466 473 475 479 
483 486 491 492 497 506 507 508 510 512 514 515 
519 520 526 533 536 542 547 552 561 569 573 579 
581 590 591 595 603 607 612 615 617 619 628 630 
631 632 633 636 637 650 654 659 662 663 665 669 
670 671 674 675 679 681 685 687 688 689 690 698 
700 702 703 707 708 710 711 714 719 725 727 737 
741 747 749 751 752 760 761 768 772 773 779 783 
785 790 796 800 
239
2 6 16 20 21 26 31 33 35 40 41 44 
52 58 59 66 67 70 71 72 74 80 84 86 
92 97 101 102 106 112 113 116 117 118 119 120 
126 133 136 137 139 144 147 149 150 151 157 160 
167 170 178 179 181 184 185 188 189 193 194 196 
203 206 213 226 227 229 231 241 242 251 253 254 
255 256 258 259 260 264 265 276 280 281 284 287 
292 296 301 307 308 315 317 321 325 327 328 330 
332 334 337 339 345 350 351 354 366 371 372 378 
380 382 384 387 388 395 397 401 405 410 411 421 
433 435 436 442 443 444 447 457 461 464 466 468 
472 474 475 477 478 479 481 482 483 495 500 504 
509 516 518 519 521 525 529 530 534 535 538 539 
540 542 547 548 552 554 555 556 559 564 565 571 
575 576 580 581 582 587 593 594 597 600 604 609 
610 615 616 622 629 631 636 637 640 641 644 645 
646 650 654 656 660 668 670 671 675 680 682 683 
684 687 690 700 701 702 703 704 705 711 713 714 
716 725 734 738 739 740 743 747 749 750 763 764 
766 768 769 771 773 775 779 789 790 796 797 
216
2 3 4 6 15 16 19 23 27 31 33 35 
42 47 51 53 56 60 71 84 90 91 109 111 
112 116 121 127 128 132 139 141 144 148 152 153 
163 168 169 170 178 184 186 191 200 201 205 209 
210 213 219 223 235 236 241 245 246 247 248 249 
251 253 261 262 263 266 268 271 272 277 280 281 
285 303 304 307 311 314 315 317 318 320 324 326 
327 334 336 337 343 345 348 350 351 354 356 358 
364 367 369 370 379 386 389 391 394 395 397 399 
403 408 409 410 414 415 420 422 423 426 428 429 
430 432 435 438 444 448 452 461 463 470 472 477 
479 480 505 509 514 517 518 524 525 526 528 533 
539 540 543 545 550 555 558 559 564 568 574 576 
577 588 589 593 598 599 604 607 609 625 633 635 
638 643 654 656 665 667 668 671 678 679 680 682 
685 686 687 688 692 699 702 703 709 710 714 715 
717 718 721 722 726 730 731 732 733 738 742 743 
744 752 760 761 763 764 772 776 786 793 794 797 
249
3 4 5 9 14 17 19 24 28 33 36 38 
39 40 43 44 49 50 52 58 60 61 63 74 
80 86 89 93 94 98 108 109 111 113 128 136 
141 142 145 152 157 158 162 165 166 169 171 172 
176 177 180 182 184 185 186 188 189 191 194 202 
206 207 210 211 212 223 225 227 229 235 236 237 
246 249 250 254 259 260 261 265 266 268 269 270 
273 279 283 285 289 294 295 296 300 303 304 305 
308 320 321 326 328 331 334 339 342 346 347 358 
361 364 366 367 368 369 371 375 380 382 390 393 
396 397 398 399 403 405 407 408 410 411 412 420 
425 426 436 439 444 448 449 452 459 461 465 466 
467 468 473 475 476 479 481 483 484 486 488 490 
493 502 503 507 508 510 511 514 528 530 532 536 
546 551 554 555 556 558 560 561 563 564 565 567 
568 570 571 573 577 581 590 598 599 600 602 605 
606 610 614 616 617 618 619 620 630 631 634 635 
640 641 645 646 647 648 649 656 662 667 670 672 
677 680 682 696 697 698 699 701 704 713 724 727 
728 732 734 738 741 742 745 757 759 760 761 762 
763 765 774 777 781 783 786 790 799 
231
1 3 5 14 18 28 30 31 32 33 34 35 
43 45 48 52 59 63 66 73 74 79 82 84 
85 93 95 97 102 105 113 118 123 124 128 141 
142 146 148 159 161 162 163 166 167 168 177 179 
188 189 190 191 193 194 195 197 199 202 203 216 
218 226 232 233 235 236 237 241 243 249 250 251 
254 257 260 265 266 275 277 278 279 282 285 289 
298 304 308 309 311 313 314 315 317 322 329 331 
333 338 342 344 345 346 348 350 351 356 360 363 
365 366 369 370 372 376 381 382 386 387 391 397 
399 401 405 406 407 408 413 416 424 426 427 428 
430 435 436 437 446 447 448 451 452 455 457 461 
465 467 471 472 473 479 481 484 488 505 507 510 
513 514 516 517 519 520 527 530 531 536 540 541 
551 555 557 562 563 565 568 572 574 575 578 584 
585 592 598 599 603 604 605 606 615 635 639 643 
646 654 658 661 663 670 671 673 682 684 685 687 
689 692 693 699 709 719 722 726 727 731 732 740 
741 745 746 747 750 760 761 765 770 772 783 787 
789 792 795 
243
3 7 9 10 11 12 20 21 22 23 33 35 
37 38 45 47 50 51 53 57 60 64 68 69 
70 71 72 74 76 78 79 81 82 89 90 92 
94 96 99 104 105 123 130 137 140 144 147 148 
152 158 166 168 172 175 176 177 183 185 190 192 
198 199 201 203 208 214 221 226 228 230 231 233 
234 238 239 241 243 245 250 251 253 255 260 261 
263 268 271 274 280 281 286 288 295 299 310 312 
317 318 319 321 323 330 333 338 339 343 348 349 
353 355 358 372 381 385 387 388 389 391 393 394 
395 400 402 407 409 411 412 414 415 416 422 425 
426 440 444 447 449 458 459 465 466 467 473 483 
484 485 490 495 499 501 503 504 514 517 519 523 
524 530 536 543 545 550 553 555 558 561 562 566 
567 568 570 572 573 574 576 584 586 587 591 596 
597 599 605 610 613 620 623 627 628 629 631 634 
635 641 645 646 649 652 654 657 659 663 665 666 
671 677 684 685 688 693 695 696 700 706 714 719 
720 721 722 723 724 730 731 733 738 740 741 742 
745 746 751 755 757 766 768 772 774 776 786 791 
792 796 798 
224
2 3 4 8 12 15 23 24 26 44 49 50 
51 71 73 77 78 82 83 84 87 97 102 108 
109 118 120 121 124 127 132 138 139 140 142 143 
145 149 152 158 161 167 169 170 173 177 182 188 
190 192 196 197 198 200 205 209 213 216 217 223 
224 227 230 235 248 254 260 261 263 264 270 271 
273 275 277 281 285 286 291 293 294 299 301 302 
304 307 310 315 322 323 325 330 332 338 341 343 
348 354 357 371 377 378 379 386 389 395 397 398 
408 415 416 417 418 422 431 435 442 444 451 466 
471 475 478 481 483 491 492 498 500 503 505 507 
512 513 516 517 525 529 533 535 544 552 554 557 
561 562 565 566 568 569 575 577 580 584 587 588 
590 591 597 599 605 609 610 611 613 614 616 617 
618 620 628 629 631 635 636 638 639 650 653 655 
656 659 663 668 674 683 686 687 688 691 692 700 
705 707 708 709 711 712 713 716 724 733 735 737 
740 744 745 746 749 750 753 754 760 763 768 769 
770 775 777 788 789 793 795 798 
257
2 4 13 14 15 19 27 28 29 34 42 45 
50 51 54 57 60 62 64 68 69 72 73 74 
75 87 88 91 94 95 96 100 101 104 106 108 
111 114 117 123 126 128 132 136 145 146 148 149 
151 153 155 156 160 168 175 176 177 180 181 183 
185 186 189 190 197 205 210 211 212 217 218 224 
227 232 233 234 236 237 240 243 248 249 255 256 
257 258 265 279 282 285 288 290 292 297 300 302 
303 311 312 313 314 320 322 324 328 329 332 334 
337 344 346 347 348 350 351 352 354 358 360 365 
372 375 383 384 387 388 389 401 411 415 417 418 
419 420 426 429 431 433 435 436 437 439 442 449 
457 460 463 476 479 481 483 485 487 488 491 492 
494 495 503 504 506 507 510 511 515 520 522 526 
527 533 539 540 544 546 548 551 554 557 558 560 
562 572 573 574 582 583 587 590 591 592 594 595 
599 600 603 604 610 611 619 620 631 633 638 639 
641 642 653 655 658 659 660 661 662 663 665 666 
667 677 678 679 684 687 688 690 691 694 696 701 
708 711 714 719 733 735 742 749 750 754 758 759 
760 761 763 764 766 769 778 783 784 785 786 790 
794 797 798 799 800 
255
1 2 7 8 9 10 11 15 18 19 20 23 
27 35 41 42 43 46 48 49 53 54 58 66 
70 71 72 74 75 77 79 85 87 88 100 105 
107 119 123 124 125 128 130 132 144 145 147 149 
151 156 159 160 161 164 166 168 169 173 182 183 
188 196 199 206 207 208 210 212 215 220 227 230 
233 235 239 242 244 246 252 257 266 268 272 279 
287 293 295 300 303 308 309 311 312 313 316 317 
318 319 320 321 322 328 335 336 341 354 356 357 
363 364 368 369 370 373 375 380 381 384 387 388 
389 396 398 399 400 401 402 404 405 409 410 412 
414 418 420 421 423 428 429 435 436 437 441 442 
444 445 446 447 450 452 453 455 461 464 467 468 
484 487 489 490 494 495 500 502 504 511 512 513 
515 518 521 523 524 527 529 531 532 534 538 540 
542 543 545 549 550 552 559 561 563 573 580 584 
586 587 588 589 592 594 602 603 608 609 613 618 
620 622 623 627 628 629 630 631 632 635 642 652 
653 654 656 660 661 662 665 673 674 683 686 688 
689 691 698 707 712 723 727 729 731 733 736 740 
741 745 750 763 764 766 768 780 781 784 791 792 
793 794 796 
242
4 9 10 13 19 24 25 29 31 33 36 41 
43 45 47 50 54 55 60 64 66 69 72 74 
95 96 98 100 102 105 107 110 113 117 118 121 
124 127 131 136 138 146 152 153 155 160 161 162 
164 165 167 170 172 173 181 187 191 192 194 197 
202 203 205 207 209 214 216 218 227 228 231 240 
241 243 245 265 266 281 283 284 288 290 296 301 
305 308 312 315 316 323 324 327 331 332 338 340 
341 346 347 350 354 357 358 363 366 369 371 372 
374 375 377 378 385 387 390 392 395 398 403 404 
407 411 412 416 420 421 422 425 429 440 441 444 
456 460 464 467 470 474 476 478 479 480 484 486 
487 488 494 495 498 500 501 502 504 506 521 531 
537 538 541 543 545 550 552 556 561 565 570 585 
586 587 591 595 597 598 606 608 609 613 614 617 
619 626 629 630 631 633 634 638 640 643 644 646 
647 655 664 665 666 671 673 676 679 682 683 695 
696 697 698 700 712 713 716 718 721 726 730 734 
735 736 739 740 742 744 746 747 749 751 758 759 
760 764 766 768 770 774 776 777 779 780 781 790 
791 797 
241
1 3 4 6 15 19 26 27 29 33 37 38 
40 48 54 59 67 69 70 73 74 77 79 80 
82 84 87 93 98 99 101 104 108 109 110 112 
113 116 117 125 127 128 130 132 133 135 148 162 
167 168 171 172 174 178 182 186 191 192 196 202 
210 217 218 222 223 224 230 231 232 235 241 243 
248 251 255 258 260 273 276 287 288 289 290 297 
298 303 304 309 315 317 325 327 334 335 337 340 
341 343 346 355 356 358 359 362 376 378 379 385 
387 388 389 393 395 397 398 407 415 416 419 421 
431 433 435 439 442 444 449 450 452 457 459 461 
463 464 465 469 471 476 478 482 484 487 494 495 
497 499 500 501 511 513 514 515 517 519 520 524 
525 531 534 539 545 547 553 555 559 560 567 571 
572 573 577 582 586 593 594 595 598 601 606 607 
608 609 622 623 626 627 632 633 634 638 640 641 
643 644 645 669 670 675 677 683 692 695 697 698 
699 700 701 702 705 710 713 716 718 719 723 725 
726 728 730 736 737 740 742 743 748 751 752 755 
756 758 760 762 772 776 777 782 784 786 788 793 
795 
241
3 5 15 16 18 21 26 28 30 32 35 43 
44 45 47 53 69 70 73 76 79 85 91 92 
96 97 98 100 109 117 118 122 123 124 125 129 
132 137 141 143 144 147 155 157 162 167 181 183 
185 187 188 198 201 202 208 211 221 224 227 230 
231 236 237 243 245 248 249 251 252 255 264 267 
268 270 271 274 282 286 288 290 291 298 302 306 
308 312 316 322 323 330 335 337 339 340 343 346 
354 360 361 370 372 373 374 378 380 382 392 398 
401 403 407 408 412 413 415 420 421 431 440 441 
443 444 447 454 456 460 461 465 468 470 475 477 
478 492 493 495 496 498 500 501 502 504 509 511 
512 516 517 518 520 522 532 543 545 549 551 552 
557 558 560 561 562 563 564 565 567 573 574 578 
582 584 585 589 596 598 602 603 604 608 610 612 
613 614 616 617 618 620 621 626 629 635 636 637 
642 647 651 652 663 664 668 672 678 683 691 692 
695 697 700 701 707 711 719 720 721 724 725 726 
732 733 734 741 742 743 745 749 751 753 754 755 
760 763 764 766 768 771 783 788 790 791 793 798 
800 
224
1 7 12 18 19 22 31 32 35 36 37 38 
42 46 53 60 62 63 64 65 68 72 77 81 
84 88 94 112 118 125 126 127 128 129 130 134 
135 157 160 164 167 175 176 177 179 181 182 184 
185 186 187 192 201 206 208 215 218 220 221 222 
225 226 234 235 243 245 252 253 256 258 260 267 
270 274 284 288 293 299 300 301 309 311 314 318 
320 325 326 330 334 339 341 342 345 349 357 362 
363 370 371 376 377 381 383 385 387 388 392 395 
397 399 403 404 409 410 412 413 415 433 435 436 
437 444 445 446 452 453 455 456 457 462 463 466 
472 473 477 482 491 492 493 494 499 501 505 506 
507 509 510 512 513 519 523 527 533 543 552 553 
555 560 561 562 572 576 577 578 580 581 586 593 
602 605 609 618 619 622 624 628 632 635 637 639 
640 642 648 650 655 657 658 661 662 665 668 671 
672 676 684 686 693 694 697 701 705 709 713 719 
721 722 724 725 729 738 741 743 746 747 752 754 
757 779 785 790 792 793 797 800 
231
7 9 10 11 17 20 24 30 41 44 46 51 
52 54 57 63 65 68 69 77 78 79 83 85 
90 95 105 110 111 114 118 119 122 123 124 126 
132 133 135 138 139 146 152 153 156 159 161 163 
181 183 186 188 189 197 198 202 211 218 219 227 
228 235 240 243 244 245 252 260 261 262 264 267 
270 273 275 278 280 281 285 292 293 294 296 300 
301 314 315 319 323 324 325 326 327 329 333 335 
336 340 341 348 351 352 356 358 361 363 371 372 
376 378 380 387 388 400 401 403 404 406 409 417 
422 424 425 427 428 429 431 434 435 439 440 442 
446 449 452 454 455 459 460 468 471 476 477 480 
482 488 490 491 492 496 497 499 502 508 510 515 
520 521 522 524 526 530 534 539 540 541 547 548 
555 559 560 563 565 570 571 572 575 577 579 586 
592 594 598 600 605 609 610 611 612 622 632 638 
642 646 647 648 651 654 657 662 668 672 675 677 
681 700 702 703 704 711 712 723 724 731 734 735 
738 741 742 745 752 753 754 770 773 776 777 786 
790 792 794 
243
6 9 17 23 34 38 40 45 46 49 56 59 
61 64 66 68 70 72 77 80 84 91 98 101 
104 111 116 118 119 122 126 127 128 131 132 138 
143 146 157 158 159 162 163 165 166 168 171 173 
174 177 180 182 184 188 189 194 195 199 202 204 
211 212 219 224 227 228 229 230 237 239 247 249 
251 254 255 262 268 271 276 283 284 288 295 296 
297 299 309 312 316 319 326 327 331 342 343 345 
348 349 355 358 359 366 372 375 377 379 380 385 
387 389 395 398 402 404 407 408 410 413 415 417 
419 425 431 432 433 439 440 441 445 447 450 451 
454 455 457 461 465 468 471 475 479 484 486 490 
495 501 502 505 511 514 521 522 526 529 532 533 
536 541 542 549 551 554 561 565 575 577 579 581 
582 584 585 586 587 588 589 593 595 598 599 607 
608 609 615 622 623 626 627 631 632 634 635 638 
643 646 649 650 651 652 659 662 663 666 670 671 
672 677 679 680 681 694 696 697 700 711 714 717 
722 724 731 733 734 740 742 746 749 750 755 756 
758 761 768 769 770 773 775 776 777 784 785 791 
792 795 797 
256
2 7 13 14 16 26 27 28 31 35 43 45 
46 47 55 59 63 65 68 69 71 72 74 79 
82 83 84 85 87 90 93 95 98 110 116 117 
123 126 127 130 131 138 142 143 144 146 155 158 
160 161 173 174 176 177 178 183 185 187 193 195 
196 198 200 207 209 212 214 217 218 220 221 225 
226 227 229 240 244 245 248 255 256 257 258 264 
268 269 277 280 283 286 291 293 296 297 303 309 
311 312 317 320 323 325 328 331 332 337 341 348 
352 358 359 361 362 367 368 370 372 373 377 380 
381 384 385 388 389 393 397 401 405 408 410 418 
422 424 428 430 432 435 437 441 444 450 451 455 
460 466 467 469 470 478 480 482 486 491 494 504 
505 506 508 509 516 519 523 524 531 533 541 545 
546 557 560 561 562 563 564 570 571 573 578 586 
587 588 594 596 597 601 604 609 610 611 613 615 
619 620 623 627 628 629 630 640 642 650 651 656 
662 664 665 666 667 671 674 676 679 688 692 693 
695 699 700 705 707 709 710 711 713 720 729 730 
731 732 738 743 746 748 750 755 759 760 761 763 
764 767 768 771 773 774 780 781 786 788 789 792 
794 795 796 797 
243
1 5 6 7 13 16 21 29 30 32 42 45 
46 47 49 53 55 57 58 72 75 76 77 78 
87 89 91 98 100 103 108 109 123 128 131 135 
140 141 144 145 153 154 155 156 157 158 160 163 
165 168 169 170 171 175 184 194 198 201 208 209 
215 217 221 222 223 224 226 227 228 234 235 239 
240 244 251 254 257 258 262 273 276 277 285 288 
295 296 297 299 301 305 306 307 313 316 319 322 
326 335 346 350 352 353 354 357 361 364 366 369 
370 372 374 375 380 383 385 391 392 396 403 407 
408 414 418 419 424 432 440 443 450 454 458 459 
460 461 462 463 464 468 469 476 479 480 487 488 
490 493 496 501 502 507 508 511 512 513 517 519 
520 521 529 532 534 537 539 543 555 559 563 569 
571 574 575 576 583 585 592 601 604 610 611 615 
618 621 626 627 628 632 635 641 652 656 658 659 
661 664 665 667 673 676 678 679 680 684 685 687 
688 689 691 696 699 700 701 703 707 709 714 726 
727 729 734 735 736 737 741 743 744 748 751 752 
753 762 763 765 767 768 770 772 782 784 786 789 
791 797 800 
232
2 7 23 26 33 46 48 49 51 53 54 60 
62 64 74 78 83 84 94 95 97 100 102 103 
105 115 117 119 120 124 125 126 133 138 157 162 
163 165 166 168 169 172 173 176 178 179 186 188 
196 201 202 203 206 214 219 225 231 233 236 240 
247 249 253 257 263 264 268 269 273 275 277 280 
282 286 287 290 299 303 306 311 313 314 320 322 
324 325 328 336 339 340 341 345 348 351 358 360 
362 363 368 372 377 379 382 387 398 401 402 405 
407 411 416 422 429 434 435 437 441 442 448 449 
451 452 454 457 458 464 466 471 475 477 478 480 
481 487 488 492 496 497 499 500 503 505 507 508 
509 510 512 516 519 521 525 529 531 533 539 540 
542 549 550 552 553 562 564 566 568 569 570 571 
573 584 587 591 593 598 602 607 609 616 619 621 
623 632 633 634 635 636 637 639 641 644 647 650 
654 664 667 672 681 688 690 691 692 695 702 707 
710 714 718 721 724 725 727 732 736 737 738 742 
746 749 751 753 754 758 760 763 765 775 776 777 
788 790 794 797 
209
5 10 11 13 17 19 21 26 27 31 34 36 
48 49 50 55 68 70 71 72 74 79 80 81 
93 97 105 112 115 116 118 123 128 131 136 137 
140 143 163 164 166 171 174 175 176 178 180 181 
188 191 198 200 202 206 207 213 215 218 220 223 
225 228 229 231 233 234 235 248 252 254 257 262 
267 271 272 276 293 294 302 303 309 311 313 322 
324 331 332 344 347 350 353 356 358 359 368 369 
371 372 375 381 383 389 391 392 393 406 408 410 
411 413 422 424 428 432 444 447 449 452 463 465 
466 467 469 471 472 476 478 483 490 493 498 499 
501 511 520 529 537 539 540 541 542 547 557 558 
559 564 566 573 574 575 576 581 585 590 599 613 
615 616 617 618 630 638 649 650 656 659 661 662 
663 665 666 668 671 676 678 684 685 687 689 691 
692 696 703 706 707 708 710 711 714 718 719 720 
722 728 736 740 742 744 762 764 769 770 772 782 
783 787 789 792 798 
244
1 2 5 7 9 10 11 12 27 31 32 38 
48 50 52 59 62 63 66 68 69 70 71 72 
78 81 88 95 96 100 101 107 110 114 116 117 
122 124 125 128 130 131 132 136 138 142 151 153 
163 165 166 167 176 179 181 183 184 185 193 196 
197 202 203 207 217 220 221 222 224 226 229 231 
232 233 242 250 257 265 267 279 282 284 286 291 
296 299 307 309 313 315 316 317 318 320 322 323 
327 329 330 333 334 338 340 343 367 368 369 373 
374 378 383 384 385 393 395 397 401 404 409 411 
412 413 414 421 422 424 425 429 431 433 436 437 
441 443 444 446 449 454 457 458 459 464 465 468 
469 471 472 484 485 487 488 492 493 497 500 503 
504 511 519 527 528 532 539 540 542 544 545 546 
547 551 554 558 563 572 573 574 579 582 584 599 
603 604 607 613 615 617 619 620 625 627 629 644 
654 655 656 657 662 665 666 668 670 671 672 675 
679 681 682 685 686 688 690 693 697 698 700 701 
703 704 707 715 717 733 734 736 737 738 740 743 
746 748 749 751 757 761 765 768 769 777 778 789 
790 794 797 799 
252
3 5 8 14 15 21 22 24 27 28 32 33 
41 44 47 48 49 50 53 54 60 65 70 77 
78 79 80 89 91 95 96 97 99 110 111 118 
120 130 131 134 135 136 138 141 142 143 146 147 
153 154 157 162 168 169 171 173 176 180 182 183 
192 194 195 196 197 199 203 204 205 208 210 219 
220 221 222 223 228 229 230 233 235 238 243 248 
256 263 264 273 283 296 301 305 312 316 323 325 
332 333 340 345 348 349 351 352 353 354 356 358 
359 360 362 365 366 369 370 378 379 382 383 384 
385 387 388 389 393 397 398 407 409 411 412 413 
414 415 422 429 432 435 441 449 453 454 457 461 
462 464 466 470 479 482 483 485 491 496 497 502 
503 506 513 515 516 518 523 528 530 531 532 533 
534 536 541 542 544 546 550 552 561 567 568 569 
579 580 581 583 584 587 588 590 593 596 598 600 
601 603 604 605 607 608 611 617 620 621 622 626 
629 630 631 632 648 649 655 656 657 664 667 676 
682 689 690 694 698 699 700 704 706 712 715 716 
724 728 731 735 739 742 744 745 747 751 752 754 
756 759 767 768 770 772 778 779 788 789 793 795 
245
7 17 21 22 25 26 28 30 31 32 34 35 
36 38 40 41 43 44 45 46 47 51 53 56 
58 61 71 73 75 84 90 91 94 95 97 98 
103 105 108 109 117 120 133 144 145 152 155 162 
164 166 171 172 176 177 187 193 195 200 201 202 
204 208 209 211 215 226 228 231 234 235 238 240 
243 248 249 251 252 258 259 261 263 266 272 274 
275 280 282 283 284 288 291 293 304 308 314 317 
321 324 327 328 331 337 342 345 348 350 351 353 
359 360 363 364 370 371 372 373 375 379 384 387 
388 390 393 402 403 408 409 414 415 416 418 420 
421 426 428 429 430 431 432 434 440 441 442 448 
449 451 460 463 467 469 477 478 484 487 493 495 
498 499 503 505 510 519 525 528 536 538 540 543 
544 546 551 553 560 563 564 566 567 570 575 576 
580 583 589 592 601 603 606 608 619 620 621 631 
634 645 647 650 655 657 661 665 666 667 670 672 
673 675 680 681 684 686 690 691 693 694 699 703 
705 707 713 717 719 720 722 727 728 733 740 741 
746 747 752 756 762 764 772 775 776 780 785 792 
796 797 798 799 800 
261
5 6 8 11 14 16 17 18 24 25 31 37 
38 47 49 59 63 68 70 76 78 80 81 82 
88 89 97 98 100 102 104 112 114 116 118 119 
120 125 128 135 136 137 141 143 144 146 153 154 
155 156 158 164 167 168 170 181 182 184 185 186 
188 189 199 202 203 213 217 219 220 221 222 230 
231 234 240 247 248 249 251 255 261 266 268 269 
272 273 274 280 288 289 297 298 304 308 325 326 
330 332 337 340 351 352 354 356 357 362 367 368 
370 371 372 374 376 379 381 384 386 394 397 399 
401 405 408 410 411 412 414 419 420 422 433 434 
440 443 444 446 451 458 461 468 469 470 475 485 
492 494 495 499 500 501 503 504 506 507 508 509 
515 517 520 522 524 527 532 537 538 539 541 543 
546 549 553 554 556 559 567 568 570 575 580 584 
586 587 589 590 593 596 597 598 600 601 602 603 
608 609 610 611 614 618 619 620 626 627 628 629 
633 643 644 646 650 655 657 658 659 661 663 666 
669 674 676 677 679 681 684 686 688 690 693 696 
697 698 702 703 707 708 712 713 720 721 722 726 
731 734 738 739 741 744 747 753 759 762 765 766 
768 770 773 775 778 783 786 789 794 
243
1 3 4 7 8 15 16 21 24 25 27 32 
34 37 40 41 42 44 56 62 63 66 72 74 
76 82 83 84 90 92 94 96 97 100 102 103 
110 114 122 126 129 130 132 133 135 136 138 143 
153 156 157 162 166 177 180 188 189 190 200 202 
204 208 210 211 221 222 223 227 233 234 235 236 
238 243 245 246 248 250 253 257 263 264 265 266 
271 275 279 284 292 293 297 299 301 304 307 308 
309 319 320 324 332 333 349 350 353 357 361 367 
372 373 378 379 380 381 384 388 400 409 415 424 
429 430 436 438 445 446 451 455 456 459 460 462 
464 466 470 475 477 480 484 485 489 492 496 499 
506 508 511 514 517 521 522 537 540 545 548 551 
552 553 556 557 558 559 566 568 569 573 575 578 
583 585 586 587 591 592 595 604 606 612 617 618 
620 622 624 631 635 639 640 642 644 645 646 647 
648 651 654 655 667 668 669 670 672 674 675 677 
686 687 688 691 692 694 702 705 708 710 716 718 
719 720 728 731 732 740 743 745 746 748 751 753 
755 757 760 762 763 764 770 780 782 783 786 790 
794 797 799 
246
9 11 17 20 26 27 28 34 36 42 44 46 
48 52 53 57 58 63 65 69 70 75 83 91 
95 97 102 103 104 105 111 113 115 118 120 124 
126 128 130 137 144 147 148 150 160 163 164 166 
167 168 177 178 180 184 185 189 190 191 194 199 
200 202 206 210 216 220 221 225 227 241 242 245 
249 256 260 266 273 276 279 281 284 285 289 294 
298 311 312 320 323 325 326 330 335 336 338 339 
345 347 349 359 364 370 372 375 377 378 379 382 
384 385 387 391 392 397 406 411 418 419 420 421 
424 429 433 434 436 440 442 444 445 451 453 454 
462 463 464 466 475 477 480 482 484 485 486 487 
490 491 493 494 497 500 502 512 514 515 517 520 
521 531 535 537 538 540 543 548 550 553 555 556 
560 566 567 568 570 572 577 580 581 582 584 588 
591 596 597 604 608 613 614 618 621 622 623 624 
626 627 628 633 636 637 640 642 643 645 646 655 
657 658 659 660 663 664 671 673 674 675 679 680 
682 691 692 693 701 703 704 706 707 710 711 714 
715 716 722 734 735 737 740 749 752 758 760 762 
767 770 772 778 782 791 
230
2 4 11 13 14 15 19 22 24 26 29 32 
34 35 42 45 46 70 78 81 86 94 96 99 
102 105 109 115 121 122 125 128 129 130 133 134 
137 139 142 145 156 160 162 164 168 182 183 184 
186 187 189 195 196 198 217 222 224 227 229 232 
234 235 239 240 245 248 252 259 262 266 268 270 
274 276 279 280 290 291 293 296 297 298 302 305 
309 311 313 314 316 323 324 328 330 331 333 334 
337 338 339 342 345 351 355 359 364 368 371 374 
375 379 381 385 390 396 398 401 414 416 418 421 
423 425 427 430 433 438 439 441 443 445 451 453 
457 474 479 480 482 483 489 490 491 495 497 498 
502 508 509 510 511 513 518 520 521 522 524 527 
533 534 536 541 558 566 567 577 580 581 587 590 
591 592 593 595 596 598 599 600 602 603 609 620 
631 636 639 641 642 647 650 653 654 659 663 664 
666 667 670 674 676 686 694 696 701 702 709 723 
724 725 730 743 744 747 748 749 752 756 757 758 
761 763 764 768 770 772 776 777 782 784 785 788 
793 798 
233
2 3 6 8 13 15 16 21 27 31 34 35 
40 45 49 51 56 63 67 69 73 74 76 77 
80 82 84 89 97 100 101 106 109 114 118 120 
122 123 127 132 138 139 145 146 160 161 164 168 
175 179 180 182 185 188 189 191 192 196 198 200 
202 206 211 213 214 216 219 224 226 228 234 237 
239 241 248 256 257 258 267 271 275 279 283 285 
289 290 298 300 303 308 312 313 314 315 326 330 
336 337 340 341 343 345 348 351 354 357 361 364 
365 368 370 372 376 380 381 391 405 408 409 412 
415 422 424 427 434 436 437 438 440 450 456 458 
459 462 463 468 471 474 475 477 481 484 487 490 
491 492 496 502 504 505 506 510 514 515 516 521 
525 527 529 532 533 535 536 539 542 547 554 556 
564 566 567 571 573 577 578 582 583 585 586 588 
589 603 604 611 612 613 614 616 618 624 630 631 
633 635 636 643 644 651 658 659 661 671 676 677 
681 690 692 693 702 705 707 715 720 721 729 734 
739 743 750 754 756 758 759 760 763 766 771 772 
779 781 787 796 799 
248
5 6 8 9 10 14 19 20 22 26 30 33 
34 39 41 53 58 65 70 72 73 75 80 81 
84 86 88 91 101 108 117 118 119 120 123 128 
131 135 138 142 143 146 158 162 163 167 173 175 
178 179 180 185 187 192 193 194 207 208 210 213 
220 223 225 226 228 230 231 234 238 246 247 250 
251 255 260 262 263 264 267 270 271 272 273 274 
275 277 282 283 284 285 293 298 302 308 313 315 
318 319 320 321 323 324 326 334 338 339 340 342 
344 346 348 349 352 354 355 358 361 362 363 364 
368 369 375 378 379 382 383 388 389 392 394 405 
406 410 411 416 419 423 426 428 432 433 434 435 
446 449 450 451 452 455 459 462 467 472 481 483 
486 488 493 494 495 503 506 513 514 515 516 518 
522 526 532 533 534 535 538 542 546 553 556 557 
564 565 568 569 572 574 579 582 583 592 593 599 
600 602 606 612 614 623 630 631 633 635 637 639 
647 649 650 657 659 660 667 673 676 678 685 686 
690 694 697 698 702 705 711 719 722 723 726 735 
739 742 747 748 749 752 753 755 756 763 764 766 
775 777 779 781 787 788 792 795 
237
7 8 9 12 14 15 16 17 20 25 34 35 
36 39 45 48 49 54 59 68 71 79 84 85 
86 87 92 98 99 114 118 119 121 122 124 125 
128 131 136 138 139 142 147 148 157 161 167 174 
175 177 178 179 180 182 183 184 191 192 200 201 
202 212 214 215 216 217 219 220 221 230 231 232 
233 234 235 238 243 246 250 254 265 266 272 273 
276 278 280 289 298 300 301 303 305 310 311 316 
323 325 326 327 333 334 338 340 341 343 345 349 
350 357 359 360 362 367 368 369 372 373 374 378 
382 383 386 388 392 393 395 396 398 402 406 410 
411 413 414 417 421 422 428 432 433 439 440 444 
458 468 472 474 476 478 479 484 485 491 493 494 
495 496 504 511 512 514 516 534 535 540 542 545 
551 560 562 565 567 571 580 585 586 587 589 600 
602 606 607 610 611 616 618 619 620 621 625 630 
631 636 640 643 652 655 665 671 681 682 686 688 
691 694 696 700 705 712 713 716 718 720 721 727 
729 730 732 735 737 741 742 744 748 751 753 756 
776 777 778 780 784 791 792 795 799 
242
3 5 14 18 20 22 23 26 30 37 41 42 
43 44 47 50 53 59 60 70 72 76 83 85 
93 99 103 107 110 113 114 116 118 119 127 129 
130 131 137 141 143 145 146 156 158 159 165 168 
169 170 171 173 175 177 178 184 187 189 190 194 
195 197 199 202 208 210 212 213 215 217 218 219 
226 227 228 236 239 241 254 256 260 263 264 266 
270 271 273 274 277 281 292 294 296 299 303 304 
310 311 312 322 327 332 333 340 341 342 344 346 
349 351 353 361 365 366 367 372 373 376 379 381 
384 387 390 395 397 400 402 406 410 414 416 419 
423 425 433 435 438 440 441 446 447 450 457 458 
460 461 463 467 469 474 480 483 488 492 495 497 
503 514 517 518 529 530 532 534 538 541 544 545 
550 552 553 555 558 559 570 577 579 592 593 594 
599 604 606 611 612 613 617 618 627 629 630 633 
637 640 645 648 653 657 664 668 669 672 675 676 
679 683 687 691 697 698 700 701 702 703 706 716 
718 720 725 727 732 734 741 748 754 761 762 766 
767 774 775 777 779 782 786 790 792 794 795 796 
799 800 
234
3 7 8 10 13 19 21 27 33 34 36 37 
40 42 50 51 52 54 59 60 65 69 70 74 
76 78 79 82 86 94 98 108 113 116 119 120 
121 124 126 131 132 136 144 146 149 155 164 168 
170 171 173 175 178 180 182 187 190 191 193 195 
198 200 201 202 203 204 206 209 211 217 219 226 
230 232 235 236 243 244 247 248 249 250 255 259 
260 261 262 263 265 266 268 269 275 276 281 284 
292 303 305 309 314 316 329 331 339 340 345 348 
352 355 358 362 364 366 369 370 372 373 374 380 
381 383 386 391 394 396 397 399 405 406 407 408 
412 416 419 423 427 431 432 433 439 440 443 445 
452 454 459 462 464 467 474 477 479 483 485 489 
491 492 494 496 497 499 500 501 504 510 511 512 
516 523 525 535 536 537 539 540 542 560 566 572 
573 579 584 589 591 593 595 598 602 603 608 610 
616 623 625 632 641 644 645 647 649 650 671 678 
687 691 697 700 701 702 703 707 716 721 726 730 
731 735 740 742 743 748 754 758 760 762 770 773 
779 788 789 791 793 798 
233
5 9 11 15 19 27 29 30 31 35 38 39 
40 42 46 49 50 55 56 62 63 71 72 74 
78 83 84 87 89 91 94 96 98 100 102 107 
109 111 112 114 118 120 126 127 128 132 135 136 
145 157 164 170 173 196 197 204 206 208 209 210 
211 213 218 222 227 229 234 236 240 248 253 257 
259 261 265 268 269 272 277 278 280 281 282 284 
286 295 296 302 308 311 312 316 317 321 323 324 
326 330 332 350 351 357 358 362 366 370 372 375 
379 380 389 391 393 397 398 402 403 404 413 420 
421 424 426 429 430 432 441 443 444 446 449 455 
456 460 462 466 468 474 475 476 477 482 484 486 
488 490 492 496 497 498 500 504 505 506 514 519 
520 521 530 531 543 544 547 554 560 565 566 567 
569 572 581 582 583 586 587 591 592 594 595 596 
602 604 605 608 610 615 617 637 638 641 642 649 
652 658 664 667 668 670 685 687 693 697 698 699 
700 704 705 712 721 723 727 732 740 747 748 749 
750 758 762 763 764 770 774 779 780 781 783 785 
791 794 795 796 800 
259
2 9 11 14 15 18 20 23 30 33 35 42 
51 53 54 61 66 67 68 74 78 82 84 86 
87 93 94 95 96 97 99 100 101 103 107 108 
109 112 118 120 121 122 124 125 131 132 133 134 
135 140 145 148 149 154 157 159 162 163 164 165 
172 176 179 180 181 183 186 191 194 201 205 210 
212 214 218 219 223 228 230 237 241 242 244 248 
249 251 253 254 260 263 270 271 274 278 282 284 
285 287 295 304 305 307 311 312 315 319 321 322 
324 325 326 327 329 330 331 332 335 336 339 341 
342 343 344 345 346 348 353 357 359 360 366 368 
371 375 378 380 385 386 387 388 396 397 399 401 
402 405 412 414 420 422 423 427 428 433 437 440 
442 449 450 451 457 458 463 469 470 471 475 476 
479 482 488 490 499 500 504 507 508 510 512 514 
524 527 532 541 546 549 551 553 554 556 567 568 
573 574 575 576 581 588 589 599 602 611 612 613 
615 621 625 626 627 629 633 636 638 640 645 646 
650 652 654 659 661 665 666 667 668 669 671 672 
674 682 686 692 696 701 717 727 728 731 733 736 
738 748 749 756 762 765 767 772 775 778 779 786 
787 789 791 797 798 799 800 
235
3 4 8 11 15 18 20 22 25 26 27 29 
42 48 51 52 53 57 58 60 71 78 79 84 
85 92 93 94 100 103 104 106 109 112 113 117 
120 121 138 140 143 144 151 152 154 157 158 162 
163 165 166 175 179 184 191 192 200 203 206 212 
213 216 217 218 220 221 223 224 226 231 236 242 
244 248 255 256 260 273 274 275 277 279 285 290 
291 292 295 301 303 306 312 316 317 319 330 331 
333 335 337 338 340 342 347 352 355 359 361 363 
366 367 368 369 370 371 372 374 378 387 391 392 
395 399 406 410 414 428 432 435 437 438 440 443 
447 449 461 471 475 477 480 482 495 499 508 510 
515 518 529 530 533 535 536 542 543 544 546 555 
556 558 565 568 570 573 577 580 583 586 591 594 
595 600 604 606 613 614 618 622 623 628 638 640 
644 645 647 649 663 665 667 674 679 682 685 687 
688 693 694 700 702 709 719 720 722 723 724 726 
727 728 729 731 733 734 737 748 751 754 756 758 
763 764 765 766 768 770 772 773 775 776 783 784 
785 788 790 792 794 796 799 
240
3 8 9 12 15 17 21 24 25 26 27 28 
33 38 43 45 47 48 49 50 52 53 57 60 
64 66 67 69 74 78 79 82 83 84 96 100 
104 112 115 116 117 118 119 127 131 134 136 143 
144 146 157 159 166 171 172 173 177 178 182 184 
185 190 193 194 195 198 199 200 204 210 211 212 
213 223 224 240 243 247 254 259 261 262 264 271 
276 277 286 287 288 289 290 296 299 300 301 302 
310 313 324 330 333 334 336 337 340 341 342 348 
350 351 356 358 366 369 370 376 377 378 386 392 
394 395 399 400 401 404 405 408 413 414 415 420 
422 423 428 430 439 440 441 449 453 459 463 464 
468 470 473 476 477 479 486 494 496 500 501 502 
506 508 522 525 528 532 533 537 538 540 543 550 
554 556 557 561 562 563 567 571 573 578 583 585 
590 591 592 596 600 608 611 613 615 617 619 625 
627 628 644 646 651 652 654 661 663 665 668 673 
682 689 692 693 699 700 704 705 709 710 711 712 
717 719 720 722 732 733 737 742 743 744 746 750 
751 759 760 767 768 769 771 777 778 783 784 800 
225
3 4 5 7 11 12 16 18 23 31 33 36 
39 44 50 51 56 58 60 62 68 75 77 78 
79 88 89 91 94 101 105 112 125 136 138 140 
141 146 148 153 157 159 161 175 176 177 179 180 
181 184 185 186 187 195 197 206 207 208 218 227 
230 231 235 237 239 240 246 254 256 261 263 267 
272 273 274 277 278 281 288 292 294 298 301 302 
309 311 313 317 323 327 334 335 337 347 348 351 
352 353 363 366 367 375 377 379 380 385 387 389 
390 401 405 410 412 420 422 425 428 439 441 443 
445 453 458 462 467 468 470 471 473 474 477 478 
480 485 486 488 489 491 492 495 500 503 506 507 
508 526 530 531 538 540 542 545 546 548 552 554 
555 559 560 561 569 576 577 582 583 585 589 590 
597 601 602 604 610 615 616 617 621 624 625 629 
631 635 638 644 650 651 658 659 662 667 673 674 
677 686 687 692 695 704 710 713 718 725 731 736 
738 739 740 745 752 753 754 756 759 760 770 771 
772 776 779 780 786 788 789 793 798 
232
2 3 4 6 9 10 12 15 18 19 22 27 
32 36 38 42 43 44 45 47 56 59 67 69 
72 82 84 86 90 99 104 106 107 122 124 126 
134 136 137 141 144 145 150 154 156 157 159 162 
164 166 169 171 176 178 179 181 182 183 185 187 
188 194 195 196 198 213 215 217 224 227 230 232 
233 235 238 240 241 246 248 250 256 260 262 265 
267 269 270 274 276 278 282 283 289 293 300 302 
304 306 311 315 318 322 323 331 333 335 336 337 
341 352 356 358 368 370 371 375 378 383 387 399 
402 404 412 420 422 427 434 437 442 444 447 450 
452 454 455 459 460 463 464 472 476 478 481 485 
486 487 488 490 496 497 500 502 507 508 509 513 
517 523 524 527 529 530 536 546 554 559 563 568 
569 578 579 591 594 597 601 602 611 612 618 622 
624 628 629 632 633 635 647 656 659 661 665 669 
672 673 683 692 694 695 704 708 709 725 729 730 
732 733 736 737 739 742 748 750 756 759 760 763 
766 772 773 774 776 777 779 784 788 789 790 793 
794 796 798 799 
259
4 5 10 12 14 16 20 28 29 31 35 38 
41 43 49 54 62 63 65 69 70 72 76 78 
81 87 90 91 100 101 104 105 106 108 110 111 
114 115 117 118 123 126 128 131 132 136 137 140 
142 143 144 146 149 150 153 163 164 167 175 176 
181 183 187 189 192 193 198 199 203 204 205 206 
214 216 219 223 231 232 233 239 244 245 249 250 
251 252 253 259 265 272 274 276 279 280 281 290 
292 293 298 302 305 308 309 311 313 315 319 321 
322 331 334 340 342 343 344 345 346 356 360 365 
370 371 382 383 388 391 394 396 397 403 413 415 
418 419 423 424 426 430 431 432 435 438 443 444 
446 448 449 450 451 452 454 455 466 469 471 473 
478 480 485 492 493 501 508 512 514 515 517 524 
525 527 534 537 539 542 543 548 549 552 554 560 
566 568 570 574 577 578 579 591 592 599 601 604 
605 611 612 614 616 617 629 631 632 637 638 645 
646 647 648 658 662 663 666 669 672 676 678 680 
681 686 687 688 692 693 695 698 701 703 706 709 
715 721 726 728 733 734 735 736 738 743 746 747 
748 750 752 759 760 762 769 771 774 776 781 782 
783 786 791 792 793 794 797 
246
3 4 5 11 13 16 17 20 21 31 36 38 
41 44 60 61 62 69 74 75 77 79 80 83 
92 93 96 102 107 108 109 111 112 113 114 115 
117 119 120 123 124 126 134 136 142 143 144 147 
149 151 156 161 171 173 175 179 180 185 188 192 
194 195 201 202 210 213 217 222 226 230 233 238 
243 247 251 261 268 272 277 278 282 285 286 291 
297 300 301 304 307 315 318 322 323 326 331 332 
335 337 338 340 344 345 349 352 353 354 355 360 
363 365 367 368 372 376 387 389 393 397 400 402 
403 409 411 412 413 414 416 417 432 433 434 438 
439 442 446 449 452 460 461 463 465 466 473 475 
479 483 484 486 492 493 494 501 503 505 510 513 
524 529 538 539 544 546 548 551 557 560 562 563 
564 571 573 578 579 580 581 590 591 592 595 600 
603 604 606 607 609 611 612 617 621 622 625 627 
629 640 641 659 662 669 673 674 676 680 681 685 
690 695 697 707 708 712 715 716 717 718 721 724 
729 730 735 736 738 741 743 745 747 751 752 759 
762 765 768 770 772 774 776 777 778 784 785 789 
790 791 792 794 795 796 
265
1 2 3 4 5 6 10 13 14 15 17 19 
24 25 30 32 37 42 43 44 45 47 51 53 
59 60 63 69 71 75 79 80 82 84 86 90 
102 105 109 112 116 120 124 125 129 130 132 134 
138 142 143 145 146 152 153 157 166 174 178 182 
183 187 188 193 197 204 206 207 208 210 212 213 
214 216 220 224 227 228 233 235 247 254 255 261 
267 268 271 277 279 280 283 293 296 298 301 305 
309 310 313 315 316 321 326 327 328 330 335 337 
338 340 341 343 358 366 370 372 375 377 379 381 
383 385 386 393 394 395 396 407 408 410 412 417 
418 421 425 430 431 433 435 438 441 445 446 447 
452 455 456 464 465 466 468 471 472 477 478 479 
483 485 489 494 495 498 501 503 507 508 513 516 
518 519 521 524 525 529 532 533 538 540 541 542 
543 546 550 553 554 555 559 562 564 565 570 572 
576 580 581 588 589 592 599 600 603 607 612 613 
614 615 616 617 621 625 627 628 631 632 636 642 
650 655 657 659 661 664 667 672 688 689 694 695 
696 697 699 702 705 709 711 715 716 718 722 723 
725 726 728 730 731 735 736 737 738 742 747 750 
756 757 759 763 771 772 779 781 782 784 785 790 
797 
231
8 10 13 15 17 19 22 24 29 34 43 47 
48 50 52 54 67 69 70 71 73 74 75 84 
89 96 103 104 111 113 114 121 126 127 138 141 
143 152 153 154 159 161 162 164 169 170 176 178 
179 182 186 190 194 200 210 215 218 219 220 221 
222 223 225 227 230 235 237 241 245 250 251 255 
256 258 260 266 268 275 281 282 285 288 293 295 
301 302 303 304 308 309 315 316 318 319 320 321 
325 327 331 333 335 337 340 343 345 348 349 352 
360 367 368 377 382 383 389 392 394 396 397 399 
401 404 409 413 421 427 428 430 442 444 448 452 
456 457 458 459 460 464 469 473 477 491 496 498 
500 502 505 516 518 523 525 527 528 533 541 544 
546 547 553 554 557 559 561 562 566 567 571 580 
581 591 596 603 604 607 608 609 613 614 615 619 
620 622 624 625 627 629 633 638 641 646 663 668 
670 671 674 677 678 679 684 687 688 693 704 711 
713 714 720 721 723 726 727 732 735 737 739 742 
746 751 759 761 764 765 768 774 775 783 787 788 
789 792 799 
242
1 2 3 6 8 10 11 15 19 24 29 30 
32 38 40 41 43 53 57 62 70 71 72 78 
79 80 84 88 92 95 102 103 104 105 108 110 
114 116 120 129 132 133 135 137 140 143 154 155 
159 160 166 170 171 175 180 189 193 197 205 212 
213 220 221 224 225 228 230 236 237 240 245 248 
249 250 252 255 258 265 273 276 279 281 282 283 
284 286 289 292 295 296 305 308 313 314 317 323 
329 330 332 334 341 345 347 357 365 366 368 371 
372 375 379 380 382 384 385 387 391 398 402 405 
408 409 411 413 416 421 424 426 442 443 445 446 
448 449 452 454 456 459 460 465 476 479 483 484 
486 487 496 501 506 507 509 511 512 517 519 520 
522 525 530 533 536 543 546 548 556 563 566 568 
569 573 576 577 578 580 583 586 588 589 590 592 
601 614 617 620 622 626 634 635 637 638 641 643 
644 648 652 659 660 662 664 670 674 678 679 682 
683 690 692 694 695 697 706 713 715 717 719 724 
725 726 728 731 735 736 737 739 743 748 749 752 
757 761 762 763 766 767 769 772 775 780 787 793 
797 799 
253
2 3 7 10 20 23 27 30 37 43 47 48 
57 58 59 66 67 68 69 70 79 82 84 88 
90 91 93 94 95 98 101 105 109 117 123 124 
127 130 132 135 137 139 140 145 148 149 161 170 
177 179 186 190 191 192 196 200 201 202 209 210 
212 213 215 224 225 226 231 235 244 245 246 256 
262 267 274 277 278 283 288 289 290 292 294 295 
296 300 305 307 309 313 317 318 319 320 322 325 
327 330 331 332 338 339 340 342 345 349 350 353 
356 357 361 366 367 368 370 378 382 385 386 388 
390 402 410 411 412 413 416 420 421 424 425 426 
427 431 432 434 435 442 444 446 450 451 452 453 
454 456 461 465 468 470 474 481 482 486 488 493 
494 495 497 503 505 506 511 513 518 520 528 536 
537 542 544 545 546 547 550 555 562 565 568 569 
573 575 577 578 580 581 587 590 591 593 595 596 
604 605 606 608 613 615 622 627 629 630 631 632 
636 638 639 640 641 642 643 644 650 659 667 668 
673 674 676 677 678 680 683 684 687 691 698 699 
700 711 712 724 728 737 750 753 757 758 760 763 
766 768 770 780 782 786 787 789 790 792 793 799 
800 
250
3 4 10 11 14 16 19 21 25 26 28 29 
30 31 33 37 38 40 43 45 51 52 53 59 
61 62 64 66 69 72 73 74 76 78 82 85 
88 96 97 98 101 105 107 110 113 122 125 127 
132 134 136 140 149 157 159 162 166 167 169 170 
174 180 183 185 191 192 195 204 205 211 212 214 
217 223 226 227 229 232 233 239 240 241 242 243 
247 249 251 258 262 263 265 266 270 272 274 275 
278 281 282 286 293 297 302 305 307 324 326 333 
334 336 339 340 341 347 348 349 358 359 362 363 
369 371 378 379 380 384 385 387 390 391 396 398 
401 404 407 408 410 417 421 425 432 434 435 437 
446 449 451 453 456 460 469 470 474 476 478 480 
485 487 489 491 494 501 502 503 504 505 509 510 
511 516 517 519 521 523 527 531 535 536 537 539 
540 543 556 558 561 562 567 568 570 571 581 583 
584 586 594 600 601 602 603 607 610 611 612 616 
618 622 627 628 631 634 635 639 647 654 658 665 
668 679 680 691 692 693 694 699 704 705 706 718 
719 731 734 736 737 739 741 743 752 756 758 764 
765 767 769 775 786 792 793 795 796 800 
225
3 8 18 19 20 21 25 28 30 31 37 41 
43 50 52 55 56 66 71 77 78 80 81 82 
85 88 97 99 100 103 109 119 122 125 133 134 
135 136 139 145 147 151 152 155 157 159 163 164 
165 170 175 179 186 196 197 198 204 205 206 207 
213 215 216 218 221 225 231 234 241 242 249 250 
252 253 257 276 287 292 294 301 306 315 326 327 
330 332 335 338 343 353 354 355 357 358 361 365 
368 372 375 376 377 383 385 393 394 395 397 402 
403 404 411 412 414 415 419 421 422 424 430 432 
434 435 436 440 442 449 454 455 457 459 461 464 
466 467 474 476 478 479 480 483 485 487 496 500 
503 505 506 515 516 520 523 526 529 531 536 537 
541 544 551 554 556 560 577 580 585 587 589 592 
595 601 604 608 613 618 619 620 621 622 628 629 
630 631 632 638 642 646 651 652 657 658 660 661 
667 675 676 677 679 681 684 685 686 687 698 702 
703 711 712 722 733 740 752 757 758 761 764 767 
772 773 776 779 780 784 790 793 794 
251
1 5 8 9 17 27 29 33 36 39 45 47 
49 52 53 54 56 57 60 61 64 80 81 85 
87 88 93 100 102 108 109 116 117 118 120 124 
126 129 131 136 140 141 142 145 147 150 151 165 
175 179 182 185 186 192 193 201 209 211 212 213 
216 217 224 225 226 227 229 230 238 240 242 246 
248 251 253 257 262 264 266 277 280 281 284 291 
292 294 300 303 308 309 311 314 315 316 323 326 
327 332 333 334 335 342 343 345 348 350 351 352 
355 363 367 368 371 372 376 377 380 381 384 386 
388 391 397 399 401 409 412 416 421 422 425 432 
433 436 439 442 443 447 448 449 451 454 456 462 
470 471 474 475 477 479 481 482 484 493 495 502 
503 505 508 511 512 516 517 527 530 532 537 539 
540 548 551 552 556 561 563 566 568 572 577 579 
588 589 591 592 595 598 606 610 615 617 621 623 
624 627 630 637 641 642 643 644 649 651 655 657 
658 659 662 664 667 670 671 676 678 681 682 691 
692 693 697 698 700 707 709 715 720 723 728 734 
737 741 748 753 756 761 762 766 776 777 778 780 
781 785 786 789 790 791 793 794 795 798 799 
230
1 3 6 10 11 16 21 23 24 26 29 30 
36 38 39 40 41 51 52 54 57 58 61 63 
65 68 75 80 82 83 84 85 88 90 97 105 
108 110 113 116 118 122 126 128 133 134 135 136 
140 141 142 143 146 147 148 149 151 152 155 159 
160 162 163 165 167 172 173 176 178 184 185 191 
192 195 196 199 200 208 214 215 223 224 229 232 
233 234 235 244 251 254 256 259 271 272 282 286 
287 313 315 316 329 334 339 341 344 345 346 356 
359 360 366 368 370 379 381 382 383 386 387 390 
393 398 419 423 426 431 434 441 442 446 450 461 
471 473 474 476 488 489 493 494 499 504 505 506 
508 516 520 524 535 539 542 544 548 551 552 553 
555 556 562 566 567 571 574 576 578 581 584 590 
595 596 598 600 602 607 613 616 617 619 623 625 
627 629 642 643 647 651 652 653 654 655 658 661 
664 666 668 669 671 673 674 679 683 689 694 697 
703 704 705 710 711 713 718 721 727 732 734 738 
739 742 745 746 749 754 755 757 760 761 770 794 
797 799 
247
6 8 11 15 22 24 27 30 35 37 40 45 
46 50 51 57 72 73 75 76 77 82 84 86 
88 92 94 95 96 100 105 106 108 109 110 111 
115 117 120 124 126 127 137 141 142 146 147 149 
150 163 165 166 167 173 175 179 182 183 185 192 
195 197 199 202 205 207 208 210 213 214 222 223 
228 229 232 240 244 245 247 249 257 258 260 261 
262 271 272 273 291 292 293 295 298 300 302 307 
308 315 321 323 324 333 334 336 337 344 345 349 
350 358 359 364 366 368 370 372 378 381 385 386 
388 389 393 394 396 397 401 407 408 410 414 416 
418 422 423 425 426 430 431 436 437 441 446 452 
461 467 470 472 473 474 475 484 489 491 493 495 
500 501 502 505 506 507 514 517 519 521 522 526 
532 539 540 541 546 549 554 557 558 563 565 566 
570 575 576 586 596 597 600 601 603 604 607 611 
616 617 619 627 631 632 646 647 649 653 654 655 
661 664 673 680 681 691 692 694 695 696 697 705 
708 711 712 714 719 720 721 722 728 729 731 733 
734 738 744 745 750 751 759 762 770 772 773 777 
778 780 782 788 789 794 797 
218
4 5 6 8 20 24 26 31 36 41 44 48 
52 57 59 66 67 72 73 77 78 85 88 91 
92 93 97 101 105 108 110 112 113 117 120 127 
130 133 134 135 144 149 155 157 158 160 162 174 
178 181 187 189 192 196 202 203 205 206 208 210 
214 219 229 230 232 234 238 240 241 244 245 254 
257 274 278 279 280 287 291 292 294 296 305 308 
327 328 331 336 339 341 342 347 350 353 354 358 
360 362 363 366 373 376 379 383 384 387 390 397 
405 406 416 419 421 426 427 437 438 446 449 456 
458 461 462 463 464 466 467 469 470 471 476 478 
480 482 489 491 492 494 498 503 505 512 515 519 
521 524 525 531 532 535 536 537 541 544 555 556 
565 566 573 575 580 585 586 588 589 591 597 607 
609 611 612 615 620 623 626 628 629 632 633 635 
640 644 650 662 663 673 676 677 686 700 704 707 
709 710 713 714 719 725 728 730 732 741 745 746 
747 751 753 755 759 767 770 772 780 788 789 794 
796 799 
236
6 15 20 25 28 30 31 32 35 36 38 43 
47 48 50 61 62 65 67 68 72 73 74 75 
80 83 88 89 92 93 98 103 104 108 110 111 
112 115 119 122 126 129 130 133 139 140 142 156 
157 159 162 163 169 171 178 180 183 188 195 201 
203 204 205 210 215 221 223 226 228 229 239 240 
241 244 249 253 255 273 277 278 282 284 285 286 
290 292 293 294 295 308 310 311 315 316 318 327 
333 336 338 340 348 360 366 367 368 369 370 373 
374 386 387 388 392 393 398 400 405 406 409 410 
413 416 423 425 438 442 446 455 456 457 458 465 
470 473 476 478 481 487 496 502 503 507 508 509 
512 516 517 519 520 532 534 537 545 550 551 553 
556 562 567 570 574 575 581 584 588 596 600 602 
603 604 607 608 610 611 613 619 624 625 626 627 
629 641 644 646 648 658 659 660 666 667 668 669 
675 677 679 688 690 694 697 698 699 706 708 710 
715 718 723 725 729 730 737 739 744 745 747 753 
754 755 757 765 767 769 770 774 776 777 781 782 
785 787 790 791 792 795 797 799 
210
9 15 18 23 27 28 30 41 44 52 56 59 
61 63 64 72 74 78 79 80 81 84 86 97 
100 105 109 111 112 115 116 120 122 126 129 130 
131 132 133 135 139 140 142 149 153 174 179 181 
182 187 191 197 198 199 202 210 213 214 219 221 
227 236 243 246 251 252 253 262 271 272 273 274 
277 278 279 288 290 291 293 295 296 298 299 301 
305 312 313 317 320 322 325 330 334 341 342 344 
346 354 357 358 360 365 371 373 387 393 396 402 
412 414 415 422 433 436 437 445 452 454 455 456 
457 459 460 468 469 471 485 491 492 497 502 503 
511 515 517 518 522 524 529 531 532 549 556 560 
561 565 569 576 583 596 605 609 610 612 613 619 
624 626 627 633 639 647 655 659 662 663 664 668 
670 672 678 681 691 696 700 702 703 707 711 712 
713 714 715 716 717 718 719 720 723 731 735 739 
746 748 756 759 763 766 769 770 773 779 780 786 
790 793 795 796 798 800 
234
4 7 9 10 12 13 18 25 31 38 40 50 
58 61 63 64 65 67 69 70 71 73 75 79 
81 86 92 95 97 101 109 111 113 115 118 123 
124 126 130 133 138 140 141 142 144 145 147 150 
151 153 157 160 167 171 178 182 186 188 190 191 
194 202 204 206 209 212 216 221 222 229 234 238 
243 244 248 253 271 277 280 281 288 290 292 293 
294 299 306 310 312 315 325 327 331 334 339 342 
343 344 347 349 351 352 353 356 357 359 364 366 
369 371 372 373 375 376 377 379 385 386 388 390 
393 400 404 409 413 416 420 424 426 429 432 449 
450 452 453 455 457 459 461 462 463 468 471 478 
484 485 486 488 494 501 502 504 507 510 515 519 
529 530 533 536 537 538 542 545 551 553 556 557 
558 560 568 572 575 578 583 584 597 598 599 600 
602 612 621 623 625 628 642 644 645 647 649 651 
653 663 664 665 672 677 683 689 691 693 694 695 
699 704 705 706 707 708 709 710 715 716 719 728 
730 734 743 748 756 758 760 761 766 767 769 770 
771 776 778 787 795 798 
234
1 6 8 9 13 16 19 24 27 28 29 31 
32 39 45 50 51 52 53 60 62 64 67 71 
72 73 74 79 81 84 87 94 95 98 100 102 
103 104 105 107 115 117 118 120 124 127 128 131 
138 139 147 150 151 152 156 158 161 163 166 172 
175 178 179 189 190 191 193 200 203 223 230 232 
237 243 247 248 251 252 253 254 259 260 263 264 
265 267 269 271 284 285 286 287 294 298 302 306 
311 318 319 323 324 326 332 334 338 340 346 351 
353 356 357 362 363 366 376 379 380 385 388 390 
396 405 411 418 422 428 431 436 437 442 444 446 
448 450 457 459 463 464 465 481 484 485 494 495 
496 498 499 500 502 507 512 520 521 522 525 526 
527 529 531 533 534 535 537 540 541 548 552 558 
560 562 567 570 575 578 580 583 592 600 605 609 
614 615 618 619 632 636 645 646 650 652 655 656 
660 665 673 677 681 683 684 699 701 712 713 714 
715 717 719 723 724 726 732 736 739 747 750 755 
759 761 762 763 764 767 773 775 776 777 778 779 
782 786 787 790 791 800 
244
1 7 9 10 11 13 19 22 28 29 37 41 
46 49 51 53 58 59 65 68 72 80 81 82 
83 85 87 90 92 99 103 108 112 120 123 126 
127 131 134 136 138 146 154 161 163 167 168 170 
179 181 189 190 192 193 201 220 222 230 236 241 
245 248 249 253 256 259 265 266 267 268 277 278 
285 291 297 298 300 304 306 311 313 320 321 322 
325 328 330 334 336 342 344 350 355 357 358 361 
369 375 377 378 379 383 389 390 392 399 400 406 
407 408 418 419 420 425 426 427 431 437 441 442 
443 445 446 448 449 451 452 460 462 463 467 470 
472 477 478 484 487 489 490 491 492 497 502 504 
505 508 511 513 516 518 519 520 521 524 529 533 
536 538 541 542 544 545 546 548 550 551 552 555 
562 566 576 577 578 580 581 582 583 587 588 589 
591 597 603 604 606 608 610 613 618 619 621 622 
631 632 639 643 644 647 652 655 657 660 662 665 
666 668 671 690 691 692 693 703 706 710 711 712 
713 717 722 723 726 727 731 733 740 741 751 759 
760 763 764 766 767 769 773 781 783 786 787 788 
789 792 794 797 
256
6 7 8 10 11 19 23 34 39 44 47 48 
50 52 57 62 81 85 87 88 95 97 98 99 
100 103 104 106 109 110 114 117 119 120 121 122 
131 132 133 135 144 145 146 147 151 152 153 159 
165 168 170 172 174 175 177 179 180 181 183 188 
193 194 195 199 200 202 209 211 214 215 218 219 
220 221 225 228 229 234 237 239 240 243 244 246 
248 256 265 266 267 270 272 278 280 281 283 284 
294 305 306 312 320 322 330 332 333 336 340 341 
343 350 354 355 357 359 361 362 365 367 371 372 
377 378 379 380 383 387 390 403 404 406 407 413 
416 423 425 427 428 436 439 445 446 447 448 450 
457 458 460 461 466 468 470 474 478 481 490 491 
497 498 500 504 505 509 511 512 513 514 526 527 
529 537 539 540 542 551 556 557 558 559 564 565 
569 574 575 578 582 586 588 591 594 595 596 604 
606 612 617 620 622 623 624 625 630 632 634 637 
639 642 645 646 648 649 652 655 658 661 662 668 
672 674 679 680 684 689 690 691 694 695 698 701 
708 710 711 712 713 716 721 726 727 728 732 733 
734 737 742 747 750 751 763 765 766 768 772 775 
777 788 797 800 
248
1 9 12 17 20 21 25 29 33 34 35 37 
38 42 44 48 51 53 54 56 58 60 63 64 
65 68 69 71 82 84 96 97 102 105 106 107 
108 112 115 116 119 120 121 123 124 128 131 135 
137 140 146 147 153 154 161 164 166 167 170 178 
181 183 185 186 189 196 202 205 206 211 212 215 
221 223 226 228 232 233 240 243 245 246 249 251 
257 260 269 272 276 279 288 289 290 291 293 297 
303 310 311 316 317 318 320 322 324 325 328 332 
334 335 338 340 341 343 347 350 354 359 361 362 
363 367 369 376 378 381 382 384 386 391 397 406 
412 416 420 431 433 436 440 442 449 451 452 454 
455 459 461 462 466 472 474 476 478 486 488 492 
494 506 508 509 519 520 521 525 532 533 536 537 
538 539 540 541 557 558 560 561 562 565 567 568 
570 575 577 578 579 580 581 582 583 584 590 601 
604 606 609 614 615 616 620 621 625 634 635 636 
637 638 640 644 646 649 651 653 656 657 660 661 
668 669 671 676 678 679 680 691 693 695 696 701 
706 715 716 718 720 721 727 733 739 740 742 745 
748 753 755 757 769 775 777 784 
234
3 5 6 8 12 14 15 18 20 22 23 25 
26 29 30 42 43 47 52 53 56 57 60 63 
69 72 73 74 75 78 83 86 89 95 100 103 
112 113 118 120 122 124 135 136 140 143 146 151 
153 159 167 168 171 172 173 175 176 181 185 192 
200 201 202 203 205 207 209 211 219 221 223 227 
229 232 234 237 241 245 248 249 253 257 258 262 
263 266 267 273 274 275 276 280 286 291 293 295 
297 304 309 310 312 315 317 324 326 327 334 348 
349 353 355 356 359 360 370 374 380 381 383 390 
393 395 398 399 401 403 405 407 414 417 424 425 
427 429 434 435 436 446 449 456 458 461 465 466 
471 478 481 482 485 487 493 496 503 508 510 511 
515 518 520 523 529 530 531 535 536 543 551 555 
557 559 562 565 567 568 570 576 577 596 597 598 
601 604 606 610 611 613 617 629 642 646 647 652 
654 660 662 668 673 675 676 677 683 691 700 701 
704 707 709 714 715 723 724 725 731 734 742 746 
747 748 749 751 756 766 770 774 779 782 784 788 
790 791 794 797 798 800 
229
1 4 9 13 14 17 23 24 28 31 32 33 
43 46 47 55 56 57 59 60 62 65 72 73 
76 77 83 89 93 98 99 103 107 113 119 125 
127 128 131 132 136 141 149 151 153 156 160 163 
171 172 174 177 180 181 183 186 193 201 203 204 
205 207 216 219 223 226 228 234 240 244 257 258 
260 261 265 270 271 272 277 278 283 288 290 292 
302 303 304 310 311 318 319 320 321 331 332 338 
347 349 366 367 373 376 379 382 385 389 390 393 
401 405 406 407 409 411 412 418 419 420 425 427 
428 433 438 440 442 449 455 456 457 458 460 461 
464 466 467 468 469 472 478 483 486 487 490 491 
492 494 496 499 506 508 509 512 513 516 517 518 
529 532 536 539 550 552 554 560 565 567 569 570 
571 572 573 575 577 578 584 588 596 597 602 612 
613 614 622 624 625 631 636 642 647 656 668 675 
679 682 684 685 686 689 690 693 695 697 700 703 
704 705 716 717 721 725 730 735 742 744 748 752 
758 763 770 776 779 780 783 784 785 786 787 795 
799 
239
1 12 13 14 15 20 27 28 29 31 40 45 
48 49 51 60 62 72 77 79 83 84 86 90 
92 94 98 101 110 115 116 119 123 124 127 132 
135 139 142 144 146 154 158 159 163 166 174 180 
182 184 185 187 196 200 201 205 208 216 217 219 
228 229 235 236 239 245 247 249 250 257 260 261 
263 266 271 273 277 280 285 286 287 302 304 305 
312 313 315 324 330 333 334 335 336 338 341 342 
345 349 351 353 355 356 357 358 360 362 366 367 
374 379 382 384 393 395 397 401 405 408 409 410 
412 415 416 417 421 428 430 434 435 436 437 439 
448 451 459 460 462 463 469 470 471 473 478 483 
485 488 492 493 495 497 498 501 506 508 510 512 
519 522 524 526 529 538 541 554 557 559 566 568 
572 575 578 583 587 590 592 594 598 600 601 605 
606 607 624 625 628 638 639 642 648 649 651 652 
655 660 664 665 666 667 671 675 677 681 686 688 
690 692 694 695 696 697 701 704 709 713 715 717 
722 725 726 731 733 739 741 744 746 753 754 759 
761 763 764 765 772 781 784 786 788 794 796 
261
3 5 11 12 16 18 21 30 33 55 61 62 
63 67 68 73 75 86 92 95 101 104 107 110 
112 113 116 117 132 133 134 136 137 143 148 149 
155 159 160 161 164 165 169 171 172 173 178 182 
185 187 190 195 197 198 199 201 207 210 213 217 
218 230 231 236 238 242 246 248 252 256 257 258 
263 264 270 271 272 273 279 280 281 286 287 288 
290 293 294 298 299 304 306 309 310 311 312 313 
315 324 327 329 333 338 344 348 349 353 360 362 
364 365 367 368 369 370 372 377 378 379 384 386 
387 389 391 397 402 403 406 409 410 415 416 422 
424 426 429 430 434 435 436 437 439 441 444 446 
449 451 452 454 455 456 459 460 461 465 468 469 
474 482 485 494 495 498 502 510 511 514 518 519 
522 527 529 531 534 539 540 543 546 547 552 558 
560 562 565 566 569 571 573 574 580 581 582 584 
587 590 592 595 602 603 608 610 613 619 621 622 
623 632 634 638 639 643 645 651 653 657 659 660 
665 669 670 674 680 681 684 685 688 689 690 702 
703 705 708 713 722 724 726 728 734 737 738 741 
744 745 747 750 751 754 756 759 763 773 775 777 
778 780 782 783 784 788 793 796 800 
238
3 5 6 7 12 18 21 25 27 29 42 53 
56 63 64 77 78 86 97 98 101 104 105 109 
112 113 115 121 124 126 130 131 133 134 138 139 
143 148 154 158 166 171 174 175 176 184 188 193 
194 197 199 203 204 206 210 214 215 216 221 241 
245 248 250 252 253 254 259 260 263 268 269 270 
272 274 275 277 279 280 284 291 295 303 304 308 
311 313 314 322 325 328 329 330 333 339 343 344 
354 357 358 360 368 369 376 380 382 383 386 387 
392 393 394 396 400 408 409 412 415 419 422 423 
425 433 436 438 443 450 454 462 467 476 479 480 
482 485 486 489 491 493 497 501 502 504 509 515 
516 517 520 525 529 531 532 535 538 542 544 546 
550 551 555 559 566 574 576 577 578 585 588 591 
594 597 598 602 608 615 616 617 619 620 621 624 
625 626 628 629 630 638 640 641 647 648 649 653 
655 658 659 661 664 668 672 673 674 675 681 686 
690 695 702 704 706 707 708 711 712 716 719 722 
723 728 730 736 737 738 742 743 746 748 756 758 
764 765 775 778 779 783 788 791 792 798 
240
1 2 3 5 7 11 12 14 20 29 30 31 
32 33 37 41 43 44 48 51 53 60 62 71 
73 74 75 76 77 79 84 89 94 96 100 111 
112 113 115 121 123 127 128 130 131 138 141 142 
144 145 146 153 162 166 167 168 173 176 178 182 
187 190 198 201 202 203 205 208 209 214 216 219 
220 221 229 237 239 253 254 257 259 263 264 265 
266 269 273 276 279 286 287 288 295 298 302 303 
305 313 318 325 326 327 333 336 337 342 350 351 
355 358 360 361 364 372 373 374 394 399 400 403 
404 413 416 431 433 435 436 440 444 446 448 449 
450 462 463 464 470 471 474 476 479 480 481 483 
485 495 496 497 499 505 513 518 519 520 521 524 
537 538 543 544 545 546 548 549 555 556 557 561 
571 574 575 576 577 584 591 594 602 607 611 615 
616 620 621 623 624 625 626 627 630 633 636 637 
638 639 646 647 648 657 665 667 668 672 680 682 
683 684 693 694 695 698 704 708 710 713 714 715 
716 717 719 730 733 740 741 750 756 762 763 764 
765 772 773 774 776 778 780 782 784 789 790 796 
264
2 4 6 7 9 12 16 18 25 26 28 36 
37 38 39 42 45 46 51 52 55 56 59 61 
67 69 70 71 80 82 83 86 89 90 93 96 
97 99 104 105 106 107 109 110 112 113 115 117 
118 119 120 127 133 136 138 149 154 156 163 168 
169 170 172 179 183 185 189 192 194 196 197 200 
201 202 204 205 206 208 210 212 216 217 220 222 
232 233 240 242 244 246 248 249 253 256 262 265 
266 267 271 279 281 283 284 285 286 288 291 294 
298 302 308 309 311 312 314 316 320 328 332 333 
336 338 339 341 343 347 348 350 363 366 371 372 
374 375 376 377 380 383 389 399 402 411 426 428 
432 436 439 443 444 450 452 455 456 457 466 469 
471 479 482 483 486 489 500 502 504 506 512 514 
520 526 529 530 531 534 536 537 542 546 548 552 
557 559 563 566 567 568 569 570 571 574 576 579 
580 586 588 590 599 600 603 606 609 610 611 612 
616 618 619 624 627 630 632 636 637 641 643 644 
652 654 657 660 663 668 673 683 687 688 691 692 
697 698 699 701 703 706 709 713 714 719 724 730 
732 734 739 741 742 753 754 758 759 760 762 763 
764 767 775 780 781 783 784 785 786 788 791 798 
243
6 9 11 16 22 25 27 28 29 33 35 38 
46 47 48 55 59 65 67 68 71 74 83 84 
87 89 96 98 100 103 109 110 112 117 118 119 
122 124 125 126 127 132 134 135 137 144 146 148 
155 156 160 162 169 171 177 184 185 186 191 198 
199 201 205 208 213 214 216 220 221 222 225 228 
229 230 238 241 243 247 248 250 252 253 256 263 
266 268 269 272 275 280 284 291 295 296 297 301 
302 304 305 312 319 321 323 326 327 328 330 335 
339 340 345 346 351 356 358 363 373 374 376 378 
379 383 386 387 389 391 392 401 407 408 409 416 
418 419 420 421 427 428 431 435 437 444 452 453 
461 462 471 472 475 485 490 491 496 499 504 509 
512 514 518 521 524 525 536 538 539 543 550 557 
561 563 564 567 568 569 576 580 581 587 589 593 
596 600 608 609 610 612 613 614 616 617 622 630 
631 632 634 638 639 643 653 657 658 666 667 668 
669 670 676 678 685 691 692 694 695 710 712 713 
715 720 724 726 729 736 739 740 741 743 744 745 
746 748 749 750 753 757 760 768 777 778 781 782 
785 786 790 
237
2 7 11 13 17 21 23 24 27 37 40 42 
45 48 51 55 60 68 69 75 81 82 84 87 
88 95 99 107 117 118 120 123 128 136 140 147 
149 150 152 154 155 156 165 171 177 178 179 185 
190 193 198 200 201 202 205 209 211 213 215 219 
222 224 225 227 228 231 240 243 244 249 250 258 
262 264 268 271 272 273 274 279 284 288 303 306 
307 313 316 318 322 333 335 336 337 338 341 343 
344 346 347 348 349 351 353 354 356 358 360 367 
372 373 380 383 384 387 393 394 395 396 397 399 
403 404 407 411 412 413 416 417 424 426 429 439 
448 453 458 460 464 465 474 475 481 485 489 490 
495 497 498 500 501 511 520 528 534 538 539 543 
547 552 553 559 564 566 568 570 575 577 578 580 
582 585 590 592 594 596 598 602 606 619 621 624 
625 628 633 636 637 639 640 643 644 650 652 661 
662 666 669 670 672 674 676 679 684 687 688 689 
692 693 696 699 709 711 712 716 717 723 724 726 
729 737 738 739 743 749 750 753 759 762 764 765 
769 771 777 778 788 789 790 796 797 
233
2 7 8 9 11 16 20 22 23 27 38 46 
50 52 55 57 61 67 68 71 74 82 96 97 
98 99 110 112 113 115 128 129 132 135 146 154 
155 159 162 165 166 167 168 170 172 173 176 183 
185 192 199 201 203 204 206 207 219 223 232 242 
243 248 250 254 259 260 269 272 276 280 282 287 
288 294 295 301 303 305 308 310 321 322 324 325 
327 334 336 337 346 349 353 355 357 362 363 365 
368 372 373 376 382 383 386 390 391 395 402 407 
409 410 412 416 417 423 424 426 431 434 442 444 
446 450 451 455 456 457 460 461 464 465 470 473 
480 486 487 488 489 490 493 497 498 501 505 506 
507 510 517 518 520 522 527 530 531 534 535 536 
537 542 545 548 551 556 558 561 563 566 570 571 
574 575 576 592 594 599 601 602 605 618 622 624 
625 633 634 639 641 644 652 654 655 656 659 661 
663 664 668 672 674 675 677 678 686 695 698 699 
704 706 708 714 715 717 718 726 727 728 729 730 
733 735 740 743 749 761 762 769 771 773 774 777 
780 786 792 795 796 
228
1 12 13 15 17 18 23 24 31 32 33 37 
43 49 52 53 54 55 59 64 69 75 76 77 
82 84 92 101 110 114 115 116 128 129 130 132 
133 136 139 142 143 145 158 159 160 161 162 172 
173 175 177 179 185 186 195 197 198 202 203 208 
209 210 214 220 221 224 235 238 240 241 242 243 
244 245 247 250 259 262 264 268 271 277 278 281 
291 292 299 303 310 320 326 327 335 337 339 341 
342 351 352 354 357 363 366 369 375 380 385 395 
399 402 405 406 412 418 419 429 433 434 444 445 
449 451 454 457 465 466 469 472 473 477 478 481 
483 487 488 497 498 501 502 505 511 512 514 522 
523 528 531 533 535 537 541 543 547 550 556 558 
566 568 569 570 573 574 577 578 583 584 586 588 
593 594 597 603 604 605 606 609 614 616 623 626 
629 633 637 645 648 651 653 659 661 665 666 667 
672 673 675 676 678 679 687 693 694 712 714 715 
717 720 726 728 733 740 750 753 756 757 759 766 
769 771 773 774 777 778 782 784 793 795 796 800 
229
2 3 8 12 14 18 20 21 24 28 34 37 
41 46 50 51 53 59 60 64 67 68 72 77 
80 82 86 92 93 94 97 98 105 109 111 114 
117 119 120 121 122 124 127 132 140 143 148 150 
151 154 155 158 160 168 169 173 177 184 189 190 
192 195 196 207 210 214 215 217 228 230 231 233 
237 239 241 242 245 246 249 250 258 267 269 271 
272 273 280 285 286 287 290 291 294 297 299 302 
305 306 308 313 321 325 328 331 338 339 352 361 
371 372 373 377 379 383 389 390 405 406 407 408 
411 412 414 415 417 420 428 435 437 440 441 444 
448 449 450 456 465 467 469 479 482 483 484 485 
488 491 493 496 499 501 506 508 510 527 529 537 
540 541 543 546 547 551 552 558 559 563 565 566 
568 573 577 583 586 588 594 602 603 604 610 612 
613 616 619 620 622 623 625 629 630 632 639 644 
655 656 660 662 670 672 676 682 683 685 687 688 
695 696 697 709 712 718 724 726 732 736 743 750 
751 753 763 770 776 779 787 789 791 793 795 796 
797 
248
10 12 15 26 29 35 36 38 42 46 48 50 
59 66 67 71 72 73 81 84 86 98 101 102 
112 114 115 116 118 120 121 122 124 129 130 134 
138 141 144 146 151 152 154 157 158 160 161 164 
165 170 172 183 184 186 189 194 202 209 210 211 
215 219 221 222 224 225 226 232 237 244 251 254 
255 259 260 264 269 270 279 286 298 302 304 308 
309 311 312 317 323 325 327 328 335 342 344 349 
350 351 356 368 370 376 377 379 382 383 384 385 
391 392 397 399 409 410 416 417 420 421 434 438 
440 441 442 444 446 450 451 452 454 455 456 457 
458 460 462 463 464 466 467 471 473 476 482 484 
485 494 496 499 506 508 511 514 517 521 524 527 
530 531 532 533 537 546 551 553 555 556 559 560 
563 565 567 569 574 575 576 578 579 584 585 586 
590 593 595 598 599 600 601 604 607 608 609 610 
615 617 630 633 634 637 643 644 645 657 660 666 
669 675 676 679 683 686 690 691 692 701 706 711 
714 715 717 719 720 724 726 728 730 732 733 741 
744 746 749 751 753 754 757 761 768 769 770 774 
782 785 789 793 796 797 798 799 
237
3 6 7 11 15 17 27 31 33 40 44 49 
58 59 61 67 68 73 74 75 82 83 84 85 
88 92 94 99 101 102 103 108 110 112 114 117 
125 126 128 134 149 156 159 162 163 167 169 171 
176 180 181 182 183 184 187 188 189 193 194 197 
198 205 210 212 222 226 230 232 234 238 239 241 
248 249 250 254 260 271 274 276 283 287 289 290 
295 297 304 311 314 325 328 338 342 346 350 353 
360 361 365 366 367 369 378 381 384 385 389 390 
394 398 405 406 409 414 421 422 431 436 442 443 
444 449 454 465 466 468 469 470 471 472 475 482 
486 491 492 493 494 498 500 501 506 507 508 509 
510 513 519 523 528 529 530 533 534 535 537 538 
540 542 543 550 552 554 558 563 564 565 566 567 
568 570 574 580 585 591 596 601 602 604 605 606 
613 614 624 625 629 631 635 636 637 641 647 650 
652 655 660 663 667 669 672 673 679 681 688 692 
704 706 708 711 712 715 717 719 726 732 734 735 
736 739 745 747 748 753 766 769 774 779 782 785 
787 788 789 790 792 796 797 798 800 
234
3 9 11 14 19 21 22 24 26 27 28 29 
37 38 42 52 56 57 68 72 80 81 82 83 
84 85 92 93 94 95 97 104 107 111 112 119 
128 134 135 137 138 141 142 143 144 151 152 154 
155 157 162 163 168 172 173 177 178 184 187 188 
190 194 195 200 202 203 211 213 214 216 218 225 
226 227 228 233 238 241 246 248 249 257 258 262 
263 264 265 268 272 276 277 281 282 287 294 296 
298 302 308 314 318 323 324 329 330 333 334 336 
340 341 350 356 357 360 365 366 380 382 383 386 
387 389 390 397 407 408 411 421 423 426 427 428 
430 440 441 450 454 465 466 469 473 476 477 479 
480 485 491 500 507 509 511 513 514 520 521 522 
524 528 534 537 540 546 549 550 555 557 562 564 
568 572 577 578 588 589 596 598 599 603 604 605 
608 609 623 627 630 632 635 636 638 639 641 648 
650 653 657 665 667 674 678 679 683 686 687 696 
698 699 702 713 718 722 724 725 727 728 733 736 
737 738 744 747 748 749 756 757 758 761 762 766 
777 788 790 792 793 798 
240
2 3 8 11 13 14 30 34 38 39 40 42 
43 44 50 53 56 62 63 64 65 67 73 79 
81 83 90 93 99 100 101 104 109 112 115 118 
122 123 129 131 132 133 134 135 139 142 143 151 
155 156 157 162 168 170 171 174 178 179 181 186 
189 192 194 198 199 202 211 212 214 219 227 229 
239 245 247 248 249 250 256 259 262 264 265 266 
276 279 285 288 292 296 299 300 302 304 311 317 
322 323 324 326 336 340 344 349 350 352 353 359 
361 370 373 379 380 381 383 385 391 392 393 394 
395 402 403 405 407 409 416 418 424 427 432 434 
437 438 443 454 471 472 475 484 485 487 489 491 
494 499 500 501 502 503 506 507 508 509 511 512 
519 522 526 532 534 535 537 545 547 553 556 559 
565 567 568 572 573 574 576 577 578 580 590 595 
596 599 603 604 608 613 615 617 628 629 633 635 
638 643 646 651 653 655 657 658 663 664 674 676 
689 690 691 693 694 697 700 701 705 711 712 719 
721 722 723 726 728 737 738 739 741 744 746 747 
750 753 756 760 762 772 773 776 777 790 792 797 
258
2 8 13 17 19 26 27 33 46 52 53 58 
61 62 67 71 72 76 83 85 86 87 89 92 
93 94 95 96 101 102 103 105 107 109 113 115 
118 119 120 121 123 124 125 126 127 128 129 130 
133 135 136 138 140 142 147 152 156 157 158 159 
160 164 168 172 175 176 180 181 183 186 189 193 
195 198 200 201 210 213 215 217 220 222 230 233 
234 235 236 238 239 245 248 249 251 252 253 254 
255 256 262 269 270 275 276 281 286 290 291 295 
298 300 303 304 305 312 315 316 317 318 319 320 
323 326 332 334 337 341 345 346 352 353 354 355 
356 357 361 372 374 376 378 379 380 384 391 393 
400 402 404 412 427 428 430 431 432 437 441 445 
447 450 461 465 473 474 476 477 478 479 482 484 
487 489 492 493 497 498 501 502 505 506 507 508 
509 510 512 518 519 526 530 536 537 542 548 551 
557 565 571 574 581 583 587 590 593 594 597 600 
601 603 605 606 611 619 620 622 625 635 639 644 
647 649 650 652 654 660 661 674 678 683 685 686 
690 693 694 695 697 698 703 718 724 725 727 728 
730 733 741 752 755 759 764 766 772 773 778 782 
783 785 786 787 795 798 
248
6 9 12 13 14 15 16 21 24 28 33 36 
39 40 41 44 45 47 55 56 58 59 60 61 
62 64 68 69 70 72 74 78 85 88 95 101 
104 107 120 121 124 128 131 144 146 148 154 156 
158 159 164 166 171 173 174 182 186 191 193 197 
202 203 209 214 215 216 219 223 224 229 230 232 
234 237 238 239 242 250 254 255 256 260 261 265 
266 270 271 272 273 281 283 286 290 291 301 309 
315 317 321 325 329 338 341 342 343 344 350 354 
362 364 366 367 370 371 373 374 377 383 385 386 
387 390 391 400 404 405 407 409 410 413 416 423 
425 426 431 433 437 438 439 440 449 450 451 452 
453 463 466 474 475 478 482 484 485 488 497 498 
504 508 511 516 518 520 526 530 532 533 534 543 
544 547 548 553 557 559 564 568 569 570 572 576 
584 589 591 596 599 601 603 604 606 610 612 615 
618 631 638 640 642 645 658 661 666 670 672 676 
677 679 682 687 692 696 698 699 704 708 712 723 
724 726 733 734 739 742 744 745 749 753 754 756 
758 760 762 763 764 767 768 769 773 774 775 777 
778 780 784 790 791 792 794 798 
254
2 7 8 18 21 27 36 37 39 43 45 46 
51 53 54 60 61 62 64 69 71 72 76 77 
78 85 86 99 101 103 104 106 107 112 116 121 
122 123 124 125 130 138 140 144 149 150 151 158 
162 164 166 170 173 176 181 183 184 187 189 190 
194 205 208 210 212 215 216 219 224 226 227 228 
229 231 232 234 236 240 241 243 246 248 249 251 
258 261 263 273 274 276 278 279 280 282 285 286 
289 294 298 300 303 305 307 311 316 318 319 331 
333 340 343 344 346 351 356 361 363 364 369 372 
374 375 381 386 388 389 391 392 395 399 400 411 
416 419 420 423 424 430 431 434 435 437 445 446 
449 455 457 458 459 467 475 476 484 485 487 495 
497 499 501 503 504 505 515 516 518 519 521 522 
528 530 532 535 539 541 542 550 554 560 567 569 
571 572 575 576 577 580 581 582 583 586 591 593 
606 609 610 613 614 618 628 629 634 636 638 639 
642 644 650 652 654 655 663 666 667 671 672 673 
681 683 684 687 698 700 702 705 706 709 710 711 
712 717 718 720 723 724 725 726 730 733 736 737 
742 743 751 756 757 763 767 770 784 787 789 790 
798 800 
231
10 12 14 18 28 30 31 32 34 43 46 47 
48 51 53 62 64 65 70 73 78 81 82 88 
91 92 93 100 101 116 130 132 134 136 137 144 
145 155 156 160 163 168 170 173 174 176 177 183 
198 199 201 202 207 209 214 218 219 221 223 233 
240 241 242 243 245 249 253 259 262 263 265 272 
274 276 280 282 285 286 287 295 296 302 308 314 
317 321 334 335 339 341 345 346 348 350 352 355 
359 360 362 365 369 370 373 375 378 383 385 392 
398 399 410 412 417 418 419 423 425 428 431 432 
440 441 444 446 447 448 449 452 456 458 461 464 
471 473 475 478 482 484 488 490 492 494 495 497 
498 500 504 505 506 509 510 513 520 523 529 531 
543 548 550 551 554 557 558 560 566 567 571 578 
579 582 584 590 591 597 598 603 612 619 623 624 
626 629 630 631 634 635 644 648 652 666 677 681 
686 690 692 693 699 701 703 704 706 708 709 711 
712 715 721 724 725 726 730 731 733 735 736 739 
741 743 751 755 758 762 767 771 779 782 785 789 
795 798 800 
244
4 7 12 15 17 19 23 24 30 38 43 51 
53 56 59 62 63 65 68 69 73 75 79 80 
84 86 88 91 92 95 98 100 103 104 109 113 
116 117 122 128 132 134 135 136 143 144 152 153 
154 158 161 164 166 168 171 173 174 179 180 181 
183 185 190 195 199 202 203 214 219 220 223 225 
226 233 237 242 244 246 252 264 266 267 277 280 
281 287 293 295 300 303 304 307 313 317 321 326 
329 338 345 346 347 348 351 352 354 355 356 359 
362 366 372 373 375 377 378 389 390 397 402 404 
408 409 417 426 428 429 432 433 438 439 441 442 
443 446 447 448 449 452 459 462 465 471 472 476 
477 478 481 486 491 493 495 497 498 500 509 513 
518 520 521 522 524 527 530 535 537 538 540 541 
542 548 549 552 556 561 569 573 574 581 584 585 
586 587 589 593 600 601 603 611 613 614 616 617 
618 620 622 627 629 631 633 635 637 642 645 646 
648 656 662 668 669 672 678 679 687 688 692 699 
701 707 709 711 716 718 722 723 725 732 736 738 
741 754 755 760 765 768 778 781 783 787 790 792 
793 795 796 797 
251
1 6 10 12 14 16 18 22 24 26 28 30 
39 42 45 48 49 51 59 61 62 63 65 66 
73 74 78 82 85 87 101 103 106 107 109 113 
115 118 121 123 131 132 134 142 144 154 158 160 
165 166 171 177 180 182 185 187 188 191 193 195 
198 201 202 208 209 215 216 222 228 237 240 244 
246 248 251 252 254 256 258 259 260 262 275 276 
277 282 290 293 294 297 301 305 306 308 309 313 
314 315 319 320 322 324 326 330 337 339 348 351 
357 359 362 376 382 389 391 393 400 404 406 416 
420 421 426 431 432 438 441 442 443 446 447 449 
453 457 461 466 467 468 476 481 484 485 488 489 
496 497 498 499 500 506 507 509 511 514 517 524 
525 527 528 530 534 537 541 542 543 546 554 555 
558 559 567 574 575 577 580 581 583 585 591 594 
599 610 611 614 616 619 621 623 624 627 629 632 
633 636 638 639 640 641 645 651 657 660 661 663 
664 668 671 672 673 675 683 688 692 694 695 701 
702 703 705 707 709 712 716 718 719 723 724 727 
729 735 737 738 741 743 744 746 753 755 763 768 
777 782 786 787 789 793 795 796 797 799 800 
245
1 2 7 12 15 16 18 20 21 23 28 37 
40 41 45 47 49 50 54 56 57 59 61 66 
73 79 87 88 90 92 95 96 97 99 101 104 
105 116 124 131 137 139 142 144 147 155 157 160 
164 165 167 177 179 181 183 189 190 191 196 197 
198 200 204 205 207 210 218 220 224 235 242 252 
255 257 259 261 262 263 266 267 268 269 273 275 
277 282 285 287 289 299 300 308 312 314 315 316 
317 320 321 323 324 327 329 330 331 337 340 348 
350 356 360 363 367 368 371 376 379 381 386 388 
395 398 399 400 401 402 403 404 416 421 422 423 
424 425 429 435 438 440 441 447 452 454 456 462 
468 472 473 478 479 480 481 482 487 488 491 493 
497 498 499 501 508 512 517 518 519 521 526 527 
529 531 534 537 540 547 548 550 554 555 556 557 
561 565 567 569 572 574 580 582 587 589 590 594 
600 603 609 610 611 616 619 621 626 627 629 632 
633 636 637 639 640 648 651 656 659 660 661 667 
673 675 677 679 696 700 710 711 713 720 722 728 
731 741 742 751 752 753 756 763 764 771 772 776 
783 785 786 787 791 
250
17 19 20 27 30 31 32 33 36 41 44 46 
49 50 52 61 65 66 68 75 77 78 82 84 
87 92 95 97 101 102 103 104 107 108 111 112 
113 118 120 121 123 126 128 130 134 135 140 150 
153 155 157 158 160 161 164 167 173 174 182 184 
187 190 192 200 204 207 208 211 216 221 226 227 
233 237 241 243 244 245 249 250 253 254 256 258 
259 260 262 264 265 266 270 282 285 286 288 294 
295 296 299 301 302 304 308 310 312 313 314 323 
324 325 329 332 333 334 335 338 341 342 343 345 
348 352 354 356 363 367 373 376 378 379 380 384 
386 390 391 394 397 398 401 406 407 411 413 414 
415 417 419 423 426 427 432 435 436 438 439 446 
447 448 452 454 455 466 469 474 476 488 492 497 
503 504 506 508 510 516 520 523 531 536 540 543 
547 549 552 553 561 563 565 566 567 569 571 573 
577 580 585 589 590 593 598 600 605 612 613 624 
625 626 632 636 641 644 650 653 655 663 664 678 
682 684 685 687 700 704 705 706 715 717 719 724 
728 729 733 738 740 748 750 757 761 763 767 769 
773 776 778 779 780 785 790 798 799 800 
249
7 8 9 10 18 20 22 23 35 36 41 42 
44 46 48 53 54 62 64 65 67 69 71 72 
73 74 80 92 95 103 104 105 106 108 115 117 
119 120 121 133 134 135 139 141 142 153 157 162 
165 166 167 169 170 174 175 176 178 179 185 186 
187 188 189 191 193 194 195 202 205 206 221 223 
225 226 227 239 248 251 263 265 268 272 276 284 
287 289 294 296 305 312 314 316 319 320 321 327 
329 331 332 335 336 342 343 344 345 347 348 351 
353 354 355 356 363 365 370 374 375 379 381 382 
392 397 398 401 405 406 414 420 426 431 432 435 
438 440 442 443 444 448 449 450 451 457 458 465 
467 468 482 484 486 491 508 510 512 513 518 533 
537 544 548 554 557 559 561 563 564 565 567 568 
570 572 575 585 589 590 592 593 594 595 596 605 
606 614 615 616 618 620 623 628 629 633 634 636 
637 640 641 644 645 647 651 655 658 660 662 663 
664 672 674 675 681 685 687 691 697 699 704 706 
708 709 710 712 722 724 726 729 732 733 735 737 
739 741 743 744 745 748 751 758 760 764 768 769 
772 774 778 784 785 787 792 794 799 
246
19 21 26 30 31 32 36 44 47 50 56 59 
60 61 66 67 68 71 77 78 79 80 83 85 
87 93 97 100 103 104 106 107 109 117 122 126 
132 136 137 150 153 158 162 165 166 168 169 171 
172 175 177 179 186 187 192 193 195 201 202 203 
204 205 209 210 217 221 224 226 228 234 235 236 
237 241 243 255 259 260 263 267 270 274 278 280 
282 285 286 292 294 302 303 304 306 309 312 313 
314 317 327 328 333 336 339 341 342 346 350 357 
358 362 363 371 373 374 375 376 378 382 385 387 
388 389 391 393 397 399 405 406 409 410 415 416 
417 420 421 423 424 430 434 436 440 441 445 446 
450 452 465 467 468 470 471 472 474 478 482 487 
489 497 498 499 500 501 504 505 507 510 512 514 
526 527 530 531 532 538 548 549 553 556 563 566 
567 571 573 575 577 582 583 584 591 598 600 603 
604 606 607 615 616 619 621 622 623 625 626 627 
630 633 636 639 650 653 657 661 665 670 671 678 
686 687 688 699 700 702 706 707 708 709 714 722 
728 732 736 748 757 760 761 764 769 774 776 778 
786 788 791 794 795 798 
225
4 8 13 17 23 25 28 30 36 38 49 50 
51 55 58 60 63 64 83 87 94 95 96 107 
110 112 114 132 135 141 147 153 155 157 160 162 
167 168 170 173 176 182 184 185 188 189 192 194 
195 198 200 210 212 223 226 227 228 229 233 234 
241 242 245 250 251 260 264 272 274 279 281 283 
284 286 287 289 290 297 299 301 302 303 309 312 
313 314 319 324 330 331 339 340 341 345 349 350 
352 354 355 356 359 360 365 371 375 380 384 386 
389 391 394 397 398 399 401 402 405 407 409 411 
412 414 415 417 418 419 420 422 431 433 439 443 
452 453 466 468 469 472 476 483 484 485 496 499 
502 503 505 508 517 528 530 542 543 544 545 547 
549 553 555 556 558 564 572 573 574 576 579 581 
584 587 588 589 592 595 597 599 601 603 606 612 
616 617 623 624 626 632 638 639 641 651 652 656 
661 665 666 671 677 680 683 687 689 692 694 699 
703 707 708 725 730 734 735 743 746 748 757 759 
760 761 770 773 781 786 787 788 793 
253
4 8 14 16 19 20 21 22 25 30 42 44 
52 57 58 59 65 68 73 75 78 80 81 83 
84 87 89 91 92 93 96 100 102 107 110 113 
117 126 132 138 139 143 146 147 148 151 154 155 
160 161 162 165 166 172 173 178 184 185 189 191 
197 199 200 204 205 206 207 209 211 214 218 225 
227 230 234 236 240 241 244 246 249 251 253 258 
260 268 270 274 275 278 283 286 288 289 293 294 
299 300 301 306 312 315 316 320 322 323 324 328 
344 345 346 350 353 354 362 365 369 377 381 383 
385 390 397 401 403 411 413 417 419 421 425 427 
428 431 432 433 435 436 440 444 446 449 452 453 
454 455 456 457 459 461 464 465 466 469 473 476 
477 481 485 486 490 491 492 496 505 513 516 528 
529 530 533 536 544 546 547 550 552 554 555 562 
567 569 573 574 576 577 584 590 594 595 598 601 
602 603 604 605 609 616 618 619 621 625 626 632 
633 634 639 640 641 643 645 647 657 658 662 666 
667 672 673 681 684 686 693 694 695 699 700 701 
702 716 721 723 732 735 748 749 754 757 758 763 
764 767 774 776 777 778 782 784 785 787 793 794 
796 
245
10 13 17 19 28 29 30 31 35 38 41 43 
44 47 56 61 64 65 66 69 70 71 72 74 
75 77 81 84 85 87 88 89 92 93 94 95 
96 105 107 110 111 112 113 118 119 120 122 138 
146 148 149 157 161 169 172 179 180 183 184 186 
187 190 191 192 194 195 201 202 207 209 211 213 
214 218 227 235 241 243 247 248 251 252 254 255 
260 263 265 266 267 269 273 276 280 285 292 295 
297 301 303 305 307 317 329 330 331 334 337 338 
341 351 352 358 365 366 368 374 375 376 377 382 
383 385 386 387 390 392 406 410 411 412 420 424 
427 431 432 433 434 437 438 442 443 448 454 455 
457 464 468 470 475 476 482 484 496 499 500 502 
504 505 509 517 519 520 528 535 540 541 542 545 
547 549 550 551 554 556 557 561 565 570 572 573 
574 575 579 582 593 594 600 602 603 604 610 617 
622 623 624 627 633 634 635 639 644 647 648 652 
657 664 667 671 674 677 678 681 683 691 692 693 
697 707 713 719 727 728 731 733 735 737 738 739 
747 751 752 753 764 765 766 768 769 770 780 781 
782 786 787 794 798 
251
11 14 15 17 22 26 29 32 34 36 40 46 
49 50 52 56 60 61 68 70 71 72 75 76 
79 81 83 84 88 91 93 95 97 101 102 103 
104 107 110 113 126 127 128 129 135 137 139 140 
143 145 146 155 156 157 158 165 166 167 170 181 
188 189 191 194 201 210 211 214 215 216 219 221 
223 230 232 236 239 240 245 251 253 256 261 263 
267 268 269 270 273 290 293 297 299 301 302 306 
307 309 310 311 319 321 325 327 329 332 333 336 
341 343 345 351 354 360 363 365 367 372 375 387 
388 389 390 391 392 395 398 403 404 405 408 412 
413 416 419 422 423 425 431 435 438 439 440 442 
443 445 447 450 453 455 458 464 465 471 474 476 
494 496 497 501 506 507 512 514 516 519 520 525 
534 540 542 544 550 551 554 558 559 560 566 568 
570 572 581 583 584 587 588 590 591 594 601 602 
603 606 607 626 628 629 630 637 638 644 647 654 
665 674 675 679 686 688 692 695 697 698 699 700 
704 705 707 711 717 719 725 726 728 729 730 731 
736 738 741 742 747 752 759 763 764 771 773 774 
779 780 783 786 787 788 791 795 796 797 800 
252
1 3 8 9 11 13 14 16 18 19 22 25 
26 27 29 33 36 42 44 45 50 52 53 56 
64 67 70 74 79 83 85 95 100 104 110 112 
119 122 125 128 129 131 138 145 147 148 151 154 
156 157 168 174 176 181 183 184 190 192 195 196 
199 200 202 203 205 207 208 213 214 216 218 220 
231 232 237 239 243 247 250 252 253 258 261 262 
271 272 278 281 288 290 293 296 297 298 299 303 
305 311 312 313 316 319 331 336 339 342 343 344 
346 347 349 350 352 357 358 359 361 364 367 375 
379 380 381 383 388 394 396 397 398 400 404 405 
418 423 424 432 436 441 445 447 455 460 463 467 
469 472 475 479 481 486 491 494 495 504 506 507 
508 509 514 515 516 517 521 523 529 532 533 536 
537 542 548 553 554 556 558 567 568 573 574 585 
587 596 601 608 611 614 615 616 620 622 627 629 
634 635 639 643 644 646 649 653 654 655 659 666 
667 668 671 672 677 679 681 682 686 687 688 693 
696 697 701 702 704 710 711 717 718 721 724 731 
743 745 751 754 755 758 759 761 766 768 771 772 
778 779 781 782 783 785 787 789 790 791 793 797 
243
1 5 9 12 15 16 19 20 21 24 30 31 
33 34 38 42 61 66 68 69 70 71 73 74 
76 79 80 87 90 91 92 93 95 97 98 102 
103 104 106 107 108 111 113 114 116 118 120 121 
122 126 128 130 135 145 146 148 165 166 168 172 
174 175 176 177 178 179 184 187 188 194 195 197 
198 200 202 205 208 209 210 220 225 233 235 236 
238 250 256 261 263 266 267 273 278 279 280 286 
289 295 296 299 300 301 304 307 308 310 313 315 
316 318 320 321 326 328 331 335 339 345 362 363 
364 366 369 374 386 393 402 411 412 421 423 426 
432 437 441 443 456 458 462 464 465 472 473 475 
477 479 484 486 492 494 495 498 501 502 504 505 
506 507 511 513 514 521 525 534 544 547 548 551 
552 555 557 566 568 578 581 583 584 591 592 593 
595 597 602 603 604 605 606 610 614 616 620 621 
622 625 633 635 636 646 652 656 659 661 663 670 
674 675 681 684 688 690 692 693 700 702 704 705 
709 711 716 718 727 731 732 734 735 737 738 743 
748 749 753 758 759 760 761 763 770 772 781 782 
783 794 796 
248
5 10 11 12 15 27 31 36 44 45 54 56 
57 60 62 66 69 75 79 80 81 88 92 94 
100 103 104 106 111 113 116 119 120 124 126 127 
134 135 144 145 147 153 154 156 159 161 162 167 
173 182 183 184 185 186 191 192 195 196 204 212 
219 221 222 225 226 227 228 233 234 235 236 241 
244 245 249 250 251 254 256 258 259 260 261 264 
265 267 269 270 271 272 273 279 280 289 291 300 
301 302 304 307 309 325 329 340 341 343 344 345 
348 355 360 364 367 372 373 374 375 376 379 380 
383 387 389 392 398 401 403 405 406 408 412 418 
420 425 431 432 435 438 446 453 456 458 459 460 
463 468 471 472 474 476 477 481 484 487 492 493 
494 498 504 505 512 513 524 527 528 531 532 534 
539 541 545 547 549 558 561 562 568 574 584 589 
591 597 599 600 605 608 610 612 620 622 623 630 
631 634 638 639 640 641 644 648 653 657 659 660 
662 668 670 685 691 693 694 696 709 713 714 715 
720 721 723 727 728 730 732 734 735 736 739 740 
741 751 752 755 760 761 762 764 766 767 768 770 
776 777 786 788 793 794 796 797 
251
5 8 11 19 21 22 28 31 40 43 47 50 
57 60 68 70 77 79 82 84 86 91 93 94 
97 100 102 106 114 115 116 120 121 134 140 146 
147 149 150 151 159 164 168 170 171 174 182 187 
191 193 194 199 202 204 206 209 210 214 216 219 
223 224 231 233 234 236 237 240 243 249 254 257 
261 263 264 267 269 277 278 280 281 282 284 285 
286 290 291 295 299 302 303 304 307 308 310 312 
313 314 315 318 319 325 326 327 332 334 335 339 
345 348 349 354 357 365 368 378 380 381 385 387 
389 393 396 399 400 402 404 406 414 417 418 419 
420 421 422 427 436 440 447 452 454 455 461 468 
469 470 483 489 490 492 494 498 499 500 501 511 
514 518 520 529 530 532 534 539 541 545 546 558 
561 563 564 565 568 570 574 575 577 579 585 589 
599 602 603 605 607 627 628 629 633 638 639 642 
646 647 648 650 652 653 655 657 658 659 664 665 
670 673 675 677 679 681 683 685 686 687 693 696 
697 700 704 709 711 712 717 718 719 728 731 733 
737 741 742 744 746 756 757 758 760 765 768 769 
773 775 780 783 784 785 788 789 793 795 796 
253
1 7 10 15 17 24 26 29 30 35 36 38 
39 41 42 47 49 53 58 60 65 68 79 84 
85 86 87 89 93 97 98 99 101 104 107 108 
109 113 114 115 122 124 126 127 135 141 144 145 
148 149 150 156 157 158 159 160 171 172 175 178 
179 183 184 190 192 194 195 199 208 218 220 222 
223 224 225 229 232 233 236 237 238 241 242 244 
249 251 252 253 257 258 260 262 264 266 267 268 
276 278 279 281 283 287 300 303 307 313 314 319 
326 337 340 343 344 346 355 367 368 375 378 379 
381 388 389 390 392 402 404 405 413 416 421 423 
424 425 426 428 429 433 435 443 445 446 452 457 
465 468 469 482 484 485 487 488 489 492 493 501 
503 504 507 508 513 516 519 521 526 533 535 536 
539 540 543 544 546 551 552 554 555 556 557 562 
563 568 581 585 589 592 593 594 595 605 608 609 
612 615 617 619 622 624 626 627 630 633 634 643 
649 656 659 661 664 667 670 673 676 682 684 685 
687 692 695 710 714 715 716 717 718 726 727 728 
730 731 737 738 740 746 748 753 754 761 763 765 
766 767 769 770 771 775 779 781 783 788 791 793 
797 
238
1 3 17 18 21 24 26 29 34 36 38 42 
46 47 51 53 59 62 65 66 76 78 80 81 
86 88 90 92 93 94 99 108 109 112 114 118 
121 123 126 130 133 147 148 151 153 154 162 163 
164 165 167 170 172 178 183 185 190 192 194 195 
197 201 203 205 208 214 218 221 228 233 238 240 
241 242 243 247 254 261 277 279 281 282 287 300 
302 306 308 309 312 313 316 318 320 321 322 325 
327 328 346 348 349 350 352 355 357 358 363 364 
365 366 377 380 381 385 389 390 395 396 397 399 
400 402 403 409 410 412 414 417 418 421 432 433 
435 441 449 455 456 462 465 466 469 471 474 475 
479 484 485 488 489 490 491 494 499 500 501 502 
516 529 533 535 537 540 541 542 544 552 555 561 
562 569 573 575 579 580 582 583 594 597 598 601 
603 608 610 614 616 625 629 631 633 635 636 638 
640 644 646 656 657 659 661 668 669 670 673 676 
677 679 682 683 689 692 694 703 705 708 712 713 
717 721 726 730 733 734 735 740 747 753 761 762 
766 769 772 773 774 786 792 794 796 799 
214
4 14 15 20 28 31 39 50 60 61 65 71 
72 73 76 79 80 82 83 87 89 91 93 105 
106 124 129 134 137 138 139 141 142 145 147 148 
152 157 159 165 166 170 173 175 178 182 183 184 
185 192 193 196 202 203 205 207 215 218 220 221 
227 229 236 238 239 240 242 243 247 249 252 259 
269 275 278 283 287 288 291 292 294 295 299 308 
312 313 321 325 338 342 348 353 356 363 365 368 
372 380 381 382 383 390 391 396 406 412 416 420 
425 427 429 433 436 437 441 442 445 447 455 460 
461 484 490 497 499 503 505 510 516 520 521 523 
526 529 530 533 543 545 550 552 554 559 563 573 
576 586 588 600 602 604 611 614 621 624 625 629 
631 633 635 640 642 644 648 651 656 661 663 667 
668 670 672 673 674 678 679 684 688 692 696 697 
699 700 704 705 707 708 709 710 715 716 724 726 
728 732 733 740 742 745 749 754 761 768 771 772 
777 778 780 781 783 784 789 790 791 794 
257
1 6 8 11 18 21 25 26 30 42 45 49 
53 62 63 65 67 70 75 81 86 87 88 95 
103 104 107 109 111 115 122 125 126 130 136 137 
140 142 145 147 148 153 154 155 159 161 163 165 
169 173 174 178 181 182 184 188 190 194 195 196 
198 199 202 203 205 207 208 212 213 214 220 222 
229 233 235 241 242 256 259 261 267 270 274 275 
276 278 284 286 287 292 294 295 298 303 307 308 
309 311 313 315 316 320 321 323 324 330 331 333 
341 349 354 357 365 367 369 372 375 377 378 384 
385 387 390 393 399 405 412 414 415 416 420 423 
425 427 430 432 437 439 440 444 446 453 454 455 
456 457 458 460 461 463 467 468 470 480 484 485 
487 488 489 490 492 495 500 508 510 514 517 519 
521 522 524 529 530 532 534 542 551 556 558 562 
564 569 572 579 581 583 586 590 599 603 605 606 
609 611 612 615 617 622 626 629 633 638 641 642 
643 646 649 650 654 657 658 660 667 672 682 683 
684 689 690 692 693 701 708 714 716 717 718 719 
720 721 724 726 733 735 736 737 739 742 745 747 
748 752 757 764 765 767 768 773 779 784 785 789 
790 791 795 796 798 
234
3 5 6 7 9 10 11 16 19 20 25 26 
27 32 33 40 45 48 49 51 52 56 58 74 
76 80 81 88 90 94 97 100 102 103 110 112 
116 117 120 122 123 127 134 136 137 138 140 151 
152 154 157 165 167 170 171 173 177 180 182 190 
199 202 205 211 213 214 215 216 218 220 221 233 
234 235 237 238 239 241 242 248 249 257 258 262 
272 275 276 277 279 286 289 291 295 296 298 301 
306 313 315 323 324 325 327 329 331 334 337 338 
342 353 354 356 357 361 362 364 365 369 373 376 
378 379 381 382 383 386 388 394 395 397 406 407 
408 415 418 420 428 431 432 441 442 452 456 459 
460 462 463 468 469 470 474 476 495 500 503 504 
507 509 512 518 522 523 525 532 533 535 536 544 
545 550 553 555 560 562 570 578 584 588 597 598 
600 603 604 607 609 612 616 618 621 627 630 631 
632 635 639 641 655 656 664 667 668 673 675 678 
684 686 689 691 696 698 699 707 715 717 723 725 
728 736 737 739 742 746 762 763 765 768 778 780 
785 792 794 795 796 797 
247
1 9 10 11 18 19 22 26 30 32 36 37 
40 43 49 51 56 62 65 68 69 76 78 83 
84 86 88 93 96 99 100 105 113 116 123 129 
133 134 135 139 144 146 151 156 157 160 163 165 
166 172 183 185 191 197 198 205 209 211 212 215 
216 219 221 231 235 239 241 242 243 245 247 248 
251 254 263 265 267 268 270 271 272 273 277 278 
291 292 295 296 297 299 301 302 306 311 312 316 
319 322 331 336 342 343 346 350 351 353 354 359 
360 361 366 367 370 377 378 380 387 388 401 403 
404 405 407 412 416 419 422 425 426 428 432 433 
436 445 448 451 453 456 459 460 461 464 466 467 
468 471 475 482 484 485 487 490 491 493 494 495 
497 503 506 508 514 515 518 522 527 530 532 535 
541 542 544 546 553 558 560 564 577 578 580 585 
591 596 599 600 601 602 603 611 614 624 638 639 
642 645 646 647 648 653 656 657 659 661 664 665 
668 669 670 673 675 681 688 696 697 701 703 709 
711 713 716 724 729 733 735 739 740 741 744 745 
747 754 765 768 769 771 773 774 777 778 786 787 
788 789 791 792 794 795 796 
243
2 3 8 12 18 21 23 26 31 35 39 42 
44 52 53 54 59 65 68 70 74 76 77 78 
79 83 85 93 95 96 97 99 100 102 108 109 
113 118 127 129 132 140 143 144 149 151 152 154 
161 164 166 168 171 173 174 176 196 198 200 202 
203 208 212 214 215 217 219 220 222 224 225 228 
232 235 236 237 242 243 246 250 251 252 255 257 
263 265 271 272 274 275 279 280 282 284 285 291 
294 295 299 300 302 303 304 308 313 316 317 318 
320 321 322 326 334 341 342 344 345 350 351 354 
356 358 359 363 364 365 366 370 373 374 375 377 
379 387 389 399 400 401 402 407 420 423 433 434 
440 445 448 452 462 469 480 481 488 489 494 495 
496 498 500 501 506 510 514 517 518 521 522 523 
536 537 541 545 546 551 554 556 565 567 569 572 
573 574 581 584 586 591 593 603 606 611 615 622 
624 625 627 639 643 644 647 649 650 654 659 661 
665 669 673 682 683 689 691 692 694 695 698 704 
717 722 727 729 732 733 735 736 741 745 749 750 
753 755 759 765 767 768 772 774 780 783 786 787 
790 793 798 
243
1 5 12 17 18 20 22 23 25 27 29 30 
33 36 37 41 42 44 45 46 47 52 54 55 
56 59 65 69 75 76 85 86 87 88 95 100 
101 102 103 104 108 109 112 115 117 118 119 129 
130 133 142 146 150 151 152 153 154 156 161 165 
166 167 168 170 175 177 179 182 186 187 194 199 
201 206 208 214 218 219 222 223 240 242 245 248 
254 259 261 264 266 276 280 281 286 294 295 300 
304 306 307 312 318 322 324 329 330 333 335 337 
339 345 350 352 355 358 362 363 370 375 381 382 
384 387 394 397 404 406 407 414 420 424 428 429 
430 431 435 436 438 439 440 441 446 449 460 461 
467 479 481 483 490 500 506 509 512 517 522 523 
527 532 537 539 540 542 545 546 547 554 560 562 
563 565 567 568 569 572 575 577 579 580 591 592 
593 595 596 599 602 604 606 609 613 614 624 635 
637 640 644 648 649 652 656 659 660 663 665 667 
672 675 676 681 684 687 689 694 700 702 706 709 
716 717 719 724 726 727 730 735 737 738 743 746 
748 750 758 763 767 774 777 778 783 784 786 787 
788 790 797 
233
3 11 12 15 20 25 26 28 36 40 41 45 
47 54 56 57 59 60 63 65 68 69 73 75 
76 79 80 81 83 85 91 95 97 104 105 106 
109 110 112 113 117 118 120 122 124 126 128 129 
137 138 140 145 161 162 164 167 170 175 177 180 
186 189 195 199 200 209 212 220 226 232 233 238 
242 243 246 247 249 250 255 256 260 266 269 274 
277 279 285 290 292 295 301 302 303 304 306 310 
316 324 325 326 327 330 331 340 341 343 345 349 
350 356 359 361 380 381 384 386 393 395 396 397 
400 401 403 409 410 414 421 423 428 429 444 448 
454 457 460 461 464 465 467 468 469 471 472 474 
477 479 482 483 485 488 490 495 500 507 509 511 
515 519 521 522 525 532 535 541 543 545 547 551 
556 558 563 566 570 572 574 582 586 590 592 594 
595 596 602 603 605 612 619 620 626 630 632 633 
639 645 647 648 654 655 656 659 660 667 672 673 
676 681 682 683 687 691 693 698 704 709 711 718 
720 722 723 727 728 743 748 751 752 765 767 768 
775 778 779 786 793 
239
3 7 8 10 11 13 14 15 17 19 24 32 
33 37 38 51 54 57 59 60 61 63 65 66 
68 69 70 74 79 82 83 87 90 92 94 95 
96 97 104 110 115 117 131 134 135 136 137 141 
143 145 146 148 150 153 158 159 164 166 167 170 
171 179 183 185 189 191 197 200 207 208 212 213 
217 220 224 225 226 228 238 240 241 243 244 246 
248 251 252 254 256 260 261 270 275 278 282 286 
291 293 304 308 313 314 316 319 322 326 332 334 
342 354 357 364 366 368 372 373 377 379 380 381 
387 388 393 405 406 408 412 413 416 424 425 426 
433 438 440 444 456 457 461 463 466 467 470 477 
488 490 493 496 507 514 515 525 528 529 533 534 
542 543 550 551 552 554 555 558 559 562 563 571 
572 573 578 580 583 585 589 590 591 592 593 595 
596 603 609 610 612 617 618 620 623 630 638 642 
645 647 651 657 661 664 666 668 671 673 677 681 
685 689 690 691 694 695 698 699 701 707 720 730 
734 737 738 743 745 746 747 750 753 758 761 763 
770 772 773 779 785 791 792 794 795 797 798 
255
1 6 11 12 13 16 18 20 24 25 34 36 
41 43 44 45 49 51 52 54 58 59 61 63 
65 66 68 77 78 79 81 84 85 87 88 91 
93 95 97 99 100 102 107 108 110 113 115 116 
121 126 128 130 134 135 136 143 144 145 148 152 
153 155 158 161 167 168 172 180 184 185 188 195 
198 200 202 203 204 206 207 209 212 214 223 224 
225 231 236 239 244 249 255 261 267 269 270 273 
277 280 287 289 290 291 294 297 303 305 311 312 
313 315 318 320 322 331 336 337 338 339 345 346 
349 351 354 357 358 362 367 370 371 374 379 396 
397 400 403 405 407 410 413 415 421 422 423 427 
431 432 441 446 448 454 455 456 457 459 465 477 
482 484 487 489 490 491 492 494 497 499 501 505 
506 509 510 512 514 520 527 529 531 532 534 535 
536 542 546 547 548 550 554 559 561 563 567 570 
574 575 576 578 580 589 590 591 598 603 604 605 
610 614 615 624 627 631 644 646 650 651 653 654 
657 660 665 677 682 685 688 699 704 707 716 717 
720 724 729 730 734 738 742 745 748 751 764 765 
770 773 774 775 782 783 784 786 789 791 792 793 
797 798 800 
253
1 6 8 13 15 19 22 23 25 28 31 34 
41 43 44 48 51 52 59 69 72 75 79 80 
81 88 100 103 107 110 116 120 123 124 125 126 
127 130 131 132 140 144 146 149 156 160 165 166 
169 170 174 175 176 183 184 191 192 194 196 201 
207 210 212 213 218 220 221 222 223 224 229 231 
240 242 247 248 250 255 262 267 268 275 279 282 
284 285 296 297 304 305 306 308 313 317 319 320 
321 322 325 330 341 342 345 346 347 353 360 361 
362 365 367 368 373 379 386 390 396 400 401 402 
404 405 408 409 411 413 417 418 419 420 430 432 
436 438 440 441 443 444 446 450 457 460 461 462 
465 469 470 471 474 475 477 479 480 483 486 489 
493 494 500 501 502 503 504 507 509 510 511 523 
525 529 536 537 544 547 550 551 554 555 556 562 
573 576 578 580 582 583 588 592 593 595 607 609 
610 613 619 620 624 625 628 629 631 637 638 639 
641 645 647 648 655 658 659 666 667 672 674 677 
684 685 686 689 693 696 697 698 701 705 718 725 
728 743 746 747 758 760 765 766 770 772 776 777 
778 781 785 787 788 789 791 792 794 796 797 799 
800 
245
4 5 6 7 12 15 18 27 33 42 45 46 
47 49 50 51 52 53 54 58 60 66 67 69 
70 72 73 74 77 78 79 80 81 86 92 96 
101 105 106 109 111 116 118 120 121 130 134 138 
140 142 146 147 148 166 170 176 177 179 181 184 
185 191 193 213 215 218 219 224 226 229 233 234 
235 237 239 241 243 244 245 247 251 252 264 265 
268 270 271 276 277 283 284 286 289 292 293 301 
302 304 305 306 311 316 317 320 325 328 335 342 
346 349 353 354 364 366 379 380 383 385 392 397 
399 400 408 412 420 424 425 427 428 429 431 433 
437 439 442 443 447 448 450 452 461 462 487 489 
490 491 494 495 501 502 503 504 505 506 508 515 
520 521 522 524 529 531 532 536 537 538 544 548 
552 562 564 568 578 579 582 583 588 589 590 600 
611 614 617 618 621 624 627 631 637 639 641 642 
647 648 649 650 651 652 656 659 661 662 666 668 
675 682 683 688 695 697 699 700 701 703 705 707 
712 718 721 723 725 726 728 729 732 736 742 745 
754 761 762 767 768 771 772 777 778 784 785 788 
789 790 795 796 797 
245
1 4 10 12 14 15 16 17 18 20 22 34 
36 38 39 45 46 47 53 56 62 64 70 71 
74 76 81 84 87 90 94 98 102 104 107 119 
123 125 128 129 130 138 140 144 165 166 168 174 
175 181 184 188 191 194 199 204 210 211 212 214 
215 223 224 229 231 238 241 245 250 251 254 257 
258 261 262 263 265 266 267 270 272 274 275 277 
279 282 288 289 297 300 306 308 314 315 317 319 
322 323 325 333 336 339 341 353 356 357 363 366 
369 371 374 389 392 402 411 417 418 419 421 424 
428 429 431 432 434 440 449 461 462 471 472 473 
474 475 477 480 483 484 485 486 487 490 493 494 
497 498 503 505 509 510 511 515 522 524 525 528 
533 535 541 547 548 551 553 555 556 560 566 570 
572 574 578 580 582 589 591 593 595 597 601 603 
609 622 623 625 626 632 637 639 640 642 643 649 
650 651 652 656 663 665 666 670 674 675 676 677 
679 682 683 685 688 690 699 705 706 711 715 717 
722 726 731 732 733 737 739 741 742 743 744 748 
749 755 757 758 759 761 763 764 765 775 777 781 
782 783 793 794 797 
237
2 5 6 9 11 23 32 35 45 46 48 50 
51 53 55 58 62 70 77 85 96 98 112 114 
124 133 143 144 145 146 152 156 164 169 173 179 
180 185 189 192 193 194 199 201 203 204 207 208 
210 212 213 216 219 220 230 236 239 240 244 245 
249 250 253 254 256 257 258 259 263 264 265 267 
269 270 273 275 277 284 290 291 294 300 305 312 
313 317 318 319 320 328 336 340 341 345 346 348 
352 356 360 365 366 368 370 371 375 387 401 410 
411 414 416 432 442 444 447 448 449 453 464 467 
468 469 471 472 477 478 480 482 485 494 497 502 
509 512 514 516 519 522 532 534 544 545 546 548 
550 553 554 556 557 558 559 562 564 565 567 571 
572 574 576 577 580 585 595 598 600 603 606 607 
613 616 617 618 619 620 623 625 626 631 634 635 
636 637 639 643 648 651 655 658 661 662 671 675 
677 681 684 687 692 693 697 708 710 711 713 714 
717 718 722 724 727 728 734 736 737 739 740 742 
746 751 753 754 757 762 764 766 767 769 771 776 
780 788 789 790 792 794 795 796 798 
257
3 4 6 7 12 13 15 16 17 18 20 21 
27 29 30 34 35 38 40 44 45 47 52 53 
56 57 61 62 63 68 72 75 76 79 83 84 
85 87 88 99 101 106 107 110 114 115 119 124 
127 131 133 134 136 139 147 149 151 155 157 159 
162 168 169 171 173 174 177 178 179 185 186 187 
189 191 194 196 199 201 202 204 207 212 216 218 
223 225 228 234 235 236 239 240 241 244 245 252 
260 264 265 267 268 273 280 282 283 287 293 304 
311 313 316 320 326 328 340 345 346 347 349 359 
368 371 372 373 381 382 384 385 389 393 398 400 
401 403 407 408 412 417 419 421 423 424 428 433 
438 440 447 449 450 451 454 465 467 468 470 472 
474 477 485 491 493 497 501 503 505 507 513 514 
517 522 524 535 536 538 542 548 549 554 556 557 
560 561 563 569 570 583 584 586 604 609 614 616 
617 620 621 623 628 629 631 634 642 645 648 650 
651 652 654 655 658 661 662 667 670 676 677 678 
680 682 683 684 685 693 695 697 703 704 705 708 
709 712 715 719 720 734 735 741 744 748 754 758 
759 765 766 769 770 775 776 781 782 783 785 788 
789 794 796 797 798 
240
2 3 15 16 17 18 20 23 25 27 30 32 
37 39 49 51 58 59 66 69 73 78 79 84 
87 89 91 104 105 108 116 118 124 125 126 128 
130 131 132 134 141 142 147 152 160 163 164 170 
171 175 178 179 180 189 190 192 194 197 198 200 
204 205 207 210 214 220 221 225 227 230 231 233 
234 235 237 242 249 252 254 255 261 266 267 271 
273 275 277 280 291 307 310 312 316 317 322 324 
325 329 333 337 338 341 349 356 357 359 362 365 
366 372 374 376 381 383 384 386 387 390 391 393 
394 398 401 403 407 408 416 420 423 426 428 429 
430 431 434 438 443 445 452 454 455 460 463 464 
465 468 470 475 477 479 482 483 487 490 495 502 
509 521 522 535 539 540 541 544 551 553 564 565 
569 570 573 575 583 584 589 590 594 596 603 607 
613 614 616 618 620 624 629 631 639 643 644 646 
647 652 655 656 661 663 664 666 671 674 675 677 
679 681 683 686 689 696 699 703 707 720 723 727 
728 730 731 732 737 738 739 745 746 754 757 758 
761 765 768 769 778 782 784 785 790 794 796 799 
246
3 7 9 11 13 14 15 16 17 20 25 26 
34 36 41 42 46 47 49 51 55 59 61 69 
70 71 72 73 78 83 85 88 89 90 95 99 
100 104 106 108 113 118 129 132 133 136 138 141 
143 146 147 149 151 155 156 157 164 165 174 175 
178 183 188 189 190 193 194 204 207 210 212 214 
218 219 229 245 246 248 249 250 252 253 255 257 
263 264 265 266 271 275 276 279 281 283 286 289 
295 301 305 308 309 316 317 323 324 333 336 337 
341 342 344 346 347 352 353 356 359 361 362 370 
372 377 381 382 383 391 398 402 404 406 407 412 
416 417 418 424 426 428 430 441 444 446 453 454 
455 456 459 461 468 469 473 476 480 482 488 489 
498 500 503 507 514 520 522 528 530 535 536 537 
544 545 548 549 550 553 558 559 561 563 565 567 
568 572 579 583 584 590 598 600 602 607 609 612 
616 618 619 622 625 626 632 633 635 636 643 646 
661 664 668 673 675 676 685 686 689 695 699 700 
704 707 708 712 713 715 716 717 719 720 724 725 
726 732 733 734 744 746 749 752 755 760 764 767 
768 772 777 778 783 796 
