200 400
1 1 1 1 1 1 1 1 1 1 1 1 
1 1 1 1 1 1 1 1 1 1 1 1 
1 1 1 1 1 1 1 1 1 1 1 1 
1 1 1 1 1 1 1 1 1 1 1 1 
1 1 1 1 1 1 1 1 1 1 1 1 
1 1 1 1 1 1 1 1 1 1 1 1 
1 1 1 1 1 1 1 1 1 1 1 1 
1 1 1 1 1 1 1 1 1 1 1 1 
1 1 1 1 1 1 1 1 1 1 1 1 
1 1 1 1 1 1 1 1 1 1 1 1 
1 1 1 1 1 1 1 1 1 1 1 1 
1 1 1 1 1 1 1 1 1 1 1 1 
1 1 1 1 1 1 1 1 1 1 1 1 
1 1 1 1 1 1 1 1 1 1 1 1 
1 1 1 1 1 1 1 1 1 1 1 1 
1 1 1 1 1 1 1 1 1 1 1 1 
1 1 1 1 1 1 1 1 1 1 1 1 
1 1 1 1 1 1 1 1 1 1 1 1 
1 1 1 1 1 1 1 1 1 1 1 1 
1 1 1 1 1 1 1 1 1 1 1 1 
1 1 1 1 1 1 1 1 1 1 1 1 
1 1 1 1 1 1 1 1 1 1 1 1 
1 1 1 1 1 1 1 1 1 1 1 1 
1 1 1 1 1 1 1 1 1 1 1 1 
1 1 1 1 1 1 1 1 1 1 1 1 
1 1 1 1 1 1 1 1 1 1 1 1 
1 1 1 1 1 1 1 1 1 1 1 1 
1 1 1 1 1 1 1 1 1 1 1 1 
1 1 1 1 1 1 1 1 1 1 1 1 
1 1 1 1 1 1 1 1 1 1 1 1 
1 1 1 1 1 1 1 1 1 1 1 1 
1 1 1 1 1 1 1 1 1 1 1 1 
1 1 1 1 1 1 1 1 1 1 1 1 
1 1 1 1 
180
2 7 10 15 16 17 18 26 27 28 30 33 
35 39 41 48 49 53 54 55 58 59 61 62 
67 69 71 72 73 74 75 76 77 80 81 83 
84 85 87 88 94 95 98 99 100 101 104 106 
107 108 109 111 113 114 115 116 117 118 119 121 
127 128 130 131 133 135 136 137 139 140 145 146 
150 151 154 155 156 157 158 160 164 168 169 171 
172 174 175 176 181 186 188 191 197 202 203 204 
205 207 208 216 219 220 224 227 230 235 237 244 
249 251 252 253 256 257 261 268 269 270 271 275 
278 280 281 283 284 287 292 294 298 300 305 307 
309 311 312 313 314 316 318 319 322 323 326 327 
332 334 335 338 340 342 345 346 349 350 354 355 
358 359 360 362 363 364 365 367 368 370 374 376 
384 385 386 388 389 390 391 394 395 396 397 398 
192
6 7 9 10 11 13 14 16 17 19 21 22 
23 24 25 26 28 31 32 37 40 45 46 48 
52 53 57 58 59 61 64 66 67 68 69 70 
71 73 74 76 77 82 85 89 90 93 96 97 
98 99 100 105 106 110 112 113 114 115 117 121 
122 123 126 130 132 136 140 142 143 144 146 148 
158 160 161 163 164 167 168 171 172 175 176 178 
180 181 182 183 184 185 186 189 190 193 194 197 
198 204 205 206 207 209 210 211 215 216 219 221 
222 224 225 226 237 239 240 243 248 249 251 253 
254 258 262 265 266 267 268 269 272 274 275 276 
277 280 288 289 291 293 294 295 296 297 298 301 
303 305 308 310 311 314 315 320 321 322 323 325 
326 327 330 333 334 336 340 342 343 344 345 346 
349 351 352 353 356 357 360 362 363 365 369 374 
376 377 378 383 386 387 388 389 393 394 397 398 
199
5 7 12 14 15 21 22 24 25 26 27 28 
30 31 32 37 40 41 42 49 51 52 59 62 
66 67 68 69 71 72 73 77 78 79 80 82 
83 84 85 86 88 91 94 101 102 103 105 110 
114 116 117 120 121 122 124 126 127 129 130 133 
135 137 138 144 145 146 148 149 150 152 154 156 
159 160 161 164 167 168 170 171 173 174 175 177 
179 180 182 183 186 188 189 190 194 196 198 199 
200 202 203 204 205 206 209 213 216 217 218 219 
220 223 224 227 229 235 238 241 244 246 249 252 
253 254 255 256 258 259 260 261 263 266 270 272 
277 278 282 284 285 289 290 292 293 295 296 298 
303 304 307 310 311 313 314 315 316 318 319 320 
321 323 324 325 326 328 329 332 333 334 336 337 
338 341 343 345 349 350 351 352 355 356 358 359 
360 361 364 370 371 374 376 377 379 380 383 385 
388 391 392 394 395 397 399 
201
2 4 6 10 13 15 17 19 20 21 23 24 
25 26 28 30 32 33 34 35 36 37 38 39 
41 46 50 52 53 55 56 59 60 62 63 64 
66 67 69 71 74 75 76 79 80 81 83 84 
85 86 88 89 94 95 97 103 105 106 107 108 
110 113 114 115 117 118 119 121 123 124 127 129 
134 137 140 142 143 144 148 149 152 153 154 155 
158 160 161 164 166 169 177 178 180 181 183 185 
186 187 188 190 193 195 198 200 207 213 215 218 
219 220 221 222 223 224 226 228 230 232 233 235 
237 238 240 241 243 244 245 247 248 250 256 257 
258 259 260 262 266 267 268 270 273 274 281 282 
283 287 289 291 292 300 301 307 310 311 317 318 
319 322 325 326 327 328 329 331 333 335 336 338 
339 340 344 345 346 347 348 349 353 355 356 357 
358 361 362 363 366 369 371 373 376 378 381 382 
383 384 386 389 392 396 398 399 400 
198
1 2 4 6 7 13 14 16 18 20 22 28 
29 30 31 34 36 38 39 42 44 45 47 49 
51 53 55 59 61 63 64 67 68 71 72 74 
75 76 80 82 84 85 86 88 90 95 96 99 
100 101 104 105 114 115 117 118 119 120 123 125 
127 129 130 132 133 134 135 139 140 142 144 146 
148 149 152 154 155 156 157 158 159 161 164 165 
167 168 169 170 172 174 175 179 180 183 185 187 
190 194 195 196 197 199 200 203 204 205 208 209 
214 216 218 219 221 222 229 230 232 238 239 241 
242 245 246 247 248 259 266 267 268 269 270 271 
276 280 284 285 286 288 291 295 296 297 298 299 
300 302 303 304 306 307 311 312 313 316 317 318 
320 322 323 325 326 331 333 334 335 338 339 343 
344 345 346 350 351 353 355 362 368 369 370 371 
372 373 374 375 377 378 379 381 383 384 385 389 
390 391 397 398 399 400 
203
1 2 6 12 16 17 18 24 31 33 34 35 
36 40 43 46 48 51 54 57 61 62 64 65 
66 67 68 70 72 73 74 75 76 77 79 80 
89 90 92 93 94 95 100 105 107 111 113 114 
115 117 118 120 122 124 125 127 129 132 133 134 
135 138 139 143 144 145 149 151 154 155 158 159 
160 161 163 164 165 166 167 168 169 170 171 172 
173 179 180 184 185 192 194 195 196 198 199 200 
201 202 204 205 206 208 209 211 215 218 219 222 
225 227 229 231 235 239 240 241 244 245 246 248 
254 256 257 259 264 266 267 269 270 272 275 278 
281 285 286 287 288 289 291 292 295 296 299 302 
303 304 305 306 307 308 309 310 312 313 314 315 
316 317 319 320 321 322 325 327 331 332 333 335 
336 338 339 341 342 343 346 349 353 354 355 357 
358 359 360 364 368 370 372 374 375 376 377 378 
380 383 388 391 392 393 394 395 397 399 400 
219
1 2 3 4 10 11 12 14 16 17 19 22 
24 26 27 29 30 34 36 38 39 44 46 49 
51 53 54 56 57 58 63 64 66 68 69 70 
72 74 76 81 84 85 87 88 90 93 95 96 
97 99 101 102 103 106 108 109 110 111 112 114 
117 118 119 120 123 124 126 128 129 130 131 133 
134 137 138 141 145 146 150 151 152 153 155 156 
157 159 160 162 164 165 166 167 169 172 174 175 
176 177 179 180 181 182 185 186 187 188 192 193 
196 200 203 204 208 209 210 212 213 217 218 220 
222 224 227 228 230 231 232 234 236 237 239 243 
244 245 248 249 250 252 253 255 258 259 262 265 
272 273 275 279 280 281 283 284 288 292 295 297 
298 302 304 306 307 308 309 311 312 314 315 317 
319 322 323 324 326 327 328 330 331 333 334 335 
336 337 338 342 345 346 349 350 351 352 354 355 
356 357 359 360 361 365 366 367 368 370 372 375 
377 378 379 382 383 384 386 390 391 393 394 395 
396 399 400 
199
1 2 3 4 6 7 8 9 10 12 13 15 
21 22 24 26 27 31 32 36 38 39 43 46 
49 52 53 54 55 56 58 59 63 67 69 70 
72 75 77 82 86 91 93 94 96 97 98 99 
100 102 103 104 105 106 110 111 112 115 116 122 
123 124 126 129 131 132 133 134 135 136 137 139 
141 142 144 145 146 147 150 152 153 155 156 158 
159 162 163 166 167 169 171 174 176 177 179 182 
184 188 193 194 195 197 198 199 201 204 209 210 
214 217 219 222 223 224 225 226 228 229 230 231 
232 234 236 237 242 245 252 254 255 257 259 260 
261 262 264 265 268 270 271 273 282 284 285 287 
288 291 292 293 295 297 299 301 303 304 305 308 
309 311 312 315 317 324 325 327 328 329 330 331 
333 334 337 342 344 345 346 347 350 352 354 356 
357 361 362 365 367 368 372 373 374 377 379 385 
388 389 393 396 397 399 400 
205
1 3 6 7 8 9 11 13 14 17 21 22 
24 25 26 27 28 30 34 36 37 38 40 44 
45 47 49 51 52 55 59 65 67 69 71 76 
77 79 82 83 84 90 92 94 95 97 100 102 
104 106 108 109 110 116 117 119 120 121 122 123 
126 130 133 135 137 140 143 145 147 148 151 152 
153 154 156 159 161 162 163 166 167 169 170 172 
174 175 176 177 178 180 181 182 185 187 190 191 
192 193 194 196 200 201 202 203 207 209 210 211 
212 213 218 220 223 224 225 227 228 231 232 234 
237 238 239 240 242 243 244 245 247 248 251 253 
254 261 262 263 264 265 267 268 270 271 275 276 
277 280 282 283 284 285 286 287 288 292 294 296 
297 299 300 303 304 306 307 309 314 318 320 322 
323 324 330 332 334 335 336 338 341 342 346 348 
349 353 354 356 357 358 360 361 363 365 367 372 
373 375 377 380 382 384 385 386 389 391 396 397 
398 
212
3 6 9 14 15 16 19 20 21 22 23 24 
25 27 30 31 34 35 36 38 41 42 46 48 
52 54 55 56 59 62 63 65 66 67 68 69 
72 76 78 82 83 85 87 93 95 96 97 99 
100 103 104 105 106 111 113 115 116 117 121 122 
125 135 139 140 141 142 143 145 147 149 151 152 
153 154 157 159 160 161 162 165 166 169 171 174 
175 176 177 178 181 182 184 188 191 192 193 194 
195 196 197 198 199 200 201 202 203 204 206 208 
210 211 212 213 215 216 218 219 223 224 226 227 
228 229 231 232 233 235 236 237 238 239 240 242 
243 244 250 256 257 260 263 264 266 267 269 270 
273 274 275 277 278 279 280 281 282 290 292 293 
294 295 299 300 301 303 308 310 311 312 313 316 
319 325 326 327 328 329 332 335 336 337 338 340 
343 344 350 352 353 354 356 357 358 360 361 367 
368 371 373 374 376 377 378 379 381 383 386 387 
388 389 390 392 393 397 398 400 
220
1 2 4 6 11 12 17 18 19 20 23 25 
26 27 28 31 32 36 37 38 39 40 42 43 
45 46 51 52 54 55 58 59 60 61 64 67 
69 72 73 75 76 77 78 82 85 88 90 91 
92 93 94 96 97 98 99 101 102 103 104 106 
107 109 113 117 118 120 122 123 125 126 128 129 
130 131 133 135 140 141 144 145 147 152 154 155 
156 157 158 159 160 162 165 168 171 172 173 174 
176 177 178 181 183 184 185 186 189 190 191 201 
204 205 206 208 211 212 213 215 216 218 219 220 
221 224 225 226 229 230 233 234 236 238 241 243 
244 245 246 247 248 253 255 257 259 260 261 262 
264 267 268 269 272 273 274 275 276 278 279 280 
282 287 288 291 292 293 295 296 297 302 307 311 
313 317 319 320 321 322 327 328 333 334 335 337 
338 339 341 342 344 345 346 347 348 351 352 353 
354 358 361 363 364 365 366 367 368 370 372 373 
374 376 377 378 380 381 383 384 387 388 390 391 
396 397 398 400 
185
2 4 5 7 11 13 14 15 16 19 20 21 
25 26 35 36 39 40 45 50 53 58 60 63 
66 67 68 69 70 71 72 73 75 76 81 83 
84 86 87 88 91 92 95 97 98 99 102 103 
105 108 111 112 117 119 121 123 127 128 129 130 
132 135 136 137 138 139 141 146 148 149 155 156 
160 161 162 164 165 166 167 169 171 172 173 174 
175 179 180 183 184 186 187 188 189 195 197 200 
202 213 215 216 219 221 227 228 230 231 232 234 
236 237 238 240 242 245 246 248 249 250 253 254 
255 260 265 268 269 270 271 275 276 277 278 280 
283 285 287 289 291 292 293 294 296 298 300 301 
303 304 309 312 313 314 317 319 322 325 326 327 
328 336 337 340 344 345 348 350 351 353 355 357 
358 361 362 365 367 368 369 373 374 376 377 383 
386 389 394 397 398 
195
2 3 4 7 9 10 19 21 23 27 30 32 
33 35 38 39 40 41 42 46 51 53 58 59 
65 66 68 72 73 76 78 79 80 81 82 84 
86 88 93 94 96 99 100 101 102 106 108 109 
113 114 119 120 121 122 123 125 126 127 128 131 
135 136 137 140 142 143 145 146 148 154 155 157 
158 159 160 163 164 166 168 172 173 174 179 181 
183 184 186 192 193 194 197 203 207 208 209 212 
215 218 221 222 223 226 227 228 229 230 231 235 
238 239 241 242 243 244 245 247 248 252 254 255 
256 259 262 263 265 266 267 270 271 272 276 278 
282 283 285 289 290 291 294 295 298 299 300 301 
302 304 305 307 308 311 312 313 314 319 320 321 
323 324 325 326 331 334 338 340 342 343 344 346 
347 348 350 351 355 356 357 358 359 364 366 371 
372 374 375 376 379 380 382 383 384 387 388 390 
394 395 397 
199
1 2 4 5 7 9 11 15 17 20 21 24 
26 28 31 32 33 34 35 38 39 40 41 42 
44 47 48 49 50 55 56 57 59 62 63 67 
69 70 71 72 75 76 80 83 85 93 94 96 
99 100 101 102 103 107 109 114 115 117 119 122 
125 127 129 130 132 133 135 136 138 139 144 145 
146 149 152 154 155 156 157 159 160 162 163 165 
167 170 176 177 181 183 184 187 189 190 193 196 
197 200 201 203 204 207 208 209 213 214 219 221 
222 223 226 227 230 231 235 236 237 241 243 244 
248 249 252 253 254 255 261 263 265 267 268 269 
270 271 272 276 277 279 280 282 285 286 287 291 
292 293 295 296 297 299 302 304 305 308 310 313 
314 315 316 318 319 321 322 325 328 330 340 341 
344 345 347 348 349 350 351 352 353 355 358 359 
364 366 367 369 372 374 375 376 379 380 383 384 
385 387 388 389 394 396 399 
212
3 4 5 6 9 12 13 14 15 19 20 23 
25 30 31 37 39 42 43 44 49 50 51 53 
54 55 56 57 61 64 66 67 69 70 72 76 
79 80 81 83 84 85 87 89 90 93 96 97 
101 103 105 106 107 110 111 112 113 118 119 120 
121 122 123 124 125 126 129 131 132 134 135 137 
141 142 143 145 148 149 152 153 154 155 157 158 
159 161 162 164 165 166 167 169 170 172 175 176 
177 179 180 181 182 189 190 192 193 196 199 200 
201 203 204 208 213 215 216 220 221 223 225 226 
227 228 229 233 234 237 239 243 246 248 249 250 
251 255 258 261 263 265 267 270 273 274 275 279 
282 284 285 287 288 289 293 294 295 296 297 299 
300 301 305 306 307 308 314 315 318 320 321 322 
325 326 327 328 329 330 332 333 335 336 339 341 
342 344 346 347 349 350 351 353 354 356 359 360 
362 365 367 368 369 372 373 374 375 378 379 380 
381 382 387 396 397 398 399 400 
201
3 9 10 11 13 14 17 18 22 26 28 29 
31 32 36 39 45 50 51 53 54 55 57 59 
60 63 65 67 72 73 76 77 79 81 82 83 
84 89 94 95 98 101 102 104 105 106 108 109 
110 111 112 117 119 120 121 124 125 126 127 130 
132 134 135 136 137 142 143 144 145 146 149 150 
151 152 156 159 160 161 168 170 174 177 178 179 
181 184 185 188 191 192 193 197 199 201 203 206 
212 217 218 223 226 230 233 235 236 243 245 246 
247 249 250 252 253 254 255 257 258 263 264 265 
266 267 268 270 271 272 273 274 277 278 279 280 
281 283 285 287 288 290 294 295 297 299 300 302 
303 304 305 307 310 313 315 317 319 320 321 322 
327 328 329 331 332 335 336 337 338 342 345 347 
348 352 353 354 355 357 358 361 363 364 365 366 
368 369 370 371 374 377 380 381 382 384 385 386 
388 390 392 393 395 396 398 399 400 
207
2 7 9 11 12 15 17 19 20 23 25 26 
27 28 30 31 34 35 36 39 40 41 42 46 
48 50 51 52 54 57 58 59 60 61 62 63 
68 69 71 72 73 74 76 77 78 80 84 85 
89 90 96 97 98 101 102 103 105 107 108 110 
112 113 115 118 123 124 127 128 129 131 132 134 
135 136 141 142 143 147 152 154 155 156 157 158 
159 162 166 170 172 175 176 177 180 181 183 184 
186 189 190 191 196 199 201 202 203 206 208 209 
210 214 217 218 220 222 224 228 229 234 235 236 
237 241 242 245 246 255 256 257 261 264 267 268 
270 271 273 274 276 277 279 280 281 285 289 291 
292 296 299 301 302 306 307 310 311 312 316 317 
318 319 321 325 326 328 329 331 332 333 334 336 
338 339 340 342 345 347 348 349 350 351 355 357 
360 363 365 367 368 370 372 373 375 376 377 378 
379 381 382 384 385 386 387 389 390 392 393 394 
395 396 398 
196
1 6 7 8 10 12 14 17 18 19 20 21 
22 23 24 30 31 36 37 38 39 40 41 43 
44 46 52 56 58 60 64 65 68 73 75 79 
80 81 82 83 84 85 86 87 88 89 90 93 
94 96 99 103 106 107 108 109 110 118 119 120 
123 124 125 126 128 129 132 133 135 138 139 143 
144 147 149 150 154 155 157 158 159 160 162 163 
166 169 170 171 172 173 174 175 178 183 186 188 
189 194 195 196 198 199 202 205 206 210 211 212 
213 217 221 222 224 230 232 234 235 237 238 239 
240 242 245 246 249 252 253 254 255 257 258 259 
260 262 264 265 266 267 269 277 278 281 284 290 
292 294 296 300 302 304 305 313 314 317 320 323 
325 327 328 333 334 335 336 337 338 340 344 349 
350 351 353 355 356 358 360 362 363 364 365 366 
367 372 376 377 379 381 383 384 385 386 387 392 
394 395 398 400 
216
1 2 3 9 10 11 15 16 17 18 19 21 
23 24 25 26 27 30 31 33 34 37 39 40 
41 42 43 44 45 47 48 53 54 55 56 57 
58 62 63 64 65 68 69 70 71 72 74 78 
79 83 84 85 86 89 90 92 95 96 97 98 
100 101 102 105 106 108 110 111 113 115 117 118 
121 122 123 124 125 126 128 130 131 132 134 139 
141 146 148 149 150 151 155 156 158 160 161 162 
163 164 166 167 171 176 177 178 180 182 183 187 
190 191 193 194 198 200 208 209 210 212 213 214 
218 219 221 222 225 229 230 231 234 238 239 240 
243 244 246 248 249 252 254 255 258 259 262 263 
264 266 267 270 273 274 278 280 281 282 287 288 
292 293 294 295 296 297 299 301 305 306 310 311 
314 315 320 321 323 324 325 328 330 331 333 334 
335 336 341 342 344 346 347 349 350 351 353 355 
356 357 359 362 363 366 368 371 372 373 374 376 
378 379 380 382 386 387 388 392 396 397 399 400 
205
5 7 8 10 11 12 14 17 21 22 24 26 
28 30 31 33 37 41 43 44 46 48 49 51 
52 54 56 57 59 61 62 63 64 65 66 70 
73 74 75 82 85 86 88 89 91 92 93 94 
95 96 97 99 100 101 104 111 113 115 116 118 
119 120 122 124 125 127 128 131 133 134 141 145 
146 147 148 152 153 154 155 156 157 158 159 162 
163 167 170 172 174 175 176 178 183 184 187 188 
192 194 195 199 201 203 204 209 210 211 213 215 
216 217 218 219 220 222 225 226 227 230 231 232 
234 235 240 241 243 244 247 248 249 251 253 254 
256 257 258 261 262 264 266 269 271 272 273 274 
276 277 278 279 280 283 284 286 288 291 293 296 
298 308 309 310 311 312 313 315 316 317 318 319 
322 323 324 330 332 333 335 340 341 342 345 352 
353 354 357 358 360 361 362 363 366 368 369 371 
373 374 375 377 379 383 384 385 386 391 392 397 
400 
189
5 7 11 15 18 19 20 24 25 26 30 31 
32 33 35 36 38 40 41 42 43 46 47 49 
53 54 58 59 61 64 65 68 69 72 75 80 
81 82 84 87 90 91 92 97 99 100 101 102 
104 106 107 108 109 111 114 115 117 118 121 124 
126 130 132 134 136 137 139 140 143 150 151 153 
154 155 160 164 165 168 175 176 178 179 180 181 
183 184 185 186 190 193 194 196 198 199 202 203 
204 206 209 210 211 215 216 219 221 223 224 226 
227 228 229 232 233 236 237 243 249 255 256 259 
260 262 264 269 271 273 275 276 279 281 282 284 
290 291 294 295 296 297 300 301 302 303 304 315 
317 319 320 321 323 326 328 329 333 334 335 338 
341 342 343 347 348 350 355 357 358 359 360 363 
364 365 367 368 370 371 373 374 375 376 377 378 
380 383 386 389 391 393 396 397 399 
202
1 4 5 6 7 8 12 18 20 22 23 26 
27 29 30 33 34 37 38 40 43 44 45 47 
48 50 54 56 58 60 62 63 66 67 68 74 
75 80 81 82 83 84 86 88 90 91 92 95 
97 98 99 100 101 102 107 108 110 111 112 113 
114 116 117 120 122 123 125 128 135 137 138 140 
141 142 143 145 146 154 156 158 163 166 169 172 
176 177 178 179 181 183 184 190 192 193 195 196 
198 201 203 206 209 210 211 212 214 215 216 220 
221 223 224 229 230 233 236 239 241 242 243 245 
246 248 249 251 253 255 256 263 264 265 267 270 
271 274 275 278 279 280 281 282 283 288 289 291 
292 293 295 296 300 302 303 306 307 308 310 311 
312 318 319 320 321 322 323 324 326 329 330 334 
335 337 340 341 343 345 348 349 351 355 356 359 
361 362 363 367 370 372 376 377 378 379 380 382 
384 387 389 392 393 396 397 398 399 400 
204
1 2 3 5 6 7 9 11 13 14 15 17 
18 19 21 22 23 24 25 29 31 33 34 35 
37 38 39 40 43 44 45 46 47 49 56 58 
60 61 63 68 69 72 73 74 76 77 80 84 
85 87 88 90 91 95 96 98 105 106 108 111 
115 116 120 121 127 128 130 131 133 137 138 140 
141 143 146 150 153 155 158 159 161 163 165 166 
167 169 171 172 173 175 177 178 180 182 183 184 
186 190 191 192 193 198 200 201 202 203 204 208 
209 213 216 218 219 221 224 226 228 231 232 234 
236 239 240 242 243 247 250 251 254 256 258 259 
262 266 268 269 271 272 273 274 284 285 286 287 
288 291 292 294 295 296 299 300 301 302 303 305 
306 308 309 312 313 314 315 316 317 318 320 321 
323 324 325 326 328 331 332 333 335 337 342 344 
349 354 357 359 361 362 364 366 367 369 370 371 
372 375 377 380 381 382 389 390 391 395 397 400 
189
5 6 8 10 12 13 14 15 17 19 21 23 
28 29 32 33 38 40 41 43 46 47 48 49 
50 53 55 58 59 60 61 62 63 66 68 69 
70 72 73 75 76 82 84 85 86 87 90 91 
92 93 94 96 97 99 100 102 106 107 108 111 
116 119 121 122 123 124 126 127 129 131 137 139 
141 144 146 147 148 149 150 152 154 155 156 157 
159 160 163 164 165 166 168 169 170 171 172 174 
175 177 180 183 187 192 193 195 198 199 202 204 
206 207 208 214 215 219 221 224 226 231 233 235 
236 238 239 240 243 244 251 252 254 256 259 260 
263 266 268 271 272 275 276 277 279 280 281 283 
284 286 287 293 294 297 299 301 302 305 310 311 
312 315 317 318 321 323 327 328 335 339 351 353 
357 358 359 363 364 365 369 374 377 381 382 383 
385 386 387 389 393 394 395 397 399 
192
1 3 4 6 7 8 10 11 12 13 15 19 
21 22 23 27 31 34 36 38 40 41 44 46 
47 51 54 55 58 59 67 69 70 71 73 74 
76 77 79 85 88 89 92 94 96 97 98 100 
103 107 109 110 111 112 114 117 119 120 122 131 
133 135 136 139 140 144 145 146 147 148 149 150 
151 152 153 154 158 160 161 167 168 170 177 180 
181 183 184 186 187 188 189 190 191 196 197 200 
201 202 204 207 209 211 212 214 216 217 218 219 
222 223 224 227 228 229 230 231 232 233 238 240 
241 242 243 244 245 247 250 251 252 253 255 257 
264 267 271 274 275 279 280 281 282 285 289 292 
295 297 299 304 306 307 308 310 312 313 316 317 
318 319 320 322 324 327 329 332 334 335 340 341 
342 344 347 348 353 356 357 358 359 361 364 367 
369 370 377 382 383 385 386 387 391 395 398 399 
203
1 2 3 4 7 8 10 12 17 23 25 27 
28 29 30 31 32 35 36 38 39 40 41 43 
44 47 48 50 53 54 55 62 64 65 66 69 
70 71 73 79 80 81 82 84 85 88 90 91 
92 95 99 101 102 105 106 108 109 112 113 114 
116 118 121 123 124 126 127 130 131 133 134 135 
137 138 139 141 143 146 148 149 150 155 157 158 
161 162 164 165 166 168 170 171 175 176 179 186 
190 191 192 194 195 196 198 200 201 202 204 205 
207 208 209 215 217 220 222 223 227 230 232 233 
235 237 238 239 240 241 242 243 245 248 252 253 
254 257 261 265 266 269 271 272 273 274 276 277 
279 283 289 291 292 293 294 296 301 302 306 308 
309 310 311 314 317 319 320 321 325 326 328 330 
331 332 334 335 336 337 338 339 340 347 348 351 
352 353 354 356 360 362 366 367 371 372 374 376 
378 381 382 384 385 387 393 395 396 397 400 
222
1 2 6 7 8 9 10 11 13 15 16 18 
19 20 21 23 24 26 27 29 31 32 34 35 
36 37 38 39 41 42 47 48 49 50 54 58 
60 61 63 64 65 68 69 71 74 75 78 82 
85 88 95 96 97 98 99 100 101 105 106 107 
108 113 114 117 118 127 128 129 130 132 135 136 
139 140 142 145 147 148 149 150 153 154 155 158 
159 160 161 162 163 164 165 166 167 168 171 173 
177 178 179 180 181 182 183 184 187 189 190 192 
193 194 196 197 203 204 205 206 207 208 209 210 
211 213 214 217 221 223 226 227 230 231 232 234 
238 239 240 244 246 249 250 251 253 254 256 257 
260 263 264 265 266 267 268 269 270 272 273 274 
275 278 279 280 282 284 285 287 288 292 293 294 
295 299 300 304 305 306 307 309 310 311 314 316 
317 320 321 322 323 325 326 327 328 329 330 337 
338 339 340 342 344 348 349 350 352 353 358 359 
360 361 363 364 365 367 370 376 379 381 382 383 
386 387 390 391 393 395 
190
1 3 4 8 10 12 14 15 16 18 19 23 
28 29 30 31 33 36 38 39 40 41 42 44 
46 48 49 52 54 55 56 59 61 62 64 66 
68 70 71 74 75 81 84 85 88 93 96 98 
101 103 104 105 106 110 112 115 116 117 118 126 
127 128 129 131 132 141 142 146 147 148 151 152 
153 154 156 158 159 160 161 162 172 174 176 177 
179 182 187 190 191 193 195 196 197 198 202 204 
206 207 209 211 212 214 220 222 225 227 228 231 
233 234 238 240 241 244 248 251 253 255 260 265 
267 270 275 277 278 282 287 290 291 292 294 299 
300 301 302 304 305 306 307 309 311 312 313 315 
319 320 322 323 324 325 328 329 335 337 338 342 
344 345 348 349 350 351 352 354 356 358 359 360 
362 363 364 367 368 369 371 372 373 377 378 382 
385 386 388 390 391 392 394 397 398 400 
206
3 4 5 9 12 14 15 16 21 22 24 25 
26 27 29 30 32 36 37 39 40 43 45 47 
49 54 57 59 60 61 62 66 67 68 70 71 
72 73 75 77 78 79 80 82 83 85 86 88 
89 92 94 95 96 101 105 106 107 108 109 116 
119 120 123 126 128 129 133 134 136 137 138 139 
140 144 147 148 150 152 156 158 160 161 162 165 
167 170 172 174 176 179 181 184 185 186 190 197 
198 200 202 204 205 208 215 216 217 220 223 226 
228 230 232 234 235 236 241 242 243 246 247 248 
249 251 252 253 254 255 257 260 262 263 264 265 
267 268 269 270 271 274 275 276 277 278 280 287 
289 294 297 298 301 303 305 306 310 311 314 315 
318 319 320 322 323 324 325 326 327 328 330 331 
333 335 336 337 340 341 342 343 345 346 348 349 
353 355 356 359 360 361 362 364 367 368 370 371 
372 373 375 378 380 381 382 383 388 389 392 393 
399 400 
199
2 3 7 9 10 12 13 14 17 18 19 21 
22 25 26 27 28 29 31 34 35 38 39 40 
43 44 49 52 53 54 56 57 58 60 61 64 
67 69 70 72 73 74 76 77 79 80 82 86 
87 93 94 95 96 98 100 102 104 105 109 114 
115 117 118 119 120 122 124 128 131 133 134 135 
136 137 140 141 143 147 150 151 154 156 158 162 
163 164 165 169 170 171 174 176 177 178 184 185 
188 191 193 195 196 199 200 202 208 210 211 212 
215 217 218 221 222 224 225 226 227 230 231 236 
237 238 240 242 244 247 248 250 253 255 256 259 
260 262 265 269 270 274 275 276 277 280 284 285 
286 287 291 292 294 297 299 300 303 304 308 311 
312 313 314 316 317 319 320 321 325 330 331 334 
336 337 338 341 342 347 349 350 351 354 359 360 
361 362 366 368 370 371 373 374 375 379 386 387 
390 392 394 395 396 397 398 
210
1 2 3 5 6 7 9 10 12 13 14 15 
22 23 24 27 28 29 30 36 39 41 42 43 
47 49 50 54 56 58 59 62 64 65 67 72 
73 74 75 79 80 83 84 86 87 89 92 94 
95 96 98 99 101 104 107 108 109 110 111 114 
120 121 122 123 124 125 126 131 135 136 140 141 
144 149 150 151 152 154 155 157 158 161 164 170 
171 172 175 177 180 182 183 185 186 187 188 190 
191 192 193 194 196 197 199 200 202 203 204 205 
206 207 210 212 213 214 216 217 218 219 220 221 
223 225 227 228 229 232 233 237 238 243 244 245 
246 248 250 253 256 257 258 259 262 263 265 266 
269 272 274 275 276 278 279 281 283 285 286 287 
290 292 294 296 300 301 305 307 309 311 314 316 
317 318 319 321 322 325 327 328 329 333 334 335 
337 344 346 348 349 351 357 358 361 362 365 366 
368 371 372 380 383 384 385 387 388 389 392 393 
394 395 396 397 398 399 
208
4 6 8 11 13 15 18 20 21 24 26 29 
31 32 34 35 36 38 40 42 43 44 48 49 
50 51 56 57 58 62 63 66 68 69 70 71 
72 73 75 78 81 82 83 88 90 92 93 94 
97 99 101 102 105 108 113 114 119 120 123 126 
127 129 131 132 133 135 137 138 140 141 142 144 
145 146 149 150 151 153 160 161 163 166 167 168 
172 174 175 176 177 180 181 183 184 185 186 187 
188 189 190 191 192 193 197 198 201 202 204 208 
211 213 214 215 219 220 223 224 230 231 233 234 
235 238 241 242 243 248 249 250 252 253 255 259 
260 261 263 264 267 268 270 271 273 274 275 276 
281 287 288 292 294 295 304 305 306 307 308 309 
310 313 314 315 318 319 321 322 324 325 327 328 
329 334 335 338 340 343 344 345 346 349 350 351 
355 356 357 359 360 363 364 366 367 373 374 376 
378 379 382 384 386 387 388 389 392 393 395 396 
397 398 399 400 
210
4 9 10 12 14 16 17 18 19 21 23 26 
29 30 32 33 34 36 37 42 43 44 47 51 
52 55 57 59 60 61 62 63 70 74 76 81 
84 86 88 94 95 96 97 98 99 100 101 102 
105 107 109 110 111 112 113 114 115 117 121 122 
124 126 127 128 129 130 135 136 137 139 144 145 
147 149 152 153 154 155 156 160 162 164 165 168 
169 170 171 172 174 177 179 180 181 183 184 187 
191 193 196 198 200 202 204 207 208 209 211 214 
216 218 219 226 227 229 230 231 233 236 238 239 
242 244 247 255 257 258 259 260 261 263 265 266 
267 268 269 270 271 272 275 276 277 279 280 281 
285 286 287 288 289 290 294 299 302 303 305 306 
309 311 312 313 315 317 320 321 326 328 329 330 
331 336 337 338 341 344 345 347 348 350 352 355 
357 358 359 360 362 363 364 365 367 368 369 370 
372 373 374 375 376 377 378 384 385 387 388 392 
395 396 397 398 399 400 
206
2 3 4 5 9 10 19 20 27 30 31 34 
35 36 37 39 40 41 42 45 47 49 50 54 
56 57 62 63 65 66 67 73 77 78 81 83 
88 89 90 91 96 98 99 100 102 104 105 109 
113 115 117 118 121 123 125 127 128 130 131 133 
134 135 137 140 141 142 143 145 146 150 151 152 
153 156 158 162 163 165 166 177 179 180 181 182 
189 190 191 192 194 195 197 199 200 201 203 204 
207 210 211 213 220 221 223 224 226 227 228 231 
232 233 235 238 239 241 246 248 249 252 253 254 
255 256 259 263 264 268 269 273 274 275 276 277 
279 280 283 286 287 289 290 291 292 293 294 295 
297 298 299 300 301 302 303 304 305 307 309 310 
313 314 315 317 319 320 321 324 327 329 330 331 
332 333 335 336 338 339 340 344 347 351 352 353 
354 355 360 361 365 367 368 369 372 373 374 375 
377 378 383 384 386 388 389 390 391 393 394 397 
398 400 
184
3 4 5 8 10 11 13 14 16 18 20 21 
24 26 32 33 35 38 39 40 41 42 44 46 
48 50 53 54 56 58 59 62 64 65 66 68 
72 73 75 76 77 80 86 88 89 90 94 96 
97 99 102 104 109 111 113 114 118 120 122 123 
124 125 127 129 132 135 136 137 138 139 142 143 
144 145 148 150 153 154 157 158 163 165 166 174 
176 177 179 185 187 188 189 192 193 194 195 198 
202 203 204 206 208 209 210 214 215 217 219 221 
222 224 225 226 228 231 232 233 237 239 242 243 
245 246 248 249 252 254 255 256 266 268 271 272 
273 276 278 280 287 290 291 293 296 297 298 299 
300 301 304 306 307 308 309 313 316 318 319 321 
322 323 329 331 332 335 337 343 344 345 347 349 
353 357 360 361 363 366 369 374 383 384 385 389 
392 395 399 400 
207
2 7 8 10 13 15 16 19 20 23 24 26 
27 28 34 36 37 39 41 44 45 46 47 48 
49 50 51 52 53 54 55 56 58 60 61 63 
69 73 74 77 78 81 88 91 93 95 96 99 
105 108 109 110 111 114 117 118 120 122 124 125 
128 129 131 132 134 135 137 139 141 144 145 147 
149 152 153 154 155 156 158 160 162 165 167 172 
173 176 180 184 185 188 189 190 193 194 196 197 
198 199 200 202 203 205 208 212 214 217 221 222 
223 224 226 228 230 231 234 235 236 237 238 239 
240 241 246 247 248 250 252 254 257 260 261 262 
263 270 271 272 273 276 278 279 283 286 287 289 
290 292 293 294 295 296 297 298 300 302 305 306 
308 309 310 311 312 313 316 317 319 321 324 325 
331 332 333 334 336 337 340 342 343 346 348 352 
353 356 357 358 359 361 362 363 364 365 369 370 
371 375 376 378 381 383 384 385 388 389 390 391 
393 397 398 
201
1 2 4 9 10 14 15 17 18 19 21 26 
28 30 33 34 35 36 38 41 42 43 44 47 
48 49 50 53 55 57 64 65 67 68 69 70 
71 73 74 75 76 77 79 80 82 83 85 87 
89 90 92 94 95 98 99 100 102 103 104 106 
107 112 113 115 119 121 122 126 127 128 130 132 
136 137 140 144 146 151 152 154 155 157 158 161 
165 170 171 172 173 178 179 183 193 194 195 199 
200 201 203 205 206 207 208 212 213 219 220 225 
229 230 234 235 238 239 242 243 245 246 250 253 
254 255 258 260 261 264 265 269 270 273 274 277 
279 280 283 284 287 289 291 292 293 295 296 300 
301 303 304 307 309 310 312 313 315 317 318 320 
321 322 323 325 326 327 329 332 334 336 338 339 
341 343 345 346 347 350 352 354 356 358 359 360 
361 364 365 366 369 374 377 380 381 382 383 385 
386 388 389 391 392 395 397 398 399 
198
1 2 6 8 9 10 11 14 15 17 18 22 
24 26 28 29 30 33 38 42 43 44 45 46 
53 54 56 57 59 60 65 67 68 69 72 74 
83 84 85 86 87 90 91 92 94 96 97 98 
99 102 103 104 105 106 110 111 112 113 114 115 
117 118 119 121 122 126 127 129 131 132 133 134 
135 137 138 140 141 142 144 146 147 151 153 154 
156 159 162 163 167 169 172 173 174 176 181 182 
185 187 192 193 196 197 200 201 203 205 207 211 
212 213 216 217 218 220 222 223 224 226 231 232 
233 240 243 245 247 248 252 253 255 262 263 264 
275 281 282 283 284 285 289 291 298 299 300 301 
302 303 304 308 309 311 314 315 316 318 319 322 
323 325 327 331 332 337 340 341 343 344 346 350 
351 353 354 357 358 361 363 365 366 367 369 372 
373 375 378 380 381 383 384 387 388 390 391 392 
393 394 396 397 399 400 
196
4 5 6 7 11 12 17 18 20 22 23 24 
28 30 31 33 34 37 41 45 48 51 53 57 
58 61 62 63 64 66 68 70 71 72 77 79 
82 84 87 88 89 90 92 93 94 95 96 97 
98 100 102 103 108 109 117 119 120 122 125 126 
128 131 132 133 134 136 139 141 142 143 145 146 
147 148 151 154 155 156 157 160 162 163 164 165 
167 168 170 171 174 177 178 182 186 187 192 193 
196 197 198 200 202 208 209 211 212 213 214 216 
218 221 227 228 233 235 242 243 245 247 249 250 
251 252 255 260 262 264 267 268 269 271 276 278 
281 282 286 287 290 291 293 294 297 298 299 301 
302 303 304 305 308 309 310 315 316 320 321 324 
325 327 329 332 333 335 336 340 343 344 345 347 
348 349 351 355 357 358 359 360 361 362 363 364 
365 366 369 371 376 377 378 379 380 389 391 394 
395 396 397 400 
202
1 4 6 7 8 12 16 18 19 21 22 23 
24 26 27 29 35 36 37 41 44 45 46 47 
48 49 52 54 59 62 63 65 71 73 74 75 
76 80 84 85 86 88 89 91 92 93 94 95 
96 97 98 99 100 104 105 107 109 110 112 114 
116 119 120 121 122 123 124 125 127 129 130 132 
133 135 138 141 143 146 147 150 155 158 159 161 
172 173 174 176 178 181 182 183 186 187 191 193 
194 195 197 199 202 205 207 208 209 210 212 213 
216 219 220 224 226 228 231 233 234 235 238 240 
241 242 244 248 249 250 251 252 253 254 255 256 
257 259 264 265 266 270 272 273 274 275 277 279 
285 287 290 291 292 294 295 296 298 299 310 313 
314 315 316 317 318 319 325 328 329 332 333 336 
337 340 344 346 347 348 352 353 357 359 360 362 
363 366 367 368 369 370 373 374 375 376 377 378 
379 382 383 384 385 386 388 392 396 400 
190
1 7 8 10 17 18 19 23 24 25 26 28 
29 30 34 35 36 37 40 43 47 48 50 52 
53 54 56 57 58 60 62 63 64 65 68 69 
72 73 77 83 84 86 87 88 90 92 93 94 
96 97 102 104 106 108 109 112 114 117 118 119 
120 123 129 131 132 135 136 138 139 145 149 152 
161 162 163 165 166 168 171 172 175 178 183 193 
194 197 198 200 202 204 205 206 210 212 214 215 
217 218 219 221 222 226 227 228 231 234 235 237 
240 243 245 246 249 251 254 256 259 260 261 262 
264 266 269 270 273 274 275 280 281 283 284 288 
289 290 291 293 296 297 299 303 305 306 309 315 
317 322 323 324 325 328 329 332 334 337 340 342 
344 345 347 350 352 353 356 358 359 360 361 363 
364 366 367 368 369 370 371 372 373 378 382 383 
384 386 387 388 391 394 396 397 398 399 
216
2 4 5 6 8 10 11 13 15 18 19 20 
21 22 25 28 31 32 35 36 37 40 41 42 
44 45 46 49 54 55 56 57 58 59 66 67 
69 70 73 77 78 79 80 82 83 84 86 87 
89 91 92 93 94 97 99 101 102 104 106 108 
109 110 113 115 116 119 121 122 126 128 132 133 
134 135 138 139 141 143 145 149 150 153 154 157 
158 159 161 162 165 166 167 169 173 177 178 179 
181 182 187 188 189 191 192 194 195 196 197 199 
200 202 203 204 205 207 211 212 213 214 216 219 
221 222 226 227 230 231 232 236 237 238 242 243 
248 249 251 252 255 256 257 259 260 262 263 264 
266 267 268 270 272 274 276 278 281 283 285 287 
288 289 290 295 296 298 299 301 302 303 307 309 
311 314 316 320 321 322 323 325 326 327 329 331 
332 333 335 336 339 341 342 344 345 347 350 352 
353 354 357 359 360 363 365 368 369 371 374 375 
378 379 381 382 386 387 388 389 390 393 394 399 
199
1 4 5 11 12 13 14 17 18 20 23 28 
29 35 37 39 41 42 44 46 50 51 52 59 
61 62 65 67 68 70 71 72 73 75 77 81 
82 85 87 88 89 90 91 94 96 100 101 107 
108 110 111 113 115 118 119 120 123 124 128 129 
130 131 133 135 138 139 140 148 149 155 157 162 
164 167 168 170 171 172 176 178 179 183 187 188 
191 194 195 197 200 201 202 207 208 212 213 214 
217 221 222 223 224 225 228 231 232 233 235 237 
239 240 241 242 245 246 247 248 250 251 252 253 
256 258 259 261 263 264 265 266 268 271 272 273 
274 275 276 278 279 281 282 285 287 291 292 295 
296 297 300 301 302 305 308 311 312 313 314 315 
318 319 320 324 327 328 329 333 334 336 338 340 
345 346 349 351 352 353 354 355 357 364 365 367 
368 370 372 373 374 376 377 379 380 382 383 386 
387 388 389 390 394 399 400 
194
1 3 6 7 8 10 14 15 17 19 23 25 
28 32 33 35 39 41 42 46 47 49 51 52 
53 55 57 58 61 62 64 65 67 69 70 71 
72 73 76 77 78 79 84 86 90 92 93 94 
96 97 99 103 106 108 109 115 119 125 126 128 
130 132 134 137 140 141 143 144 145 147 148 151 
152 153 154 157 158 161 162 164 165 167 168 169 
171 172 173 177 179 182 185 187 190 192 194 197 
203 205 209 212 214 215 216 217 218 220 221 225 
232 233 235 237 238 240 241 245 246 247 248 250 
252 253 255 257 265 269 271 272 273 274 276 280 
282 284 286 288 290 291 292 293 298 302 303 304 
305 306 307 308 309 313 314 316 317 318 319 323 
325 327 336 338 339 341 342 343 346 347 349 350 
351 356 357 360 362 363 365 366 368 371 372 374 
376 380 382 383 384 385 387 388 389 392 393 394 
396 398 
207
4 6 8 13 15 17 18 20 22 25 26 28 
29 34 36 37 38 43 45 46 47 50 51 53 
54 58 60 61 66 67 70 74 77 80 82 83 
84 87 88 91 92 94 95 97 99 100 103 104 
106 107 109 110 111 112 113 114 115 116 117 118 
119 120 121 124 126 127 128 129 130 131 132 134 
136 137 142 151 153 154 155 157 158 159 160 163 
165 167 169 172 173 174 177 178 179 184 187 190 
192 193 194 195 196 198 199 201 202 203 204 214 
215 218 220 222 225 226 227 229 232 237 239 240 
242 245 246 247 248 249 250 253 255 258 261 263 
264 265 266 269 270 272 278 279 280 283 284 286 
287 291 292 293 294 295 297 299 300 302 306 307 
309 312 313 314 315 316 317 320 322 323 325 326 
327 329 331 332 333 336 339 341 344 345 347 348 
349 352 353 354 355 357 359 366 370 371 373 374 
375 376 377 378 379 381 383 385 387 390 392 393 
394 395 399 
206
1 2 4 6 8 10 11 13 19 20 25 26 
27 28 30 32 33 34 36 38 39 41 43 45 
46 47 48 50 51 57 58 59 60 61 62 63 
64 66 67 68 69 70 71 72 74 75 77 78 
80 81 82 83 85 87 88 89 91 92 93 94 
95 98 101 102 104 105 107 108 109 112 113 114 
116 117 122 123 124 129 132 133 134 135 136 138 
140 141 146 148 152 154 160 161 162 163 168 169 
170 171 172 174 180 181 182 184 185 187 188 190 
193 195 196 197 198 199 202 203 204 213 215 217 
219 222 224 226 229 233 234 235 237 242 244 246 
247 249 250 253 254 255 267 270 272 274 275 276 
277 283 285 289 290 292 295 296 297 299 301 302 
303 305 308 309 310 313 315 319 321 324 326 329 
332 334 338 339 341 342 343 345 346 347 349 353 
359 363 366 368 370 371 372 373 375 377 378 379 
380 381 382 383 385 387 389 392 393 394 396 397 
398 400 
191
2 3 4 6 7 8 12 13 14 16 18 23 
27 28 29 32 33 35 36 39 41 42 44 45 
49 51 52 54 61 62 66 68 69 72 74 76 
77 78 80 83 85 86 87 88 89 93 97 99 
101 102 103 105 106 107 109 110 115 116 117 120 
121 122 123 124 128 130 132 133 134 136 139 141 
143 146 152 153 154 155 158 163 169 170 172 174 
175 177 178 179 180 181 182 184 188 190 193 195 
197 198 200 202 204 205 209 212 213 214 217 218 
219 220 224 225 229 231 233 235 237 242 245 249 
258 262 263 269 272 276 279 280 281 282 284 285 
286 288 289 290 291 299 300 303 305 310 313 314 
315 316 318 321 322 323 324 325 328 329 330 331 
332 333 334 336 337 339 340 341 347 350 353 355 
357 360 362 363 364 367 369 371 372 373 375 376 
377 378 380 382 383 385 386 390 391 398 400 
205
2 4 11 13 15 17 20 23 24 27 29 31 
33 38 39 40 41 42 43 45 47 48 49 50 
51 54 55 58 59 60 61 63 66 68 69 70 
71 72 73 74 75 77 78 80 83 84 85 86 
88 89 93 94 96 99 102 103 105 107 112 113 
119 120 121 122 125 126 127 128 129 131 133 134 
135 137 138 143 145 146 147 148 151 152 154 156 
157 158 160 161 162 163 165 167 168 171 176 177 
180 183 185 186 187 188 200 201 202 203 204 205 
206 208 210 211 212 216 217 218 219 222 224 225 
227 228 229 231 232 238 239 240 242 243 248 254 
258 260 264 266 267 268 269 271 272 278 279 281 
282 287 290 294 296 297 299 300 302 304 306 309 
310 311 312 314 316 317 319 321 324 328 329 333 
334 335 337 338 340 343 344 348 349 352 356 359 
360 362 363 365 366 368 369 370 375 377 378 381 
382 385 386 389 390 391 392 393 394 396 397 398 
399 
197
2 4 6 9 10 13 16 18 21 24 25 26 
29 31 32 34 37 40 41 42 46 47 48 49 
53 54 57 58 59 62 65 67 69 71 72 73 
76 79 80 81 85 86 90 91 92 96 99 101 
102 104 107 108 109 113 115 121 122 124 125 126 
127 129 130 131 133 134 136 138 140 149 150 151 
152 153 159 160 164 167 169 173 175 177 179 181 
182 183 185 187 188 190 191 193 194 199 208 209 
213 216 218 221 225 226 227 229 230 234 236 240 
242 244 246 250 251 255 256 259 260 261 262 264 
267 270 271 272 274 275 277 278 279 280 284 285 
286 287 288 292 293 294 297 298 299 301 303 304 
305 309 310 312 313 316 317 318 321 324 325 327 
329 331 332 333 334 336 337 338 341 344 346 347 
349 350 351 352 357 358 359 361 362 363 364 366 
368 370 372 373 374 375 377 379 382 389 392 394 
395 396 397 398 399 
181
1 3 4 5 6 8 11 12 14 15 17 19 
21 22 23 25 26 29 32 35 40 42 44 45 
46 48 51 52 53 54 55 60 61 62 63 65 
68 70 71 74 75 81 82 83 93 94 95 97 
98 100 103 104 108 109 110 112 115 116 118 123 
125 126 128 130 131 135 142 143 146 147 148 151 
152 154 155 159 161 163 165 167 168 170 172 173 
174 176 181 186 190 194 195 199 200 206 209 212 
214 215 216 217 220 223 224 225 229 231 233 234 
236 238 240 244 245 248 251 252 260 263 269 274 
275 277 278 281 283 285 288 290 293 294 295 296 
297 298 300 301 302 304 306 307 308 309 310 313 
314 315 316 322 324 325 327 328 329 332 333 336 
337 339 341 342 343 344 354 359 360 365 366 367 
371 372 373 374 376 383 387 391 392 393 394 396 
400 
195
2 3 4 5 6 7 8 10 12 13 15 16 
21 22 25 26 28 32 35 40 44 46 49 54 
58 59 62 63 65 66 71 75 81 82 85 86 
87 89 90 91 92 94 99 104 105 110 115 116 
118 121 122 123 125 126 129 130 137 139 144 145 
150 151 152 153 155 156 157 159 161 163 164 167 
168 171 172 173 174 179 180 181 182 183 186 187 
188 192 193 194 195 196 197 199 200 203 204 205 
206 207 210 211 212 213 218 220 221 222 225 226 
228 230 232 233 235 237 239 240 242 246 247 248 
249 250 252 254 255 259 260 266 267 269 271 275 
277 278 283 284 287 288 289 291 292 293 296 298 
299 303 305 309 311 313 315 317 318 320 321 323 
324 325 326 333 335 337 341 343 344 347 350 354 
355 357 358 360 361 362 365 366 368 370 371 372 
378 379 380 382 383 386 387 388 389 390 391 392 
393 399 400 
181
2 3 4 6 9 10 13 14 15 16 18 19 
21 22 24 25 27 28 30 35 36 37 42 43 
45 48 51 55 59 60 66 70 72 73 76 79 
81 82 85 89 92 94 95 96 97 99 103 104 
107 108 119 120 123 124 133 136 138 139 145 146 
152 154 156 160 161 162 164 165 168 170 171 172 
175 176 177 178 180 184 185 186 188 189 190 191 
192 193 196 198 201 203 205 207 209 210 213 214 
215 217 220 222 223 226 227 228 231 233 236 243 
245 247 250 252 253 254 260 262 263 264 265 267 
274 276 277 279 281 282 283 286 290 292 295 297 
301 302 303 304 306 307 308 313 314 319 322 323 
324 325 328 330 331 333 335 336 337 338 340 347 
349 350 353 354 356 359 360 361 364 369 372 374 
376 377 380 381 383 384 388 389 390 391 393 398 
400 
219
2 3 4 6 7 9 10 12 13 14 15 16 
17 19 20 21 22 23 24 28 30 31 32 34 
35 37 41 42 44 45 47 51 52 55 56 57 
59 60 66 68 70 72 73 74 75 76 77 80 
81 82 83 86 88 89 92 93 94 96 97 100 
101 102 103 104 105 106 108 109 110 111 112 115 
116 118 119 120 121 125 126 127 129 131 132 133 
134 140 142 143 144 145 146 147 148 153 154 155 
159 161 162 164 165 166 167 170 171 173 175 176 
178 180 181 184 187 188 191 193 195 196 198 199 
200 202 205 206 207 208 209 210 214 216 218 219 
222 223 224 226 230 234 235 236 239 240 241 242 
243 245 246 248 250 251 252 254 258 260 261 265 
269 272 275 276 285 286 287 290 291 292 293 295 
296 297 299 301 302 304 306 307 308 309 311 312 
316 317 318 321 327 329 330 331 332 335 337 338 
339 340 344 347 349 351 354 355 356 357 359 361 
364 371 375 376 377 379 380 381 383 384 386 390 
391 394 397 
218
1 3 4 5 6 7 10 12 13 14 17 18 
19 20 21 23 28 29 30 32 33 35 36 37 
38 41 43 47 49 56 59 60 61 62 63 64 
65 66 67 71 74 80 81 84 86 87 89 91 
94 95 96 98 99 103 104 105 108 110 111 112 
113 114 115 116 117 119 121 122 123 125 126 128 
129 131 136 139 140 141 143 144 145 148 151 152 
154 155 157 158 161 162 163 166 167 168 170 171 
172 174 175 176 181 182 183 188 189 191 192 193 
195 196 197 198 200 201 202 204 205 210 212 213 
216 218 219 220 222 227 229 233 238 239 244 245 
246 247 248 249 251 252 259 260 262 264 266 267 
269 271 276 277 279 280 281 288 289 290 291 292 
297 300 301 302 303 304 306 307 309 311 314 316 
317 322 323 324 325 327 328 329 330 331 332 333 
334 335 337 341 343 344 347 349 351 352 355 357 
358 359 360 361 362 363 364 365 367 371 372 373 
375 377 378 379 380 381 383 388 389 393 394 395 
397 398 
212
2 4 6 7 10 12 15 17 19 21 23 24 
25 28 30 33 35 36 37 38 39 40 41 44 
45 49 50 52 53 54 55 56 58 60 63 64 
65 66 67 70 74 75 76 78 80 82 83 86 
89 90 92 93 98 99 100 101 102 103 106 107 
109 112 113 115 116 119 120 121 122 123 125 126 
129 130 132 134 135 136 137 138 139 141 143 145 
146 147 151 152 155 157 161 162 163 168 169 170 
171 172 173 175 180 183 184 186 187 188 189 190 
191 192 193 198 200 202 203 208 209 212 218 219 
221 223 225 227 228 231 233 235 238 241 242 243 
244 245 247 250 251 252 257 260 261 263 264 265 
266 269 270 271 272 273 274 275 276 278 282 283 
284 290 292 293 296 298 300 301 302 304 305 307 
309 311 312 313 315 319 320 321 325 328 332 333 
335 336 338 340 349 353 355 357 358 359 362 365 
366 368 370 371 376 378 379 380 381 383 384 386 
389 393 394 395 396 397 398 400 
195
2 4 5 8 11 13 19 20 23 25 26 27 
31 32 37 39 44 47 48 49 50 51 57 58 
61 63 66 67 69 71 73 74 76 77 79 80 
81 83 87 88 89 90 91 92 93 95 96 98 
99 100 103 104 111 112 113 114 116 119 121 123 
127 128 132 136 137 140 142 144 146 148 149 150 
152 153 154 155 158 162 163 164 165 168 169 170 
173 174 175 178 179 180 182 185 186 187 189 192 
194 195 197 199 200 201 202 203 204 208 209 211 
212 213 217 220 221 223 224 225 226 227 230 232 
236 237 240 241 244 247 248 249 252 255 256 259 
262 265 270 271 274 282 285 287 288 289 290 293 
294 295 297 298 299 300 301 302 303 305 308 309 
310 311 313 314 317 320 323 324 325 326 328 334 
338 340 342 344 348 351 352 357 360 361 362 363 
364 370 372 373 375 379 383 384 385 386 390 391 
398 399 400 
192
2 4 6 8 11 13 14 15 17 20 21 22 
25 29 31 34 36 40 41 42 44 45 47 49 
51 52 54 56 60 68 71 74 75 77 82 83 
85 86 87 90 91 92 94 101 102 103 105 108 
112 113 114 115 117 118 121 125 127 130 131 139 
140 141 142 143 144 145 146 148 149 150 152 153 
155 156 158 159 166 167 168 170 171 173 178 180 
181 186 190 198 199 200 203 204 206 214 215 216 
220 222 223 227 229 234 236 238 239 240 241 246 
249 250 251 252 254 255 256 257 258 259 263 266 
267 268 269 271 272 273 274 275 277 278 282 284 
288 291 292 293 295 297 301 302 304 305 307 309 
313 316 319 322 326 333 334 337 338 342 346 347 
349 350 351 354 355 357 358 361 362 363 364 366 
368 369 370 372 373 374 379 381 382 384 385 386 
387 390 391 392 393 394 395 396 397 398 399 400 
205
1 5 6 8 9 12 21 24 25 26 31 36 
39 40 43 45 46 48 50 52 53 55 56 59 
61 62 67 72 73 75 80 86 87 88 89 90 
92 98 99 100 110 111 113 114 115 117 118 119 
120 122 124 129 134 138 139 140 141 143 145 147 
148 149 150 151 152 153 154 155 158 159 161 162 
165 166 167 169 171 172 176 177 180 182 183 184 
187 189 190 191 193 194 196 197 198 199 200 202 
203 205 209 211 212 214 215 216 217 218 219 220 
222 223 224 226 227 229 230 231 233 234 235 239 
241 242 244 247 250 251 252 255 256 260 263 264 
265 267 270 271 272 273 275 278 279 282 283 284 
289 293 294 295 297 298 299 305 307 308 312 313 
315 316 319 321 322 323 327 328 329 330 332 337 
338 341 343 344 348 349 350 354 355 356 358 360 
363 364 366 367 370 371 372 373 374 375 376 377 
378 379 381 384 385 390 392 393 394 395 396 397 
399 
203
1 2 3 4 5 6 7 10 12 13 14 16 
17 23 26 27 28 30 31 36 37 38 41 43 
44 45 46 47 48 51 53 54 55 58 60 65 
67 68 70 71 72 73 74 75 76 78 79 81 
82 84 85 86 89 90 91 92 93 94 96 97 
99 100 101 104 105 106 108 111 113 114 116 121 
122 123 127 129 130 136 137 138 141 145 148 149 
150 151 152 154 156 157 158 159 160 166 173 174 
176 177 178 182 184 186 188 189 190 192 194 200 
201 202 204 207 208 209 214 215 217 218 222 223 
227 231 232 233 237 238 240 243 246 247 250 252 
257 262 265 267 268 269 271 272 273 277 278 280 
282 284 285 286 289 291 292 298 299 300 302 305 
306 307 309 310 311 312 318 320 323 325 326 328 
330 331 334 338 340 343 345 346 347 348 351 353 
354 357 358 359 363 364 365 367 368 370 371 374 
375 378 380 383 384 385 391 392 395 398 400 
206
1 7 8 9 10 11 12 14 15 17 18 19 
20 22 23 25 26 29 31 32 33 35 37 38 
39 41 42 44 46 48 50 51 53 54 55 58 
59 61 62 63 65 66 68 69 71 74 75 77 
80 83 87 94 97 98 99 100 106 110 112 113 
115 117 118 119 122 124 127 128 129 131 132 133 
134 136 139 141 142 143 145 149 150 157 159 160 
161 163 164 166 168 170 175 179 181 182 183 184 
186 187 189 199 200 202 203 205 207 209 210 218 
220 225 226 227 228 229 231 232 233 234 237 239 
240 243 245 246 248 249 256 257 258 260 261 263 
266 268 270 271 272 273 279 281 285 286 288 290 
291 294 295 297 300 301 302 303 304 305 306 308 
310 313 315 320 321 324 330 331 333 335 339 341 
342 343 344 348 349 350 351 352 353 356 357 358 
360 362 363 364 368 369 372 373 374 378 379 380 
381 382 384 385 386 389 391 392 395 396 397 398 
399 400 
182
3 4 6 10 11 13 14 16 19 22 23 29 
36 39 41 45 48 51 52 54 58 63 64 65 
66 67 68 69 72 73 77 79 80 81 84 86 
89 90 91 93 96 100 101 102 104 106 107 110 
111 115 116 117 119 120 124 125 126 132 133 134 
135 136 140 147 148 151 152 153 154 155 157 159 
161 168 169 171 172 174 179 180 184 187 189 192 
193 195 200 203 204 205 206 207 208 209 210 212 
214 219 220 221 225 227 229 231 232 233 238 239 
241 246 248 251 252 256 257 258 260 261 263 264 
265 267 268 275 276 279 283 284 285 288 290 295 
296 297 298 300 304 305 307 308 309 311 312 314 
315 316 318 320 321 323 324 327 328 329 331 334 
336 337 338 339 341 345 346 347 349 352 354 357 
358 363 370 374 378 380 384 386 388 394 396 397 
398 399 
200
1 6 8 9 10 12 15 17 21 22 24 25 
30 32 33 34 35 37 40 45 46 53 54 58 
59 60 61 65 68 72 73 74 76 79 80 82 
83 85 86 88 91 92 93 94 96 100 101 102 
103 105 106 107 112 113 115 117 118 121 123 124 
125 126 128 131 132 134 136 141 142 143 144 145 
147 149 151 152 153 155 157 158 162 163 165 166 
167 168 170 171 174 177 182 186 187 189 190 192 
193 196 198 199 200 201 202 206 207 209 211 216 
217 221 229 230 232 234 235 236 237 238 240 242 
244 245 247 252 253 256 257 259 260 261 262 263 
264 265 269 270 272 275 277 278 281 283 288 289 
290 291 292 293 297 298 301 304 305 306 312 313 
314 315 316 317 318 324 325 327 328 329 331 332 
334 339 340 341 342 343 346 347 348 350 351 354 
358 364 366 368 370 373 374 375 386 387 388 389 
391 392 393 395 396 397 399 400 
207
1 2 3 4 5 9 11 12 13 16 17 18 
26 27 30 31 34 35 36 37 38 39 41 42 
44 45 48 49 50 51 52 53 55 57 58 60 
61 63 64 65 70 73 75 76 77 78 79 81 
82 86 89 94 96 99 100 101 103 104 107 109 
111 112 113 120 123 124 125 126 133 134 135 138 
139 140 143 144 145 146 147 148 149 150 152 153 
156 157 158 162 165 166 167 169 170 172 175 176 
177 178 179 180 181 183 184 185 186 188 190 194 
195 196 197 199 201 205 208 209 210 211 213 216 
219 220 221 222 224 225 228 229 230 232 234 237 
241 243 245 246 252 254 255 256 264 266 269 275 
277 280 283 284 285 286 287 288 289 291 293 294 
296 297 298 299 301 307 310 313 316 321 322 323 
324 330 331 332 334 336 337 338 339 340 342 344 
346 347 348 349 350 351 352 354 357 359 360 364 
366 367 368 369 370 376 380 384 386 387 390 396 
398 399 400 
210
2 5 6 8 9 18 20 21 22 27 28 30 
32 33 34 35 36 37 38 39 40 43 45 46 
47 48 49 50 52 54 55 57 59 60 66 67 
71 72 73 75 79 80 81 82 86 88 91 92 
94 96 100 104 105 106 107 109 111 112 113 116 
117 122 124 125 126 128 129 130 134 135 136 139 
142 146 147 148 151 152 155 156 158 159 160 161 
165 166 167 168 169 171 172 173 175 176 177 178 
181 182 183 184 186 187 188 189 192 193 195 200 
201 203 209 211 214 215 216 219 220 221 222 223 
225 232 233 234 236 239 241 242 248 249 252 253 
254 255 257 258 261 267 268 269 270 275 278 280 
281 284 285 286 288 289 290 297 299 303 305 306 
308 313 316 317 318 319 321 323 326 331 332 333 
334 336 337 340 342 344 345 346 347 348 350 351 
352 353 354 356 357 359 360 361 362 363 366 368 
374 375 376 378 380 383 384 385 387 388 389 391 
392 393 394 395 398 400 
209
4 5 6 7 8 9 11 12 13 14 16 17 
19 21 22 23 25 27 29 30 35 36 37 39 
41 42 43 46 47 50 51 55 58 60 67 72 
74 76 79 80 81 83 84 86 87 89 90 93 
97 98 100 101 102 104 105 106 107 109 112 113 
114 118 119 123 124 126 129 130 131 133 134 137 
138 139 142 143 144 147 152 153 154 156 159 160 
162 163 164 166 171 176 181 182 188 189 191 192 
193 194 195 197 199 201 203 204 205 206 207 209 
212 213 216 220 223 226 227 228 230 234 236 237 
238 239 240 242 243 244 247 248 249 250 252 253 
254 255 258 259 260 262 263 264 265 266 272 277 
280 283 286 287 288 289 290 291 293 294 295 297 
298 300 301 302 304 305 306 307 309 314 315 316 
319 322 323 324 332 334 335 341 342 344 345 347 
349 350 352 353 355 356 358 359 360 363 367 368 
371 372 374 379 380 385 387 388 390 392 393 394 
395 396 397 399 400 
197
1 2 8 9 10 13 14 17 18 19 22 23 
24 27 29 30 33 34 35 37 40 41 42 44 
49 50 52 54 55 59 60 63 65 66 71 73 
74 76 77 78 79 83 84 85 92 93 94 95 
98 99 101 103 104 105 106 108 111 113 114 117 
118 119 121 122 123 124 126 129 130 132 135 138 
139 143 144 148 149 151 152 153 156 157 162 163 
165 166 167 169 171 172 177 178 180 181 187 188 
190 191 193 194 195 196 198 199 200 201 205 209 
210 212 214 217 219 221 222 227 228 231 237 242 
243 247 249 250 251 252 255 256 257 258 261 264 
268 270 272 275 277 278 279 280 281 282 285 287 
288 290 291 293 294 296 298 299 300 301 306 309 
310 312 315 318 322 324 326 330 334 335 338 341 
342 343 344 349 350 351 352 355 357 359 362 365 
369 370 372 373 374 375 380 381 383 387 388 389 
390 391 393 397 400 
191
3 4 6 11 13 16 18 19 25 27 28 31 
38 39 40 41 42 43 44 50 51 54 55 57 
58 59 63 67 70 71 72 73 76 77 79 83 
84 86 87 93 98 100 102 106 109 110 111 112 
114 116 117 118 121 122 125 127 130 132 135 138 
142 144 145 147 148 149 150 153 157 158 159 162 
163 164 166 167 168 171 174 177 178 179 181 184 
185 187 188 190 191 196 199 200 204 205 206 207 
214 215 217 219 221 222 224 229 234 235 237 238 
239 240 241 243 244 246 247 248 249 252 253 256 
259 260 261 263 265 267 269 271 272 273 274 277 
278 280 284 285 286 288 290 298 299 300 301 303 
304 305 306 311 313 314 317 320 323 325 327 328 
331 333 335 337 338 341 344 347 349 350 351 354 
355 359 361 362 363 365 366 367 368 370 380 384 
385 387 388 390 391 392 395 396 397 398 399 
183
1 3 4 5 6 8 9 10 12 13 15 17 
18 26 29 30 33 35 36 37 48 50 51 54 
61 66 72 79 85 86 88 91 93 94 95 97 
98 102 104 105 107 111 112 113 114 115 116 119 
123 126 135 137 141 142 144 146 148 149 151 153 
157 159 163 164 171 175 179 184 185 187 190 192 
193 194 195 197 198 199 201 202 205 206 208 209 
214 215 221 225 227 229 232 233 236 238 240 241 
243 245 247 248 250 252 253 254 255 256 257 259 
260 261 262 263 264 265 267 270 272 273 274 277 
278 279 280 282 283 284 285 287 288 290 293 296 
297 299 300 303 304 305 308 313 314 315 318 319 
320 321 322 323 326 329 330 332 337 343 344 349 
350 351 353 355 357 358 359 363 366 367 368 369 
371 373 376 378 379 380 382 383 385 386 391 392 
394 395 396 
208
1 3 5 6 7 8 9 10 11 12 16 17 
20 21 25 26 28 29 30 31 32 37 38 39 
40 41 42 43 47 48 51 52 53 55 57 62 
63 65 67 68 69 70 73 79 80 82 85 86 
87 90 91 93 94 98 100 102 103 107 110 111 
113 114 115 116 119 120 121 123 125 126 127 129 
130 135 136 138 139 142 146 147 148 150 153 154 
155 157 158 160 163 165 169 171 172 174 178 179 
180 183 188 191 196 200 204 205 208 209 210 211 
212 215 221 222 223 224 225 226 228 229 231 232 
233 234 235 236 237 238 239 241 244 245 248 249 
254 257 258 260 261 263 264 268 269 271 273 275 
276 279 280 282 283 288 289 290 291 294 295 297 
298 300 301 303 304 305 306 307 308 309 312 313 
314 315 317 323 329 330 331 332 334 337 338 339 
340 342 343 344 345 346 347 348 349 353 357 359 
360 364 366 371 372 373 379 380 382 383 387 388 
391 393 394 396 
197
6 10 11 12 14 15 17 20 22 23 26 28 
31 34 35 37 38 40 41 43 44 45 47 48 
50 56 57 58 59 60 61 62 65 69 70 71 
73 74 75 76 80 82 83 84 91 93 94 95 
104 106 109 111 114 116 120 121 122 123 124 127 
131 132 133 135 137 138 139 140 142 144 145 146 
148 149 150 151 152 153 154 157 158 160 161 162 
164 165 166 167 169 170 171 172 173 178 179 180 
181 183 185 186 189 190 191 193 194 195 196 197 
199 201 204 205 206 212 217 219 220 222 223 225 
227 228 231 234 236 237 240 242 245 246 248 250 
254 257 258 262 263 268 269 270 272 275 276 278 
279 280 291 292 295 296 297 298 299 301 302 303 
306 307 309 310 311 313 316 318 319 322 323 325 
326 327 329 330 332 335 336 337 338 340 343 344 
350 352 355 358 368 371 375 385 389 390 391 393 
394 395 397 398 400 
203
2 3 6 11 12 14 15 16 18 22 23 25 
29 30 31 35 36 37 39 40 42 44 49 50 
51 52 53 54 55 57 62 64 65 66 67 72 
79 80 84 86 88 90 93 94 95 96 97 98 
99 101 103 107 108 109 112 115 117 118 120 122 
124 125 126 128 131 132 133 136 137 138 142 145 
146 152 154 156 157 159 160 162 163 168 171 173 
174 176 178 181 182 183 184 186 187 189 190 191 
193 195 197 199 200 202 203 205 206 207 208 209 
210 212 215 223 228 230 231 233 234 235 236 237 
240 242 243 245 246 247 249 250 251 254 256 258 
264 265 266 267 272 277 278 279 280 281 286 287 
288 289 290 296 297 298 299 300 301 303 305 306 
309 311 313 314 316 317 318 320 321 322 326 327 
328 332 334 336 337 339 340 342 345 346 350 351 
353 354 357 358 359 361 364 366 370 371 372 376 
378 379 381 385 386 388 392 394 395 398 400 
203
1 3 6 8 10 11 13 14 15 16 17 19 
20 21 22 24 27 28 30 31 34 35 38 41 
42 43 45 46 47 48 50 52 53 54 58 63 
64 66 67 72 73 74 78 79 82 85 87 88 
89 90 91 92 93 96 99 100 102 104 113 114 
115 116 117 118 123 132 133 135 136 137 138 140 
141 145 146 148 149 151 152 155 157 158 159 161 
166 169 171 172 176 179 180 184 185 186 187 189 
190 193 198 200 202 204 205 206 207 209 210 211 
212 215 217 218 221 223 225 227 228 230 231 232 
233 234 235 237 238 239 240 241 242 245 248 250 
255 262 264 265 270 272 276 277 280 282 283 285 
291 292 295 297 300 301 304 308 309 313 314 316 
317 318 320 322 323 327 329 332 334 335 336 337 
339 340 341 344 346 347 349 350 353 354 355 356 
359 360 362 363 364 365 368 369 371 373 376 379 
381 383 388 389 391 393 396 397 398 399 400 
212
2 8 12 13 14 15 16 17 20 21 23 25 
26 27 29 31 32 34 36 37 42 43 44 45 
46 49 50 51 52 53 54 55 57 59 61 62 
64 65 66 68 69 72 73 75 76 77 78 80 
81 84 85 87 88 90 91 95 96 100 101 102 
103 104 105 111 112 114 116 118 122 123 128 133 
135 136 138 140 141 142 144 146 151 153 154 155 
156 158 159 162 163 164 166 173 177 178 180 181 
183 185 186 190 191 196 197 199 200 201 202 205 
206 208 209 213 214 219 220 221 222 223 224 225 
226 228 232 233 234 235 236 237 238 239 242 243 
244 246 248 252 253 255 257 262 264 265 268 273 
275 277 278 279 282 283 284 287 289 290 294 297 
299 302 303 304 305 306 308 309 310 312 313 314 
315 316 319 321 322 323 325 326 327 328 329 330 
331 332 336 337 338 340 347 348 349 351 353 355 
357 359 360 361 364 372 373 374 375 376 377 378 
379 380 381 386 388 390 391 397 
196
1 4 7 8 9 10 11 13 14 15 16 20 
23 25 27 29 31 33 37 38 40 43 45 46 
47 50 51 52 53 55 56 57 58 59 62 67 
69 72 73 74 75 76 77 78 80 81 82 83 
84 88 89 91 96 97 99 102 104 109 110 112 
113 114 118 122 124 125 128 130 132 135 136 137 
138 140 142 148 149 150 152 153 157 161 162 164 
166 169 170 173 175 177 180 182 185 188 191 195 
196 197 198 205 206 210 211 212 213 216 220 222 
228 229 230 232 233 235 236 238 239 240 241 242 
247 249 251 252 253 255 257 260 262 263 265 267 
268 274 275 277 279 280 281 282 284 288 292 293 
294 297 298 299 301 302 303 305 307 309 310 311 
316 319 320 322 325 331 332 335 336 337 341 344 
346 347 348 351 352 356 357 358 361 363 364 365 
366 367 369 373 375 376 377 379 382 383 387 388 
390 395 396 397 
194
1 4 6 9 11 14 15 17 18 19 22 23 
26 27 28 32 34 35 37 38 39 43 45 50 
51 54 57 61 64 69 70 74 75 78 79 81 
82 87 90 91 96 98 100 106 107 108 113 115 
119 120 124 126 128 129 131 133 138 139 140 141 
142 143 144 147 148 149 155 158 159 160 161 164 
166 167 168 170 172 174 175 177 180 181 182 183 
184 186 188 189 191 192 194 195 196 199 200 201 
206 208 209 211 213 214 216 217 218 220 221 222 
224 226 227 231 232 235 238 239 240 241 242 243 
246 247 250 251 254 256 258 259 260 262 263 264 
266 269 270 272 273 278 280 282 286 287 295 301 
302 303 304 308 312 313 315 319 320 321 322 324 
327 328 329 330 331 332 334 336 338 340 341 346 
349 352 353 354 361 362 363 365 366 368 371 372 
373 374 380 381 382 383 387 388 391 392 394 397 
399 400 
196
2 3 4 6 8 9 13 14 23 25 26 27 
28 29 30 31 38 39 41 42 45 47 49 50 
51 53 55 57 59 60 62 63 64 67 68 70 
72 75 76 78 79 80 82 86 87 88 90 92 
93 94 95 100 105 106 108 111 112 114 115 116 
121 122 123 124 126 127 129 131 136 137 139 140 
141 144 147 148 150 154 156 158 162 165 166 168 
169 171 172 174 176 177 181 184 185 187 189 190 
192 193 194 195 196 197 198 199 200 201 202 205 
207 208 210 211 214 215 216 217 219 227 228 229 
230 232 234 236 240 241 243 245 246 247 250 251 
257 260 261 263 266 267 268 269 270 272 273 274 
276 277 280 281 283 285 287 290 295 299 301 303 
304 306 309 310 311 315 316 317 318 319 322 323 
328 329 332 334 339 341 353 354 356 358 361 364 
366 371 372 374 375 379 381 384 388 390 392 393 
396 397 398 400 
202
3 4 6 7 14 15 16 17 22 24 25 26 
27 30 31 33 35 39 40 42 45 46 47 48 
51 53 55 57 61 62 65 66 68 70 74 75 
76 78 82 86 89 91 92 97 98 99 100 102 
103 106 107 109 110 112 114 116 117 119 120 121 
124 127 128 129 130 133 134 136 137 139 141 142 
143 144 146 147 148 150 151 152 153 157 158 161 
163 168 171 174 178 181 183 185 187 189 190 192 
193 194 197 198 199 200 202 204 205 206 207 209 
210 211 212 213 214 217 219 221 222 223 225 227 
228 229 230 234 235 236 237 242 243 244 247 248 
249 253 254 256 258 260 261 262 263 264 265 266 
268 270 271 274 275 277 279 280 281 284 285 291 
293 297 298 299 303 307 308 311 312 316 318 319 
320 322 324 327 331 333 334 336 337 340 344 347 
348 352 354 356 357 359 361 362 363 366 367 373 
377 382 383 385 387 390 395 396 398 400 
210
1 2 4 5 8 9 10 12 13 14 16 17 
19 20 21 23 25 26 28 29 33 34 35 37 
40 41 43 44 50 51 53 54 56 57 58 59 
61 63 64 67 68 69 70 71 74 75 76 77 
78 79 84 85 86 88 93 94 96 97 99 100 
103 104 105 106 107 110 116 117 119 120 121 123 
125 128 130 132 135 136 137 138 140 141 142 144 
145 146 147 149 151 152 153 155 156 158 160 161 
163 164 165 166 167 168 169 170 172 180 181 182 
188 189 190 191 192 195 198 199 201 203 207 208 
210 211 212 213 215 217 218 221 222 224 225 226 
227 228 229 230 232 234 237 238 239 241 244 245 
246 247 248 256 259 260 263 265 266 270 271 272 
273 278 280 286 287 288 289 290 294 295 296 297 
303 306 308 310 311 313 314 316 317 319 321 325 
326 329 333 336 339 340 345 347 348 350 351 353 
355 356 357 358 361 367 369 370 374 378 382 383 
386 387 394 395 397 400 
192
1 3 4 6 9 10 12 13 15 19 22 23 
25 26 27 31 32 36 38 39 40 41 42 43 
44 45 46 49 53 54 55 57 60 61 62 64 
65 69 70 72 74 75 78 79 84 86 87 88 
90 91 92 95 96 98 101 102 103 107 111 114 
115 116 117 118 120 121 122 125 126 131 132 135 
140 142 143 144 145 151 152 154 158 159 161 163 
171 178 184 186 190 194 195 198 201 204 206 212 
213 214 215 217 219 220 223 227 228 232 234 235 
241 242 243 245 246 247 248 251 255 259 260 261 
268 269 270 273 274 276 277 278 279 280 282 283 
293 294 296 297 300 302 304 305 306 308 312 316 
318 319 320 324 326 327 328 331 333 334 337 338 
339 340 342 343 349 350 353 354 355 357 358 360 
361 366 368 369 370 371 373 377 379 380 381 382 
383 384 385 386 387 389 391 392 393 394 396 397 
207
1 2 3 6 8 9 10 13 16 19 22 26 
28 29 30 31 32 33 35 36 37 38 44 45 
47 49 50 51 52 54 56 57 58 60 61 65 
67 68 70 72 73 74 75 77 78 81 83 84 
85 86 87 88 89 95 96 99 100 104 106 108 
110 113 115 119 120 123 126 127 132 134 135 138 
140 142 145 146 148 150 152 155 156 157 159 162 
164 166 168 169 170 171 172 174 175 177 180 182 
184 186 187 189 190 192 193 195 197 201 203 204 
205 209 210 211 214 217 219 220 223 224 225 227 
229 231 233 235 237 238 240 241 243 244 245 246 
247 249 250 251 255 256 260 261 263 265 266 268 
269 273 276 277 278 281 286 287 288 289 290 292 
293 297 302 303 304 309 311 312 313 314 316 317 
320 321 322 323 324 326 328 333 335 339 343 346 
347 349 350 352 355 357 358 360 361 362 363 364 
367 368 370 372 377 379 380 382 384 389 391 394 
395 396 399 
190
2 5 7 8 9 13 18 19 21 24 26 27 
28 29 31 32 37 38 40 42 44 47 55 57 
58 60 62 63 64 66 68 73 74 75 77 80 
81 82 84 86 88 89 91 93 94 95 96 98 
99 101 102 107 108 111 112 116 120 121 123 129 
132 133 134 141 142 144 146 148 150 154 155 157 
159 160 161 163 166 168 171 175 176 177 178 179 
181 186 187 190 191 192 195 197 198 199 200 201 
205 212 213 214 215 216 219 222 224 226 230 231 
233 234 236 238 241 243 244 248 249 250 251 252 
256 258 259 260 261 263 265 268 269 271 272 275 
276 278 281 282 286 289 291 295 297 298 299 300 
301 302 304 305 307 308 309 312 314 315 319 322 
323 326 327 329 333 334 340 344 345 349 350 351 
353 354 355 357 359 361 365 366 369 370 371 372 
374 377 378 381 385 393 394 395 396 398 
213
5 6 7 8 11 12 15 17 18 19 21 22 
23 24 25 26 27 29 31 32 33 35 39 42 
48 49 50 52 55 56 57 62 63 65 66 68 
71 73 77 81 82 83 86 90 91 95 96 97 
99 101 102 103 106 108 109 110 111 113 114 115 
120 121 123 124 126 127 130 131 134 136 139 142 
144 145 146 147 148 150 152 153 154 156 158 161 
162 164 165 166 167 172 176 181 182 183 184 185 
188 189 191 192 193 195 198 199 200 201 202 207 
208 209 210 213 214 215 216 217 218 219 221 222 
224 225 230 231 233 235 236 237 239 241 242 244 
245 250 252 254 256 257 258 260 261 262 265 268 
270 272 273 274 277 279 280 281 284 287 292 297 
299 302 303 305 307 308 311 312 313 314 315 317 
318 323 326 327 330 331 332 334 338 339 340 343 
344 346 347 348 349 354 355 356 357 358 362 364 
365 366 367 368 369 370 372 374 375 376 377 381 
383 385 387 389 390 391 398 399 400 
206
1 2 4 7 8 9 12 17 18 20 23 24 
25 28 29 30 31 32 33 36 38 40 42 44 
45 47 48 49 50 52 54 58 60 61 62 63 
64 68 70 71 72 73 74 75 79 81 82 83 
84 90 91 94 95 96 98 101 102 105 106 107 
109 111 112 113 116 117 118 119 120 121 122 126 
133 137 138 140 146 150 151 152 154 156 157 159 
160 162 164 166 169 171 172 174 176 178 180 181 
182 184 190 194 195 196 197 198 199 200 201 202 
204 205 207 210 215 217 226 229 232 233 234 235 
238 239 242 243 244 246 247 248 249 251 252 253 
258 262 263 266 267 269 270 271 272 274 275 276 
277 282 284 289 294 295 296 297 298 301 302 303 
305 306 307 309 312 315 318 319 320 321 323 324 
329 333 334 340 341 342 344 346 348 349 350 351 
354 355 357 359 366 367 368 369 371 372 373 375 
376 377 378 379 381 385 388 390 392 393 394 397 
398 399 
207
1 4 8 10 11 12 15 17 21 22 23 27 
30 33 36 37 39 40 45 46 47 48 53 56 
57 58 59 61 63 66 68 72 75 77 82 83 
84 85 86 88 90 92 93 98 99 101 102 106 
107 109 110 113 115 116 118 121 123 126 127 129 
130 131 132 134 136 139 146 147 148 149 150 151 
152 153 155 157 158 163 164 165 166 167 169 170 
173 175 179 180 181 182 183 184 187 189 190 191 
194 195 196 197 199 200 201 202 204 206 207 211 
213 215 218 221 222 223 224 227 229 231 232 234 
235 237 238 240 242 243 244 246 249 250 251 252 
255 257 258 262 266 267 269 270 271 276 278 281 
282 287 288 289 290 295 296 297 298 300 303 305 
306 307 308 310 311 312 313 314 315 319 323 324 
325 327 328 330 332 333 336 338 346 350 351 352 
353 354 357 358 360 361 362 364 365 366 367 368 
370 371 372 373 374 378 379 382 384 385 387 388 
391 396 398 
201
1 2 4 6 7 8 14 16 19 20 21 23 
24 26 29 30 31 32 34 35 36 41 42 43 
45 46 49 52 53 55 57 58 59 62 71 72 
73 75 77 79 80 82 83 84 85 86 92 96 
101 104 105 106 113 114 118 119 120 121 122 124 
125 126 127 131 133 135 137 139 140 144 147 151 
152 153 156 158 159 160 161 162 163 164 167 168 
170 171 173 180 183 184 185 187 190 191 192 194 
195 197 198 201 203 204 206 207 208 209 212 214 
216 217 219 220 221 222 223 224 226 232 239 241 
243 245 246 248 249 250 251 252 255 256 258 263 
264 265 267 271 274 275 276 277 278 279 283 285 
288 290 293 294 295 296 297 298 299 300 302 303 
307 309 310 314 319 321 324 327 328 329 330 332 
334 335 338 341 342 343 345 346 347 350 351 354 
356 359 360 361 363 365 367 368 374 375 377 379 
381 383 384 386 390 392 393 394 400 
204
1 2 3 7 8 9 10 11 12 13 15 17 
19 20 22 24 25 27 32 33 34 36 38 42 
44 45 47 52 53 56 57 58 59 61 63 65 
67 68 69 70 72 76 77 79 80 81 84 85 
87 88 89 90 91 92 97 100 101 102 107 109 
110 111 119 120 126 128 129 130 133 134 135 139 
140 142 143 144 146 151 156 157 158 162 165 166 
168 173 175 177 178 180 181 183 188 189 190 191 
193 194 196 198 199 202 204 205 206 207 208 210 
211 215 216 220 225 227 228 229 230 231 236 238 
241 242 243 245 247 248 249 250 252 253 254 256 
257 258 259 261 264 265 270 271 274 277 279 280 
285 292 294 295 297 303 304 305 306 307 308 309 
311 313 314 315 317 318 319 321 322 323 325 326 
327 328 331 337 338 341 343 345 350 355 357 358 
359 363 364 365 366 368 369 370 373 375 376 379 
381 382 383 387 388 390 391 394 395 396 399 400 
183
2 3 6 8 9 13 14 16 18 19 20 21 
29 30 31 34 39 40 41 42 44 49 55 56 
59 60 64 67 70 72 75 77 78 81 85 86 
87 89 90 93 95 99 102 103 105 107 109 110 
111 114 115 119 121 122 123 124 125 126 127 128 
132 133 134 136 139 140 143 145 146 148 149 153 
157 158 159 161 163 164 165 168 170 173 179 180 
183 185 186 188 193 196 199 200 201 202 203 204 
206 208 209 210 211 213 215 218 220 222 238 239 
243 246 248 250 252 257 260 262 266 267 268 269 
272 275 280 282 286 288 290 295 296 298 299 300 
303 304 308 312 314 318 319 323 325 326 327 328 
329 330 331 334 335 337 339 342 344 345 347 348 
349 350 351 352 361 362 364 365 368 371 372 373 
376 379 381 382 384 385 386 387 388 390 392 393 
394 396 398 
204
2 3 4 6 7 8 11 16 17 18 20 22 
24 26 27 28 30 31 33 34 35 37 40 41 
43 52 54 55 56 59 61 64 65 67 68 70 
71 73 74 75 76 79 80 83 84 85 87 90 
93 94 96 97 98 100 103 106 107 108 109 110 
111 112 114 115 116 117 118 120 121 122 126 128 
130 131 133 134 136 138 140 142 143 144 145 147 
148 151 152 153 156 159 160 162 165 166 167 168 
169 171 175 176 180 181 183 184 185 189 194 195 
196 198 200 201 202 203 207 208 210 211 212 214 
215 218 219 222 223 224 231 232 235 241 243 245 
246 247 248 249 251 253 254 257 261 265 266 267 
268 270 272 273 274 276 277 278 283 284 290 292 
294 296 297 298 300 301 304 305 306 309 313 315 
317 318 323 324 326 327 331 335 337 340 342 344 
347 348 349 351 352 353 356 357 358 359 360 363 
365 371 375 376 377 382 387 388 390 393 394 396 
179
4 6 7 8 11 21 23 24 25 27 28 29 
34 37 38 39 40 44 45 47 49 52 53 54 
56 57 58 60 64 65 66 67 72 75 79 80 
81 83 85 86 88 91 98 99 103 105 106 107 
109 112 113 114 116 122 123 124 134 136 137 138 
140 141 142 144 145 146 148 153 154 156 165 166 
167 168 172 175 179 186 193 194 197 199 201 202 
204 205 206 207 208 209 212 214 219 220 221 223 
226 227 228 229 231 232 233 235 236 238 239 241 
242 245 247 250 251 252 253 254 255 260 263 264 
266 267 269 272 273 276 277 279 280 281 282 283 
291 294 295 297 299 304 307 308 309 311 312 316 
317 318 319 320 321 327 328 334 335 343 344 347 
349 352 357 361 362 363 365 368 371 375 377 378 
382 384 387 390 393 394 395 396 398 399 400 
211
3 6 8 10 12 13 24 27 28 30 32 34 
35 36 38 44 45 47 48 52 53 57 58 59 
60 65 66 67 69 71 72 74 75 76 77 78 
80 83 84 86 87 89 91 92 95 96 97 98 
99 100 102 103 105 106 107 108 109 113 115 116 
119 122 123 124 129 130 132 136 137 141 142 145 
146 149 152 153 154 155 157 158 159 160 162 163 
164 168 169 170 171 172 174 175 177 181 182 184 
185 186 188 192 193 194 195 196 197 198 200 201 
202 203 205 206 208 211 217 219 224 228 231 233 
235 241 245 246 247 248 250 252 253 255 256 260 
263 269 271 273 274 278 279 280 284 286 287 291 
292 293 294 297 300 302 305 307 308 309 312 315 
318 319 323 325 326 327 328 329 330 333 334 335 
336 337 338 339 340 341 343 344 345 346 347 348 
352 353 354 356 357 358 360 361 362 363 364 365 
366 367 368 370 371 373 379 380 381 382 383 385 
386 391 392 394 395 397 399 
202
3 5 9 10 11 12 14 15 17 19 20 21 
22 23 27 28 31 33 37 41 43 45 48 49 
54 55 56 57 61 62 63 64 66 67 68 71 
73 74 75 76 77 78 82 86 88 92 93 97 
101 102 107 108 109 112 116 119 125 130 132 136 
137 141 143 144 145 147 150 151 152 154 155 157 
158 159 161 168 169 174 175 179 181 182 183 184 
187 189 190 191 192 193 194 195 196 198 199 201 
202 203 204 205 206 207 209 211 213 215 217 220 
221 222 225 226 228 229 231 232 233 234 235 239 
241 243 244 246 247 250 251 252 254 256 259 260 
261 262 265 266 267 269 271 272 274 275 277 278 
279 280 283 285 286 287 289 291 293 294 298 302 
306 307 308 311 314 316 319 324 328 330 331 333 
336 339 340 341 345 348 349 351 353 354 357 358 
361 366 368 369 370 372 373 375 376 377 379 380 
381 382 385 388 391 392 394 395 396 398 
187
4 7 9 10 19 25 26 27 31 34 36 37 
38 39 40 41 43 47 49 50 51 52 53 54 
57 59 60 61 62 63 66 67 69 70 71 73 
79 82 88 90 91 93 96 97 99 101 102 104 
105 106 110 117 119 121 122 124 128 129 130 131 
132 135 136 138 144 146 149 150 151 152 153 154 
155 157 159 160 161 163 169 171 172 175 178 179 
181 182 185 188 192 193 197 198 201 202 203 204 
207 208 209 211 212 215 219 221 222 223 224 225 
226 228 230 231 235 236 237 239 240 241 242 243 
244 247 248 249 250 254 255 256 261 262 263 265 
268 270 271 274 275 277 278 284 289 290 292 298 
308 310 313 314 317 320 321 322 323 324 325 326 
328 329 330 337 338 341 345 346 347 348 349 352 
359 361 362 365 366 368 369 370 372 375 377 382 
384 391 392 393 394 396 400 
212
2 5 9 12 15 17 18 20 22 25 28 29 
30 32 34 36 38 40 41 42 43 44 50 51 
52 53 54 56 57 58 59 63 64 65 66 67 
68 69 70 72 74 76 77 78 79 80 82 83 
84 85 88 90 92 93 95 97 101 103 104 106 
112 114 118 124 125 126 127 128 132 134 135 136 
139 140 141 143 144 148 149 150 152 159 160 161 
162 163 165 166 168 169 175 176 177 178 179 180 
183 185 186 187 190 194 195 196 198 199 203 204 
205 206 207 216 217 218 219 221 223 224 225 226 
228 230 231 234 235 236 237 238 239 240 241 242 
243 246 249 252 253 256 260 261 264 265 268 269 
270 271 273 274 275 278 279 280 282 283 287 291 
292 294 295 299 300 303 307 308 310 312 314 316 
317 318 320 321 324 325 329 330 331 337 338 341 
343 347 348 350 351 355 356 357 358 360 361 362 
363 364 368 372 373 375 376 377 379 380 381 382 
383 387 388 389 392 396 398 399 
186
3 5 6 8 9 13 14 15 16 17 19 23 
25 26 27 28 29 31 34 35 39 41 43 44 
45 46 47 48 49 54 56 58 60 62 70 71 
75 76 77 78 81 83 84 85 90 93 94 95 
97 100 102 104 105 106 108 112 113 115 116 117 
118 119 120 122 123 125 130 133 134 138 139 140 
143 144 145 146 148 152 156 160 164 173 176 179 
185 188 191 195 198 204 206 211 213 214 215 216 
217 218 226 227 234 239 241 242 243 244 249 251 
252 253 256 258 259 261 262 265 266 267 268 269 
270 272 274 275 276 277 279 280 281 283 286 287 
288 289 290 291 292 296 297 298 301 302 304 305 
309 310 311 314 317 318 320 321 322 323 324 325 
332 334 340 341 342 343 344 345 350 352 353 356 
360 363 366 368 371 372 374 375 379 380 382 383 
387 390 391 392 398 399 
199
3 4 6 7 10 12 14 15 16 17 19 21 
22 25 26 28 29 30 31 32 36 40 44 47 
48 50 51 52 54 57 59 61 63 64 65 66 
67 68 69 70 74 75 76 77 82 84 87 89 
90 91 94 95 98 102 103 104 108 110 111 112 
114 116 119 120 122 126 127 128 130 131 133 135 
136 138 142 143 146 147 149 151 155 157 159 162 
163 164 165 168 169 172 174 178 181 182 184 186 
187 191 193 194 195 196 197 199 200 204 206 210 
211 214 215 216 218 219 220 222 228 229 230 231 
232 234 235 236 238 240 242 243 249 250 251 252 
255 261 265 269 270 272 275 280 282 284 285 289 
294 300 305 306 307 309 310 312 316 318 321 323 
324 325 327 329 331 332 334 336 341 342 343 345 
346 347 350 352 354 355 359 361 364 367 368 369 
371 372 375 376 377 379 380 381 383 385 387 389 
390 391 392 394 396 397 400 
201
1 3 5 9 10 12 16 18 19 21 23 24 
26 27 29 32 33 34 36 37 38 39 40 43 
45 49 50 51 52 53 55 56 58 59 61 63 
64 65 68 69 70 71 72 73 75 81 82 83 
84 85 88 90 91 92 93 95 97 99 100 101 
103 105 107 109 112 114 116 117 118 119 123 125 
126 128 130 131 133 134 137 138 143 147 148 149 
153 155 156 161 162 163 167 173 176 177 179 181 
182 183 186 188 190 191 193 194 198 199 203 206 
209 210 212 213 216 217 218 219 220 222 228 229 
230 232 233 238 242 249 255 256 257 259 263 267 
268 269 272 273 275 276 279 281 282 286 291 293 
294 295 296 298 300 302 303 304 305 306 307 312 
313 315 316 317 318 319 320 321 322 323 324 327 
331 333 336 338 344 346 347 350 351 352 353 357 
361 362 364 366 367 368 370 374 377 379 380 381 
384 385 386 387 390 391 393 394 395 
203
2 6 7 9 11 12 13 20 22 23 26 29 
33 34 35 38 39 41 43 45 46 48 50 51 
52 53 54 55 56 58 59 60 63 64 65 67 
69 70 71 72 74 76 77 78 80 83 84 86 
87 90 91 93 95 97 98 101 102 105 106 107 
108 111 114 115 117 120 121 125 128 130 131 132 
136 137 141 142 143 145 146 148 150 151 157 158 
159 162 165 166 167 173 174 175 178 181 183 184 
185 186 191 192 193 195 196 198 199 200 202 204 
205 207 208 209 216 217 218 219 220 222 224 225 
227 228 231 235 236 238 242 247 248 249 252 254 
258 259 261 263 264 269 270 274 280 281 282 283 
285 286 287 288 291 292 293 296 299 302 304 305 
308 309 310 313 314 316 317 318 320 321 322 327 
328 330 336 337 338 340 341 343 349 350 352 353 
354 358 359 360 363 364 366 368 369 370 372 373 
375 378 380 388 389 390 393 394 396 398 399 
198
3 4 7 8 17 18 19 22 25 27 29 30 
31 32 34 37 38 40 41 42 45 47 48 49 
50 52 56 58 64 66 67 69 72 76 80 82 
83 84 85 87 89 90 91 92 93 95 96 97 
102 104 105 106 107 108 109 110 111 112 114 115 
117 120 122 124 126 127 128 129 130 131 132 134 
136 138 139 141 142 144 147 148 149 151 153 155 
156 157 158 159 161 162 163 168 172 173 175 177 
178 182 183 184 186 189 190 192 193 199 200 201 
202 204 205 206 207 209 212 213 214 217 218 225 
227 228 229 231 233 235 236 239 242 243 245 248 
249 251 253 254 256 258 259 260 261 262 268 270 
271 272 273 274 275 281 282 283 289 294 298 299 
300 303 307 308 310 311 312 316 322 323 324 329 
331 333 340 341 345 346 347 348 349 352 354 357 
358 359 360 366 367 368 370 375 377 378 381 382 
384 386 389 393 396 399 
202
1 3 4 5 7 8 9 13 14 18 20 22 
27 28 29 32 36 38 39 44 47 53 54 55 
56 57 59 62 63 66 68 70 71 74 75 76 
79 82 83 85 86 88 90 92 93 95 97 99 
100 101 103 105 106 107 108 109 110 112 119 120 
121 122 123 125 126 129 130 133 134 138 139 141 
142 144 146 148 149 150 152 153 155 157 158 160 
162 163 164 169 171 174 175 176 179 181 182 183 
187 189 190 191 194 199 200 201 202 205 207 208 
210 212 213 214 217 218 219 224 225 226 227 228 
229 235 236 237 238 241 242 243 244 245 246 248 
253 254 257 259 262 264 265 266 267 270 272 275 
277 278 280 285 286 287 291 293 298 300 302 303 
309 310 312 319 321 322 325 327 328 330 333 334 
335 336 337 340 344 348 350 352 354 355 357 360 
361 362 363 367 369 370 371 372 373 375 376 377 
378 383 386 389 391 394 395 398 399 400 
193
1 3 6 12 15 18 19 20 22 23 24 31 
33 35 36 37 39 40 42 43 45 46 48 50 
51 54 55 56 57 58 59 61 62 67 69 70 
71 72 75 79 83 84 85 89 91 92 94 96 
101 103 105 106 107 108 109 112 113 115 117 118 
119 120 123 125 127 130 132 133 135 137 140 149 
151 152 153 155 156 158 159 160 161 162 167 168 
169 174 175 178 181 182 185 188 189 191 192 193 
194 195 196 197 198 200 201 204 205 208 209 212 
214 215 218 219 220 221 222 224 225 226 233 234 
235 238 239 241 243 252 255 256 257 265 266 267 
273 274 276 278 279 280 282 283 284 287 293 294 
295 297 299 300 301 305 308 313 318 319 320 321 
322 323 326 327 329 331 334 335 336 338 340 341 
343 344 346 348 351 354 355 358 361 362 364 366 
369 370 373 375 376 377 379 380 381 392 394 397 
398 
200
2 5 6 7 8 9 11 14 15 20 22 23 
25 27 28 30 32 35 37 38 43 45 46 49 
50 51 53 54 55 60 61 64 65 71 72 79 
80 81 86 90 91 92 93 96 97 98 100 104 
105 106 107 111 114 115 116 119 122 124 125 126 
127 128 131 132 133 134 136 138 140 144 145 148 
150 151 154 155 156 160 162 163 164 166 167 168 
169 173 174 175 176 177 180 181 182 183 184 185 
187 189 191 192 194 196 197 198 200 201 203 204 
210 212 213 215 218 219 220 221 222 223 224 225 
228 233 234 237 241 242 244 246 247 248 250 252 
253 258 259 260 261 262 264 269 270 272 278 281 
282 283 285 287 292 293 294 297 299 300 302 308 
309 312 314 315 318 323 324 326 334 335 336 337 
339 341 342 344 346 347 349 350 351 352 354 355 
356 358 359 365 367 368 372 373 379 381 383 384 
385 391 392 394 395 396 397 399 
189
3 7 8 9 10 11 12 13 15 18 20 23 
24 26 27 29 32 33 36 38 39 40 42 43 
45 48 50 54 55 57 59 61 64 69 73 74 
76 79 80 83 84 90 92 94 99 102 103 104 
106 111 113 114 116 119 120 123 124 125 127 129 
130 131 133 134 138 140 141 143 144 151 152 155 
156 159 163 164 167 168 170 171 173 174 175 179 
180 181 184 185 189 194 195 196 198 199 203 204 
206 210 211 213 214 218 222 223 224 226 227 228 
229 230 231 232 233 234 245 248 249 250 251 252 
254 255 263 265 269 271 272 273 274 281 284 285 
286 292 294 296 297 298 301 303 304 305 306 308 
310 311 314 315 319 320 321 322 324 325 326 327 
329 332 333 335 336 337 338 341 343 346 348 350 
355 356 359 360 362 363 365 370 372 373 379 383 
384 386 387 389 390 391 392 398 399 
205
1 2 3 5 9 12 14 15 16 22 25 26 
27 28 29 30 31 32 33 39 40 41 43 45 
46 48 49 50 55 56 58 60 63 66 68 73 
74 78 80 81 85 89 90 94 96 101 102 104 
106 107 111 113 116 120 121 122 124 126 130 132 
133 134 137 139 140 142 144 147 149 150 151 152 
153 154 155 157 160 164 165 166 168 169 173 175 
176 179 187 188 193 195 199 200 202 203 205 206 
207 208 211 212 215 216 217 219 220 221 222 223 
227 229 230 232 234 235 236 238 239 240 242 243 
245 246 247 248 250 251 256 257 259 260 262 265 
268 269 271 275 276 277 278 279 280 286 287 288 
294 296 298 300 302 303 304 307 308 309 312 314 
315 316 318 319 320 323 324 328 329 332 333 334 
335 336 337 338 340 342 344 348 349 351 352 353 
355 356 358 360 362 364 365 369 370 374 378 380 
381 385 386 389 390 391 393 394 396 397 398 399 
400 
192
1 4 10 11 13 14 17 30 32 34 36 37 
39 41 44 45 46 47 49 51 52 54 55 57 
59 60 61 63 64 72 73 75 78 80 82 86 
87 89 91 93 95 96 98 99 103 105 107 110 
118 119 120 121 122 126 127 138 139 141 142 144 
145 146 148 150 151 154 155 162 165 166 167 168 
169 170 171 172 173 174 175 177 180 182 183 184 
187 188 190 191 192 199 200 204 205 206 207 208 
210 212 213 215 218 220 222 223 225 228 229 231 
232 233 237 238 239 240 242 243 246 247 251 252 
253 256 260 264 266 267 269 279 280 283 284 285 
290 294 295 296 297 298 299 300 301 302 303 305 
310 311 312 313 316 321 323 324 325 327 328 329 
330 332 336 339 340 346 348 349 351 352 353 355 
356 358 359 360 361 362 364 366 367 368 373 376 
378 379 382 383 387 389 390 391 393 398 399 400 
188
1 3 5 7 13 14 16 18 19 21 22 23 
25 26 28 30 32 35 36 37 38 39 40 44 
46 47 49 51 52 54 56 60 61 63 64 68 
72 73 78 79 80 81 82 83 88 91 93 94 
96 101 102 105 108 110 113 115 121 124 128 130 
131 132 133 134 136 137 138 139 140 141 146 147 
148 151 154 155 158 162 165 166 168 169 170 173 
175 176 178 180 184 185 186 189 191 193 199 202 
204 205 206 207 208 210 211 212 218 219 220 221 
222 225 227 232 234 235 242 243 244 245 248 249 
251 256 257 258 259 260 263 264 268 270 273 275 
279 280 281 283 286 288 289 290 292 293 296 299 
301 303 306 307 308 309 313 314 315 317 318 321 
322 326 327 328 329 335 338 339 341 342 348 350 
353 358 359 361 364 365 367 369 372 374 375 376 
377 378 379 381 387 390 392 394 
209
5 6 9 11 13 17 18 19 22 24 25 28 
29 35 38 40 41 44 45 46 51 52 54 59 
64 65 69 70 71 73 75 76 78 79 80 82 
84 85 86 87 92 93 94 98 99 100 102 103 
104 105 107 108 109 111 112 114 115 116 119 121 
123 124 126 128 131 132 133 134 138 141 145 147 
150 153 154 156 158 159 160 162 163 165 167 168 
174 175 176 180 184 185 186 187 188 190 191 192 
195 196 198 199 200 204 205 207 208 209 212 213 
214 215 216 217 218 220 221 222 223 230 231 235 
237 238 239 241 243 244 246 247 253 256 257 260 
261 265 267 268 269 272 274 277 278 281 283 284 
287 289 295 296 298 301 302 303 304 305 306 307 
308 309 312 314 315 316 317 318 320 324 326 330 
333 334 335 336 337 339 340 342 343 344 345 346 
348 350 354 355 357 358 359 363 364 366 367 368 
369 370 372 377 378 381 382 384 385 386 387 388 
392 394 396 397 398 
203
1 2 5 7 9 11 14 16 18 19 23 27 
28 30 31 33 34 37 38 41 43 44 45 46 
47 52 53 57 58 59 60 62 63 64 66 67 
70 71 72 73 78 83 84 88 91 92 96 97 
98 99 100 102 103 104 105 108 110 111 112 114 
115 116 119 120 121 123 126 130 131 133 134 135 
136 138 142 144 148 149 150 151 155 156 157 159 
162 163 165 167 168 169 172 174 176 178 179 180 
182 183 184 186 188 189 192 195 198 199 202 207 
208 209 210 211 214 215 216 218 219 220 221 222 
225 228 229 230 231 232 233 238 239 240 241 244 
248 249 252 254 257 260 265 266 268 270 271 272 
273 274 276 277 281 284 285 286 287 288 290 292 
293 294 295 296 300 302 305 306 314 315 317 318 
319 324 325 332 334 335 341 343 344 345 347 348 
353 355 356 361 362 363 369 370 371 374 377 380 
381 382 384 385 386 387 388 390 393 397 398 
207
3 4 10 11 13 15 18 19 20 22 27 29 
31 34 36 37 39 41 42 43 44 45 47 48 
49 50 51 53 55 56 59 62 69 72 74 77 
78 79 81 82 89 92 94 96 97 98 100 101 
103 104 105 106 107 110 112 113 114 115 116 118 
121 122 125 127 130 131 134 136 137 138 139 140 
141 142 145 146 149 150 151 153 156 161 163 165 
167 168 171 173 175 177 178 180 183 184 185 186 
188 193 194 195 197 198 199 207 210 213 215 216 
217 220 221 222 224 228 230 231 232 233 234 235 
236 237 238 239 241 245 246 247 248 250 251 253 
256 258 261 267 269 271 273 275 276 278 279 282 
284 285 286 289 294 296 298 300 302 303 304 305 
306 307 309 310 311 312 313 315 316 321 322 323 
325 329 330 331 332 333 334 336 338 341 342 345 
346 347 348 349 354 356 359 361 364 365 371 372 
373 376 377 379 381 382 384 385 387 390 391 394 
395 397 400 
203
1 2 4 6 7 8 9 11 17 19 21 22 
24 27 28 29 30 35 36 39 40 43 50 53 
54 56 57 58 63 65 66 69 70 71 74 75 
78 79 80 81 83 84 85 89 93 97 98 100 
102 103 106 107 110 111 112 114 115 116 118 119 
120 121 122 123 125 127 129 130 133 134 136 142 
144 145 146 154 155 157 158 160 165 166 167 169 
171 172 175 176 178 180 181 182 183 184 188 190 
192 194 196 197 199 203 204 206 207 209 210 211 
212 214 215 216 217 219 223 225 230 232 233 237 
239 244 245 246 247 252 256 260 261 264 265 268 
272 273 275 278 279 282 288 289 290 292 293 295 
297 298 299 300 301 302 303 306 307 308 309 311 
312 313 317 320 325 327 331 333 334 335 336 338 
339 340 341 342 344 345 347 348 349 350 351 353 
354 356 358 360 362 366 367 369 370 373 375 376 
377 378 381 384 386 387 388 389 391 394 399 
192
1 2 3 6 10 11 12 13 18 21 23 25 
26 28 29 34 41 44 48 51 56 57 58 59 
60 61 63 65 66 76 80 81 82 83 85 87 
92 94 97 100 101 108 111 112 115 116 118 121 
124 125 128 130 134 135 139 140 142 143 144 148 
149 150 151 152 155 156 157 158 159 161 165 168 
170 173 174 177 178 179 180 181 183 186 187 189 
190 193 195 196 197 198 199 201 203 205 206 207 
209 210 211 214 217 218 222 226 228 230 232 233 
234 236 237 238 239 240 241 243 250 251 252 254 
255 259 263 265 266 267 268 270 273 275 277 279 
280 282 284 285 292 293 296 298 299 300 301 303 
304 305 307 309 310 311 312 313 314 319 323 324 
325 328 329 330 331 332 334 336 337 338 339 340 
342 344 345 348 351 355 356 357 358 361 362 363 
367 370 372 377 378 379 381 386 388 392 395 397 
198
1 2 3 5 6 9 10 13 16 20 21 22 
23 25 27 28 29 30 31 33 34 36 37 38 
39 44 45 49 51 53 54 59 60 61 63 64 
68 71 75 76 77 78 80 82 83 84 85 86 
87 89 90 95 97 98 100 101 102 105 106 108 
112 113 115 117 120 121 122 123 126 127 134 136 
137 138 139 141 143 144 146 147 148 152 154 158 
159 160 161 162 165 166 169 170 172 173 175 178 
179 181 182 183 185 186 188 189 191 194 196 197 
198 202 204 205 209 217 218 219 224 226 227 228 
229 230 232 235 237 238 240 241 242 243 244 245 
251 254 255 260 262 263 264 268 269 270 273 275 
277 281 282 284 287 290 291 293 294 298 305 307 
308 311 312 315 318 319 324 325 326 328 329 331 
332 333 334 337 338 340 341 342 344 345 347 351 
354 355 357 358 360 362 364 367 373 377 378 382 
384 388 389 393 398 399 
203
2 7 8 11 14 17 19 24 25 26 29 33 
34 35 37 39 40 41 42 45 46 47 49 50 
54 56 57 58 59 60 62 63 67 68 69 70 
71 74 76 83 84 85 86 87 92 95 101 102 
104 108 109 110 114 118 119 121 124 125 126 127 
133 134 135 136 137 138 140 141 142 146 152 154 
157 158 159 160 161 162 166 167 171 173 174 178 
179 181 186 188 193 195 196 200 201 202 205 206 
207 208 209 210 212 213 215 216 218 219 221 224 
225 226 227 228 229 231 232 233 234 236 238 239 
240 244 247 248 249 250 251 252 256 257 259 261 
262 263 264 265 267 269 271 272 273 276 278 279 
281 282 283 285 287 288 289 292 295 296 297 298 
299 301 302 303 304 308 309 310 311 313 314 315 
317 318 323 325 329 333 335 337 339 340 341 342 
346 347 351 352 362 363 365 366 367 372 374 376 
378 380 384 386 387 388 393 394 397 398 399 
190
2 4 6 9 16 17 18 19 29 32 34 37 
42 43 44 45 47 48 50 51 52 55 59 61 
66 67 68 69 70 71 72 73 77 81 82 85 
90 91 92 93 94 95 96 97 107 111 113 115 
117 121 123 124 125 127 131 134 136 138 139 140 
142 143 144 148 150 151 152 153 155 156 159 161 
165 168 169 170 171 174 175 176 177 178 180 184 
186 187 190 193 195 196 197 198 199 200 201 203 
204 207 208 210 211 215 216 219 220 222 224 226 
229 231 232 233 236 237 238 239 240 241 244 245 
246 248 249 251 252 253 254 257 259 264 265 269 
271 275 277 278 279 282 283 288 291 293 295 296 
299 300 302 304 305 306 308 310 311 313 314 315 
320 321 322 323 326 334 335 336 337 338 342 343 
344 345 346 347 348 349 355 356 357 358 361 366 
369 372 376 383 384 385 390 397 398 400 
210
2 4 7 8 10 13 14 15 17 18 19 20 
22 23 24 27 28 31 32 33 34 35 37 40 
42 43 47 48 50 53 54 58 60 62 63 64 
67 68 71 72 75 79 82 83 86 88 91 98 
99 100 101 103 107 109 113 114 117 120 121 122 
128 129 131 132 133 136 138 139 140 141 143 148 
150 152 154 158 161 162 163 164 165 166 167 169 
170 171 173 177 178 185 188 190 192 193 194 195 
197 205 206 207 208 209 210 211 212 213 214 218 
219 220 222 223 224 225 226 227 228 230 234 235 
239 240 242 243 245 248 250 252 254 255 258 259 
262 263 264 266 267 268 270 271 272 273 275 277 
279 281 284 285 286 292 293 294 295 298 300 301 
302 303 304 307 312 314 315 316 317 318 319 320 
322 323 326 328 329 333 334 336 337 338 342 343 
344 346 347 348 349 350 351 353 354 357 359 360 
361 362 365 366 370 371 372 374 378 381 383 384 
386 387 389 393 395 399 
196
3 6 12 13 15 17 18 22 27 28 31 32 
33 34 35 37 41 43 46 50 54 58 59 61 
63 64 65 69 72 77 82 83 85 86 88 93 
95 96 100 102 104 106 107 108 109 110 111 112 
114 116 119 120 122 123 125 131 134 136 138 139 
141 142 145 148 152 153 154 155 156 157 159 160 
161 162 163 165 166 170 171 173 175 181 183 185 
187 188 189 192 193 196 197 198 199 201 203 205 
206 210 213 215 216 221 223 225 226 227 229 231 
233 236 238 239 241 245 246 247 248 250 251 252 
255 256 257 265 267 268 270 271 273 275 277 280 
285 286 287 291 296 298 300 301 302 303 304 305 
306 307 309 311 312 313 315 316 317 318 319 320 
321 323 328 330 332 333 334 335 336 338 341 342 
344 345 349 353 354 355 356 359 360 363 365 367 
368 372 374 376 377 378 380 382 384 387 389 390 
392 394 396 400 
206
1 2 4 5 6 10 13 14 15 16 17 18 
19 20 21 22 23 24 26 28 30 32 34 36 
37 38 45 46 47 48 49 50 51 55 56 59 
62 64 65 66 67 68 70 73 74 78 80 82 
85 88 89 95 96 98 99 110 112 114 115 116 
117 118 119 120 121 122 124 125 127 128 129 131 
134 138 140 141 142 143 144 145 146 148 156 160 
161 163 164 165 166 168 171 173 175 177 178 179 
182 183 186 188 189 190 191 192 193 194 195 196 
198 200 202 204 205 207 210 211 212 214 215 216 
217 219 220 223 224 225 231 232 233 234 235 236 
238 239 240 244 245 246 247 248 251 252 255 258 
260 261 262 266 267 268 270 271 273 276 281 285 
288 289 294 295 298 300 301 303 304 305 306 307 
309 310 311 312 315 317 318 319 320 329 330 332 
338 340 341 342 343 345 346 350 351 356 357 362 
363 364 368 369 370 371 372 378 386 390 392 396 
397 398 
210
1 5 8 12 17 19 20 21 22 23 28 34 
35 36 38 39 41 42 45 46 47 49 51 53 
54 56 57 58 60 62 64 66 68 69 71 73 
74 77 78 80 81 83 84 85 86 87 88 91 
92 93 94 95 96 97 99 102 103 111 112 118 
119 120 121 122 123 125 127 128 129 130 131 132 
133 134 136 139 140 141 143 144 145 147 148 150 
151 152 153 155 157 159 160 163 166 167 168 173 
174 176 178 181 182 183 187 189 191 192 193 196 
198 199 200 202 205 206 207 215 219 223 225 227 
228 229 231 235 236 240 243 245 249 250 252 253 
254 255 256 257 258 259 261 263 264 269 270 271 
272 275 279 280 281 282 283 284 285 287 291 292 
294 296 297 304 305 307 315 317 318 319 320 321 
322 324 325 332 334 339 342 344 346 348 349 350 
352 355 356 358 359 360 367 369 370 371 372 373 
374 375 376 377 378 380 381 382 384 385 386 387 
388 390 391 395 396 397 
208
1 2 3 7 8 9 11 12 14 17 18 19 
20 21 22 23 25 28 31 32 34 37 40 42 
46 49 50 56 57 60 63 64 65 68 69 72 
73 77 79 80 81 83 84 85 86 87 90 91 
93 94 96 98 99 100 103 107 108 110 111 112 
113 114 115 116 118 120 123 124 125 127 128 129 
132 136 138 139 140 142 143 144 146 148 151 153 
155 156 158 162 166 170 172 175 176 179 180 181 
183 184 185 187 190 191 193 195 196 197 198 199 
200 201 204 216 218 221 225 226 227 229 230 231 
232 235 236 238 239 241 242 244 245 246 247 249 
251 254 256 261 265 269 270 272 273 277 279 280 
281 283 284 288 291 293 294 296 297 298 299 300 
302 305 307 308 309 311 314 315 316 317 318 320 
321 329 334 335 336 337 341 345 347 350 352 353 
354 355 356 357 358 361 363 364 365 366 368 371 
372 374 375 377 380 381 383 384 385 387 389 390 
393 394 398 399 
212
2 3 4 6 7 9 10 13 14 16 17 19 
20 21 22 23 25 27 29 33 34 35 37 39 
41 49 50 55 57 58 59 65 66 67 68 70 
71 72 73 74 76 78 79 81 83 90 91 92 
94 96 97 99 102 105 108 112 115 116 118 122 
123 126 128 129 130 132 133 135 136 138 140 141 
142 143 144 145 146 147 148 149 150 154 157 158 
159 160 164 166 167 168 170 172 175 180 181 182 
183 184 185 186 187 188 191 192 194 196 197 198 
199 203 205 206 209 210 211 213 214 216 220 223 
225 227 229 231 233 234 237 238 242 243 244 245 
246 247 248 249 252 254 258 260 261 262 265 266 
267 269 271 273 274 275 277 279 280 281 282 283 
284 285 288 289 290 293 297 299 300 301 303 304 
305 308 310 311 312 313 314 317 318 319 321 323 
325 327 328 329 332 335 336 342 345 346 349 351 
353 356 358 359 363 364 365 367 369 371 374 376 
380 381 388 393 394 396 398 399 
196
2 3 5 6 7 8 10 11 12 16 17 19 
22 24 25 26 27 28 31 34 35 40 41 43 
44 47 48 51 56 57 58 60 61 67 69 71 
72 73 75 78 81 86 88 90 92 93 94 97 
98 100 104 106 110 112 116 117 121 122 123 124 
125 126 127 130 131 133 135 136 137 138 139 143 
144 145 146 153 154 158 161 164 165 166 167 168 
169 170 171 173 177 178 179 180 183 184 188 190 
191 192 193 194 195 196 201 202 204 207 212 217 
219 221 224 225 227 228 229 232 234 236 238 239 
240 243 244 246 250 251 252 254 255 258 259 261 
264 265 270 274 275 277 279 282 284 285 287 288 
289 290 291 294 296 299 302 303 304 305 310 311 
312 314 317 318 319 324 326 335 336 337 342 343 
345 346 347 348 349 350 354 356 358 360 361 362 
365 366 367 369 371 376 377 382 384 385 389 394 
396 398 399 400 
199
4 7 10 11 16 22 24 25 26 28 35 36 
43 44 45 47 52 55 56 57 58 60 61 62 
66 68 69 73 74 75 76 77 79 80 81 82 
84 87 88 91 92 93 95 96 99 102 103 104 
107 110 112 113 114 115 116 118 119 121 129 131 
132 135 137 138 144 146 150 151 154 155 158 162 
163 164 165 166 167 169 171 174 175 177 178 179 
180 183 184 185 186 189 191 196 197 198 200 202 
203 204 207 208 209 210 212 214 215 218 219 221 
222 224 225 227 229 230 235 236 237 238 239 240 
241 242 244 245 246 247 248 251 252 253 254 258 
266 267 268 269 270 272 273 278 279 280 281 283 
289 290 292 293 294 299 302 304 305 307 309 312 
313 315 316 320 321 323 325 328 329 331 332 333 
334 339 343 344 346 347 348 350 352 353 357 358 
360 361 362 364 366 367 371 375 377 379 380 382 
383 384 385 386 390 396 397 
190
2 3 5 7 10 11 14 16 17 18 20 22 
23 24 26 29 32 33 35 38 39 41 42 43 
44 45 47 48 49 51 53 54 55 56 58 59 
61 63 64 66 68 69 70 72 73 74 75 76 
79 80 86 90 91 92 94 95 97 100 107 108 
111 113 115 116 119 122 123 126 127 129 130 131 
136 138 139 141 146 147 149 151 152 157 160 162 
166 167 168 171 172 173 176 179 180 181 183 185 
186 187 191 193 194 196 200 203 204 205 206 209 
210 214 219 220 223 225 231 232 236 237 244 250 
251 252 253 254 255 256 257 258 265 266 268 269 
272 273 274 276 277 280 281 283 285 286 287 288 
289 291 292 295 297 298 301 305 310 311 313 316 
317 319 322 324 330 333 334 338 341 342 343 344 
346 348 349 350 353 355 361 363 366 368 375 376 
377 378 379 385 386 387 389 394 397 399 
213
2 3 5 6 7 10 11 12 14 16 17 18 
19 23 25 26 27 28 30 31 32 38 41 43 
44 45 46 47 48 49 50 51 55 56 60 61 
62 63 67 69 72 73 75 76 80 82 86 87 
88 90 92 95 97 98 99 104 109 110 111 112 
113 114 117 120 121 123 124 126 127 129 130 131 
132 133 134 135 138 142 143 144 145 146 147 148 
149 153 155 156 160 163 165 166 167 168 170 175 
178 179 180 181 182 183 184 185 186 187 188 190 
194 195 202 205 206 208 209 212 213 214 216 220 
221 224 225 226 229 230 232 233 236 237 239 240 
242 243 247 249 250 258 260 262 263 264 265 268 
270 272 274 275 279 281 285 287 288 289 292 293 
297 298 300 301 302 303 305 308 311 312 313 314 
315 316 317 318 319 323 325 327 328 329 331 332 
334 336 337 338 342 344 345 347 348 352 353 354 
355 356 357 359 368 371 372 373 374 377 379 380 
384 387 391 392 393 395 396 397 398 
197
2 4 8 11 13 14 15 16 19 20 24 25 
26 27 29 30 33 36 40 43 45 50 52 53 
54 57 58 59 60 63 65 67 70 72 77 79 
80 81 82 83 85 87 88 89 92 94 95 96 
98 99 101 105 117 118 119 120 122 126 127 128 
130 132 133 134 135 138 139 141 144 145 147 148 
149 153 154 156 157 159 160 161 162 163 164 166 
167 168 169 171 172 173 178 180 182 185 186 187 
188 190 191 192 195 196 204 205 207 208 209 211 
212 214 215 217 219 220 221 222 223 226 227 228 
237 239 242 244 246 247 250 252 253 255 256 258 
262 264 270 275 277 279 280 281 282 284 286 287 
288 289 290 292 293 294 295 297 298 305 315 316 
317 319 320 321 322 324 325 326 327 335 336 338 
339 341 342 343 345 351 352 353 354 355 356 358 
359 362 366 368 369 371 376 377 378 380 381 384 
390 392 393 394 400 
214
1 5 7 8 10 11 12 14 17 18 20 22 
27 29 30 32 34 35 36 38 41 43 44 45 
46 49 50 51 52 56 57 58 59 61 62 64 
65 67 68 69 70 71 75 77 78 79 80 81 
82 84 87 89 91 94 96 97 98 99 100 101 
107 109 110 111 112 113 114 117 119 122 123 125 
126 127 128 131 132 134 136 138 140 141 142 143 
144 146 147 151 156 157 160 161 162 163 164 165 
169 170 171 172 173 175 177 178 179 183 185 186 
187 190 194 195 196 198 202 204 206 213 214 216 
222 224 225 229 230 231 233 235 236 237 238 241 
242 243 246 247 248 249 253 255 258 259 261 265 
266 268 269 271 272 273 276 279 280 281 282 283 
286 287 289 291 293 294 295 296 298 299 302 303 
306 307 311 313 314 317 318 320 321 322 326 328 
330 334 335 337 341 342 343 345 346 353 358 359 
362 363 365 367 369 370 372 373 375 377 383 384 
385 386 387 388 389 390 392 393 394 399 
208
1 2 3 4 7 9 10 13 15 16 18 21 
23 24 25 30 31 32 34 35 36 37 38 39 
41 44 45 47 48 49 50 52 53 54 55 56 
57 58 59 61 64 66 73 74 75 76 77 80 
82 87 91 93 98 102 103 105 108 109 112 115 
116 119 121 122 127 128 129 130 131 132 133 134 
136 140 141 142 143 144 145 148 150 151 153 155 
156 158 159 161 162 166 167 168 169 170 171 172 
175 177 178 179 181 183 185 186 188 189 191 192 
193 195 196 197 205 207 208 214 217 219 221 224 
225 229 231 232 234 236 237 238 241 243 244 245 
247 248 254 257 260 261 264 265 266 267 271 275 
277 278 279 281 282 283 284 288 290 292 293 296 
298 301 305 308 309 311 312 313 315 317 318 321 
322 325 327 328 329 332 335 336 337 340 343 345 
347 348 350 351 353 355 357 359 360 361 364 365 
368 369 370 372 373 375 377 378 379 383 385 388 
391 393 397 398 
216
1 2 3 4 6 7 8 12 15 16 17 18 
19 21 22 23 29 31 33 37 38 39 40 41 
43 44 46 48 49 50 53 55 56 57 59 60 
63 64 66 68 69 70 71 72 73 74 77 78 
79 80 81 82 84 85 86 87 88 90 91 93 
96 97 98 99 101 102 103 105 107 109 111 112 
116 117 119 121 125 126 127 129 130 132 136 137 
140 142 144 150 152 153 156 159 162 163 164 166 
168 170 172 173 174 177 183 184 185 186 191 192 
194 195 198 199 200 201 202 203 204 208 209 213 
216 217 219 220 221 222 224 226 227 228 230 231 
233 235 236 238 240 242 243 244 246 247 248 249 
251 253 254 255 256 258 262 263 264 265 267 268 
270 272 275 276 281 282 287 290 294 297 299 301 
302 304 308 311 312 317 318 319 321 322 323 325 
328 329 332 334 335 336 338 340 341 342 345 346 
348 353 354 355 359 360 361 366 368 370 371 377 
378 381 382 384 385 388 389 391 392 393 394 399 
201
2 5 7 8 10 11 15 16 17 21 22 23 
26 27 36 37 40 43 45 46 47 49 54 57 
58 60 62 64 65 67 68 69 70 74 76 78 
80 82 83 84 86 87 91 97 100 103 105 107 
108 109 112 114 116 117 119 121 124 125 126 128 
130 131 136 137 138 141 143 145 148 149 150 152 
153 156 160 166 167 171 172 173 178 179 180 181 
182 189 190 192 193 196 197 198 199 200 202 203 
204 205 206 208 209 210 211 212 217 219 221 222 
224 227 228 229 230 231 232 233 235 236 237 239 
247 248 249 254 255 257 260 261 262 265 266 272 
273 276 277 281 282 283 284 285 286 292 293 300 
301 302 304 305 306 316 318 319 324 328 330 331 
332 333 335 336 337 338 341 342 343 344 346 347 
351 353 355 358 359 362 364 365 367 370 371 372 
376 377 378 379 380 381 382 383 384 387 388 389 
390 391 392 393 395 397 398 399 400 
213
3 5 9 11 12 13 16 17 21 25 26 28 
29 30 32 35 37 38 40 42 43 45 49 52 
54 56 57 59 60 61 63 65 66 67 69 70 
73 75 78 79 80 83 87 89 90 93 94 95 
97 102 104 105 108 116 124 125 126 127 128 129 
130 132 134 136 137 138 139 140 141 142 143 145 
146 147 148 151 152 154 157 160 161 163 166 172 
173 174 175 176 179 180 181 182 183 184 187 189 
190 193 194 195 196 197 202 204 205 207 208 211 
213 214 215 220 221 222 226 227 229 231 233 235 
236 242 245 247 248 251 252 253 254 255 256 257 
260 261 263 264 265 266 268 270 271 272 274 275 
276 279 286 291 292 298 299 300 301 303 304 305 
306 309 310 311 313 314 315 316 320 321 324 325 
326 327 328 332 334 335 336 337 338 339 340 341 
343 347 348 351 358 359 360 361 362 363 365 367 
369 370 371 372 376 378 379 380 381 382 383 384 
385 387 388 390 393 394 395 397 399 
191
3 9 10 14 15 18 20 21 22 25 28 37 
40 46 48 52 54 56 57 58 60 63 66 67 
69 70 72 74 77 78 79 81 82 84 85 88 
89 90 94 97 98 99 108 111 112 113 115 116 
120 121 122 124 128 129 130 132 134 135 139 141 
144 147 148 150 153 156 157 160 161 162 166 167 
171 175 176 177 179 180 184 185 187 189 190 192 
195 196 197 206 207 213 214 215 217 218 219 220 
223 227 228 232 234 237 238 240 243 244 246 247 
248 251 252 255 256 258 259 260 262 263 266 268 
271 275 277 278 280 281 286 287 288 289 290 292 
293 295 296 297 300 302 304 306 308 309 310 314 
315 320 321 322 329 333 334 335 336 337 339 340 
341 344 347 348 352 357 360 361 362 363 365 367 
368 370 372 373 375 376 377 378 379 380 381 382 
384 385 386 387 390 393 394 395 398 399 400 
183
1 2 4 6 8 13 14 16 21 22 24 25 
26 27 28 31 34 36 38 42 43 46 47 50 
51 52 54 56 59 60 61 62 63 64 65 66 
67 71 72 73 74 76 81 82 85 86 88 91 
94 95 97 99 101 103 106 107 108 109 114 116 
117 118 119 121 122 124 127 137 143 144 148 149 
151 152 156 165 166 174 177 178 180 181 185 187 
189 190 191 192 194 195 198 199 201 203 204 205 
209 211 212 215 217 218 220 222 225 230 231 232 
235 236 237 238 239 246 248 250 251 252 254 255 
257 259 260 261 262 264 266 270 272 275 278 279 
280 286 287 292 294 295 297 301 307 310 312 313 
317 319 321 324 325 329 330 337 338 340 341 342 
343 345 346 350 351 353 355 356 360 362 364 367 
369 370 374 376 379 381 382 384 385 387 388 394 
395 397 399 
203
2 4 5 7 8 9 12 14 15 16 17 18 
19 29 32 37 38 39 41 46 48 50 51 52 
53 54 55 57 59 61 62 63 64 65 66 67 
69 71 72 77 81 82 83 85 88 89 90 91 
92 94 95 96 98 99 100 101 102 104 106 112 
116 117 118 119 120 123 124 126 129 131 132 134 
137 138 139 141 142 143 145 151 152 153 157 158 
161 168 169 172 173 175 176 177 178 179 180 182 
183 186 191 194 198 204 205 206 207 211 212 215 
219 220 222 224 226 229 232 233 235 236 242 245 
247 248 252 253 254 255 257 258 259 265 268 269 
273 276 282 284 285 286 287 288 289 293 295 296 
299 301 306 307 308 309 310 313 314 315 316 317 
319 320 321 323 325 327 329 333 334 336 337 340 
343 344 349 350 352 353 354 359 360 361 363 364 
366 367 368 371 375 376 377 379 380 381 382 383 
384 385 386 388 390 392 396 397 398 399 400 
214
3 5 6 7 8 9 10 11 14 15 16 17 
18 22 23 24 26 30 33 35 36 48 51 53 
55 57 59 62 64 68 69 70 72 77 79 80 
81 82 84 86 91 92 93 96 97 99 100 102 
103 107 110 113 114 116 119 121 122 124 125 128 
131 132 135 138 140 142 144 146 147 149 150 151 
152 154 155 158 159 160 162 163 164 165 166 171 
172 173 174 175 177 181 186 187 191 192 193 194 
196 197 200 201 202 203 204 207 208 211 213 214 
216 218 219 220 222 223 224 226 227 228 229 231 
233 234 236 237 238 241 242 243 246 247 250 251 
252 255 256 257 260 261 262 263 264 268 270 274 
279 284 285 286 287 290 291 292 293 294 298 300 
301 303 304 305 306 307 308 310 312 313 314 315 
316 317 320 321 324 325 327 330 331 336 338 339 
341 342 343 344 345 347 348 350 351 353 357 358 
362 363 364 366 367 368 369 371 373 375 377 380 
382 384 385 388 391 395 397 398 399 400 
209
5 6 10 11 21 22 23 25 26 27 28 31 
32 34 36 37 38 41 42 43 45 46 47 48 
53 54 55 57 59 60 61 63 67 68 74 76 
77 79 80 82 83 87 88 89 90 91 92 95 
97 100 102 103 108 114 117 118 119 120 122 123 
124 128 131 134 135 136 138 139 140 141 142 144 
146 147 150 151 154 156 157 159 160 162 163 164 
165 167 169 171 172 176 177 178 179 181 182 183 
184 186 188 189 191 197 198 199 200 202 203 206 
207 209 210 211 212 213 215 216 217 220 221 222 
224 225 226 230 231 232 233 236 240 243 247 251 
253 254 256 257 258 259 262 263 265 267 270 273 
274 275 277 278 281 282 283 285 286 287 288 289 
291 293 294 296 297 300 303 306 308 310 317 321 
322 323 324 325 329 330 333 334 343 345 347 350 
351 353 354 355 356 357 358 359 360 361 363 364 
367 370 371 372 374 376 377 379 381 383 384 385 
386 387 390 391 396 
200
1 2 3 5 7 9 10 11 12 14 15 19 
20 21 23 24 27 29 30 34 37 38 39 41 
42 44 45 47 51 53 56 57 61 64 65 66 
67 70 72 73 78 79 86 87 88 90 91 97 
98 101 103 106 108 110 111 112 113 115 117 119 
120 123 124 125 128 129 131 132 133 134 139 140 
141 142 147 149 151 152 153 155 156 159 161 163 
164 169 171 172 176 177 180 182 183 187 189 191 
192 193 194 195 196 197 198 200 201 204 206 208 
209 210 213 214 217 220 223 226 227 229 230 234 
236 239 240 241 242 243 248 249 253 255 257 258 
259 261 262 263 264 266 268 269 270 271 273 275 
279 281 282 283 286 288 290 291 293 294 295 298 
299 303 306 311 313 314 315 318 320 322 323 326 
328 330 333 334 335 339 340 344 346 347 348 349 
350 353 356 357 362 368 370 371 372 376 381 383 
387 388 391 392 394 397 399 400 
212
3 6 7 8 9 11 12 14 16 17 18 19 
20 21 22 23 25 27 28 30 31 33 34 35 
39 40 42 43 47 50 52 53 55 57 60 66 
67 69 73 74 77 82 83 84 85 86 89 90 
91 92 93 94 95 97 98 100 102 103 104 105 
106 109 111 112 117 118 119 121 124 126 127 128 
129 130 131 136 137 138 139 140 142 143 147 149 
151 152 154 155 156 161 162 164 165 166 167 169 
172 174 175 176 178 179 180 184 187 188 191 193 
197 200 202 207 208 209 213 214 217 220 222 225 
227 229 230 232 233 234 235 236 239 240 245 248 
250 254 255 257 259 260 263 264 268 271 273 275 
278 280 283 285 286 289 291 295 296 298 299 301 
302 304 305 314 318 320 321 322 324 328 330 333 
334 335 336 337 339 340 341 342 344 345 346 347 
351 354 355 356 357 358 361 362 365 367 368 370 
371 372 374 376 378 379 380 381 385 386 387 388 
389 390 391 392 397 398 399 400 
197
1 2 3 5 11 15 16 17 18 19 20 21 
22 24 25 26 29 30 31 33 34 35 36 37 
39 40 41 45 46 48 54 55 61 63 65 66 
67 68 69 70 71 73 75 78 82 86 89 92 
93 94 101 105 109 110 111 114 116 118 123 127 
129 130 132 133 134 135 137 138 141 142 143 144 
146 150 151 153 155 158 159 160 161 162 163 164 
167 168 172 173 174 177 179 181 182 183 186 188 
191 195 197 198 200 203 208 212 214 217 218 220 
222 224 225 227 228 229 232 235 238 244 252 253 
256 257 259 260 264 266 267 268 269 274 276 277 
278 279 280 283 285 286 288 289 290 293 294 296 
297 298 299 300 301 302 304 305 306 310 311 314 
315 316 317 318 319 322 324 326 328 331 332 334 
335 336 337 338 339 340 345 355 357 358 359 360 
361 365 370 376 382 383 384 385 386 387 389 393 
394 395 396 398 400 
215
5 6 8 9 12 13 16 17 21 22 23 25 
26 27 28 30 32 34 36 37 38 40 41 42 
43 45 46 47 49 53 54 56 57 62 64 65 
66 69 72 73 74 78 80 81 85 87 89 91 
93 95 96 98 99 102 103 104 105 106 109 113 
115 117 119 125 129 130 131 134 136 138 139 141 
142 143 145 147 148 150 151 152 154 156 157 158 
159 160 164 165 167 168 169 170 171 174 175 177 
178 181 182 183 184 187 188 189 194 195 196 197 
198 200 204 206 207 208 209 210 212 213 214 215 
217 218 220 221 226 227 229 231 234 235 236 238 
240 241 242 245 247 248 251 253 256 257 259 260 
261 262 263 265 266 269 270 271 273 274 275 278 
285 286 288 293 295 298 300 301 302 303 305 306 
307 311 313 316 319 323 325 326 327 329 341 342 
343 344 347 348 349 350 353 355 356 358 359 360 
361 364 365 366 368 369 371 373 376 380 381 382 
383 384 385 387 389 390 391 395 396 399 400 
198
5 9 15 16 17 18 19 22 25 26 34 35 
37 38 42 43 44 45 48 52 53 54 57 59 
60 61 63 65 67 68 69 73 76 77 78 79 
81 84 87 92 93 94 98 99 102 103 105 106 
107 108 111 113 114 117 119 120 121 122 124 125 
127 129 131 132 134 135 136 137 141 143 144 146 
150 153 158 159 161 162 163 164 166 167 169 174 
175 177 179 181 184 185 188 189 190 193 198 203 
204 206 207 213 214 215 217 218 220 222 225 228 
229 230 233 236 237 238 241 243 244 245 247 248 
250 251 253 254 255 257 262 263 266 269 270 271 
272 273 274 275 276 277 279 280 281 282 283 286 
289 290 292 293 294 295 296 299 302 303 310 313 
314 315 316 319 320 321 323 325 326 328 329 331 
335 338 339 341 343 345 347 348 351 352 353 360 
364 366 367 368 370 371 377 378 379 380 381 382 
385 388 391 394 398 399 
199
2 5 6 7 10 15 16 17 18 20 21 26 
27 28 29 31 32 33 36 39 41 42 43 44 
45 47 50 52 55 58 59 60 61 63 65 66 
67 68 69 71 74 76 77 78 79 80 85 86 
90 92 95 96 97 98 100 102 103 104 105 106 
109 110 112 113 120 121 131 132 134 137 140 141 
143 147 149 154 157 159 162 163 166 167 168 169 
173 175 176 177 180 182 184 186 191 194 195 196 
198 200 201 203 207 208 209 210 211 212 213 214 
217 220 221 222 226 227 228 229 233 235 237 238 
239 240 242 246 247 251 252 253 259 260 265 266 
267 269 270 272 276 277 279 280 284 285 286 288 
289 297 298 299 302 305 307 309 311 314 315 317 
319 321 322 323 326 327 328 330 331 332 334 335 
336 337 339 340 341 346 349 350 351 353 356 358 
359 360 362 364 368 372 374 379 381 382 383 385 
387 388 390 392 393 394 395 
196
2 3 4 5 6 9 12 15 16 17 18 19 
23 31 32 33 34 35 37 38 41 45 46 49 
51 54 56 58 59 60 62 63 65 66 69 70 
76 77 78 80 81 83 84 85 88 91 96 98 
100 102 107 108 111 114 117 119 120 124 125 126 
128 130 131 132 133 135 142 144 145 152 154 157 
164 165 166 169 172 173 174 175 177 178 180 183 
184 187 190 191 192 198 201 203 204 206 209 210 
211 213 214 215 216 218 222 226 227 229 230 233 
234 238 239 241 242 243 246 248 250 251 252 256 
257 258 259 261 263 265 266 269 270 271 276 277 
278 280 284 285 287 288 290 291 292 298 300 304 
307 308 313 315 316 317 318 320 322 327 328 329 
330 331 334 335 336 339 344 345 347 348 349 351 
353 354 356 359 361 366 369 370 372 373 374 375 
377 379 380 381 383 384 385 386 387 388 389 391 
393 394 397 398 
218
3 4 5 12 14 16 17 19 22 23 27 29 
31 32 33 34 35 36 38 40 42 45 47 51 
52 54 56 57 58 59 62 63 65 66 67 70 
71 74 78 79 81 83 84 85 88 91 92 94 
97 102 104 105 107 108 109 112 113 117 118 121 
123 126 128 130 131 132 136 137 139 142 143 144 
145 149 150 152 153 154 155 156 157 158 159 161 
163 164 165 166 169 170 171 173 174 177 179 180 
181 182 185 187 188 189 190 191 193 196 197 198 
202 204 205 206 208 209 210 211 212 213 215 216 
217 221 222 223 224 225 227 230 231 232 233 237 
238 239 241 242 245 247 252 253 254 258 262 263 
264 266 267 268 269 272 275 276 279 281 282 283 
284 291 293 295 296 298 299 300 301 303 304 305 
306 307 308 309 310 311 313 314 318 320 321 327 
330 332 334 335 336 338 339 340 342 344 349 351 
354 356 357 358 359 361 362 363 366 367 369 373 
375 377 379 381 383 385 387 388 390 391 393 397 
398 399 
197
1 3 4 8 9 10 11 14 15 16 19 20 
22 26 30 32 36 37 38 41 44 47 48 50 
52 57 59 60 63 66 70 72 73 74 76 78 
83 86 87 91 92 94 100 101 102 103 104 111 
115 116 120 124 125 126 127 128 129 131 132 134 
136 138 140 143 146 147 149 150 151 153 155 156 
158 159 160 166 172 174 177 179 182 184 188 189 
191 193 195 196 198 202 203 204 206 207 209 210 
212 213 216 217 218 219 221 222 226 229 230 234 
236 237 238 239 241 242 244 246 250 251 252 253 
254 256 257 258 260 261 267 268 270 274 275 276 
277 280 286 287 288 291 292 295 298 299 301 303 
304 306 307 308 309 311 312 314 315 319 322 323 
324 326 327 328 329 330 331 333 338 339 340 341 
344 347 348 349 350 356 357 358 360 363 365 368 
370 372 373 374 376 377 379 381 383 384 386 388 
390 394 396 397 398 
197
4 8 9 10 11 12 14 16 17 18 20 23 
24 25 27 32 33 36 37 40 47 49 51 54 
58 59 60 61 67 68 69 71 72 75 76 77 
79 81 82 83 89 90 92 93 95 96 97 98 
99 101 105 107 109 110 111 112 116 118 119 123 
125 127 128 130 131 132 136 137 138 139 142 143 
144 145 149 151 153 154 156 159 161 162 164 166 
169 172 174 177 178 179 180 183 189 192 193 194 
198 199 200 201 202 203 208 210 211 214 215 218 
219 220 222 224 225 226 228 229 233 234 235 237 
238 240 242 243 244 246 247 248 249 250 254 256 
257 258 259 263 265 267 276 277 278 279 280 281 
282 285 288 294 296 297 301 302 307 310 311 314 
316 318 319 320 323 324 325 326 328 330 335 336 
337 342 346 347 348 349 355 357 363 365 367 369 
370 376 377 380 383 384 386 387 388 389 390 392 
394 395 397 398 399 
196
1 4 7 9 10 11 12 15 16 19 20 21 
23 26 27 30 31 32 33 35 37 39 41 46 
48 49 50 51 52 53 56 59 62 65 66 67 
68 69 71 72 75 76 77 78 79 82 83 85 
87 88 89 98 100 102 105 106 107 108 109 110 
111 112 113 117 118 119 120 121 128 129 131 132 
133 135 137 139 140 141 142 148 149 150 151 152 
153 159 164 166 170 171 173 175 176 177 181 183 
184 186 187 188 190 193 196 199 206 207 208 209 
211 212 215 216 217 218 222 225 227 228 229 238 
239 242 243 247 250 253 254 255 257 258 259 261 
262 263 266 267 269 272 273 274 276 278 279 280 
281 283 284 285 288 289 291 292 293 296 301 303 
306 307 310 313 315 316 317 318 321 329 336 337 
338 339 340 344 351 355 357 359 365 366 367 369 
370 373 378 380 382 387 388 390 392 393 395 396 
397 398 399 400 
187
4 6 8 9 10 12 14 17 19 25 26 28 
29 30 31 32 33 34 35 40 41 46 47 48 
50 52 54 55 56 57 58 61 62 63 64 66 
67 68 70 74 75 76 77 79 80 84 86 88 
89 90 91 92 93 94 96 98 101 102 103 105 
109 111 114 119 120 121 124 130 131 133 134 135 
137 138 141 142 143 145 146 148 151 153 158 159 
163 164 165 167 170 173 175 182 184 185 186 188 
199 200 201 202 207 208 210 214 217 218 219 222 
225 230 234 237 245 246 247 249 250 251 252 253 
255 257 258 259 260 262 265 267 268 271 272 273 
277 281 282 284 286 287 289 292 295 297 302 303 
307 308 312 316 317 318 319 320 322 323 325 329 
335 339 341 347 349 350 351 352 353 355 358 359 
360 364 365 368 369 372 379 381 382 383 384 385 
386 388 389 391 392 395 399 
206
2 3 5 7 9 12 14 15 16 17 21 23 
26 27 28 29 30 31 32 33 35 36 40 43 
44 46 50 51 52 54 55 60 63 64 65 70 
73 75 76 79 81 83 84 85 89 91 92 93 
95 96 98 100 101 102 105 106 107 110 111 112 
113 115 116 117 118 121 123 125 127 132 135 136 
137 138 142 144 147 149 150 152 153 156 158 159 
161 163 164 168 170 171 176 178 180 181 184 185 
186 188 190 191 193 195 196 198 200 202 203 205 
207 208 210 216 217 218 220 223 224 225 226 233 
235 237 238 239 240 244 245 247 248 249 250 251 
252 256 258 259 262 263 264 265 266 267 268 272 
273 275 280 281 282 283 286 287 288 289 290 291 
295 300 302 311 313 314 315 319 323 326 328 331 
333 340 341 342 343 344 346 350 351 352 353 354 
355 356 358 359 361 362 363 364 365 369 370 371 
372 374 378 380 382 383 384 385 386 388 389 394 
397 399 
215
1 2 4 5 6 10 14 17 18 20 21 25 
29 30 32 33 37 40 41 42 43 47 49 51 
52 53 54 56 57 60 61 65 66 67 68 69 
72 74 75 76 77 78 79 80 81 82 84 85 
90 91 94 95 96 97 99 103 104 106 108 110 
111 113 115 117 118 119 121 122 123 125 127 128 
130 133 134 136 137 140 143 145 149 150 153 156 
158 162 165 167 168 170 174 176 177 179 180 181 
182 186 188 190 191 192 195 196 198 199 202 204 
205 206 207 208 210 213 215 217 218 220 221 222 
224 230 234 238 239 243 244 249 251 253 254 257 
262 264 265 266 267 270 271 273 274 275 277 279 
281 284 286 293 294 296 297 298 300 301 302 303 
304 305 306 308 309 310 312 314 316 317 318 320 
321 322 325 326 329 330 337 338 339 342 343 345 
346 347 348 350 351 352 353 357 358 359 362 363 
364 365 366 368 369 371 372 373 376 377 379 381 
384 386 387 388 391 393 394 396 397 399 400 
212
3 6 8 10 11 13 22 23 25 26 27 29 
31 32 36 37 38 43 44 45 47 48 49 53 
55 59 62 63 65 67 68 69 72 73 74 75 
76 77 78 80 81 82 83 85 86 88 93 94 
96 97 99 104 105 107 108 109 112 114 117 119 
120 121 123 126 130 132 133 136 138 142 145 148 
152 153 155 157 159 162 163 164 168 170 172 173 
174 177 179 180 181 182 185 186 188 191 192 194 
195 197 201 203 205 209 211 215 216 219 221 223 
224 226 227 229 231 232 234 236 238 241 242 243 
245 247 248 249 251 253 255 257 258 259 261 262 
264 266 267 271 272 276 279 283 284 286 287 288 
291 292 295 296 298 299 301 302 307 309 313 315 
316 320 322 324 325 326 327 328 329 330 333 334 
335 337 339 340 342 343 344 345 346 347 349 350 
351 352 356 357 358 359 361 362 366 367 368 369 
372 373 374 376 379 380 382 383 384 385 387 388 
389 390 391 392 393 394 395 400 
198
2 4 5 6 7 10 11 12 13 14 17 19 
21 24 26 28 32 33 35 37 38 39 42 43 
45 46 47 49 50 51 52 53 54 55 56 65 
68 69 71 74 76 79 80 82 83 85 86 88 
89 90 92 93 97 99 101 103 104 105 106 107 
108 111 112 113 114 116 118 119 121 122 131 138 
139 140 144 145 147 148 150 152 153 154 155 157 
158 159 160 161 162 163 169 170 171 172 173 174 
178 179 181 182 185 188 191 193 195 196 197 204 
206 211 212 213 215 219 220 221 224 229 232 236 
241 246 247 249 251 255 257 260 263 264 267 270 
272 274 275 276 278 279 282 283 288 291 292 293 
295 296 301 302 303 304 307 312 315 319 325 326 
327 329 330 331 333 334 335 337 338 339 340 341 
343 345 347 352 357 358 359 360 362 364 366 367 
370 371 372 373 374 379 381 383 384 385 386 387 
388 393 395 396 397 399 
193
2 6 8 9 10 13 23 24 27 28 31 32 
34 38 44 49 50 51 56 59 61 62 64 65 
68 69 72 74 75 76 77 78 79 80 81 82 
83 84 87 94 95 96 99 101 102 104 105 106 
107 108 109 111 112 114 115 117 118 119 120 121 
124 129 132 136 137 140 143 144 145 147 151 152 
153 155 156 157 158 159 162 163 164 165 166 168 
169 170 171 172 173 174 175 177 182 184 185 187 
188 189 194 196 197 198 200 201 202 205 208 209 
210 211 213 218 220 223 224 225 226 227 229 230 
233 237 238 240 242 245 246 247 248 249 251 256 
262 263 266 269 272 273 274 279 280 281 282 285 
288 289 290 292 293 294 295 297 300 304 306 307 
313 317 318 319 320 321 323 324 325 326 328 330 
339 340 342 343 346 348 352 354 362 363 365 369 
373 374 376 377 378 379 381 382 388 392 394 395 
399 
197
1 4 5 6 8 10 12 13 15 18 21 22 
24 25 27 29 32 33 34 35 39 42 43 44 
46 47 51 53 54 57 58 59 61 62 64 67 
69 70 71 72 73 74 77 79 80 82 86 88 
90 92 93 95 101 103 104 109 111 113 117 118 
119 120 121 123 124 130 131 132 133 134 137 143 
146 147 148 149 150 151 153 154 155 157 159 162 
165 166 168 170 171 173 176 182 183 188 189 190 
191 192 193 195 207 208 209 210 214 216 221 223 
226 228 229 232 233 235 237 238 239 243 245 246 
248 249 250 251 255 257 260 262 263 264 266 269 
272 273 276 278 279 282 283 284 286 292 293 296 
298 301 305 311 312 313 314 315 316 318 319 322 
323 324 326 327 331 334 337 338 339 340 343 344 
348 349 352 353 354 359 361 362 363 365 371 373 
374 375 377 378 379 381 382 383 385 386 388 389 
390 393 395 398 400 
202
1 2 4 5 7 8 12 19 20 21 24 25 
29 31 32 33 34 35 40 42 43 44 46 47 
48 50 51 52 55 58 60 62 63 64 69 72 
74 75 76 79 81 86 91 92 93 99 100 101 
105 106 107 108 109 112 114 115 122 126 127 132 
133 134 135 136 137 138 141 144 147 149 150 152 
153 157 158 159 162 164 165 166 168 170 171 172 
176 177 179 180 181 183 184 185 187 188 189 191 
192 193 194 195 196 197 199 201 207 208 209 210 
212 216 218 219 220 222 223 224 226 228 230 231 
238 240 241 244 245 247 254 255 256 258 261 262 
264 267 269 270 271 274 277 279 280 282 284 285 
290 293 294 295 296 300 301 302 304 305 306 307 
308 309 310 313 314 316 325 326 328 330 332 334 
337 338 339 341 343 344 347 351 352 354 356 361 
363 364 366 367 368 369 374 375 379 382 383 384 
385 386 388 389 390 392 393 394 395 398 
210
2 4 6 7 9 13 19 20 22 23 25 29 
32 39 41 44 47 54 55 56 57 58 59 62 
63 64 65 67 69 72 73 75 78 80 83 87 
88 91 92 96 98 100 101 102 104 105 106 108 
109 110 113 114 117 119 120 122 126 129 130 135 
137 138 139 140 141 142 143 144 146 147 150 152 
153 154 156 157 158 159 162 163 169 170 171 172 
173 175 177 178 179 180 181 182 185 186 187 188 
189 190 191 192 194 197 199 200 201 202 203 205 
206 207 208 209 213 216 217 218 220 221 222 223 
225 229 230 232 234 235 236 241 242 246 247 249 
250 251 252 254 257 258 259 260 261 262 263 264 
266 267 270 271 274 275 276 277 278 279 280 284 
286 290 291 292 296 297 298 300 303 304 305 306 
307 309 311 312 313 314 315 319 324 326 327 328 
330 333 334 336 342 345 346 347 349 351 352 353 
357 360 361 364 365 366 368 369 372 373 377 380 
381 384 386 389 394 400 
209
1 2 3 5 7 10 14 15 16 21 29 32 
33 34 38 40 41 42 43 46 47 49 50 51 
55 56 59 61 62 64 66 67 69 70 76 79 
80 81 82 84 85 86 89 93 95 96 100 102 
103 105 107 110 111 112 114 116 117 118 119 120 
121 122 123 124 125 126 127 128 129 132 133 134 
140 141 142 143 145 146 148 150 151 152 153 155 
161 163 164 168 170 172 176 178 180 182 183 184 
188 191 192 194 195 196 200 201 202 204 208 209 
210 211 212 213 214 215 216 219 220 221 222 224 
225 230 231 232 235 237 238 239 240 242 245 246 
250 251 256 260 262 264 268 271 272 275 276 277 
282 285 287 289 290 291 296 297 299 300 301 303 
304 307 308 309 310 311 312 313 317 320 324 327 
328 329 330 333 334 335 336 337 338 342 344 346 
347 348 351 353 354 355 356 357 359 363 364 365 
366 367 369 371 372 376 378 379 383 385 386 388 
391 394 396 397 398 
210
3 4 9 10 14 15 17 19 20 23 25 27 
29 31 32 33 34 35 38 39 40 42 43 44 
46 49 50 54 56 57 58 59 61 62 64 65 
67 69 73 75 80 82 84 85 87 88 89 93 
94 96 98 100 101 103 109 112 114 117 118 119 
121 122 124 126 127 128 130 131 132 133 134 137 
138 147 148 149 150 151 153 154 158 161 163 164 
165 168 169 172 175 176 179 182 183 184 187 188 
189 190 195 197 201 204 210 211 213 214 215 216 
219 222 223 227 229 232 233 234 235 236 243 245 
246 247 248 249 250 253 254 257 258 259 260 261 
262 263 265 267 270 272 273 274 276 279 280 282 
284 286 287 289 290 291 292 293 295 296 302 304 
305 307 308 309 310 311 315 316 317 318 319 321 
322 323 324 326 327 329 331 334 335 337 338 339 
340 341 342 343 344 346 348 352 354 357 360 361 
362 366 369 371 372 375 378 379 380 381 384 386 
390 392 394 395 397 398 
199
4 5 6 7 10 15 16 18 20 27 28 29 
30 31 33 40 42 45 46 48 50 54 56 60 
61 62 64 68 71 72 73 74 75 77 80 86 
87 88 89 90 91 93 94 95 96 98 100 103 
105 107 109 110 111 112 114 115 117 118 119 121 
122 123 129 132 133 134 135 136 137 138 139 140 
144 145 148 149 150 152 154 156 157 158 160 166 
170 171 172 176 179 181 184 187 188 195 196 199 
200 201 203 204 207 210 212 213 214 215 216 217 
219 220 221 223 226 227 228 229 231 233 236 237 
238 241 242 245 246 247 249 251 252 253 256 257 
261 265 266 267 268 270 271 272 275 276 281 283 
287 288 289 290 297 299 302 304 305 310 313 316 
318 320 326 330 331 332 336 338 339 341 342 343 
345 347 348 350 353 355 356 357 359 360 361 362 
364 365 366 368 370 374 375 377 380 383 384 386 
388 391 393 395 396 397 399 
207
1 3 5 6 7 10 12 14 15 17 18 19 
20 21 22 29 31 34 35 36 39 40 41 42 
43 47 51 54 55 56 58 59 60 62 63 65 
67 70 71 73 75 78 79 80 81 84 86 88 
89 90 98 99 100 101 102 107 108 109 111 113 
117 118 119 120 121 122 127 129 135 136 138 143 
147 148 149 150 151 152 153 155 156 157 160 161 
162 164 168 169 172 173 175 177 179 180 182 183 
187 188 189 190 193 194 195 198 200 201 203 204 
206 208 211 213 214 219 220 222 224 225 226 227 
229 230 231 232 235 236 237 238 239 241 242 243 
244 247 250 252 255 257 258 266 269 271 278 280 
281 283 285 287 288 290 291 292 293 296 298 299 
304 305 306 309 310 311 315 317 320 321 323 324 
327 328 330 331 332 333 334 338 339 341 342 343 
344 345 346 350 351 353 355 359 364 365 366 370 
371 372 375 376 377 379 382 385 387 391 392 394 
395 399 400 
187
2 3 4 6 7 8 9 11 14 15 17 19 
21 23 25 26 27 29 32 33 34 36 37 39 
42 43 45 46 47 52 56 61 62 63 64 65 
70 71 75 77 79 80 82 83 89 93 95 97 
99 102 104 106 109 110 111 115 116 118 119 120 
123 124 125 128 129 130 131 132 135 137 139 142 
145 146 150 151 153 154 156 157 165 167 169 170 
180 182 184 185 188 190 192 193 201 202 205 206 
208 210 216 217 218 220 228 229 231 232 236 237 
242 245 246 247 248 251 255 258 264 270 271 272 
275 278 279 281 282 283 285 289 292 294 296 299 
305 306 307 308 310 314 316 317 318 319 320 321 
324 325 326 327 329 330 332 337 339 341 342 343 
345 346 347 348 351 356 358 360 367 369 370 371 
374 375 376 379 380 383 384 385 386 387 388 389 
390 391 392 393 397 398 400 
198
2 3 6 8 12 16 19 21 23 24 25 26 
27 28 31 32 33 34 35 36 37 39 40 41 
42 45 46 48 49 50 58 59 62 65 66 68 
69 71 72 75 76 77 78 80 81 83 85 87 
89 90 106 108 113 114 115 116 120 121 122 123 
124 125 126 128 130 131 134 135 136 138 141 145 
146 148 149 150 151 152 155 156 157 159 160 162 
163 164 168 169 170 171 174 176 177 178 180 184 
185 186 188 190 192 194 197 199 203 204 208 210 
211 212 214 215 216 217 219 220 225 226 227 228 
229 231 237 238 239 240 243 244 245 246 247 251 
252 253 256 257 258 262 263 264 265 269 270 271 
275 276 277 281 282 283 285 287 288 289 290 291 
296 297 298 300 301 303 312 313 317 318 319 321 
323 324 326 329 332 334 336 339 341 350 351 352 
353 354 355 361 365 367 375 377 379 386 389 390 
392 394 396 397 399 400 
195
4 5 6 8 9 11 13 14 17 18 23 24 
25 33 35 37 38 40 41 42 43 45 46 50 
51 52 53 58 60 64 66 69 70 73 74 76 
78 79 84 85 88 89 92 94 97 98 100 103 
104 105 108 109 110 111 112 113 114 117 121 122 
123 126 127 131 132 135 136 138 140 144 145 146 
148 149 150 154 155 157 158 162 164 167 168 169 
170 171 172 174 177 178 179 182 183 187 192 194 
195 197 199 204 207 209 213 215 216 219 225 226 
229 230 234 236 237 238 242 246 248 249 250 252 
255 256 258 260 261 263 267 268 270 274 276 277 
278 280 286 287 290 292 295 296 297 298 299 300 
302 305 306 309 311 314 316 317 318 320 322 328 
329 332 333 334 337 340 341 343 344 345 347 348 
350 352 354 356 357 360 365 369 371 372 374 378 
379 381 382 383 384 386 387 388 390 391 392 394 
395 396 398 
199
1 2 5 6 9 12 13 15 16 17 26 27 
28 29 30 33 36 37 38 43 44 45 48 49 
52 54 61 65 66 67 76 77 81 83 85 87 
88 89 92 93 94 97 98 100 101 104 105 106 
107 110 112 113 114 115 118 124 125 127 128 129 
131 133 135 137 139 142 143 144 145 148 149 150 
156 158 159 163 167 168 169 171 172 174 175 176 
177 178 182 185 189 190 193 194 195 196 197 199 
201 202 205 207 208 209 211 212 213 216 221 222 
226 227 231 233 234 235 240 242 243 244 246 248 
253 256 258 260 262 263 264 267 268 273 274 275 
276 277 278 280 281 285 286 287 289 290 291 294 
296 299 300 301 302 303 304 305 306 310 312 313 
315 316 317 320 324 326 327 328 331 332 333 334 
341 343 351 352 354 356 357 359 360 362 363 364 
365 366 367 372 373 375 376 378 382 385 386 388 
389 390 391 392 394 398 399 
230
3 4 5 6 7 9 11 12 13 14 15 16 
18 19 20 23 25 26 30 31 32 33 34 36 
38 39 42 43 46 48 50 51 52 54 57 58 
60 61 62 63 64 66 68 72 74 76 77 80 
81 85 87 89 90 91 92 94 95 96 97 98 
99 100 104 105 108 112 113 117 121 122 123 126 
127 129 130 131 133 135 138 139 140 141 142 143 
144 146 147 148 150 151 152 153 154 155 161 164 
165 166 167 168 169 173 174 175 180 181 183 184 
185 187 188 189 190 191 193 196 197 200 201 202 
203 206 209 210 211 212 216 220 222 223 224 225 
228 229 230 231 234 235 237 243 244 245 247 249 
251 252 255 257 259 260 261 262 263 266 270 271 
273 274 275 277 278 279 280 282 283 284 285 287 
289 292 294 298 299 301 302 303 306 307 312 313 
314 316 317 318 320 323 325 326 327 330 332 333 
334 337 338 339 340 344 345 346 349 350 352 355 
357 358 360 362 365 366 367 369 375 376 377 378 
380 381 382 383 384 385 387 388 390 394 395 397 
399 400 
206
1 3 5 7 8 10 13 14 15 16 17 19 
20 21 22 23 25 28 29 32 34 35 37 39 
40 42 43 47 48 51 53 54 56 57 58 59 
61 62 63 64 65 67 69 70 71 72 73 75 
77 78 80 82 84 85 87 91 92 94 98 99 
101 105 107 109 110 111 118 119 120 122 123 134 
135 141 142 143 144 147 149 150 151 155 159 161 
162 164 165 166 167 168 172 174 176 177 179 180 
181 182 184 186 188 189 193 195 199 202 203 204 
205 207 213 214 215 217 218 219 225 228 230 235 
237 239 240 243 245 246 247 252 253 255 257 261 
263 265 266 269 272 273 274 275 276 277 278 281 
284 285 286 288 289 291 293 294 300 302 303 304 
306 308 310 311 312 313 315 316 317 318 319 322 
327 328 329 333 334 335 337 339 343 344 345 349 
350 356 359 360 361 362 364 365 369 370 372 373 
378 379 381 384 385 390 391 392 393 394 395 396 
397 399 
216
2 3 8 9 10 11 12 13 17 18 20 21 
22 26 27 29 31 33 34 35 40 42 43 44 
47 49 50 54 55 57 61 62 65 67 68 69 
70 71 72 73 77 80 83 85 89 92 93 95 
99 101 102 103 104 105 106 107 109 110 114 116 
119 120 121 122 123 125 127 130 131 132 133 134 
135 136 137 139 140 143 144 145 149 150 152 153 
155 156 159 160 161 163 164 165 166 168 170 173 
175 177 179 180 181 185 188 192 195 198 204 205 
206 212 214 215 217 218 219 220 221 222 223 224 
226 227 228 233 234 238 239 240 241 242 244 248 
250 252 253 256 257 258 259 262 263 265 266 267 
268 273 274 277 281 282 283 287 290 291 294 298 
302 304 305 306 307 308 309 310 311 313 314 315 
317 319 320 321 324 326 327 328 331 333 334 336 
338 340 342 343 345 347 348 352 354 355 356 358 
359 362 363 364 365 366 368 372 376 379 380 381 
382 384 385 389 390 391 392 393 394 395 396 397 
219
1 3 4 5 6 9 11 12 14 16 17 18 
19 20 21 22 23 24 26 29 30 31 32 33 
36 38 39 40 41 42 43 47 50 51 54 55 
58 59 63 64 65 66 67 70 73 74 75 78 
79 82 83 85 86 87 90 91 92 96 98 99 
102 103 104 108 111 112 113 114 116 117 119 120 
122 125 126 127 130 133 136 137 139 140 141 142 
143 145 147 149 152 153 154 155 158 159 166 167 
172 173 175 176 177 179 185 186 187 188 189 191 
193 194 195 196 197 203 205 206 209 210 212 222 
223 224 225 229 230 231 232 233 235 236 238 241 
244 247 249 250 251 252 254 255 257 258 259 260 
261 262 266 267 271 273 275 276 277 280 288 290 
291 292 296 297 298 304 306 308 310 311 313 317 
318 319 324 325 326 328 329 332 333 337 340 341 
342 343 344 345 347 348 351 352 353 354 356 357 
358 359 360 361 362 363 364 365 366 367 369 370 
371 374 375 376 383 384 385 386 389 391 393 394 
395 397 400 
209
1 2 6 7 8 13 15 16 18 19 23 25 
26 28 29 30 31 35 36 37 39 42 43 45 
46 47 48 49 51 52 53 54 55 56 57 59 
60 65 66 67 68 69 70 71 72 74 76 78 
79 83 86 88 89 90 91 92 93 95 96 98 
100 101 102 105 109 112 113 117 118 120 122 124 
125 127 128 130 133 134 135 136 138 142 143 145 
146 151 154 155 158 160 163 164 165 166 168 171 
172 173 174 176 179 181 182 184 185 186 189 190 
191 192 196 200 201 202 203 205 208 214 215 216 
217 227 229 231 233 234 235 238 239 242 243 244 
246 250 252 255 256 257 261 262 265 269 272 274 
279 280 282 284 285 288 296 298 300 305 307 308 
310 311 312 313 314 315 317 318 320 321 322 324 
325 326 328 329 331 332 333 334 337 338 340 343 
344 347 349 351 355 356 357 358 359 361 364 365 
366 368 369 372 373 375 377 378 380 381 383 389 
391 395 396 397 400 
216
1 5 6 7 9 10 11 12 14 15 18 19 
20 26 27 29 33 34 35 36 38 43 44 46 
48 49 51 52 53 55 58 60 61 62 63 65 
66 67 68 71 73 74 76 77 78 79 80 84 
86 88 94 95 99 100 102 103 106 110 111 112 
113 114 115 116 117 118 119 120 122 124 125 126 
128 133 134 137 139 141 142 144 145 147 149 150 
151 154 156 160 163 167 169 170 171 172 174 175 
176 178 179 181 182 183 184 187 191 192 197 198 
200 201 202 204 205 206 209 213 216 217 221 227 
228 229 230 231 232 234 235 237 239 243 245 246 
247 249 252 256 257 263 266 267 270 272 273 275 
279 280 281 283 286 288 290 291 292 294 295 297 
300 305 306 307 308 310 311 312 313 316 319 320 
321 323 324 325 326 327 329 333 334 337 338 342 
343 344 345 347 349 351 353 355 357 358 359 361 
362 363 364 365 368 369 372 373 374 375 376 377 
382 384 386 389 390 391 393 394 396 397 399 400 
194
2 4 7 8 9 10 11 12 16 18 20 21 
23 25 26 27 28 29 30 31 32 34 35 38 
40 43 44 45 46 48 49 50 51 53 57 63 
67 71 73 77 80 83 84 85 89 90 95 96 
98 99 101 102 103 105 106 109 111 112 114 116 
117 118 120 125 126 127 128 129 131 132 133 134 
139 141 146 149 150 151 153 158 159 161 164 165 
166 169 174 175 176 177 180 182 184 185 187 189 
190 191 193 197 205 210 211 212 214 217 218 219 
220 221 223 226 227 230 233 234 235 236 238 239 
240 242 243 245 246 247 250 253 255 257 258 260 
269 273 274 276 277 279 283 288 289 295 296 298 
299 300 301 304 306 307 308 310 314 315 316 318 
322 324 325 326 327 330 331 334 335 336 337 340 
341 342 351 355 357 358 366 367 368 369 370 371 
374 377 379 380 383 385 387 390 393 394 395 397 
399 400 
200
1 2 3 4 5 6 7 10 11 15 17 18 
19 21 25 27 28 30 31 34 35 36 37 42 
43 44 47 48 50 53 54 55 56 58 59 62 
63 69 76 77 78 82 87 90 91 93 94 96 
99 100 103 107 108 109 111 112 113 114 115 118 
119 121 126 127 129 133 134 138 139 140 141 142 
146 149 150 151 156 162 165 167 169 170 174 175 
181 182 186 187 189 194 195 197 198 199 201 202 
204 205 207 210 211 215 216 219 220 221 222 223 
226 228 229 230 233 234 235 236 238 239 240 242 
246 247 249 250 251 253 257 258 259 262 263 264 
265 266 268 271 273 275 277 281 282 283 284 291 
292 293 294 295 297 299 300 303 304 306 308 309 
311 314 316 317 320 321 326 328 330 332 333 334 
336 338 339 340 342 344 345 346 353 355 357 359 
364 366 369 372 373 374 376 378 380 381 385 386 
387 388 393 394 395 396 397 399 
194
1 2 4 6 8 17 20 22 23 26 29 30 
32 33 34 37 38 39 41 43 46 48 52 53 
54 55 59 60 61 63 64 65 73 76 77 79 
80 81 83 84 95 96 102 107 113 114 116 118 
119 120 121 122 123 126 128 129 132 134 136 139 
140 142 143 144 145 146 147 148 151 152 153 154 
157 158 159 160 164 165 168 169 173 174 176 178 
181 182 183 189 190 196 197 198 199 201 202 203 
204 205 209 210 213 214 215 217 218 219 220 223 
225 227 228 231 232 233 236 244 247 249 250 251 
252 253 254 255 256 257 258 259 264 265 268 269 
270 277 280 281 282 285 287 289 293 295 296 297 
304 305 307 308 310 311 313 315 318 321 323 325 
328 329 331 334 336 338 339 340 341 342 343 345 
346 347 350 351 353 356 358 362 369 370 371 372 
375 377 378 379 381 384 386 387 388 390 392 394 
398 399 
188
3 4 5 7 9 10 11 14 15 21 22 25 
33 36 37 39 42 46 51 52 54 55 56 58 
60 61 62 63 66 67 68 70 72 74 78 83 
84 85 87 88 89 91 93 96 101 102 103 104 
105 107 110 111 114 115 116 120 122 123 124 125 
126 130 133 135 137 141 142 143 145 146 148 152 
153 157 158 163 164 166 167 168 170 171 175 178 
179 180 181 183 185 187 189 190 191 192 194 195 
196 197 200 201 202 203 204 206 207 208 212 215 
217 219 224 225 226 228 230 237 238 240 242 245 
246 253 255 257 259 261 264 265 266 272 273 274 
280 281 282 284 285 286 287 288 290 291 295 297 
301 308 309 310 311 318 321 323 329 332 333 334 
336 339 342 345 348 351 352 354 358 363 364 369 
372 373 374 376 377 378 380 381 383 384 385 386 
387 389 390 392 394 397 399 400 
182
1 2 4 5 8 9 13 14 15 16 23 26 
29 32 33 35 37 38 41 46 49 50 52 53 
54 64 66 68 69 72 75 77 78 81 83 84 
86 87 88 90 95 96 98 103 104 105 109 111 
112 114 115 123 126 128 130 131 133 136 137 139 
140 141 142 143 144 145 147 148 152 153 154 157 
158 160 161 163 165 166 171 173 174 177 178 179 
182 183 185 186 189 190 192 197 202 205 208 209 
212 213 215 217 219 220 221 223 224 226 227 231 
232 234 235 236 239 242 244 245 247 248 249 254 
257 263 267 270 271 272 273 274 275 277 279 283 
284 287 292 298 300 301 303 304 306 307 308 309 
311 315 316 320 321 322 324 329 330 332 336 340 
342 346 348 349 353 354 356 357 358 359 360 363 
365 366 367 368 369 371 375 376 380 389 390 396 
397 399 
196
1 10 11 12 13 14 17 18 19 20 23 24 
25 26 27 28 29 30 33 34 36 38 40 43 
44 45 49 51 53 55 56 58 59 63 64 67 
71 74 76 77 79 81 82 83 84 88 90 93 
94 96 98 100 103 105 112 114 115 116 118 120 
125 126 127 128 129 131 132 133 135 136 137 138 
139 140 143 145 146 148 150 151 153 154 155 157 
160 161 163 164 166 168 169 171 172 174 175 182 
183 184 186 188 189 190 192 196 197 199 202 209 
210 211 218 219 222 224 225 226 228 230 232 235 
236 237 238 239 240 241 242 243 246 247 250 251 
254 257 262 263 264 265 266 269 271 272 274 276 
279 281 282 283 285 287 288 290 292 293 294 297 
299 300 303 304 306 311 312 313 316 317 320 321 
322 324 325 327 335 337 338 339 340 341 343 345 
348 353 361 362 366 370 376 379 382 383 384 391 
393 394 398 400 
194
2 3 6 7 8 11 16 19 23 26 27 28 
29 30 33 34 36 38 41 42 43 44 46 47 
48 50 52 58 64 67 68 69 70 72 75 78 
79 81 83 84 85 88 91 93 96 98 99 103 
108 110 111 112 119 124 125 126 127 129 131 132 
133 135 136 138 139 145 148 150 154 155 156 159 
162 165 166 167 170 171 172 173 174 175 178 183 
184 185 186 187 190 193 196 198 199 200 201 205 
206 207 208 209 210 211 214 217 220 222 223 224 
227 228 230 232 234 235 237 239 243 244 247 249 
251 254 257 259 260 261 263 268 272 273 275 276 
278 279 280 282 283 284 285 286 289 293 295 298 
299 300 301 302 303 304 307 309 312 313 314 315 
317 318 319 320 323 327 331 333 334 335 336 339 
342 343 344 347 349 350 351 352 353 354 355 360 
361 366 375 380 382 383 385 388 390 393 394 396 
397 398 
198
12 14 16 17 23 29 30 35 37 38 40 41 
42 44 45 46 47 48 49 50 51 52 53 55 
56 58 59 61 62 63 65 66 67 68 69 71 
74 76 78 79 80 86 87 88 90 91 94 95 
100 101 104 105 109 113 115 116 117 119 120 121 
126 127 128 129 130 132 133 134 136 138 139 146 
147 148 154 156 157 158 159 162 163 164 166 167 
169 173 175 177 178 180 181 184 188 189 190 191 
192 194 196 202 203 205 206 209 210 213 214 215 
216 217 219 220 222 223 224 225 230 231 233 234 
236 238 241 243 244 246 247 251 258 259 260 263 
264 268 269 271 272 274 278 279 280 283 288 290 
291 292 293 294 295 296 297 301 303 304 305 310 
312 315 320 321 322 323 324 326 327 333 334 337 
341 343 345 346 350 353 354 356 357 358 360 361 
363 365 368 371 373 374 378 381 382 384 385 387 
390 391 392 395 398 399 
191
4 5 6 7 9 11 13 14 15 21 22 23 
24 28 30 31 33 36 38 41 43 44 46 47 
49 50 51 52 54 56 57 62 64 65 68 69 
70 71 72 73 74 76 78 79 80 81 87 88 
89 90 91 97 99 101 102 103 107 108 109 110 
113 114 115 116 118 119 122 125 126 127 129 130 
131 132 135 136 137 139 143 144 147 154 155 157 
158 163 165 167 168 172 174 175 179 181 185 191 
192 193 194 197 198 200 204 208 211 214 215 219 
226 228 230 235 236 239 241 243 245 246 248 249 
250 252 254 256 261 262 264 266 269 270 274 277 
279 281 283 284 290 291 295 296 298 300 302 305 
306 308 311 312 314 315 316 319 321 322 323 328 
330 331 332 333 335 336 337 338 341 343 345 346 
347 350 351 355 357 359 364 369 370 371 373 379 
381 385 386 387 390 391 394 395 396 397 400 
183
2 8 10 12 15 16 19 21 22 23 27 28 
32 34 37 39 41 45 46 47 48 49 53 54 
55 57 59 60 61 68 69 70 72 76 81 83 
88 92 95 96 100 101 102 103 106 108 109 110 
113 115 119 120 121 123 124 128 130 133 134 135 
137 138 140 141 144 145 146 147 151 156 158 159 
164 165 167 168 173 175 181 182 185 187 189 190 
192 193 194 195 197 204 205 207 208 209 210 211 
212 216 217 218 219 220 223 224 226 228 231 232 
233 234 236 238 239 240 241 242 244 247 249 250 
257 262 263 265 268 272 273 277 278 279 280 286 
287 288 291 293 294 295 296 297 298 304 310 312 
315 322 324 325 327 328 332 334 335 338 342 344 
348 353 355 359 360 362 363 364 365 368 370 373 
374 375 376 377 381 384 386 388 390 391 392 393 
395 398 399 
204
2 3 12 16 17 18 20 21 23 25 26 28 
29 30 32 36 37 39 40 41 42 44 45 47 
48 49 51 53 54 55 58 62 63 64 65 67 
70 76 77 81 82 85 86 89 94 98 99 100 
104 106 108 116 118 119 120 121 123 125 127 129 
130 131 132 134 140 143 144 145 146 149 151 156 
157 159 165 166 171 173 174 176 178 179 180 182 
184 187 188 189 193 196 203 204 207 210 212 214 
215 216 218 223 224 226 227 230 231 233 234 235 
236 238 240 241 242 243 244 245 248 249 250 251 
252 253 255 256 257 258 259 261 262 264 265 266 
267 269 270 271 273 276 277 278 279 281 285 286 
289 293 295 296 298 299 302 303 304 309 310 311 
312 313 314 315 317 320 322 323 325 327 330 333 
334 337 343 344 345 346 347 348 350 352 353 354 
355 358 359 360 363 365 368 369 370 371 374 376 
377 378 379 380 383 384 385 386 389 396 398 399 
202
2 7 10 13 14 21 23 24 28 31 32 33 
34 35 37 38 40 42 45 47 48 50 51 52 
53 54 55 58 59 61 64 67 68 71 72 73 
75 78 79 80 81 86 87 88 89 90 91 92 
93 94 96 98 100 104 105 106 107 110 111 113 
114 117 121 123 124 125 126 129 133 139 141 142 
145 147 148 150 151 152 154 155 159 160 162 164 
165 166 171 174 176 181 185 186 188 189 190 195 
198 199 200 201 203 205 207 209 212 213 214 215 
216 218 219 220 223 224 225 228 231 234 236 237 
239 240 242 243 245 246 250 251 252 256 257 258 
263 265 267 273 276 277 278 279 280 281 283 285 
286 288 289 290 293 294 296 297 298 299 300 303 
308 310 311 313 314 316 317 318 320 326 327 328 
329 330 331 333 335 337 339 342 345 346 347 348 
350 352 357 360 362 363 364 366 367 372 376 379 
380 381 383 388 391 393 395 396 398 399 
215
1 4 7 8 10 11 15 16 18 19 20 21 
29 30 31 34 37 39 41 42 43 46 48 49 
51 53 56 57 59 63 64 65 68 69 70 71 
73 75 76 78 79 80 85 86 87 88 91 92 
93 95 98 101 103 105 107 108 110 111 112 113 
115 116 118 120 121 126 132 135 138 140 142 146 
147 149 150 151 153 154 155 157 158 159 162 163 
164 165 167 168 171 172 173 175 176 177 178 179 
180 186 189 190 192 194 197 198 202 203 204 205 
207 208 209 210 212 213 214 215 216 218 219 222 
224 226 227 229 234 235 237 241 244 246 247 249 
250 252 253 254 257 258 259 260 261 262 263 264 
266 268 270 271 273 274 275 276 277 279 280 282 
285 286 287 288 289 290 292 294 296 297 298 301 
305 307 311 312 314 315 317 319 320 322 323 333 
335 336 339 343 344 346 347 348 349 351 352 354 
356 358 359 360 361 362 363 368 369 371 374 376 
377 379 380 381 383 385 388 390 396 397 399 
203
1 3 4 7 10 11 12 13 16 17 18 19 
20 25 31 34 35 36 37 38 39 40 41 42 
45 47 48 49 50 54 56 57 58 61 62 64 
65 68 70 71 72 73 74 75 79 83 84 91 
92 93 94 95 96 97 98 99 100 103 104 105 
107 111 114 115 116 117 118 123 124 130 131 132 
133 138 141 145 146 148 150 151 152 154 155 157 
159 161 162 164 165 170 171 172 173 176 177 178 
181 186 187 188 189 190 192 194 196 197 202 203 
204 205 206 208 210 211 212 213 219 221 223 225 
227 231 233 234 236 237 240 242 246 248 251 254 
256 259 263 264 268 269 270 271 272 273 276 277 
278 280 282 283 284 287 288 289 292 298 301 304 
305 306 307 308 310 315 317 319 322 323 324 326 
328 329 330 331 332 334 335 339 340 343 344 348 
349 351 355 358 360 361 364 366 368 369 373 376 
379 382 383 384 385 388 394 395 396 398 400 
199
1 3 5 7 8 9 13 14 18 19 20 25 
26 30 31 33 34 36 38 39 40 41 45 48 
50 51 52 54 56 57 60 64 65 66 67 68 
70 71 72 73 74 76 77 80 82 84 89 96 
99 100 101 103 104 105 106 107 108 110 112 113 
115 117 118 119 120 121 123 124 125 126 127 128 
129 130 133 135 137 140 141 144 145 146 155 156 
158 159 161 164 165 166 167 169 170 173 176 180 
183 186 189 192 193 196 198 199 201 204 205 206 
207 209 210 211 212 213 214 216 222 223 224 228 
231 235 238 239 242 244 245 246 247 250 251 253 
254 259 260 263 264 268 273 274 275 278 282 283 
285 287 290 291 293 294 298 300 303 311 313 314 
315 316 319 322 324 325 326 328 335 338 339 340 
341 344 345 346 350 354 355 357 363 365 366 367 
369 370 372 373 374 375 377 378 379 380 383 385 
388 389 390 392 394 397 400 
193
1 2 3 5 7 8 10 13 14 17 19 21 
26 28 29 30 31 36 38 41 44 45 47 48 
49 53 54 55 58 59 60 61 62 63 64 65 
69 70 72 73 74 81 82 84 85 86 87 88 
91 92 93 95 97 98 99 100 103 109 112 114 
115 117 122 127 134 135 137 139 142 143 144 145 
149 151 158 159 161 163 167 170 172 173 175 176 
182 183 184 186 189 191 195 199 204 206 207 208 
209 210 213 214 215 217 219 221 225 227 228 229 
230 231 232 233 235 236 238 241 242 243 247 248 
250 253 255 256 259 260 261 263 264 265 267 272 
274 279 288 289 291 294 297 298 299 304 305 306 
307 309 311 312 313 315 316 318 323 324 325 327 
328 332 333 334 337 338 339 342 344 345 348 350 
353 356 357 358 359 360 363 364 365 367 369 373 
376 377 380 384 385 387 388 389 390 393 394 398 
399 
211
4 7 8 9 10 11 13 14 15 18 20 21 
25 31 32 33 34 35 36 38 39 41 45 47 
48 49 50 54 56 62 65 66 67 70 75 77 
79 80 85 86 95 98 99 103 104 106 108 111 
113 115 116 117 118 119 122 124 129 130 132 135 
136 137 139 140 141 144 145 148 150 151 152 156 
159 160 162 163 164 167 168 170 172 175 176 177 
178 179 183 185 186 187 190 191 192 193 195 197 
198 201 202 203 204 205 207 210 212 213 214 215 
216 217 218 219 220 221 223 225 228 229 230 231 
234 237 239 241 243 244 245 247 248 250 251 254 
255 256 257 259 260 261 266 269 270 271 272 273 
275 276 277 278 279 282 283 284 286 287 290 291 
292 294 300 302 304 305 308 309 313 314 319 322 
325 327 331 332 333 334 337 338 340 341 342 343 
344 346 349 350 352 354 355 356 357 360 361 363 
364 365 366 367 370 372 373 381 382 384 388 389 
390 391 393 394 395 398 400 
195
3 6 9 12 13 14 15 24 28 33 34 35 
36 38 39 40 41 43 45 48 50 51 53 54 
56 57 59 62 63 65 66 67 75 76 79 80 
83 85 86 89 91 92 95 97 98 99 100 103 
104 105 110 111 113 114 117 118 119 121 124 125 
126 127 130 131 133 134 136 139 142 144 145 148 
151 152 155 156 157 158 160 163 165 166 170 177 
179 180 184 185 189 191 193 194 195 199 200 201 
202 203 204 205 206 208 209 210 214 219 220 225 
226 227 230 231 233 235 236 238 241 242 244 246 
248 249 250 252 253 255 259 261 262 265 267 268 
270 273 274 275 278 280 281 287 288 289 290 291 
292 293 295 296 297 298 299 300 301 303 306 308 
320 324 325 326 327 328 329 330 331 332 335 336 
337 341 344 346 347 348 350 351 352 353 354 355 
356 360 362 364 366 370 371 373 376 378 380 381 
387 392 396 
207
1 2 3 6 7 9 12 13 14 15 18 22 
25 27 29 35 36 39 40 41 42 45 46 47 
52 53 58 59 61 62 63 64 65 66 68 69 
70 72 73 74 78 80 81 82 84 86 88 89 
90 91 92 93 94 95 96 97 104 105 107 110 
111 112 113 115 116 120 123 125 126 127 128 129 
130 131 135 136 137 140 142 144 146 147 148 151 
154 157 160 162 163 165 166 167 168 170 178 179 
182 184 186 188 190 191 192 193 195 198 200 201 
202 203 205 206 207 210 212 214 216 217 220 223 
225 227 231 232 234 236 237 241 244 245 246 247 
248 251 254 260 261 263 265 266 269 271 272 273 
274 275 276 278 279 283 285 287 289 290 292 293 
299 300 301 302 304 305 307 308 311 313 314 315 
317 318 321 328 331 332 334 338 341 342 345 347 
348 349 350 354 357 358 362 363 368 369 370 371 
372 373 375 376 379 382 383 385 387 390 391 392 
395 399 400 
201
1 5 6 11 12 13 14 16 17 18 20 22 
23 24 25 28 29 30 32 33 34 35 38 40 
41 45 46 48 49 51 53 54 55 57 59 60 
61 62 64 65 66 67 69 70 77 81 85 87 
89 91 93 94 96 97 98 99 100 103 104 105 
109 110 111 114 115 117 118 121 123 125 126 127 
128 130 133 134 135 136 137 139 140 143 145 146 
147 150 152 154 155 157 158 162 164 168 169 170 
172 173 174 179 181 183 184 185 191 194 195 197 
199 201 202 204 206 207 208 213 214 215 217 218 
220 223 224 228 229 230 233 234 235 236 239 243 
246 247 249 251 253 254 256 259 261 262 265 272 
274 277 278 281 282 284 285 287 288 294 295 297 
298 301 303 309 314 315 317 319 324 330 334 337 
339 341 342 345 348 350 352 353 354 355 356 357 
358 359 360 361 364 365 366 368 370 372 373 375 
376 382 384 387 388 392 394 396 398 
190
1 2 3 4 7 8 9 15 16 19 22 26 
27 29 32 33 35 36 37 38 39 49 50 52 
54 56 58 60 63 64 65 67 68 69 71 75 
76 79 80 82 83 87 88 91 92 94 97 99 
102 110 112 115 116 118 122 124 125 128 130 132 
135 136 139 140 141 143 144 145 148 149 150 151 
152 157 158 162 164 165 166 168 170 171 172 173 
174 177 178 180 182 183 186 187 190 191 192 194 
202 203 205 206 207 209 211 213 215 216 218 223 
224 225 229 230 231 237 240 241 246 248 249 250 
255 256 257 258 265 267 272 273 276 277 278 279 
280 281 282 284 285 287 288 290 291 292 294 296 
298 301 302 303 304 306 308 311 312 313 316 318 
322 325 327 333 335 336 339 343 344 345 353 354 
356 357 360 361 363 366 368 370 373 374 375 378 
381 382 385 387 389 392 393 395 398 399 
207
1 3 8 9 10 12 17 18 19 21 23 26 
27 29 33 34 36 38 39 41 43 44 47 49 
51 53 55 56 57 61 63 66 69 76 78 80 
82 83 84 86 87 88 89 90 95 96 100 101 
102 104 107 110 111 116 117 122 123 125 131 132 
133 134 138 143 149 150 153 157 158 160 161 163 
164 165 167 168 170 171 172 176 177 179 180 184 
186 189 190 192 195 196 197 199 200 201 202 204 
205 206 210 215 216 217 218 219 220 223 225 226 
227 231 232 233 234 236 237 238 239 243 244 246 
248 249 251 252 253 255 257 258 259 260 262 263 
264 266 269 270 276 277 279 280 281 283 284 286 
288 289 290 291 292 293 295 297 301 303 304 307 
311 313 315 317 321 323 325 326 327 330 331 333 
334 335 337 339 342 347 348 349 350 351 352 355 
357 358 359 360 361 362 363 365 367 369 370 371 
375 376 377 378 380 381 382 383 384 391 393 395 
397 398 399 
183
2 6 8 9 10 13 15 19 20 21 23 26 
27 28 30 31 32 33 35 36 37 40 42 44 
49 58 60 64 65 66 67 69 71 72 76 77 
80 81 83 84 90 92 95 98 100 101 104 107 
108 109 110 116 117 119 124 129 134 135 136 137 
139 143 144 145 147 152 156 160 162 163 164 165 
167 168 169 170 172 174 175 176 179 181 182 186 
187 188 190 191 192 193 194 195 197 203 204 207 
208 209 213 217 219 221 222 224 225 226 228 231 
232 234 237 240 242 245 249 250 252 259 261 262 
264 266 267 269 271 272 273 274 275 278 284 286 
291 294 296 297 299 301 303 310 311 312 313 314 
317 321 322 327 331 333 334 335 338 339 342 343 
344 345 347 351 353 355 356 359 360 362 363 364 
368 369 374 378 381 382 383 388 389 390 392 393 
394 397 398 
218
1 5 6 7 8 9 10 11 12 15 16 17 
18 20 23 25 26 32 33 35 36 37 39 40 
41 44 45 46 48 50 52 53 54 55 57 61 
62 65 67 68 70 73 74 75 76 77 78 79 
81 82 83 84 85 87 88 89 90 92 93 95 
100 101 102 103 105 106 107 108 110 112 113 114 
115 116 117 118 120 121 122 124 126 127 131 133 
134 135 136 138 140 142 143 146 148 156 157 158 
160 163 166 167 169 176 178 180 181 182 183 184 
186 187 193 195 196 200 204 206 208 210 211 213 
216 217 224 225 229 232 233 234 236 238 239 240 
242 248 249 250 251 253 258 259 260 261 262 263 
264 267 268 271 273 276 277 280 281 282 285 288 
291 293 294 295 296 297 298 300 301 302 303 304 
305 306 309 310 311 312 313 317 319 320 321 322 
324 325 326 327 332 333 334 336 337 338 340 341 
343 344 345 346 349 352 353 359 363 366 368 371 
378 379 381 383 385 387 390 391 392 395 396 398 
399 400 
194
3 9 10 11 12 18 20 21 22 25 27 29 
31 32 34 35 37 38 40 41 42 44 46 48 
50 52 53 54 55 58 59 64 65 68 72 73 
75 76 78 81 87 92 97 98 103 104 106 107 
112 115 116 119 120 123 128 130 131 133 134 135 
136 137 138 142 144 147 148 150 151 154 156 157 
162 164 165 167 168 169 170 171 172 173 174 175 
177 179 181 182 184 188 189 190 192 193 194 196 
198 199 200 201 202 203 205 208 210 211 218 219 
221 222 223 225 226 228 229 231 235 236 242 246 
247 248 249 250 251 255 257 259 261 266 268 269 
270 271 272 273 274 275 276 280 282 283 284 287 
290 293 295 298 299 300 301 302 303 304 305 308 
309 315 316 318 325 326 330 334 336 339 344 345 
346 348 349 352 360 363 364 365 366 367 368 370 
375 376 377 379 380 382 384 385 389 391 392 396 
397 400 
217
2 5 9 12 13 14 15 17 19 20 21 22 
23 24 27 28 35 36 41 43 44 45 46 48 
49 53 55 56 57 59 60 61 64 66 67 68 
69 70 71 72 76 79 81 82 84 85 87 88 
89 92 94 95 97 98 99 101 102 105 106 107 
108 111 112 113 114 115 117 118 121 124 125 126 
127 128 136 137 139 140 141 142 144 146 148 149 
152 154 158 160 162 163 165 166 167 168 169 172 
174 175 177 179 180 181 185 187 189 190 191 192 
193 195 197 199 202 203 205 206 207 209 211 212 
213 214 215 216 220 223 225 228 230 232 233 237 
239 241 242 244 254 255 258 262 263 265 266 267 
268 269 270 272 273 275 279 284 286 287 288 289 
291 292 293 295 297 298 302 304 305 306 307 309 
314 315 317 319 320 324 328 329 331 332 333 334 
336 338 341 343 344 352 353 356 358 360 361 362 
363 364 367 368 370 371 372 374 375 376 379 382 
383 384 386 387 388 391 392 393 394 396 397 398 
399 
198
1 2 3 5 6 7 8 9 10 11 13 15 
16 18 23 25 26 29 30 35 36 39 40 41 
42 43 46 48 49 50 52 56 57 58 60 63 
65 67 68 69 71 72 74 75 78 79 81 83 
84 85 86 87 89 90 91 93 95 96 98 99 
100 102 104 105 106 107 108 110 116 118 119 121 
122 123 126 128 129 131 135 138 141 142 144 146 
148 149 150 152 153 157 159 161 164 165 167 168 
169 172 176 180 181 182 183 185 189 190 196 200 
202 203 206 207 209 210 212 214 217 218 219 220 
221 230 235 237 240 244 248 250 251 254 255 256 
258 259 263 265 267 268 269 272 273 283 284 285 
286 287 289 292 294 301 303 304 305 307 309 312 
313 315 317 318 324 325 330 331 334 336 337 338 
339 341 342 343 345 348 350 351 352 355 356 359 
360 361 364 367 368 369 370 372 373 374 375 376 
387 395 396 397 398 399 
207
1 3 4 5 6 8 10 14 15 19 21 22 
23 24 25 26 30 31 35 36 37 38 41 47 
48 50 51 52 53 57 58 62 63 64 69 71 
74 77 80 83 84 85 88 90 93 94 95 96 
98 102 103 104 105 108 109 110 111 112 113 114 
115 121 122 124 125 126 129 130 131 132 134 136 
137 143 144 145 146 147 148 149 151 153 155 157 
158 160 162 163 165 169 172 175 179 181 182 183 
184 188 189 190 193 196 197 200 201 205 206 207 
208 210 212 213 214 215 217 223 224 227 228 230 
231 233 234 236 237 238 240 241 247 248 254 256 
257 258 259 260 261 267 270 271 272 273 274 279 
280 283 285 286 292 296 297 298 299 301 304 305 
307 311 315 316 317 320 321 322 324 325 326 328 
329 330 332 333 334 337 340 342 345 346 347 357 
360 363 364 366 368 369 370 372 377 378 379 380 
381 382 383 384 385 387 388 389 390 391 393 394 
396 397 400 
200
2 3 4 9 10 11 15 16 17 21 26 30 
33 36 37 38 39 42 46 48 49 50 51 54 
55 57 58 59 60 61 62 63 65 67 70 71 
72 73 74 75 76 82 83 84 86 88 89 91 
93 94 97 102 105 110 111 113 116 117 118 120 
121 123 124 127 131 132 134 137 141 143 146 148 
150 152 158 163 164 166 167 171 172 173 174 176 
178 180 189 190 193 195 196 197 201 203 204 205 
206 207 208 211 212 214 215 216 220 222 226 228 
229 230 232 234 235 238 240 241 242 243 246 247 
253 259 260 261 263 264 265 266 267 271 272 282 
286 287 288 289 297 298 300 301 304 305 306 307 
308 309 310 312 313 314 316 317 322 324 327 328 
329 332 333 334 337 338 339 340 342 343 344 345 
348 350 352 353 354 355 356 357 359 360 361 363 
367 368 369 370 371 373 375 378 381 382 384 387 
388 389 390 391 392 394 395 398 
205
1 5 6 9 10 11 13 14 17 18 25 26 
27 28 29 31 32 33 37 41 42 43 45 46 
48 50 51 52 53 54 57 58 63 65 66 67 
68 72 73 74 76 80 85 86 89 90 91 94 
97 99 100 103 105 106 107 109 111 114 116 118 
121 122 123 126 128 129 130 131 136 137 138 139 
143 144 146 148 149 150 151 152 153 156 159 160 
165 168 176 177 180 182 184 185 187 188 190 192 
193 194 196 198 205 206 209 211 212 213 215 219 
224 225 227 229 230 234 236 237 238 239 240 243 
245 246 247 249 253 254 255 256 257 258 260 263 
265 266 268 269 272 273 274 275 276 279 283 285 
286 288 289 291 292 293 294 295 296 300 301 302 
303 304 309 311 315 317 319 321 322 324 326 327 
330 332 333 334 335 337 342 344 346 347 351 352 
353 354 356 357 360 361 363 364 365 367 368 369 
370 377 378 383 386 388 391 393 396 397 398 399 
400 
187
1 3 6 7 11 19 21 22 23 24 25 26 
27 29 30 31 32 33 34 37 38 39 40 42 
44 47 48 52 55 56 57 61 66 67 68 73 
75 77 79 84 85 89 90 94 97 101 104 106 
110 111 112 113 114 118 119 120 121 122 129 133 
134 137 139 140 143 144 145 146 148 149 151 152 
153 155 162 163 164 165 166 167 168 170 171 175 
177 178 180 182 184 187 191 193 194 198 199 200 
203 204 205 207 208 212 213 216 222 225 226 227 
228 230 231 237 239 240 241 242 243 244 245 246 
247 249 252 254 257 258 260 262 265 268 275 277 
278 280 281 282 284 288 289 290 293 298 300 302 
303 305 309 313 314 316 317 319 320 321 322 324 
326 328 329 332 333 334 342 349 354 355 356 357 
359 360 361 363 364 365 367 370 374 375 376 378 
383 387 388 390 391 392 396 
193
1 2 3 4 7 10 12 17 20 22 25 26 
29 32 33 34 39 42 44 45 46 47 48 49 
53 57 58 61 62 63 64 65 66 67 68 70 
71 72 73 76 79 80 81 82 83 86 87 88 
93 94 95 96 101 103 104 105 106 108 109 112 
114 117 118 119 121 124 125 129 131 133 134 135 
138 141 142 144 146 147 148 152 153 154 158 159 
161 166 169 170 171 172 175 176 178 179 181 182 
184 186 187 188 192 195 198 199 205 207 208 209 
210 212 219 220 225 226 230 234 237 239 242 243 
250 251 254 255 256 257 258 260 261 264 265 270 
274 280 284 287 288 289 290 292 293 295 299 301 
302 304 308 309 310 311 316 319 321 325 326 327 
329 331 334 337 338 344 345 348 349 351 356 357 
358 360 361 362 363 364 365 366 368 369 371 372 
373 374 375 381 382 384 392 394 395 397 398 399 
400 
