200 800
1 1 1 1 1 1 1 1 1 1 1 1 
1 1 1 1 1 1 1 1 1 1 1 1 
1 1 1 1 1 1 1 1 1 1 1 1 
1 1 1 1 1 1 1 1 1 1 1 1 
1 1 1 1 1 1 1 1 1 1 1 1 
1 1 1 1 1 1 1 1 1 1 1 1 
1 1 1 1 1 1 1 1 1 1 1 1 
1 1 1 1 1 1 1 1 1 1 1 1 
1 1 1 1 1 1 1 1 1 1 1 1 
1 1 1 1 1 1 1 1 1 1 1 1 
1 1 1 1 1 1 1 1 1 1 1 1 
1 1 1 1 1 1 1 1 1 1 1 1 
1 1 1 1 1 1 1 1 1 1 1 1 
1 1 1 1 1 1 1 1 1 1 1 1 
1 1 1 1 1 1 1 1 1 1 1 1 
1 1 1 1 1 1 1 1 1 1 1 1 
1 1 1 1 1 1 1 1 1 1 1 1 
1 1 1 1 1 1 1 1 1 1 1 1 
1 1 1 1 1 1 1 1 1 1 1 1 
1 1 1 1 1 1 1 1 1 1 1 1 
1 1 1 1 1 1 1 1 1 1 1 1 
1 1 1 1 1 1 1 1 1 1 1 1 
1 1 1 1 1 1 1 1 1 1 1 1 
1 1 1 1 1 1 1 1 1 1 1 1 
1 1 1 1 1 1 1 1 1 1 1 1 
1 1 1 1 1 1 1 1 1 1 1 1 
1 1 1 1 1 1 1 1 1 1 1 1 
1 1 1 1 1 1 1 1 1 1 1 1 
1 1 1 1 1 1 1 1 1 1 1 1 
1 1 1 1 1 1 1 1 1 1 1 1 
1 1 1 1 1 1 1 1 1 1 1 1 
1 1 1 1 1 1 1 1 1 1 1 1 
1 1 1 1 1 1 1 1 1 1 1 1 
1 1 1 1 1 1 1 1 1 1 1 1 
1 1 1 1 1 1 1 1 1 1 1 1 
1 1 1 1 1 1 1 1 1 1 1 1 
1 1 1 1 1 1 1 1 1 1 1 1 
1 1 1 1 1 1 1 1 1 1 1 1 
1 1 1 1 1 1 1 1 1 1 1 1 
1 1 1 1 1 1 1 1 1 1 1 1 
1 1 1 1 1 1 1 1 1 1 1 1 
1 1 1 1 1 1 1 1 1 1 1 1 
1 1 1 1 1 1 1 1 1 1 1 1 
1 1 1 1 1 1 1 1 1 1 1 1 
1 1 1 1 1 1 1 1 1 1 1 1 
1 1 1 1 1 1 1 1 1 1 1 1 
1 1 1 1 1 1 1 1 1 1 1 1 
1 1 1 1 1 1 1 1 1 1 1 1 
1 1 1 1 1 1 1 1 1 1 1 1 
1 1 1 1 1 1 1 1 1 1 1 1 
1 1 1 1 1 1 1 1 1 1 1 1 
1 1 1 1 1 1 1 1 1 1 1 1 
1 1 1 1 1 1 1 1 1 1 1 1 
1 1 1 1 1 1 1 1 1 1 1 1 
1 1 1 1 1 1 1 1 1 1 1 1 
1 1 1 1 1 1 1 1 1 1 1 1 
1 1 1 1 1 1 1 1 1 1 1 1 
1 1 1 1 1 1 1 1 1 1 1 1 
1 1 1 1 1 1 1 1 1 1 1 1 
1 1 1 1 1 1 1 1 1 1 1 1 
1 1 1 1 1 1 1 1 1 1 1 1 
1 1 1 1 1 1 1 1 1 1 1 1 
1 1 1 1 1 1 1 1 1 1 1 1 
1 1 1 1 1 1 1 1 1 1 1 1 
1 1 1 1 1 1 1 1 1 1 1 1 
1 1 1 1 1 1 1 1 1 1 1 1 
1 1 1 1 1 1 1 1 
248
1 2 7 8 12 14 17 23 27 29 34 38 
40 45 51 54 57 59 64 66 70 72 80 81 
85 86 89 95 105 110 116 117 118 119 123 127 
128 130 131 136 139 140 141 142 144 146 147 148 
154 155 157 158 164 170 176 179 182 188 190 193 
197 202 203 208 214 216 221 223 227 232 235 238 
243 244 247 253 256 257 261 265 272 273 275 276 
281 289 291 307 308 317 319 321 324 326 327 333 
336 339 352 353 354 355 357 361 363 366 367 368 
372 379 383 387 391 392 397 398 403 405 409 412 
413 417 420 426 436 440 441 442 445 446 447 448 
451 452 457 461 471 472 473 477 478 480 484 486 
489 494 496 497 500 501 503 512 517 519 522 527 
530 535 538 539 542 545 548 549 552 556 559 560 
565 568 576 578 579 583 587 589 592 593 594 599 
600 606 607 611 612 613 614 624 626 627 628 629 
631 634 637 641 643 644 650 652 653 655 656 657 
664 665 667 668 670 674 676 677 678 685 687 688 
695 697 704 705 708 709 714 723 726 731 738 748 
750 752 753 754 757 758 762 763 764 765 766 772 
774 780 785 789 791 793 796 800 
230
1 11 16 18 22 29 31 32 33 40 42 47 
50 58 59 61 64 65 67 72 74 77 79 82 
83 84 87 97 99 102 104 108 110 111 114 116 
121 123 129 131 134 135 136 141 145 150 151 156 
157 168 169 177 178 186 187 199 210 211 214 215 
218 227 228 230 242 243 248 252 260 262 264 267 
270 272 276 279 280 284 291 293 296 297 300 310 
312 315 318 319 321 322 328 329 330 332 333 338 
344 345 346 348 350 355 356 357 358 363 365 367 
369 370 375 378 380 382 393 396 398 400 403 404 
406 407 413 417 421 424 427 432 440 442 445 447 
449 451 455 456 459 460 463 464 467 471 474 480 
484 485 486 487 488 493 499 504 506 512 519 521 
523 529 532 537 541 548 549 563 564 566 568 582 
583 584 587 594 596 600 604 610 614 615 616 618 
620 623 629 632 634 635 637 646 648 651 653 656 
658 659 665 666 667 668 673 674 676 683 686 687 
690 697 701 702 704 711 712 717 718 727 731 733 
736 738 739 746 748 749 752 754 756 757 767 778 
779 793 
246
1 2 8 13 19 20 23 25 26 27 32 33 
37 39 40 44 62 64 65 68 70 77 79 83 
85 88 89 91 93 95 98 100 102 104 106 108 
110 113 115 118 122 125 126 132 137 144 148 149 
156 162 167 168 184 186 197 198 203 206 208 209 
213 214 215 216 217 219 224 226 229 232 242 243 
246 247 248 253 254 256 260 268 269 272 274 275 
276 277 279 280 282 283 284 285 289 291 296 299 
301 302 309 311 312 323 324 331 333 340 343 347 
349 352 355 357 367 370 371 373 374 376 378 379 
381 385 387 388 395 396 398 400 403 409 410 415 
417 422 428 431 432 433 443 449 456 463 465 467 
475 477 481 482 484 485 486 493 495 496 498 499 
506 508 509 512 514 515 520 522 527 528 538 539 
540 541 542 543 549 555 557 558 561 564 565 576 
577 579 584 590 591 594 601 606 609 616 617 618 
619 624 626 627 629 634 645 646 650 658 662 663 
667 669 672 675 676 677 679 685 686 692 695 696 
698 701 702 711 717 726 727 728 732 733 739 740 
742 745 746 751 753 760 763 769 776 779 782 783 
787 788 791 798 799 800 
258
5 10 11 15 18 20 23 28 29 30 32 40 
43 47 49 50 51 56 57 61 62 68 73 80 
90 91 93 97 104 106 117 122 123 134 137 138 
139 142 144 145 148 150 152 154 159 161 162 169 
170 172 176 185 187 190 195 200 202 203 212 216 
222 224 225 228 229 231 234 237 238 249 252 254 
258 264 266 267 268 269 270 272 274 276 277 285 
288 289 290 292 302 304 308 309 315 316 321 322 
323 326 329 333 338 340 341 346 348 350 353 355 
356 359 362 368 371 372 373 375 378 381 389 390 
393 398 400 409 410 413 418 424 425 426 428 429 
433 435 436 440 443 446 447 450 451 455 460 462 
464 466 470 476 481 485 486 487 492 493 494 495 
497 499 510 513 516 521 523 525 526 530 532 540 
548 549 550 553 554 555 558 559 561 563 570 572 
574 575 576 577 584 586 587 590 592 598 599 601 
602 603 607 611 612 617 618 621 625 630 639 640 
643 644 648 649 651 652 653 655 656 658 659 661 
665 666 673 676 678 682 683 684 686 688 690 695 
696 697 699 703 706 710 715 719 723 727 735 745 
748 749 758 759 760 762 769 771 773 776 778 780 
783 784 785 791 794 800 
228
5 6 8 9 24 28 31 33 36 37 39 43 
46 51 53 56 57 58 60 61 63 65 68 69 
73 76 85 86 88 95 102 103 111 112 113 116 
118 122 124 125 127 128 129 130 132 133 137 139 
143 146 150 156 157 158 160 167 168 169 172 174 
177 185 188 189 191 197 198 199 201 206 210 211 
212 213 230 235 236 239 242 243 245 247 251 255 
258 259 279 281 282 292 293 294 296 299 301 304 
307 309 312 314 315 336 337 343 344 345 347 349 
352 353 354 355 356 362 364 365 370 375 376 388 
391 401 406 407 410 412 414 429 435 442 446 447 
449 451 452 453 454 458 463 466 472 476 478 479 
482 487 491 493 497 508 511 512 513 514 515 516 
517 519 522 527 528 530 531 535 537 538 539 558 
560 567 575 596 599 604 607 611 613 614 615 617 
619 620 626 633 636 641 647 648 649 658 660 662 
674 677 679 681 691 694 697 699 700 709 716 719 
724 728 736 737 744 746 747 748 756 757 758 761 
762 764 767 771 778 779 781 783 784 787 789 793 
244
2 3 5 8 9 13 17 19 20 28 29 37 
38 40 43 47 50 53 56 57 59 62 68 73 
78 83 85 91 95 96 98 99 115 120 121 122 
125 126 127 128 129 135 142 151 153 154 157 161 
162 163 165 166 167 168 171 175 176 186 187 189 
191 192 195 196 197 200 201 202 205 213 214 216 
221 230 234 236 237 240 242 246 253 257 258 265 
273 279 280 294 296 299 301 304 308 311 312 318 
321 323 326 327 329 333 334 336 341 342 349 354 
355 358 359 362 363 365 368 370 375 379 380 388 
392 395 396 402 403 407 410 413 415 416 417 420 
421 422 431 433 439 446 455 458 461 466 470 474 
476 479 480 481 484 486 491 492 496 503 504 511 
515 517 521 526 535 536 537 541 542 543 546 549 
556 559 560 567 572 574 575 576 577 579 580 584 
585 590 598 606 607 608 615 617 619 620 622 624 
626 627 634 635 638 645 649 656 658 661 663 665 
673 675 680 683 684 688 689 699 701 705 709 715 
719 722 723 725 737 739 740 744 748 750 752 757 
758 759 763 767 770 777 780 781 782 783 791 792 
793 795 796 797 
241
2 4 7 11 12 13 28 30 37 38 41 46 
53 58 62 70 72 74 75 79 83 90 91 92 
94 109 111 113 115 120 126 130 138 144 149 151 
154 155 158 161 163 168 171 174 176 177 181 187 
194 196 198 201 203 207 208 209 211 212 213 216 
217 222 225 228 229 233 235 236 241 243 247 251 
252 253 256 264 265 272 284 288 290 292 293 294 
295 296 297 301 302 303 310 313 314 322 326 327 
328 334 337 343 347 348 350 362 365 367 368 372 
374 376 378 391 392 396 397 406 408 409 410 416 
418 424 425 427 433 434 436 439 443 448 451 459 
461 463 467 472 474 475 476 477 478 479 482 490 
492 493 498 502 510 511 513 521 523 525 529 531 
534 535 541 551 556 559 562 563 566 568 572 573 
575 576 578 583 588 590 591 594 595 596 597 599 
605 607 611 613 615 627 631 633 640 644 647 648 
650 651 657 658 659 663 667 668 674 676 677 681 
684 685 687 688 696 700 704 706 709 711 714 715 
725 726 741 746 747 749 755 756 757 758 760 764 
765 769 770 773 774 780 787 788 789 790 795 797 
799 
240
2 10 13 15 16 24 27 29 34 37 41 42 
43 44 53 58 59 63 65 68 70 72 78 91 
96 104 108 109 111 123 129 131 132 136 146 153 
161 162 164 165 177 183 186 187 188 192 195 200 
203 206 208 209 213 224 225 229 235 236 237 247 
248 249 250 251 252 256 260 262 263 264 265 266 
267 271 272 278 279 283 287 289 290 294 296 298 
300 303 308 314 320 322 324 328 332 336 341 343 
344 349 350 351 352 355 360 362 365 366 371 377 
378 380 381 385 387 388 390 392 395 402 404 405 
407 408 409 410 412 416 425 426 431 432 433 436 
437 442 445 446 451 457 464 465 469 477 480 485 
486 488 489 494 495 498 500 503 504 507 517 518 
520 522 527 531 539 540 543 548 549 553 554 557 
561 562 563 566 567 568 573 575 577 578 587 591 
598 601 603 605 606 607 610 614 620 624 630 635 
637 638 645 647 648 652 659 660 661 666 670 675 
676 677 678 680 683 694 696 698 702 703 710 717 
719 720 724 725 726 737 745 750 757 758 760 766 
767 771 772 776 780 781 782 787 789 792 797 798 
221
1 2 4 6 12 14 19 21 23 25 28 29 
32 33 40 45 50 51 55 56 59 65 67 72 
74 79 81 83 88 92 104 106 108 114 126 127 
128 129 130 136 137 146 153 157 158 167 168 175 
176 186 193 199 201 202 210 214 218 223 230 233 
234 243 250 251 252 254 260 261 262 264 270 277 
280 282 289 301 302 304 310 317 320 322 324 330 
332 335 339 344 345 349 350 353 355 360 361 365 
366 371 373 376 379 380 381 385 395 396 398 400 
401 402 403 404 410 412 413 417 418 419 424 431 
440 441 449 453 462 463 464 468 470 471 472 475 
476 484 489 490 491 492 494 496 502 511 514 526 
527 528 533 537 548 553 560 568 574 576 578 580 
581 587 591 593 594 599 601 610 612 613 614 615 
618 624 625 626 629 638 639 640 643 645 649 664 
665 672 675 678 682 690 692 701 702 703 704 706 
710 718 719 720 722 733 735 737 738 739 742 744 
745 755 758 759 760 766 769 771 773 780 785 787 
789 793 794 798 799 
239
2 3 4 12 13 14 15 18 20 24 27 28 
30 37 40 50 53 58 71 72 74 75 78 83 
90 91 92 97 98 102 105 107 108 114 117 124 
126 127 130 131 133 135 142 143 144 146 148 155 
159 160 161 162 163 165 170 172 178 189 190 198 
202 206 207 222 224 235 238 239 240 242 243 244 
245 249 250 252 254 261 263 264 276 278 287 295 
301 307 308 310 313 318 323 329 330 331 334 337 
342 347 348 351 354 360 366 375 383 385 392 399 
400 403 407 412 414 416 419 420 421 426 428 433 
436 438 439 440 442 447 456 457 459 461 472 475 
480 482 486 487 488 491 494 495 502 510 511 513 
514 516 517 520 521 524 526 527 528 537 539 541 
546 549 552 554 556 560 570 571 572 578 587 593 
602 604 608 609 610 611 612 613 615 617 619 621 
624 625 626 627 631 634 643 645 655 658 660 664 
668 672 673 674 675 677 679 682 687 690 693 696 
700 702 705 714 717 719 720 721 724 729 733 737 
742 744 745 749 750 752 756 757 761 763 764 767 
768 772 773 777 781 784 785 792 798 799 800 
253
5 12 14 23 24 28 29 30 32 36 38 39 
42 43 44 46 47 51 54 61 62 63 64 70 
72 76 79 81 87 90 92 93 95 99 104 108 
109 114 118 119 120 123 126 131 134 136 137 140 
141 143 146 149 151 155 157 158 159 161 164 167 
168 175 184 187 191 197 198 204 209 213 216 218 
219 220 224 225 226 228 229 236 244 245 247 249 
250 254 257 262 263 266 268 269 271 274 277 278 
279 282 290 291 293 304 305 307 308 310 313 317 
318 321 326 330 339 341 345 348 349 353 355 357 
364 365 371 374 384 385 387 388 396 401 404 408 
414 415 416 430 440 445 452 455 457 461 462 463 
477 478 481 483 497 501 502 504 507 508 509 510 
516 522 524 525 526 527 529 535 538 541 542 547 
552 554 558 562 570 571 572 574 575 580 581 582 
584 585 586 588 589 591 593 597 601 604 605 606 
610 612 613 616 617 619 621 622 623 626 627 629 
634 636 638 639 641 643 651 652 653 655 656 659 
660 669 671 677 680 683 684 687 688 689 691 695 
699 700 701 704 708 710 713 722 725 728 733 735 
736 738 741 757 759 762 772 773 774 777 783 786 
793 
257
3 6 8 20 22 23 24 25 28 31 38 39 
40 42 44 46 47 48 55 56 61 62 65 66 
68 71 76 79 88 93 96 98 102 107 108 109 
111 112 120 122 125 128 130 133 135 136 138 143 
144 146 147 151 154 156 158 159 161 166 167 171 
174 178 180 183 190 193 194 196 199 200 202 205 
209 210 212 218 220 222 226 228 232 233 235 244 
246 247 254 257 263 264 267 269 278 281 282 284 
293 295 296 301 302 305 306 308 310 311 312 316 
317 320 323 325 326 327 329 334 337 339 341 342 
349 351 354 358 360 363 364 369 371 374 375 377 
383 392 399 407 408 414 417 422 423 425 428 429 
432 433 437 439 447 463 464 469 473 478 479 480 
481 482 484 486 493 496 498 503 504 506 514 515 
519 521 522 523 525 527 530 533 534 536 538 539 
547 552 553 554 558 560 563 564 568 571 579 582 
583 584 594 600 605 606 608 611 616 619 620 623 
629 631 635 636 640 644 645 651 652 654 658 663 
666 668 670 671 672 676 682 685 690 692 695 696 
702 711 712 714 717 720 723 726 727 728 732 736 
741 754 757 759 760 767 770 771 772 774 777 780 
784 786 789 790 797 
243
4 8 10 13 22 24 25 28 31 32 43 45 
48 49 51 52 54 62 64 65 67 70 86 87 
88 90 96 98 99 103 104 107 110 112 113 114 
118 124 135 140 141 144 150 152 154 158 165 167 
168 171 176 177 178 179 180 187 192 195 200 203 
213 223 227 228 235 236 239 240 242 245 248 249 
253 254 261 262 263 272 275 279 284 286 290 293 
295 300 302 306 312 314 316 319 320 322 324 327 
328 331 332 333 336 340 341 343 347 351 355 357 
358 359 360 361 366 367 371 372 374 377 378 380 
381 389 392 393 396 397 398 402 405 406 409 411 
414 417 422 423 424 427 429 430 433 434 439 449 
450 453 454 455 456 459 462 465 468 475 479 481 
484 487 489 491 493 494 496 498 499 506 514 515 
520 523 537 540 543 544 549 561 562 563 567 572 
576 578 580 585 586 587 591 593 599 600 601 605 
611 615 623 624 626 634 639 643 652 656 663 665 
669 674 675 677 682 685 686 689 690 691 702 704 
708 714 730 732 733 734 735 738 741 749 750 754 
756 763 764 767 770 771 775 776 779 780 782 785 
790 794 799 
268
1 2 4 6 8 10 12 14 15 16 18 24 
26 36 38 43 44 46 48 50 53 54 64 66 
69 73 74 76 78 80 81 87 91 92 95 96 
97 98 99 100 102 104 106 107 110 112 113 116 
120 121 127 134 135 138 143 148 150 151 158 159 
160 164 168 169 172 173 177 179 183 185 186 187 
189 190 200 202 204 210 215 216 218 221 223 227 
230 234 235 236 238 245 247 248 249 254 255 260 
264 265 273 278 279 281 282 288 292 295 296 297 
303 309 310 311 313 320 325 328 331 332 336 337 
344 345 352 353 354 357 358 361 368 374 378 382 
383 389 396 404 406 409 410 416 419 420 423 425 
431 435 438 439 447 454 457 460 464 466 468 470 
477 483 485 493 505 506 507 517 518 520 521 523 
524 526 528 529 537 541 545 548 549 551 553 554 
557 558 559 560 561 564 574 575 582 586 588 591 
592 597 598 603 605 606 617 623 624 626 628 634 
636 637 642 644 645 647 649 650 653 656 662 663 
671 672 682 687 690 691 692 695 696 700 703 704 
705 707 708 712 714 715 717 728 732 733 734 735 
736 737 739 742 743 744 746 747 750 756 758 759 
764 769 771 772 774 777 782 784 785 786 788 789 
793 795 796 800 
212
4 14 18 19 24 26 30 35 44 55 56 60 
62 66 69 79 80 85 93 100 101 103 106 107 
117 119 123 125 132 133 139 141 146 148 150 154 
157 162 163 174 176 177 178 180 184 186 189 195 
199 202 207 208 210 215 216 219 227 233 234 237 
248 250 254 257 267 273 274 277 279 281 283 285 
292 293 294 297 301 303 313 318 322 328 330 332 
333 347 349 353 354 356 357 362 365 366 372 379 
383 389 392 397 399 401 408 419 420 423 431 432 
434 435 436 438 439 444 452 453 458 459 462 466 
482 485 490 491 492 494 497 501 502 505 510 517 
518 521 527 528 531 538 544 546 551 553 555 558 
564 570 574 577 580 591 593 598 600 603 607 610 
617 619 621 625 629 636 637 653 654 656 659 663 
673 674 677 678 680 688 690 695 698 699 705 707 
716 719 720 722 724 725 730 733 735 742 743 748 
749 756 758 760 761 769 771 772 774 779 781 785 
786 787 788 790 791 792 796 798 
234
1 3 5 6 8 15 25 30 32 36 40 41 
43 47 48 49 51 52 53 57 61 62 75 76 
82 84 87 89 90 91 93 97 100 104 105 106 
107 119 120 128 130 132 136 137 138 141 146 151 
164 166 170 172 173 177 186 190 195 199 203 207 
208 211 216 217 220 224 227 231 233 243 244 246 
252 253 256 262 264 266 275 280 283 284 285 287 
290 294 295 296 297 299 302 304 307 309 314 315 
316 317 325 334 352 355 356 360 365 366 367 369 
375 380 385 386 387 390 393 396 397 398 399 417 
419 422 425 432 433 442 447 451 457 458 459 460 
461 462 473 479 481 485 488 492 493 497 498 499 
510 512 519 520 524 525 528 530 534 536 539 550 
552 554 560 563 565 567 568 574 575 578 581 584 
590 593 596 597 600 601 606 608 609 611 613 615 
619 620 621 622 631 634 640 645 649 652 656 657 
658 659 660 662 670 672 673 675 677 679 690 691 
697 698 700 703 705 706 707 708 712 717 719 723 
726 733 736 737 741 743 747 750 753 755 758 763 
779 781 783 787 792 793 
253
4 5 6 9 11 15 17 23 24 25 27 29 
31 35 37 42 43 44 47 49 60 62 66 67 
71 75 77 78 85 86 87 89 91 93 94 106 
107 113 114 116 119 121 126 127 128 130 132 133 
134 135 136 137 142 144 148 149 150 156 160 162 
166 167 187 188 189 192 193 200 202 205 206 208 
210 213 216 221 222 223 224 227 229 230 231 234 
235 236 238 240 246 249 255 257 258 259 260 261 
270 275 276 279 288 289 295 296 297 298 301 302 
305 308 311 314 323 326 328 336 337 338 340 341 
343 344 346 355 362 363 366 368 369 370 371 378 
380 382 383 386 390 394 406 408 410 423 430 433 
436 438 443 445 446 448 457 458 459 461 469 471 
472 473 476 477 478 482 485 492 493 497 498 499 
500 506 509 514 521 526 527 533 537 538 540 543 
547 558 562 563 565 568 569 570 575 579 580 582 
588 601 603 609 610 614 616 617 619 620 627 628 
629 632 641 644 651 652 658 661 663 668 677 678 
681 690 691 692 701 703 706 709 710 711 714 717 
723 731 738 739 742 744 749 752 753 755 756 764 
765 766 767 768 772 773 779 781 788 789 793 795 
799 
254
3 6 7 8 14 16 17 19 22 26 28 31 
37 38 41 42 43 44 47 53 54 55 56 57 
58 67 70 71 72 73 75 76 77 78 86 95 
104 106 108 116 118 120 125 129 131 138 141 145 
146 149 155 156 157 159 164 165 168 173 178 181 
184 190 191 193 194 195 196 198 201 205 208 212 
215 221 226 227 228 232 234 235 241 246 249 259 
260 262 267 269 273 282 288 289 292 297 303 307 
308 309 310 319 320 323 325 328 331 334 340 344 
349 352 359 360 364 372 374 382 386 390 392 395 
398 399 405 408 415 416 418 419 420 421 429 430 
431 432 437 455 456 457 459 470 472 475 476 478 
480 481 487 488 491 492 495 505 508 515 516 520 
529 530 535 536 539 540 542 545 548 551 554 559 
560 561 567 568 570 571 578 579 580 581 583 585 
586 591 596 598 606 609 610 619 622 624 625 626 
630 633 634 636 638 641 647 655 660 662 664 669 
672 673 674 676 677 678 682 685 686 689 690 691 
695 698 699 700 702 706 712 713 717 719 721 725 
733 734 735 748 749 752 754 755 757 761 762 763 
765 770 773 774 781 784 785 786 787 790 791 793 
795 796 
264
9 11 15 18 23 25 27 28 30 31 32 35 
37 48 55 60 64 67 68 70 76 83 85 87 
90 101 103 106 107 109 112 114 115 117 118 119 
123 124 128 129 138 139 146 149 152 155 160 163 
168 169 170 171 173 174 176 177 183 191 201 204 
214 216 217 222 223 229 234 244 250 252 257 262 
264 269 271 273 279 280 282 284 286 288 294 299 
305 307 308 309 311 312 317 318 321 324 325 330 
333 340 341 342 344 346 348 350 353 355 361 365 
370 371 372 374 378 380 381 387 389 391 394 398 
400 401 402 403 407 408 413 414 415 420 421 422 
427 432 438 442 444 447 449 452 456 457 461 468 
471 474 475 476 482 487 491 497 501 502 504 508 
509 512 515 519 523 526 527 528 529 532 533 537 
539 541 546 551 554 556 561 563 567 572 573 574 
576 579 581 584 585 594 595 597 603 606 608 610 
613 618 619 622 627 629 630 633 634 640 642 643 
646 651 653 654 657 658 660 665 669 670 672 676 
677 679 683 684 685 688 689 691 693 700 704 705 
708 710 711 712 718 723 729 730 731 733 736 744 
745 747 748 750 752 756 759 763 766 768 769 774 
778 780 781 784 787 788 791 792 793 795 797 800 
219
1 3 4 10 12 17 19 22 23 24 26 28 
30 32 33 35 44 45 48 50 53 55 57 62 
64 69 72 74 79 81 84 89 93 96 100 101 
104 107 110 111 112 113 114 123 124 129 133 143 
144 147 148 149 153 157 159 160 161 162 164 165 
166 173 175 180 181 202 203 208 210 213 214 215 
230 236 239 241 242 246 247 251 270 272 275 277 
285 288 289 292 293 294 295 298 301 308 315 316 
317 322 323 343 344 347 351 352 358 366 367 373 
376 384 389 395 400 406 408 411 414 415 429 430 
432 438 445 450 453 461 462 464 468 470 475 478 
482 483 490 492 495 497 502 505 506 511 512 531 
532 534 538 539 545 550 555 559 567 570 575 584 
594 596 598 602 603 606 607 609 614 620 627 632 
636 640 642 644 650 651 664 665 672 674 677 680 
684 690 691 698 699 701 709 710 712 717 718 725 
726 731 732 733 734 743 744 745 752 757 761 769 
770 773 775 778 780 781 782 783 784 785 786 788 
792 793 799 
254
1 5 9 11 13 16 17 18 19 21 22 24 
37 43 44 49 53 57 58 63 66 70 73 74 
76 77 78 81 82 85 87 95 96 98 101 102 
104 109 115 118 120 126 128 131 139 142 146 148 
149 152 157 165 167 170 171 173 177 179 182 189 
191 192 196 199 202 203 205 206 217 218 219 222 
225 228 232 236 237 242 244 246 251 253 255 256 
260 262 264 270 283 287 290 292 298 302 306 307 
314 317 318 322 323 327 329 330 331 335 336 337 
343 344 358 361 364 366 367 375 376 380 386 394 
396 397 402 405 406 408 414 415 420 426 427 429 
437 438 441 444 447 448 451 459 463 467 471 475 
480 482 488 492 496 497 500 505 510 511 517 518 
520 521 523 525 526 527 532 536 538 539 541 544 
545 547 549 551 554 556 564 566 567 572 573 575 
576 577 580 587 589 591 593 594 600 601 604 605 
609 610 617 618 621 623 625 629 630 633 634 646 
647 652 653 658 659 665 668 671 674 675 690 696 
697 700 704 705 706 708 711 716 720 721 725 728 
731 732 737 739 741 743 744 752 753 754 759 763 
765 766 771 772 773 775 776 778 782 784 793 795 
797 800 
237
1 2 3 4 12 14 19 21 25 26 30 35 
40 44 45 53 54 56 67 68 70 76 78 80 
87 89 90 95 98 100 104 105 110 111 112 122 
124 126 128 135 156 160 161 162 166 167 169 172 
174 175 177 180 182 184 187 190 191 193 199 200 
202 203 207 209 211 212 213 214 217 223 226 227 
231 232 233 234 235 237 240 254 255 258 259 262 
264 266 267 269 271 273 284 286 288 291 295 305 
307 311 314 315 318 319 330 332 336 337 341 342 
344 349 352 355 362 365 366 371 372 374 376 385 
387 388 390 396 402 406 410 413 417 421 435 438 
441 443 448 449 451 457 465 466 467 468 471 474 
479 480 487 489 496 497 500 502 508 511 517 520 
528 529 532 534 539 541 543 544 547 549 551 554 
555 558 559 560 563 564 567 570 571 573 574 575 
580 582 583 584 585 588 589 594 596 598 609 613 
617 619 620 635 638 641 644 651 655 667 671 677 
680 682 686 688 691 696 699 701 704 709 717 722 
724 727 728 734 740 741 746 749 750 751 755 761 
767 768 772 778 782 792 793 794 799 
251
4 8 9 11 13 15 17 21 24 25 27 34 
35 38 42 43 44 54 58 64 65 68 73 78 
79 83 89 91 97 110 116 117 121 124 125 127 
128 129 130 139 143 145 148 156 157 160 163 166 
168 174 175 176 178 179 182 186 187 192 202 203 
205 220 221 224 229 231 235 237 238 239 244 245 
246 248 249 253 256 262 270 271 273 275 277 279 
286 290 291 292 298 300 301 303 305 313 314 315 
316 319 323 324 330 333 335 337 339 341 344 346 
353 360 361 363 367 368 370 372 373 374 377 379 
380 381 383 393 394 396 397 400 401 403 404 407 
415 418 419 421 427 429 435 436 437 439 448 450 
457 458 459 460 462 463 469 472 473 475 479 482 
487 489 493 495 501 502 504 505 511 512 523 526 
527 534 547 549 555 556 559 567 569 571 573 574 
577 579 584 585 588 589 597 602 608 614 616 617 
621 622 625 630 631 632 635 636 639 645 646 650 
652 654 656 661 662 663 668 670 671 679 680 683 
687 696 701 704 708 713 715 717 720 724 730 731 
734 739 741 743 748 749 753 758 759 764 769 772 
777 779 783 786 788 790 794 796 797 798 799 
230
4 19 23 25 26 30 36 38 42 46 49 54 
59 61 62 63 68 70 72 73 80 82 93 97 
105 109 110 112 113 115 117 118 119 125 131 132 
134 136 137 143 144 145 146 148 161 162 165 166 
172 184 185 186 192 195 211 212 214 217 220 221 
225 227 228 230 232 235 241 242 254 256 261 270 
271 275 276 280 283 284 286 287 288 290 294 299 
304 306 308 310 312 313 315 316 317 321 327 332 
335 339 340 341 345 349 351 352 354 362 365 369 
378 387 388 391 392 394 395 396 400 401 404 408 
410 411 415 416 422 423 425 426 429 433 436 442 
445 447 453 458 462 468 470 472 475 478 479 483 
487 489 490 491 492 496 517 518 522 523 530 535 
539 542 544 546 548 549 555 562 568 579 582 583 
590 597 598 599 601 604 607 608 609 611 614 615 
620 622 625 626 627 629 630 631 635 636 638 643 
646 656 658 660 667 668 676 683 696 704 707 708 
711 720 723 729 730 735 738 739 741 742 744 746 
749 751 756 763 766 776 777 778 779 782 784 796 
798 799 
239
1 3 4 8 13 17 20 21 24 26 28 30 
31 35 39 43 46 48 49 53 54 55 57 59 
61 67 69 73 75 78 79 84 96 97 98 99 
102 112 113 120 121 122 123 125 128 132 134 138 
140 142 143 146 147 152 156 164 169 172 174 182 
183 185 188 193 197 199 216 228 232 234 235 236 
237 246 248 252 253 258 260 262 263 264 265 270 
276 280 285 288 290 291 293 296 298 299 308 312 
317 319 325 328 331 332 335 337 339 340 342 344 
354 355 356 360 365 369 373 374 379 386 388 396 
398 399 401 402 403 407 412 415 416 420 423 424 
427 432 434 436 437 441 442 445 446 453 456 457 
463 464 465 467 468 480 481 494 498 502 503 506 
513 519 527 529 535 537 542 544 546 551 552 556 
557 562 564 565 567 570 571 573 579 584 588 589 
591 593 594 596 598 599 601 604 607 611 615 621 
623 624 626 629 631 637 641 649 651 652 656 663 
665 667 668 674 677 686 687 688 693 696 698 699 
700 703 704 705 717 718 725 733 735 745 747 748 
750 757 764 766 767 781 783 788 793 797 799 
255
2 7 10 13 17 18 19 21 26 34 36 37 
43 45 47 49 56 59 60 67 68 70 71 73 
75 76 78 80 82 83 87 102 107 108 111 112 
113 116 117 118 119 121 122 128 130 131 141 144 
148 152 157 171 173 176 178 179 182 185 186 188 
189 190 191 192 196 198 200 203 204 206 208 211 
213 215 216 223 224 227 233 234 241 243 249 251 
258 264 265 266 273 276 280 287 290 294 298 300 
303 305 307 308 312 316 318 322 325 328 329 335 
339 342 345 347 357 360 361 362 363 364 370 371 
372 374 375 378 381 383 385 387 389 390 401 402 
405 413 414 415 416 418 419 424 430 439 440 442 
445 450 455 464 466 467 478 479 483 484 488 490 
495 501 503 507 511 518 522 523 528 530 532 533 
536 537 540 545 547 549 550 552 554 555 557 568 
570 571 572 573 576 578 584 585 587 593 598 600 
606 610 617 623 624 625 626 632 634 636 638 639 
640 641 643 645 652 655 656 661 664 665 666 672 
675 680 682 686 687 689 691 695 696 699 701 703 
705 710 714 715 719 721 724 725 729 730 731 740 
744 749 751 752 755 761 764 766 769 777 782 786 
790 796 798 
220
1 2 11 12 14 15 18 20 21 22 32 40 
41 42 44 51 52 53 54 57 58 69 70 82 
84 86 88 89 90 91 92 99 100 103 112 118 
121 123 127 128 129 130 134 142 145 146 151 154 
155 156 157 158 169 173 178 188 190 205 206 208 
210 214 216 217 221 223 226 230 233 234 235 251 
252 254 255 256 258 259 262 263 272 278 291 295 
302 317 319 323 327 331 332 336 337 338 340 342 
345 346 351 353 355 359 362 366 371 373 375 379 
380 382 386 388 389 394 404 409 417 419 421 422 
426 432 435 441 444 448 450 451 454 455 456 458 
464 465 466 469 470 474 476 477 482 484 485 491 
496 498 499 500 501 514 516 518 520 522 531 532 
533 541 553 554 557 559 562 574 587 588 590 591 
594 597 606 609 610 612 614 617 618 624 626 627 
630 631 638 640 647 657 659 666 672 674 675 682 
689 693 695 700 704 705 710 713 714 715 717 718 
721 724 726 727 742 745 747 748 762 763 776 780 
783 784 787 788 
229
3 4 5 11 12 18 34 35 40 44 52 53 
56 58 61 72 73 78 82 85 89 100 104 111 
113 118 120 126 130 131 134 137 145 148 149 160 
166 167 175 179 184 185 191 198 200 203 208 210 
214 218 219 222 226 230 232 233 237 242 249 254 
258 265 267 271 272 277 284 285 286 288 293 296 
297 299 300 302 313 315 319 322 323 325 327 329 
334 337 338 348 350 351 358 362 363 368 369 371 
378 379 383 395 397 399 403 404 406 412 414 417 
420 422 424 428 429 431 437 439 445 446 447 449 
452 457 458 459 466 468 469 470 472 480 483 491 
492 496 498 503 505 515 519 524 526 527 528 533 
534 538 543 545 547 550 552 555 559 566 568 569 
578 579 582 584 585 590 593 596 597 601 607 608 
609 617 627 629 631 632 636 638 640 648 664 668 
685 686 687 689 691 693 694 699 703 710 711 712 
714 716 718 719 724 725 730 732 734 735 736 737 
738 741 744 746 747 750 755 756 758 759 764 773 
774 780 781 783 784 791 793 794 795 796 797 798 
800 
230
12 14 21 23 28 29 34 35 38 40 43 45 
47 56 62 66 68 72 73 75 76 77 79 82 
84 85 86 89 90 94 96 112 113 114 116 118 
124 128 131 132 135 138 144 151 153 156 158 159 
163 164 166 172 178 179 181 182 183 189 192 193 
196 197 200 207 215 217 219 221 230 232 244 256 
273 275 283 289 290 293 294 298 302 308 316 318 
320 322 326 333 334 335 342 349 352 358 359 360 
361 363 367 369 371 372 376 377 379 382 384 386 
389 400 405 409 413 415 417 421 422 424 425 427 
442 443 444 445 447 450 451 453 455 457 459 462 
465 478 480 487 497 502 507 509 513 518 521 524 
526 529 534 535 538 539 540 542 549 550 551 555 
556 557 563 571 572 576 580 583 585 588 589 592 
603 608 610 614 615 618 624 627 628 629 630 631 
632 633 639 641 642 646 647 648 657 659 666 668 
672 678 685 693 702 707 717 718 719 727 728 731 
733 736 738 739 744 746 750 752 755 758 759 763 
766 768 772 773 775 784 785 787 788 789 790 792 
793 797 
239
3 4 6 8 11 25 26 27 28 34 41 43 
47 56 57 60 61 64 65 67 68 69 72 73 
75 76 88 89 95 96 97 100 101 102 115 119 
121 122 123 126 132 134 138 140 142 143 144 154 
155 157 159 164 167 169 170 172 174 183 184 186 
188 190 192 195 196 202 207 208 213 217 218 242 
243 246 247 248 249 250 252 253 258 265 271 273 
280 283 286 292 294 300 301 307 309 313 316 321 
324 328 329 332 339 341 347 354 357 360 364 370 
373 379 380 381 382 391 393 396 397 401 402 404 
405 407 410 411 414 423 424 425 426 427 431 432 
433 439 446 447 448 452 458 460 461 463 475 476 
479 481 483 485 493 494 498 500 501 504 511 514 
521 523 525 527 529 535 541 547 549 554 563 565 
570 572 574 575 576 577 580 581 582 585 588 596 
598 605 607 613 616 619 621 624 627 632 633 635 
636 641 646 649 653 661 663 666 668 669 672 673 
675 677 679 683 686 687 699 704 706 708 709 713 
715 718 721 735 738 741 742 746 749 760 761 767 
773 774 778 780 782 788 789 790 792 793 795 
246
2 3 5 8 11 12 15 18 19 20 22 26 
32 42 45 46 48 57 58 59 60 64 66 67 
70 71 76 80 81 82 88 94 95 98 99 104 
109 111 113 115 118 123 124 125 126 136 140 142 
145 150 154 157 160 166 169 172 177 178 179 181 
185 188 192 195 196 197 198 200 201 202 208 209 
214 216 218 219 220 223 224 225 227 232 233 234 
237 239 240 247 248 250 253 255 256 260 262 266 
273 278 280 282 285 286 290 292 293 298 303 311 
312 313 314 315 321 327 331 333 335 336 345 346 
351 352 368 377 378 383 387 389 390 391 395 402 
411 412 413 415 416 422 431 432 435 440 443 445 
446 450 452 453 461 462 463 466 467 470 475 476 
478 479 482 489 497 499 507 510 514 517 518 520 
526 529 531 534 541 545 548 553 558 559 564 567 
570 572 575 576 578 579 584 593 606 608 609 611 
616 624 625 636 637 638 641 642 644 645 648 649 
651 653 657 659 663 666 667 670 672 674 677 684 
685 687 690 699 701 702 706 709 714 716 727 739 
743 749 752 755 756 759 760 766 771 777 782 783 
784 785 796 797 799 800 
256
3 4 7 11 17 18 30 35 36 40 41 42 
45 49 53 55 58 64 69 72 75 76 81 86 
87 88 89 94 104 105 108 110 115 120 126 128 
129 137 139 140 141 149 154 155 156 157 159 163 
164 166 175 181 186 187 191 192 195 200 205 212 
214 217 218 224 225 226 227 229 232 234 238 242 
244 245 246 247 248 255 264 265 266 268 276 277 
291 303 312 313 318 321 322 332 335 337 341 342 
351 352 361 364 367 369 374 378 380 382 384 386 
388 392 395 396 399 401 403 404 405 407 408 410 
414 415 416 417 418 419 421 425 428 433 437 438 
443 446 447 448 449 452 458 459 460 461 471 480 
483 484 485 489 490 496 497 501 503 508 510 520 
522 523 524 525 528 530 532 536 537 540 541 542 
548 550 554 556 561 564 568 570 571 574 578 584 
590 591 599 600 603 604 605 606 608 609 611 613 
617 618 620 627 629 630 632 634 636 639 643 648 
651 656 658 659 673 677 688 690 692 694 700 705 
706 710 711 716 717 719 726 727 730 732 734 735 
737 741 742 745 746 747 748 754 758 759 763 764 
766 769 770 772 774 779 783 785 787 789 793 794 
795 797 799 800 
227
10 20 25 26 40 41 42 43 45 47 50 52 
54 57 59 62 65 73 74 83 85 91 96 115 
122 126 128 130 134 140 142 147 154 156 161 169 
171 175 177 179 181 184 191 194 211 223 225 227 
228 233 235 236 237 239 245 246 249 254 255 259 
261 266 269 271 272 277 278 284 287 290 292 294 
296 297 300 304 305 308 309 315 317 319 320 322 
326 327 329 332 333 334 335 339 346 350 352 354 
360 362 371 378 382 386 388 389 402 405 406 408 
422 424 430 431 432 434 435 443 446 447 448 452 
456 458 461 464 469 470 476 486 489 490 493 494 
500 503 504 506 511 516 518 521 525 526 529 532 
535 536 539 543 544 545 546 547 548 549 551 555 
557 559 564 570 571 573 576 578 589 592 593 597 
601 603 608 613 615 621 622 626 628 634 637 639 
641 642 647 652 653 658 660 662 663 668 680 681 
682 685 688 693 695 696 698 701 705 710 714 716 
717 726 727 734 737 738 744 745 754 755 761 763 
765 767 774 776 779 780 788 789 791 794 799 
249
7 12 14 15 18 25 29 30 32 40 41 42 
45 47 49 50 52 55 61 63 68 73 79 87 
92 99 105 112 115 125 130 131 132 136 139 143 
145 148 149 152 154 157 160 165 166 168 173 181 
182 183 185 188 189 194 201 202 205 210 212 215 
216 218 225 228 229 235 247 249 254 255 256 258 
261 263 265 268 272 277 279 280 282 289 292 296 
297 299 303 306 307 309 316 317 319 321 328 332 
339 341 343 344 350 354 356 359 364 370 378 379 
381 382 386 387 388 394 395 397 402 405 407 414 
415 418 419 420 424 425 429 430 431 433 435 436 
440 441 443 444 445 446 447 448 449 456 457 459 
462 463 466 470 471 475 477 482 484 486 490 491 
498 500 501 503 504 506 510 512 523 525 526 527 
530 535 538 539 542 543 548 550 555 561 566 570 
572 574 576 580 582 594 601 603 604 607 614 617 
618 619 622 623 624 626 628 629 631 633 636 640 
644 650 653 655 661 665 670 672 676 677 680 684 
687 693 696 697 699 700 711 712 713 714 716 720 
724 725 729 733 740 747 752 754 755 757 758 764 
769 771 773 777 778 779 786 788 800 
235
1 2 4 5 9 10 16 17 19 22 25 26 
31 34 35 45 46 48 49 57 61 62 64 66 
70 72 73 74 75 91 92 93 96 98 99 110 
114 118 120 121 130 131 132 135 138 141 143 144 
146 148 156 158 161 167 171 176 178 179 184 186 
187 189 193 194 195 197 199 203 211 212 213 218 
222 224 225 230 238 241 245 249 251 253 259 263 
264 271 277 279 282 283 284 290 292 300 301 303 
304 309 311 314 316 318 320 325 326 328 331 332 
337 339 344 348 351 354 356 358 361 362 363 366 
367 368 370 376 379 386 389 396 401 413 414 415 
420 434 438 443 448 453 454 455 456 461 468 475 
487 489 494 495 502 504 508 515 516 521 526 529 
533 535 536 537 538 541 544 546 547 551 552 553 
561 564 567 571 578 584 585 589 591 593 595 601 
605 612 613 614 618 621 624 633 635 644 646 647 
649 651 654 657 658 663 666 667 671 678 683 684 
687 693 696 697 698 700 701 703 704 707 711 715 
717 723 726 729 733 742 747 749 754 755 769 775 
777 779 780 782 786 789 800 
245
1 3 12 16 19 21 24 26 31 32 34 35 
46 57 61 66 67 68 72 76 79 81 83 85 
89 90 95 101 102 104 111 114 115 116 123 129 
138 144 145 150 155 157 158 161 162 163 179 180 
181 183 186 190 193 196 198 201 202 209 210 215 
219 225 231 233 236 240 242 243 245 251 255 257 
259 266 267 270 272 273 275 277 279 283 284 289 
290 292 294 297 298 303 305 306 312 314 315 316 
318 320 323 330 331 333 338 340 343 345 347 352 
353 356 362 363 366 369 370 373 376 377 379 381 
384 387 397 401 403 404 407 409 412 416 417 418 
419 422 424 427 429 434 436 441 442 444 450 455 
459 462 464 466 473 476 481 486 488 489 490 491 
496 498 500 508 510 513 522 523 526 527 529 535 
537 545 548 559 560 562 567 571 574 575 577 580 
582 585 590 591 599 600 603 606 607 609 610 611 
614 619 621 622 623 625 627 643 644 648 653 656 
657 665 669 675 678 684 685 688 689 693 694 695 
697 700 701 707 713 716 717 722 723 739 740 742 
743 746 752 754 757 762 764 766 768 772 782 783 
787 788 797 799 800 
252
8 10 14 25 27 33 34 35 36 41 42 44 
45 48 56 58 59 64 67 71 72 76 81 84 
89 90 91 92 96 101 102 103 106 112 114 116 
120 122 124 134 135 137 141 144 145 150 151 152 
153 154 158 159 161 163 164 166 168 169 171 172 
174 176 177 181 184 185 186 189 196 205 207 213 
214 216 218 220 223 224 225 230 231 233 239 243 
249 250 251 256 259 263 271 273 280 288 290 297 
298 302 308 309 313 314 319 323 324 331 340 342 
348 349 350 352 353 354 355 357 358 362 363 367 
368 370 371 374 379 380 382 385 389 394 398 404 
408 409 410 411 415 417 419 420 429 430 433 437 
438 439 442 444 445 446 453 457 458 460 461 469 
475 483 484 488 494 495 496 506 507 508 509 513 
516 517 519 520 530 535 536 541 548 558 560 561 
564 570 571 573 575 579 580 581 583 590 602 608 
616 629 632 639 642 648 649 652 656 657 658 661 
668 673 676 678 683 684 686 687 689 691 694 695 
697 701 703 705 707 710 713 715 718 721 724 725 
730 734 736 737 738 739 741 742 743 750 759 760 
762 764 765 767 768 771 773 775 777 780 788 798 
240
4 5 6 10 14 17 18 21 34 35 36 43 
46 47 49 51 56 62 69 76 78 80 86 87 
91 103 110 111 113 114 115 116 120 122 123 125 
134 138 139 140 141 152 153 154 155 156 161 163 
166 167 176 181 183 184 185 186 189 191 192 193 
197 200 202 205 207 208 210 218 222 223 227 229 
231 235 239 244 246 250 252 256 260 264 267 274 
283 284 292 293 297 300 303 304 311 313 314 316 
319 320 322 326 328 330 332 336 339 341 349 352 
353 355 360 361 369 377 379 381 383 387 392 397 
398 399 405 406 408 411 414 417 419 422 424 425 
427 429 435 437 438 440 444 447 453 457 460 461 
464 468 477 479 480 482 483 487 489 491 493 511 
514 519 524 525 527 528 530 532 541 545 548 552 
555 558 559 560 566 569 572 576 578 579 580 581 
585 587 588 592 601 602 606 609 612 620 628 629 
630 633 635 636 642 646 654 658 663 667 669 670 
671 676 678 679 682 689 690 691 692 694 697 702 
703 716 725 728 730 731 732 733 737 745 752 754 
755 763 764 766 767 771 782 783 787 791 794 797 
225
3 7 9 10 15 16 18 19 20 22 24 29 
30 33 34 36 37 38 41 44 45 54 56 57 
61 65 69 70 79 80 82 87 89 91 92 97 
99 104 105 107 109 110 112 115 117 119 121 125 
130 131 132 135 136 159 166 174 181 188 193 195 
198 199 203 206 207 209 210 212 218 227 241 255 
265 266 270 271 273 274 276 285 293 297 311 318 
319 322 326 328 334 338 341 345 350 354 356 366 
367 374 376 377 378 387 395 405 406 409 412 417 
418 419 426 432 434 441 442 446 448 450 451 453 
455 459 470 472 473 481 489 492 497 498 500 504 
505 508 511 515 516 517 519 521 522 523 526 529 
534 536 539 540 544 548 549 554 557 558 559 560 
563 567 570 572 573 578 579 580 581 585 586 588 
595 603 604 607 608 612 617 620 622 624 626 634 
642 644 645 650 653 660 664 666 671 674 682 683 
686 688 689 693 696 700 701 708 715 718 724 727 
728 736 739 741 744 747 749 752 761 762 768 771 
775 779 782 783 784 787 789 792 794 
251
3 4 7 10 11 15 16 17 18 19 21 22 
23 26 31 35 36 44 45 51 52 58 69 70 
72 75 78 86 88 90 91 92 93 103 104 110 
113 116 119 121 122 123 127 129 132 133 135 138 
144 158 161 163 166 168 170 174 181 182 184 186 
188 191 195 197 201 208 213 218 223 226 229 230 
232 239 240 247 248 249 259 261 262 264 266 272 
278 279 281 284 290 297 298 299 304 305 307 309 
310 313 314 319 320 328 331 333 338 340 345 346 
348 349 350 352 353 356 361 362 364 369 371 373 
378 382 387 389 390 393 395 398 401 404 405 409 
410 412 416 419 427 434 435 437 444 445 447 449 
451 452 454 457 461 462 463 467 471 474 476 477 
479 483 490 495 496 497 505 520 527 529 530 536 
537 539 547 548 554 555 564 569 580 584 586 587 
591 594 595 599 606 609 610 613 615 621 622 623 
624 630 632 633 634 635 636 642 645 646 647 648 
650 652 655 656 660 661 667 669 671 672 673 675 
676 683 685 688 691 695 699 702 705 713 714 715 
716 720 722 725 726 729 739 742 744 747 752 754 
755 760 766 771 777 782 786 787 791 796 799 
237
1 2 7 14 15 16 20 26 33 34 38 40 
44 45 52 58 61 62 63 65 66 68 69 70 
72 80 81 83 84 87 94 98 102 103 107 108 
109 112 115 117 119 120 124 128 132 134 135 142 
146 149 152 154 156 158 159 166 170 171 175 178 
184 186 190 192 198 199 209 211 222 223 225 226 
228 234 236 239 241 242 245 246 247 248 254 256 
262 263 265 273 274 275 276 277 279 281 285 286 
287 291 292 296 309 317 320 322 328 330 333 335 
339 340 346 350 351 354 355 358 362 363 368 378 
388 389 392 398 407 411 416 417 421 428 431 433 
437 438 446 448 449 453 454 457 458 461 463 464 
466 472 474 477 478 480 481 483 486 489 494 499 
503 504 508 510 511 513 517 518 519 528 529 530 
532 542 546 549 552 554 557 568 569 578 579 580 
583 587 590 591 598 600 604 605 607 624 631 632 
633 643 646 647 650 653 663 669 671 672 674 677 
680 683 692 694 703 704 706 709 711 715 718 720 
727 731 732 736 744 746 749 754 756 762 763 767 
769 771 773 774 779 783 789 790 796 
227
3 10 13 15 16 22 24 27 31 37 44 47 
57 62 65 66 68 74 75 85 89 90 91 93 
99 101 103 108 109 113 116 119 121 132 133 139 
146 151 156 159 161 165 166 171 174 175 177 179 
180 189 190 192 196 200 202 203 206 211 212 217 
218 219 220 226 227 231 232 234 236 240 244 251 
259 262 267 271 277 278 284 286 287 292 293 294 
295 297 298 301 304 307 308 317 318 322 324 328 
332 336 340 342 345 360 365 372 374 375 376 377 
384 392 394 396 400 401 404 406 407 408 410 415 
417 420 428 437 438 441 442 449 450 452 462 464 
468 469 473 476 481 485 489 491 495 500 504 510 
511 512 514 516 517 520 521 522 523 524 527 528 
531 534 540 541 544 546 548 550 551 555 559 563 
564 566 576 577 578 580 586 588 593 595 598 600 
601 607 611 620 626 628 630 642 654 658 663 668 
669 677 681 684 685 688 689 694 695 698 700 707 
713 719 720 725 726 730 733 743 745 749 752 753 
755 757 763 768 770 771 777 779 785 797 799 
251
1 4 5 7 11 12 27 29 32 36 37 44 
49 51 57 62 67 69 71 72 81 82 86 89 
90 99 100 102 107 114 115 118 122 128 130 132 
137 138 141 142 149 153 161 162 165 166 167 168 
170 171 172 173 174 176 177 179 182 183 188 192 
195 205 209 215 216 218 225 227 230 234 236 238 
240 244 245 246 254 261 262 264 265 266 269 270 
272 277 279 287 293 294 296 297 298 300 301 303 
305 307 311 312 314 318 320 324 325 328 332 340 
348 349 355 358 362 363 365 369 375 381 385 388 
392 393 399 400 401 402 404 406 407 408 409 413 
425 428 435 437 441 445 449 453 455 458 460 464 
469 471 474 479 483 484 491 494 496 499 502 504 
507 511 512 517 520 522 525 527 528 534 535 538 
540 541 550 563 567 571 580 581 585 588 592 594 
601 606 608 610 614 615 616 618 622 623 627 633 
641 645 647 651 652 654 661 663 669 674 679 682 
683 685 687 688 690 692 693 697 698 700 705 706 
709 710 713 715 716 718 725 726 727 728 729 730 
731 735 737 739 742 744 748 750 751 755 757 758 
760 762 763 776 777 781 785 787 789 796 800 
240
1 4 9 14 16 17 28 30 31 37 39 40 
45 48 52 53 56 72 79 80 86 89 90 94 
97 100 101 103 113 114 117 124 125 130 132 135 
137 145 149 159 170 171 173 178 179 180 183 186 
188 191 192 197 199 207 212 214 224 228 229 231 
232 234 239 240 247 249 253 255 257 258 261 268 
277 278 281 285 286 291 295 299 304 305 312 314 
324 325 334 337 341 344 346 348 350 356 360 362 
363 365 368 380 381 383 384 385 394 397 401 402 
406 411 417 426 432 433 435 436 439 441 444 445 
450 451 452 454 458 462 465 467 469 473 478 482 
484 488 489 491 494 497 501 502 504 506 510 511 
512 513 514 517 521 522 524 525 526 527 537 540 
541 542 543 546 551 553 556 558 561 563 566 567 
573 574 577 581 582 591 596 598 599 600 603 606 
616 617 618 620 625 632 634 635 637 638 639 644 
651 663 669 675 678 679 680 684 687 689 690 692 
695 698 702 704 705 708 709 713 720 723 725 729 
734 738 739 745 747 752 755 758 760 762 763 766 
767 770 777 782 787 788 789 791 792 796 798 800 
249
1 3 4 14 16 19 26 32 37 44 48 49 
50 51 54 56 59 60 65 72 75 76 77 78 
79 86 90 94 97 98 102 104 112 117 119 121 
123 126 128 129 130 132 134 139 143 151 152 154 
155 160 163 167 170 175 177 178 182 188 189 193 
196 201 202 204 206 209 211 212 215 217 218 222 
231 232 238 239 248 249 250 252 253 255 260 264 
265 266 267 272 275 277 279 281 282 289 290 295 
296 298 300 304 305 306 309 317 323 327 328 331 
332 334 337 341 344 346 350 355 359 364 365 368 
369 372 378 379 380 382 390 392 393 398 404 405 
406 408 409 416 419 423 429 430 441 445 446 448 
451 453 458 459 461 463 465 467 469 471 478 479 
482 485 487 493 495 500 502 505 507 513 516 522 
525 532 536 540 554 556 557 562 564 568 572 575 
576 579 581 584 585 586 589 593 594 604 605 608 
610 613 618 620 627 628 632 634 639 641 642 649 
652 653 661 663 664 666 672 677 679 683 684 685 
688 694 697 704 712 713 717 723 727 728 735 738 
740 742 743 744 745 753 757 760 761 764 766 767 
770 771 774 775 782 787 789 793 795 
258
2 3 5 8 11 12 16 22 28 29 35 39 
41 47 51 57 59 60 62 63 66 72 79 82 
84 86 91 93 99 103 111 114 115 116 119 122 
125 126 127 130 131 133 136 137 138 141 142 143 
144 149 158 164 173 177 181 186 190 192 193 196 
198 204 207 208 210 214 215 216 217 233 234 235 
237 239 240 243 244 246 248 249 250 254 257 261 
264 266 267 268 270 271 274 278 279 280 281 284 
289 294 295 296 299 300 301 302 307 309 313 314 
317 318 332 340 345 347 349 355 368 371 375 379 
382 385 387 394 395 401 404 407 410 415 418 420 
421 424 425 427 437 438 440 442 443 449 451 452 
453 456 458 462 471 472 475 478 479 483 484 487 
488 490 491 495 499 500 501 502 506 514 515 518 
519 522 524 525 530 534 539 540 544 555 560 563 
565 566 570 574 575 579 580 584 585 590 592 594 
596 598 601 602 603 611 614 618 620 624 626 629 
636 640 644 645 649 654 658 659 662 667 668 669 
674 676 677 680 683 686 688 690 692 693 694 695 
704 707 711 713 719 723 729 731 737 739 740 743 
746 751 752 755 756 759 760 771 773 779 780 781 
782 783 786 793 796 799 
226
1 9 11 12 13 18 20 21 23 24 26 27 
36 37 38 39 41 43 45 47 48 52 53 57 
61 66 70 73 74 79 81 86 87 91 92 95 
101 104 108 110 114 119 124 127 131 133 134 136 
141 142 144 149 150 153 157 161 162 164 165 170 
172 178 180 183 186 187 193 200 204 205 207 211 
223 224 225 228 229 231 234 252 254 256 263 265 
268 269 272 279 284 288 303 306 307 316 318 321 
324 325 329 330 334 341 342 346 349 354 357 362 
368 371 372 376 382 384 385 388 393 395 396 397 
399 402 403 404 412 414 415 418 419 427 430 431 
432 440 448 450 451 456 464 465 471 473 481 485 
491 494 497 498 499 503 504 506 512 517 520 523 
526 527 531 532 535 539 542 544 547 552 553 554 
555 556 559 562 566 576 583 584 596 601 602 603 
605 606 609 612 615 619 623 635 639 643 651 652 
657 658 670 671 674 690 691 694 701 709 713 718 
721 729 732 737 739 740 754 756 757 760 765 767 
772 777 779 781 783 785 786 791 796 798 
236
1 5 11 27 30 33 36 37 40 42 46 51 
54 60 65 66 70 73 77 80 82 90 91 92 
93 95 98 101 102 104 105 106 107 110 126 129 
130 141 142 145 147 149 158 162 163 168 169 177 
179 185 188 189 190 192 193 199 202 206 210 213 
216 219 223 224 227 234 235 236 237 243 248 251 
256 258 260 262 263 268 271 274 275 280 282 286 
290 298 301 302 315 318 319 321 322 325 329 330 
334 338 340 348 355 356 364 365 367 371 375 379 
389 391 392 395 400 401 405 406 420 423 427 429 
432 433 434 440 441 443 447 451 453 457 463 464 
469 474 479 480 484 485 487 496 500 502 503 508 
513 516 520 521 522 526 528 531 532 539 545 547 
549 555 557 558 559 561 562 565 567 568 571 575 
576 577 579 581 587 594 604 605 606 610 611 617 
619 621 622 623 624 627 634 638 642 644 645 651 
652 657 659 662 667 671 675 676 678 679 681 682 
685 686 687 690 693 695 696 701 708 712 715 717 
719 720 737 744 745 752 754 758 763 765 770 771 
774 776 777 780 781 792 799 800 
239
1 5 13 14 16 21 24 26 32 42 44 54 
55 58 60 61 73 76 79 80 85 88 92 93 
98 99 101 105 106 107 108 112 117 118 122 132 
133 135 137 138 143 144 149 151 154 155 156 161 
162 170 171 173 178 179 185 187 191 194 195 197 
200 202 205 206 212 216 231 244 245 251 253 254 
257 261 263 267 270 271 277 285 287 293 294 297 
298 299 300 301 310 319 321 327 328 329 334 342 
343 345 346 347 351 353 356 357 358 359 360 364 
366 367 368 369 375 377 381 382 385 386 389 391 
396 397 399 401 403 416 418 423 428 430 431 434 
435 440 442 443 445 450 451 455 457 462 464 468 
469 477 478 482 484 486 488 489 492 497 502 507 
510 511 518 519 520 525 529 534 535 536 542 546 
547 550 554 563 566 569 570 578 579 581 585 587 
590 592 595 599 603 604 609 616 620 625 628 630 
631 632 635 647 649 655 657 660 662 664 666 668 
671 675 676 677 678 687 693 694 695 697 699 710 
711 712 715 716 727 730 735 745 749 755 763 764 
765 770 773 775 777 778 779 785 791 792 798 
223
2 5 22 26 27 30 31 33 37 38 40 42 
47 51 53 69 73 75 77 81 83 92 99 100 
101 104 118 126 129 130 133 143 145 149 153 157 
160 161 162 164 165 166 169 170 172 174 175 178 
179 186 189 191 194 202 204 206 211 214 219 222 
223 229 232 237 244 247 250 256 258 261 262 264 
273 277 281 293 299 304 306 310 312 316 320 321 
322 323 328 329 330 331 332 336 341 345 352 361 
362 363 366 367 368 370 372 378 381 382 386 391 
394 396 397 400 410 414 420 431 435 438 440 445 
446 449 450 456 462 465 477 480 483 486 491 492 
494 496 498 499 500 507 509 512 518 521 522 527 
532 533 537 541 546 547 552 554 558 561 566 567 
568 572 586 588 591 596 598 606 607 609 611 615 
617 620 622 624 626 627 628 632 635 638 643 645 
647 648 652 655 656 664 678 679 682 687 689 692 
693 694 697 702 704 705 713 716 717 719 721 724 
725 727 731 737 740 747 752 755 756 759 760 764 
772 778 781 783 788 795 798 
220
4 9 10 19 21 23 24 26 27 37 40 43 
44 45 55 63 68 80 81 85 86 87 104 105 
108 111 113 117 124 126 128 129 132 134 141 146 
148 149 156 165 166 168 177 185 189 194 201 203 
206 215 218 225 226 233 236 241 245 248 254 267 
268 270 273 276 283 285 287 294 296 297 299 300 
306 313 315 319 324 325 326 327 330 331 332 333 
337 341 344 347 349 351 352 354 356 359 360 363 
364 367 368 370 374 378 380 385 394 397 402 403 
404 405 406 407 408 413 416 418 419 421 423 428 
432 433 438 439 443 444 446 447 449 450 454 463 
471 476 483 484 486 487 491 494 498 508 509 511 
520 522 523 524 531 532 536 537 539 540 547 552 
557 560 562 564 580 581 585 588 595 599 604 605 
611 614 615 617 619 621 623 624 627 628 629 634 
635 642 645 647 650 654 659 662 664 667 671 673 
678 679 680 687 688 695 698 700 705 714 715 725 
728 731 734 736 744 745 747 756 763 768 769 772 
780 787 791 792 
228
5 11 15 26 31 34 37 45 47 55 58 65 
67 70 71 74 78 84 87 88 94 96 99 100 
101 102 104 105 106 110 116 118 123 125 130 131 
132 133 143 147 153 154 155 159 162 164 167 169 
170 171 172 175 180 182 183 193 194 195 211 213 
227 228 234 236 242 244 247 250 253 255 259 263 
264 265 271 272 282 283 284 285 288 289 290 299 
307 312 313 320 321 322 324 325 329 332 333 345 
351 357 361 364 366 370 372 378 380 385 390 392 
393 396 397 400 401 409 413 418 419 420 428 432 
441 446 447 450 452 457 459 464 465 467 468 469 
475 482 490 502 506 517 518 520 528 529 530 533 
539 541 545 550 551 554 555 556 557 565 567 568 
569 571 573 577 578 579 581 584 585 589 591 592 
610 611 613 615 619 624 626 627 628 629 631 632 
634 641 645 646 647 652 657 661 664 671 673 683 
684 689 691 692 701 707 708 711 713 714 718 719 
722 726 727 728 732 735 737 738 739 747 749 752 
757 758 769 775 776 778 783 786 791 793 797 800 
235
1 4 12 14 15 18 19 22 23 26 29 34 
43 44 45 54 57 61 64 67 71 84 85 87 
88 89 97 100 101 105 107 108 109 113 123 124 
137 139 140 141 147 148 158 161 163 164 165 167 
170 179 182 184 190 193 195 198 200 204 213 215 
218 222 224 229 230 232 242 251 256 258 266 268 
269 271 281 282 286 287 288 289 291 292 295 299 
300 301 305 310 311 313 314 319 323 324 326 337 
340 341 345 347 362 371 375 378 381 382 383 385 
387 391 392 395 399 402 408 410 411 412 414 416 
420 421 422 426 429 431 433 435 436 439 440 444 
445 446 448 453 462 464 466 469 471 479 480 484 
486 488 492 493 498 502 509 515 518 521 524 527 
531 536 537 540 541 543 547 549 550 551 556 561 
564 566 569 574 578 581 582 583 585 601 605 608 
611 614 615 616 629 633 639 646 647 650 652 656 
658 659 660 667 669 671 678 680 684 688 695 697 
702 703 705 710 711 712 713 718 722 723 725 732 
733 743 748 752 755 757 758 759 760 763 766 777 
781 785 787 793 795 796 800 
247
1 4 5 10 12 18 21 24 25 29 33 37 
41 45 55 57 58 60 62 64 70 75 84 88 
89 92 101 105 109 112 115 120 121 124 134 135 
138 139 142 145 151 153 156 158 162 165 171 175 
176 179 191 197 199 201 203 213 214 215 216 217 
218 225 226 229 232 235 236 239 243 244 246 254 
255 262 264 267 270 274 275 278 287 289 292 293 
300 301 302 304 307 311 315 318 322 325 327 328 
333 338 342 344 351 355 357 358 360 361 370 371 
374 375 376 381 383 385 387 390 398 399 400 403 
408 410 415 417 420 423 425 426 428 430 431 432 
434 436 448 450 452 453 458 465 481 483 484 486 
487 489 491 492 494 499 513 515 516 517 522 524 
526 529 535 538 542 546 548 549 550 553 557 561 
562 564 566 567 570 574 580 581 582 584 589 590 
593 595 600 601 605 606 608 610 613 614 616 617 
620 621 624 626 628 630 632 633 634 638 642 646 
652 654 658 659 666 668 670 672 674 675 676 678 
681 687 692 693 696 702 703 704 724 725 730 731 
732 734 739 743 745 747 750 753 758 769 771 775 
776 777 780 783 786 790 793 
218
3 5 7 9 10 14 17 24 28 29 33 35 
39 40 42 43 45 50 51 55 56 62 71 77 
78 83 86 88 92 94 98 99 101 102 106 110 
130 132 135 142 145 146 147 150 154 155 157 160 
162 163 167 168 170 171 175 176 177 183 194 200 
201 204 205 207 208 216 219 220 227 230 231 232 
234 235 238 241 242 243 245 261 266 281 282 288 
293 295 296 299 301 303 307 312 317 322 324 326 
330 333 335 338 340 343 344 346 352 362 368 372 
381 383 388 396 400 404 405 411 422 429 433 437 
448 450 454 457 468 471 475 476 483 492 493 494 
495 500 501 502 507 510 515 517 520 521 522 524 
528 530 532 541 542 543 545 549 550 554 564 571 
572 579 586 588 591 595 599 600 602 603 605 620 
623 624 626 627 630 631 635 636 638 639 642 652 
659 661 669 671 674 676 677 678 685 691 692 698 
699 702 704 705 710 712 715 717 719 727 729 735 
736 751 752 757 758 761 774 776 777 778 784 788 
793 795 
248
2 4 5 7 8 12 13 15 17 18 24 27 
28 37 38 48 49 53 56 59 63 66 71 73 
77 78 81 85 91 92 95 98 103 122 123 135 
136 139 140 143 147 150 152 154 157 158 164 165 
168 171 176 181 184 188 192 194 195 199 200 201 
203 204 207 209 212 223 229 230 231 232 237 240 
244 253 262 263 265 267 269 270 271 273 274 275 
276 278 281 282 285 292 303 308 316 317 318 322 
323 324 325 326 327 330 331 332 334 338 341 344 
345 346 347 356 357 359 374 376 381 388 393 397 
398 408 410 414 415 418 421 423 425 426 429 433 
436 440 441 443 450 455 456 458 463 471 473 475 
478 480 482 486 487 489 493 495 496 498 499 504 
509 513 515 516 524 525 529 530 533 542 543 548 
553 555 557 558 559 565 568 569 573 574 580 585 
591 594 597 598 600 603 607 625 626 627 630 633 
634 636 644 645 646 648 650 651 655 657 659 664 
665 667 672 675 677 679 680 683 689 692 696 699 
702 707 708 710 713 718 722 724 728 730 735 736 
737 741 750 751 755 756 758 759 760 765 767 768 
774 775 783 785 786 790 795 796 
239
4 10 12 14 22 29 30 34 42 44 45 49 
51 54 55 56 62 63 64 70 72 77 78 80 
88 91 96 98 103 105 106 108 113 118 120 125 
126 130 131 132 134 135 138 143 144 155 159 164 
169 172 175 180 187 197 206 207 208 211 213 214 
218 219 221 224 225 228 234 235 240 241 244 247 
255 258 260 261 263 265 266 267 270 271 272 273 
288 289 294 298 300 301 304 305 307 308 309 310 
314 316 317 328 330 337 344 345 347 348 352 354 
355 360 366 369 376 377 381 382 383 385 386 393 
394 397 404 411 412 416 419 420 421 422 423 424 
426 430 433 434 437 446 449 450 458 460 461 462 
477 478 480 484 485 486 488 493 497 500 505 506 
509 514 523 526 537 539 540 542 546 559 563 564 
568 574 575 583 586 587 595 596 599 603 604 608 
610 611 616 619 622 623 624 626 628 630 631 639 
647 649 659 660 665 667 668 669 671 677 683 693 
694 696 697 699 700 703 704 705 707 709 717 720 
723 735 737 738 744 750 753 756 757 759 762 763 
767 769 770 772 774 775 780 786 794 795 796 
239
1 6 7 25 28 29 34 35 42 44 47 48 
50 54 55 60 62 64 67 70 72 75 78 79 
82 88 93 95 99 101 104 107 109 112 113 114 
118 119 120 123 124 129 130 131 132 139 140 141 
144 149 151 154 155 158 159 166 168 169 179 180 
184 187 193 194 200 207 210 214 215 217 219 220 
222 223 227 230 233 236 243 244 248 252 257 262 
264 265 266 272 276 287 299 303 305 309 315 316 
318 326 327 331 334 336 338 341 345 346 350 352 
361 362 365 371 372 373 374 375 377 380 382 386 
387 388 389 391 393 399 400 403 407 410 419 422 
426 427 430 436 441 442 443 448 451 453 454 456 
466 467 468 475 476 481 484 498 501 505 525 526 
530 533 534 542 545 546 549 554 563 568 569 570 
574 575 584 586 593 597 599 600 601 603 607 615 
618 620 622 624 627 628 636 637 638 640 645 647 
658 660 662 666 667 669 670 672 676 679 681 684 
692 694 698 703 705 706 709 714 718 721 724 725 
726 727 731 734 737 738 739 750 763 767 770 773 
774 776 778 781 783 784 787 788 792 794 795 
215
2 6 10 13 16 29 30 32 37 50 62 63 
64 71 76 80 81 96 97 99 103 105 108 111 
117 118 119 120 125 126 137 138 141 142 145 148 
151 153 154 157 159 160 166 171 172 176 183 185 
186 188 192 200 202 205 206 210 214 216 221 222 
223 224 225 227 229 232 239 241 242 244 245 246 
250 252 254 261 263 264 271 277 280 281 283 288 
290 295 297 299 300 313 331 340 343 344 347 358 
365 366 372 385 390 397 401 403 405 406 408 410 
414 415 422 423 425 428 429 436 441 448 450 454 
455 456 457 458 461 463 464 467 469 474 483 493 
498 503 510 537 540 542 545 546 551 553 555 561 
564 565 570 579 583 587 590 592 593 594 596 597 
602 604 611 613 614 621 622 623 627 630 631 632 
635 639 643 651 657 659 665 668 672 677 684 686 
694 701 702 704 707 708 719 720 726 729 735 738 
742 747 748 749 753 755 756 757 758 759 763 766 
767 768 769 776 777 778 779 780 781 788 792 
244
3 4 9 13 15 16 19 25 28 30 32 36 
39 41 42 46 51 57 59 61 62 64 67 68 
71 74 76 77 78 81 82 85 88 96 98 101 
103 105 108 121 123 124 125 128 134 136 138 152 
154 157 158 160 173 174 179 182 184 185 186 198 
199 204 205 206 208 209 211 213 219 221 222 224 
228 229 230 240 244 245 254 256 261 263 268 270 
272 273 279 281 286 290 304 306 310 316 317 321 
325 326 327 328 335 341 342 348 349 352 362 363 
364 366 370 371 372 375 382 388 390 392 393 395 
397 401 402 405 407 413 414 422 424 426 427 440 
442 445 451 455 459 462 464 466 469 470 471 472 
478 479 481 485 486 488 492 493 494 497 498 503 
515 516 527 529 538 544 551 554 556 561 562 567 
568 569 570 571 572 573 581 591 593 595 598 602 
603 606 607 612 615 616 621 625 627 628 630 634 
637 640 642 652 653 656 657 660 662 667 669 671 
676 677 682 690 694 695 698 700 702 703 704 706 
707 709 712 717 718 719 720 728 729 731 736 740 
744 746 752 754 756 759 763 767 773 776 781 782 
788 791 798 799 
250
3 5 10 12 16 23 25 26 29 39 48 55 
56 57 59 62 64 68 72 73 75 77 78 83 
86 92 96 97 98 102 104 106 107 110 112 113 
125 131 132 133 136 137 141 142 145 147 148 151 
154 155 159 160 164 165 167 172 175 176 178 190 
194 197 204 206 208 209 212 216 224 229 233 242 
246 251 252 253 255 260 262 265 270 272 273 274 
275 278 281 288 293 294 295 297 298 306 311 313 
314 316 322 327 330 331 333 337 338 340 341 344 
345 347 352 357 358 359 364 368 373 375 382 387 
390 394 396 398 402 403 410 412 417 423 428 430 
431 435 438 439 440 442 450 452 453 456 467 470 
471 472 473 475 477 482 483 493 494 495 498 503 
513 521 525 529 531 535 537 540 546 552 555 556 
559 560 562 566 569 573 574 578 579 588 596 599 
600 601 603 606 610 612 616 617 618 624 626 630 
631 640 641 645 646 648 656 659 661 669 670 671 
674 681 687 689 690 693 696 697 699 700 702 708 
712 715 720 721 724 725 727 728 736 737 738 739 
742 748 749 750 751 753 756 760 763 764 768 769 
770 771 775 777 781 783 795 796 798 799 
252
1 3 9 15 22 26 31 33 35 40 41 53 
54 56 68 71 74 77 78 82 83 84 86 87 
92 95 98 100 102 115 118 119 122 132 133 137 
140 145 146 148 151 153 154 155 159 162 165 166 
168 171 172 175 177 178 179 182 183 187 192 194 
195 198 200 202 205 218 220 221 222 224 228 229 
232 237 238 239 243 249 254 258 260 264 266 274 
277 281 289 290 292 297 303 304 306 307 316 317 
318 321 325 326 329 330 332 336 337 338 347 348 
349 353 356 357 361 362 367 368 373 375 377 381 
382 384 385 387 389 390 393 399 402 409 415 416 
417 419 421 422 429 430 433 435 437 447 451 452 
458 459 462 466 470 475 480 484 489 493 494 496 
502 503 504 513 515 520 521 525 531 538 543 544 
547 552 558 559 562 563 564 566 570 572 573 574 
576 577 581 582 585 587 589 591 596 597 599 602 
609 611 615 617 622 623 627 629 630 635 636 645 
647 650 653 654 657 661 662 664 670 675 676 678 
686 687 693 698 699 700 706 707 710 721 725 728 
729 731 732 734 737 752 753 759 764 768 770 772 
775 777 778 783 785 787 793 794 796 797 799 800 
238
1 6 12 13 14 17 18 20 22 26 28 29 
30 31 40 41 42 46 48 49 54 55 57 63 
64 70 71 75 77 79 89 90 93 95 100 102 
107 110 118 119 121 122 125 126 128 138 139 142 
143 144 153 156 164 166 170 173 175 176 181 189 
190 191 192 203 206 210 211 220 223 226 227 229 
231 238 246 247 249 252 258 259 263 264 273 281 
283 285 291 292 299 302 303 305 307 312 314 320 
325 326 330 331 332 334 335 336 341 346 349 352 
355 357 359 361 366 371 373 381 386 398 399 401 
402 404 405 407 414 415 422 425 426 434 444 445 
446 449 451 456 460 462 464 469 471 475 478 483 
484 487 489 491 493 496 498 499 500 503 506 511 
517 518 524 525 529 531 535 536 541 545 547 550 
556 566 567 568 569 571 576 577 584 589 592 593 
601 606 608 614 615 617 618 619 622 623 625 626 
628 629 630 637 638 639 646 647 650 651 652 655 
659 661 665 668 673 674 680 683 696 697 699 703 
707 708 723 726 728 731 732 735 739 741 742 747 
761 766 775 777 779 782 783 785 796 797 
250
2 3 4 7 11 19 22 26 27 31 38 41 
42 45 48 51 54 58 63 64 67 75 81 82 
83 86 97 100 101 102 103 107 110 112 113 114 
115 116 120 123 126 132 133 137 138 139 140 143 
145 149 156 160 161 162 164 176 177 180 193 195 
198 201 202 203 204 205 208 211 213 217 218 223 
224 225 226 229 230 231 233 239 243 246 247 248 
250 258 259 260 269 272 274 275 276 278 283 287 
289 291 294 301 307 309 316 318 321 327 332 333 
338 341 342 343 348 352 353 355 357 358 363 366 
368 375 376 377 378 379 384 389 394 401 406 407 
416 417 418 426 434 436 437 451 452 455 462 463 
464 466 467 468 469 474 477 480 481 483 484 487 
489 494 511 512 516 524 526 533 535 537 538 541 
546 549 552 554 557 558 562 563 565 568 574 575 
577 583 586 591 592 600 604 606 609 610 612 620 
633 634 635 636 644 646 647 650 652 654 657 659 
661 662 668 675 681 682 688 690 694 700 704 707 
709 712 713 715 718 721 722 725 731 735 739 742 
744 745 746 747 751 755 757 758 759 761 762 767 
769 770 774 782 787 790 794 795 797 798 
237
4 5 6 7 8 9 13 15 16 19 20 23 
25 27 28 38 42 47 51 55 61 84 86 90 
91 96 97 101 103 107 108 113 119 122 142 144 
150 156 158 160 163 165 171 174 176 177 179 180 
189 193 195 198 200 205 208 213 222 226 227 228 
231 235 236 244 250 253 254 256 257 259 260 264 
276 279 285 292 293 296 299 302 303 309 313 318 
319 321 323 332 333 342 344 347 353 356 358 359 
361 363 365 366 372 376 378 379 380 382 389 393 
396 399 400 402 406 408 409 410 415 420 426 429 
430 434 435 436 441 442 448 451 454 455 456 462 
467 468 474 475 477 480 484 488 491 493 499 505 
507 508 511 518 522 523 540 542 543 545 552 555 
557 564 567 569 570 575 576 578 579 587 589 590 
592 595 596 597 601 607 610 611 612 613 615 618 
619 620 622 627 630 637 638 644 646 651 655 656 
660 661 663 664 665 673 680 683 685 686 688 690 
697 701 705 706 707 709 717 721 723 731 733 735 
736 743 747 750 754 757 760 764 767 771 777 778 
780 782 783 788 792 793 797 798 800 
226
2 10 20 21 31 36 37 41 42 44 48 50 
53 58 60 62 64 67 71 74 75 77 78 81 
83 96 100 102 110 117 119 120 121 129 137 143 
147 148 154 157 158 161 162 166 167 168 170 175 
179 180 181 187 195 196 197 208 212 215 217 222 
225 226 227 230 234 238 239 243 245 249 253 257 
262 265 266 272 273 275 277 278 283 287 291 294 
300 302 309 310 311 315 317 328 333 336 343 348 
354 362 364 367 368 369 378 379 388 394 395 401 
403 405 413 415 417 419 424 425 429 433 443 454 
457 462 465 468 470 476 485 488 493 494 503 508 
512 513 516 519 520 524 527 534 537 538 542 544 
545 548 549 551 555 558 561 565 568 569 571 575 
577 580 584 585 590 592 597 599 601 603 608 612 
620 622 624 625 638 639 640 648 650 651 653 655 
661 663 665 668 669 675 684 688 691 705 706 707 
708 709 713 715 717 724 725 726 729 733 734 738 
739 741 744 745 747 751 758 759 761 764 766 767 
772 777 781 784 786 792 796 798 799 800 
253
15 16 17 20 21 25 28 31 40 42 44 45 
48 49 51 52 54 57 58 59 60 61 62 63 
76 78 81 87 88 93 99 101 103 108 110 111 
112 113 119 120 121 123 126 133 138 141 149 151 
153 154 158 166 167 168 172 175 176 180 181 182 
183 185 189 191 192 194 196 200 201 205 210 212 
216 219 222 224 227 230 234 235 242 249 252 253 
258 260 262 265 266 267 271 272 276 280 286 287 
288 289 290 291 292 298 299 300 301 302 303 304 
312 313 320 322 324 326 328 331 332 333 351 352 
354 355 359 364 366 368 369 374 384 392 395 400 
402 403 405 406 414 415 417 420 421 423 424 426 
431 432 436 440 445 449 451 454 455 458 463 473 
475 476 492 493 496 497 499 505 513 519 522 527 
530 531 533 534 542 543 544 545 549 550 554 555 
556 559 564 565 572 577 586 591 592 593 599 600 
601 605 606 612 616 618 623 626 635 638 639 641 
642 643 647 649 650 652 653 654 655 669 675 678 
688 693 698 699 702 704 707 709 714 717 720 725 
729 733 736 737 748 750 752 755 756 757 758 760 
762 763 764 768 772 778 780 781 788 789 793 794 
798 
222
2 7 8 9 12 14 15 17 22 25 26 31 
34 53 56 58 63 64 68 69 70 73 90 93 
97 104 107 110 111 113 118 119 120 121 122 123 
124 129 133 139 141 144 148 149 150 151 159 163 
168 172 179 180 182 189 190 194 197 200 201 204 
206 210 217 221 227 228 231 235 243 250 253 256 
259 269 271 272 273 275 277 278 280 281 283 284 
287 288 290 291 292 293 294 295 298 302 307 308 
310 312 314 317 320 324 326 327 329 331 334 336 
338 339 341 342 346 349 351 352 360 361 364 367 
368 369 373 376 381 405 406 410 411 416 418 419 
423 425 428 429 431 432 434 437 438 440 442 443 
444 446 448 449 450 452 455 462 468 474 478 488 
494 496 497 505 506 507 509 512 514 517 521 525 
543 546 552 561 567 572 584 590 591 593 596 598 
600 603 610 613 616 621 628 633 634 637 642 647 
651 653 658 662 664 668 673 684 689 695 697 701 
707 708 709 710 720 721 728 730 731 734 738 740 
764 765 777 778 789 791 
258
2 6 7 9 16 18 22 24 27 28 32 39 
44 45 46 51 52 54 62 63 66 67 68 75 
82 84 85 87 88 89 90 93 96 98 101 102 
108 110 118 119 120 121 124 128 134 137 140 142 
150 153 154 160 163 165 170 171 174 175 179 180 
184 186 187 189 199 200 214 218 220 222 225 230 
233 234 235 237 238 239 240 243 251 254 255 259 
265 267 270 278 284 288 289 290 298 302 305 307 
309 310 316 324 326 331 337 339 341 343 344 345 
346 353 355 357 361 362 363 366 367 369 370 372 
378 390 400 402 406 409 410 413 417 421 423 424 
426 431 436 437 439 441 442 443 445 450 451 453 
455 459 460 462 464 467 470 477 478 479 483 485 
489 490 492 493 497 498 500 503 505 508 510 512 
515 517 519 521 532 533 537 538 541 543 544 545 
547 552 556 558 559 564 565 569 572 574 581 583 
587 591 594 595 597 600 606 608 609 613 614 617 
620 624 626 632 634 635 637 638 642 644 654 658 
660 662 668 670 674 675 678 680 681 683 685 693 
698 700 704 705 713 717 718 732 735 736 740 741 
742 744 746 749 750 751 752 758 766 770 771 772 
780 781 784 786 797 800 
243
7 13 14 17 18 20 28 32 33 38 39 40 
58 59 60 63 64 66 74 76 78 81 86 89 
93 94 95 100 101 108 109 111 112 113 119 122 
133 134 145 149 151 152 156 159 162 164 166 170 
178 181 182 185 186 187 190 191 195 199 202 205 
208 209 212 216 217 223 227 230 231 241 242 244 
255 256 258 259 261 262 264 272 275 279 283 291 
293 296 297 298 303 309 311 312 313 314 316 321 
325 330 331 334 335 336 339 348 352 356 359 365 
372 376 378 379 380 383 384 394 395 396 397 398 
404 405 407 413 420 422 425 426 427 433 436 439 
441 442 443 446 449 451 453 457 462 466 467 468 
472 480 484 486 488 489 491 492 493 497 503 512 
516 525 533 537 542 544 546 548 552 553 554 555 
558 559 560 563 575 577 583 591 593 596 598 601 
602 604 611 613 614 619 625 632 637 640 641 642 
643 647 649 650 652 655 659 662 663 665 666 670 
672 677 678 680 692 693 694 713 714 719 722 723 
724 729 731 734 735 741 742 743 745 747 748 750 
752 754 757 758 760 762 764 768 772 780 791 793 
794 797 800 
227
2 3 15 18 23 26 38 45 50 53 57 58 
62 64 66 69 76 78 80 81 82 84 94 97 
99 102 103 104 106 107 108 110 116 118 121 130 
132 137 144 145 154 160 163 164 169 170 171 181 
183 185 192 195 201 211 213 215 220 226 227 230 
232 233 237 238 240 242 244 249 250 254 256 259 
265 272 279 282 285 290 294 296 306 309 310 311 
312 315 319 322 323 327 329 330 335 339 340 354 
356 361 362 363 367 369 370 371 378 380 381 386 
392 396 397 403 406 408 410 412 413 414 417 418 
420 428 430 437 453 457 460 465 467 471 477 479 
483 491 495 500 505 507 509 510 511 515 519 520 
530 534 542 543 544 551 553 559 561 571 577 583 
590 592 594 595 599 608 614 618 620 621 623 626 
628 632 634 642 644 646 651 654 657 660 667 669 
674 675 676 683 688 689 690 691 693 695 700 701 
702 703 705 709 710 712 715 719 721 723 725 728 
730 731 732 734 736 737 738 739 742 744 745 746 
748 749 753 754 758 759 765 775 782 785 794 
232
4 13 14 15 19 20 27 29 31 39 40 41 
42 46 55 66 67 69 74 75 77 80 91 99 
102 103 105 107 109 110 112 113 116 117 118 129 
132 134 136 138 139 142 149 150 154 163 165 169 
176 183 185 187 188 196 197 199 202 204 207 208 
209 212 218 233 235 236 238 241 243 251 252 253 
255 257 259 261 264 266 272 273 280 281 284 286 
288 290 295 296 297 298 299 302 305 310 315 316 
319 326 329 331 335 345 347 349 350 354 363 364 
366 367 369 370 378 382 389 390 394 395 400 402 
403 405 406 410 413 421 423 432 434 436 439 441 
446 447 448 454 458 467 468 469 470 473 476 478 
481 483 486 488 490 492 498 499 505 512 515 520 
532 534 538 541 543 544 546 548 553 556 557 562 
564 568 569 571 582 587 590 592 594 596 597 599 
602 609 610 615 619 621 625 635 639 643 647 651 
656 659 660 661 669 678 679 686 690 692 696 697 
698 700 702 703 706 708 713 714 716 727 732 735 
741 746 747 748 749 758 760 768 770 776 778 779 
781 787 791 795 
253
4 7 8 9 13 15 17 24 27 30 33 35 
37 38 41 47 49 55 59 62 63 64 69 72 
79 80 82 87 89 90 92 95 101 104 111 112 
115 120 123 129 132 136 142 149 154 156 157 159 
161 171 172 173 178 184 187 188 189 197 202 203 
204 208 209 211 217 218 224 226 232 237 240 241 
242 245 246 249 250 254 255 256 261 262 264 270 
274 284 292 294 296 300 302 304 307 308 313 315 
327 328 333 336 337 341 345 349 351 358 359 361 
362 367 369 374 378 381 387 390 392 393 394 396 
398 400 401 412 416 420 421 423 424 426 427 428 
431 434 436 439 444 445 446 450 455 458 461 463 
464 468 473 474 478 482 488 496 498 499 501 503 
506 508 512 513 514 519 520 521 522 525 529 530 
535 543 545 546 547 552 555 556 559 560 565 567 
568 571 573 575 576 578 580 583 585 590 594 603 
606 607 612 614 621 622 628 629 631 634 636 641 
642 644 648 652 656 659 660 671 672 673 674 676 
678 686 687 693 696 698 700 704 705 706 713 721 
725 727 728 734 736 737 738 742 743 752 753 755 
758 759 760 761 766 769 775 782 787 788 789 796 
799 
251
5 6 8 10 11 15 16 20 21 22 23 27 
33 34 35 38 39 42 44 45 46 48 49 54 
56 58 65 67 70 75 77 79 80 88 92 95 
99 101 103 104 105 107 109 110 111 112 113 115 
118 124 125 127 128 131 136 138 140 144 145 146 
147 155 163 165 167 170 172 174 177 186 187 190 
191 193 195 205 211 212 215 221 222 225 230 231 
237 239 241 244 245 259 260 269 275 276 277 281 
283 285 288 295 298 300 301 303 309 313 315 320 
321 324 326 333 338 340 345 347 349 350 352 353 
354 364 365 366 368 370 379 381 384 392 398 401 
402 409 415 416 422 423 425 427 430 431 433 436 
438 441 442 444 449 450 455 457 469 476 479 482 
487 489 490 494 498 502 504 508 509 516 517 519 
521 524 525 526 527 528 533 542 545 548 552 553 
557 559 561 564 572 574 575 578 581 582 586 591 
593 597 602 605 609 610 616 618 619 623 625 628 
632 635 636 639 642 644 652 654 656 658 659 665 
666 670 673 674 678 682 685 697 700 701 704 705 
706 709 714 715 717 720 722 730 736 741 751 758 
767 768 770 773 775 776 780 783 785 787 794 
231
2 4 5 13 14 15 16 19 27 41 47 49 
62 67 69 70 73 77 84 86 89 91 93 94 
98 99 100 105 106 109 111 120 122 123 128 130 
135 140 141 143 145 148 149 157 162 167 170 171 
177 181 182 186 188 194 196 198 202 205 206 209 
213 214 220 222 224 225 226 229 234 236 242 245 
249 253 258 261 265 268 274 275 277 278 279 282 
291 293 294 300 303 305 307 308 311 314 317 324 
325 328 329 333 342 344 351 352 353 357 362 363 
370 371 373 375 379 382 391 392 396 403 409 414 
416 418 419 425 427 430 431 434 443 445 451 453 
454 456 459 467 468 469 475 477 483 485 486 487 
489 492 500 502 508 510 511 513 522 528 531 532 
533 534 537 540 541 546 552 556 558 559 561 563 
574 575 579 587 590 592 594 596 602 603 608 612 
613 617 619 625 626 630 632 638 639 641 643 644 
645 647 657 664 669 678 679 684 685 699 703 704 
710 711 712 723 732 738 739 747 748 750 756 760 
765 768 769 772 773 774 777 778 783 787 789 792 
796 799 800 
236
9 11 13 15 17 22 24 25 26 34 42 43 
46 47 50 59 68 71 73 77 78 83 84 90 
99 112 113 115 117 118 119 127 134 135 138 140 
142 147 149 152 155 163 164 165 172 176 180 181 
192 193 198 200 201 203 206 207 213 216 217 218 
223 227 229 236 238 242 246 256 261 265 266 267 
268 270 271 273 278 283 284 290 296 301 313 315 
320 324 326 327 331 337 342 345 347 348 360 361 
364 365 370 373 376 377 379 380 389 398 400 403 
407 410 411 413 417 419 428 429 430 431 432 444 
445 446 449 450 453 454 455 457 459 461 462 464 
468 475 477 480 481 483 484 492 501 506 507 515 
516 517 520 523 527 533 539 543 547 550 553 554 
555 556 557 559 566 568 571 576 581 582 586 587 
589 593 594 597 598 607 609 617 619 620 621 622 
626 629 632 633 635 638 640 642 644 647 649 651 
655 661 663 669 670 673 676 682 684 687 689 690 
692 696 697 701 711 714 715 719 720 724 725 726 
728 730 735 736 743 749 750 752 754 756 760 771 
776 782 784 785 788 789 797 800 
219
3 6 11 13 18 21 25 36 43 44 47 58 
63 65 67 71 72 73 74 85 89 94 98 109 
112 114 121 128 132 135 138 140 148 153 159 167 
168 169 170 171 175 177 178 185 186 190 193 203 
207 210 211 212 215 217 218 219 222 227 230 231 
235 236 237 245 246 248 249 250 253 254 256 260 
264 271 273 276 278 282 283 286 288 290 293 294 
298 300 306 312 313 319 324 326 327 331 332 336 
340 343 344 349 358 360 365 366 367 372 379 380 
385 387 396 397 399 401 406 414 416 419 420 422 
423 425 426 430 431 432 433 435 436 442 444 445 
447 463 468 470 476 480 488 489 492 496 497 499 
500 501 502 503 504 507 512 516 519 524 529 530 
534 535 536 543 546 551 553 555 557 559 566 570 
574 579 582 585 587 589 594 605 609 623 645 651 
659 667 674 677 678 679 683 684 686 687 692 698 
703 704 706 707 712 714 719 721 723 731 736 737 
741 743 747 748 751 752 757 759 761 762 764 776 
782 785 793 
264
2 3 4 7 14 16 17 20 21 24 31 33 
38 40 43 46 49 50 58 62 64 66 67 69 
78 79 81 82 83 84 87 89 96 100 101 105 
106 114 119 126 127 131 142 143 145 148 150 151 
152 153 156 157 158 161 164 165 166 168 170 173 
181 183 184 188 189 197 207 213 215 217 222 224 
231 232 234 238 239 240 241 247 253 260 262 263 
266 270 271 272 278 280 281 284 287 294 303 306 
307 312 313 319 322 329 332 334 338 348 350 353 
355 360 361 368 371 375 376 377 378 380 382 385 
386 392 397 401 407 410 414 417 418 420 422 427 
428 430 433 434 435 438 440 443 445 454 458 460 
461 462 465 467 469 470 471 472 474 477 478 479 
483 485 486 488 489 493 496 498 500 503 505 506 
509 511 517 519 521 524 527 539 547 548 554 558 
559 562 563 564 566 567 578 581 582 584 587 591 
597 602 603 604 609 616 617 618 619 621 622 624 
629 630 631 632 634 637 639 643 645 653 654 657 
659 662 663 665 669 671 673 676 680 684 689 691 
694 696 698 701 704 706 712 713 715 721 723 726 
727 736 737 740 741 743 745 748 751 759 765 772 
776 777 779 780 781 785 787 788 790 791 792 794 
229
1 3 4 8 18 21 23 24 31 38 46 48 
51 55 57 59 70 73 78 79 91 92 95 102 
108 109 115 120 125 128 132 139 144 147 151 156 
160 164 166 167 168 176 178 179 180 183 185 191 
200 201 220 223 230 232 235 238 240 241 245 246 
247 248 252 255 260 264 274 275 278 281 283 284 
287 289 290 291 292 315 318 321 322 330 338 342 
344 347 354 369 371 374 375 379 382 391 393 394 
402 407 408 409 411 412 413 414 419 420 423 431 
432 436 440 441 443 444 445 448 449 451 454 460 
467 469 472 476 481 483 486 489 490 495 496 497 
505 506 508 509 514 516 524 526 531 532 536 539 
540 541 543 547 551 555 556 561 562 565 569 572 
573 574 577 579 583 588 590 597 605 610 613 614 
618 621 622 623 630 637 641 642 643 646 647 656 
657 660 661 663 664 666 667 671 673 675 678 684 
691 696 701 702 704 708 713 716 720 722 725 728 
730 732 733 734 741 745 748 752 754 757 759 760 
762 763 767 772 774 776 778 780 782 785 786 795 
797 
224
4 5 7 9 11 14 15 24 26 29 34 35 
39 43 51 53 54 60 61 69 78 88 90 93 
94 95 97 98 109 112 117 120 123 124 127 130 
133 134 136 141 142 144 149 150 156 157 158 159 
160 163 164 167 180 181 188 189 192 194 197 200 
201 206 210 211 216 218 219 225 227 228 231 234 
238 241 243 254 255 258 259 261 264 265 271 273 
274 276 281 287 291 292 295 296 300 304 305 306 
307 308 311 312 313 318 323 335 336 339 340 347 
349 354 362 367 370 377 378 382 386 389 392 393 
407 408 409 414 415 419 422 424 431 433 434 435 
436 441 448 454 456 458 460 463 468 469 473 476 
480 484 489 491 495 501 504 506 507 513 516 522 
527 529 533 542 547 550 552 554 555 556 565 579 
582 583 584 585 590 592 594 597 600 602 609 618 
619 622 624 625 627 633 634 641 645 651 653 655 
664 666 672 673 677 678 698 699 703 707 711 716 
726 729 742 743 747 751 755 764 767 769 774 776 
783 785 788 791 793 794 798 800 
248
3 6 8 13 14 15 16 20 23 26 30 38 
40 42 43 45 46 49 53 54 56 58 61 67 
69 70 71 75 78 84 86 87 88 91 92 95 
96 97 106 110 114 115 117 119 120 123 125 126 
130 139 142 144 146 148 158 160 164 171 174 176 
177 180 188 190 194 196 200 201 203 209 210 211 
212 215 219 220 223 227 228 230 232 233 234 235 
236 237 240 243 245 247 248 251 256 260 262 263 
264 265 266 270 274 276 280 281 285 286 287 290 
293 296 297 299 303 304 305 308 318 321 325 328 
329 333 348 353 369 371 378 379 384 386 392 397 
398 399 410 414 419 420 422 423 426 428 432 434 
435 437 441 444 445 446 448 449 454 455 461 462 
463 464 467 469 470 471 475 478 482 484 485 491 
492 495 498 500 502 503 508 509 510 519 526 530 
534 535 540 543 545 551 552 556 560 570 578 581 
582 585 593 598 601 602 606 611 616 637 644 649 
650 654 656 659 661 662 670 671 672 673 675 680 
682 684 686 691 697 705 706 707 708 709 721 730 
731 732 736 738 739 742 744 747 757 758 762 763 
772 773 785 786 788 790 793 796 
219
4 11 12 14 15 19 20 22 25 31 34 36 
37 41 45 46 48 55 59 61 71 74 83 89 
90 94 95 100 101 116 117 118 119 120 129 130 
137 139 140 141 144 146 148 153 157 159 161 166 
167 168 174 175 176 177 179 184 190 191 195 197 
202 203 209 212 214 215 224 225 227 234 239 246 
257 262 265 273 277 282 284 285 292 296 297 302 
305 317 318 322 328 338 340 344 345 358 360 361 
362 364 365 369 375 377 380 387 388 389 391 394 
397 403 405 410 411 420 422 424 427 432 435 440 
442 447 449 451 457 459 462 464 470 474 476 477 
481 486 491 492 496 501 504 506 510 511 512 515 
520 521 529 533 540 543 544 553 554 557 561 568 
571 572 573 579 584 589 591 593 597 598 600 609 
614 617 619 625 627 629 637 647 648 652 653 663 
665 667 668 669 671 674 677 679 680 681 683 691 
702 704 705 717 718 720 724 725 726 730 731 734 
741 751 752 766 767 768 769 770 773 776 781 786 
796 798 799 
235
7 10 11 12 13 17 20 25 26 29 30 31 
33 41 42 49 55 56 58 63 65 68 72 79 
87 89 102 106 109 110 114 116 118 120 126 129 
132 134 136 137 139 141 142 143 144 151 152 156 
158 160 163 171 172 177 184 185 189 191 196 197 
201 208 209 211 212 213 215 222 225 226 232 234 
236 242 244 245 248 252 254 272 282 284 285 286 
289 291 297 298 301 306 307 316 320 336 343 347 
348 350 353 356 359 360 364 366 368 375 378 381 
382 384 385 403 404 406 408 410 411 416 417 418 
420 423 427 430 437 446 452 455 459 463 465 467 
468 469 470 472 476 477 479 480 484 494 498 499 
501 503 504 505 509 510 511 524 525 526 527 528 
536 540 541 545 549 550 551 555 558 560 565 566 
567 569 570 572 573 574 581 592 601 606 607 608 
609 612 617 622 624 625 629 631 632 633 640 642 
650 651 654 655 662 663 665 667 673 674 691 692 
693 694 700 706 710 712 714 715 717 720 721 724 
725 730 732 736 739 745 746 747 753 760 767 768 
770 771 773 777 781 789 798 
220
2 3 4 6 7 8 12 14 19 22 25 32 
41 51 54 60 62 64 67 68 69 75 80 86 
90 96 97 99 102 103 105 106 109 110 119 121 
131 132 134 137 139 141 142 145 147 149 155 162 
165 166 169 170 174 189 190 192 193 197 204 206 
208 214 217 218 220 221 222 223 230 232 237 240 
242 246 249 256 260 268 269 279 282 287 295 303 
308 311 312 318 319 320 322 323 325 329 335 336 
339 340 342 343 344 346 349 353 354 361 363 370 
378 383 386 396 397 398 400 401 403 405 413 417 
418 421 422 423 424 427 429 432 435 437 438 441 
442 443 446 447 449 455 457 458 461 462 464 470 
476 477 481 486 493 494 495 497 500 502 509 514 
515 518 528 529 532 533 535 539 540 544 551 555 
558 559 579 584 595 598 603 604 605 608 610 611 
622 628 636 642 647 650 651 657 661 667 668 672 
687 699 700 715 716 717 719 721 723 725 726 733 
735 740 742 743 755 757 759 761 768 770 771 783 
784 793 796 797 
256
1 5 9 10 15 17 21 22 27 28 30 38 
44 51 56 71 75 78 81 88 93 96 98 99 
101 102 105 106 112 113 114 115 117 118 121 122 
126 132 135 136 140 149 150 151 152 154 155 160 
167 173 175 177 183 184 185 190 192 194 198 200 
201 202 206 210 211 214 215 218 219 225 230 232 
233 243 245 246 255 256 257 258 260 262 267 268 
272 277 278 280 281 286 289 290 291 293 295 296 
299 309 312 315 321 326 331 333 335 336 338 339 
342 345 351 360 361 362 363 364 365 368 372 383 
384 386 392 394 395 396 400 401 402 408 413 415 
416 417 418 422 430 431 435 439 441 454 455 456 
462 464 465 468 471 480 482 494 500 502 503 504 
506 511 512 513 515 519 520 521 522 525 526 529 
532 533 534 536 540 541 542 545 556 559 560 561 
562 564 565 566 569 573 581 584 589 598 599 600 
601 603 607 608 611 616 617 619 621 623 625 636 
637 638 644 646 651 652 655 657 658 660 662 668 
669 672 675 677 680 682 686 688 690 696 697 698 
702 704 714 715 721 723 731 737 742 746 753 758 
764 765 766 767 769 770 772 777 779 781 787 790 
791 795 797 800 
235
1 4 6 7 9 12 21 26 32 34 35 37 
40 41 43 44 48 52 55 60 62 67 70 78 
81 82 84 85 86 88 95 97 98 103 105 107 
108 111 113 118 119 124 126 127 129 137 138 153 
154 155 164 165 167 171 175 187 188 190 191 197 
200 202 207 208 217 218 219 221 230 235 236 238 
241 244 252 255 256 258 260 263 268 271 273 275 
279 285 286 287 293 295 297 298 300 302 305 311 
315 322 323 325 333 334 336 337 340 347 352 353 
358 362 365 366 370 375 379 381 388 389 399 400 
404 408 415 417 418 419 422 425 426 432 433 435 
437 438 442 445 447 449 451 452 456 458 469 478 
479 480 481 482 487 495 501 504 505 510 513 515 
523 526 528 529 530 533 538 539 544 549 553 560 
564 566 573 582 588 589 591 593 594 595 598 600 
603 606 611 612 618 619 621 624 626 628 632 637 
640 644 648 657 659 663 674 675 685 691 693 694 
695 698 701 702 706 719 720 722 726 731 746 747 
749 750 751 753 763 764 770 776 777 778 780 781 
784 785 790 793 795 797 799 
232
1 2 3 7 14 16 26 28 30 32 33 37 
45 51 53 54 57 63 65 70 74 77 88 92 
98 102 104 105 107 115 117 126 128 133 136 138 
141 142 143 145 146 153 159 163 165 169 170 173 
174 180 181 183 189 190 194 195 201 202 203 205 
216 227 228 229 230 234 238 239 241 246 248 249 
253 254 269 274 279 283 284 288 292 293 296 298 
300 309 314 319 320 321 324 325 328 332 338 349 
350 351 355 356 369 373 378 379 383 387 390 392 
396 398 408 412 413 421 422 423 424 426 428 429 
431 432 433 436 438 441 443 454 459 461 463 464 
466 472 474 476 482 483 488 492 496 497 498 503 
508 512 517 518 521 522 523 530 532 533 535 538 
541 544 545 547 548 556 557 559 561 572 575 576 
581 583 585 593 607 610 614 616 619 620 628 630 
632 634 635 638 641 642 644 645 652 653 659 660 
663 675 679 682 689 693 694 697 700 701 705 706 
707 708 710 717 718 724 725 726 737 740 742 743 
748 750 755 757 760 762 771 776 779 786 787 788 
790 793 794 800 
240
3 10 15 16 17 20 22 28 30 34 36 45 
46 47 51 52 53 55 58 59 60 62 64 65 
69 70 72 74 77 79 82 83 87 95 96 100 
101 115 117 118 121 124 126 128 144 146 154 155 
157 162 164 165 169 177 181 182 183 185 194 196 
205 206 213 214 220 223 229 234 235 237 239 240 
247 248 250 251 252 258 259 267 271 272 273 274 
277 279 280 289 294 296 300 305 307 309 314 318 
319 320 323 326 328 331 336 339 345 348 349 354 
358 359 367 368 372 376 378 380 381 387 397 400 
401 410 414 416 417 418 420 421 423 425 426 427 
428 431 434 435 439 442 446 448 449 451 456 458 
461 462 475 480 484 485 489 491 496 497 502 503 
506 508 510 513 517 518 522 525 532 536 537 540 
543 544 545 546 549 550 560 564 565 566 568 569 
571 591 594 599 605 606 607 610 612 617 619 623 
627 633 637 642 643 645 654 655 660 662 664 665 
669 674 678 679 680 683 691 695 696 699 700 701 
717 720 723 727 741 746 750 754 759 763 764 765 
767 769 772 774 775 778 779 780 786 788 789 798 
237
7 9 13 19 23 24 27 31 36 37 46 47 
53 57 60 64 65 69 70 74 76 77 88 91 
100 103 104 109 111 112 115 122 128 131 132 136 
139 144 150 152 154 155 169 172 177 181 182 186 
188 190 193 194 195 203 204 206 224 226 229 233 
234 249 251 254 258 259 266 267 270 274 279 282 
289 294 296 297 302 307 310 311 312 314 316 317 
319 322 323 326 329 335 336 337 338 339 341 347 
348 349 351 353 357 360 362 363 366 367 368 372 
373 376 378 380 383 388 390 391 392 396 400 402 
404 407 411 412 416 420 422 423 425 427 428 429 
430 432 435 441 447 454 455 459 460 465 466 467 
468 469 472 474 476 477 479 480 483 484 486 493 
495 501 507 514 523 529 532 533 534 538 541 542 
543 545 547 549 550 552 553 554 570 580 581 585 
586 587 589 591 597 599 603 605 606 608 609 610 
615 617 620 625 627 629 641 642 644 649 655 657 
665 666 671 682 685 686 687 689 692 696 697 699 
704 712 713 714 715 721 723 729 735 743 756 757 
758 763 766 767 768 778 795 797 798 
259
3 4 5 6 12 14 15 18 27 28 33 35 
36 37 40 41 43 44 53 56 57 59 60 63 
64 67 73 74 83 88 89 90 92 101 112 115 
116 118 120 122 124 129 134 135 137 138 153 154 
156 157 161 168 170 174 178 179 180 185 186 190 
193 195 196 199 202 204 208 213 216 218 223 225 
226 231 238 240 244 245 246 247 249 252 254 255 
266 267 269 270 273 277 278 279 280 282 286 296 
302 305 310 312 313 321 325 326 327 329 338 341 
344 349 351 353 355 358 362 363 370 373 374 380 
381 387 392 394 397 401 403 410 413 415 418 423 
424 429 430 431 432 433 435 437 442 446 447 448 
450 451 456 457 459 464 468 471 474 475 479 480 
482 483 484 488 490 493 498 501 507 510 511 512 
516 518 519 521 522 523 528 531 537 538 541 546 
550 551 552 555 558 562 564 568 569 570 572 574 
577 581 582 584 585 590 591 593 598 599 605 607 
609 615 616 621 623 627 633 634 635 639 640 641 
646 647 648 651 663 675 678 680 682 685 688 691 
694 697 698 705 706 710 711 715 722 728 732 734 
736 737 738 741 748 756 759 760 765 768 769 771 
779 780 781 784 789 790 791 
237
1 5 11 13 20 23 25 28 31 36 38 42 
45 46 48 50 52 57 58 61 64 68 71 75 
78 82 85 87 88 90 96 99 100 103 105 106 
107 109 112 138 142 144 145 156 158 160 163 173 
175 176 178 182 183 185 186 187 194 196 199 200 
203 204 207 211 215 218 219 224 225 228 229 231 
232 233 234 237 244 246 251 253 260 262 263 264 
265 268 272 275 281 283 284 286 290 295 296 299 
300 302 304 306 309 313 314 315 317 318 319 325 
334 335 344 349 352 355 364 369 373 383 384 386 
391 393 401 403 404 405 413 420 436 439 444 454 
460 462 463 466 467 469 471 479 482 487 489 490 
491 495 498 499 500 504 507 510 512 514 523 531 
536 540 541 544 547 548 555 560 563 567 568 569 
570 575 579 585 594 595 602 604 605 606 610 613 
614 620 623 626 628 629 633 636 638 639 641 644 
646 647 648 651 654 657 662 664 665 676 683 687 
688 692 693 694 700 705 707 710 714 720 722 727 
733 736 739 740 741 750 758 759 760 768 769 770 
773 778 780 783 785 788 793 794 797 
242
15 23 30 34 36 39 43 46 49 51 53 54 
57 60 61 62 67 72 75 76 79 82 86 88 
94 96 98 102 103 104 108 109 110 112 113 126 
131 133 134 137 139 142 143 145 147 148 149 152 
153 157 158 159 161 165 166 167 168 170 175 179 
182 187 194 199 205 207 208 211 214 215 217 225 
227 231 233 234 236 238 243 244 245 246 247 253 
254 257 277 281 283 288 290 291 294 299 301 302 
310 317 318 322 323 324 336 337 342 343 344 352 
355 361 363 364 365 366 367 368 374 375 378 382 
384 385 386 388 396 398 399 405 406 411 413 414 
415 423 425 427 437 440 444 453 454 457 460 463 
468 469 470 473 483 484 492 500 501 503 507 511 
513 514 524 526 531 532 534 535 536 537 540 541 
542 550 560 561 562 563 564 571 576 577 579 580 
582 585 589 590 597 598 599 601 603 607 611 612 
623 627 631 637 638 639 645 649 653 659 660 663 
664 666 670 675 679 682 693 699 700 702 709 711 
717 719 721 730 734 736 737 740 746 748 749 755 
756 757 760 761 765 766 767 773 777 779 788 792 
793 795 
224
2 17 21 23 29 30 33 34 37 41 46 47 
48 53 56 60 61 62 65 77 79 81 83 84 
87 93 99 101 105 109 112 113 117 120 133 134 
135 136 145 146 149 154 156 157 163 168 179 184 
190 194 196 197 199 201 205 212 213 215 218 231 
235 236 238 241 245 246 249 250 252 255 260 261 
264 265 266 274 277 278 279 282 283 285 293 294 
298 299 300 302 304 306 307 308 312 314 317 323 
325 327 333 335 336 339 343 346 354 355 357 359 
363 377 385 388 392 393 394 396 397 402 404 405 
407 410 412 413 415 416 418 421 425 429 438 445 
447 449 464 469 473 478 479 485 486 489 495 503 
507 513 527 529 533 538 540 543 549 551 555 556 
558 560 561 563 564 565 575 581 583 590 592 595 
598 599 601 608 612 616 619 621 622 623 627 630 
631 633 635 639 646 651 663 667 671 672 677 680 
685 687 689 690 691 697 701 713 714 715 716 721 
726 730 731 736 737 740 744 746 754 758 777 778 
781 782 783 784 788 794 796 797 
249
2 4 7 8 10 12 13 15 16 18 21 28 
32 36 39 41 43 44 47 48 49 50 52 53 
55 70 78 79 80 82 83 84 87 88 91 92 
93 97 101 105 110 115 118 120 122 124 131 133 
138 144 145 146 148 150 151 154 156 161 162 164 
166 167 171 178 183 184 186 187 194 198 200 201 
203 205 206 209 212 215 216 218 219 221 227 229 
238 239 245 250 253 259 274 281 283 288 289 291 
298 303 304 306 307 308 309 315 321 325 326 327 
333 334 343 346 348 353 354 355 356 357 358 365 
366 373 376 377 381 382 394 399 403 405 411 413 
414 420 422 423 424 428 432 439 443 444 445 447 
453 454 456 458 459 462 465 472 491 494 496 501 
507 511 519 523 525 527 530 531 533 535 536 540 
544 545 546 555 557 569 570 577 578 581 590 591 
596 597 598 600 602 604 611 612 613 615 616 617 
619 623 627 629 630 636 637 641 642 643 646 649 
651 652 655 656 660 661 665 668 671 676 678 685 
692 693 696 699 700 711 712 715 719 726 727 728 
729 734 736 737 738 739 744 751 754 757 763 769 
772 774 776 778 780 791 792 799 800 
231
4 5 6 9 21 23 26 27 31 32 33 34 
39 42 43 59 61 65 67 69 71 75 84 86 
95 96 97 100 101 104 105 110 115 125 126 127 
134 139 141 144 148 149 150 152 153 155 159 161 
163 165 166 174 179 183 191 192 194 195 197 202 
203 206 207 208 225 230 231 233 235 238 242 243 
249 251 254 258 259 261 262 264 265 272 281 285 
286 299 300 302 304 305 308 310 311 315 318 319 
322 323 351 357 358 368 379 384 385 387 390 396 
398 399 400 402 403 406 412 415 416 417 418 420 
423 427 432 436 437 441 443 444 445 450 452 455 
456 457 458 463 465 472 477 481 486 490 491 494 
495 497 503 506 508 511 512 513 518 521 523 532 
555 556 557 561 573 575 579 593 599 601 603 605 
606 607 608 614 617 621 625 626 630 631 634 636 
640 645 646 651 652 655 657 659 660 664 669 674 
676 677 681 682 687 689 693 695 700 703 704 710 
715 716 717 718 726 735 736 744 746 747 748 750 
753 759 760 764 772 774 777 778 779 787 790 792 
795 797 798 
237
1 5 11 13 17 20 26 27 28 30 31 33 
35 44 51 59 60 61 62 73 80 81 86 98 
100 102 110 117 120 122 125 138 139 141 145 147 
153 154 156 158 162 173 184 185 189 192 207 214 
216 220 229 231 235 239 240 241 242 246 249 251 
261 262 277 278 279 280 281 284 286 292 295 297 
299 301 302 305 307 309 310 312 315 316 320 324 
331 332 334 336 341 342 343 347 348 351 354 355 
358 360 365 369 372 380 382 385 389 397 402 404 
405 406 407 408 412 413 416 417 423 425 426 427 
430 431 435 438 442 443 447 454 459 461 464 465 
466 474 475 476 478 479 482 484 485 493 501 503 
510 515 521 524 526 528 531 538 540 541 542 543 
546 548 549 551 552 553 558 564 569 573 576 579 
580 582 583 584 586 587 590 592 593 597 598 599 
606 607 612 619 623 627 628 637 641 642 643 644 
652 657 660 661 668 677 681 690 693 695 702 703 
705 706 707 708 710 712 713 714 717 719 721 731 
732 733 736 740 746 750 752 753 758 764 768 773 
775 779 781 784 788 789 790 793 794 
249
13 14 17 19 26 27 30 34 37 39 43 44 
46 47 49 57 63 64 65 66 67 70 71 72 
73 75 81 90 95 96 103 104 105 108 109 111 
112 113 115 117 119 121 130 132 134 136 137 141 
142 145 148 153 156 160 162 167 168 169 171 172 
175 180 181 183 184 186 189 192 195 196 197 200 
201 202 208 212 217 218 220 221 222 226 229 239 
241 256 260 261 264 265 268 269 271 274 276 279 
280 287 289 293 298 302 309 318 320 324 330 331 
335 340 342 345 351 355 359 363 364 365 366 367 
368 369 376 377 381 398 400 406 408 411 420 424 
431 444 450 456 459 465 467 468 470 472 474 479 
483 486 488 490 496 497 499 505 506 507 512 513 
515 516 519 520 521 523 525 531 534 539 545 546 
552 554 556 558 559 560 565 571 572 575 577 578 
580 582 583 584 585 595 597 599 601 606 607 608 
609 613 614 622 624 630 634 636 637 644 648 653 
654 656 666 667 671 673 685 686 687 688 689 690 
696 699 700 703 705 709 711 713 715 723 727 729 
734 739 747 749 753 755 759 762 768 769 770 771 
773 774 780 782 788 795 796 799 800 
247
6 8 16 17 23 29 31 32 34 39 45 49 
50 57 58 59 63 69 70 73 74 76 83 92 
93 94 97 103 108 111 113 114 120 125 126 127 
128 133 135 136 139 144 151 156 158 162 164 170 
171 174 176 178 180 181 182 186 187 189 190 194 
199 200 202 205 226 228 231 232 248 250 252 253 
254 257 258 259 261 270 273 277 278 289 290 291 
292 293 294 296 299 301 302 312 315 318 320 325 
326 334 336 337 342 343 345 346 348 349 351 362 
364 369 371 372 376 378 380 381 384 386 395 396 
397 399 410 412 413 421 422 424 425 428 429 437 
439 444 445 446 449 451 452 454 455 457 461 465 
466 469 478 482 483 494 498 500 505 506 507 512 
515 517 518 526 533 535 536 538 539 541 549 554 
555 557 561 566 570 577 578 579 580 581 583 584 
586 590 592 596 607 609 610 612 615 617 618 620 
621 624 633 636 639 640 643 644 645 648 649 650 
652 653 660 664 668 669 670 671 672 673 676 678 
679 680 684 690 696 700 702 713 714 719 724 728 
730 733 734 737 740 744 745 746 750 751 753 755 
756 759 765 776 780 782 797 
235
5 8 10 11 15 17 21 27 28 32 34 37 
40 42 51 57 61 63 68 71 76 77 78 80 
85 86 95 102 103 106 109 115 124 126 129 132 
133 134 135 140 148 149 151 155 156 160 161 164 
166 175 178 179 180 181 182 183 184 191 199 201 
202 206 207 208 209 212 213 223 231 234 240 241 
243 251 258 260 264 269 272 273 283 284 288 291 
296 300 301 302 303 306 315 319 322 324 326 327 
328 329 330 338 339 342 343 345 346 354 355 356 
359 371 372 374 378 385 397 398 401 402 405 417 
423 429 430 434 448 456 458 472 474 475 478 483 
485 488 491 494 501 507 510 513 518 519 526 527 
532 538 543 544 546 550 551 552 553 554 558 560 
562 566 570 571 575 577 580 581 584 588 590 591 
598 600 601 607 614 616 621 632 633 634 635 636 
637 638 640 642 643 644 647 650 659 660 661 666 
671 673 680 682 683 684 685 695 698 702 703 709 
718 719 731 732 734 735 736 738 745 746 749 751 
754 755 757 758 761 762 765 769 772 774 776 778 
786 789 793 795 797 798 800 
244
1 4 5 6 7 11 12 13 14 15 20 24 
25 26 27 35 36 40 50 54 55 56 61 65 
69 73 74 79 82 83 85 86 88 90 92 93 
95 97 98 99 103 104 109 117 119 121 123 125 
130 135 136 141 150 156 158 164 167 169 171 177 
178 187 190 194 197 199 203 205 206 209 211 217 
220 227 228 230 232 234 235 238 239 241 255 256 
258 259 260 261 266 267 272 280 283 284 285 287 
291 293 298 299 300 303 305 308 310 316 319 320 
321 323 330 333 334 336 337 342 347 349 354 364 
366 370 376 377 378 379 384 388 400 403 408 410 
412 414 418 423 426 427 428 429 431 432 433 434 
438 441 444 453 456 460 465 467 468 469 475 476 
479 480 481 482 487 490 495 498 500 511 513 516 
524 529 530 531 540 541 546 548 549 550 555 557 
566 567 568 569 572 575 576 582 584 586 587 592 
594 596 598 599 604 606 609 616 621 622 629 630 
636 640 644 647 656 659 665 666 671 673 678 688 
690 691 698 702 703 708 734 737 740 745 746 751 
754 755 756 764 765 768 771 772 773 777 778 780 
785 789 790 798 
247
2 11 14 17 19 20 21 22 23 24 27 30 
32 37 38 39 47 49 50 52 63 64 66 70 
75 76 77 78 81 85 89 94 99 102 103 104 
107 108 111 113 117 120 121 129 130 131 135 137 
140 144 149 150 152 154 155 159 160 164 165 168 
170 171 175 177 180 181 182 184 185 187 189 191 
192 194 206 207 209 212 213 219 226 227 228 229 
233 234 235 238 242 246 247 248 251 254 255 256 
257 261 268 271 272 275 283 291 294 302 304 305 
307 311 318 319 326 335 338 342 343 344 347 350 
351 355 357 371 377 381 385 397 401 402 405 408 
412 420 429 431 432 434 440 442 445 452 455 456 
457 464 465 466 468 475 484 486 489 491 495 498 
500 504 521 522 527 530 531 532 534 535 540 542 
543 547 550 552 553 554 560 561 564 565 568 570 
572 577 578 579 581 582 588 589 596 598 600 601 
603 605 609 616 620 625 643 644 646 648 649 650 
656 657 660 661 666 670 671 672 680 684 687 690 
693 694 697 699 702 708 710 717 721 724 729 733 
734 736 739 741 742 743 750 753 755 756 760 774 
776 779 780 782 791 793 796 
245
1 2 6 7 8 13 15 17 20 23 25 27 
28 33 37 39 47 49 51 59 60 63 70 72 
73 83 89 91 96 99 103 108 111 113 117 121 
123 126 134 136 137 141 144 149 151 152 164 167 
175 182 185 186 190 197 200 201 210 211 213 215 
218 227 229 232 234 236 240 244 248 253 254 256 
258 260 263 271 274 276 281 283 284 289 294 297 
299 303 304 312 314 316 318 322 329 333 335 337 
338 340 348 349 355 358 359 365 366 369 370 378 
382 385 388 391 392 407 408 413 417 419 421 422 
428 431 434 436 443 447 450 453 455 462 463 465 
469 473 475 481 482 488 490 494 495 503 504 508 
515 516 519 522 527 531 532 533 534 535 536 538 
539 541 542 544 545 552 560 562 565 568 570 574 
582 583 584 585 590 592 594 595 597 598 599 602 
607 608 609 613 614 615 621 623 627 628 630 631 
637 642 644 650 653 654 657 666 670 674 676 679 
682 684 685 688 691 693 696 701 704 707 714 715 
718 719 721 722 724 728 729 732 733 736 743 746 
747 749 751 752 760 763 765 768 770 772 778 780 
784 786 791 792 793 
225
1 5 8 15 16 19 20 21 26 27 28 34 
43 45 48 51 60 61 66 74 75 76 77 81 
82 86 90 94 98 102 121 122 124 125 128 138 
139 148 152 155 156 158 163 165 167 175 177 182 
183 188 189 193 201 204 205 210 215 216 217 222 
233 234 239 241 242 248 256 257 258 262 263 274 
282 294 298 304 305 309 318 323 332 338 345 349 
351 353 355 356 357 360 361 363 364 368 374 377 
379 384 388 391 394 400 408 412 417 420 423 425 
426 429 430 434 437 439 440 442 448 450 456 457 
458 460 462 463 464 469 470 471 472 473 474 478 
479 480 481 482 484 486 487 493 495 496 504 505 
507 509 515 520 530 531 534 535 536 537 538 539 
540 543 546 547 550 558 560 567 570 573 576 578 
582 583 585 586 594 596 599 605 614 615 618 620 
627 633 637 643 646 647 649 650 656 657 666 667 
669 673 675 683 684 696 697 699 702 708 715 722 
723 730 736 738 740 741 743 746 749 750 761 769 
771 775 779 781 788 790 794 797 800 
238
9 11 18 20 22 24 28 44 45 48 49 53 
54 55 57 60 65 67 68 72 73 74 76 79 
81 84 87 90 93 94 97 100 103 104 105 109 
110 113 114 117 119 120 128 133 134 135 137 139 
144 145 147 152 153 165 166 173 175 179 181 182 
183 186 193 197 198 199 202 204 205 207 214 224 
225 230 233 235 241 245 248 259 262 272 273 274 
279 290 291 294 301 303 311 315 317 319 320 323 
333 337 340 341 345 346 350 351 352 353 354 356 
360 362 363 367 368 369 371 373 376 384 389 390 
393 401 404 405 406 409 412 416 417 418 419 425 
430 431 436 439 440 445 446 447 448 451 455 461 
462 464 465 468 470 471 472 478 479 482 483 488 
491 497 501 502 504 507 508 511 513 515 518 519 
520 524 525 528 530 536 544 553 564 565 566 575 
586 594 597 603 607 611 615 619 620 624 625 635 
636 643 647 650 655 658 660 664 666 668 671 672 
679 686 687 688 693 695 698 699 700 701 703 708 
709 716 720 721 726 731 733 737 740 745 748 761 
771 779 780 782 786 793 794 796 798 799 
227
5 6 7 8 10 11 14 23 24 25 29 31 
33 34 36 37 39 41 50 51 53 54 59 63 
64 67 81 83 85 88 89 92 93 95 103 108 
114 117 118 122 123 126 128 129 132 144 145 147 
148 154 159 160 175 176 181 185 187 189 191 193 
199 203 206 212 215 216 222 226 227 229 231 234 
238 241 244 245 247 255 257 259 260 262 267 269 
273 276 281 287 289 290 305 311 314 315 325 326 
328 329 337 350 351 353 354 355 358 359 364 365 
367 369 373 375 376 377 378 381 383 387 391 393 
395 397 401 402 411 413 414 415 416 418 420 422 
427 428 435 437 438 443 444 446 452 453 457 462 
479 486 490 496 497 499 508 511 515 516 519 522 
531 532 536 538 546 547 556 561 562 563 565 569 
576 579 582 584 585 589 599 602 616 619 620 621 
626 629 633 641 645 646 647 650 657 661 669 672 
675 680 683 685 688 703 711 712 721 722 725 730 
732 735 740 741 744 747 757 761 762 763 764 767 
773 774 775 778 782 784 786 788 789 792 794 
227
6 11 23 25 28 30 33 34 37 41 44 47 
51 52 55 57 59 60 62 64 68 71 72 76 
78 88 90 92 95 98 100 102 108 111 113 115 
117 120 135 137 142 144 145 148 153 154 159 164 
171 173 177 180 181 184 186 215 217 223 225 226 
228 231 234 236 237 240 244 253 254 257 259 261 
262 263 265 268 270 271 277 284 287 288 293 295 
296 299 304 310 316 320 323 325 327 335 336 337 
342 347 348 353 357 358 365 367 372 373 380 382 
383 385 386 388 399 403 412 414 417 420 424 426 
432 435 439 443 444 448 449 452 456 457 458 461 
465 467 468 476 482 485 489 499 503 504 507 512 
514 516 518 524 527 533 534 539 541 544 545 549 
553 557 562 571 575 578 582 583 587 588 592 595 
596 602 605 613 617 618 628 629 636 640 644 646 
651 652 658 659 672 675 681 682 691 697 698 704 
709 710 712 713 714 715 716 718 721 722 724 725 
727 732 734 738 739 742 747 748 749 750 753 754 
756 757 759 762 765 766 773 788 795 799 800 
239
9 13 18 20 27 30 31 34 36 37 38 39 
40 47 49 52 57 59 61 62 64 72 75 76 
78 79 85 88 97 100 102 116 121 126 128 140 
144 147 148 155 156 157 164 166 167 171 172 178 
179 181 184 186 190 191 192 194 195 206 208 213 
215 219 220 225 226 234 235 237 239 240 245 246 
251 252 254 258 260 261 264 266 267 270 273 279 
284 290 292 294 295 298 299 300 302 305 310 314 
319 322 325 328 329 331 334 339 341 342 343 350 
353 358 362 367 369 373 374 375 379 384 387 393 
400 402 407 408 410 414 415 423 428 429 431 433 
439 440 442 443 450 452 454 458 459 460 463 465 
470 474 476 482 485 487 492 496 500 501 505 508 
510 514 515 516 517 522 537 543 549 554 555 556 
559 560 561 566 567 570 575 578 579 587 591 593 
594 596 606 613 615 616 622 627 629 635 644 646 
650 653 656 659 662 672 674 676 679 680 681 682 
685 686 687 688 689 690 696 699 700 704 707 710 
714 720 725 726 727 732 735 740 745 746 749 753 
760 761 768 769 771 780 784 786 796 799 800 
248
3 4 6 8 10 11 12 15 19 20 21 24 
25 28 29 31 33 36 41 45 46 47 48 49 
52 53 54 55 57 60 67 78 80 81 87 90 
91 92 98 103 104 105 116 118 122 131 132 134 
139 149 163 166 172 176 178 179 184 186 189 190 
191 193 194 197 202 204 205 208 209 212 213 215 
217 219 220 222 223 225 226 236 242 245 248 253 
257 258 263 269 271 275 285 296 300 301 302 304 
307 309 311 315 317 320 322 326 328 329 331 332 
339 340 341 343 347 348 363 365 367 369 370 373 
378 382 388 390 393 394 396 407 408 409 414 417 
418 419 422 429 431 432 437 439 442 447 448 449 
451 456 457 463 469 471 472 475 478 480 482 484 
485 489 492 499 505 506 508 509 515 516 517 518 
523 524 527 530 533 535 538 540 541 542 547 550 
559 565 566 567 571 581 582 583 584 586 588 589 
598 600 602 603 609 613 614 619 620 621 622 628 
636 643 645 646 647 649 652 653 656 663 671 682 
683 686 687 690 692 698 699 703 705 706 708 712 
713 714 727 731 737 741 742 752 754 759 761 763 
771 773 784 786 787 789 795 800 
249
1 6 8 9 13 18 19 22 25 30 32 33 
37 44 49 55 58 61 67 68 70 71 75 78 
80 82 83 87 92 97 98 100 101 103 106 110 
114 116 118 123 129 133 134 139 142 143 155 156 
157 165 171 174 176 177 179 186 188 189 193 198 
199 200 202 207 213 216 219 223 227 228 230 236 
240 242 243 244 245 247 248 250 261 262 263 264 
270 272 273 276 278 285 291 295 296 301 303 305 
307 310 314 315 316 326 328 329 335 336 337 339 
344 347 348 352 359 363 364 366 368 369 370 371 
372 373 378 388 389 390 391 392 393 395 398 399 
401 403 406 407 429 430 436 440 441 443 444 447 
451 454 464 465 466 467 469 471 475 479 482 484 
487 488 489 490 491 492 493 494 496 497 504 505 
526 527 528 530 535 539 544 547 548 551 555 556 
559 560 561 570 573 576 579 580 581 584 593 595 
601 602 604 606 610 612 619 621 636 639 641 643 
644 645 648 649 653 655 657 668 669 678 688 689 
693 694 695 698 701 706 709 710 712 716 718 720 
721 722 726 729 731 740 741 743 747 750 751 758 
759 762 763 764 765 770 772 793 795 
246
6 7 8 13 14 16 19 21 24 33 38 45 
46 48 50 52 53 54 63 64 68 70 72 74 
75 83 84 86 90 97 98 99 102 109 113 116 
118 129 133 135 136 138 139 142 144 146 148 150 
153 155 159 164 168 170 178 183 197 200 201 204 
205 208 209 211 214 220 226 228 229 231 236 239 
240 243 248 254 256 258 261 273 279 280 281 286 
287 288 297 303 309 311 313 314 317 319 324 333 
334 338 339 341 345 352 353 354 355 360 370 371 
374 376 391 392 393 394 397 400 406 411 414 417 
418 430 435 436 444 445 449 452 455 456 465 467 
469 473 479 486 489 491 498 499 501 502 505 511 
514 515 518 522 527 529 530 531 533 534 536 537 
541 542 543 547 549 552 553 555 558 560 563 564 
568 572 576 581 582 586 587 591 595 603 609 610 
613 614 616 617 622 628 631 632 637 638 642 643 
645 650 653 655 658 664 665 666 671 672 676 677 
679 682 684 689 697 698 699 703 707 711 712 715 
717 719 727 729 735 737 739 741 742 746 747 751 
752 760 761 764 767 771 772 774 776 782 783 784 
792 793 794 796 799 800 
261
3 8 10 12 16 17 21 25 32 33 35 37 
38 41 44 47 50 51 55 56 60 62 63 65 
66 69 73 76 79 81 85 88 89 90 95 98 
100 104 105 108 114 115 118 120 126 129 131 137 
138 140 142 146 147 149 151 155 157 158 160 161 
166 170 176 181 185 186 194 201 205 206 210 212 
214 216 218 226 229 230 231 233 234 236 243 245 
262 266 269 275 278 280 285 288 292 293 296 297 
301 303 304 313 316 321 323 330 332 333 336 343 
344 346 352 360 361 364 375 378 385 389 391 396 
397 399 402 407 408 410 412 423 427 428 433 435 
436 438 439 440 441 446 447 449 456 457 463 466 
467 471 476 490 495 496 500 505 506 510 512 513 
517 518 519 520 526 530 531 532 536 547 552 553 
555 557 558 559 560 562 565 566 570 571 572 573 
574 575 576 577 578 579 583 584 591 592 595 598 
599 601 606 609 611 612 613 615 619 622 631 637 
640 642 645 648 649 652 655 659 660 663 664 665 
668 670 672 677 683 685 686 689 690 692 695 697 
699 704 707 710 713 719 728 730 735 738 739 741 
743 745 750 757 758 762 764 769 770 774 776 778 
781 782 783 784 787 791 792 794 800 
264
1 3 5 6 8 11 12 18 26 27 36 44 
45 49 51 53 56 57 58 59 63 66 70 71 
77 78 86 87 88 89 91 105 106 108 109 113 
114 117 120 121 126 127 128 131 132 133 135 137 
139 142 144 147 148 150 153 156 157 159 163 164 
167 168 172 175 181 182 188 190 192 194 195 196 
197 200 205 209 215 217 220 223 225 226 227 228 
232 236 238 241 243 245 247 249 255 256 257 259 
263 264 265 266 269 272 280 281 284 286 290 295 
297 301 309 310 316 320 322 324 329 331 333 338 
340 343 345 346 351 353 354 357 369 370 371 373 
376 380 381 388 392 393 396 399 404 419 423 426 
427 433 444 445 447 449 450 452 457 461 464 467 
471 472 473 475 484 486 489 495 496 497 502 503 
510 511 512 513 520 521 524 527 529 530 537 539 
540 541 543 549 552 553 554 555 559 567 572 573 
576 578 580 581 583 587 588 591 593 595 596 605 
608 609 612 617 619 621 630 631 633 635 639 641 
649 650 653 654 657 658 663 668 678 682 684 688 
690 692 694 695 696 697 702 704 705 709 720 725 
732 737 738 744 745 749 750 751 752 754 762 765 
768 772 774 775 776 779 780 782 787 792 796 799 
237
1 8 9 10 16 18 21 23 25 27 35 37 
43 44 46 50 53 56 58 59 71 73 76 77 
82 87 88 99 100 101 103 107 110 112 113 116 
122 125 128 132 134 138 143 147 150 156 161 168 
175 176 181 186 187 188 189 192 193 195 204 205 
208 212 217 222 223 229 230 232 236 244 249 250 
251 256 257 261 262 264 269 273 277 279 286 288 
289 290 291 292 296 298 299 301 305 322 326 328 
332 334 343 359 372 374 378 391 392 393 397 398 
401 403 408 409 412 413 414 417 419 424 426 428 
429 434 435 439 442 450 457 459 461 462 476 481 
483 484 485 486 488 493 495 499 506 509 513 514 
517 520 523 524 525 528 533 534 535 537 551 559 
564 566 576 583 584 587 589 593 596 598 600 602 
607 618 619 620 621 622 623 624 626 630 632 633 
643 644 646 647 657 664 672 673 675 676 679 682 
684 685 690 691 692 693 696 697 700 701 706 716 
718 724 731 732 733 735 738 740 749 751 752 757 
758 759 760 761 765 769 770 771 772 774 777 779 
785 786 787 788 789 791 792 796 798 
266
3 4 6 7 8 9 12 13 20 23 26 27 
28 29 32 33 38 44 47 54 58 68 71 75 
81 84 92 97 99 101 102 103 107 118 121 123 
126 132 139 143 144 146 150 151 152 159 160 165 
168 172 174 177 178 183 191 192 193 200 201 208 
213 221 225 228 230 233 239 243 245 255 256 258 
261 262 264 266 267 282 288 290 292 293 294 295 
297 298 300 302 306 309 311 313 314 317 318 319 
320 321 322 333 334 335 337 342 343 345 346 347 
349 350 354 358 360 365 368 369 370 371 372 378 
379 380 382 383 385 387 388 396 400 403 407 410 
413 419 422 427 430 435 437 439 441 444 446 451 
457 464 466 467 469 470 472 474 475 477 478 481 
483 485 487 488 493 494 498 499 506 508 512 514 
516 518 519 523 532 535 538 541 542 544 546 550 
551 552 553 556 558 560 565 567 572 575 579 581 
582 583 584 590 597 601 603 605 609 611 612 613 
616 622 623 625 631 632 643 651 660 663 664 665 
668 671 674 677 684 693 694 699 702 705 707 708 
710 712 715 716 718 719 721 723 727 732 733 736 
739 744 748 750 751 753 755 760 761 765 770 771 
774 779 781 784 785 786 789 790 793 794 796 797 
799 800 
242
2 3 5 7 10 21 24 27 31 32 34 35 
38 39 41 44 46 48 55 56 57 58 60 67 
71 76 79 80 84 90 91 96 107 111 119 121 
125 126 128 130 131 134 136 138 139 147 152 154 
162 163 167 171 173 175 178 184 186 187 188 189 
190 198 201 206 207 208 218 219 220 221 222 223 
230 231 233 241 244 245 247 253 257 258 259 269 
274 276 279 285 286 290 301 304 307 310 316 317 
318 324 325 326 328 330 339 348 350 356 357 359 
360 361 363 365 368 369 370 373 374 375 380 381 
385 386 388 390 393 395 396 397 401 403 405 406 
411 412 414 418 422 423 431 433 436 441 444 448 
450 458 461 462 463 467 469 470 471 473 474 478 
483 484 490 493 497 500 508 509 516 518 520 524 
526 529 536 538 540 541 542 545 549 550 554 556 
557 559 563 564 570 572 573 587 588 590 591 592 
598 604 609 617 620 621 627 633 640 644 649 652 
666 677 679 680 682 683 695 700 701 705 706 707 
708 709 717 721 724 730 735 741 748 750 758 761 
764 766 768 770 777 779 780 782 788 790 792 796 
797 798 
245
2 5 6 8 10 11 16 23 24 29 38 40 
45 50 51 57 58 61 63 67 68 79 83 86 
88 90 91 103 104 110 113 120 122 123 124 125 
126 129 131 135 141 153 158 160 163 164 166 169 
182 188 191 193 195 196 198 206 207 208 210 214 
222 226 228 229 234 237 241 243 244 245 247 249 
250 251 260 262 269 271 274 280 283 286 290 293 
294 297 300 307 309 313 317 318 319 320 322 325 
326 329 331 332 335 336 337 345 347 348 351 357 
358 360 362 364 368 370 373 380 384 387 392 394 
397 399 405 406 410 411 415 420 423 433 434 441 
443 444 445 447 450 453 456 464 468 470 471 474 
476 483 487 488 490 493 502 505 506 509 513 515 
517 521 523 524 527 528 530 533 534 537 543 548 
554 573 575 579 581 582 585 599 601 602 611 616 
624 626 627 630 633 635 636 640 641 643 644 645 
647 648 651 656 657 658 661 666 669 672 674 682 
683 684 686 687 697 700 701 706 707 711 712 713 
714 716 720 732 733 734 736 742 748 749 750 753 
754 756 759 760 764 765 768 770 771 774 778 780 
781 785 790 797 800 
239
4 6 8 11 13 19 20 21 22 33 34 38 
40 43 45 46 52 57 58 68 69 78 79 80 
81 83 86 93 101 102 104 106 107 111 112 116 
119 122 127 129 131 132 133 138 139 140 146 148 
149 150 152 155 161 162 163 165 170 173 175 176 
179 180 181 183 185 190 191 193 194 199 204 205 
206 207 211 213 217 218 220 223 224 228 229 233 
238 240 243 244 252 263 265 270 277 280 281 282 
285 287 288 291 296 298 300 301 304 307 313 315 
318 319 329 333 339 342 344 347 354 371 375 376 
379 380 388 391 399 401 402 406 416 420 425 432 
436 438 441 448 452 453 457 469 471 477 478 479 
484 487 497 500 502 503 507 508 510 511 515 519 
524 529 537 541 544 545 554 558 573 577 581 582 
583 588 590 593 594 600 601 605 607 609 611 616 
624 625 627 628 630 642 643 645 646 649 654 660 
661 663 669 676 677 684 685 686 687 688 695 700 
704 711 715 716 717 723 732 734 735 738 739 741 
742 749 755 758 760 761 762 763 768 770 771 772 
780 781 785 786 787 788 789 791 795 798 800 
207
9 19 21 31 32 43 44 47 49 50 53 54 
56 63 65 71 72 74 76 77 78 80 85 86 
91 99 100 106 113 117 120 133 134 136 144 149 
152 159 163 166 167 173 175 178 179 180 191 195 
199 204 209 212 214 216 221 224 225 230 232 234 
235 237 238 241 242 243 251 256 257 261 267 269 
275 278 280 283 288 290 292 293 294 312 313 315 
317 319 321 324 328 333 339 341 346 354 355 358 
361 368 372 378 379 384 385 387 395 406 408 409 
411 412 424 439 441 443 444 445 455 458 468 476 
480 484 485 490 491 496 498 499 513 515 522 524 
528 529 534 541 547 565 569 570 573 574 581 585 
592 594 602 606 614 615 617 620 622 626 629 636 
638 643 645 647 649 652 653 657 663 670 674 675 
676 681 683 684 686 687 689 692 693 706 708 710 
711 712 714 717 718 726 728 729 737 738 740 742 
752 755 757 758 759 761 767 768 774 778 780 791 
793 796 799 
222
1 3 5 9 11 13 15 18 20 21 27 28 
36 39 41 42 43 48 50 53 54 55 57 62 
63 67 80 84 86 87 88 96 98 104 106 112 
113 121 130 135 136 139 141 143 145 150 152 160 
165 177 180 189 202 204 207 208 220 222 224 226 
229 243 244 245 247 249 251 253 260 262 270 272 
273 275 276 279 281 284 285 287 290 291 293 297 
298 299 300 302 303 309 311 322 329 330 333 338 
342 345 348 349 350 351 355 356 359 360 364 367 
370 376 377 379 382 383 386 387 389 394 407 418 
423 428 431 434 436 437 445 447 448 449 450 452 
453 455 456 470 471 474 475 477 479 481 492 494 
495 497 498 500 504 505 511 512 513 514 525 532 
539 540 541 542 546 553 556 557 565 566 577 582 
594 599 605 607 609 611 619 620 627 630 632 636 
637 650 651 653 654 656 661 664 665 669 673 682 
684 687 690 691 696 701 704 705 723 733 735 740 
745 747 748 759 761 769 772 780 781 783 786 787 
788 791 795 796 799 800 
254
1 2 5 10 14 17 18 19 21 23 26 28 
30 34 36 38 39 40 42 43 49 50 51 57 
58 60 61 63 68 72 73 84 90 92 94 95 
96 99 102 104 106 107 108 109 110 114 118 119 
120 122 124 125 127 128 130 131 134 138 141 145 
149 150 152 155 163 168 170 172 173 177 179 193 
194 195 202 215 217 219 224 228 229 231 232 238 
244 248 255 257 258 261 262 266 271 276 278 285 
287 288 296 297 298 300 301 303 307 316 317 319 
321 323 325 326 328 329 332 334 335 339 341 344 
345 347 348 349 353 356 357 361 365 378 382 384 
386 392 393 410 411 414 420 421 423 428 444 451 
452 456 457 461 462 463 466 471 473 477 480 481 
482 483 485 487 488 491 496 497 499 500 504 507 
508 516 518 519 520 521 527 532 539 544 552 555 
558 559 560 562 566 573 578 581 582 584 591 594 
595 597 599 600 608 612 620 622 624 638 641 648 
650 653 654 655 660 665 674 676 679 686 688 689 
698 699 705 707 711 714 717 718 719 722 724 725 
727 730 734 742 744 747 748 750 751 752 753 757 
760 765 767 768 771 773 778 780 791 792 793 795 
798 799 
227
2 7 8 9 12 17 20 25 38 40 41 44 
45 46 51 55 56 58 59 60 64 70 74 75 
78 80 81 82 84 86 89 90 99 100 103 108 
111 119 120 121 135 138 139 141 144 146 149 151 
152 157 158 159 160 161 163 165 168 173 179 183 
184 185 192 193 197 203 207 210 211 212 216 217 
219 223 229 230 234 248 257 261 269 274 276 279 
285 297 298 303 316 332 333 334 338 340 343 345 
346 355 357 358 359 363 365 367 371 373 380 381 
389 396 399 407 412 417 421 425 426 436 438 444 
452 455 456 458 461 468 471 472 480 483 485 487 
489 491 492 494 497 502 511 513 514 517 522 524 
526 527 529 530 533 537 547 552 554 556 560 562 
564 570 572 574 575 580 585 587 589 597 598 602 
603 608 611 617 619 620 623 631 637 641 644 648 
650 655 666 669 670 672 675 677 681 683 687 688 
690 691 692 694 696 700 707 708 712 718 728 730 
732 743 751 752 753 756 757 758 759 762 763 764 
768 770 771 779 782 783 790 791 797 799 800 
227
3 4 5 6 9 12 13 22 25 26 32 33 
35 37 41 45 51 59 64 69 70 78 83 86 
90 94 95 98 102 108 109 112 117 119 121 124 
128 130 131 133 134 136 139 140 145 146 148 155 
157 159 165 168 173 174 176 177 179 181 185 191 
194 196 197 198 201 203 204 205 206 207 210 211 
213 222 225 233 235 242 243 244 249 250 253 261 
263 267 268 269 271 273 274 275 280 292 296 297 
298 300 302 305 310 311 312 320 324 325 326 328 
329 332 333 334 341 362 368 373 378 379 382 387 
388 389 393 395 398 403 423 424 425 427 430 431 
446 451 454 456 459 468 469 470 475 479 486 492 
493 500 501 505 510 512 513 515 518 519 527 528 
529 539 540 545 548 552 555 558 561 568 571 573 
579 581 592 594 595 599 600 607 610 614 620 621 
625 629 633 634 636 637 638 643 649 650 653 656 
663 671 672 676 680 682 705 709 710 711 714 716 
720 721 723 727 739 741 743 745 746 747 749 750 
754 758 760 763 765 770 772 778 789 790 792 
232
2 5 6 16 22 24 26 35 46 48 52 63 
73 74 78 79 80 81 84 88 89 94 101 103 
105 109 111 114 124 125 131 133 134 137 140 141 
142 147 152 156 159 162 164 165 168 171 173 177 
185 186 188 193 194 195 206 211 213 214 217 219 
222 227 233 236 237 238 245 246 249 252 259 263 
265 270 276 277 287 291 297 303 305 307 308 309 
314 322 323 330 333 340 346 347 350 352 356 357 
358 359 362 368 370 374 375 377 379 383 384 388 
389 391 393 396 400 401 402 406 409 423 426 427 
429 430 432 435 436 437 439 440 443 444 448 449 
459 460 461 462 463 465 467 469 476 480 482 483 
485 487 491 493 496 500 505 506 514 515 516 519 
531 535 536 546 547 549 555 558 559 560 562 567 
574 575 577 581 582 586 587 593 597 602 605 612 
614 615 635 639 641 643 644 648 653 654 659 660 
664 668 669 675 682 683 685 686 687 692 706 710 
714 718 721 723 724 725 727 736 737 739 746 747 
749 752 762 764 765 768 773 775 777 778 779 783 
784 786 788 796 
238
3 5 7 8 10 11 21 23 26 33 34 37 
38 42 51 52 53 59 62 65 66 69 72 79 
84 88 89 90 93 100 107 110 111 113 115 117 
119 122 125 126 130 131 135 142 143 144 145 150 
154 156 159 162 164 165 166 167 173 175 184 185 
187 189 190 193 194 198 200 201 207 219 222 231 
233 236 240 242 243 245 248 250 251 252 254 255 
261 262 265 268 270 272 275 279 285 289 303 307 
310 321 324 330 334 339 340 349 350 356 358 364 
368 376 378 382 389 390 391 392 400 402 405 407 
411 418 419 421 425 429 432 436 437 441 442 443 
449 453 455 457 458 467 468 469 470 472 476 477 
481 482 489 490 492 497 498 501 505 509 510 512 
515 518 519 521 524 539 549 555 567 570 573 578 
579 580 585 586 587 588 589 594 605 612 614 615 
616 619 620 625 628 633 641 642 644 647 651 657 
661 665 669 677 680 681 688 692 695 698 703 705 
714 720 721 723 725 729 730 734 735 739 743 746 
751 752 756 757 761 763 764 768 770 772 777 778 
781 782 783 787 788 789 790 791 797 798 
243
6 9 14 16 20 22 25 26 31 35 36 40 
42 46 51 52 57 58 59 62 64 69 70 78 
80 81 85 87 89 91 93 95 96 99 100 107 
110 111 119 126 127 133 135 136 142 143 145 152 
153 155 158 161 163 164 165 169 173 179 197 201 
209 210 215 219 222 224 235 240 241 245 247 249 
250 255 257 258 259 260 264 268 269 272 275 276 
277 279 283 285 289 290 292 294 295 296 300 301 
303 313 325 327 330 337 339 344 345 350 351 352 
353 354 359 362 363 364 365 366 375 376 377 381 
386 387 392 395 396 402 404 409 411 417 419 420 
424 431 432 433 436 437 438 445 448 449 450 451 
452 459 461 462 463 464 466 470 472 473 474 476 
478 481 482 485 486 489 507 511 520 521 522 526 
527 529 530 533 537 542 543 546 556 558 564 565 
570 577 578 582 585 587 588 590 591 594 602 612 
616 618 619 621 625 627 634 645 646 648 652 657 
658 659 665 668 671 675 677 687 688 701 702 710 
711 713 715 716 721 728 734 735 739 743 746 748 
752 754 757 764 777 778 780 781 782 783 786 791 
794 795 799 
221
3 8 13 16 18 21 30 32 33 34 38 39 
40 43 47 51 55 60 62 65 66 75 76 77 
87 89 97 100 101 106 111 122 125 127 129 131 
133 136 137 140 142 143 144 157 163 164 166 167 
169 171 174 175 176 177 179 181 185 190 197 198 
200 205 206 207 208 213 216 223 235 245 249 253 
255 256 262 264 267 270 275 278 285 289 291 292 
293 298 300 307 312 323 326 327 329 331 332 333 
337 338 339 344 346 347 350 360 361 363 370 378 
379 380 381 382 387 393 395 397 398 399 403 405 
406 407 414 417 425 427 428 429 436 443 450 452 
465 466 469 473 480 493 497 502 504 505 514 518 
520 524 525 529 530 534 540 546 547 549 550 553 
568 569 572 580 582 591 592 600 614 615 619 620 
622 624 633 645 652 656 659 669 673 675 677 680 
682 690 693 699 701 707 709 715 717 725 730 731 
733 734 735 739 740 742 745 747 748 750 751 752 
762 764 767 768 769 774 775 776 778 782 785 788 
793 795 796 797 798 
229
6 9 10 16 19 20 22 26 27 33 34 45 
46 48 51 54 66 67 69 71 77 80 81 83 
84 90 91 95 96 97 107 109 112 113 116 118 
124 125 126 127 141 148 160 161 164 167 171 173 
174 175 178 186 188 190 203 205 209 210 214 215 
217 218 219 225 226 239 241 246 249 252 254 258 
260 261 264 267 276 279 284 286 289 291 296 297 
298 299 301 302 304 306 309 310 312 313 321 322 
323 327 332 333 337 343 344 351 352 360 363 364 
369 371 375 377 378 380 382 384 390 391 393 395 
397 405 406 407 412 414 418 420 421 429 431 432 
436 440 441 443 446 456 457 460 464 466 467 470 
475 481 483 486 487 491 495 498 500 503 504 512 
516 517 525 529 538 542 543 547 552 559 560 568 
570 577 578 584 594 597 599 604 608 617 618 620 
630 635 636 657 668 675 678 682 688 691 694 697 
698 701 704 707 708 709 711 712 713 717 721 726 
732 733 734 736 741 744 754 757 759 760 761 763 
764 769 770 776 777 785 786 787 791 792 793 795 
796 
245
1 2 4 6 8 12 13 16 17 21 22 23 
24 25 30 31 32 34 35 39 41 50 51 55 
56 57 63 69 70 71 72 74 79 83 84 87 
90 93 94 96 97 99 101 102 114 115 116 117 
119 120 128 140 141 146 152 153 155 162 165 167 
169 170 171 173 178 183 189 192 196 200 201 202 
204 208 214 216 219 220 223 227 228 237 238 239 
241 243 244 257 258 260 263 265 271 278 279 282 
289 291 294 297 301 307 308 311 313 316 326 337 
345 347 356 357 358 360 362 364 371 373 374 376 
378 385 388 391 398 399 400 402 405 410 411 412 
414 415 416 422 424 426 428 430 432 439 442 445 
450 452 454 455 457 458 461 463 466 467 468 473 
478 480 483 484 485 490 502 505 507 513 517 521 
523 524 525 537 539 543 545 548 551 552 553 562 
568 570 574 575 577 580 585 587 590 591 596 598 
601 615 620 624 635 636 638 643 647 650 655 663 
667 669 670 671 673 678 680 681 687 688 693 696 
698 702 707 710 713 716 718 722 723 727 734 739 
745 746 747 748 754 756 768 769 772 774 777 780 
781 786 793 795 798 
229
6 7 9 12 14 15 21 23 26 31 32 35 
36 38 39 42 48 53 55 61 64 65 66 73 
75 78 80 81 84 85 87 88 94 105 106 107 
109 113 115 116 117 120 121 127 138 139 141 144 
150 152 154 155 156 161 174 175 177 184 187 189 
193 194 196 201 208 210 212 221 222 227 230 233 
237 252 257 259 262 268 269 270 272 276 277 278 
285 287 295 296 297 303 305 307 314 318 320 323 
326 330 331 332 333 337 338 339 350 353 354 358 
359 361 362 365 373 376 378 386 387 389 391 392 
398 399 405 408 410 411 415 419 421 425 427 428 
433 434 438 442 449 454 456 460 461 469 475 476 
477 481 482 486 487 495 503 505 509 510 511 515 
520 521 523 528 529 534 540 544 545 551 557 563 
564 566 567 568 571 578 579 583 585 586 587 595 
606 607 619 620 632 637 642 644 650 651 655 656 
660 665 667 670 677 685 686 690 698 706 708 711 
716 717 722 723 726 730 739 740 745 746 748 749 
753 754 755 759 761 765 775 787 789 791 794 796 
799 
247
1 5 10 18 36 37 38 39 40 41 43 47 
51 52 53 55 60 61 66 67 70 72 76 77 
81 83 86 91 93 95 97 99 101 102 110 112 
114 117 120 121 126 132 135 140 141 147 153 155 
156 158 165 171 175 176 178 180 181 183 184 190 
193 195 201 203 209 211 214 215 218 220 221 222 
223 224 229 231 232 233 235 239 243 245 253 256 
260 262 276 277 280 282 285 286 287 288 290 293 
297 298 299 305 306 309 311 315 318 319 320 321 
322 324 325 334 336 342 344 353 357 364 365 368 
373 375 383 384 392 394 399 400 402 418 421 424 
426 427 428 430 431 434 436 437 440 442 443 444 
445 446 450 456 458 459 460 461 463 466 473 477 
482 483 487 488 489 490 497 498 503 507 511 513 
519 522 523 526 531 533 535 537 549 553 557 565 
570 572 578 580 590 593 594 598 605 607 612 614 
615 616 618 621 632 644 648 650 652 653 657 661 
664 665 671 673 674 675 677 678 686 688 691 697 
699 704 709 719 722 724 727 729 735 736 737 741 
743 744 749 751 757 759 766 768 769 772 777 778 
782 783 787 789 791 794 797 
239
1 2 3 7 11 18 24 30 31 33 48 63 
67 68 75 76 79 81 82 83 87 89 93 96 
98 100 104 105 106 111 112 114 117 127 128 133 
134 153 155 164 167 169 171 173 174 177 182 183 
186 189 193 195 196 202 207 208 209 210 212 213 
214 220 224 226 228 234 237 238 243 244 248 251 
252 253 255 259 268 270 280 288 289 291 296 298 
300 304 306 308 310 315 316 317 320 321 323 327 
328 332 333 334 339 343 344 351 352 354 356 358 
368 370 379 384 385 386 387 390 395 396 397 404 
407 415 416 417 418 419 421 422 424 427 429 430 
432 435 440 441 442 450 452 453 455 462 467 474 
475 478 479 485 492 494 497 500 504 507 514 518 
520 525 527 529 530 532 533 538 539 543 547 550 
552 560 562 567 568 572 576 589 597 598 599 603 
605 611 616 617 619 620 624 629 630 631 632 640 
642 644 647 656 669 671 679 683 684 688 692 695 
699 715 718 719 721 722 723 726 728 731 733 738 
740 742 743 748 749 750 753 757 758 762 764 765 
767 771 772 777 779 784 787 793 795 799 800 
235
4 8 9 12 15 18 20 27 30 35 36 37 
38 43 44 46 56 58 60 66 68 72 83 93 
96 97 103 104 111 113 114 115 117 118 119 122 
125 126 127 129 131 133 134 146 149 150 151 157 
161 163 164 165 166 168 174 175 176 177 178 188 
189 190 193 197 199 201 203 205 207 212 220 222 
223 224 226 227 229 242 249 253 255 258 259 262 
263 268 274 281 285 286 290 292 294 299 300 301 
302 306 310 315 328 332 338 340 341 344 348 352 
360 361 362 363 366 371 372 380 381 388 390 393 
399 401 402 412 415 416 418 425 431 435 439 442 
453 457 459 460 462 464 468 474 475 477 478 479 
491 495 502 505 506 507 517 519 520 522 525 526 
527 530 531 532 536 537 546 559 561 563 567 569 
570 572 574 577 579 583 589 595 598 600 602 604 
605 608 611 621 626 627 629 631 633 635 637 638 
642 645 657 658 662 674 676 680 681 684 685 686 
687 688 691 692 696 704 705 715 716 717 721 725 
726 735 736 738 741 743 746 751 755 761 764 771 
773 776 777 778 780 788 792 
229
6 20 22 23 24 25 31 32 33 37 38 48 
53 55 57 58 60 61 62 64 75 79 81 82 
83 88 97 98 100 101 102 106 112 114 115 117 
122 126 130 131 140 142 143 150 152 154 156 157 
160 170 171 179 185 186 187 189 191 198 206 207 
215 217 218 229 233 235 236 237 238 241 242 245 
246 247 252 254 255 258 266 267 270 280 285 288 
289 301 309 310 314 316 323 327 329 334 335 336 
343 344 349 355 358 361 366 371 375 376 379 381 
382 386 387 389 397 398 407 411 419 420 422 423 
424 426 427 431 444 449 453 454 464 466 471 472 
475 476 481 483 485 488 489 490 494 495 497 498 
503 504 510 511 523 531 533 534 537 540 542 547 
548 556 558 562 565 566 567 571 573 575 577 578 
580 581 592 593 595 601 604 607 608 609 611 614 
616 621 623 624 626 630 634 649 653 660 661 665 
666 672 673 675 682 687 689 695 696 703 704 705 
709 712 715 717 720 725 734 740 743 748 750 751 
752 756 758 759 765 767 774 778 780 787 788 794 
796 
251
1 3 4 10 14 16 19 21 23 24 33 35 
37 39 41 42 52 53 56 57 59 61 63 65 
66 69 75 76 77 79 85 86 89 103 106 111 
112 113 114 117 119 123 125 126 134 137 138 139 
140 141 151 156 160 165 173 178 184 185 187 194 
195 197 198 204 209 210 215 228 229 231 232 235 
237 239 240 241 242 248 252 253 254 255 260 263 
267 271 274 277 281 291 294 299 300 301 302 310 
314 316 318 320 325 326 328 329 338 340 341 342 
343 349 352 355 356 358 365 366 368 369 374 377 
380 382 383 385 389 394 398 402 408 410 417 421 
424 425 427 433 436 438 440 441 443 449 453 455 
456 457 460 462 463 467 473 480 483 484 485 488 
496 498 499 501 507 508 512 516 519 523 524 529 
532 540 545 548 551 552 555 560 561 566 567 571 
575 576 583 585 587 588 591 596 600 604 612 625 
628 631 634 635 639 640 643 644 646 655 662 663 
664 665 666 669 670 677 679 680 681 682 686 688 
690 691 692 696 699 702 703 704 711 713 716 723 
725 727 730 744 745 747 749 754 756 763 765 766 
769 772 776 778 780 783 787 790 794 795 797 
224
2 3 5 7 9 11 18 19 23 27 30 32 
33 38 40 41 46 52 60 65 70 76 77 79 
80 85 90 91 92 98 99 100 102 105 106 117 
121 122 124 128 130 140 143 144 145 146 148 149 
159 161 162 163 166 169 170 173 179 185 187 193 
200 206 207 209 211 218 219 222 224 238 241 243 
246 247 249 251 252 254 255 261 262 263 267 268 
270 274 277 278 285 287 289 290 292 295 296 299 
306 309 310 312 314 317 318 320 325 327 328 329 
330 331 332 335 336 337 338 343 345 368 369 372 
373 374 377 381 387 389 393 394 396 397 401 402 
406 407 408 409 425 430 436 438 449 465 469 472 
475 476 478 482 483 488 490 497 498 504 506 509 
512 513 514 523 531 532 536 539 541 544 545 546 
548 549 557 560 566 568 584 586 587 600 605 613 
614 615 626 629 639 640 642 643 644 646 654 666 
668 675 676 678 682 684 689 692 694 703 709 710 
714 718 727 733 734 735 742 757 758 761 764 766 
768 769 778 782 784 787 789 799 
220
1 3 4 5 6 9 10 15 16 22 27 32 
33 35 39 40 44 48 50 51 54 56 69 70 
79 92 97 101 106 111 113 115 117 118 120 128 
135 142 143 144 146 147 148 151 159 163 164 166 
167 170 178 179 191 192 199 200 201 202 204 205 
209 210 213 216 217 220 223 226 230 247 251 253 
256 259 260 264 265 269 271 276 286 290 291 292 
293 295 301 304 305 308 323 325 329 332 340 343 
345 346 353 362 363 366 367 368 369 373 379 385 
391 394 395 399 400 404 416 417 420 421 425 428 
430 432 439 442 445 447 449 450 453 456 457 466 
468 477 482 485 487 491 492 496 497 504 520 522 
525 530 540 544 545 546 551 556 560 562 564 565 
567 571 572 576 579 583 591 595 611 612 614 615 
617 622 631 636 643 645 647 648 649 653 656 657 
658 662 669 680 682 683 686 689 690 692 693 695 
701 703 704 705 706 713 714 719 724 731 732 738 
741 744 747 753 761 764 765 769 776 782 787 793 
794 795 797 798 
256
4 6 8 26 27 30 35 36 37 43 49 52 
57 59 64 65 66 67 75 76 77 79 80 82 
83 86 90 92 93 94 95 99 109 111 114 122 
123 124 127 134 137 142 144 146 149 155 165 166 
176 179 180 185 186 187 192 193 197 201 203 205 
206 216 217 220 222 224 230 234 236 240 241 242 
245 248 251 252 253 257 261 264 272 274 275 277 
278 281 282 287 297 300 301 304 307 308 309 311 
315 318 319 323 328 329 330 336 340 341 344 345 
349 351 360 362 364 366 367 372 373 377 378 379 
380 382 383 386 388 389 392 394 398 401 403 405 
408 416 418 421 428 429 431 433 435 437 444 445 
446 450 459 463 470 471 473 476 477 478 480 488 
489 490 495 496 505 510 512 513 520 522 523 525 
526 527 528 530 535 537 541 543 544 546 547 550 
552 553 554 556 557 558 562 564 568 573 575 579 
580 585 593 598 600 602 604 606 612 618 621 624 
631 632 633 636 638 645 647 651 655 658 660 662 
667 678 680 682 683 684 690 693 697 699 708 711 
713 717 720 722 723 733 739 743 745 746 750 753 
755 759 768 771 773 776 778 779 783 784 786 794 
796 797 799 800 
229
4 9 12 14 17 19 20 22 28 34 36 44 
49 50 51 53 59 60 62 63 64 67 73 78 
85 89 94 97 101 104 106 108 110 119 124 129 
134 137 145 147 150 156 159 165 168 171 173 180 
184 185 188 193 194 196 200 216 221 223 227 230 
231 232 235 237 239 244 250 255 258 265 270 271 
273 274 275 276 277 280 281 283 284 286 291 295 
296 298 299 302 305 309 314 316 320 321 324 328 
334 336 338 339 341 346 351 354 356 358 359 362 
367 369 381 383 385 386 387 393 394 396 397 398 
402 404 407 409 411 414 417 425 427 429 435 436 
437 438 441 442 444 451 462 464 467 478 491 492 
496 498 499 502 503 505 508 511 512 513 514 515 
517 528 529 531 535 538 539 543 544 548 549 550 
556 563 566 567 568 578 581 583 586 590 598 602 
603 606 613 615 622 624 627 629 634 636 637 640 
651 652 657 666 673 679 680 682 686 688 693 698 
703 708 712 715 716 719 731 735 738 740 744 751 
754 755 756 758 761 777 778 781 784 786 794 796 
800 
252
3 11 19 20 22 27 29 33 37 40 42 47 
58 62 67 68 73 84 85 86 91 94 95 100 
102 104 108 114 117 118 124 125 131 133 138 140 
141 144 145 154 157 160 168 172 174 181 185 191 
193 197 200 207 209 214 215 216 221 229 236 239 
245 252 256 257 264 266 270 273 276 278 280 282 
283 291 292 293 294 297 300 301 309 312 317 318 
319 320 323 326 329 331 336 338 339 343 346 350 
357 360 363 365 370 371 374 376 377 382 386 388 
389 393 397 400 402 407 410 411 419 420 421 422 
428 429 430 436 437 438 440 442 443 445 447 448 
457 458 466 471 472 476 482 489 490 495 504 505 
506 507 508 512 514 515 520 521 526 529 536 537 
538 539 540 551 553 554 555 557 564 568 573 577 
579 580 581 586 587 588 592 593 595 598 599 600 
605 606 609 612 614 615 623 624 628 637 638 640 
641 642 643 645 647 649 652 653 658 660 663 665 
667 669 675 677 678 679 680 682 690 694 699 701 
703 706 707 715 716 718 723 724 726 727 729 731 
732 734 735 737 740 742 743 747 748 750 753 755 
756 758 759 762 768 769 777 782 784 785 794 795 
232
8 9 13 15 21 22 24 27 29 34 35 39 
42 44 47 48 52 54 55 65 67 70 71 74 
75 78 80 86 87 90 99 112 114 115 117 127 
128 142 146 151 154 164 165 167 168 173 179 180 
184 185 187 191 193 194 197 200 202 203 207 211 
212 216 217 222 223 229 230 231 233 239 242 246 
248 250 253 254 257 258 260 261 262 263 265 271 
273 277 278 279 284 285 287 290 291 298 301 302 
304 308 309 311 313 316 319 320 324 329 335 342 
345 346 347 352 355 361 364 368 371 374 376 377 
378 390 392 394 398 400 401 409 411 414 422 425 
427 429 432 440 441 442 446 454 456 462 465 470 
473 474 479 480 491 492 496 497 498 505 512 513 
516 517 518 521 522 535 544 545 549 558 572 577 
581 582 583 585 595 596 601 605 608 610 621 622 
626 637 638 639 640 644 647 649 655 656 657 659 
660 665 670 676 677 681 682 684 686 687 693 699 
700 702 712 720 722 728 731 733 734 735 737 739 
743 748 749 750 755 758 762 766 767 769 774 775 
778 782 783 799 
244
2 14 18 22 37 38 39 41 42 46 47 48 
51 53 57 63 65 66 73 74 78 79 88 93 
98 101 104 108 110 112 113 120 125 126 130 131 
133 135 137 142 143 148 150 159 160 161 162 164 
165 176 180 181 184 185 190 192 194 196 200 201 
204 205 208 209 210 215 217 221 224 225 226 230 
234 236 240 245 248 251 258 262 263 264 270 271 
276 281 282 286 287 288 292 293 295 296 297 299 
304 309 311 313 316 317 320 328 329 331 332 337 
338 343 345 347 351 352 360 363 367 368 370 375 
378 379 387 388 389 390 393 394 399 404 405 406 
407 409 410 413 418 419 420 421 423 425 429 430 
432 438 442 445 447 453 458 459 461 470 479 480 
482 483 485 487 492 495 496 497 500 504 505 509 
511 514 517 521 522 526 528 536 537 544 546 548 
555 560 563 567 569 570 577 583 586 589 594 609 
613 617 624 632 638 639 641 644 649 653 657 661 
662 663 666 669 675 678 680 681 692 694 698 701 
712 720 725 728 730 738 739 741 742 751 752 753 
755 757 758 763 765 768 771 778 781 785 787 788 
792 797 798 799 
250
2 3 13 19 29 30 33 34 35 39 46 59 
60 63 64 66 68 71 74 80 81 83 86 90 
99 100 101 102 104 107 112 113 114 115 118 129 
130 132 135 142 144 146 147 152 155 158 161 166 
167 169 175 176 177 178 180 182 183 185 187 196 
199 200 210 211 215 218 223 224 225 228 229 236 
237 240 241 248 249 255 259 261 263 264 265 268 
270 271 272 274 275 284 288 295 303 304 306 308 
310 311 312 313 316 322 329 332 335 336 339 343 
348 349 350 351 353 354 359 361 364 367 371 379 
381 400 408 410 411 416 420 425 426 427 430 432 
434 437 441 453 455 457 458 460 462 466 467 469 
470 471 472 474 475 476 477 480 484 486 488 495 
496 499 501 504 507 508 513 518 519 524 528 529 
530 535 537 539 547 549 550 551 552 553 557 559 
567 570 573 575 577 578 582 584 585 591 596 597 
599 614 622 623 626 627 632 636 645 657 662 663 
664 667 675 676 677 683 685 687 688 691 695 696 
700 702 704 705 709 710 712 714 716 717 718 722 
729 733 734 736 739 742 746 749 754 755 757 767 
770 773 774 776 778 783 787 793 795 800 
241
1 2 3 6 15 17 18 23 29 32 34 35 
37 40 46 50 55 56 57 62 66 69 77 79 
94 96 101 106 107 112 117 127 128 130 132 139 
141 147 149 150 152 155 156 158 161 166 169 178 
180 189 190 193 196 213 214 216 218 225 226 230 
234 235 237 238 242 243 248 250 251 255 256 259 
263 266 273 274 277 281 288 290 294 297 298 303 
305 306 317 318 320 322 324 328 330 332 339 345 
346 350 353 355 366 367 368 370 373 379 383 388 
391 393 397 398 405 406 413 414 418 423 425 426 
428 429 431 432 434 436 437 438 440 441 447 448 
450 452 456 462 470 478 483 486 489 494 497 498 
499 501 505 507 511 516 520 521 526 529 538 539 
542 549 557 558 564 570 573 574 575 577 578 582 
588 596 598 599 603 614 615 616 617 618 622 627 
628 633 635 638 645 646 650 651 652 653 656 663 
664 665 667 669 671 672 673 683 685 686 691 694 
697 702 703 704 707 708 711 716 717 718 719 723 
724 727 728 730 732 733 736 739 745 747 748 751 
755 762 763 769 773 774 775 778 785 788 794 796 
800 
232
1 4 5 10 19 20 21 29 30 31 34 35 
50 54 55 57 59 65 67 68 71 75 82 83 
96 98 99 101 106 113 120 124 126 127 137 138 
141 145 147 151 158 160 161 174 180 181 188 192 
193 199 204 208 209 212 215 224 230 232 233 234 
236 238 246 248 254 266 275 277 279 280 282 285 
287 289 291 294 296 297 300 304 305 307 315 316 
319 323 331 332 334 339 341 344 350 353 358 359 
360 363 366 367 370 374 376 377 379 382 383 386 
387 390 404 406 410 420 422 425 430 432 435 436 
440 443 447 451 452 454 461 473 479 484 487 488 
489 491 493 495 496 497 499 500 505 508 518 519 
522 526 530 531 539 541 543 546 547 551 555 556 
558 562 565 573 575 578 579 580 588 589 591 597 
598 599 600 604 607 610 611 614 616 618 619 620 
623 624 629 637 643 646 648 650 651 652 655 658 
659 662 670 672 673 676 679 682 685 688 689 690 
691 700 701 703 705 712 719 728 737 741 744 745 
750 751 756 757 759 760 762 765 767 778 782 783 
788 790 795 800 
228
1 2 4 12 13 17 23 29 34 35 37 39 
40 45 46 52 55 56 60 63 67 75 77 85 
92 95 97 101 103 109 112 119 121 122 129 131 
132 135 137 139 142 144 145 146 147 153 156 160 
162 169 172 174 182 185 187 190 191 192 193 196 
197 203 208 210 212 217 219 220 227 240 241 244 
246 247 248 250 253 260 262 264 265 269 271 275 
282 287 288 291 293 309 314 318 321 326 331 332 
347 352 356 358 359 364 367 370 377 379 380 382 
385 386 388 389 391 392 395 399 406 407 414 415 
420 422 424 425 427 430 433 437 443 444 449 451 
452 454 457 460 466 469 471 480 481 489 494 496 
499 502 511 514 517 521 526 530 534 537 545 549 
550 551 552 554 555 562 565 568 580 582 583 584 
588 589 591 595 604 605 607 611 615 617 626 633 
642 645 648 649 652 657 658 669 671 676 683 684 
687 688 691 692 693 699 701 704 705 706 707 708 
712 715 717 719 721 724 728 729 734 738 739 745 
747 757 762 765 771 773 776 788 793 795 797 800 
218
2 5 6 10 22 27 29 32 35 40 41 42 
43 44 55 56 61 64 69 70 72 74 81 93 
94 97 99 100 101 102 115 117 120 130 132 142 
143 146 149 162 165 166 177 178 182 185 188 193 
194 200 202 206 208 209 214 223 228 230 231 234 
246 249 251 263 265 267 269 274 281 286 289 291 
292 293 294 298 299 303 305 311 312 328 329 334 
337 343 346 352 354 357 362 363 364 367 368 370 
371 376 378 379 380 385 386 387 390 391 394 395 
398 402 404 405 409 411 430 436 443 444 459 466 
469 473 475 477 483 485 487 491 493 494 501 508 
509 510 513 514 516 520 522 531 533 539 549 551 
561 564 577 580 587 591 592 595 596 597 599 600 
614 615 616 620 625 629 630 631 634 635 636 637 
639 647 649 656 660 662 663 669 672 673 680 686 
689 693 694 698 701 705 709 712 713 716 719 720 
725 731 733 734 737 738 742 743 744 749 751 752 
756 757 764 768 769 772 776 782 784 786 790 796 
798 799 
237
8 9 16 23 26 27 30 31 38 40 42 56 
60 63 67 68 76 84 86 88 89 90 91 92 
98 103 105 110 113 128 129 130 131 141 153 154 
155 162 164 165 170 172 182 184 191 192 197 202 
203 204 205 210 211 213 218 221 226 227 228 231 
233 238 239 242 254 266 267 271 272 275 276 280 
285 286 291 298 299 306 312 316 324 327 328 329 
335 338 341 346 347 350 351 354 355 356 361 362 
364 366 368 370 374 379 381 386 387 390 397 403 
407 415 416 418 421 426 427 429 435 438 442 444 
447 452 459 461 462 467 468 469 470 478 479 487 
488 489 494 501 504 505 506 509 511 513 514 516 
519 521 524 532 534 537 541 548 554 555 556 557 
565 570 571 574 585 586 590 593 598 601 605 607 
608 612 614 615 617 618 624 625 629 632 633 634 
645 651 654 657 660 663 665 666 667 668 670 671 
683 685 687 692 693 694 697 700 701 702 707 709 
712 714 716 719 721 722 723 724 726 729 734 735 
742 743 744 749 751 758 759 764 766 771 772 775 
777 779 784 785 787 788 789 793 795 
242
2 4 6 10 18 19 20 21 22 23 24 28 
35 36 37 39 40 43 44 46 48 50 52 57 
59 68 72 76 77 79 86 87 94 96 97 101 
103 107 113 114 123 125 127 128 129 130 138 139 
143 145 147 149 157 160 163 169 172 176 177 179 
184 195 203 217 222 223 227 229 230 231 237 240 
246 251 255 258 260 263 264 265 269 273 283 292 
293 294 295 298 299 301 302 308 319 320 322 325 
328 330 331 332 340 342 345 352 358 363 364 368 
372 374 376 378 380 381 382 384 387 400 401 405 
407 408 409 414 417 421 422 425 427 431 434 435 
437 439 441 444 447 448 452 453 454 460 462 471 
472 475 477 482 485 486 497 498 501 504 505 507 
510 516 518 526 533 536 537 538 539 540 542 544 
552 553 559 560 564 565 568 569 570 571 572 573 
575 579 581 583 585 587 588 590 591 600 601 606 
608 611 616 621 626 628 634 635 637 638 644 648 
649 652 654 661 671 680 685 686 691 694 696 697 
700 701 705 707 716 718 721 723 726 729 750 754 
763 769 774 776 777 778 780 783 789 793 794 795 
796 800 
230
9 16 18 22 27 30 31 35 39 41 53 55 
56 57 58 63 66 69 72 75 78 80 82 86 
87 89 94 98 102 105 117 118 122 127 130 131 
132 136 140 144 145 151 154 156 161 162 165 167 
168 169 170 171 176 177 178 180 188 189 190 192 
193 196 203 205 214 219 224 226 233 235 236 241 
242 248 251 254 256 257 259 260 262 272 273 280 
283 285 290 292 293 296 298 308 309 311 314 315 
321 322 325 329 331 333 336 339 342 344 347 350 
357 359 361 366 367 372 374 379 380 382 384 386 
389 396 397 399 405 406 408 415 418 420 422 424 
430 443 451 455 457 463 470 485 486 496 497 499 
505 508 511 513 514 515 518 521 525 527 531 533 
534 538 539 540 542 553 560 562 567 571 572 573 
575 581 587 588 596 600 608 610 611 613 615 617 
618 619 620 621 631 635 641 646 649 653 657 660 
664 665 666 668 669 679 687 690 691 692 693 701 
703 708 711 713 720 724 734 737 743 755 756 762 
766 769 771 773 776 777 780 785 790 791 792 795 
797 798 
238
6 10 11 17 18 19 21 24 35 37 39 42 
43 47 48 54 67 68 81 84 86 87 89 91 
96 98 101 103 104 105 107 112 114 120 125 132 
135 138 139 144 149 150 151 152 154 157 158 160 
161 164 170 173 175 177 181 183 184 191 194 195 
199 200 203 204 205 209 217 219 224 227 231 232 
234 238 243 246 249 251 252 255 259 263 265 267 
269 271 278 279 280 285 292 299 300 302 309 311 
312 313 325 331 334 335 346 347 348 351 352 354 
355 359 363 366 368 371 375 377 379 390 392 397 
400 402 403 406 409 416 424 425 426 427 430 431 
435 440 445 446 452 454 455 456 457 458 460 462 
465 473 482 483 485 487 488 492 494 497 505 506 
513 518 521 522 532 534 539 551 553 558 559 560 
561 565 567 569 571 577 578 580 581 582 583 586 
591 597 605 608 609 615 619 621 625 626 629 631 
632 634 635 640 641 648 650 651 654 667 668 669 
674 691 692 696 699 702 705 706 707 708 715 716 
718 725 737 738 739 744 747 749 752 754 756 758 
759 760 767 775 776 779 784 786 798 800 
244
2 3 9 18 27 28 29 41 43 44 46 51 
52 55 57 60 61 62 65 69 75 76 77 84 
87 89 95 97 106 110 112 118 120 122 126 131 
136 141 145 146 147 150 152 153 156 159 161 166 
169 173 177 178 180 182 185 189 190 193 194 196 
200 203 205 207 209 211 217 222 226 228 234 236 
237 238 245 248 252 253 255 256 257 259 262 265 
271 273 278 281 285 286 289 296 300 301 302 305 
307 310 313 318 319 320 322 327 331 335 340 350 
352 353 354 355 356 360 362 364 365 373 374 378 
381 382 386 390 391 392 395 398 399 410 415 423 
425 426 429 433 447 450 454 459 462 465 472 480 
481 485 492 494 495 501 502 508 515 518 521 527 
532 536 537 548 550 556 560 561 568 570 571 572 
574 580 587 592 593 594 595 603 604 612 614 616 
617 622 627 628 631 632 633 634 643 647 648 649 
652 656 658 659 663 666 667 670 671 675 680 682 
687 691 692 694 698 702 703 705 709 716 725 726 
728 730 736 737 739 744 759 760 761 762 765 767 
771 772 773 775 777 778 782 784 785 786 788 789 
793 796 798 799 
260
1 6 10 11 12 13 14 16 18 23 24 27 
29 32 33 35 37 43 46 49 50 51 52 55 
60 61 65 69 70 75 76 88 93 94 110 111 
115 117 126 128 135 137 148 149 154 155 156 159 
160 164 166 168 172 173 174 176 177 183 185 187 
188 190 191 194 198 205 209 213 217 219 221 223 
224 228 229 236 239 244 245 251 257 258 260 263 
264 268 269 270 273 280 281 282 286 288 291 292 
295 297 306 308 309 313 316 324 326 329 330 334 
341 353 354 356 360 362 366 367 369 370 371 372 
379 383 388 390 391 394 400 403 404 405 408 414 
415 420 421 422 432 433 438 439 440 449 451 454 
455 456 458 460 464 467 469 471 474 477 495 501 
502 511 513 515 520 530 537 539 543 545 551 558 
564 565 567 568 569 570 571 580 583 585 588 592 
598 599 600 603 604 605 607 616 619 621 632 633 
634 636 640 642 646 648 651 652 655 659 661 665 
667 673 674 675 676 687 691 694 696 700 701 702 
703 706 708 711 713 716 717 718 719 720 721 722 
723 724 725 726 733 736 739 742 743 748 749 752 
754 755 756 763 768 769 771 772 773 774 776 777 
778 779 782 783 784 786 792 799 
233
3 11 12 23 33 34 39 49 50 58 59 61 
69 79 81 82 85 88 90 91 96 99 100 101 
102 112 114 119 125 127 131 133 134 135 139 143 
148 152 153 154 156 157 159 161 173 174 176 177 
178 185 193 198 202 203 204 207 208 219 221 226 
229 231 233 240 247 248 249 250 255 258 259 260 
264 270 274 280 282 286 288 291 292 293 296 298 
301 302 317 320 324 326 338 343 344 348 349 351 
357 363 364 368 369 370 371 373 377 378 379 386 
394 400 402 404 407 418 419 421 422 426 428 431 
434 440 442 443 444 446 447 448 450 453 458 459 
464 476 481 484 491 494 496 497 506 512 516 520 
522 531 532 533 539 540 545 548 551 555 560 561 
562 573 574 575 579 584 587 590 598 603 604 609 
610 611 616 617 623 624 625 626 627 629 632 633 
636 639 643 646 649 652 655 658 659 660 661 662 
666 669 671 675 679 680 681 683 685 686 687 689 
690 692 699 701 708 717 719 720 721 725 727 732 
735 743 744 747 754 757 764 777 780 782 787 789 
790 791 794 795 799 
222
1 2 4 5 14 20 21 23 25 26 28 34 
36 40 46 59 60 61 67 74 75 83 97 100 
104 107 112 115 118 119 121 125 126 130 137 138 
143 147 149 155 158 159 162 163 164 168 169 171 
172 173 175 194 195 207 209 212 213 221 223 225 
226 233 234 236 238 240 247 248 250 251 252 255 
262 264 272 278 281 285 291 295 301 302 303 304 
307 308 309 315 318 322 331 332 333 334 336 338 
339 341 343 350 352 353 357 358 359 362 364 366 
371 372 378 380 385 388 389 393 395 403 407 411 
413 417 422 424 425 434 436 438 441 446 447 450 
452 457 458 459 464 478 484 488 489 497 504 509 
510 516 522 524 528 532 539 540 542 543 547 553 
554 560 561 562 565 566 572 578 580 583 586 588 
595 596 602 612 617 618 620 626 627 629 636 637 
639 642 645 646 648 656 664 687 695 696 698 699 
700 703 704 705 710 711 714 715 716 726 727 730 
732 738 741 744 752 753 755 761 763 765 777 782 
786 788 790 797 798 799 
251
4 6 10 12 14 15 21 23 25 27 29 31 
32 34 35 45 47 51 53 58 60 62 72 73 
74 76 78 80 84 86 87 91 94 101 103 109 
115 116 123 126 129 130 131 132 134 135 143 147 
153 159 163 171 172 179 182 185 186 187 188 189 
197 200 201 203 207 217 219 225 227 228 229 230 
232 234 235 238 243 244 252 254 258 259 260 262 
269 276 281 283 284 290 293 303 311 316 318 319 
321 323 329 333 335 337 342 346 347 358 362 364 
365 372 373 377 378 382 383 387 402 405 406 407 
411 420 421 423 427 428 430 432 433 436 438 440 
443 446 448 449 452 456 460 462 463 467 468 469 
470 472 473 475 476 480 481 482 483 486 490 491 
492 500 501 502 504 506 508 512 515 526 530 533 
535 537 538 540 542 544 545 555 557 558 559 560 
563 566 572 576 578 583 584 586 589 595 598 601 
603 613 616 617 619 620 622 623 629 632 633 634 
636 639 643 647 659 663 666 679 682 685 688 689 
690 692 693 697 698 699 702 703 711 721 722 725 
732 733 734 739 745 747 751 753 757 759 761 766 
767 768 769 775 778 779 780 782 785 792 799 
231
1 4 7 8 9 14 25 27 29 32 34 37 
40 42 47 49 51 70 76 81 82 84 86 87 
91 98 104 107 109 111 113 124 125 132 138 142 
150 152 158 163 166 168 172 174 177 180 184 188 
189 191 199 204 210 213 214 217 235 236 243 256 
257 265 266 272 274 275 279 283 284 287 288 290 
291 293 295 296 301 303 304 305 306 309 316 320 
322 323 333 342 344 345 347 348 353 359 362 367 
368 370 372 377 379 380 381 384 385 390 392 397 
399 400 401 403 406 410 411 412 414 415 416 426 
427 430 431 433 435 437 441 442 443 450 451 456 
457 460 462 463 467 474 477 483 486 494 500 502 
503 506 510 511 512 513 518 519 524 527 530 532 
533 541 546 549 551 558 559 561 567 577 587 597 
599 600 605 609 611 613 614 618 620 621 633 635 
641 648 649 652 653 655 659 662 664 669 673 675 
684 687 689 694 697 700 701 703 705 711 713 715 
716 717 721 723 725 732 737 738 741 744 746 749 
751 755 757 762 764 765 767 772 777 780 782 790 
791 794 799 
243
2 3 9 11 18 22 24 29 31 33 35 36 
38 42 44 46 49 50 53 56 58 60 64 66 
67 68 74 75 77 79 81 82 85 86 89 93 
95 97 101 105 116 118 119 120 123 125 134 138 
139 143 145 148 151 152 160 162 164 165 166 173 
178 179 182 184 185 187 188 190 191 192 200 202 
203 206 211 218 221 224 225 226 227 229 230 233 
241 250 255 256 259 266 270 272 273 277 279 287 
289 290 293 305 307 309 310 314 321 327 339 341 
347 350 354 358 365 368 378 380 381 382 387 389 
391 392 394 395 396 400 405 407 409 410 412 414 
415 421 422 424 425 428 431 435 437 442 443 445 
449 460 473 475 484 485 486 491 498 501 502 507 
511 512 514 516 522 525 527 528 539 541 543 545 
551 552 558 563 564 565 566 569 571 572 574 577 
592 593 606 608 613 618 623 624 628 635 638 639 
640 644 653 659 661 669 672 673 677 680 681 686 
690 694 697 698 699 709 715 716 720 721 722 723 
725 727 733 736 738 744 747 749 755 756 759 760 
769 771 772 777 778 780 781 785 786 788 789 793 
796 797 800 
221
5 8 11 12 13 14 15 19 22 29 35 37 
38 48 51 53 54 57 66 68 72 75 77 80 
81 91 93 96 107 108 117 118 122 135 139 140 
144 145 146 153 154 158 161 162 171 176 178 179 
182 184 191 192 194 196 201 208 211 213 214 216 
220 229 230 231 236 240 242 251 253 254 256 262 
264 265 268 271 274 277 280 281 285 292 299 303 
305 307 309 311 316 317 319 321 325 333 336 339 
341 346 348 353 359 361 362 363 366 367 372 374 
376 380 390 393 394 399 401 405 413 419 420 421 
429 432 433 434 435 436 438 439 442 443 445 446 
454 455 458 473 476 481 483 485 486 488 492 496 
498 499 507 509 511 513 514 516 518 521 523 524 
526 535 536 537 539 545 546 552 554 563 568 571 
581 583 587 597 601 617 622 628 637 640 641 642 
647 656 657 661 669 672 674 683 684 690 693 695 
698 706 713 714 715 718 721 726 729 730 732 741 
745 753 756 761 762 763 766 772 775 779 780 784 
790 792 793 796 800 
231
1 4 5 8 23 31 33 39 40 41 44 49 
50 51 52 53 56 60 61 62 65 71 73 77 
82 87 88 94 96 100 101 103 106 107 117 118 
123 124 125 127 131 132 134 135 137 138 148 149 
153 155 156 159 160 169 170 174 178 180 191 194 
196 201 210 212 214 215 217 221 222 226 229 231 
234 243 247 255 256 258 263 265 269 275 276 277 
278 283 287 299 305 307 309 316 317 318 319 326 
327 328 329 332 333 334 335 336 351 353 355 356 
360 361 371 372 380 388 392 395 408 410 416 420 
421 428 442 443 445 446 455 461 463 466 469 472 
475 476 478 479 481 485 486 487 488 489 491 493 
494 497 498 503 506 507 508 510 514 515 518 526 
532 537 542 543 549 551 560 562 568 571 572 573 
580 582 588 592 596 598 607 608 613 614 615 620 
622 623 627 630 633 635 636 638 640 641 642 643 
646 648 649 656 658 659 664 668 677 682 691 692 
694 695 697 698 702 704 707 711 713 718 722 725 
736 737 743 745 750 757 761 763 767 769 779 780 
785 798 800 
228
7 8 9 10 11 15 22 24 29 30 40 41 
45 46 49 51 64 67 76 84 85 89 90 96 
99 109 112 113 119 123 125 126 129 138 144 145 
148 150 155 159 160 163 177 178 181 188 190 191 
194 196 198 202 203 204 206 207 208 210 213 214 
220 222 228 230 238 239 240 243 244 249 251 254 
255 257 262 263 264 267 269 271 272 274 276 293 
296 311 316 318 320 321 328 330 335 339 340 341 
343 344 347 352 354 357 364 366 372 375 378 382 
389 393 396 401 402 404 406 408 412 418 423 424 
426 427 431 436 437 438 444 448 450 453 454 461 
474 481 484 486 488 491 498 510 516 519 522 524 
527 528 532 533 534 536 540 542 543 544 545 546 
549 556 561 570 571 577 579 580 581 589 593 594 
599 605 608 609 610 613 616 622 626 635 636 639 
640 641 644 646 648 651 652 656 658 662 665 666 
671 674 679 681 684 689 694 695 699 700 704 707 
715 723 724 725 726 731 734 737 740 741 742 747 
752 756 757 758 761 762 769 771 787 791 797 798 
229
2 4 17 26 29 34 35 42 44 45 48 49 
60 61 68 78 84 87 92 93 94 96 107 116 
128 129 130 137 140 143 144 146 148 150 156 158 
162 167 168 175 179 191 193 195 196 197 200 203 
204 206 207 209 214 216 218 219 221 222 224 238 
241 246 250 255 256 261 263 265 268 269 276 277 
278 282 285 286 288 290 292 299 300 302 303 304 
309 310 312 317 322 323 329 331 332 334 336 337 
342 343 345 348 351 354 358 359 365 369 371 376 
377 378 380 383 385 389 391 393 397 401 405 408 
410 411 412 421 422 423 424 427 431 434 436 442 
447 448 451 452 455 457 460 462 467 481 485 489 
492 495 497 502 503 506 507 509 511 518 520 523 
527 535 541 542 545 550 557 558 563 566 567 573 
574 578 583 587 588 594 597 605 606 608 614 615 
622 626 629 630 631 634 635 643 644 649 654 655 
656 657 662 670 673 674 675 676 679 681 684 688 
690 693 708 710 713 720 731 732 734 735 742 743 
751 753 758 760 761 762 771 774 780 783 784 785 
786 
243
1 5 6 11 14 18 20 21 22 25 26 28 
29 40 44 54 56 65 73 75 76 77 86 90 
91 92 97 100 101 102 103 104 105 106 107 108 
110 112 113 116 117 122 130 134 143 158 161 165 
166 167 168 177 181 185 191 192 200 201 203 208 
213 215 219 222 223 228 232 233 235 236 238 242 
246 251 255 260 267 270 271 273 282 284 287 288 
290 292 294 299 300 301 322 324 326 327 331 332 
335 336 337 338 339 341 342 347 351 352 360 363 
369 379 382 386 389 392 396 402 405 406 410 413 
415 417 419 431 435 437 444 445 446 452 454 458 
460 461 467 475 476 479 481 485 489 493 499 502 
503 506 508 510 512 517 520 522 523 525 526 528 
531 532 534 537 539 541 549 550 551 559 560 564 
570 571 574 575 576 583 586 590 593 596 597 601 
604 606 607 609 611 614 617 618 619 621 625 628 
630 632 636 638 639 643 647 650 655 657 666 672 
673 676 681 691 692 697 698 699 702 708 709 710 
719 721 725 731 734 738 745 747 748 753 755 757 
761 762 766 767 768 773 774 776 779 780 786 788 
791 795 796 
235
4 10 11 12 15 19 22 23 24 29 30 32 
36 37 41 43 46 48 55 57 60 63 70 72 
75 76 82 87 91 92 95 96 97 99 100 103 
107 109 115 118 120 123 125 128 132 133 134 138 
139 142 149 158 159 161 162 163 164 168 170 171 
172 173 176 179 185 187 194 197 204 205 210 212 
214 222 226 230 247 253 254 255 257 259 268 269 
271 272 275 285 287 288 291 292 295 300 305 317 
322 324 329 330 332 338 339 344 350 357 361 362 
364 367 370 371 372 377 381 382 390 393 394 398 
402 404 407 413 414 416 418 419 427 430 434 437 
438 441 444 449 451 461 463 474 475 476 478 479 
480 486 490 503 509 511 517 522 524 528 531 538 
540 550 554 557 560 564 566 568 570 571 578 580 
581 584 586 587 590 591 594 595 599 611 613 616 
618 622 625 629 632 633 635 638 647 651 661 666 
668 674 676 683 686 687 688 691 694 695 697 701 
704 705 706 707 710 711 713 714 716 718 721 727 
730 735 736 737 739 743 744 746 750 752 759 760 
763 768 780 781 788 793 800 
245
3 4 8 13 17 19 22 25 26 27 30 32 
40 41 53 54 57 61 63 66 71 82 86 88 
106 112 116 117 120 130 133 134 136 140 143 146 
147 160 162 167 172 176 178 181 182 187 189 193 
196 197 200 201 202 204 206 207 208 214 216 222 
228 229 230 236 241 242 244 249 250 255 256 257 
258 263 265 266 271 273 280 281 283 291 293 297 
299 300 301 305 306 307 308 309 310 313 316 326 
327 328 330 331 332 333 334 337 338 340 341 343 
353 368 374 376 378 386 388 395 400 401 406 408 
411 413 414 415 424 430 431 434 435 437 438 440 
446 452 454 458 459 460 464 467 484 485 486 487 
492 498 499 501 503 509 512 514 519 525 526 529 
530 533 534 537 543 546 548 549 554 555 556 562 
564 568 569 572 575 576 581 582 583 586 587 589 
593 598 599 602 608 609 614 616 619 620 625 632 
633 639 644 645 646 647 651 662 663 664 665 669 
671 679 682 683 684 686 687 689 695 699 700 702 
704 711 714 715 718 719 720 725 728 729 736 737 
742 753 759 766 768 769 772 773 775 776 784 785 
788 789 793 795 799 
236
5 14 17 24 30 33 41 43 47 49 56 61 
62 67 70 78 79 86 88 92 94 97 101 107 
109 110 111 114 115 116 118 119 122 123 131 139 
144 145 146 147 150 154 159 160 163 167 170 173 
177 178 184 191 193 194 195 198 201 202 206 211 
212 214 221 222 223 227 229 230 233 235 236 238 
243 246 254 258 260 267 269 274 276 277 278 280 
284 288 290 292 295 303 307 309 312 314 324 325 
328 331 333 338 339 341 343 344 353 365 366 368 
371 375 379 380 381 384 387 388 391 396 408 411 
417 419 420 424 425 428 434 437 440 441 447 449 
450 451 452 456 457 458 466 469 472 473 477 482 
483 484 490 496 498 501 502 506 510 511 517 523 
529 530 532 535 537 539 542 544 556 564 566 570 
573 580 584 587 595 596 600 602 604 605 608 609 
622 627 631 632 636 643 648 649 650 651 654 655 
660 661 662 663 667 668 670 671 673 677 678 683 
684 691 692 704 706 710 714 716 725 728 729 730 
732 738 739 740 755 762 763 765 767 772 774 777 
779 785 791 792 797 798 799 800 
224
1 7 9 11 14 18 19 20 21 22 23 26 
27 41 43 45 49 57 58 67 69 70 72 73 
75 77 79 81 84 85 89 90 93 95 96 99 
102 106 110 111 125 127 130 136 138 141 144 146 
148 154 155 156 158 163 166 168 169 170 171 172 
175 180 184 187 188 190 192 193 195 197 203 205 
206 209 213 216 218 226 227 230 234 241 242 243 
244 253 260 262 264 265 266 267 272 275 281 282 
286 288 298 300 304 305 307 313 323 330 333 335 
344 345 349 350 353 362 363 377 378 381 388 401 
405 407 411 415 426 428 431 435 440 442 452 456 
457 464 465 468 475 480 481 482 495 498 501 516 
517 518 523 525 531 533 544 545 547 551 562 563 
568 572 573 574 578 583 584 587 591 594 597 598 
600 601 611 613 620 626 628 629 633 634 640 645 
651 656 657 659 663 664 668 670 676 678 679 687 
692 693 700 701 702 706 714 719 731 737 739 741 
746 748 750 751 752 758 759 762 763 770 771 774 
775 781 783 789 790 791 792 793 
263
1 4 5 12 13 18 19 39 44 48 50 60 
61 63 64 65 71 76 78 79 80 83 87 91 
92 95 105 106 109 113 119 126 131 133 135 139 
140 143 145 149 151 156 167 168 171 173 179 180 
185 186 187 188 189 192 206 207 208 210 215 218 
219 220 224 228 230 234 235 236 237 239 241 242 
247 251 254 257 258 261 263 270 276 277 278 280 
285 287 290 294 297 298 299 304 306 312 319 326 
329 331 334 339 340 341 343 344 346 348 350 355 
358 360 361 363 365 366 370 372 374 377 381 383 
384 385 392 393 395 400 401 402 403 404 407 408 
410 412 416 423 426 428 429 435 436 439 442 443 
447 449 453 456 463 464 465 467 468 469 471 475 
476 478 481 484 487 488 490 499 501 506 508 510 
521 524 526 527 530 534 543 545 546 547 551 554 
557 558 564 574 579 584 585 589 594 597 598 602 
603 605 606 608 612 613 614 620 623 625 626 627 
631 635 637 638 639 644 645 646 648 651 652 656 
662 663 666 670 675 676 677 678 679 681 683 686 
687 690 693 695 698 700 701 706 709 710 714 722 
723 726 727 728 730 736 737 741 743 746 748 756 
758 761 763 764 776 783 793 794 795 798 800 
243
1 4 5 7 8 10 13 14 18 19 23 24 
26 34 40 51 53 56 61 63 64 65 66 67 
69 72 80 83 87 88 93 94 97 99 100 111 
112 121 123 125 127 139 140 144 147 154 157 158 
160 161 163 169 171 173 176 177 180 184 186 188 
193 197 198 201 205 206 208 209 210 213 226 229 
230 233 235 236 237 238 239 241 242 245 251 253 
254 258 265 269 270 271 273 274 277 278 279 281 
283 288 291 292 295 297 304 306 308 309 310 322 
324 327 331 336 337 338 339 341 343 345 346 347 
352 354 356 367 370 373 378 386 388 391 396 397 
399 401 404 407 408 410 414 415 417 420 422 432 
434 440 442 447 448 449 462 468 471 472 474 476 
477 480 484 489 492 503 505 508 511 517 522 523 
526 529 536 543 548 555 556 557 565 568 583 584 
585 586 590 593 597 598 603 607 612 616 617 624 
625 629 631 633 643 646 647 648 652 653 654 658 
659 663 670 671 673 690 691 692 694 698 700 701 
708 710 711 719 722 723 727 728 737 743 744 747 
748 757 759 763 765 769 771 773 778 780 789 794 
795 797 798 
252
1 9 11 14 15 19 26 28 33 34 36 38 
46 47 49 50 53 54 55 58 61 63 64 67 
69 74 75 78 82 84 86 88 93 94 95 99 
101 102 105 106 110 114 126 130 135 137 138 140 
146 147 157 163 166 167 175 177 181 182 183 187 
192 197 198 205 206 208 209 211 212 213 215 217 
223 224 226 227 230 238 241 244 245 247 248 252 
259 260 261 266 272 273 275 276 280 281 283 285 
287 293 297 305 308 309 311 314 315 316 319 321 
325 330 336 344 346 351 353 354 358 359 362 369 
376 377 383 385 391 396 397 401 409 411 413 418 
422 425 435 437 442 446 449 460 463 464 469 470 
475 476 490 493 494 495 497 498 500 507 511 512 
514 515 516 521 522 526 527 528 529 530 531 534 
537 541 544 548 550 552 554 555 557 566 567 572 
578 580 581 582 584 586 592 593 600 603 609 611 
613 614 617 619 622 625 628 636 637 639 641 645 
646 650 653 654 657 660 661 662 664 665 666 670 
674 677 679 682 686 690 691 694 703 705 717 718 
719 726 727 729 730 737 747 748 754 755 757 759 
762 767 768 769 770 771 772 774 781 783 787 798 
252
1 2 4 8 11 13 15 17 20 26 30 31 
33 44 51 62 63 72 78 81 84 99 100 103 
108 111 112 119 124 125 129 132 143 144 150 153 
159 164 173 179 180 181 182 189 190 195 199 201 
203 209 212 214 218 220 223 227 228 229 236 241 
243 244 245 249 251 253 260 261 263 276 277 285 
292 294 300 303 304 305 306 309 317 318 325 326 
328 330 333 337 338 344 352 356 357 361 366 368 
369 370 371 375 377 379 381 382 389 391 392 393 
396 398 400 402 403 405 408 413 415 417 419 426 
429 432 433 439 440 441 442 443 444 453 455 456 
458 459 465 466 467 474 479 480 482 486 488 491 
494 498 501 504 506 507 509 512 514 520 523 529 
531 533 536 539 544 545 550 551 552 557 559 566 
567 568 577 580 584 589 593 594 596 597 603 607 
613 615 619 624 628 633 634 635 641 642 647 648 
649 651 652 656 657 660 661 663 664 669 674 678 
682 683 688 689 695 698 700 705 710 713 716 719 
720 721 722 724 725 732 733 736 737 740 744 746 
747 749 751 753 754 756 760 764 765 766 767 768 
770 774 778 781 783 785 786 787 788 793 796 798 
239
2 11 17 18 26 28 39 44 52 53 58 63 
65 68 72 76 83 84 85 87 91 104 107 108 
111 115 116 117 126 138 139 143 144 146 148 153 
154 155 163 164 166 172 183 184 186 192 194 195 
198 200 201 204 205 206 208 211 212 214 216 223 
224 227 240 246 248 250 251 252 254 261 263 272 
275 283 284 285 286 290 291 292 293 298 299 302 
307 308 315 317 318 321 322 323 327 329 332 334 
335 336 337 346 349 351 358 359 363 369 370 371 
372 381 386 387 389 392 393 397 398 402 403 407 
410 412 414 420 421 424 427 428 432 437 439 440 
451 456 457 458 460 462 464 467 468 469 473 479 
482 487 488 489 490 495 500 501 505 507 518 519 
525 540 542 545 549 559 566 567 569 571 579 582 
583 595 598 603 604 605 606 607 608 613 614 618 
622 624 625 631 637 640 641 644 645 647 649 650 
657 658 659 661 665 668 673 679 688 689 696 699 
700 701 703 704 705 706 708 709 714 715 719 720 
721 724 725 730 731 742 743 748 750 752 753 754 
760 762 767 769 772 774 779 783 789 792 794 
240
2 5 7 10 13 19 20 21 25 28 30 31 
32 38 45 48 52 54 60 61 62 64 67 72 
78 82 83 90 94 96 97 100 102 115 117 121 
123 124 126 129 130 137 140 141 152 153 154 156 
160 165 168 169 172 173 175 183 188 192 194 198 
200 206 210 214 215 222 225 226 230 231 232 235 
237 239 240 242 249 260 268 270 271 273 274 277 
284 285 286 288 292 293 297 301 305 308 314 315 
316 322 327 333 335 337 338 342 348 350 351 353 
357 358 363 365 367 374 377 378 379 384 388 401 
402 404 406 407 408 410 421 425 426 427 430 434 
438 440 444 450 451 454 462 465 466 467 470 476 
491 492 494 496 497 500 502 505 507 511 513 514 
515 520 521 522 523 524 527 532 535 536 538 541 
548 551 553 555 557 566 571 582 583 586 591 592 
593 595 596 599 601 606 611 613 617 618 619 624 
635 636 642 645 646 650 652 653 655 656 657 658 
660 663 667 668 673 677 682 694 700 701 702 711 
714 721 725 728 735 737 738 740 743 749 759 767 
770 773 774 775 776 778 782 783 786 790 796 799 
265
15 18 20 21 22 24 27 28 32 33 34 37 
40 41 45 49 50 51 57 66 69 72 74 77 
78 80 84 87 88 92 97 110 118 119 127 128 
130 143 144 145 149 151 152 153 157 159 163 164 
166 172 173 175 184 190 191 192 194 199 203 206 
207 208 211 213 214 215 218 228 229 230 234 235 
236 238 246 247 249 252 256 258 259 265 269 271 
274 277 285 290 291 294 295 296 299 304 308 310 
312 313 315 325 328 331 336 337 339 340 341 342 
343 346 348 350 353 355 356 362 365 370 371 374 
378 379 382 384 386 387 390 392 393 397 401 409 
411 413 418 420 421 423 425 429 431 434 435 440 
446 447 448 449 450 452 453 454 458 460 461 465 
467 475 477 480 481 482 483 484 486 488 489 491 
492 494 495 497 498 500 510 512 521 525 527 529 
530 531 534 535 538 544 545 547 549 552 565 566 
575 577 583 584 591 592 593 595 597 598 607 613 
617 621 623 631 633 639 647 649 651 653 656 657 
662 666 670 671 674 676 677 678 685 688 691 692 
701 705 710 711 712 714 717 724 725 726 727 728 
729 732 739 743 750 751 753 754 756 757 759 762 
763 764 766 770 771 778 783 793 795 796 797 798 
800 
243
4 9 10 16 21 32 36 42 43 48 50 52 
54 55 56 58 59 60 62 63 64 67 70 71 
78 84 87 89 91 92 99 100 101 105 107 111 
114 116 119 122 123 126 129 134 138 140 143 144 
151 155 156 158 164 165 167 168 172 182 183 192 
193 195 196 197 205 206 207 210 212 213 223 224 
227 236 241 242 245 252 258 259 261 264 269 272 
280 281 285 291 295 296 297 301 305 306 311 312 
313 315 316 319 321 323 326 329 330 333 336 337 
339 340 344 349 350 354 357 361 365 369 373 375 
377 378 387 389 391 392 393 397 398 399 401 406 
408 412 414 419 421 422 423 426 430 434 450 451 
455 456 459 465 467 469 475 477 478 484 485 494 
499 516 520 523 524 529 530 534 539 544 545 546 
548 554 559 560 566 570 573 574 575 577 582 586 
587 592 595 596 598 601 603 609 613 620 626 631 
634 640 643 646 647 650 654 659 665 666 674 676 
677 679 680 689 692 693 703 704 707 709 710 714 
715 716 718 722 726 727 728 729 732 737 741 748 
750 751 753 758 759 761 768 771 774 776 791 792 
794 795 797 
243
1 7 10 11 19 23 26 31 36 41 43 46 
50 57 58 75 77 78 83 98 99 101 102 103 
107 117 119 122 126 128 130 132 134 136 145 146 
147 148 158 160 161 162 163 167 169 170 173 175 
176 177 178 181 186 189 197 201 202 209 210 214 
215 219 230 231 232 234 235 237 244 250 256 258 
263 266 268 269 277 281 282 284 286 287 291 293 
295 297 298 304 310 311 318 324 330 336 340 341 
342 344 346 359 367 368 369 370 372 374 375 376 
377 379 382 384 385 386 388 391 395 396 397 403 
408 409 412 413 415 419 421 424 430 433 435 439 
441 448 452 453 456 459 464 465 467 475 480 485 
487 489 491 495 496 499 502 504 506 511 515 519 
520 532 534 540 548 549 550 551 553 558 560 569 
571 574 576 580 581 585 586 587 589 595 598 600 
604 608 614 617 618 620 626 628 635 638 646 648 
649 651 652 653 655 656 658 661 667 668 673 676 
677 681 683 684 685 693 694 700 701 702 703 704 
706 708 717 722 725 728 731 734 735 737 739 740 
743 747 750 753 762 764 766 768 773 778 784 786 
788 797 799 
226
12 17 25 31 35 40 42 45 47 48 57 68 
69 73 83 86 101 102 104 108 109 113 123 125 
127 129 131 135 136 137 143 144 145 149 151 154 
155 159 160 168 169 175 179 182 183 184 186 188 
191 193 196 201 202 203 210 220 223 233 243 246 
247 251 253 255 257 260 263 265 269 270 281 284 
287 294 295 307 310 318 320 324 327 328 330 332 
334 335 337 341 342 344 345 346 351 354 358 373 
376 400 406 416 417 420 427 429 430 432 433 435 
443 444 448 449 451 457 458 462 464 467 471 476 
478 479 480 485 486 487 494 495 497 501 506 507 
510 513 522 524 525 531 536 538 539 543 544 546 
551 553 556 558 563 566 570 576 580 583 584 587 
593 595 596 597 599 605 606 607 610 612 620 624 
629 630 638 641 648 652 654 658 664 669 671 674 
675 676 677 678 679 684 685 687 688 694 698 699 
702 704 705 707 712 719 723 724 725 730 732 738 
741 742 743 750 755 758 760 765 767 768 770 779 
780 784 785 788 792 795 796 797 798 800 
251
1 7 11 17 20 23 24 29 30 31 36 44 
46 49 53 55 56 57 60 61 65 66 68 77 
86 92 102 104 113 116 117 118 120 121 123 125 
126 129 130 132 134 137 139 140 142 145 146 147 
148 150 151 154 155 156 158 161 165 169 171 174 
175 176 181 183 189 194 200 206 209 211 212 214 
216 217 220 227 229 241 250 254 255 270 271 272 
275 279 282 284 291 298 300 301 306 311 313 315 
318 322 324 326 328 330 331 335 340 345 346 347 
355 359 363 368 369 371 374 376 378 379 381 385 
388 390 391 400 403 405 408 411 412 415 418 419 
420 421 424 425 428 431 434 438 439 440 442 449 
458 461 468 474 482 484 494 495 498 499 502 504 
509 512 513 518 525 531 532 534 540 542 543 544 
547 549 550 551 553 555 558 561 568 569 570 572 
573 582 584 585 586 587 593 594 600 601 602 609 
610 611 615 623 626 629 632 634 635 636 637 641 
646 647 649 650 662 664 665 667 670 673 674 675 
684 693 695 710 711 712 717 720 728 731 733 736 
740 741 744 747 748 750 757 760 761 763 769 771 
772 774 775 778 779 782 783 784 789 794 796 
237
1 5 7 12 38 40 46 48 57 58 59 60 
63 69 76 78 79 81 90 91 92 93 94 99 
105 106 107 109 117 120 121 125 127 128 134 135 
136 138 142 143 144 146 148 149 150 152 154 155 
157 158 162 163 164 167 177 183 184 185 188 189 
192 208 216 217 218 223 225 228 229 231 233 238 
239 242 246 249 257 262 263 265 266 270 273 278 
281 283 284 286 292 300 305 307 311 314 315 319 
321 327 332 334 338 339 340 347 351 356 362 368 
370 371 373 380 385 390 392 393 394 396 399 403 
404 408 410 411 413 419 429 431 434 439 441 450 
451 454 455 461 462 464 465 470 473 477 478 480 
481 484 488 495 511 513 514 518 519 520 524 528 
531 536 540 541 542 544 547 548 551 553 555 556 
568 574 584 592 596 605 607 615 616 620 621 623 
625 632 635 640 643 645 647 648 649 654 655 662 
663 664 667 670 674 675 681 682 685 699 701 704 
708 712 713 716 721 722 724 725 727 730 731 735 
740 747 752 753 760 768 769 773 775 776 778 779 
780 781 785 788 789 791 798 799 800 
243
1 5 7 11 12 15 16 18 19 21 25 28 
32 33 35 38 39 41 43 44 47 51 52 53 
57 61 65 68 72 75 78 80 81 82 87 88 
96 115 121 123 129 132 138 140 142 147 150 153 
161 164 167 169 174 179 181 183 184 185 186 187 
188 190 193 195 199 200 202 203 206 210 213 214 
219 223 224 229 231 234 240 242 245 246 247 250 
261 263 264 265 267 269 275 276 281 285 289 294 
296 303 305 306 311 313 316 317 319 325 328 330 
331 334 335 341 345 348 354 357 363 370 371 373 
374 376 378 379 384 390 394 396 399 400 401 402 
405 406 411 413 416 427 429 435 437 440 441 442 
446 449 454 458 466 469 475 476 489 490 498 502 
503 506 507 511 513 516 517 518 521 525 531 535 
538 539 540 544 546 549 555 560 561 566 572 574 
575 578 579 580 583 586 591 597 604 606 607 612 
614 618 622 624 637 638 641 643 644 645 653 655 
656 660 663 675 677 678 687 689 703 704 706 709 
711 718 719 720 725 726 728 737 739 745 746 751 
752 754 757 762 764 766 772 781 783 784 787 788 
789 795 798 
234
3 7 11 14 15 19 27 28 37 40 41 44 
52 53 56 61 62 64 66 73 74 78 80 84 
85 90 93 105 110 112 113 115 117 126 128 132 
138 145 157 158 164 166 168 179 180 181 185 186 
187 191 195 196 197 198 201 202 206 211 214 216 
224 236 246 250 258 265 269 275 281 284 287 292 
294 296 300 302 304 306 314 320 323 328 329 336 
339 343 345 347 350 353 354 355 359 360 361 366 
367 371 374 378 379 383 391 392 393 397 398 402 
403 408 409 413 420 423 434 435 437 442 444 445 
446 447 450 453 455 456 459 462 464 466 468 469 
475 476 478 481 484 492 498 501 502 504 509 515 
516 519 522 523 524 529 531 537 538 548 549 551 
557 558 563 569 576 577 578 579 580 581 593 595 
597 600 601 604 605 607 608 612 614 620 621 622 
627 628 631 636 645 652 653 654 656 657 658 659 
666 668 672 675 679 681 688 689 692 693 694 697 
698 699 702 708 716 719 722 723 724 726 728 735 
738 739 743 745 751 758 760 762 764 770 781 782 
785 786 787 788 792 793 
239
3 7 14 16 23 26 35 40 45 46 55 59 
61 62 64 65 66 71 78 79 83 85 89 94 
99 105 106 107 110 112 120 123 125 126 131 132 
133 135 138 140 142 146 148 149 157 159 160 166 
167 168 169 170 171 175 177 183 185 186 187 192 
195 204 205 206 210 213 214 218 220 222 224 239 
240 242 256 258 259 260 263 266 270 272 279 280 
281 284 287 289 291 292 297 299 303 306 307 313 
315 321 322 332 333 335 336 337 338 340 343 349 
351 353 365 367 368 370 377 379 385 389 393 394 
397 399 400 402 405 406 410 414 422 425 432 433 
436 438 440 443 444 445 453 459 462 467 471 473 
476 479 482 486 493 495 497 499 502 507 508 509 
519 525 528 534 535 536 537 540 541 542 545 553 
554 562 563 567 568 571 574 576 581 583 586 590 
591 595 614 619 622 623 626 634 636 641 647 651 
653 655 656 665 667 669 671 673 676 677 679 685 
688 701 706 714 719 724 726 729 733 734 736 738 
740 741 744 746 752 753 756 757 759 762 765 767 
769 770 777 781 782 784 787 788 789 792 799 
234
3 4 6 7 9 10 15 19 20 22 26 32 
34 42 44 45 47 51 56 58 59 63 68 73 
74 75 77 84 88 91 94 95 99 102 105 109 
114 116 118 125 130 134 135 144 150 155 157 166 
167 169 177 178 179 182 184 185 190 194 198 202 
207 217 226 235 237 246 248 249 251 255 257 261 
267 270 271 274 279 292 294 295 296 299 301 303 
305 316 320 321 325 327 340 346 347 348 351 353 
359 363 365 367 369 372 376 380 381 383 385 392 
395 397 398 403 409 410 413 414 415 416 418 420 
423 425 426 433 434 435 437 440 443 444 445 446 
448 453 455 457 458 462 463 465 466 468 474 477 
480 486 495 496 502 509 510 511 512 522 525 529 
535 536 542 543 544 547 550 554 556 557 558 564 
572 576 579 580 581 582 590 591 592 596 600 602 
603 606 607 613 617 621 628 629 632 638 639 647 
658 664 669 675 690 692 693 695 701 702 703 706 
708 711 718 721 722 727 729 731 734 736 737 739 
746 747 750 756 765 766 770 771 774 777 781 783 
786 788 790 793 796 799 
230
11 12 19 24 25 32 37 39 41 43 46 47 
48 52 53 56 58 60 63 66 71 73 76 78 
79 82 84 87 88 90 94 110 111 117 118 119 
123 127 131 134 139 140 141 147 148 149 153 154 
156 157 159 162 165 169 170 175 180 189 191 193 
194 195 196 199 201 202 207 208 219 226 228 229 
231 233 239 241 242 243 246 249 258 261 269 274 
281 283 286 289 292 294 296 306 308 310 315 319 
321 322 324 327 329 331 336 337 338 341 342 347 
350 353 361 367 371 374 378 379 381 384 388 400 
402 403 404 415 420 425 433 437 442 450 452 458 
461 462 464 468 470 471 473 477 478 479 483 484 
485 488 490 493 501 503 516 518 520 524 526 532 
539 540 541 545 546 547 548 549 553 557 566 569 
575 577 581 585 587 588 590 600 605 612 615 621 
636 638 640 641 645 653 656 659 660 661 664 666 
672 674 676 677 678 686 689 693 694 695 697 699 
701 702 706 709 723 726 732 733 740 742 748 755 
757 760 763 768 772 775 780 781 782 785 786 794 
796 798 
270
2 6 9 10 11 21 23 24 28 29 30 32 
33 34 35 36 39 40 43 44 55 71 73 74 
75 81 83 86 90 91 93 95 97 98 101 104 
110 114 118 119 121 122 126 132 134 136 145 150 
155 158 163 164 165 170 172 174 178 183 184 186 
193 200 202 203 204 205 211 213 217 218 222 226 
232 234 241 245 246 247 250 254 255 256 257 258 
259 262 268 276 277 278 284 290 291 292 293 295 
297 298 300 302 307 310 311 313 314 317 319 320 
323 324 326 329 335 339 340 341 342 343 347 349 
352 353 360 362 365 367 376 378 380 381 382 387 
389 391 392 394 396 399 403 404 406 407 410 415 
416 418 421 425 426 428 433 438 439 440 443 447 
452 457 464 465 471 475 476 479 483 486 494 496 
502 503 504 506 511 515 521 526 532 533 534 536 
539 541 542 543 545 546 550 552 557 560 568 569 
572 573 576 578 579 583 587 593 595 596 598 600 
604 606 611 617 623 627 628 629 630 635 637 642 
643 644 645 648 663 665 667 670 672 679 681 684 
685 690 692 698 700 702 703 704 705 706 709 712 
714 717 719 722 727 731 732 737 738 739 744 745 
747 749 750 760 768 769 771 772 773 777 779 780 
781 785 787 792 795 796 
216
3 9 18 28 34 49 50 51 53 54 61 69 
74 78 84 86 90 93 94 105 109 113 118 132 
135 138 143 146 148 151 155 160 162 164 165 167 
168 169 171 173 177 186 187 194 206 207 211 215 
218 220 221 222 224 225 226 237 239 242 243 244 
245 248 254 255 256 257 261 262 264 266 267 268 
270 273 277 282 289 291 292 298 300 301 312 324 
325 327 336 340 343 350 351 352 362 363 368 369 
370 378 380 384 389 391 399 401 402 405 408 416 
419 420 430 433 435 437 438 442 445 446 448 451 
452 454 455 459 472 475 478 484 485 486 490 497 
499 509 513 516 518 519 521 526 531 537 539 541 
546 548 551 553 555 561 565 568 569 570 579 581 
582 587 594 595 600 606 608 619 622 623 624 625 
626 631 635 637 647 648 650 656 658 663 665 666 
668 673 674 676 678 683 688 689 691 693 694 697 
701 705 706 716 718 725 726 728 736 747 748 749 
752 754 758 759 762 764 767 770 783 787 793 800 
227
2 5 6 7 12 17 23 27 29 37 39 41 
45 48 49 53 64 67 70 78 79 81 87 88 
89 90 95 96 98 99 102 106 112 113 119 120 
121 123 125 130 131 137 138 145 147 150 151 153 
155 157 158 159 161 162 166 171 184 185 188 190 
196 198 202 206 210 211 214 215 216 218 219 221 
227 229 248 255 258 259 270 272 273 286 287 289 
290 296 297 306 308 310 311 317 326 337 339 341 
348 350 351 352 354 356 365 371 372 373 380 382 
391 392 393 394 398 401 403 407 408 417 418 419 
427 429 430 434 435 439 446 447 453 458 459 460 
470 478 480 481 482 486 488 492 496 498 503 504 
509 514 519 522 524 525 526 528 533 535 539 545 
549 554 555 556 566 571 574 583 585 586 588 594 
596 597 606 612 614 615 616 619 621 622 623 632 
634 635 643 644 651 654 663 669 671 677 679 682 
683 685 688 693 697 700 703 704 713 716 717 721 
731 733 737 740 742 749 750 758 761 765 771 775 
776 779 780 781 782 783 787 792 794 797 800 
260
10 11 20 21 29 33 40 41 42 44 51 52 
53 55 67 68 70 71 72 73 76 79 80 81 
84 89 95 96 98 99 102 108 109 110 114 117 
120 125 126 127 130 131 140 141 148 149 158 161 
165 169 170 174 175 180 182 187 199 202 204 206 
208 213 218 222 223 224 226 227 230 234 236 237 
241 242 243 244 247 250 251 257 259 261 269 271 
274 276 277 279 281 285 287 289 291 293 296 298 
307 308 310 312 313 314 315 318 319 322 327 329 
339 340 342 344 350 352 363 365 371 373 381 383 
390 400 401 403 404 406 408 416 418 420 421 423 
424 426 427 433 435 438 440 444 447 448 449 451 
454 455 460 463 467 470 475 476 477 478 482 485 
488 489 496 498 503 507 510 511 514 515 519 520 
524 527 529 532 534 535 537 541 542 543 544 545 
551 555 572 575 578 580 582 584 585 586 587 591 
593 595 596 597 599 602 606 610 617 620 621 623 
624 634 635 639 640 643 650 653 672 673 678 682 
684 692 703 705 708 709 712 713 715 721 726 727 
728 732 734 735 736 737 738 740 742 743 747 748 
749 753 754 756 757 758 762 765 769 770 771 772 
780 781 785 786 788 796 799 800 
253
9 10 11 12 14 18 20 23 33 40 41 43 
44 46 47 48 51 55 63 65 67 68 69 70 
76 78 79 82 84 93 97 99 103 104 105 109 
119 121 122 127 133 141 142 155 158 160 163 172 
174 175 178 179 181 186 193 196 197 199 202 208 
210 212 214 216 220 224 229 239 241 244 247 249 
250 252 255 259 261 262 269 272 274 275 276 280 
283 286 288 290 292 295 297 303 306 311 315 318 
329 331 333 336 337 339 340 345 348 351 354 357 
359 366 371 373 375 376 379 382 383 387 388 392 
394 398 399 400 401 402 403 406 411 413 414 418 
420 425 426 428 429 430 433 436 438 444 445 455 
457 468 477 481 487 491 492 493 498 499 500 501 
503 507 508 511 513 515 516 520 522 524 526 530 
531 532 533 534 542 545 551 555 557 563 565 567 
571 573 575 576 577 582 583 590 592 595 600 606 
609 612 613 616 622 624 627 634 638 639 643 645 
647 650 651 654 660 665 670 675 676 677 679 680 
688 692 695 696 699 700 703 705 708 709 713 716 
720 728 731 736 738 749 750 752 753 755 756 758 
759 761 762 764 765 770 778 782 783 784 791 793 
800 
262
8 10 11 12 17 19 20 23 30 31 34 35 
38 40 44 46 47 48 53 54 68 71 72 74 
79 81 82 83 86 87 88 92 93 94 101 104 
107 108 109 110 114 116 121 123 124 129 131 133 
135 138 145 146 156 158 162 167 171 172 175 178 
186 189 193 195 199 201 206 207 208 209 210 216 
221 224 225 239 251 252 260 261 268 273 279 281 
283 285 287 290 291 294 295 296 298 303 304 305 
309 311 316 317 318 320 336 340 341 344 351 354 
357 359 360 361 362 364 365 367 370 373 377 381 
388 391 392 395 403 405 407 412 416 419 422 424 
437 443 445 446 447 448 455 456 459 462 463 467 
473 474 476 486 493 495 496 497 499 500 503 506 
507 509 510 516 517 519 521 525 527 529 530 533 
535 539 540 541 547 550 552 555 557 558 560 564 
567 568 570 572 579 580 581 583 584 585 589 593 
596 597 599 600 604 607 608 612 613 617 620 621 
624 627 628 636 640 646 647 648 649 650 651 654 
661 662 665 666 668 671 678 679 680 681 684 690 
693 697 700 701 703 707 716 719 726 727 729 734 
743 744 745 746 751 754 755 760 762 764 766 769 
770 772 775 776 778 781 782 784 785 789 
242
1 2 10 13 15 17 18 19 23 33 37 38 
39 48 50 52 56 60 64 66 68 77 82 85 
86 90 91 94 95 100 106 109 110 111 113 116 
117 119 120 125 128 133 134 137 140 142 143 149 
153 155 156 163 164 165 167 171 172 173 178 181 
184 185 192 198 199 205 209 216 219 222 231 232 
235 239 240 241 253 270 275 277 280 282 283 286 
291 292 298 300 305 306 309 310 313 314 322 323 
324 326 333 340 345 347 349 350 351 357 359 360 
361 365 367 373 380 381 385 393 396 398 409 415 
416 421 424 433 436 437 438 440 443 446 450 454 
458 459 461 464 465 472 474 475 477 478 480 491 
494 498 502 507 508 513 514 515 518 519 523 528 
529 536 537 539 546 550 559 560 564 566 568 569 
570 578 581 587 588 592 598 602 603 605 607 608 
609 610 615 616 619 620 626 628 629 632 633 638 
641 643 655 659 661 662 664 666 668 671 679 680 
681 687 688 690 692 693 697 699 706 709 710 716 
717 718 721 723 724 726 727 728 731 741 743 744 
747 750 753 760 765 768 773 782 789 792 795 797 
798 799 
232
11 19 21 24 25 27 37 39 40 42 44 48 
51 53 54 56 60 62 63 67 72 77 80 81 
83 88 98 99 100 102 105 108 113 118 120 126 
127 137 143 146 152 154 156 162 164 165 167 168 
170 172 173 176 184 190 195 199 202 203 217 218 
221 224 226 227 229 231 239 241 242 246 251 252 
253 258 260 261 262 265 270 274 283 288 294 295 
297 300 306 312 318 320 322 336 337 341 343 344 
345 347 349 354 355 357 359 360 361 366 367 370 
372 374 385 390 393 396 400 406 417 418 419 423 
426 427 429 432 434 435 441 442 444 448 454 456 
459 477 478 481 487 488 495 500 502 505 512 515 
517 518 523 525 528 535 537 542 544 545 548 549 
550 552 554 555 557 564 572 576 580 582 589 591 
592 596 599 609 610 611 612 613 620 621 625 626 
629 632 639 647 650 652 656 657 658 671 673 677 
680 692 695 697 699 700 705 707 708 710 713 715 
716 718 722 723 726 727 732 736 740 746 747 748 
750 753 754 760 761 767 769 770 771 775 778 784 
787 788 792 797 
250
2 10 12 14 17 18 20 22 25 26 29 31 
34 37 40 44 48 49 55 60 61 63 66 73 
75 79 80 81 82 84 85 95 96 97 98 100 
103 108 109 110 113 114 122 128 129 131 135 136 
140 141 143 146 147 150 161 164 165 167 169 171 
176 177 178 180 184 187 188 192 202 205 208 212 
213 215 220 224 225 226 228 229 230 236 242 248 
249 256 258 259 260 261 263 267 269 271 273 274 
275 276 283 284 285 291 292 294 296 300 304 308 
310 313 315 317 323 331 342 343 349 352 353 355 
356 360 362 364 367 372 377 378 385 386 387 395 
400 402 406 413 417 420 421 422 424 425 428 431 
436 438 445 451 454 460 463 467 469 478 480 485 
487 488 498 500 502 503 509 511 514 516 517 518 
519 521 525 527 530 532 544 546 548 549 556 560 
562 573 574 575 576 580 581 585 589 591 598 599 
605 607 611 612 616 619 628 632 639 646 652 656 
657 659 665 679 683 684 690 692 695 696 697 698 
699 700 703 704 707 708 710 713 718 719 721 722 
726 728 731 733 738 743 748 753 757 762 768 770 
774 776 779 780 782 785 791 796 799 800 
224
1 6 8 13 23 25 29 31 33 34 40 43 
46 51 52 53 57 58 63 66 73 74 77 81 
82 84 85 86 87 91 98 100 105 110 111 113 
116 117 119 121 127 134 137 140 145 151 152 157 
163 167 169 170 171 183 185 195 196 198 200 201 
202 203 206 207 209 212 217 218 219 221 224 230 
233 238 239 241 244 247 251 256 257 267 269 272 
275 277 278 279 284 292 293 303 305 306 308 310 
311 312 313 316 319 320 328 338 340 342 345 347 
349 357 360 370 372 375 376 385 386 387 393 397 
405 419 424 425 431 432 439 445 446 450 451 452 
453 455 462 467 473 474 478 479 480 483 489 496 
499 504 515 517 518 519 520 522 526 527 528 531 
541 543 545 546 549 554 559 563 567 579 581 583 
590 591 592 594 595 599 603 608 611 614 615 626 
628 636 645 646 650 654 656 657 659 661 662 666 
667 668 669 676 678 679 680 683 687 697 702 705 
707 710 717 719 732 734 737 749 754 765 769 770 
772 779 780 784 785 790 794 799 
230
2 7 10 17 19 21 25 26 32 35 37 38 
44 46 53 55 62 64 65 66 71 72 73 74 
77 78 86 105 106 107 113 118 121 122 124 126 
129 132 133 135 138 143 149 153 160 163 166 175 
181 182 187 189 190 191 194 195 202 204 210 211 
215 218 222 228 230 233 234 237 241 242 248 250 
252 255 268 274 276 282 285 286 287 291 306 309 
320 321 326 329 330 335 338 341 350 351 362 368 
370 372 374 375 379 380 383 386 390 392 393 394 
396 397 404 412 414 418 419 421 424 425 428 430 
431 432 434 437 438 443 446 447 448 449 450 455 
463 466 471 473 482 483 484 485 486 487 489 498 
501 504 509 513 516 520 521 524 529 530 533 534 
540 541 553 555 558 561 562 565 575 588 593 595 
596 601 602 604 608 610 611 619 621 622 625 627 
630 632 633 634 636 641 644 645 648 657 661 664 
671 677 678 685 686 690 695 700 706 708 709 718 
721 729 730 733 744 748 749 750 751 752 756 759 
760 764 769 777 780 784 785 788 789 793 794 796 
799 800 
225
3 7 9 18 20 21 26 31 33 34 35 36 
40 45 48 55 60 62 63 64 65 66 79 86 
90 91 104 105 108 110 116 119 124 126 128 132 
138 139 140 141 143 144 147 148 156 162 165 169 
171 172 179 184 185 202 204 207 209 210 211 213 
214 221 224 230 234 239 241 242 248 250 252 260 
263 267 268 272 274 281 294 295 296 297 303 314 
320 322 324 325 326 327 328 332 335 336 338 339 
341 343 344 348 353 355 356 358 362 366 367 368 
371 372 373 378 381 383 384 386 387 389 402 411 
412 415 417 421 423 428 436 437 439 442 443 445 
446 451 456 469 472 473 476 478 483 485 488 492 
501 505 508 511 519 524 526 528 529 531 540 541 
553 557 559 561 562 563 565 572 576 579 580 581 
583 595 596 598 605 608 609 610 612 617 620 624 
628 630 635 639 640 645 646 649 651 652 659 660 
663 666 671 684 689 691 693 694 699 701 703 705 
711 719 720 721 722 723 724 726 732 736 740 741 
745 750 759 763 770 780 782 786 797 
251
6 17 22 24 25 30 32 33 40 46 55 56 
57 62 68 71 77 79 82 84 90 91 93 97 
98 103 107 110 112 113 114 120 123 124 125 126 
129 137 140 141 143 145 148 161 165 169 171 174 
175 177 179 181 187 190 191 201 202 204 206 211 
227 229 231 234 235 241 244 245 246 248 251 257 
261 262 266 267 269 270 276 277 283 286 288 292 
299 301 302 306 308 312 313 317 319 323 326 328 
329 330 337 339 340 341 343 344 349 353 358 365 
366 369 370 371 372 375 376 377 380 387 392 394 
395 398 399 403 406 409 410 419 422 426 427 430 
432 446 448 451 455 459 460 461 463 464 465 466 
468 476 481 489 492 493 496 498 500 507 513 517 
520 522 523 526 529 532 533 534 536 539 543 546 
548 551 554 555 556 558 559 560 561 566 573 575 
577 578 586 588 590 595 596 600 604 606 608 610 
611 616 619 626 627 632 633 634 636 642 644 647 
650 653 656 659 661 663 666 667 669 671 673 674 
677 680 684 686 687 688 689 694 699 703 715 719 
720 721 722 724 726 727 734 735 736 742 753 765 
766 767 770 771 772 784 785 788 790 799 800 
240
2 6 8 15 16 21 22 23 26 30 33 36 
37 42 44 45 46 48 50 54 56 60 66 69 
72 74 75 81 91 95 100 105 112 113 116 117 
120 125 129 130 134 137 142 154 155 160 163 165 
166 183 186 189 192 196 197 200 201 202 203 204 
205 210 211 214 219 226 227 231 232 233 238 239 
245 253 258 261 264 274 275 279 280 286 289 291 
293 294 295 298 300 301 304 312 315 319 321 323 
324 325 328 329 330 334 342 347 348 351 353 355 
357 365 368 370 372 375 377 378 379 381 382 383 
385 387 391 394 396 398 400 402 410 420 422 423 
424 430 434 447 448 453 454 466 468 470 471 473 
474 482 484 486 491 499 501 502 509 510 512 514 
516 520 526 528 531 534 537 540 541 543 545 548 
555 556 557 566 577 580 585 587 591 600 601 605 
606 609 610 613 616 623 626 627 629 632 633 638 
640 645 649 650 651 653 655 658 659 660 662 664 
666 669 670 683 684 685 698 699 702 706 709 712 
715 717 725 727 729 731 735 738 743 744 748 755 
760 764 769 770 774 780 784 785 789 791 795 800 
251
3 6 10 14 21 23 24 32 36 39 40 45 
50 58 59 64 67 70 71 73 74 77 82 84 
86 88 91 93 94 95 96 101 102 108 111 117 
120 122 124 125 126 131 142 151 152 153 154 156 
157 158 161 164 168 169 178 179 184 185 186 187 
189 196 197 200 201 205 212 216 217 218 226 232 
233 239 241 242 245 248 249 250 251 263 267 268 
277 278 279 283 284 286 287 289 291 293 295 297 
298 307 310 321 323 326 333 340 341 344 348 353 
358 360 366 368 373 378 381 384 394 395 399 400 
402 404 405 408 411 415 418 421 424 426 428 429 
430 435 440 442 444 450 452 454 458 460 461 462 
463 465 466 467 478 481 483 484 485 486 490 493 
494 499 501 502 504 505 507 511 520 523 527 532 
536 537 549 554 556 557 558 560 562 566 568 569 
579 583 587 597 598 600 602 607 608 609 610 613 
619 622 625 626 629 633 636 637 639 644 650 654 
656 659 661 670 671 672 675 684 686 687 690 693 
694 696 697 701 702 703 704 710 713 716 717 723 
725 727 730 733 734 736 742 748 750 754 755 756 
760 761 765 775 781 782 787 789 790 791 799 
232
17 19 20 22 27 31 34 35 36 39 46 51 
52 56 59 62 66 68 73 79 82 84 90 92 
97 99 100 101 102 106 107 110 113 114 127 129 
132 138 140 150 154 155 156 159 162 165 167 170 
171 178 190 194 197 198 205 213 216 218 220 222 
230 231 235 245 253 257 262 264 271 274 275 278 
282 283 288 290 305 306 307 309 310 311 318 327 
328 333 339 343 344 349 350 354 355 356 370 372 
378 392 396 397 400 403 406 408 409 412 413 415 
416 425 428 429 435 436 443 451 455 456 457 458 
461 462 464 473 478 480 481 482 490 491 493 494 
495 497 499 501 503 508 510 515 517 520 522 526 
527 529 534 538 542 545 549 550 554 557 560 563 
564 565 568 569 571 572 573 574 578 582 590 602 
604 610 612 622 623 626 628 630 631 632 634 641 
642 643 645 646 648 649 653 657 659 661 666 669 
670 671 676 684 691 694 695 696 700 702 704 706 
708 710 721 727 729 731 740 743 747 749 750 751 
752 756 757 760 763 775 783 786 787 790 792 795 
796 798 799 800 
264
2 5 6 8 12 14 15 16 26 27 31 32 
33 35 36 37 42 43 46 49 51 53 55 56 
60 64 67 68 71 73 74 76 78 79 84 88 
92 100 102 104 112 113 114 115 118 119 121 129 
130 135 146 152 156 159 161 163 169 171 176 177 
179 180 181 184 186 189 190 193 195 197 202 206 
210 212 213 214 220 224 226 227 233 234 237 239 
240 241 242 246 247 250 256 258 264 270 275 277 
279 283 284 285 286 290 291 296 305 306 309 310 
313 317 325 331 332 333 334 337 340 341 343 344 
345 346 347 350 351 353 355 356 361 362 365 366 
372 376 389 390 395 397 399 401 402 406 409 412 
420 421 423 424 425 426 428 431 434 439 441 442 
447 448 451 453 454 457 458 460 465 467 470 472 
474 477 480 482 483 484 487 488 492 495 498 502 
512 517 523 527 541 543 545 548 550 551 556 561 
563 564 573 577 578 582 583 586 590 601 602 604 
605 612 614 615 616 620 621 627 633 634 639 640 
644 648 656 658 659 660 661 663 664 671 677 685 
687 690 692 695 698 699 701 704 705 707 711 713 
715 716 719 722 730 740 743 753 757 762 766 768 
770 771 772 776 778 779 780 787 792 793 798 799 
