200 400
1 1 1 1 1 1 1 1 1 1 1 1 
1 1 1 1 1 1 1 1 1 1 1 1 
1 1 1 1 1 1 1 1 1 1 1 1 
1 1 1 1 1 1 1 1 1 1 1 1 
1 1 1 1 1 1 1 1 1 1 1 1 
1 1 1 1 1 1 1 1 1 1 1 1 
1 1 1 1 1 1 1 1 1 1 1 1 
1 1 1 1 1 1 1 1 1 1 1 1 
1 1 1 1 1 1 1 1 1 1 1 1 
1 1 1 1 1 1 1 1 1 1 1 1 
1 1 1 1 1 1 1 1 1 1 1 1 
1 1 1 1 1 1 1 1 1 1 1 1 
1 1 1 1 1 1 1 1 1 1 1 1 
1 1 1 1 1 1 1 1 1 1 1 1 
1 1 1 1 1 1 1 1 1 1 1 1 
1 1 1 1 1 1 1 1 1 1 1 1 
1 1 1 1 1 1 1 1 1 1 1 1 
1 1 1 1 1 1 1 1 1 1 1 1 
1 1 1 1 1 1 1 1 1 1 1 1 
1 1 1 1 1 1 1 1 1 1 1 1 
1 1 1 1 1 1 1 1 1 1 1 1 
1 1 1 1 1 1 1 1 1 1 1 1 
1 1 1 1 1 1 1 1 1 1 1 1 
1 1 1 1 1 1 1 1 1 1 1 1 
1 1 1 1 1 1 1 1 1 1 1 1 
1 1 1 1 1 1 1 1 1 1 1 1 
1 1 1 1 1 1 1 1 1 1 1 1 
1 1 1 1 1 1 1 1 1 1 1 1 
1 1 1 1 1 1 1 1 1 1 1 1 
1 1 1 1 1 1 1 1 1 1 1 1 
1 1 1 1 1 1 1 1 1 1 1 1 
1 1 1 1 1 1 1 1 1 1 1 1 
1 1 1 1 1 1 1 1 1 1 1 1 
1 1 1 1 
190
1 2 3 6 7 8 10 11 12 13 21 22 
23 24 28 29 32 33 36 44 47 50 51 53 
58 59 60 63 64 65 68 69 73 76 77 78 
79 80 82 83 84 86 89 90 91 93 94 95 
96 98 100 102 104 105 106 107 109 112 116 117 
118 119 122 124 129 130 131 134 136 137 138 140 
141 142 143 144 147 154 155 156 157 162 163 167 
171 173 174 175 178 184 191 192 195 199 200 201 
204 205 208 210 211 212 215 216 218 222 223 224 
227 233 234 237 238 239 241 244 246 247 248 249 
251 253 255 256 257 258 259 262 266 268 269 271 
274 276 277 282 286 287 288 290 291 292 293 294 
295 298 302 305 308 309 310 315 316 317 326 331 
334 335 336 337 338 341 343 344 348 349 353 354 
355 356 361 363 368 371 372 373 374 376 378 379 
380 383 385 386 387 388 392 393 396 398 
191
1 2 3 5 6 7 8 13 14 17 21 31 
33 34 35 36 42 43 44 46 48 49 50 52 
54 55 56 57 58 60 61 62 66 69 71 72 
75 76 77 81 82 83 85 88 89 90 92 96 
97 101 102 104 106 107 109 111 113 117 119 121 
123 125 126 128 130 135 137 142 147 148 149 150 
153 155 156 158 159 163 166 167 169 179 180 181 
183 186 189 190 192 193 195 197 198 200 201 202 
203 204 206 207 210 214 215 220 221 224 225 226 
231 237 238 239 241 242 243 245 249 250 252 253 
254 255 259 260 265 267 268 271 274 276 279 280 
282 283 287 288 289 291 293 294 298 299 300 302 
305 307 309 310 311 313 316 318 319 320 321 323 
324 329 332 333 336 337 338 344 345 346 347 348 
349 351 353 356 357 360 363 367 368 373 375 376 
378 382 383 384 385 387 388 389 396 398 400 
206
1 2 3 5 6 8 9 10 11 14 18 20 
21 22 23 24 26 29 31 32 33 35 38 42 
46 48 54 55 60 64 66 67 71 74 76 78 
79 80 82 83 84 87 88 89 91 92 94 95 
96 97 98 100 104 105 106 107 109 112 114 115 
117 118 120 121 122 127 128 130 131 132 134 136 
137 142 144 145 146 148 150 152 154 156 157 159 
163 165 166 167 168 172 174 175 178 182 184 186 
188 191 193 194 195 196 198 199 201 205 206 207 
212 214 215 217 218 219 221 222 227 228 229 230 
231 232 236 238 240 242 244 247 248 249 250 254 
255 258 260 263 265 269 271 276 277 278 281 283 
284 285 286 288 289 293 294 295 296 303 304 305 
307 308 309 311 313 315 316 317 318 322 323 324 
326 327 328 329 333 334 335 336 337 340 341 347 
350 352 353 356 359 362 363 364 366 368 369 372 
376 377 380 382 384 386 388 390 391 395 396 398 
399 400 
205
2 3 4 5 7 9 10 12 13 14 15 16 
21 22 23 24 25 27 28 32 34 35 38 39 
41 46 47 49 50 53 54 55 56 58 59 60 
62 63 66 68 69 70 71 72 84 86 89 92 
94 95 96 101 102 103 106 107 109 111 113 114 
115 116 119 122 123 128 129 130 133 135 136 137 
140 142 144 145 146 153 156 161 162 164 165 166 
169 170 171 175 177 178 181 184 185 187 188 189 
190 191 192 193 195 198 200 201 204 206 207 209 
210 214 217 219 221 222 224 225 227 229 231 232 
238 242 243 245 247 249 251 254 255 256 257 258 
260 261 265 267 268 270 272 274 275 276 277 278 
279 280 282 283 284 286 287 289 292 293 294 295 
297 298 299 300 301 302 303 304 305 307 308 309 
310 311 312 315 316 319 320 321 322 324 331 333 
335 337 341 345 348 349 351 354 359 361 363 364 
365 368 373 376 377 380 384 386 388 389 392 396 
397 
191
2 4 6 7 8 9 12 15 16 17 18 19 
20 21 23 24 26 27 28 29 32 34 37 38 
43 44 46 49 50 52 54 56 57 60 61 64 
65 66 67 68 69 75 76 77 83 85 86 87 
92 97 104 107 110 111 112 113 114 118 121 123 
125 126 127 130 131 132 133 134 135 137 138 141 
142 145 150 155 156 158 159 161 166 168 169 171 
175 176 177 178 179 180 182 183 185 189 190 192 
199 200 202 204 206 207 209 212 217 219 221 222 
228 230 231 238 242 244 245 247 249 255 256 257 
258 260 261 264 265 266 268 269 271 272 273 277 
278 286 287 290 292 293 295 297 299 300 301 307 
309 311 313 315 317 319 322 323 325 326 327 328 
333 335 338 339 341 343 344 347 348 349 350 352 
357 360 361 364 365 368 369 370 371 372 376 377 
378 379 385 388 389 391 392 395 397 399 400 
198
1 2 5 6 8 9 11 13 14 15 16 17 
18 19 20 22 23 25 26 29 30 31 32 34 
37 43 44 46 49 50 51 52 53 55 56 58 
59 60 65 66 67 69 71 76 80 81 83 85 
87 88 91 95 96 101 102 104 109 110 114 116 
117 118 122 123 131 134 135 136 138 139 141 143 
144 145 147 148 149 153 154 156 157 159 160 161 
163 165 167 168 169 170 171 172 174 178 183 186 
187 190 191 193 194 195 196 197 198 200 201 206 
209 210 211 212 218 219 221 222 223 233 234 236 
237 238 239 240 241 245 248 249 250 251 252 254 
255 258 259 260 262 265 266 268 269 270 273 274 
278 283 285 288 289 292 298 299 300 301 302 303 
306 308 312 315 317 319 322 324 327 329 331 333 
334 337 338 341 342 343 344 352 354 355 356 358 
363 364 365 367 368 369 373 375 378 380 383 385 
389 391 394 395 396 397 
201
1 3 4 6 7 8 9 13 15 16 18 19 
22 23 24 26 27 30 33 34 37 38 40 43 
44 45 46 51 52 54 56 57 59 61 62 63 
65 66 69 72 74 76 77 78 79 80 81 83 
84 88 89 92 97 100 101 104 105 109 111 116 
117 118 119 120 122 123 124 125 126 128 130 131 
132 133 135 136 138 140 142 143 145 148 150 154 
156 157 159 160 164 168 170 171 172 173 175 177 
178 181 182 183 184 186 187 188 190 191 194 195 
196 197 198 200 202 210 212 213 215 216 218 221 
223 224 225 227 228 230 232 233 235 237 238 240 
244 245 246 247 250 253 256 258 259 262 265 266 
268 272 273 284 285 288 289 291 296 297 298 303 
304 305 307 308 309 313 314 315 320 322 325 326 
327 328 330 333 336 340 341 346 347 350 353 355 
356 358 359 360 361 362 367 375 376 377 379 380 
385 389 392 394 395 396 397 399 400 
192
1 3 4 7 8 10 12 16 18 20 22 31 
32 33 34 35 37 40 41 42 43 45 46 47 
48 52 53 55 57 58 59 60 62 63 66 67 
70 71 72 74 75 76 77 78 79 81 83 86 
88 90 91 92 93 96 98 103 104 106 107 108 
119 123 124 125 127 134 137 140 146 150 151 153 
154 155 158 161 163 167 168 172 173 174 176 177 
178 180 184 185 191 192 193 195 202 203 204 205 
207 209 210 212 215 216 217 219 223 224 228 234 
236 241 242 243 245 246 249 250 251 254 255 258 
262 269 270 271 272 275 276 279 280 281 283 287 
288 290 292 295 296 298 300 301 302 305 306 309 
310 311 315 317 321 322 323 324 325 329 333 335 
337 338 339 340 341 343 345 346 347 348 350 351 
352 353 354 356 357 360 361 362 365 366 368 369 
373 375 376 379 382 383 384 387 393 396 397 399 
203
1 2 3 5 6 7 9 11 12 13 15 16 
18 20 21 23 25 27 28 29 30 31 33 34 
37 38 40 44 45 47 50 51 52 53 54 57 
58 59 60 63 64 68 71 76 78 81 82 83 
88 90 91 94 95 97 99 101 102 103 105 106 
108 109 111 115 117 124 126 127 129 131 132 137 
138 139 140 142 146 147 149 150 152 153 154 155 
157 159 160 161 166 168 170 172 176 178 180 182 
185 186 188 189 191 192 193 194 195 200 204 212 
213 214 215 216 217 218 219 220 221 225 226 227 
229 232 233 236 239 242 243 245 246 249 250 253 
256 260 262 267 269 272 274 278 280 281 285 288 
289 290 292 293 295 296 297 299 303 307 308 310 
312 313 314 315 316 317 318 320 321 322 323 324 
325 328 330 334 335 336 339 340 341 342 345 347 
352 356 357 359 360 363 364 366 367 371 372 373 
374 376 377 379 382 385 389 392 395 396 400 
211
2 4 5 6 9 12 13 14 15 17 20 21 
22 24 25 28 31 32 35 36 38 39 40 42 
43 44 45 47 48 49 51 52 53 58 60 62 
64 65 66 67 68 69 75 77 78 79 80 81 
88 91 92 95 97 98 99 102 103 106 107 110 
111 112 114 115 116 117 118 120 122 123 126 128 
134 136 137 141 144 145 146 147 148 149 152 154 
156 158 159 160 161 162 163 164 168 171 176 177 
178 182 184 186 188 189 191 192 195 196 201 203 
204 205 206 207 211 215 216 219 222 224 225 226 
229 230 231 233 234 236 237 240 243 244 245 246 
247 248 250 251 252 254 256 257 258 259 261 265 
268 271 275 277 284 285 287 289 291 292 293 296 
298 299 302 303 305 306 313 315 316 317 318 319 
325 329 330 331 332 333 334 335 336 339 341 342 
345 348 349 351 352 353 354 356 360 362 363 365 
366 367 371 373 379 380 381 382 384 385 387 388 
389 391 392 393 394 396 399 
210
3 4 5 6 8 10 12 14 23 26 30 31 
32 33 34 37 38 40 43 44 45 47 48 49 
50 51 55 59 60 64 67 69 71 74 75 76 
78 79 82 84 86 90 91 93 94 95 96 97 
101 102 105 106 107 109 112 114 115 117 118 119 
120 121 125 127 129 130 131 132 133 134 135 138 
139 140 142 143 144 146 147 149 153 154 155 157 
158 159 160 161 163 164 165 167 168 169 170 171 
173 174 176 180 181 182 183 184 185 186 189 190 
191 192 194 196 197 198 199 200 202 207 208 209 
210 211 215 216 217 221 222 224 225 227 230 234 
238 245 246 248 253 257 258 262 265 267 268 270 
271 272 274 275 276 277 278 280 281 282 284 285 
288 289 294 295 297 298 299 301 303 304 305 306 
311 315 316 317 320 322 324 325 328 329 330 331 
332 336 340 346 349 350 351 354 355 356 359 360 
361 364 365 366 371 372 374 376 379 381 384 386 
387 388 391 392 398 399 
180
3 10 13 14 15 16 18 19 21 22 23 24 
25 26 30 35 36 37 42 45 47 49 53 55 
56 59 61 63 64 69 76 77 81 86 89 92 
93 94 95 97 98 99 100 102 103 104 105 106 
107 108 115 116 117 118 121 125 126 129 130 134 
135 138 139 141 145 147 150 159 160 165 167 168 
169 175 177 180 181 183 184 185 187 188 192 196 
201 205 207 209 210 211 213 215 216 218 219 220 
221 223 225 231 232 234 236 237 239 240 242 245 
252 253 254 256 257 258 259 261 263 264 269 272 
273 274 275 276 279 283 284 285 286 288 290 300 
302 306 312 315 317 321 322 323 324 325 329 330 
331 337 338 341 344 345 348 350 351 353 355 356 
358 359 361 363 364 366 367 372 373 374 375 379 
380 382 384 385 387 388 389 390 391 393 394 399 
190
1 3 5 6 7 8 10 11 17 18 19 22 
23 24 25 27 30 34 37 42 43 44 46 47 
54 55 56 57 58 59 61 62 63 64 66 68 
70 72 73 74 75 76 78 80 82 83 84 85 
86 88 90 91 93 95 96 98 99 101 102 107 
108 109 110 111 116 118 119 120 123 124 125 126 
132 133 136 137 140 144 148 149 153 154 157 165 
167 169 171 172 173 174 178 180 182 184 187 189 
191 193 198 199 200 202 206 211 213 215 216 217 
218 221 223 226 229 233 234 238 242 244 245 248 
251 254 255 259 260 261 262 263 264 265 268 271 
273 274 277 278 281 283 284 286 287 291 295 299 
303 304 305 306 307 309 311 312 313 316 318 319 
322 324 327 331 335 336 337 339 341 343 345 348 
349 351 352 353 356 358 360 361 364 365 366 367 
370 371 373 374 380 384 387 393 394 397 
189
1 6 13 14 15 16 17 18 19 21 22 23 
24 25 27 31 33 35 39 41 42 43 44 45 
46 49 53 54 57 59 61 62 63 71 72 75 
77 78 84 85 86 87 88 89 90 91 92 96 
99 100 101 102 103 106 109 110 113 114 120 121 
122 123 124 127 130 131 132 134 145 146 147 149 
150 152 154 155 157 160 162 163 165 166 168 169 
171 175 176 177 183 188 190 196 198 199 200 202 
203 205 209 210 213 214 216 218 219 220 222 223 
224 230 231 234 238 243 245 248 249 251 252 254 
255 256 257 258 262 263 266 269 273 275 277 279 
283 284 286 287 288 289 291 292 293 294 296 300 
303 308 310 313 314 315 316 317 319 320 321 322 
325 328 330 334 335 338 339 340 343 346 347 352 
353 354 356 359 360 363 367 368 369 371 379 381 
382 383 384 388 389 390 393 396 399 
189
2 5 9 10 11 12 13 14 15 16 18 22 
23 25 28 30 31 35 36 37 38 40 41 42 
43 45 48 49 52 56 57 58 61 64 67 69 
70 72 73 74 78 79 83 85 86 88 90 91 
92 94 97 99 100 101 102 104 106 107 108 109 
114 115 116 117 119 120 122 124 125 128 129 131 
133 137 139 140 141 144 145 146 148 149 150 152 
154 158 161 162 164 166 176 177 180 182 183 184 
186 191 192 193 194 201 202 205 206 207 208 210 
215 218 219 220 224 225 227 228 231 232 233 234 
235 236 237 238 245 246 248 254 257 260 263 265 
267 269 271 272 273 274 275 276 277 279 283 284 
288 292 296 298 301 306 307 308 311 314 315 316 
319 324 327 329 332 334 336 338 340 344 351 353 
355 357 361 365 366 367 368 370 371 373 374 375 
376 377 380 381 384 387 392 396 397 
203
1 2 4 5 10 12 14 15 18 19 21 25 
26 27 28 30 31 32 33 35 37 38 40 41 
42 45 46 47 48 49 51 53 54 55 56 57 
58 59 65 66 67 72 74 79 82 86 87 88 
89 91 93 96 99 102 104 105 106 107 112 115 
116 121 124 125 126 127 132 133 134 137 139 142 
147 149 152 154 156 157 159 161 163 164 167 169 
174 176 178 185 187 192 194 196 197 198 199 201 
203 204 205 206 207 208 216 217 221 222 224 225 
226 227 236 237 238 239 240 244 245 246 251 257 
258 259 260 262 265 268 269 270 271 272 274 275 
276 277 281 282 283 284 285 287 288 289 291 292 
293 297 298 303 304 307 308 309 311 313 314 316 
317 318 319 321 322 323 324 327 328 329 332 333 
335 336 337 339 340 344 345 349 350 352 353 354 
355 357 358 359 360 363 364 365 367 372 373 380 
383 387 388 390 391 392 393 395 396 397 399 
190
1 2 3 5 7 12 13 14 16 17 18 20 
21 24 25 31 33 34 35 36 37 38 39 40 
41 42 45 46 48 49 52 53 54 55 56 57 
60 61 66 67 68 69 70 73 74 76 78 81 
87 91 93 97 98 99 104 106 108 109 110 111 
117 119 120 122 123 129 131 135 137 144 147 148 
151 153 156 158 159 160 161 162 168 169 170 172 
173 174 175 176 179 185 187 188 192 195 197 198 
200 201 203 204 205 207 208 209 210 216 218 219 
221 222 223 225 229 230 231 233 236 239 241 242 
249 253 254 255 258 260 261 263 264 266 267 269 
270 276 277 278 280 282 283 285 287 289 293 300 
302 303 305 307 308 313 314 316 319 320 321 322 
324 325 326 327 328 335 336 338 340 342 343 347 
350 351 352 353 354 359 362 365 366 367 370 372 
373 375 377 378 384 388 390 395 397 398 
194
1 2 3 5 6 7 8 10 12 16 18 20 
22 29 30 31 32 34 40 41 45 49 50 52 
57 60 61 63 65 66 70 71 72 73 74 77 
78 79 80 81 84 85 89 90 94 98 101 102 
103 104 105 107 108 111 112 115 116 117 118 120 
121 122 123 125 129 130 131 133 135 138 139 140 
141 142 143 144 145 147 155 160 163 168 169 173 
174 176 177 183 184 185 186 187 191 192 195 196 
197 200 201 206 207 208 209 212 215 216 222 223 
225 226 227 228 229 230 231 234 235 238 240 245 
246 247 248 251 252 253 254 256 258 260 262 269 
271 272 276 280 282 288 290 291 292 296 298 299 
300 302 306 309 311 312 313 316 317 319 326 327 
330 335 336 337 339 341 342 345 346 347 353 354 
355 357 359 362 363 366 368 369 370 373 375 378 
380 384 385 387 388 389 391 392 393 394 395 398 
399 400 
211
1 2 3 6 8 9 12 13 14 15 17 18 
19 21 24 25 27 30 31 32 35 38 40 41 
42 45 47 48 49 51 52 53 55 61 62 64 
65 70 71 72 73 74 75 76 77 79 80 84 
86 87 89 93 95 98 99 100 102 103 104 110 
111 115 116 118 120 121 122 123 124 125 126 127 
133 135 136 138 139 141 145 146 147 150 151 153 
155 156 159 160 161 166 168 170 176 179 181 182 
187 188 189 190 191 192 193 194 195 207 212 213 
216 218 219 220 222 223 224 226 227 231 233 234 
238 239 240 241 243 246 247 248 249 250 251 252 
254 257 259 260 263 264 265 266 267 270 275 277 
278 280 286 287 290 291 294 298 301 303 304 306 
308 309 311 312 314 316 317 318 320 321 324 325 
329 331 332 333 337 338 341 342 343 345 349 350 
352 353 355 356 357 358 360 361 362 365 367 369 
371 374 375 376 377 379 380 381 382 383 385 386 
387 388 390 392 394 395 400 
198
1 4 5 6 7 9 11 14 17 18 22 24 
25 28 30 32 33 35 37 40 41 43 44 45 
46 47 51 52 53 54 55 59 60 63 68 74 
75 77 79 81 86 87 88 90 92 94 98 103 
108 110 111 112 114 115 116 117 121 122 123 124 
125 128 131 134 141 142 143 145 146 149 152 153 
154 157 158 161 162 165 166 168 169 172 173 175 
176 177 179 180 181 182 184 186 188 192 194 195 
196 198 199 201 202 203 205 206 208 209 210 212 
214 218 219 220 221 223 224 226 235 236 237 242 
249 250 251 252 253 255 256 258 260 261 262 263 
267 268 270 271 273 277 279 280 282 283 285 289 
291 294 295 297 299 300 305 308 315 316 318 320 
323 324 325 327 328 329 331 333 336 337 339 341 
343 345 346 349 351 352 353 354 355 361 364 365 
366 371 376 378 379 380 381 385 386 387 389 390 
393 394 395 396 398 399 
200
1 4 5 7 9 12 13 14 18 19 20 21 
24 26 29 30 31 34 35 39 41 43 44 46 
47 48 49 51 54 59 61 63 64 65 67 73 
75 76 77 83 87 88 91 94 96 97 99 100 
101 103 105 106 107 108 109 110 111 112 113 114 
115 116 118 120 121 124 130 131 132 133 134 136 
139 140 141 144 148 150 153 159 160 162 163 165 
169 172 173 175 176 178 183 184 186 187 188 192 
195 199 200 201 202 203 205 206 207 208 212 213 
215 217 220 222 223 224 225 226 227 229 230 231 
232 233 234 241 242 243 244 248 250 251 252 253 
255 257 269 270 272 273 274 275 276 277 279 280 
286 287 289 291 292 294 304 305 307 310 315 316 
317 321 322 325 326 329 330 331 332 333 336 337 
338 340 342 343 344 352 353 356 361 363 364 366 
368 369 372 374 375 381 384 385 386 387 388 389 
390 393 395 396 397 398 399 400 
199
1 3 6 10 12 13 14 15 16 18 26 29 
30 31 35 36 39 40 41 42 46 47 48 50 
52 55 59 60 62 63 66 69 70 73 74 75 
76 77 80 81 87 88 89 92 94 95 96 98 
100 101 104 105 106 107 110 112 113 114 115 118 
119 120 121 123 124 127 128 130 132 135 141 142 
150 151 153 159 163 164 165 172 176 177 182 183 
185 186 187 188 189 191 192 194 196 201 203 204 
205 207 208 209 211 213 215 217 218 219 220 222 
226 228 230 231 235 236 238 239 240 241 244 245 
247 248 252 253 255 258 263 266 267 268 269 270 
272 274 275 278 279 280 283 284 285 289 291 292 
293 294 295 296 297 298 300 301 302 304 307 309 
314 319 320 322 323 324 325 327 329 330 331 335 
337 338 342 343 344 345 347 354 355 356 357 359 
360 364 366 368 372 380 382 383 385 387 389 390 
391 393 395 396 397 399 400 
195
4 8 11 12 13 15 16 17 19 20 23 24 
27 30 31 38 39 40 41 43 44 46 47 53 
54 57 58 61 65 68 69 70 73 74 76 77 
78 79 80 81 83 86 87 88 91 94 95 96 
98 103 104 105 106 109 111 112 116 117 120 121 
122 123 125 126 127 136 138 139 140 141 142 143 
145 147 148 149 150 160 161 164 169 170 171 177 
178 179 180 181 183 186 187 188 189 190 194 195 
196 198 199 200 202 203 204 205 206 207 210 213 
216 218 219 221 222 225 226 235 242 243 245 246 
248 250 251 252 253 254 255 262 263 265 268 269 
270 274 280 281 283 284 287 293 298 299 300 301 
302 303 304 306 307 308 309 310 311 313 316 317 
318 319 323 325 326 330 331 332 333 334 335 341 
342 343 344 345 348 351 352 355 360 361 362 365 
367 369 372 373 374 377 380 382 385 386 391 395 
397 398 400 
206
1 3 4 5 7 8 10 13 14 15 16 17 
20 21 23 25 26 27 28 29 30 31 33 34 
35 38 39 40 42 43 44 47 49 50 53 55 
58 59 60 64 65 66 67 74 75 76 78 80 
82 84 86 87 88 90 92 96 105 106 114 116 
117 119 120 122 124 125 126 129 130 132 133 134 
137 139 141 150 151 152 155 156 158 159 160 161 
162 164 170 171 173 175 179 180 182 184 186 190 
191 192 195 198 199 200 201 205 206 207 209 211 
212 214 215 216 218 219 220 221 225 226 227 231 
232 236 237 238 240 242 243 244 246 247 248 249 
251 259 260 262 267 271 272 275 278 279 280 281 
283 285 286 290 292 293 294 295 297 298 299 300 
302 304 308 309 310 313 315 317 318 320 322 323 
325 327 329 330 331 334 336 337 340 342 343 344 
348 349 350 351 352 356 358 360 361 362 363 364 
367 368 370 373 374 377 378 381 385 386 387 389 
395 399 
187
4 7 9 13 14 15 17 19 20 21 22 26 
27 30 31 33 34 39 42 44 45 46 49 51 
53 62 64 65 67 71 72 73 74 76 78 80 
81 83 86 87 89 90 92 93 94 95 97 99 
100 103 104 107 109 114 115 116 122 123 126 127 
132 133 134 135 138 141 143 144 146 147 155 161 
163 166 168 171 174 176 177 179 180 182 184 185 
188 193 194 196 197 200 202 209 210 211 212 213 
214 216 217 222 223 224 226 227 228 230 231 232 
233 234 235 240 242 244 247 248 249 250 251 253 
255 259 261 264 265 266 268 270 271 273 281 284 
286 287 289 291 292 295 296 298 301 303 306 307 
308 309 310 311 312 314 316 319 320 321 323 325 
328 329 330 331 334 335 338 339 340 343 345 348 
351 352 353 356 357 358 359 360 365 366 368 369 
378 382 386 391 395 396 397 
183
1 2 3 4 5 6 8 11 12 13 15 16 
19 20 31 32 34 36 37 40 41 44 45 49 
52 53 57 59 61 62 63 64 66 67 68 69 
74 77 80 81 84 90 94 96 97 99 100 101 
104 105 106 109 114 115 133 134 136 138 139 141 
142 146 151 154 155 156 157 160 161 162 163 168 
169 170 171 172 174 175 176 178 182 183 185 189 
190 192 193 194 208 209 210 213 219 221 222 224 
225 228 231 232 234 238 239 240 243 244 247 252 
253 255 258 259 261 262 264 265 266 267 268 269 
271 272 273 278 279 281 283 284 285 286 287 289 
291 293 294 295 305 306 309 310 312 315 316 320 
322 325 327 328 329 330 331 332 333 334 338 341 
342 344 345 346 348 349 350 352 354 355 356 357 
363 366 367 368 369 371 372 377 381 384 385 386 
389 393 397 
188
8 11 12 13 16 17 22 24 26 27 28 30 
32 33 35 36 37 40 44 47 49 52 56 57 
59 60 63 64 65 68 69 70 71 73 74 76 
77 79 80 81 83 84 85 86 88 90 91 92 
93 94 97 98 102 103 105 106 111 112 114 115 
117 118 120 121 122 123 125 127 128 130 131 135 
138 140 141 142 148 154 155 156 160 161 163 164 
166 167 168 170 171 172 177 178 179 181 182 183 
188 196 197 201 204 206 208 210 214 215 218 221 
222 224 225 226 229 232 233 234 238 239 246 249 
252 253 254 260 264 265 268 269 270 271 274 275 
276 280 281 282 283 284 286 288 289 292 293 297 
298 300 304 307 309 313 314 315 316 317 318 321 
322 324 328 329 332 333 334 336 339 341 344 346 
347 348 350 357 359 363 366 367 368 369 373 376 
379 382 385 388 389 391 392 393 
178
3 4 5 6 8 12 16 17 18 19 21 24 
26 27 28 30 31 32 33 34 35 37 39 44 
48 49 52 54 56 58 59 62 67 70 72 74 
77 78 79 85 86 87 88 91 92 99 100 103 
105 114 117 122 126 128 130 131 135 137 138 139 
144 145 147 148 149 150 152 153 154 156 160 165 
169 170 172 174 176 177 178 179 180 181 189 191 
194 195 198 200 204 208 214 221 223 224 225 226 
228 229 230 237 241 242 243 246 247 248 253 254 
259 262 263 265 266 267 270 272 273 274 275 277 
278 280 284 286 288 289 293 295 300 306 308 309 
310 311 313 316 317 320 321 322 323 325 326 327 
330 332 335 340 343 344 345 350 353 356 357 361 
362 365 367 370 371 372 374 376 377 381 383 384 
388 389 390 392 393 394 396 397 398 400 
222
1 2 3 8 10 12 15 16 17 18 19 20 
22 23 24 27 28 31 33 34 37 38 39 40 
41 43 44 45 46 50 51 52 53 54 56 64 
65 66 67 69 75 76 77 78 79 80 82 86 
87 89 91 92 93 95 96 97 99 101 102 103 
104 105 107 108 110 111 114 115 116 119 121 123 
125 127 130 131 132 133 135 137 138 139 140 142 
144 147 150 151 157 159 160 161 163 165 166 167 
168 171 173 174 178 179 181 186 189 190 194 198 
201 203 204 205 206 209 210 211 212 213 215 216 
217 220 221 223 224 226 227 228 229 230 231 232 
233 234 236 237 238 246 247 248 251 255 257 258 
260 262 263 265 266 268 269 271 272 273 274 276 
279 281 282 283 286 288 289 290 291 295 297 300 
301 302 303 304 305 306 307 308 311 314 315 316 
319 320 321 324 326 328 329 332 334 335 340 348 
349 350 351 352 354 356 357 359 360 362 363 366 
367 368 369 372 373 374 375 377 380 381 383 384 
385 387 394 395 396 397 
199
1 4 6 9 10 17 20 23 24 25 26 27 
29 31 33 34 40 41 44 49 51 53 57 59 
60 61 63 64 65 66 67 68 70 71 73 81 
82 85 86 87 88 89 90 91 93 98 99 100 
104 106 108 109 110 111 113 114 115 118 119 122 
123 124 126 128 129 130 131 133 134 135 136 137 
142 143 144 152 153 154 157 159 160 161 164 165 
166 168 169 171 176 178 179 180 181 182 183 185 
187 189 190 192 196 197 198 200 208 209 215 216 
219 221 222 224 225 228 231 232 233 235 236 238 
244 245 249 250 251 252 256 259 262 263 264 266 
268 270 274 276 277 279 285 286 288 291 294 297 
299 303 306 310 313 315 318 319 320 321 323 325 
326 329 333 334 335 336 337 338 339 340 341 343 
347 348 349 352 355 357 359 360 362 363 366 367 
368 370 372 373 376 379 382 385 386 387 389 391 
392 393 394 395 396 399 400 
204
7 8 9 10 12 16 20 21 24 25 26 30 
36 37 42 44 45 46 50 51 53 54 55 57 
58 60 61 62 69 71 73 74 75 79 82 87 
88 91 92 94 95 97 98 99 100 101 102 104 
105 106 108 109 110 111 112 113 114 116 122 124 
126 128 129 132 133 135 137 138 139 141 142 144 
145 146 148 153 154 156 157 158 159 160 161 163 
164 167 170 173 177 178 180 181 182 183 186 187 
192 193 195 196 197 198 201 204 205 207 208 209 
210 213 214 215 222 223 225 226 228 230 231 235 
237 239 243 244 247 248 250 256 257 259 260 261 
262 264 267 268 270 273 274 279 280 284 287 288 
289 290 291 292 294 296 298 299 300 301 302 304 
305 306 307 310 314 316 318 319 322 324 325 331 
332 336 340 342 344 345 350 351 352 353 356 357 
359 362 365 370 371 372 373 374 375 376 377 378 
379 380 385 386 387 390 392 393 396 397 398 400 
195
1 2 3 9 11 12 13 16 17 20 21 24 
25 26 29 39 40 41 42 44 45 47 49 50 
51 55 59 63 65 70 75 76 77 80 81 82 
83 84 86 89 90 94 99 100 104 107 108 110 
113 115 116 117 118 120 121 123 124 125 126 128 
129 130 131 132 133 135 137 138 139 141 143 147 
155 157 158 159 161 162 163 170 173 174 175 177 
178 179 181 182 185 186 187 190 192 194 195 197 
198 199 201 205 206 210 214 216 218 219 220 221 
224 228 230 231 232 234 235 236 237 238 239 242 
246 248 249 250 252 259 260 261 262 264 268 269 
272 273 275 278 279 280 281 282 288 289 290 291 
292 295 296 299 301 302 305 307 309 313 315 318 
320 321 322 326 330 332 333 335 336 337 338 339 
341 343 349 354 359 360 361 363 364 366 367 371 
372 374 377 378 379 382 384 385 386 387 389 394 
395 398 400 
192
4 6 7 9 10 15 16 17 18 19 20 25 
27 28 29 32 33 34 35 37 38 39 41 50 
53 62 63 65 66 67 68 72 73 75 78 84 
89 90 91 94 98 99 100 102 106 107 111 113 
115 117 118 119 128 129 131 132 133 134 135 136 
137 140 141 146 150 151 154 155 156 157 158 161 
162 165 168 169 171 172 173 175 177 178 183 185 
186 188 189 190 194 195 200 201 203 205 207 209 
213 215 216 217 219 220 224 225 228 229 231 234 
236 238 241 242 244 245 246 249 251 252 254 255 
257 258 261 262 265 267 268 270 271 273 274 280 
282 283 285 286 287 288 292 293 296 298 299 304 
308 309 310 311 312 314 316 317 319 320 323 324 
326 327 328 331 333 334 335 336 337 339 340 343 
344 345 346 348 350 351 355 358 367 369 370 371 
374 376 379 380 382 383 389 391 394 396 397 400 
210
1 4 6 7 11 12 13 18 21 22 23 26 
27 28 30 36 38 39 40 41 42 44 49 51 
53 54 55 56 57 60 63 64 65 67 68 69 
70 71 74 75 77 78 80 83 84 85 89 90 
93 94 97 99 101 102 106 107 108 111 113 114 
117 119 121 122 123 126 127 128 131 132 134 135 
136 137 138 140 141 146 148 150 154 155 156 158 
163 164 165 167 168 171 173 174 179 180 183 184 
185 186 187 188 189 190 191 193 195 196 197 198 
199 202 203 204 205 209 210 212 213 214 221 222 
224 225 227 229 230 232 233 235 236 237 238 244 
247 248 249 251 255 256 258 262 265 266 269 275 
276 277 279 282 285 286 288 289 290 291 295 296 
297 298 299 301 302 307 308 310 312 313 316 317 
318 319 320 325 327 328 330 331 332 334 335 336 
337 339 344 345 347 349 353 355 359 361 363 364 
368 369 373 374 375 376 377 379 381 384 386 387 
389 390 392 393 395 397 
202
1 3 4 5 9 10 13 15 17 22 23 25 
26 27 28 31 36 39 41 45 46 48 49 53 
54 56 61 62 66 67 71 72 74 75 76 82 
83 85 88 90 91 92 93 95 98 99 102 106 
109 110 111 112 115 116 117 118 119 121 122 126 
127 129 136 138 139 140 141 142 143 145 146 148 
152 153 156 157 160 161 162 163 166 167 168 170 
171 174 175 177 178 179 180 181 184 186 187 189 
193 195 196 198 201 202 204 205 206 207 209 210 
211 213 215 217 218 222 223 225 228 229 232 233 
234 237 238 243 246 247 248 249 251 259 260 261 
263 264 266 267 268 269 270 273 274 275 276 277 
279 283 286 288 289 292 294 296 297 298 299 302 
303 305 309 310 312 315 316 317 319 320 321 325 
328 336 338 339 340 345 347 348 349 354 355 358 
360 364 365 370 371 372 373 374 375 377 380 382 
383 384 385 386 388 389 394 395 396 400 
207
3 6 7 8 9 11 14 15 16 17 19 22 
23 26 30 32 36 40 41 42 43 44 45 48 
54 56 58 60 61 62 63 64 68 70 71 72 
73 74 78 79 81 82 83 84 85 86 87 88 
92 93 94 95 99 103 104 105 106 107 108 109 
110 111 112 113 114 115 117 122 123 124 125 130 
131 133 138 139 140 142 145 146 150 151 152 155 
157 159 160 162 167 169 170 171 173 174 175 176 
177 180 183 185 186 187 189 190 194 198 199 201 
203 205 209 210 213 215 217 218 220 221 223 224 
226 227 228 230 233 234 235 236 237 247 252 254 
260 263 264 267 270 271 272 273 274 275 276 282 
283 284 285 286 287 289 291 292 293 298 299 301 
304 306 308 309 310 311 313 316 317 320 323 324 
325 326 327 328 329 333 336 338 340 344 346 350 
351 352 355 360 361 362 364 367 368 369 370 372 
373 374 375 380 383 384 388 390 391 392 394 395 
396 398 400 
204
1 2 3 4 5 11 12 13 14 17 18 19 
20 21 25 26 28 29 30 31 32 35 38 39 
40 42 43 47 48 50 53 55 59 60 61 63 
67 68 70 71 72 73 74 75 76 77 78 80 
82 84 85 86 91 92 94 95 96 97 102 103 
104 106 107 113 115 125 126 127 133 134 135 136 
137 138 139 140 143 145 146 147 148 149 151 152 
154 155 156 160 163 164 167 175 177 178 179 180 
181 182 183 184 185 186 189 195 196 197 200 201 
203 204 205 208 209 210 211 213 214 215 217 219 
220 224 226 227 231 232 236 237 239 240 244 245 
247 249 251 256 258 265 267 268 270 272 274 275 
277 280 283 284 285 289 292 293 294 295 296 297 
298 300 303 304 305 307 308 310 311 312 313 314 
318 319 320 321 323 325 326 327 329 331 336 337 
338 341 342 346 348 354 355 359 361 363 364 368 
370 372 376 377 378 379 383 385 388 390 396 398 
202
1 3 4 6 8 12 14 15 16 19 21 22 
23 24 25 26 27 29 33 34 35 36 41 44 
45 46 47 48 49 50 51 54 56 58 61 62 
63 70 71 72 73 77 79 80 81 82 85 86 
89 91 94 95 97 106 110 111 113 117 118 121 
122 123 125 126 129 130 131 132 133 137 138 139 
143 146 148 151 152 155 160 163 165 168 170 178 
179 181 182 185 186 187 188 189 191 193 195 197 
198 199 201 203 205 206 211 217 218 220 221 222 
223 225 227 233 234 236 238 240 241 243 245 246 
249 250 254 257 258 260 262 264 265 268 270 272 
273 276 277 280 281 283 285 287 290 291 293 295 
296 297 298 301 302 304 306 307 308 310 311 314 
315 316 318 320 322 323 325 326 327 328 329 330 
331 336 339 341 342 347 353 358 359 360 365 367 
368 370 371 374 375 376 377 381 382 384 386 387 
388 389 390 391 392 394 395 396 397 400 
193
3 4 5 6 7 8 9 10 14 15 20 21 
22 26 27 28 30 31 32 37 39 40 43 44 
45 46 47 52 53 54 57 58 59 60 65 68 
69 71 72 74 75 82 84 87 88 91 94 95 
97 106 107 108 109 112 117 118 122 123 126 127 
131 132 133 134 137 140 141 142 143 144 146 147 
148 149 152 153 154 156 157 159 163 165 167 173 
176 178 179 180 181 183 185 186 189 195 196 197 
199 200 201 202 206 207 208 211 213 214 215 217 
221 223 224 225 226 227 230 234 235 239 240 242 
243 244 246 251 253 255 259 261 262 263 264 265 
272 275 277 278 279 282 285 290 291 292 294 295 
299 300 304 305 307 308 309 311 312 313 316 323 
324 325 326 327 328 332 335 336 337 338 339 342 
343 348 349 351 355 359 360 362 364 373 375 378 
379 380 381 383 384 385 387 388 389 394 395 396 
400 
182
2 3 4 7 8 9 14 15 16 21 22 29 
30 40 45 46 50 53 61 64 66 69 70 74 
75 77 78 79 81 86 90 91 93 94 95 96 
97 98 100 104 107 109 111 112 114 115 116 117 
118 120 121 127 128 130 136 137 138 142 145 146 
147 149 150 152 153 154 157 160 163 164 168 169 
172 173 179 180 181 185 188 190 191 194 197 198 
205 206 207 208 211 213 214 215 217 220 222 223 
225 228 230 231 232 235 238 239 240 241 242 243 
249 251 252 253 254 259 260 262 265 267 274 277 
278 282 284 285 287 288 290 291 292 296 298 299 
300 302 311 312 314 315 316 318 320 321 324 325 
326 331 332 334 338 339 340 342 346 347 351 352 
353 354 357 360 362 365 366 370 371 372 373 379 
380 382 385 386 387 389 390 393 395 396 397 398 
399 400 
196
1 6 7 9 10 12 14 15 16 17 20 25 
27 28 32 33 34 36 37 38 39 41 42 44 
46 51 54 55 58 61 65 66 67 68 70 72 
74 78 79 82 83 84 88 89 90 93 95 96 
101 102 103 106 108 111 114 117 118 119 120 124 
129 131 132 136 139 141 142 143 145 146 153 154 
157 158 161 162 163 165 166 170 171 172 180 181 
184 185 187 189 191 194 195 197 201 204 207 208 
209 211 212 215 216 217 219 220 221 222 223 224 
227 229 231 234 235 236 237 240 241 244 248 249 
251 252 253 255 256 257 258 260 261 264 266 268 
269 274 275 278 279 284 285 286 287 288 289 290 
292 293 295 296 299 300 303 304 305 306 312 317 
320 321 322 323 326 327 329 330 331 332 334 337 
339 340 344 345 347 348 349 350 352 353 360 361 
363 365 368 369 373 380 381 383 386 388 390 392 
393 394 397 399 
203
2 4 8 11 13 16 18 21 22 23 24 25 
26 27 28 32 34 35 36 37 38 39 40 41 
43 44 45 46 48 51 56 57 58 61 63 64 
65 70 72 73 74 75 76 78 80 83 85 89 
90 91 92 96 97 99 100 101 103 104 108 110 
111 112 114 115 116 118 122 123 124 127 131 133 
135 136 137 139 144 145 146 149 152 153 154 158 
161 162 164 166 167 170 173 175 179 181 182 183 
185 186 188 189 190 191 193 194 196 197 199 204 
206 208 209 210 211 213 214 217 220 225 227 228 
229 231 233 234 235 236 237 240 242 245 246 247 
248 249 250 255 266 268 270 271 273 274 277 279 
281 283 287 289 291 293 295 297 299 301 302 303 
304 305 308 309 310 311 312 314 315 316 320 322 
323 324 325 326 335 337 338 339 340 342 344 347 
349 352 356 363 364 368 373 374 375 379 380 381 
383 384 385 386 387 389 392 393 396 398 399 
210
1 2 3 9 11 12 14 16 17 18 22 24 
28 30 31 34 35 37 38 39 40 41 42 46 
47 48 49 51 52 54 55 57 58 63 64 65 
68 69 73 75 76 82 83 84 86 89 93 95 
99 100 105 106 107 109 110 111 112 116 117 124 
126 129 130 131 132 133 134 137 139 143 144 147 
150 152 153 157 162 163 164 165 166 167 169 170 
171 173 177 178 181 187 189 190 191 193 197 198 
199 200 202 203 207 210 212 213 214 215 218 219 
220 221 222 224 225 226 227 228 231 232 233 235 
236 237 240 241 244 245 248 249 250 251 252 253 
254 255 256 257 259 262 263 264 265 266 267 268 
273 274 275 277 278 279 287 289 292 293 294 295 
296 298 299 302 305 306 307 309 311 312 315 317 
321 323 324 326 327 330 332 333 334 335 337 339 
340 342 344 347 348 349 352 353 354 359 361 364 
365 367 373 376 377 382 384 389 390 391 392 393 
394 395 396 397 399 400 
200
2 4 5 6 8 10 11 12 13 15 16 17 
18 19 20 23 24 26 27 28 31 34 37 39 
40 41 43 45 46 48 51 54 57 58 59 60 
62 63 64 69 70 72 73 75 76 77 78 80 
81 88 89 92 94 97 99 101 109 110 111 115 
118 120 121 122 123 125 126 127 128 129 130 136 
137 139 140 144 145 149 151 154 157 158 161 163 
164 171 172 177 181 182 184 186 187 188 189 190 
195 196 198 200 203 205 208 210 215 216 218 219 
220 223 225 226 228 229 230 231 232 235 236 237 
239 240 245 246 247 251 252 257 259 260 263 266 
267 268 270 272 273 275 276 278 279 282 283 285 
288 289 290 291 292 293 295 296 297 299 301 302 
303 304 307 315 316 317 320 321 324 325 326 327 
336 337 340 345 346 349 352 354 356 357 359 361 
363 364 366 370 372 378 380 381 382 383 384 386 
388 389 390 394 395 396 397 399 
201
2 3 7 11 13 14 17 20 25 27 28 29 
31 33 37 40 41 42 46 48 52 54 58 61 
63 65 67 68 69 74 77 78 79 80 81 82 
84 85 94 95 97 98 99 100 101 107 110 111 
112 113 114 115 118 119 120 124 127 136 138 139 
141 142 144 145 148 149 150 152 155 160 161 162 
165 167 168 172 176 177 179 183 184 195 198 200 
201 202 203 207 212 213 214 215 218 219 223 226 
228 229 230 232 236 237 240 241 242 243 244 246 
247 250 251 252 254 255 257 261 264 265 267 269 
270 271 272 273 276 277 278 280 281 283 284 286 
287 290 291 292 294 295 296 298 299 300 302 303 
304 307 309 314 315 316 317 318 321 322 323 324 
327 328 329 331 332 333 335 337 338 340 341 343 
344 346 348 353 354 357 358 359 360 361 362 363 
365 366 368 369 371 373 374 375 376 377 379 380 
383 385 386 389 390 393 396 399 400 
194
3 5 8 10 11 15 17 26 27 28 29 35 
36 37 38 39 40 41 44 45 47 49 51 52 
54 56 59 61 62 65 70 72 74 79 80 81 
82 84 87 90 94 96 98 102 105 106 108 109 
115 117 118 119 122 124 125 126 129 130 131 132 
134 136 138 139 140 141 142 143 146 149 150 151 
159 160 162 164 167 169 171 172 177 182 183 184 
185 187 189 190 192 193 195 198 199 203 204 206 
207 211 212 213 214 216 217 218 221 222 223 225 
226 228 229 230 233 234 235 236 237 241 242 245 
246 249 250 251 252 253 255 258 259 260 263 268 
269 270 272 276 278 280 281 283 284 287 289 296 
300 301 302 304 309 311 314 316 320 321 322 324 
326 330 332 333 336 339 340 341 342 344 345 347 
348 350 351 353 354 355 358 359 363 364 365 366 
367 371 372 374 375 376 377 379 380 383 385 387 
389 396 
216
1 2 3 4 5 8 10 12 13 14 18 21 
22 23 24 25 27 29 30 31 32 33 34 35 
37 41 42 44 46 47 49 50 51 52 55 57 
58 61 62 63 64 65 66 67 68 69 71 74 
75 77 80 82 84 85 86 88 90 93 98 102 
105 106 108 109 110 111 112 113 115 116 117 118 
119 120 121 122 123 124 126 127 128 129 130 132 
134 135 136 137 142 143 146 148 149 150 151 152 
153 154 157 159 168 169 170 178 181 182 184 189 
193 194 195 196 198 199 200 201 202 203 204 209 
210 211 217 219 220 226 227 228 230 234 236 238 
240 241 242 249 254 255 256 257 260 262 263 266 
268 269 270 271 272 273 274 275 276 280 282 283 
284 285 287 289 290 292 293 294 295 296 298 299 
302 307 309 310 311 314 315 316 318 319 320 322 
325 326 330 331 332 333 343 344 345 347 349 350 
351 353 355 356 365 366 368 369 370 371 375 376 
382 383 384 385 386 387 389 390 392 393 394 399 
195
1 2 3 5 7 8 9 11 17 18 20 21 
22 26 29 34 37 38 43 47 50 51 52 53 
56 58 60 63 64 66 67 68 69 77 78 80 
83 84 89 91 92 98 100 101 102 103 104 105 
107 108 111 113 114 116 117 118 120 121 122 123 
126 130 131 134 135 136 137 145 146 148 152 153 
154 155 157 161 163 164 166 167 168 169 172 174 
175 178 181 184 186 188 193 194 198 199 200 201 
202 204 206 209 210 214 215 216 217 218 219 222 
225 227 231 233 234 236 240 241 244 245 246 247 
250 251 252 261 264 265 268 270 272 273 274 275 
276 278 280 290 292 293 294 295 296 298 302 303 
306 307 308 310 311 312 313 314 315 316 318 320 
321 324 326 327 328 330 336 337 338 339 340 341 
342 343 345 348 349 356 357 359 361 362 363 365 
369 372 376 377 383 386 387 388 390 391 392 396 
397 398 399 
200
3 6 7 8 9 10 12 14 15 16 21 26 
27 28 34 37 38 40 42 43 44 45 46 48 
49 50 51 52 55 56 58 59 60 61 62 63 
64 66 67 68 69 72 73 76 77 79 80 81 
83 85 86 88 89 90 91 93 96 97 100 102 
105 108 109 110 120 122 123 124 125 126 127 131 
133 138 140 142 144 149 151 152 156 157 159 160 
161 162 163 164 166 168 171 172 173 175 178 179 
181 182 183 185 190 191 192 194 196 198 199 200 
201 203 208 209 213 216 219 220 221 222 223 224 
227 228 232 233 236 238 242 244 245 246 251 253 
256 257 259 264 266 270 271 272 274 276 277 280 
283 285 286 288 289 290 293 294 295 296 297 299 
300 302 303 304 305 310 311 312 313 317 323 327 
329 336 337 339 345 350 351 353 354 356 358 360 
363 365 366 367 369 370 372 373 376 377 378 379 
382 383 384 387 393 397 398 399 
192
4 6 8 9 10 12 14 16 17 19 21 24 
25 27 28 29 30 33 34 39 40 42 48 55 
58 59 63 64 69 71 73 76 77 78 80 82 
88 90 91 100 101 103 106 108 110 112 114 116 
117 119 121 122 126 127 130 132 133 134 140 141 
146 147 148 150 152 153 154 155 156 157 158 159 
160 162 163 166 167 169 172 173 174 178 182 188 
189 190 191 192 194 196 200 202 211 212 215 216 
217 218 219 220 223 225 227 228 230 231 233 240 
242 245 246 247 248 249 250 254 257 260 262 263 
264 265 267 270 273 278 279 280 281 284 286 288 
290 291 295 296 298 299 300 301 302 304 306 308 
309 312 314 315 317 318 320 321 322 325 326 327 
332 333 334 335 336 337 339 340 348 352 356 357 
358 360 363 365 368 369 370 374 376 380 381 382 
384 385 386 390 391 392 394 395 396 397 398 400 
187
1 4 5 6 10 13 14 21 24 25 26 27 
28 29 30 32 34 35 40 41 44 46 51 52 
54 60 64 68 69 71 72 75 76 77 80 81 
82 83 85 88 89 90 93 96 97 98 99 101 
108 109 110 111 112 113 114 117 118 121 125 129 
130 131 132 135 136 140 142 144 145 146 147 148 
150 152 157 159 160 163 165 166 167 168 171 174 
177 178 180 181 182 184 187 188 189 195 196 201 
202 203 206 207 209 212 213 214 216 217 221 223 
225 228 229 230 233 234 235 236 241 242 243 244 
245 246 249 253 254 256 257 259 266 270 272 273 
274 275 276 278 279 280 281 282 289 291 293 294 
295 296 297 299 304 308 318 319 320 321 325 328 
329 330 334 336 338 340 343 345 347 349 353 358 
359 361 365 369 370 372 373 374 375 377 379 383 
385 389 390 395 396 397 399 
210
5 9 10 14 16 18 19 21 24 25 26 28 
29 30 38 39 43 44 45 47 48 49 52 58 
60 61 62 63 64 65 67 68 69 70 72 73 
75 76 77 78 79 83 85 86 88 91 92 95 
96 98 99 102 103 104 106 107 108 109 111 112 
115 117 118 119 120 122 123 124 125 126 127 130 
131 135 137 138 139 140 142 144 145 149 150 155 
160 161 165 171 172 174 175 181 182 183 184 185 
186 187 188 189 191 192 193 194 196 199 203 206 
208 212 213 215 217 221 223 224 228 231 234 235 
240 241 243 244 247 249 252 254 255 259 260 264 
265 267 268 269 270 271 273 275 277 278 279 281 
284 285 288 289 292 293 294 295 297 299 300 301 
303 306 307 309 312 314 318 319 324 328 330 331 
332 333 334 335 336 340 342 343 345 346 348 349 
350 352 355 356 357 358 359 361 364 365 370 372 
373 375 376 377 378 379 380 381 383 385 386 388 
389 391 393 397 398 400 
210
4 5 6 10 11 12 13 14 16 17 18 22 
25 28 29 39 40 42 43 44 45 46 47 48 
51 52 56 58 60 61 62 63 64 68 69 71 
74 75 76 77 79 80 83 84 85 86 87 89 
90 91 93 94 96 102 103 104 105 106 109 110 
111 113 116 118 120 121 124 126 127 128 129 133 
136 137 140 141 142 152 153 154 155 158 159 160 
161 164 165 166 168 171 178 181 183 187 189 191 
194 196 197 198 199 201 204 205 206 207 209 210 
211 213 214 220 221 223 224 225 236 237 238 241 
242 246 248 249 250 251 253 255 256 257 258 259 
260 261 262 263 266 267 268 269 274 276 281 283 
285 287 289 292 294 296 297 300 301 302 304 305 
307 308 309 310 311 312 313 314 317 318 319 320 
321 322 326 327 329 334 335 337 338 339 340 342 
343 344 346 347 348 351 354 357 359 360 361 363 
365 366 367 368 374 376 377 379 380 381 382 383 
388 391 395 397 398 399 
181
1 3 4 6 7 13 14 15 17 18 20 21 
24 26 27 30 31 33 36 37 41 44 45 46 
55 56 58 59 61 62 64 66 72 73 75 76 
78 79 80 83 84 87 88 89 90 91 93 96 
97 98 100 103 105 106 107 108 109 110 111 113 
116 121 126 127 128 135 138 143 151 152 155 159 
160 162 165 167 168 169 172 174 180 182 189 190 
192 193 194 196 197 198 200 203 204 205 206 208 
209 210 211 213 221 223 225 231 236 237 238 239 
242 243 244 245 246 249 252 255 256 257 263 266 
271 272 273 276 277 279 281 286 288 291 292 294 
295 297 298 299 301 303 305 306 309 313 322 326 
327 328 330 332 333 334 338 339 340 343 346 348 
350 353 354 355 356 358 362 367 368 369 371 374 
379 381 382 384 385 387 390 391 394 396 397 398 
399 
191
2 3 5 9 12 15 18 19 21 23 24 27 
28 32 35 36 38 40 41 42 49 53 58 61 
71 72 73 76 77 78 82 83 89 90 91 94 
96 99 100 103 110 112 113 114 116 119 121 122 
124 125 126 129 130 131 133 135 136 137 138 140 
141 144 146 149 151 153 157 159 161 163 164 168 
172 173 174 177 178 179 180 181 186 187 188 190 
191 192 193 194 195 196 198 199 201 206 208 212 
213 217 220 223 225 226 230 231 232 233 237 238 
240 241 242 246 247 248 249 251 256 265 268 270 
271 272 275 276 277 278 281 283 284 286 287 290 
291 294 298 300 302 304 307 308 309 311 312 314 
315 316 317 319 322 323 325 327 328 334 336 338 
339 340 343 345 347 349 350 351 352 353 355 356 
358 359 363 364 366 367 369 371 373 375 376 377 
382 383 385 387 390 391 393 396 398 399 400 
203
1 2 3 4 5 7 8 9 12 13 14 15 
16 18 19 22 23 24 26 27 28 29 34 35 
37 39 40 42 44 45 48 50 52 54 55 57 
58 62 63 64 66 67 69 70 71 73 74 76 
78 80 83 84 86 90 91 92 94 96 97 99 
100 101 102 103 104 110 113 115 116 119 120 122 
126 127 133 135 138 147 148 149 150 151 155 158 
159 160 169 170 174 176 177 178 183 184 186 188 
189 192 195 207 208 215 216 221 222 225 226 227 
229 231 235 237 238 240 242 243 244 245 249 250 
252 253 255 257 258 259 260 264 266 267 268 269 
272 273 276 277 279 282 283 285 287 289 290 291 
298 300 301 302 305 306 308 309 315 317 319 320 
322 323 324 325 326 330 331 333 335 336 337 338 
343 344 348 349 350 353 354 355 357 358 359 361 
365 368 370 372 373 375 377 378 379 380 381 382 
384 386 389 391 392 393 394 396 397 398 400 
206
3 4 10 11 12 18 21 23 26 27 28 31 
32 38 39 43 44 45 46 47 51 52 54 56 
57 58 60 62 63 66 67 69 71 74 77 79 
80 81 84 85 87 89 90 92 93 98 99 100 
101 103 108 109 111 112 114 116 117 119 122 123 
124 126 127 130 131 133 134 135 141 143 145 146 
149 152 154 155 156 157 158 160 162 164 167 168 
171 174 175 178 179 181 184 187 189 190 191 192 
195 197 198 199 205 210 211 212 213 214 216 218 
219 220 221 222 224 227 229 231 232 233 234 235 
237 238 243 245 249 250 251 252 253 256 258 260 
261 262 264 266 267 268 269 277 278 280 281 282 
284 285 288 290 291 292 293 295 296 297 301 307 
308 309 312 313 314 318 319 320 321 323 328 331 
332 334 336 338 341 342 343 344 345 346 349 351 
353 354 355 356 357 359 360 361 364 366 369 372 
373 375 377 380 381 383 384 386 388 391 393 396 
398 399 
208
2 3 4 5 8 11 14 15 17 18 19 20 
23 24 25 26 28 29 30 31 35 37 38 39 
41 44 45 47 48 49 52 55 58 59 60 62 
63 65 67 68 69 70 71 73 74 75 76 78 
80 82 83 88 92 94 98 99 101 102 103 104 
108 110 111 113 114 117 119 122 123 125 127 129 
131 136 140 141 144 146 149 150 151 152 153 155 
156 162 166 167 170 172 173 174 175 176 177 178 
180 181 184 185 186 187 188 190 193 194 196 197 
201 202 206 209 210 212 216 219 221 222 225 232 
235 239 240 243 246 248 249 251 252 254 255 257 
258 259 260 261 263 265 266 268 273 275 276 277 
280 282 283 284 285 286 288 289 290 291 292 297 
299 302 304 305 307 308 309 311 319 320 323 327 
328 330 331 333 337 339 341 342 343 346 347 350 
352 353 354 357 358 362 368 370 371 372 373 375 
376 378 382 383 385 386 388 389 390 391 392 396 
397 398 399 400 
218
9 10 13 15 16 17 18 20 21 24 25 27 
30 31 32 34 36 38 39 43 44 45 46 49 
50 54 55 57 63 65 67 68 69 70 71 73 
74 75 76 77 78 79 81 84 85 86 87 88 
89 91 93 94 97 98 99 100 104 105 107 108 
109 110 111 112 114 118 120 121 123 124 126 127 
128 129 131 132 133 135 136 137 138 139 143 144 
146 149 150 152 153 155 157 159 160 161 162 163 
164 165 166 168 169 170 175 177 178 180 182 183 
186 187 189 191 196 197 199 203 205 206 208 209 
211 212 213 214 215 218 219 220 224 227 228 229 
231 232 234 237 238 239 242 244 245 249 254 255 
260 264 268 270 272 275 279 280 281 283 289 290 
292 296 299 300 302 303 304 305 307 308 309 310 
311 316 318 319 320 321 322 324 325 329 330 331 
333 335 337 338 339 341 342 345 346 347 349 350 
352 353 354 356 362 363 365 367 368 369 370 371 
373 374 375 376 378 380 382 385 387 389 390 395 
398 399 
212
2 4 7 8 11 12 15 20 21 23 24 26 
29 30 32 33 35 36 38 42 43 44 47 51 
52 54 55 58 59 63 64 65 68 71 74 77 
78 79 82 83 84 86 88 89 95 96 97 98 
100 101 102 104 105 109 111 112 114 115 119 120 
121 122 124 128 135 137 138 141 142 143 144 146 
153 154 156 157 160 161 163 165 167 170 171 172 
174 175 176 178 179 180 181 182 186 188 189 190 
191 192 193 194 196 199 201 202 203 204 207 209 
210 211 213 214 216 217 219 220 221 222 225 226 
227 229 233 234 235 237 238 241 242 243 244 245 
246 249 252 253 255 257 258 259 261 262 263 264 
265 266 270 272 273 274 275 277 278 280 284 285 
286 288 289 290 292 294 295 298 301 304 308 310 
311 313 315 318 319 323 324 325 326 327 329 330 
332 334 337 339 340 342 345 346 351 353 356 357 
358 360 363 369 370 372 375 378 379 380 381 385 
386 390 393 395 396 398 399 400 
196
4 6 9 10 11 16 20 22 23 24 25 29 
30 31 32 39 40 42 45 47 48 51 52 53 
54 55 56 58 60 61 63 64 65 66 67 68 
69 70 71 73 74 75 80 84 86 88 90 92 
93 94 98 103 104 109 110 111 113 114 115 116 
117 119 123 124 125 128 129 131 132 135 137 138 
139 145 146 149 151 152 154 155 157 158 162 163 
164 168 171 172 173 175 182 185 186 187 190 193 
195 197 200 203 204 208 210 211 212 217 221 222 
224 225 226 230 231 237 240 241 244 245 246 248 
249 254 256 257 258 260 262 264 266 270 274 275 
277 279 280 281 282 283 286 292 294 295 296 297 
298 304 305 306 307 311 312 313 316 318 319 322 
323 324 325 326 327 329 330 336 337 339 341 343 
346 347 348 350 351 354 355 359 361 363 364 365 
366 367 371 375 377 378 381 384 385 386 387 389 
391 392 393 400 
188
2 4 5 7 8 9 10 12 17 19 20 21 
26 29 30 35 36 41 45 51 58 62 63 68 
69 70 71 72 75 77 78 79 81 83 85 86 
87 88 94 95 96 99 100 105 106 111 113 114 
118 119 124 125 127 128 131 132 135 138 139 145 
148 150 151 152 153 154 155 156 158 159 160 161 
162 167 169 171 173 174 176 177 178 181 184 187 
189 190 192 194 199 203 204 205 207 209 210 212 
213 214 215 218 219 220 221 224 225 226 229 231 
233 234 235 236 239 240 242 245 247 252 253 255 
256 261 265 266 267 271 272 273 276 277 278 279 
282 286 291 293 294 299 302 305 306 308 310 311 
312 315 316 320 321 327 328 329 330 331 332 334 
336 339 340 341 342 343 345 350 351 353 354 355 
356 358 363 366 371 372 374 376 377 379 381 382 
383 384 386 389 394 396 398 399 
193
3 9 11 12 13 14 15 16 20 22 26 30 
33 35 37 39 40 44 45 47 48 50 51 52 
53 56 57 58 59 62 65 67 68 71 73 74 
75 78 79 84 85 88 101 104 111 113 114 117 
119 121 122 123 124 128 129 131 132 134 137 138 
139 141 145 146 149 150 152 153 157 160 162 163 
164 167 169 170 172 173 175 176 177 179 180 181 
182 183 187 188 192 193 194 196 198 199 200 202 
203 207 210 211 212 213 215 219 220 223 225 226 
227 228 230 231 234 235 238 240 242 244 249 250 
251 252 253 254 256 257 258 260 261 262 270 275 
276 277 278 279 280 281 282 284 285 287 290 292 
293 294 297 301 302 303 308 311 312 316 317 319 
321 323 324 325 329 332 334 337 340 341 343 344 
345 347 348 350 352 353 354 355 361 362 364 365 
366 368 369 371 372 379 380 383 390 392 393 395 
398 
210
2 3 6 8 9 10 13 14 15 16 17 18 
22 25 26 27 28 29 31 32 33 34 36 37 
38 40 41 42 43 45 46 47 51 52 56 57 
58 59 60 61 64 65 67 69 70 71 74 75 
78 79 80 81 83 88 89 91 92 94 95 97 
102 104 106 107 117 119 120 122 125 126 127 128 
130 132 138 139 143 145 149 150 152 156 157 159 
160 162 164 165 167 168 169 170 171 175 176 177 
181 182 184 186 194 195 197 198 199 200 201 205 
207 208 210 211 213 214 215 216 217 220 221 223 
224 227 228 229 230 232 234 235 236 237 238 239 
240 243 244 245 247 248 249 250 251 252 253 255 
259 260 261 265 266 268 269 272 273 277 278 281 
285 289 291 292 295 297 301 304 305 310 311 313 
314 319 320 321 322 323 326 327 328 329 333 334 
336 338 341 342 343 345 347 348 350 357 358 360 
361 363 365 368 370 373 375 378 379 382 385 387 
388 392 394 396 398 399 
206
3 4 6 8 10 11 12 14 15 16 17 18 
20 22 24 26 28 30 31 33 40 42 45 49 
51 53 54 57 59 60 61 62 63 66 67 68 
69 70 73 79 81 82 85 86 87 88 89 90 
91 94 99 100 102 103 106 108 115 119 120 122 
124 125 126 127 128 129 131 132 136 138 143 146 
147 148 151 152 153 154 155 156 158 159 161 163 
166 167 168 171 172 174 176 179 180 182 184 186 
188 189 191 193 194 195 197 200 201 204 208 211 
212 213 216 217 218 220 223 224 225 227 228 232 
237 239 245 248 249 250 252 253 254 255 256 260 
261 262 263 264 265 266 268 269 270 275 276 277 
280 281 282 285 292 293 294 297 301 303 304 306 
307 308 309 311 313 314 315 318 321 322 324 325 
326 327 329 331 334 339 341 345 346 349 350 351 
352 355 356 358 362 365 366 367 368 370 371 372 
375 377 379 381 382 383 384 387 390 391 393 394 
396 398 
209
2 3 5 6 9 11 12 15 17 18 19 21 
22 23 24 27 28 31 33 36 38 39 42 44 
47 49 50 52 53 55 56 58 59 60 61 63 
64 67 69 70 72 75 76 78 80 81 83 86 
91 92 93 95 97 98 102 103 104 105 106 107 
109 110 113 118 120 122 124 125 126 127 128 129 
132 133 135 140 143 145 146 147 149 151 152 153 
154 155 156 159 161 162 163 167 168 171 174 176 
178 181 182 183 187 188 189 190 192 196 199 201 
205 206 208 209 210 211 214 218 219 220 221 222 
224 225 228 231 232 235 236 238 239 244 247 248 
250 256 257 259 260 266 269 270 271 273 274 275 
276 281 283 284 285 286 288 290 291 292 293 294 
296 300 301 304 305 308 309 312 313 315 317 318 
322 323 324 325 326 328 329 331 332 334 336 337 
340 343 345 346 349 352 353 357 358 360 361 363 
364 368 370 373 374 377 379 382 383 384 385 386 
389 390 392 394 400 
172
3 6 8 9 13 14 16 18 19 21 22 23 
25 29 31 32 34 35 36 37 40 44 46 48 
50 51 53 54 59 60 63 64 67 69 70 72 
77 79 81 85 89 90 92 95 98 99 101 104 
111 112 113 114 116 117 118 123 124 126 128 130 
132 134 141 145 146 148 149 151 153 154 155 156 
163 167 169 171 172 179 183 184 185 186 188 189 
191 193 199 201 202 205 208 213 214 217 218 220 
228 229 235 236 238 240 242 243 244 245 248 249 
251 252 253 257 261 262 267 269 272 273 274 276 
277 280 281 284 286 290 295 297 305 306 307 308 
310 316 318 321 322 323 324 325 326 327 328 329 
330 332 333 334 335 337 340 342 344 345 347 348 
349 351 353 354 358 364 369 377 379 380 382 383 
386 387 391 392 
204
4 5 11 13 17 18 20 22 23 24 26 27 
28 31 32 33 36 37 42 43 44 46 49 56 
57 58 61 67 69 70 71 72 79 81 85 87 
88 89 93 94 95 97 102 104 107 109 110 112 
114 115 116 119 122 124 125 129 130 131 132 143 
147 148 150 151 152 153 155 156 159 160 162 163 
165 167 173 175 178 180 182 184 185 186 187 188 
189 190 191 193 195 196 200 201 202 205 208 209 
210 211 213 216 217 218 220 221 222 224 225 228 
231 232 235 239 240 241 243 246 247 248 251 253 
255 256 257 258 261 262 263 267 268 269 273 277 
283 284 285 289 290 292 294 295 296 297 300 301 
302 304 306 309 311 314 316 317 318 320 321 323 
324 325 328 329 330 331 332 334 336 337 338 341 
342 344 346 348 352 353 354 355 356 363 364 365 
369 370 372 374 375 377 378 379 381 382 383 384 
385 386 388 389 390 391 392 394 395 396 397 400 
194
2 4 5 6 8 9 13 14 16 17 19 20 
21 22 25 27 31 34 37 38 40 42 43 44 
46 51 54 56 59 61 62 64 66 68 70 72 
78 79 81 86 88 90 91 92 94 95 97 99 
100 105 106 109 111 112 115 116 120 124 128 130 
132 133 137 141 144 145 146 148 151 154 155 156 
158 159 161 162 163 165 174 175 176 177 178 183 
185 188 189 190 191 193 194 195 196 197 198 200 
203 204 208 212 214 215 218 220 222 224 227 230 
232 235 237 239 240 249 250 252 254 255 257 259 
260 263 264 265 267 270 273 276 277 279 282 283 
286 287 289 292 295 298 299 301 303 304 305 312 
315 317 318 319 320 321 325 326 327 328 330 331 
332 333 336 338 339 340 341 345 346 348 350 351 
354 356 357 361 362 363 364 365 367 368 369 371 
375 376 377 381 382 383 384 386 387 389 392 393 
396 397 
188
1 4 6 7 9 10 11 13 15 17 19 22 
24 25 26 34 35 37 38 41 43 44 45 46 
47 48 50 53 57 59 63 68 74 76 79 80 
84 85 88 89 91 93 94 96 97 98 101 111 
112 113 116 119 120 121 123 124 127 128 140 141 
142 145 148 149 151 152 155 156 160 161 162 163 
164 171 172 176 179 184 186 188 190 191 192 193 
194 195 198 199 200 201 204 205 208 210 211 214 
216 219 221 222 223 226 229 230 232 235 236 237 
238 241 242 244 245 247 248 250 256 257 258 259 
260 261 263 267 269 271 272 273 274 278 279 287 
289 290 292 297 298 300 302 304 306 307 308 309 
311 315 318 323 324 328 329 331 332 335 336 339 
341 345 346 347 349 350 354 355 356 357 362 363 
364 365 366 369 370 374 376 377 381 382 383 384 
385 386 387 389 392 393 395 398 
214
3 6 7 9 10 11 12 14 15 16 17 19 
20 21 22 23 24 28 29 30 31 33 36 39 
41 43 45 46 47 48 50 55 56 57 60 61 
63 65 67 69 70 71 72 75 76 77 78 79 
81 84 85 86 89 90 91 92 94 95 97 100 
101 106 107 108 112 113 115 118 120 122 125 128 
129 130 131 132 133 136 137 139 141 143 145 146 
147 151 152 155 156 159 161 164 171 175 176 179 
182 185 186 187 189 190 192 194 195 196 197 198 
199 201 202 208 209 210 212 213 215 216 218 220 
221 222 224 227 228 229 233 234 235 237 238 241 
243 244 245 247 249 250 253 255 256 257 258 259 
260 262 263 264 265 267 268 269 271 272 276 277 
280 281 282 285 287 289 290 293 297 300 301 303 
304 306 307 309 312 313 314 317 318 321 322 323 
325 326 327 329 332 333 335 345 349 350 351 352 
354 356 357 358 360 362 364 366 367 368 369 373 
374 376 382 390 392 393 394 395 398 399 
191
2 4 5 6 7 10 11 12 13 14 16 18 
20 21 23 24 29 32 34 36 38 42 45 46 
47 48 50 55 58 59 60 61 62 67 69 70 
71 74 75 76 77 78 80 81 82 83 84 85 
86 87 88 89 90 91 92 93 95 96 97 100 
103 107 108 109 110 111 113 115 119 120 123 127 
128 131 134 139 143 144 149 151 152 158 160 161 
165 166 168 169 172 175 176 177 179 181 183 184 
189 191 194 199 204 206 210 212 215 220 223 224 
226 230 231 232 234 235 236 241 242 243 245 246 
248 250 253 254 255 256 257 259 264 265 266 267 
269 271 273 275 278 281 283 286 290 291 296 299 
301 303 304 307 311 312 313 315 317 318 323 324 
326 328 330 332 334 337 338 340 342 343 344 345 
348 350 357 358 360 361 363 366 367 369 372 373 
378 380 381 383 388 389 392 393 395 396 399 
214
1 2 4 5 6 8 9 11 12 15 17 20 
22 23 25 26 27 28 29 30 32 33 39 41 
43 44 48 49 50 52 54 55 56 57 58 63 
64 67 69 71 72 74 76 77 78 79 82 83 
84 85 86 87 89 90 91 95 100 101 102 104 
107 108 109 110 111 114 115 117 119 120 127 128 
131 132 133 134 136 138 140 141 143 147 148 150 
151 153 155 156 160 162 164 165 167 169 171 172 
173 174 175 178 183 184 185 186 188 190 191 194 
195 196 197 198 199 200 201 202 204 206 207 209 
212 214 217 218 223 224 225 226 227 228 232 233 
234 241 242 243 244 246 250 251 252 253 254 256 
257 259 260 261 263 264 265 268 269 271 272 275 
277 278 281 283 285 287 290 292 293 294 298 300 
301 306 307 319 321 322 324 326 329 330 331 332 
333 334 337 338 339 340 344 345 350 353 355 357 
359 360 362 363 364 367 369 372 373 375 376 378 
381 384 385 387 388 390 396 397 399 400 
201
1 8 10 13 15 18 19 25 29 30 31 32 
34 37 39 44 45 46 48 49 50 52 55 57 
58 60 64 65 69 74 77 78 79 82 85 88 
90 91 92 93 95 96 97 100 102 105 108 109 
110 111 112 113 115 117 118 119 121 122 123 126 
128 132 134 135 138 142 143 144 148 149 150 151 
153 155 159 160 163 165 166 167 168 169 170 172 
174 175 179 180 181 182 184 186 187 189 192 193 
194 196 197 198 199 201 202 203 204 205 207 209 
210 212 216 218 219 220 222 223 225 228 229 232 
235 238 241 243 244 245 247 251 252 253 255 256 
258 261 264 266 268 270 275 280 281 285 287 288 
289 290 291 293 294 298 299 301 304 305 309 313 
314 315 317 319 322 324 328 330 331 334 335 338 
340 342 345 346 349 350 351 352 354 355 359 362 
364 366 368 369 371 373 374 379 380 381 382 386 
388 389 390 391 393 396 398 399 400 
184
1 2 5 11 13 15 20 24 25 28 32 33 
36 37 39 41 43 44 45 48 50 51 52 55 
56 60 63 66 67 68 70 72 73 74 75 77 
84 85 90 92 95 98 102 105 106 117 119 120 
121 123 125 128 129 130 131 132 134 135 136 137 
142 144 145 148 149 150 151 155 157 159 161 162 
163 164 165 166 170 173 174 176 177 182 183 189 
190 197 202 205 210 211 215 216 219 221 222 223 
225 227 228 230 237 239 241 244 245 246 247 248 
250 252 253 255 256 257 258 259 261 262 268 270 
272 273 277 283 286 289 290 294 296 297 298 299 
300 301 302 303 306 310 313 318 325 327 328 329 
330 333 334 336 337 339 342 343 347 348 350 351 
353 354 357 359 360 362 364 365 366 367 368 372 
373 375 376 378 379 383 386 387 389 391 393 394 
395 398 399 400 
180
1 2 3 7 12 14 18 19 23 24 25 28 
29 32 36 37 40 44 46 49 53 54 56 60 
62 65 66 68 70 73 77 78 80 84 85 86 
89 90 94 96 98 101 103 105 106 107 108 110 
113 114 115 118 120 121 122 123 132 133 135 138 
139 140 141 142 145 147 148 149 158 162 164 166 
169 171 176 185 187 188 189 191 192 193 198 200 
202 203 205 206 211 215 216 217 218 220 223 224 
225 226 228 229 230 232 234 236 238 239 240 241 
245 251 252 253 255 256 257 258 262 264 266 267 
270 271 272 274 276 279 286 289 291 292 293 294 
295 297 298 301 304 305 310 311 312 313 315 316 
317 320 321 323 324 329 332 333 334 337 344 345 
346 348 349 351 354 356 357 360 362 363 365 368 
372 374 377 380 382 386 393 394 395 396 399 400 
208
1 5 7 9 10 15 19 20 22 23 25 29 
30 31 32 33 34 36 38 39 40 41 42 43 
45 46 49 50 52 53 54 59 61 62 63 64 
65 69 70 71 75 76 77 79 81 82 83 84 
85 86 87 89 90 91 92 93 94 95 97 98 
99 100 102 103 104 105 106 107 108 109 112 113 
115 118 119 121 123 125 126 127 128 129 131 136 
138 141 142 144 145 151 152 157 158 160 162 168 
169 170 173 178 179 180 181 182 183 184 186 189 
190 191 197 199 202 203 204 206 207 213 215 217 
218 220 222 223 230 235 236 238 239 240 243 246 
247 249 256 257 260 261 262 264 265 270 276 277 
278 279 281 282 283 286 288 289 291 292 294 295 
296 297 298 299 300 301 303 307 308 310 314 317 
318 320 326 330 335 337 338 342 343 344 345 349 
351 354 355 357 358 359 360 361 362 366 368 373 
374 375 380 381 382 384 386 387 388 391 392 393 
394 395 396 398 
197
1 2 3 4 5 6 7 8 10 11 12 13 
14 15 16 17 18 21 23 25 27 28 34 37 
39 40 43 47 48 50 51 54 56 57 58 59 
60 61 62 64 66 67 71 73 76 77 85 87 
88 91 92 94 95 96 98 103 106 108 109 111 
116 119 125 129 132 133 135 138 141 144 147 149 
150 152 153 157 160 161 162 170 172 174 175 176 
180 183 185 188 190 193 196 197 199 202 203 204 
206 207 209 214 217 218 219 223 224 225 232 234 
235 237 238 241 245 246 248 252 253 254 256 261 
262 263 266 267 268 271 272 273 274 275 277 280 
281 282 283 284 286 287 289 290 291 292 294 296 
297 299 300 303 304 305 308 309 310 313 314 316 
317 319 320 321 325 328 329 332 333 334 336 339 
344 345 346 348 352 357 358 360 361 362 363 365 
366 367 368 373 375 379 380 382 383 386 387 390 
395 397 398 399 400 
186
5 6 7 8 9 10 11 12 15 16 19 22 
23 25 26 27 30 33 38 39 41 43 45 47 
48 49 52 53 57 59 62 63 64 66 71 73 
74 75 78 79 81 90 91 94 97 100 102 105 
106 107 111 113 117 118 122 123 127 129 132 133 
134 138 141 144 146 148 152 153 158 160 161 163 
165 168 171 172 174 179 180 181 182 184 185 186 
187 188 189 190 193 195 196 199 206 210 211 217 
219 220 221 225 229 231 232 235 238 241 242 243 
245 246 249 250 251 255 256 257 258 259 260 264 
266 267 268 269 270 271 275 276 280 281 282 288 
289 294 295 296 297 298 299 302 303 304 305 307 
308 311 312 315 316 317 318 319 323 324 334 335 
339 340 342 344 346 347 348 359 360 362 363 365 
368 369 370 371 379 381 382 383 384 387 388 389 
390 392 393 396 398 399 
209
1 2 4 7 9 10 12 13 18 21 22 25 
26 30 31 32 34 35 36 39 41 42 44 46 
49 51 53 57 59 61 64 66 68 69 70 71 
73 75 80 82 86 88 89 90 92 93 95 96 
98 100 103 104 106 107 110 111 112 113 114 118 
119 120 124 126 127 128 129 130 131 132 134 135 
136 137 140 143 144 146 147 148 149 151 154 155 
158 159 160 163 168 169 172 176 177 180 181 183 
185 186 187 188 190 192 197 200 201 202 203 205 
207 214 215 216 219 220 224 226 227 229 233 236 
237 241 244 246 247 248 250 251 254 255 256 258 
259 260 261 262 263 266 271 272 274 277 278 279 
280 281 282 283 285 287 289 291 294 295 297 298 
301 302 304 306 309 310 311 312 314 315 316 318 
322 323 324 325 328 330 334 335 336 337 338 339 
341 342 346 348 349 352 356 357 359 360 362 363 
364 368 369 373 374 375 376 378 380 383 384 389 
390 395 396 399 400 
200
2 4 5 7 8 11 12 13 14 18 19 20 
23 25 28 29 30 31 32 35 37 38 39 41 
45 46 47 48 50 51 52 53 54 56 58 61 
63 65 66 69 70 73 76 77 82 85 87 91 
92 94 95 96 100 101 102 103 106 111 114 117 
118 119 121 122 124 125 128 129 130 132 134 135 
136 137 138 139 141 144 148 149 150 151 152 153 
154 155 158 162 165 167 168 174 176 179 181 184 
186 193 194 196 197 199 201 203 204 206 208 213 
215 216 217 219 220 224 225 227 230 231 233 236 
237 239 241 242 244 245 247 249 253 254 255 256 
258 260 263 266 268 271 274 276 278 279 280 282 
285 289 290 292 307 308 309 315 318 320 321 322 
325 327 328 330 331 332 333 335 338 340 341 342 
343 344 347 348 350 351 353 354 355 356 357 359 
363 367 368 370 372 373 374 376 377 380 381 382 
383 385 386 387 388 394 395 398 
203
1 2 4 8 10 11 12 13 15 19 20 21 
22 23 24 26 28 31 32 36 42 43 44 45 
46 48 49 50 54 55 56 57 58 59 60 61 
62 63 64 67 70 72 73 75 77 78 79 81 
82 83 87 88 91 94 96 98 99 101 102 103 
104 106 107 111 114 115 116 118 119 121 122 124 
129 130 131 132 138 139 140 142 144 145 146 147 
148 153 156 158 160 161 164 166 169 170 172 175 
177 182 184 188 190 191 193 194 196 198 199 200 
201 206 207 208 209 210 217 218 219 220 221 222 
224 225 226 228 229 230 234 236 237 240 243 244 
245 246 247 254 255 256 257 258 263 264 265 266 
267 270 271 273 275 278 286 287 289 293 294 295 
299 300 302 303 305 306 309 311 315 317 319 320 
328 330 336 338 339 342 343 346 347 349 350 351 
353 354 356 362 365 367 371 372 375 376 378 381 
383 385 386 388 389 390 392 393 398 399 400 
172
1 8 10 12 13 16 20 26 29 34 38 39 
40 41 42 46 48 50 51 55 60 61 64 67 
68 72 73 74 80 82 83 84 85 86 88 89 
91 94 95 100 103 107 111 112 113 114 119 120 
125 127 128 131 132 138 140 143 144 146 149 150 
151 153 154 156 159 160 161 164 166 167 172 175 
176 178 179 195 196 199 201 202 203 208 211 212 
215 219 222 229 230 233 235 238 240 242 246 248 
249 250 251 253 254 255 264 268 269 271 272 274 
277 278 279 280 282 283 285 286 288 290 294 295 
297 299 301 302 304 305 306 309 311 314 317 319 
321 322 326 327 332 333 334 336 337 338 339 340 
342 346 348 351 352 353 354 356 361 364 365 366 
367 368 369 373 374 375 377 378 384 387 389 391 
393 396 397 400 
193
6 7 8 11 14 15 16 20 22 23 29 30 
32 36 39 42 44 45 47 48 49 50 52 53 
54 58 59 61 63 65 66 67 68 69 70 71 
72 74 75 76 78 80 81 83 84 88 89 90 
91 95 99 100 101 102 103 107 110 114 119 120 
122 123 131 135 136 138 141 142 143 144 145 148 
150 151 152 156 158 159 166 168 170 171 174 175 
177 181 183 184 188 189 191 192 194 195 196 198 
199 200 201 203 205 206 209 211 213 216 218 219 
221 222 224 225 228 229 230 235 237 238 239 240 
241 242 244 245 246 249 254 256 259 261 262 265 
266 267 268 270 278 279 280 281 283 288 289 291 
295 296 298 299 302 303 307 311 312 315 317 318 
319 320 324 327 328 331 332 335 339 340 341 345 
346 350 351 354 357 363 364 366 369 370 371 372 
375 376 377 379 380 382 384 388 389 390 391 394 
399 
191
1 2 3 4 6 11 13 15 16 17 19 20 
21 22 27 28 31 32 35 37 42 48 49 50 
52 54 55 56 58 59 60 61 63 64 67 69 
70 71 73 74 76 77 79 80 82 83 87 88 
91 92 94 95 98 102 105 107 108 110 115 116 
119 122 128 129 130 134 137 138 139 140 143 146 
149 150 153 155 156 158 159 160 161 162 163 168 
171 176 179 187 193 195 196 198 200 201 203 206 
207 212 215 225 226 228 229 233 236 238 240 241 
243 245 246 249 250 251 252 253 254 255 256 257 
259 267 268 270 271 274 276 277 278 279 281 282 
285 287 289 290 291 292 295 297 298 300 302 305 
306 307 309 310 311 316 320 328 329 330 332 333 
335 336 337 339 340 341 345 346 354 355 356 357 
358 359 361 362 364 367 368 371 373 379 380 381 
382 383 386 387 391 393 396 397 398 399 400 
204
6 7 8 10 11 12 15 16 17 19 21 24 
26 31 34 37 42 43 45 47 49 50 51 52 
53 55 56 59 60 62 65 66 67 69 70 73 
79 80 82 85 86 87 89 91 93 94 95 96 
98 100 101 102 110 111 112 113 117 120 121 123 
124 125 129 130 131 132 133 134 135 137 139 140 
143 148 149 150 151 152 154 157 159 160 163 164 
167 168 170 172 173 176 183 185 187 189 190 193 
194 195 196 197 198 199 205 206 207 209 211 213 
222 225 226 234 235 237 243 245 246 247 248 250 
251 252 256 260 261 262 264 267 268 269 270 271 
273 274 275 276 277 278 279 280 282 283 284 288 
289 291 292 293 294 295 296 300 305 306 307 308 
309 310 312 313 314 315 319 321 323 325 328 329 
330 335 336 338 339 340 341 342 343 345 347 349 
350 352 353 356 357 359 361 364 366 375 376 377 
378 379 381 382 384 388 389 391 392 393 394 395 
210
1 2 5 7 9 10 11 12 13 17 18 20 
21 22 23 24 27 28 29 30 32 34 35 36 
41 43 46 48 50 52 54 55 57 59 60 62 
63 66 67 70 71 72 74 76 80 82 84 88 
90 91 92 93 95 99 100 101 103 105 107 108 
109 113 116 118 120 121 124 125 128 129 135 136 
138 139 141 142 144 149 151 152 154 159 163 164 
165 166 168 171 172 174 176 180 182 185 188 189 
191 193 195 197 198 199 204 205 207 211 214 216 
217 219 220 222 223 224 227 228 230 231 232 237 
243 244 246 248 249 250 255 257 258 263 267 268 
270 273 275 276 279 280 281 282 284 285 286 288 
291 292 293 294 295 296 298 299 302 303 304 305 
307 312 315 317 318 320 322 323 324 326 330 332 
334 336 337 338 339 340 342 343 344 347 350 352 
354 356 358 360 362 363 364 365 366 367 370 372 
373 374 375 377 378 382 383 384 385 386 389 390 
391 393 395 396 398 400 
196
1 2 3 12 14 15 17 19 21 24 25 26 
29 31 36 39 41 43 46 48 49 50 51 62 
63 64 67 69 71 72 74 78 83 86 87 90 
92 93 95 97 100 102 103 104 107 108 109 111 
112 116 117 118 121 122 124 125 126 130 132 133 
134 136 137 139 140 143 144 145 147 150 151 152 
154 158 160 161 162 168 169 171 172 173 174 175 
176 177 178 179 182 183 184 185 189 191 193 196 
199 200 203 204 208 210 212 213 215 216 217 218 
219 221 224 225 227 232 233 236 238 239 240 242 
243 244 246 247 248 249 250 255 256 259 262 263 
264 267 268 269 270 271 275 278 279 282 283 284 
289 290 294 299 300 302 303 304 305 306 308 310 
312 314 318 319 320 322 323 328 329 330 331 333 
335 336 339 340 342 343 344 346 348 350 352 355 
359 362 369 370 374 376 378 381 384 386 389 393 
394 396 397 398 
210
1 2 3 7 9 13 16 18 21 22 26 27 
30 33 34 35 36 37 41 42 43 46 47 48 
52 54 56 57 60 61 62 63 65 66 69 75 
76 78 79 80 81 87 89 91 92 95 96 97 
98 100 101 102 105 106 107 109 112 113 119 120 
121 122 124 125 127 129 131 132 136 138 140 142 
143 144 146 148 149 150 157 158 160 165 166 167 
169 172 174 175 176 178 182 186 190 191 192 195 
198 200 201 202 203 204 206 210 211 212 213 214 
217 219 220 221 224 229 230 231 232 234 236 237 
239 241 246 247 249 250 251 253 254 255 258 259 
260 264 265 268 270 272 273 274 275 277 280 283 
285 287 288 289 291 292 295 296 299 300 304 306 
307 309 310 311 312 313 314 316 317 320 323 324 
326 331 333 335 336 337 338 340 342 345 346 347 
350 357 360 362 364 366 367 368 369 371 372 373 
374 376 377 378 379 380 381 382 383 384 386 387 
392 393 396 397 398 399 
206
2 5 8 10 14 15 16 17 21 22 23 25 
26 28 31 32 33 34 35 40 41 42 43 44 
45 47 48 49 50 51 52 53 54 55 56 57 
60 62 63 65 66 67 69 73 74 76 77 79 
86 87 89 90 95 97 99 100 101 103 105 107 
108 112 115 117 118 120 122 123 125 126 127 128 
131 134 135 137 139 140 142 143 144 146 147 150 
151 152 156 158 163 167 173 174 175 181 182 184 
185 188 189 191 192 193 194 195 196 197 199 201 
204 205 206 209 211 213 214 218 219 220 224 225 
227 229 230 232 235 237 242 249 251 257 263 264 
265 267 268 269 270 272 277 278 279 280 281 282 
283 284 288 291 292 294 295 296 297 298 300 301 
303 304 305 306 308 309 314 315 316 320 322 323 
326 329 330 331 335 338 340 343 345 346 347 348 
349 350 351 353 355 356 359 362 365 366 367 368 
369 371 372 378 381 383 384 385 387 388 389 391 
393 396 
212
1 2 3 4 7 11 12 13 22 25 26 28 
31 37 38 40 41 42 43 47 49 50 52 54 
55 56 57 59 62 64 67 69 70 71 72 73 
77 78 80 82 85 86 91 92 95 100 101 102 
103 107 109 110 111 112 114 119 121 127 129 131 
132 134 136 137 139 140 141 142 144 145 147 149 
151 154 155 156 158 159 160 162 163 166 167 169 
170 172 173 174 176 178 179 180 182 183 184 185 
186 189 190 191 192 193 194 195 196 202 206 207 
208 210 214 215 217 219 222 223 229 230 231 233 
234 238 240 241 242 246 249 251 261 263 264 265 
268 269 273 274 275 277 278 280 281 283 284 285 
286 291 293 297 298 299 300 303 304 308 309 310 
311 314 316 317 319 321 322 324 325 328 330 331 
332 333 334 335 338 341 343 345 347 349 350 352 
353 354 355 356 357 358 360 362 363 364 365 368 
369 372 373 376 377 379 380 381 383 384 385 388 
389 391 392 394 395 397 398 399 
200
1 4 5 7 9 11 12 13 14 17 21 23 
26 27 34 35 36 37 42 46 49 51 52 53 
55 56 57 59 62 64 67 68 70 71 73 78 
80 81 83 84 87 88 91 92 93 97 98 100 
102 103 104 106 109 110 111 116 119 122 123 124 
125 128 129 130 132 133 135 139 141 142 143 145 
146 147 148 149 151 152 155 156 161 162 165 167 
174 175 176 182 184 186 187 188 192 196 197 198 
202 204 206 210 211 215 216 217 218 221 222 223 
224 225 227 228 229 230 231 234 235 236 237 238 
239 242 243 244 245 246 249 251 252 253 255 257 
259 260 263 265 266 270 273 274 275 281 283 284 
285 288 289 291 292 296 303 304 309 310 312 316 
318 319 320 321 324 325 327 329 331 333 335 340 
342 343 346 347 348 349 353 354 356 357 358 366 
367 369 371 374 375 376 377 378 379 381 383 385 
386 387 389 392 394 395 397 398 
218
1 2 4 5 6 10 12 13 17 18 19 20 
21 23 25 28 29 30 31 33 36 39 40 42 
44 47 48 49 52 53 54 55 56 57 59 68 
69 73 77 80 81 83 84 85 89 92 93 94 
95 96 99 100 104 109 110 112 113 116 117 120 
122 123 126 127 129 134 135 136 137 138 140 141 
142 143 145 147 149 153 156 157 158 159 161 163 
167 168 169 171 173 174 175 179 180 182 183 184 
185 186 188 190 192 194 195 197 198 200 201 202 
203 204 205 206 208 210 211 214 216 217 218 222 
223 224 227 228 231 233 237 239 241 245 249 251 
252 253 255 257 258 259 262 263 264 266 267 269 
270 271 272 274 275 276 278 279 281 282 285 287 
288 289 291 295 296 297 298 303 304 305 307 310 
311 312 314 315 316 317 324 327 330 331 332 335 
336 338 341 342 343 344 345 347 348 349 351 354 
355 356 357 358 360 362 363 366 367 368 370 372 
375 376 377 378 379 381 383 384 386 387 389 393 
397 398 
215
1 2 3 4 6 8 15 17 18 19 21 22 
23 25 27 29 39 40 41 44 45 48 50 51 
52 53 54 55 56 57 58 62 63 65 66 70 
72 74 75 76 77 78 81 82 83 84 85 86 
87 88 89 95 97 100 105 106 109 111 112 115 
118 123 126 128 132 133 134 135 136 139 142 144 
145 146 149 151 152 153 154 155 157 159 160 161 
162 163 167 171 173 174 175 177 182 184 186 188 
189 190 192 193 195 196 198 199 200 202 208 209 
211 212 215 218 219 220 222 223 224 226 227 228 
231 233 234 235 237 240 241 244 247 249 250 252 
253 254 255 256 257 259 261 262 264 266 267 269 
272 274 275 277 280 281 282 284 290 291 292 293 
294 297 299 301 302 303 305 306 307 308 309 312 
315 317 318 321 325 326 329 333 334 335 337 338 
339 341 342 343 346 349 350 351 352 353 354 355 
356 357 360 361 366 368 370 372 374 375 376 379 
381 383 385 389 390 393 394 396 397 398 400 
201
2 4 7 10 12 13 14 18 19 22 27 30 
35 38 39 44 45 46 49 51 54 56 57 58 
59 61 67 68 69 70 71 76 77 79 83 84 
90 91 92 94 96 97 98 100 101 102 103 104 
106 109 110 114 116 117 119 120 123 124 125 126 
127 129 131 132 133 135 136 137 140 141 142 148 
150 152 155 159 164 165 168 169 170 171 175 176 
179 182 184 185 187 188 194 196 197 198 201 206 
207 208 211 215 216 218 219 221 227 229 230 231 
233 234 237 239 240 243 244 247 248 249 250 256 
257 258 259 260 261 264 268 269 270 273 275 276 
278 279 280 282 284 287 288 292 293 294 295 296 
297 298 300 301 302 303 304 307 309 310 312 314 
317 319 320 321 322 325 330 331 332 336 339 340 
343 345 346 349 350 351 352 353 355 356 359 360 
362 363 365 366 369 372 373 374 375 376 377 378 
380 381 383 384 386 388 389 391 395 
198
1 2 3 4 6 8 10 11 12 15 17 19 
21 22 24 26 27 28 30 31 32 37 41 42 
43 46 48 49 53 56 57 58 62 63 67 68 
69 70 73 76 77 78 84 86 90 91 92 93 
94 101 105 107 108 110 111 112 113 115 116 119 
120 122 123 124 126 127 134 135 136 139 140 141 
142 145 146 147 148 150 153 154 156 157 160 161 
162 165 166 167 168 171 173 177 179 180 182 185 
186 188 189 191 193 197 198 201 204 205 208 209 
210 211 212 213 215 218 223 224 225 226 227 228 
229 231 233 237 239 240 241 244 245 247 255 257 
259 261 265 266 267 268 269 272 276 279 283 285 
286 289 292 295 297 298 299 303 304 305 306 308 
310 311 313 315 317 318 321 322 327 330 331 333 
335 338 339 342 345 348 350 354 355 358 360 361 
364 368 371 373 375 380 384 386 388 389 390 391 
394 396 397 398 399 400 
204
3 5 8 9 10 11 13 15 20 21 22 23 
24 26 27 28 30 31 32 37 39 41 43 45 
48 52 59 61 63 65 69 70 71 73 75 76 
77 78 81 82 86 87 88 89 92 93 95 98 
102 103 104 113 114 118 120 122 124 125 128 131 
133 134 135 136 137 138 139 140 141 143 144 145 
147 148 149 151 155 157 158 159 160 161 162 164 
165 166 168 170 172 175 177 178 179 183 186 188 
190 191 193 194 196 200 203 207 208 212 215 216 
217 219 220 221 223 224 226 227 228 229 230 233 
234 235 241 242 244 248 249 250 254 255 256 257 
258 259 261 263 269 271 272 273 274 276 277 279 
282 283 286 292 293 297 299 300 305 306 307 308 
309 311 313 317 318 321 324 326 327 328 331 332 
334 335 338 341 342 343 344 345 346 347 348 350 
352 353 356 358 360 363 365 371 372 373 374 375 
378 379 381 384 385 387 391 393 394 395 397 400 
211
2 3 4 5 10 11 14 15 17 21 22 25 
27 28 33 34 35 36 37 38 43 44 45 49 
52 53 54 56 62 63 64 65 66 69 71 72 
74 75 77 78 79 80 81 83 84 87 89 90 
92 94 95 96 98 99 100 101 105 108 109 111 
112 113 120 122 127 129 131 132 133 134 135 137 
139 141 142 143 144 145 146 150 151 152 153 155 
157 161 164 165 166 169 171 173 174 176 177 178 
180 182 185 186 189 190 191 196 197 199 200 203 
204 206 208 209 211 212 214 215 217 218 219 222 
224 225 226 228 230 231 233 235 237 239 243 246 
247 248 252 253 255 256 257 260 261 263 265 267 
270 271 272 273 276 278 281 283 287 289 290 292 
295 296 299 302 308 314 316 319 320 323 327 328 
331 332 333 334 336 337 340 341 342 343 344 345 
347 348 349 352 353 354 357 361 362 363 366 367 
368 369 370 371 372 373 375 376 378 380 383 385 
388 390 391 393 397 399 400 
204
1 2 4 5 10 12 13 14 16 18 19 20 
22 25 31 33 34 35 36 38 39 41 42 44 
45 47 48 49 50 55 59 62 63 65 72 74 
76 77 78 79 81 83 86 87 88 91 93 94 
95 96 97 102 104 105 110 111 113 114 115 118 
119 122 123 126 127 132 134 136 137 139 140 143 
144 146 147 150 152 156 157 161 164 165 166 170 
172 173 177 179 181 182 186 187 189 190 191 193 
197 198 199 201 202 204 210 213 215 217 221 223 
224 226 227 228 230 231 232 235 236 240 241 244 
245 247 248 250 252 257 259 260 264 265 266 270 
271 273 274 275 276 278 281 284 287 288 289 292 
296 297 299 300 301 302 304 307 308 309 311 312 
313 314 315 316 318 319 320 321 322 323 326 327 
328 329 330 334 342 343 344 347 348 349 350 351 
352 353 354 355 356 357 360 361 363 368 371 372 
374 375 378 382 383 384 385 386 391 396 397 398 
209
1 3 5 6 7 8 9 11 13 17 19 21 
24 26 30 32 34 40 41 45 49 50 51 52 
54 55 57 58 60 61 62 63 65 66 67 69 
70 71 72 74 76 79 81 82 83 87 88 89 
90 91 92 94 97 99 100 104 105 110 112 113 
115 120 123 124 125 127 133 136 138 141 144 150 
153 154 157 158 160 163 164 167 171 172 175 176 
177 179 180 182 183 185 187 191 192 193 194 195 
196 199 200 201 203 204 206 213 214 215 216 218 
220 223 224 226 227 228 229 230 231 232 234 236 
237 238 239 242 244 245 247 248 249 251 252 254 
256 257 260 261 262 263 266 268 269 271 273 280 
281 284 287 289 290 293 294 298 300 303 304 310 
317 318 323 324 328 330 333 334 335 337 338 340 
342 344 345 346 348 349 350 353 355 356 357 359 
361 364 365 366 367 368 370 371 372 373 374 376 
377 378 381 383 385 386 387 388 389 390 391 392 
393 394 395 396 398 
179
1 2 4 6 7 8 13 14 18 19 24 25 
30 34 36 38 40 43 44 45 46 48 50 51 
54 58 62 63 64 65 67 68 70 71 73 78 
79 81 83 84 87 88 89 90 91 96 103 106 
109 111 112 113 115 119 120 121 122 123 125 129 
132 134 136 139 141 142 143 145 147 148 150 151 
156 159 161 164 165 166 167 168 171 172 173 174 
175 176 177 180 188 189 191 193 198 200 202 203 
204 207 208 209 210 211 214 215 217 221 223 225 
227 229 230 233 236 238 245 249 250 251 253 257 
261 262 263 264 266 268 271 273 274 277 279 280 
281 284 285 287 290 291 294 297 298 299 303 305 
309 312 320 328 330 331 337 340 341 342 344 346 
347 348 351 354 361 362 363 365 367 370 372 375 
376 377 379 384 387 389 393 395 396 397 400 
192
4 5 6 8 13 14 15 17 20 22 23 24 
26 27 29 30 31 37 40 43 44 48 50 52 
54 60 62 63 64 65 66 67 69 70 71 72 
75 76 78 81 82 84 87 88 89 90 92 94 
98 99 101 102 104 105 106 108 110 111 118 119 
120 121 123 124 125 126 127 128 132 134 136 138 
141 143 148 149 150 152 156 157 159 161 163 165 
166 169 171 172 175 177 178 180 181 182 184 186 
187 188 189 190 191 192 195 198 201 202 205 206 
211 218 220 221 222 223 224 225 228 229 230 231 
232 234 237 240 241 242 244 246 247 249 250 251 
256 257 259 261 262 264 266 268 269 271 272 275 
283 284 287 289 295 298 299 300 305 306 309 310 
311 313 315 318 323 327 333 335 337 338 339 341 
342 343 346 347 348 352 355 359 362 365 366 369 
370 373 374 376 377 379 382 388 391 396 397 400 
200
1 2 8 9 12 13 14 19 20 22 29 30 
31 32 33 34 35 37 41 44 45 46 47 49 
50 51 53 56 58 60 61 62 68 69 70 71 
72 74 77 78 81 82 86 93 94 98 99 100 
101 103 105 106 108 111 113 115 116 118 120 124 
128 130 134 136 137 138 139 140 141 142 144 145 
148 151 153 154 158 159 161 162 163 168 171 173 
175 177 179 182 184 190 191 192 195 198 199 204 
206 207 208 210 215 221 222 225 227 231 235 236 
237 238 239 241 243 244 245 246 247 249 251 252 
254 256 257 258 259 261 262 265 266 268 272 273 
274 275 276 283 288 292 293 295 297 299 302 304 
305 307 308 309 310 313 314 315 316 317 318 319 
321 322 324 328 329 331 333 338 340 341 342 343 
344 345 347 348 349 350 351 353 355 356 358 363 
366 370 372 373 374 375 376 377 380 384 385 386 
388 389 390 391 394 395 397 398 
192
2 3 4 5 13 15 18 19 20 23 25 28 
34 35 39 41 42 45 46 48 49 54 55 60 
63 74 75 77 80 81 83 84 85 87 89 91 
93 94 96 97 98 99 101 103 104 105 106 107 
108 110 114 116 117 119 120 123 124 127 129 130 
131 135 137 139 141 142 144 145 147 149 153 156 
157 158 159 160 162 163 166 167 169 172 173 175 
177 178 179 182 187 189 190 195 196 198 199 200 
201 202 203 204 205 207 210 211 212 215 221 225 
231 233 237 238 239 240 242 243 244 245 247 252 
253 254 255 257 259 261 263 264 267 277 279 280 
281 282 285 287 290 293 294 297 302 308 309 310 
311 317 319 323 328 329 331 332 333 334 335 337 
340 341 342 343 344 345 346 348 353 354 355 356 
359 360 361 362 366 367 368 370 371 372 375 376 
377 378 380 382 385 388 390 391 393 396 397 398 
205
2 3 6 9 10 14 15 16 18 20 23 25 
27 28 33 34 36 37 38 40 45 47 53 54 
56 57 59 63 66 68 69 74 77 78 80 81 
82 84 85 88 89 90 91 92 93 94 95 98 
102 109 110 113 115 116 119 124 125 127 130 132 
135 139 141 143 144 145 146 149 150 151 155 157 
161 163 164 167 170 173 176 177 179 185 186 187 
188 191 193 194 195 196 197 203 204 205 206 207 
210 211 212 213 216 220 221 223 224 225 227 230 
232 233 236 239 241 242 243 246 247 249 251 253 
254 255 257 258 259 262 265 266 268 272 273 274 
277 279 280 284 285 286 291 292 293 294 295 296 
297 298 299 300 302 303 306 307 310 311 313 314 
316 320 321 322 323 326 327 328 330 331 333 335 
339 340 342 343 344 347 350 354 357 358 359 361 
363 365 367 369 370 371 372 373 374 376 377 381 
383 384 387 388 390 391 393 394 395 396 397 398 
399 
206
1 2 3 7 11 12 13 14 15 16 17 18 
19 20 24 28 31 32 36 37 38 40 41 43 
49 51 52 54 56 60 64 65 66 68 70 72 
77 78 79 80 82 83 84 85 86 87 88 89 
92 93 94 95 96 97 100 102 104 108 109 111 
112 117 125 128 130 133 134 136 138 139 140 143 
145 146 150 151 152 153 154 156 160 161 165 171 
172 173 175 176 177 178 180 185 187 188 190 191 
192 193 196 197 198 204 206 208 209 210 212 213 
214 218 219 220 222 223 226 232 234 235 236 238 
240 241 243 245 246 248 249 251 252 253 256 262 
266 269 270 271 273 275 276 278 280 281 282 283 
285 286 288 289 292 295 298 300 302 303 304 305 
306 308 309 310 312 314 316 319 320 321 324 326 
327 328 330 333 334 335 338 340 342 343 344 345 
346 347 349 351 356 357 360 363 364 365 367 370 
372 373 374 375 376 377 378 380 381 382 388 390 
393 394 
188
1 2 3 6 8 9 11 12 14 15 18 19 
21 23 25 28 32 36 39 42 44 45 47 50 
52 53 55 56 60 61 62 67 68 70 72 75 
76 77 81 83 87 88 95 96 97 98 99 100 
101 103 104 105 106 107 112 113 114 116 117 119 
121 122 123 124 125 126 127 129 130 133 134 135 
136 137 138 143 144 146 147 148 150 151 153 154 
159 160 162 167 170 171 175 176 178 179 182 183 
184 185 186 190 191 194 200 207 208 211 221 222 
223 224 226 228 231 232 233 235 236 238 240 244 
245 247 251 253 256 259 260 261 262 263 265 267 
270 272 273 274 276 278 279 280 287 288 289 290 
291 294 296 299 301 302 303 310 311 314 318 319 
321 325 326 327 330 331 332 335 338 343 344 346 
348 349 353 355 357 361 368 370 374 376 377 380 
381 383 384 386 389 391 393 400 
196
2 4 5 6 8 11 14 16 17 18 20 21 
23 25 26 27 31 34 36 37 38 40 41 43 
44 46 47 49 51 52 54 55 57 58 65 68 
70 71 72 73 74 77 80 81 82 83 84 85 
88 89 91 92 94 96 97 98 100 102 105 109 
110 111 115 116 117 122 127 130 135 140 141 145 
146 147 150 151 152 155 156 158 161 162 164 165 
167 169 170 171 176 183 184 188 189 190 196 199 
201 203 204 205 206 208 209 210 211 213 214 215 
216 219 220 225 227 228 229 230 231 232 236 237 
238 239 240 242 245 246 251 253 254 255 256 259 
267 275 276 278 280 281 283 284 285 286 290 292 
293 294 296 300 301 302 304 305 307 313 315 317 
318 319 320 321 322 328 329 330 333 334 335 336 
339 341 343 346 349 351 353 354 359 363 368 369 
370 371 374 377 378 379 382 383 384 385 387 392 
396 397 399 400 
207
1 4 6 10 11 13 14 19 20 21 22 26 
28 29 30 31 33 34 36 38 41 43 44 45 
46 47 51 53 54 55 57 58 59 60 61 62 
63 64 66 67 71 72 73 74 76 79 80 81 
82 85 89 90 91 95 99 100 101 103 104 105 
107 108 110 111 113 114 120 122 125 126 129 131 
132 133 135 140 141 142 143 144 146 149 150 151 
156 157 158 163 164 166 167 168 169 170 171 176 
177 180 181 183 186 188 191 195 196 198 200 207 
210 214 216 218 219 221 222 224 226 227 228 231 
233 234 237 238 240 241 255 256 257 258 260 262 
263 264 268 269 270 271 273 274 275 276 277 279 
280 282 283 284 285 286 289 293 295 297 298 300 
305 306 307 312 314 321 323 325 326 328 329 330 
333 337 338 339 341 342 345 347 348 350 351 353 
355 357 358 361 362 363 365 366 369 370 371 372 
373 374 375 376 377 378 379 381 382 387 389 391 
392 395 398 
199
4 5 6 7 9 11 13 15 16 19 21 22 
24 25 26 27 28 30 33 34 36 38 42 45 
50 51 52 54 56 58 59 60 63 64 65 66 
67 69 70 71 74 80 84 87 89 92 93 94 
95 96 97 101 102 103 107 108 109 113 114 115 
117 121 122 126 127 128 132 133 139 141 143 146 
147 151 153 156 158 159 160 162 163 166 169 170 
172 175 177 180 184 185 186 187 188 190 191 193 
194 196 199 200 202 204 205 206 207 212 213 216 
217 219 220 221 222 224 226 228 230 231 232 235 
237 239 240 241 242 243 244 245 246 251 252 254 
255 257 259 261 267 268 270 271 273 274 275 277 
280 281 282 287 288 289 290 291 292 294 295 297 
302 308 310 315 316 318 319 324 329 333 335 339 
340 344 347 348 349 350 351 355 356 357 358 359 
363 367 368 370 374 375 376 377 378 379 384 385 
386 388 389 390 392 398 400 
205
7 9 11 16 18 22 24 25 27 28 29 30 
32 33 35 36 37 38 39 42 47 48 49 50 
54 55 58 61 63 65 66 67 68 70 71 72 
73 76 77 78 79 82 83 84 86 88 89 90 
91 92 93 96 97 99 101 102 103 105 106 107 
109 110 112 113 116 117 118 120 121 128 130 133 
134 136 137 138 139 142 144 146 147 148 149 151 
152 154 155 156 157 162 165 171 173 174 176 177 
178 181 182 184 185 188 192 193 194 196 199 201 
202 206 208 210 211 212 213 214 219 220 223 224 
225 226 227 229 232 233 234 236 238 239 240 242 
243 244 245 250 253 256 257 266 267 270 271 272 
274 275 276 277 284 286 287 288 290 291 300 301 
303 305 309 310 311 313 315 319 325 328 331 333 
335 336 337 338 339 342 345 347 348 352 353 354 
355 356 358 361 364 365 370 371 372 374 375 379 
380 383 384 388 390 392 393 394 395 396 397 398 
399 
206
1 3 5 7 9 13 16 17 18 21 23 24 
25 26 28 34 38 41 43 44 45 47 48 52 
53 54 55 57 60 64 65 67 70 71 74 75 
76 78 83 84 85 86 87 88 93 94 95 96 
98 100 103 104 105 109 111 112 115 116 118 120 
121 125 127 128 132 133 136 137 139 143 144 146 
147 152 153 154 155 156 158 159 160 161 162 163 
164 166 167 169 172 173 175 176 180 181 182 186 
187 190 192 193 194 199 203 206 208 210 212 213 
215 219 223 226 227 229 232 238 241 243 244 245 
246 247 248 251 252 255 256 257 258 261 262 263 
264 265 268 272 274 276 277 280 281 282 283 285 
286 288 290 293 296 297 298 301 302 304 305 306 
308 309 310 312 314 315 316 320 325 327 328 329 
330 331 333 335 336 338 339 341 345 346 347 350 
352 353 356 362 363 364 366 368 369 370 371 374 
376 378 381 383 385 387 388 390 391 393 394 395 
398 400 
196
3 5 8 9 10 12 13 14 15 19 20 21 
22 23 24 25 27 31 32 34 35 38 41 42 
45 46 50 51 53 54 55 56 58 59 60 62 
63 67 70 76 88 91 92 93 96 98 101 104 
105 109 111 112 113 117 118 119 121 126 128 130 
131 132 134 135 136 137 139 140 142 146 147 148 
150 153 154 155 156 158 165 169 171 172 175 177 
178 181 182 185 186 188 189 192 195 199 201 202 
204 205 207 208 213 218 220 221 224 225 226 227 
230 235 236 239 241 242 243 246 249 252 253 256 
258 259 260 262 264 267 269 270 271 272 273 274 
275 276 277 278 279 280 281 283 284 287 288 290 
294 296 297 299 304 307 309 310 315 316 320 321 
322 323 325 327 328 329 330 331 332 333 338 340 
341 346 347 349 351 352 357 358 359 363 365 368 
369 370 371 373 374 375 376 378 383 385 387 390 
391 392 393 397 
202
1 2 5 7 8 11 12 13 14 15 16 17 
18 20 22 23 25 26 27 28 29 32 33 35 
37 39 40 44 45 46 47 49 51 52 53 55 
56 57 58 59 60 63 64 65 69 70 71 74 
75 76 80 81 83 84 86 88 93 97 101 102 
105 106 107 108 110 111 113 114 117 118 119 120 
123 124 126 127 130 134 136 138 139 140 141 143 
145 146 147 148 150 151 152 154 160 161 164 165 
167 168 170 175 177 178 179 181 185 191 192 193 
195 199 201 203 211 222 223 224 225 227 234 235 
237 242 247 249 250 252 253 255 258 261 262 268 
269 272 273 274 276 281 283 284 288 289 290 294 
295 296 297 298 299 303 304 306 308 309 310 311 
312 315 317 318 319 320 321 323 326 327 329 332 
333 334 336 337 338 340 341 342 348 350 352 354 
355 356 358 359 362 364 366 370 371 372 373 377 
383 385 386 388 389 390 391 396 399 400 
209
1 3 4 5 6 8 10 11 12 14 17 20 
22 25 26 28 29 30 31 35 36 40 43 44 
45 46 47 49 53 55 57 58 59 60 61 64 
65 66 70 71 72 73 74 78 80 87 90 91 
92 93 94 95 96 98 101 102 103 106 108 109 
110 111 113 115 120 121 123 124 127 129 130 132 
134 135 138 143 152 153 154 164 167 169 170 171 
172 174 175 176 177 178 180 182 186 189 190 193 
194 195 196 198 199 200 202 204 207 211 212 215 
217 219 221 222 223 226 227 228 229 231 233 234 
235 236 237 239 240 242 246 247 248 251 252 254 
255 256 257 262 263 264 265 266 268 270 272 273 
274 275 279 282 283 284 285 287 292 293 296 298 
299 300 301 302 306 307 308 315 316 320 321 323 
325 326 327 328 329 330 331 332 335 336 338 339 
343 349 350 351 352 354 355 356 358 360 363 364 
366 367 372 373 375 376 378 379 380 382 383 384 
392 394 395 396 399 
206
1 2 4 5 6 7 8 9 10 12 15 16 
18 19 20 21 22 23 26 27 28 29 30 32 
33 35 36 38 39 45 46 47 48 55 63 65 
66 68 69 71 72 73 77 81 82 84 85 86 
87 88 89 92 93 96 98 99 100 106 110 111 
112 113 115 120 121 123 127 130 131 132 135 138 
142 144 146 147 149 154 155 156 157 158 160 162 
164 170 171 172 173 174 175 177 178 181 182 184 
189 192 198 199 200 203 204 205 206 208 209 210 
212 214 217 218 224 225 229 230 232 233 235 236 
237 238 239 240 242 244 245 251 252 253 256 259 
260 261 263 264 266 268 270 271 274 276 279 280 
281 285 286 288 289 291 293 294 295 296 299 302 
304 309 314 315 316 317 320 321 322 323 324 325 
327 332 334 336 337 338 340 341 343 345 346 348 
349 356 358 362 363 364 369 370 371 373 374 375 
376 377 379 382 383 387 389 390 393 394 395 396 
398 400 
206
3 4 5 8 10 12 15 17 19 20 22 24 
25 28 30 31 32 36 39 44 47 51 54 58 
60 62 66 70 72 75 80 81 83 87 90 91 
92 93 94 97 98 100 104 107 110 113 114 117 
118 121 124 131 132 133 135 136 138 141 142 146 
147 149 151 154 156 157 158 159 160 162 163 164 
165 166 168 170 171 172 173 177 178 179 180 182 
183 184 185 187 189 191 195 196 197 199 200 201 
203 204 205 207 208 210 211 212 214 216 217 221 
222 224 225 226 228 230 231 232 233 234 235 236 
237 239 240 241 248 250 251 253 254 255 256 258 
261 262 263 266 267 268 270 273 275 276 277 278 
279 282 283 288 289 290 292 298 299 301 303 304 
305 306 307 308 310 312 313 314 318 319 321 322 
323 328 329 335 336 340 341 342 343 344 345 346 
348 351 354 356 358 365 372 373 374 378 379 380 
381 382 383 384 385 387 388 389 391 393 396 397 
398 400 
231
1 4 8 14 15 16 17 18 20 21 22 23 
24 27 28 29 30 31 32 34 36 37 39 41 
42 46 47 49 52 53 58 62 63 65 66 67 
69 71 72 73 80 83 84 85 86 89 91 92 
95 96 97 98 99 100 101 102 104 107 111 114 
116 118 119 120 121 123 124 125 126 127 129 131 
134 136 137 140 143 145 146 147 150 152 153 155 
157 158 159 160 162 163 167 168 169 171 172 178 
179 180 181 182 184 185 186 187 188 189 192 196 
197 199 201 202 203 207 208 209 210 211 212 213 
217 218 220 222 223 224 226 227 230 232 233 234 
237 238 239 242 243 244 246 247 248 250 251 252 
254 255 256 257 258 260 264 265 266 267 268 270 
271 272 273 274 276 278 280 284 285 286 287 289 
290 293 294 295 299 300 301 302 303 304 305 308 
310 311 312 313 315 320 322 323 327 329 331 332 
334 337 338 340 345 347 348 350 353 356 358 359 
361 363 364 367 368 370 371 373 374 376 378 379 
380 381 384 385 387 388 389 390 392 393 394 396 
398 399 400 
200
1 4 7 9 12 14 15 16 17 22 23 28 
29 31 32 34 35 41 42 45 47 48 49 50 
51 52 54 56 57 59 60 61 62 63 64 65 
67 69 71 73 74 75 76 77 78 82 83 84 
87 90 91 93 95 96 97 98 99 101 102 103 
104 109 113 115 116 119 120 121 122 125 126 131 
132 136 137 140 141 142 145 150 152 153 156 160 
161 165 166 170 172 177 180 181 185 186 187 192 
195 201 202 203 204 205 206 208 210 211 212 214 
216 217 219 220 221 223 225 228 229 232 234 235 
237 238 239 241 243 244 246 249 253 255 257 259 
264 266 269 270 271 272 275 276 277 278 279 281 
282 285 288 290 293 296 297 299 307 308 309 310 
312 319 320 321 322 323 324 331 332 333 334 335 
336 338 339 340 341 344 346 348 352 354 355 356 
358 360 362 364 365 368 372 373 377 378 380 382 
386 389 391 393 394 395 399 400 
192
1 2 4 5 8 9 10 11 12 13 14 15 
16 17 18 24 28 30 32 33 34 40 41 44 
46 47 48 49 51 53 54 55 57 63 64 66 
70 71 72 79 82 83 84 87 89 90 91 92 
93 94 95 96 101 106 108 112 117 119 122 124 
125 129 130 133 141 143 144 145 146 148 150 156 
159 164 166 167 169 174 175 176 177 178 179 180 
181 182 183 184 186 189 192 193 194 199 200 204 
205 207 211 214 215 217 220 223 225 227 230 231 
232 235 236 237 239 240 242 243 245 246 250 251 
252 257 258 267 268 270 271 275 277 279 280 281 
282 284 288 289 290 291 292 294 295 296 297 300 
303 307 308 310 311 312 317 319 321 322 324 326 
330 332 339 343 344 345 347 349 350 352 354 355 
358 359 360 361 364 365 366 368 369 370 375 378 
379 384 385 386 390 391 392 396 397 398 399 400 
202
1 2 3 12 13 15 17 21 25 26 29 31 
34 35 37 39 40 41 42 44 45 48 50 52 
55 56 57 58 60 62 64 65 66 68 69 70 
72 74 75 76 77 80 81 83 86 87 88 89 
93 94 95 98 100 101 102 104 105 111 112 115 
116 117 120 121 122 123 125 133 135 138 140 142 
145 146 147 148 149 152 153 154 155 158 159 161 
164 166 169 170 171 176 178 179 180 181 185 190 
191 193 196 197 199 201 204 206 209 210 211 212 
213 214 220 224 225 226 227 230 232 234 236 238 
239 240 241 242 244 246 247 248 250 254 260 261 
264 266 267 271 276 278 279 280 281 282 285 287 
288 289 291 293 294 296 297 298 299 301 302 305 
306 308 309 314 315 318 319 320 321 323 325 326 
332 333 334 335 336 337 338 339 341 342 348 353 
358 359 360 363 364 365 366 367 369 370 371 375 
377 381 382 384 387 388 392 393 394 396 
223
1 4 7 8 9 11 12 13 16 17 21 22 
23 30 31 32 33 34 35 37 40 42 43 47 
51 55 56 57 58 63 64 66 67 68 73 75 
76 77 78 79 80 82 85 86 91 92 94 96 
97 100 101 102 103 106 107 108 110 111 112 115 
116 119 120 121 122 123 126 127 129 130 131 132 
133 138 139 141 144 145 146 147 149 150 155 157 
158 161 163 164 165 166 167 168 169 173 174 175 
177 179 181 182 183 185 186 188 189 192 194 195 
197 198 199 203 204 208 209 211 212 215 217 218 
219 220 221 222 223 224 225 227 234 235 237 238 
241 243 244 249 255 256 257 258 259 262 263 266 
267 268 270 271 272 277 279 282 283 284 285 287 
288 289 291 292 293 295 296 297 298 301 303 306 
309 310 311 312 314 315 318 319 321 322 323 325 
326 327 328 329 332 334 336 338 339 341 343 344 
345 348 349 350 351 352 354 358 360 361 364 365 
366 368 371 373 374 376 377 378 380 381 387 389 
390 391 393 396 397 398 399 
203
1 2 3 4 5 10 11 15 18 23 24 27 
30 33 34 35 36 37 38 39 41 42 44 46 
48 49 50 51 52 53 54 55 59 60 62 63 
65 66 72 74 75 76 77 78 80 81 84 85 
86 91 92 94 95 96 97 98 100 101 102 103 
105 108 109 117 118 121 122 123 125 126 128 129 
135 137 142 145 146 147 149 150 151 152 154 155 
159 160 161 164 166 168 172 174 175 176 177 178 
180 181 185 186 189 190 192 193 197 198 203 206 
209 212 217 218 220 225 227 230 231 233 235 236 
238 239 241 242 243 246 247 250 251 255 256 259 
260 261 262 263 264 266 269 272 273 274 277 279 
281 282 284 286 287 289 291 292 293 298 299 303 
304 305 306 307 308 314 320 321 323 324 325 327 
330 332 333 336 338 341 342 343 344 345 346 348 
350 351 360 362 363 364 368 374 375 380 381 383 
384 385 386 387 389 391 392 394 396 397 400 
196
1 3 5 6 9 12 13 14 15 16 17 18 
21 24 26 28 30 34 36 37 38 40 41 43 
44 48 51 52 54 55 56 60 61 63 64 66 
67 68 69 70 71 73 74 77 78 81 83 84 
85 86 87 92 93 95 98 101 102 107 110 111 
112 115 118 121 125 126 128 129 130 136 137 138 
139 140 141 142 144 145 149 153 155 161 162 167 
169 170 172 177 178 180 181 182 183 184 185 186 
187 189 191 193 195 197 199 204 205 206 207 208 
209 211 213 214 216 217 225 226 228 230 231 234 
240 241 242 246 247 249 251 253 256 258 259 260 
261 263 264 265 266 267 268 269 270 272 274 277 
282 286 288 289 291 292 293 294 295 296 297 299 
300 302 304 306 311 313 319 320 322 323 328 329 
330 335 337 338 339 343 344 347 348 351 353 356 
357 361 365 366 370 373 374 379 381 383 385 388 
393 395 397 400 
198
1 2 4 5 6 8 9 13 14 16 17 20 
21 22 24 25 28 30 31 32 33 35 36 37 
39 40 41 43 44 49 51 55 57 61 63 65 
66 70 74 77 81 84 85 86 87 88 89 91 
95 98 99 100 101 104 106 108 110 111 112 114 
118 121 122 123 124 131 132 134 136 138 139 141 
142 143 149 150 153 155 156 158 160 164 168 171 
173 176 177 178 179 181 183 185 191 193 195 197 
198 199 202 203 206 208 209 212 213 214 217 219 
220 222 224 225 226 230 231 232 233 240 242 243 
244 249 250 251 254 256 257 258 262 266 268 273 
276 277 278 282 283 284 286 289 293 302 303 304 
306 308 310 311 312 313 314 315 316 320 321 322 
323 326 328 330 331 332 335 339 340 342 343 345 
348 350 351 352 353 355 356 358 360 361 362 365 
368 369 374 376 377 378 379 380 382 384 386 388 
389 392 393 395 396 400 
210
1 2 4 7 8 9 11 12 17 18 20 21 
22 23 26 27 28 29 31 33 34 35 36 38 
40 41 42 45 49 51 56 59 61 63 66 67 
73 74 75 77 78 82 84 85 86 91 94 101 
102 104 105 106 108 110 111 112 113 114 115 117 
121 123 126 127 128 129 131 132 133 135 136 142 
144 145 146 147 149 150 151 159 160 161 162 163 
164 165 168 169 170 172 173 176 177 179 180 181 
183 184 185 191 195 200 202 203 204 205 206 208 
211 212 213 215 216 218 219 221 222 223 226 227 
228 229 232 239 241 244 246 248 250 251 252 253 
254 257 258 262 263 264 266 268 269 272 277 279 
282 283 284 289 294 298 299 301 304 305 307 308 
310 311 312 314 318 319 320 321 323 325 326 328 
329 330 332 335 336 337 340 345 347 349 350 352 
354 356 357 360 361 363 369 370 372 373 374 375 
376 377 378 379 382 384 387 388 389 390 391 392 
393 395 396 397 399 400 
170
2 6 8 11 12 15 16 18 20 23 24 29 
32 33 34 35 38 39 41 42 43 44 48 51 
52 54 57 58 59 61 65 68 69 73 74 77 
78 79 80 83 86 87 90 94 96 99 104 106 
112 113 116 118 119 120 126 127 130 131 132 135 
140 142 145 147 148 149 150 151 152 154 157 160 
162 166 167 168 169 171 174 175 179 181 183 186 
188 191 192 194 195 198 199 201 204 206 207 211 
214 216 217 218 222 224 226 229 235 236 238 244 
245 247 252 259 261 264 266 270 271 272 273 276 
277 278 281 286 287 288 289 294 296 300 302 303 
305 313 315 322 323 324 328 329 331 334 335 338 
343 344 346 349 351 352 354 360 361 362 364 366 
368 369 373 378 381 382 384 389 390 391 392 395 
396 398 
205
2 3 5 8 13 14 15 16 18 20 23 24 
27 28 30 36 37 38 41 43 46 47 48 49 
51 52 54 56 60 61 62 64 65 70 71 72 
77 78 80 81 85 86 88 90 91 92 94 95 
97 100 102 103 106 107 110 111 113 114 116 117 
118 120 121 126 128 134 136 137 140 142 145 146 
148 150 151 152 156 157 160 161 162 164 167 170 
171 175 176 177 178 179 181 184 185 186 187 190 
193 194 198 200 201 202 208 210 216 217 218 219 
220 221 223 228 229 231 232 234 235 236 237 239 
241 243 245 246 247 250 251 254 258 260 265 267 
268 271 272 273 274 275 277 284 286 287 288 289 
291 292 294 295 298 301 302 306 309 312 313 316 
318 319 320 322 325 326 327 328 329 331 332 337 
338 339 341 342 345 346 348 353 355 356 357 359 
361 362 364 365 366 367 368 369 370 371 373 375 
378 380 381 383 385 387 390 391 392 393 395 396 
397 
183
2 3 4 8 9 10 11 14 16 17 22 24 
25 27 28 31 33 35 37 39 41 42 44 47 
48 49 52 55 56 58 59 62 64 66 68 72 
76 78 82 83 87 88 90 93 96 97 99 100 
101 102 103 107 110 111 112 116 117 118 121 124 
126 127 130 132 139 140 143 144 149 151 154 155 
156 158 160 162 163 165 166 167 168 176 179 180 
185 187 189 191 196 197 198 199 200 201 202 205 
208 210 211 214 215 216 218 220 221 222 223 224 
225 228 229 234 236 237 242 243 244 245 247 248 
251 253 254 255 258 260 262 268 269 274 276 277 
278 285 287 289 291 296 297 303 304 305 307 313 
316 317 318 321 324 326 328 331 338 342 343 345 
346 348 352 357 358 360 362 364 365 367 368 371 
373 377 379 380 381 384 385 386 387 389 391 392 
393 399 400 
208
2 3 4 5 7 8 11 12 15 16 17 19 
20 23 26 27 30 34 35 38 39 40 45 46 
48 51 56 59 62 63 64 66 67 68 70 71 
72 73 74 75 77 80 85 86 87 88 89 92 
93 95 96 98 102 103 105 106 109 110 112 114 
117 119 120 121 124 127 128 129 130 131 132 133 
137 138 139 146 147 149 151 154 157 158 159 161 
162 165 166 167 173 175 177 178 179 180 184 185 
186 189 190 192 193 195 196 198 202 204 205 206 
210 211 212 213 215 217 218 220 221 222 224 229 
230 232 233 237 238 241 242 247 249 251 253 254 
255 256 257 258 259 264 265 268 269 270 271 273 
274 275 277 281 282 287 288 289 291 295 296 298 
301 305 308 309 310 311 312 314 316 319 321 323 
325 326 330 331 333 334 336 337 338 339 341 344 
345 347 348 349 350 353 354 356 357 358 359 361 
362 364 365 370 372 373 376 377 381 383 389 393 
394 395 396 399 
197
1 2 4 5 12 14 15 22 23 30 31 32 
33 34 36 38 40 45 47 49 50 54 56 57 
59 60 63 65 66 68 70 73 76 78 79 81 
83 84 88 90 91 92 93 94 96 97 98 99 
102 107 109 110 111 113 116 117 118 121 123 126 
127 128 130 131 133 135 137 141 143 145 147 148 
151 153 155 157 158 161 162 164 165 170 172 173 
175 177 178 179 181 182 183 184 186 188 190 191 
193 194 195 197 199 201 202 203 204 205 206 208 
213 217 218 221 223 224 226 227 230 231 233 234 
238 240 243 244 245 248 249 250 251 252 254 258 
259 262 264 265 267 270 272 274 275 276 277 285 
286 288 289 291 294 298 299 300 302 305 307 310 
315 316 318 320 322 325 326 330 331 333 338 339 
340 345 348 351 352 354 355 356 358 359 360 362 
364 367 368 369 371 372 377 379 383 384 385 387 
390 391 393 399 400 
210
1 3 6 7 10 11 14 16 17 18 25 27 
30 33 34 36 38 41 44 45 46 47 48 51 
52 53 55 56 57 58 59 60 61 65 66 68 
69 74 75 77 79 82 83 84 85 86 88 89 
90 91 92 94 96 97 100 101 102 105 107 108 
111 112 114 115 118 119 120 121 123 127 128 129 
132 133 134 136 138 143 145 148 149 150 152 153 
154 155 157 159 161 162 163 166 167 168 170 172 
175 179 182 183 186 187 188 191 194 195 196 197 
199 203 205 207 211 213 214 218 219 221 224 225 
226 227 228 229 232 237 241 244 245 246 247 250 
256 257 259 260 262 263 266 268 271 275 277 280 
284 285 289 290 292 293 294 295 296 297 298 300 
301 302 304 305 306 318 321 324 325 326 330 331 
332 333 334 335 337 338 339 340 341 344 347 351 
353 354 355 357 358 359 360 363 365 366 372 373 
375 376 377 378 379 380 382 383 385 386 387 388 
390 391 395 396 398 399 
205
1 2 6 7 8 9 10 11 12 13 14 15 
16 19 21 22 23 25 29 32 34 35 37 38 
40 41 44 45 46 47 48 55 62 64 65 67 
68 69 70 72 74 75 82 83 84 85 86 90 
91 93 95 98 101 105 107 109 110 112 113 114 
116 122 123 124 127 131 132 134 136 137 138 140 
143 144 146 150 153 155 157 158 161 162 164 165 
166 167 168 169 170 172 175 177 178 179 182 186 
188 191 192 193 197 199 201 203 204 205 206 210 
211 214 218 220 221 224 232 234 235 236 237 239 
241 243 244 245 246 248 249 251 253 254 255 257 
259 260 261 262 263 264 270 273 276 277 278 279 
280 281 285 286 287 289 291 296 297 298 300 301 
303 304 311 312 314 315 317 318 319 320 323 324 
325 327 329 330 333 338 339 340 341 344 345 346 
348 353 354 357 361 362 367 372 373 374 375 376 
377 378 380 382 384 386 387 388 389 391 393 395 
400 
199
1 3 4 10 12 16 18 20 21 24 27 28 
29 33 35 37 38 41 46 51 52 53 55 58 
59 62 63 64 65 66 67 68 70 71 73 81 
82 84 87 89 90 91 93 94 96 97 99 101 
102 103 106 107 109 110 111 114 115 121 122 125 
126 127 128 129 130 131 134 135 137 141 142 143 
146 147 148 149 152 157 161 164 165 169 171 172 
173 180 181 182 186 187 188 194 195 196 197 198 
200 201 204 205 210 215 219 220 221 223 226 229 
231 232 233 237 238 240 241 242 243 244 245 246 
247 253 255 256 258 259 260 261 263 265 266 268 
269 270 271 272 274 275 276 277 283 285 289 291 
292 295 296 298 302 306 308 311 313 314 315 317 
318 321 322 323 330 332 333 334 335 340 341 344 
347 349 355 356 361 362 363 364 367 371 372 375 
376 377 378 379 380 381 382 383 384 387 388 390 
391 393 394 395 398 399 400 
205
1 4 5 7 9 11 12 13 15 16 17 20 
23 26 28 29 31 33 38 39 40 41 43 44 
45 48 49 50 56 57 60 61 63 66 68 70 
71 72 75 76 77 79 80 81 82 84 85 86 
89 91 92 93 95 96 98 100 101 102 104 106 
108 113 114 115 118 120 122 123 125 127 130 132 
133 134 136 140 141 142 143 144 147 148 149 150 
151 152 153 155 160 163 166 167 168 169 170 172 
173 175 177 178 187 188 190 193 194 196 199 200 
204 208 210 211 212 213 214 215 216 217 218 219 
221 222 223 224 228 229 230 231 232 235 238 239 
241 245 246 247 249 251 252 253 254 255 258 260 
261 269 273 274 277 279 281 284 285 286 287 289 
292 293 294 296 299 302 305 307 308 310 313 321 
324 327 330 331 334 336 338 342 344 346 347 350 
351 352 353 356 357 359 361 365 366 367 369 371 
372 374 375 376 380 381 382 383 388 392 393 396 
399 
190
2 4 5 8 11 12 13 14 15 18 20 21 
23 24 26 27 30 32 33 36 38 39 41 42 
44 47 48 52 54 55 56 60 61 63 64 67 
76 78 81 85 87 89 93 96 98 99 103 106 
107 108 111 112 113 117 118 119 121 126 127 128 
130 135 136 137 140 142 143 145 147 148 150 151 
160 161 162 165 167 173 175 176 178 179 181 183 
184 188 190 191 192 193 195 196 197 198 200 201 
202 204 205 207 208 209 211 212 215 220 221 224 
226 227 231 234 236 237 238 240 241 243 244 245 
246 247 248 249 251 252 255 256 257 258 262 268 
271 272 274 275 276 279 280 281 284 286 287 288 
290 293 294 295 297 303 304 307 310 320 322 323 
329 332 333 338 339 341 343 345 347 348 350 352 
353 354 355 357 359 363 365 366 367 368 371 377 
380 381 382 384 385 386 387 388 397 398 
190
1 4 5 6 7 8 10 11 15 19 21 22 
25 27 28 30 32 34 36 37 39 46 49 50 
53 54 55 56 61 62 63 64 66 70 71 74 
76 79 80 82 83 84 88 90 92 95 99 101 
106 107 109 112 114 115 121 123 125 127 131 133 
135 137 138 139 141 144 147 149 150 152 155 158 
159 161 162 164 165 166 168 169 171 172 174 176 
178 179 180 184 185 187 188 189 190 191 192 195 
200 201 202 203 204 205 207 208 209 211 212 215 
216 217 218 220 223 224 229 232 234 237 239 241 
243 250 251 252 254 256 257 261 263 265 269 271 
273 278 282 283 284 291 293 298 299 303 306 308 
310 313 317 318 321 322 324 328 329 332 333 334 
337 339 343 344 346 347 349 353 354 356 357 358 
360 361 362 363 365 366 369 370 371 372 374 376 
378 380 382 387 388 390 391 394 399 400 
204
1 3 4 7 8 9 10 12 13 14 18 23 
25 26 27 28 29 30 31 32 36 39 40 41 
42 43 44 46 47 48 49 51 60 62 63 65 
66 67 68 70 73 75 76 77 79 83 84 91 
93 94 95 97 101 103 104 106 108 115 117 118 
121 123 124 126 127 129 130 135 138 142 143 144 
146 147 148 149 156 158 160 161 164 165 167 169 
171 173 174 175 176 177 179 180 187 188 192 193 
195 196 200 204 205 208 209 211 215 219 220 222 
223 227 228 230 232 233 234 235 238 239 240 241 
242 244 248 250 251 252 254 257 258 259 260 261 
263 264 266 267 268 269 271 273 275 276 277 279 
280 282 285 286 289 291 292 293 294 296 297 298 
299 302 304 305 307 308 309 310 315 316 317 321 
326 327 330 332 334 335 336 339 340 341 342 343 
345 347 348 349 350 351 353 354 358 359 360 362 
363 376 383 384 385 386 388 389 393 396 397 399 
187
1 2 3 4 5 7 9 10 14 16 18 24 
26 28 33 34 35 38 39 44 49 50 51 52 
55 56 60 61 64 68 69 70 72 73 74 75 
76 80 81 82 83 86 91 92 93 97 102 105 
106 109 112 113 116 118 121 122 123 129 131 134 
136 140 141 144 145 149 150 152 154 156 159 167 
168 172 173 174 176 177 180 184 185 186 188 189 
191 192 193 200 201 203 205 210 211 213 215 216 
217 221 222 223 226 228 231 233 234 235 237 238 
239 241 242 246 248 249 250 252 256 257 258 260 
265 267 268 269 272 274 275 276 278 281 282 284 
285 286 287 289 290 292 296 299 301 302 305 307 
308 309 312 314 315 316 317 318 324 326 327 328 
329 337 339 340 342 343 346 347 348 352 356 357 
360 365 366 369 372 374 375 376 377 380 381 382 
384 386 388 391 392 393 397 
193
2 6 7 8 9 10 12 13 17 20 23 24 
26 28 29 31 32 35 37 39 40 42 46 48 
49 51 53 55 56 57 64 65 66 67 69 71 
74 75 77 78 84 86 90 92 94 97 98 99 
100 106 108 114 121 122 123 124 126 130 131 136 
137 142 143 146 147 148 150 152 153 156 157 158 
159 164 165 166 168 170 174 175 177 178 179 182 
183 184 187 188 189 190 191 193 198 199 201 204 
205 208 209 211 212 213 215 218 225 227 229 232 
238 239 242 245 246 247 253 254 256 257 261 262 
263 265 266 267 269 270 271 272 275 277 279 280 
282 283 284 285 286 287 288 289 297 300 301 302 
305 306 308 310 313 315 316 317 318 319 320 322 
323 324 326 328 329 331 332 337 339 343 344 345 
346 347 352 354 357 361 363 365 367 370 372 375 
376 377 378 380 381 382 384 387 389 391 396 398 
400 
203
1 3 4 5 7 11 17 18 19 21 22 23 
24 26 27 29 30 31 32 33 34 37 38 41 
45 48 53 54 56 58 60 62 64 68 69 71 
72 73 78 79 84 88 90 93 98 101 102 104 
105 107 110 113 114 115 116 117 119 120 121 126 
128 129 130 131 132 133 134 135 137 138 141 142 
148 150 152 153 155 156 157 158 159 160 161 163 
165 166 167 168 170 173 174 175 176 177 179 181 
182 184 185 187 192 195 196 200 206 207 209 213 
215 219 221 226 229 232 234 237 239 241 243 244 
245 246 247 249 250 251 253 255 258 259 260 266 
267 269 271 273 277 278 279 283 285 287 289 291 
292 293 296 297 298 299 301 304 310 311 312 314 
317 319 320 322 323 324 325 327 330 333 335 336 
341 344 345 346 347 349 350 352 355 356 357 359 
361 363 364 365 366 367 370 373 374 375 376 377 
380 383 384 385 386 387 390 394 395 396 397 
199
5 6 8 9 10 11 12 13 15 16 18 22 
23 25 26 30 37 38 46 47 51 55 58 61 
62 63 65 67 68 69 71 73 75 76 77 80 
81 82 85 88 89 90 92 93 94 95 99 103 
107 108 110 111 114 115 116 117 118 120 122 124 
125 126 127 129 130 131 136 137 139 140 141 145 
147 148 152 156 159 162 164 165 167 168 169 170 
172 173 174 175 176 177 179 182 185 187 189 192 
194 196 197 199 200 201 203 204 205 206 209 210 
211 214 215 217 219 221 225 226 227 229 230 231 
235 236 237 240 242 243 244 246 248 251 253 257 
258 259 261 263 264 266 267 268 269 270 271 272 
274 275 277 278 279 289 290 294 295 296 300 303 
305 306 312 313 315 317 321 325 326 327 328 331 
333 335 337 341 342 344 346 350 352 354 355 358 
359 361 364 367 368 369 370 372 373 374 376 379 
382 386 393 394 395 396 397 
203
2 3 7 8 9 11 13 14 16 17 19 21 
24 25 26 27 32 34 35 36 44 45 46 47 
48 49 52 53 54 55 56 57 58 59 60 62 
64 65 70 74 75 77 78 79 80 82 84 86 
90 92 93 95 96 97 102 108 111 112 116 117 
120 121 122 126 128 132 133 140 143 144 145 147 
150 153 157 160 161 164 167 169 170 171 172 173 
176 179 182 185 186 188 190 194 198 199 203 204 
205 206 207 209 212 214 215 217 218 219 220 221 
222 224 225 226 230 232 233 234 235 236 237 238 
239 242 244 246 250 253 254 255 257 258 259 260 
265 268 271 273 274 276 277 278 279 281 282 283 
284 288 290 291 292 294 299 307 310 311 312 313 
314 317 320 321 322 323 324 326 328 329 330 331 
335 336 338 341 344 347 350 352 355 357 361 364 
367 368 370 373 374 375 376 377 378 381 382 383 
385 386 387 388 390 392 395 396 397 398 400 
195
5 10 12 13 14 15 16 20 22 23 24 28 
30 31 32 34 36 41 42 43 45 46 48 49 
55 57 58 59 60 62 63 64 65 67 68 71 
74 75 80 81 84 87 88 89 91 98 101 102 
103 104 105 106 107 108 110 111 113 115 118 119 
121 122 124 126 130 134 135 137 138 143 145 146 
147 148 149 151 153 155 158 159 160 161 162 163 
165 167 168 176 179 180 181 183 187 188 189 190 
193 195 196 197 198 200 202 209 210 212 216 218 
221 222 228 231 235 237 242 243 244 245 248 249 
251 254 256 257 258 264 265 267 268 272 274 275 
277 278 280 283 285 286 289 291 292 294 295 297 
302 303 305 306 307 310 311 313 320 322 323 325 
329 333 335 336 337 339 341 342 344 346 349 351 
353 354 359 360 361 365 367 369 370 371 373 375 
378 379 381 382 384 385 386 389 390 391 392 393 
395 396 399 
190
1 2 4 5 6 9 10 11 15 19 24 25 
26 27 29 33 42 44 45 48 49 53 56 60 
63 64 65 66 67 68 74 75 77 78 79 81 
84 87 93 96 97 98 100 102 107 110 111 114 
115 120 121 123 124 125 126 128 129 130 134 138 
140 145 149 150 152 154 156 159 161 163 166 167 
169 171 172 173 175 176 178 179 181 183 184 186 
187 189 191 194 197 198 200 201 203 204 210 212 
213 214 215 217 218 219 220 223 224 229 230 232 
233 234 237 238 239 240 242 244 245 247 249 250 
251 252 253 255 258 259 262 263 270 271 272 277 
278 281 283 287 288 290 291 292 295 297 301 303 
304 305 308 309 310 313 316 317 318 319 320 322 
323 326 329 333 335 337 338 342 344 345 348 350 
352 354 355 358 359 360 361 363 364 367 369 371 
375 379 380 382 385 387 392 394 398 400 
230
1 2 3 5 6 7 11 12 13 15 16 18 
19 27 28 31 33 34 35 36 41 42 45 46 
47 48 49 50 51 56 58 60 61 62 63 64 
65 67 68 69 70 71 72 74 77 78 82 83 
85 87 88 89 90 93 94 95 96 100 101 106 
107 110 112 114 116 119 120 122 123 124 126 129 
130 131 133 134 136 137 138 139 144 148 149 150 
151 155 157 158 159 160 163 168 170 171 172 173 
176 177 178 182 183 186 187 189 190 193 194 195 
198 199 200 201 202 204 206 209 211 212 213 214 
215 218 219 220 221 222 223 227 228 229 230 234 
238 240 241 242 244 245 246 248 249 250 251 252 
255 257 258 261 262 263 264 265 267 268 270 272 
276 277 278 279 280 281 282 283 284 287 289 290 
291 292 296 299 301 302 303 304 305 307 310 315 
317 318 319 320 321 322 324 325 326 327 328 329 
330 331 333 336 337 338 340 341 342 344 346 347 
348 353 355 356 359 362 367 371 374 375 378 379 
380 382 384 386 387 388 389 391 392 393 394 395 
396 398 
197
3 7 8 11 14 16 17 18 19 22 27 30 
32 34 37 39 40 42 43 44 53 54 55 59 
60 62 66 68 69 76 78 79 80 81 82 83 
87 88 93 95 96 97 98 99 100 101 103 107 
109 114 117 120 121 122 124 127 128 129 134 138 
139 141 142 145 146 148 150 154 155 158 159 162 
163 168 169 170 171 172 175 176 181 182 183 184 
185 186 187 191 192 195 196 200 201 202 205 207 
208 214 215 217 219 220 223 225 227 228 229 230 
232 233 234 235 237 239 240 241 246 247 248 253 
255 257 260 261 262 263 265 267 269 270 272 273 
275 277 278 279 282 284 285 286 287 288 289 292 
295 296 297 299 300 301 302 304 305 306 309 310 
313 317 320 323 325 326 327 328 329 335 338 342 
343 346 348 351 355 356 357 359 362 363 364 365 
366 367 368 371 375 379 380 381 382 384 385 387 
388 392 393 394 399 
170
3 4 5 6 11 12 13 15 16 17 19 22 
23 25 28 35 36 40 41 45 46 47 48 51 
52 53 55 57 60 63 64 66 67 74 78 80 
84 85 89 95 96 99 101 105 106 109 111 112 
113 115 116 119 121 122 130 136 137 138 141 143 
144 149 151 152 153 155 156 157 161 162 164 168 
169 172 173 174 181 184 188 189 194 195 200 201 
202 203 206 207 209 210 214 215 217 219 222 223 
225 227 229 230 233 235 237 239 240 244 245 246 
247 248 249 252 257 258 259 261 262 263 265 266 
267 268 270 271 272 275 278 279 281 283 286 293 
295 296 299 302 304 305 308 313 314 316 319 323 
324 329 333 334 342 343 344 351 353 354 355 356 
367 369 370 371 372 376 385 387 390 393 394 396 
399 400 
191
2 4 5 7 8 12 13 14 15 16 21 22 
23 26 30 32 33 35 40 43 44 45 46 47 
48 49 51 52 54 58 60 62 65 67 69 70 
72 73 76 78 84 85 87 92 93 94 98 99 
100 101 102 104 107 111 112 113 116 118 119 120 
121 123 125 126 127 128 129 130 131 137 139 140 
141 142 144 145 148 149 150 151 153 155 156 159 
160 162 165 166 169 172 173 178 180 181 183 185 
187 189 195 201 202 204 205 206 209 215 216 221 
222 223 224 227 229 231 232 235 236 242 244 247 
253 258 259 269 270 273 275 280 281 286 287 288 
289 290 292 293 294 296 297 298 299 301 302 304 
305 306 308 310 311 312 313 318 320 321 324 326 
327 328 336 337 338 342 343 344 345 348 350 356 
357 358 361 363 364 365 366 367 372 376 378 380 
381 386 387 388 389 391 392 396 397 398 400 
194
2 4 5 7 9 10 11 14 15 16 18 19 
20 22 23 25 26 28 32 34 35 36 39 42 
43 45 46 51 53 56 59 60 61 65 68 69 
71 73 74 75 78 79 83 84 86 88 94 98 
101 103 104 106 109 110 111 115 116 119 121 123 
125 126 128 129 131 132 133 135 138 140 144 146 
147 153 155 157 159 161 163 165 166 169 170 173 
174 177 178 179 180 181 182 187 191 192 193 195 
197 198 199 205 206 207 210 211 214 216 220 222 
223 229 231 234 235 236 237 238 240 242 244 245 
248 252 258 259 261 263 265 267 269 272 276 278 
279 280 281 283 284 285 289 294 298 301 304 306 
308 310 312 317 320 321 323 324 326 330 331 332 
333 336 338 339 342 343 344 347 348 349 350 352 
353 354 356 357 358 359 360 361 364 365 367 370 
373 374 376 380 381 384 385 387 390 391 392 393 
397 400 
205
8 9 14 15 16 17 18 19 20 21 22 23 
28 29 31 32 33 37 38 39 41 42 43 44 
49 50 51 52 54 56 57 58 61 66 69 70 
71 72 75 77 85 87 89 92 93 95 97 98 
103 104 106 111 113 114 115 116 118 119 121 123 
126 127 128 129 131 133 135 141 142 143 144 148 
149 150 155 156 158 165 166 167 169 170 174 175 
177 178 179 180 181 182 183 185 187 189 190 191 
193 194 195 196 197 198 200 206 217 219 221 222 
228 232 233 235 236 237 238 239 242 247 248 249 
250 252 254 255 257 260 261 262 263 264 265 266 
267 271 276 277 278 279 280 282 283 285 288 289 
290 292 297 298 302 305 306 307 308 310 311 313 
314 316 317 321 322 323 325 326 327 328 330 332 
333 334 337 339 342 344 345 346 347 349 350 352 
354 355 359 360 361 362 364 365 366 367 370 373 
374 379 382 383 385 386 387 391 396 397 398 399 
400 
189
3 8 9 10 11 14 15 16 17 18 23 25 
27 30 34 35 39 42 45 46 49 50 54 55 
56 58 60 62 63 64 66 69 72 73 75 79 
80 81 82 84 85 86 87 91 93 95 97 102 
104 115 116 118 119 123 124 125 126 129 130 131 
132 134 135 136 140 141 142 144 146 147 149 150 
153 155 157 158 161 164 165 166 170 171 177 178 
180 183 184 185 186 190 194 197 202 204 209 212 
213 218 220 221 223 224 226 227 229 230 233 236 
243 246 247 248 252 253 255 261 262 265 266 267 
268 269 270 272 273 274 275 277 280 282 284 285 
286 288 289 290 291 296 297 299 300 301 304 306 
307 308 309 312 314 315 318 323 326 328 330 333 
340 341 344 346 347 349 350 351 352 354 358 359 
360 361 362 364 366 367 368 373 375 377 381 383 
384 387 391 392 393 395 397 398 400 
194
1 2 8 10 11 13 17 18 20 21 25 26 
31 33 38 39 41 44 45 46 47 48 49 50 
51 53 54 57 59 60 61 65 66 70 72 73 
75 76 77 79 84 86 87 90 93 95 96 97 
98 100 101 104 108 114 116 117 118 120 121 122 
124 126 130 132 133 139 141 143 144 149 150 151 
152 153 157 158 159 161 166 170 171 174 177 179 
184 186 188 189 190 191 192 195 196 198 201 202 
203 204 206 207 208 211 212 213 214 216 219 220 
221 224 226 228 229 232 233 234 236 239 243 244 
245 247 248 254 257 258 260 261 262 263 264 265 
267 269 273 274 275 277 278 280 281 282 284 285 
287 288 292 294 298 299 300 301 303 308 311 312 
313 314 315 316 318 319 320 322 323 331 333 336 
337 338 340 342 343 344 354 355 358 360 361 362 
363 366 371 373 374 378 379 381 385 388 390 391 
394 400 
179
3 5 12 13 15 19 20 21 24 26 27 30 
31 32 33 34 35 36 37 38 40 41 43 45 
48 51 53 54 58 60 62 63 64 65 71 72 
73 74 75 76 79 80 85 92 93 96 97 102 
106 109 110 118 119 121 122 124 125 127 131 137 
139 140 145 146 152 153 154 155 159 161 162 164 
168 169 170 172 174 176 177 178 179 180 181 187 
188 192 193 196 197 198 200 205 206 209 213 214 
215 218 220 222 226 227 231 232 235 237 240 241 
243 247 251 252 253 255 256 257 259 260 261 263 
269 270 271 272 273 275 277 281 283 288 290 295 
298 299 301 302 303 305 306 307 309 311 318 321 
322 323 325 331 334 338 340 343 344 348 353 354 
355 357 359 361 362 363 366 367 370 371 374 377 
378 380 381 387 390 392 393 394 397 398 399 
203
4 6 12 13 14 16 18 19 20 23 28 29 
32 38 39 41 42 43 44 46 48 50 53 54 
55 57 58 60 61 63 65 67 72 74 76 79 
81 82 83 88 89 93 95 96 98 99 100 101 
103 105 106 107 108 110 112 115 116 118 119 120 
121 123 125 127 130 131 132 133 134 135 138 140 
141 144 145 148 149 150 151 155 156 158 163 164 
167 169 172 173 174 176 180 181 183 185 187 188 
189 190 191 192 193 194 196 198 201 203 204 208 
209 210 211 212 213 215 216 217 218 220 221 223 
225 228 231 237 238 239 240 241 246 248 249 252 
254 255 256 259 260 266 271 272 273 274 275 281 
282 286 287 289 290 292 294 299 300 301 303 305 
308 310 312 314 316 319 320 322 324 327 328 330 
331 333 334 336 337 340 343 344 348 351 353 359 
363 364 366 367 368 370 373 374 375 378 382 386 
389 390 391 392 393 394 395 396 397 399 400 
208
1 2 4 6 7 8 9 10 11 12 16 17 
18 19 21 22 27 29 35 36 37 38 40 41 
42 43 45 46 47 49 51 53 54 56 59 63 
64 69 70 71 72 81 83 85 86 87 90 91 
92 95 99 101 102 103 104 105 108 110 112 116 
117 118 119 125 127 129 130 133 134 136 139 142 
143 144 145 147 149 150 151 152 153 155 156 158 
164 165 166 167 169 171 175 176 178 186 188 190 
191 193 196 198 199 201 202 203 208 213 214 215 
219 222 226 227 228 231 232 235 239 240 241 242 
243 245 247 252 254 256 258 259 261 263 265 266 
267 269 270 271 272 273 279 281 285 286 295 296 
299 301 302 303 304 305 306 308 309 316 317 322 
323 327 328 330 331 334 335 338 340 342 343 345 
346 347 348 349 350 351 352 353 354 355 356 357 
360 362 363 364 366 368 370 371 372 373 374 375 
376 377 378 379 383 384 385 386 387 388 390 391 
392 395 398 399 
203
5 6 7 8 9 10 12 13 14 15 16 17 
18 20 22 23 24 25 26 27 28 29 32 33 
36 43 45 47 48 50 53 56 61 62 64 65 
66 69 70 71 74 75 77 79 80 83 84 85 
86 88 92 98 100 101 102 105 111 112 114 116 
117 118 119 120 123 124 125 130 131 132 133 136 
139 144 146 148 149 150 152 153 156 158 159 161 
162 165 166 167 170 172 178 179 182 183 186 189 
190 191 194 195 197 199 202 203 204 205 208 209 
210 213 214 216 217 220 221 222 224 225 226 232 
234 239 240 241 243 244 245 246 247 249 252 255 
256 257 258 259 260 265 267 270 272 275 281 283 
284 286 287 288 290 292 294 298 299 301 302 305 
306 307 310 314 315 316 317 319 320 323 324 325 
327 328 330 333 336 338 340 344 346 348 349 351 
352 353 355 357 358 361 365 366 367 370 371 372 
373 375 376 381 382 383 386 389 391 393 396 
201
1 2 3 8 10 13 14 16 18 19 22 24 
26 27 29 31 32 33 34 36 41 42 47 48 
49 50 52 53 55 56 58 62 63 66 68 70 
72 73 74 75 79 82 84 85 86 87 88 94 
98 99 101 103 104 105 110 112 115 118 119 120 
121 123 129 130 134 135 136 138 144 146 148 149 
151 154 155 157 160 161 162 163 166 167 168 169 
171 172 173 174 175 177 179 181 182 184 185 186 
187 193 198 200 203 210 213 214 215 216 220 221 
222 223 224 226 227 228 231 232 234 235 236 238 
240 241 242 244 248 250 251 252 254 255 259 260 
262 263 264 269 270 271 272 275 276 279 281 283 
284 286 288 289 291 292 293 296 302 304 305 308 
309 312 313 314 315 317 318 320 322 324 328 331 
336 337 338 342 343 345 346 347 352 353 357 359 
360 363 364 369 371 373 375 380 381 382 383 385 
386 387 388 390 391 395 396 397 399 
213
1 2 4 6 8 12 13 14 17 20 21 23 
24 25 26 30 31 33 34 37 39 41 44 47 
49 51 52 54 56 58 61 63 64 66 68 69 
71 74 78 79 80 82 83 86 90 91 92 94 
97 102 103 104 107 109 113 115 116 117 118 120 
121 122 123 125 126 127 129 130 131 132 133 134 
138 141 143 147 149 150 152 154 155 157 159 160 
161 162 164 165 166 167 169 170 171 173 174 176 
177 179 181 182 183 185 186 192 197 198 200 201 
203 205 207 210 211 212 214 215 216 217 218 220 
227 230 231 232 235 236 239 241 243 244 245 249 
250 252 254 256 258 260 262 266 267 268 270 271 
272 274 275 277 282 283 285 286 287 288 289 292 
295 296 298 300 302 303 304 307 310 311 312 316 
317 320 321 323 326 327 328 329 330 331 332 333 
338 342 344 346 348 352 354 355 356 357 358 359 
362 365 369 371 372 373 375 377 378 382 383 386 
387 388 389 390 392 394 395 396 397 
200
2 3 5 11 13 17 19 20 22 25 27 35 
39 41 44 45 47 49 52 53 54 56 57 59 
60 62 64 65 67 70 71 72 74 77 78 80 
81 82 83 88 97 98 99 100 101 103 107 108 
110 112 113 114 115 116 117 118 125 128 129 130 
131 137 139 140 143 148 150 151 153 154 156 159 
160 164 173 174 176 178 179 182 183 184 187 188 
189 190 193 195 196 197 198 200 201 203 204 205 
209 210 215 217 219 220 221 222 223 226 227 228 
230 231 232 234 235 240 241 243 244 247 248 249 
250 251 253 254 255 258 262 269 271 274 279 280 
281 282 283 285 286 287 288 290 291 292 293 297 
299 300 304 305 308 309 310 311 315 316 317 318 
319 321 322 324 325 326 329 332 333 334 337 338 
345 347 349 350 351 353 357 360 361 362 363 364 
365 366 368 371 372 373 374 375 376 377 381 382 
383 387 388 389 392 393 396 400 
198
1 4 8 9 10 11 12 13 15 16 19 20 
22 26 27 28 32 33 34 35 37 39 40 43 
44 45 47 48 52 57 58 70 72 73 74 75 
79 84 86 90 92 93 95 96 97 98 101 102 
104 105 108 109 112 115 116 117 119 120 127 128 
129 133 135 141 142 144 145 150 151 152 154 160 
161 162 163 168 169 173 174 175 181 184 186 189 
190 194 195 196 197 198 199 200 201 204 205 206 
210 213 214 215 216 218 219 220 221 222 224 225 
227 229 233 234 238 239 240 242 245 246 247 248 
255 257 261 263 264 267 272 273 277 279 280 282 
285 287 288 289 290 291 293 294 295 297 299 300 
301 303 306 307 308 310 313 314 315 317 318 322 
323 324 327 328 329 330 332 333 335 336 337 340 
342 344 345 346 347 353 354 355 358 359 361 364 
366 367 368 372 375 376 378 382 385 387 389 391 
392 394 395 397 398 400 
185
2 4 9 10 13 17 18 22 24 28 30 34 
35 36 39 40 42 43 46 47 52 53 59 61 
62 63 64 66 67 68 69 71 72 73 75 76 
77 78 83 84 85 88 89 90 92 94 99 100 
101 102 103 104 107 108 113 115 116 117 123 124 
126 129 132 134 136 137 139 140 142 145 147 149 
150 154 156 158 161 162 163 164 167 172 175 176 
177 182 184 189 191 198 199 201 204 205 206 207 
213 214 215 216 219 221 222 227 228 230 234 235 
236 238 239 240 241 242 243 245 246 247 248 249 
250 256 259 261 264 265 269 270 275 277 279 282 
283 285 286 288 289 291 294 298 305 310 314 316 
320 324 325 327 330 333 334 335 336 338 339 340 
343 351 355 360 362 363 365 370 374 375 377 378 
381 382 383 384 385 386 387 388 389 391 393 394 
396 397 398 399 400 
219
2 3 4 5 6 9 11 12 17 18 23 28 
30 31 32 34 36 37 39 40 41 45 46 47 
48 55 57 59 65 67 72 73 74 75 77 79 
81 83 84 87 88 89 90 91 96 99 100 103 
104 106 107 108 109 112 113 115 119 125 126 127 
128 129 130 131 134 137 138 139 140 147 150 151 
152 153 154 159 160 161 164 167 169 173 174 175 
178 180 183 184 185 191 194 195 196 197 198 199 
202 203 204 205 207 212 214 215 217 218 221 223 
224 225 227 228 229 230 231 232 233 237 238 242 
243 244 245 247 248 251 253 254 255 256 257 258 
259 263 264 265 266 267 269 270 271 273 274 277 
278 280 281 282 284 286 289 291 292 293 294 295 
296 297 299 301 306 307 308 309 310 312 313 314 
315 316 317 323 324 326 327 328 330 332 333 334 
338 339 341 344 345 346 348 351 352 353 354 355 
356 358 362 363 364 365 366 367 368 369 371 372 
376 377 378 379 380 381 384 385 386 388 389 391 
392 398 400 
191
5 11 12 14 15 17 21 26 27 28 29 32 
37 41 43 46 48 49 51 52 56 57 61 66 
70 73 75 80 81 85 90 91 92 94 98 102 
104 105 106 108 109 112 115 117 120 121 124 125 
126 127 129 132 135 136 140 142 143 145 146 148 
149 151 152 153 154 156 158 160 161 162 165 170 
171 172 173 175 176 177 182 183 186 187 189 190 
192 193 194 197 200 202 205 206 209 210 211 212 
213 214 216 219 221 222 223 224 225 226 229 230 
231 232 234 236 237 239 240 241 242 245 248 251 
252 254 257 258 259 260 262 264 266 269 275 276 
277 278 280 281 282 286 287 288 289 291 292 294 
297 299 301 302 304 306 308 310 313 315 320 322 
325 329 332 336 337 338 340 341 343 344 345 346 
348 351 354 356 357 360 362 363 364 367 369 370 
371 372 376 378 379 380 382 384 391 394 399 
210
1 2 11 12 13 14 16 17 19 24 25 26 
29 30 31 32 35 36 40 42 43 44 46 48 
49 50 51 52 54 55 58 61 65 68 70 71 
76 77 79 80 84 86 87 91 92 94 95 99 
100 101 102 106 111 112 114 116 117 120 122 123 
125 126 127 128 130 131 132 133 138 140 141 143 
144 146 147 149 150 151 152 153 154 160 161 164 
165 166 170 171 173 174 176 177 178 179 182 183 
186 187 188 189 190 192 195 196 199 201 203 206 
209 211 212 219 220 222 223 224 225 227 229 236 
237 239 240 242 243 247 248 250 253 254 258 259 
263 264 265 266 267 269 270 272 274 276 277 278 
279 280 281 283 284 286 287 289 290 291 292 295 
297 301 303 304 305 306 307 310 312 313 314 316 
317 318 322 323 324 325 326 328 331 332 334 335 
336 337 339 341 342 350 351 352 354 359 360 362 
363 365 366 367 368 376 377 378 379 380 385 388 
389 390 391 395 398 399 
215
1 3 4 8 11 13 15 17 18 19 20 21 
22 23 24 25 26 29 31 32 35 36 37 40 
41 43 44 45 49 50 53 55 56 58 60 63 
65 66 69 74 77 78 79 81 85 87 90 93 
94 97 98 100 101 102 103 104 106 107 108 111 
112 113 116 118 119 120 121 122 123 124 125 127 
129 130 136 138 139 141 143 144 145 147 148 152 
155 156 157 158 159 160 163 164 165 166 167 169 
170 173 174 175 176 178 183 184 185 191 194 196 
198 199 200 203 206 208 209 212 213 214 215 216 
221 223 224 228 229 230 231 234 235 238 239 244 
245 246 247 248 249 251 255 256 258 259 266 269 
270 272 273 277 278 280 282 283 285 286 288 289 
297 298 299 303 305 306 307 308 309 310 311 313 
315 317 319 320 323 324 325 326 327 328 330 336 
338 339 340 344 346 351 352 353 354 357 360 362 
363 364 365 366 367 368 369 370 376 377 378 379 
380 381 386 389 390 393 394 395 398 399 400 
206
2 3 5 7 9 11 13 16 17 18 20 24 
26 27 29 30 33 34 35 38 41 44 45 46 
48 50 51 52 54 58 59 62 64 65 66 68 
69 70 75 77 78 82 83 85 86 87 94 95 
98 101 103 104 106 108 110 111 112 115 117 118 
119 121 123 124 125 126 129 130 132 134 135 136 
139 146 148 149 150 152 154 157 159 160 163 169 
170 172 174 175 176 177 178 179 180 184 186 187 
188 189 191 192 193 194 195 200 201 202 203 204 
208 210 211 212 216 220 223 226 235 237 239 243 
245 246 249 250 251 252 254 255 261 262 263 264 
266 267 268 271 272 273 274 275 276 277 279 281 
283 286 288 290 291 292 296 297 298 299 301 305 
308 309 313 316 318 319 320 321 323 325 326 329 
330 331 332 333 335 336 337 338 339 340 342 343 
346 347 348 349 350 354 355 356 361 364 365 366 
372 375 377 379 383 384 387 388 389 391 392 394 
397 399 
207
2 3 4 5 6 7 9 10 16 18 19 21 
22 24 26 27 30 33 35 36 38 39 41 43 
44 46 47 48 53 54 56 57 59 61 65 67 
68 70 74 75 76 80 81 82 83 85 86 88 
91 93 95 96 99 100 101 102 103 104 105 107 
109 112 114 115 118 120 122 123 124 125 127 128 
130 132 133 135 136 137 138 139 140 141 143 144 
146 149 151 153 154 155 156 157 158 160 164 169 
171 174 176 177 178 179 181 183 185 188 189 191 
193 196 198 199 200 202 203 204 207 208 209 211 
212 213 214 215 216 220 223 224 226 233 234 235 
236 239 244 245 246 247 248 250 251 253 254 256 
258 260 261 263 264 266 268 269 270 275 278 279 
281 283 288 290 291 293 296 297 299 300 302 307 
310 311 314 316 320 325 327 330 331 332 333 338 
340 344 346 349 350 353 354 358 360 369 371 372 
374 375 377 378 380 381 382 387 392 393 396 397 
398 399 400 
181
1 6 7 8 12 13 14 18 21 24 25 26 
27 28 29 32 33 36 38 41 44 45 47 48 
50 51 52 53 54 55 57 58 59 64 65 66 
67 68 70 75 76 77 78 86 89 91 92 93 
94 95 96 100 101 102 107 109 117 118 119 120 
126 127 130 132 133 135 138 139 141 142 143 146 
147 148 152 153 155 157 159 161 162 166 167 168 
170 171 172 173 177 180 185 186 187 190 191 194 
195 200 202 203 207 208 212 218 219 220 222 224 
225 226 228 230 233 240 245 248 251 253 255 259 
261 265 267 269 273 274 276 278 282 284 286 288 
291 292 293 297 299 305 306 311 316 318 319 320 
321 322 325 329 330 333 334 335 338 339 343 346 
349 351 352 354 355 358 366 368 374 375 376 377 
379 380 381 386 387 388 389 390 394 395 396 398 
400 
200
3 4 6 7 9 12 14 15 16 17 18 19 
22 23 24 25 29 33 35 38 40 42 43 48 
51 52 53 55 56 58 61 64 65 66 67 68 
76 77 81 87 88 89 91 93 95 97 104 105 
106 109 111 113 114 115 116 117 119 121 123 124 
133 134 135 136 138 139 142 143 145 148 149 153 
154 156 158 165 166 168 170 172 174 175 176 178 
179 180 181 182 184 186 187 188 191 192 193 194 
195 196 197 202 204 208 210 212 213 215 216 217 
220 222 224 226 230 231 232 234 236 238 240 241 
242 243 246 247 248 251 254 256 258 264 266 268 
269 271 273 275 276 280 281 282 283 287 289 290 
294 296 297 300 301 307 308 311 312 316 320 322 
323 324 325 326 329 330 333 334 338 339 342 343 
344 345 347 348 350 358 359 360 361 362 363 364 
365 367 368 369 370 371 372 373 375 376 378 379 
380 382 383 385 388 389 391 393 
201
2 6 7 8 10 12 15 17 19 20 24 25 
31 32 34 36 38 39 40 41 43 45 46 48 
52 53 56 58 59 63 65 71 72 74 76 77 
78 79 80 82 84 85 92 93 95 100 101 102 
103 105 106 109 110 112 114 115 118 119 120 121 
122 123 124 125 130 133 134 136 141 142 143 148 
149 150 151 154 155 156 157 158 159 161 163 165 
166 167 169 170 171 172 173 180 181 182 186 187 
188 189 190 192 193 195 202 208 209 210 213 215 
217 220 222 224 228 229 231 232 235 236 237 238 
239 240 242 245 246 247 250 252 253 255 256 259 
262 267 268 269 270 273 274 278 279 281 282 283 
284 285 286 289 292 293 294 295 296 297 298 300 
303 305 306 310 315 319 321 325 326 327 332 333 
334 335 337 338 340 341 342 345 346 347 348 352 
355 362 366 367 368 369 371 374 375 377 383 384 
385 387 391 392 393 396 397 398 400 
204
1 3 6 8 9 10 13 15 16 18 19 22 
28 29 30 34 37 38 39 41 44 46 49 50 
51 54 55 59 60 65 66 69 70 74 78 82 
83 84 91 93 94 95 98 100 101 102 103 104 
107 109 110 111 113 114 115 118 119 121 123 125 
126 127 129 137 139 142 143 149 151 153 156 165 
170 171 172 173 174 176 177 179 180 184 185 186 
187 189 190 191 195 196 197 199 200 201 202 203 
207 208 209 211 212 213 215 217 218 221 226 227 
228 229 230 233 235 236 237 238 239 241 243 245 
246 247 250 252 257 258 263 265 266 267 270 274 
275 277 278 279 280 282 283 285 286 287 288 290 
291 297 300 302 303 305 307 308 311 312 315 321 
324 326 327 328 329 330 331 333 335 337 338 339 
342 344 345 347 349 350 352 353 355 356 357 358 
359 360 362 363 364 367 369 370 371 375 378 380 
381 384 385 386 387 388 389 393 395 396 399 400 
191
2 8 9 10 11 12 14 17 18 19 23 25 
26 28 29 33 36 38 39 40 41 42 45 46 
50 51 54 58 60 61 64 67 68 70 75 76 
79 80 81 82 83 84 89 90 93 94 100 101 
107 108 109 110 112 113 114 115 116 117 119 120 
121 122 123 124 125 126 127 130 131 132 137 140 
143 148 150 152 154 157 158 159 160 163 167 168 
171 175 180 182 187 188 189 191 192 196 198 199 
200 204 205 206 207 210 211 212 214 215 216 218 
221 225 227 228 229 230 231 232 237 239 240 244 
248 255 257 259 260 261 264 266 267 269 271 273 
274 275 276 277 278 279 280 284 287 292 293 295 
299 300 301 302 306 308 311 312 315 317 318 319 
321 324 326 327 328 330 336 337 338 340 342 344 
345 346 347 348 349 355 356 357 359 364 366 374 
375 378 379 385 389 390 391 394 395 398 399 
202
1 8 9 10 11 12 13 17 19 20 22 24 
29 36 37 38 39 40 44 49 51 52 55 58 
59 61 66 69 71 79 81 82 83 84 85 90 
91 95 98 100 101 107 109 111 112 114 117 118 
119 120 121 124 125 127 128 129 130 131 132 133 
137 138 139 140 143 144 145 146 147 150 153 155 
157 158 159 160 164 172 173 175 176 177 180 181 
182 183 185 186 187 193 195 197 200 201 202 205 
206 208 209 213 214 215 217 220 222 226 227 228 
231 234 236 237 238 240 245 250 251 252 253 255 
258 259 261 262 263 267 269 270 273 276 281 286 
287 290 291 294 298 300 304 305 306 309 313 315 
316 318 319 320 321 322 323 324 325 326 327 328 
329 330 331 332 334 337 338 339 340 341 342 344 
345 346 348 351 355 356 358 359 360 361 363 367 
368 369 371 372 373 374 378 379 380 381 384 388 
389 390 391 393 395 396 397 398 399 400 
186
6 8 13 16 22 27 28 29 30 32 33 34 
35 37 43 46 50 55 57 58 60 61 62 64 
65 68 69 70 73 77 79 81 84 85 86 87 
89 91 93 94 95 101 102 103 105 106 107 108 
109 111 113 114 115 116 119 121 123 125 128 130 
131 132 133 134 135 136 139 140 141 148 153 154 
158 159 161 162 165 168 169 170 173 174 176 177 
180 181 184 185 186 187 190 197 200 201 204 205 
206 207 208 209 211 212 216 217 218 219 221 225 
227 228 230 232 233 236 241 242 248 249 250 251 
253 255 257 259 262 264 267 268 272 276 281 288 
292 296 298 302 303 305 308 309 311 313 315 316 
321 322 323 327 328 330 332 334 335 336 337 338 
340 341 345 346 350 353 354 359 364 365 366 368 
371 374 375 376 377 378 380 382 383 384 385 386 
387 389 390 391 397 398 
196
1 2 6 9 10 11 12 15 18 20 21 23 
28 30 31 32 33 34 35 36 37 38 39 40 
42 44 45 46 48 49 50 53 55 56 57 58 
60 61 62 64 66 71 72 76 78 79 82 84 
85 87 88 89 90 96 97 98 99 100 103 104 
108 110 112 116 117 120 123 124 125 126 127 129 
131 133 134 136 141 147 148 152 153 154 157 160 
162 164 170 171 172 174 175 177 180 181 182 186 
189 196 197 198 199 200 201 203 210 211 213 214 
215 216 217 218 219 224 225 227 230 232 237 238 
239 245 246 247 249 252 258 259 260 263 264 267 
270 272 276 277 278 279 281 288 292 294 295 298 
299 300 301 303 305 307 310 312 314 317 318 322 
323 324 325 326 328 329 330 333 334 336 339 341 
342 344 348 349 352 354 358 360 362 363 364 365 
366 367 369 372 373 381 383 385 387 388 389 393 
394 397 399 400 
209
2 4 7 11 12 14 18 20 21 23 24 27 
30 31 32 33 34 36 38 39 41 42 43 44 
45 46 48 51 54 55 56 58 59 60 62 63 
64 67 70 71 72 73 74 75 77 78 79 82 
83 84 87 92 98 99 100 101 103 106 109 110 
111 112 118 119 122 125 126 127 129 137 141 143 
144 146 149 150 151 152 153 155 157 161 162 164 
166 169 170 172 173 180 182 186 187 188 189 194 
195 197 198 201 202 207 208 211 214 217 219 220 
221 226 228 229 230 231 233 236 237 238 241 242 
244 246 247 248 249 251 252 257 258 261 263 266 
268 269 270 274 276 278 279 280 282 283 284 286 
289 292 294 295 297 300 305 307 308 309 310 311 
313 316 317 321 322 323 324 325 327 331 332 333 
335 344 345 348 350 351 352 353 355 359 360 361 
363 364 365 366 367 368 371 373 376 377 378 380 
381 382 383 384 385 386 387 388 389 391 392 393 
394 396 398 399 400 
191
1 5 7 8 9 10 12 17 18 19 21 23 
26 27 28 29 30 31 35 36 37 38 39 42 
48 49 50 51 55 56 57 59 62 63 65 67 
68 69 70 71 72 77 79 80 82 84 85 86 
88 89 90 92 93 95 96 98 99 102 103 105 
109 110 113 115 116 117 120 127 129 130 132 133 
135 136 140 143 144 146 147 148 150 151 155 156 
157 161 163 165 166 168 169 173 176 178 180 181 
185 186 187 188 190 191 192 193 195 197 200 205 
209 210 212 214 215 217 218 222 224 225 227 228 
229 230 231 234 235 237 238 239 241 245 246 251 
253 255 256 258 259 260 262 263 269 272 274 275 
279 280 282 286 287 290 291 294 298 301 302 305 
307 311 316 323 324 325 329 332 337 338 340 341 
342 343 346 347 348 352 353 354 355 359 361 362 
377 380 388 389 391 393 395 397 398 399 400 
214
1 2 5 9 10 11 13 15 16 17 20 23 
24 27 30 31 34 35 36 39 40 42 47 50 
51 52 57 58 59 60 64 66 68 70 71 72 
74 75 76 77 78 80 81 83 84 87 89 90 
92 94 96 98 103 104 106 108 109 110 114 116 
117 119 120 121 128 129 130 131 134 135 136 138 
140 141 145 146 147 149 150 151 153 154 159 160 
162 163 164 165 167 171 173 175 177 178 180 182 
183 184 186 193 194 196 198 199 201 203 206 208 
209 210 211 212 213 214 216 217 219 220 221 223 
224 225 228 235 239 240 241 244 245 246 247 248 
250 252 253 254 257 259 262 264 266 267 268 270 
272 273 275 278 279 280 281 283 284 286 287 289 
291 293 294 303 305 308 310 313 316 318 320 323 
326 328 330 332 333 335 336 337 339 340 341 342 
344 347 348 349 351 354 356 358 359 360 362 365 
366 368 371 372 373 375 376 377 379 381 382 383 
384 385 388 391 392 396 397 398 399 400 
192
2 3 4 6 8 10 12 13 18 19 21 23 
26 27 31 32 34 35 38 39 40 42 46 49 
50 51 53 57 58 60 62 64 65 68 70 71 
73 81 84 88 94 97 98 99 101 104 110 111 
112 114 115 116 117 118 120 121 122 123 129 130 
131 133 134 135 138 139 141 144 145 146 151 153 
154 159 164 165 168 170 174 176 177 178 180 181 
182 183 185 186 187 188 189 191 192 193 194 195 
196 205 206 209 211 212 215 216 217 218 219 222 
223 224 225 226 227 228 231 238 240 243 248 249 
250 251 259 260 263 266 271 273 274 276 277 279 
285 287 288 289 290 291 296 297 298 300 301 305 
307 310 311 312 313 315 318 323 324 325 326 328 
331 332 336 337 340 341 342 345 346 347 349 353 
354 355 357 358 361 362 363 364 366 368 370 374 
376 378 383 384 385 386 388 389 391 393 398 399 
187
1 4 5 6 7 8 10 11 13 14 15 16 
18 27 28 29 32 33 37 38 39 42 44 45 
51 53 54 57 58 59 63 65 66 67 70 75 
76 77 79 81 82 83 86 87 90 93 97 99 
103 104 107 109 115 116 118 120 121 126 127 132 
137 138 143 148 151 152 153 157 159 160 163 165 
166 172 177 179 181 183 185 189 193 195 196 198 
199 200 201 202 203 207 209 210 211 212 213 214 
217 219 220 221 223 225 230 231 234 235 237 238 
240 241 242 244 245 246 253 256 258 259 260 262 
263 264 266 267 268 270 274 277 278 279 280 282 
283 285 286 288 290 296 297 300 301 302 304 305 
307 308 309 312 313 314 315 317 318 319 322 324 
327 329 330 331 332 334 338 342 343 344 347 356 
362 363 365 368 369 370 372 373 374 376 381 383 
384 385 393 394 395 396 399 
206
2 13 15 17 18 19 21 23 24 25 28 29 
34 35 36 39 40 41 42 46 47 48 51 52 
54 56 59 60 61 62 69 70 71 75 76 77 
78 81 82 83 85 86 87 88 93 95 98 99 
101 102 103 104 108 112 115 120 122 123 124 125 
127 130 131 132 133 138 139 140 141 142 144 149 
150 153 157 162 165 171 173 175 176 177 180 184 
185 188 189 190 191 195 201 202 205 206 209 210 
211 213 215 216 217 219 220 221 223 225 230 231 
233 235 236 237 238 242 243 247 248 249 252 254 
256 257 258 260 262 265 266 267 270 272 274 276 
277 278 280 284 285 286 287 291 292 293 294 296 
299 304 306 308 309 313 316 317 319 320 321 322 
323 326 327 328 329 330 332 333 340 342 343 346 
348 350 351 354 355 357 358 359 360 363 364 365 
366 367 368 370 371 372 373 374 376 377 378 379 
380 381 382 383 384 385 386 388 389 390 392 395 
396 398 
204
1 2 3 4 6 7 9 10 11 13 17 19 
20 25 26 28 30 31 35 36 37 39 40 43 
48 49 50 51 54 57 60 61 62 64 65 66 
68 70 73 76 77 78 79 81 82 83 86 91 
94 95 103 105 106 108 111 114 115 116 119 128 
129 131 132 134 135 138 139 142 143 144 146 149 
151 152 153 154 156 157 159 160 161 162 164 167 
170 172 175 179 181 182 183 185 186 188 189 191 
192 195 200 201 205 207 209 211 212 213 215 216 
217 218 220 226 227 228 229 230 231 233 237 240 
243 246 247 250 251 252 254 256 258 260 263 264 
269 271 273 274 277 280 281 283 284 288 289 291 
292 295 296 306 307 308 310 314 315 316 317 318 
319 320 321 322 323 325 327 328 329 330 332 334 
336 337 338 341 346 347 348 349 350 351 352 353 
355 356 359 362 367 372 373 374 375 376 379 380 
381 382 384 388 390 391 392 393 395 396 398 400 
208
1 3 8 10 11 15 17 19 20 22 27 28 
29 31 32 34 36 37 38 40 43 44 45 47 
49 52 53 54 57 58 60 63 67 68 69 70 
71 74 77 79 80 82 84 87 90 91 93 95 
97 98 100 107 108 109 111 115 116 117 120 123 
128 131 135 139 141 142 144 146 147 148 149 150 
151 152 153 155 159 161 162 163 164 167 170 171 
172 175 176 179 180 181 182 184 188 189 190 191 
197 199 200 201 202 204 205 207 208 210 212 215 
216 217 218 220 221 225 226 227 228 229 230 231 
232 236 237 239 241 250 252 253 258 259 261 262 
270 271 273 274 275 276 278 281 283 284 285 286 
287 288 290 291 292 294 296 297 302 305 306 310 
312 313 314 315 316 317 318 320 322 323 325 326 
327 328 329 333 334 336 338 340 344 346 347 348 
349 351 352 354 357 359 360 361 362 364 365 369 
370 372 376 377 378 379 380 382 383 386 387 391 
393 394 397 399 
199
1 2 5 9 10 12 14 15 17 18 19 21 
24 27 28 29 30 35 38 39 44 45 52 53 
54 56 58 59 62 66 67 70 71 72 74 76 
78 80 82 84 85 86 87 96 98 99 102 105 
106 107 108 109 110 111 113 116 117 121 122 123 
125 127 130 131 132 133 138 139 147 149 150 151 
154 157 158 160 162 163 166 169 170 171 172 174 
175 176 178 179 180 181 184 186 187 191 192 194 
197 199 200 201 203 206 208 210 211 212 217 219 
221 222 224 227 228 229 230 233 235 236 240 243 
247 249 250 251 252 256 257 258 260 263 264 270 
271 272 273 276 278 280 281 282 285 286 287 288 
289 290 291 292 294 295 297 298 301 305 306 308 
310 311 315 317 321 322 324 325 328 331 332 335 
336 337 338 340 341 342 345 348 349 356 357 358 
361 362 363 364 365 366 368 369 371 373 376 377 
379 389 390 391 393 395 396 
205
2 4 5 9 11 12 13 14 16 17 18 20 
23 24 25 26 27 29 30 31 33 34 35 36 
37 38 42 43 45 46 47 50 51 52 55 59 
60 63 64 67 74 76 79 82 83 85 87 92 
95 98 101 108 109 110 112 117 122 124 126 128 
132 134 135 137 138 139 142 144 145 146 151 155 
158 161 164 165 167 174 175 179 180 181 183 185 
186 190 191 195 196 197 199 200 204 207 208 210 
217 218 219 221 222 223 229 230 231 233 234 236 
237 239 241 244 245 249 250 251 255 256 257 258 
259 260 261 262 263 264 265 267 270 271 273 275 
278 279 280 282 283 287 288 290 291 292 295 296 
297 300 301 302 304 306 309 310 312 313 314 317 
318 322 323 327 328 330 333 334 336 337 339 340 
341 343 344 345 347 348 350 351 352 355 356 361 
362 363 364 365 366 369 371 372 373 375 377 378 
379 380 383 385 386 387 389 390 393 395 396 398 
400 
198
1 2 5 7 12 15 18 19 21 24 29 32 
33 35 36 38 41 42 43 45 48 49 53 54 
55 59 60 61 63 65 66 67 72 73 75 77 
78 85 86 87 88 93 94 98 100 101 102 103 
104 105 107 110 111 114 115 116 119 120 123 129 
130 131 134 135 136 137 141 142 143 145 146 148 
149 151 153 155 157 158 159 161 162 168 169 175 
181 185 186 188 189 190 191 194 195 196 197 199 
201 206 207 208 209 210 211 213 216 217 218 223 
226 227 228 229 231 235 238 245 246 247 251 252 
253 254 256 258 259 260 261 262 263 268 269 278 
279 282 283 284 285 286 291 293 294 297 298 299 
300 301 304 305 306 309 310 314 315 317 323 324 
329 332 334 336 339 340 341 342 343 344 345 346 
350 351 353 354 356 357 358 360 361 362 364 365 
366 368 369 370 372 376 378 380 381 384 386 387 
388 392 393 398 399 400 
187
1 2 3 4 5 6 7 10 12 16 19 22 
23 24 25 28 31 32 34 39 40 43 44 47 
48 49 52 57 59 61 64 65 66 67 74 75 
76 80 82 85 86 87 88 89 90 92 94 95 
97 99 100 103 105 106 108 110 111 112 114 119 
120 123 127 128 131 132 135 136 137 139 142 150 
151 155 159 160 162 163 164 165 166 168 173 174 
176 179 181 187 193 194 195 196 197 204 205 207 
208 212 218 224 225 226 228 232 234 236 238 244 
246 248 249 251 252 253 254 255 258 259 260 261 
262 263 264 266 270 273 275 278 279 282 284 285 
287 288 289 290 291 293 294 297 300 302 303 305 
308 310 311 314 315 316 317 319 321 325 328 330 
331 332 333 336 337 342 343 346 348 350 355 356 
357 358 361 362 365 366 368 370 375 376 379 382 
383 385 386 387 391 398 400 
202
3 10 11 12 13 19 23 24 25 26 27 29 
30 31 35 41 42 44 46 47 56 57 58 65 
66 69 70 73 75 76 77 80 81 82 83 84 
85 86 87 89 90 91 95 98 99 101 104 105 
107 108 111 116 117 120 121 122 123 125 126 128 
130 131 133 136 137 139 140 141 142 143 144 145 
146 148 153 155 156 159 160 161 162 166 168 169 
172 177 179 180 181 185 186 189 190 191 196 197 
198 199 202 203 205 207 209 214 215 216 219 220 
221 222 224 225 226 227 228 232 233 234 236 238 
241 246 247 248 249 252 257 258 261 262 263 264 
266 267 269 270 271 273 274 276 278 279 280 282 
286 287 290 291 293 295 297 299 302 303 304 305 
306 308 309 311 313 314 319 320 323 326 329 331 
333 334 335 336 337 338 341 342 343 345 347 348 
350 351 352 355 356 359 361 362 364 365 366 368 
369 372 377 378 379 384 385 388 389 400 
200
2 3 4 5 6 9 10 11 13 14 16 17 
18 19 20 23 24 25 27 31 33 37 38 41 
47 49 50 51 52 53 54 57 59 61 65 71 
74 76 80 81 82 83 84 85 86 89 94 97 
98 99 100 103 104 105 106 107 110 113 116 117 
118 119 120 123 124 125 127 128 129 130 132 133 
135 136 137 139 140 141 142 143 144 146 149 151 
158 161 162 165 169 170 175 177 179 182 183 186 
187 190 193 194 195 199 200 202 204 205 209 210 
214 215 217 221 225 228 229 230 232 233 234 236 
241 243 244 245 251 252 254 263 268 270 272 273 
275 277 278 286 287 288 290 293 294 295 296 297 
298 299 300 304 305 306 307 309 311 312 313 314 
317 318 321 322 323 325 326 330 332 335 338 339 
340 341 342 343 344 346 349 350 355 358 359 360 
362 363 364 367 368 370 371 372 373 374 375 378 
379 380 381 384 386 388 393 394 
205
1 2 3 4 5 11 12 14 17 20 21 22 
23 25 27 28 30 31 36 37 38 39 41 42 
45 46 49 50 55 56 57 59 60 61 62 63 
65 67 69 70 71 72 73 76 80 82 85 86 
89 90 91 92 94 99 104 105 106 107 108 110 
111 113 115 117 119 121 122 124 126 128 129 136 
137 138 139 142 145 146 147 148 151 152 153 154 
156 157 158 159 160 162 163 170 172 174 176 180 
181 186 187 189 190 191 193 198 200 201 203 207 
208 210 212 214 216 217 218 219 220 221 226 227 
228 229 230 231 232 233 235 236 237 238 239 240 
242 244 245 248 256 257 261 262 267 272 273 277 
279 284 286 287 289 290 292 293 294 295 297 298 
300 303 304 305 308 311 312 314 315 318 321 322 
323 324 326 329 330 336 338 339 341 342 344 345 
347 351 352 354 357 358 362 363 364 365 366 367 
369 370 371 374 377 378 379 386 389 391 392 395 
398 
188
2 3 4 5 6 8 16 17 19 20 21 22 
23 24 26 28 31 32 34 40 41 44 46 48 
49 50 56 58 59 61 65 66 69 73 74 77 
78 80 82 84 87 89 91 93 95 96 99 100 
101 102 104 105 106 113 114 115 116 117 121 122 
125 127 130 131 133 135 136 141 143 144 145 146 
149 150 151 154 155 157 160 163 164 172 175 177 
179 180 181 182 183 187 188 189 192 193 195 199 
200 205 206 208 209 213 218 220 223 224 225 227 
228 230 232 235 236 237 238 239 241 247 248 249 
251 252 253 254 257 258 260 261 266 268 271 272 
273 277 279 282 287 288 289 290 293 296 299 300 
301 302 306 307 311 314 316 317 321 323 324 325 
326 328 332 333 339 342 343 346 347 348 352 354 
355 356 365 366 367 368 369 371 373 378 379 381 
384 385 386 387 390 392 395 398 
203
1 2 3 8 10 11 12 14 15 17 18 23 
25 29 31 32 33 34 39 40 41 42 44 45 
47 48 50 51 52 54 56 57 58 59 60 61 
62 66 70 73 76 77 79 85 88 91 93 95 
97 100 102 106 107 110 112 113 116 117 119 123 
124 127 128 129 130 131 132 133 134 135 136 140 
142 145 146 148 150 151 154 155 157 159 161 163 
164 168 171 172 173 174 177 178 181 183 186 188 
189 191 192 194 195 198 200 204 207 208 209 210 
212 214 215 217 220 221 225 226 229 230 233 234 
235 237 239 241 244 245 246 247 248 249 253 254 
255 257 258 262 265 267 268 269 271 273 277 278 
279 284 285 286 287 289 290 291 292 293 294 296 
300 301 302 304 306 309 312 314 317 318 320 324 
326 327 328 330 332 334 336 337 339 344 345 346 
348 350 351 353 358 360 362 364 365 368 372 373 
377 381 382 383 385 386 387 388 392 393 397 
194
3 7 8 9 13 14 16 18 21 22 25 26 
29 31 32 33 35 38 39 42 48 50 51 54 
55 56 59 66 70 72 74 77 80 85 86 88 
91 97 98 101 103 105 107 109 112 113 114 117 
120 123 124 125 126 127 129 131 135 136 137 138 
139 140 142 143 146 148 150 151 153 154 155 158 
161 166 167 168 170 171 174 176 177 180 181 183 
184 187 188 191 193 194 199 200 201 204 207 208 
209 212 213 214 218 219 220 221 223 227 232 233 
235 236 237 241 242 243 246 248 249 251 253 254 
255 256 257 259 260 261 263 264 265 266 269 272 
273 274 275 277 279 280 281 282 287 296 298 299 
300 305 306 308 309 312 314 315 319 322 324 325 
326 329 331 332 333 335 337 340 341 346 351 352 
353 354 357 362 363 365 366 367 369 370 371 372 
375 376 377 383 385 386 387 388 389 390 394 396 
399 400 
207
2 3 4 5 8 9 11 13 16 18 19 20 
21 23 24 26 30 33 35 36 37 40 41 42 
44 45 46 47 51 52 58 59 63 64 67 69 
71 72 73 76 78 79 80 82 83 84 91 92 
95 96 99 100 102 104 107 108 109 111 112 113 
115 116 118 119 120 121 123 124 125 128 130 131 
133 134 136 138 139 140 142 144 145 146 147 149 
152 153 154 156 157 158 160 162 163 167 168 169 
171 172 173 177 179 180 181 182 183 185 186 190 
193 196 197 198 199 200 202 204 207 208 209 210 
213 215 217 222 223 226 229 233 235 236 238 246 
247 248 249 253 254 255 259 260 262 265 266 267 
268 269 271 273 274 275 279 280 282 283 285 290 
291 293 298 299 301 303 305 307 309 310 311 312 
314 315 316 320 321 322 323 329 330 332 333 335 
337 338 339 340 348 349 350 355 359 361 362 364 
367 368 372 375 377 380 381 382 384 388 391 392 
396 398 399 
205
1 3 4 5 10 12 14 15 17 19 24 29 
30 33 34 36 37 38 40 41 42 43 45 46 
47 53 54 55 56 60 63 68 70 71 72 74 
75 77 78 83 84 85 86 88 89 92 93 94 
95 96 97 98 100 101 102 104 106 108 110 112 
113 115 118 119 123 127 128 129 130 135 136 138 
140 142 143 145 150 152 158 159 160 161 162 163 
166 168 171 174 177 178 179 180 182 184 185 188 
189 194 196 198 201 207 208 209 210 211 212 216 
222 224 226 227 232 233 234 236 238 242 246 248 
250 252 253 255 256 257 258 259 260 261 262 265 
266 267 269 273 276 278 280 281 284 286 287 289 
291 293 294 298 299 302 304 306 310 311 312 314 
318 319 322 324 325 328 329 330 331 332 334 336 
337 338 341 342 345 346 347 353 355 357 358 361 
362 364 365 367 368 369 371 372 377 378 379 380 
381 383 387 388 389 390 391 393 395 397 398 399 
400 
221
5 6 7 8 10 14 15 17 21 23 24 28 
29 31 33 35 36 37 38 39 41 44 47 49 
51 52 53 54 55 57 58 60 61 62 64 68 
69 70 72 73 74 76 77 80 82 83 84 85 
86 89 90 93 95 96 98 101 102 109 112 113 
115 118 119 122 124 125 126 127 130 131 133 134 
135 138 140 141 143 145 150 151 152 153 154 155 
157 159 162 163 164 165 166 167 169 170 171 173 
175 176 177 178 179 182 184 186 187 191 192 194 
197 199 200 201 203 204 206 207 208 212 213 215 
216 218 220 222 223 225 226 228 232 235 238 239 
241 242 243 244 245 246 247 249 250 253 254 255 
256 258 259 261 262 263 265 267 268 269 270 271 
272 274 277 278 279 284 286 287 291 295 298 299 
301 304 308 309 310 311 313 314 316 317 318 319 
320 321 323 325 328 329 330 332 333 334 335 336 
339 340 351 352 353 358 359 360 364 365 368 370 
371 374 376 377 378 380 383 385 386 387 389 393 
394 395 396 397 400 
207
2 4 6 7 9 10 11 13 14 15 16 17 
19 21 22 23 24 25 27 28 29 31 32 33 
34 35 38 40 42 45 46 48 49 55 58 59 
60 61 66 67 68 69 70 71 74 78 80 81 
83 84 87 88 89 90 93 96 98 99 100 101 
102 103 106 110 113 115 116 117 118 121 122 123 
125 128 129 130 140 142 144 146 149 150 152 153 
157 160 161 162 163 164 166 168 172 173 175 176 
180 182 183 184 185 186 191 195 196 197 198 200 
203 206 207 208 212 214 216 221 223 229 231 232 
233 234 236 237 238 239 241 244 249 250 251 253 
255 257 259 260 264 267 269 270 273 277 279 284 
286 288 289 290 291 292 294 296 297 300 301 303 
304 306 310 311 312 313 314 315 316 319 321 322 
325 328 329 330 331 334 335 340 341 344 345 346 
350 353 354 355 359 362 363 364 366 367 374 375 
377 379 380 381 383 386 390 391 393 394 396 397 
398 399 400 
206
2 3 5 7 8 9 11 14 16 18 19 20 
22 26 27 28 29 30 34 35 36 37 38 39 
44 45 46 48 50 51 52 54 55 56 57 60 
61 64 65 66 68 69 70 73 77 79 83 85 
87 89 90 91 93 96 97 99 101 107 109 111 
112 114 117 118 121 122 127 128 130 131 134 135 
136 138 146 148 152 153 154 155 156 157 158 160 
162 164 165 166 167 168 171 175 177 178 180 181 
185 186 187 189 190 191 196 197 200 212 213 214 
220 221 227 229 230 233 234 235 238 239 240 241 
245 246 247 249 250 251 253 254 255 258 259 260 
261 262 263 264 265 268 271 272 273 274 277 279 
280 281 282 283 284 288 291 294 297 298 299 300 
301 303 305 306 309 311 312 313 315 316 317 318 
321 323 324 325 326 327 332 339 340 341 344 345 
346 347 348 349 351 353 355 358 359 360 362 365 
369 370 373 374 376 379 380 381 383 384 388 393 
395 399 
203
1 2 3 4 5 7 12 14 22 26 27 30 
33 34 36 37 38 39 42 46 48 52 54 55 
56 57 58 60 61 63 64 65 66 70 71 72 
74 75 77 80 81 83 84 85 86 88 89 91 
92 93 94 95 96 97 101 102 105 107 108 110 
112 113 115 116 118 120 121 123 125 127 132 138 
139 140 142 144 146 147 149 151 152 156 157 160 
162 163 165 166 169 170 171 175 177 179 182 184 
186 192 193 196 198 199 200 201 202 203 205 208 
210 211 212 213 214 219 220 225 226 227 228 232 
233 241 242 246 247 250 251 252 254 257 258 260 
263 264 265 269 272 273 277 278 280 282 287 288 
292 298 299 302 303 304 305 306 307 308 310 312 
315 316 317 320 322 323 327 328 329 333 337 342 
343 344 346 347 348 352 354 355 356 357 359 360 
361 362 363 364 365 366 367 368 369 370 371 372 
373 375 376 379 380 381 383 388 390 393 399 
