200 800
1 1 1 1 1 1 1 1 1 1 1 1 
1 1 1 1 1 1 1 1 1 1 1 1 
1 1 1 1 1 1 1 1 1 1 1 1 
1 1 1 1 1 1 1 1 1 1 1 1 
1 1 1 1 1 1 1 1 1 1 1 1 
1 1 1 1 1 1 1 1 1 1 1 1 
1 1 1 1 1 1 1 1 1 1 1 1 
1 1 1 1 1 1 1 1 1 1 1 1 
1 1 1 1 1 1 1 1 1 1 1 1 
1 1 1 1 1 1 1 1 1 1 1 1 
1 1 1 1 1 1 1 1 1 1 1 1 
1 1 1 1 1 1 1 1 1 1 1 1 
1 1 1 1 1 1 1 1 1 1 1 1 
1 1 1 1 1 1 1 1 1 1 1 1 
1 1 1 1 1 1 1 1 1 1 1 1 
1 1 1 1 1 1 1 1 1 1 1 1 
1 1 1 1 1 1 1 1 1 1 1 1 
1 1 1 1 1 1 1 1 1 1 1 1 
1 1 1 1 1 1 1 1 1 1 1 1 
1 1 1 1 1 1 1 1 1 1 1 1 
1 1 1 1 1 1 1 1 1 1 1 1 
1 1 1 1 1 1 1 1 1 1 1 1 
1 1 1 1 1 1 1 1 1 1 1 1 
1 1 1 1 1 1 1 1 1 1 1 1 
1 1 1 1 1 1 1 1 1 1 1 1 
1 1 1 1 1 1 1 1 1 1 1 1 
1 1 1 1 1 1 1 1 1 1 1 1 
1 1 1 1 1 1 1 1 1 1 1 1 
1 1 1 1 1 1 1 1 1 1 1 1 
1 1 1 1 1 1 1 1 1 1 1 1 
1 1 1 1 1 1 1 1 1 1 1 1 
1 1 1 1 1 1 1 1 1 1 1 1 
1 1 1 1 1 1 1 1 1 1 1 1 
1 1 1 1 1 1 1 1 1 1 1 1 
1 1 1 1 1 1 1 1 1 1 1 1 
1 1 1 1 1 1 1 1 1 1 1 1 
1 1 1 1 1 1 1 1 1 1 1 1 
1 1 1 1 1 1 1 1 1 1 1 1 
1 1 1 1 1 1 1 1 1 1 1 1 
1 1 1 1 1 1 1 1 1 1 1 1 
1 1 1 1 1 1 1 1 1 1 1 1 
1 1 1 1 1 1 1 1 1 1 1 1 
1 1 1 1 1 1 1 1 1 1 1 1 
1 1 1 1 1 1 1 1 1 1 1 1 
1 1 1 1 1 1 1 1 1 1 1 1 
1 1 1 1 1 1 1 1 1 1 1 1 
1 1 1 1 1 1 1 1 1 1 1 1 
1 1 1 1 1 1 1 1 1 1 1 1 
1 1 1 1 1 1 1 1 1 1 1 1 
1 1 1 1 1 1 1 1 1 1 1 1 
1 1 1 1 1 1 1 1 1 1 1 1 
1 1 1 1 1 1 1 1 1 1 1 1 
1 1 1 1 1 1 1 1 1 1 1 1 
1 1 1 1 1 1 1 1 1 1 1 1 
1 1 1 1 1 1 1 1 1 1 1 1 
1 1 1 1 1 1 1 1 1 1 1 1 
1 1 1 1 1 1 1 1 1 1 1 1 
1 1 1 1 1 1 1 1 1 1 1 1 
1 1 1 1 1 1 1 1 1 1 1 1 
1 1 1 1 1 1 1 1 1 1 1 1 
1 1 1 1 1 1 1 1 1 1 1 1 
1 1 1 1 1 1 1 1 1 1 1 1 
1 1 1 1 1 1 1 1 1 1 1 1 
1 1 1 1 1 1 1 1 1 1 1 1 
1 1 1 1 1 1 1 1 1 1 1 1 
1 1 1 1 1 1 1 1 1 1 1 1 
1 1 1 1 1 1 1 1 
253
1 2 5 19 20 29 30 33 34 43 47 51 
54 56 57 60 63 66 67 69 70 74 77 78 
84 86 87 90 93 98 100 102 103 106 108 115 
116 122 128 132 140 143 144 145 147 151 155 171 
173 176 180 181 182 183 184 190 193 198 205 208 
212 214 224 226 227 228 232 233 240 242 245 258 
263 264 267 270 271 277 283 286 290 294 296 298 
301 304 306 310 312 313 316 318 320 322 326 328 
331 332 334 335 343 346 348 351 356 358 359 362 
367 368 370 377 378 379 380 381 384 385 386 388 
390 391 392 400 403 405 415 420 423 424 432 433 
434 437 445 446 447 449 450 452 453 457 458 463 
468 471 474 482 483 484 490 492 493 495 497 504 
507 510 519 523 524 526 530 532 533 536 545 547 
554 556 557 558 559 560 565 566 567 571 575 577 
579 580 582 583 585 588 596 597 599 609 615 616 
618 621 623 627 631 632 640 643 644 645 650 651 
652 654 655 656 658 662 670 674 681 688 690 693 
697 699 702 704 706 710 711 712 714 721 722 723 
730 731 733 734 737 739 740 743 744 747 755 759 
762 770 774 775 776 777 780 783 784 788 791 792 
797 
227
2 5 7 8 13 17 33 37 49 51 55 58 
62 63 65 70 73 76 80 82 87 91 94 95 
96 97 98 99 100 107 110 111 113 115 121 129 
136 145 149 153 155 158 161 162 166 170 174 175 
178 180 182 186 189 191 205 207 210 213 214 225 
228 231 232 234 237 239 249 258 261 263 274 277 
278 288 289 290 297 298 299 305 308 312 316 318 
322 328 329 330 332 334 340 341 346 347 353 354 
357 361 364 365 367 368 371 373 375 380 387 388 
391 392 404 410 412 413 414 415 416 418 424 427 
433 437 439 441 442 443 444 447 448 450 460 461 
462 464 465 466 469 481 489 495 499 503 506 508 
512 513 515 520 527 529 532 536 539 541 542 545 
548 550 556 558 568 571 573 575 577 578 583 585 
586 593 598 610 612 621 622 627 629 633 634 640 
642 656 665 669 671 673 674 677 678 679 680 681 
684 690 691 692 695 696 699 701 703 707 714 726 
728 730 731 732 741 746 751 753 755 757 764 768 
770 775 776 777 785 790 791 794 795 798 799 
225
1 10 13 18 20 23 26 37 39 40 47 48 
49 54 58 61 63 64 67 69 70 73 79 81 
90 94 99 106 107 108 111 113 114 119 134 149 
152 155 159 161 174 182 184 186 189 191 192 194 
195 196 200 201 202 207 208 216 227 232 238 239 
241 244 246 254 265 272 273 276 278 283 286 294 
295 300 301 303 308 309 312 313 315 316 341 347 
349 350 351 353 358 364 374 377 378 388 389 391 
394 395 398 401 407 410 413 414 416 421 422 425 
431 436 439 443 453 454 455 456 458 459 462 466 
467 469 475 476 485 486 496 502 503 508 510 511 
515 518 524 525 527 530 540 541 542 546 547 549 
551 554 556 558 559 568 569 570 572 573 577 584 
588 594 597 598 599 606 615 616 620 621 631 632 
633 636 639 644 649 651 652 654 655 656 658 663 
665 670 671 675 677 678 682 683 684 686 695 698 
700 709 711 712 713 715 716 728 729 733 734 736 
739 744 745 747 756 757 758 760 762 772 776 777 
780 782 783 786 787 789 792 799 800 
245
1 3 8 15 29 30 31 35 37 56 57 58 
59 60 62 68 69 71 76 77 79 83 85 87 
91 94 96 98 99 103 106 108 109 110 111 112 
116 119 122 123 131 133 135 140 143 144 149 152 
156 157 166 169 172 175 178 180 181 185 186 187 
202 203 206 207 210 211 217 220 221 222 227 237 
250 253 254 256 258 262 267 268 269 274 277 278 
283 284 288 290 291 292 293 294 296 299 302 308 
310 311 317 318 321 322 330 331 332 335 337 339 
342 343 347 355 358 359 363 365 370 371 379 381 
386 394 395 396 397 398 402 408 410 412 416 419 
426 427 428 430 431 432 435 436 438 439 441 444 
449 450 452 459 475 484 487 488 490 493 495 500 
501 505 506 510 513 514 515 516 518 520 525 535 
537 544 547 550 568 573 585 586 590 593 595 596 
597 599 602 603 608 609 613 617 618 625 626 627 
630 631 634 635 636 648 650 653 654 656 657 666 
679 681 682 684 689 695 697 698 703 704 706 710 
714 717 721 723 727 729 734 736 737 738 739 740 
743 745 747 748 750 752 754 761 764 771 775 784 
790 794 796 798 800 
237
1 2 9 12 15 20 30 36 38 40 42 44 
46 47 48 49 50 53 58 59 61 63 66 68 
70 71 72 73 79 80 85 86 93 100 102 103 
104 115 116 120 121 123 128 129 130 135 141 144 
145 146 147 150 152 157 160 162 166 168 169 175 
178 180 182 183 184 187 189 197 199 200 210 215 
219 222 223 226 228 229 234 240 244 245 249 252 
254 255 258 267 269 273 278 280 290 293 295 298 
301 309 311 316 317 318 321 323 335 340 347 348 
349 351 358 360 363 366 367 371 374 378 380 382 
394 396 397 399 406 407 410 412 416 420 423 431 
434 435 437 438 446 451 457 467 469 471 472 474 
481 482 486 488 489 492 499 503 507 515 521 526 
527 536 542 548 549 555 557 564 583 585 596 598 
599 605 609 614 616 619 620 622 625 629 630 631 
632 636 637 639 640 641 643 645 646 651 659 662 
663 666 667 669 672 674 676 678 680 681 684 687 
689 691 692 698 700 702 705 711 713 714 717 733 
734 741 746 747 750 753 755 756 758 761 763 764 
766 770 775 779 786 789 795 796 800 
263
1 8 9 15 33 35 38 39 42 51 57 58 
59 61 62 65 68 72 76 78 80 83 85 93 
95 96 99 100 103 104 106 118 120 121 122 125 
126 127 130 132 136 137 138 143 144 147 153 156 
157 158 161 162 165 168 173 178 180 190 191 198 
200 203 204 209 212 213 214 215 217 219 220 222 
223 224 229 230 233 235 240 241 242 250 255 260 
261 262 264 268 269 270 273 276 277 282 283 285 
286 292 293 296 297 303 304 306 307 310 312 315 
316 317 333 334 335 336 337 339 343 344 345 346 
347 352 353 354 355 357 362 370 372 378 379 380 
383 384 388 389 390 391 394 395 397 399 400 401 
403 405 408 410 411 414 417 419 422 423 424 425 
426 431 434 436 437 439 440 441 442 446 449 450 
456 462 463 465 466 468 475 476 480 487 490 492 
493 495 500 505 512 514 515 524 531 532 539 545 
547 550 552 554 556 559 560 564 576 582 585 586 
588 593 594 598 600 601 604 606 610 615 617 622 
626 635 636 637 640 664 666 669 670 672 673 678 
680 681 684 685 688 692 699 703 714 717 724 728 
730 735 736 738 739 743 744 745 750 751 755 757 
759 763 767 768 770 789 791 792 795 797 800 
209
1 3 5 6 7 8 14 15 22 23 25 29 
31 35 38 39 41 47 60 61 70 72 75 78 
88 91 94 95 96 98 107 108 110 119 124 130 
141 144 148 150 152 155 158 161 162 163 166 173 
175 186 192 197 198 200 202 203 210 213 214 231 
233 236 240 241 242 243 244 245 248 251 257 259 
261 264 271 274 276 277 279 280 281 282 284 289 
295 299 304 313 317 318 324 337 342 346 347 358 
367 370 374 378 393 398 399 406 411 415 418 421 
422 426 428 429 433 434 436 437 438 445 446 448 
454 458 459 464 465 473 476 477 481 490 492 493 
495 496 500 506 517 518 520 529 540 541 544 551 
552 553 563 568 572 582 583 587 590 594 602 603 
609 610 623 626 633 636 653 654 655 662 664 667 
672 675 681 683 686 691 692 695 696 698 699 702 
704 706 712 717 720 723 726 727 730 732 733 734 
735 737 741 746 747 751 752 758 760 763 764 765 
766 773 781 782 798 
246
1 4 5 10 11 15 16 17 22 23 27 28 
29 32 40 43 48 53 54 55 56 59 63 67 
69 70 81 83 84 85 94 97 100 103 106 109 
110 113 120 122 126 136 137 141 142 146 147 152 
160 165 167 169 170 171 175 182 183 193 196 198 
199 202 203 206 207 209 220 221 222 225 227 228 
234 237 240 241 247 256 257 260 267 277 278 285 
287 288 292 293 294 298 299 307 309 315 316 317 
320 331 338 339 340 344 345 349 350 355 357 359 
360 370 373 374 379 380 384 387 388 391 400 407 
417 424 430 432 433 435 438 440 450 453 455 466 
474 476 478 480 489 492 494 497 499 500 504 505 
508 513 516 520 523 524 529 531 532 533 537 541 
543 545 546 551 561 563 564 565 566 569 573 574 
576 578 580 583 584 585 590 594 596 597 598 606 
608 609 611 615 620 623 625 627 629 630 641 645 
646 648 652 653 654 657 659 664 665 671 673 674 
675 677 678 679 680 681 682 684 686 687 693 694 
698 700 705 707 710 711 715 717 720 722 723 724 
725 734 739 749 755 758 763 764 770 780 785 788 
790 792 794 796 797 800 
240
3 7 13 21 30 36 37 40 43 48 51 58 
59 60 63 66 68 70 72 77 79 80 82 83 
85 88 92 98 99 101 103 108 110 111 114 120 
123 124 131 134 139 145 146 148 149 157 161 162 
173 179 183 185 187 191 197 202 204 212 214 218 
219 223 225 230 235 239 242 244 245 247 248 251 
252 258 260 266 268 272 273 275 279 280 281 283 
289 290 291 293 301 305 313 314 318 321 323 326 
330 332 333 337 338 341 342 356 357 360 363 368 
370 375 377 379 381 383 385 386 390 409 416 418 
419 423 425 427 428 438 440 441 442 444 445 446 
454 460 461 474 476 481 483 487 494 495 498 501 
503 505 508 511 512 516 519 522 523 524 526 531 
537 539 540 543 550 556 561 563 565 571 573 575 
580 581 586 587 588 590 592 593 594 595 599 601 
602 605 606 611 615 619 621 622 624 629 637 640 
641 643 644 645 649 656 658 659 664 668 669 670 
675 680 682 683 689 699 701 705 706 710 711 712 
718 720 724 729 731 733 738 744 745 747 752 754 
760 765 770 771 773 778 782 784 788 789 792 794 
252
4 6 7 9 11 12 14 15 19 20 22 36 
37 39 41 43 44 46 54 55 60 61 64 65 
67 68 69 70 71 75 78 79 80 81 82 85 
92 94 95 98 99 100 102 104 107 110 114 119 
121 123 130 131 134 136 142 143 144 146 147 148 
149 151 153 156 158 159 162 164 167 168 169 171 
178 180 186 193 198 207 208 209 210 215 221 225 
233 236 237 239 242 243 244 249 250 251 252 255 
257 266 267 270 281 283 287 288 290 297 298 306 
312 313 318 321 322 327 328 331 334 336 341 350 
355 357 362 365 368 374 375 376 379 384 385 386 
397 402 405 406 408 415 418 423 424 430 431 434 
441 445 446 448 453 464 467 469 470 471 472 473 
479 486 491 496 501 502 510 512 515 522 523 525 
531 533 540 541 543 556 557 562 565 572 573 575 
577 586 588 592 594 595 599 600 604 611 613 617 
618 619 628 631 638 640 643 645 647 651 655 656 
657 658 662 663 665 667 668 672 677 681 687 689 
695 698 700 707 709 710 711 717 718 729 732 733 
736 738 739 740 745 746 747 749 751 754 758 759 
761 762 765 769 770 772 776 777 779 780 791 793 
239
2 3 5 7 13 14 16 17 18 29 31 34 
35 38 49 51 57 61 62 70 71 74 75 77 
81 84 86 88 89 91 94 96 97 102 105 109 
120 121 125 126 135 140 141 143 145 146 156 157 
159 160 162 168 169 171 179 180 193 196 201 202 
203 211 213 224 225 233 235 239 240 242 243 255 
259 264 267 276 279 280 282 287 289 291 297 298 
300 301 307 310 311 318 319 327 331 333 339 344 
345 349 359 361 364 370 372 373 377 379 383 388 
389 401 406 408 409 411 414 418 421 422 426 433 
442 445 446 448 450 452 457 461 463 467 475 476 
477 479 480 481 482 485 488 489 491 496 500 501 
504 507 508 512 519 520 526 527 528 534 540 554 
556 558 566 569 571 572 577 579 584 589 593 597 
598 601 603 606 607 608 611 613 620 631 633 634 
635 637 638 641 646 649 650 651 655 659 665 667 
672 677 678 680 683 684 685 686 687 688 689 692 
697 698 701 704 706 708 711 716 718 726 727 732 
739 740 741 742 743 744 746 751 753 755 756 758 
763 764 772 775 778 780 784 786 789 796 800 
243
1 3 10 14 18 20 25 26 31 34 35 36 
40 42 45 46 54 59 60 67 73 75 84 87 
92 95 97 99 100 104 106 109 113 120 127 131 
132 138 141 142 145 148 155 158 164 167 168 170 
172 173 175 187 192 193 194 196 203 212 218 220 
222 228 229 230 235 250 252 257 259 269 274 275 
280 282 286 287 288 289 292 298 303 304 305 307 
314 316 318 325 333 335 342 345 346 347 348 351 
357 364 365 368 372 374 376 377 384 385 386 389 
395 397 399 401 402 405 406 407 409 410 411 414 
416 417 418 420 422 428 430 432 434 437 438 439 
441 448 449 453 458 461 463 464 468 470 471 474 
475 476 482 483 489 497 499 501 503 506 509 510 
511 515 518 522 524 529 530 533 536 538 539 541 
545 549 553 554 559 562 563 564 566 578 585 589 
591 597 608 612 616 617 619 621 624 631 632 634 
640 642 646 649 663 667 668 669 670 676 677 679 
680 681 682 683 686 692 693 696 697 699 715 717 
720 721 723 726 728 731 735 737 738 743 746 750 
758 763 769 770 776 781 783 784 788 789 790 791 
792 794 798 
223
1 5 9 11 12 18 22 23 28 29 48 53 
56 57 63 77 79 84 87 88 89 93 99 100 
105 107 112 113 122 123 127 136 137 138 139 140 
142 144 146 147 150 151 152 162 166 168 173 174 
178 183 185 188 189 190 195 198 201 204 210 212 
213 214 219 222 226 234 235 252 254 255 260 265 
267 268 272 278 279 282 288 292 296 300 301 303 
305 307 308 309 323 324 333 334 335 339 341 350 
351 354 360 366 369 370 372 373 377 395 396 409 
412 417 420 422 424 427 428 429 444 448 450 452 
457 458 460 469 472 480 486 491 494 495 500 501 
505 506 507 512 513 514 523 525 526 533 535 539 
542 544 546 547 556 557 560 561 563 565 569 572 
579 581 583 586 589 590 595 597 607 610 612 619 
620 624 625 639 640 647 649 651 654 655 656 657 
661 662 663 665 666 669 679 683 685 686 687 688 
697 698 700 711 714 715 716 719 721 722 724 725 
728 729 734 744 749 751 761 764 769 770 772 777 
780 781 784 787 788 789 798 
220
8 12 16 17 29 30 34 37 38 42 51 52 
55 61 67 68 72 79 88 90 91 92 93 94 
96 101 107 108 112 116 117 118 124 128 131 132 
134 138 145 146 153 158 163 164 171 173 174 180 
181 189 196 200 203 208 209 213 215 218 219 220 
224 225 232 240 244 251 254 257 261 268 269 282 
284 290 293 295 297 298 301 303 305 306 307 318 
321 325 331 335 340 341 344 345 346 350 353 355 
356 365 366 368 373 380 382 387 389 390 394 396 
401 402 407 412 415 418 419 422 423 426 429 433 
439 447 448 450 453 455 456 457 458 459 462 468 
470 480 484 491 497 504 506 522 523 525 526 528 
534 535 538 546 548 549 553 565 568 578 580 581 
583 586 587 588 589 591 593 599 605 611 612 616 
617 619 622 626 630 632 633 635 638 639 646 648 
654 667 671 673 674 675 678 679 686 692 693 696 
698 699 705 707 709 711 718 719 722 729 733 734 
738 744 750 772 773 774 779 780 783 786 789 790 
794 796 797 800 
255
9 13 14 20 21 22 30 31 32 34 41 48 
52 53 57 61 63 68 70 74 76 78 79 80 
86 87 89 97 98 99 103 108 111 113 117 118 
119 121 125 126 129 130 134 135 136 137 139 140 
142 147 150 152 154 160 162 166 168 169 170 173 
181 184 186 191 193 194 200 201 205 207 208 211 
213 229 230 231 234 236 244 248 254 262 264 267 
269 270 276 279 286 287 288 293 294 297 299 304 
305 306 307 308 310 312 314 315 320 322 325 328 
329 330 332 334 338 341 343 345 346 348 352 353 
356 359 360 361 367 370 371 377 380 385 390 399 
405 407 416 417 418 420 425 426 428 429 433 436 
441 442 444 448 449 450 454 456 457 467 471 481 
483 485 489 493 494 498 501 503 505 508 512 519 
521 523 525 528 530 532 535 538 540 542 544 546 
547 553 557 559 560 562 567 568 573 578 581 585 
587 588 589 593 597 598 599 607 612 616 624 626 
632 634 636 640 641 645 647 648 654 661 664 670 
672 674 677 678 679 680 681 690 691 694 696 700 
703 704 708 717 728 732 733 735 736 737 741 742 
744 754 757 760 769 771 773 776 778 779 780 787 
795 796 799 
249
4 5 6 7 9 10 11 12 13 18 21 22 
23 25 26 27 33 36 37 40 41 42 48 53 
54 57 58 61 65 70 79 83 84 89 91 93 
95 100 103 104 106 111 112 116 120 123 124 125 
126 131 133 135 137 139 140 141 144 146 147 150 
154 156 158 162 164 165 166 167 174 175 179 180 
182 186 199 200 201 203 204 206 208 209 211 220 
224 225 229 238 242 243 248 250 252 254 261 265 
268 269 270 271 273 277 284 286 290 295 299 300 
307 311 312 316 324 327 332 333 334 335 336 338 
344 345 346 348 350 353 356 369 370 382 388 389 
390 392 393 401 402 406 408 409 410 413 415 416 
417 419 423 425 427 429 430 433 434 445 448 450 
451 453 454 456 458 461 474 475 478 480 482 483 
484 490 494 496 497 502 505 511 513 519 520 522 
525 526 536 538 539 542 543 544 546 547 550 557 
558 560 567 568 570 575 580 582 585 591 595 600 
602 605 613 625 626 636 641 649 653 657 658 660 
664 672 678 679 681 686 693 695 697 700 702 703 
709 710 713 715 718 726 727 728 731 740 757 758 
759 765 766 773 774 781 793 794 796 
247
3 5 8 12 15 18 19 22 28 30 43 44 
46 47 48 55 64 65 66 67 69 75 79 81 
83 85 100 114 116 120 121 124 126 131 138 140 
143 145 146 152 154 155 156 157 165 168 169 174 
175 183 185 189 190 191 197 198 199 201 203 215 
217 218 220 223 224 225 229 233 234 236 238 242 
243 244 245 248 249 250 258 261 262 264 266 268 
273 276 280 282 283 289 290 302 305 307 311 313 
314 322 328 330 331 336 347 352 354 359 366 367 
368 369 374 376 381 384 386 388 392 394 396 397 
401 405 407 413 414 415 416 418 420 425 426 427 
428 430 431 433 434 436 439 441 442 444 448 450 
453 457 468 469 470 475 478 479 483 489 491 492 
495 499 508 510 511 514 520 521 526 530 532 535 
537 538 539 540 550 551 552 553 564 574 576 588 
590 592 593 594 595 600 603 604 607 617 623 634 
635 640 642 647 650 651 652 654 655 663 664 665 
670 674 680 682 689 690 697 699 700 702 706 708 
717 721 722 723 728 732 734 735 737 739 747 748 
751 752 753 754 756 758 759 761 764 768 769 775 
777 778 781 784 787 792 800 
248
1 2 3 4 7 8 13 17 18 19 25 28 
29 33 36 42 46 49 50 56 63 64 67 69 
73 74 78 79 82 86 88 89 90 93 96 99 
101 102 104 115 117 120 122 125 128 131 132 134 
137 138 140 142 145 147 149 165 166 173 175 179 
180 181 183 184 188 189 190 192 195 197 198 202 
207 208 213 214 234 237 239 240 241 254 263 267 
268 272 276 278 280 282 283 285 295 301 308 309 
313 314 319 321 324 327 331 332 334 341 342 347 
351 354 357 360 361 370 372 378 387 390 399 404 
406 412 414 417 418 423 424 425 430 437 438 440 
446 449 450 452 457 461 464 466 468 472 475 476 
479 480 482 483 487 489 491 495 496 501 510 512 
517 521 524 528 536 542 543 551 554 555 556 560 
561 562 563 567 569 572 573 576 577 582 588 589 
591 593 595 597 598 600 611 616 618 622 627 629 
631 635 636 638 642 644 653 656 657 658 659 660 
663 665 666 668 670 673 675 678 680 684 690 700 
703 704 705 708 711 713 714 719 721 724 726 727 
729 733 734 737 741 742 745 746 747 751 752 757 
766 773 774 786 796 798 799 800 
239
1 3 5 8 9 12 21 22 23 25 26 27 
28 32 34 39 41 42 52 55 59 68 69 74 
76 77 78 86 90 91 93 94 95 99 100 101 
108 111 116 124 127 129 130 131 132 137 138 140 
141 146 148 149 154 161 164 165 167 171 178 182 
185 187 188 189 192 201 203 204 206 212 216 219 
227 229 240 241 242 246 252 255 256 257 266 270 
282 286 287 291 294 299 300 306 307 308 309 313 
318 319 322 325 332 333 334 339 345 350 352 372 
375 376 380 382 384 385 388 395 400 402 404 406 
418 422 430 431 433 438 441 443 444 446 452 455 
460 463 464 465 467 469 472 473 479 481 488 489 
490 495 497 498 499 500 502 505 509 510 512 519 
520 521 523 525 528 539 542 551 555 556 559 560 
561 562 563 565 566 572 575 583 591 593 595 597 
599 602 605 610 612 617 618 619 621 630 636 638 
640 641 651 654 656 662 663 664 665 674 685 687 
688 689 695 696 697 698 699 713 715 721 727 730 
731 733 735 738 740 744 746 751 753 754 756 757 
758 760 762 764 765 767 769 782 791 794 799 
235
2 3 5 6 11 23 24 29 30 36 38 39 
40 41 48 50 61 64 65 66 67 71 74 80 
84 88 90 92 96 97 101 105 107 112 113 116 
119 123 124 125 130 133 139 140 141 143 144 152 
153 157 160 168 174 175 177 181 184 186 195 196 
197 201 208 209 216 221 224 230 232 235 242 243 
244 246 247 248 256 262 267 271 272 278 279 289 
295 299 300 307 308 309 310 315 318 319 324 325 
329 332 343 344 345 354 363 367 368 373 379 380 
382 388 392 393 394 403 404 409 410 412 413 414 
419 425 426 436 439 441 445 450 452 457 461 477 
478 479 481 482 495 497 499 500 501 503 505 509 
511 513 515 516 517 518 520 521 522 523 530 531 
536 538 541 546 548 550 554 556 561 562 563 564 
567 569 573 578 580 581 584 595 599 603 608 614 
616 618 620 621 624 628 629 636 640 649 652 660 
672 681 684 689 690 691 694 696 697 702 704 705 
709 711 712 714 722 723 725 727 728 729 730 733 
735 741 746 747 749 751 756 766 769 774 780 782 
784 786 787 792 793 794 798 
241
2 3 6 7 10 11 13 19 20 25 27 32 
35 40 44 46 49 52 53 54 55 63 64 65 
70 72 74 75 78 79 81 85 86 87 92 95 
101 103 104 105 106 107 110 114 116 118 128 130 
131 134 135 137 139 149 151 157 160 161 166 170 
171 186 188 191 197 203 212 213 215 222 224 226 
230 231 236 239 242 244 247 248 249 251 258 260 
261 263 268 282 283 293 300 301 304 310 317 320 
321 322 337 338 347 349 353 355 356 359 365 369 
370 376 377 378 381 384 386 387 388 390 396 410 
428 429 430 432 435 437 438 440 441 443 444 446 
449 452 453 456 462 470 473 478 481 487 489 490 
492 500 503 508 515 516 518 519 525 526 527 528 
529 530 534 535 542 543 548 550 551 552 553 554 
555 561 564 568 570 576 578 582 583 586 587 588 
593 594 596 597 609 611 615 619 621 622 629 632 
633 637 639 649 651 656 658 663 664 665 671 672 
682 684 687 693 696 699 702 707 713 714 716 717 
718 721 728 731 732 733 734 747 748 749 758 762 
763 767 769 770 772 773 779 785 788 791 795 797 
799 
229
2 3 4 5 10 13 14 16 20 23 24 25 
33 34 39 42 48 51 57 58 60 64 69 72 
73 76 77 80 84 95 98 111 113 118 122 125 
126 131 134 137 138 139 144 149 164 169 170 171 
176 178 182 183 185 188 189 194 199 201 205 207 
209 212 215 217 221 226 228 231 236 243 244 247 
251 253 254 259 262 270 273 274 276 284 287 288 
291 293 304 306 309 310 311 313 317 325 327 332 
335 338 339 346 349 362 363 367 369 370 375 376 
379 380 381 384 386 393 404 405 406 408 412 418 
421 423 424 425 427 429 433 435 437 441 447 450 
452 453 467 468 472 474 482 485 490 491 495 504 
507 511 513 517 519 521 524 527 528 531 532 540 
542 543 546 547 548 550 555 556 560 562 564 572 
573 585 592 593 595 603 605 609 621 623 629 630 
633 636 638 640 642 650 656 662 664 665 667 668 
670 672 674 680 693 698 699 703 705 706 711 712 
718 720 721 725 729 731 735 742 743 746 747 748 
750 755 765 766 768 771 774 777 783 787 790 793 
795 
231
3 13 14 15 18 23 25 27 29 32 37 46 
48 55 56 63 64 68 70 73 76 77 78 81 
82 87 88 93 96 100 102 104 105 112 113 114 
119 121 129 132 133 137 141 143 148 151 153 156 
158 159 161 163 167 169 172 175 179 182 184 190 
196 199 212 214 215 216 218 222 224 225 227 231 
236 238 241 247 250 262 267 269 270 273 274 276 
278 279 284 285 289 295 300 305 308 316 317 325 
332 333 334 337 342 344 346 353 355 358 367 368 
372 379 380 381 383 384 385 388 389 391 393 394 
404 405 406 413 415 416 418 419 421 422 423 424 
433 435 436 437 439 443 446 451 455 456 457 459 
460 465 466 470 475 479 483 484 486 489 492 493 
495 498 501 503 510 515 520 531 532 534 537 539 
542 548 555 558 562 564 567 569 575 578 582 589 
591 592 595 600 601 603 605 606 608 610 616 617 
618 626 633 636 643 660 665 667 669 672 673 677 
684 686 694 700 701 709 711 712 716 717 718 722 
725 731 733 737 742 745 752 754 765 770 775 777 
779 787 792 
230
2 3 10 13 19 23 28 34 40 41 43 46 
47 49 50 54 57 62 63 66 69 71 72 75 
79 83 84 85 88 90 93 94 99 100 106 110 
112 114 117 119 122 132 139 147 151 152 154 155 
157 159 167 175 181 185 186 187 188 189 190 199 
200 204 205 208 213 216 219 221 222 224 225 226 
227 228 229 232 242 246 250 251 254 259 260 263 
265 266 277 280 281 284 292 293 297 299 306 308 
320 321 323 327 328 329 331 332 333 336 338 340 
342 343 345 349 353 355 357 361 362 373 377 382 
388 393 396 401 402 404 410 411 414 429 430 434 
442 443 446 447 449 454 455 460 461 462 463 464 
467 469 475 482 483 486 490 497 500 501 505 506 
507 511 517 521 523 526 528 534 538 540 545 546 
556 559 561 562 564 566 569 570 574 575 576 579 
585 588 594 595 615 619 620 622 627 628 629 636 
645 653 656 657 659 669 670 674 684 685 687 694 
696 697 702 703 708 712 724 725 727 735 742 744 
752 759 760 766 772 774 776 782 786 789 790 792 
796 800 
254
3 7 16 17 18 27 30 31 33 38 42 45 
46 47 48 52 54 66 72 82 86 87 88 89 
92 95 96 98 111 112 117 118 120 132 140 143 
146 148 150 151 152 155 157 166 167 171 173 176 
177 178 180 190 192 194 197 200 201 204 208 210 
211 213 216 217 223 228 230 231 233 235 238 240 
244 248 252 254 255 256 257 262 264 272 273 275 
276 284 287 289 290 294 295 300 301 306 307 310 
311 316 317 320 322 324 330 331 336 337 340 341 
342 345 352 362 363 364 368 370 371 376 377 382 
386 390 391 399 404 405 408 412 416 420 424 428 
429 431 432 433 437 442 443 445 446 449 451 452 
454 455 461 462 464 466 468 474 475 478 482 485 
486 487 491 499 500 505 506 512 516 519 520 521 
523 526 529 533 538 541 542 545 549 551 552 554 
555 560 569 571 573 580 584 586 596 597 599 600 
604 605 613 617 618 623 625 626 627 628 636 639 
642 654 655 657 658 659 663 667 672 673 676 679 
681 684 690 692 695 698 699 700 705 706 712 715 
717 718 725 730 731 734 735 736 739 741 743 746 
752 757 759 760 761 763 769 771 772 774 787 788 
792 795 
243
1 6 8 10 20 21 24 29 30 32 33 41 
44 52 54 59 63 67 73 74 75 76 77 81 
82 85 86 87 91 93 95 96 97 99 102 104 
108 113 115 120 128 133 134 138 139 142 151 153 
155 156 157 166 174 179 185 186 192 193 198 200 
212 213 215 217 221 222 223 231 234 235 238 243 
244 245 249 250 252 255 256 261 262 268 273 276 
280 284 285 292 294 298 306 315 319 322 323 329 
331 332 344 350 359 362 366 370 371 372 374 376 
384 386 387 391 393 395 399 405 406 410 413 418 
422 424 427 428 434 437 438 439 443 445 448 449 
452 455 457 460 464 465 466 471 477 479 480 482 
485 492 495 498 501 502 508 509 517 518 519 524 
525 534 536 537 541 542 543 546 548 550 553 560 
567 574 593 594 598 601 607 608 614 615 624 625 
628 629 631 634 639 640 645 649 653 654 656 665 
666 667 669 674 675 677 680 682 686 691 692 693 
696 698 699 700 703 705 711 714 717 719 722 725 
729 735 737 739 742 743 745 748 751 756 757 764 
767 769 775 777 778 780 784 786 789 791 793 796 
797 798 799 
264
2 4 6 7 13 17 20 25 29 30 32 34 
36 37 38 39 43 44 45 49 53 61 64 65 
68 69 70 80 84 90 93 96 98 99 100 102 
103 106 112 122 124 127 128 133 134 137 139 141 
142 143 144 151 153 158 160 164 165 166 172 186 
187 197 202 203 205 206 210 211 213 216 220 224 
225 226 231 233 234 240 246 247 248 251 255 256 
257 265 266 268 269 271 273 277 284 285 288 293 
295 298 305 308 311 313 314 315 324 326 327 338 
339 340 342 347 348 349 350 355 357 359 360 364 
365 370 380 381 383 385 387 388 389 393 395 399 
401 402 404 405 414 418 422 423 426 433 435 437 
440 442 444 445 449 451 455 456 458 459 460 461 
466 470 473 478 484 485 492 498 502 504 505 506 
509 512 513 515 516 519 526 528 540 541 548 550 
555 559 560 563 564 566 569 570 574 577 579 583 
585 588 591 593 595 597 598 601 604 608 613 614 
618 623 624 641 642 646 651 657 660 663 666 672 
676 677 679 680 682 684 685 687 689 690 693 694 
698 699 700 701 702 703 705 706 708 713 714 716 
721 723 724 725 727 733 734 738 749 751 755 760 
762 764 765 769 772 773 777 780 788 790 793 798 
245
1 6 7 8 9 10 13 15 16 18 19 22 
29 33 34 37 38 39 46 47 48 50 51 55 
58 61 62 63 64 72 81 83 87 94 100 103 
104 105 106 107 108 125 135 137 139 140 143 158 
159 163 165 169 170 173 174 176 177 179 182 183 
184 185 186 187 188 192 194 195 205 208 212 213 
216 229 234 235 240 242 244 245 249 252 254 255 
261 265 267 275 278 282 283 287 289 290 291 292 
296 301 307 312 315 320 324 326 330 332 339 340 
341 342 343 347 350 355 363 364 368 369 375 377 
378 379 382 386 387 389 391 396 407 413 429 433 
435 437 440 442 443 449 452 455 456 457 459 461 
467 468 469 472 475 477 480 481 486 492 497 499 
503 505 523 525 530 531 532 535 536 540 543 544 
545 548 551 553 555 556 558 564 567 570 573 574 
575 576 578 579 581 588 589 591 596 602 612 619 
621 630 633 644 646 647 649 651 655 659 662 666 
667 670 671 673 675 676 678 679 682 685 693 694 
696 697 699 701 703 706 709 712 718 721 724 726 
732 736 737 739 740 756 757 759 766 773 775 780 
783 786 787 789 797 
251
1 2 4 5 16 22 32 33 34 35 36 44 
45 46 50 51 54 57 59 60 62 65 66 67 
76 77 81 87 88 89 93 96 98 99 101 102 
103 104 106 110 114 115 117 118 120 124 127 133 
137 138 140 141 145 146 148 150 151 153 156 159 
165 166 170 173 175 191 194 199 204 215 221 225 
226 235 237 238 239 241 247 248 253 255 258 261 
270 273 278 279 289 290 293 294 296 300 302 307 
311 312 315 318 319 322 323 324 326 328 329 334 
335 336 338 340 348 349 352 358 361 371 373 374 
385 386 390 405 409 411 416 417 418 419 420 425 
432 434 438 441 447 448 452 453 455 456 459 468 
472 478 483 484 490 492 493 495 496 498 502 504 
509 511 519 523 530 531 532 533 534 536 540 542 
543 548 549 552 559 560 563 564 571 572 578 579 
581 596 597 598 599 600 604 608 613 617 622 624 
626 627 631 632 635 640 645 664 665 666 669 671 
672 673 685 687 690 693 696 699 705 707 710 711 
712 715 717 728 733 734 736 738 739 740 741 742 
743 744 747 753 755 761 766 768 771 773 775 779 
782 783 784 786 788 791 792 793 796 797 799 
235
6 7 10 11 17 18 19 21 23 24 26 30 
31 32 35 36 39 41 43 56 59 60 65 73 
76 78 80 82 86 88 89 91 95 96 100 102 
105 106 108 112 113 116 117 118 126 129 144 148 
149 155 161 162 166 170 172 176 179 180 181 182 
186 188 189 198 199 202 207 212 213 216 217 219 
220 224 225 230 232 249 251 255 265 266 268 274 
276 278 284 289 290 293 301 303 304 313 317 320 
326 327 328 330 342 349 358 363 365 367 368 369 
370 383 389 390 391 395 397 404 413 415 416 418 
421 422 423 424 426 430 431 435 442 444 451 460 
463 464 473 479 482 485 495 496 498 502 503 504 
506 509 510 514 516 519 521 528 533 534 535 536 
544 546 556 558 559 562 563 565 570 577 588 595 
598 604 611 612 614 616 626 627 634 638 640 641 
647 649 652 656 657 658 659 661 664 672 673 678 
681 684 690 691 697 701 704 706 707 709 710 711 
712 714 716 718 724 725 726 729 733 736 738 739 
743 746 747 749 755 757 758 761 763 765 767 773 
774 778 780 784 788 798 799 
248
7 13 14 15 17 24 30 31 33 38 40 47 
58 60 61 66 70 72 77 80 84 85 89 90 
93 103 108 109 111 112 116 118 122 123 126 129 
135 143 153 160 165 173 177 179 180 182 184 185 
186 187 191 193 200 201 202 203 207 209 210 211 
221 224 225 229 231 232 233 234 236 240 243 244 
245 247 251 253 264 272 279 281 283 284 285 292 
294 295 297 298 300 303 305 309 313 316 318 319 
320 321 325 328 332 335 338 339 341 342 343 344 
346 350 360 363 364 366 367 370 372 374 375 378 
379 380 382 388 396 399 411 415 416 420 426 428 
429 434 435 436 440 443 450 456 461 463 464 466 
468 470 474 480 481 482 484 490 492 494 497 502 
503 508 515 521 525 526 529 532 535 536 550 553 
555 556 563 565 567 568 569 573 578 579 581 586 
589 590 592 597 599 604 610 616 621 623 624 626 
629 630 634 635 637 640 643 646 647 650 658 661 
673 681 682 686 695 696 697 702 703 705 706 708 
709 714 715 716 717 722 723 728 731 732 735 736 
740 745 746 749 751 753 755 759 761 762 766 773 
780 781 782 784 787 792 796 798 
233
1 2 3 4 7 10 14 16 18 23 33 36 
38 45 49 52 53 59 60 65 67 78 81 82 
83 85 86 87 88 91 96 98 99 100 101 107 
111 126 128 129 141 146 148 151 153 155 161 163 
164 165 170 171 173 174 180 183 184 185 186 189 
193 194 196 204 205 207 208 218 226 229 231 239 
240 244 247 254 255 257 260 266 267 271 276 282 
284 295 297 300 304 313 324 328 331 332 334 337 
344 345 348 356 358 360 364 366 367 369 377 381 
382 386 387 392 394 396 398 399 400 401 405 407 
415 418 427 434 438 440 441 444 446 448 453 454 
457 458 462 467 468 469 472 473 474 482 483 489 
490 495 496 497 499 503 504 505 508 515 520 521 
526 527 536 541 547 551 552 554 561 565 573 576 
578 579 580 588 591 594 595 597 599 602 608 618 
626 628 636 637 640 641 644 650 651 654 665 666 
668 679 681 686 689 690 692 696 697 700 702 703 
706 707 711 719 722 725 726 728 732 733 735 736 
739 741 745 746 747 750 752 754 755 756 759 760 
785 792 793 795 799 
227
8 9 11 13 15 17 18 20 22 27 35 39 
40 43 47 52 55 58 59 65 72 73 77 81 
84 85 86 93 94 99 100 104 105 111 114 117 
121 130 132 133 134 138 139 140 148 151 153 157 
164 165 167 173 174 188 191 192 197 201 202 203 
204 205 206 207 208 209 214 215 216 217 221 222 
223 238 242 251 253 255 256 258 264 269 270 275 
276 277 279 281 297 309 311 315 321 324 326 327 
328 335 336 341 343 354 356 361 362 365 369 370 
372 373 378 390 393 394 398 406 408 409 411 413 
414 423 426 429 434 436 441 442 445 448 451 452 
453 454 456 457 458 459 461 462 464 465 471 473 
474 476 477 478 480 484 485 487 490 493 497 506 
509 510 511 518 521 524 528 530 535 540 542 543 
549 552 563 565 567 571 572 576 578 582 583 587 
590 594 599 600 602 604 605 608 609 612 613 614 
615 636 637 642 643 646 648 654 657 662 664 665 
668 669 671 675 679 681 694 709 716 721 726 735 
754 757 758 770 774 775 780 782 787 788 800 
245
7 8 11 15 29 32 34 36 38 42 44 52 
53 55 57 58 61 65 66 67 68 79 86 91 
95 96 105 109 110 111 112 113 114 116 120 124 
128 129 133 138 140 142 150 152 154 159 160 162 
169 171 173 176 178 182 187 189 190 192 194 205 
208 213 218 220 222 230 231 233 235 240 243 244 
246 247 250 257 261 266 269 272 274 275 277 294 
300 302 303 304 309 310 312 314 318 319 320 322 
323 325 328 331 338 339 342 351 356 357 359 364 
369 373 374 379 384 385 387 394 395 414 415 416 
422 439 440 442 445 448 449 451 456 458 460 461 
463 464 468 477 482 486 487 488 489 491 495 500 
503 504 506 512 514 524 530 534 538 549 555 566 
567 568 571 572 579 581 586 588 594 599 602 603 
605 609 611 613 616 617 618 623 632 634 636 643 
644 646 648 649 651 657 658 660 661 663 664 666 
668 677 678 681 684 686 687 690 692 694 700 703 
704 707 714 715 717 722 723 724 726 727 731 733 
735 736 740 741 743 744 745 746 748 753 754 758 
759 762 763 767 772 776 777 779 780 781 784 786 
794 796 797 798 799 
207
3 10 13 16 17 32 33 36 38 43 45 46 
51 53 57 62 65 76 78 81 84 101 108 113 
120 124 127 134 143 153 154 157 162 164 176 178 
182 187 193 198 203 204 206 209 213 217 218 219 
221 223 224 235 236 244 248 250 251 259 261 263 
264 265 266 268 269 274 278 279 291 292 294 295 
297 302 306 307 314 318 322 325 329 333 338 339 
341 345 355 361 367 368 372 374 377 381 386 389 
394 395 396 397 399 404 407 409 410 412 413 416 
417 422 423 424 426 428 430 435 439 451 452 454 
455 457 460 464 468 476 477 478 486 490 491 492 
493 498 502 516 520 528 532 535 540 542 543 546 
547 553 558 559 573 577 578 579 581 584 589 592 
595 600 602 603 610 613 616 618 620 626 627 635 
637 641 643 645 647 648 653 654 656 660 664 676 
681 684 692 694 695 697 700 701 709 710 714 719 
723 726 730 740 751 752 753 777 778 779 781 784 
788 793 795 
239
2 7 8 12 15 21 24 34 36 37 45 49 
53 58 59 62 64 65 66 72 74 84 85 87 
88 89 92 95 100 104 109 115 117 121 123 126 
127 128 131 135 136 141 142 144 150 156 157 162 
168 174 175 179 186 189 191 192 195 198 213 216 
217 221 222 224 225 228 229 232 233 235 237 238 
247 249 250 252 254 256 262 267 269 273 276 277 
279 286 287 288 294 297 300 313 317 323 324 326 
327 330 332 334 336 337 340 341 344 352 353 355 
357 363 364 366 368 370 372 375 379 384 386 389 
390 391 393 397 404 406 408 413 417 419 427 430 
432 440 442 444 445 446 457 459 461 462 464 465 
466 467 470 471 477 480 481 483 487 489 494 495 
499 500 504 506 509 514 516 517 519 522 527 528 
529 530 533 541 545 547 548 551 552 557 563 564 
565 566 570 571 579 582 583 585 586 591 594 597 
598 602 606 607 609 619 620 630 636 638 640 643 
645 652 654 655 660 663 665 673 677 678 696 700 
703 704 706 718 721 722 727 731 732 734 738 741 
743 747 755 756 761 762 770 773 778 781 787 
224
3 20 22 24 27 28 33 50 51 52 54 57 
60 61 62 63 66 67 72 76 79 84 85 87 
89 94 95 99 104 106 108 110 112 115 116 119 
122 129 131 134 142 148 149 153 163 165 168 169 
171 172 177 181 188 190 197 203 204 205 206 210 
212 215 216 217 222 224 225 227 230 233 234 235 
237 242 246 251 253 254 257 260 264 265 268 269 
273 275 284 293 294 295 301 307 308 310 313 320 
323 324 326 328 332 334 336 338 341 346 349 352 
360 362 366 368 369 377 379 382 386 387 388 392 
394 396 397 400 401 406 409 412 418 419 422 424 
428 440 443 444 455 486 503 506 507 508 510 515 
516 519 522 527 530 535 536 541 544 545 549 552 
554 555 569 575 577 580 581 587 590 592 594 600 
602 604 606 607 610 614 617 622 631 635 637 642 
644 650 651 652 654 656 658 661 665 670 677 683 
685 688 691 693 695 696 700 703 705 707 715 724 
725 731 735 736 739 741 744 752 753 758 762 771 
774 780 781 782 787 796 798 799 
231
10 12 13 15 17 19 29 30 31 33 36 39 
43 45 52 56 67 69 70 71 74 79 80 84 
87 91 95 101 102 103 108 109 127 128 132 133 
136 142 147 156 157 160 161 162 164 167 170 172 
177 180 181 183 185 187 190 198 201 203 208 209 
211 212 218 219 226 227 228 229 230 231 232 241 
242 244 247 249 251 260 261 264 270 273 276 278 
284 288 289 291 294 296 300 304 307 308 310 315 
317 327 328 329 330 333 336 337 340 343 346 347 
351 357 359 360 363 364 372 373 374 388 394 397 
401 402 407 412 417 418 420 421 423 424 426 427 
429 431 438 440 443 448 449 450 455 456 460 461 
474 481 487 490 496 508 521 522 526 528 529 532 
538 539 541 543 555 559 566 571 572 574 579 580 
583 588 592 597 605 609 610 611 612 621 625 627 
632 633 637 650 651 652 654 656 668 676 677 678 
682 683 687 688 691 694 695 696 697 699 701 706 
707 710 714 720 727 730 731 736 740 741 745 750 
754 757 759 760 762 767 768 771 776 777 780 781 
782 795 800 
233
2 4 10 11 12 15 16 18 26 28 31 36 
39 40 43 45 48 50 57 64 65 66 70 72 
75 84 85 89 91 93 95 96 102 106 110 120 
125 128 131 132 134 137 138 146 147 150 153 154 
155 162 171 174 181 182 183 187 189 194 197 198 
201 203 216 217 221 222 227 229 231 232 234 235 
238 239 240 244 245 247 250 253 254 255 258 271 
272 274 278 282 288 301 305 306 322 326 332 339 
344 347 351 353 356 359 360 368 369 370 371 372 
379 382 383 384 388 393 396 398 400 405 409 410 
413 414 416 419 420 421 427 429 433 443 445 447 
459 460 463 464 469 471 474 478 479 491 494 498 
500 505 511 512 516 522 529 531 533 535 537 543 
549 556 566 569 573 578 584 591 597 600 605 606 
609 610 615 618 620 626 628 629 630 632 638 640 
643 644 645 646 649 650 651 653 654 662 665 667 
677 681 682 685 686 688 690 703 706 708 716 725 
728 732 733 737 740 747 749 750 751 752 754 756 
759 761 762 763 764 765 772 773 774 776 786 787 
789 793 794 798 799 
261
8 9 11 12 15 20 27 29 30 31 32 33 
34 36 37 39 43 44 48 50 55 59 60 63 
64 68 74 76 78 80 82 83 84 88 92 93 
95 97 99 100 101 102 103 109 111 112 114 115 
119 131 133 135 136 140 141 142 143 144 156 159 
160 161 162 163 170 171 184 185 187 188 191 195 
196 198 200 202 204 205 211 219 223 225 226 229 
230 235 240 246 247 248 251 252 253 255 256 257 
258 261 264 265 266 267 269 273 276 278 281 286 
292 294 296 301 302 308 310 317 318 319 324 326 
327 328 331 332 333 335 337 347 349 350 363 364 
365 367 370 373 374 377 379 381 382 390 391 393 
400 404 405 407 409 411 412 413 414 415 416 428 
432 433 434 442 450 456 457 458 462 463 468 473 
478 481 483 488 491 493 495 496 499 500 502 503 
508 515 520 522 531 534 536 539 540 542 543 548 
555 562 563 574 579 582 586 589 597 603 604 608 
611 612 613 616 620 621 626 630 634 642 652 653 
654 656 659 661 662 668 671 673 674 678 685 687 
688 689 695 699 705 707 708 711 715 716 719 723 
730 732 735 739 740 743 748 749 765 768 769 770 
773 775 776 778 781 782 786 789 793 
220
2 7 9 18 20 24 28 32 33 35 36 38 
39 44 47 49 50 51 56 58 59 62 64 73 
77 78 85 86 93 96 97 100 101 105 108 110 
113 117 120 121 122 123 129 139 144 145 154 155 
158 163 169 173 175 182 189 191 193 196 206 207 
215 220 223 227 229 232 240 244 247 249 252 257 
259 264 270 273 274 275 285 288 289 293 294 295 
298 311 312 323 325 326 328 332 334 338 347 353 
360 361 363 364 370 376 377 378 379 385 390 397 
398 400 401 402 406 408 410 411 414 420 422 424 
427 433 440 444 446 449 453 455 457 458 460 461 
464 470 472 475 482 484 497 499 504 513 517 524 
525 526 529 530 532 546 548 549 551 561 563 567 
569 573 574 576 580 583 584 585 588 590 591 592 
595 607 609 611 628 630 631 635 636 637 644 649 
653 656 663 665 666 668 676 681 686 690 691 700 
709 710 713 715 719 721 724 725 733 735 738 740 
741 747 750 759 764 765 771 776 779 782 785 786 
788 795 796 800 
253
1 2 6 7 8 10 11 15 19 29 35 36 
37 43 46 47 49 54 58 66 69 70 72 73 
76 77 82 83 87 88 89 95 98 101 103 106 
107 109 112 115 121 123 127 129 131 133 141 142 
144 145 147 152 153 155 156 157 158 159 160 162 
165 166 167 168 171 172 174 176 180 181 189 192 
196 201 203 204 207 212 216 218 231 232 233 237 
248 249 251 253 261 265 269 270 271 274 276 278 
282 283 286 287 289 290 291 296 300 310 312 313 
315 316 318 319 320 323 328 329 334 338 340 342 
343 347 352 357 361 362 363 364 365 366 370 372 
376 381 386 387 390 391 392 393 403 407 408 410 
411 412 417 432 441 444 452 455 456 462 465 467 
471 475 482 487 488 492 496 500 501 508 511 512 
514 517 520 521 522 526 529 530 532 534 536 538 
540 547 551 554 555 577 578 580 582 585 590 591 
592 595 599 604 608 609 610 611 619 620 621 622 
624 625 633 634 635 639 640 649 653 657 660 661 
662 664 667 668 672 673 677 679 680 685 690 703 
704 706 707 716 719 723 726 731 735 736 741 745 
747 751 753 754 756 760 766 767 773 782 785 793 
797 
227
6 7 8 13 14 16 21 26 29 30 31 34 
39 41 42 43 45 46 48 58 60 68 72 79 
82 83 84 85 86 94 102 103 106 107 110 113 
114 115 118 121 124 126 132 134 136 141 142 143 
155 158 168 169 170 180 184 197 198 209 215 218 
223 228 230 233 235 245 247 248 250 259 262 265 
267 271 277 285 286 287 291 293 294 299 304 307 
311 312 315 317 319 322 323 325 329 333 334 337 
339 340 352 353 358 359 360 365 368 369 371 374 
375 380 382 394 395 396 402 403 404 405 410 412 
413 414 419 428 431 433 445 446 449 453 463 465 
466 467 468 476 483 485 486 488 491 492 493 498 
499 501 502 511 515 517 521 524 526 528 531 536 
544 545 546 547 554 558 559 561 564 569 572 575 
576 581 582 587 588 597 598 600 601 605 607 608 
609 610 611 617 618 626 634 636 638 643 646 649 
650 654 656 662 667 671 680 686 689 691 702 703 
704 714 716 718 725 730 737 743 744 745 748 750 
754 757 762 776 781 784 790 792 794 797 800 
213
3 4 5 6 7 9 11 12 31 33 40 50 
51 63 65 67 69 76 78 81 83 85 88 89 
98 101 103 107 108 109 121 123 133 134 140 147 
148 151 157 158 160 169 171 175 180 182 184 185 
191 197 198 200 202 208 211 219 226 230 232 238 
240 246 247 253 259 261 262 267 268 270 272 277 
278 288 291 295 308 309 311 314 317 319 321 323 
325 332 333 336 338 344 350 352 355 359 361 362 
366 372 377 378 396 397 398 405 407 418 424 427 
432 440 446 447 448 452 454 455 459 462 468 473 
479 484 497 500 503 505 506 507 514 517 520 521 
522 525 533 534 535 536 537 541 549 550 556 558 
569 574 575 576 578 581 582 595 597 602 611 616 
618 620 621 624 625 633 634 637 638 640 642 648 
653 659 666 667 672 678 685 692 697 698 700 701 
702 705 716 717 718 720 723 725 729 733 736 737 
738 742 748 749 750 753 754 755 756 760 761 763 
772 773 777 781 782 786 790 791 796 
234
2 4 12 13 15 19 24 42 43 48 52 60 
62 70 76 80 81 82 85 86 87 94 99 104 
106 114 115 121 128 135 138 139 150 151 152 156 
160 165 166 168 170 173 175 177 181 182 184 185 
186 196 197 199 201 203 204 205 206 213 214 217 
218 227 229 230 231 239 243 245 246 253 258 262 
267 278 285 288 292 293 297 299 309 313 315 325 
326 330 331 336 338 349 353 355 357 359 361 365 
367 368 370 374 375 376 378 383 395 396 397 404 
413 416 420 426 427 430 433 437 438 447 449 452 
453 455 456 459 460 466 469 470 473 474 476 478 
483 484 487 488 489 490 491 493 495 502 503 504 
505 511 515 518 520 521 522 531 532 534 536 539 
543 547 548 552 553 557 560 565 566 568 570 572 
575 580 583 585 587 588 589 590 595 599 602 606 
608 609 611 616 622 627 634 638 642 645 648 649 
651 655 669 675 676 677 679 681 682 684 689 690 
692 694 698 702 712 715 723 727 733 734 736 737 
740 741 746 751 752 759 765 766 767 772 775 776 
779 780 787 789 791 799 
264
1 3 4 5 7 9 14 15 17 19 22 24 
25 26 33 35 39 41 45 52 53 54 56 60 
61 63 68 72 75 76 78 79 84 87 94 96 
98 101 102 104 106 108 110 113 114 115 117 119 
124 128 130 134 135 136 142 143 148 152 156 159 
161 167 168 169 170 171 172 179 182 185 187 188 
190 197 200 202 204 205 207 208 213 216 217 225 
228 233 236 237 244 247 250 251 252 254 258 262 
264 265 270 271 273 274 276 277 279 280 282 283 
285 288 292 293 294 296 297 298 302 305 306 307 
311 312 313 314 321 323 326 330 333 335 337 338 
340 342 345 350 352 353 354 355 363 367 371 374 
377 379 380 386 387 388 389 393 402 412 414 418 
419 423 425 429 432 434 448 451 452 454 456 457 
458 461 463 466 467 477 478 483 486 493 503 510 
516 518 521 524 525 531 535 536 537 540 545 546 
547 549 555 564 565 566 568 582 584 586 588 592 
611 614 615 616 617 618 622 623 625 628 632 636 
639 645 646 651 652 653 657 660 666 671 673 676 
678 680 681 683 685 687 690 694 695 708 709 717 
718 720 722 723 730 733 741 751 752 756 758 762 
764 768 769 773 774 775 776 785 788 793 798 800 
234
3 5 6 7 11 15 16 21 22 26 28 35 
37 38 39 57 58 61 63 66 70 72 79 88 
91 92 94 98 99 101 105 108 111 117 123 124 
125 134 137 139 140 147 148 151 158 159 160 162 
165 171 172 173 177 180 189 190 200 207 208 210 
213 216 221 224 226 229 235 242 245 250 252 254 
258 261 262 266 269 271 281 287 293 296 299 303 
305 308 313 320 326 328 330 335 337 344 350 359 
367 368 372 375 376 384 387 389 392 393 397 407 
410 417 419 420 428 429 430 434 435 440 441 442 
444 446 448 450 452 453 454 455 461 464 468 473 
474 475 477 479 484 485 487 491 493 499 500 502 
503 506 509 512 515 518 521 522 523 526 527 528 
530 536 537 539 544 545 546 547 548 551 555 556 
560 561 563 568 569 573 575 576 580 581 583 584 
587 592 595 596 599 600 607 615 624 626 627 628 
635 636 637 638 643 646 650 664 670 672 681 689 
692 695 697 699 700 702 704 708 709 712 722 730 
731 738 739 740 741 743 745 749 750 772 773 774 
780 781 785 790 791 795 
246
4 7 11 20 26 31 33 36 38 43 45 52 
55 57 69 72 75 84 85 90 91 93 96 98 
104 107 111 114 115 118 119 120 122 123 130 132 
139 144 146 147 151 152 155 156 158 161 166 169 
170 175 176 178 179 181 182 187 192 194 197 200 
207 213 215 217 222 225 227 232 235 236 238 241 
242 244 246 248 252 260 261 264 266 267 271 272 
276 278 287 289 292 293 297 306 315 322 323 328 
329 331 336 340 345 348 355 358 361 362 365 367 
371 373 377 380 382 384 389 395 396 398 408 411 
412 414 417 421 425 430 434 436 438 439 440 444 
447 448 453 454 455 458 459 460 465 468 471 476 
479 486 487 492 496 498 504 508 510 513 514 515 
521 533 535 538 539 541 542 545 550 556 557 565 
566 572 573 578 580 581 585 586 592 595 596 599 
604 605 607 612 614 616 617 619 620 621 625 627 
630 632 633 636 638 640 641 646 652 658 662 665 
667 670 672 673 678 679 684 686 690 691 695 696 
698 704 709 712 713 716 718 722 723 725 730 731 
734 739 740 741 742 745 746 748 754 759 764 765 
768 778 784 787 790 800 
241
1 12 14 22 23 28 33 37 45 49 54 57 
59 60 61 65 66 67 68 69 70 73 84 90 
95 99 102 107 108 120 121 127 134 135 140 143 
146 147 149 153 154 155 156 157 161 162 165 170 
171 179 184 185 195 196 204 211 212 216 217 218 
224 225 228 237 238 239 249 252 261 264 266 269 
270 273 275 278 279 282 283 287 288 289 292 293 
294 296 297 302 304 305 316 317 320 325 330 333 
334 346 347 348 352 353 355 356 359 360 364 369 
375 377 379 382 383 384 386 388 395 399 402 405 
410 412 415 417 418 419 422 423 424 431 442 444 
448 453 454 455 456 459 461 471 472 473 476 477 
479 482 486 487 493 498 499 501 511 512 513 516 
517 520 521 523 525 532 534 543 545 546 549 554 
556 563 565 566 567 568 575 581 582 584 596 600 
601 609 610 611 612 613 614 615 622 624 627 631 
633 638 639 640 649 652 655 658 659 661 663 670 
673 674 676 677 678 679 683 686 688 690 694 701 
704 710 713 716 726 728 729 731 736 741 744 754 
757 758 759 763 764 772 775 777 784 785 797 799 
800 
237
4 8 9 11 16 19 23 24 26 28 30 36 
43 48 49 51 54 57 59 60 63 69 73 74 
76 80 81 82 87 88 94 95 100 102 105 111 
112 118 122 131 133 135 141 146 147 148 158 160 
162 163 170 171 175 178 180 186 188 189 190 191 
198 203 204 208 215 216 217 221 222 224 225 229 
233 240 243 246 249 256 258 262 270 271 277 278 
279 283 288 294 295 299 303 304 306 310 313 317 
320 323 326 332 333 335 340 345 346 349 352 358 
360 361 370 376 379 380 383 386 387 388 389 395 
396 399 401 406 410 411 413 416 420 422 432 433 
435 441 445 449 452 454 458 460 462 465 466 467 
470 475 476 484 486 487 490 503 507 508 512 516 
521 526 529 532 533 536 540 543 545 551 553 561 
569 570 573 582 584 586 587 593 599 603 609 614 
619 622 624 629 633 645 646 647 650 656 659 663 
664 667 671 672 673 676 680 683 688 689 692 695 
696 698 699 701 704 706 707 709 716 717 719 723 
731 734 741 743 744 752 755 761 764 769 770 781 
782 784 786 787 790 791 794 798 800 
247
3 9 13 14 15 18 21 24 27 29 30 34 
36 37 41 42 44 45 47 53 60 66 68 69 
71 74 76 83 91 94 97 100 105 106 113 114 
116 121 124 131 134 139 141 156 159 161 164 165 
171 177 179 182 187 192 195 199 200 206 207 208 
211 218 221 222 228 234 237 241 247 253 257 259 
260 261 265 268 270 272 278 279 280 281 282 285 
287 292 296 297 299 304 306 311 312 313 314 315 
320 321 324 326 331 333 337 339 340 341 351 352 
357 365 370 371 373 380 381 385 386 387 388 393 
394 395 412 414 420 423 427 430 433 440 443 444 
446 449 452 456 457 458 462 466 469 473 474 479 
481 487 491 493 495 497 498 501 503 504 505 509 
510 512 513 514 515 519 520 521 525 531 538 541 
544 550 553 555 556 560 561 562 565 578 579 586 
590 593 594 597 598 604 605 607 613 615 616 619 
622 626 632 636 637 638 639 642 647 648 649 651 
653 655 661 665 672 673 675 676 677 678 685 686 
687 689 695 702 703 707 713 714 716 728 736 742 
744 748 750 753 754 759 761 762 763 764 769 771 
774 775 776 784 787 791 792 
237
2 4 5 6 9 12 13 16 17 23 30 32 
33 35 39 41 50 51 54 55 65 68 71 74 
77 79 80 81 84 87 88 93 96 98 101 102 
106 107 112 113 115 116 123 125 128 133 135 139 
147 149 150 155 173 175 178 184 189 191 194 203 
207 208 212 213 214 219 221 222 223 226 234 238 
239 245 248 253 259 261 264 276 279 281 284 288 
293 297 298 299 306 307 308 310 311 312 315 325 
330 335 336 339 342 345 353 354 356 358 360 368 
370 373 374 381 387 388 389 396 397 400 401 407 
409 414 416 418 421 422 423 424 425 427 430 431 
435 438 444 445 447 448 449 451 453 454 455 456 
464 465 467 468 470 476 486 494 495 501 503 507 
508 509 510 514 515 518 523 541 543 552 559 566 
567 570 572 574 579 580 584 592 593 595 599 607 
613 614 616 617 620 622 626 634 637 639 641 645 
646 654 655 657 662 664 671 676 680 682 685 686 
688 692 693 694 697 704 707 709 712 713 723 724 
725 726 727 731 742 749 750 752 753 757 758 759 
760 762 764 772 774 780 782 791 792 
248
2 4 6 8 10 14 18 20 23 29 33 35 
41 42 45 46 48 51 55 56 60 62 64 68 
69 70 76 77 86 89 93 95 96 101 102 105 
112 115 116 117 118 120 128 129 137 140 147 148 
149 156 158 160 168 171 174 175 177 178 181 183 
184 185 186 187 189 190 193 195 202 203 204 209 
213 219 220 222 226 227 229 230 241 244 245 247 
250 258 261 269 281 287 294 296 298 299 300 302 
307 311 312 313 315 320 321 323 333 334 355 358 
360 373 374 377 381 382 386 387 389 399 401 404 
406 411 423 429 430 431 436 437 439 445 447 448 
450 453 454 457 458 461 465 468 470 473 477 480 
484 486 487 489 494 498 502 503 504 505 506 508 
509 511 513 515 516 518 521 522 533 534 536 537 
538 540 544 550 552 557 559 563 569 573 578 579 
585 589 591 592 599 602 608 612 613 614 631 633 
634 640 646 655 656 657 663 665 666 667 671 672 
685 691 694 695 696 698 699 700 704 705 706 708 
711 713 715 722 723 730 731 733 736 739 746 750 
753 758 761 762 763 764 766 767 772 778 785 786 
787 788 789 791 794 796 797 800 
251
2 3 10 16 20 21 24 30 31 34 35 37 
41 45 46 49 52 56 69 71 82 86 90 93 
101 103 105 107 111 112 116 117 122 125 126 133 
135 136 142 146 147 149 152 156 162 166 169 173 
178 183 187 188 189 190 191 194 195 198 203 204 
207 208 212 215 217 219 221 222 224 230 231 235 
236 242 243 245 246 248 256 259 260 261 266 267 
272 277 278 283 287 290 295 303 306 308 312 314 
323 330 333 334 336 341 342 351 359 363 366 368 
371 375 376 377 381 387 390 391 394 397 398 414 
416 417 419 420 423 431 432 434 440 441 449 451 
452 455 461 463 468 471 479 480 482 486 490 493 
495 501 506 508 510 516 521 522 524 527 530 532 
535 539 542 543 544 545 550 554 566 573 575 579 
580 582 583 584 587 592 593 594 596 597 598 599 
603 607 608 611 612 614 615 616 619 620 621 622 
625 631 632 635 647 649 653 656 662 663 665 666 
669 670 673 675 677 679 680 681 682 683 685 686 
688 690 694 698 699 702 707 709 710 711 715 718 
721 728 731 734 735 741 743 749 751 754 759 763 
765 772 777 783 787 789 792 794 795 798 799 
216
14 15 32 39 44 52 54 57 65 73 75 78 
83 89 90 91 96 97 101 109 111 114 123 129 
134 142 147 148 149 153 159 164 172 175 182 183 
184 191 193 195 200 203 207 209 212 215 216 217 
219 221 222 226 227 230 231 232 233 234 235 238 
239 248 253 254 256 258 260 261 264 266 270 274 
278 287 288 290 295 297 300 301 307 322 323 325 
329 337 338 341 342 344 346 352 353 363 367 371 
376 379 386 387 394 398 399 404 407 417 418 419 
423 424 432 433 435 442 451 452 453 454 455 456 
458 469 470 474 475 476 482 484 486 488 493 496 
500 510 511 515 517 521 525 528 529 530 537 538 
539 540 544 545 547 550 551 556 560 570 578 580 
581 584 585 587 590 591 592 602 605 607 612 616 
617 620 623 624 626 628 630 643 645 650 651 654 
661 666 671 680 682 685 692 699 702 706 710 711 
712 714 725 726 731 734 738 741 742 746 747 754 
756 759 761 763 766 770 771 779 784 792 797 799 
233
1 6 10 11 13 16 18 23 27 32 37 41 
43 45 47 55 56 58 59 60 64 73 74 77 
78 81 89 90 92 93 94 95 97 103 106 110 
111 123 129 134 141 142 148 149 150 154 159 160 
162 164 166 167 173 176 180 181 189 190 196 199 
201 204 205 206 208 209 215 216 219 223 225 234 
236 242 245 258 264 268 271 273 275 285 294 295 
301 306 314 316 318 319 321 322 325 329 330 332 
334 336 337 343 346 349 355 359 361 367 368 372 
373 374 377 379 387 405 412 424 428 432 433 438 
441 445 449 452 454 455 456 460 462 467 471 473 
474 478 486 495 502 504 508 511 513 516 518 526 
532 539 540 548 554 556 560 562 563 564 565 567 
570 571 573 579 583 585 587 589 591 610 611 613 
614 621 623 625 630 631 633 634 638 639 644 645 
646 648 656 657 660 663 665 669 670 680 682 683 
684 691 693 696 698 699 708 710 713 714 720 722 
724 726 729 731 732 736 739 741 746 749 751 755 
757 761 764 769 770 771 774 775 784 785 786 787 
788 790 794 799 800 
264
2 5 6 13 16 24 27 31 34 35 37 43 
45 50 51 56 57 59 60 67 68 71 72 75 
90 104 105 106 107 109 112 119 122 126 129 130 
131 134 140 143 144 146 147 148 149 152 155 156 
157 159 161 163 170 171 173 176 178 180 183 189 
192 198 202 207 214 218 219 221 223 226 227 228 
229 232 233 234 238 247 250 252 253 254 257 263 
264 265 266 267 268 270 272 274 275 276 282 284 
286 289 290 294 296 303 305 311 314 316 317 318 
320 323 324 326 328 329 330 336 338 343 347 353 
364 377 379 380 382 383 396 397 398 400 403 405 
408 409 411 412 416 417 420 426 431 432 437 442 
443 444 445 446 455 459 460 461 462 467 469 473 
478 479 482 483 486 492 495 496 498 499 505 515 
522 523 527 528 530 536 537 541 549 552 555 563 
564 571 582 587 590 591 592 599 600 603 605 606 
608 609 610 611 612 613 615 618 619 624 625 627 
634 639 642 643 646 647 648 652 653 657 658 660 
664 666 668 672 675 676 680 685 688 697 698 699 
701 704 706 707 711 719 721 728 735 740 743 744 
745 747 751 754 755 757 759 760 765 768 769 771 
774 775 776 777 781 784 785 787 790 791 795 796 
231
3 7 8 9 19 21 29 36 37 38 41 42 
43 47 48 50 51 56 57 58 60 63 66 70 
73 75 77 79 81 88 92 97 100 101 108 119 
123 126 128 136 150 152 153 156 157 159 165 169 
180 181 182 184 194 198 205 208 209 210 213 217 
226 239 244 247 252 264 265 271 274 277 282 284 
290 295 298 300 302 303 304 311 315 316 318 322 
323 330 332 334 335 338 339 341 343 347 349 350 
357 358 361 363 364 367 371 372 374 381 382 383 
387 391 393 398 400 406 411 414 419 420 421 423 
424 425 428 430 431 432 434 436 437 444 445 447 
450 451 453 455 459 462 463 471 472 477 481 484 
485 487 488 489 490 491 494 496 498 502 504 506 
507 508 511 514 516 524 529 531 536 537 539 544 
551 562 563 564 566 568 569 579 580 585 589 591 
593 622 627 630 634 641 643 645 648 652 653 656 
660 664 665 668 676 677 680 686 689 690 693 700 
701 705 711 718 721 728 730 734 742 743 749 750 
751 753 754 756 763 767 772 773 779 780 782 785 
793 799 800 
248
1 3 10 12 14 17 21 25 30 31 34 38 
41 50 51 53 55 56 58 59 62 63 66 68 
72 77 79 80 84 86 90 93 97 103 105 106 
109 116 130 131 132 134 136 140 142 145 146 153 
157 159 161 165 169 172 176 178 181 182 188 189 
202 205 207 214 215 225 227 229 231 235 239 240 
241 244 247 254 257 258 265 268 273 278 281 282 
283 284 287 289 292 293 294 298 302 304 318 320 
324 325 331 339 341 343 345 346 347 348 350 355 
361 362 363 372 375 381 386 393 398 399 405 407 
408 413 416 417 419 423 425 429 440 441 444 445 
447 457 458 460 464 467 468 471 474 479 484 487 
489 492 494 495 496 500 501 502 506 507 509 512 
514 515 516 519 520 523 524 525 527 528 530 532 
533 536 537 540 547 549 551 552 555 557 560 561 
562 563 567 571 573 575 586 587 590 600 604 605 
607 610 612 616 617 618 622 628 631 633 636 637 
638 639 642 646 651 666 670 678 679 681 685 688 
690 691 701 703 705 707 708 715 717 723 724 725 
728 730 735 736 740 743 750 753 754 755 759 760 
763 772 775 783 788 789 796 799 
259
3 9 10 14 17 18 21 26 35 36 38 39 
42 45 46 48 51 52 53 56 58 59 63 74 
81 82 88 89 91 93 94 96 97 98 101 104 
105 106 107 109 112 113 115 119 121 122 124 125 
127 133 135 137 138 142 145 148 149 151 152 156 
157 158 160 167 171 174 178 180 183 187 189 193 
203 204 213 214 217 222 223 228 230 235 242 246 
247 250 251 254 255 263 266 267 271 272 273 276 
284 286 290 291 292 296 309 310 315 324 326 327 
330 332 348 352 354 358 361 363 368 381 390 391 
392 394 397 400 403 406 407 408 411 414 417 418 
423 426 427 431 432 433 438 440 441 444 450 451 
453 454 456 462 463 468 474 475 479 484 487 488 
489 490 491 492 499 504 505 506 511 512 513 519 
520 521 524 531 532 533 535 536 541 548 549 550 
554 555 556 558 559 567 569 570 571 572 587 588 
596 600 604 609 611 613 615 618 621 624 633 634 
635 637 645 646 650 653 655 658 659 668 672 677 
678 679 680 681 684 687 689 690 691 692 695 697 
700 705 706 708 712 713 714 717 722 724 725 729 
730 733 736 745 746 748 752 755 756 760 763 764 
768 771 774 779 785 788 795 
225
3 8 15 17 20 22 25 26 35 37 38 43 
46 49 52 57 62 65 67 68 70 77 79 83 
85 91 93 101 102 105 110 112 118 119 129 132 
134 137 140 141 147 157 162 164 166 168 169 172 
173 175 176 177 180 182 183 186 189 192 202 209 
210 215 220 221 227 229 231 233 235 236 245 251 
252 255 256 257 258 267 270 279 287 292 300 301 
304 305 307 313 319 328 331 333 334 342 349 359 
361 362 363 365 371 372 375 381 388 391 393 394 
395 399 404 408 411 414 415 418 420 424 426 430 
431 435 438 439 443 445 448 451 452 457 458 472 
473 474 475 480 484 487 489 493 494 495 496 499 
505 507 509 510 513 517 530 541 543 552 557 560 
562 564 568 569 582 586 593 594 595 596 604 607 
610 611 614 615 616 617 621 622 626 631 633 638 
648 650 656 659 665 673 675 676 682 688 690 695 
696 698 699 703 704 706 707 709 710 711 719 720 
728 733 737 742 745 750 753 755 756 758 760 767 
769 774 776 782 784 785 790 791 799 
243
1 5 7 8 19 20 24 27 28 30 34 36 
38 44 46 48 49 52 56 59 62 64 66 68 
70 71 75 79 83 84 87 88 89 90 92 96 
101 102 103 109 112 114 119 121 122 123 129 130 
132 136 137 143 146 147 148 150 153 159 165 166 
168 169 170 173 177 193 194 195 197 198 201 203 
208 212 217 222 233 235 236 237 239 240 242 244 
246 248 250 251 257 261 262 263 267 270 271 274 
278 279 285 290 291 297 303 312 315 321 323 326 
333 335 338 340 343 352 356 359 365 368 371 374 
376 380 382 388 390 395 399 401 402 411 412 416 
418 420 422 423 433 437 446 447 448 450 453 454 
456 462 463 466 467 470 471 476 477 480 486 489 
491 492 501 502 513 514 519 520 522 526 529 537 
538 542 546 548 551 554 556 563 567 568 570 577 
581 582 584 592 598 600 601 604 610 621 623 624 
629 636 638 648 651 654 659 660 663 665 669 672 
674 683 692 703 711 714 717 720 721 727 731 734 
736 743 744 749 750 752 753 758 762 765 767 768 
770 771 774 777 779 780 781 783 784 787 789 791 
797 799 800 
249
2 3 5 9 14 15 18 21 26 30 39 40 
42 44 47 50 51 52 53 59 62 74 76 78 
79 85 88 90 96 99 101 105 109 110 111 116 
119 122 124 126 128 133 135 140 141 142 144 149 
150 153 157 160 165 166 171 172 178 184 190 194 
196 198 200 203 209 211 216 218 219 222 223 224 
225 228 231 234 236 237 241 242 247 256 258 259 
261 265 267 273 274 276 278 286 287 288 293 298 
305 306 308 314 315 316 318 321 323 329 331 332 
341 348 351 352 354 360 361 362 364 365 370 372 
373 374 377 379 384 385 386 390 391 397 398 404 
408 418 419 428 433 436 437 439 440 450 457 458 
460 461 462 469 472 473 475 476 478 485 488 504 
508 510 511 512 513 520 521 523 524 525 526 529 
530 533 535 538 540 543 546 548 552 554 555 560 
562 563 571 581 583 584 589 590 592 594 597 604 
606 609 612 618 619 620 631 644 645 649 650 654 
657 659 660 661 662 666 675 676 681 683 685 690 
697 699 705 708 711 716 718 721 723 724 726 731 
733 734 740 743 744 748 749 750 751 756 759 760 
766 768 771 776 779 780 784 785 788 
239
4 5 6 16 19 27 39 46 47 50 52 54 
56 57 58 63 66 67 68 69 72 75 76 77 
81 83 84 92 96 110 114 116 117 120 122 123 
127 139 141 143 145 148 150 152 164 166 172 173 
174 176 183 189 190 192 193 195 201 204 205 207 
210 211 212 214 219 221 223 224 225 227 229 231 
232 234 236 242 245 247 254 256 258 262 264 268 
275 277 290 296 297 298 300 303 304 306 317 318 
320 323 324 328 338 345 356 357 361 362 363 365 
374 375 377 380 381 391 392 399 401 403 405 413 
414 419 421 422 425 427 429 432 436 439 440 451 
452 453 460 466 469 470 472 481 482 498 499 503 
505 510 514 515 517 519 524 526 528 529 532 533 
538 539 540 542 549 550 562 563 567 568 572 575 
576 577 583 584 588 591 593 599 604 605 606 608 
614 615 617 620 622 624 632 633 634 636 641 650 
651 654 661 663 665 667 672 677 680 683 684 685 
688 689 692 694 695 698 699 702 703 707 709 712 
717 719 725 729 730 735 736 739 742 746 750 755 
759 766 767 769 778 780 781 783 784 797 798 
269
1 7 12 14 15 17 20 29 33 34 38 39 
43 47 52 53 62 63 64 68 71 73 78 80 
88 89 90 92 94 95 96 104 107 109 111 112 
113 114 116 121 125 127 128 129 130 135 136 137 
139 141 142 150 152 156 159 162 163 165 169 171 
172 173 174 179 180 184 186 189 190 196 199 201 
207 208 211 213 214 215 217 218 224 225 227 230 
235 242 246 253 259 265 267 268 270 274 277 283 
285 286 287 288 289 293 294 295 299 300 303 307 
308 313 315 316 318 321 323 325 330 333 338 340 
343 347 349 350 351 352 353 358 364 365 366 368 
376 378 381 383 387 388 395 398 401 402 404 406 
407 411 413 414 416 418 420 424 432 435 438 441 
443 444 448 449 451 455 456 458 460 462 472 474 
475 476 477 479 482 491 492 493 497 511 515 517 
518 520 524 526 531 532 537 538 539 554 558 560 
562 563 565 569 570 572 573 586 587 588 591 592 
593 596 598 599 602 605 609 610 611 612 615 617 
618 622 630 631 636 638 639 642 643 644 650 652 
653 655 656 660 666 673 674 676 679 680 692 693 
694 695 697 699 705 710 713 720 722 725 728 730 
732 738 741 743 748 751 755 758 760 765 768 783 
790 794 795 796 800 
246
4 5 9 12 15 16 19 21 23 25 29 31 
33 35 44 49 55 59 61 65 67 68 71 72 
78 82 85 89 93 94 95 96 107 110 111 113 
115 121 127 129 133 136 140 141 142 144 148 159 
160 161 162 166 171 172 178 181 182 183 186 187 
194 197 198 199 204 212 214 215 216 218 219 221 
225 226 234 238 240 244 250 251 252 253 254 258 
261 265 268 269 272 279 280 285 287 289 291 297 
300 303 309 310 312 313 314 324 328 331 332 334 
338 339 340 345 347 354 357 358 361 362 364 366 
370 375 377 383 384 385 386 391 398 401 407 411 
416 417 421 422 424 427 435 438 443 444 447 453 
455 458 461 467 470 471 472 473 476 479 488 489 
491 498 504 511 514 515 517 520 525 532 534 543 
547 551 555 556 558 565 570 571 572 585 586 589 
594 595 597 598 600 604 606 612 613 617 619 626 
633 637 638 639 642 645 646 647 649 651 653 662 
664 666 667 670 672 676 680 687 694 695 696 701 
702 705 709 712 714 717 723 725 726 730 737 740 
742 758 759 766 767 769 772 774 777 778 779 781 
785 786 787 788 792 794 
232
6 11 12 19 29 39 40 47 57 66 68 69 
73 74 84 87 90 93 95 96 105 106 107 112 
115 116 121 123 130 139 142 143 156 158 159 167 
169 171 173 174 176 178 182 185 189 191 193 196 
199 200 201 202 205 206 210 212 218 220 222 225 
226 229 233 236 237 239 240 241 242 243 246 247 
256 260 261 266 267 269 280 284 287 288 289 290 
296 297 302 304 306 310 316 319 321 324 327 331 
333 351 352 353 355 358 360 366 367 369 370 375 
376 377 380 385 388 394 400 401 405 406 407 408 
417 421 423 430 433 439 445 446 457 461 466 469 
470 471 475 476 481 483 489 490 491 499 501 502 
507 508 510 513 516 517 521 522 524 538 539 542 
544 552 553 555 562 563 567 570 572 575 583 585 
586 588 589 590 596 605 611 612 614 615 616 617 
622 623 624 625 629 631 633 636 640 642 644 645 
651 652 660 672 674 678 686 687 689 690 693 701 
712 715 716 722 729 730 732 734 738 740 744 745 
746 747 749 755 759 761 763 767 774 778 779 780 
781 783 790 795 
260
9 16 19 22 23 28 30 32 34 36 37 38 
41 53 59 62 64 65 66 67 70 75 91 95 
96 97 100 105 106 108 109 112 113 116 117 121 
126 129 130 137 138 140 144 145 150 154 161 166 
167 170 172 183 185 187 188 194 196 197 200 205 
212 213 215 219 220 221 229 230 231 236 237 238 
247 248 252 253 255 258 261 266 267 268 269 272 
274 277 279 293 296 297 304 307 309 310 315 326 
327 330 331 334 339 342 343 350 351 353 354 360 
362 363 364 367 368 369 370 371 372 375 377 379 
380 381 382 386 388 389 390 394 397 398 400 403 
406 407 408 412 414 416 419 421 425 426 434 437 
440 442 444 446 447 448 452 463 469 471 478 479 
491 493 500 502 504 505 516 522 523 524 528 535 
537 540 547 548 554 556 558 563 564 568 574 576 
577 578 579 580 588 602 605 606 608 614 617 620 
622 625 629 630 631 634 638 640 642 646 647 649 
650 651 652 656 657 660 662 664 667 675 676 679 
684 686 695 696 697 698 703 704 705 707 708 709 
711 713 718 719 721 722 727 728 730 731 733 734 
735 741 743 750 752 753 755 756 765 770 773 778 
779 789 790 791 792 797 798 800 
252
2 9 10 15 21 22 24 26 29 31 35 39 
40 41 45 46 52 54 55 57 58 62 71 73 
78 86 87 88 92 95 98 100 102 106 107 119 
120 124 127 131 132 136 137 141 150 158 161 167 
171 174 176 182 185 187 189 190 194 196 202 212 
215 218 219 221 226 228 229 231 239 241 242 253 
259 261 266 271 283 285 287 288 293 295 297 298 
300 301 302 303 305 307 309 310 317 324 325 330 
331 334 336 341 344 346 349 350 357 359 362 367 
368 369 370 371 372 374 375 377 389 394 396 398 
401 409 410 412 413 417 419 423 429 436 446 449 
452 457 458 462 467 469 473 475 485 486 489 493 
494 495 496 499 500 501 503 506 509 510 520 521 
522 524 532 533 536 537 539 540 546 548 549 550 
553 559 560 561 568 570 572 575 581 582 587 589 
591 594 595 596 603 607 616 620 631 632 633 635 
642 646 647 649 650 656 659 662 666 667 668 671 
672 677 680 683 688 689 692 693 696 697 702 708 
710 711 713 716 719 720 722 723 728 731 732 735 
740 743 745 746 750 751 754 756 757 758 760 762 
763 766 769 780 782 783 786 788 790 794 795 796 
215
2 3 5 12 13 14 18 20 24 25 28 34 
35 36 37 38 40 43 47 59 61 66 68 74 
78 84 85 87 90 91 93 95 97 98 100 101 
106 112 114 117 122 133 135 136 137 142 145 148 
149 155 161 168 170 185 194 195 201 206 208 222 
225 232 233 234 236 237 248 253 254 262 273 275 
281 283 284 292 294 297 298 301 305 313 317 318 
319 321 322 325 330 331 335 338 340 342 345 347 
348 350 351 352 354 359 360 362 364 365 374 376 
379 382 385 386 394 399 401 405 407 411 419 421 
427 430 431 432 439 441 444 446 450 451 453 461 
468 471 473 475 480 482 485 487 490 495 498 499 
500 508 515 518 523 530 531 533 536 537 538 540 
545 546 558 563 566 567 570 573 576 578 586 588 
612 614 615 617 626 628 629 630 632 634 635 644 
648 650 654 655 663 667 668 669 672 673 676 679 
680 687 688 689 696 701 702 713 723 724 728 733 
736 747 752 755 756 774 777 780 790 792 799 
234
5 7 9 11 12 14 15 17 24 28 31 37 
41 43 47 48 49 50 52 57 58 59 68 70 
71 74 79 82 84 85 89 91 93 102 105 107 
111 112 113 115 118 123 125 128 129 131 132 133 
139 140 141 143 147 149 152 156 164 169 171 175 
185 189 192 198 201 204 207 209 211 214 218 220 
223 225 227 228 229 231 238 239 242 243 249 250 
254 257 262 265 267 268 271 272 273 274 276 287 
288 289 290 291 295 297 299 300 310 323 324 327 
328 332 338 349 350 355 361 363 364 369 371 373 
379 386 388 398 410 411 415 419 429 434 440 442 
450 451 455 459 462 464 466 474 477 479 481 485 
486 493 494 496 500 503 510 516 519 526 535 537 
540 547 548 562 563 568 570 573 575 579 586 598 
603 606 610 617 619 621 627 629 633 634 635 641 
644 646 658 659 667 668 671 672 678 687 688 690 
691 692 696 700 701 702 705 706 707 708 709 720 
722 724 725 728 734 735 736 738 743 752 754 755 
756 758 760 764 765 768 769 770 778 779 780 784 
785 787 789 791 796 798 
254
8 10 18 19 20 22 26 31 34 35 36 41 
42 48 49 53 54 57 58 61 62 63 64 72 
73 74 78 81 87 90 93 97 102 104 107 108 
111 119 120 123 124 126 136 141 142 143 144 148 
149 153 156 159 160 165 168 170 171 176 177 181 
182 183 186 191 192 193 196 204 207 212 214 218 
221 222 224 225 232 233 238 239 240 241 244 245 
246 248 255 257 263 265 272 274 281 284 285 287 
290 291 296 299 305 307 312 314 317 319 320 323 
324 329 331 332 333 334 341 345 350 351 353 356 
357 358 365 367 369 375 377 380 381 383 384 386 
388 390 394 399 404 406 418 420 424 435 438 439 
444 451 455 461 466 467 469 470 477 478 482 484 
492 498 502 514 515 518 520 522 527 532 534 536 
540 541 542 545 550 553 560 564 565 566 569 570 
574 575 578 585 589 594 595 601 603 604 605 609 
615 616 617 621 623 632 638 640 641 643 650 652 
654 656 657 659 660 661 667 669 673 675 677 682 
684 689 690 697 699 703 705 709 710 711 714 715 
716 717 719 720 721 722 724 726 742 743 744 746 
747 755 757 759 760 762 764 768 776 777 782 788 
795 796 
243
9 14 15 16 17 20 21 22 23 30 32 35 
36 37 38 42 48 49 52 53 58 59 62 63 
75 76 77 78 81 82 83 85 87 90 96 99 
104 108 113 134 137 138 141 144 145 148 151 154 
155 168 170 172 173 174 177 178 179 181 184 187 
190 192 197 204 206 207 212 220 224 228 230 232 
235 244 249 259 260 263 273 275 279 281 284 286 
294 297 306 307 312 313 315 317 321 322 323 325 
330 333 336 337 341 343 345 347 348 352 353 355 
361 368 370 371 372 374 384 397 399 400 409 410 
411 416 417 420 421 422 431 432 438 442 443 445 
446 447 449 451 452 454 457 461 462 463 470 471 
472 474 478 480 488 489 492 496 500 501 503 506 
507 508 509 510 516 518 519 525 528 529 531 535 
539 544 545 546 547 548 550 554 557 558 560 565 
569 571 574 577 578 580 583 593 601 605 607 611 
614 620 621 622 625 628 629 633 642 644 646 652 
653 654 657 661 664 676 677 681 687 689 691 697 
699 704 705 709 712 716 717 718 722 723 729 735 
740 746 750 753 760 765 769 771 772 782 784 792 
794 795 796 
260
7 10 16 17 18 20 29 31 34 36 39 42 
43 45 46 47 53 56 57 62 64 67 75 79 
81 86 87 91 93 94 95 96 98 99 105 106 
107 109 110 115 118 122 125 130 138 144 146 149 
151 152 154 158 159 162 163 164 167 173 174 179 
181 184 186 188 190 191 192 205 206 212 214 217 
222 226 228 232 238 240 241 247 250 260 263 267 
269 273 275 279 280 283 285 303 304 305 306 309 
310 311 313 314 319 320 322 323 324 325 328 331 
332 333 335 337 342 348 352 357 360 362 363 365 
366 368 372 373 374 381 385 386 388 390 393 396 
397 407 408 409 410 411 412 414 417 421 423 428 
430 436 442 444 448 449 456 457 462 465 467 470 
471 472 479 483 490 492 493 494 499 502 503 509 
513 515 516 518 524 530 531 533 541 549 554 555 
561 567 569 570 573 574 578 579 584 590 591 594 
605 609 615 619 628 630 636 639 640 642 644 645 
646 647 648 652 654 655 656 659 664 667 669 670 
671 674 679 682 687 691 694 699 700 702 703 705 
710 713 718 729 730 731 733 734 736 744 745 746 
749 760 762 764 767 769 770 774 775 779 781 783 
784 786 793 795 796 798 799 800 
218
4 6 7 10 14 18 20 21 23 24 28 30 
31 33 42 44 47 51 52 53 57 60 61 63 
64 72 77 81 85 90 91 92 98 100 102 104 
110 112 114 115 116 117 125 126 128 132 134 140 
156 158 161 163 172 177 185 187 188 190 200 202 
208 209 218 229 231 232 233 236 238 240 243 246 
247 254 261 263 268 274 278 279 280 284 292 295 
296 298 300 307 321 323 325 328 332 334 337 339 
340 348 364 368 369 375 384 386 388 394 397 399 
400 406 409 411 413 414 415 416 420 423 431 434 
435 437 441 444 445 448 449 453 456 458 463 468 
472 474 476 477 482 483 490 495 510 511 515 518 
521 524 526 530 538 542 544 549 556 561 564 565 
566 568 571 575 588 589 591 594 597 598 599 601 
603 604 617 620 621 622 623 624 633 636 637 639 
643 647 659 662 664 666 667 673 681 683 685 694 
695 697 699 706 708 717 725 727 737 749 751 753 
754 757 760 762 766 771 779 780 783 791 795 797 
799 800 
233
2 4 5 9 19 24 25 28 36 41 45 49 
51 56 62 69 70 74 76 77 82 83 90 91 
93 95 100 102 104 107 108 110 113 115 119 122 
123 125 127 129 132 133 137 142 143 147 155 156 
157 158 163 169 172 173 174 175 179 182 183 184 
188 190 193 196 197 200 201 202 204 208 209 211 
212 218 222 227 232 233 234 236 238 241 244 251 
259 260 263 266 267 268 272 275 276 280 282 285 
288 292 294 296 297 298 300 305 307 313 315 316 
320 324 329 339 341 342 350 356 358 360 361 364 
369 377 379 380 381 385 387 391 392 394 397 398 
399 404 405 406 407 411 418 425 428 431 434 438 
439 443 447 449 457 458 460 461 463 465 468 469 
470 471 472 473 478 479 481 484 491 505 508 509 
511 514 517 521 526 527 530 535 537 546 552 557 
579 581 583 586 590 596 605 608 610 611 617 618 
619 620 627 635 640 641 642 649 652 655 656 660 
661 662 681 684 688 689 694 702 709 720 722 727 
731 733 738 742 749 750 751 754 763 765 767 769 
771 774 787 790 800 
228
3 5 6 9 11 14 19 20 23 25 30 34 
36 37 38 43 44 46 47 51 52 53 64 65 
67 71 73 77 78 81 84 88 91 92 94 95 
100 101 104 105 108 114 116 120 121 128 130 131 
132 134 140 143 144 145 146 147 148 149 154 161 
172 176 185 192 198 201 204 206 211 213 214 223 
227 228 231 235 238 243 244 248 250 251 252 256 
260 261 262 265 271 272 273 275 280 282 284 290 
293 298 303 306 311 317 323 326 327 334 336 338 
342 343 345 349 352 359 360 366 367 368 375 376 
380 383 386 387 389 392 395 400 401 403 411 415 
421 427 432 437 443 453 460 465 466 471 476 477 
483 497 499 504 505 506 508 518 521 525 526 531 
533 537 553 555 557 561 569 571 573 575 580 581 
583 591 594 599 602 603 605 611 613 619 620 621 
623 624 626 628 638 639 654 657 658 661 663 668 
669 675 678 681 684 686 690 695 696 702 704 706 
708 710 714 715 722 723 731 733 738 742 747 757 
760 765 770 771 772 779 784 787 789 790 795 796 
225
1 2 4 7 10 13 15 17 18 19 22 27 
34 35 38 40 46 50 56 57 59 61 64 68 
77 81 86 87 88 90 98 101 108 109 114 119 
121 136 139 140 143 150 162 164 165 166 174 177 
181 182 183 189 191 192 193 194 195 203 215 219 
222 223 227 233 236 237 243 246 250 253 255 257 
259 266 267 270 273 274 276 279 282 287 289 292 
294 298 299 304 308 317 322 325 326 327 328 338 
340 344 346 359 361 363 364 367 370 375 381 385 
388 391 392 394 398 402 405 407 408 410 411 416 
419 427 431 432 433 438 439 457 459 468 469 472 
474 475 476 481 487 488 491 500 503 506 508 509 
512 513 519 522 523 524 527 534 542 543 544 548 
549 550 551 553 561 564 567 570 580 582 585 589 
591 595 599 602 609 612 620 624 626 631 636 641 
643 646 649 654 659 660 661 662 665 673 693 697 
701 702 703 704 705 707 714 718 719 720 723 724 
726 729 740 741 742 744 751 752 754 755 759 764 
772 775 780 787 788 789 790 791 797 
212
1 5 8 9 19 20 23 26 34 39 47 48 
49 50 51 56 57 60 61 65 68 74 78 79 
82 87 90 91 95 108 116 117 119 122 136 140 
143 148 154 156 157 167 170 171 177 178 181 186 
187 188 202 203 212 217 226 237 242 244 259 260 
263 264 265 270 276 289 290 307 309 313 314 319 
328 337 338 342 346 355 359 362 363 364 366 368 
369 371 375 377 378 384 387 398 399 402 405 410 
411 429 438 442 447 458 459 462 468 475 478 481 
483 484 487 490 492 495 496 497 498 506 510 513 
514 515 520 524 532 533 534 535 536 538 539 544 
547 550 552 556 558 559 560 561 562 563 566 567 
573 575 578 580 581 583 586 589 591 593 606 609 
615 619 621 627 631 635 636 638 639 640 644 647 
652 657 658 663 668 670 672 675 679 686 687 689 
693 694 695 699 706 707 711 712 714 715 717 718 
731 734 741 745 747 748 750 751 755 757 761 765 
766 774 782 783 787 789 796 799 
263
4 5 7 9 10 16 18 22 23 24 25 26 
30 31 32 34 46 50 51 52 53 54 56 57 
63 67 68 70 71 73 75 77 82 83 87 88 
94 96 101 102 103 105 106 107 108 111 114 127 
129 133 140 144 145 149 155 156 162 166 167 169 
171 177 180 181 190 194 196 201 209 213 225 227 
231 232 237 238 241 244 245 250 256 257 262 264 
266 268 269 270 271 272 276 278 281 282 286 293 
299 300 304 308 310 321 323 326 327 328 334 338 
339 350 351 355 357 358 362 363 365 371 376 379 
381 394 395 398 401 402 403 404 407 409 414 420 
424 426 427 428 429 431 432 434 435 436 439 440 
442 445 446 447 452 459 462 464 465 468 471 474 
477 491 492 494 495 499 500 502 509 513 515 517 
523 525 527 531 533 542 546 557 559 562 563 565 
572 573 575 576 579 583 585 587 594 598 600 605 
613 616 617 621 622 631 632 634 636 637 651 652 
654 655 656 658 661 662 664 665 666 668 672 675 
676 680 685 687 689 690 691 692 693 694 696 699 
700 705 707 708 712 716 719 722 723 728 731 732 
736 739 740 743 744 747 754 758 764 765 766 768 
771 772 777 779 782 788 789 791 794 799 800 
243
1 6 7 13 14 19 25 27 30 31 32 33 
36 41 42 43 44 49 50 51 56 57 60 62 
65 66 82 87 88 89 101 106 107 114 116 122 
124 130 132 141 148 151 152 155 158 159 163 164 
165 167 168 170 176 180 181 183 184 185 198 203 
204 209 210 213 214 218 223 229 232 233 234 235 
239 242 243 251 253 259 261 267 271 273 279 280 
283 286 292 300 306 308 311 314 316 319 321 328 
332 337 340 342 346 350 353 354 356 358 361 363 
368 370 371 373 378 384 385 391 397 398 400 403 
406 409 410 420 421 422 423 425 431 437 440 441 
444 446 451 455 458 459 460 462 463 466 468 475 
478 480 484 488 490 491 492 494 497 503 509 514 
519 520 521 522 525 538 539 541 542 545 546 554 
555 557 560 562 565 568 570 573 579 582 583 592 
593 595 596 598 601 604 608 612 613 621 626 629 
631 632 641 646 650 652 656 659 662 663 667 671 
673 675 677 691 695 708 710 711 713 714 716 717 
724 731 732 735 739 741 743 747 749 757 759 761 
762 763 764 765 766 769 771 775 779 782 787 790 
794 795 798 
268
3 5 7 8 10 11 14 15 21 23 26 32 
38 40 41 42 43 47 52 55 56 60 61 62 
68 69 73 79 86 88 90 91 92 93 98 102 
104 105 109 110 111 112 113 118 121 122 125 126 
129 133 134 137 145 146 147 156 157 165 169 180 
189 191 196 198 200 202 206 209 211 216 219 220 
222 226 229 231 233 237 240 241 243 246 247 250 
253 254 256 259 270 272 275 277 281 301 302 303 
305 306 307 316 326 328 330 331 334 338 340 343 
347 349 356 358 359 362 369 372 373 378 383 385 
386 388 396 397 399 404 406 408 411 412 415 418 
420 423 424 428 437 441 446 448 449 451 457 458 
460 464 466 467 470 471 474 477 481 482 483 484 
489 491 495 498 500 504 507 510 513 516 517 523 
529 532 538 550 551 552 553 554 558 561 564 565 
568 570 572 578 587 590 592 593 596 599 601 602 
604 610 611 612 616 618 619 625 628 629 630 632 
634 636 638 640 642 643 646 647 651 658 660 661 
663 664 665 674 676 677 678 681 684 689 691 693 
694 697 710 711 713 714 715 716 717 718 720 722 
724 726 727 728 735 738 740 745 748 755 756 762 
768 770 772 776 778 779 780 781 786 787 791 793 
797 798 799 800 
231
1 2 6 8 12 23 27 28 34 35 37 39 
42 46 47 48 50 51 54 57 60 61 66 67 
83 84 87 90 101 102 104 106 112 117 118 120 
123 127 129 130 137 138 145 152 157 159 161 163 
168 170 177 179 194 204 205 206 213 214 215 217 
223 224 227 228 229 230 234 239 245 248 251 258 
261 262 268 282 285 286 287 288 292 293 294 295 
301 306 307 309 310 311 317 318 321 322 323 327 
329 330 333 337 350 352 356 358 359 373 382 383 
385 386 389 403 404 405 406 410 411 416 418 421 
423 427 428 429 430 431 432 435 442 443 444 448 
454 455 463 465 467 469 470 471 472 473 475 481 
486 487 494 496 499 502 507 508 520 521 523 528 
530 531 532 533 537 538 540 541 548 560 567 571 
576 580 583 587 591 603 604 607 608 619 621 625 
629 631 637 640 643 645 648 652 655 658 659 661 
662 664 665 672 675 676 678 680 695 697 699 701 
703 704 706 707 725 726 733 735 736 740 741 742 
744 747 748 752 754 765 767 771 772 776 789 790 
795 796 798 
237
2 5 6 10 16 18 20 21 22 25 26 27 
31 32 37 43 45 47 48 49 51 53 54 56 
57 59 61 63 65 67 68 69 70 72 74 77 
83 84 93 97 99 101 106 110 111 122 126 127 
134 136 138 140 142 148 159 163 169 170 172 173 
177 180 188 189 192 194 197 201 205 209 213 215 
218 222 225 231 235 236 238 239 240 242 245 247 
248 252 253 254 255 262 276 280 284 289 292 295 
296 298 299 304 308 310 316 317 327 329 331 337 
338 344 348 349 351 353 356 360 361 364 369 371 
374 377 378 381 382 383 385 386 394 395 398 404 
411 412 421 427 431 436 443 444 446 447 448 458 
465 466 468 470 472 473 474 477 480 483 485 488 
493 501 502 507 511 516 527 529 530 535 536 542 
546 550 551 553 555 562 569 570 573 578 585 588 
589 590 592 593 595 597 600 604 606 609 618 623 
625 627 633 636 637 643 648 652 654 655 659 665 
679 681 683 684 685 693 694 695 703 704 706 712 
714 720 722 733 734 735 736 739 743 745 747 750 
752 757 768 769 770 780 781 788 800 
213
1 2 3 6 9 23 26 27 29 31 32 38 
45 49 50 55 60 61 62 63 64 70 76 79 
85 89 96 97 100 113 114 117 119 122 124 127 
129 133 134 138 141 144 151 153 157 161 162 166 
168 169 172 178 179 186 195 196 197 202 209 213 
215 217 218 223 225 227 238 239 241 244 247 250 
251 257 259 263 268 270 274 278 281 283 291 293 
294 303 311 313 315 317 321 322 325 330 332 333 
337 338 340 344 350 357 359 365 369 370 373 375 
378 383 390 393 396 397 410 412 418 419 423 431 
437 442 451 452 454 455 458 461 462 465 470 473 
475 476 479 483 488 490 501 502 503 504 509 510 
512 521 527 531 534 537 539 541 543 553 557 559 
568 571 579 582 584 592 597 606 607 609 616 618 
621 622 624 634 636 640 642 645 649 659 662 665 
672 673 675 680 684 690 692 696 698 702 706 709 
712 714 715 716 718 729 746 756 763 764 767 770 
771 774 783 784 788 790 792 799 800 
242
2 3 11 12 13 15 16 18 19 23 33 35 
40 46 47 49 53 57 58 63 65 69 74 78 
79 83 84 94 95 100 101 103 114 118 121 123 
125 129 130 131 136 139 144 148 152 153 168 169 
170 174 175 176 177 178 181 182 184 188 189 195 
199 204 206 208 211 214 215 220 222 227 231 233 
243 244 245 246 251 257 261 262 263 272 274 277 
281 285 291 300 304 310 315 322 325 327 329 330 
331 332 338 339 341 342 344 346 349 355 357 359 
362 365 366 368 369 372 373 374 377 378 380 381 
383 384 386 394 397 400 407 410 412 417 419 421 
422 429 438 447 448 451 453 454 458 460 462 465 
469 472 479 484 487 502 504 507 517 525 528 530 
533 534 535 538 539 540 541 542 546 547 548 551 
571 578 583 584 586 592 596 605 607 610 614 617 
620 621 626 627 630 635 636 639 641 645 653 654 
655 659 663 670 671 672 674 676 677 687 689 693 
695 696 697 699 700 708 712 714 715 717 718 719 
722 723 724 725 728 730 732 733 739 741 750 761 
762 763 766 767 768 770 771 774 784 787 789 790 
799 800 
251
4 5 6 7 8 16 23 27 28 29 39 44 
47 50 52 56 58 59 63 67 70 73 77 80 
82 88 89 92 93 97 104 105 107 110 116 117 
119 126 129 130 131 141 142 143 144 149 151 152 
155 157 159 161 166 168 169 173 175 176 177 179 
181 185 187 193 194 195 197 203 207 211 212 213 
225 227 228 230 231 232 236 238 239 241 242 245 
246 247 248 249 251 258 261 272 273 276 281 284 
285 288 294 298 301 304 308 311 317 320 325 328 
330 331 334 336 338 339 344 346 348 350 357 358 
359 361 364 367 371 376 378 379 380 390 394 399 
400 402 403 405 410 418 420 422 425 427 436 437 
438 443 445 448 449 451 452 454 455 457 461 467 
469 471 475 477 482 483 484 485 487 488 492 497 
498 500 501 502 507 508 515 529 530 531 532 538 
539 541 543 546 549 551 555 558 559 561 564 566 
573 576 580 582 585 589 590 591 592 600 602 604 
606 609 612 615 616 617 618 619 625 628 635 642 
644 649 651 653 655 663 671 682 683 692 694 701 
704 706 708 710 712 725 729 737 740 745 748 750 
752 755 763 765 767 774 775 778 784 791 798 
256
4 7 8 10 21 23 24 25 35 39 44 48 
50 53 62 67 70 71 74 81 83 85 86 92 
93 94 96 101 102 103 104 108 109 110 112 114 
117 119 120 121 132 136 138 146 147 156 157 160 
161 165 168 169 176 183 188 189 194 196 200 203 
204 208 212 221 226 228 229 233 234 240 241 242 
245 248 252 255 257 258 259 263 264 270 271 276 
277 278 283 284 286 290 291 292 295 296 297 298 
301 303 305 313 322 324 328 329 336 341 343 345 
348 349 355 367 370 373 377 380 385 387 391 392 
394 400 402 403 406 407 408 412 413 415 417 421 
424 427 429 431 432 436 437 438 441 442 443 446 
449 451 453 455 456 457 467 468 472 474 483 484 
485 494 496 497 499 500 505 509 514 515 519 524 
528 531 534 536 540 545 548 550 553 555 557 559 
564 565 566 568 571 572 573 574 575 580 582 585 
587 591 592 595 605 607 612 613 622 624 625 626 
630 633 635 638 641 652 658 660 668 678 681 689 
691 693 695 706 707 710 711 714 716 721 724 725 
726 732 735 737 738 740 742 743 744 745 753 754 
755 759 761 763 764 774 777 781 783 785 786 787 
789 790 796 800 
238
1 5 8 15 16 26 28 29 30 31 32 33 
40 46 47 52 54 56 60 62 63 73 78 80 
82 83 93 97 98 99 102 105 107 108 113 115 
124 126 128 136 138 142 144 146 147 153 156 158 
159 161 162 163 168 170 173 175 176 186 193 205 
209 210 212 215 223 226 229 231 234 235 236 237 
239 243 246 253 256 261 263 265 266 270 271 274 
276 277 278 279 283 289 290 293 297 304 307 310 
311 314 315 318 321 325 330 339 344 345 349 351 
357 359 360 363 367 373 378 379 380 384 397 398 
402 414 430 432 433 434 439 445 446 447 448 451 
453 455 464 465 476 477 481 485 488 491 494 495 
502 503 505 506 507 514 517 523 532 534 538 545 
547 550 558 559 560 563 569 576 577 578 583 585 
589 591 600 602 605 608 611 614 616 617 618 628 
629 632 633 636 638 641 644 649 651 653 654 655 
658 659 662 663 667 670 675 676 678 681 683 685 
686 688 692 694 697 698 699 700 702 703 706 711 
715 716 723 728 730 733 736 744 748 753 756 760 
762 763 765 771 772 783 784 792 793 799 
254
1 4 12 13 15 20 23 26 27 28 30 32 
34 35 39 45 50 63 76 77 86 87 94 102 
104 105 106 108 109 113 114 115 116 120 121 140 
143 144 146 152 155 158 160 161 166 168 169 175 
176 180 181 184 185 186 187 188 191 195 197 201 
202 213 214 215 216 220 224 229 231 237 240 243 
245 249 250 252 253 261 263 269 271 292 293 294 
296 302 307 309 310 311 313 320 321 323 329 335 
340 347 350 351 354 357 362 365 366 369 370 372 
374 375 376 379 382 388 395 396 398 405 408 417 
418 420 422 427 431 438 440 441 442 445 448 449 
457 458 459 463 465 468 469 474 476 479 487 491 
492 494 498 501 502 506 509 511 520 527 528 531 
533 535 538 540 544 553 557 559 560 561 568 570 
572 574 578 582 583 584 585 587 591 592 594 597 
598 609 611 613 616 617 621 623 624 625 626 629 
630 633 637 639 646 649 651 653 654 657 659 663 
665 666 667 668 670 672 676 684 685 686 689 695 
697 700 702 703 706 707 708 709 711 715 716 717 
719 720 723 724 726 734 738 742 744 745 746 747 
748 754 757 758 759 760 771 773 777 782 789 791 
793 797 
244
2 17 19 22 26 28 36 37 41 42 44 46 
48 49 53 55 56 58 59 61 63 65 68 78 
79 83 85 91 94 95 101 105 106 107 108 110 
111 112 113 120 122 123 132 133 134 135 140 141 
142 144 148 162 172 173 175 176 177 179 182 193 
197 199 200 201 206 211 212 213 216 228 229 232 
234 235 236 237 239 244 245 247 250 252 259 260 
272 273 276 279 280 285 294 296 297 302 303 310 
312 315 316 318 319 320 323 327 330 331 332 341 
346 352 357 359 361 368 369 371 373 374 378 381 
383 386 390 394 403 404 406 410 411 415 416 420 
424 426 429 433 434 439 441 445 449 451 452 454 
455 458 459 462 470 473 478 479 486 487 491 497 
498 500 509 520 521 522 527 531 534 537 545 546 
549 550 558 564 570 573 574 582 587 597 601 602 
605 606 614 619 621 626 627 628 631 632 636 637 
638 640 660 661 664 667 668 669 672 676 682 685 
687 695 696 700 701 706 708 709 710 713 716 723 
726 727 728 731 733 734 735 744 746 749 750 751 
753 755 759 760 763 768 770 779 782 785 788 789 
791 797 799 800 
243
3 18 21 26 27 28 31 33 37 38 42 43 
46 53 56 68 69 70 74 76 83 85 87 88 
91 97 98 107 109 113 117 118 124 127 128 135 
136 139 146 149 150 151 156 162 170 172 174 180 
182 183 184 187 188 189 190 194 199 201 203 212 
219 221 224 226 230 233 234 237 240 241 242 246 
249 259 263 269 272 273 277 280 284 289 294 299 
300 305 308 310 311 313 317 320 324 325 326 333 
338 339 346 347 349 353 359 360 362 364 372 376 
379 387 389 395 399 402 403 405 406 411 412 417 
423 428 429 431 432 434 436 437 439 442 446 449 
451 453 457 468 471 481 485 486 489 498 502 504 
509 510 511 512 514 515 518 524 525 532 536 543 
544 545 549 550 554 558 561 562 567 570 571 574 
575 580 582 583 587 588 592 598 601 604 611 612 
616 617 620 621 625 629 630 632 633 634 643 647 
648 649 650 651 655 656 659 660 663 667 675 677 
678 679 681 685 687 689 693 698 699 704 706 710 
711 712 714 729 736 740 741 742 743 747 748 764 
765 768 775 777 780 781 784 785 788 789 794 796 
797 799 800 
223
3 6 9 15 16 17 24 28 30 32 37 38 
39 43 45 48 53 54 60 62 65 68 70 72 
73 79 82 86 91 92 94 104 109 115 116 117 
119 129 130 131 132 135 153 165 166 167 173 174 
177 181 182 186 187 197 200 202 205 207 214 222 
223 227 229 234 240 242 246 253 258 259 262 266 
268 269 272 278 282 286 289 300 310 311 316 319 
326 327 331 332 334 336 337 339 348 350 352 353 
356 360 361 363 367 372 376 379 381 386 387 390 
392 393 401 405 409 410 411 412 413 429 434 438 
442 445 448 458 466 471 472 476 478 483 490 492 
493 497 500 502 507 510 513 516 517 519 521 522 
526 527 528 529 531 537 540 553 557 559 560 562 
563 570 571 576 582 584 587 588 598 600 602 612 
616 618 622 626 630 633 641 646 652 660 662 663 
664 669 671 672 676 679 680 687 688 690 701 702 
704 714 718 727 731 733 734 736 738 740 743 747 
749 752 755 759 765 767 768 769 771 773 774 775 
776 782 784 785 791 793 798 
246
1 2 8 11 12 22 24 26 27 38 41 43 
52 53 59 61 65 71 73 74 76 77 79 87 
88 89 94 110 114 124 126 129 134 142 143 144 
146 150 151 155 156 157 159 171 172 174 182 188 
193 195 197 198 199 201 202 203 204 206 211 213 
214 217 228 230 231 232 234 239 242 245 248 249 
250 251 253 256 257 265 266 272 278 280 285 287 
292 296 297 300 301 310 314 317 319 320 321 323 
324 332 333 334 338 339 342 345 346 352 357 365 
372 373 377 381 383 385 388 392 398 404 407 410 
412 413 414 416 422 424 425 427 428 430 432 436 
441 445 446 448 450 452 453 454 455 456 463 464 
466 467 468 472 473 475 476 479 488 490 492 496 
505 507 509 510 516 517 518 520 525 526 530 531 
533 538 543 546 552 554 555 556 557 558 561 563 
581 583 590 596 601 604 607 610 611 612 613 614 
622 623 629 633 647 649 650 652 655 657 658 660 
662 668 672 673 675 681 685 688 689 692 697 699 
701 702 703 706 708 709 712 719 722 723 729 731 
735 737 739 744 745 748 750 755 761 765 767 771 
772 777 784 787 791 800 
248
5 6 8 11 12 14 15 17 24 30 32 35 
36 37 40 41 45 46 49 57 64 71 72 83 
84 87 93 101 105 107 108 111 115 118 119 120 
122 123 125 126 130 135 139 141 143 149 150 151 
154 161 163 164 174 176 177 179 181 182 187 189 
196 199 200 202 204 210 211 212 214 216 218 222 
224 226 228 230 233 239 240 242 246 249 252 259 
263 264 265 269 281 282 286 287 290 292 296 299 
305 306 307 310 312 315 316 320 321 326 328 331 
334 343 344 348 350 352 358 370 372 373 376 379 
380 381 383 384 387 388 389 399 401 412 413 418 
419 424 425 427 430 433 440 446 449 453 455 460 
463 465 469 470 475 476 479 486 487 492 496 498 
505 509 512 514 517 518 522 525 526 528 531 532 
535 538 539 541 543 548 549 565 567 575 576 586 
589 593 594 601 604 607 608 614 616 627 630 631 
638 643 647 649 654 658 659 662 663 665 672 676 
678 679 685 686 688 689 690 695 697 698 699 700 
702 705 706 709 712 714 716 720 724 726 728 733 
734 737 738 739 741 743 750 755 757 758 765 768 
780 784 786 787 789 791 794 797 
255
2 5 7 8 11 15 17 38 40 41 44 46 
51 55 56 57 64 67 69 70 78 80 81 83 
85 86 88 89 93 95 96 98 101 111 112 113 
118 124 128 133 135 138 142 144 145 146 152 154 
155 159 160 161 162 166 167 171 172 176 181 186 
187 188 190 194 195 200 204 205 206 208 210 211 
214 221 227 228 231 232 237 239 240 242 243 244 
253 254 257 258 261 265 267 268 269 270 275 280 
285 288 289 292 295 302 307 314 322 323 324 328 
329 330 334 337 339 341 345 346 354 360 365 367 
368 371 375 376 377 379 388 389 390 394 395 397 
399 401 406 415 416 417 420 421 424 429 430 435 
438 439 448 449 452 454 455 457 458 466 468 477 
480 481 482 484 488 494 501 506 509 514 517 519 
526 531 532 534 536 538 539 543 544 545 548 553 
556 559 562 569 574 579 584 586 587 590 594 599 
600 603 607 608 610 617 620 623 625 630 631 635 
636 640 641 644 646 647 649 655 663 665 673 681 
682 684 688 693 694 705 709 715 720 722 724 727 
730 735 736 739 743 745 749 750 756 757 759 761 
762 763 773 774 776 777 780 786 788 789 790 792 
793 794 798 
261
5 10 15 21 23 30 32 33 36 37 39 41 
42 48 51 54 64 65 66 67 70 74 79 81 
82 89 92 95 102 103 104 109 112 114 115 117 
121 122 125 130 135 137 140 141 142 145 146 148 
151 154 163 167 169 170 173 179 182 183 187 193 
204 205 206 215 217 219 221 226 229 230 231 232 
236 238 239 245 258 259 260 262 265 266 267 271 
272 275 276 280 286 287 288 289 290 292 293 301 
302 306 307 313 316 317 318 329 335 348 351 353 
356 360 361 363 364 366 371 374 382 385 388 395 
396 403 406 407 409 411 415 416 418 427 434 435 
444 446 448 449 450 452 453 454 464 465 466 469 
471 473 476 481 483 486 487 491 493 494 497 499 
506 507 510 511 512 514 516 518 519 523 526 531 
532 533 541 543 544 547 554 555 558 561 563 564 
566 568 571 572 575 577 581 583 584 587 589 591 
593 595 599 604 606 608 610 611 613 614 618 619 
628 630 631 633 643 644 646 659 662 668 673 675 
681 684 686 687 690 691 692 693 701 703 707 712 
716 719 721 722 723 724 727 729 734 737 738 741 
744 745 753 759 763 764 765 768 771 778 780 783 
786 787 788 790 792 793 794 795 799 
226
1 2 10 15 18 22 24 36 40 48 49 56 
69 70 71 72 74 81 88 89 91 94 98 104 
105 108 111 114 115 116 119 120 121 124 127 128 
131 133 134 144 150 161 162 163 170 171 173 179 
185 189 192 201 204 206 207 210 222 228 232 233 
235 244 247 262 263 265 266 268 273 279 282 292 
295 297 302 310 312 315 316 317 318 319 321 322 
325 331 332 334 339 342 344 354 363 367 369 374 
376 377 379 382 383 387 392 394 399 401 402 407 
413 415 418 427 429 431 433 435 436 437 438 447 
450 453 456 460 464 466 467 468 469 473 474 487 
489 491 495 496 497 500 504 507 512 515 516 517 
518 520 527 530 532 536 540 541 545 549 552 558 
561 563 569 573 574 575 577 578 580 581 591 595 
598 602 607 617 624 627 633 637 638 639 646 649 
651 657 659 662 664 666 671 672 676 678 682 684 
685 690 691 694 699 704 707 710 712 721 725 726 
737 741 748 758 759 762 763 766 767 769 771 773 
775 779 780 784 785 786 792 793 794 796 
240
10 12 15 17 21 23 26 28 29 35 59 61 
64 68 73 75 82 84 87 89 94 99 101 110 
111 114 116 118 120 125 133 134 138 141 144 150 
153 154 161 162 165 170 171 174 175 177 180 186 
190 197 206 208 215 219 220 223 229 230 234 235 
236 237 246 247 254 262 268 271 272 274 275 280 
283 284 285 287 290 292 293 297 298 300 302 305 
311 312 313 314 319 320 321 326 327 328 330 332 
334 337 342 345 348 354 356 358 361 363 371 373 
374 380 383 386 387 389 391 392 400 402 403 406 
410 415 420 421 424 428 430 432 433 434 436 440 
441 444 445 454 456 457 462 463 464 466 469 473 
476 478 483 492 493 497 501 505 512 513 516 520 
525 531 559 560 564 565 569 575 579 580 587 592 
597 598 601 603 604 607 612 613 614 615 620 621 
624 628 631 640 643 645 646 651 652 656 659 661 
668 670 673 674 677 678 683 688 692 701 702 706 
707 708 710 714 715 721 722 724 726 728 731 734 
740 745 747 749 750 752 753 756 758 761 766 773 
776 782 783 784 787 789 791 793 795 796 798 799 
239
7 10 12 13 19 23 33 37 39 40 41 42 
43 46 48 50 57 62 63 66 68 72 81 83 
89 90 93 94 96 99 102 104 107 108 111 113 
114 116 118 120 127 128 129 131 139 142 143 146 
147 150 152 155 156 157 161 162 164 165 179 180 
181 182 186 187 190 203 215 216 218 222 229 235 
236 237 238 239 241 244 247 250 254 255 258 265 
268 272 273 274 275 278 279 286 295 303 310 314 
323 325 329 331 332 333 339 342 343 344 348 352 
355 358 359 361 364 366 374 377 378 393 395 399 
401 403 406 415 417 422 428 430 431 441 445 446 
456 459 460 464 466 467 469 471 472 479 480 481 
482 484 489 490 491 492 493 494 496 499 506 515 
518 520 522 523 528 541 547 550 552 554 559 563 
576 578 580 583 587 588 591 604 609 610 619 620 
625 628 634 635 644 651 653 661 664 665 667 672 
674 675 676 677 680 683 686 688 690 692 693 694 
697 698 700 705 707 709 711 715 717 719 723 724 
725 727 730 731 732 734 740 744 745 746 749 752 
755 767 768 773 775 778 784 787 789 794 800 
230
2 4 9 10 13 20 22 24 27 28 31 36 
43 57 62 63 66 70 74 76 78 86 87 91 
97 99 102 104 109 110 113 119 120 122 125 131 
132 138 139 144 145 150 154 158 160 166 170 173 
174 182 183 184 187 188 191 192 199 200 210 214 
217 223 224 228 239 241 247 248 250 252 253 254 
265 268 270 272 279 282 284 287 292 295 296 297 
298 299 300 301 314 315 317 318 319 322 323 329 
332 339 341 347 348 349 350 355 357 358 359 360 
362 371 379 381 384 388 394 401 402 403 411 412 
414 417 423 424 428 432 438 439 441 444 445 449 
458 463 466 468 471 481 482 483 489 493 494 496 
501 510 513 514 518 519 529 531 532 534 535 540 
543 544 545 550 554 557 564 567 573 574 576 577 
591 592 596 598 600 602 603 612 613 614 618 620 
627 628 630 635 640 646 652 659 661 663 668 669 
670 671 677 681 683 686 691 692 696 697 698 701 
704 706 714 717 718 727 728 729 742 744 745 746 
747 754 756 758 763 765 769 778 784 785 789 795 
798 799 
217
1 7 8 12 14 22 25 34 36 42 50 55 
58 61 73 74 75 77 81 82 83 88 90 92 
100 101 103 105 106 114 119 121 122 124 126 128 
129 130 131 135 140 142 151 155 157 158 160 163 
165 168 176 177 180 184 186 187 188 197 201 202 
212 216 220 222 223 224 225 228 235 236 240 245 
254 255 256 266 271 278 279 285 290 308 312 313 
318 321 322 323 327 333 344 351 359 363 368 371 
375 377 388 389 392 396 400 404 406 412 414 419 
420 430 435 443 445 454 455 459 461 462 471 474 
480 483 492 496 498 506 509 512 519 521 522 530 
535 540 541 543 546 551 557 559 560 561 562 563 
565 570 572 574 575 576 577 579 587 597 600 603 
605 606 608 609 611 612 614 615 618 620 623 624 
626 627 633 637 642 644 649 650 651 652 653 655 
656 657 660 666 678 684 687 689 690 694 695 700 
701 704 705 712 717 727 733 750 751 753 758 761 
769 770 771 776 777 782 786 789 791 792 794 795 
796 
252
3 4 11 12 15 20 22 24 31 32 34 42 
43 44 47 50 53 61 62 68 73 74 79 83 
87 88 91 92 93 95 97 101 103 105 109 112 
113 117 120 123 125 126 127 130 132 133 135 136 
141 143 148 151 157 160 171 172 178 179 181 182 
188 192 194 198 201 206 212 214 216 217 220 221 
222 224 228 233 236 237 246 247 248 251 253 257 
261 263 264 266 269 270 271 274 279 281 282 283 
285 286 287 289 297 298 303 313 314 317 321 324 
327 328 330 331 332 333 334 338 340 344 350 357 
359 360 361 367 372 375 379 380 381 393 395 398 
402 403 404 408 413 415 416 421 427 428 429 433 
437 446 448 450 457 462 464 469 474 477 480 482 
483 484 486 489 495 496 497 503 504 506 509 514 
515 523 524 530 531 532 540 541 544 546 551 552 
555 558 559 562 568 569 572 576 586 589 591 593 
594 598 601 602 606 628 629 630 631 635 636 637 
644 646 650 653 656 664 666 670 673 674 675 680 
692 697 698 702 704 705 706 713 720 722 723 726 
727 731 734 736 739 742 747 750 751 755 756 757 
758 761 768 769 770 776 779 782 785 788 791 793 
237
6 7 8 10 12 17 22 26 29 35 37 38 
39 40 44 45 47 48 51 56 57 59 61 62 
71 82 84 88 92 100 106 123 124 125 129 132 
137 138 140 141 142 144 145 153 156 159 168 169 
170 171 172 189 190 193 195 196 199 207 208 210 
212 217 218 220 223 224 226 230 233 234 235 236 
242 245 253 256 262 264 267 272 274 275 278 279 
280 281 282 283 289 292 293 294 296 297 299 302 
303 306 316 322 323 325 329 332 335 336 339 340 
344 348 352 356 357 358 365 366 368 369 374 377 
378 387 391 392 395 399 401 408 410 411 412 414 
417 423 427 429 444 446 450 452 455 463 466 473 
475 483 484 487 492 495 496 501 502 503 518 520 
521 522 527 531 532 539 548 557 558 561 563 567 
568 570 573 574 580 581 584 594 595 596 597 604 
614 623 624 630 632 634 635 636 637 639 641 645 
647 651 664 665 667 669 671 672 675 681 683 684 
686 690 691 698 706 711 722 726 727 732 734 737 
740 741 743 746 748 751 754 756 761 762 764 768 
773 776 783 785 787 791 792 795 799 
228
12 17 18 21 24 26 29 32 36 45 53 57 
63 64 66 69 72 73 74 77 78 80 85 86 
87 88 97 99 100 102 103 106 111 112 118 126 
127 131 134 137 139 148 154 158 162 166 167 174 
177 178 180 186 188 193 197 198 201 207 208 210 
213 220 235 239 247 250 254 255 257 266 269 276 
281 285 286 289 291 292 296 297 300 302 304 307 
313 318 319 320 322 325 326 330 332 333 338 340 
348 351 357 358 359 360 361 362 363 365 369 376 
381 382 385 392 394 396 401 404 405 410 413 416 
426 428 433 441 444 445 450 459 463 464 465 466 
467 469 470 472 473 476 479 480 483 493 495 497 
500 504 505 507 508 526 529 534 535 536 537 539 
547 553 556 560 561 564 568 569 584 586 587 590 
596 597 598 599 601 605 613 617 618 622 634 636 
638 639 644 649 651 654 655 656 658 659 660 663 
664 669 671 680 682 686 688 690 692 694 695 696 
704 711 712 716 718 720 722 723 730 731 734 748 
751 753 759 760 771 773 774 777 778 790 792 800 
232
6 9 12 15 16 20 28 32 34 35 36 37 
43 44 48 50 51 53 55 56 57 75 81 82 
86 87 88 89 99 100 103 104 106 108 111 115 
116 121 125 129 131 133 137 139 141 144 146 147 
151 153 166 167 169 171 172 181 184 188 193 202 
204 216 218 220 221 226 232 233 240 246 247 248 
249 250 259 263 268 279 280 282 283 284 290 291 
292 294 295 296 306 308 309 312 316 317 318 320 
323 326 333 334 335 339 346 347 352 353 359 363 
370 377 379 381 383 384 385 386 390 392 393 398 
404 405 406 408 409 412 413 425 431 436 441 447 
451 452 453 457 462 469 473 477 478 482 494 498 
502 507 521 522 528 539 541 545 548 550 551 553 
557 558 560 561 563 564 565 576 577 578 579 581 
583 587 589 591 602 603 604 607 608 610 614 619 
625 628 636 637 642 645 646 654 657 658 659 660 
661 663 664 666 667 668 674 685 687 688 691 696 
698 703 706 710 711 712 719 720 722 724 733 736 
747 748 749 750 751 757 758 767 770 772 776 781 
784 786 787 791 
246
3 8 12 13 18 20 23 30 46 48 50 62 
64 75 87 96 98 101 102 109 111 114 127 128 
129 136 139 141 145 148 150 152 155 157 158 160 
161 162 165 166 167 175 177 179 180 182 183 184 
185 187 192 196 198 200 205 210 213 222 225 228 
232 233 239 240 242 243 250 255 256 259 260 263 
269 271 274 277 281 286 290 296 297 299 302 307 
309 314 315 317 318 320 321 323 325 327 329 331 
332 333 334 342 345 348 353 355 369 371 372 373 
374 381 384 385 394 396 399 404 405 407 409 410 
412 413 414 416 419 428 429 432 435 436 441 442 
443 446 452 454 455 458 462 469 470 472 477 480 
482 483 489 491 493 494 495 497 500 503 504 505 
507 512 513 516 525 526 527 529 541 544 546 550 
557 565 567 572 582 583 589 595 601 603 604 611 
613 614 617 618 620 625 627 629 631 633 635 639 
643 646 648 649 651 653 654 655 657 661 664 665 
666 668 673 675 677 679 683 685 686 690 691 692 
697 701 709 712 714 722 723 724 728 733 735 736 
738 741 745 750 758 762 764 767 768 770 771 782 
783 787 790 791 797 800 
215
5 11 14 18 23 30 33 45 48 49 50 55 
56 58 59 70 72 76 79 80 88 91 105 107 
108 114 118 125 126 127 137 149 155 161 164 166 
169 172 179 180 181 185 186 187 197 198 202 203 
206 209 210 212 213 224 226 239 240 245 246 249 
254 258 260 262 263 264 267 271 272 276 281 284 
287 297 305 306 309 311 312 322 324 330 338 340 
341 344 345 351 352 355 356 357 359 361 366 367 
372 374 376 377 390 394 395 396 398 399 400 403 
406 415 421 428 430 433 439 440 441 446 450 454 
466 467 476 480 484 485 486 488 489 491 492 495 
501 504 505 513 514 516 518 523 534 539 545 546 
549 553 554 558 559 563 566 567 571 574 576 577 
585 587 589 591 600 601 604 608 609 610 624 627 
630 631 632 635 644 649 650 652 661 669 673 674 
677 678 679 683 687 696 698 699 702 703 704 706 
710 711 712 715 716 720 729 730 731 739 740 745 
747 748 760 769 774 775 786 791 793 798 800 
247
6 14 15 18 19 21 23 25 26 27 32 33 
35 43 44 46 47 51 52 55 57 61 65 67 
69 73 74 75 76 82 92 94 100 103 105 110 
122 124 125 126 127 132 140 141 146 150 151 152 
161 166 170 174 175 176 177 190 192 194 196 199 
200 205 211 212 218 219 220 228 230 232 237 238 
244 262 267 270 271 273 274 278 281 287 289 290 
292 294 297 298 304 308 310 313 314 315 316 319 
323 325 330 332 333 334 336 337 342 350 353 361 
362 365 368 372 373 380 382 385 391 394 400 401 
404 408 411 416 418 422 432 437 439 441 449 451 
453 455 456 462 465 476 479 483 485 486 487 488 
494 501 506 508 512 516 521 523 524 525 530 531 
533 535 539 542 547 555 558 559 560 561 566 567 
570 573 574 578 581 585 587 594 601 602 605 608 
613 614 615 618 622 623 624 629 630 632 633 639 
641 645 646 649 651 653 664 666 667 674 677 684 
688 692 695 697 702 703 704 706 710 716 718 719 
722 733 741 742 743 745 747 748 751 752 755 758 
760 761 763 769 773 775 776 783 784 785 786 789 
790 792 793 794 796 797 799 
240
1 10 15 33 36 42 43 47 49 54 55 64 
70 73 84 86 87 96 97 98 103 116 123 130 
131 134 139 142 143 145 162 165 169 171 173 178 
181 183 185 186 194 195 196 200 202 203 207 213 
220 223 224 227 229 230 232 237 241 250 255 256 
259 260 265 268 269 271 273 275 279 280 284 285 
291 293 302 303 306 311 312 314 317 318 330 332 
336 337 338 341 343 345 347 349 353 354 356 357 
359 363 366 368 370 371 373 375 378 379 381 384 
388 393 397 398 400 402 406 410 415 420 421 424 
431 438 439 444 447 452 460 463 466 467 479 483 
486 488 492 493 494 497 498 499 501 515 519 529 
530 532 536 542 544 545 546 547 550 551 554 555 
558 559 561 562 566 574 576 578 590 592 599 606 
609 613 615 617 622 624 628 630 634 636 638 643 
644 648 650 652 655 657 659 660 664 666 668 672 
673 675 676 677 683 684 687 688 689 690 694 696 
697 702 707 714 715 716 717 729 732 736 738 739 
740 743 749 752 753 759 762 763 767 768 769 772 
773 776 777 779 780 781 783 786 787 792 793 799 
256
1 7 10 15 17 18 21 23 28 34 35 43 
45 46 51 55 56 62 63 66 67 72 73 75 
79 81 84 87 93 100 105 111 117 120 126 129 
132 133 134 137 138 139 140 143 144 146 147 151 
155 156 160 165 178 181 183 187 192 197 199 202 
206 208 211 216 218 220 221 224 226 230 233 234 
236 241 242 246 252 253 255 258 260 267 275 277 
279 284 285 301 304 309 314 315 317 320 322 323 
324 327 328 331 332 335 336 337 339 342 343 345 
346 352 360 361 362 364 367 370 371 372 374 377 
379 386 388 390 394 395 396 406 408 411 413 415 
416 417 418 419 421 428 431 438 439 440 441 442 
448 453 455 459 460 462 466 468 473 476 479 483 
484 485 486 488 491 494 495 497 498 507 508 509 
512 513 514 515 519 520 521 524 528 530 532 537 
538 539 540 544 545 547 555 556 559 570 572 577 
579 583 587 588 591 597 607 609 614 617 619 625 
627 630 638 640 641 644 646 653 654 655 661 662 
664 665 668 670 673 676 677 679 680 685 697 698 
700 711 718 722 726 734 736 740 741 742 743 745 
746 752 756 758 760 761 764 768 769 777 779 780 
788 789 793 800 
225
1 2 4 5 6 8 11 12 19 27 29 31 
40 41 43 53 54 56 57 59 60 63 73 74 
76 82 83 84 86 87 89 91 97 99 107 108 
109 111 113 128 130 135 138 143 145 147 150 154 
164 166 167 168 176 179 182 184 185 201 203 217 
219 222 225 231 235 236 241 242 251 255 256 257 
261 262 263 268 272 275 278 281 283 292 299 300 
304 308 309 315 323 324 327 330 340 343 347 348 
353 360 365 369 372 377 385 398 405 407 408 409 
411 412 417 419 423 424 425 429 436 438 439 441 
447 448 453 456 460 463 465 466 469 470 477 488 
492 498 499 504 505 508 509 513 516 518 520 523 
524 534 542 550 552 553 562 572 573 574 577 579 
581 582 583 592 599 601 603 605 611 616 618 619 
620 625 626 627 628 629 630 632 637 641 642 646 
647 649 652 653 656 659 662 663 667 669 671 674 
675 676 684 687 688 690 693 702 703 706 710 717 
722 727 737 742 743 756 759 760 764 772 773 774 
775 779 780 784 785 786 792 796 799 
264
11 12 15 21 22 26 28 33 34 39 52 55 
57 59 60 67 68 69 71 72 73 75 76 83 
85 87 88 89 94 95 97 100 105 107 108 110 
113 117 119 124 126 127 128 130 137 138 141 146 
147 150 153 155 160 161 170 172 176 179 180 185 
186 187 189 194 197 203 204 206 208 210 216 224 
227 228 229 230 232 233 245 246 253 254 257 258 
263 268 276 278 279 287 290 294 296 297 299 307 
309 310 316 319 321 322 325 328 329 330 331 334 
338 340 341 342 343 344 346 349 351 353 354 358 
359 361 363 364 365 367 369 371 374 375 376 381 
382 387 388 394 396 400 402 409 414 415 417 419 
420 422 428 429 430 431 432 433 434 446 452 455 
462 467 469 471 477 478 481 490 495 496 502 507 
508 510 514 519 523 527 532 534 536 538 540 541 
542 547 555 557 562 570 571 573 579 585 591 595 
596 598 599 600 603 607 609 610 615 616 621 627 
630 635 636 639 640 644 646 649 657 659 660 662 
664 666 668 670 672 673 676 680 681 683 685 688 
691 694 704 709 712 717 721 722 728 734 739 740 
741 743 745 747 749 751 752 753 754 756 757 758 
764 767 768 776 777 778 781 783 787 792 793 799 
234
4 9 16 18 20 22 24 30 33 35 38 41 
42 43 44 58 60 62 64 70 73 77 82 87 
90 91 94 101 103 104 112 114 115 116 119 120 
121 127 129 142 147 151 157 162 163 176 178 181 
184 188 202 204 205 211 213 214 217 218 223 226 
230 232 235 236 242 243 249 256 262 264 268 272 
274 275 277 278 279 280 282 285 286 288 289 292 
294 296 297 298 300 307 310 312 314 319 322 323 
324 329 332 340 344 350 351 354 369 370 372 376 
380 381 382 383 384 388 390 396 399 401 403 412 
418 419 424 426 428 432 435 438 439 440 442 445 
450 452 456 458 461 463 465 468 469 470 471 473 
479 480 486 490 494 503 507 512 514 516 522 523 
524 525 531 533 536 545 547 550 554 556 567 570 
574 577 579 583 586 587 590 593 596 597 599 604 
605 609 615 616 620 625 634 645 646 647 649 650 
656 657 658 661 669 672 676 679 680 681 683 686 
687 697 700 701 702 706 707 711 719 720 722 725 
726 730 731 734 736 737 739 740 746 748 762 769 
776 777 785 789 796 799 
234
3 4 11 16 17 24 31 32 34 35 36 40 
42 43 45 46 48 64 65 70 76 77 86 87 
89 92 96 104 105 110 111 115 118 123 124 125 
130 133 140 148 149 150 155 164 165 166 167 169 
173 174 178 182 185 187 188 189 190 194 197 198 
200 201 205 210 217 221 223 225 228 232 238 241 
255 256 259 263 266 269 273 276 277 282 286 288 
292 293 294 296 300 310 314 315 317 321 324 327 
328 337 338 342 350 351 355 356 361 365 366 370 
374 377 378 379 383 386 387 394 406 408 410 415 
418 419 426 429 437 438 443 445 447 452 453 455 
456 457 462 464 470 472 477 485 487 488 490 491 
492 493 495 502 503 504 505 506 508 511 513 516 
524 529 534 546 548 554 558 562 563 567 570 571 
575 583 586 589 593 596 599 602 603 606 612 617 
618 620 621 622 623 625 627 630 636 642 643 645 
652 654 656 657 658 659 661 674 677 680 685 687 
692 693 696 697 698 703 705 708 709 712 715 720 
721 726 728 735 742 751 754 759 760 772 776 779 
780 789 790 792 794 797 
229
1 2 3 4 5 8 14 20 23 30 31 32 
38 40 47 51 52 59 60 61 62 63 69 72 
73 80 84 97 98 100 101 104 105 106 113 114 
115 117 122 123 125 128 129 132 136 141 142 144 
147 148 152 153 156 162 163 165 185 187 189 190 
193 199 212 214 224 226 227 231 237 249 251 252 
263 265 266 269 274 276 277 283 289 290 299 304 
306 307 308 309 318 329 340 344 346 352 356 360 
363 365 366 367 370 371 375 377 379 380 394 396 
401 402 404 406 408 417 418 421 429 432 435 436 
439 441 447 448 450 453 459 460 463 465 467 468 
476 478 486 488 494 498 499 501 507 511 515 516 
518 523 526 530 537 538 552 554 555 558 562 571 
572 577 582 586 587 589 599 600 602 607 609 611 
617 618 619 628 629 631 632 633 634 635 636 641 
643 646 647 648 655 656 657 660 661 668 670 674 
675 677 680 685 688 689 693 696 700 707 710 711 
715 722 724 726 735 740 747 751 755 759 760 762 
763 764 769 771 772 775 776 778 779 783 786 787 
799 
244
1 2 19 20 26 28 31 32 34 36 37 38 
41 42 46 49 50 54 59 61 63 69 71 79 
82 85 92 95 97 101 103 108 115 116 123 124 
127 135 137 142 144 147 149 155 159 161 163 165 
167 169 177 179 182 184 186 187 188 194 197 202 
204 212 213 216 223 225 232 233 234 235 237 243 
251 253 258 263 264 265 279 280 283 284 290 294 
299 303 304 310 311 312 316 317 319 320 324 325 
327 328 329 333 334 335 341 344 347 359 361 362 
365 367 368 369 370 374 375 376 378 379 387 389 
392 394 395 400 410 413 417 423 426 428 431 438 
461 462 464 468 480 484 486 495 496 497 501 503 
506 511 513 514 515 516 517 520 522 523 526 527 
528 536 537 539 540 542 544 546 547 549 553 554 
557 558 559 560 561 573 575 576 577 581 583 586 
588 589 590 594 598 603 609 610 623 624 625 631 
634 636 638 640 644 645 646 651 655 656 658 662 
663 665 669 672 674 685 688 691 692 693 697 698 
699 703 711 713 718 719 732 735 737 740 746 756 
761 762 765 769 770 772 773 778 781 782 783 788 
791 793 796 799 
251
4 7 8 9 17 21 27 28 30 32 36 39 
41 48 51 52 53 54 60 61 71 72 76 80 
85 86 87 88 90 91 93 94 96 97 99 101 
102 104 106 108 112 113 117 118 119 121 123 128 
132 137 140 141 142 144 148 160 165 171 174 175 
176 177 180 181 185 186 187 188 191 192 202 203 
205 216 219 220 222 227 233 237 243 244 257 261 
264 265 268 272 276 277 282 284 285 288 290 291 
292 298 300 302 304 305 306 309 310 316 318 323 
327 328 329 331 332 338 339 345 350 351 354 355 
358 361 363 365 368 373 377 379 382 384 387 389 
393 401 406 408 409 420 422 424 426 427 430 431 
434 437 438 439 441 443 446 449 453 455 456 461 
462 464 465 466 470 472 475 481 484 485 486 490 
491 493 494 500 501 510 511 514 516 521 522 526 
532 533 534 536 539 541 546 548 550 554 555 563 
565 569 578 579 581 583 588 590 600 604 605 611 
612 613 621 632 633 635 638 640 643 648 650 651 
658 659 667 670 677 679 680 682 696 701 714 715 
716 719 720 730 731 732 734 739 740 747 750 758 
767 768 772 773 779 780 788 789 791 797 800 
211
7 9 13 14 15 16 22 28 29 37 39 45 
59 62 65 69 71 75 76 77 88 89 90 92 
101 111 112 113 116 117 121 123 124 127 131 132 
133 140 165 168 169 174 177 179 180 190 191 196 
199 201 216 220 223 235 240 250 259 262 276 278 
285 288 289 291 294 295 299 301 302 308 312 323 
327 329 335 338 343 344 346 347 349 353 354 358 
363 365 368 369 371 374 376 377 384 385 389 390 
393 396 398 400 404 405 406 408 416 421 423 424 
431 433 434 436 439 440 441 445 449 451 452 459 
461 468 473 477 478 484 494 496 499 500 505 513 
514 518 522 531 534 535 538 541 542 545 546 547 
551 553 557 570 573 576 578 580 583 585 587 589 
596 598 599 600 601 612 619 620 621 632 634 643 
663 664 665 667 668 669 671 678 686 688 690 693 
694 696 698 703 709 710 714 718 721 722 724 726 
727 732 734 739 740 741 748 753 757 764 765 774 
775 782 783 784 790 794 795 
241
1 2 4 6 8 11 14 15 16 19 23 25 
27 28 31 32 33 39 48 52 56 62 70 73 
75 79 81 83 94 99 110 117 118 120 129 131 
137 138 139 140 147 148 149 150 151 154 158 160 
162 164 165 168 171 177 178 180 181 182 188 192 
199 202 203 205 206 207 208 213 214 219 220 223 
225 229 232 233 235 237 239 240 245 246 248 253 
256 257 259 260 264 277 279 281 289 297 298 299 
309 310 312 314 315 321 328 335 337 341 345 348 
350 352 355 358 363 367 375 377 381 382 385 389 
390 391 399 406 408 411 413 415 419 420 424 425 
426 427 428 429 430 431 432 433 434 438 439 440 
443 445 449 453 457 462 466 467 469 470 473 479 
488 493 495 498 501 503 509 512 514 515 518 521 
522 524 526 530 531 539 546 549 553 555 562 565 
578 580 582 583 588 591 607 608 609 612 617 620 
622 623 625 626 627 631 636 641 643 644 645 651 
653 654 665 671 676 680 682 683 685 688 689 690 
695 696 703 704 705 711 714 720 722 723 726 733 
734 743 745 747 753 758 766 770 777 781 789 795 
799 
258
2 9 11 14 18 21 22 23 26 34 35 36 
40 41 48 50 51 53 55 57 65 72 74 75 
76 78 79 80 82 83 84 91 95 98 99 105 
111 113 114 115 116 118 121 126 131 132 136 140 
145 146 149 150 152 153 154 157 158 161 162 164 
167 171 174 175 176 180 184 189 197 198 199 202 
203 205 214 217 219 228 232 234 237 241 244 245 
253 254 257 261 262 264 265 268 269 270 272 280 
288 289 291 295 298 300 311 313 315 317 319 320 
323 324 325 326 328 329 334 336 337 343 345 346 
349 351 353 357 358 361 363 365 368 371 372 379 
380 395 399 402 404 407 409 412 413 414 425 426 
427 430 433 435 436 438 449 450 451 453 461 464 
466 467 471 476 477 479 480 484 486 498 499 503 
504 505 512 513 516 517 518 519 521 528 534 541 
543 544 547 549 550 556 558 560 566 569 572 575 
576 579 581 582 583 584 587 594 605 609 610 618 
622 624 626 630 631 632 635 641 646 649 650 657 
659 661 670 677 680 682 683 685 693 694 697 698 
700 710 715 720 723 726 727 729 732 736 741 742 
751 753 754 755 756 757 763 772 778 780 784 787 
788 789 796 798 799 800 
231
1 6 9 11 14 21 23 29 31 35 39 41 
43 51 52 59 66 69 71 75 79 84 86 90 
92 94 99 103 105 108 112 114 116 117 119 120 
131 132 134 139 142 154 156 159 160 162 163 164 
167 173 175 188 189 190 193 194 204 209 213 217 
219 229 233 236 237 242 246 252 253 254 257 258 
259 265 267 277 283 284 288 289 290 293 298 301 
306 308 314 315 317 324 325 331 332 333 335 336 
343 349 352 355 357 359 366 368 369 370 371 374 
385 388 392 393 395 402 407 408 410 417 419 421 
422 423 425 433 435 440 441 442 444 445 446 454 
459 461 464 468 469 470 480 485 486 487 490 509 
517 520 521 522 523 536 538 539 542 545 546 548 
551 555 556 558 562 563 564 566 570 573 574 577 
580 587 591 592 594 595 599 600 601 604 608 623 
628 633 634 635 643 645 649 650 651 653 658 659 
663 664 670 672 673 675 678 683 684 691 694 696 
702 705 708 714 716 717 722 723 735 737 742 750 
754 755 757 760 762 764 766 770 774 775 779 787 
789 798 799 
245
1 2 8 17 20 24 28 31 32 35 40 44 
45 47 55 59 71 73 77 85 87 89 90 92 
94 96 98 99 102 104 107 108 109 114 115 118 
126 131 136 137 149 150 154 160 162 164 165 168 
172 173 178 181 187 194 196 197 203 204 209 217 
218 222 225 232 234 235 239 240 243 248 251 252 
262 264 269 271 272 273 274 279 280 281 286 289 
295 296 298 300 301 306 309 311 318 320 329 330 
332 333 334 335 338 341 343 347 350 354 355 357 
358 359 361 362 363 369 371 376 378 381 394 395 
397 404 412 414 418 420 425 426 432 434 435 436 
437 441 442 444 445 449 451 453 454 456 467 474 
478 479 484 485 487 495 500 502 517 519 520 524 
526 528 533 535 539 547 548 550 557 561 564 565 
572 573 574 575 577 579 582 584 586 587 593 596 
599 606 607 615 619 620 621 622 623 627 630 634 
635 639 651 656 657 658 661 663 664 665 669 675 
678 679 684 687 689 692 694 697 704 705 707 714 
716 726 731 736 738 739 741 742 745 746 748 749 
752 753 754 757 758 759 760 766 768 770 774 776 
783 784 793 795 797 
256
1 3 6 7 11 14 20 21 22 23 24 27 
28 30 32 34 37 39 41 45 50 52 53 64 
68 74 79 84 86 89 91 92 96 97 99 104 
109 117 119 122 125 128 131 138 142 144 145 147 
155 156 158 165 167 170 171 175 177 181 182 183 
184 185 192 193 194 196 198 201 202 203 211 212 
217 220 221 222 227 231 238 239 251 256 257 264 
266 267 272 274 275 277 280 282 283 284 294 296 
297 302 304 307 312 317 331 333 334 336 337 341 
343 344 345 349 352 353 355 357 358 359 360 361 
364 368 370 374 375 376 378 380 381 383 384 385 
390 392 393 394 395 400 406 408 409 410 414 422 
423 424 429 430 432 435 438 445 449 450 453 454 
466 468 470 473 475 480 484 488 489 493 496 498 
500 501 508 515 517 519 525 532 533 536 538 540 
545 547 548 556 558 564 566 571 573 575 576 589 
591 596 597 601 604 606 608 616 621 622 623 624 
634 635 637 649 653 654 660 661 666 669 672 673 
677 688 689 699 704 707 710 713 715 716 717 718 
722 723 725 728 730 731 735 741 743 747 748 749 
751 752 754 758 759 760 762 764 771 773 786 788 
790 791 795 798 
229
1 2 3 8 11 13 21 25 29 31 32 33 
39 40 41 48 53 56 64 68 69 71 72 73 
76 77 81 88 89 90 92 94 96 97 102 108 
109 113 114 116 117 118 122 127 130 134 139 140 
141 142 147 148 156 157 167 168 172 175 177 178 
180 190 192 194 197 199 202 203 211 212 222 228 
237 243 245 246 251 255 256 257 258 261 265 267 
269 277 279 280 282 288 289 298 307 309 314 331 
335 342 347 348 353 361 364 366 370 374 375 376 
379 383 387 388 390 393 398 400 402 404 415 425 
426 435 440 442 444 448 450 454 456 462 464 466 
467 468 473 474 476 477 478 482 483 487 490 492 
496 498 500 506 510 511 512 516 524 525 526 527 
534 535 537 538 539 540 544 550 553 557 559 564 
567 571 578 584 586 587 591 594 603 609 615 617 
625 628 638 641 645 655 656 658 659 667 668 669 
670 671 672 676 680 683 686 687 692 702 709 717 
719 722 725 729 732 733 735 744 750 754 758 760 
761 764 765 769 771 777 780 785 789 791 796 797 
799 
235
2 6 7 8 18 20 21 25 27 43 44 46 
49 51 53 54 63 64 71 76 80 86 91 92 
99 107 113 114 116 119 122 123 124 125 128 130 
131 133 136 138 142 148 150 151 152 154 156 165 
172 175 180 184 185 189 191 193 194 195 196 197 
199 202 213 217 218 220 223 228 235 241 244 245 
247 249 250 252 258 262 272 275 280 281 285 288 
289 293 296 301 302 303 304 306 308 310 317 319 
321 329 333 334 335 336 342 347 348 351 352 357 
361 364 367 370 373 376 377 382 388 389 393 394 
397 398 399 406 410 416 417 429 430 435 445 446 
455 458 459 461 464 468 471 472 473 474 478 481 
486 492 493 502 507 513 514 520 524 531 532 533 
542 545 547 551 556 561 563 568 572 573 574 575 
576 580 582 583 584 586 594 595 597 598 601 605 
611 613 616 618 619 625 627 630 632 633 639 641 
645 646 650 653 655 661 662 664 666 669 672 678 
687 688 690 705 711 712 713 714 717 724 725 732 
734 735 742 744 749 752 759 760 761 766 767 768 
770 776 780 785 788 790 793 
233
5 8 9 11 12 14 18 19 21 24 26 28 
29 32 33 38 43 44 54 57 60 61 71 73 
76 77 80 84 89 93 94 97 98 101 103 107 
110 117 118 120 123 130 131 132 137 138 141 145 
146 149 153 156 158 161 162 165 171 177 181 190 
193 196 199 200 203 204 207 208 209 212 223 224 
227 229 230 233 235 243 245 247 250 253 257 259 
260 262 273 280 281 286 288 291 296 297 301 304 
311 315 316 317 320 332 337 344 345 348 349 351 
354 355 356 358 359 365 371 376 377 379 384 388 
390 391 395 408 411 414 417 435 440 446 452 457 
461 464 467 469 470 471 483 487 490 494 495 498 
502 511 512 513 518 520 521 526 528 529 530 536 
550 551 554 558 562 567 568 574 581 584 590 596 
598 600 601 603 608 611 618 623 625 626 632 635 
636 638 639 640 641 644 658 661 672 674 680 681 
684 685 686 687 692 693 695 697 698 702 705 709 
712 720 721 723 725 727 728 729 731 733 734 742 
750 751 755 757 762 764 766 767 769 772 776 777 
779 787 790 795 799 
235
7 14 20 24 27 28 29 31 32 33 40 41 
42 47 49 50 51 52 54 56 57 60 62 69 
71 74 87 89 90 94 105 110 114 115 118 125 
132 141 146 151 152 155 156 158 159 160 161 163 
165 166 168 175 176 179 180 191 193 198 200 206 
214 219 220 222 224 231 236 237 238 243 244 250 
251 259 260 261 264 266 270 271 276 284 292 293 
294 299 301 303 304 308 311 316 321 322 324 325 
328 332 361 364 365 375 384 385 388 390 393 398 
400 413 416 418 421 424 434 435 440 441 443 447 
448 451 460 461 463 470 473 475 476 485 488 489 
492 494 495 499 501 505 507 509 511 512 517 520 
523 524 526 529 531 533 534 537 539 541 543 545 
546 548 549 556 557 569 572 576 578 584 586 587 
588 589 590 591 595 606 608 609 614 619 621 624 
625 632 633 637 641 642 644 650 651 654 656 659 
663 665 670 676 678 684 685 690 695 696 698 700 
702 705 706 708 709 721 722 723 726 730 731 733 
737 740 741 744 749 756 758 762 765 771 772 774 
786 787 788 792 793 795 799 
233
1 2 4 6 8 9 11 22 23 26 31 34 
35 36 39 42 43 48 49 52 55 56 60 67 
70 71 72 74 79 81 82 83 86 87 90 92 
93 100 101 106 112 114 120 125 137 141 143 144 
146 147 150 151 152 154 161 172 173 178 179 183 
188 191 194 196 202 203 204 214 218 225 228 231 
234 236 237 242 248 251 253 256 258 262 264 273 
274 277 279 289 290 294 295 298 300 303 305 306 
311 314 318 319 327 328 330 333 343 347 351 357 
360 362 365 368 373 374 375 379 386 392 393 399 
400 403 408 424 430 434 436 438 440 445 446 447 
451 455 457 458 464 466 487 488 489 492 495 498 
503 510 516 518 519 521 523 524 528 532 534 536 
539 542 549 552 553 554 555 557 559 560 561 565 
566 568 573 577 587 594 595 597 601 602 604 606 
609 618 631 632 633 636 637 638 643 648 650 653 
656 659 665 666 669 672 674 685 691 692 694 716 
717 718 719 721 724 726 729 730 734 736 744 747 
749 751 756 757 762 763 764 765 766 768 770 774 
778 782 796 798 799 
240
2 3 6 12 13 15 17 23 29 32 33 34 
36 38 40 43 45 46 53 55 56 63 64 65 
67 69 76 82 84 86 89 91 94 99 102 104 
108 110 112 117 118 122 123 126 130 136 140 146 
151 152 154 156 157 159 163 167 169 172 177 178 
183 188 190 192 195 197 204 206 207 213 214 215 
221 229 230 234 238 243 246 248 252 255 256 257 
258 259 261 266 269 270 273 274 277 281 283 284 
286 287 291 292 296 297 305 310 316 321 336 337 
338 342 344 346 347 350 351 354 357 358 360 361 
370 380 385 386 389 398 400 401 413 415 417 418 
422 424 428 433 435 437 440 451 452 453 457 459 
465 467 472 478 479 487 490 493 498 501 504 512 
514 516 521 522 526 528 530 532 535 537 543 545 
549 551 555 559 565 570 571 578 580 585 586 587 
589 592 594 595 596 599 603 608 610 618 620 621 
625 630 631 635 638 641 643 646 647 648 655 656 
657 661 662 663 668 670 674 676 677 689 693 695 
697 705 708 714 715 717 725 726 732 734 737 743 
746 747 750 752 756 764 766 771 773 774 793 794 
226
4 7 10 17 19 21 26 27 30 33 35 36 
41 55 56 59 66 83 84 89 90 91 96 100 
103 109 117 119 126 130 135 137 139 140 141 142 
144 148 150 151 155 156 157 159 160 161 162 174 
175 176 177 180 182 189 193 195 196 198 202 204 
205 208 210 212 214 222 225 228 229 234 235 236 
239 242 251 252 253 264 267 272 274 282 283 285 
288 290 294 299 300 301 302 307 308 311 316 319 
321 323 327 331 336 344 352 358 364 365 367 373 
374 385 398 400 401 412 416 418 425 429 434 439 
443 447 450 451 452 454 455 459 465 469 473 474 
475 476 486 487 489 490 491 495 496 501 504 506 
511 513 518 519 521 529 533 536 538 540 545 548 
552 553 554 555 559 564 569 571 575 577 579 581 
590 591 595 598 603 607 608 613 618 620 625 627 
628 631 635 637 639 644 646 647 650 651 658 663 
664 677 682 685 687 692 699 707 709 711 715 717 
718 719 726 727 732 734 735 738 741 753 759 767 
768 771 773 775 776 778 781 785 790 800 
215
2 10 13 18 32 34 39 41 45 46 47 48 
50 57 62 63 73 80 81 85 92 93 95 98 
103 108 109 110 111 112 113 115 116 129 132 134 
141 142 143 145 148 152 156 157 159 165 166 171 
172 175 176 177 180 182 184 185 201 204 208 210 
213 214 216 217 222 227 235 236 237 240 254 257 
264 272 275 283 284 285 287 289 299 301 311 312 
316 318 324 331 333 334 339 340 344 347 352 354 
359 362 367 370 372 375 376 381 385 386 392 394 
401 408 425 427 431 432 434 440 443 445 450 454 
455 459 468 470 474 475 476 477 499 502 503 505 
507 508 510 511 520 521 527 530 531 538 539 545 
546 550 554 557 574 575 578 586 589 592 603 605 
611 615 619 622 623 629 630 638 640 641 642 643 
647 649 650 653 655 657 661 663 664 670 672 675 
676 682 685 687 706 714 715 716 717 722 731 733 
739 740 741 742 745 748 756 757 759 760 761 762 
763 765 771 772 778 780 781 784 785 786 789 
249
6 8 9 13 15 18 20 24 25 26 27 34 
36 38 41 44 45 47 50 52 54 55 63 64 
66 68 71 73 74 80 81 82 83 86 88 95 
98 99 102 113 115 121 122 125 129 136 138 140 
143 149 152 156 157 163 164 172 177 186 188 194 
198 201 205 206 208 210 222 223 224 226 228 234 
235 237 248 257 258 268 270 271 277 278 283 284 
285 292 293 296 298 303 304 309 311 315 316 319 
324 330 336 339 346 348 349 354 357 359 360 364 
365 369 371 373 375 376 379 380 381 383 389 391 
393 394 408 411 421 422 425 427 432 441 442 445 
449 456 463 464 468 469 471 475 480 481 485 492 
493 495 497 499 500 501 506 508 512 514 516 523 
528 529 532 537 542 547 551 553 557 559 564 567 
568 570 573 575 576 577 580 583 584 589 591 592 
594 597 601 604 605 606 611 612 614 615 617 618 
622 626 627 628 631 634 640 643 645 652 655 658 
659 662 664 671 672 677 682 684 691 693 696 701 
703 706 709 712 713 714 721 724 725 727 730 731 
738 743 750 755 756 757 761 767 768 770 773 774 
776 779 781 784 786 788 792 797 800 
254
7 9 11 12 15 16 17 19 20 23 24 28 
35 36 40 43 44 50 51 52 53 59 60 64 
65 71 75 78 82 83 85 86 90 91 92 93 
97 98 99 100 101 103 104 105 107 108 113 118 
120 121 125 132 133 139 143 145 147 154 155 156 
159 165 167 170 171 173 177 182 185 192 194 196 
199 202 203 206 209 210 211 219 220 224 226 229 
238 243 245 248 255 259 262 272 273 276 296 298 
304 306 310 312 315 318 319 322 324 326 328 334 
337 341 345 346 348 350 360 362 366 371 374 376 
377 380 390 391 397 399 401 403 407 408 409 413 
414 415 416 423 424 429 434 442 448 451 459 460 
462 466 467 470 471 474 476 479 480 482 484 488 
491 495 498 501 502 524 526 529 531 536 537 543 
549 553 558 559 561 563 564 566 567 571 572 573 
581 583 584 592 593 594 597 598 602 604 605 609 
615 617 619 620 621 625 626 627 628 630 631 633 
636 637 639 641 642 645 646 648 650 651 652 654 
656 657 658 660 661 673 674 682 686 687 691 692 
694 699 700 708 711 715 717 720 721 726 731 744 
746 750 752 753 757 762 764 770 771 772 781 782 
791 792 
228
1 3 5 6 11 16 18 19 20 21 23 27 
29 31 32 35 38 42 45 46 49 62 68 72 
78 80 81 82 84 86 89 94 97 99 102 104 
107 111 113 118 126 127 129 146 149 160 161 163 
164 165 167 172 173 174 178 191 192 193 195 198 
201 205 206 208 211 212 213 214 215 217 219 222 
223 228 229 233 234 237 242 249 254 260 261 263 
264 267 276 280 284 285 288 292 294 297 299 313 
317 319 323 329 333 334 336 341 343 344 350 351 
353 354 361 367 369 370 379 387 389 393 394 395 
397 398 399 400 401 410 418 419 420 421 426 430 
432 433 436 439 440 442 453 455 459 463 472 474 
480 486 489 494 495 497 508 510 516 520 522 523 
533 535 537 542 543 552 559 565 567 572 578 581 
583 584 586 589 593 594 604 605 611 614 617 618 
619 623 624 626 627 634 637 639 643 645 649 661 
662 663 664 668 671 686 690 693 694 696 700 705 
707 711 715 717 718 719 721 726 737 742 747 749 
750 757 758 772 775 776 779 784 786 789 797 799 
256
1 2 3 5 7 13 18 19 21 22 26 27 
28 34 36 38 42 46 49 50 51 54 56 59 
60 65 66 70 71 72 74 75 76 77 79 90 
91 92 93 94 95 97 98 102 103 105 109 111 
120 121 122 126 128 136 140 142 150 152 155 156 
158 162 163 168 169 172 175 178 180 182 188 190 
193 200 201 206 211 214 223 227 229 231 235 237 
240 245 247 249 253 254 257 260 261 265 269 273 
278 279 281 283 287 289 290 295 297 300 303 304 
312 316 322 326 327 332 336 337 338 355 357 358 
361 362 363 365 366 369 372 374 380 382 383 384 
394 395 400 401 403 408 409 411 417 421 423 424 
431 434 436 438 442 443 446 459 461 462 467 470 
473 474 477 480 482 483 485 493 495 496 501 502 
503 505 510 515 516 519 526 527 529 533 534 541 
545 546 547 551 552 562 569 572 573 581 583 586 
588 590 593 594 597 599 603 607 608 612 613 614 
615 616 619 621 623 629 631 632 633 635 640 643 
646 647 652 666 668 671 675 678 679 680 682 687 
692 693 705 709 716 717 720 721 724 732 733 734 
736 741 742 748 750 752 761 768 771 773 774 779 
784 791 794 800 
250
2 6 7 10 17 21 22 30 31 33 39 40 
41 42 45 46 47 53 55 60 66 71 73 79 
81 85 88 90 98 99 105 106 108 111 112 115 
116 119 126 128 138 139 145 154 158 164 168 184 
185 195 196 199 200 211 212 213 215 217 218 229 
232 234 235 237 240 241 242 253 254 260 265 267 
274 275 280 281 290 293 309 313 316 318 322 323 
330 335 338 344 350 352 358 360 361 363 367 368 
369 370 372 376 378 380 382 384 390 391 392 394 
395 397 399 401 403 404 406 407 408 409 414 423 
427 428 429 432 434 440 445 446 454 455 457 458 
459 460 462 464 465 472 478 479 481 488 490 492 
495 496 499 502 505 511 512 513 516 517 521 523 
525 527 528 530 533 535 537 539 541 548 549 550 
559 560 561 567 573 574 577 578 580 583 584 585 
587 589 593 597 599 606 611 613 614 619 621 625 
626 630 633 636 638 641 643 644 648 654 656 657 
660 667 673 675 678 684 685 686 688 690 691 697 
698 701 702 704 706 708 711 712 714 729 731 733 
734 739 740 743 744 745 751 752 758 769 771 773 
775 778 779 789 791 792 793 797 798 799 
247
2 3 4 7 8 10 16 19 21 29 32 34 
37 41 47 53 54 58 59 65 67 69 70 71 
74 76 86 92 93 94 99 102 110 113 114 120 
121 122 123 124 133 142 143 144 147 148 153 156 
166 169 171 172 178 180 186 192 194 197 205 206 
207 210 211 213 224 226 227 228 230 231 235 240 
242 243 247 248 256 258 259 263 269 271 274 276 
277 280 282 284 288 289 291 294 296 297 302 311 
315 316 319 322 326 327 329 331 336 338 342 348 
353 355 356 357 359 367 374 378 384 385 386 390 
396 397 401 407 409 410 411 415 416 421 423 424 
431 433 437 441 442 446 448 453 463 464 473 474 
476 477 479 481 482 500 502 503 505 509 510 511 
513 514 518 519 529 535 539 540 541 555 558 559 
565 566 572 574 582 589 590 594 598 605 607 610 
613 614 618 620 621 624 625 626 628 631 632 633 
635 638 639 641 642 643 650 653 655 657 660 667 
668 675 679 681 689 691 694 699 701 705 708 711 
713 715 717 721 722 724 726 729 730 731 732 736 
740 742 743 747 748 753 756 757 767 773 778 779 
780 781 783 785 794 795 798 
240
5 7 8 10 11 12 17 18 22 27 31 33 
37 38 40 41 45 46 47 50 54 57 62 65 
66 67 69 70 72 74 76 78 83 84 87 88 
90 92 93 100 104 108 110 111 113 115 121 125 
128 134 136 142 144 146 148 150 151 155 158 161 
169 171 173 175 176 183 185 193 194 197 198 201 
206 210 217 222 223 224 229 231 232 236 238 239 
243 244 255 260 263 264 266 273 274 275 281 283 
289 291 292 293 294 295 299 302 307 310 315 318 
333 338 342 343 346 348 358 359 367 371 374 380 
382 383 387 388 392 395 406 407 408 410 412 416 
417 421 424 425 426 431 441 442 443 448 449 457 
459 473 476 479 480 482 487 490 493 499 501 513 
517 523 524 529 533 534 537 538 540 543 550 553 
558 566 567 571 577 578 583 589 590 596 601 607 
608 609 612 615 619 622 625 629 630 634 639 641 
642 645 649 652 654 655 657 664 665 666 668 690 
697 699 702 706 713 721 727 728 729 730 732 735 
736 737 742 750 751 752 760 761 764 767 768 770 
771 775 777 780 783 788 789 791 792 794 795 796 
243
3 8 10 11 14 15 23 25 28 29 32 37 
43 45 47 53 55 56 60 61 68 71 77 88 
91 95 97 100 101 111 113 114 118 119 124 126 
131 133 134 135 136 138 141 144 145 146 150 156 
157 158 162 165 169 173 183 184 188 189 191 193 
194 202 208 209 211 212 213 218 220 222 225 227 
228 243 244 247 249 264 265 269 271 275 280 281 
282 283 289 291 297 302 305 308 314 315 316 317 
319 321 322 323 324 331 332 334 336 339 341 347 
350 352 354 356 361 362 364 370 371 372 376 377 
382 396 401 408 410 413 415 420 421 424 428 431 
443 447 449 453 457 462 463 465 479 480 481 483 
489 502 505 509 513 514 516 519 536 539 540 543 
544 550 554 555 558 560 572 573 581 582 585 586 
588 589 590 595 596 602 605 607 610 611 612 615 
616 619 632 633 634 636 637 640 642 644 646 647 
652 655 656 659 662 664 670 673 674 675 682 685 
690 691 692 695 698 701 705 708 709 710 711 716 
719 727 729 730 735 737 739 741 745 746 747 751 
757 759 765 770 771 772 773 777 778 779 782 786 
789 793 800 
241
1 6 12 13 14 15 22 23 25 26 27 39 
46 48 51 58 59 69 78 79 80 81 83 85 
93 95 96 97 104 112 115 116 117 123 128 130 
131 135 138 142 144 145 152 154 156 157 164 167 
168 169 170 173 175 176 177 178 179 182 185 187 
188 191 194 204 212 216 218 220 227 228 229 237 
238 239 242 243 244 247 248 255 256 258 265 266 
270 271 272 275 285 287 294 298 303 312 315 316 
318 321 324 325 333 340 341 345 347 350 352 353 
355 363 369 375 380 384 386 388 389 394 395 399 
400 401 402 405 407 412 414 415 435 439 442 443 
448 449 450 452 462 467 476 485 486 491 492 493 
496 498 501 503 504 505 506 510 511 519 521 523 
525 526 531 533 534 538 540 541 542 555 556 560 
561 562 563 564 565 567 574 576 577 579 594 597 
599 601 602 603 609 610 614 615 620 626 630 633 
635 637 642 644 652 658 663 664 665 666 670 673 
677 681 692 696 697 700 704 705 707 709 714 716 
719 720 723 724 727 734 738 742 743 746 750 752 
754 755 757 758 766 770 772 773 777 779 785 793 
797 
243
2 4 8 11 13 15 16 17 18 21 28 30 
33 34 36 39 40 47 49 50 51 54 56 60 
64 67 71 74 80 81 83 87 94 97 98 100 
101 102 107 112 115 116 119 121 123 124 127 129 
130 131 132 139 140 155 157 159 163 167 168 174 
175 177 187 188 190 192 198 200 201 205 206 207 
208 213 214 215 218 228 232 233 235 236 242 251 
263 268 270 273 282 285 289 292 296 298 299 302 
306 310 311 315 318 320 321 325 345 349 353 359 
361 362 367 368 369 370 381 382 388 392 393 395 
399 401 402 403 406 410 412 413 417 418 421 424 
430 436 438 439 444 445 447 450 451 453 454 456 
458 460 467 471 474 475 484 485 488 489 493 498 
500 502 509 510 513 522 529 530 533 534 536 540 
544 552 558 561 562 567 568 569 574 580 581 583 
591 593 602 604 608 621 624 631 633 636 639 647 
648 653 654 656 675 676 678 679 686 687 688 689 
690 696 701 702 704 706 708 712 715 729 730 733 
734 735 746 752 755 760 761 762 764 765 766 767 
768 772 773 774 775 776 777 779 781 785 789 792 
797 799 800 
239
4 6 12 15 17 20 21 32 35 37 41 42 
43 55 58 59 63 65 69 73 79 93 99 101 
103 106 108 110 111 113 119 124 126 133 136 145 
147 150 155 158 161 166 171 173 174 176 177 178 
183 186 188 190 192 195 199 202 208 220 221 233 
237 238 239 241 242 244 248 251 257 258 260 263 
265 270 273 278 282 284 286 288 289 294 297 298 
300 301 302 305 308 309 310 316 317 318 322 326 
330 331 332 334 339 340 341 343 344 354 357 361 
364 366 370 372 379 383 400 401 402 403 404 408 
411 416 418 421 422 424 431 432 433 434 444 450 
454 455 459 460 463 467 472 475 478 482 485 486 
488 489 491 493 494 500 501 505 507 509 510 511 
513 515 523 528 530 534 538 539 542 544 547 548 
550 564 567 572 576 582 585 593 594 595 596 597 
598 603 606 607 609 623 625 626 628 632 635 639 
642 645 646 647 649 651 653 660 672 675 676 677 
678 680 681 683 685 690 695 696 699 701 702 707 
708 714 715 717 719 726 727 729 736 747 748 756 
757 759 766 767 771 773 778 783 785 793 800 
241
6 10 13 20 25 26 27 30 31 32 33 34 
36 40 43 44 46 48 49 51 58 61 71 74 
77 79 83 84 89 94 96 105 109 124 126 129 
134 136 137 139 143 144 146 149 151 156 157 158 
164 168 172 174 175 178 187 191 193 195 197 202 
203 206 207 208 209 211 213 215 219 224 227 228 
234 236 238 239 248 251 252 253 258 267 270 271 
272 274 275 277 279 283 289 290 291 296 305 310 
311 312 318 321 324 326 337 342 344 353 355 357 
358 362 363 366 371 376 387 392 396 397 402 403 
407 408 415 416 417 421 423 425 426 428 429 432 
433 436 438 440 443 444 445 446 447 449 451 452 
454 455 458 462 471 475 478 483 484 485 491 493 
495 498 499 506 509 510 511 513 515 516 520 537 
539 540 542 543 544 545 548 552 560 563 567 574 
575 578 580 590 593 599 603 609 610 611 613 626 
629 631 637 645 647 648 649 651 655 659 661 665 
668 671 673 674 676 680 683 687 690 695 696 699 
710 712 720 721 727 732 734 741 743 745 748 750 
753 756 758 762 765 768 770 774 778 782 783 788 
791 
249
6 9 13 17 19 35 36 40 41 42 44 50 
53 57 58 63 69 71 72 73 74 77 78 79 
84 88 95 97 98 102 104 105 107 108 111 116 
117 118 119 124 125 129 130 138 140 146 149 153 
156 159 160 167 173 176 180 181 185 186 187 188 
189 191 193 196 199 201 205 208 213 216 217 218 
224 225 229 232 235 237 250 253 258 261 265 271 
272 274 277 279 284 286 289 290 292 293 294 298 
301 302 303 309 314 315 320 325 327 328 332 336 
341 344 345 346 349 355 362 366 372 374 377 378 
382 384 388 389 391 394 395 398 400 402 406 407 
409 411 412 413 416 418 423 424 425 428 429 439 
440 441 444 447 449 451 456 457 463 466 467 471 
477 478 480 482 483 489 495 497 500 508 511 515 
516 518 519 521 524 526 537 541 542 543 545 547 
553 558 559 560 561 564 573 576 580 583 584 586 
588 592 600 604 607 611 616 621 625 627 631 635 
636 640 643 647 649 656 659 662 663 664 670 679 
681 692 708 710 711 713 714 716 719 725 728 729 
736 737 740 742 744 747 751 752 756 761 764 771 
773 779 782 783 786 787 790 791 799 
259
3 5 7 10 15 17 18 21 23 31 37 41 
45 47 48 49 53 55 57 68 71 73 76 78 
80 87 88 89 92 93 95 99 100 101 108 110 
111 114 122 127 142 144 146 150 151 152 159 161 
163 166 169 173 182 183 187 191 192 193 196 200 
205 209 210 212 214 215 217 220 221 223 224 234 
237 238 242 243 245 247 248 252 253 254 260 264 
267 269 275 276 277 280 287 288 298 304 309 312 
315 318 319 322 324 325 328 329 332 336 337 338 
344 353 354 356 357 361 370 371 373 374 377 379 
393 402 404 406 412 413 415 420 422 429 430 432 
433 434 439 442 443 449 451 458 463 465 466 468 
472 473 474 476 481 496 497 500 502 504 508 513 
518 520 521 532 533 541 542 543 545 547 548 553 
555 556 557 564 565 572 574 575 577 579 580 586 
587 588 592 594 597 598 602 606 609 614 616 618 
620 621 628 629 630 635 636 640 641 649 652 655 
657 658 660 661 662 668 678 679 680 681 682 684 
686 687 688 690 693 695 696 698 699 703 704 705 
706 711 712 715 724 732 736 738 739 741 742 745 
747 752 756 762 764 765 766 770 771 772 773 775 
779 785 787 788 793 796 797 
242
1 2 3 11 12 13 14 17 18 19 22 27 
44 45 49 50 52 59 60 62 67 69 70 72 
74 79 81 84 88 91 92 95 98 101 106 108 
113 120 127 131 133 139 142 149 151 154 157 159 
160 167 170 172 175 176 184 191 193 200 207 210 
211 215 217 218 220 224 225 227 238 241 247 252 
256 258 259 264 266 269 271 272 279 280 288 289 
290 293 300 306 308 312 314 316 317 323 324 325 
327 331 333 336 341 342 344 345 349 350 352 364 
366 368 370 377 380 381 384 385 388 389 398 402 
408 409 410 413 421 423 426 429 431 435 444 445 
447 453 454 461 471 477 478 481 482 483 484 487 
490 494 496 499 501 516 528 531 537 539 540 541 
543 546 549 558 561 566 570 572 574 576 579 585 
593 594 598 603 605 606 610 612 616 620 623 624 
626 627 628 632 636 640 641 643 644 646 650 653 
657 659 661 662 663 666 667 672 674 678 680 683 
686 691 692 693 699 707 708 711 714 717 718 720 
723 725 729 731 732 737 739 741 743 744 749 754 
759 760 762 764 770 772 773 774 776 785 787 789 
794 799 
226
2 9 10 17 18 24 30 33 41 51 52 56 
60 62 64 66 68 75 77 78 79 88 89 90 
93 95 96 103 104 112 113 114 119 120 122 131 
134 135 137 138 142 145 146 148 149 152 153 157 
161 162 164 169 170 174 177 188 192 195 199 201 
204 205 206 208 210 212 218 219 226 234 235 237 
239 244 246 256 260 274 278 279 280 285 287 288 
290 291 294 298 301 305 307 311 314 315 317 321 
325 331 332 335 337 340 342 347 351 356 359 362 
364 369 371 373 377 379 383 384 387 389 391 392 
394 409 420 423 432 437 440 446 449 460 464 467 
474 476 477 479 481 488 492 493 494 505 507 510 
512 513 514 515 520 522 526 537 540 543 544 546 
548 550 551 554 559 567 568 570 574 580 582 584 
589 593 594 596 597 598 604 605 613 614 615 617 
620 629 634 645 646 650 651 657 659 664 675 676 
686 687 688 691 693 695 701 706 709 710 713 717 
721 729 730 736 737 739 741 744 748 757 763 765 
769 774 777 778 781 783 785 787 791 797 
246
1 3 4 6 8 13 14 15 17 19 44 47 
48 52 54 65 71 72 74 76 78 80 82 83 
85 93 94 104 106 111 113 122 123 124 126 131 
133 134 135 136 137 140 142 151 153 154 156 162 
163 164 166 169 179 187 188 202 204 208 211 212 
218 223 227 233 237 240 243 246 253 255 258 261 
264 267 268 269 275 276 286 296 297 298 300 304 
309 310 313 317 319 324 325 326 328 336 339 343 
345 347 350 351 352 353 356 358 359 361 362 363 
364 367 372 373 375 377 378 380 381 391 393 397 
399 400 401 402 406 408 409 411 412 415 416 432 
437 439 440 442 443 445 446 453 456 459 466 468 
470 472 474 479 480 485 487 490 494 495 507 509 
511 523 528 529 531 534 536 538 539 540 541 543 
555 557 561 564 566 571 574 576 577 578 580 584 
586 587 588 592 595 597 601 603 608 610 612 616 
619 631 633 634 638 651 652 655 656 657 664 665 
666 668 670 677 679 681 684 685 687 688 691 700 
701 707 710 711 714 716 719 724 725 726 732 735 
741 745 748 749 752 758 764 773 777 778 779 783 
784 787 791 793 797 798 
239
1 9 14 19 25 28 33 34 36 45 47 48 
52 60 62 66 76 82 84 89 91 95 103 107 
108 109 110 111 116 119 123 126 128 130 134 141 
145 147 148 160 161 163 167 168 169 172 176 183 
185 187 188 189 190 195 196 198 199 201 206 208 
209 213 217 220 225 229 231 232 233 235 240 242 
243 246 250 252 255 259 260 267 269 270 271 275 
283 291 294 297 305 306 313 325 326 327 329 333 
337 338 341 348 349 350 351 361 366 370 374 375 
378 386 387 388 392 400 404 410 411 413 417 420 
422 423 425 426 428 430 431 439 442 446 447 450 
461 462 467 473 474 476 480 483 495 498 502 503 
505 507 511 514 516 519 522 524 525 527 528 529 
531 532 539 541 542 544 545 553 555 557 562 568 
570 571 572 576 578 584 588 589 590 593 597 601 
602 606 609 613 615 617 623 627 632 634 635 637 
639 640 650 653 656 667 668 672 673 681 684 685 
686 694 697 698 704 705 707 713 716 720 724 726 
728 734 736 737 738 741 742 743 748 751 755 763 
767 769 774 776 780 782 786 787 794 795 798 
235
1 6 11 15 16 19 22 23 29 32 37 41 
43 45 48 56 62 64 66 69 73 77 78 81 
87 88 89 93 96 97 100 103 104 115 116 119 
124 132 133 136 138 140 146 147 148 151 152 153 
155 156 157 161 168 173 181 189 192 194 198 201 
208 209 212 214 218 219 222 230 238 243 247 249 
254 255 258 262 264 265 270 272 275 276 280 282 
286 289 291 297 302 303 307 310 313 316 321 325 
326 327 330 332 334 337 339 346 348 353 355 361 
365 372 376 377 381 386 390 393 394 395 399 407 
412 417 419 420 421 427 429 432 433 439 444 448 
453 454 457 458 461 462 465 466 467 474 476 479 
480 491 496 504 511 515 516 526 527 528 537 541 
545 546 547 549 550 551 553 567 568 575 576 577 
579 580 582 588 590 601 609 613 616 635 641 645 
647 649 652 656 659 664 666 668 673 677 678 683 
693 694 695 696 703 707 709 712 715 716 718 719 
720 723 734 735 736 737 739 740 745 747 748 753 
754 756 757 758 760 761 762 763 764 766 771 772 
781 782 783 787 788 793 796 
235
2 8 9 11 16 23 24 25 26 28 32 34 
41 42 43 44 48 49 50 56 57 59 60 68 
71 73 80 81 82 84 85 87 89 93 95 97 
100 101 102 129 132 140 141 145 147 148 151 157 
158 163 166 167 169 171 173 174 175 177 179 182 
183 187 196 199 203 205 206 213 216 218 226 230 
234 236 237 238 243 244 248 253 256 257 266 268 
274 275 281 287 288 292 293 295 296 302 308 309 
310 320 323 325 327 331 334 337 341 346 350 351 
352 358 360 362 367 369 372 376 379 384 385 393 
399 404 408 410 417 418 423 425 430 436 439 441 
451 456 458 459 460 464 470 471 473 483 485 488 
495 499 502 508 509 515 517 518 519 520 525 528 
533 537 538 540 545 546 547 548 550 557 564 571 
572 574 575 579 581 587 588 593 599 600 604 606 
607 608 615 616 619 623 624 627 628 629 630 636 
638 639 640 641 643 652 658 663 665 677 683 685 
687 694 696 700 704 708 714 726 727 728 735 739 
744 745 747 759 763 767 768 769 770 771 773 774 
777 784 785 792 795 798 800 
238
1 9 13 19 21 23 26 27 32 39 42 43 
45 49 53 54 56 57 59 62 66 67 69 71 
73 78 80 82 83 86 87 90 91 92 93 96 
98 100 102 105 112 115 124 126 128 132 134 135 
136 137 143 146 151 153 158 161 168 171 174 176 
177 182 183 185 197 200 202 206 207 210 214 224 
225 230 234 235 236 240 250 251 255 257 263 265 
267 268 270 274 275 276 277 280 284 292 294 304 
305 307 311 312 318 321 323 328 329 336 339 346 
350 352 354 361 369 375 378 383 387 388 391 394 
396 400 404 405 407 408 413 415 419 420 422 423 
425 426 435 453 458 459 460 462 463 466 468 471 
474 477 479 480 485 486 487 488 491 494 501 510 
515 523 532 537 541 547 550 552 555 558 559 564 
565 568 570 573 578 579 580 582 583 590 600 602 
603 604 607 608 612 613 614 616 618 624 626 627 
633 634 636 639 642 644 646 647 649 650 658 667 
672 674 676 683 686 692 699 701 703 708 711 716 
717 718 720 721 727 734 735 739 745 747 755 756 
757 758 768 770 771 775 776 779 786 791 
268
5 7 8 11 14 16 23 25 26 31 34 35 
36 37 38 40 41 44 48 49 50 51 55 59 
61 62 63 70 72 74 75 76 77 79 81 84 
91 94 98 99 101 104 111 119 120 123 126 127 
128 131 132 137 139 140 141 144 145 146 148 149 
151 153 155 156 159 160 161 165 170 174 177 184 
191 192 194 197 202 203 204 205 207 210 219 220 
224 225 228 232 240 243 244 249 250 254 257 261 
265 272 275 276 278 281 284 296 302 304 305 306 
311 319 321 323 329 331 332 333 341 342 348 350 
351 352 353 365 366 367 373 378 384 385 391 392 
395 396 401 404 405 406 412 413 420 422 425 430 
432 441 444 449 450 455 456 460 464 466 472 475 
476 480 481 483 486 495 500 502 503 508 513 518 
525 527 529 532 535 536 537 539 541 542 547 552 
554 556 558 560 565 567 571 572 580 584 585 592 
605 609 612 615 617 618 625 628 632 634 636 637 
645 646 649 652 657 658 659 662 664 665 667 669 
670 671 672 674 675 676 678 679 683 687 690 691 
698 701 706 709 715 716 717 719 722 723 726 729 
733 734 736 745 746 748 749 751 753 754 755 763 
764 765 767 772 774 775 777 779 783 784 786 788 
790 792 795 797 
240
1 5 6 11 13 14 16 18 19 30 32 34 
35 38 40 41 44 53 58 60 65 68 69 78 
80 81 83 86 87 88 92 95 101 102 103 105 
106 110 116 126 133 134 137 139 142 143 146 147 
148 152 153 160 163 165 172 178 183 184 186 187 
191 194 203 205 208 213 214 217 218 226 227 236 
239 240 247 251 253 256 257 259 261 265 266 270 
271 273 274 279 280 281 289 290 297 298 299 300 
304 305 320 321 332 334 336 339 340 341 344 354 
356 358 359 363 368 375 380 384 390 393 394 398 
399 400 410 411 412 414 420 423 432 433 439 446 
454 455 458 463 468 469 471 472 476 477 478 482 
485 486 487 490 492 495 498 500 506 509 510 511 
516 522 525 528 538 540 544 548 551 553 554 555 
557 564 567 568 573 575 576 582 583 586 589 590 
592 594 599 603 604 607 609 615 622 629 631 632 
636 637 638 640 642 646 649 655 656 659 660 662 
666 689 690 692 693 696 699 707 711 713 717 718 
722 724 725 729 731 732 737 752 754 755 759 760 
763 764 767 770 776 777 781 782 785 787 795 797 
217
1 2 4 7 14 16 18 19 20 24 25 30 
31 34 35 36 37 38 39 41 43 44 45 53 
69 71 72 78 79 85 87 89 90 97 102 103 
107 109 117 118 120 122 123 125 126 131 132 134 
140 141 145 146 152 159 163 164 166 167 173 174 
175 179 183 188 200 205 206 210 213 216 221 231 
232 236 245 247 249 250 251 253 262 269 276 282 
283 285 286 287 290 292 293 294 300 301 309 320 
322 329 331 332 333 335 341 343 346 348 349 350 
352 355 359 365 374 376 379 393 394 395 399 404 
405 406 415 419 421 422 423 427 428 429 431 436 
440 442 445 447 448 454 456 468 469 478 481 482 
483 484 488 491 492 494 502 504 507 523 530 542 
545 547 549 550 555 558 559 560 563 564 567 572 
580 587 592 594 598 605 606 611 613 614 618 622 
623 624 632 638 640 642 648 655 656 657 660 671 
676 677 694 707 723 724 725 727 730 743 749 750 
752 756 759 762 763 769 771 776 780 787 789 794 
798 
243
4 5 8 16 19 20 23 29 32 35 39 43 
48 54 58 67 69 71 72 74 77 82 83 84 
85 86 94 95 98 102 106 110 111 112 114 118 
126 127 133 134 137 141 142 143 145 146 150 152 
157 159 164 165 169 173 174 181 184 185 190 192 
196 197 205 209 210 212 213 214 215 218 220 230 
232 233 237 248 254 256 258 270 271 276 277 281 
282 285 288 296 312 315 316 320 322 326 329 330 
331 337 341 343 350 353 361 370 372 377 378 381 
382 389 391 396 397 399 403 404 405 413 414 416 
418 424 426 430 431 434 435 446 447 450 452 454 
457 458 460 463 464 466 473 477 478 480 484 487 
490 493 494 505 509 510 511 512 513 514 516 517 
518 524 526 534 542 546 547 548 550 552 553 557 
560 566 567 573 578 579 588 594 601 603 604 609 
610 617 618 627 628 629 634 635 640 643 646 648 
651 652 654 656 659 660 661 663 666 667 671 673 
675 683 685 691 696 704 707 711 714 717 721 725 
726 730 733 734 736 738 741 743 745 746 748 749 
755 757 768 771 776 777 783 784 789 791 793 795 
796 797 800 
255
2 8 9 10 11 12 20 22 25 29 36 37 
38 41 43 44 45 46 49 59 61 62 63 64 
67 69 72 73 76 79 83 85 86 92 95 99 
100 101 103 108 109 110 115 116 119 122 123 125 
126 127 129 130 131 133 134 136 137 144 145 146 
147 151 155 156 164 179 181 183 191 193 195 196 
198 202 210 213 214 222 223 224 226 228 229 237 
238 245 247 250 251 255 256 257 260 261 270 276 
284 286 294 295 300 306 311 313 317 319 327 329 
333 337 339 342 352 353 354 355 361 362 363 366 
369 370 371 372 375 376 377 385 387 393 394 397 
398 399 400 402 404 405 416 422 425 428 429 430 
431 432 434 436 440 444 445 448 449 450 451 453 
454 456 459 461 463 464 472 477 479 482 483 490 
492 498 500 501 502 504 507 511 515 525 538 541 
543 545 546 559 563 566 571 573 576 579 583 588 
591 600 604 606 607 610 615 621 623 624 632 633 
645 648 653 659 662 667 669 670 671 675 679 684 
687 691 696 698 701 706 716 724 726 731 734 735 
737 740 742 743 744 745 746 747 749 751 754 758 
760 761 763 764 770 773 775 778 780 783 787 793 
794 796 800 
218
1 7 10 15 16 18 19 20 21 22 29 33 
36 38 43 45 47 51 52 54 58 60 65 67 
70 72 77 82 87 90 92 94 97 98 112 113 
118 130 132 134 135 136 138 140 146 147 150 151 
154 155 161 168 173 176 177 184 193 194 201 205 
209 214 216 221 232 238 246 248 250 252 255 261 
267 269 274 277 286 289 290 294 298 308 310 313 
316 323 332 339 342 348 349 350 351 358 359 362 
363 365 368 369 370 371 373 376 377 380 385 389 
395 403 410 411 416 417 418 419 420 421 433 437 
438 440 444 447 448 449 454 460 467 469 470 471 
472 475 477 483 487 491 493 495 496 497 498 499 
500 505 506 509 511 514 515 519 528 533 540 542 
545 549 550 553 554 555 565 572 574 575 579 586 
589 590 593 599 603 608 609 610 613 616 624 630 
634 639 640 641 647 648 650 665 668 671 675 677 
683 685 695 697 700 701 712 718 723 724 726 728 
729 732 738 741 743 748 756 761 779 787 791 793 
794 795 
242
3 6 8 9 10 11 14 15 16 18 20 21 
22 23 24 26 30 33 37 40 41 46 50 51 
53 57 59 64 66 68 72 73 77 85 90 93 
94 100 101 102 103 104 106 107 111 116 119 121 
123 125 128 139 140 143 145 148 149 150 151 159 
166 168 169 176 184 186 192 193 194 195 198 199 
203 206 207 215 219 220 222 226 228 235 241 242 
246 247 250 253 254 256 259 262 266 272 275 278 
287 293 295 296 297 301 302 303 310 315 317 319 
327 331 333 347 351 362 366 371 372 376 380 386 
391 400 401 404 408 409 413 416 417 422 432 436 
439 444 445 449 450 464 465 466 470 475 485 486 
490 499 502 504 505 507 511 513 517 518 520 523 
529 533 535 537 539 541 543 549 551 552 555 556 
559 563 564 565 571 572 581 585 588 596 603 606 
609 611 620 621 623 633 636 640 646 647 649 651 
656 657 658 665 669 670 673 674 675 677 680 686 
691 696 698 700 703 704 705 706 707 709 710 711 
715 717 718 720 731 733 736 739 740 743 745 751 
762 764 766 767 768 771 772 773 776 783 787 792 
796 799 
249
4 5 6 7 11 12 14 15 17 18 19 20 
23 25 29 31 34 36 45 46 47 51 53 55 
58 60 62 64 65 69 72 79 81 85 87 89 
92 97 99 100 101 107 114 125 126 127 135 137 
141 146 149 150 151 153 155 157 159 167 170 171 
175 179 181 183 186 194 204 207 211 218 219 223 
224 226 229 236 238 242 243 244 245 246 251 252 
259 268 270 273 274 276 279 296 306 307 308 313 
314 315 320 322 324 327 328 329 331 332 333 335 
336 338 340 341 347 350 353 356 358 359 367 381 
384 387 394 397 399 400 404 408 412 413 416 417 
420 427 429 432 434 435 442 444 454 456 458 459 
462 464 465 470 475 480 481 484 485 488 493 496 
506 509 511 514 516 523 528 530 531 532 541 545 
549 552 553 554 556 560 561 564 565 575 578 579 
581 585 592 593 595 598 600 602 610 611 613 614 
620 623 624 629 635 637 638 642 644 648 655 658 
663 666 678 679 681 682 684 687 688 697 700 706 
713 719 723 727 729 732 741 743 744 745 747 751 
754 757 758 759 760 763 764 766 767 772 773 783 
785 787 788 791 794 795 796 798 799 
217
2 5 6 9 17 18 20 21 32 37 45 51 
53 55 60 72 78 81 84 86 89 97 99 102 
103 104 105 106 110 112 114 118 120 121 126 130 
133 140 148 153 157 164 165 167 169 171 172 189 
193 197 198 199 204 206 207 209 210 211 215 221 
229 234 236 237 244 246 249 259 260 263 268 269 
274 278 283 286 288 295 297 300 305 307 308 309 
311 314 319 321 323 326 329 337 339 340 341 346 
347 348 351 356 358 359 362 363 364 365 367 368 
369 373 379 381 382 384 386 387 402 406 414 415 
418 425 426 432 434 435 437 441 444 445 447 448 
449 453 461 464 465 467 470 474 476 483 484 493 
494 500 501 502 504 507 510 514 515 519 522 527 
531 535 552 556 562 571 580 583 584 585 598 604 
608 610 615 617 620 626 629 634 636 637 643 647 
650 652 654 655 657 662 663 667 668 674 683 691 
694 701 703 705 712 716 723 724 725 726 729 735 
737 746 747 751 752 767 772 779 783 787 792 796 
797 
242
8 10 12 14 17 21 27 30 37 41 48 50 
54 58 61 62 64 66 69 73 74 77 79 84 
85 89 90 92 95 103 104 106 108 109 113 115 
118 121 126 127 128 130 131 132 137 138 145 146 
152 159 163 165 170 173 174 175 176 178 184 187 
189 190 191 193 198 202 206 210 218 221 227 232 
233 234 238 244 246 264 265 274 277 278 280 285 
287 295 296 299 303 305 308 311 313 314 317 318 
323 325 330 332 333 335 337 338 339 341 346 349 
350 351 362 364 365 375 385 388 390 395 397 398 
402 403 404 405 406 410 411 413 414 415 418 423 
424 425 426 432 433 441 445 447 456 458 459 464 
465 475 477 481 488 489 491 492 495 499 500 501 
503 506 511 512 519 521 526 527 530 531 532 534 
538 541 547 549 552 554 569 571 578 579 582 583 
588 591 592 593 594 595 596 597 598 599 600 602 
608 610 611 614 621 624 626 627 640 641 644 646 
652 654 663 666 668 669 670 671 673 674 681 682 
686 689 690 694 695 703 705 706 710 722 737 749 
750 752 755 762 767 770 773 775 782 786 792 796 
797 799 
234
6 7 9 10 14 21 25 28 29 30 31 52 
54 56 59 61 67 70 75 85 90 91 93 96 
97 98 102 103 104 105 108 116 120 122 123 128 
130 138 139 142 145 146 152 155 159 161 164 165 
169 171 182 185 192 197 199 209 211 216 217 219 
220 221 223 225 229 233 236 241 245 246 248 253 
256 257 258 262 265 272 274 277 282 286 288 290 
292 298 299 301 307 309 310 312 314 316 319 320 
329 330 331 332 334 335 338 345 346 350 357 362 
369 371 372 376 382 383 384 388 393 395 398 400 
402 409 411 413 415 416 421 426 427 431 432 433 
434 435 440 442 445 457 462 463 465 467 469 471 
472 479 480 485 489 490 491 493 494 497 498 501 
509 515 516 522 530 532 534 536 537 539 541 549 
550 552 557 570 577 581 582 583 584 585 586 591 
598 602 604 607 611 617 618 621 622 627 630 631 
644 651 654 655 658 659 660 666 667 670 676 677 
682 683 684 688 696 698 702 703 705 707 710 713 
719 723 725 726 734 742 743 745 747 748 755 764 
766 777 781 782 788 799 
249
1 3 8 11 13 17 18 19 21 24 26 31 
32 35 39 41 45 53 61 64 69 71 76 83 
91 96 97 98 100 101 106 110 127 129 130 131 
132 133 135 137 141 145 146 147 149 154 158 159 
160 166 167 171 174 176 178 179 180 181 182 183 
184 185 186 187 190 192 194 196 198 205 206 211 
216 217 219 220 224 227 229 231 233 235 236 238 
240 247 248 255 261 265 272 286 287 292 294 295 
297 298 301 302 304 306 308 309 315 316 318 321 
323 325 327 329 331 334 336 338 339 344 346 351 
353 354 360 365 373 374 375 376 377 386 391 393 
397 400 405 406 409 410 417 421 426 429 432 438 
440 448 455 457 460 463 465 466 468 475 478 484 
489 492 497 499 500 507 508 510 512 515 517 521 
524 532 535 536 538 541 542 543 544 546 547 555 
556 562 563 572 573 577 582 587 589 591 596 600 
603 608 611 615 617 618 622 627 628 629 630 633 
646 648 649 650 657 660 670 671 674 676 686 692 
693 696 697 698 700 702 706 707 715 716 723 724 
726 729 732 734 739 744 749 755 760 769 771 777 
780 785 787 789 791 794 797 798 799 
251
5 7 8 9 13 14 17 18 21 25 38 40 
42 45 46 47 48 51 53 58 61 63 80 83 
86 87 88 91 93 94 98 103 104 105 107 110 
111 116 119 120 122 126 127 128 131 132 138 140 
147 148 149 150 151 153 157 159 162 164 180 182 
197 202 207 209 210 217 219 221 227 229 237 244 
245 247 248 249 251 254 256 259 261 264 265 267 
271 272 273 275 276 278 290 296 303 306 309 311 
317 324 328 340 349 350 353 354 357 360 364 365 
371 372 373 374 375 382 384 386 390 391 392 396 
403 408 410 412 414 418 419 421 424 431 433 434 
437 444 446 456 458 463 467 469 470 471 472 474 
475 478 483 488 492 494 495 498 500 506 513 515 
517 518 520 523 530 531 532 533 536 539 547 548 
549 561 564 566 567 568 571 578 579 580 583 584 
585 599 602 606 611 612 614 615 616 618 623 625 
626 627 628 630 637 641 642 643 645 646 649 651 
652 654 656 664 666 668 671 677 678 684 685 689 
690 692 700 702 703 708 710 715 716 724 727 734 
735 737 738 742 745 747 748 749 750 752 753 756 
771 773 777 778 780 786 790 793 796 797 799 
245
2 3 6 7 11 16 17 20 21 23 30 33 
38 39 42 44 49 50 56 57 60 65 69 71 
73 76 78 82 83 85 86 94 101 104 108 110 
112 116 127 131 133 136 140 148 150 154 155 158 
163 167 169 174 177 178 179 180 187 188 189 192 
196 197 200 204 205 206 210 214 216 217 219 220 
222 224 226 229 230 233 234 243 244 250 252 255 
259 265 270 279 281 282 283 285 286 288 291 292 
293 300 302 303 312 313 321 322 325 326 328 329 
335 336 337 341 342 343 352 355 362 363 368 370 
371 378 384 385 394 395 401 405 409 410 411 420 
421 422 427 428 434 436 439 442 450 452 460 464 
466 468 470 477 480 482 491 493 495 496 504 507 
508 512 513 516 518 522 524 527 532 534 539 542 
543 545 546 548 552 558 559 561 567 571 572 578 
583 589 593 594 601 602 612 616 617 618 624 630 
637 641 643 646 650 651 654 655 656 661 667 668 
670 672 675 677 678 684 687 689 692 697 698 701 
705 708 716 720 724 727 729 730 732 736 741 743 
748 751 752 753 754 757 758 763 769 771 773 774 
778 779 780 782 798 
240
1 2 5 12 16 17 33 35 37 41 43 59 
62 65 67 80 83 93 94 96 97 99 103 106 
108 109 112 118 120 123 125 128 129 134 135 140 
142 145 146 147 151 156 159 160 164 166 169 170 
172 175 177 181 187 190 195 199 200 208 210 212 
214 217 218 222 225 226 233 234 235 239 243 245 
247 250 253 260 264 268 269 270 283 286 289 293 
301 304 307 311 312 315 316 323 324 326 330 335 
336 338 340 341 342 348 350 353 354 355 356 357 
359 365 367 369 374 380 390 392 395 396 410 416 
420 422 425 427 428 431 432 436 437 441 445 447 
449 450 454 461 465 468 471 476 488 489 490 494 
496 500 507 509 510 511 513 515 516 522 523 529 
530 531 532 540 541 543 544 547 548 554 556 557 
562 565 574 575 583 587 591 592 593 598 602 606 
612 619 620 621 622 625 627 628 633 639 643 646 
648 650 652 653 655 657 663 666 669 672 675 676 
678 685 688 689 697 706 707 714 718 720 725 726 
729 732 735 741 750 752 753 757 761 763 764 765 
766 769 770 772 773 774 780 781 787 788 795 796 
266
1 2 4 7 12 14 15 22 24 34 41 43 
47 49 52 57 58 59 61 62 63 65 66 73 
74 75 76 78 81 89 92 94 104 114 115 124 
128 132 134 135 137 142 144 152 153 154 156 163 
167 173 175 177 179 180 182 193 196 200 203 205 
209 212 215 222 223 227 229 231 232 233 234 241 
244 249 250 252 261 263 266 269 271 279 280 281 
283 284 285 287 293 294 302 303 305 313 315 322 
324 325 330 331 334 339 340 343 346 350 353 354 
355 358 360 363 367 372 375 384 388 389 393 396 
398 400 401 402 403 404 405 408 410 413 423 427 
433 435 438 439 440 445 446 447 450 453 458 460 
462 464 470 471 475 477 479 482 483 485 491 493 
495 496 498 509 510 516 517 518 519 520 526 529 
530 534 545 546 547 548 553 556 558 563 565 566 
567 572 574 575 577 581 582 583 589 591 595 598 
605 606 607 609 611 615 616 618 620 625 627 628 
630 637 649 650 651 652 655 656 657 658 660 662 
670 671 673 674 677 679 681 686 689 692 693 697 
698 699 700 701 702 707 709 711 716 720 721 723 
726 727 728 732 733 734 738 742 745 748 749 758 
760 763 764 765 767 768 773 779 783 786 787 789 
791 800 
245
1 2 5 6 7 9 10 12 14 15 17 20 
21 22 31 33 35 37 39 44 47 51 56 57 
58 59 61 63 66 72 75 76 83 88 89 90 
92 97 98 104 105 107 108 110 112 116 118 119 
123 130 140 146 151 155 168 170 171 172 174 175 
177 182 187 189 190 194 196 197 199 200 201 203 
207 215 216 218 222 223 224 232 235 236 239 242 
243 244 255 258 260 266 267 277 278 280 288 292 
293 308 311 312 319 324 325 326 327 329 331 341 
342 347 349 355 357 359 362 364 369 371 372 379 
381 385 386 389 390 397 398 408 410 411 418 420 
421 425 431 432 433 435 437 439 442 443 449 453 
456 462 465 467 470 471 472 476 477 478 479 482 
485 491 492 500 506 509 511 513 519 523 526 527 
528 530 532 540 541 543 546 564 568 569 572 578 
581 584 587 588 599 602 603 604 606 608 610 615 
623 629 632 635 637 641 642 644 647 652 654 656 
657 659 662 673 675 676 682 683 685 689 690 700 
703 705 707 710 714 718 722 724 730 734 741 744 
745 746 747 748 763 768 769 771 772 774 776 778 
783 785 789 792 800 
216
3 4 10 13 14 28 30 31 34 35 36 41 
42 47 48 56 60 63 64 70 76 78 80 84 
88 92 93 94 95 98 100 104 106 108 109 115 
120 135 138 139 149 152 153 156 158 161 172 173 
174 177 185 187 188 190 192 198 201 207 210 212 
216 218 220 221 224 225 227 239 245 248 249 250 
255 263 264 266 267 270 271 272 275 281 282 284 
292 297 298 306 307 312 314 317 318 332 333 334 
339 342 344 346 350 351 352 353 354 360 363 366 
375 377 379 381 387 391 392 394 396 398 400 403 
409 414 425 426 431 432 433 446 452 459 472 473 
481 484 489 492 493 500 501 503 510 517 519 521 
524 532 535 537 543 545 547 551 557 558 563 566 
567 569 570 573 574 578 580 581 593 595 596 601 
602 612 618 620 624 631 633 640 652 654 657 659 
660 669 671 672 675 678 681 682 686 689 700 705 
708 709 713 718 723 736 739 741 745 751 752 754 
755 758 761 766 771 773 778 786 790 792 793 794 
234
2 7 9 16 17 18 23 24 28 30 32 33 
34 35 36 39 51 55 61 63 72 88 93 95 
97 100 101 104 108 115 118 119 121 122 126 127 
132 135 136 139 141 143 149 150 153 157 160 164 
167 169 173 174 176 191 197 202 203 205 209 210 
211 212 214 215 217 223 232 236 240 245 247 258 
259 261 265 276 278 283 284 285 288 291 292 294 
298 299 300 302 303 307 312 315 317 319 326 329 
331 332 333 338 346 347 350 359 360 361 367 369 
371 372 376 380 381 382 390 395 396 397 404 405 
407 408 414 421 422 426 428 431 432 436 440 449 
450 451 452 460 468 470 471 478 480 482 483 489 
494 496 499 504 505 506 508 510 513 515 521 522 
524 525 529 530 531 532 535 542 545 549 550 559 
564 565 567 569 571 574 577 578 583 587 592 598 
610 612 614 617 622 630 631 633 637 638 639 641 
644 648 651 656 658 666 668 671 675 680 683 691 
692 696 701 706 710 711 718 719 724 727 728 734 
736 737 739 745 746 751 757 758 763 764 765 766 
772 774 775 789 791 795 
248
6 8 16 25 27 30 34 35 36 39 40 43 
46 47 48 51 57 59 62 63 65 66 67 69 
74 78 79 81 85 88 91 93 94 97 99 100 
101 103 104 105 109 111 112 117 120 122 124 126 
129 136 137 138 141 142 156 159 163 169 174 178 
181 182 183 192 204 205 206 212 215 222 225 233 
237 241 243 244 246 247 248 250 252 255 256 261 
274 275 279 282 283 285 288 289 300 301 307 308 
310 320 323 324 329 336 339 343 344 345 349 355 
356 364 366 369 376 378 379 380 385 388 393 401 
405 406 407 410 414 419 421 430 434 438 441 446 
447 450 455 461 465 469 470 471 473 477 479 480 
481 493 494 498 504 505 510 515 518 521 522 529 
532 537 540 547 548 555 556 559 560 563 566 569 
570 580 587 595 596 597 601 602 605 607 611 614 
617 618 620 624 627 630 636 637 640 644 646 649 
659 660 661 664 665 667 672 673 674 676 679 683 
685 686 687 690 692 693 695 698 699 701 703 705 
707 709 718 720 721 722 724 730 731 732 735 741 
750 754 757 760 762 763 765 767 772 774 775 779 
781 782 783 785 791 793 796 798 
240
7 13 15 20 21 23 24 25 35 44 45 48 
49 64 66 68 70 71 72 74 77 78 79 82 
83 84 94 102 104 106 113 116 123 125 132 134 
137 140 150 152 167 168 174 182 186 187 188 189 
191 192 193 195 197 203 204 205 206 212 214 217 
218 228 229 230 235 237 238 241 248 249 254 255 
258 261 266 270 271 274 275 276 277 289 296 298 
300 302 307 309 310 317 321 325 327 330 332 334 
341 343 344 346 355 356 361 365 366 371 373 378 
384 391 392 393 394 397 400 402 405 406 407 408 
411 412 415 419 426 427 428 429 430 431 432 433 
434 445 449 450 452 456 462 466 467 470 472 478 
479 485 487 488 489 499 503 505 514 516 517 520 
521 525 527 536 539 547 548 556 557 558 559 562 
565 567 574 575 576 578 581 583 584 585 587 589 
593 601 606 610 628 629 632 643 644 647 651 652 
654 657 668 680 682 683 684 685 687 689 694 695 
696 697 700 702 705 706 707 709 712 713 721 723 
726 730 731 735 740 743 745 747 749 750 755 759 
760 762 771 780 783 785 787 788 789 794 797 798 
253
3 4 7 21 24 26 33 34 38 44 45 47 
48 50 51 52 53 57 69 71 74 76 78 82 
83 84 85 86 88 90 94 96 98 102 107 108 
121 123 125 127 129 134 136 139 141 146 152 153 
154 157 158 160 161 162 164 171 175 181 195 196 
207 211 221 225 226 227 228 231 232 233 237 241 
242 244 246 247 248 249 252 256 257 258 259 262 
268 269 272 273 279 283 289 291 294 296 301 308 
311 312 314 315 321 328 334 335 336 338 340 341 
346 352 353 354 356 359 360 365 368 376 383 392 
396 400 401 408 410 414 420 421 423 426 427 428 
429 434 444 446 451 452 455 459 460 462 464 465 
469 470 471 472 475 476 485 489 490 498 503 505 
506 510 512 514 517 518 521 522 525 526 527 528 
530 531 532 533 535 536 543 544 547 550 556 561 
564 575 576 577 578 579 581 583 584 587 593 595 
607 614 618 622 624 625 630 631 635 639 645 648 
650 651 652 653 656 659 662 664 666 667 674 676 
680 686 688 692 706 707 710 711 714 715 717 718 
720 721 724 727 728 733 736 739 740 741 742 746 
750 754 756 757 759 761 763 766 772 784 791 795 
796 
247
2 6 9 13 15 20 21 23 25 26 28 33 
36 42 45 48 54 55 56 61 62 63 66 71 
74 76 77 79 80 85 90 91 92 103 109 111 
113 114 120 121 122 123 126 127 130 131 134 136 
138 142 144 145 155 156 157 158 164 165 167 171 
176 178 180 189 194 200 202 203 207 210 213 214 
215 220 235 237 239 240 245 248 251 253 256 259 
260 264 268 269 278 289 292 296 297 298 304 308 
313 317 318 322 323 324 327 328 329 335 338 354 
355 356 357 359 360 362 367 370 373 378 379 383 
384 387 388 390 391 395 396 397 401 406 407 408 
413 415 416 424 428 432 433 434 437 438 439 440 
441 447 452 454 455 456 457 459 462 463 464 469 
476 478 492 495 497 504 505 512 516 517 518 521 
524 525 527 529 546 548 550 554 557 558 561 562 
563 564 566 571 574 580 594 595 607 608 609 613 
614 615 620 623 625 628 630 633 634 636 641 642 
643 644 646 647 648 650 654 655 656 657 659 669 
672 674 675 677 681 682 683 689 692 693 695 700 
706 736 739 741 747 751 756 760 761 762 767 768 
776 784 796 797 798 799 800 
262
6 11 12 14 18 19 21 29 32 33 38 39 
41 43 45 48 51 56 59 62 64 65 67 69 
71 76 80 95 105 106 107 116 119 121 123 125 
133 134 138 141 145 147 148 151 153 155 159 160 
161 166 168 169 170 177 182 184 190 192 195 199 
201 204 206 213 215 219 221 222 223 224 225 228 
230 232 235 243 248 249 250 251 252 253 258 266 
269 275 276 277 280 284 292 300 302 304 306 307 
310 312 319 324 325 327 328 332 340 345 348 352 
355 356 359 360 361 362 366 367 379 380 385 388 
393 394 395 404 409 417 418 420 425 428 429 430 
437 440 441 446 447 448 450 451 452 453 457 459 
460 461 462 464 469 471 473 481 482 483 484 487 
490 492 493 494 498 503 504 509 510 512 516 521 
525 526 528 529 530 535 539 540 541 542 545 548 
553 556 558 573 574 575 576 583 586 589 590 599 
607 608 610 613 614 618 626 628 631 632 635 636 
637 639 645 655 657 658 660 664 665 666 668 669 
675 676 678 680 682 686 688 692 693 696 698 699 
700 701 703 704 706 707 709 710 721 722 723 724 
727 732 734 735 738 742 752 754 757 758 766 775 
777 779 786 788 790 791 792 794 795 797 
259
3 9 10 14 15 20 23 28 30 31 36 38 
41 57 62 65 68 74 77 78 79 82 89 96 
103 104 105 108 110 111 113 116 117 122 125 126 
127 132 134 135 137 139 143 153 154 162 166 168 
170 173 174 176 177 181 183 185 188 195 196 197 
198 205 209 211 219 222 225 228 235 236 237 240 
241 242 243 249 253 260 261 262 266 267 270 272 
273 274 275 277 286 287 291 292 293 295 298 299 
309 310 317 318 321 326 327 328 329 331 337 339 
340 343 347 348 350 353 355 359 366 367 369 379 
382 386 388 390 391 393 398 404 409 414 421 432 
435 438 444 448 449 453 457 460 461 463 467 469 
473 475 476 477 478 479 483 485 490 491 492 493 
495 498 503 505 511 514 515 522 523 525 526 527 
529 530 534 535 536 546 548 553 556 557 558 560 
575 576 580 584 590 591 593 594 596 598 602 605 
607 608 609 610 611 612 614 619 620 627 633 642 
646 647 651 652 655 656 658 668 671 672 675 676 
680 684 686 687 688 696 697 703 709 714 716 718 
722 723 725 727 731 732 734 735 736 737 739 744 
748 749 751 753 754 755 757 761 763 764 765 767 
768 769 770 782 785 794 796 
237
1 3 4 6 16 18 24 30 32 36 38 40 
43 45 48 49 55 56 57 58 59 64 65 68 
70 71 73 74 75 76 78 79 84 86 87 89 
90 97 99 102 107 108 110 111 114 115 116 124 
125 126 128 130 131 141 145 147 148 152 156 170 
171 172 175 190 195 196 199 203 214 217 222 227 
234 242 244 251 256 274 278 281 284 285 286 291 
307 308 312 313 314 322 324 330 336 338 341 344 
348 354 356 359 361 362 365 368 369 378 381 384 
388 391 393 394 403 404 406 409 410 412 415 417 
419 420 422 423 425 428 433 435 438 446 453 454 
456 457 462 468 469 474 477 486 492 502 505 509 
510 511 513 518 520 522 523 526 528 530 537 542 
545 546 552 558 562 563 564 568 577 578 579 582 
586 590 594 598 599 600 601 603 604 606 611 618 
625 626 627 629 631 633 634 635 638 646 648 650 
656 657 658 663 664 669 670 673 680 686 689 690 
692 699 700 710 711 715 716 720 722 724 728 729 
730 732 736 742 756 757 758 767 768 770 774 775 
776 778 779 781 784 791 793 798 800 
260
5 6 10 11 13 15 22 23 27 29 33 35 
38 39 40 49 51 52 55 56 59 61 67 68 
71 76 78 81 82 84 87 96 97 101 103 105 
106 107 110 112 119 121 127 129 132 137 142 148 
151 163 165 176 180 194 196 197 198 199 204 207 
209 210 212 214 218 220 222 224 226 229 230 231 
236 240 250 251 255 262 264 267 271 273 278 279 
281 284 294 300 301 303 304 307 309 310 314 321 
322 326 328 332 333 336 342 343 345 348 354 357 
358 360 364 365 367 368 370 376 385 386 388 395 
399 404 405 409 412 417 420 421 428 429 430 431 
432 440 441 442 443 446 451 454 455 462 463 468 
469 470 479 481 484 488 490 497 498 499 501 504 
508 509 511 520 525 526 528 531 532 533 535 536 
538 541 546 548 549 553 559 560 562 563 567 568 
569 572 577 580 581 587 589 590 596 599 602 606 
608 609 612 613 616 620 622 625 628 630 637 641 
645 646 647 654 657 658 662 665 672 681 682 683 
684 685 688 689 694 695 703 705 710 713 716 720 
722 725 727 728 729 731 735 736 737 738 741 742 
745 747 751 755 760 761 762 763 765 767 770 772 
781 785 788 789 792 794 797 800 
227
3 6 7 18 19 20 24 25 26 28 32 34 
35 38 40 41 45 60 61 66 67 70 71 87 
88 92 93 94 97 104 105 110 114 117 124 125 
126 133 139 147 149 152 153 155 159 160 162 166 
170 176 177 178 185 190 191 193 194 203 204 205 
206 214 217 218 219 220 224 227 231 232 235 236 
238 239 247 251 252 254 255 258 260 261 264 266 
278 281 282 285 293 296 297 301 312 315 322 323 
324 327 328 329 330 332 334 336 337 338 343 347 
350 353 355 358 365 369 370 376 388 390 394 396 
397 398 403 409 412 415 416 417 419 421 423 425 
434 435 438 439 451 456 458 466 468 471 475 486 
488 489 491 494 495 496 497 498 503 504 510 512 
514 528 530 534 541 542 548 550 558 560 565 568 
571 573 576 581 583 592 593 595 597 598 599 609 
615 620 621 623 627 636 643 644 645 651 653 655 
656 658 659 669 673 674 680 682 683 687 694 696 
699 701 712 720 721 725 727 733 734 736 739 740 
741 746 755 756 761 767 784 785 793 795 798 
235
5 10 13 18 20 22 25 30 33 35 43 46 
49 52 54 58 59 62 63 70 72 73 83 86 
87 89 90 91 93 94 96 97 99 108 109 112 
115 117 118 119 122 124 127 128 131 132 133 135 
137 138 139 140 142 146 149 150 153 157 161 163 
164 166 167 169 178 179 185 186 187 196 198 199 
200 206 209 214 220 226 229 231 235 237 239 249 
250 253 254 256 260 261 265 277 281 290 292 294 
303 308 319 320 323 328 330 332 334 340 342 344 
347 348 349 352 354 358 359 360 361 367 368 369 
372 373 374 379 386 387 389 392 401 404 407 409 
411 412 413 416 423 433 434 439 440 448 454 455 
458 466 467 468 476 482 484 492 494 498 499 504 
508 510 514 518 522 529 530 536 539 542 547 548 
549 550 554 556 561 562 567 569 570 571 573 576 
578 592 594 595 596 598 600 601 604 606 607 609 
610 612 626 627 632 634 641 643 652 653 656 660 
661 662 679 681 683 685 686 689 702 703 716 717 
722 723 724 727 735 746 747 748 753 756 762 763 
765 776 780 790 795 798 799 
232
1 6 8 11 13 22 23 25 26 28 31 37 
42 43 44 48 51 52 53 65 67 70 73 75 
81 89 92 94 101 110 114 116 117 118 122 126 
128 130 135 136 142 146 148 152 154 156 157 158 
160 163 169 176 178 180 187 191 193 197 201 203 
206 208 210 214 215 216 217 218 222 223 224 226 
228 232 233 235 236 238 240 242 244 245 250 253 
257 265 269 272 279 284 294 295 298 301 303 305 
307 309 313 314 315 326 328 329 331 332 334 338 
343 345 355 356 358 359 360 361 363 365 370 374 
387 389 390 392 397 398 399 406 407 408 414 416 
419 420 426 427 429 434 442 445 449 451 454 468 
474 480 482 483 484 486 488 491 494 495 496 497 
502 506 508 513 516 521 524 529 530 531 532 536 
538 540 544 547 548 550 553 560 563 571 572 573 
576 583 586 590 593 600 606 607 611 614 616 618 
627 633 635 643 647 655 656 664 678 680 682 686 
696 698 705 717 720 729 737 739 745 746 749 750 
751 752 759 761 763 767 776 777 779 782 786 794 
795 796 798 799 
229
7 8 11 12 16 26 29 30 32 36 37 39 
41 45 49 55 58 63 64 68 69 76 77 81 
93 95 99 100 101 104 105 106 109 114 115 116 
119 120 121 123 127 129 132 136 140 142 148 151 
152 153 154 157 158 165 168 169 171 175 177 184 
186 188 189 192 197 198 204 205 208 209 211 212 
213 214 217 218 222 230 251 254 259 262 266 268 
269 270 279 280 282 285 286 291 294 300 307 310 
311 312 313 314 317 322 323 337 339 340 342 343 
350 351 353 355 361 370 373 374 375 381 383 387 
388 390 392 394 399 400 401 403 407 408 410 413 
414 419 420 421 428 432 438 439 442 449 453 457 
458 459 461 465 466 468 470 472 473 479 484 488 
491 492 495 500 503 505 508 509 512 515 522 524 
525 529 535 547 549 550 551 558 559 560 567 589 
593 597 600 601 606 613 618 620 621 622 624 629 
630 638 640 641 645 647 654 656 659 662 664 672 
689 693 699 709 712 714 716 721 725 732 743 744 
747 755 764 768 773 774 776 777 779 781 787 791 
796 
253
3 7 10 11 13 16 17 18 21 23 32 35 
37 43 50 51 56 58 65 71 77 80 81 91 
93 101 103 104 105 117 118 120 123 131 133 140 
143 146 148 151 153 154 155 158 161 166 170 172 
175 176 189 190 191 193 194 195 197 202 203 204 
205 216 219 220 222 223 226 227 228 231 235 236 
238 239 240 242 243 244 245 249 252 253 254 256 
264 267 270 273 283 288 290 300 305 306 308 309 
310 319 322 323 324 330 333 335 339 344 347 348 
350 359 364 378 382 386 389 391 392 395 398 409 
412 413 415 416 417 419 422 426 428 430 431 436 
438 440 442 444 445 448 449 454 460 462 463 464 
472 476 477 479 480 481 486 488 491 492 494 497 
499 502 504 506 508 513 515 518 519 521 524 532 
537 539 540 541 545 546 549 555 556 560 561 565 
572 576 583 593 594 595 596 598 599 600 601 605 
607 609 611 613 615 616 621 626 630 632 633 635 
637 638 640 643 648 649 659 671 672 673 676 677 
678 679 680 681 688 692 694 704 709 710 711 714 
721 722 723 731 732 735 742 745 751 753 756 764 
768 781 783 784 785 786 788 789 793 794 796 797 
798 
233
5 7 14 15 20 23 24 31 35 38 42 44 
48 51 53 56 59 62 63 66 68 73 76 83 
87 89 99 100 101 114 116 122 125 132 134 138 
141 142 143 146 148 149 155 167 170 172 174 186 
187 191 192 196 197 200 202 203 207 214 221 234 
235 236 242 244 251 256 257 263 272 273 274 276 
278 284 285 289 292 293 295 297 301 302 304 308 
309 315 319 321 324 330 333 336 342 344 345 347 
348 349 352 358 361 365 366 368 371 374 375 377 
378 380 381 384 386 393 397 400 401 402 406 409 
410 413 415 417 424 429 432 435 436 442 444 445 
447 448 449 450 453 456 462 466 467 473 475 477 
478 480 483 484 487 488 493 500 505 509 510 524 
526 529 531 532 535 538 541 542 543 544 545 548 
553 557 566 570 573 574 575 576 581 582 585 593 
602 604 606 607 609 610 611 612 614 615 618 619 
624 627 632 637 642 659 660 662 663 664 668 670 
671 679 694 699 702 704 707 712 714 715 716 719 
727 731 738 741 743 744 748 756 757 764 770 778 
781 786 791 793 796 
244
1 2 5 12 13 14 18 19 21 22 25 32 
34 37 45 49 50 53 55 61 62 66 91 92 
93 98 105 106 107 110 112 113 115 119 120 124 
125 126 129 132 138 141 142 145 148 149 153 159 
161 162 164 165 166 169 178 181 187 189 192 194 
196 197 198 199 215 219 220 226 232 234 235 236 
242 243 245 247 250 252 253 254 262 269 272 273 
279 283 284 285 290 292 294 296 299 300 305 306 
307 310 311 312 314 318 323 325 328 335 336 341 
348 350 352 356 357 361 364 365 373 377 383 387 
388 389 390 395 397 399 403 404 406 408 412 413 
414 417 420 424 427 428 430 433 441 445 448 455 
459 460 464 469 471 474 475 477 478 483 484 492 
494 495 500 502 503 505 507 514 515 516 527 530 
533 538 540 544 549 554 559 561 562 566 570 579 
583 585 586 595 596 604 605 611 613 617 621 627 
634 635 641 643 646 647 654 655 659 660 667 668 
669 672 673 676 680 682 691 694 695 697 700 706 
713 714 715 716 718 720 721 727 728 734 738 740 
741 742 744 749 755 758 762 766 769 771 774 776 
782 790 793 798 
230
1 2 6 7 10 15 16 18 20 22 29 31 
35 38 42 43 51 55 57 58 65 69 74 75 
81 84 85 87 91 95 96 100 103 109 117 118 
119 121 122 126 142 147 153 161 163 173 177 181 
183 185 186 189 191 193 196 198 200 202 203 206 
210 211 215 219 220 228 232 239 247 253 259 260 
262 266 276 277 283 286 292 294 296 303 307 309 
310 311 312 315 322 323 325 332 340 341 342 343 
344 345 347 350 353 355 356 357 364 365 371 372 
374 376 377 378 381 386 393 395 396 400 405 409 
410 411 419 420 421 422 423 431 432 435 436 439 
442 446 451 473 476 477 481 482 483 485 507 508 
509 513 520 523 527 529 530 531 535 537 539 540 
544 547 549 550 553 557 567 570 572 575 576 580 
586 590 592 595 602 608 609 613 615 618 622 626 
631 635 643 649 650 651 652 653 655 665 666 673 
679 683 685 688 695 696 698 699 700 702 703 704 
706 708 710 716 717 722 726 727 729 734 738 740 
741 743 746 754 759 760 761 765 767 768 769 781 
783 793 
250
2 6 10 11 12 14 19 24 28 30 38 40 
41 43 44 53 56 60 61 62 66 67 68 73 
74 77 80 82 85 89 91 98 103 105 107 108 
109 110 118 120 125 132 133 134 135 138 139 141 
142 144 146 147 148 149 150 151 153 154 157 165 
175 176 177 178 181 182 185 187 190 192 194 196 
207 214 218 220 228 230 233 237 238 241 244 246 
249 255 256 262 263 268 274 276 278 281 286 288 
289 294 298 299 300 302 303 308 315 319 320 324 
325 329 333 337 342 351 352 359 366 367 371 372 
374 378 379 381 389 399 400 401 408 412 417 420 
421 422 430 431 432 434 436 437 446 454 459 461 
467 469 471 488 489 490 491 495 498 500 504 507 
520 522 523 525 527 535 540 543 549 555 559 568 
574 576 582 583 587 589 590 593 599 600 602 604 
606 608 609 611 614 615 616 619 620 622 623 624 
629 630 634 638 639 640 642 643 647 655 656 659 
662 673 675 676 677 678 684 685 687 688 690 693 
694 697 703 713 717 721 722 724 729 732 734 735 
736 741 742 744 748 752 754 757 760 763 767 770 
774 775 780 781 785 791 794 795 797 799 
250
4 7 8 9 13 14 18 35 36 37 38 39 
42 43 49 51 58 59 60 61 62 63 67 72 
76 78 82 84 88 89 91 92 97 98 110 112 
114 116 119 122 124 133 134 139 141 148 149 157 
162 167 175 176 185 186 187 189 197 198 200 207 
210 211 212 219 220 222 225 227 228 229 230 231 
232 233 236 237 238 242 244 247 252 269 272 274 
281 285 286 288 291 298 299 302 307 316 319 320 
322 324 328 330 333 337 338 346 351 355 356 357 
361 368 370 372 378 380 385 389 391 393 397 409 
411 412 417 418 421 422 423 429 430 431 433 437 
441 444 452 453 456 457 459 460 461 463 467 471 
479 481 485 490 491 495 496 498 502 507 508 509 
510 511 516 518 523 527 528 529 530 532 533 534 
535 538 546 549 550 551 556 574 575 577 581 582 
584 587 589 595 599 608 613 621 622 625 628 629 
633 635 636 637 638 639 643 645 651 653 655 658 
659 671 672 673 675 676 677 679 681 684 687 690 
693 698 701 702 704 706 708 713 716 721 722 727 
729 730 736 738 741 742 745 746 749 751 754 755 
761 766 771 778 784 787 788 789 790 795 
250
1 5 9 18 19 21 23 25 26 28 31 35 
39 44 47 48 49 51 53 55 56 58 61 65 
66 67 70 71 72 74 77 79 86 87 89 92 
97 98 108 111 115 120 125 134 142 143 145 148 
150 155 159 164 165 168 169 170 171 176 179 182 
185 186 188 190 192 194 195 200 201 204 211 224 
227 228 236 241 242 243 244 249 250 251 258 259 
260 268 272 275 278 281 284 286 288 304 312 315 
317 320 321 322 327 331 338 339 341 343 345 350 
351 353 354 355 358 359 361 364 365 367 369 370 
380 383 387 395 406 423 425 426 427 428 429 431 
432 435 439 440 451 452 456 459 461 462 464 465 
466 475 477 478 481 483 484 488 489 490 491 493 
495 496 499 505 513 515 516 518 520 523 525 526 
527 528 530 532 534 536 538 542 550 552 554 558 
560 562 564 566 569 572 574 577 578 581 584 587 
589 590 593 595 596 599 602 605 607 609 610 631 
633 634 638 641 646 648 649 658 664 683 687 688 
693 694 702 704 707 709 712 719 721 723 731 733 
734 737 739 741 743 747 749 751 753 754 755 767 
774 776 777 780 783 791 793 794 795 798 
237
6 7 10 11 13 15 16 17 18 19 21 23 
25 27 32 34 37 38 47 50 51 52 53 55 
57 60 65 73 78 80 81 86 88 97 99 101 
105 109 110 111 113 114 115 116 117 119 120 122 
123 125 129 130 136 137 139 141 146 150 153 162 
163 169 170 173 175 176 180 186 188 192 198 202 
203 208 209 216 222 227 231 240 241 243 247 248 
249 259 260 264 267 268 269 272 273 274 279 281 
282 284 287 289 300 308 312 319 321 322 325 331 
333 336 338 344 348 349 352 355 356 362 365 368 
372 373 374 377 381 386 387 389 395 396 401 402 
406 410 411 414 415 416 419 423 424 433 434 437 
443 446 451 452 462 467 478 481 496 501 502 507 
509 510 513 514 525 534 540 541 543 544 549 551 
555 558 559 563 564 568 576 578 579 580 584 591 
594 601 604 608 616 623 625 628 631 634 636 637 
639 642 647 649 650 654 655 660 661 664 667 669 
670 671 675 678 679 688 691 692 694 696 699 703 
707 710 714 722 724 727 730 732 736 737 742 748 
755 758 760 762 775 780 783 792 797 
247
1 2 3 5 9 10 11 14 19 21 22 24 
25 28 30 37 38 41 43 45 48 53 56 57 
58 69 71 75 78 84 85 89 93 96 100 109 
112 113 121 125 128 130 132 133 139 140 141 142 
143 144 146 149 150 151 154 158 162 163 166 167 
168 169 171 175 176 185 186 187 190 193 203 205 
207 210 211 212 213 217 218 219 221 222 234 236 
237 240 241 246 247 248 249 254 255 257 265 272 
275 279 280 281 283 284 285 298 300 302 307 312 
317 331 340 342 351 353 356 357 364 366 369 372 
379 386 387 390 391 394 396 398 406 408 412 418 
419 423 427 429 430 437 438 442 445 451 453 456 
461 465 468 469 471 477 481 484 495 497 498 502 
505 506 508 509 511 514 515 517 525 529 530 532 
536 537 545 549 551 552 554 557 560 568 573 574 
580 586 587 591 593 594 595 597 604 609 620 622 
623 624 626 629 634 637 639 640 648 650 653 661 
662 663 666 667 668 669 670 671 673 674 679 687 
694 695 696 703 707 710 711 714 715 720 721 723 
724 725 731 737 739 740 747 754 757 758 760 761 
765 776 777 780 789 790 792 
251
1 9 12 13 15 20 21 26 27 28 30 31 
32 34 41 42 47 49 50 54 55 59 68 71 
80 88 93 95 96 102 104 107 118 121 132 133 
134 136 143 148 149 153 155 162 163 169 170 172 
175 176 180 183 189 191 194 196 197 198 206 210 
212 218 219 220 224 225 226 228 231 234 235 236 
237 241 243 244 245 250 251 252 254 257 262 263 
264 267 268 279 280 286 293 294 295 296 299 300 
303 305 306 309 311 315 318 322 323 327 329 335 
336 337 338 339 341 349 352 355 357 360 363 364 
366 371 376 378 380 382 387 389 390 403 405 409 
418 422 426 429 430 435 436 440 443 444 446 451 
453 459 462 469 471 472 473 474 477 480 484 488 
489 491 492 498 500 503 504 512 514 517 520 524 
525 526 530 534 535 537 546 556 557 566 568 574 
582 587 588 590 591 593 599 605 608 612 629 633 
636 637 638 639 643 645 647 651 671 673 675 676 
677 678 686 689 691 693 694 695 696 699 700 702 
711 715 716 720 724 727 732 733 738 741 742 743 
751 753 754 755 758 759 760 764 765 768 770 774 
777 779 783 785 788 789 793 794 795 797 800 
242
10 11 13 14 17 18 20 30 31 32 33 41 
49 53 63 65 66 67 74 76 77 78 83 86 
91 92 95 96 100 110 115 121 125 126 127 130 
133 134 137 142 151 153 154 155 158 161 163 167 
169 172 173 176 178 187 189 194 195 204 205 208 
210 211 212 217 219 222 231 232 234 236 238 241 
242 249 253 256 257 259 260 263 266 267 270 274 
275 281 284 288 290 291 292 294 296 301 303 319 
320 325 329 331 335 342 347 348 350 351 353 354 
356 363 364 365 368 381 382 383 388 390 391 396 
397 400 403 405 407 414 419 421 427 434 438 440 
447 450 451 452 461 462 465 470 471 474 476 478 
480 481 482 483 484 488 491 497 498 502 503 505 
507 513 515 519 526 528 531 533 535 537 539 540 
544 549 552 553 555 558 561 564 570 571 573 582 
584 586 587 601 602 606 608 613 618 626 634 635 
636 649 653 655 659 661 663 667 673 674 678 679 
680 681 682 683 684 688 690 693 710 717 725 727 
728 729 733 737 739 745 747 749 751 754 755 756 
761 764 766 774 780 782 783 784 785 790 792 794 
795 800 
232
3 5 8 23 30 32 37 38 39 41 66 71 
74 80 83 86 89 93 95 96 100 102 106 107 
108 111 113 116 117 118 120 121 126 145 146 148 
151 155 157 160 161 166 173 174 175 176 177 179 
183 186 207 209 213 215 221 225 232 233 237 240 
241 254 255 258 260 262 267 268 270 272 277 279 
285 293 297 301 302 312 313 314 318 319 320 324 
326 330 338 344 356 357 358 363 366 367 368 372 
375 376 378 379 383 386 394 396 397 401 402 404 
406 409 411 416 417 424 426 428 431 434 438 439 
442 450 456 457 460 462 464 465 466 469 476 477 
481 484 489 494 503 504 505 506 507 512 518 525 
527 529 532 536 537 538 539 546 549 552 558 568 
571 572 580 589 596 598 599 601 605 606 610 612 
615 617 618 621 622 625 628 631 632 633 635 638 
646 652 653 659 660 661 663 666 669 671 673 675 
682 685 695 696 697 698 701 704 709 711 712 716 
718 719 720 723 726 728 729 732 735 738 740 742 
744 748 750 751 755 760 766 776 778 779 781 784 
786 788 789 798 
218
3 5 15 16 20 21 26 27 28 32 36 38 
39 46 49 54 61 78 86 88 91 96 97 99 
102 104 109 110 113 119 121 122 125 129 133 137 
139 142 143 153 155 158 164 175 178 185 186 189 
191 192 202 203 207 214 215 217 218 219 221 223 
228 230 233 239 244 250 252 254 259 261 267 268 
269 270 271 272 273 276 279 280 281 285 287 289 
293 298 300 301 310 314 317 320 325 328 332 334 
335 336 338 342 343 344 345 346 350 351 355 371 
377 385 386 388 390 393 395 397 398 401 405 406 
416 417 422 423 424 430 431 433 437 441 443 444 
445 446 450 453 457 461 463 470 478 481 487 499 
501 502 511 532 533 536 537 550 551 553 554 558 
559 560 564 569 575 576 583 584 589 591 593 595 
597 598 604 605 607 609 614 616 619 627 629 631 
638 653 656 657 663 669 678 684 692 695 696 697 
700 704 706 716 718 730 731 737 738 746 749 750 
752 759 761 766 776 777 780 785 786 791 792 796 
798 800 
258
2 8 10 11 13 17 19 20 21 22 24 26 
28 31 37 38 43 48 50 57 64 65 67 69 
72 80 83 86 87 93 94 97 99 101 102 107 
109 110 111 115 117 121 127 130 136 140 145 147 
150 152 156 162 173 174 175 177 180 181 183 184 
188 194 199 205 207 209 210 214 218 223 237 239 
241 242 243 245 247 248 250 252 254 256 258 260 
266 269 273 274 276 277 282 283 284 286 292 294 
305 309 311 316 318 321 324 332 333 336 340 342 
347 348 349 355 357 358 359 360 361 362 365 366 
368 369 373 378 385 387 391 394 398 399 400 402 
406 411 413 414 416 417 421 422 425 438 441 442 
443 444 448 450 451 452 456 461 462 471 481 485 
487 489 490 500 503 512 513 514 519 521 523 526 
528 531 537 538 541 546 549 551 562 576 585 586 
589 590 591 595 597 599 603 604 605 607 609 611 
616 618 622 625 629 631 634 636 637 643 644 645 
646 648 655 662 664 665 669 670 671 673 674 678 
679 681 683 687 688 690 701 702 722 724 727 728 
734 738 741 746 747 748 750 751 752 754 755 756 
757 762 763 767 769 770 774 778 780 785 786 788 
789 790 793 797 798 799 
239
7 10 14 15 16 18 20 22 23 24 26 28 
29 35 37 40 57 58 62 66 70 73 79 81 
93 96 97 98 100 101 110 111 112 114 120 121 
122 138 142 148 153 158 159 161 164 168 187 196 
199 201 205 210 221 227 228 230 238 241 243 247 
256 257 258 259 261 263 273 275 278 280 282 284 
287 292 294 296 298 302 304 308 310 312 321 324 
325 326 327 336 337 339 346 348 349 354 357 360 
361 362 363 366 370 372 375 382 383 384 386 389 
393 399 400 403 404 409 410 411 413 418 420 421 
427 428 429 430 431 434 435 441 442 443 444 446 
451 453 454 459 460 467 468 471 473 474 479 483 
487 489 493 502 503 505 509 510 513 515 522 524 
526 532 535 537 540 543 546 552 554 556 558 559 
563 564 569 580 581 584 589 592 593 596 598 599 
607 613 619 621 626 629 630 633 635 636 637 638 
640 641 642 647 649 655 660 661 662 663 664 668 
669 672 674 679 684 685 689 692 700 709 713 720 
722 723 727 729 731 738 740 741 742 754 756 757 
758 761 767 769 781 783 785 788 794 799 800 
239
1 2 3 4 8 16 25 27 28 30 33 37 
38 44 46 51 52 55 58 61 62 65 66 67 
70 73 75 77 79 84 98 103 104 110 112 114 
116 125 132 134 141 144 149 159 163 165 166 167 
173 174 179 180 183 186 188 189 196 199 207 210 
211 214 217 219 220 225 226 228 234 235 237 239 
243 244 247 249 253 255 257 258 261 263 266 272 
276 281 285 288 296 298 307 310 311 316 321 323 
325 326 328 331 334 339 341 342 344 349 354 355 
356 363 364 368 375 377 378 383 384 393 397 398 
400 407 408 412 415 421 422 428 431 432 438 440 
449 450 457 462 463 466 467 470 471 472 473 476 
480 487 490 497 499 500 502 503 506 515 517 519 
522 529 530 532 535 536 537 540 544 546 552 553 
562 563 568 569 576 577 578 583 585 589 596 600 
605 608 612 620 621 624 626 627 628 631 632 634 
640 643 646 647 655 659 662 663 664 666 671 673 
677 678 682 686 688 695 699 701 710 711 712 716 
717 718 720 731 733 739 749 750 753 757 766 769 
770 772 775 781 783 784 786 787 792 794 799 
