200 800
1 1 1 1 1 1 1 1 1 1 1 1 
1 1 1 1 1 1 1 1 1 1 1 1 
1 1 1 1 1 1 1 1 1 1 1 1 
1 1 1 1 1 1 1 1 1 1 1 1 
1 1 1 1 1 1 1 1 1 1 1 1 
1 1 1 1 1 1 1 1 1 1 1 1 
1 1 1 1 1 1 1 1 1 1 1 1 
1 1 1 1 1 1 1 1 1 1 1 1 
1 1 1 1 1 1 1 1 1 1 1 1 
1 1 1 1 1 1 1 1 1 1 1 1 
1 1 1 1 1 1 1 1 1 1 1 1 
1 1 1 1 1 1 1 1 1 1 1 1 
1 1 1 1 1 1 1 1 1 1 1 1 
1 1 1 1 1 1 1 1 1 1 1 1 
1 1 1 1 1 1 1 1 1 1 1 1 
1 1 1 1 1 1 1 1 1 1 1 1 
1 1 1 1 1 1 1 1 1 1 1 1 
1 1 1 1 1 1 1 1 1 1 1 1 
1 1 1 1 1 1 1 1 1 1 1 1 
1 1 1 1 1 1 1 1 1 1 1 1 
1 1 1 1 1 1 1 1 1 1 1 1 
1 1 1 1 1 1 1 1 1 1 1 1 
1 1 1 1 1 1 1 1 1 1 1 1 
1 1 1 1 1 1 1 1 1 1 1 1 
1 1 1 1 1 1 1 1 1 1 1 1 
1 1 1 1 1 1 1 1 1 1 1 1 
1 1 1 1 1 1 1 1 1 1 1 1 
1 1 1 1 1 1 1 1 1 1 1 1 
1 1 1 1 1 1 1 1 1 1 1 1 
1 1 1 1 1 1 1 1 1 1 1 1 
1 1 1 1 1 1 1 1 1 1 1 1 
1 1 1 1 1 1 1 1 1 1 1 1 
1 1 1 1 1 1 1 1 1 1 1 1 
1 1 1 1 1 1 1 1 1 1 1 1 
1 1 1 1 1 1 1 1 1 1 1 1 
1 1 1 1 1 1 1 1 1 1 1 1 
1 1 1 1 1 1 1 1 1 1 1 1 
1 1 1 1 1 1 1 1 1 1 1 1 
1 1 1 1 1 1 1 1 1 1 1 1 
1 1 1 1 1 1 1 1 1 1 1 1 
1 1 1 1 1 1 1 1 1 1 1 1 
1 1 1 1 1 1 1 1 1 1 1 1 
1 1 1 1 1 1 1 1 1 1 1 1 
1 1 1 1 1 1 1 1 1 1 1 1 
1 1 1 1 1 1 1 1 1 1 1 1 
1 1 1 1 1 1 1 1 1 1 1 1 
1 1 1 1 1 1 1 1 1 1 1 1 
1 1 1 1 1 1 1 1 1 1 1 1 
1 1 1 1 1 1 1 1 1 1 1 1 
1 1 1 1 1 1 1 1 1 1 1 1 
1 1 1 1 1 1 1 1 1 1 1 1 
1 1 1 1 1 1 1 1 1 1 1 1 
1 1 1 1 1 1 1 1 1 1 1 1 
1 1 1 1 1 1 1 1 1 1 1 1 
1 1 1 1 1 1 1 1 1 1 1 1 
1 1 1 1 1 1 1 1 1 1 1 1 
1 1 1 1 1 1 1 1 1 1 1 1 
1 1 1 1 1 1 1 1 1 1 1 1 
1 1 1 1 1 1 1 1 1 1 1 1 
1 1 1 1 1 1 1 1 1 1 1 1 
1 1 1 1 1 1 1 1 1 1 1 1 
1 1 1 1 1 1 1 1 1 1 1 1 
1 1 1 1 1 1 1 1 1 1 1 1 
1 1 1 1 1 1 1 1 1 1 1 1 
1 1 1 1 1 1 1 1 1 1 1 1 
1 1 1 1 1 1 1 1 1 1 1 1 
1 1 1 1 1 1 1 1 
235
9 17 19 21 26 28 36 37 40 43 47 48 
52 55 57 58 68 69 71 72 78 81 83 89 
96 102 109 110 111 113 115 119 120 122 124 127 
130 133 142 146 148 149 152 154 155 156 158 171 
173 176 179 180 181 182 184 188 194 195 200 203 
205 209 210 211 213 219 221 231 233 235 238 240 
241 242 245 247 249 258 259 263 268 279 280 281 
283 287 289 304 307 309 310 313 315 317 318 321 
327 328 336 337 340 342 347 348 352 357 359 361 
362 364 373 374 379 380 381 382 384 385 392 394 
395 396 399 400 404 410 414 416 418 422 429 430 
432 435 436 437 439 451 452 454 457 458 464 472 
473 478 482 483 486 488 492 495 498 501 523 529 
531 535 540 560 562 564 565 569 571 572 574 575 
579 580 581 582 586 590 591 592 595 596 597 598 
599 601 606 607 616 621 623 624 626 628 631 637 
641 647 657 659 660 661 667 668 669 675 678 683 
684 685 688 690 693 699 702 705 706 712 713 720 
728 729 733 735 738 744 745 748 756 758 770 771 
775 776 779 782 787 790 791 
236
6 8 11 16 18 20 21 23 24 29 31 49 
51 54 71 74 77 78 86 90 102 104 106 108 
112 113 114 118 119 120 122 131 138 143 151 152 
159 167 170 176 178 181 189 190 192 194 195 197 
206 207 216 218 222 223 226 229 230 231 235 237 
238 242 246 247 250 253 254 257 258 259 264 272 
278 282 285 287 289 290 293 297 298 301 304 307 
309 310 313 319 322 324 331 333 334 338 342 343 
345 346 349 350 355 356 361 365 367 371 372 373 
376 380 389 391 396 400 407 410 413 419 420 421 
423 424 426 433 439 446 450 452 454 458 460 466 
468 479 482 484 485 490 492 500 502 506 512 514 
515 518 525 526 527 531 533 534 537 541 542 543 
546 547 553 558 559 560 561 566 568 572 573 574 
579 584 586 592 595 603 604 611 612 615 616 617 
619 626 627 630 631 632 635 639 645 648 649 651 
652 653 657 658 659 660 661 663 674 675 677 681 
684 687 690 698 711 712 713 719 722 726 747 749 
753 754 761 762 763 766 767 768 772 774 776 777 
779 780 783 787 792 794 798 799 
245
5 6 10 11 15 16 21 23 24 26 31 33 
34 35 38 40 41 44 45 57 60 61 66 69 
71 76 79 81 85 89 90 92 93 94 95 96 
103 110 113 115 116 118 122 123 124 125 132 137 
148 150 154 156 159 166 167 168 169 170 177 184 
189 190 191 193 203 208 210 221 224 229 231 232 
233 235 244 245 249 255 256 258 259 260 261 263 
268 269 274 276 277 278 280 283 287 288 292 301 
303 306 308 311 319 322 324 326 331 337 338 350 
351 352 353 356 364 367 371 372 373 392 393 395 
397 398 403 406 407 411 427 428 430 432 434 435 
438 439 440 441 451 454 459 460 461 470 477 485 
488 490 492 496 503 504 505 507 510 511 515 517 
520 523 537 538 542 550 555 559 561 562 564 566 
568 569 573 576 578 579 585 586 591 597 599 602 
609 613 620 621 624 626 627 628 631 633 640 641 
643 647 652 663 664 666 668 671 676 679 681 686 
688 691 692 700 701 706 707 711 712 714 715 723 
727 728 729 730 735 736 737 739 740 748 749 753 
755 756 759 763 766 770 772 773 775 776 786 788 
789 794 795 798 799 
252
2 6 9 13 14 24 25 30 32 37 40 51 
53 54 55 56 61 62 63 64 67 69 73 78 
79 80 82 83 84 86 89 93 98 102 107 109 
110 111 112 115 117 118 121 129 131 138 145 147 
153 154 157 159 164 165 167 168 170 175 178 184 
186 187 192 195 196 198 206 207 210 218 220 224 
225 226 231 233 237 239 252 253 257 259 260 262 
263 264 268 273 276 280 281 284 287 288 289 297 
299 300 301 311 326 327 331 332 333 337 338 344 
347 348 351 359 363 364 366 371 373 377 380 382 
389 390 398 400 403 406 407 409 411 412 414 420 
422 423 424 431 432 436 440 444 445 451 464 467 
468 473 476 477 479 481 483 489 493 496 499 501 
503 504 505 509 510 515 519 520 524 531 538 539 
541 544 545 549 550 555 558 562 569 570 571 574 
581 590 603 604 608 609 618 620 621 622 629 630 
631 632 634 635 637 645 648 650 656 664 665 667 
668 672 674 676 677 685 689 691 692 693 694 695 
701 702 703 705 706 710 712 713 717 719 721 726 
731 733 735 736 739 741 746 749 750 751 753 755 
757 761 762 768 778 779 780 786 788 791 793 797 
235
6 15 17 22 23 27 36 44 46 49 51 52 
63 65 68 70 72 73 79 88 91 92 95 101 
103 114 115 118 119 120 125 129 130 136 138 146 
152 153 155 156 159 162 165 166 170 171 173 175 
176 181 183 187 191 193 195 197 201 210 215 216 
222 225 230 233 234 239 247 252 255 266 269 272 
273 277 279 283 286 297 300 301 304 308 316 323 
328 329 331 333 334 335 336 349 350 351 352 356 
363 364 365 366 367 371 373 379 380 385 393 395 
397 400 402 404 413 422 427 429 431 433 436 438 
439 440 445 446 448 450 454 455 456 459 462 464 
465 467 469 471 474 475 476 480 483 484 485 488 
489 490 498 500 506 507 513 514 518 522 523 525 
526 531 534 551 552 555 556 560 562 564 570 572 
584 586 588 589 590 598 599 602 609 610 615 618 
619 620 627 630 634 638 640 643 647 649 657 658 
669 676 678 679 682 684 685 687 689 693 695 696 
699 710 713 715 720 722 724 727 734 736 740 741 
743 748 749 750 757 759 760 761 762 764 766 771 
774 777 778 783 790 791 800 
237
3 4 7 9 10 17 27 35 36 39 45 47 
51 58 59 67 74 76 78 83 84 87 91 98 
99 100 104 107 111 113 114 115 116 117 120 125 
126 127 128 129 133 134 143 149 152 154 162 167 
176 180 187 189 194 196 198 201 209 210 216 227 
231 240 241 250 252 255 259 261 263 264 267 269 
273 275 279 280 288 295 298 300 306 309 310 315 
323 324 332 333 334 336 337 338 339 340 344 347 
348 349 350 354 355 357 358 363 378 381 388 391 
393 396 402 403 404 406 408 410 413 414 416 425 
426 429 430 432 433 439 440 444 446 449 453 457 
463 465 470 473 479 480 482 486 488 497 498 504 
508 510 512 513 517 518 519 520 525 529 539 550 
551 552 559 562 564 567 569 572 573 575 576 577 
578 588 592 601 602 608 618 619 620 624 625 628 
632 637 641 652 656 658 659 664 670 671 682 687 
690 695 697 698 700 704 705 706 707 708 709 711 
712 718 727 728 730 733 734 737 740 742 749 750 
752 754 756 757 760 761 765 767 768 769 771 776 
779 784 789 790 791 792 795 796 800 
253
14 17 21 22 26 27 28 30 34 36 39 40 
42 46 56 69 72 76 82 83 86 87 102 106 
107 112 114 122 123 124 129 131 132 136 137 138 
141 143 144 149 150 152 157 159 164 167 170 171 
173 177 181 182 184 185 186 192 193 195 203 205 
208 209 212 214 219 220 223 226 227 230 234 236 
239 241 244 248 253 256 258 259 260 264 272 275 
280 285 288 290 294 297 301 302 304 309 322 325 
328 332 333 341 343 346 350 353 354 355 362 370 
371 373 377 388 395 396 397 402 404 407 409 410 
412 416 420 423 429 434 446 448 450 451 458 460 
462 465 471 472 478 485 486 489 490 492 494 500 
502 510 512 513 516 521 526 527 530 532 535 539 
541 543 545 546 549 552 554 556 558 560 563 572 
573 579 580 582 585 588 594 598 600 602 604 608 
609 611 613 617 618 622 623 626 630 631 633 637 
638 639 641 642 643 648 649 650 651 656 657 658 
662 665 667 669 672 673 674 675 680 684 687 692 
694 697 698 708 710 712 716 724 725 734 736 737 
741 747 748 750 751 752 755 757 765 767 769 777 
779 780 784 785 786 788 789 790 791 793 797 799 
800 
221
2 13 15 16 21 25 30 32 33 36 41 42 
48 53 59 60 62 63 65 68 69 73 78 84 
86 87 98 101 103 118 123 124 127 140 142 143 
144 146 149 152 153 166 168 170 171 173 178 179 
181 185 189 192 196 199 206 207 211 216 217 220 
221 224 225 226 228 230 234 235 236 238 239 247 
259 260 261 263 265 266 269 279 285 286 288 291 
293 295 300 304 307 311 313 316 320 330 331 336 
337 340 350 355 357 364 369 370 371 377 384 387 
390 391 393 404 407 409 411 415 417 418 420 433 
436 438 448 450 451 452 454 463 467 475 476 482 
483 484 485 491 504 505 506 520 522 523 524 526 
528 529 537 539 540 542 543 552 557 558 564 566 
570 576 582 586 591 595 597 609 613 614 617 619 
624 626 629 630 635 636 643 644 645 652 653 657 
659 661 662 672 673 674 676 681 682 693 698 701 
704 706 710 725 726 730 731 732 737 738 739 743 
748 751 753 756 759 765 767 769 770 784 786 787 
789 793 795 799 800 
218
1 2 3 5 11 12 17 22 24 29 31 36 
37 38 39 41 43 44 50 54 56 60 62 64 
67 74 76 82 85 87 88 94 95 99 105 106 
114 115 125 130 136 138 141 145 146 147 151 152 
158 160 162 171 175 176 179 182 185 187 188 191 
193 198 203 209 212 213 215 216 221 223 224 225 
231 232 235 241 244 247 251 252 253 255 258 263 
265 268 270 273 278 282 283 292 297 308 311 312 
320 328 329 333 339 343 349 357 358 360 361 369 
370 371 374 379 380 384 385 391 395 396 399 411 
417 422 425 427 440 446 455 463 481 490 498 499 
501 510 520 521 529 532 533 534 545 546 550 554 
556 562 565 567 568 572 576 577 581 582 583 585 
590 591 594 601 605 611 614 618 620 621 622 629 
630 641 648 651 654 656 657 658 661 664 667 669 
670 671 681 684 689 691 692 694 700 701 705 707 
708 712 714 717 718 726 733 736 738 741 744 745 
749 751 753 761 772 780 783 784 785 787 788 795 
799 800 
263
4 5 8 11 15 19 21 23 25 27 28 31 
33 34 40 44 47 49 52 54 56 57 61 62 
69 70 74 75 78 79 81 82 93 97 101 102 
104 106 111 113 121 124 125 126 127 128 131 133 
134 138 139 146 147 148 156 157 158 161 163 166 
167 169 170 174 177 179 180 181 182 183 184 186 
190 191 192 193 199 204 209 210 212 213 222 223 
231 233 238 239 241 250 254 256 258 259 265 266 
275 276 282 291 292 301 302 304 305 306 309 312 
318 322 324 329 330 333 334 337 338 339 343 344 
345 347 348 350 352 354 357 359 360 361 372 374 
375 376 377 378 381 387 390 392 393 403 408 411 
415 421 423 424 427 428 432 433 435 441 442 444 
451 457 458 461 463 466 467 472 473 475 476 485 
494 501 507 521 522 524 528 533 534 540 544 547 
550 551 553 556 562 563 565 566 571 572 579 580 
581 588 589 595 597 598 599 600 608 609 610 612 
613 615 619 621 625 636 639 647 648 649 655 662 
665 666 668 671 672 673 675 679 681 683 684 685 
686 694 696 697 698 703 706 707 708 716 719 720 
723 727 728 740 755 758 760 764 767 770 772 779 
780 781 783 784 785 789 790 792 793 798 799 
233
4 6 13 14 15 17 19 24 27 29 30 32 
33 36 41 43 46 52 54 55 64 70 72 81 
87 91 94 95 96 97 105 106 111 112 113 115 
117 122 128 131 133 135 137 138 139 141 144 145 
148 151 152 153 156 159 160 163 165 168 171 175 
177 182 184 188 191 192 196 203 205 209 218 220 
224 226 233 234 244 247 256 266 267 268 271 272 
276 277 289 290 295 305 317 318 324 327 329 331 
336 337 338 339 340 341 349 356 358 359 363 369 
370 372 373 377 381 387 388 390 392 396 398 401 
402 403 404 406 408 410 411 419 422 424 427 428 
430 434 439 443 445 446 448 455 457 471 479 482 
484 485 490 491 495 497 500 501 502 504 505 507 
510 520 521 523 527 533 536 541 543 545 547 552 
556 559 560 564 566 571 574 575 579 581 584 587 
588 593 597 599 600 601 603 605 609 611 614 618 
622 625 628 633 636 637 639 644 645 646 651 658 
665 666 667 671 674 678 680 681 685 693 702 708 
723 724 745 747 748 763 764 766 774 775 779 782 
788 791 793 798 799 
232
1 3 5 6 7 9 11 12 13 14 17 20 
21 26 31 32 40 41 42 45 48 49 53 56 
59 65 69 76 77 79 83 85 86 88 96 99 
103 109 118 119 122 123 126 127 130 136 139 140 
148 149 151 162 165 166 169 172 173 175 176 182 
185 193 194 197 208 209 211 216 217 218 232 234 
236 241 244 246 249 251 256 258 263 264 265 266 
267 270 271 277 281 282 284 289 292 293 297 300 
303 307 309 310 311 314 315 318 319 321 334 335 
336 341 348 351 356 360 363 367 369 370 373 376 
378 384 387 393 395 406 415 417 420 422 428 433 
435 443 450 457 460 473 474 484 485 486 504 506 
507 508 517 522 525 526 528 537 538 539 540 548 
551 553 554 557 559 560 562 563 569 571 572 573 
580 581 584 585 586 587 595 596 597 599 600 605 
606 609 613 621 628 636 640 647 658 660 662 665 
666 670 673 674 675 676 687 688 689 693 697 699 
702 707 710 711 722 724 730 732 735 743 746 747 
755 756 757 758 762 766 768 771 775 780 781 782 
784 787 789 793 
233
1 4 6 15 16 17 19 21 24 28 29 32 
33 35 36 40 41 43 47 49 58 60 62 63 
64 70 74 76 87 88 89 95 107 108 113 119 
121 126 127 133 136 138 149 156 158 162 163 164 
165 166 167 171 172 175 182 190 194 195 196 199 
201 205 207 208 217 219 220 226 228 232 234 237 
239 245 248 254 256 257 260 265 268 274 278 280 
282 291 295 297 299 303 304 307 310 316 318 321 
327 328 333 338 341 342 347 354 355 356 358 362 
363 365 366 369 370 373 374 381 383 388 390 393 
394 398 401 404 405 409 412 420 421 422 428 432 
435 440 444 460 466 484 485 487 488 489 495 501 
502 504 506 508 513 521 532 535 538 545 549 553 
554 557 562 564 567 568 569 570 574 577 578 583 
589 596 599 606 607 608 610 612 614 621 626 627 
635 636 637 640 644 649 651 652 655 657 659 662 
663 664 669 671 672 682 685 687 689 690 695 705 
707 708 710 713 717 718 720 725 726 735 736 738 
741 743 744 746 748 749 753 755 758 767 777 778 
783 785 790 793 796 
234
6 7 12 13 18 22 25 29 32 38 39 43 
45 47 48 50 51 53 54 55 58 61 63 65 
75 77 78 84 85 91 93 97 98 103 105 108 
111 113 123 124 125 128 130 135 143 144 147 148 
149 150 152 153 154 159 166 168 169 170 172 185 
186 189 191 192 198 207 211 215 217 218 219 229 
230 233 234 245 246 250 255 256 268 269 273 275 
278 280 282 283 293 294 297 300 311 317 318 322 
323 327 336 340 342 343 346 348 349 359 361 368 
371 373 376 377 378 380 386 390 394 398 399 402 
409 411 412 414 421 422 425 428 430 431 432 434 
450 453 456 457 459 467 473 474 477 480 481 482 
483 485 504 508 509 510 513 517 518 527 529 531 
533 538 539 546 552 555 557 558 562 565 566 567 
577 597 600 601 602 603 604 607 609 610 612 613 
617 623 627 631 632 635 638 642 645 647 648 650 
651 652 654 659 663 665 670 673 677 680 681 692 
697 701 703 705 717 724 726 729 736 737 742 743 
744 745 755 760 764 769 770 772 778 781 782 784 
787 791 793 795 797 798 
243
15 16 18 20 23 26 27 31 34 37 38 39 
42 54 55 57 58 59 63 67 68 70 71 73 
74 77 78 80 84 87 92 93 97 98 103 108 
114 118 120 126 127 132 134 137 142 145 157 160 
161 167 171 192 199 203 209 215 228 242 245 248 
259 260 271 273 274 277 278 279 283 284 286 288 
289 291 292 294 297 298 302 305 306 313 315 319 
324 326 330 341 345 347 348 354 356 359 361 362 
363 366 367 370 372 373 379 380 381 382 383 384 
385 387 395 397 398 399 400 404 417 419 423 426 
429 431 434 435 437 438 440 443 444 452 456 460 
469 471 477 482 483 484 488 491 493 494 495 498 
505 506 510 512 515 525 528 530 531 533 534 535 
538 541 542 543 545 553 561 563 568 571 579 582 
586 587 588 589 591 599 602 604 606 607 611 612 
618 620 623 625 626 631 632 636 640 642 646 647 
654 658 660 662 663 668 670 671 672 673 675 677 
680 686 690 692 697 699 700 701 705 708 719 724 
726 731 732 733 736 739 743 749 754 756 758 760 
761 764 768 773 774 775 779 780 781 782 786 788 
795 796 797 
240
2 3 15 16 17 19 22 24 25 45 46 48 
51 54 57 62 67 73 75 83 89 90 92 99 
100 101 102 103 104 108 109 118 123 124 136 139 
140 141 148 151 152 154 156 157 159 160 162 166 
168 174 176 177 179 180 186 189 191 194 195 197 
199 201 203 207 208 211 217 224 229 230 238 242 
243 246 250 255 257 259 261 264 266 268 271 274 
277 279 280 283 284 289 294 297 300 303 305 307 
309 310 312 314 315 316 318 326 328 334 335 336 
345 346 350 353 355 358 360 361 362 363 364 366 
371 372 375 382 393 395 396 400 403 404 406 410 
411 412 413 414 423 425 427 430 436 440 442 457 
461 469 474 476 480 484 485 489 491 494 495 496 
497 498 502 504 505 507 509 510 519 524 529 534 
535 536 538 547 548 550 553 554 556 561 572 573 
576 580 585 590 595 597 608 609 613 615 619 620 
621 623 626 631 634 636 640 646 648 649 650 651 
656 658 661 664 668 669 671 678 679 682 691 702 
704 707 708 711 717 719 729 731 733 736 737 738 
741 747 748 756 759 762 763 769 781 787 790 800 
232
5 18 19 20 23 24 31 33 47 49 50 51 
52 53 55 57 58 60 62 63 66 68 75 76 
78 80 84 86 90 93 94 95 99 101 107 109 
111 112 114 116 121 132 133 134 139 142 150 157 
160 162 165 168 169 171 177 179 184 187 188 191 
194 202 210 213 216 220 221 222 223 229 243 244 
248 252 254 255 257 258 260 262 263 265 266 270 
274 275 279 282 293 300 306 310 314 317 321 327 
332 336 343 346 347 348 350 353 355 357 360 362 
364 374 379 381 390 392 393 403 404 406 411 412 
415 416 417 420 427 428 433 439 442 445 453 454 
455 456 457 461 463 465 466 475 476 477 481 483 
496 507 509 516 517 521 529 533 534 537 538 539 
542 552 553 554 556 558 563 567 571 578 583 589 
590 596 597 598 609 610 612 619 621 623 626 631 
637 638 639 642 643 645 646 647 649 653 657 659 
660 664 665 677 680 682 684 686 688 690 694 700 
701 702 703 710 712 713 726 729 730 734 735 736 
741 746 747 749 751 757 760 771 773 775 778 779 
780 783 788 789 
226
3 4 8 12 13 15 18 40 42 47 49 53 
59 60 62 70 78 81 88 97 99 100 101 110 
122 123 126 130 139 152 157 161 162 164 166 167 
176 177 178 182 184 185 188 202 203 207 208 212 
213 216 219 225 226 231 232 234 238 242 244 245 
246 247 252 255 267 271 272 274 281 292 293 295 
304 305 310 316 325 330 331 333 340 342 343 344 
347 348 352 357 359 366 367 371 373 374 377 380 
382 386 390 391 392 395 396 399 403 404 405 406 
408 409 411 413 414 416 419 423 425 430 432 433 
437 440 441 446 450 451 452 455 459 463 469 471 
473 482 483 486 487 494 497 502 503 504 506 508 
509 510 512 516 517 521 523 525 526 530 531 535 
537 541 543 549 551 554 560 561 572 578 581 584 
585 590 592 594 598 602 607 608 615 629 633 634 
635 636 639 642 645 647 650 651 653 659 662 665 
670 671 674 685 690 694 699 710 722 724 730 732 
733 735 737 739 740 744 745 746 748 753 761 765 
772 776 780 781 782 787 791 794 795 796 
241
9 10 12 14 18 19 20 26 47 49 51 55 
57 60 62 67 68 70 78 81 83 88 90 94 
99 100 111 113 114 115 120 124 125 128 133 134 
137 144 145 151 152 165 166 171 172 174 178 185 
187 190 191 204 205 207 212 217 220 222 224 227 
228 230 231 235 240 242 244 246 247 257 267 268 
272 276 277 278 283 284 285 289 290 306 310 319 
320 321 323 331 334 337 339 342 345 350 353 357 
358 360 363 364 370 376 377 378 380 381 386 387 
390 396 399 401 403 407 409 412 413 414 417 419 
421 422 424 427 429 432 433 435 439 442 445 448 
453 454 468 476 479 483 485 491 493 497 498 509 
511 512 514 516 517 521 522 525 532 537 539 540 
541 545 546 549 550 553 555 560 562 564 565 570 
572 573 574 576 586 590 592 600 601 604 606 612 
614 624 625 627 632 641 643 645 648 652 654 655 
663 664 665 666 668 673 676 677 678 682 684 685 
686 688 689 691 692 699 703 705 706 707 710 713 
715 718 721 724 725 727 737 739 742 746 747 750 
756 762 764 767 770 778 782 787 794 796 797 799 
800 
227
4 15 16 19 21 22 26 30 33 37 39 51 
53 56 60 62 69 73 75 77 80 84 89 92 
96 102 103 104 106 111 114 116 117 121 124 126 
127 130 131 136 142 145 146 148 154 156 159 160 
168 169 171 172 173 175 176 177 179 182 186 194 
195 201 202 215 221 223 225 226 228 231 232 233 
235 237 239 242 249 252 253 254 257 260 262 266 
275 279 282 283 289 290 293 299 302 305 306 307 
310 320 321 329 332 333 338 342 343 348 351 355 
358 360 361 364 375 376 377 386 387 392 393 395 
397 398 400 402 405 411 413 422 423 424 425 429 
430 432 441 443 450 451 454 459 461 463 464 466 
469 477 480 482 483 486 488 494 497 498 502 505 
506 510 515 522 523 548 559 560 563 566 570 572 
573 574 577 578 582 586 588 590 595 600 601 605 
606 609 611 612 617 625 630 635 640 641 648 650 
657 658 669 670 674 675 682 687 688 694 695 701 
713 714 717 738 741 745 750 754 755 764 767 770 
771 774 776 781 785 787 788 790 791 793 796 
221
3 4 8 13 17 18 28 35 40 42 43 45 
47 48 53 54 59 62 63 64 72 73 79 85 
86 87 93 96 98 102 104 109 115 117 120 125 
128 129 135 138 145 153 154 155 162 164 165 166 
167 170 175 183 186 187 191 193 196 201 203 206 
212 215 219 220 224 225 229 230 237 245 247 251 
252 253 257 261 263 265 267 271 272 286 288 290 
294 295 299 301 302 310 312 315 321 323 325 328 
329 333 335 343 355 359 362 366 367 371 372 374 
377 378 385 389 390 393 395 398 406 407 408 410 
426 427 429 430 432 433 439 442 443 455 456 467 
468 471 474 482 483 486 488 494 499 502 508 510 
512 519 527 529 532 533 534 536 545 552 560 565 
567 573 576 578 581 583 585 586 587 593 597 599 
600 606 607 609 613 614 615 626 629 630 631 634 
638 640 642 643 644 645 646 649 650 660 665 667 
673 674 676 686 689 691 694 696 697 698 701 705 
713 715 716 717 718 720 733 737 738 740 741 749 
769 770 775 796 799 
215
3 5 7 8 9 21 27 29 30 33 35 36 
37 44 49 53 59 65 67 69 71 72 76 77 
80 86 87 88 89 95 107 110 112 113 122 124 
130 133 138 142 145 147 153 154 155 157 158 160 
169 170 177 179 182 183 186 188 190 194 199 200 
201 206 207 210 216 218 223 226 229 232 241 243 
250 253 254 256 264 266 269 273 280 281 285 288 
291 293 301 305 306 307 311 314 316 318 324 328 
334 343 347 348 351 353 356 357 362 363 364 368 
370 373 379 380 388 389 393 395 396 397 399 407 
408 411 418 419 422 424 435 436 439 440 443 454 
457 459 465 468 471 481 485 490 492 497 498 499 
500 501 507 509 510 511 513 514 516 517 518 532 
545 547 548 558 560 567 569 589 597 599 604 606 
611 617 618 619 626 628 633 635 638 639 642 650 
654 656 658 670 671 674 680 687 689 699 700 707 
708 711 715 716 727 729 731 742 743 746 749 752 
757 761 765 766 773 784 786 789 792 794 798 
242
2 3 5 12 16 20 33 38 40 42 44 51 
52 54 55 57 61 63 64 66 68 78 85 87 
91 92 93 98 100 104 105 107 110 112 114 115 
116 121 122 124 125 127 133 143 148 155 157 159 
162 165 168 172 175 176 181 182 188 190 191 195 
196 199 214 215 220 221 225 227 228 230 233 234 
235 237 241 242 244 247 253 254 255 256 263 268 
269 271 274 277 280 281 282 289 292 300 302 303 
305 311 317 318 324 326 334 350 352 359 362 366 
369 372 374 375 376 377 380 382 383 384 385 389 
393 395 397 401 404 414 415 425 426 435 436 439 
442 443 444 459 460 463 470 475 476 483 484 485 
487 490 495 498 501 504 507 508 510 512 514 515 
517 521 522 524 529 538 540 541 542 552 553 554 
561 570 574 575 578 579 584 588 589 590 594 598 
599 603 605 606 610 611 615 619 620 621 625 628 
630 632 633 635 636 637 638 650 652 654 657 659 
661 666 671 675 680 686 689 693 702 703 711 716 
717 719 727 728 732 735 738 743 749 752 753 755 
759 764 770 776 777 781 782 784 786 787 792 794 
795 799 
220
2 4 6 8 9 10 19 20 23 25 28 30 
31 33 37 43 47 48 50 53 54 55 60 66 
74 76 77 78 84 85 91 97 98 104 109 110 
114 116 117 138 139 140 144 148 149 151 152 160 
165 171 180 181 184 198 199 200 202 203 207 209 
213 214 223 227 230 231 232 239 241 246 250 253 
254 257 260 262 265 269 273 278 283 286 288 289 
290 291 292 296 298 299 314 317 320 329 332 337 
343 349 353 356 358 360 364 365 366 368 369 375 
377 380 384 386 387 392 393 397 399 400 402 404 
406 411 413 415 418 419 420 421 426 431 432 434 
448 451 454 457 462 464 469 470 473 475 482 485 
493 497 498 500 503 505 508 509 522 524 531 535 
540 543 549 554 558 561 566 567 576 578 587 588 
589 590 593 601 603 604 610 612 616 617 619 621 
624 628 633 635 637 645 648 651 659 663 664 665 
667 671 679 683 690 694 701 707 711 717 719 723 
725 732 737 738 742 746 749 750 761 762 764 768 
781 787 788 798 
227
3 4 5 11 15 16 17 22 23 27 28 44 
46 49 50 51 55 61 64 65 66 69 72 73 
76 77 88 89 98 99 101 104 108 112 116 117 
118 119 129 135 137 140 141 144 145 149 153 173 
174 179 183 185 194 197 201 202 205 213 215 219 
224 226 238 239 241 242 248 252 254 255 257 258 
261 262 272 276 282 283 284 290 293 294 300 303 
308 309 310 311 312 316 320 325 328 331 333 334 
335 336 339 341 342 344 345 348 349 350 353 357 
358 361 378 380 381 389 392 400 401 402 404 408 
415 419 422 425 427 428 430 433 442 445 446 448 
450 451 453 454 455 462 468 472 473 477 480 482 
490 492 493 494 497 498 500 502 504 506 507 514 
520 532 533 534 536 539 541 547 551 555 562 564 
577 583 585 589 600 604 613 614 616 618 621 622 
623 626 631 632 633 637 647 653 656 662 663 667 
671 672 676 677 681 682 683 688 689 690 691 693 
695 709 713 719 721 722 726 727 739 741 744 751 
754 755 763 773 776 778 780 791 792 799 800 
245
1 10 12 13 15 29 31 34 37 39 41 42 
46 47 50 51 52 54 58 61 66 68 72 75 
76 78 82 90 92 96 100 104 108 112 114 115 
123 124 129 132 142 149 151 161 163 165 167 171 
172 174 178 179 180 185 191 194 198 202 206 208 
211 225 229 231 233 235 237 240 243 244 247 250 
252 255 256 257 259 272 276 284 285 286 290 299 
303 307 308 313 321 332 333 339 341 342 344 348 
355 357 370 378 382 386 389 392 405 407 409 413 
415 418 419 420 424 427 431 432 435 436 438 440 
446 455 457 459 461 468 469 473 474 476 477 478 
486 487 491 496 498 499 501 506 509 511 512 519 
520 522 523 525 527 531 532 534 537 540 543 544 
546 547 548 556 558 570 572 577 580 583 588 590 
593 595 599 604 605 606 607 610 611 612 616 628 
633 634 637 638 640 641 644 645 651 652 655 659 
661 663 668 669 670 671 672 674 677 680 682 683 
685 686 690 693 696 698 699 701 712 714 716 717 
718 724 731 740 742 743 744 745 746 748 751 752 
755 757 767 768 772 773 774 778 779 780 781 786 
793 794 796 797 798 
239
1 2 4 5 10 21 23 26 29 30 32 33 
40 42 60 67 68 70 72 74 75 86 93 94 
95 96 97 99 100 104 105 107 110 111 115 117 
118 125 126 127 135 136 137 138 143 144 149 152 
154 158 165 168 174 176 184 185 186 191 199 205 
208 209 213 217 218 220 224 243 244 247 249 254 
255 256 265 269 271 272 273 275 277 278 285 286 
287 288 291 292 295 302 304 305 309 312 313 318 
321 322 327 332 333 345 352 357 368 375 383 385 
388 389 393 394 397 401 404 412 413 416 421 423 
424 426 427 430 432 433 434 437 439 441 446 447 
448 449 450 451 452 454 456 457 460 464 467 468 
471 474 475 476 484 485 490 492 496 497 502 503 
506 507 513 515 517 520 521 525 529 530 533 534 
539 540 543 545 552 554 555 565 581 586 588 594 
597 603 605 608 611 616 617 619 620 624 626 630 
631 642 648 651 654 655 662 667 669 671 672 677 
681 687 692 699 704 705 707 708 710 713 716 722 
725 729 731 733 738 740 742 745 754 755 758 763 
771 772 773 778 779 782 785 786 788 789 795 
239
5 9 10 17 19 20 21 22 24 32 39 44 
49 51 52 55 58 60 64 70 72 75 77 78 
79 81 82 83 86 88 91 104 108 114 115 122 
129 132 135 137 142 145 147 148 150 156 157 164 
168 171 172 177 184 185 190 199 200 203 207 208 
211 214 215 217 226 227 229 230 232 235 238 240 
241 242 244 245 246 252 253 256 265 269 270 273 
276 277 279 282 295 296 299 302 304 315 321 325 
329 332 334 342 348 351 353 355 357 360 364 365 
367 368 372 375 384 386 390 392 393 394 395 396 
398 399 413 416 421 423 425 426 433 436 439 440 
442 443 444 445 446 447 448 449 453 454 456 458 
463 466 468 474 479 480 489 491 492 504 506 510 
512 513 518 527 533 534 541 542 543 545 549 551 
553 565 572 575 582 584 587 588 589 594 598 599 
602 603 605 607 610 611 624 625 627 628 629 632 
633 634 639 647 653 654 657 658 660 663 665 669 
672 673 674 687 693 697 699 701 704 710 714 722 
729 731 732 734 735 746 748 751 753 758 760 768 
771 773 774 776 777 783 787 790 793 796 798 
232
1 2 3 6 10 13 20 28 31 44 47 55 
58 65 66 67 76 77 86 87 95 96 97 98 
99 100 102 103 106 107 108 110 113 114 119 121 
124 125 126 129 130 132 133 135 137 139 140 141 
143 151 154 155 156 162 163 165 166 169 178 184 
185 186 188 191 196 197 199 200 204 207 208 209 
211 214 216 223 227 231 237 238 245 246 247 258 
264 268 269 270 272 274 279 281 282 288 290 293 
298 303 305 307 308 312 317 319 320 322 324 325 
327 330 336 345 347 352 353 364 365 368 377 378 
382 385 386 387 391 393 397 399 401 406 417 418 
419 423 424 427 429 432 433 434 452 455 458 463 
466 469 472 473 474 480 481 482 484 489 492 497 
498 501 510 514 516 520 522 524 525 535 536 538 
548 551 555 556 557 577 578 580 582 588 589 592 
593 594 596 597 598 617 621 625 626 628 638 639 
644 645 647 648 658 663 665 668 673 679 684 686 
687 692 702 710 714 715 720 726 737 738 740 742 
743 744 750 756 759 764 765 766 770 777 778 780 
781 782 791 797 
260
2 8 9 10 11 13 14 16 18 24 25 27 
29 33 34 37 41 42 47 49 50 52 58 59 
65 71 80 81 83 86 87 90 92 97 102 104 
109 110 112 113 114 123 126 130 133 135 142 146 
153 154 155 157 158 159 160 161 164 171 173 174 
182 186 191 193 194 196 216 219 224 228 230 235 
236 238 240 242 243 244 249 254 255 259 260 262 
263 264 268 269 275 281 283 286 287 291 292 294 
295 297 304 305 309 313 317 321 324 327 330 333 
338 340 341 342 343 350 351 356 362 364 373 377 
381 382 385 387 389 390 394 395 403 404 407 411 
415 421 425 433 435 436 446 447 449 465 466 468 
470 471 472 474 479 480 484 486 487 489 490 493 
494 495 496 497 501 503 507 510 512 513 528 531 
535 538 539 542 544 550 552 553 554 557 559 565 
569 570 572 577 578 579 580 582 583 584 585 587 
588 592 599 601 608 610 615 616 621 623 625 626 
627 631 632 636 638 639 644 646 648 649 651 661 
663 665 667 668 670 672 683 686 689 691 697 698 
701 703 704 712 714 720 728 732 733 736 737 740 
741 745 746 747 749 750 751 754 756 758 759 768 
773 774 775 781 782 784 789 793 
247
5 9 12 17 18 20 22 27 28 33 39 40 
44 47 51 52 53 54 55 59 61 63 66 73 
74 76 83 86 89 92 96 97 105 114 125 126 
129 131 135 136 138 140 146 148 149 150 159 161 
163 164 165 166 167 172 176 178 180 184 185 186 
187 192 193 195 199 206 209 211 213 220 221 222 
224 226 227 228 230 236 240 242 245 247 250 257 
259 261 263 264 267 268 269 270 273 277 281 282 
284 288 290 292 293 294 295 297 298 302 303 306 
308 310 313 314 322 334 336 338 339 341 344 346 
347 358 365 371 375 377 378 383 386 388 390 395 
396 401 402 403 406 408 409 419 423 429 433 435 
436 438 439 440 443 450 451 462 463 475 477 485 
492 497 498 501 502 510 511 513 515 516 518 528 
531 532 533 535 541 543 547 549 550 556 560 561 
562 566 567 571 575 576 577 585 593 595 596 598 
603 604 605 607 610 613 614 615 625 626 628 630 
632 634 638 640 643 650 651 652 655 660 669 670 
671 673 674 675 680 682 687 689 694 697 700 702 
709 710 714 719 721 723 728 730 739 745 748 761 
768 774 777 780 785 787 795 
252
5 7 9 14 16 17 18 19 20 26 33 34 
45 48 49 50 57 60 61 62 65 67 69 70 
73 81 83 85 86 89 92 94 95 100 105 108 
111 113 115 119 123 128 129 131 134 137 140 141 
145 148 149 153 154 156 158 162 163 165 166 167 
174 177 181 182 185 186 188 193 196 197 200 202 
203 204 211 213 220 222 224 229 235 239 247 248 
251 254 263 264 267 272 274 278 280 281 285 289 
296 302 306 309 316 318 319 320 324 329 331 339 
343 346 349 357 358 359 365 376 381 382 386 388 
389 390 394 398 399 402 408 410 411 414 415 419 
422 425 435 437 438 444 445 447 449 453 455 456 
457 470 476 477 481 483 484 487 491 494 497 498 
504 505 508 511 512 514 523 524 527 531 533 537 
541 547 551 552 556 557 560 566 568 572 576 577 
580 582 588 589 596 601 602 604 619 621 624 626 
632 636 638 639 644 645 646 649 651 652 654 655 
657 658 663 665 670 672 673 674 676 678 679 683 
684 693 694 699 707 713 718 719 721 722 725 729 
735 736 739 740 743 744 748 751 752 754 757 758 
761 771 772 774 777 783 786 788 789 792 793 797 
240
4 6 8 10 15 24 26 27 28 33 38 41 
43 44 51 54 56 57 58 60 62 63 64 65 
74 76 77 83 85 88 90 91 98 101 104 107 
112 117 125 129 130 131 137 141 142 146 149 153 
156 157 159 167 172 177 178 185 188 191 193 194 
203 205 214 217 218 219 220 222 229 233 237 240 
243 248 249 250 252 255 259 260 262 266 267 269 
271 274 275 285 287 289 291 292 297 300 301 304 
307 309 311 313 314 321 324 326 329 333 335 340 
341 344 347 353 359 364 368 369 371 373 374 377 
383 387 390 391 394 398 405 407 411 413 418 422 
425 430 432 441 443 450 451 454 455 459 461 469 
472 474 475 481 482 486 492 499 503 504 508 510 
511 517 523 524 525 529 533 534 537 544 549 551 
552 558 561 564 569 571 572 575 584 586 589 590 
594 595 598 603 608 609 612 613 616 622 623 626 
631 640 649 652 654 658 660 662 664 667 673 674 
680 681 684 685 686 687 688 693 695 705 710 713 
716 719 720 721 727 732 733 738 752 755 756 761 
773 774 776 778 779 784 785 788 790 792 799 800 
233
3 7 9 13 14 17 18 20 22 24 31 32 
34 35 39 44 46 47 48 53 55 60 61 64 
68 73 82 83 84 85 95 101 114 116 122 124 
125 128 132 143 145 148 150 154 156 161 163 167 
179 184 188 191 195 196 199 202 204 205 206 210 
211 216 219 222 224 227 235 242 244 248 252 257 
258 262 265 266 268 269 281 293 298 305 314 317 
320 322 324 327 328 329 334 335 337 341 344 346 
348 349 352 354 355 357 358 364 365 366 367 369 
374 375 376 381 384 387 388 391 399 403 414 420 
425 426 430 431 438 446 448 460 463 471 472 473 
475 476 484 485 486 490 499 502 503 507 509 511 
514 518 521 523 529 538 541 542 543 545 550 557 
558 559 562 567 572 573 575 576 579 580 582 583 
594 595 599 606 608 609 611 612 615 616 618 625 
626 629 637 638 639 645 648 649 655 656 657 659 
662 664 673 674 679 682 683 684 686 693 695 703 
705 706 707 709 711 715 719 723 726 729 731 733 
748 750 753 754 760 763 764 766 771 773 776 782 
783 787 788 791 795 
266
1 3 9 10 12 13 21 22 25 26 28 32 
39 44 50 51 61 63 65 67 70 74 78 79 
83 86 87 91 95 101 102 105 107 113 120 123 
124 126 127 128 130 134 135 139 141 143 146 149 
150 154 157 158 159 161 164 170 177 179 181 182 
183 185 186 198 200 201 203 204 211 212 217 218 
219 222 226 229 236 238 243 244 245 246 247 248 
249 250 252 253 256 257 261 263 265 268 272 274 
275 278 288 295 296 300 301 302 305 307 314 315 
317 320 324 326 327 328 329 333 334 335 340 345 
347 350 353 357 358 366 367 379 380 381 385 388 
389 394 395 400 402 404 405 411 412 414 419 422 
424 426 427 435 436 438 439 443 444 446 447 449 
452 455 461 466 471 472 473 476 479 485 487 489 
498 500 504 505 506 507 511 512 514 515 519 523 
524 525 529 530 531 532 536 537 543 544 546 548 
551 552 554 559 565 572 573 583 587 588 593 595 
597 601 603 606 608 609 613 614 616 618 620 627 
633 636 637 647 649 653 654 657 658 661 662 663 
666 682 685 686 687 693 694 695 698 703 704 707 
708 709 710 712 713 720 721 723 724 739 749 750 
753 759 761 765 766 769 772 774 775 777 784 787 
789 793 
272
4 5 8 9 13 14 17 20 21 22 23 25 
27 32 35 38 41 42 46 48 52 58 62 63 
64 65 66 67 69 71 79 81 83 90 94 99 
101 102 104 105 106 107 111 113 116 119 120 122 
124 125 134 138 145 146 149 158 164 165 169 171 
175 177 178 180 186 187 189 195 200 202 206 210 
214 219 221 223 224 227 228 229 233 236 239 244 
252 255 261 262 264 266 269 271 275 277 278 284 
288 291 292 296 297 300 309 312 316 320 321 322 
323 329 333 340 341 343 345 352 355 360 364 365 
372 373 375 377 378 380 382 386 387 390 393 394 
395 403 404 405 406 407 408 414 417 422 425 427 
430 431 434 435 436 438 446 447 449 452 454 456 
460 461 463 466 467 473 474 478 482 485 488 494 
500 502 504 506 507 509 514 518 519 523 526 528 
530 535 537 538 540 546 551 555 557 561 566 567 
568 569 570 573 575 583 584 585 586 588 592 596 
601 603 605 610 612 614 619 620 623 626 627 633 
642 644 645 649 651 656 657 659 660 663 669 672 
674 676 679 682 683 684 688 689 690 695 696 699 
700 703 709 711 713 715 723 728 732 740 743 744 
746 747 752 755 756 757 761 768 769 772 777 780 
781 783 786 787 790 794 799 800 
258
2 4 10 11 14 15 21 26 29 32 33 41 
44 50 53 54 58 59 61 62 64 67 68 72 
78 79 80 86 87 90 92 98 99 100 102 103 
105 107 108 110 115 123 129 132 135 136 140 144 
146 147 152 155 159 162 163 164 169 173 174 176 
179 181 185 187 190 191 192 193 194 199 202 213 
217 219 220 221 232 234 238 239 241 242 243 246 
252 254 257 258 261 264 266 267 268 269 271 272 
274 283 285 286 287 291 292 301 306 307 311 313 
315 321 328 331 336 348 353 354 356 360 366 367 
371 379 384 390 395 396 404 405 415 418 419 423 
427 428 429 437 438 440 441 444 445 446 448 450 
453 458 459 463 466 467 469 470 472 474 475 477 
478 483 484 486 491 493 494 497 498 502 505 509 
510 515 519 526 528 531 533 535 536 538 542 543 
547 548 550 554 555 560 563 568 569 573 575 580 
581 582 585 586 592 593 594 599 603 604 605 607 
608 612 613 615 618 619 628 636 642 644 645 646 
648 653 654 657 659 664 670 671 672 673 674 676 
677 678 681 686 693 703 704 706 710 715 718 725 
737 753 756 758 763 764 767 768 770 774 775 776 
777 781 784 788 793 796 
242
1 2 12 19 22 25 30 41 43 49 50 52 
53 54 60 61 63 65 73 74 76 81 89 91 
93 94 96 98 102 109 110 114 115 117 120 125 
133 137 138 144 148 149 150 159 169 171 176 177 
180 185 188 191 199 200 203 204 205 206 207 210 
213 219 220 222 233 234 235 236 244 247 250 252 
261 263 265 267 269 271 272 273 277 291 293 294 
301 302 304 305 306 317 320 321 323 325 326 328 
329 333 335 337 340 348 349 355 359 361 365 366 
369 372 375 376 377 378 379 380 382 383 384 387 
389 390 395 400 402 405 407 412 414 415 419 422 
424 425 429 433 435 438 442 448 452 458 461 466 
467 470 471 479 487 489 491 495 497 501 505 510 
511 512 513 520 525 528 530 533 535 536 537 540 
549 564 566 573 575 580 581 587 589 590 593 594 
597 604 608 612 613 616 618 624 631 632 636 639 
640 647 650 654 655 657 658 659 663 667 668 671 
672 675 676 677 688 691 692 694 701 702 703 704 
705 713 714 718 726 727 732 741 743 745 753 754 
755 760 761 762 767 768 769 772 782 785 789 793 
796 798 
237
2 13 16 24 27 30 32 34 35 42 46 47 
48 54 58 59 60 61 62 63 65 70 73 82 
84 92 94 98 99 100 101 107 114 117 118 119 
127 131 132 133 136 139 141 144 145 147 149 152 
163 174 175 176 182 183 184 185 195 199 201 204 
208 212 218 222 228 231 234 235 236 241 250 251 
252 258 262 265 270 271 275 276 283 286 290 298 
303 306 307 308 311 313 318 320 322 323 324 330 
333 335 338 340 341 342 346 349 358 359 360 365 
375 377 380 386 387 388 394 398 408 413 417 421 
426 427 432 434 438 442 443 446 447 453 456 458 
459 460 475 477 479 481 485 489 491 492 494 495 
497 499 503 504 505 509 515 517 519 524 530 531 
536 541 547 549 553 555 558 561 565 566 567 574 
577 578 582 586 587 588 592 596 597 600 603 609 
612 614 615 617 623 633 643 645 649 652 653 654 
658 664 673 680 681 683 688 689 690 691 694 697 
700 701 703 708 710 716 718 721 722 731 732 740 
747 748 749 752 753 756 762 772 774 778 782 783 
786 787 790 791 792 793 794 795 799 
246
1 4 11 15 19 21 22 24 27 28 35 40 
43 45 53 54 57 59 60 65 70 71 74 75 
78 81 85 87 90 92 94 98 101 103 106 109 
110 112 116 119 120 135 138 141 142 143 144 146 
149 156 158 161 166 169 171 173 174 176 177 183 
184 190 195 199 200 204 205 206 208 211 213 216 
219 221 224 228 233 242 243 245 250 258 260 266 
273 274 275 279 282 287 290 294 297 301 308 313 
314 325 328 335 338 342 345 346 347 354 357 358 
361 366 367 371 372 375 376 378 379 380 381 382 
383 386 389 392 401 402 406 413 415 418 423 424 
428 434 435 437 439 441 448 451 459 464 470 473 
474 475 476 477 479 487 491 493 496 500 506 507 
508 510 517 522 523 526 527 533 534 539 543 547 
548 549 550 554 559 565 567 569 574 579 581 584 
588 591 593 596 598 601 604 606 609 610 612 615 
621 625 630 633 634 636 643 647 651 652 655 658 
662 667 669 671 676 679 681 688 690 694 696 701 
705 710 714 715 717 721 723 724 725 727 729 731 
734 738 741 744 745 746 751 763 764 771 774 776 
777 779 784 785 791 796 
236
2 4 5 7 21 23 27 28 30 35 36 37 
40 41 42 45 47 48 49 53 60 68 72 75 
78 81 82 88 93 95 97 98 102 103 104 105 
109 111 114 119 121 127 131 132 135 139 141 142 
144 151 152 156 157 159 161 163 167 169 170 174 
179 181 188 191 192 194 197 198 199 202 207 213 
215 220 221 222 224 226 227 230 235 236 242 243 
245 248 254 255 257 259 260 263 266 267 269 272 
274 290 304 314 316 321 322 323 324 330 333 341 
343 344 350 351 360 364 367 368 373 375 379 381 
387 393 396 397 402 405 406 407 409 416 419 431 
432 433 434 435 441 444 445 449 450 454 456 457 
460 465 469 473 478 479 484 487 491 497 499 503 
505 512 522 523 526 528 529 533 535 541 543 544 
545 550 551 553 555 557 564 568 570 571 576 577 
580 589 591 596 600 602 612 613 619 623 625 627 
631 632 635 637 638 646 652 661 662 675 678 683 
685 691 695 700 704 708 715 720 723 725 727 728 
732 734 735 741 742 743 744 745 747 752 758 764 
765 778 782 784 786 788 789 792 
231
6 23 36 40 43 52 54 55 62 64 65 69 
70 72 75 84 88 90 94 96 101 107 111 115 
131 132 136 137 140 144 146 150 158 159 160 162 
166 170 171 172 173 174 179 181 182 185 187 192 
196 203 204 208 210 216 217 219 220 223 226 230 
234 239 241 242 244 259 260 264 269 271 276 281 
283 285 287 289 292 293 295 296 297 298 304 305 
307 309 311 317 319 329 342 345 346 348 354 367 
370 374 379 380 383 387 391 392 396 397 401 402 
405 410 416 417 418 419 421 426 432 433 434 441 
442 444 447 451 452 457 462 466 468 472 479 480 
482 483 487 491 493 497 498 499 506 516 520 522 
523 524 525 528 533 535 536 537 538 541 543 547 
548 549 552 553 554 559 561 563 565 566 567 568 
572 578 579 588 590 591 593 596 597 598 602 606 
608 611 614 625 627 628 633 636 642 646 652 653 
662 663 671 678 684 686 687 689 690 699 702 705 
707 709 714 719 720 722 724 731 738 740 751 753 
756 757 762 764 765 769 770 771 777 778 780 781 
785 789 792 
231
3 6 13 15 17 21 22 24 29 34 37 39 
41 42 43 45 47 50 53 56 67 70 74 76 
80 83 85 87 97 98 101 105 107 108 112 121 
125 127 131 133 136 138 144 145 146 147 149 150 
154 158 162 163 164 169 172 173 175 176 177 197 
198 202 209 212 213 215 217 219 224 225 226 239 
241 244 246 247 250 256 259 262 276 281 283 284 
286 287 289 290 292 297 302 303 304 306 310 312 
313 318 321 326 333 347 348 360 368 376 377 380 
382 384 385 390 396 398 399 408 412 416 419 423 
428 430 434 438 444 445 448 450 451 458 461 469 
471 472 473 476 480 481 482 484 485 486 487 488 
489 490 492 495 496 497 500 512 516 517 520 527 
529 534 538 546 547 548 549 550 554 557 558 562 
565 566 570 571 572 580 581 587 592 597 598 602 
604 611 614 620 622 630 631 645 646 652 655 657 
661 662 663 664 665 666 671 677 683 688 692 698 
705 706 713 717 721 729 731 735 740 741 743 744 
745 747 756 762 763 767 776 779 781 787 790 791 
792 796 800 
235
6 7 15 18 21 23 25 28 29 31 34 35 
36 39 40 45 52 54 55 59 61 63 65 78 
79 81 82 85 86 89 90 93 98 103 104 106 
107 111 112 114 116 117 125 127 134 136 141 143 
148 155 157 158 159 160 166 167 169 171 173 178 
179 180 183 185 186 189 191 193 194 199 203 207 
208 215 227 237 238 239 243 245 253 257 266 267 
270 275 276 282 285 290 291 292 295 297 300 304 
308 309 310 312 313 321 322 323 325 332 335 341 
345 346 347 350 351 356 357 358 359 362 363 367 
376 381 382 385 388 395 400 402 406 409 411 412 
413 414 417 418 419 421 422 423 425 429 434 435 
436 437 443 451 452 454 458 460 467 468 475 477 
478 482 497 510 511 514 516 518 519 522 527 528 
534 538 544 553 556 559 562 565 572 577 582 583 
587 589 603 607 608 611 617 620 624 631 633 636 
639 640 641 643 648 655 664 671 672 679 681 682 
685 694 707 708 712 713 715 723 725 727 728 731 
737 738 740 749 751 755 758 759 761 762 763 766 
770 772 775 780 787 789 792 
230
4 5 7 8 10 11 14 16 18 20 26 29 
34 36 38 42 43 45 46 47 51 54 55 63 
66 68 70 73 75 78 79 82 83 84 86 87 
89 92 93 100 102 107 110 112 117 125 127 131 
134 135 144 145 146 147 149 150 155 156 159 165 
167 171 172 178 180 182 183 186 193 194 197 199 
201 209 211 216 217 218 219 220 225 227 239 241 
243 245 248 250 252 254 261 263 264 270 271 273 
277 279 280 282 283 293 304 312 313 316 320 326 
327 330 332 337 340 341 347 348 354 368 373 385 
387 390 391 394 400 410 412 420 423 434 452 456 
460 464 465 467 470 472 474 477 480 483 486 492 
497 498 500 501 503 505 511 513 517 518 519 520 
524 525 530 531 534 543 547 561 572 574 578 579 
580 585 589 590 599 600 603 604 607 608 610 612 
614 617 620 623 627 628 629 644 647 648 651 657 
658 668 672 677 681 683 685 689 694 699 701 704 
705 707 710 711 712 725 727 729 730 732 739 741 
745 746 751 753 757 761 766 771 772 773 778 781 
796 800 
259
1 4 6 8 15 20 21 23 25 26 30 32 
34 38 39 47 50 51 58 69 71 74 76 78 
80 81 83 91 93 97 101 102 105 109 110 114 
117 118 119 123 124 125 131 134 136 141 144 145 
149 150 152 154 159 160 162 164 167 170 172 177 
179 180 181 189 193 194 203 208 214 218 220 224 
228 229 231 243 245 254 255 256 261 262 264 265 
266 267 271 273 275 285 287 289 290 296 297 301 
307 310 313 315 316 318 319 321 325 326 333 335 
337 339 341 351 352 359 362 366 368 369 375 381 
382 386 389 393 394 405 406 407 409 410 411 415 
419 423 425 426 428 429 432 437 438 440 447 461 
463 470 474 475 476 478 479 487 491 493 494 496 
500 502 503 506 510 514 523 527 528 530 536 537 
540 546 547 550 563 565 567 568 570 576 579 582 
590 602 606 607 609 616 619 620 622 623 624 625 
629 630 631 636 638 645 647 650 651 654 655 656 
657 660 661 662 663 665 667 672 678 680 685 686 
689 690 694 695 697 699 702 709 710 717 718 720 
722 724 725 726 728 729 736 738 741 743 744 745 
749 750 753 756 760 766 769 770 771 773 774 776 
787 788 792 795 797 798 799 
235
1 2 5 6 7 9 10 21 24 29 30 34 
60 61 65 71 73 74 78 87 92 96 97 98 
99 100 103 104 113 115 116 118 119 121 122 128 
134 136 138 139 140 142 144 145 146 147 150 161 
162 165 166 169 172 174 175 192 193 195 201 203 
210 212 214 215 220 226 228 229 231 238 239 241 
253 255 262 264 269 270 276 281 286 289 299 301 
304 307 309 310 314 319 327 335 340 344 347 350 
352 353 354 356 360 364 369 372 374 375 376 380 
394 399 403 410 413 414 416 417 419 421 422 423 
424 430 431 432 433 435 437 439 441 442 448 453 
455 459 461 464 467 477 478 480 481 485 486 491 
494 495 500 501 503 504 505 507 512 514 515 522 
524 529 530 531 539 545 546 548 559 560 568 573 
574 589 590 592 600 602 604 607 608 609 610 611 
623 628 630 635 637 638 646 650 651 653 664 673 
674 675 676 677 678 683 684 686 693 694 697 707 
712 713 727 728 730 735 741 742 743 744 746 751 
754 756 759 761 765 768 770 778 779 780 782 784 
786 790 792 793 794 797 798 
244
3 4 10 15 16 19 20 21 25 28 33 35 
38 47 49 50 51 54 57 58 59 60 68 74 
77 80 83 91 94 95 96 98 102 105 111 112 
116 119 120 122 123 129 133 138 140 144 148 149 
150 159 167 168 171 173 176 183 187 199 205 211 
212 213 214 216 218 221 223 224 228 230 240 242 
254 255 258 260 263 267 270 274 279 283 285 291 
292 295 297 303 305 306 307 309 310 314 315 316 
321 322 326 332 335 336 338 341 342 343 349 352 
359 364 365 366 368 371 374 376 382 386 393 395 
398 401 405 407 408 412 422 429 432 435 439 442 
444 449 454 455 461 466 468 470 472 475 479 481 
483 485 486 487 488 489 496 498 501 503 504 507 
508 511 520 523 525 528 532 533 536 537 542 544 
545 546 547 549 552 553 554 556 564 566 568 573 
577 583 584 585 589 594 598 600 603 605 608 609 
611 615 617 621 622 630 635 638 643 644 645 646 
653 655 658 673 674 676 678 679 685 687 688 691 
699 703 708 710 711 715 718 724 725 735 745 747 
752 756 757 760 761 769 770 772 773 774 780 784 
786 792 793 794 
264
2 9 13 14 16 17 21 24 28 30 32 33 
38 39 44 46 47 49 50 56 58 59 69 77 
78 79 80 81 82 87 89 92 94 96 97 98 
101 103 104 106 111 122 124 125 126 127 129 132 
134 136 140 142 143 145 147 148 156 158 162 166 
167 168 174 177 178 180 187 190 194 195 201 202 
213 214 217 226 227 229 230 231 233 236 245 246 
256 260 261 264 266 272 275 277 284 285 286 287 
292 293 301 304 311 313 315 316 318 320 327 328 
331 334 335 338 339 340 347 353 357 359 361 363 
364 365 367 369 371 372 373 376 379 380 381 382 
384 393 400 402 403 406 407 408 411 414 416 417 
427 428 431 432 438 439 440 442 443 446 447 458 
459 464 468 473 474 477 482 485 491 497 499 501 
505 507 514 515 518 523 524 526 527 528 531 533 
537 539 540 548 550 554 556 560 566 573 577 581 
585 587 589 594 599 603 604 609 610 618 626 629 
630 637 638 641 646 648 649 650 653 657 658 660 
661 663 664 666 667 669 678 682 683 686 690 691 
695 698 700 708 710 712 715 716 718 722 723 724 
725 726 727 732 734 736 738 740 742 745 749 754 
758 763 765 768 769 774 777 779 782 787 790 796 
244
4 5 7 10 11 12 15 18 23 24 25 26 
27 29 37 39 42 44 46 58 61 68 71 74 
80 81 86 89 93 94 95 98 101 103 105 107 
111 118 122 123 128 129 136 143 147 150 157 159 
161 162 167 168 169 175 176 181 192 193 197 198 
201 206 208 214 217 224 225 226 227 234 235 240 
242 244 245 247 248 249 250 253 254 258 274 275 
276 278 280 282 284 285 288 292 300 302 303 305 
306 309 313 316 317 318 320 324 326 327 330 336 
338 339 340 348 355 356 357 358 359 361 363 365 
369 371 381 382 383 386 389 390 392 394 395 398 
402 404 405 406 408 412 419 425 429 437 439 440 
442 450 451 452 455 456 458 459 460 462 471 472 
479 480 481 483 486 488 493 494 500 504 510 511 
513 521 526 527 528 531 540 545 556 557 560 561 
562 564 566 567 568 577 578 586 587 589 590 591 
594 595 602 610 621 625 627 628 637 641 642 648 
656 661 662 664 665 666 667 668 670 673 674 695 
696 697 699 704 705 711 716 720 721 734 739 740 
741 743 745 749 754 768 769 771 773 778 779 780 
786 788 789 800 
206
1 2 3 5 9 12 13 18 22 24 31 43 
45 47 55 56 57 59 64 65 68 69 70 74 
78 80 81 88 90 93 94 95 97 106 110 122 
124 128 130 132 136 140 145 146 148 149 155 158 
159 161 167 169 170 177 180 197 198 199 205 206 
214 217 220 222 223 226 231 235 246 249 254 255 
257 258 260 262 268 272 284 287 293 296 302 304 
305 313 316 317 338 345 348 354 355 361 362 363 
377 381 392 393 395 396 401 403 405 416 421 424 
426 429 431 432 433 434 435 439 444 446 449 457 
463 469 472 475 476 483 492 494 501 504 505 506 
515 517 518 520 524 526 531 532 534 542 545 550 
556 563 572 575 576 578 579 580 583 594 596 597 
601 605 609 619 621 622 624 626 630 634 635 636 
639 645 646 653 658 664 674 675 676 689 704 705 
721 723 726 729 730 734 738 741 742 745 746 747 
749 754 755 756 757 761 767 769 774 778 782 790 
792 799 
238
4 6 9 10 11 13 19 31 32 35 37 41 
42 45 48 53 58 68 81 82 83 84 86 93 
94 98 99 103 108 110 113 114 120 131 132 133 
140 141 142 144 148 152 154 160 161 165 170 172 
182 184 190 194 201 203 206 217 221 230 231 238 
241 251 257 258 260 262 263 268 269 270 277 279 
280 281 290 296 313 318 319 321 322 324 331 333 
334 336 338 339 341 343 348 356 358 360 361 363 
372 381 382 383 385 387 391 392 397 398 399 405 
406 407 420 421 422 429 433 434 435 442 443 444 
445 446 449 450 451 453 454 456 459 460 462 465 
468 471 474 481 486 488 490 500 502 504 506 508 
511 512 513 514 515 516 517 518 520 521 522 524 
526 527 536 541 543 545 547 551 553 560 566 571 
573 575 578 579 580 586 587 588 592 597 599 601 
603 608 614 615 616 629 631 633 635 638 639 647 
650 652 654 657 660 661 667 675 677 682 684 690 
691 694 696 705 710 711 712 714 717 718 720 721 
722 728 736 744 745 747 748 750 758 762 765 766 
770 772 777 781 786 788 790 794 796 800 
235
3 9 10 11 12 13 27 32 33 35 38 39 
40 42 46 50 52 54 60 64 69 78 80 84 
87 89 92 97 98 102 104 106 109 112 115 120 
121 123 125 127 128 131 133 134 137 140 142 143 
150 153 156 168 177 178 182 184 185 186 187 189 
191 192 202 203 204 214 217 218 219 220 228 230 
236 239 241 266 267 269 277 282 284 287 293 295 
296 297 300 308 313 316 319 321 322 324 331 336 
337 339 341 343 347 348 353 354 364 366 367 369 
375 376 380 382 384 387 388 390 393 394 398 400 
408 412 415 419 425 427 433 435 437 443 450 453 
454 461 463 465 467 477 479 489 492 494 497 503 
504 506 508 509 510 512 515 516 526 527 529 536 
549 554 558 559 563 568 570 571 574 578 579 580 
581 585 586 590 596 597 606 610 612 614 618 627 
628 629 630 631 632 633 635 636 642 643 645 650 
654 659 664 666 668 672 673 677 679 694 696 704 
706 707 708 709 710 712 715 718 719 720 721 722 
725 726 730 739 740 741 746 752 755 761 763 768 
779 784 786 792 795 797 799 
243
4 5 7 11 13 16 17 31 32 35 38 45 
51 54 56 66 69 73 74 81 84 86 92 96 
99 107 113 114 117 118 122 123 125 128 131 132 
133 134 137 140 141 151 154 155 157 177 179 183 
184 185 194 195 200 201 205 207 208 209 213 224 
225 232 235 237 241 244 249 254 256 263 266 267 
269 272 288 291 294 297 302 303 306 307 311 313 
315 317 319 322 323 326 330 331 335 336 339 340 
341 342 343 345 351 360 361 362 365 367 368 372 
375 376 378 380 381 385 389 391 399 403 405 408 
409 415 417 421 422 431 437 438 440 442 444 445 
446 447 448 449 458 459 461 462 466 467 470 471 
474 478 479 480 484 493 496 499 501 504 505 506 
508 512 516 528 530 531 532 534 539 543 544 545 
548 551 555 556 558 559 560 561 564 572 579 580 
581 583 585 588 590 592 593 596 597 600 601 602 
604 608 612 613 614 616 627 629 630 631 632 636 
637 656 661 666 667 668 674 678 690 694 695 698 
704 707 710 711 721 723 724 728 731 732 735 738 
743 746 748 749 750 754 755 757 761 764 766 774 
787 791 794 
259
3 7 9 10 19 26 31 34 35 42 43 45 
47 49 50 51 55 58 59 60 61 63 65 66 
71 72 78 79 85 86 90 91 94 96 98 99 
106 116 120 127 129 133 147 154 156 157 162 185 
187 188 192 198 202 203 204 210 211 214 226 227 
228 230 232 238 240 242 243 244 245 250 254 256 
258 259 260 261 263 267 276 285 288 289 291 293 
296 298 299 302 304 306 308 310 312 316 317 318 
319 321 328 331 335 339 340 343 345 351 354 355 
361 367 368 369 370 371 372 375 377 381 384 389 
391 396 397 399 403 406 407 408 410 412 416 419 
424 425 429 438 441 443 448 449 453 454 459 460 
461 462 463 464 466 468 470 472 473 474 477 479 
481 483 485 491 495 496 501 502 504 509 510 512 
514 516 517 521 527 530 532 533 539 540 548 549 
551 554 555 557 563 570 571 572 574 576 578 582 
583 586 588 589 592 596 598 603 604 611 615 617 
618 626 631 643 647 649 651 656 661 665 669 674 
678 680 683 684 687 688 689 693 695 696 697 701 
708 710 711 712 713 714 720 723 727 728 729 735 
737 740 745 753 754 755 768 769 771 773 775 776 
777 778 782 783 789 791 797 
265
2 3 8 11 13 17 21 23 32 42 44 47 
48 49 50 52 60 61 63 64 69 70 73 76 
77 79 81 82 85 86 87 88 90 91 92 96 
97 101 105 107 108 110 115 120 122 132 135 137 
138 141 146 149 150 152 159 161 162 163 170 175 
183 185 186 191 193 195 196 198 201 202 203 205 
206 207 208 217 218 219 225 226 227 228 232 237 
240 245 247 249 251 254 259 262 264 265 267 273 
274 276 280 281 290 291 296 299 301 303 304 308 
310 316 320 330 331 332 333 336 340 342 344 345 
352 354 356 366 370 374 381 382 383 384 385 386 
387 389 394 395 400 401 402 407 411 421 424 432 
433 438 439 446 447 457 463 467 473 477 482 485 
490 495 496 497 500 503 504 507 511 513 517 519 
521 523 526 529 531 533 536 538 539 541 542 551 
552 556 558 559 564 565 567 571 574 577 580 581 
591 593 596 598 599 600 601 602 604 605 616 618 
621 628 631 635 637 638 639 642 647 648 653 654 
658 662 666 671 672 673 674 689 694 695 700 701 
710 711 714 717 720 721 722 724 727 728 733 734 
737 744 745 746 749 756 758 761 762 765 770 775 
776 777 779 781 782 783 784 788 789 790 791 799 
800 
224
3 4 8 9 13 14 17 19 22 26 37 38 
41 48 49 55 61 64 68 69 70 72 78 79 
80 81 85 86 90 92 96 106 109 114 118 119 
120 123 127 128 136 138 141 146 148 150 151 153 
159 162 163 168 169 175 183 187 188 197 200 206 
210 211 220 226 230 232 237 239 240 242 245 247 
253 256 260 262 271 276 304 305 306 307 309 310 
311 313 316 320 330 331 334 343 349 352 354 357 
359 360 362 367 368 370 373 379 380 384 391 396 
397 406 407 409 413 419 421 429 438 440 443 445 
447 451 454 459 462 465 470 472 475 477 478 482 
485 486 489 490 494 498 501 502 505 506 508 513 
515 518 522 524 526 529 530 531 532 534 535 537 
539 541 549 556 561 562 563 566 569 570 571 574 
581 583 586 588 594 595 596 598 599 620 623 624 
625 627 628 631 638 641 643 646 654 655 657 671 
673 685 687 688 691 694 700 703 706 707 724 725 
726 727 730 747 748 754 755 764 772 776 781 785 
786 787 788 789 791 794 795 798 
238
1 4 5 6 10 13 15 16 18 19 23 29 
30 31 35 38 45 47 50 53 57 64 69 73 
76 78 79 80 89 93 98 99 104 108 111 114 
115 116 117 121 131 135 137 139 141 142 150 153 
162 164 166 172 176 183 184 191 193 201 202 203 
207 210 214 216 220 226 228 230 234 239 244 249 
253 254 260 261 267 271 277 279 282 284 286 288 
289 295 297 301 302 303 308 310 312 319 327 329 
330 331 345 354 356 357 358 359 361 363 365 366 
369 371 373 374 380 384 390 395 397 398 400 402 
403 410 416 417 421 425 433 437 441 449 452 453 
461 462 463 465 466 473 477 481 482 483 490 496 
497 498 500 503 505 506 518 519 521 523 524 527 
537 538 541 542 543 545 547 550 553 554 557 558 
561 566 569 571 581 584 587 588 589 591 607 622 
624 628 631 633 637 638 642 643 644 647 651 652 
656 663 665 666 668 669 670 673 674 686 688 689 
692 697 698 700 705 709 711 715 722 725 726 728 
740 741 750 752 755 761 769 770 771 777 778 779 
780 781 783 785 786 791 793 795 797 800 
240
1 4 8 11 12 13 15 26 39 49 53 56 
58 65 70 73 74 75 77 80 83 85 87 88 
91 92 94 98 102 103 104 106 108 112 113 115 
130 134 140 144 145 149 152 161 163 166 167 168 
171 175 178 179 180 182 186 197 198 203 205 206 
215 219 221 226 231 233 242 243 244 245 247 251 
253 255 256 258 260 262 265 269 270 271 272 279 
281 288 289 304 306 312 313 316 319 324 325 326 
327 336 340 342 343 345 351 352 355 357 363 364 
366 368 370 375 382 393 394 398 400 404 407 408 
409 414 419 421 429 431 432 433 435 440 443 446 
452 454 455 459 460 461 475 477 478 483 486 487 
494 498 499 504 506 514 520 521 525 528 531 537 
542 543 546 547 553 554 557 561 562 564 566 570 
574 576 583 587 588 589 590 592 596 598 602 603 
604 607 608 620 627 640 643 644 645 648 651 652 
654 655 659 662 663 664 665 666 669 675 680 681 
685 689 694 697 707 708 711 712 713 721 722 725 
726 731 733 734 738 740 741 743 747 754 755 759 
761 766 771 772 775 776 777 781 782 783 793 797 
246
1 5 6 7 11 12 13 16 17 20 21 26 
28 30 31 34 38 45 57 61 67 68 71 77 
79 83 85 87 89 91 93 95 98 102 103 104 
107 112 114 117 122 123 125 132 136 138 141 142 
149 159 165 166 168 170 172 173 174 177 178 179 
181 186 187 188 192 194 195 199 205 206 208 210 
212 215 226 227 233 234 237 239 244 245 247 254 
257 261 263 264 265 268 278 280 281 283 284 288 
292 294 295 297 301 302 306 307 312 317 321 324 
330 331 333 334 339 340 346 347 349 360 362 364 
368 369 370 373 375 378 380 382 383 390 399 401 
406 407 408 419 421 423 426 432 433 439 441 443 
445 446 448 455 456 458 459 460 461 467 468 472 
475 486 489 491 492 494 496 497 499 502 505 506 
513 516 518 520 522 527 529 547 550 563 567 573 
580 583 584 585 590 597 598 600 603 607 614 617 
618 619 622 623 624 630 636 637 639 643 647 648 
651 652 657 659 660 662 665 666 667 671 672 675 
677 680 683 687 689 693 695 697 716 719 720 722 
728 735 736 740 745 746 756 758 771 772 774 775 
776 778 780 790 791 795 
250
1 3 6 12 23 27 29 34 40 43 49 51 
57 63 65 66 69 71 79 80 82 83 85 90 
95 100 101 102 103 107 110 117 120 121 123 125 
126 129 130 131 132 133 138 140 142 146 151 153 
155 156 157 159 162 165 171 176 177 181 182 189 
191 192 195 196 197 200 201 203 205 208 211 213 
221 226 229 230 237 238 242 244 248 249 251 264 
268 272 273 275 277 282 283 285 286 294 299 300 
303 312 314 315 324 326 329 334 341 342 343 344 
348 351 354 359 362 364 368 380 384 390 395 396 
398 400 403 406 412 415 416 420 423 424 429 431 
435 436 439 445 453 457 459 461 465 466 468 475 
478 479 481 483 486 487 496 499 503 505 506 507 
511 512 513 515 516 520 527 531 534 535 537 539 
546 547 553 555 558 561 565 566 569 573 581 584 
585 587 592 593 598 599 600 608 611 613 614 615 
623 626 633 639 642 643 644 646 648 650 652 654 
655 660 662 665 666 667 668 670 677 681 682 683 
685 689 692 696 699 701 703 704 710 711 712 716 
717 718 722 724 725 726 729 737 744 746 750 753 
766 767 769 777 784 786 787 793 796 799 
237
4 5 7 9 15 21 25 26 28 33 45 47 
51 53 55 60 63 64 67 68 74 76 78 79 
80 82 83 86 90 95 96 97 98 100 103 108 
113 114 116 118 122 127 130 136 141 142 146 149 
150 153 156 158 164 165 171 178 180 182 187 190 
193 194 198 201 204 209 211 214 217 219 220 227 
229 233 238 239 240 248 252 255 256 258 260 262 
264 265 271 273 276 278 279 281 285 295 296 298 
301 304 305 309 312 314 316 317 318 320 323 329 
331 338 346 355 359 362 363 365 367 371 381 391 
395 399 400 403 406 410 426 429 430 434 441 443 
448 452 453 454 457 460 464 466 467 468 481 494 
496 497 498 503 505 507 510 512 516 522 526 528 
530 533 539 542 543 544 549 554 560 561 566 569 
570 575 582 583 584 587 592 593 597 600 602 606 
607 609 613 615 619 621 624 626 627 632 635 636 
642 644 650 658 659 661 662 663 666 668 671 675 
679 684 686 687 700 704 708 713 718 721 722 724 
726 728 729 731 742 746 748 751 755 759 763 767 
770 773 774 780 785 791 795 797 800 
237
1 8 11 14 16 26 27 31 32 33 36 37 
41 42 43 44 45 46 49 50 54 58 64 68 
72 75 76 83 84 85 87 90 91 92 96 97 
99 103 105 108 110 113 114 115 119 123 124 127 
132 136 137 140 142 144 157 159 163 167 169 175 
188 191 192 194 197 198 199 204 206 213 218 219 
221 222 229 233 235 238 240 241 245 247 257 260 
264 266 271 273 274 275 276 281 283 286 290 294 
300 302 304 306 312 314 315 326 330 331 334 338 
345 352 353 358 362 363 368 371 374 381 382 383 
385 387 389 394 395 399 420 427 434 435 436 438 
441 442 451 452 456 457 460 463 466 468 472 473 
475 476 477 479 482 483 491 493 495 500 502 509 
526 527 529 533 539 544 546 547 549 551 556 558 
560 564 566 569 572 576 581 582 583 584 587 588 
598 599 601 603 610 614 619 631 632 633 638 641 
644 647 648 652 653 655 662 666 668 670 671 672 
673 675 679 683 687 698 700 701 714 720 724 725 
729 730 742 744 747 748 750 751 753 754 756 757 
778 782 783 784 786 788 790 797 800 
226
1 5 7 10 11 13 15 16 17 22 27 42 
43 45 61 62 65 69 76 79 83 87 90 92 
97 99 105 113 116 118 120 125 127 136 144 153 
159 167 170 171 175 176 181 182 183 188 193 194 
197 198 199 200 201 203 205 206 215 228 229 235 
242 244 247 251 256 257 259 271 274 276 277 279 
280 294 295 296 301 310 311 312 314 316 317 323 
326 332 333 341 346 350 351 352 354 355 356 363 
371 372 376 378 387 390 397 400 401 403 404 409 
410 412 417 423 430 440 446 453 456 458 459 461 
462 463 466 468 473 475 476 478 479 484 493 495 
503 506 507 508 521 525 530 532 536 540 545 547 
551 557 558 561 562 563 566 569 574 578 588 589 
590 594 595 598 604 606 614 616 618 621 622 625 
626 628 629 631 635 638 641 644 646 647 657 658 
661 670 671 673 676 681 682 685 686 687 691 694 
696 699 703 705 707 711 717 719 721 723 724 731 
732 736 737 739 741 742 746 749 752 756 762 764 
767 770 771 775 779 782 789 794 797 798 
235
5 7 8 13 20 26 29 36 49 50 52 57 
59 60 62 66 69 70 76 78 83 84 85 90 
91 92 98 99 102 103 106 111 113 114 119 127 
128 130 134 137 139 140 142 147 157 158 159 161 
168 169 172 174 175 178 179 182 185 187 191 192 
194 198 219 227 228 229 235 238 239 242 245 249 
253 256 263 272 274 275 276 278 280 287 292 293 
316 319 320 321 322 329 330 332 336 337 338 342 
343 345 353 354 357 358 359 360 361 363 367 371 
372 377 378 384 387 389 390 391 395 397 398 401 
411 412 415 418 419 421 422 425 426 430 437 438 
439 446 450 463 464 469 470 473 478 481 485 489 
491 497 503 514 528 533 534 537 540 541 543 544 
548 550 554 556 566 568 570 571 572 575 576 578 
580 583 585 586 599 602 609 614 619 621 622 623 
624 627 633 635 638 646 650 655 656 658 659 661 
664 669 671 672 675 676 677 680 681 683 685 686 
688 694 695 699 700 702 704 707 709 713 717 721 
722 723 741 744 745 751 753 754 769 778 783 784 
785 786 788 789 791 795 796 
229
1 2 4 7 9 21 22 25 31 32 53 57 
58 59 61 66 73 75 83 89 91 92 94 96 
97 99 101 103 106 114 118 119 127 134 135 136 
139 145 147 150 151 162 163 168 171 174 175 179 
182 185 186 190 194 197 198 201 202 203 207 212 
213 215 219 220 222 225 230 239 241 243 249 258 
264 267 272 280 282 287 290 291 297 303 308 309 
311 313 318 319 322 324 330 333 344 346 350 360 
362 363 369 372 380 381 382 384 391 395 400 404 
406 408 409 414 416 419 423 426 428 431 435 437 
442 444 453 457 460 462 463 466 469 479 483 485 
486 489 490 495 496 501 509 511 518 520 524 525 
527 533 534 538 542 543 546 549 552 555 556 557 
560 565 566 567 569 570 571 573 577 578 584 590 
591 600 604 607 611 626 627 630 636 637 638 639 
651 655 657 660 662 668 669 671 677 680 682 684 
688 690 696 700 701 706 707 708 711 712 714 717 
718 719 734 740 741 742 743 744 746 747 753 764 
767 768 770 771 773 777 784 786 787 788 790 793 
795 
239
8 10 12 17 18 20 22 25 26 36 42 44 
46 49 50 51 55 60 62 63 64 68 71 72 
76 77 84 87 89 90 98 100 102 105 106 108 
111 117 120 121 123 124 141 144 150 154 156 163 
164 170 176 180 182 186 189 191 194 197 198 199 
202 207 210 217 220 226 227 229 231 236 238 251 
252 260 266 272 274 275 279 286 290 292 299 300 
302 303 304 308 310 318 319 320 322 326 330 332 
334 335 337 340 343 348 350 356 357 361 363 364 
365 367 368 369 376 385 388 389 392 397 404 405 
407 411 415 416 431 434 435 437 439 444 449 453 
460 464 469 470 474 481 485 486 492 496 497 498 
503 509 511 514 516 519 522 524 525 530 534 536 
538 539 540 544 546 548 549 557 559 566 575 577 
581 582 588 589 590 591 592 595 597 604 609 612 
613 615 617 624 625 626 628 629 630 639 640 645 
647 649 650 652 656 658 660 667 668 670 671 674 
677 682 685 688 690 693 696 700 702 705 706 711 
712 717 718 723 724 727 729 733 735 737 740 741 
744 756 759 760 767 773 776 783 795 796 798 
222
15 24 26 28 31 32 33 37 40 41 43 45 
46 55 61 69 72 73 76 79 82 89 90 91 
93 94 98 102 106 108 109 110 114 119 120 127 
130 131 133 136 137 138 139 140 142 151 155 158 
161 163 165 168 175 177 178 183 185 193 195 197 
198 199 200 206 207 210 213 215 218 228 230 238 
239 243 246 252 260 262 265 266 268 274 286 294 
298 300 301 305 307 308 309 313 316 318 324 329 
332 333 337 342 343 348 349 350 352 363 368 370 
371 373 387 397 398 401 402 409 410 411 414 415 
417 418 419 422 424 427 434 439 442 444 445 447 
448 453 454 455 458 464 472 474 476 479 483 485 
488 489 493 499 504 509 513 516 520 534 537 540 
549 555 563 565 567 571 572 573 575 586 588 594 
595 596 598 602 605 611 616 620 623 629 631 634 
637 638 640 641 647 650 651 654 658 662 664 669 
686 689 690 691 692 700 706 712 713 714 717 718 
728 731 732 734 741 743 744 750 756 761 762 770 
775 777 783 787 790 791 
234
7 9 11 12 18 20 21 22 25 31 35 39 
51 53 54 56 58 60 63 69 72 74 77 78 
82 84 90 97 99 100 101 106 113 124 127 133 
134 137 138 140 142 147 148 151 161 163 167 169 
170 171 172 173 174 177 179 181 183 186 187 190 
193 194 198 200 203 204 205 215 222 225 226 232 
238 239 240 242 243 249 253 255 262 270 274 278 
283 285 288 292 293 294 296 297 298 300 303 305 
310 319 325 334 340 341 344 345 347 350 359 365 
366 367 369 371 375 377 381 385 386 393 397 399 
400 402 406 407 408 410 415 426 428 436 437 441 
444 446 447 449 453 457 460 468 469 471 473 474 
477 482 484 488 490 494 496 503 504 507 515 523 
527 528 533 538 551 553 556 557 560 562 563 574 
576 578 581 592 596 599 600 603 604 608 610 611 
616 618 621 622 624 627 645 646 647 649 650 655 
656 658 668 671 672 674 675 677 679 687 693 696 
698 707 708 709 710 712 715 722 728 735 738 740 
741 745 746 749 751 752 756 758 759 764 767 770 
771 780 781 785 789 792 
233
5 7 10 16 21 23 25 27 28 30 32 37 
39 40 45 47 52 56 57 64 69 74 82 83 
85 94 95 96 99 103 106 109 112 115 116 119 
121 122 123 124 129 130 132 137 140 148 152 153 
161 169 172 173 179 196 199 200 207 208 210 215 
220 227 228 233 236 241 242 245 247 249 255 259 
260 275 276 277 278 283 288 290 292 293 301 307 
308 309 314 315 318 319 322 325 330 334 348 354 
356 358 360 362 364 367 371 376 377 382 388 394 
399 401 408 411 423 433 434 439 441 442 443 450 
452 453 455 457 459 461 462 469 470 472 476 478 
486 487 488 490 493 498 500 502 505 506 509 512 
513 522 524 525 529 532 533 536 537 538 539 544 
548 551 552 555 559 561 567 569 578 579 582 583 
585 588 589 590 592 595 599 604 610 612 614 616 
618 626 627 628 629 631 632 648 652 655 658 662 
663 672 674 677 678 680 681 684 689 691 693 694 
696 697 699 708 709 710 713 727 731 733 738 739 
753 755 759 764 769 770 772 773 775 776 784 785 
787 791 794 796 800 
257
4 5 13 14 15 17 20 21 25 30 31 32 
33 36 37 45 48 49 51 52 54 65 71 81 
85 86 92 96 105 107 111 113 116 121 124 129 
130 131 136 142 146 147 155 156 165 166 167 171 
172 174 175 176 183 186 191 195 199 202 205 207 
216 217 220 221 223 234 238 239 243 244 246 249 
250 251 252 258 259 264 267 270 272 278 279 280 
281 282 283 284 285 288 289 290 301 302 303 305 
308 309 310 314 317 324 325 328 332 335 337 339 
342 353 354 355 361 363 364 368 369 371 377 378 
379 380 385 387 389 393 400 412 413 416 417 419 
420 423 424 427 429 431 433 448 450 461 462 468 
474 480 482 495 500 502 503 505 506 507 509 510 
513 514 515 516 517 519 522 523 524 525 526 527 
529 531 533 534 539 543 544 547 548 550 551 553 
555 556 559 561 562 566 568 574 575 577 580 582 
585 588 589 591 594 598 600 601 604 609 612 613 
616 623 626 627 628 630 639 644 647 651 652 656 
667 670 672 675 679 684 685 689 690 699 701 703 
706 710 711 714 726 728 730 737 743 746 748 749 
752 753 758 759 767 769 770 771 773 774 777 783 
784 787 789 792 795 
220
7 9 10 11 22 25 26 27 30 31 35 45 
52 54 68 70 73 76 77 87 91 94 97 98 
100 103 108 110 111 119 122 128 129 131 141 142 
144 151 152 162 165 171 174 176 177 180 184 190 
191 196 198 201 205 206 209 211 215 216 222 231 
232 236 237 243 247 253 259 260 261 263 265 266 
268 269 270 273 275 277 279 283 294 298 303 306 
308 313 315 319 326 327 329 334 335 338 347 349 
350 356 358 362 368 369 370 375 384 387 392 395 
398 403 404 406 408 409 412 422 423 425 436 440 
441 443 445 453 455 456 458 460 461 464 467 469 
475 477 479 481 484 485 487 490 492 493 494 504 
509 510 514 517 518 519 520 523 527 528 531 538 
539 547 549 553 556 566 567 572 573 577 587 590 
593 602 603 604 605 610 618 630 633 634 636 637 
647 649 659 664 665 669 672 675 677 681 685 690 
693 696 703 705 706 709 714 715 719 721 726 733 
735 737 751 754 757 770 771 778 779 783 785 787 
793 795 797 798 
230
5 7 11 13 15 16 17 19 29 31 35 36 
38 40 50 52 54 63 68 72 82 84 88 89 
92 94 99 103 104 107 112 117 120 127 128 135 
137 138 154 161 163 168 175 189 199 201 203 205 
206 209 212 215 217 220 222 226 227 232 233 234 
235 237 240 242 245 246 253 255 257 259 264 266 
267 270 276 279 282 286 291 297 298 299 301 306 
307 314 315 320 324 326 334 338 339 340 344 349 
353 357 361 363 366 376 378 381 385 400 401 402 
409 410 419 420 424 426 427 430 433 435 436 441 
447 451 453 457 461 466 470 471 474 478 479 482 
484 485 487 492 493 494 501 505 508 513 516 521 
522 523 524 527 528 533 545 546 548 550 552 554 
557 565 566 571 573 574 581 582 583 592 593 601 
608 609 612 613 614 615 618 621 626 627 634 635 
636 646 648 652 655 656 657 659 660 664 667 669 
672 675 676 680 681 683 686 692 694 696 697 699 
703 707 714 716 724 727 729 730 732 734 737 738 
743 744 745 751 757 758 767 768 769 775 776 781 
794 796 
234
2 8 13 16 18 19 28 31 34 39 41 43 
44 49 58 61 68 70 76 79 81 83 85 86 
87 88 90 96 97 99 100 103 111 114 115 117 
121 124 127 130 132 140 141 143 145 152 153 154 
158 160 163 165 170 174 177 178 186 188 194 197 
198 199 201 202 207 211 213 218 222 224 225 229 
231 234 241 242 245 246 249 250 264 267 271 273 
274 277 278 288 291 292 299 300 301 302 308 310 
311 313 314 315 317 318 325 329 331 332 334 336 
340 344 346 350 352 356 359 361 362 365 375 377 
378 379 381 385 388 396 397 398 401 403 405 414 
419 433 439 440 443 445 448 458 464 465 467 470 
472 481 493 495 498 505 508 509 511 520 522 528 
529 530 534 538 541 550 552 553 572 577 581 583 
584 587 589 590 595 598 601 605 607 610 612 617 
619 620 622 624 626 631 633 634 636 638 645 649 
651 652 653 660 666 671 673 675 679 680 681 688 
692 697 698 700 704 707 709 711 713 714 724 727 
733 736 740 757 763 764 765 769 770 773 778 783 
784 785 787 789 791 797 
229
3 9 10 13 15 16 18 23 26 36 46 47 
49 51 52 54 59 64 71 75 76 77 78 79 
84 85 86 92 96 97 104 106 110 111 112 115 
117 120 124 128 132 138 139 140 142 151 155 159 
160 164 170 171 173 174 175 176 177 178 180 184 
189 193 199 200 201 213 215 217 219 224 228 229 
231 233 234 239 245 246 254 256 257 259 261 263 
264 265 281 284 287 289 291 293 303 304 305 308 
323 329 330 337 338 339 347 349 350 352 354 360 
361 362 364 370 373 375 376 377 380 386 394 396 
397 398 403 404 408 410 412 413 414 416 422 423 
434 440 450 455 457 461 463 466 468 469 472 486 
488 493 499 501 502 512 513 515 516 519 521 523 
531 533 535 536 541 546 553 559 560 561 562 564 
566 567 574 575 576 577 578 590 592 595 598 605 
611 613 616 619 622 633 634 636 639 667 673 676 
678 680 681 685 686 695 696 698 699 706 710 711 
713 724 735 737 739 741 744 747 755 757 758 759 
760 767 768 773 776 778 782 785 786 790 794 795 
800 
242
4 5 9 12 17 21 23 25 26 29 38 43 
45 46 50 56 60 64 66 73 74 76 77 79 
87 92 95 102 104 105 108 110 112 116 120 124 
126 133 134 140 143 145 150 156 157 162 165 168 
172 179 181 189 193 194 201 204 205 209 211 212 
220 223 224 225 227 231 232 237 238 242 244 245 
246 247 248 251 257 263 266 269 272 273 275 277 
284 291 293 297 298 303 308 309 314 315 318 322 
324 327 329 330 331 332 338 339 344 352 356 367 
371 373 382 383 386 389 391 392 394 395 402 403 
404 407 409 410 411 412 414 416 423 432 436 440 
442 447 451 453 454 457 460 462 463 472 481 485 
487 488 491 492 493 494 495 498 503 512 517 518 
525 528 534 541 542 545 551 552 555 563 565 569 
571 573 584 589 590 593 595 597 601 607 608 616 
619 623 630 636 648 652 657 660 662 664 665 667 
669 673 674 675 677 678 681 685 686 688 689 691 
692 695 697 699 700 702 705 709 710 713 716 719 
721 726 732 733 734 736 737 740 742 746 749 752 
756 757 762 763 767 768 771 774 781 784 794 796 
797 798 
226
2 5 6 7 9 12 15 16 18 25 28 31 
39 40 41 45 49 51 57 58 59 61 71 81 
85 89 95 98 109 111 118 122 126 130 132 136 
137 153 157 158 160 163 164 168 173 175 180 183 
185 186 189 190 191 198 200 205 211 213 222 226 
229 231 234 236 241 246 253 254 257 261 262 267 
274 276 277 278 283 291 297 302 305 306 308 316 
317 322 326 327 328 331 334 337 338 341 344 345 
346 348 349 352 353 358 364 366 369 370 378 379 
381 384 386 393 400 404 410 411 414 419 422 424 
431 441 446 447 452 456 459 468 470 477 478 487 
488 489 490 494 496 500 504 506 509 512 525 528 
534 535 544 550 552 556 563 569 574 578 583 587 
588 591 597 603 604 606 607 610 614 621 624 627 
628 630 631 632 638 641 648 649 651 652 656 661 
662 665 667 669 671 676 679 680 684 690 693 696 
697 698 705 706 707 711 713 718 721 724 726 727 
730 732 737 738 742 749 750 753 754 756 761 762 
764 770 772 774 776 778 779 791 794 798 
270
19 31 36 39 40 42 44 45 51 53 60 62 
65 68 69 70 71 72 76 78 81 84 88 89 
92 106 116 117 119 122 125 126 129 135 140 141 
142 143 146 147 150 153 158 160 161 167 171 172 
177 181 188 190 194 195 197 205 207 209 210 211 
215 217 221 223 225 227 230 231 235 239 241 242 
244 246 249 252 255 256 260 262 264 265 271 272 
277 279 280 281 282 283 286 288 292 294 303 316 
317 318 319 320 322 323 325 328 340 343 348 349 
352 354 355 357 360 361 363 365 367 368 369 370 
371 373 377 381 384 391 392 394 396 399 404 405 
406 410 414 419 426 428 430 433 436 437 440 444 
446 464 465 467 468 471 472 473 474 475 477 479 
481 482 490 492 496 497 499 502 503 504 505 510 
515 518 521 526 527 531 532 533 537 538 543 549 
550 552 555 557 569 570 572 573 575 576 578 587 
589 591 592 593 595 597 598 601 603 604 605 606 
607 612 614 616 618 620 623 625 628 630 631 633 
640 642 643 646 649 653 657 662 664 665 670 675 
680 685 694 696 701 707 709 714 718 719 720 724 
725 727 731 732 734 735 741 745 746 748 750 754 
757 762 763 766 768 769 771 774 776 778 779 785 
787 789 792 793 797 799 
247
1 2 3 5 8 12 13 15 17 18 19 21 
28 31 33 39 47 55 62 74 86 94 95 99 
105 106 109 115 119 122 123 138 141 144 148 154 
156 160 162 163 164 165 168 170 171 181 184 192 
196 198 202 203 204 206 215 220 221 222 228 237 
239 241 242 244 246 247 249 254 261 262 267 268 
271 274 275 285 289 293 294 295 296 301 302 306 
307 311 312 316 320 322 327 328 331 334 336 337 
338 341 342 343 346 347 352 359 361 363 364 369 
373 374 377 380 381 382 387 390 396 403 404 405 
410 411 413 418 424 426 434 440 441 442 444 446 
448 454 459 462 463 467 468 469 471 472 473 482 
483 484 485 486 487 488 494 498 501 504 506 511 
516 518 520 528 530 533 534 535 539 541 543 548 
551 553 554 560 561 562 563 564 568 570 577 579 
580 582 588 592 595 600 602 605 606 608 612 616 
628 630 633 636 637 645 659 661 662 666 670 673 
678 686 688 691 692 704 707 710 711 712 714 715 
717 719 721 723 729 730 731 733 739 747 748 752 
753 760 763 764 765 767 768 770 771 777 778 781 
783 786 788 790 792 793 800 
229
1 3 4 5 6 10 12 15 16 21 23 24 
26 32 36 39 43 45 52 56 65 66 67 69 
71 72 74 75 76 78 79 83 84 86 91 96 
101 102 106 107 109 110 113 114 115 117 118 122 
127 135 136 140 150 152 153 157 159 163 164 168 
175 177 181 185 186 188 189 190 193 194 195 197 
198 202 208 211 212 213 220 225 231 238 239 246 
249 250 255 261 267 271 272 274 279 280 284 286 
287 300 308 317 318 320 323 326 331 336 353 354 
355 357 359 362 364 365 367 377 392 396 413 414 
423 429 434 437 439 441 442 443 445 447 450 454 
457 460 461 462 465 467 471 475 481 489 491 492 
498 499 511 512 519 522 523 525 526 529 536 541 
552 557 560 562 563 565 572 576 580 585 586 588 
592 597 599 606 611 613 615 618 619 620 624 625 
630 632 634 641 644 647 650 651 656 665 666 675 
680 687 688 690 698 700 702 703 715 720 721 723 
727 729 734 738 741 742 744 746 748 755 758 760 
761 762 765 768 769 772 774 777 782 791 793 794 
795 
227
1 3 4 6 9 24 31 35 36 40 43 45 
46 47 49 51 55 56 58 59 62 64 65 67 
71 75 76 78 82 90 96 99 100 101 104 106 
107 112 113 133 135 138 140 143 147 152 154 163 
165 174 189 190 191 193 194 195 201 203 205 210 
213 215 219 220 228 232 233 235 237 239 240 242 
244 245 247 250 253 255 260 263 264 266 272 274 
275 278 286 289 292 297 298 299 304 305 306 307 
308 327 337 338 339 340 342 353 356 358 361 364 
365 366 367 370 372 375 378 382 389 393 395 397 
399 401 405 407 414 416 419 421 426 433 434 438 
441 442 444 452 457 469 470 496 498 502 508 516 
525 533 536 537 541 543 550 551 552 554 556 557 
564 566 568 573 575 576 579 580 591 592 593 595 
599 604 613 615 616 617 619 626 630 632 633 636 
646 652 655 662 663 667 671 675 676 679 680 683 
684 685 688 689 690 696 701 706 708 711 713 716 
718 724 726 727 734 741 744 745 749 758 767 768 
773 774 778 779 781 783 786 791 794 797 798 
251
1 2 12 14 16 18 22 25 26 29 33 36 
37 41 45 46 47 49 54 57 58 63 64 65 
68 69 70 72 76 77 79 82 85 87 88 102 
103 109 112 115 122 123 124 126 130 131 133 136 
145 147 148 149 151 155 161 162 165 169 170 175 
179 181 182 185 191 193 194 195 200 208 209 215 
216 218 219 221 222 223 229 230 231 236 240 244 
246 250 252 256 257 259 260 264 271 273 275 282 
284 290 291 296 298 301 313 315 316 334 335 338 
343 344 349 355 356 365 366 373 375 379 382 384 
387 391 394 395 397 403 409 419 420 431 435 440 
441 449 450 454 456 458 460 469 473 478 479 480 
482 483 487 488 489 490 492 496 497 498 502 506 
512 514 515 516 517 519 520 526 528 530 532 533 
534 535 538 540 543 546 551 553 555 561 569 571 
573 574 582 584 586 590 591 596 599 603 606 616 
617 618 625 626 632 633 638 639 642 643 644 646 
648 650 651 652 654 655 660 665 668 671 673 676 
679 680 684 686 687 688 691 693 694 695 696 697 
698 706 713 720 722 729 733 749 750 756 758 759 
760 762 764 766 768 774 777 778 784 789 800 
247
1 3 6 12 13 14 19 20 24 25 26 27 
28 31 34 36 37 40 42 44 54 55 56 57 
58 59 60 61 62 76 77 84 89 93 100 101 
108 109 114 122 126 133 136 137 138 141 143 144 
145 147 151 156 162 164 166 175 177 183 185 192 
194 196 208 213 216 217 219 220 221 222 231 235 
240 244 251 254 265 269 272 277 282 283 285 288 
289 291 293 297 303 304 307 317 319 322 325 331 
333 336 337 339 340 341 344 348 349 350 351 353 
357 368 369 370 377 378 381 383 393 394 395 401 
402 406 409 418 421 423 424 429 436 438 442 446 
447 449 452 456 459 462 463 468 477 478 486 488 
491 493 494 495 497 504 505 510 517 522 524 525 
528 529 531 532 533 547 548 549 550 555 557 558 
562 573 574 575 576 578 580 581 591 596 599 602 
604 605 606 615 617 622 635 636 639 640 641 645 
647 649 651 653 654 657 660 664 667 670 672 673 
675 676 678 679 680 681 689 695 697 699 700 702 
709 710 715 717 718 719 721 729 731 738 740 741 
743 749 751 752 754 757 759 762 763 764 771 773 
775 777 781 783 785 786 788 
225
6 8 14 17 20 27 32 34 36 37 40 51 
52 57 58 62 67 68 70 72 76 78 82 84 
93 96 97 99 101 104 105 109 110 111 112 120 
121 122 124 125 129 133 137 138 139 140 141 146 
163 166 167 170 172 177 181 185 187 190 194 197 
198 205 207 209 211 220 221 226 231 246 247 250 
254 264 266 269 274 275 276 277 281 282 285 286 
287 290 291 295 296 297 302 316 317 320 322 323 
326 327 341 345 346 354 358 360 361 365 366 371 
372 383 384 389 391 394 403 404 411 416 420 422 
426 431 434 436 437 438 439 445 446 448 454 457 
459 462 463 466 476 478 483 484 487 489 492 495 
497 505 512 514 515 516 519 526 529 530 533 537 
539 540 541 546 547 548 557 559 565 566 569 573 
577 578 582 583 587 588 589 598 601 602 609 616 
622 623 628 629 631 638 642 644 645 650 656 657 
664 666 668 673 676 683 684 688 689 691 695 696 
698 700 703 706 710 711 715 718 719 730 731 744 
757 758 766 778 780 783 786 788 797 
233
2 4 7 10 11 19 20 21 26 27 30 31 
32 41 51 56 57 58 60 68 69 74 77 79 
91 101 105 106 107 109 110 114 120 124 125 126 
131 136 141 144 146 151 153 154 155 157 159 164 
167 170 171 177 178 182 183 203 215 219 225 232 
234 236 241 243 252 253 255 256 262 268 272 274 
280 285 288 289 293 296 298 299 302 312 314 316 
318 320 322 327 330 331 332 335 336 338 345 346 
361 363 365 366 367 373 375 376 377 380 384 389 
395 399 400 406 407 411 415 419 420 422 423 425 
428 429 433 440 443 447 449 451 454 456 459 468 
469 486 493 497 498 500 503 512 517 519 522 524 
526 527 528 530 535 538 545 546 547 550 555 557 
561 563 568 576 577 578 580 588 596 598 599 600 
608 610 611 612 613 614 615 616 623 626 628 629 
640 641 646 647 649 652 653 660 661 666 667 668 
672 675 683 690 691 696 698 702 710 712 717 721 
726 727 729 735 744 746 747 748 751 754 757 759 
760 762 770 773 775 777 779 783 785 788 789 793 
794 795 797 798 800 
225
5 7 18 22 25 29 40 41 42 44 50 52 
56 57 62 63 64 67 70 72 73 79 87 91 
96 97 99 102 103 104 106 110 113 114 121 122 
123 125 126 129 131 132 136 138 143 144 145 146 
151 152 153 160 162 166 171 172 175 177 188 202 
206 207 211 216 218 220 230 240 242 245 248 249 
257 261 264 265 266 273 277 278 281 282 287 291 
309 311 320 327 328 330 336 337 339 343 346 351 
353 357 369 370 376 377 381 383 388 389 400 407 
409 410 417 419 427 437 439 441 444 446 451 453 
455 456 457 467 468 471 474 480 486 487 494 495 
496 497 508 511 512 514 516 517 519 522 523 528 
530 532 537 538 541 548 554 557 559 569 573 574 
576 578 580 582 584 585 586 587 592 595 596 599 
604 605 606 612 617 618 620 628 632 634 637 638 
641 642 643 644 650 669 680 682 686 689 691 697 
700 702 712 717 719 722 723 725 727 731 732 736 
737 739 742 746 747 749 751 758 760 761 762 769 
771 773 774 786 789 792 795 797 799 
226
5 12 14 16 17 18 20 33 38 41 42 43 
44 49 53 60 61 63 65 66 71 77 81 85 
92 95 98 100 101 103 106 107 108 110 115 117 
120 124 126 127 129 132 133 134 135 139 145 147 
151 152 158 164 172 173 178 180 185 186 190 196 
197 203 206 208 209 210 220 225 228 229 231 233 
234 249 256 265 267 269 272 274 275 277 284 288 
289 290 291 292 295 296 300 302 306 307 318 319 
320 321 323 325 329 332 343 345 353 357 360 364 
368 372 376 381 384 388 389 405 406 407 412 419 
421 423 426 432 433 434 436 437 443 455 461 462 
469 472 474 476 478 479 482 485 486 487 495 497 
501 505 514 515 520 528 530 531 533 535 536 552 
557 558 561 566 567 568 571 572 578 579 580 584 
590 594 597 598 599 606 613 619 625 627 633 636 
637 638 641 642 646 648 656 666 674 678 680 682 
687 690 695 705 710 717 720 721 727 731 733 735 
737 739 742 749 751 752 756 757 758 760 763 765 
767 772 773 785 787 791 792 793 795 799 
254
14 15 17 19 21 22 24 26 29 32 33 40 
41 42 45 51 60 64 65 66 73 77 79 80 
81 83 85 88 89 92 93 100 104 107 109 111 
113 114 121 133 136 139 140 148 149 154 159 161 
165 168 178 180 181 183 191 192 197 199 205 210 
214 215 218 219 220 221 227 228 230 241 249 250 
251 254 257 258 259 261 264 265 269 272 273 277 
279 280 283 286 292 295 297 298 299 301 304 305 
308 310 314 316 317 320 329 335 337 340 341 342 
343 346 348 349 351 352 355 357 358 359 360 373 
375 376 380 386 390 393 399 402 404 409 410 411 
412 416 417 420 423 424 431 437 439 442 443 444 
450 453 454 462 472 473 479 480 482 488 490 493 
494 496 501 506 507 509 515 518 524 526 528 530 
531 533 536 537 538 540 546 547 555 557 559 560 
565 566 567 568 579 580 582 583 584 585 587 589 
593 596 598 599 602 611 613 615 616 617 620 622 
625 633 635 643 644 646 647 650 654 658 659 670 
673 675 676 682 687 691 692 693 698 700 701 702 
706 715 718 720 721 723 725 728 734 738 739 742 
751 752 755 756 763 766 767 768 776 781 782 792 
796 798 
238
4 9 12 13 19 25 26 29 30 33 41 47 
49 51 57 66 73 75 84 92 93 94 96 97 
98 105 106 108 110 112 115 117 118 120 126 136 
143 145 146 149 152 156 158 159 161 162 165 166 
168 170 174 175 179 181 190 191 193 195 197 198 
202 207 215 216 222 224 230 231 233 238 247 250 
252 253 259 260 264 265 267 268 269 274 277 278 
280 284 286 294 297 305 307 312 319 320 323 326 
327 329 332 334 335 339 341 353 356 357 358 363 
364 365 368 369 375 378 379 389 391 394 396 399 
401 403 408 409 412 413 418 422 423 430 435 437 
441 445 446 457 462 464 470 477 478 490 492 494 
500 502 503 504 512 514 516 517 520 527 529 530 
531 534 537 538 544 548 549 554 556 560 563 564 
566 569 574 580 581 585 587 588 590 592 593 597 
601 605 607 609 611 612 615 616 621 627 630 634 
635 641 642 646 653 656 658 659 660 662 671 674 
678 683 684 686 687 693 697 698 701 707 708 717 
719 724 729 730 731 732 733 735 739 742 747 751 
752 761 762 764 772 775 781 792 795 799 
243
6 8 10 12 16 18 24 26 29 30 31 45 
47 50 55 58 59 60 62 69 71 79 82 84 
85 86 87 90 91 93 99 105 106 120 124 126 
127 132 134 139 141 144 146 149 151 152 156 161 
162 163 171 174 178 179 180 181 194 199 202 203 
205 207 208 213 214 219 220 229 232 233 239 240 
242 251 256 259 261 266 267 270 271 272 273 275 
276 277 281 289 291 294 298 301 303 304 307 309 
314 319 324 326 327 330 335 339 342 344 345 349 
351 356 360 365 366 369 373 377 381 383 393 396 
398 399 406 407 414 418 422 423 425 427 432 433 
434 435 436 437 442 450 455 457 467 471 473 475 
479 482 483 487 494 500 503 505 509 513 515 519 
521 522 523 524 526 527 531 534 540 541 546 547 
549 550 560 564 566 567 572 575 576 578 585 586 
587 594 599 600 601 602 603 605 616 619 625 628 
633 638 639 640 642 644 648 657 661 662 664 668 
674 675 679 682 683 686 690 694 701 702 707 709 
710 711 714 715 724 725 728 736 740 741 742 744 
749 750 752 756 757 761 762 763 772 774 779 786 
788 791 799 
229
1 3 12 19 20 22 26 31 32 34 38 47 
52 56 57 58 62 63 64 67 72 73 74 76 
81 87 91 93 101 103 109 111 114 120 122 123 
125 128 134 135 139 140 141 142 143 144 146 157 
158 161 163 164 170 175 177 179 180 184 188 207 
212 214 215 228 230 231 234 246 248 253 254 259 
264 268 279 280 282 284 285 287 290 292 295 307 
308 320 325 326 329 335 337 340 344 346 347 353 
358 364 367 372 374 380 387 388 389 390 393 394 
396 398 399 404 405 408 409 411 413 417 421 430 
434 437 439 443 444 450 451 455 456 458 462 464 
468 469 474 477 481 482 483 491 493 500 504 507 
510 515 517 525 526 531 533 534 535 544 547 553 
560 561 562 567 568 571 572 576 578 579 580 586 
588 589 590 591 594 598 599 601 602 608 610 614 
628 632 636 639 640 645 647 649 651 655 662 664 
666 669 670 673 679 681 684 685 694 696 700 701 
704 709 711 714 720 723 729 732 741 744 745 748 
749 756 757 761 763 765 769 775 778 785 786 789 
795 
252
1 2 6 9 10 13 15 20 24 26 30 33 
34 36 37 39 40 44 47 49 50 55 56 58 
61 68 71 75 77 82 84 87 88 90 96 99 
100 102 104 109 113 116 121 122 125 134 135 143 
148 149 152 154 158 170 174 178 180 183 187 191 
198 199 200 203 205 210 211 213 214 217 221 223 
227 228 229 231 232 233 237 241 245 247 253 254 
255 258 260 261 263 264 266 268 271 275 279 280 
281 283 288 290 296 297 301 302 304 307 308 310 
314 315 316 320 325 333 338 344 346 348 352 356 
360 361 362 363 366 380 383 385 391 392 396 397 
399 401 403 405 406 407 410 411 412 413 416 421 
422 426 427 437 438 444 446 449 459 466 467 474 
475 478 480 489 491 493 499 500 504 507 508 509 
511 512 514 516 517 518 520 524 528 540 542 547 
551 552 563 564 567 569 582 584 587 591 592 594 
595 598 601 602 603 612 616 624 630 633 635 636 
640 644 645 653 655 658 662 669 670 672 674 675 
677 690 691 692 694 696 699 709 710 716 721 722 
723 724 725 729 735 744 751 756 757 758 760 761 
762 763 767 770 772 777 779 786 789 790 797 799 
224
2 7 12 17 23 24 25 30 32 41 43 44 
48 51 53 55 57 59 61 62 63 66 77 81 
93 95 98 104 109 114 131 134 135 136 138 148 
153 154 163 170 171 174 175 179 180 181 188 190 
203 205 212 216 218 222 226 232 233 235 236 241 
242 247 248 250 251 254 255 256 257 261 263 264 
273 278 286 288 290 291 294 313 320 323 329 332 
334 336 339 342 348 349 350 354 360 363 364 365 
370 373 382 383 384 386 388 390 392 394 395 397 
399 400 402 405 409 419 421 427 432 434 436 437 
438 439 452 457 458 463 464 465 478 482 487 495 
496 500 506 512 513 515 516 520 521 523 524 527 
528 529 531 533 534 538 539 540 543 551 554 558 
562 565 568 569 578 589 594 595 598 599 600 601 
602 603 612 613 619 624 627 629 632 644 652 654 
655 656 660 662 668 669 670 671 672 673 678 679 
681 682 691 692 695 703 704 707 708 718 719 720 
725 726 731 736 739 741 752 754 756 759 760 764 
767 773 780 781 784 787 788 794 
247
2 9 11 12 13 17 26 27 28 29 30 31 
32 34 35 36 37 45 46 47 48 54 56 57 
69 72 76 80 81 85 86 88 95 96 97 98 
99 102 105 106 108 116 125 128 129 131 132 134 
143 145 146 149 150 154 162 168 169 176 178 183 
185 190 201 207 211 216 218 224 234 236 241 244 
250 252 253 255 262 264 279 283 286 287 288 292 
294 296 299 301 303 306 307 309 310 318 319 321 
324 325 328 329 331 333 335 337 340 342 344 353 
354 359 360 361 363 371 377 382 384 385 388 389 
391 394 396 398 399 406 411 413 417 418 420 423 
427 433 434 436 437 440 444 450 455 462 468 483 
484 486 487 489 490 492 508 512 516 517 520 524 
526 527 529 530 531 535 541 542 544 545 551 553 
555 556 557 561 562 565 568 572 578 580 581 583 
586 588 590 592 593 604 606 615 617 623 625 634 
638 640 645 652 653 655 657 659 662 664 667 671 
673 681 683 684 685 691 692 697 701 704 706 710 
711 716 717 723 724 725 727 728 731 733 734 741 
744 745 747 749 753 754 756 758 768 772 773 774 
775 780 787 788 790 791 799 
258
5 8 14 17 24 25 40 41 42 43 44 46 
50 65 69 70 72 76 77 78 79 86 88 90 
100 101 102 103 109 110 115 116 122 124 125 135 
140 142 152 160 161 162 164 166 171 172 174 175 
177 178 180 183 184 192 193 194 195 196 201 202 
203 206 207 209 210 213 218 219 224 228 231 232 
240 243 249 251 252 256 258 261 265 269 270 271 
273 277 282 287 293 294 295 299 302 303 304 312 
314 319 323 325 326 327 330 334 341 342 351 358 
364 366 367 368 369 370 374 382 383 387 388 389 
395 397 399 406 411 412 418 419 427 429 432 437 
439 440 449 452 456 457 458 459 460 464 467 469 
470 472 473 475 477 479 480 482 483 484 486 501 
506 510 517 519 523 525 526 533 540 545 546 549 
550 551 552 554 555 559 561 566 572 574 579 580 
582 584 588 590 592 594 596 600 602 604 607 608 
612 613 615 620 621 622 623 624 629 632 634 635 
638 640 641 643 644 646 647 649 654 655 656 660 
663 665 667 668 670 671 672 676 678 681 684 691 
701 702 703 707 711 712 715 717 718 719 725 726 
727 729 737 739 740 744 746 759 762 763 765 774 
784 786 788 790 793 799 
251
1 4 7 10 15 18 19 21 27 29 30 31 
33 34 35 36 44 53 59 63 64 68 69 70 
73 78 81 82 83 85 87 89 99 103 104 111 
112 116 117 118 123 127 128 133 134 136 143 145 
149 160 167 170 175 184 185 186 189 191 193 198 
199 202 204 205 211 217 219 223 225 231 235 236 
238 245 246 247 250 253 255 256 257 258 266 278 
286 298 299 300 301 303 305 307 310 312 316 317 
327 329 330 334 340 347 349 359 363 366 368 369 
371 376 382 383 384 386 387 390 391 394 395 396 
404 407 412 416 417 418 419 420 421 424 427 429 
430 435 436 438 446 447 448 453 456 461 463 468 
470 476 477 491 496 499 500 501 505 508 516 518 
525 532 533 535 542 547 550 553 555 561 562 565 
566 567 568 570 572 573 576 580 583 585 586 587 
592 594 597 598 600 604 606 607 609 612 617 620 
622 626 627 628 630 631 632 636 638 640 649 650 
654 655 657 659 664 665 666 667 671 673 675 676 
680 684 687 690 695 697 700 701 720 721 723 726 
728 732 735 736 739 740 741 742 746 747 749 754 
758 760 769 780 783 785 790 791 796 797 800 
215
1 2 10 17 20 23 24 31 34 37 41 49 
55 70 72 74 75 79 80 87 93 94 97 104 
110 115 117 129 131 137 138 141 143 146 157 159 
165 170 171 173 174 176 177 181 184 187 188 189 
195 196 200 206 209 217 218 225 230 231 235 238 
240 241 242 247 248 262 263 267 277 278 279 280 
286 287 289 292 296 299 303 304 306 309 312 317 
318 320 321 322 325 329 330 333 334 335 337 344 
345 348 357 362 363 371 372 373 375 384 385 389 
395 402 405 415 417 424 428 430 442 443 444 447 
451 455 458 459 460 463 465 471 473 475 479 488 
500 508 510 512 513 514 520 521 526 532 533 536 
541 543 544 546 547 550 551 552 554 555 557 561 
562 570 571 582 584 596 605 612 618 619 624 632 
634 635 642 643 644 646 651 657 658 663 668 669 
672 674 675 683 687 688 692 693 694 697 699 707 
708 710 716 723 726 728 730 732 733 735 739 749 
750 761 763 772 774 775 781 783 784 789 792 
257
1 12 13 14 22 23 25 27 29 35 36 41 
43 44 45 47 48 50 56 59 60 61 69 72 
73 82 85 87 89 91 98 100 101 102 105 113 
115 116 117 119 120 121 130 133 137 139 140 141 
144 145 158 160 165 166 169 170 172 174 177 178 
188 189 190 192 197 202 203 204 207 208 211 212 
214 215 217 220 223 228 230 231 232 238 241 244 
245 246 249 250 251 255 258 269 270 274 278 286 
289 297 301 302 305 311 313 315 317 319 322 323 
329 331 333 334 340 342 343 344 347 348 360 361 
363 370 372 374 383 390 398 399 402 406 407 409 
413 414 421 423 424 431 433 436 437 438 439 441 
442 445 453 454 457 459 465 467 468 470 474 476 
479 482 484 486 489 491 493 495 497 506 509 513 
514 515 518 526 530 532 535 536 541 544 547 550 
551 558 577 582 585 589 592 594 595 596 599 602 
604 605 612 613 619 621 622 624 629 635 644 647 
650 651 652 653 654 659 662 665 675 679 685 687 
688 692 697 702 704 709 710 713 716 720 723 724 
725 728 729 732 735 737 739 744 752 760 761 763 
765 766 768 769 773 774 776 778 779 780 781 782 
784 786 787 788 792 
254
3 4 10 14 15 16 17 19 24 27 32 34 
35 42 47 54 55 61 74 79 83 86 89 90 
104 106 107 109 110 113 114 116 121 122 133 137 
140 150 151 154 158 159 161 164 165 167 169 170 
175 177 180 192 193 199 201 202 204 206 213 215 
220 227 228 230 238 239 242 246 259 266 270 272 
273 274 286 287 291 292 294 295 300 304 305 313 
315 316 322 326 328 332 333 335 340 342 346 348 
349 353 356 357 358 363 367 368 375 377 382 383 
384 385 387 388 392 399 403 404 408 409 413 415 
418 419 423 425 427 429 431 434 435 436 437 443 
447 449 452 453 457 459 462 470 472 478 479 482 
483 484 489 490 496 497 498 501 503 511 513 514 
520 523 527 528 529 533 534 538 543 544 549 551 
558 564 566 582 586 588 589 592 597 600 602 607 
612 613 616 619 622 623 625 630 631 634 638 642 
646 648 653 655 658 661 662 663 664 665 667 672 
674 677 678 679 684 687 693 694 697 698 699 700 
701 702 704 707 713 718 719 721 722 723 728 735 
739 741 743 744 745 746 747 749 751 753 754 760 
763 766 776 779 780 783 784 788 789 792 793 794 
797 798 
225
2 12 13 17 24 29 38 40 46 52 53 59 
60 61 77 78 79 82 83 89 91 100 106 107 
110 112 115 116 117 118 119 120 121 125 127 135 
137 138 143 144 146 156 159 164 165 168 170 173 
174 177 178 187 188 190 192 193 198 200 202 203 
204 205 208 212 213 223 227 228 229 231 234 237 
238 240 242 247 248 253 255 256 259 268 270 271 
276 277 278 282 285 286 293 297 298 300 304 307 
310 317 320 325 326 327 328 329 331 332 336 338 
343 350 352 353 356 358 361 369 370 381 386 392 
394 395 398 405 408 414 416 421 425 427 435 440 
442 449 454 455 459 468 470 474 475 477 480 490 
491 492 493 494 496 503 504 508 514 515 524 526 
536 542 543 545 550 560 565 566 577 582 583 594 
602 604 605 606 607 608 614 615 616 624 628 635 
644 646 647 648 651 652 653 655 659 666 668 677 
682 684 702 703 704 707 711 712 724 726 729 732 
733 741 744 748 749 750 752 754 755 760 768 774 
778 779 780 784 786 792 793 797 800 
249
1 8 9 12 19 20 25 29 34 35 40 44 
46 56 61 62 67 70 77 78 83 84 86 92 
97 100 103 106 107 115 116 123 124 127 128 130 
131 132 139 140 141 148 149 154 156 158 164 165 
168 175 184 185 187 191 193 194 195 197 198 201 
202 204 205 207 208 209 211 212 216 217 219 222 
225 229 231 233 236 237 248 252 254 256 259 260 
262 267 268 269 270 276 282 283 284 285 287 288 
295 298 299 304 305 315 317 319 320 323 325 335 
336 338 339 340 343 345 347 354 355 357 358 359 
362 365 379 380 382 387 388 393 396 400 403 406 
413 414 416 419 420 423 424 430 435 438 441 442 
445 446 449 452 458 466 468 472 479 482 486 488 
489 490 493 495 503 508 510 512 528 532 544 548 
549 551 552 557 559 560 563 565 566 578 585 586 
588 594 597 600 602 604 605 607 608 609 612 613 
617 620 623 633 638 640 641 644 645 646 652 654 
661 667 668 670 671 672 673 676 680 684 686 691 
692 693 695 698 699 702 707 708 709 722 724 729 
731 732 734 737 747 752 753 761 765 770 773 774 
775 776 782 783 786 787 788 790 792 
229
10 13 28 30 33 34 37 40 46 51 55 64 
65 67 74 83 84 92 95 98 102 107 109 110 
111 112 113 116 119 123 125 127 128 131 134 135 
136 139 147 148 151 160 164 166 167 169 171 174 
176 177 181 182 184 186 187 188 191 192 193 195 
196 198 200 201 202 210 211 218 221 225 228 238 
239 240 243 245 251 254 262 265 268 273 274 277 
278 286 289 291 294 302 303 304 306 307 308 312 
320 322 323 326 332 335 341 350 351 352 356 360 
363 365 371 377 378 381 387 389 396 399 403 413 
423 426 427 432 438 440 442 443 444 445 449 452 
455 462 465 466 470 471 472 485 496 498 503 521 
523 527 528 529 530 532 534 537 541 544 547 548 
549 550 553 565 567 577 582 588 589 591 592 594 
604 610 616 622 626 627 628 631 634 636 639 648 
649 650 651 653 654 664 667 668 670 671 677 678 
684 685 686 690 692 693 695 696 698 701 706 707 
709 712 715 717 719 722 723 727 736 743 749 751 
753 754 758 761 762 767 771 772 775 779 782 792 
793 
246
3 6 8 11 17 18 21 25 29 31 34 37 
41 42 43 49 50 52 53 55 57 58 67 68 
78 79 80 83 85 86 87 92 94 95 101 102 
103 113 118 119 123 124 125 128 130 133 136 138 
141 143 149 155 156 161 163 164 166 174 179 183 
184 187 207 211 212 213 218 219 221 227 229 234 
238 241 248 252 256 262 264 269 271 272 280 283 
284 285 286 288 294 298 302 303 305 312 316 317 
319 321 322 323 324 332 333 334 338 340 345 353 
365 367 368 373 376 382 388 389 391 396 401 403 
407 408 410 414 415 419 421 423 424 426 427 430 
434 437 438 443 444 446 450 451 456 464 468 472 
477 479 480 482 483 488 489 495 501 513 516 518 
522 525 526 528 529 532 534 539 543 545 549 551 
552 557 561 562 565 566 574 584 588 592 595 596 
599 600 606 607 608 610 613 617 619 620 621 622 
623 627 629 635 636 637 638 639 644 645 648 651 
652 654 655 658 661 667 671 673 680 681 682 684 
686 689 690 691 696 710 714 720 735 737 742 750 
752 761 762 763 765 767 770 775 777 778 780 781 
782 786 790 795 798 799 
251
3 4 15 21 23 25 27 35 36 38 41 42 
47 49 50 52 57 64 70 74 79 80 85 86 
89 91 94 106 108 109 113 115 119 121 122 124 
126 130 132 134 136 137 139 140 142 144 146 152 
153 157 160 164 167 171 172 173 175 177 179 183 
190 196 202 203 204 206 208 209 213 214 215 216 
218 228 233 239 245 247 248 251 256 257 262 263 
266 271 274 278 282 286 290 291 292 298 300 301 
304 306 319 326 328 331 339 341 343 345 346 351 
354 356 357 363 365 375 376 378 381 382 384 387 
389 400 403 404 407 410 413 416 417 423 425 427 
428 429 437 438 443 445 449 451 454 456 457 472 
473 475 476 477 479 483 486 489 493 494 497 501 
505 515 520 522 523 528 529 532 534 539 540 541 
542 544 548 549 551 552 553 554 555 557 559 560 
565 569 573 574 575 577 581 584 585 586 590 593 
594 601 603 606 609 610 611 615 619 624 626 628 
638 639 648 652 657 663 671 692 696 699 702 709 
710 711 712 717 719 722 726 727 730 731 732 741 
742 745 748 749 750 752 755 761 762 764 768 777 
778 780 782 784 785 787 789 790 794 798 800 
251
1 2 12 13 14 20 27 32 35 40 41 43 
44 48 52 53 66 68 70 71 72 78 79 82 
87 91 92 93 96 98 104 108 111 112 117 120 
121 122 123 124 136 141 143 146 147 152 153 160 
164 167 169 172 173 175 176 179 180 183 184 188 
189 190 192 195 196 202 203 207 210 211 212 213 
214 218 222 230 233 237 238 240 241 245 249 251 
256 260 264 268 270 274 275 278 280 281 285 287 
290 291 294 295 297 298 300 303 304 309 311 317 
327 328 330 338 344 346 348 349 350 354 368 370 
371 380 381 382 383 386 390 396 397 400 401 404 
408 409 411 412 413 414 415 416 417 420 424 426 
427 433 434 435 436 438 439 440 441 442 447 449 
450 451 452 455 458 465 476 489 490 495 500 501 
503 504 508 509 511 513 516 524 536 538 542 549 
550 561 562 563 565 579 590 595 596 597 598 601 
602 603 607 608 617 624 626 627 632 640 646 648 
651 652 653 656 659 664 674 678 679 681 683 686 
687 688 690 692 699 702 714 718 720 729 732 734 
739 740 741 743 748 749 750 752 758 762 764 766 
769 777 778 779 787 790 795 796 797 798 799 
214
3 5 7 10 13 20 21 24 27 28 37 42 
43 45 46 49 53 54 56 57 62 63 66 71 
72 73 77 78 81 83 84 87 90 93 101 104 
109 118 135 140 142 143 144 151 157 171 180 181 
183 189 193 195 202 204 206 210 211 213 215 218 
219 226 231 241 244 246 249 258 261 262 264 266 
268 269 271 273 282 285 292 294 295 297 299 303 
310 313 320 337 341 343 350 354 356 359 362 366 
372 375 378 381 383 385 401 402 408 409 411 412 
416 421 422 423 424 426 427 428 429 432 438 439 
441 442 444 445 450 457 458 465 468 469 473 476 
478 483 484 488 490 494 495 499 502 515 518 519 
523 530 533 539 548 549 568 577 581 586 587 589 
590 591 592 593 599 611 613 614 615 616 618 623 
624 625 630 631 632 647 652 656 659 660 661 678 
682 689 691 693 697 698 701 704 705 713 716 721 
724 726 727 733 734 736 738 739 740 742 745 748 
752 756 765 766 774 780 781 793 797 800 
219
7 10 14 15 17 19 22 33 38 41 47 48 
50 54 56 61 63 71 78 79 81 85 87 89 
90 93 98 101 111 112 115 118 120 122 124 129 
137 138 141 144 145 147 148 149 154 155 158 160 
166 171 183 188 190 192 199 200 202 206 208 209 
210 211 214 216 218 220 227 228 234 238 242 245 
246 248 256 257 258 265 269 272 278 292 295 303 
314 319 323 329 335 337 338 341 342 354 355 361 
365 367 372 375 377 380 381 386 387 398 400 403 
408 411 412 413 418 429 431 434 439 440 446 447 
448 450 452 454 456 457 458 460 462 469 485 486 
487 492 501 503 512 524 527 528 536 547 550 552 
555 558 561 564 566 568 570 571 575 576 578 582 
586 588 590 593 594 599 601 602 605 610 613 614 
620 622 629 630 631 642 643 646 650 654 667 670 
675 679 681 683 684 685 686 688 689 691 704 707 
710 713 719 732 736 737 743 745 746 747 759 760 
762 764 765 767 771 772 777 778 782 788 789 793 
796 797 799 
240
1 12 15 17 21 22 23 24 25 26 28 29 
30 31 32 35 39 46 47 48 53 57 60 64 
66 80 81 82 90 92 98 101 103 104 110 111 
113 115 116 117 118 121 122 123 129 131 139 144 
146 147 164 165 167 168 170 171 173 174 175 188 
200 201 204 211 212 215 217 218 227 229 231 235 
240 247 250 252 258 259 262 264 268 271 274 275 
278 283 284 285 287 295 300 303 306 307 312 316 
322 328 332 339 341 345 349 353 357 359 361 368 
369 376 377 379 381 385 392 398 399 402 403 404 
405 406 413 416 421 423 424 426 428 429 435 440 
445 447 448 452 453 454 455 461 462 467 469 476 
480 481 486 496 503 509 511 516 518 528 529 530 
531 533 535 537 538 541 542 547 552 557 558 565 
569 572 574 581 584 587 589 591 593 594 601 608 
609 610 612 613 614 617 625 627 636 639 640 644 
645 650 653 658 659 663 666 667 677 678 684 685 
687 688 690 697 701 706 708 715 719 722 724 727 
728 731 734 736 738 739 740 742 743 749 753 756 
759 764 767 769 775 777 786 790 793 795 797 800 
249
2 7 8 10 15 17 18 20 21 25 30 34 
37 38 39 43 46 47 49 51 55 57 59 60 
61 65 73 77 78 80 81 89 93 94 97 100 
102 103 109 110 112 114 122 132 133 137 140 144 
146 147 148 150 153 156 157 167 178 182 183 184 
187 191 195 196 197 199 204 206 207 214 219 228 
230 232 234 235 236 238 239 241 245 246 249 252 
253 258 271 272 276 277 278 279 280 282 291 295 
297 298 303 307 308 313 319 322 323 325 328 333 
334 336 337 344 346 354 355 359 362 367 377 380 
381 390 393 397 401 406 414 415 418 419 423 424 
426 430 431 433 438 441 444 445 448 450 452 454 
456 458 460 462 466 470 471 483 486 487 490 491 
492 494 500 509 517 523 527 528 529 531 538 546 
559 560 561 564 566 572 575 577 579 583 587 588 
593 599 603 605 612 613 617 619 625 626 627 629 
630 631 640 648 649 650 651 652 653 657 658 660 
666 668 669 670 671 673 674 675 676 677 679 682 
687 689 690 693 694 698 703 707 708 713 726 729 
730 737 739 747 749 752 764 765 766 767 770 776 
777 779 780 781 785 786 787 793 794 
246
1 4 5 8 18 25 28 30 32 34 36 37 
38 42 43 44 47 53 60 69 74 76 81 82 
84 90 96 97 98 99 105 112 117 128 129 132 
136 144 145 146 147 149 152 158 159 161 163 169 
170 174 176 177 180 181 187 189 202 203 205 211 
213 214 215 216 217 218 221 223 227 233 235 236 
238 243 246 252 254 265 267 270 271 274 276 278 
279 281 282 284 285 287 290 292 301 304 305 306 
309 311 315 316 317 324 330 333 335 340 341 343 
346 347 348 349 350 354 355 360 363 369 372 379 
385 396 397 398 400 413 414 416 421 432 438 441 
442 445 446 451 453 455 460 461 463 464 471 472 
476 478 481 491 493 494 500 503 506 509 511 518 
519 520 521 523 530 533 535 537 538 540 541 546 
548 551 553 554 556 565 566 567 571 575 581 582 
585 586 591 605 608 611 612 615 618 620 623 625 
627 632 633 634 635 636 637 638 641 646 647 650 
656 663 667 675 683 686 688 692 695 696 709 716 
717 723 724 728 729 730 732 735 736 738 739 742 
743 745 750 752 755 765 766 769 770 774 775 778 
779 783 787 793 796 799 
255
2 3 7 8 9 10 11 15 26 27 30 31 
33 36 38 43 44 48 49 53 54 61 66 70 
73 74 78 81 82 83 85 88 90 93 95 97 
98 106 107 108 109 112 114 119 131 133 136 138 
139 142 150 151 162 164 167 169 171 175 177 178 
179 186 187 189 191 192 194 195 197 201 202 205 
212 221 223 224 229 230 231 240 247 250 252 255 
256 258 265 269 271 279 281 283 285 287 289 300 
303 304 305 306 308 309 315 318 320 324 325 335 
336 338 343 344 348 349 352 358 360 363 368 369 
370 371 376 378 379 381 383 386 393 395 396 399 
406 407 412 414 416 417 424 425 427 428 436 438 
442 444 446 448 449 450 451 452 455 457 459 465 
469 476 480 484 485 487 491 493 499 502 503 506 
517 520 522 526 528 530 531 532 533 538 539 546 
548 555 558 559 563 571 573 578 587 595 599 606 
609 615 616 620 621 624 625 629 634 635 638 639 
643 645 646 647 651 656 657 658 662 667 669 670 
671 672 676 680 681 682 683 687 689 695 696 697 
708 718 724 725 728 730 731 734 738 741 743 744 
748 749 751 753 757 761 762 764 767 774 779 782 
784 786 794 
256
5 6 9 11 16 17 20 28 30 33 34 35 
38 41 48 49 51 52 55 57 61 69 70 71 
73 76 77 79 82 87 88 91 102 105 107 108 
110 119 120 121 123 129 131 133 135 137 138 140 
141 143 163 164 171 172 179 186 187 188 189 191 
192 193 194 199 207 211 215 220 223 224 237 238 
246 250 251 252 259 260 265 266 269 274 278 279 
281 288 289 291 292 293 295 299 301 305 308 312 
315 317 318 324 330 341 347 349 350 351 356 357 
363 365 367 369 370 377 378 381 382 385 388 392 
394 396 401 402 403 404 405 412 413 414 422 427 
429 431 435 440 441 443 447 448 450 455 457 461 
462 465 466 467 471 475 477 479 480 484 486 488 
489 491 495 496 498 499 513 517 523 524 525 528 
531 532 535 541 549 552 555 556 559 560 564 565 
569 572 574 575 577 579 580 582 585 586 590 594 
596 602 604 605 610 616 620 621 622 625 628 631 
633 637 655 656 657 658 661 662 663 664 668 669 
674 680 681 684 685 687 689 694 697 701 702 703 
704 705 713 717 718 725 727 728 730 731 732 734 
736 738 742 744 745 747 757 759 761 763 773 777 
780 786 799 800 
248
8 9 13 17 24 25 30 31 34 37 38 42 
48 49 58 60 63 64 66 67 72 75 76 83 
88 91 95 98 106 107 110 113 124 125 128 133 
134 139 147 149 155 157 161 162 164 166 170 175 
177 178 189 190 193 195 197 198 201 205 206 212 
214 215 219 226 228 229 230 233 234 238 244 247 
251 253 255 256 263 267 268 269 272 274 275 276 
283 285 287 289 292 294 296 300 301 302 304 305 
306 308 316 318 323 326 328 329 333 334 337 339 
343 352 353 355 358 370 372 374 376 379 383 387 
388 391 392 395 398 399 400 418 420 422 424 429 
432 434 435 441 444 447 453 454 455 458 460 462 
468 473 483 491 500 506 508 509 510 517 521 524 
525 527 528 530 537 538 539 540 541 545 547 551 
563 566 574 577 578 581 586 592 593 594 595 598 
600 603 604 605 607 608 609 610 615 617 618 620 
621 623 626 628 641 642 644 651 653 660 665 666 
667 670 679 681 682 684 687 689 692 693 701 704 
708 710 711 713 717 720 727 729 730 738 741 742 
744 745 749 751 752 753 754 759 761 765 766 769 
770 774 780 783 784 786 792 795 
242
1 4 6 7 9 10 13 14 16 25 31 37 
40 42 48 50 51 74 78 79 80 83 85 86 
87 92 96 98 99 103 106 111 117 120 123 126 
128 131 133 134 144 145 153 154 159 160 162 164 
166 171 174 176 177 178 179 180 183 188 190 199 
200 202 205 210 214 216 217 220 224 226 229 231 
232 233 234 240 243 244 249 252 254 258 260 263 
265 270 273 278 284 290 293 299 304 306 308 311 
316 318 326 328 329 333 334 339 341 342 344 352 
354 355 359 362 364 366 368 375 376 380 384 385 
386 396 397 402 405 409 411 423 430 432 437 438 
441 449 456 458 459 462 463 464 468 471 474 476 
479 486 487 491 495 497 498 508 510 518 519 524 
530 531 532 533 538 541 543 544 545 546 553 556 
558 560 561 562 563 564 571 572 576 580 581 582 
584 593 597 601 602 616 621 624 625 634 639 642 
644 645 649 652 654 657 659 660 662 669 670 675 
679 680 682 683 685 694 695 696 698 700 704 708 
709 715 716 720 721 724 727 728 729 731 733 735 
737 741 745 750 763 769 776 779 782 784 787 790 
791 799 
223
3 7 18 19 20 22 23 27 33 38 41 42 
43 48 59 64 67 75 79 87 93 94 104 115 
120 124 126 136 140 146 148 153 155 156 158 159 
165 166 167 168 169 171 173 176 177 185 187 190 
199 203 214 218 219 227 229 239 243 246 250 254 
255 259 260 262 263 272 277 279 280 281 282 285 
293 298 302 304 307 309 311 312 315 317 319 320 
325 327 331 334 335 340 341 342 345 348 350 351 
353 356 357 362 363 364 365 366 367 369 374 376 
381 387 389 396 400 402 403 404 405 411 412 417 
426 435 437 443 453 456 459 469 472 474 475 486 
487 490 492 497 502 505 509 510 513 520 526 529 
536 537 539 541 547 556 557 561 563 564 567 572 
573 578 583 585 588 589 592 593 599 600 601 602 
605 609 611 613 618 623 628 632 635 641 645 653 
654 655 660 661 663 666 670 671 674 675 677 678 
679 684 687 691 694 696 697 703 710 711 721 730 
735 738 739 740 741 743 752 754 756 759 760 761 
765 770 778 779 787 789 800 
233
7 11 12 14 15 20 31 35 38 42 43 48 
55 57 58 60 67 68 76 78 83 84 87 89 
90 99 100 101 102 103 106 107 108 109 110 114 
120 124 126 127 136 140 145 149 154 159 164 167 
169 173 177 179 181 182 183 185 189 192 193 198 
200 201 207 209 211 213 214 215 216 217 218 219 
221 222 223 224 228 230 231 234 235 236 237 239 
242 244 245 248 249 250 252 253 256 259 261 267 
272 281 282 284 294 297 299 300 302 308 313 314 
315 317 328 331 332 335 340 342 352 354 359 365 
372 374 377 380 386 389 394 401 403 404 408 414 
416 422 432 433 439 444 445 446 448 456 460 463 
466 467 468 476 477 479 487 488 491 498 499 505 
507 517 523 529 534 535 539 544 545 550 556 560 
561 566 570 571 577 586 587 588 590 592 594 598 
609 612 618 619 621 624 628 638 641 644 653 654 
655 656 657 658 662 666 668 669 670 676 684 697 
698 699 701 706 712 720 723 727 729 732 736 766 
768 769 770 774 777 780 782 783 785 787 788 790 
791 792 796 797 800 
275
6 7 8 9 11 14 16 17 18 20 23 24 
28 29 31 37 39 40 49 50 52 54 55 57 
60 62 63 67 72 75 80 81 82 86 87 93 
95 96 105 108 109 112 113 121 134 138 142 148 
149 155 157 160 163 165 169 171 173 178 181 188 
190 192 193 196 197 200 203 204 205 207 211 213 
214 215 217 227 229 230 231 234 237 239 246 260 
262 263 268 269 270 271 272 275 283 287 288 289 
290 295 296 297 299 300 305 307 310 315 318 319 
321 323 324 326 327 337 338 339 341 342 344 346 
353 356 357 358 361 369 370 371 372 377 379 380 
382 387 394 396 398 401 402 403 404 406 408 410 
413 415 416 423 424 426 428 429 430 434 435 436 
437 438 441 446 452 455 458 459 463 465 468 470 
473 475 478 479 482 484 486 493 499 500 502 506 
507 508 509 524 527 534 538 539 542 547 550 558 
559 568 569 573 574 576 577 578 584 585 588 592 
594 597 600 604 605 608 615 619 620 621 625 628 
629 630 638 643 645 649 651 653 655 657 659 661 
668 669 675 677 682 683 687 688 691 693 694 695 
697 705 706 712 714 715 717 718 719 723 726 727 
728 731 741 742 744 745 746 750 751 754 756 760 
769 770 771 776 777 779 782 783 784 790 795 
233
1 3 9 11 12 15 16 17 18 19 26 35 
37 39 41 43 45 50 53 54 55 57 58 65 
71 73 75 76 81 82 87 88 91 92 97 99 
100 101 108 114 116 117 119 123 124 125 127 128 
129 131 140 141 148 156 166 167 171 177 178 185 
189 191 192 204 210 211 229 230 234 241 242 243 
246 249 250 257 258 260 261 262 268 272 275 276 
278 284 286 288 289 294 305 307 308 318 324 325 
338 339 340 344 349 356 357 361 362 363 372 376 
381 382 383 384 386 387 398 400 401 405 408 410 
413 420 427 429 436 442 443 444 448 455 457 459 
464 465 466 472 475 477 482 483 484 485 490 492 
496 497 498 499 504 506 509 515 533 538 545 552 
555 557 560 569 578 582 583 589 592 594 598 600 
603 610 612 615 618 621 622 624 630 633 634 639 
640 649 650 651 654 656 660 661 667 669 674 675 
676 678 680 681 686 689 692 697 703 704 706 713 
717 724 725 727 728 729 733 748 753 758 759 760 
761 762 765 766 767 769 770 772 773 776 780 781 
785 787 795 796 797 
260
2 9 13 14 19 20 24 26 30 35 37 39 
40 45 48 49 51 52 54 62 65 66 78 83 
85 86 90 92 93 100 107 108 109 113 115 116 
120 122 125 128 129 131 137 139 140 141 142 147 
148 150 151 156 157 159 161 167 173 175 176 179 
185 188 192 194 197 207 214 215 220 221 222 226 
228 230 236 237 238 240 246 248 250 253 254 258 
264 268 273 280 281 282 286 287 288 294 296 300 
301 304 305 307 310 317 319 320 321 322 324 325 
335 336 338 347 349 351 353 355 360 361 363 364 
366 367 370 372 379 380 384 390 391 399 403 408 
410 415 424 425 430 434 438 440 444 445 451 452 
457 463 466 473 476 480 482 483 485 489 498 500 
501 503 504 508 513 515 517 518 519 520 521 522 
527 529 530 534 535 536 537 539 545 551 553 554 
557 559 561 563 565 568 571 572 573 574 578 581 
582 583 585 589 596 598 601 606 609 616 619 624 
631 632 637 649 650 651 655 661 662 667 668 670 
671 672 676 682 693 696 699 703 704 708 710 713 
719 722 726 728 729 730 732 737 740 741 743 744 
745 747 749 750 753 754 760 761 769 772 773 780 
782 787 788 790 797 798 799 800 
228
5 9 12 14 17 19 21 24 29 30 35 36 
40 41 42 52 55 56 57 66 68 77 79 88 
90 91 94 95 97 102 105 108 111 113 114 117 
118 121 124 126 132 133 134 140 145 147 153 154 
170 174 177 180 181 191 195 197 200 203 205 206 
207 209 214 215 216 218 219 228 229 232 235 246 
250 251 253 260 266 269 278 285 286 287 288 299 
300 301 304 305 306 313 316 317 318 324 328 329 
330 332 335 336 337 338 342 343 345 346 347 351 
354 356 361 362 366 367 371 373 379 380 382 385 
391 399 407 408 409 416 418 420 423 425 426 428 
430 434 435 437 440 448 455 458 465 473 474 475 
480 482 492 497 499 501 503 511 514 519 520 526 
531 535 536 539 543 554 561 566 569 573 579 585 
590 596 600 606 607 613 620 621 623 624 629 631 
640 641 643 647 648 654 656 657 658 665 670 672 
677 679 684 688 693 695 696 698 700 702 704 706 
707 712 716 724 726 731 733 741 744 746 750 752 
758 761 764 774 775 779 781 783 785 787 790 793 
246
1 6 8 13 15 16 20 23 25 27 28 29 
32 33 35 41 51 53 57 60 63 67 68 71 
72 77 87 88 95 103 105 109 111 113 124 129 
130 131 137 139 145 148 149 150 151 153 157 158 
160 162 166 167 168 173 177 178 179 195 202 203 
207 209 219 221 223 226 230 233 235 237 245 247 
251 253 254 255 257 262 266 268 274 283 284 286 
289 290 292 294 297 301 303 304 309 313 318 320 
321 323 331 333 340 344 346 347 350 355 358 359 
360 362 363 365 366 367 369 371 373 376 378 379 
380 386 389 394 395 399 405 407 414 415 421 424 
426 429 433 434 435 444 448 452 453 455 460 461 
463 469 471 472 473 474 475 476 478 480 481 483 
485 486 488 493 504 511 514 515 517 518 520 524 
525 527 529 534 535 538 540 546 552 555 559 566 
569 580 591 592 594 595 598 603 607 610 611 618 
620 622 623 627 628 630 631 632 633 634 638 639 
644 646 652 655 656 658 659 662 665 666 669 672 
686 688 689 690 702 704 705 707 709 716 719 722 
724 726 731 734 735 741 756 758 760 762 771 774 
783 788 789 790 796 798 
237
5 10 13 16 19 20 21 25 28 32 35 36 
38 44 49 50 56 57 58 63 64 70 78 81 
83 84 94 96 99 101 107 108 109 110 114 115 
116 117 118 120 125 126 127 129 131 132 135 137 
138 141 143 144 145 148 149 150 156 168 169 171 
180 181 187 188 192 196 211 212 213 220 222 223 
227 229 230 232 246 248 253 258 260 265 266 269 
270 273 275 281 283 284 288 289 294 299 302 304 
319 320 321 322 325 329 330 334 338 343 354 357 
359 360 372 373 376 377 380 385 386 397 399 401 
403 414 415 418 419 421 424 426 434 435 439 442 
443 447 450 452 453 454 457 469 472 473 476 483 
486 487 489 492 494 500 501 503 516 519 521 524 
525 530 533 541 544 553 567 568 576 577 578 581 
587 595 597 601 602 609 612 613 616 620 622 625 
626 628 630 643 644 653 654 655 657 658 659 662 
664 668 675 677 686 687 688 693 694 696 700 703 
706 708 713 714 719 721 723 724 732 742 744 745 
747 749 752 753 755 758 764 767 770 773 776 777 
778 780 782 789 793 794 795 796 800 
249
2 4 7 11 12 16 21 24 26 31 32 40 
44 48 49 51 53 55 56 57 62 66 70 71 
74 77 79 80 82 88 90 92 96 98 103 107 
111 118 120 123 124 127 129 131 136 142 144 148 
149 150 153 154 162 163 165 166 168 170 178 179 
189 191 193 198 199 206 210 219 220 227 231 235 
238 240 246 247 252 263 264 266 271 275 276 277 
278 281 288 290 293 294 295 297 300 303 308 310 
311 317 318 322 327 334 335 337 339 340 341 345 
347 348 350 355 357 358 363 364 366 371 373 374 
380 393 398 413 418 419 421 423 424 425 428 429 
433 435 436 438 441 442 443 451 461 465 466 471 
478 483 485 487 489 493 498 500 501 502 503 506 
508 513 514 515 516 517 518 520 521 524 529 537 
540 545 556 557 560 561 567 572 573 574 575 578 
580 582 583 587 588 590 591 599 602 608 610 618 
620 621 625 631 633 635 636 645 648 649 651 655 
656 658 665 667 668 672 676 679 682 683 684 686 
694 699 700 701 702 704 706 708 710 712 713 715 
724 726 727 732 733 735 737 749 759 760 765 766 
767 770 771 775 776 786 787 793 795 
231
9 12 13 14 15 17 18 19 20 22 23 26 
29 33 34 35 38 41 42 45 46 50 54 60 
61 74 83 84 86 87 89 90 94 102 103 106 
110 111 112 115 118 125 129 131 134 139 141 142 
148 152 154 161 162 164 169 173 178 183 184 189 
202 205 206 209 211 213 215 217 225 231 235 236 
239 240 242 244 246 251 252 254 256 258 264 267 
268 281 284 286 287 288 289 291 296 300 303 304 
307 314 316 322 324 327 343 344 347 355 358 361 
365 368 370 373 375 377 382 384 387 391 396 401 
404 405 406 408 410 413 420 421 424 426 430 432 
435 440 441 442 445 457 460 466 467 468 469 474 
476 477 478 479 480 481 488 504 507 511 521 523 
526 527 533 540 543 545 548 554 564 566 569 570 
576 578 586 588 595 597 601 602 604 605 606 608 
621 622 628 633 634 641 643 644 649 653 655 662 
665 666 673 682 694 697 698 703 708 712 714 715 
717 721 722 723 725 727 728 729 731 735 738 740 
742 745 748 752 753 759 762 764 768 771 774 780 
781 789 800 
234
2 7 8 11 12 19 20 25 27 29 36 39 
40 42 49 50 52 54 55 61 66 67 73 78 
80 82 85 86 89 93 98 101 104 109 111 112 
117 118 122 125 126 130 135 137 142 149 156 158 
160 162 165 166 167 170 178 180 181 184 185 186 
188 200 207 210 216 217 222 230 231 232 235 236 
244 252 257 258 259 260 266 267 268 270 271 273 
277 278 280 288 295 296 300 303 304 307 312 320 
323 324 325 329 331 332 344 346 347 348 351 354 
355 356 358 361 362 364 375 383 384 394 395 397 
404 405 408 416 418 421 429 432 435 437 439 441 
443 445 448 455 471 473 474 476 480 483 485 493 
496 498 506 513 516 520 527 530 536 539 543 554 
555 556 557 559 560 561 565 566 569 573 575 578 
580 589 590 597 599 604 609 610 611 615 617 620 
621 622 623 624 626 631 636 639 642 650 652 653 
654 663 664 670 673 676 680 683 686 695 699 700 
704 707 710 713 714 716 717 722 724 734 738 746 
748 749 755 760 761 763 770 771 773 774 775 776 
779 780 783 787 788 797 
247
1 6 7 11 13 24 25 31 34 35 42 47 
54 62 65 70 73 74 75 77 86 88 90 98 
101 104 105 110 113 115 116 124 131 132 134 138 
139 140 143 144 146 160 161 169 175 176 177 178 
188 193 199 203 204 206 207 208 209 213 216 217 
218 221 222 223 225 227 229 230 232 235 236 244 
246 247 252 254 256 260 261 269 270 274 275 276 
279 280 281 282 289 290 292 295 298 299 301 302 
320 321 325 327 328 330 331 335 336 350 352 357 
359 361 367 368 369 379 382 386 388 389 397 400 
402 405 408 409 417 420 421 422 424 429 430 431 
433 435 437 440 441 446 449 456 458 460 461 462 
467 472 476 477 480 481 495 499 500 505 508 510 
515 516 517 519 520 521 527 534 536 538 540 542 
550 553 556 557 564 572 575 577 580 581 583 591 
593 598 599 601 605 606 612 616 617 619 626 630 
632 637 638 640 642 652 654 658 662 666 667 671 
672 674 675 680 683 687 689 691 694 695 696 702 
703 709 711 713 714 717 720 722 724 726 729 730 
742 743 744 752 757 758 759 760 761 762 768 774 
775 777 779 786 787 789 790 
253
1 2 4 6 12 13 16 17 21 26 28 33 
40 41 43 45 46 48 50 61 69 70 74 75 
76 81 88 94 96 97 100 101 102 103 104 105 
107 110 114 118 122 125 126 129 132 135 137 140 
144 146 149 151 164 166 169 179 182 184 188 189 
190 196 199 202 207 210 211 212 221 222 224 225 
229 232 233 236 237 239 240 241 242 249 258 259 
260 262 265 266 267 278 280 282 287 291 292 295 
297 298 301 305 313 321 323 326 327 330 335 338 
345 346 348 350 354 361 363 367 368 385 387 389 
402 403 406 408 414 415 417 418 419 423 424 426 
427 432 434 442 443 447 449 452 460 463 472 481 
483 484 486 489 494 495 503 505 508 513 518 522 
524 530 534 536 540 544 546 548 549 557 560 565 
566 567 570 573 576 577 579 582 586 589 590 591 
592 593 596 599 600 607 608 613 614 624 625 626 
629 631 637 639 641 646 647 649 650 653 658 661 
663 664 678 681 689 690 693 694 697 698 699 704 
705 706 707 711 714 719 720 721 734 735 740 741 
743 744 745 747 750 751 753 755 761 765 766 767 
769 773 774 780 782 783 784 787 789 791 792 793 
794 
241
3 7 10 14 16 22 27 29 33 34 39 40 
41 44 48 49 50 53 57 58 65 66 71 75 
82 91 100 105 106 119 121 122 125 126 127 128 
131 133 143 144 148 151 153 158 160 161 164 165 
170 171 176 177 186 189 190 197 198 200 206 214 
215 216 218 221 225 226 229 230 232 242 243 250 
257 262 263 265 268 270 271 277 280 281 282 284 
285 286 288 294 295 299 301 303 305 310 313 314 
315 316 319 321 327 328 333 342 343 346 347 348 
350 351 354 355 358 359 360 364 367 369 376 380 
391 393 399 402 405 414 415 421 422 428 431 433 
435 437 443 446 448 458 460 463 465 471 477 478 
483 487 488 491 501 502 504 505 506 511 512 522 
524 526 527 535 539 540 543 544 551 555 556 557 
563 564 565 567 568 570 572 577 580 585 590 595 
601 603 604 608 613 615 616 618 623 626 632 634 
635 639 644 648 650 655 661 662 666 671 676 677 
681 682 686 689 695 696 697 699 702 709 714 718 
721 723 724 725 730 731 736 741 742 745 748 749 
750 754 755 757 766 770 779 782 783 784 790 791 
797 
253
2 18 22 25 28 29 31 33 34 36 38 41 
43 44 47 50 61 64 65 72 73 74 80 84 
89 90 93 99 100 102 110 112 113 115 117 126 
128 132 136 137 139 141 143 145 146 147 152 154 
156 161 163 164 175 182 185 188 192 196 198 200 
201 203 209 212 216 217 220 221 224 226 229 233 
237 239 243 250 253 254 256 262 264 270 271 273 
275 279 280 286 287 290 291 295 297 300 305 307 
309 310 313 314 318 319 321 326 327 330 332 333 
334 336 337 339 343 352 354 359 361 362 363 365 
367 370 373 377 380 381 384 385 391 396 404 406 
407 413 415 416 417 418 419 421 422 427 430 432 
433 442 443 449 450 453 456 459 460 462 464 465 
469 476 477 481 492 503 505 507 509 511 512 513 
514 517 518 520 522 528 529 531 532 533 535 537 
541 544 552 563 566 569 571 573 575 576 579 580 
584 587 590 596 597 601 604 610 615 618 625 628 
629 630 632 634 638 640 642 643 644 646 648 654 
655 661 662 663 668 674 679 680 684 690 691 697 
700 701 704 709 720 721 727 729 731 733 734 735 
737 743 744 755 758 763 765 767 769 784 787 790 
792 
245
1 2 7 8 11 15 17 20 21 22 26 35 
37 40 41 49 52 58 59 64 65 68 69 73 
74 78 81 82 84 87 91 92 95 98 102 103 
105 110 112 114 117 119 122 124 125 126 128 129 
130 132 134 145 162 168 169 172 174 175 176 177 
180 181 183 184 186 187 188 189 190 191 192 208 
210 217 219 226 236 238 244 246 248 250 251 253 
255 256 267 268 270 272 281 282 283 286 291 295 
297 300 315 321 322 324 332 336 337 339 343 350 
351 356 357 366 368 369 372 373 379 380 381 382 
385 396 399 400 401 406 410 412 416 419 420 421 
425 427 431 434 436 438 445 446 447 454 456 474 
476 481 482 485 486 493 494 495 497 500 501 503 
506 507 508 510 512 513 514 519 520 522 525 527 
533 534 535 541 547 549 550 553 555 576 585 586 
590 594 602 605 610 614 616 619 624 626 633 634 
637 640 647 649 650 653 660 663 667 668 672 673 
674 675 685 693 696 697 698 699 703 704 705 707 
710 713 714 717 721 727 731 732 733 740 742 746 
750 753 756 757 759 763 767 773 779 783 786 787 
788 794 795 796 798 
259
1 2 4 9 12 14 16 18 19 20 22 23 
24 31 34 37 46 52 58 59 60 67 69 70 
73 74 77 78 80 81 85 86 88 92 93 94 
95 96 100 103 106 107 108 112 114 115 118 120 
131 133 136 137 139 141 143 144 146 150 153 157 
158 164 165 169 174 177 178 179 180 181 186 188 
189 192 195 197 200 206 208 211 215 216 221 224 
225 238 244 253 257 259 260 268 269 274 275 279 
285 289 290 294 296 297 302 304 309 317 318 319 
320 324 325 328 330 333 336 340 341 343 344 346 
349 352 354 358 359 360 361 364 368 373 380 388 
398 408 410 413 414 421 423 424 426 429 431 433 
434 448 452 454 458 461 479 480 484 485 490 491 
496 498 499 500 504 507 512 514 515 525 527 528 
546 550 552 553 555 558 561 564 568 569 570 576 
578 581 586 587 589 590 593 594 597 599 605 611 
612 614 616 624 625 626 632 634 640 641 643 650 
654 657 662 665 668 669 670 671 672 675 678 679 
683 686 687 693 695 696 698 703 704 706 709 712 
713 715 717 718 719 720 721 728 729 734 736 737 
740 741 743 746 749 751 752 753 758 765 766 769 
771 775 776 778 785 794 799 
239
6 7 11 15 16 27 31 34 36 40 43 44 
52 53 58 65 70 71 80 81 82 84 85 88 
90 93 94 98 99 103 105 106 110 112 113 114 
115 117 118 123 124 129 130 133 137 141 142 148 
152 161 163 166 171 173 184 187 193 197 198 200 
202 206 210 213 215 218 220 222 223 229 231 238 
241 248 250 251 252 256 257 262 266 269 275 280 
281 284 286 287 288 294 295 301 311 312 313 314 
316 324 325 326 327 331 337 338 339 340 342 344 
345 351 358 362 364 365 366 367 370 373 377 378 
379 392 393 397 398 399 401 406 407 410 415 416 
418 419 420 429 430 433 435 438 442 445 446 447 
448 456 461 464 469 473 474 476 479 483 484 486 
490 493 504 510 518 525 526 527 529 531 532 533 
535 539 545 551 561 572 574 575 577 580 583 584 
587 588 590 595 596 599 607 609 610 611 616 618 
619 620 622 624 625 628 631 645 648 655 656 667 
670 674 675 679 683 688 692 698 703 706 709 715 
716 718 719 722 729 732 740 751 753 759 760 765 
769 772 773 775 779 780 783 784 791 792 794 
245
1 6 9 11 27 35 38 40 41 43 44 49 
60 62 65 66 68 72 73 80 82 93 102 108 
109 111 114 116 118 121 122 124 125 126 129 135 
137 141 142 143 144 146 148 151 152 154 160 163 
166 171 174 176 177 178 182 183 186 187 188 192 
196 198 201 203 204 212 213 215 216 219 221 225 
227 229 232 235 236 238 239 240 241 243 244 248 
253 255 257 262 263 268 269 277 278 281 284 285 
290 293 294 297 302 303 306 307 315 316 317 319 
321 322 330 331 334 335 336 338 346 353 364 366 
369 375 378 387 393 396 401 404 405 413 414 418 
419 421 422 423 424 428 433 440 442 444 446 447 
450 455 461 463 464 471 477 478 479 485 486 487 
501 505 513 516 519 525 530 531 532 536 538 541 
542 545 552 554 559 562 568 573 576 578 579 583 
589 598 603 606 608 609 613 616 619 622 628 636 
641 644 645 647 648 649 653 654 657 660 661 666 
667 670 674 676 679 682 684 694 698 701 705 706 
709 713 716 721 726 729 730 734 736 737 738 742 
746 748 749 755 758 761 762 764 766 768 770 771 
775 779 781 783 788 
245
1 3 4 5 8 10 12 14 21 22 24 25 
26 28 31 34 39 41 44 45 46 47 49 51 
54 56 59 63 72 74 76 77 78 79 82 85 
88 90 95 98 102 105 107 112 114 116 120 123 
124 127 136 138 141 150 153 163 164 166 167 171 
176 181 186 187 191 193 197 198 208 210 212 213 
214 215 222 224 225 228 230 232 238 240 243 244 
249 253 256 258 259 262 263 269 271 272 275 278 
280 282 285 287 290 292 294 296 297 300 311 315 
319 327 334 336 337 340 343 352 361 362 371 372 
381 384 391 393 397 398 402 404 406 409 417 420 
424 427 428 429 432 434 441 443 444 445 446 450 
451 454 455 456 458 459 461 464 469 472 480 490 
495 496 501 505 514 522 523 525 526 527 530 533 
536 537 541 542 543 546 547 548 549 550 556 559 
560 561 562 567 572 573 582 584 586 590 595 597 
600 606 607 617 623 628 635 638 641 643 646 647 
650 657 659 660 664 666 667 669 672 673 674 683 
686 691 695 697 700 701 706 712 713 722 733 735 
738 739 741 742 745 747 751 752 768 771 775 781 
782 784 790 795 797 
226
4 7 12 14 15 16 19 21 22 27 33 34 
35 43 44 51 55 58 59 63 65 66 67 69 
71 72 73 79 85 86 87 94 95 98 99 102 
104 107 111 117 118 122 125 126 127 129 136 137 
139 141 142 143 144 145 149 156 157 161 166 168 
169 170 174 175 178 183 188 199 205 208 211 213 
214 219 220 227 228 229 230 234 240 242 246 247 
250 254 256 258 261 262 266 274 277 280 288 291 
299 303 307 309 310 314 318 319 321 322 325 326 
330 333 339 342 343 362 364 366 369 371 376 385 
386 389 391 393 399 401 403 404 407 408 411 418 
421 423 426 427 428 439 444 452 454 460 465 472 
473 474 478 480 485 496 497 498 508 509 511 513 
514 516 517 524 526 527 530 535 543 550 553 555 
557 558 559 561 565 568 580 581 584 586 594 596 
602 604 606 614 619 621 626 628 630 632 643 644 
645 669 671 674 682 690 692 696 697 699 707 711 
715 717 725 728 735 742 743 747 749 750 755 758 
767 775 776 783 785 786 790 791 792 794 
245
2 5 7 8 19 21 22 23 29 30 32 42 
53 58 59 61 62 71 74 75 76 79 82 85 
86 87 93 94 96 103 105 109 110 115 119 123 
130 135 144 146 148 150 154 157 158 159 160 164 
169 172 173 174 175 177 183 184 188 189 191 193 
196 200 206 214 219 223 228 230 231 233 241 242 
243 244 245 248 251 262 265 269 273 274 275 277 
281 282 283 286 295 296 301 302 306 307 316 319 
320 321 327 329 346 351 352 357 363 369 370 378 
384 394 395 397 400 416 422 425 426 429 430 436 
437 439 442 447 448 449 450 451 452 456 461 465 
466 469 471 473 476 479 481 488 489 490 501 509 
513 515 516 522 524 527 529 533 537 540 542 556 
559 561 562 563 568 571 578 579 581 585 588 590 
593 594 596 597 598 602 604 605 619 620 621 623 
627 633 634 637 639 641 644 645 646 648 649 652 
653 655 656 658 659 660 661 665 667 668 669 670 
672 675 678 682 684 685 687 688 693 699 705 706 
707 708 709 711 713 718 719 722 723 725 732 733 
738 739 741 746 755 759 761 767 777 778 782 783 
784 794 795 796 798 
241
4 10 17 18 19 26 27 29 30 35 38 39 
41 45 46 47 52 54 57 62 63 65 78 82 
85 99 100 102 103 104 105 108 110 118 125 128 
129 133 136 138 139 142 147 149 150 156 158 160 
162 163 168 176 178 184 186 187 189 190 191 197 
199 202 206 212 213 218 219 222 225 232 233 239 
240 243 248 249 253 254 263 265 267 268 274 277 
279 281 283 286 287 292 299 302 310 311 317 321 
332 336 338 340 345 348 352 354 355 358 359 360 
369 370 371 373 374 382 390 393 394 406 410 413 
414 415 416 418 420 424 432 434 435 437 441 449 
450 452 454 456 458 460 461 469 470 477 480 482 
488 498 504 511 513 515 517 521 526 527 535 537 
543 544 545 548 550 551 552 553 554 555 559 562 
564 565 566 567 568 575 577 581 584 588 591 592 
597 599 602 604 606 610 616 619 620 624 626 630 
632 633 643 645 647 648 649 650 654 655 661 664 
670 674 678 679 683 685 687 691 697 699 700 701 
707 725 727 730 731 736 738 741 746 749 751 752 
757 762 769 776 778 782 785 788 791 793 794 796 
798 
233
1 3 6 8 10 15 17 20 24 26 30 33 
36 39 41 44 47 49 50 55 57 59 62 66 
67 68 70 72 73 78 80 87 89 91 94 98 
101 106 108 110 111 121 122 126 130 134 135 136 
137 140 142 148 149 151 158 163 165 170 172 173 
176 179 183 185 194 198 199 203 208 217 222 223 
231 232 237 238 241 242 245 248 249 252 258 260 
261 267 269 271 275 276 279 281 283 284 285 287 
291 292 293 302 303 312 314 316 320 325 327 334 
335 353 355 357 362 363 370 371 372 373 374 378 
380 386 387 390 396 403 404 409 416 418 423 426 
428 429 431 432 435 440 442 454 461 462 464 467 
473 475 476 479 487 488 489 493 500 502 503 512 
513 516 519 525 529 531 532 555 563 575 577 581 
584 587 588 593 594 596 597 598 604 606 612 613 
614 615 617 618 619 621 622 623 625 628 630 636 
637 640 641 644 645 646 652 655 656 658 663 676 
679 685 687 695 700 701 705 713 715 723 725 729 
730 731 732 733 746 752 763 766 767 772 773 775 
780 781 784 793 797 
239
1 4 8 10 15 18 21 22 25 29 34 39 
40 52 54 61 62 65 68 72 73 78 79 81 
83 91 93 101 104 111 116 117 118 119 125 133 
136 137 138 139 145 157 161 163 166 170 171 172 
175 178 182 184 185 186 192 194 195 196 202 205 
206 207 211 215 217 222 224 226 227 230 233 235 
255 257 260 263 268 271 274 275 278 281 282 283 
295 300 303 305 308 310 312 313 315 317 321 324 
330 334 342 346 348 353 355 356 357 361 362 366 
367 369 371 372 373 377 378 379 387 388 389 390 
397 399 400 402 403 414 424 425 428 433 434 440 
441 442 445 447 453 454 457 458 474 475 476 478 
479 480 481 482 483 485 488 489 490 491 496 508 
509 510 511 515 516 521 523 528 531 537 540 542 
545 554 557 562 563 564 566 568 574 587 598 602 
603 604 606 610 613 614 615 622 623 628 630 631 
636 637 641 643 650 652 654 664 665 668 670 671 
672 673 676 682 683 687 691 696 698 713 714 715 
718 720 724 726 727 730 732 735 739 741 746 747 
748 750 754 767 768 770 771 783 786 794 799 
226
2 4 10 11 13 14 15 17 19 22 25 29 
30 35 37 40 49 51 53 54 59 62 63 66 
68 69 74 77 81 89 98 100 101 104 105 110 
119 123 130 131 134 137 140 141 147 158 159 161 
169 173 175 176 177 191 196 205 215 218 219 220 
222 226 232 237 239 240 241 242 257 259 270 271 
276 281 287 288 291 295 298 299 304 310 319 326 
330 332 335 337 341 342 351 353 358 362 366 367 
372 373 377 380 385 389 390 393 394 395 400 401 
402 406 408 410 414 417 421 428 431 434 440 444 
450 451 453 457 458 459 461 463 477 485 490 492 
494 495 497 498 499 500 503 512 514 515 517 518 
519 521 524 525 527 530 534 538 539 543 548 549 
552 554 558 570 573 574 575 577 581 583 591 592 
593 594 599 600 601 609 610 622 627 630 632 635 
641 642 644 646 647 649 651 652 658 659 660 665 
675 680 684 685 693 698 700 705 706 707 712 717 
722 730 731 743 745 746 751 752 754 757 760 761 
763 764 767 775 782 789 794 795 797 798 
261
5 7 9 10 12 13 16 24 27 33 34 36 
38 39 40 41 48 50 54 55 56 59 60 61 
64 74 75 78 81 82 84 86 88 91 92 98 
99 104 105 109 112 113 125 126 132 139 140 141 
142 146 149 151 161 164 165 168 170 177 184 189 
191 194 197 198 199 200 202 203 205 211 216 218 
220 223 227 233 234 236 245 246 247 250 259 260 
261 263 266 269 274 275 277 278 280 283 291 294 
307 309 310 313 314 317 322 330 339 340 342 345 
348 349 351 358 359 362 366 368 369 378 379 381 
387 390 392 395 401 408 409 414 419 423 428 429 
431 432 433 436 438 444 445 453 454 457 458 463 
464 468 469 472 474 478 481 484 486 487 488 493 
494 495 498 501 503 505 510 514 520 522 525 530 
532 535 540 545 546 547 548 550 551 553 554 555 
556 559 562 564 565 566 569 570 572 575 577 579 
582 586 590 593 594 595 602 605 612 618 628 630 
632 633 638 641 645 646 647 648 649 651 655 658 
659 664 666 670 671 673 677 679 681 683 685 687 
691 702 703 706 713 714 720 722 729 730 732 736 
740 746 747 751 754 761 764 772 783 786 787 788 
789 790 791 793 794 797 798 799 800 
228
5 6 12 13 16 21 25 28 37 38 39 40 
48 53 55 63 65 68 69 70 74 77 83 84 
86 87 91 94 102 103 104 109 112 114 116 117 
118 120 121 128 129 130 136 138 142 145 146 151 
153 154 155 160 161 165 166 169 172 173 179 180 
183 189 194 195 207 210 211 212 217 218 219 220 
222 225 234 236 238 239 242 243 248 249 250 255 
256 257 261 264 265 266 268 276 286 288 289 291 
298 305 320 322 323 325 326 330 332 333 337 339 
341 342 343 344 347 349 354 355 358 359 364 373 
375 376 377 378 379 382 384 397 398 403 409 423 
431 432 434 441 442 443 445 449 450 451 455 460 
461 476 481 485 488 490 495 496 498 514 529 530 
534 537 540 541 542 544 549 550 552 556 565 567 
570 571 572 573 576 583 590 596 597 601 603 605 
612 616 625 626 632 634 637 638 644 648 651 653 
656 660 663 664 676 682 685 687 693 695 698 699 
707 711 712 713 715 716 719 729 731 734 737 739 
746 749 753 766 771 774 776 779 785 789 796 797 
252
5 11 12 13 17 22 27 28 39 40 41 45 
56 57 61 65 72 76 83 88 89 93 95 101 
102 107 109 113 115 119 122 123 125 129 130 135 
147 148 152 153 155 157 158 164 169 171 175 177 
179 184 185 186 187 190 200 206 208 214 217 220 
221 223 226 227 230 231 232 235 237 240 251 252 
255 257 260 263 264 265 267 268 269 270 278 279 
283 287 289 291 293 297 298 300 305 309 310 313 
318 321 324 328 329 330 333 334 335 338 340 345 
348 351 355 361 362 363 365 369 372 374 381 387 
388 390 391 392 394 395 403 405 408 409 410 415 
422 426 427 430 436 450 455 457 458 459 461 464 
466 471 473 477 480 486 488 489 491 498 502 505 
507 514 517 519 524 527 528 533 537 538 558 559 
560 561 562 563 566 571 574 578 580 587 592 594 
595 597 601 605 607 608 609 610 613 614 619 621 
624 629 633 639 642 644 646 650 651 655 656 666 
669 671 672 673 674 677 678 679 680 684 686 688 
689 691 701 704 705 706 708 710 712 716 717 720 
723 727 729 730 731 736 737 739 746 752 753 754 
755 760 778 780 781 782 786 787 791 793 797 798 
262
2 3 7 9 10 13 16 20 22 25 26 30 
33 36 38 41 46 50 55 56 57 71 72 74 
75 78 82 84 88 94 97 99 100 103 105 111 
115 117 122 124 126 127 129 130 138 141 142 148 
149 154 165 167 168 171 179 182 183 184 185 187 
188 195 198 199 201 204 205 217 219 220 221 222 
223 226 228 231 233 236 237 238 239 247 249 251 
259 261 269 275 277 280 281 285 295 304 310 312 
327 330 332 334 335 340 342 343 345 346 347 349 
353 355 356 357 359 363 366 367 371 377 378 387 
395 405 408 409 410 416 417 418 419 422 425 426 
429 432 434 442 443 450 454 455 456 457 458 462 
465 466 469 471 473 475 484 488 493 494 498 500 
502 506 509 510 515 519 523 524 525 527 528 530 
535 536 540 542 543 554 562 569 572 576 578 581 
588 591 596 598 601 607 608 615 620 621 623 631 
632 635 636 637 638 643 644 648 653 656 657 658 
659 660 665 666 671 675 676 681 682 687 688 689 
692 695 697 698 699 702 708 710 713 714 716 717 
720 721 723 726 727 728 729 730 732 733 734 738 
739 741 742 745 746 752 753 755 757 765 766 768 
769 771 774 779 782 787 789 793 794 799 
249
10 15 17 19 21 25 29 32 35 38 40 41 
49 51 56 59 64 68 72 76 79 86 87 91 
101 102 105 107 121 132 133 134 135 136 138 139 
143 145 148 150 151 153 156 162 163 164 172 173 
177 179 187 188 189 190 193 196 201 203 205 208 
211 213 217 221 222 228 231 233 235 236 237 241 
242 245 248 254 259 261 264 266 268 274 276 280 
290 291 298 299 305 308 310 311 313 316 323 325 
327 328 329 335 336 341 345 346 348 350 352 360 
362 363 370 371 374 376 378 381 391 392 395 398 
400 401 403 404 408 413 416 417 418 419 424 429 
430 436 437 440 443 445 446 447 452 453 455 456 
463 464 467 473 474 479 485 491 500 505 507 511 
517 518 524 525 527 529 530 531 536 542 546 547 
549 550 553 563 564 570 572 573 574 576 579 582 
583 585 586 591 592 599 609 610 612 622 624 626 
630 632 636 637 638 639 643 644 645 650 656 657 
659 660 661 662 667 673 674 680 684 686 687 690 
692 693 697 698 703 706 710 730 732 735 737 739 
741 742 745 747 752 753 754 757 765 766 767 772 
774 779 781 782 783 790 793 798 799 
239
4 5 18 19 22 23 24 26 28 30 36 41 
42 44 46 50 53 55 63 64 66 74 78 79 
83 85 88 89 90 93 95 98 104 108 110 114 
118 119 120 124 131 135 142 143 145 151 156 157 
163 164 167 168 170 173 175 184 189 194 195 198 
199 208 212 213 217 224 226 231 232 239 242 243 
245 249 250 252 253 254 256 258 259 260 261 262 
265 268 272 273 278 281 285 286 292 313 315 317 
328 334 336 339 343 354 359 370 374 375 377 379 
381 382 384 388 392 400 406 408 409 410 411 413 
416 419 429 430 433 434 435 438 440 448 458 467 
468 474 476 477 480 481 493 495 497 498 500 510 
515 518 521 522 524 529 530 531 538 543 546 547 
550 555 560 561 562 565 568 569 570 571 574 575 
576 577 585 586 588 594 596 608 610 611 613 617 
618 619 621 622 625 630 637 653 654 656 662 663 
672 677 682 688 689 693 694 699 700 703 704 705 
708 709 710 712 713 717 718 720 725 731 732 737 
738 740 742 743 746 748 749 752 761 762 764 766 
778 782 783 784 786 789 791 792 795 796 798 
233
1 3 4 12 16 18 20 21 22 23 35 38 
39 41 43 46 48 49 54 56 68 69 74 75 
84 85 87 89 91 93 117 118 122 123 124 126 
127 129 131 136 140 145 151 153 156 160 162 165 
166 171 174 175 176 177 184 187 189 190 191 194 
206 218 219 232 233 238 240 245 246 248 251 254 
255 260 266 272 277 285 293 294 296 307 309 316 
319 322 325 328 330 332 340 347 348 353 363 367 
368 371 372 379 384 385 387 390 393 400 401 405 
407 408 409 410 411 412 413 420 422 424 427 430 
437 441 442 446 449 453 456 458 464 465 467 468 
470 473 474 484 486 487 489 491 495 497 499 500 
501 502 509 513 516 518 533 534 537 545 547 551 
552 557 558 562 564 571 572 582 587 589 592 593 
604 606 609 611 612 614 615 617 624 633 636 637 
644 647 649 655 658 660 662 664 665 668 673 678 
680 686 687 688 691 692 701 704 708 713 716 717 
719 725 726 730 731 733 735 738 741 743 744 747 
749 758 761 762 763 764 766 773 774 776 777 778 
779 786 787 793 796 
254
13 17 21 23 26 27 29 31 33 34 35 40 
41 48 53 57 65 68 72 73 81 83 90 95 
99 103 105 107 108 114 115 122 123 125 133 135 
140 144 145 146 148 149 151 160 161 162 163 166 
175 177 178 185 190 191 200 208 211 213 218 222 
225 226 230 234 236 237 241 243 247 248 249 253 
254 255 257 263 266 272 275 276 284 285 287 296 
302 304 305 306 308 312 313 314 315 316 317 318 
321 323 326 330 331 333 336 339 340 341 342 343 
345 346 347 348 352 355 356 362 368 372 377 378 
381 383 385 386 389 390 391 392 397 406 411 416 
417 418 432 433 435 436 440 443 445 446 448 451 
460 473 475 476 481 483 488 490 496 497 501 507 
508 511 513 514 516 517 519 521 525 530 536 537 
540 541 543 548 549 550 551 553 555 559 561 573 
576 579 587 588 595 597 599 601 604 607 609 611 
613 614 615 616 617 620 621 626 630 634 635 636 
640 641 653 654 656 657 663 667 669 672 673 681 
682 684 689 692 695 697 698 703 707 709 711 712 
713 714 715 718 720 727 729 730 732 733 734 748 
753 757 769 774 776 777 779 783 787 789 795 796 
798 799 
225
3 6 8 12 14 32 33 38 43 44 46 50 
51 55 60 62 66 74 75 78 81 86 92 100 
104 105 107 110 111 115 117 124 125 130 133 134 
136 140 154 155 158 159 164 167 172 179 182 183 
184 193 200 207 210 213 215 221 226 231 232 236 
240 243 244 247 249 250 257 262 265 266 269 275 
280 282 284 287 305 309 324 326 333 334 340 342 
345 347 350 354 361 363 364 369 371 372 373 375 
379 381 390 391 397 400 405 407 410 412 416 424 
428 437 441 442 445 447 449 454 458 462 466 467 
469 470 473 475 478 479 480 488 490 491 492 495 
496 505 507 511 515 516 521 523 525 533 536 537 
539 542 544 545 547 560 571 574 576 578 579 581 
582 583 589 591 599 601 602 603 607 608 610 611 
612 617 619 626 628 629 630 637 638 639 641 646 
648 649 652 654 659 660 665 669 670 672 680 682 
683 687 691 694 700 709 711 712 714 717 719 720 
724 727 728 729 730 741 745 746 747 752 756 763 
768 772 780 784 786 790 792 798 799 
258
1 2 6 7 9 10 12 15 21 23 25 27 
32 33 38 39 41 42 43 49 57 58 65 70 
71 81 82 84 85 86 89 90 93 94 100 105 
108 109 111 112 117 119 120 125 127 128 131 135 
137 138 139 143 146 148 151 164 166 171 173 177 
184 188 190 191 196 198 202 206 207 208 212 213 
215 222 223 228 232 235 236 245 246 250 255 257 
258 261 266 269 277 280 281 285 288 289 291 292 
293 297 298 303 304 306 311 313 316 323 328 331 
338 341 342 349 351 353 355 361 363 364 367 376 
381 386 387 388 390 396 403 406 408 409 411 416 
422 424 425 427 429 431 436 445 446 453 463 465 
472 475 476 477 479 483 490 491 494 499 500 502 
505 506 509 511 515 518 528 530 532 537 538 540 
544 546 547 551 554 555 556 557 558 560 562 563 
565 567 568 572 573 574 580 583 586 588 589 593 
594 599 601 609 611 613 615 616 621 622 623 629 
632 637 638 639 647 648 654 658 669 670 671 672 
674 679 682 686 687 689 691 694 696 697 699 701 
705 712 714 715 719 723 727 728 730 734 735 736 
738 741 743 745 746 747 751 759 763 767 768 771 
778 782 783 787 797 800 
246
1 4 7 13 16 18 22 24 33 35 42 44 
47 58 59 60 62 67 72 73 76 77 79 81 
82 87 88 101 104 105 110 114 115 116 118 125 
126 130 140 141 143 145 151 153 156 157 159 161 
164 166 170 172 175 179 181 185 186 190 192 193 
200 206 208 210 212 213 214 215 216 217 223 227 
228 237 240 241 242 245 246 251 257 260 262 263 
265 267 268 274 278 281 283 285 291 294 297 300 
305 308 313 315 316 318 319 321 335 337 338 340 
343 345 349 350 351 354 362 363 370 376 377 381 
384 387 389 392 393 397 409 410 411 412 416 418 
421 422 424 435 436 441 444 451 455 464 466 467 
469 470 475 478 480 482 484 487 488 492 498 500 
501 505 506 510 518 522 528 530 531 547 549 552 
554 555 557 559 564 570 573 574 586 592 593 594 
595 597 598 601 606 608 624 630 631 632 633 634 
639 640 643 647 653 654 658 659 661 668 683 686 
687 689 692 694 696 698 702 703 704 706 713 718 
720 721 722 728 731 732 733 735 738 741 742 743 
745 746 748 756 758 763 764 769 770 773 777 780 
784 789 790 795 798 800 
228
2 3 6 9 13 15 18 23 28 29 31 39 
41 45 47 48 51 52 55 59 64 65 73 75 
76 82 83 84 85 86 96 99 103 106 109 116 
119 121 126 129 130 133 139 140 144 147 148 149 
151 152 155 156 162 163 166 168 177 179 183 188 
191 194 195 196 197 203 205 207 209 213 219 222 
229 231 234 236 238 240 242 247 254 257 259 262 
264 267 268 277 287 289 297 302 307 308 310 313 
318 319 331 332 334 335 338 339 343 346 349 351 
353 359 365 372 373 374 383 386 389 391 394 395 
396 397 401 402 405 406 411 416 418 419 420 424 
427 434 447 452 455 457 458 462 466 472 474 485 
487 490 494 495 496 506 507 511 512 514 517 521 
529 532 534 540 541 543 545 546 547 556 557 563 
564 572 576 581 583 585 590 600 603 612 617 623 
627 629 630 631 639 647 651 652 655 656 659 660 
661 664 665 667 675 677 682 686 688 697 699 704 
707 709 720 730 731 741 745 747 749 751 754 757 
763 764 767 777 779 782 786 787 789 790 792 796 
248
1 4 7 8 10 21 23 26 27 29 30 31 
32 36 38 39 40 42 44 47 48 49 50 51 
54 55 56 65 71 72 78 79 80 89 92 94 
95 98 99 100 101 104 106 111 115 121 127 132 
135 138 142 145 147 150 151 153 154 156 157 160 
167 170 175 181 183 186 187 200 201 210 211 219 
220 222 225 228 234 237 242 245 248 249 254 255 
262 267 272 273 279 281 287 289 296 298 299 300 
302 303 304 306 309 311 312 319 325 328 333 335 
336 338 340 343 346 347 350 354 356 357 359 361 
362 363 371 375 378 380 382 390 393 395 396 398 
407 409 412 414 418 419 421 423 424 425 427 429 
436 439 445 447 456 457 458 459 460 466 469 473 
476 477 479 487 493 495 498 500 509 514 518 520 
530 542 553 557 562 563 569 577 578 581 582 583 
585 586 587 591 593 594 598 600 605 607 609 615 
617 618 620 621 622 624 625 626 627 628 630 632 
640 643 648 652 654 657 658 660 669 671 679 684 
688 695 699 702 706 707 711 712 718 720 729 731 
736 737 740 749 750 751 755 762 763 765 766 769 
774 784 785 787 791 796 799 800 
241
2 7 18 19 21 23 27 30 32 35 39 42 
47 53 57 62 63 67 73 74 81 83 84 89 
91 94 95 96 97 99 100 102 106 111 113 114 
115 120 131 136 138 143 150 169 173 177 182 185 
186 189 193 195 196 201 211 221 226 229 232 236 
241 242 246 249 253 254 257 258 261 262 263 266 
267 268 271 272 275 293 295 302 303 304 305 306 
307 308 314 315 318 319 321 323 326 328 329 331 
337 339 342 343 348 350 354 355 361 372 377 381 
388 391 394 396 397 398 399 402 404 406 411 414 
420 422 425 433 434 438 440 441 446 455 457 459 
467 470 473 478 482 483 488 491 493 501 502 506 
512 513 518 521 524 531 532 534 535 536 541 543 
550 552 554 560 561 563 564 565 567 570 572 577 
582 585 587 588 590 593 594 595 598 602 603 606 
607 616 619 620 630 631 638 640 643 646 648 651 
652 656 658 660 661 666 673 674 675 688 690 691 
692 702 704 705 706 708 710 720 721 724 726 727 
730 735 737 739 740 741 743 745 748 758 761 762 
767 772 775 776 779 783 784 787 789 791 792 795 
797 
229
5 27 29 30 37 38 39 40 43 44 53 55 
57 62 63 68 69 73 74 77 82 83 84 85 
86 101 104 108 110 116 119 126 127 133 135 141 
144 146 153 155 157 158 162 168 171 173 176 178 
180 183 190 196 202 204 208 210 211 212 213 214 
224 225 227 228 237 247 250 253 255 257 270 271 
272 273 277 278 284 286 290 294 296 300 305 321 
322 324 330 334 335 338 352 356 360 362 363 368 
371 372 373 374 377 382 385 392 397 399 404 405 
414 415 418 419 420 423 426 428 434 436 442 445 
448 449 450 457 463 470 474 477 487 489 493 500 
504 508 510 511 512 515 516 517 520 522 523 526 
529 534 536 544 554 558 562 564 566 568 569 573 
582 583 584 586 594 595 598 600 601 603 604 609 
614 615 618 621 623 624 626 627 628 633 641 642 
646 650 652 661 663 664 667 669 670 672 674 685 
688 690 694 696 698 705 712 713 715 717 721 723 
724 725 726 731 737 744 746 750 751 752 755 756 
758 759 769 770 772 773 780 783 786 791 793 795 
798 
245
2 4 5 6 8 10 11 12 13 15 20 21 
23 24 26 27 40 41 43 44 45 54 56 62 
69 75 76 77 81 82 89 90 94 95 97 99 
102 106 107 116 121 122 125 127 128 139 140 141 
143 150 151 157 159 163 165 166 168 174 177 180 
183 185 187 193 198 201 202 206 209 210 211 213 
214 216 222 223 224 228 229 231 250 255 256 259 
261 262 263 272 275 277 283 285 286 287 289 293 
297 298 301 302 303 305 311 318 320 321 326 330 
332 333 338 345 346 347 348 351 352 353 356 359 
360 364 371 372 373 382 384 388 390 397 400 402 
403 414 415 416 418 420 426 427 430 432 437 440 
446 448 449 463 473 474 475 476 478 480 481 485 
487 493 495 496 503 505 513 519 522 525 526 530 
534 535 543 544 549 550 551 552 557 560 568 573 
576 580 582 584 585 589 594 599 604 609 613 620 
621 622 627 628 629 631 632 640 643 644 645 647 
652 653 658 661 671 673 676 682 683 684 686 688 
693 696 698 699 701 702 713 717 718 719 720 723 
728 732 736 739 740 742 744 745 746 751 759 775 
781 786 788 792 793 
250
8 10 16 18 25 32 33 35 36 37 38 39 
43 46 48 50 56 60 63 64 67 68 69 77 
81 82 83 87 91 97 100 101 105 106 107 108 
109 110 116 118 119 120 121 124 127 129 133 135 
140 141 142 146 148 151 152 153 154 159 160 162 
164 165 168 171 173 177 184 189 192 195 196 202 
207 211 212 213 218 221 224 228 229 232 242 248 
249 253 254 256 260 266 268 270 271 275 284 288 
289 291 293 296 298 299 303 307 315 319 322 328 
329 330 334 338 342 343 344 348 353 354 356 365 
373 375 377 378 384 385 387 389 391 394 395 400 
404 407 410 411 417 424 427 428 431 435 440 441 
442 444 445 448 450 466 469 470 474 480 483 487 
490 493 494 495 496 499 503 505 509 510 512 513 
514 515 516 527 529 535 536 539 541 547 548 550 
553 557 558 564 565 569 570 573 574 575 578 580 
596 600 602 605 608 610 611 623 630 632 633 637 
639 640 647 650 651 653 656 658 659 661 666 671 
673 680 683 684 689 690 700 701 702 708 709 715 
718 720 725 727 728 734 735 737 743 747 748 751 
753 758 759 767 769 772 781 783 785 795 
222
6 7 10 11 15 18 20 23 25 29 33 42 
43 44 45 51 54 55 56 62 67 69 71 79 
80 91 92 101 103 104 109 111 112 115 122 125 
129 135 138 144 145 147 154 161 162 165 172 181 
182 184 187 189 191 192 196 200 201 202 205 206 
208 210 211 212 217 219 221 232 235 244 247 259 
266 267 269 280 282 285 289 291 292 294 301 302 
307 313 320 331 332 334 336 341 343 345 353 359 
363 367 368 374 378 381 382 385 395 396 397 398 
400 401 404 409 410 411 421 423 429 431 433 435 
440 442 445 446 453 461 468 471 474 476 477 483 
491 496 507 508 510 512 524 525 528 529 540 542 
543 544 545 555 559 565 568 572 574 583 588 592 
593 595 601 606 607 608 612 613 615 617 621 622 
634 638 640 649 654 657 660 662 664 667 668 670 
673 678 679 684 695 696 697 699 701 704 705 706 
709 714 716 717 724 725 726 734 740 742 746 747 
749 754 755 756 757 759 760 761 763 766 771 778 
782 788 793 795 796 800 
257
4 7 8 10 13 25 26 28 32 37 38 41 
48 49 51 54 55 56 64 66 69 72 74 79 
87 88 91 93 96 98 101 105 113 115 116 118 
119 122 124 125 126 135 137 138 139 140 142 143 
144 145 147 148 151 156 157 158 160 164 165 168 
169 170 171 173 174 179 180 181 184 185 187 189 
190 191 193 194 204 207 212 216 220 227 229 232 
236 239 240 242 245 247 248 251 252 253 254 255 
261 262 267 268 269 270 274 283 284 285 286 288 
298 300 307 311 315 320 322 324 331 339 343 346 
353 357 358 362 365 369 370 376 383 384 387 389 
396 397 401 410 413 417 425 431 435 436 439 441 
443 448 450 451 457 458 461 467 468 470 471 473 
474 475 476 480 482 492 498 499 501 503 505 506 
508 509 512 515 517 518 524 525 526 531 534 537 
541 542 554 556 559 561 564 569 570 571 588 590 
593 596 597 603 607 608 620 624 632 637 638 648 
649 653 660 665 668 669 670 675 677 678 679 680 
683 686 688 691 698 700 701 703 708 710 713 714 
715 717 722 723 729 731 743 745 749 756 757 758 
760 761 764 770 773 775 780 782 783 784 786 787 
789 791 793 794 800 
237
11 17 20 26 27 28 35 36 38 44 46 48 
53 56 57 59 61 77 79 92 94 96 101 102 
104 106 107 108 109 110 112 116 123 125 130 131 
132 134 135 136 138 140 147 151 155 156 160 161 
164 179 180 181 182 184 186 191 194 195 198 201 
203 204 206 207 210 214 218 219 221 222 224 229 
236 237 238 241 246 251 252 256 258 259 262 264 
266 268 270 272 275 280 284 288 291 293 294 299 
302 305 310 312 315 323 329 332 338 340 342 346 
348 353 354 356 361 363 364 366 367 370 371 378 
379 383 389 390 392 395 398 405 412 413 417 421 
430 436 440 441 445 446 447 451 452 462 464 471 
475 480 481 482 483 486 493 494 496 497 499 501 
503 507 513 514 517 527 528 533 534 537 540 541 
543 554 560 562 574 576 577 585 586 588 595 596 
597 598 599 601 602 604 607 614 618 621 622 624 
632 646 650 652 656 657 659 660 667 668 669 670 
671 675 685 690 700 702 703 704 707 710 717 720 
721 722 727 728 732 734 735 737 741 744 746 750 
757 765 767 770 774 778 790 792 799 
248
7 8 13 16 19 21 22 24 25 29 30 31 
34 36 39 41 43 46 49 54 62 64 66 70 
71 77 81 82 85 87 91 98 100 104 108 114 
119 120 122 125 126 129 133 137 141 144 147 148 
155 157 165 166 172 174 176 178 181 186 188 189 
201 203 204 214 215 216 222 226 228 232 234 235 
239 241 242 245 246 247 248 249 252 257 258 262 
265 273 274 276 278 282 283 288 291 293 298 300 
301 303 306 309 311 313 315 318 322 327 335 338 
345 353 354 358 359 360 363 369 373 374 376 378 
379 388 390 391 392 394 399 403 405 409 417 418 
421 424 426 428 432 434 436 439 441 442 446 452 
462 463 469 471 472 473 480 483 484 488 493 496 
497 508 511 514 515 516 517 524 528 536 537 539 
540 543 549 552 553 556 557 561 565 566 567 569 
571 574 576 579 584 587 593 595 596 600 607 612 
621 622 624 627 629 633 641 648 654 661 662 664 
666 668 670 671 672 675 684 685 686 691 692 698 
700 702 703 704 708 710 712 716 720 721 727 728 
731 736 737 739 741 746 747 751 753 760 763 765 
767 771 774 775 777 780 791 799 
246
6 14 16 19 25 27 31 32 35 50 57 60 
61 65 66 67 72 74 76 77 78 85 87 89 
91 92 93 94 95 96 99 101 103 107 109 111 
117 120 125 129 135 137 143 145 146 147 149 158 
161 168 171 174 175 183 185 194 201 203 207 209 
218 219 221 226 227 228 229 230 231 234 237 238 
241 245 246 247 248 255 256 258 261 263 264 267 
271 272 282 283 285 286 288 289 290 294 297 299 
305 307 309 311 312 313 318 319 320 321 323 324 
327 337 342 346 349 350 352 357 360 363 368 372 
374 377 378 379 383 386 396 399 400 406 408 409 
410 417 420 421 423 429 433 434 439 440 448 449 
450 453 454 455 456 457 460 464 469 471 479 483 
484 486 493 510 511 513 515 517 521 522 523 539 
543 548 560 562 563 567 570 572 574 577 578 585 
586 598 602 604 607 616 617 621 622 627 631 632 
636 639 642 647 655 656 658 664 667 670 671 673 
674 675 676 677 680 685 688 691 698 699 702 705 
706 707 715 717 721 729 730 732 734 735 738 740 
748 753 754 760 764 765 766 769 771 774 776 780 
785 786 793 795 796 797 
267
6 10 11 14 17 18 20 21 25 26 27 33 
35 36 41 43 50 53 57 60 62 66 72 73 
76 77 79 80 84 88 89 90 91 93 95 96 
97 98 102 104 106 108 114 115 119 127 128 131 
132 139 141 148 150 152 157 158 159 162 164 165 
168 175 176 189 191 192 193 198 202 204 207 208 
209 211 214 215 229 230 236 237 239 241 242 243 
244 248 250 251 252 253 257 264 269 270 276 279 
280 285 290 294 295 296 297 301 304 305 307 309 
317 318 322 323 335 336 337 339 341 345 348 350 
351 356 359 366 370 371 372 374 377 379 380 382 
390 392 393 395 396 399 402 407 410 417 418 429 
430 434 436 446 447 448 450 454 455 459 465 466 
469 471 473 476 478 480 486 487 488 494 497 498 
507 509 510 511 512 518 519 523 524 526 528 531 
532 534 541 546 549 550 551 555 556 559 560 561 
563 564 567 570 572 574 579 584 589 590 592 593 
596 603 604 610 613 615 620 626 633 634 638 641 
642 643 649 651 659 660 661 666 670 682 683 686 
688 689 694 695 699 702 707 711 714 718 724 725 
728 734 736 738 739 743 744 748 750 751 753 757 
759 761 763 766 768 771 772 782 784 788 789 790 
796 797 799 
245
3 6 9 12 18 20 22 33 38 40 46 48 
50 61 62 68 72 78 79 82 85 90 91 92 
99 102 108 114 116 121 123 124 128 137 139 140 
146 147 148 149 150 154 161 164 174 184 191 193 
194 198 201 207 211 213 219 220 223 224 226 229 
230 231 235 236 237 244 251 254 256 262 269 271 
276 280 282 283 285 290 291 293 295 300 306 309 
311 312 314 319 320 322 323 328 329 336 337 338 
345 346 347 349 352 354 356 358 359 360 361 367 
371 372 373 374 375 380 385 388 389 391 394 397 
400 401 403 407 408 411 412 414 417 420 426 433 
434 438 442 452 456 458 462 469 472 474 475 478 
480 481 483 484 486 487 488 490 492 493 499 500 
501 507 509 510 511 512 513 520 521 522 526 528 
529 536 543 548 555 556 558 559 561 565 568 569 
573 575 577 579 580 588 593 596 601 605 613 617 
630 631 634 643 644 645 646 647 650 654 655 658 
659 660 662 667 680 681 684 685 691 692 696 699 
700 701 703 708 711 717 721 725 730 734 737 738 
740 743 747 748 750 753 757 766 772 773 784 788 
789 791 792 796 798 
249
1 6 7 9 10 18 20 22 23 25 26 27 
31 32 34 40 45 46 47 48 50 62 63 64 
68 72 74 77 83 85 86 88 89 93 96 101 
107 109 111 116 124 125 129 132 138 140 148 151 
153 156 160 161 165 169 170 177 183 186 187 188 
189 191 192 194 195 196 197 198 202 209 212 216 
219 223 225 228 232 233 235 241 248 251 254 255 
257 263 264 274 276 282 284 286 287 289 291 296 
297 298 299 300 303 305 307 309 312 314 319 321 
323 329 330 331 332 334 337 338 339 342 344 346 
349 353 358 365 369 373 376 380 383 385 386 388 
389 393 399 403 404 410 413 415 420 424 431 435 
438 449 454 459 462 463 465 467 468 472 476 477 
482 489 490 494 497 502 505 506 513 514 515 523 
526 538 540 547 549 556 561 562 564 566 568 569 
572 573 576 581 589 590 591 592 593 601 602 604 
606 609 615 617 628 629 630 635 642 644 646 647 
651 652 656 659 660 666 668 677 678 679 683 686 
689 690 692 697 698 699 703 708 718 720 721 722 
724 728 730 731 733 746 747 749 750 754 759 764 
765 767 768 776 783 784 790 799 800 
241
1 15 18 19 23 24 26 27 28 30 34 40 
42 44 52 64 65 68 71 73 74 81 82 89 
90 94 98 101 103 108 110 112 115 117 118 123 
124 125 126 128 129 134 135 136 137 139 145 152 
153 155 156 161 162 163 165 167 168 174 177 179 
184 187 192 196 203 205 208 210 223 225 228 230 
232 233 237 242 243 244 247 251 253 254 257 258 
260 263 266 267 274 275 277 278 279 282 290 296 
298 303 304 306 307 309 311 312 322 323 329 332 
342 375 377 380 386 396 398 400 402 404 411 412 
413 415 421 428 429 432 433 434 436 437 439 442 
447 449 450 451 462 464 466 467 471 472 474 478 
480 483 486 491 494 496 500 501 502 505 506 507 
520 521 525 532 536 538 540 543 549 561 564 565 
568 573 580 585 586 589 591 593 594 596 597 598 
601 610 617 619 621 623 625 630 631 633 638 640 
642 645 648 649 652 653 654 663 664 668 669 680 
685 687 688 691 701 704 710 713 716 718 720 722 
726 730 731 733 737 740 741 742 743 752 753 757 
758 770 772 775 776 786 787 788 790 791 798 799 
800 
249
5 7 10 11 12 13 17 21 24 25 28 39 
44 48 51 57 62 66 75 77 78 83 90 93 
94 97 102 106 107 108 114 117 119 127 136 137 
148 151 153 160 169 170 171 173 177 179 185 186 
191 192 193 200 201 202 203 204 206 211 219 221 
224 226 227 232 239 241 242 246 249 257 260 261 
265 272 275 279 280 281 284 290 292 294 295 302 
304 309 311 313 315 316 322 325 326 327 328 331 
337 343 344 345 347 352 356 357 358 359 362 363 
369 370 373 374 375 377 379 382 384 386 389 392 
394 398 402 405 408 409 425 435 439 441 442 445 
446 447 450 452 453 456 457 463 464 465 471 475 
476 479 481 482 486 489 490 494 496 505 507 509 
510 517 518 523 527 531 533 534 536 540 542 543 
546 551 553 559 563 566 567 575 579 582 596 599 
603 604 605 608 609 610 611 612 614 615 616 623 
630 634 637 640 642 644 648 650 653 654 662 664 
666 671 679 687 692 698 699 703 705 712 713 714 
716 718 721 722 724 727 728 730 731 733 737 739 
740 745 746 747 758 759 761 764 766 767 770 771 
782 789 791 794 795 796 797 798 799 
256
5 7 13 16 17 18 21 23 24 26 30 36 
38 40 41 50 53 54 58 63 64 65 70 71 
75 78 84 85 87 92 95 100 103 105 106 109 
110 115 116 117 118 120 121 123 127 129 130 139 
141 142 145 146 149 157 165 174 175 177 179 185 
186 193 198 200 204 209 210 212 214 217 219 235 
237 241 242 247 261 264 267 268 270 274 281 284 
287 296 297 300 305 307 308 310 312 313 317 323 
334 336 337 338 340 343 344 347 348 349 350 352 
357 358 360 362 363 365 367 368 370 374 379 380 
389 390 391 402 404 405 406 407 410 413 414 422 
423 427 428 430 432 435 441 442 445 449 451 452 
460 465 466 467 470 471 472 474 478 479 482 483 
488 490 494 495 496 499 500 506 508 509 510 516 
518 519 521 528 532 533 535 540 541 542 543 548 
549 550 551 552 553 555 557 567 569 571 573 574 
578 581 586 587 588 595 602 606 607 609 620 631 
633 637 644 646 652 654 657 658 660 661 663 667 
669 670 674 677 680 683 687 689 696 703 704 715 
725 726 727 729 730 732 733 734 737 740 741 742 
743 745 746 748 750 754 774 777 779 781 783 785 
794 796 799 800 
242
11 15 17 23 25 30 31 38 40 42 44 46 
47 48 49 70 74 86 88 89 90 93 94 98 
99 102 106 107 111 112 114 122 125 131 132 133 
136 138 140 143 155 158 160 164 165 173 174 175 
178 187 188 191 193 194 199 208 212 215 217 221 
223 224 226 234 235 236 241 244 250 251 259 260 
263 265 268 276 277 286 290 298 299 307 310 316 
317 322 324 330 338 339 341 348 349 351 353 360 
362 367 371 372 375 376 377 378 381 383 385 389 
391 394 396 397 399 401 406 413 420 422 424 432 
433 434 435 436 437 445 447 454 458 460 466 476 
477 478 481 482 483 487 488 490 495 500 501 506 
508 511 512 513 516 518 522 523 524 526 529 531 
534 538 540 541 542 546 547 548 552 556 557 564 
568 571 575 578 588 592 597 603 607 610 614 616 
621 623 626 631 633 634 635 638 643 645 646 651 
652 655 656 657 659 663 665 670 671 685 690 694 
696 697 698 701 706 707 711 715 720 722 725 727 
728 729 732 737 738 743 745 747 752 754 758 760 
761 762 763 766 770 783 785 786 787 789 791 793 
794 795 
247
3 6 16 23 26 27 29 30 44 45 48 52 
55 56 74 76 79 86 87 88 89 94 99 103 
106 108 110 115 116 119 120 121 122 126 131 136 
138 139 142 147 151 153 154 155 158 160 162 163 
166 169 172 177 178 184 196 197 211 212 213 225 
229 231 232 233 238 240 241 242 245 250 251 253 
255 257 259 264 272 275 276 277 278 280 285 287 
289 292 296 299 305 310 311 315 316 318 323 325 
330 335 337 339 344 345 346 347 349 351 354 355 
356 357 358 359 361 366 367 369 370 373 382 384 
388 391 393 397 401 404 406 407 410 416 420 423 
431 434 435 436 443 444 445 447 449 451 455 457 
459 462 465 466 469 470 471 473 474 475 478 479 
482 486 489 492 501 506 509 511 515 518 527 532 
534 537 542 543 545 548 557 563 568 570 572 574 
578 580 582 584 590 593 594 596 599 602 606 612 
613 619 620 622 623 628 631 632 638 639 640 643 
644 645 647 649 650 654 662 664 665 673 685 687 
689 695 700 709 711 712 720 722 727 729 731 732 
733 736 740 741 747 748 749 750 755 758 763 764 
784 785 787 791 793 795 798 
257
2 5 6 10 12 15 18 20 23 25 26 27 
28 31 34 37 42 43 47 51 53 58 62 64 
67 69 75 83 84 85 89 94 97 100 104 109 
111 112 114 116 118 120 125 126 127 129 134 139 
144 146 150 151 155 159 160 161 163 164 165 168 
170 172 179 182 183 189 191 202 203 206 209 214 
216 217 222 224 227 230 231 233 239 242 245 246 
247 252 253 255 256 262 264 271 274 275 283 287 
290 291 293 298 303 306 310 311 312 315 326 327 
330 336 339 342 345 353 354 355 357 359 361 363 
364 366 373 378 379 390 392 395 396 397 398 400 
401 411 416 418 419 420 425 426 430 434 436 438 
443 445 446 447 448 456 473 474 476 480 483 486 
487 488 492 497 498 501 502 504 505 506 508 512 
516 518 520 521 524 527 535 538 543 547 548 550 
555 560 562 569 572 574 578 581 592 595 599 600 
603 605 607 608 609 613 620 621 629 633 646 655 
659 661 663 665 666 667 669 671 672 674 675 679 
681 684 685 686 687 688 692 695 696 698 701 702 
711 715 719 720 724 725 730 731 739 740 741 742 
743 746 749 753 756 775 776 783 788 789 790 791 
792 793 794 797 799 
222
5 8 12 13 17 19 20 29 31 33 35 37 
44 45 46 48 53 58 67 69 73 75 80 82 
83 93 96 98 101 103 104 110 111 115 117 123 
125 130 131 133 138 139 143 152 157 158 161 167 
168 178 180 184 190 194 204 205 206 208 209 214 
218 220 227 230 232 238 240 241 243 246 247 250 
252 253 258 261 266 268 269 273 283 289 290 291 
293 298 300 305 311 312 313 314 319 321 325 339 
341 342 347 349 354 357 359 365 367 371 372 375 
378 385 390 391 393 394 400 411 413 419 422 423 
426 428 431 437 439 443 456 463 476 479 481 486 
492 493 497 499 501 502 503 507 510 511 518 525 
528 532 537 540 541 554 557 562 566 567 572 573 
576 579 586 595 596 597 604 607 608 611 615 616 
621 625 628 629 636 639 640 642 643 645 646 648 
652 655 656 657 660 671 676 678 681 682 687 689 
693 695 701 702 706 708 716 722 725 727 728 732 
733 740 742 746 747 750 753 762 763 764 770 774 
775 778 782 784 794 797 
210
7 15 16 23 27 29 32 36 39 41 43 46 
47 48 50 52 55 56 58 61 64 69 75 76 
80 83 89 94 101 106 107 113 125 126 133 140 
142 146 149 150 152 158 162 165 169 172 174 178 
183 186 189 190 197 204 208 210 219 222 224 225 
228 229 230 232 239 240 248 252 253 254 259 262 
264 266 270 271 273 279 282 293 295 304 306 315 
318 322 326 332 337 340 344 361 363 364 370 373 
377 384 385 391 400 402 403 404 405 408 412 413 
420 421 426 428 430 436 439 441 445 450 457 458 
460 465 469 485 492 496 497 511 514 518 519 523 
528 530 544 545 546 549 550 553 555 556 562 563 
565 567 591 599 600 603 605 608 611 618 619 620 
624 625 632 635 636 646 649 650 655 659 662 665 
666 667 669 673 674 676 679 681 682 685 688 694 
695 697 704 709 712 714 718 724 725 730 732 733 
739 747 749 750 754 758 759 765 766 768 772 778 
779 782 785 789 790 792 
239
1 2 5 7 10 15 16 17 18 21 27 28 
29 34 36 39 55 57 58 60 61 62 64 66 
68 70 78 80 85 86 88 93 97 99 100 102 
103 106 110 112 116 121 122 125 127 128 130 133 
136 140 141 142 144 150 152 157 161 165 166 169 
171 173 176 184 188 190 193 196 209 214 219 222 
223 229 236 238 239 246 247 254 259 260 263 272 
275 276 278 280 287 290 291 292 293 295 296 299 
301 302 304 306 308 313 322 323 326 329 332 338 
339 340 341 344 349 350 352 354 358 362 364 369 
382 385 391 392 404 407 409 413 418 423 424 429 
434 437 440 441 446 448 449 451 453 462 464 472 
479 487 501 502 506 508 517 518 521 522 524 527 
528 532 534 539 541 542 547 548 551 557 558 559 
560 561 564 568 572 581 582 583 585 587 588 589 
590 592 593 597 599 605 607 608 611 614 620 628 
631 634 635 637 641 642 644 656 658 661 666 668 
669 670 671 677 679 680 684 686 697 700 702 704 
707 708 714 715 721 726 728 734 737 741 744 748 
750 752 754 757 760 762 773 778 782 783 798 
230
4 5 9 10 11 12 13 19 20 23 25 28 
30 31 34 35 40 41 42 43 45 51 55 58 
67 69 77 79 81 83 85 87 98 99 100 101 
102 104 105 110 123 125 126 128 129 132 133 134 
136 137 152 153 154 157 159 160 163 166 168 169 
172 173 175 178 179 181 183 201 202 208 209 213 
220 222 225 228 236 241 244 249 250 254 255 264 
265 266 267 269 271 273 279 282 283 286 287 291 
293 295 297 302 304 305 306 307 318 326 329 330 
334 335 339 342 348 353 354 362 365 373 377 379 
385 396 400 411 418 419 422 424 431 432 434 437 
438 439 443 446 449 454 462 464 472 474 475 477 
481 490 491 493 505 511 515 516 524 527 539 541 
543 545 548 549 553 554 557 561 567 568 569 571 
575 576 587 589 594 595 597 600 602 603 605 606 
609 614 615 617 620 622 630 631 632 638 641 652 
657 659 660 662 665 672 674 678 679 685 688 690 
691 692 695 701 705 706 709 711 717 720 723 727 
728 732 738 743 749 750 760 763 775 781 785 788 
790 795 
248
2 5 7 12 22 26 27 30 34 35 36 39 
42 44 51 53 58 61 67 68 69 71 75 79 
84 85 87 90 95 96 106 112 114 119 122 125 
126 127 130 134 137 140 143 147 149 151 152 160 
164 168 169 170 174 184 189 194 197 205 210 213 
214 215 219 220 221 225 228 229 232 240 241 242 
245 247 250 252 256 266 275 278 281 290 291 302 
303 305 327 328 331 332 334 335 339 340 344 345 
346 351 354 359 361 365 366 372 373 375 379 380 
382 383 384 385 386 389 390 391 400 401 404 406 
407 408 410 414 416 427 428 431 432 436 443 447 
449 450 454 455 456 458 460 464 469 470 474 475 
478 480 485 487 488 489 490 496 507 509 514 515 
516 517 520 524 527 528 531 532 538 540 541 543 
544 546 548 549 550 551 552 559 560 561 565 566 
576 580 583 585 589 592 594 596 599 600 604 608 
615 616 617 619 622 631 632 634 639 644 645 648 
649 658 661 670 672 674 676 678 679 680 692 693 
697 700 702 704 707 711 714 717 719 722 727 731 
734 736 738 744 747 748 749 750 751 754 759 763 
765 766 770 771 783 789 790 793 
258
3 5 8 19 23 24 27 30 32 37 45 47 
48 50 53 55 56 58 63 64 69 73 75 76 
84 90 91 95 96 97 98 99 101 102 112 120 
122 129 130 134 135 138 139 140 143 144 151 157 
158 162 165 169 173 176 177 182 183 186 188 197 
200 216 217 220 222 223 224 226 237 238 242 243 
244 245 246 248 253 263 264 266 268 272 274 275 
277 278 280 281 282 283 284 285 288 289 290 293 
303 313 315 317 318 323 328 335 336 338 340 346 
349 350 356 362 369 370 375 382 383 387 393 394 
400 401 402 403 405 407 408 411 412 413 415 416 
418 422 423 424 427 430 432 433 444 452 459 461 
465 467 479 484 486 487 491 494 498 500 505 506 
510 511 513 517 520 521 523 524 526 528 529 532 
534 536 538 539 541 549 552 558 563 566 567 569 
570 571 574 581 583 585 586 588 589 590 591 592 
593 596 598 600 602 603 607 608 611 617 627 631 
642 645 647 650 651 656 658 659 671 673 678 686 
688 690 692 695 699 702 703 707 709 710 715 716 
723 725 734 736 738 743 745 746 748 749 753 754 
756 758 762 767 768 772 773 775 777 779 780 782 
786 788 789 790 793 794 
233
1 4 5 12 14 16 17 23 24 30 32 35 
49 56 58 63 65 66 67 69 71 73 74 83 
86 87 89 92 126 128 132 140 142 144 149 151 
154 157 158 159 163 164 165 167 168 172 175 177 
182 183 186 187 188 190 191 198 202 206 208 209 
210 213 215 221 222 228 231 233 234 246 251 252 
253 256 258 260 265 268 272 273 279 283 284 287 
295 296 298 300 303 309 312 313 317 319 322 323 
324 326 327 329 330 336 342 346 348 350 352 355 
361 364 373 374 379 380 398 407 412 420 423 424 
425 428 430 432 438 440 441 445 447 448 450 451 
455 457 458 459 462 465 466 468 478 484 492 498 
501 503 508 510 522 523 525 532 535 536 543 546 
548 553 556 558 559 566 568 574 575 576 579 581 
583 585 589 590 591 597 604 610 613 616 617 620 
623 630 633 644 645 646 649 652 653 656 658 662 
663 664 667 670 671 674 681 683 689 691 693 702 
704 713 719 724 729 731 735 736 741 742 746 748 
749 750 752 755 760 761 767 769 770 783 787 789 
794 796 797 798 800 
237
1 8 10 13 15 17 18 22 25 26 28 30 
37 39 46 49 51 53 58 64 65 68 69 70 
76 77 86 93 94 98 105 106 107 108 109 115 
117 119 120 121 123 130 135 138 139 140 143 144 
148 155 157 159 167 173 175 181 183 194 195 197 
199 201 202 203 204 206 207 212 214 223 224 232 
236 239 244 245 258 259 270 275 278 279 281 282 
283 286 288 293 295 298 299 300 306 307 314 323 
324 328 330 333 337 341 344 348 350 352 353 358 
360 368 371 385 386 391 398 401 414 421 425 433 
441 446 447 452 453 455 458 459 461 467 469 474 
477 489 492 493 494 496 498 499 500 503 509 515 
516 529 531 540 544 549 551 555 561 562 563 565 
571 576 577 579 582 586 589 591 592 595 596 599 
606 608 610 613 616 619 627 629 634 636 637 639 
640 641 644 648 649 662 664 667 669 671 672 677 
679 681 682 683 684 687 688 692 693 696 700 703 
706 714 717 720 726 727 729 730 734 735 736 740 
758 760 763 767 769 770 773 775 776 777 778 779 
780 782 786 787 790 792 796 799 800 
259
3 4 5 6 7 8 10 11 15 19 24 26 
29 30 34 37 40 41 42 51 53 60 75 77 
82 83 93 96 98 99 100 107 112 113 114 117 
124 125 135 139 142 152 156 157 158 163 167 169 
170 171 177 181 183 187 189 191 199 203 207 217 
223 231 232 233 235 241 258 263 265 266 267 270 
272 274 277 281 283 286 292 293 295 296 297 304 
308 315 321 324 327 328 329 332 335 341 342 343 
345 346 349 351 353 355 365 367 370 371 373 382 
383 390 392 394 396 397 399 401 402 403 405 406 
408 410 415 417 421 422 424 436 437 442 448 450 
453 457 461 463 464 465 468 469 470 471 472 477 
480 487 490 493 501 504 509 510 512 513 515 518 
519 520 521 529 533 535 536 541 542 545 550 551 
557 562 563 566 567 574 576 583 585 590 592 594 
597 598 601 602 604 614 617 618 619 621 624 626 
627 630 631 636 640 646 647 655 661 664 665 666 
667 669 672 673 677 678 680 682 685 686 687 691 
694 699 701 704 706 707 708 711 713 716 722 724 
725 728 729 731 733 734 740 741 750 751 753 760 
762 765 768 769 772 773 776 778 779 780 781 785 
786 789 792 793 794 795 799 
234
1 2 6 10 12 14 15 17 19 24 28 30 
39 40 42 46 48 50 58 62 64 68 75 76 
78 79 86 89 90 95 97 99 100 108 111 117 
118 120 122 134 138 152 156 160 163 165 166 169 
170 178 179 182 184 185 187 190 191 193 195 197 
198 201 205 209 212 213 215 219 221 224 227 234 
257 262 264 269 273 274 281 284 285 288 302 304 
308 310 311 313 314 318 325 326 327 328 329 340 
345 352 354 356 357 358 360 368 374 376 378 380 
381 383 385 391 398 401 402 403 414 418 423 425 
426 427 428 437 439 441 443 452 455 456 457 468 
470 473 475 478 479 486 494 496 498 500 504 508 
514 517 522 524 527 529 533 534 541 542 543 544 
546 548 552 553 556 558 559 563 574 575 577 583 
586 589 590 591 592 598 601 603 606 608 610 612 
616 618 622 623 625 632 639 641 645 647 649 657 
668 670 681 686 691 694 695 697 699 701 703 704 
715 722 723 725 729 732 733 737 741 744 747 748 
751 754 758 760 764 767 769 771 772 774 777 780 
782 785 786 788 792 794 
208
4 8 12 13 14 15 17 23 26 30 36 38 
45 48 50 51 57 66 67 69 76 81 82 87 
89 93 97 98 106 110 112 114 117 124 128 130 
133 137 145 147 149 151 154 156 159 162 167 169 
171 172 176 177 188 190 194 202 206 207 208 215 
217 225 230 242 243 248 249 256 261 264 267 271 
277 282 284 287 300 305 313 314 322 324 325 326 
328 329 331 337 340 345 346 349 351 358 366 369 
380 382 383 387 396 402 403 407 416 417 422 424 
428 439 444 447 448 450 452 453 459 463 465 466 
469 472 475 481 487 489 494 495 513 514 515 518 
521 527 528 529 532 535 546 550 552 568 569 570 
573 574 575 577 579 582 584 586 593 598 599 603 
604 615 616 620 621 623 624 627 631 633 637 643 
645 646 647 649 659 667 668 674 684 696 700 709 
713 715 718 724 727 729 731 736 737 739 740 743 
747 751 753 755 761 767 770 771 776 777 782 791 
794 795 797 799 
232
4 6 13 14 15 24 29 30 32 33 35 41 
42 44 47 48 51 54 55 63 64 67 76 77 
79 84 87 91 93 95 99 103 107 115 117 121 
122 125 128 134 137 141 143 151 156 158 163 168 
177 182 185 188 189 191 192 200 201 202 205 210 
211 213 215 216 222 242 245 246 248 251 258 263 
265 268 275 283 285 288 290 292 295 298 299 304 
305 307 317 318 319 345 351 355 360 370 373 374 
375 380 381 385 386 388 392 393 401 402 403 407 
409 411 413 417 422 423 429 430 431 435 439 444 
447 448 450 452 459 461 462 467 469 473 475 479 
483 488 492 497 499 500 501 509 510 513 515 519 
520 521 522 527 529 530 536 538 539 548 551 552 
554 555 556 558 564 566 574 575 578 581 587 592 
596 597 599 600 602 608 611 612 620 621 623 625 
626 629 630 631 637 639 641 646 649 650 652 660 
661 670 676 679 681 682 684 685 686 694 697 706 
707 708 713 717 725 728 730 739 740 743 744 745 
747 751 756 759 768 769 774 777 780 782 789 791 
792 794 795 798 
257
6 7 8 10 12 18 20 23 33 34 35 36 
37 39 43 56 60 64 65 68 69 70 71 74 
78 81 82 83 85 90 92 96 98 103 109 111 
118 121 122 123 129 130 131 135 139 140 141 143 
144 149 151 154 163 164 172 174 176 182 186 190 
193 200 201 205 210 213 218 226 229 231 234 235 
239 242 243 247 248 249 251 254 261 264 267 270 
271 272 273 274 280 286 287 288 290 291 296 298 
299 302 304 311 317 318 326 330 333 340 341 344 
347 351 352 353 355 356 357 358 361 363 364 366 
368 369 370 371 375 376 381 382 389 392 398 399 
400 412 415 418 420 424 436 437 441 445 447 448 
451 454 464 465 468 470 471 475 477 479 483 485 
487 489 490 491 499 503 505 506 513 517 523 524 
525 529 535 538 539 546 551 554 559 560 562 563 
573 574 578 579 588 589 590 596 598 603 604 611 
621 622 632 633 635 641 642 644 648 649 651 652 
653 654 658 661 662 664 666 668 673 676 677 680 
681 685 686 689 690 693 694 695 705 709 711 712 
716 718 719 722 725 732 738 740 745 748 751 753 
756 757 758 762 765 768 772 776 777 778 783 785 
787 788 791 792 796 
230
3 9 13 27 31 33 36 39 40 41 43 44 
50 57 58 59 62 65 66 67 68 71 76 79 
81 82 85 88 89 92 93 96 97 100 102 105 
107 108 117 119 120 121 122 124 125 127 128 129 
134 136 140 142 147 148 150 152 157 167 169 175 
178 180 181 184 188 197 199 201 204 209 217 219 
226 227 229 256 258 261 262 263 269 270 271 272 
281 282 283 284 286 290 291 296 299 301 304 305 
307 308 314 316 318 320 321 322 327 328 332 335 
338 339 345 351 352 355 358 359 368 374 381 383 
387 390 395 397 416 417 418 428 429 432 433 434 
435 437 439 443 444 445 452 453 454 456 459 477 
479 486 487 493 498 501 503 506 509 515 517 518 
521 543 545 547 549 560 562 570 571 576 577 580 
585 586 587 590 596 597 600 601 606 607 609 610 
613 614 619 630 632 638 647 649 651 656 657 660 
661 663 667 670 674 680 681 690 692 696 697 698 
699 702 713 714 715 727 729 730 731 736 738 740 
741 744 751 752 757 761 767 769 779 780 782 787 
792 799 
242
3 5 6 14 18 19 20 25 27 28 32 34 
39 45 54 60 63 64 70 72 74 77 86 89 
91 100 103 105 106 107 109 112 115 117 121 131 
133 134 145 146 149 150 155 156 163 166 167 176 
181 185 186 187 192 193 195 196 199 203 205 211 
212 215 216 218 219 222 224 228 231 232 235 236 
237 239 244 246 248 257 259 263 264 265 275 279 
282 287 289 293 297 299 303 304 307 309 311 313 
314 317 319 322 323 324 329 335 337 339 341 343 
344 349 355 357 359 361 365 367 373 376 381 383 
384 386 389 405 406 408 410 411 414 418 419 426 
428 431 439 441 443 446 447 450 461 466 467 470 
472 477 479 482 489 490 492 494 495 500 507 511 
514 515 516 518 522 528 532 533 539 540 546 549 
551 553 555 558 561 563 564 566 570 579 585 596 
597 598 602 609 610 611 612 618 624 625 635 636 
638 640 644 646 649 653 658 660 661 662 663 669 
672 673 676 678 679 681 682 685 688 699 701 706 
718 723 724 727 733 734 735 742 743 744 745 748 
750 752 753 759 762 765 772 774 781 786 788 790 
794 796 
226
3 4 9 10 15 20 22 23 24 29 42 44 
50 54 55 57 59 65 66 73 80 81 82 88 
93 97 102 107 111 112 114 121 132 138 139 142 
147 148 154 156 158 163 165 166 168 171 172 178 
183 185 187 189 193 194 195 198 201 202 204 207 
212 214 218 220 226 229 230 233 234 238 253 256 
261 266 270 272 274 277 289 295 297 308 310 314 
315 316 317 320 321 322 326 328 335 339 340 345 
348 352 353 355 360 361 362 368 377 378 381 387 
390 392 393 398 401 402 404 405 408 409 416 417 
423 424 429 431 437 439 440 448 450 454 457 460 
466 469 471 472 473 475 477 479 482 487 494 498 
502 510 512 513 516 524 529 532 533 535 536 542 
545 547 551 560 562 563 570 573 574 578 579 582 
585 596 598 603 606 609 613 616 619 628 631 635 
637 638 640 645 646 648 651 657 658 664 665 668 
671 673 678 682 685 687 691 694 705 708 709 715 
718 720 721 730 731 734 744 745 758 760 762 765 
767 773 775 776 777 782 785 790 796 800 
231
1 10 13 17 21 23 24 25 26 29 32 36 
38 39 42 43 44 47 49 52 56 60 62 67 
69 70 72 74 76 85 91 93 96 98 99 103 
110 111 113 114 118 119 121 122 123 126 132 133 
137 141 142 143 147 149 150 160 162 169 173 174 
180 181 185 186 191 193 199 203 205 211 212 214 
218 220 221 224 227 228 232 233 241 244 245 248 
249 254 258 262 263 264 265 270 273 275 280 281 
283 287 296 300 307 308 312 316 320 330 331 332 
334 338 339 342 344 346 354 356 360 367 377 381 
391 394 404 405 408 409 414 424 431 432 433 434 
435 437 442 443 444 447 448 453 455 457 458 459 
460 461 462 470 474 475 480 482 484 487 488 490 
502 511 514 515 520 523 524 525 528 531 532 533 
539 540 544 546 549 550 551 560 561 574 578 598 
607 609 611 615 616 622 626 627 630 635 651 655 
658 661 662 664 666 667 670 671 674 679 683 685 
697 706 711 712 715 716 717 719 731 736 738 747 
749 750 753 757 759 760 767 775 778 783 790 793 
795 796 798 
232
3 4 5 7 10 11 12 17 25 28 29 34 
37 42 44 48 53 59 60 62 63 65 66 75 
80 85 92 93 97 98 99 102 103 107 109 113 
114 115 116 117 120 123 125 131 133 136 140 143 
148 149 156 159 160 166 169 171 177 178 182 185 
192 199 204 205 210 211 212 217 219 220 222 225 
227 229 231 244 246 248 249 252 253 263 272 277 
283 286 291 295 303 304 306 308 314 317 318 321 
322 325 326 329 337 338 339 340 341 342 348 349 
350 357 358 360 361 368 372 378 379 386 387 389 
391 394 399 404 410 420 421 425 433 436 443 447 
452 460 464 465 467 468 481 486 487 490 494 495 
501 506 507 508 522 523 529 530 532 535 538 543 
546 547 554 563 564 575 576 578 585 586 587 590 
595 601 602 603 604 605 607 609 613 617 621 626 
627 630 631 633 636 637 639 644 648 653 655 665 
667 668 670 671 686 694 697 702 704 712 719 725 
733 736 737 738 739 741 743 744 745 748 755 756 
758 759 762 763 764 765 766 769 776 777 778 780 
787 788 798 800 
237
2 3 9 10 23 25 29 31 34 38 45 46 
47 53 54 55 58 59 60 61 65 69 73 79 
81 82 85 89 92 94 99 101 103 111 113 119 
120 121 124 126 128 130 133 136 137 138 139 141 
155 156 160 161 166 170 182 186 187 207 216 219 
220 222 224 228 229 233 247 256 257 262 263 264 
271 274 277 279 281 286 287 288 290 295 296 298 
300 304 305 314 315 319 329 330 332 339 343 344 
345 351 356 378 381 383 385 393 400 404 405 406 
412 413 414 415 417 422 423 427 428 430 432 433 
438 440 446 454 455 458 469 471 476 477 482 483 
485 489 490 494 495 497 500 504 506 511 513 518 
522 528 529 531 532 533 538 543 545 549 550 556 
557 558 563 564 565 566 571 581 583 584 597 598 
602 603 606 607 610 614 617 620 623 624 628 629 
631 635 647 648 649 656 659 663 664 667 668 669 
672 674 675 677 682 687 689 691 692 695 698 701 
704 707 709 711 712 716 717 725 726 730 731 732 
734 737 738 740 745 754 757 760 763 769 775 777 
779 780 783 786 789 792 794 796 797 
254
2 6 10 14 19 20 22 23 25 27 30 31 
32 33 35 39 41 44 45 50 55 63 65 70 
75 76 80 89 91 96 98 103 105 113 116 120 
122 129 132 134 140 142 148 149 150 159 164 165 
167 168 170 172 173 178 179 187 190 198 200 202 
211 214 215 220 223 224 225 227 229 231 235 237 
238 239 245 246 248 251 252 256 257 264 266 273 
274 279 282 284 288 291 292 303 304 306 307 308 
314 328 330 332 338 340 341 342 343 346 357 358 
359 362 365 373 374 378 387 405 406 407 409 415 
417 419 420 422 426 429 430 433 438 444 445 449 
450 451 452 454 455 456 458 468 470 471 472 478 
481 486 488 489 490 493 498 503 504 507 509 510 
514 517 521 525 527 528 529 533 534 536 538 539 
543 545 550 554 559 560 561 563 566 570 572 576 
579 580 581 584 587 589 590 592 594 603 605 612 
614 615 619 625 627 631 633 635 636 638 639 642 
648 656 657 658 660 661 666 669 670 671 678 680 
681 683 686 688 690 709 712 713 717 723 729 730 
733 735 743 749 751 753 755 759 760 762 766 767 
768 769 771 773 778 782 783 786 788 790 792 793 
798 800 
243
3 6 7 14 21 23 24 26 28 30 31 34 
36 37 38 39 40 45 47 48 51 52 53 54 
55 60 64 67 73 78 85 86 87 88 90 97 
98 105 106 108 118 122 126 127 129 131 132 134 
135 136 140 141 142 143 148 149 163 164 166 168 
170 172 173 176 179 187 190 194 196 198 201 204 
209 212 216 217 219 220 221 224 226 228 229 234 
236 240 245 250 260 262 264 266 268 272 274 279 
281 282 293 294 295 299 300 305 306 320 322 325 
329 330 333 334 335 336 338 340 342 346 352 353 
356 361 362 363 374 376 377 378 384 388 390 394 
396 397 402 413 416 419 420 421 423 432 433 438 
441 442 454 457 471 473 476 477 479 486 487 488 
492 493 495 500 502 504 522 523 525 535 536 537 
538 547 553 557 568 569 570 571 572 575 577 579 
583 586 592 598 601 603 607 613 615 618 623 626 
629 632 635 637 638 640 647 651 659 664 667 669 
676 679 680 683 691 696 699 701 702 705 710 713 
714 717 718 719 723 726 730 732 737 738 739 743 
753 754 756 759 761 763 770 772 780 782 785 788 
791 793 800 
249
1 3 6 7 16 17 24 25 30 37 43 44 
46 47 49 56 57 62 63 65 69 74 75 80 
83 89 92 93 97 99 101 105 110 115 125 126 
127 128 131 145 154 157 159 161 166 168 170 171 
174 178 180 182 184 186 187 200 201 205 206 209 
210 215 219 220 227 229 230 237 240 241 243 249 
252 255 257 260 264 268 269 273 274 275 277 280 
283 294 299 311 314 316 318 320 321 323 324 325 
328 330 332 333 336 338 339 344 351 354 358 361 
363 368 370 383 384 385 387 391 394 395 402 403 
409 410 417 418 426 430 433 435 438 439 443 446 
452 464 465 472 483 484 488 490 496 497 499 500 
501 502 503 511 514 515 520 522 523 525 531 535 
536 537 539 544 547 552 553 557 558 565 567 570 
572 573 576 577 585 588 594 597 604 610 613 614 
615 622 624 625 626 628 629 630 631 637 643 644 
646 647 648 650 651 652 654 657 662 668 670 674 
677 679 681 682 683 695 697 700 704 709 710 711 
715 716 717 722 725 728 731 733 740 741 743 745 
748 751 754 755 759 760 762 764 765 766 768 771 
772 773 776 778 785 787 788 789 798 
227
3 4 5 6 9 11 25 26 27 28 30 39 
44 59 62 66 67 68 70 73 74 78 84 86 
89 91 94 97 101 109 113 114 117 118 119 121 
125 135 137 147 152 158 162 164 167 168 169 170 
171 172 177 178 179 180 181 182 184 185 188 189 
200 205 206 209 214 219 220 221 226 230 236 247 
248 251 263 267 269 272 275 277 280 282 283 289 
290 291 294 295 300 304 306 307 309 312 317 318 
327 331 337 339 342 343 346 347 350 352 353 356 
361 364 368 369 373 379 380 387 388 389 394 395 
398 399 402 404 418 420 422 423 428 446 447 448 
449 451 453 454 455 457 459 460 463 464 468 469 
479 483 484 486 489 496 498 510 514 516 521 525 
526 527 533 534 538 539 540 541 545 552 555 557 
563 566 569 570 571 572 578 579 581 582 589 592 
594 595 599 600 602 610 612 622 625 627 629 631 
634 636 639 640 643 653 656 657 662 671 680 681 
683 687 696 699 700 705 710 711 723 724 727 734 
743 745 753 755 774 778 783 786 790 796 799 
247
3 5 12 14 15 27 28 29 34 37 41 45 
47 55 58 62 65 72 75 76 85 90 93 96 
97 100 102 107 113 115 121 123 125 128 130 131 
137 138 141 153 161 162 163 166 167 168 169 176 
178 181 182 184 190 191 192 195 201 204 205 207 
208 216 220 238 243 244 246 247 250 251 255 260 
261 266 269 270 271 275 277 283 290 291 297 298 
301 303 308 312 315 318 320 321 328 331 336 337 
338 341 344 347 354 357 360 364 369 372 375 376 
384 393 396 398 401 404 409 411 414 416 417 422 
423 427 435 439 442 443 444 450 451 453 456 458 
461 464 466 469 471 472 475 480 482 489 491 492 
497 498 504 507 508 514 515 516 517 518 520 527 
532 533 537 539 547 548 555 556 558 561 562 570 
571 573 577 579 580 582 584 586 587 589 591 594 
597 598 601 602 606 607 609 611 616 621 622 627 
628 629 632 633 636 638 640 641 645 650 653 655 
656 659 660 661 662 665 668 672 676 677 686 687 
693 694 695 696 698 700 702 710 711 719 721 723 
726 729 733 738 740 741 743 746 749 755 758 767 
769 770 782 784 790 795 798 
210
8 11 13 14 16 17 18 19 21 22 30 32 
41 42 43 45 49 52 56 57 58 60 70 75 
78 80 82 88 90 93 96 98 100 102 107 108 
110 114 124 125 126 128 129 130 135 139 140 141 
142 149 165 169 174 177 179 180 182 189 191 192 
204 207 211 212 213 215 219 223 230 232 234 236 
239 246 252 255 257 260 261 268 273 281 286 300 
311 313 315 317 321 329 332 335 336 340 358 361 
363 365 368 372 373 375 388 394 395 396 400 404 
406 410 414 423 431 433 439 441 447 448 464 465 
468 471 473 475 477 478 488 489 492 493 494 500 
512 515 517 519 520 523 525 544 545 546 551 553 
560 566 570 571 574 576 580 588 592 596 602 606 
609 612 618 622 626 633 635 637 640 641 643 644 
645 647 652 655 656 657 662 663 666 667 671 675 
677 679 682 684 687 693 694 695 705 712 716 719 
721 731 737 744 745 753 757 765 772 773 777 778 
781 782 788 791 794 796 
242
2 6 9 12 13 16 18 27 28 29 30 31 
32 33 35 37 38 42 44 45 47 49 50 51 
53 61 62 76 78 81 93 99 105 111 112 122 
123 124 132 133 137 142 144 147 148 156 157 163 
167 168 169 172 178 182 183 186 188 189 192 194 
195 198 206 210 214 221 224 227 230 233 235 239 
249 251 255 258 260 261 272 276 284 285 289 293 
295 298 307 311 312 314 316 318 320 321 324 325 
331 332 333 335 337 346 347 348 350 352 356 358 
363 365 368 369 378 379 382 387 388 390 397 399 
404 406 412 422 424 426 427 431 435 439 443 444 
446 447 453 454 458 463 464 465 477 480 482 484 
488 500 505 508 509 514 515 519 521 528 531 537 
538 541 544 545 546 547 550 558 559 561 565 569 
570 572 573 574 576 578 580 583 586 587 592 601 
605 609 610 613 614 624 625 627 628 629 631 635 
637 642 644 646 649 653 662 666 667 668 669 672 
673 675 676 682 683 684 687 688 694 695 699 704 
706 708 711 715 722 726 733 734 737 740 743 747 
751 755 759 763 766 773 776 777 779 790 791 792 
796 800 
221
1 3 5 14 17 23 34 35 36 39 40 41 
44 48 50 51 56 59 60 62 67 68 69 70 
71 75 79 80 85 95 97 98 110 112 113 115 
118 120 124 125 126 128 133 136 140 142 146 153 
154 158 160 164 166 167 170 176 177 178 179 180 
182 183 187 190 198 200 205 210 215 224 227 228 
230 231 238 240 242 246 248 252 255 261 263 264 
268 269 274 275 277 295 299 309 314 317 319 325 
328 340 344 346 350 353 357 358 376 380 381 390 
397 399 400 412 415 416 420 427 428 437 438 442 
443 448 450 456 459 460 467 473 474 476 480 481 
484 486 487 492 495 501 505 508 509 511 513 517 
518 521 528 539 542 543 548 549 564 569 570 572 
578 579 584 588 589 592 595 598 600 604 605 606 
608 609 611 621 622 623 625 634 635 645 647 648 
649 650 651 652 661 662 665 666 667 672 675 676 
677 685 686 687 689 693 713 716 717 718 722 723 
739 747 748 750 751 757 763 764 765 769 770 773 
775 779 780 783 787 
234
1 7 10 12 14 17 20 23 25 28 40 45 
46 48 50 51 53 54 55 58 63 65 68 69 
70 78 84 85 92 96 103 105 108 126 133 139 
141 142 144 147 149 156 157 159 160 161 169 172 
175 176 180 181 183 188 190 203 204 206 210 213 
217 224 227 230 231 233 234 235 238 239 241 242 
243 251 253 254 255 257 260 262 263 265 266 267 
270 272 274 275 277 278 280 282 283 284 290 291 
292 294 297 300 307 310 312 315 318 326 333 341 
342 344 350 351 353 359 360 362 367 368 377 379 
384 385 388 392 395 397 398 403 405 409 411 423 
425 428 434 435 437 439 441 444 445 449 451 455 
459 460 462 470 472 474 480 483 489 500 512 516 
517 530 531 538 539 540 543 548 550 556 563 571 
572 573 575 578 579 587 590 595 599 601 607 609 
613 617 618 621 622 624 627 635 636 638 647 648 
653 654 661 665 667 671 682 684 686 693 697 698 
700 704 705 706 710 714 716 717 719 725 741 742 
745 748 751 753 754 755 757 763 765 778 780 782 
785 787 789 794 796 798 
216
2 8 10 12 20 23 36 37 40 41 42 43 
48 49 58 61 68 72 76 77 79 80 91 93 
104 105 107 108 110 112 113 114 119 120 121 123 
132 133 140 149 154 163 165 167 169 170 174 180 
181 190 191 193 198 216 217 222 226 234 236 237 
239 242 244 248 253 254 259 260 261 264 267 271 
273 274 278 280 282 284 285 290 292 297 298 299 
308 311 317 318 324 337 340 341 343 349 350 353 
363 369 372 373 380 381 385 387 388 389 390 392 
395 397 401 410 411 415 419 420 422 425 428 435 
436 437 438 441 442 444 445 446 448 456 458 463 
469 473 480 484 485 492 497 505 511 512 519 521 
524 526 528 540 541 545 546 549 551 556 557 558 
567 569 576 578 579 581 583 584 588 589 595 598 
606 609 611 613 617 619 625 629 640 642 646 649 
656 659 667 669 671 673 674 686 691 692 694 698 
701 702 704 706 709 713 715 717 718 723 727 728 
731 733 740 741 745 747 748 754 767 785 793 795 
